ticker1,ticker2,Correlation,n,pval,Source_Cluster,Target_Cluster,Edge_Type
A,BDX,0.4458393570968962,60,0.00040185760312673214,0,0,Internal
A,DHR,0.44919773763410237,60,0.00035868825097966773,0,0,Internal
A,DOV,0.4186044975315268,60,0.0009685627836409426,0,1,External
A,GD,0.44405066669707843,60,0.00042672941977314754,0,0,Internal
A,IQV,0.5628317181912272,60,3.4836226160640165e-06,0,0,Internal
A,LH,0.4535085837768534,60,0.0003094682586633888,0,0,Internal
A,MTD,0.6176233694875867,60,1.8799696862555504e-07,0,0,Internal
A,PFE,0.4108944084905105,60,0.001226393449125832,0,0,Internal
A,RVTY,0.6124310184326136,60,2.5390769789809753e-07,0,0,Internal
A,STE,0.4848281008002096,60,9.966318442032284e-05,0,0,Internal
A,TECH,0.6026108838075884,60,4.4179697083259725e-07,0,0,Internal
A,TMO,0.6825569427803928,60,2.6151542487359346e-09,0,0,Internal
A,TXT,0.41514516279711083,60,0.0010775000944772339,0,0,Internal
A,VTRS,0.48587230132372494,60,9.578483624266228e-05,0,0,Internal
A,WAT,0.7739145951955568,60,6.606218951671535e-13,0,0,Internal
AAPL,AMAT,-0.43248556891829254,60,0.0006242789690892916,13,6,External
AAPL,ANET,-0.5048137789044967,60,4.557424960421061e-05,13,6,External
AAPL,APH,-0.4370696048832018,60,0.0005377577957922676,13,6,External
AAPL,AVGO,-0.41597759059397005,60,0.0010503239950968148,13,6,External
AAPL,CEG,-0.45228602719342254,60,0.00032276114247714225,13,6,External
AAPL,DLR,-0.5839656127916075,60,1.2033784890862955e-06,13,6,External
AAPL,EQIX,-0.4018896434154388,60,0.0016044264036379132,13,6,External
AAPL,EQT,-0.4703612097652644,60,0.0001705023033688938,13,6,External
AAPL,ETN,-0.5819878380447332,60,1.333473986439843e-06,13,6,External
AAPL,ETR,-0.4567852823834745,60,0.00027626320009844954,13,6,External
AAPL,HUBB,-0.4558769130590299,60,0.0002851266050702636,13,6,External
AAPL,IRM,-0.5287912177923482,60,1.6673567222993643e-05,13,6,External
AAPL,JBL,-0.43351706301613513,60,0.0006037795396391949,13,6,External
AAPL,KLAC,-0.4737100695512532,60,0.00015089335915373996,13,6,External
AAPL,KMI,-0.6029050670732373,60,4.346440919337274e-07,13,6,External
AAPL,LRCX,-0.4210581607120762,60,0.0008974223979262094,13,6,External
AAPL,MU,-0.46434632743917703,60,0.00021167529143499138,13,6,External
AAPL,NRG,-0.6213440908155,60,1.510622118616392e-07,13,6,External
AAPL,OKE,-0.41156885990145864,60,0.0012015989706072273,13,6,External
AAPL,ORCL,-0.5432038088137005,60,8.773230772617159e-06,13,6,External
AAPL,PEG,-0.590343555513215,60,8.602183678814311e-07,13,6,External
AAPL,PWR,-0.6524239258233971,60,2.1603034409864016e-08,13,6,External
AAPL,TRGP,-0.5145586805512257,60,3.056304788373299e-05,13,6,External
AAPL,TT,-0.5357318378675177,60,1.2283773295278423e-05,13,6,External
AAPL,WDC,-0.5320989866016896,60,1.4426216948338226e-05,13,6,External
AAPL,WMB,-0.585368110578638,60,1.1184302727010856e-06,13,6,External
ABBV,ABT,0.4328701435847324,60,0.0006165635718702843,2,0,External
ABBV,ADP,0.44832371331884713,60,0.0003694968779973858,2,2,Internal
ABBV,AEE,0.42117433226547935,60,0.0008941741489718269,2,2,Internal
ABBV,AEP,0.4675337854899021,60,0.00018884480688292904,2,2,Internal
ABBV,AMGN,0.4734371622564934,60,0.0001524104099635755,2,0,External
ABBV,AMT,0.44489566481951787,60,0.00041481045576667754,2,2,Internal
ABBV,ATO,0.4744828844158077,60,0.00014667212979393865,2,2,Internal
ABBV,AVB,0.49704745129601985,60,6.212708465296801e-05,2,2,Internal
ABBV,AVY,0.4369905782828488,60,0.0005391522359771524,2,0,External
ABBV,AWK,0.5273022903742105,60,1.778756801001624e-05,2,2,Internal
ABBV,BMY,0.4646773587332129,60,0.00020919204637678474,2,0,External
ABBV,CB,0.4289856370568875,60,0.0006986179851985583,2,2,Internal
ABBV,CCI,0.4961094061094163,60,6.446364149937835e-05,2,2,Internal
ABBV,CHD,0.4087840747369755,60,0.00130697274851107,2,2,Internal
ABBV,CI,0.4048496456635427,60,0.001469998066074553,2,0,External
ABBV,CME,0.41946814173536595,60,0.0009429630469541631,2,2,Internal
ABBV,CMS,0.4709364324546442,60,0.00016697641543728884,2,2,Internal
ABBV,CPT,0.4638403123107025,60,0.0002155232798457349,2,2,Internal
ABBV,D,0.5519964766271322,60,5.842621450395245e-06,2,2,Internal
ABBV,DOC,0.4743291076422835,60,0.0001475033573967411,2,2,Internal
ABBV,DRI,0.41401668310008544,60,0.0011153517779387875,2,2,Internal
ABBV,DTE,0.48809916069583115,60,8.797283215004382e-05,2,2,Internal
ABBV,DUK,0.5313167498765282,60,1.4930738808527973e-05,2,2,Internal
ABBV,ED,0.4677691277447645,60,0.00018725187878244957,2,2,Internal
ABBV,EQR,0.5081050239395871,60,3.987533345414346e-05,2,2,Internal
ABBV,ES,0.5180792424441365,60,2.63750478302013e-05,2,2,Internal
ABBV,ESS,0.4956276456071851,60,6.569485388308625e-05,2,2,Internal
ABBV,EVRG,0.4110852868084509,60,0.0012193300585594646,2,2,Internal
ABBV,EXC,0.5277843879858464,60,1.741953166106021e-05,2,2,Internal
ABBV,EXR,0.43280279870394334,60,0.0006179083877596908,2,2,Internal
ABBV,FRT,0.46547106910811853,60,0.00020334606273975526,2,2,Internal
ABBV,GIS,0.42653466457595607,60,0.0007553473599207955,2,2,Internal
ABBV,INVH,0.4651942530127978,60,0.0002053677421740215,2,2,Internal
ABBV,JNJ,0.464265407059731,60,0.00021228640207798203,2,2,Internal
ABBV,KIM,0.40208222011726835,60,0.0015953567439322875,2,2,Internal
ABBV,KMB,0.44056105725737377,60,0.00047931886236286944,2,2,Internal
ABBV,KR,0.42061678910012623,60,0.0009098607595479021,2,0,External
ABBV,LNT,0.42810823784633345,60,0.0007184672740052951,2,2,Internal
ABBV,MAA,0.5282544995341252,60,1.7067455329863014e-05,2,2,Internal
ABBV,MKC,0.4516849958545154,60,0.0003294850153520026,2,2,Internal
ABBV,MO,0.5188540336985387,60,2.552773731872039e-05,2,2,Internal
ABBV,MRK,0.43007421581127386,60,0.0006746811470893795,2,1,External
ABBV,NVDA,-0.4106996544582283,60,0.001233638141216992,2,6,External
ABBV,O,0.5821667814958427,60,1.3211828990014866e-06,2,2,Internal
ABBV,OTIS,0.4036227022860169,60,0.001524442932048478,2,0,External
ABBV,PFE,0.42860915722302406,60,0.0007070734827876591,2,0,External
ABBV,PG,0.4605536194693173,60,0.00024211313862231314,2,2,Internal
ABBV,PNW,0.4783169469147539,60,0.0001272851674559376,2,2,Internal
ABBV,PPL,0.5152298932024237,60,2.9719987471078842e-05,2,2,Internal
ABBV,PSA,0.5331842895019209,60,1.3752389029315599e-05,2,2,Internal
ABBV,SBAC,0.5207727621761304,60,2.353665943094348e-05,2,2,Internal
ABBV,SJM,0.43271011220972766,60,0.0006197635957298864,2,2,Internal
ABBV,SO,0.44231915299243757,60,0.0004521303685548101,2,2,Internal
ABBV,TSN,0.5538851953743875,60,5.345969787029896e-06,2,2,Internal
ABBV,UDR,0.523673489463173,60,2.0797977561089868e-05,2,2,Internal
ABBV,VICI,0.5426208243159183,60,9.009284560543604e-06,2,2,Internal
ABBV,VZ,0.4011440563991544,60,0.0016399779985292878,2,0,External
ABBV,WEC,0.4881091390621336,60,8.793918541038928e-05,2,2,Internal
ABBV,XEL,0.46000988826812256,60,0.00024679011702393334,2,2,Internal
ABT,ADP,0.5564669833749164,60,4.73047867166505e-06,0,2,External
ABT,AEE,0.4024806584751642,60,0.0015767374297135763,0,2,External
ABT,AEP,0.46796517752095534,60,0.0001859342976630286,0,2,External
ABT,ALLE,0.4069607092936567,60,0.0013803896589191728,0,0,Internal
ABT,AMCR,0.40878451044190117,60,0.0013069556324812712,0,0,Internal
ABT,AMGN,0.5148183510679528,60,3.0234306514415068e-05,0,0,Internal
ABT,AMT,0.4044253313078651,60,0.0014886262436051808,0,2,External
ABT,AVB,0.4431450887166913,60,0.0004398476022994278,0,2,External
ABT,AWK,0.432697752397014,60,0.0006200113698234162,0,2,External
ABT,AZO,0.4480125822806044,60,0.000373415432510325,0,0,Internal
ABT,BAX,0.4697102108194891,60,0.0001745747854876236,0,0,Internal
ABT,BDX,0.4934824884565718,60,7.144446536780769e-05,0,0,Internal
ABT,BIIB,0.4437873357896218,60,0.0004305068812883318,0,0,Internal
ABT,BMY,0.5447008715204418,60,8.193143273574561e-06,0,0,Internal
ABT,BR,0.5520461627728969,60,5.829023562204683e-06,0,2,External
ABT,BRO,0.44923394443704223,60,0.0003582467698856145,0,2,External
ABT,CAG,0.49637931330129814,60,6.37831759636592e-05,0,2,External
ABT,CBOE,0.4685746979030066,60,0.00018189190556675076,0,2,External
ABT,CHD,0.5936226003824157,60,7.218197576119815e-07,0,2,External
ABT,CL,0.5661311910248197,60,2.9652226411204077e-06,0,0,Internal
ABT,COR,0.4553118352753222,60,0.0002907703573190462,0,0,Internal
ABT,CPB,0.4871758993428777,60,9.113774492727653e-05,0,2,External
ABT,CTAS,0.4127162746855008,60,0.0011604509340969811,0,2,External
ABT,D,0.4928479655083894,60,7.323186250445729e-05,0,2,External
ABT,DGX,0.5024616416142232,60,5.0097656259267874e-05,0,2,External
ABT,DUK,0.4820247490089138,60,0.00011079986009363536,0,2,External
ABT,ED,0.44303762691349685,60,0.00044142836296314934,0,2,External
ABT,EFX,0.44133923666006547,60,0.0004671065640016088,0,0,Internal
ABT,ES,0.44221892116356426,60,0.00045364195178513385,0,2,External
ABT,EXC,0.48153691825629774,60,0.00011285067428718875,0,2,External
ABT,EXPD,0.41506710180230255,60,0.0010800807151350568,0,0,Internal
ABT,EXR,0.4119404684493969,60,0.0011881311443202192,0,2,External
ABT,FRT,0.4240698863698326,60,0.0008165622647019114,0,2,External
ABT,GIS,0.5526738674264937,60,5.65975472513751e-06,0,2,External
ABT,GPC,0.4420226222698127,60,0.0004566156121096741,0,0,Internal
ABT,HCA,0.443459241269394,60,0.0004352558683551381,0,0,Internal
ABT,HOLX,0.5821916194439674,60,1.319485257392298e-06,0,0,Internal
ABT,HON,0.5030462762993889,60,4.89362250860176e-05,0,0,Internal
ABT,HRL,0.5857950007438301,60,1.0937097880328265e-06,0,2,External
ABT,ITW,0.4002037231902729,60,0.0016858207319241287,0,0,Internal
ABT,JKHY,0.4069796443475014,60,0.0013796086094209213,0,0,Internal
ABT,JNJ,0.5745682400259708,60,1.9482648732784553e-06,0,2,External
ABT,KHC,0.44577056249709707,60,0.00040278928295635694,0,2,External
ABT,KIM,0.4268129343400165,60,0.0007487035395992028,0,2,External
ABT,KMB,0.5764629625368053,60,1.7700370883934572e-06,0,2,External
ABT,KO,0.45134254820375297,60,0.00033337285409100557,0,2,External
ABT,KVUE,0.5404294034191794,60,9.950436653105735e-06,0,0,Internal
ABT,LHX,0.4295807085449906,60,0.000685439423196651,0,0,Internal
ABT,LNT,0.43122454078969646,60,0.000650195082156039,0,2,External
ABT,LOW,0.41420611676496605,60,0.0011089153659499084,0,0,Internal
ABT,MA,0.4747473400550669,60,0.00014525266711661652,0,2,External
ABT,MCK,0.4275768508921049,60,0.0007307352835838544,0,0,Internal
ABT,MDLZ,0.4661908315899334,60,0.00019817425069584615,0,2,External
ABT,MDT,0.4725394018015171,60,0.00015750003759081873,0,2,External
ABT,MKC,0.5609201905432684,60,3.8214367111562854e-06,0,2,External
ABT,MMC,0.5783920458952341,60,1.6043235512524861e-06,0,2,External
ABT,MO,0.4353992434245312,60,0.0005679385015968248,0,2,External
ABT,NEE,0.41850142064263945,60,0.0009716596073553912,0,2,External
ABT,NSC,0.482504866278333,60,0.00010881492901636754,0,0,Internal
ABT,NVDA,-0.4206467226163912,60,0.0009090123096715329,0,6,External
ABT,O,0.44378670539097315,60,0.0004305159606433603,0,2,External
ABT,ORLY,0.4685134622118192,60,0.0001822943620859314,0,0,Internal
ABT,OTIS,0.40373269000629813,60,0.001519489575790496,0,0,Internal
ABT,PAYX,0.4615960120231303,60,0.00023337240175015444,0,2,External
ABT,PEP,0.5279282399677316,60,1.7311089433722507e-05,0,2,External
ABT,PFE,0.4948905822098871,60,6.762049439864718e-05,0,0,Internal
ABT,PG,0.5767530725141397,60,1.7441332839090996e-06,0,2,External
ABT,PLD,0.5169419919898871,60,2.7665962279243105e-05,0,0,Internal
ABT,PNW,0.4163810598817304,60,0.0010373754027490616,0,2,External
ABT,PPL,0.4268653782007337,60,0.0007474573485788619,0,2,External
ABT,PSA,0.4300890009009109,60,0.0006743612076164443,0,2,External
ABT,REG,0.40096610794521387,60,0.0016485666491174225,0,2,External
ABT,RMD,0.46140668297126547,60,0.00023493823776947516,0,0,Internal
ABT,ROL,0.45950888401303097,60,0.0002511724191531335,0,2,External
ABT,SBAC,0.4609569095172807,60,0.00023869660414061543,0,2,External
ABT,SHW,0.44821496854938786,60,0.00037086219611964967,0,0,Internal
ABT,SJM,0.5628851976947044,60,3.4745849195396504e-06,0,2,External
ABT,SO,0.5487409761449198,60,6.800786528877043e-06,0,2,External
ABT,SYK,0.41212604825478727,60,0.0011814563129659934,0,2,External
ABT,SYY,0.484638157994564,60,0.00010038398210725388,0,2,External
ABT,T,0.4668161918555573,60,0.00019377869896274467,0,2,External
ABT,TJX,0.43720750220387317,60,0.0005353323989628089,0,4,External
ABT,TSN,0.5030284464455822,60,4.8971275428585933e-05,0,2,External
ABT,UNP,0.5672668431450565,60,2.8041273444349e-06,0,0,Internal
ABT,V,0.5805699105037758,60,1.4347187181405083e-06,0,2,External
ABT,VRSK,0.49426812071357434,60,6.928705991414595e-05,0,2,External
ABT,VZ,0.4890907015264596,60,8.468661332301033e-05,0,0,Internal
ABT,WEC,0.4891414173986792,60,8.452160202053818e-05,0,2,External
ABT,XEL,0.4000807674011035,60,0.0016918990573613363,0,2,External
ABT,ZTS,0.452566087020839,60,0.00031967093964909636,0,2,External
ACGL,ADP,0.48695328514616526,60,9.191635628134462e-05,2,2,Internal
ACGL,AEE,0.41774335795977685,60,0.0009947102167027191,2,2,Internal
ACGL,AFL,0.6677756023481766,60,7.593898122598826e-09,2,0,External
ACGL,AIG,0.5600808195370385,60,3.9792209544518865e-06,2,2,Internal
ACGL,AIZ,0.7152179638625931,60,1.9615292046378794e-10,2,2,Internal
ACGL,AJG,0.43878042758450364,60,0.0005083604478416142,2,2,Internal
ACGL,ALL,0.6942282793363007,60,1.0777725346171613e-09,2,2,Internal
ACGL,AMT,0.4942149451967632,60,6.943116975031479e-05,2,2,Internal
ACGL,ANET,-0.40902212400995314,60,0.001297651266140699,2,6,External
ACGL,AON,0.499612477443955,60,5.613037356796747e-05,2,2,Internal
ACGL,ATO,0.4881203466793924,60,8.790140778078938e-05,2,2,Internal
ACGL,AVB,0.5118381712475424,60,3.4211582530105155e-05,2,2,Internal
ACGL,AVGO,-0.5793700257628457,60,1.525966113908525e-06,2,6,External
ACGL,AWK,0.45127753347786503,60,0.00033411567298112326,2,2,Internal
ACGL,BR,0.4703341246345738,60,0.0001706699922272639,2,2,Internal
ACGL,BRK-B,0.7183083392257764,60,1.5068426133265933e-10,2,2,Internal
ACGL,BRO,0.6629314771969479,60,1.0630985906110098e-08,2,2,Internal
ACGL,CAH,0.42394560148825505,60,0.0008197643925581871,2,1,External
ACGL,CB,0.771212478115064,60,8.903819469004672e-13,2,2,Internal
ACGL,CCI,0.4713437745840705,60,0.0001645200750733521,2,2,Internal
ACGL,CEG,-0.47010895022196647,60,0.00017206994186252844,2,6,External
ACGL,CHD,0.5549599994169471,60,5.0811950306325105e-06,2,2,Internal
ACGL,CINF,0.680089251114125,60,3.137935732524546e-09,2,2,Internal
ACGL,CL,0.4933046612290868,60,7.194129608935535e-05,2,0,External
ACGL,CLX,0.4102719940495211,60,0.0012496818908405395,2,2,Internal
ACGL,CMS,0.4556622820336013,60,0.0002872583770857921,2,2,Internal
ACGL,COR,0.40530541094822914,60,0.0014502222437748563,2,0,External
ACGL,CPB,0.4116098084363145,60,0.0012001082163795595,2,2,Internal
ACGL,CPT,0.48756083746678,60,8.980568087256143e-05,2,2,Internal
ACGL,CTAS,0.5365413322106617,60,1.1848508062815759e-05,2,2,Internal
ACGL,D,0.4055842298072017,60,0.0014382421594070736,2,2,Internal
ACGL,DOC,0.5865219190067987,60,1.0527886443507697e-06,2,2,Internal
ACGL,DTE,0.4387432319604844,60,0.0005089837628920882,2,2,Internal
ACGL,DUK,0.4095988721445483,60,0.0012753141982759417,2,2,Internal
ACGL,DVA,0.40798365239377105,60,0.001338758190767225,2,0,External
ACGL,ED,0.5483101886031154,60,6.93800380216772e-06,2,2,Internal
ACGL,EG,0.6839272499266329,60,2.3616495308247336e-09,2,2,Internal
ACGL,EQR,0.5030631372667417,60,4.89031006920409e-05,2,2,Internal
ACGL,ES,0.4109771405555201,60,0.0012233274727483394,2,2,Internal
ACGL,ESS,0.4173963986154668,60,0.0010054237126330488,2,2,Internal
ACGL,ETN,-0.5034302870215696,60,4.818692111302464e-05,2,6,External
ACGL,EXC,0.4310529097808187,60,0.0006537966515853382,2,2,Internal
ACGL,FAST,0.4405675784872788,60,0.0004792153291351603,2,0,External
ACGL,FDS,0.5339973234336519,60,1.3266869831710147e-05,2,2,Internal
ACGL,FIS,0.46390828995393174,60,0.0002150026545084266,2,2,Internal
ACGL,FRT,0.532215808614467,60,1.4352242037553158e-05,2,2,Internal
ACGL,GIS,0.44054337149266914,60,0.00047959974968125326,2,2,Internal
ACGL,GL,0.48575726413302034,60,9.620520314192393e-05,2,2,Internal
ACGL,GPC,0.4072959441557124,60,0.0013666201192382632,2,0,External
ACGL,GWW,0.4454725873128888,60,0.0004068474518071158,2,0,External
ACGL,HCA,0.49025326277712633,60,8.097751671350129e-05,2,0,External
ACGL,HIG,0.7958433601288714,60,4.985588581570766e-14,2,2,Internal
ACGL,ICE,0.4388155011967985,60,0.0005077733273464591,2,2,Internal
ACGL,IFF,0.4050310596343039,60,0.0014620976579494053,2,0,External
ACGL,INVH,0.5061711408072215,60,4.3138531027410927e-05,2,2,Internal
ACGL,JKHY,0.4162603395480241,60,0.001041234542273322,2,0,External
ACGL,JNJ,0.45221083527665995,60,0.00032359543633952786,2,2,Internal
ACGL,KHC,0.44970692909293225,60,0.0003525247612933108,2,2,Internal
ACGL,KIM,0.4296428040018261,60,0.000684077284687995,2,2,Internal
ACGL,KMB,0.4258357790553055,60,0.0007722691342643807,2,2,Internal
ACGL,L,0.8200581276765377,60,1.9428335747675714e-15,2,2,Internal
ACGL,LEN,0.4105334838996227,60,0.0012398499349822085,2,0,External
ACGL,LHX,0.4272706397658695,60,0.0007378904028746875,2,0,External
ACGL,LNT,0.4846241231694145,60,0.0001004374311732028,2,2,Internal
ACGL,MA,0.581709825955413,60,1.3527822201646785e-06,2,2,Internal
ACGL,MAA,0.5688174189238445,60,2.597338469740984e-06,2,2,Internal
ACGL,MCO,0.5087221226467658,60,3.8883028843967566e-05,2,2,Internal
ACGL,MET,0.5609030626234126,60,3.824597237244138e-06,2,1,External
ACGL,MKC,0.5697186798979873,60,2.4837802421492425e-06,2,2,Internal
ACGL,MMC,0.6642762542734892,60,9.68903295081333e-09,2,2,Internal
ACGL,MSCI,0.42768481412268194,60,0.0007282275411199682,2,2,Internal
ACGL,NDAQ,0.4431506635820855,60,0.0004397657366267621,2,1,External
ACGL,NDSN,0.49149282949276846,60,7.718776918729259e-05,2,0,External
ACGL,NTRS,0.43398606804161005,60,0.0005946619800661861,2,1,External
ACGL,NVDA,-0.5799205506770762,60,1.4834466638440713e-06,2,6,External
ACGL,NVR,0.4114080936640654,60,0.0012074678664680209,2,0,External
ACGL,O,0.4847330015760861,60,0.00010002347193185201,2,2,Internal
ACGL,ORLY,0.45352265984633533,60,0.00030931815744510594,2,0,External
ACGL,PAYX,0.5232765621887616,60,2.1154441409955314e-05,2,2,Internal
ACGL,PEP,0.5431290912800242,60,8.80315972305849e-06,2,2,Internal
ACGL,PFG,0.5019218870015815,60,5.1192445887638356e-05,2,1,External
ACGL,PG,0.494436947008868,60,6.883135026762883e-05,2,2,Internal
ACGL,PGR,0.6031771616900775,60,4.28125161857927e-07,2,2,Internal
ACGL,PNC,0.45115086809918614,60,0.00033556720469909567,2,1,External
ACGL,PNW,0.42626264382323104,60,0.0007618934284955328,2,2,Internal
ACGL,PPL,0.4437094222696612,60,0.0004316303543929515,2,2,Internal
ACGL,PRU,0.5551288741471877,60,5.0407213110663004e-06,2,1,External
ACGL,PSA,0.4191967549681382,60,0.0009509408595605393,2,2,Internal
ACGL,REG,0.4176114716253264,60,0.000998770457697246,2,2,Internal
ACGL,RF,0.45402208137100053,60,0.0003040352733978582,2,1,External
ACGL,ROL,0.651175463090406,60,2.345904654272107e-08,2,2,Internal
ACGL,RSG,0.41253108755161705,60,0.001167005050997615,2,2,Internal
ACGL,SBAC,0.5201544330842071,60,2.4162028548858976e-05,2,2,Internal
ACGL,SHW,0.461421636408342,60,0.00023481421812498985,2,0,External
ACGL,SJM,0.4316938434654446,60,0.0006404385451103668,2,2,Internal
ACGL,SO,0.4608464800586667,60,0.0002396277212752053,2,2,Internal
ACGL,STT,0.44165167721128556,60,0.00046228329721978206,2,1,External
ACGL,SYY,0.4764152677959931,60,0.00013658628368378177,2,2,Internal
ACGL,TJX,0.40560063819663883,60,0.0014375399096749663,2,4,External
ACGL,TRV,0.6990621009295113,60,7.374615687408472e-10,2,2,Internal
ACGL,TSN,0.4142082871057501,60,0.0011088418180604431,2,2,Internal
ACGL,TXT,0.49851584429669227,60,5.862568369399779e-05,2,0,External
ACGL,UDR,0.5841654497616048,60,1.1909162304728573e-06,2,2,Internal
ACGL,UHS,0.4886413842704638,60,8.61615211857485e-05,2,0,External
ACGL,V,0.45987048837546723,60,0.0002480023915248231,2,2,Internal
ACGL,VICI,0.4706726102765205,60,0.00016858517105542675,2,2,Internal
ACGL,VLTO,0.40018856420598153,60,0.0016865690590539655,2,0,External
ACGL,VRSK,0.5327410715167104,60,1.4023959616468137e-05,2,2,Internal
ACGL,VTR,0.41208699716445285,60,0.0011828580732164047,2,2,Internal
ACGL,WEC,0.4846640121363981,60,0.00010028558972131198,2,2,Internal
ACGL,WM,0.4290347002563066,60,0.000697522818453772,2,2,Internal
ACGL,WRB,0.4648983245352916,60,0.00020754931002628916,2,2,Internal
ACGL,WTW,0.532921686212608,60,1.3912697309288372e-05,2,2,Internal
ACGL,WY,0.45778410914345924,60,0.0002668077482036903,2,2,Internal
ACGL,XEL,0.48492521700408603,60,9.929648608975625e-05,2,2,Internal
ACN,AKAM,0.429157229240633,60,0.0006947945586432006,4,4,Internal
ACN,CDW,0.4212277069772587,60,0.0008926853082819336,4,0,External
ACN,CTSH,0.4134918171938297,60,0.0011333611796768193,4,4,Internal
ACN,EPAM,0.4300402297425714,60,0.0006754171036163154,4,4,Internal
ACN,HCA,0.48162037953061226,60,0.00011249735555170527,4,0,External
ACN,IBM,0.4184536498390373,60,0.0009730978485629284,4,1,External
ACN,IT,0.6280251133190227,60,1.0125868866328154e-07,4,4,Internal
ACN,NVDA,-0.4002047560087919,60,0.0016857697573915704,4,6,External
ACN,ODFL,0.4293630117506573,60,0.0006902342636684678,4,0,External
ADI,AXON,-0.434600740382782,60,0.0005829014768767033,5,6,External
ADI,CDNS,-0.53493543746522,60,1.27264454446084e-05,5,6,External
ADI,CRL,0.4196758414101199,60,0.0009368982233152894,5,0,External
ADI,CSGP,0.41873083409130657,60,0.0009647792843862789,5,5,Internal
ADI,GRMN,0.5335218360819975,60,1.354884856552717e-05,5,5,Internal
ADI,MCHP,0.7460169343920494,60,1.19944381015378e-11,5,5,Internal
ADI,NXPI,0.6785987788508366,60,3.5000971183376692e-09,5,5,Internal
ADI,ON,0.47391480990641055,60,0.000149764333373606,5,5,Internal
ADI,TXN,0.7477094633666753,60,1.0169183535234606e-11,5,5,Internal
ADM,AEP,0.42560884820509687,60,0.0007778369062170417,0,2,External
ADM,ALLE,0.5634436459786445,60,3.381508483447983e-06,0,0,Internal
ADM,AOS,0.5247361071452545,60,1.9870886461691962e-05,0,0,Internal
ADM,AVY,0.41933627434745024,60,0.0009468319153439035,0,0,Internal
ADM,AWK,0.5084203252852346,60,3.936543899409843e-05,0,2,External
ADM,BALL,0.6215090022318914,60,1.495948763601349e-07,0,0,Internal
ADM,BAX,0.49663495157130394,60,6.314479019519524e-05,0,0,Internal
ADM,BBY,0.4617933208767136,60,0.0002317507148502782,0,0,Internal
ADM,BF-B,0.43203097489773795,60,0.0006335117723594803,0,0,Internal
ADM,BG,0.6965123045993638,60,9.017067469108599e-10,0,0,Internal
ADM,BIIB,0.5320977133251882,60,1.4427025167427691e-05,0,0,Internal
ADM,CAG,0.6220405719969753,60,1.4495585924929742e-07,0,2,External
ADM,CHRW,0.43713390267437363,60,0.0005366256618527864,0,0,Internal
ADM,CI,0.45055374059585523,60,0.000342487674805035,0,0,Internal
ADM,CL,0.5836014841730066,60,1.2264007145348124e-06,0,0,Internal
ADM,CLX,0.43345111918693463,60,0.000605071604068996,0,2,External
ADM,CNC,0.45530649510745125,60,0.0002908241749195951,0,0,Internal
ADM,CPB,0.5667194860369406,60,2.8807231758265277e-06,0,2,External
ADM,D,0.45257062628619743,60,0.00031962107572381786,0,2,External
ADM,DE,0.4515531116643702,60,0.0003309773930672711,0,0,Internal
ADM,DG,0.46140910467380003,60,0.00023491814878492042,0,0,Internal
ADM,DLR,-0.41029475356039635,60,0.0012488233636251992,0,6,External
ADM,ED,0.47562420804392475,60,0.00014063566642817432,0,2,External
ADM,EL,0.5440014102404639,60,8.459583981478433e-06,0,1,External
ADM,EQIX,-0.42159789273021175,60,0.0008824206872592744,0,6,External
ADM,ES,0.4177952870912573,60,0.0009931156157743724,0,2,External
ADM,EXPD,0.4126432765626725,60,0.0011630305101994374,0,0,Internal
ADM,FAST,0.5882756302751996,60,9.598894560385194e-07,0,0,Internal
ADM,GIS,0.6231255656377641,60,1.3590393282478143e-07,0,2,External
ADM,GPC,0.4829557459074678,60,0.00010698065019112603,0,0,Internal
ADM,GWW,0.4241506690198602,60,0.0008144870069073031,0,0,Internal
ADM,HOLX,0.42927493399238364,60,0.0006921828086953644,0,0,Internal
ADM,HON,0.46232250182416196,60,0.0002274520411539322,0,0,Internal
ADM,HRL,0.5555651232545802,60,4.937552616711814e-06,0,2,External
ADM,HSIC,0.44037687805135894,60,0.0004822513501016186,0,0,Internal
ADM,HSY,0.4552816090827623,60,0.00029107509319973234,0,2,External
ADM,ITW,0.6059980001174785,60,3.6573772022478595e-07,0,0,Internal
ADM,J,0.4281340265734068,60,0.0007178766612896738,0,1,External
ADM,JKHY,0.5394868397247947,60,1.0382683796349084e-05,0,0,Internal
ADM,JNJ,0.4106668856810372,60,0.0012348608862438428,0,2,External
ADM,KHC,0.6209506904336846,60,1.5461743803674203e-07,0,2,External
ADM,KMB,0.48723729115280373,60,9.092409095353238e-05,0,2,External
ADM,KO,0.46596451198466055,60,0.00019978734619221464,0,2,External
ADM,KVUE,0.5492284946628252,60,6.648547248194643e-06,0,0,Internal
ADM,LHX,0.5671942940379866,60,2.8141692351626354e-06,0,0,Internal
ADM,LMT,0.42774109106841746,60,0.0007269234414257411,0,0,Internal
ADM,LOW,0.40197832443324694,60,0.0016002441296555628,0,0,Internal
ADM,LW,0.41529166847573834,60,0.001072671737496914,0,0,Internal
ADM,MAS,0.5435030021607626,60,8.654330838801439e-06,0,0,Internal
ADM,MCD,0.4792036537466911,60,0.0001231500513008385,0,0,Internal
ADM,MDLZ,0.43576273250561653,60,0.0005612431614149503,0,2,External
ADM,MHK,0.42187195543841055,60,0.0008748901221527148,0,0,Internal
ADM,MNST,0.4186967440520817,60,0.0009657988908906622,0,2,External
ADM,MO,0.44956785862600895,60,0.0003541984947500196,0,2,External
ADM,MRK,0.43342416892777025,60,0.0006056003719473932,0,1,External
ADM,NDSN,0.5615267486747004,60,3.7110694197534e-06,0,0,Internal
ADM,NRG,-0.44669250183584563,60,0.0003904652075471814,0,6,External
ADM,NSC,0.44829005376008646,60,0.0003699189928408181,0,0,Internal
ADM,OTIS,0.5084814663131064,60,3.926726352574714e-05,0,0,Internal
ADM,PCAR,0.5937793744699223,60,7.157566558626711e-07,0,0,Internal
ADM,PEP,0.6375135238293248,60,5.6431331568630834e-08,0,2,External
ADM,PFE,0.46502631632583236,60,0.00020660317569251273,0,0,Internal
ADM,POOL,0.5994638237707287,60,5.255501999635559e-07,0,0,Internal
ADM,RVTY,0.44143502210635294,60,0.0004656230527986852,0,0,Internal
ADM,SJM,0.55234880348679,60,5.746832527549356e-06,0,2,External
ADM,SNA,0.44502468600493356,60,0.00041301743758352633,0,0,Internal
ADM,SO,0.47904652281304705,60,0.00012387371933646353,0,2,External
ADM,SWK,0.5188217821296021,60,2.5562499062341386e-05,0,0,Internal
ADM,SYY,0.5837487009003492,60,1.2170436629481752e-06,0,2,External
ADM,T,0.416470691950695,60,0.0010345184176477756,0,2,External
ADM,TMUS,0.426384368325616,60,0.0007589578675897548,0,2,External
ADM,TSCO,0.41471627241710074,60,0.0010917476150966003,0,0,Internal
ADM,TSN,0.4702878282757068,60,0.00017095697076155108,0,2,External
ADM,TXT,0.5745216392204794,60,1.9528527002164024e-06,0,0,Internal
ADM,VRSK,0.40170468852975083,60,0.0016131805574627633,0,2,External
ADM,VZ,0.4966274928581322,60,6.316333260890634e-05,0,0,Internal
ADM,XOM,0.40607403409027426,60,0.0014174113985340984,0,6,External
ADM,ZBH,0.5459073973791112,60,7.75181136230811e-06,0,0,Internal
ADP,AEE,0.6302804484788969,60,8.827854416444531e-08,2,2,Internal
ADP,AEP,0.563523722103875,60,3.3683545235757856e-06,2,2,Internal
ADP,AFL,0.46452312802809853,60,0.00021034568291998688,2,0,External
ADP,AIZ,0.4314787820886805,60,0.000644892979980926,2,2,Internal
ADP,ALL,0.45344021080878805,60,0.00031019830342538353,2,2,Internal
ADP,AMGN,0.4211906035727899,60,0.0008937200379993662,2,0,External
ADP,AMT,0.4387188000210196,60,0.0005093935644514535,2,2,Internal
ADP,ANET,-0.4427369920005396,60,0.0004458781459073181,2,6,External
ADP,AON,0.4840770632067245,60,0.00010254128956158342,2,2,Internal
ADP,ATO,0.6441482889448127,60,3.704741059250894e-08,2,2,Internal
ADP,AVB,0.5836585786776239,60,1.2227638409194027e-06,2,2,Internal
ADP,AWK,0.5532710947182224,60,5.5029643560898934e-06,2,2,Internal
ADP,BR,0.6763035902622845,60,4.13610703766933e-09,2,2,Internal
ADP,BRO,0.6103306566268586,60,2.862929913672246e-07,2,2,Internal
ADP,CAG,0.45068556972534174,60,0.0003409487478309391,2,2,Internal
ADP,CB,0.5375474755476942,60,1.1327469547980967e-05,2,2,Internal
ADP,CBOE,0.5001720884647567,60,5.489509273709263e-05,2,2,Internal
ADP,CHD,0.5442368367068978,60,8.369018106777478e-06,2,2,Internal
ADP,CL,0.5265534516391042,60,1.837355487934455e-05,2,0,External
ADP,CLX,0.46553972114320413,60,0.00020284749768032252,2,2,Internal
ADP,CME,0.4557622530521797,60,0.0002862636373138279,2,2,Internal
ADP,CMS,0.6395433981494367,60,4.96672276766573e-08,2,2,Internal
ADP,CNP,0.4557899359471689,60,0.0002859887404707473,2,2,Internal
ADP,CPB,0.5465250209922338,60,7.534548075347434e-06,2,2,Internal
ADP,CPRT,0.4043484927334428,60,0.0014920221429672784,2,2,Internal
ADP,CPT,0.4738987356099463,60,0.00014985269317122478,2,2,Internal
ADP,CSX,0.4115177089820437,60,0.0012034634868070787,2,0,External
ADP,CTAS,0.6503060198515555,60,2.4839432247473266e-08,2,2,Internal
ADP,D,0.5588596715146926,60,4.219646411999841e-06,2,2,Internal
ADP,DGX,0.4650913234181318,60,0.0002061241446568412,2,2,Internal
ADP,DIS,0.4709631796901393,60,0.00016681410112703193,2,1,External
ADP,DOC,0.4965873453930742,60,6.326322566949331e-05,2,2,Internal
ADP,DRI,0.40471429502967377,60,0.001475917372938995,2,2,Internal
ADP,DTE,0.44572423491290564,60,0.00040341779971655686,2,2,Internal
ADP,DUK,0.4936607724989707,60,7.094953033877969e-05,2,2,Internal
ADP,ECL,0.40003667702313606,60,0.0016940834414264365,2,2,Internal
ADP,ED,0.5860073945972374,60,1.0816018734583817e-06,2,2,Internal
ADP,EQR,0.5966937613935933,60,6.113777763605467e-07,2,2,Internal
ADP,ES,0.4789080510684102,60,0.00012451468347210012,2,2,Internal
ADP,ESS,0.5489673053426938,60,6.72971083199109e-06,2,2,Internal
ADP,EVRG,0.5568149881511006,60,4.6527605887176016e-06,2,2,Internal
ADP,EXC,0.50891835547683,60,3.857229441138833e-05,2,2,Internal
ADP,EXR,0.4659841504997414,60,0.00019964689832438148,2,2,Internal
ADP,FDS,0.5273631533655077,60,1.7740710520143754e-05,2,2,Internal
ADP,FIS,0.44230174850206505,60,0.0004523925148089642,2,2,Internal
ADP,FISV,0.49889606995756325,60,5.7749158802414183e-05,2,2,Internal
ADP,FRT,0.545393097329438,60,7.937159959003161e-06,2,2,Internal
ADP,GIS,0.5624260519414811,60,3.5528951085312565e-06,2,2,Internal
ADP,HIG,0.5416016661248384,60,9.436184869968569e-06,2,2,Internal
ADP,HSY,0.40383394456312705,60,0.0015149422821661926,2,2,Internal
ADP,ITW,0.43688482284377045,60,0.0005410234409125419,2,0,External
ADP,JKHY,0.58029837769446,60,1.4549094877393095e-06,2,0,External
ADP,JNJ,0.4230807028132792,60,0.0008423637989038995,2,2,Internal
ADP,KHC,0.4770241086288067,60,0.00013354276359799246,2,2,Internal
ADP,KIM,0.5243769332591106,60,2.0179878742692653e-05,2,2,Internal
ADP,KMB,0.5771212073197269,60,1.7117727939005112e-06,2,2,Internal
ADP,KO,0.5322768697443734,60,1.4313716661718168e-05,2,2,Internal
ADP,L,0.5704371214298923,60,2.3965966886312106e-06,2,2,Internal
ADP,LHX,0.4368778600383333,60,0.0005411468450378216,2,0,External
ADP,LIN,0.4969708726950175,60,6.231486709932774e-05,2,0,External
ADP,LNT,0.6466374384900234,60,3.155348581833396e-08,2,2,Internal
ADP,MA,0.6656435788509429,60,8.812544222090501e-09,2,2,Internal
ADP,MAA,0.5234052720708864,60,2.1038237143439327e-05,2,2,Internal
ADP,MAR,0.47522946432911745,60,0.0001426972168932684,2,4,External
ADP,MCO,0.48377800947246835,60,0.00010370841289618858,2,2,Internal
ADP,MDLZ,0.4293079471864912,60,0.0006914518753595791,2,2,Internal
ADP,MET,0.4370398588584407,60,0.0005382822861283203,2,1,External
ADP,MKC,0.601637751469123,60,4.662530608201972e-07,2,2,Internal
ADP,MMC,0.6021517754556177,60,4.53180982193856e-07,2,2,Internal
ADP,MO,0.4436149976398907,60,0.00043299547906659866,2,2,Internal
ADP,NDAQ,0.5093253252378406,60,3.793515536834296e-05,2,1,External
ADP,NI,0.40921591652627565,60,0.0012901069196385505,2,6,External
ADP,NTRS,0.45733254947369495,60,0.0002710452848072669,2,1,External
ADP,NVDA,-0.5588864500496378,60,4.21423196922199e-06,2,6,External
ADP,O,0.5777086117972607,60,1.661297802604559e-06,2,2,Internal
ADP,ORLY,0.41423313601019934,60,0.0011080000582441897,2,0,External
ADP,OTIS,0.4453568666222557,60,0.00040843346292250213,2,0,External
ADP,PAYC,0.4515300075494715,60,0.0003312394677732479,2,0,External
ADP,PAYX,0.7837348797156127,60,2.154998969385669e-13,2,2,Internal
ADP,PEP,0.5977456694316313,60,5.773445609775628e-07,2,2,Internal
ADP,PG,0.5533148053965774,60,5.491649337264509e-06,2,2,Internal
ADP,PGR,0.41007645793818964,60,0.0012570797230765473,2,2,Internal
ADP,PNW,0.5578552226262002,60,4.4274863425113895e-06,2,2,Internal
ADP,PPL,0.5298059848695409,60,1.5951785214828736e-05,2,2,Internal
ADP,PSA,0.45825165466711015,60,0.00026248395398422407,2,2,Internal
ADP,REG,0.5119177816491364,60,3.409933308421982e-05,2,2,Internal
ADP,ROL,0.5602095121564906,60,3.954641490247883e-06,2,2,Internal
ADP,ROP,0.4484220399019855,60,0.0003682663010975637,2,2,Internal
ADP,RSG,0.5280203355318736,60,1.7241992537088257e-05,2,2,Internal
ADP,SBAC,0.5169837247337316,60,2.761757565925096e-05,2,2,Internal
ADP,SBUX,0.41163073990792076,60,0.0011993468368592824,2,7,External
ADP,SJM,0.4566005110689997,60,0.0002780454803509758,2,2,Internal
ADP,SO,0.6108593330136404,60,2.7779448157815907e-07,2,2,Internal
ADP,SPG,0.5212515236640728,60,2.306277717233092e-05,2,2,Internal
ADP,SYY,0.5197920633149551,60,2.4535636566335835e-05,2,2,Internal
ADP,T,0.43224093478741726,60,0.0006292322354736728,2,2,Internal
ADP,TDG,0.4290640428405372,60,0.0006968685886197588,2,1,External
ADP,TJX,0.4379134380348286,60,0.0005230707476939876,2,4,External
ADP,TMUS,0.5743134139022056,60,1.973476007537877e-06,2,2,Internal
ADP,TRV,0.43996215924213544,60,0.0004889141734007131,2,2,Internal
ADP,TSN,0.5209081663417151,60,2.3401729086097995e-05,2,2,Internal
ADP,UDR,0.6142618650308357,60,2.2851811308167398e-07,2,2,Internal
ADP,V,0.7229620663340309,60,1.0062829089340989e-10,2,2,Internal
ADP,VICI,0.4618858186844627,60,0.00023099402145921154,2,2,Internal
ADP,VRSK,0.7374932451990557,60,2.7019546005572076e-11,2,2,Internal
ADP,VTR,0.48739524440725546,60,9.037650075324341e-05,2,2,Internal
ADP,VZ,0.4916458019916532,60,7.673157005838608e-05,2,0,External
ADP,WEC,0.6738939684849304,60,4.920720430807112e-09,2,2,Internal
ADP,WELL,0.5024334713815771,60,5.015425585505712e-05,2,2,Internal
ADP,WM,0.5336986378965767,60,1.3443356303780634e-05,2,2,Internal
ADP,WTW,0.5852003439490923,60,1.1282877553595577e-06,2,2,Internal
ADP,WY,0.4967066243316015,60,6.296686660084286e-05,2,2,Internal
ADP,XEL,0.6250862038193031,60,1.2088039553377548e-07,2,2,Internal
ADP,ZTS,0.48733378153757145,60,9.058921812475431e-05,2,2,Internal
ADSK,CCL,0.4159942917032322,60,0.001049785130317168,1,1,Internal
ADSK,IVZ,0.41221793262430034,60,0.0011781639634620776,1,1,Internal
ADSK,NCLH,0.42042959625009296,60,0.000915182860867048,1,1,Internal
ADSK,TYL,0.40969426742144716,60,0.0012716530793434684,1,2,External
AEE,AEP,0.6011622455696364,60,4.786598591711168e-07,2,2,Internal
AEE,AFL,0.44803343970852694,60,0.00037315156522489326,2,0,External
AEE,AIZ,0.4311747261056101,60,0.0006512385582617281,2,2,Internal
AEE,ALL,0.4953703180402346,60,6.636133087316486e-05,2,2,Internal
AEE,AMT,0.5180813967277785,60,2.6372656252429044e-05,2,2,Internal
AEE,ARE,0.41345754161676074,60,0.0011345463057105796,2,2,Internal
AEE,ATO,0.783516080614358,60,2.2108521225055772e-13,2,2,Internal
AEE,AVB,0.5636870333193215,60,3.3416755128741416e-06,2,2,Internal
AEE,AWK,0.5630598802326913,60,3.4452168509978772e-06,2,2,Internal
AEE,BAC,0.4066568584176577,60,0.0013929775609058444,2,1,External
AEE,BK,0.4841144248579535,60,0.00010239632821703322,2,1,External
AEE,BR,0.5203763240831594,60,2.393586293841887e-05,2,2,Internal
AEE,BRK-B,0.43817969355884534,60,0.0005185126083794348,2,2,Internal
AEE,BRO,0.5276307156433553,60,1.7536072427537007e-05,2,2,Internal
AEE,BXP,0.42781603425817155,60,0.0007251900685003062,2,2,Internal
AEE,CAG,0.4120269647400067,60,0.0011850158865470246,2,2,Internal
AEE,CB,0.47539977364049657,60,0.00014180440290100334,2,2,Internal
AEE,CCI,0.4711330211877698,60,0.00016578679206050162,2,2,Internal
AEE,CHD,0.5032614593233513,60,4.8515034147110905e-05,2,2,Internal
AEE,CINF,0.4611052267018314,60,0.00023745122337559055,2,2,Internal
AEE,CL,0.4707123113205925,60,0.0001683421755399181,2,0,External
AEE,CLX,0.4760873922244954,60,0.00013825150830434817,2,2,Internal
AEE,CME,0.44817504939650993,60,0.0003713645416847277,2,2,Internal
AEE,CMS,0.7550924661152202,60,4.873273601426207e-12,2,2,Internal
AEE,CNP,0.6978261632200855,60,8.131692762226102e-10,2,2,Internal
AEE,CPB,0.5050958740542065,60,4.505783521535296e-05,2,2,Internal
AEE,CPT,0.4519110237826702,60,0.00032694156759652693,2,2,Internal
AEE,CTAS,0.5647339914927146,60,3.1752696009520025e-06,2,2,Internal
AEE,D,0.7145664061793573,60,2.072762831469656e-10,2,2,Internal
AEE,DGX,0.46343694035191907,60,0.00021863638353146177,2,2,Internal
AEE,DOC,0.585284413993093,60,1.123337920754767e-06,2,2,Internal
AEE,DTE,0.7344352348435944,60,3.588618757725705e-11,2,2,Internal
AEE,DUK,0.711643491018259,60,2.649745973763384e-10,2,2,Internal
AEE,ED,0.7089472500634082,60,3.3146130770664067e-10,2,2,Internal
AEE,EQR,0.5409198895614137,60,9.732179328897141e-06,2,2,Internal
AEE,ES,0.7057932854231288,60,4.293269933218036e-10,2,2,Internal
AEE,ESS,0.5265397029471645,60,1.83844789746978e-05,2,2,Internal
AEE,ETR,0.5752950122905048,60,1.8780054496689723e-06,2,6,External
AEE,EVRG,0.7681040003486339,60,1.248906978442225e-12,2,2,Internal
AEE,EXC,0.713200614608706,60,2.3256793075187007e-10,2,2,Internal
AEE,FE,0.4396187676763974,60,0.0004944941624544791,2,2,Internal
AEE,FISV,0.4761627822880656,60,0.00013786697586834742,2,2,Internal
AEE,FRT,0.4950403279195006,60,6.722511473525402e-05,2,2,Internal
AEE,GIS,0.5207919262355155,60,2.3517518776161418e-05,2,2,Internal
AEE,HIG,0.5141951142024738,60,3.102887617160467e-05,2,2,Internal
AEE,HRL,0.5278381665856481,60,1.7378917385649185e-05,2,2,Internal
AEE,ICE,0.4029651400760509,60,0.0015543597106129482,2,2,Internal
AEE,JKHY,0.40283778753718985,60,0.0015602142520135726,2,0,External
AEE,JNJ,0.41866938952012456,60,0.0009666177457895292,2,2,Internal
AEE,KHC,0.4778300420398017,60,0.00012960961314587772,2,2,Internal
AEE,KIM,0.4561281220429576,60,0.0002826498565581317,2,2,Internal
AEE,KMB,0.5036727235928122,60,4.771933002895434e-05,2,2,Internal
AEE,KO,0.5025099935600027,60,5.000064490202615e-05,2,2,Internal
AEE,KVUE,0.4028376593216932,60,0.0015602201561696666,2,0,External
AEE,L,0.598369399895731,60,5.580121835987271e-07,2,2,Internal
AEE,LNT,0.8430064828674679,60,5.539401163813847e-17,2,2,Internal
AEE,MA,0.4977336938285522,60,6.046742865251012e-05,2,2,Internal
AEE,MAA,0.4857255381218267,60,9.632143359750895e-05,2,2,Internal
AEE,MCO,0.5078922835848124,60,4.022280797113075e-05,2,2,Internal
AEE,MDLZ,0.480279741737948,60,0.00011829740757729161,2,2,Internal
AEE,MKC,0.5603629199718917,60,3.925526561028539e-06,2,2,Internal
AEE,MMC,0.49144970159291207,60,7.731683666417776e-05,2,2,Internal
AEE,MO,0.4176385143272059,60,0.0009979367086495033,2,2,Internal
AEE,MSFT,-0.5010193737517701,60,5.3072426231621154e-05,2,0,External
AEE,NEE,0.5372355529079854,60,1.1486679249230623e-05,2,2,Internal
AEE,NI,0.7033915283488461,60,5.216365368670194e-10,2,6,External
AEE,NSC,0.4040633762748473,60,0.001504683721446123,2,0,External
AEE,O,0.5399432216117338,60,1.0171260088181692e-05,2,2,Internal
AEE,OKE,0.4302539497352038,60,0.0006708011208672955,2,6,External
AEE,PAYX,0.5664889068922561,60,2.913570828427488e-06,2,2,Internal
AEE,PEG,0.4778628264443062,60,0.00012945188910265735,2,6,External
AEE,PEP,0.5020568739576912,60,5.091660076537109e-05,2,2,Internal
AEE,PG,0.42842547678561094,60,0.0007112323227854148,2,2,Internal
AEE,PLD,0.43969250955834077,60,0.0004932910343557757,2,0,External
AEE,PNW,0.811439197365457,60,6.503446719798667e-15,2,2,Internal
AEE,PPL,0.8109215535803969,60,6.979138287113795e-15,2,2,Internal
AEE,PSA,0.5156104020408886,60,2.9251662426638894e-05,2,2,Internal
AEE,REG,0.5138879747576948,60,3.142751206657887e-05,2,2,Internal
AEE,ROL,0.47979038591894746,60,0.0001204819921703254,2,2,Internal
AEE,RSG,0.5582674983544598,60,4.341050111898992e-06,2,2,Internal
AEE,RTX,0.4625860970526192,60,0.0002253380743798481,2,1,External
AEE,SBAC,0.5298918541516103,60,1.589205757660782e-05,2,2,Internal
AEE,SO,0.6700279075658214,60,6.4805184251920864e-09,2,2,Internal
AEE,SPG,0.453203971811033,60,0.00031273281192725614,2,2,Internal
AEE,STT,0.40244055292490305,60,0.0015786027381579062,2,1,External
AEE,SYK,0.4306169417415738,60,0.0006630264842083129,2,2,Internal
AEE,SYY,0.4175181216902688,60,0.0010016533383075555,2,2,Internal
AEE,T,0.40586114108692833,60,0.0014264319811624886,2,2,Internal
AEE,TMUS,0.4084013816225848,60,0.0013220842608511632,2,2,Internal
AEE,TSN,0.5474104603589176,60,7.232941162570752e-06,2,2,Internal
AEE,TXT,0.45029090377001435,60,0.0003455748264884854,2,0,External
AEE,UDR,0.5958366365330362,60,6.404904966151221e-07,2,2,Internal
AEE,V,0.5190158538627941,60,2.5353981974200277e-05,2,2,Internal
AEE,VICI,0.5095695880430836,60,3.755742782097948e-05,2,2,Internal
AEE,VRSK,0.5322965542935604,60,1.4301317531217576e-05,2,2,Internal
AEE,VTR,0.5203184326650361,60,2.3994679887470166e-05,2,2,Internal
AEE,WEC,0.8433598791408,60,5.221185393257974e-17,2,2,Internal
AEE,WELL,0.6139185266877518,60,2.3308978724320428e-07,2,2,Internal
AEE,WM,0.5221132963579929,60,2.2231980264992935e-05,2,2,Internal
AEE,WRB,0.4786218533869767,60,0.00012584909973929227,2,2,Internal
AEE,WTW,0.46591695203139394,60,0.00020012785286191754,2,2,Internal
AEE,WY,0.4740616674945023,60,0.0001489592699729219,2,2,Internal
AEE,XEL,0.7176528598898556,60,1.5939900830041745e-10,2,2,Internal
AEP,AIG,0.41580519856561093,60,0.0010559008309752726,2,2,Internal
AEP,ALLE,0.511057604139327,60,3.5330401050446246e-05,2,0,External
AEP,AMD,-0.44901102486061323,60,0.00036097276866512074,2,8,External
AEP,AMGN,0.45696410739988935,60,0.0002745482040708153,2,0,External
AEP,AMT,0.5752751569679135,60,1.8798930423485752e-06,2,2,Internal
AEP,ANET,-0.49141081456180447,60,7.743338282184687e-05,2,6,External
AEP,APH,-0.4131727341231069,60,0.0011444371240893014,2,6,External
AEP,ATO,0.6570263699165192,60,1.5889723456539615e-08,2,2,Internal
AEP,AVB,0.52891818929719,60,1.658162626780189e-05,2,2,Internal
AEP,AVY,0.4417746317331617,60,0.00046039763215081095,2,0,External
AEP,AWK,0.7375124952188591,60,2.6970985691595727e-11,2,2,Internal
AEP,BALL,0.4670594770537412,60,0.00019209291211710216,2,0,External
AEP,BRO,0.5061473314625591,60,4.318019977340918e-05,2,2,Internal
AEP,CAG,0.44020833201563686,60,0.0004849491862865836,2,2,Internal
AEP,CB,0.4106158696864754,60,0.0012367666819002555,2,2,Internal
AEP,CBOE,0.45373384777917547,60,0.0003070740880151585,2,2,Internal
AEP,CCI,0.5426598729071836,60,8.993290898927717e-06,2,2,Internal
AEP,CHD,0.5173198700656779,60,2.723068058415798e-05,2,2,Internal
AEP,CL,0.527626757136506,60,1.7539083974480045e-05,2,0,External
AEP,CLX,0.4335539759748778,60,0.0006030573802730546,2,2,Internal
AEP,CME,0.4051035353640816,60,0.0014589520683559816,2,2,Internal
AEP,CMS,0.7399777740862601,60,2.1393587667403287e-11,2,2,Internal
AEP,CNP,0.5672300000952796,60,2.809222790442077e-06,2,2,Internal
AEP,CPB,0.5363514057748135,60,1.1949325936252814e-05,2,2,Internal
AEP,CPT,0.4787412877894986,60,0.00012529064201420367,2,2,Internal
AEP,CSGP,0.4931712579349533,60,7.231609636584895e-05,2,5,External
AEP,CSX,0.42550980003963557,60,0.0007802784107664917,2,0,External
AEP,CTAS,0.5466058146304081,60,7.5065498280190955e-06,2,2,Internal
AEP,D,0.6851722756811641,60,2.1516645487312664e-09,2,2,Internal
AEP,DGX,0.4525243575495527,60,0.00032012967086053726,2,2,Internal
AEP,DOC,0.512897839008,60,3.2745070522983414e-05,2,2,Internal
AEP,DTE,0.6015180828391672,60,4.6934669728190843e-07,2,2,Internal
AEP,DUK,0.7229470203620872,60,1.0076105372078773e-10,2,2,Internal
AEP,ED,0.7371035655741927,60,2.802063372442076e-11,2,2,Internal
AEP,EQR,0.4899651786858406,60,8.188244349008005e-05,2,2,Internal
AEP,ES,0.651131218463657,60,2.3527506683277906e-08,2,2,Internal
AEP,ESS,0.5129681808923688,60,3.264980894099603e-05,2,2,Internal
AEP,ETN,-0.4511141716733946,60,0.0003359888015710219,2,6,External
AEP,EVRG,0.5717606309723396,60,2.24342342995562e-06,2,2,Internal
AEP,EXC,0.7226273577016148,60,1.0362135915808253e-10,2,2,Internal
AEP,EXR,0.46591023467849113,60,0.0002001759886527087,2,2,Internal
AEP,FCX,-0.4101761959964541,60,0.0012533013724785609,2,4,External
AEP,FDS,0.5244566025266895,60,2.0110958676389242e-05,2,2,Internal
AEP,FE,0.6438230291763809,60,3.7828609157211636e-08,2,2,Internal
AEP,FISV,0.4406960600506858,60,0.0004771796479287824,2,2,Internal
AEP,FRT,0.44497505918706637,60,0.0004137062703090715,2,2,Internal
AEP,GD,0.4295619882336481,60,0.0006858505567684044,2,0,External
AEP,GIS,0.4891464799992704,60,8.450514636870442e-05,2,2,Internal
AEP,GOOG,-0.484222214630345,60,0.0001019791633739931,2,8,External
AEP,GOOGL,-0.48761491101376037,60,8.962000157924242e-05,2,8,External
AEP,GPC,0.45119326997309633,60,0.0003350806590853803,2,0,External
AEP,HIG,0.4115974230642115,60,0.0012005589372577133,2,2,Internal
AEP,HRL,0.5783478734370359,60,1.6079500215566474e-06,2,2,Internal
AEP,ITW,0.4556393652838823,60,0.00028748684871715736,2,0,External
AEP,JKHY,0.5039026989863488,60,4.727964503047381e-05,2,0,External
AEP,JNJ,0.4628538872914112,60,0.00022320885506760943,2,2,Internal
AEP,KHC,0.45848902188920443,60,0.0002603133695443408,2,2,Internal
AEP,KIM,0.5164858510427629,60,2.8199967946248916e-05,2,2,Internal
AEP,KMB,0.5330357828898694,60,1.3842834221109982e-05,2,2,Internal
AEP,KO,0.5366635122340863,60,1.1784069860000866e-05,2,2,Internal
AEP,KVUE,0.40686228955641807,60,0.0013844557572611964,2,0,External
AEP,LHX,0.40773554418880265,60,0.0013487507266845935,2,0,External
AEP,LMT,0.4554476681492821,60,0.00028940449771520623,2,0,External
AEP,LNT,0.6537497487946814,60,1.978426438883094e-08,2,2,Internal
AEP,LOW,0.43117441793492356,60,0.0006512450182761654,2,0,External
AEP,MA,0.4611638658140311,60,0.0002369604845814113,2,2,Internal
AEP,MAA,0.5438940193800673,60,8.501197951517735e-06,2,2,Internal
AEP,MAS,0.4417775995764411,60,0.00046035220292008446,2,0,External
AEP,MKC,0.4202845544980186,60,0.0009193258446594138,2,2,Internal
AEP,MMC,0.4511576113322319,60,0.00033548978563859353,2,2,Internal
AEP,MO,0.5731102475032998,60,2.096683081389769e-06,2,2,Internal
AEP,NEE,0.5424022072059919,60,9.099316032734742e-06,2,2,Internal
AEP,O,0.5757577450459018,60,1.8345132201432084e-06,2,2,Internal
AEP,OTIS,0.5423711586465775,60,9.11217014549259e-06,2,0,External
AEP,PAYC,0.44637752627140603,60,0.00039463655578059865,2,0,External
AEP,PAYX,0.58530967571528,60,1.1218545499667358e-06,2,2,Internal
AEP,PEP,0.6071559393874209,60,3.4268841769569715e-07,2,2,Internal
AEP,PFE,0.4009580901450393,60,0.001648954573353408,2,0,External
AEP,PG,0.4794073733206223,60,0.00012221759207304702,2,2,Internal
AEP,PNW,0.6986661838738368,60,7.609537300164656e-10,2,2,Internal
AEP,POOL,0.4235374636568056,60,0.0008303597306314217,2,0,External
AEP,PPL,0.6478689915905026,60,2.912873639093006e-08,2,2,Internal
AEP,PSA,0.4571066162896613,60,0.00027318845076000566,2,2,Internal
AEP,REG,0.44725574179556565,60,0.0003831058132498622,2,2,Internal
AEP,RMD,0.4003695721275204,60,0.0016776529508152143,2,0,External
AEP,ROL,0.4924482400810786,60,7.43788872157874e-05,2,2,Internal
AEP,RSG,0.566045830040471,60,2.977673875923211e-06,2,2,Internal
AEP,SBAC,0.6590410322169534,60,1.386756842616125e-08,2,2,Internal
AEP,SJM,0.4229777750000697,60,0.0008450903614133194,2,2,Internal
AEP,SO,0.7754657768743872,60,5.555639726141218e-13,2,2,Internal
AEP,SYK,0.43567161893059564,60,0.0005629146887816552,2,2,Internal
AEP,SYY,0.49770317083758,60,6.0540370847378454e-05,2,2,Internal
AEP,T,0.5263164534456272,60,1.856270766604409e-05,2,2,Internal
AEP,TSN,0.5545759847999832,60,5.17436039592759e-06,2,2,Internal
AEP,UDR,0.5187642606762143,60,2.5624606232857995e-05,2,2,Internal
AEP,V,0.41511487958479726,60,0.001078500568409065,2,2,Internal
AEP,VICI,0.5022525763331144,60,5.0519117515872645e-05,2,2,Internal
AEP,VRSK,0.48390750059707976,60,0.00010320155572443552,2,2,Internal
AEP,VZ,0.5245430588940275,60,2.0036414020105867e-05,2,0,External
AEP,WEC,0.7839863278182193,60,2.0924754957963457e-13,2,2,Internal
AEP,WM,0.5128288759993589,60,3.283871408477323e-05,2,2,Internal
AEP,WTW,0.516148454734492,60,2.8601075758990745e-05,2,2,Internal
AEP,WY,0.4453954978226175,60,0.0004079033788154918,2,2,Internal
AEP,XEL,0.5836661816480359,60,1.2222803001370495e-06,2,2,Internal
AEP,ZBH,0.47708336258745515,60,0.00013324990523348347,2,0,External
AEP,ZTS,0.5101996099142121,60,3.659914058174406e-05,2,2,Internal
AES,AIG,0.4381779120324787,60,0.0005185429869726986,2,2,Internal
AES,EIX,0.496768611615151,60,6.281335916944098e-05,2,2,Internal
AES,K,0.4376104535892503,60,0.0005283018476378295,2,2,Internal
AES,MCK,0.4146137287417852,60,0.0010951790802945433,2,0,External
AES,NEE,0.4248198892059757,60,0.0007974774237051749,2,2,Internal
AES,PCG,0.4007297765887689,60,0.0016600354011315635,2,2,Internal
AES,PPL,0.41584406288025677,60,0.0010546412583613378,2,2,Internal
AFL,AIG,0.5140187893544197,60,3.1257152635509716e-05,0,2,External
AFL,AIZ,0.6181843800306054,60,1.8193090475196058e-07,0,2,External
AFL,ALL,0.731785591534858,60,4.574707584386916e-11,0,2,External
AFL,AMCR,0.4086838501959181,60,0.001310915276102452,0,0,Internal
AFL,AMGN,0.44921715770177006,60,0.0003584513943831647,0,0,Internal
AFL,AMT,0.5297421084990309,60,1.599635032099819e-05,0,2,External
AFL,ANET,-0.4217668092620154,60,0.0008777723962806309,0,6,External
AFL,AON,0.5238889025150615,60,2.060686130264622e-05,0,2,External
AFL,AOS,0.4012561752107967,60,0.0016345872025552584,0,0,Internal
AFL,APH,-0.46339612582910145,60,0.00021895365554040142,0,6,External
AFL,ARE,0.47277807065276917,60,0.00015613199034125613,0,2,External
AFL,ATO,0.6074810686459646,60,3.364661409564643e-07,0,2,External
AFL,AVB,0.6463667305318187,60,3.2111416006478627e-08,0,2,External
AFL,AVGO,-0.4822712148902225,60,0.00010977679119770805,0,6,External
AFL,AWK,0.4509793050874102,60,0.0003375423995286532,0,2,External
AFL,BDX,0.56047485507095,60,3.904408910020565e-06,0,0,Internal
AFL,BMY,0.4808404571587278,60,0.00011583897432697484,0,0,Internal
AFL,BR,0.5174747421523487,60,2.7054119321943604e-05,0,2,External
AFL,BRK-B,0.6604043311557797,60,1.263990599641413e-08,0,2,External
AFL,BRO,0.5303774971234722,60,1.5558146915721287e-05,0,2,External
AFL,CB,0.7147940111875515,60,2.0332422132476954e-10,0,2,External
AFL,CBRE,0.45192582415761057,60,0.0003267756472883953,0,2,External
AFL,CCI,0.47313315332489286,60,0.00015411679095016679,0,2,External
AFL,CEG,-0.4664059444525176,60,0.0001966520779389634,0,6,External
AFL,CHD,0.6759807637666514,60,4.233885809466221e-09,0,2,External
AFL,CINF,0.587916728313437,60,9.7825276747407e-07,0,2,External
AFL,CL,0.5840953257327925,60,1.195275492094242e-06,0,0,Internal
AFL,CMS,0.4137819359885488,60,0.001123374437736785,0,2,External
AFL,CNC,0.4691686220558589,60,0.00017803044561659893,0,0,Internal
AFL,COR,0.6146828938837121,60,2.2302698338060332e-07,0,0,Internal
AFL,CPB,0.40020748034227915,60,0.001685635305126956,0,2,External
AFL,CPT,0.48531727357644916,60,9.782869627641734e-05,0,2,External
AFL,CTAS,0.4505424066861917,60,0.00034262027763033064,0,2,External
AFL,D,0.43769733256220383,60,0.0005267970309211726,0,2,External
AFL,DGX,0.41479774799475494,60,0.001089028063057155,0,2,External
AFL,DOC,0.5372921390732316,60,1.1457643441748412e-05,0,2,External
AFL,DTE,0.5148653078996877,60,3.017520968422401e-05,0,2,External
AFL,DUK,0.4099952545618695,60,0.0012601634842315536,0,2,External
AFL,ED,0.5407027726712765,60,9.828237653142174e-06,0,2,External
AFL,EFX,0.5640907178445488,60,3.2765719814748683e-06,0,0,Internal
AFL,EG,0.5950166815660013,60,6.695527884654541e-07,0,2,External
AFL,ELV,0.4377974165468953,60,0.0005250683111980308,0,0,Internal
AFL,EQR,0.5708363319650903,60,2.34939601353376e-06,0,2,External
AFL,ES,0.4248654946634651,60,0.0007963300297042828,0,2,External
AFL,ESS,0.4664723816010736,60,0.00019618412333175604,0,2,External
AFL,ETN,-0.485168276597234,60,9.838415005449547e-05,0,6,External
AFL,EXC,0.4903647406793129,60,8.06298186625176e-05,0,2,External
AFL,EXR,0.4029888774709425,60,0.0015532706548275431,0,2,External
AFL,F,0.5289005347501715,60,1.6594381848850707e-05,0,0,Internal
AFL,FDS,0.4483890968440588,60,0.00036867817411188707,0,2,External
AFL,FISV,0.44730067853350985,60,0.0003825241305826665,0,2,External
AFL,FITB,0.4317368124313537,60,0.0006395519002999629,0,1,External
AFL,FRT,0.5083625446008971,60,3.9458426961423675e-05,0,2,External
AFL,GD,0.44330550292234944,60,0.00043749747836251,0,0,Internal
AFL,GIS,0.4372628225077679,60,0.0005343621927329089,0,2,External
AFL,GL,0.668270870547204,60,7.334569382279769e-09,0,2,External
AFL,GLW,-0.42910712680242735,60,0.0006959089830833412,0,6,External
AFL,GPN,0.45461407088845474,60,0.0002978797626795261,0,1,External
AFL,HCA,0.5416913128131301,60,9.397893166906578e-06,0,0,Internal
AFL,HIG,0.7938732752998053,60,6.368241338872675e-14,0,2,External
AFL,HII,0.48905209177792464,60,8.481243416373075e-05,0,0,Internal
AFL,HOLX,0.4407540330776027,60,0.00047626368706149227,0,0,Internal
AFL,HON,0.5765129164064019,60,1.7655512463086707e-06,0,0,Internal
AFL,IFF,0.42192446316174553,60,0.0008734539760888223,0,0,Internal
AFL,INVH,0.5415303138297727,60,9.466765892322188e-06,0,2,External
AFL,ITW,0.45883079931205956,60,0.0002572167730483382,0,0,Internal
AFL,JNJ,0.5385518187807105,60,1.082865440721726e-05,0,2,External
AFL,KDP,0.4729039028225602,60,0.0001554151111901344,0,2,External
AFL,KHC,0.40021940311442644,60,0.001685047001213461,0,2,External
AFL,KIM,0.4641413401406693,60,0.0002132264866863492,0,2,External
AFL,KMB,0.5530635176430276,60,5.556995115005948e-06,0,2,External
AFL,KO,0.4653634100600117,60,0.0002041301606166367,0,2,External
AFL,KVUE,0.424696169695444,60,0.0008005976230216327,0,0,Internal
AFL,L,0.72143589593984,60,1.1497733071332879e-10,0,2,External
AFL,LHX,0.4438223395904698,60,0.0004300030098364661,0,0,Internal
AFL,LNT,0.5372470311394343,60,1.1480783956055106e-05,0,2,External
AFL,LOW,0.41675898529648175,60,0.0010253771703387067,0,0,Internal
AFL,MA,0.583531837200138,60,1.230850876949153e-06,0,2,External
AFL,MAA,0.5315215454514965,60,1.4797092702511517e-05,0,2,External
AFL,MAS,0.4240458186068629,60,0.0008171814734934025,0,0,Internal
AFL,MCK,0.5203247197767565,60,2.398828579150353e-05,0,0,Internal
AFL,MCO,0.4722779901694133,60,0.00015901103599998882,0,2,External
AFL,MDLZ,0.4349322410897257,60,0.0005766467300754964,0,2,External
AFL,MET,0.7291563984863236,60,5.804536829621195e-11,0,1,External
AFL,MKC,0.5390004037694585,60,1.0612520877942457e-05,0,2,External
AFL,MMC,0.6160130241404868,60,2.0648284382188972e-07,0,2,External
AFL,MMM,0.41954471204488714,60,0.0009407230899359578,0,1,External
AFL,MOH,0.48792797452998055,60,8.855191271881627e-05,0,0,Internal
AFL,NDSN,0.4391781219480685,60,0.000501739133436665,0,0,Internal
AFL,NSC,0.4119170765217395,60,0.001188974893952464,0,0,Internal
AFL,NVDA,-0.6607357122694754,60,1.2357410506843975e-08,0,6,External
AFL,NVR,0.4260908336273604,60,0.0007660543383292564,0,0,Internal
AFL,O,0.42911990443060444,60,0.0006956246178816189,0,2,External
AFL,ORLY,0.4672644968768978,60,0.00019068270077028565,0,0,Internal
AFL,PAYX,0.49403981900875016,60,6.990772851025542e-05,0,2,External
AFL,PEP,0.5105313643179179,60,3.6103657105550246e-05,0,2,External
AFL,PFG,0.6514175946005603,60,2.308771250286544e-08,0,1,External
AFL,PG,0.4701629775249644,60,0.0001717330894833815,0,2,External
AFL,PGR,0.5366524107296831,60,1.1789911365643548e-05,0,2,External
AFL,PHM,0.404085130057517,60,0.0015037142862855566,0,0,Internal
AFL,PNC,0.4749816719714799,60,0.0001440054231077467,0,1,External
AFL,PNW,0.5690517809906002,60,2.567351523961085e-06,0,2,External
AFL,PPL,0.4612325952000248,60,0.00023638648115973288,0,2,External
AFL,PRU,0.6301014587967985,60,8.924847963140624e-08,0,1,External
AFL,PSA,0.4494973000340125,60,0.00035505044023497736,0,2,External
AFL,PTC,0.4664268341773435,60,0.00019650482985035576,0,0,Internal
AFL,REG,0.550715282635277,60,6.203622630013977e-06,0,2,External
AFL,RF,0.45050176743400416,60,0.0003430961271557884,0,1,External
AFL,ROL,0.41181781165776526,60,0.0011925613864324064,0,2,External
AFL,RTX,0.40867437012693053,60,0.0013112887454201766,0,1,External
AFL,SBAC,0.527434132269424,60,1.7686209485961018e-05,0,2,External
AFL,SHW,0.43893168518936004,60,0.0005058328374338293,0,0,Internal
AFL,SJM,0.4535916988435646,60,0.0003085829149953744,0,2,External
AFL,SNA,0.6569224893095448,60,1.600119687024651e-08,0,0,Internal
AFL,SO,0.5249652605134969,60,1.9676045767902956e-05,0,2,External
AFL,STT,0.4539591299863087,60,0.00030469661419442234,0,1,External
AFL,SWKS,0.42555578776165087,60,0.0007791439690096935,0,0,Internal
AFL,T,0.42109178374280093,60,0.0008964811785770261,0,2,External
AFL,TDG,0.4213183253205096,60,0.000890162709435244,0,1,External
AFL,TFC,0.43785343970066526,60,0.0005241028880179475,0,1,External
AFL,TRV,0.5876819806856887,60,9.90441097239986e-07,0,2,External
AFL,TSN,0.4280185485554607,60,0.000720524757992324,0,2,External
AFL,TXT,0.4653026847289608,60,0.0002045736508911456,0,0,Internal
AFL,UDR,0.5615297610670361,60,3.71052879059363e-06,0,2,External
AFL,UHS,0.48933628497021725,60,8.389031917659208e-05,0,0,Internal
AFL,UNP,0.4176683668524704,60,0.0009970170585926464,0,0,Internal
AFL,V,0.5240305966657322,60,2.048203748687476e-05,0,2,External
AFL,VICI,0.46171581346016893,60,0.00023238651921143446,0,2,External
AFL,VRSK,0.4811984142301957,60,0.00011429413918871105,0,2,External
AFL,VRSN,0.45047903071237944,60,0.0003433626163346562,0,2,External
AFL,VTR,0.4245062913413023,60,0.0008054077929605246,0,2,External
AFL,WEC,0.5486484426373939,60,6.830046147618359e-06,0,2,External
AFL,WRB,0.40966679780753,60,0.0012727063501922528,0,2,External
AFL,WY,0.46732370159207726,60,0.00019027723163301966,0,2,External
AFL,XEL,0.5271478507270803,60,1.7906984145763904e-05,0,2,External
AFL,ZBH,0.4464225062265957,60,0.00039403839873814313,0,0,Internal
AIG,AIZ,0.5025603922626345,60,4.9899711451842254e-05,2,2,Internal
AIG,ALL,0.4896289897728025,60,8.295023151645847e-05,2,2,Internal
AIG,AMT,0.4493754391233211,60,0.0003565262179869168,2,2,Internal
AIG,AON,0.4215698075825081,60,0.0008831956913964921,2,2,Internal
AIG,ATO,0.5043489567400306,60,4.643709894134941e-05,2,2,Internal
AIG,AVGO,-0.4568162692651145,60,0.0002759653268066434,2,6,External
AIG,AWK,0.4422321722488224,60,0.00045344185098331237,2,2,Internal
AIG,BMY,0.4552116541925685,60,0.0002917814846559104,2,0,External
AIG,BRK-B,0.6939961856445934,60,1.0973839546889378e-09,2,2,Internal
AIG,BRO,0.45271522605757425,60,0.0003180363468773524,2,2,Internal
AIG,CAH,0.46163259527854394,60,0.00023307094268819223,2,1,External
AIG,CB,0.7172327132884532,60,1.6523456446135573e-10,2,2,Internal
AIG,CBOE,0.49552743290704077,60,6.595366796955414e-05,2,2,Internal
AIG,CCI,0.4933655247810569,60,7.177089286940807e-05,2,2,Internal
AIG,CHD,0.580431659805719,60,1.4449658480077835e-06,2,2,Internal
AIG,CINF,0.5171691842325679,60,2.74034919806219e-05,2,2,Internal
AIG,CL,0.5136652174603199,60,3.171958492165364e-05,2,0,External
AIG,CME,0.475903733406373,60,0.00013919239137493575,2,2,Internal
AIG,CMS,0.5226370587391345,60,2.1740676349918158e-05,2,2,Internal
AIG,D,0.48747079014309314,60,9.011567282373362e-05,2,2,Internal
AIG,DTE,0.41060224927943256,60,0.0012372759439420622,2,2,Internal
AIG,DUK,0.5783910480466306,60,1.604405388117171e-06,2,2,Internal
AIG,ED,0.49415887201837533,60,6.958343132649842e-05,2,2,Internal
AIG,EG,0.4647115092094662,60,0.00020893738604222246,2,2,Internal
AIG,ETN,-0.4058683704905872,60,0.0014261248181715689,2,6,External
AIG,EXC,0.5101472965562877,60,3.667784281961604e-05,2,2,Internal
AIG,FDS,0.4525644228325251,60,0.0003196892225676874,2,2,Internal
AIG,FISV,0.46443751596141947,60,0.00021098856258641052,2,2,Internal
AIG,FRT,0.5011831499920785,60,5.27266141532088e-05,2,2,Internal
AIG,GL,0.4309646884220009,60,0.000655654937926276,2,2,Internal
AIG,HIG,0.6085604172997678,60,3.1656192776349144e-07,2,2,Internal
AIG,HSY,0.505118684955315,60,4.501631356627261e-05,2,2,Internal
AIG,INVH,0.5064891350330877,60,4.258555562319003e-05,2,2,Internal
AIG,IR,0.42181486366619914,60,0.0008764540644440431,2,0,External
AIG,ITW,0.4271036729384468,60,0.0007418184748480624,2,0,External
AIG,JNJ,0.5285564480918279,60,1.6844811812596133e-05,2,2,Internal
AIG,KHC,0.4070383030448392,60,0.001377191521624698,2,2,Internal
AIG,KIM,0.4607179567503918,60,0.0002407155765797419,2,2,Internal
AIG,KMB,0.5706336486086274,60,2.3732506930888533e-06,2,2,Internal
AIG,KO,0.46995610888826456,60,0.0001730261630902614,2,2,Internal
AIG,L,0.5672011772029223,60,2.8132150618650785e-06,2,2,Internal
AIG,LNT,0.4796340305140436,60,0.00012118775811420962,2,2,Internal
AIG,MA,0.5068316193371581,60,4.199731677394308e-05,2,2,Internal
AIG,MAA,0.44429031302547833,60,0.0004233179127788823,2,2,Internal
AIG,MCK,0.4107599269996588,60,0.0012313919525887907,2,0,External
AIG,MDLZ,0.46375496595644833,60,0.00021617855907350651,2,2,Internal
AIG,MET,0.5457030703827669,60,7.824961395161042e-06,2,1,External
AIG,MKC,0.47166887534275986,60,0.00016258344940878945,2,2,Internal
AIG,MMC,0.5713091815666005,60,2.2946122325721724e-06,2,2,Internal
AIG,MMM,0.4033939986132116,60,0.0015347890912271083,2,1,External
AIG,MNST,0.4858976901296526,60,9.569228853475845e-05,2,2,Internal
AIG,MO,0.4557198838372635,60,0.00028668483885760154,2,2,Internal
AIG,NRG,-0.41176219447034074,60,0.0011945751139050581,2,6,External
AIG,NSC,0.49163204624920265,60,7.677249110824828e-05,2,0,External
AIG,NVDA,-0.45383308407188067,60,0.00030602474112486407,2,6,External
AIG,O,0.4452652443825188,60,0.0004096931763902982,2,2,Internal
AIG,OTIS,0.5132256207083747,60,3.230334716583465e-05,2,0,External
AIG,PEP,0.5046098391702335,60,4.5950984986146464e-05,2,2,Internal
AIG,PFG,0.5486967849796315,60,6.8147454423916024e-06,2,1,External
AIG,PG,0.5712841866450705,60,2.2974779812177943e-06,2,2,Internal
AIG,PGR,0.4613246346517656,60,0.00023561978873831702,2,2,Internal
AIG,PNC,0.4753419928244783,60,0.00014210673236716376,2,1,External
AIG,PNW,0.4680569984756894,60,0.0001853201222282876,2,2,Internal
AIG,PPG,0.46353460512145145,60,0.00021787888997038134,2,0,External
AIG,PPL,0.5166909991575115,60,2.795863152468161e-05,2,2,Internal
AIG,PRU,0.4383746386384233,60,0.0005151981401132444,2,1,External
AIG,REG,0.44272060586466333,60,0.00044612184848294895,2,2,Internal
AIG,ROL,0.49682710136909974,60,6.266882929783317e-05,2,2,Internal
AIG,SBAC,0.4983116868159206,60,5.910136544214249e-05,2,2,Internal
AIG,SJM,0.4794432316878136,60,0.00012205413413944615,2,2,Internal
AIG,SNPS,-0.413932260841263,60,0.0011182310167569855,2,6,External
AIG,SO,0.4695762207639006,60,0.0001754239598077845,2,2,Internal
AIG,STT,0.40403997257497,60,0.0015057273091261545,2,1,External
AIG,T,0.4609369512096883,60,0.00023886464330273151,2,2,Internal
AIG,TRV,0.5972560338018323,60,5.929588823249282e-07,2,2,Internal
AIG,TSN,0.5262803853196897,60,1.8591652051135317e-05,2,2,Internal
AIG,TXT,0.4923115559255593,60,7.477488424123865e-05,2,0,External
AIG,UDR,0.4384374903502248,60,0.0005141336353493593,2,2,Internal
AIG,V,0.44218213541909374,60,0.00045419786302058077,2,2,Internal
AIG,VICI,0.4629033164906353,60,0.00022281785502903007,2,2,Internal
AIG,VLTO,0.45397296764167544,60,0.00030455112930269097,2,0,External
AIG,WEC,0.4560921280926179,60,0.0002830035241012033,2,2,Internal
AIG,XEL,0.4373556488773491,60,0.000532737787567862,2,2,Internal
AIG,ZTS,0.4023906744901605,60,0.0015809253416788434,2,2,Internal
AIZ,ALL,0.6589693272464551,60,1.3935161052079249e-08,2,2,Internal
AIZ,AMT,0.5129813457390756,60,3.263200872698615e-05,2,2,Internal
AIZ,AON,0.4191233187634232,60,0.0009531100580287923,2,2,Internal
AIZ,ATO,0.49014010106787664,60,8.133187649073632e-05,2,2,Internal
AIZ,AVB,0.486609162702323,60,9.313198876668965e-05,2,2,Internal
AIZ,AWK,0.41127144348103023,60,0.0012124766332971735,2,2,Internal
AIZ,BR,0.43827688243369695,60,0.0005168577873401044,2,2,Internal
AIZ,BRK-B,0.6305416794241337,60,8.688074970819411e-08,2,2,Internal
AIZ,BRO,0.4458299646903431,60,0.0004019846881624382,2,2,Internal
AIZ,CB,0.7429989643987557,60,1.6048509021997832e-11,2,2,Internal
AIZ,CCI,0.4961147140375878,60,6.44501954333395e-05,2,2,Internal
AIZ,CHD,0.46812605967892384,60,0.00018485940643653387,2,2,Internal
AIZ,CINF,0.6794633536780385,60,3.2854701966482926e-09,2,2,Internal
AIZ,CL,0.4870540869499967,60,9.156303950371581e-05,2,0,External
AIZ,CMS,0.4756855429148641,60,0.00014031780621394371,2,2,Internal
AIZ,CPB,0.45102715516002234,60,0.0003369904427697753,2,2,Internal
AIZ,CPT,0.5092001707377038,60,3.813005064389709e-05,2,2,Internal
AIZ,D,0.4149089899392379,60,0.0010853247927117785,2,2,Internal
AIZ,DOC,0.5305085026567479,60,1.5469193309759354e-05,2,2,Internal
AIZ,DUK,0.4775408814191491,60,0.0001310084004245345,2,2,Internal
AIZ,DVA,0.4182358061810095,60,0.0009796808454750842,2,0,External
AIZ,ED,0.5415511530814435,60,9.457824846406768e-06,2,2,Internal
AIZ,EG,0.4908291591787266,60,7.919602908867363e-05,2,2,Internal
AIZ,EQR,0.4923729693396763,60,7.459671984199262e-05,2,2,Internal
AIZ,ES,0.4204136727893187,60,0.0009156368756221881,2,2,Internal
AIZ,EXC,0.4376894290338437,60,0.0005269337657663279,2,2,Internal
AIZ,EXR,0.43329149314145515,60,0.0006082095958781308,2,2,Internal
AIZ,FISV,0.4611108762274737,60,0.0002374039032851492,2,2,Internal
AIZ,FITB,0.4545588555759381,60,0.0002984490511140499,2,1,External
AIZ,FRT,0.5555211576729872,60,4.947860196120654e-06,2,2,Internal
AIZ,GEN,0.5461441860523927,60,7.667835769973061e-06,2,0,External
AIZ,GIS,0.4601813738600029,60,0.0002453062333562438,2,2,Internal
AIZ,GL,0.44716292142371866,60,0.000384309872333797,2,2,Internal
AIZ,HBAN,0.4450177556093688,60,0.000413113570556122,2,1,External
AIZ,HCA,0.44362221805269586,60,0.0004328909531004033,2,0,External
AIZ,HIG,0.7694691656198046,60,1.0771423820620633e-12,2,2,Internal
AIZ,INVH,0.46837940965927705,60,0.0001831782346473159,2,2,Internal
AIZ,KHC,0.48386652193404567,60,0.00010336170877545866,2,2,Internal
AIZ,KIM,0.4133467790434713,60,0.0011383837028266252,2,2,Internal
AIZ,KMB,0.43590387928064156,60,0.0005586626287268459,2,2,Internal
AIZ,L,0.796274224378639,60,4.724034666968894e-14,2,2,Internal
AIZ,LEN,0.4192583129637776,60,0.0009491259558392042,2,0,External
AIZ,LNT,0.48552596827625183,60,9.705553489393235e-05,2,2,Internal
AIZ,MA,0.4975946471020385,60,6.0800372012837264e-05,2,2,Internal
AIZ,MAA,0.5136579082649316,60,3.172921090807952e-05,2,2,Internal
AIZ,MCO,0.4333900908879522,60,0.0006062695870135684,2,2,Internal
AIZ,MDLZ,0.41432428039766783,60,0.0011049174508113034,2,2,Internal
AIZ,MDT,0.4061323370659214,60,0.0014149499615937274,2,2,Internal
AIZ,MET,0.541085288131618,60,9.659588883197502e-06,2,1,External
AIZ,MKC,0.5334103591537046,60,1.3615757835174188e-05,2,2,Internal
AIZ,MMC,0.47201876331242915,60,0.0001605225033312299,2,2,Internal
AIZ,MO,0.4124922457472855,60,0.0011683839507058064,2,2,Internal
AIZ,NDSN,0.422521705064802,60,0.0008572677683246429,2,0,External
AIZ,NTRS,0.4485840416111425,60,0.0003662469471060961,2,1,External
AIZ,NVDA,-0.4350179586064608,60,0.0005750393404561835,2,6,External
AIZ,O,0.4178687942745573,60,0.0009908623495821004,2,2,Internal
AIZ,ORLY,0.40867482726837034,60,0.0013112707340442323,2,0,External
AIZ,PAYX,0.44529608716147717,60,0.00040926872550579705,2,2,Internal
AIZ,PEP,0.48974051767529797,60,8.259459054930361e-05,2,2,Internal
AIZ,PFG,0.5106387212163875,60,3.594464890827152e-05,2,1,External
AIZ,PG,0.41563911203729825,60,0.0010612988862194624,2,2,Internal
AIZ,PGR,0.4752875801708139,60,0.0001423919783653136,2,2,Internal
AIZ,PNC,0.510846459060582,60,3.563880047291441e-05,2,1,External
AIZ,PNW,0.4479254757968115,60,0.0003745192520915166,2,2,Internal
AIZ,PRU,0.5053418689074454,60,4.461192062347431e-05,2,1,External
AIZ,PSA,0.5250631575603688,60,1.959334841542613e-05,2,2,Internal
AIZ,REG,0.478617266742446,60,0.00012587059166610355,2,2,Internal
AIZ,RF,0.44835784750779456,60,0.00036906925851041384,2,1,External
AIZ,ROL,0.46008066509655937,60,0.000246176687259895,2,2,Internal
AIZ,SBAC,0.5021607644034436,60,5.070523533762108e-05,2,2,Internal
AIZ,SJM,0.458236982336958,60,0.0002626186641869329,2,2,Internal
AIZ,SO,0.43375319486608965,60,0.0005991733793874778,2,2,Internal
AIZ,STT,0.47575136758532255,60,0.00013997741077516608,2,1,External
AIZ,TFC,0.42239683108357134,60,0.0008606294961104636,2,1,External
AIZ,TRV,0.6418658432046401,60,4.286735057426193e-08,2,2,Internal
AIZ,TSN,0.45963721771160276,60,0.0002500431649978525,2,2,Internal
AIZ,UDR,0.570065808904161,60,2.4412924877669957e-06,2,2,Internal
AIZ,UHS,0.44120777960932034,60,0.00046914953775904566,2,0,External
AIZ,V,0.4785665794768325,60,0.00012610832441093507,2,2,Internal
AIZ,VICI,0.48289454853407626,60,0.00010722793841361347,2,2,Internal
AIZ,WEC,0.5063226196975098,60,4.2874295753977843e-05,2,2,Internal
AIZ,WY,0.5316681541912351,60,1.4702100904392168e-05,2,2,Internal
AIZ,XEL,0.4534878944303389,60,0.0003096890015136705,2,2,Internal
AJG,ALL,0.4110507893992666,60,0.001220603910529697,2,2,Internal
AJG,AON,0.547875787054818,60,7.078977598538288e-06,2,2,Internal
AJG,AVB,0.47267007388689086,60,0.00015674967288391707,2,2,Internal
AJG,AVGO,-0.4206838453431037,60,0.0009079610765783639,2,6,External
AJG,BRK-B,0.4065518256028689,60,0.0013973527482780941,2,2,Internal
AJG,BRO,0.5652613026303979,60,3.0944168055946394e-06,2,2,Internal
AJG,BSX,0.42178589189168547,60,0.000877248666505684,2,1,External
AJG,CBRE,0.42794017986049143,60,0.00072232690513832,2,2,Internal
AJG,CME,0.4248420472412923,60,0.000796919760284687,2,2,Internal
AJG,COO,0.44151093227964333,60,0.00046445040666582573,2,4,External
AJG,COST,0.6145532408850427,60,2.247045819251696e-07,2,4,External
AJG,CPRT,0.40931265287104956,60,0.0012863557335273217,2,2,Internal
AJG,CPT,0.44973651149827093,60,0.0003521696624635664,2,2,Internal
AJG,DOV,0.4054852085900326,60,0.0014424866264513734,2,1,External
AJG,EQR,0.4670458342270884,60,0.00019218709072593845,2,2,Internal
AJG,ESS,0.47899332861752336,60,0.00012411958811793077,2,2,Internal
AJG,FISV,0.4769730702075693,60,0.00013379549018836554,2,2,Internal
AJG,FRT,0.5028724442071844,60,4.9278937389675625e-05,2,2,Internal
AJG,GL,0.4366068469530096,60,0.0005459699734848919,2,2,Internal
AJG,L,0.4430918942640554,60,0.0004406294476615987,2,2,Internal
AJG,LLY,0.4544114226276626,60,0.00029997399629670885,2,4,External
AJG,MA,0.4599709728065652,60,0.0002471279953165819,2,2,Internal
AJG,MAA,0.5047407877746768,60,4.570875650635641e-05,2,2,Internal
AJG,MCO,0.4632240221971837,60,0.00022029613604903562,2,2,Internal
AJG,MMC,0.5525361393075784,60,5.696498085899591e-06,2,2,Internal
AJG,NDAQ,0.4754136845502628,60,0.00014173170424264855,2,1,External
AJG,NVDA,-0.4004876855023208,60,0.001671857684644998,2,6,External
AJG,PPL,0.4359136443228303,60,0.00055848449653944,2,2,Internal
AJG,PSKY,-0.42584732643146694,60,0.0007719867832773384,2,0,External
AJG,REG,0.49749514775625464,60,6.103965610403655e-05,2,2,Internal
AJG,SPGI,0.4128533519666655,60,0.0011556208560280648,2,1,External
AJG,UDR,0.4627372974625929,60,0.00022413360001611658,2,2,Internal
AJG,V,0.4097566419201682,60,0.001269264353449243,2,2,Internal
AJG,VMC,0.4128787107266251,60,0.0011547292950339599,2,1,External
AJG,WELL,0.5243000122962529,60,2.024662888062174e-05,2,2,Internal
AJG,WMT,0.4992462031807394,60,5.695270238779095e-05,2,4,External
AJG,WTW,0.4444647296707188,60,0.000420850591506127,2,2,Internal
AKAM,ODFL,0.530167203083381,60,1.5701930567183085e-05,4,0,External
AKAM,UNH,0.5275500982580755,60,1.759749903181205e-05,4,0,External
AKAM,XYZ,0.5206416425673991,60,2.3668006316003433e-05,4,4,Internal
ALB,BG,0.45184945839368146,60,0.0003276325729778947,6,0,External
ALB,CTVA,0.5370241342507736,60,1.159576928698504e-05,6,0,External
ALB,CVX,0.4244660165614156,60,0.0008064314187671057,6,6,Internal
ALB,DE,0.4369189029448146,60,0.0005404197958777298,6,0,External
ALB,DOW,0.4734543145113887,60,0.0001523146532598618,6,0,External
ALB,HAL,0.46796972770764556,60,0.00018590381841338753,6,6,Internal
ALB,LYB,0.502564711928284,60,4.989106920933322e-05,6,0,External
ALB,MOS,0.4269668046433152,60,0.0007450525318507034,6,6,Internal
ALB,NDSN,0.4250763095607508,60,0.0007910454597788068,6,0,External
ALB,OXY,0.4148508354005462,60,0.0010872593546150044,6,6,Internal
ALB,SLB,0.49747218545092076,60,6.109500078488417e-05,6,6,Internal
ALB,XOM,0.5099777350140892,60,3.693401365816514e-05,6,6,Internal
ALL,AMT,0.5181800254547608,60,2.6263378225033947e-05,2,2,Internal
ALL,AON,0.6152845537631517,60,2.1539493681702562e-07,2,2,Internal
ALL,ARE,0.40483579183514207,60,0.001470602957787705,2,2,Internal
ALL,ATO,0.6527068027729006,60,2.12022147777762e-08,2,2,Internal
ALL,AVB,0.5557471783600819,60,4.895083006802854e-06,2,2,Internal
ALL,AWK,0.4650038202651727,60,0.00020676918384343186,2,2,Internal
ALL,BR,0.52956940819572,60,1.6117418211407306e-05,2,2,Internal
ALL,BRK-B,0.6663086075186866,60,8.413868790256798e-09,2,2,Internal
ALL,BRO,0.543824660860109,60,8.528175466343097e-06,2,2,Internal
ALL,CB,0.7179732406008413,60,1.550812986027119e-10,2,2,Internal
ALL,CBRE,0.4154950549588538,60,0.0010660010585509313,2,2,Internal
ALL,CCI,0.5165421014348542,60,2.81336039072082e-05,2,2,Internal
ALL,CEG,-0.5235199396160886,60,2.0935209156502016e-05,2,6,External
ALL,CHD,0.5856883515088314,60,1.0998372736665311e-06,2,2,Internal
ALL,CINF,0.6831762829099508,60,2.4975413164090734e-09,2,2,Internal
ALL,CL,0.4692580803949996,60,0.000177455366874639,2,0,External
ALL,CLX,0.4466462825022123,60,0.0003910747881589096,2,2,Internal
ALL,CME,0.4443616121767552,60,0.0004223077214677856,2,2,Internal
ALL,CMS,0.46869585015869286,60,0.00018109805613478666,2,2,Internal
ALL,CNP,0.46640341783163675,60,0.0001966698944935435,2,2,Internal
ALL,COR,0.4242101704451795,60,0.0008129614978872281,2,0,External
ALL,CPT,0.5114187605712682,60,3.480860419456383e-05,2,2,Internal
ALL,CTAS,0.4651584425416074,60,0.00020563061562267688,2,2,Internal
ALL,D,0.44166779402306494,60,0.00046203572657818896,2,2,Internal
ALL,DOC,0.6204328132551494,60,1.5941767892957366e-07,2,2,Internal
ALL,DTE,0.5341746263906294,60,1.3163125245904291e-05,2,2,Internal
ALL,DUK,0.5339493414546211,60,1.3295075534409689e-05,2,2,Internal
ALL,ED,0.48932141297508275,60,8.393834446703932e-05,2,2,Internal
ALL,EG,0.5688131488453224,60,2.5978878535105826e-06,2,2,Internal
ALL,EQR,0.552157074231318,60,5.7987760382854535e-06,2,2,Internal
ALL,ES,0.44436349199781144,60,0.00042228111716922597,2,2,Internal
ALL,ESS,0.49096666533691224,60,7.877603139656562e-05,2,2,Internal
ALL,EVRG,0.4776671066198811,60,0.00013039610428221423,2,2,Internal
ALL,EXC,0.5150501241050226,60,2.994364797565529e-05,2,2,Internal
ALL,FISV,0.47991941261659626,60,0.00011990242606838461,2,2,Internal
ALL,FRT,0.5753347800785842,60,1.8742301581326573e-06,2,2,Internal
ALL,GIS,0.4549097334016565,60,0.0002948481859355495,2,2,Internal
ALL,GL,0.598907310476528,60,5.418290224191407e-07,2,2,Internal
ALL,HIG,0.7655004125689092,60,1.6514909003875246e-12,2,2,Internal
ALL,ICE,0.45136015699994847,60,0.00033317192560252784,2,2,Internal
ALL,INVH,0.5150396640083883,60,2.995670974591821e-05,2,2,Internal
ALL,KDP,0.5008796421540717,60,5.3369120083132616e-05,2,2,Internal
ALL,KHC,0.4663154818041913,60,0.00019729089873515217,2,2,Internal
ALL,KIM,0.4010718978634039,60,0.0016434558757265818,2,2,Internal
ALL,KMB,0.5018406044712216,60,5.135921036872695e-05,2,2,Internal
ALL,KO,0.5130358685619222,60,3.2558383778305544e-05,2,2,Internal
ALL,L,0.7505813923416751,60,7.661842449598635e-12,2,2,Internal
ALL,LNT,0.5648212732132295,60,3.1617519303338426e-06,2,2,Internal
ALL,MA,0.5412531764906527,60,9.586420589188691e-06,2,2,Internal
ALL,MAA,0.5614910558918018,60,3.7174807402012567e-06,2,2,Internal
ALL,MCK,0.4017405943598861,60,0.0016114777489587742,2,0,External
ALL,MCO,0.5877865154454961,60,9.849960905970198e-07,2,2,Internal
ALL,MDLZ,0.5219367383174452,60,2.2399900258996982e-05,2,2,Internal
ALL,MDT,0.41454282373529533,60,0.0010975574795254544,2,2,Internal
ALL,MET,0.567894328960584,60,2.718659089738679e-06,2,1,External
ALL,MKC,0.6046689131594559,60,3.939856487673538e-07,2,2,Internal
ALL,MMC,0.6093458335438264,60,3.0277911138720096e-07,2,2,Internal
ALL,NDAQ,0.4688058915348408,60,0.00018037975898721844,2,1,External
ALL,NVDA,-0.48697057403942534,60,9.185566872257376e-05,2,6,External
ALL,O,0.4576294546438565,60,0.00026825220746045216,2,2,Internal
ALL,PCG,0.4124972848413678,60,0.001168204978161788,2,2,Internal
ALL,PEP,0.4958642882112292,60,6.508739693984138e-05,2,2,Internal
ALL,PFG,0.45952203247143103,60,0.0002510565075323574,2,1,External
ALL,PG,0.5075648039691395,60,4.076315699589788e-05,2,2,Internal
ALL,PGR,0.6730013914445863,60,5.245595181016774e-09,2,2,Internal
ALL,PNC,0.40978709704576366,60,0.0012680994936094616,2,1,External
ALL,PNW,0.5485219616555914,60,6.870229685150756e-06,2,2,Internal
ALL,PPL,0.5213332943740936,60,2.2982728603832796e-05,2,2,Internal
ALL,PRU,0.4983963995299998,60,5.8903556942240503e-05,2,1,External
ALL,REG,0.5255623837412008,60,1.9176618948212484e-05,2,2,Internal
ALL,ROL,0.5171271273213575,60,2.7451904995036716e-05,2,2,Internal
ALL,RTX,0.43819193152154473,60,0.0005183039702260088,2,1,External
ALL,SBAC,0.5745331816600181,60,1.9517154128049624e-06,2,2,Internal
ALL,SHW,0.4021233795110775,60,0.0015934242545240132,2,0,External
ALL,SJM,0.4440065735966414,60,0.0004273598252219515,2,2,Internal
ALL,SO,0.5578276988493206,60,4.433313622690048e-06,2,2,Internal
ALL,SPGI,0.44444589505610216,60,0.0004211163976661527,2,1,External
ALL,STT,0.4528140448512186,60,0.00031695747121637146,2,1,External
ALL,STZ,0.47217177217749123,60,0.0001596287755071622,2,2,Internal
ALL,TDG,0.4626520641966045,60,0.0002248118497726744,2,1,External
ALL,TRV,0.6860791337945538,60,2.00998473046062e-09,2,2,Internal
ALL,TSN,0.4135013374921828,60,0.0011330321997277475,2,2,Internal
ALL,UDR,0.622022647741336,60,1.4511005442134975e-07,2,2,Internal
ALL,V,0.40777862676502324,60,0.0013470107903825058,2,2,Internal
ALL,VRSK,0.590829934965811,60,8.382277465613685e-07,2,2,Internal
ALL,VTR,0.44536392782046225,60,0.00040833652483798934,2,2,Internal
ALL,WEC,0.5597059935674493,60,4.051624379772488e-06,2,2,Internal
ALL,WELL,0.46042781287367873,60,0.0002431880281851334,2,2,Internal
ALL,WRB,0.47076220773500194,60,0.00016803723257863447,2,2,Internal
ALL,WY,0.4067147088278058,60,0.0013905730307779618,2,2,Internal
ALL,XEL,0.5876982760827478,60,9.895904522003704e-07,2,2,Internal
ALLE,AMT,0.511372746410464,60,3.487468705000937e-05,0,2,External
ALLE,ANET,-0.4018481129949649,60,0.001606388378698793,0,6,External
ALLE,AOS,0.5846048108922888,60,1.1639402269506492e-06,0,0,Internal
ALLE,ARE,0.4302354322214976,60,0.0006711999348750742,0,2,External
ALLE,ATO,0.4062570118874737,60,0.0014096993005038487,0,2,External
ALLE,AVB,0.47018059576538407,60,0.00017162337287864504,0,2,External
ALLE,AVY,0.4230677327142338,60,0.0008427069396396788,0,0,Internal
ALLE,AWK,0.5665675857705569,60,2.9023233655166068e-06,0,2,External
ALLE,AZO,0.43437117947072706,60,0.0005872687769702898,0,0,Internal
ALLE,BALL,0.515118320832557,60,2.9858618123502335e-05,0,0,Internal
ALLE,BAX,0.44865270057409073,60,0.0003653941557002161,0,0,Internal
ALLE,BBY,0.40074771087806227,60,0.001659162582809674,0,0,Internal
ALLE,BF-B,0.5470747188700608,60,7.345957356772833e-06,0,0,Internal
ALLE,BIIB,0.4103351033368571,60,0.0012473026044746002,0,0,Internal
ALLE,BLDR,0.5963664023987566,60,6.223470801752675e-07,0,0,Internal
ALLE,BRO,0.44759982088956224,60,0.00037867231526009747,0,2,External
ALLE,BXP,0.4344045728490275,60,0.000586631645081239,0,2,External
ALLE,CAG,0.7262604482923333,60,7.521188071648004e-11,0,2,External
ALLE,CHD,0.495824151170297,60,6.51900622987322e-05,0,2,External
ALLE,CL,0.5518651108221068,60,5.878715490756782e-06,0,0,Internal
ALLE,CMS,0.500432734743952,60,5.4328341475922096e-05,0,2,External
ALLE,CPB,0.5968196957816149,60,6.072063975035326e-07,0,2,External
ALLE,CPT,0.4258412150410693,60,0.0007721362044884611,0,2,External
ALLE,CTAS,0.43682071000544037,60,0.0005421606988970676,0,2,External
ALLE,D,0.5482599175414494,60,6.954183259106817e-06,0,2,External
ALLE,DGX,0.42164288932392663,60,0.0008811802939041702,0,2,External
ALLE,DHI,0.4272713949478557,60,0.0007378726792059312,0,0,Internal
ALLE,DOC,0.5794294872166912,60,1.5213193342905753e-06,0,2,External
ALLE,DTE,0.41101560852826835,60,0.0012219042318522754,0,2,External
ALLE,DUK,0.4882706773065969,60,8.739612682876724e-05,0,2,External
ALLE,ED,0.5160089810716075,60,2.8768422976056676e-05,0,2,External
ALLE,EFX,0.43985807390367665,60,0.0004905994572694762,0,0,Internal
ALLE,EQR,0.4460464985208854,60,0.00039906412109433256,0,2,External
ALLE,ES,0.5184029668788928,60,2.601790715934215e-05,0,2,External
ALLE,EXC,0.5414589260073097,60,9.497454305219813e-06,0,2,External
ALLE,EXR,0.4775396776348235,60,0.00013101425243910406,0,2,External
ALLE,F,0.5818081572083076,60,1.3459233090487517e-06,0,0,Internal
ALLE,FAST,0.5124335236368395,60,3.3380349787331806e-05,0,0,Internal
ALLE,FDX,0.40993185895918766,60,0.0012625757040364278,0,0,Internal
ALLE,FTNT,-0.43300800051147825,60,0.0006138189565173866,0,4,External
ALLE,GD,0.5522440887500566,60,5.775148017443075e-06,0,0,Internal
ALLE,GIS,0.6197929053599494,60,1.6554270192539121e-07,0,2,External
ALLE,GPC,0.716840203833589,60,1.708691927111143e-10,0,0,Internal
ALLE,GWW,0.5185683154917172,60,2.583722213484324e-05,0,0,Internal
ALLE,HCA,0.425820113102974,60,0.0007726523398725309,0,0,Internal
ALLE,HD,0.42809165095140184,60,0.0007188473787247011,0,0,Internal
ALLE,HRL,0.49658390441010497,60,6.327179413039055e-05,0,2,External
ALLE,ITW,0.6329844323935208,60,7.478137824309615e-08,0,0,Internal
ALLE,JKHY,0.5346935773598319,60,1.2863784882142114e-05,0,0,Internal
ALLE,JNJ,0.5517040681504202,60,5.9232468139197615e-06,0,2,External
ALLE,KHC,0.4623404389998055,60,0.00022730761725720322,0,2,External
ALLE,KIM,0.5277463633317999,60,1.744830144255242e-05,0,2,External
ALLE,KMB,0.4098018753053239,60,0.0012675345949973345,0,2,External
ALLE,KO,0.4730755300782375,60,0.00015444219213608202,0,2,External
ALLE,KVUE,0.41605836163767085,60,0.001047720208940221,0,0,Internal
ALLE,LEN,0.4893982183775167,60,8.369059271649786e-05,0,0,Internal
ALLE,LHX,0.6044696443907799,60,3.9839330846688026e-07,0,0,Internal
ALLE,LMT,0.48491783829193347,60,9.932430359468468e-05,0,0,Internal
ALLE,LNT,0.4199581261136931,60,0.0009287118973661593,0,2,External
ALLE,LOW,0.5555737020385217,60,4.935543684604816e-06,0,0,Internal
ALLE,MAA,0.4512689270522157,60,0.0003342141176602848,0,2,External
ALLE,MAS,0.6647600430606599,60,9.369894811788222e-09,0,0,Internal
ALLE,MCD,0.4984386525119993,60,5.8805122266465504e-05,0,0,Internal
ALLE,MDLZ,0.45139701508801927,60,0.00033275170636277567,0,2,External
ALLE,MDT,0.6181718858490511,60,1.8206397364548785e-07,0,2,External
ALLE,MHK,0.5072281090199674,60,4.132569273880596e-05,0,0,Internal
ALLE,MKC,0.42504031714147356,60,0.0007919454458694628,0,2,External
ALLE,MO,0.4865393626455251,60,9.338035662804306e-05,0,2,External
ALLE,MTD,0.43749545646531557,60,0.0005302996888112563,0,0,Internal
ALLE,NDSN,0.5366361707668169,60,1.1798461523269505e-05,0,0,Internal
ALLE,NEE,0.44566211087503105,60,0.00040426202306296914,0,2,External
ALLE,NRG,-0.41628168510157537,60,0.0010405512367122269,0,6,External
ALLE,NSC,0.45072890133743065,60,0.0003404442861436892,0,0,Internal
ALLE,NVR,0.5551918491282288,60,5.025705318753667e-06,0,0,Internal
ALLE,O,0.4802101591404508,60,0.00011860580583764823,0,2,External
ALLE,OTIS,0.5803351392090882,60,1.452160486089206e-06,0,0,Internal
ALLE,PAYX,0.4369875478221458,60,0.0005392057742718011,0,2,External
ALLE,PCAR,0.44277677457192155,60,0.0004452869832138674,0,0,Internal
ALLE,PEP,0.5052162967018259,60,4.483903384435508e-05,0,2,External
ALLE,PFE,0.462494130985546,60,0.00022607357188955966,0,0,Internal
ALLE,PHM,0.5359130168541907,60,1.2185083238325444e-05,0,0,Internal
ALLE,PNW,0.44874119101176474,60,0.00036429770860177483,0,2,External
ALLE,POOL,0.6322139035179337,60,7.8414981263475e-08,0,0,Internal
ALLE,PSA,0.4242461034208931,60,0.0008120414912356396,0,2,External
ALLE,ROL,0.4958905902403368,60,6.502020053048708e-05,0,2,External
ALLE,RVTY,0.4290760481906896,60,0.0006966010742464133,0,0,Internal
ALLE,SBAC,0.5246740969210735,60,1.9923917954566525e-05,0,2,External
ALLE,SHW,0.517696140763253,60,2.6803553558688343e-05,0,0,Internal
ALLE,SJM,0.5956491373202306,60,6.470299269559877e-07,0,2,External
ALLE,SNA,0.43208195327072735,60,0.0006324702835137022,0,0,Internal
ALLE,SO,0.6235299951465073,60,1.3266803980244518e-07,0,2,External
ALLE,SWK,0.6208612840564861,60,1.5543632202221023e-07,0,0,Internal
ALLE,SYY,0.6045873647882072,60,3.957838686948836e-07,0,2,External
ALLE,TAP,0.4401723176973728,60,0.0004855274233876731,0,2,External
ALLE,TMUS,0.4196999186558123,60,0.0009361974480221182,0,2,External
ALLE,TXT,0.5935385508684152,60,7.250900877824083e-07,0,0,Internal
ALLE,UDR,0.401024100895103,60,0.0016457632157658383,0,2,External
ALLE,UNP,0.5273604208217489,60,1.7742811808248802e-05,0,0,Internal
ALLE,VICI,0.5308802416978295,60,1.5219342041225427e-05,0,2,External
ALLE,VLTO,0.48113069842533857,60,0.00011458492216964596,0,0,Internal
ALLE,VZ,0.5286017823717968,60,1.681161778734608e-05,0,0,Internal
ALLE,WEC,0.5578971797011788,60,4.418617008021384e-06,0,2,External
ALLE,ZBH,0.410167806556512,60,0.0012536187939023535,0,0,Internal
AMAT,ANET,0.4344134560643987,60,0.0005864622624741347,6,6,Internal
AMAT,AVGO,0.43903841214870265,60,0.0005040562286378361,6,6,Internal
AMAT,HUBB,0.4294607051830871,60,0.0006880787953466545,6,6,Internal
AMAT,IR,0.4111792752760492,60,0.0012158654992254867,6,0,External
AMAT,KLAC,0.8141839926148974,60,4.456497239787951e-15,6,6,Internal
AMAT,LRCX,0.7105476329110871,60,2.903048143442257e-10,6,6,Internal
AMAT,MU,0.47219839630211174,60,0.0001594737296651593,6,6,Internal
AMAT,PEG,0.4184361592175071,60,0.00097362492038022,6,6,Internal
AMCR,AMGN,0.4678192427428934,60,0.0001869142636160477,0,0,Internal
AMCR,ARE,0.43186028588997943,60,0.0006370102625235511,0,2,External
AMCR,AVY,0.49247580226831983,60,7.429926909488323e-05,0,0,Internal
AMCR,BAX,0.4933520679038696,60,7.18085368497531e-05,0,0,Internal
AMCR,BIIB,0.40611173560422964,60,0.0014158192762826988,0,0,Internal
AMCR,CI,0.41876853894574373,60,0.0009636526915456688,0,0,Internal
AMCR,CL,0.4147315888045278,60,0.0010912359073689218,0,0,Internal
AMCR,CSX,0.4984841271881277,60,5.869935153648675e-05,0,0,Internal
AMCR,EXPD,0.49128023405719146,60,7.782592197704306e-05,0,0,Internal
AMCR,EXR,0.5293733312261788,60,1.6255903640208047e-05,0,2,External
AMCR,FDX,0.48735705709568883,60,9.050860947059431e-05,0,0,Internal
AMCR,GD,0.4193449274816948,60,0.0009465776023171116,0,0,Internal
AMCR,GPC,0.5898413123866694,60,8.834926189756363e-07,0,0,Internal
AMCR,HAL,0.40449391291769266,60,0.0014856011178040617,0,6,External
AMCR,HAS,0.4397816931738416,60,0.0004918395173371419,0,0,Internal
AMCR,HCA,0.47745878900574273,60,0.00013140802983407563,0,0,Internal
AMCR,HOLX,0.4420763782739169,60,0.0004557995271246713,0,0,Internal
AMCR,HON,0.4243863029097625,60,0.0008084608892737918,0,0,Internal
AMCR,HSIC,0.5188701722447648,60,2.55103591192053e-05,0,0,Internal
AMCR,ITW,0.4565025475579338,60,0.00027899467101590757,0,0,Internal
AMCR,JNJ,0.5234967849962088,60,2.095597568541483e-05,0,2,External
AMCR,LEN,0.4340422334547933,60,0.0005935785158682745,0,0,Internal
AMCR,LKQ,0.4582252226232074,60,0.0002627266784864648,0,0,Internal
AMCR,LYB,0.47920263072143576,60,0.00012315475028499626,0,0,Internal
AMCR,MAS,0.40796396702364485,60,0.0013395485827326534,0,0,Internal
AMCR,MMC,0.4921008190518323,60,7.538922719486763e-05,0,2,External
AMCR,MTD,0.45237157468651895,60,0.000321814330725352,0,0,Internal
AMCR,NDSN,0.49844755709174343,60,5.8784397056154e-05,0,0,Internal
AMCR,NRG,-0.4733087020061805,60,0.0001531293259252142,0,6,External
AMCR,NSC,0.513817632824761,60,3.1519472638757383e-05,0,0,Internal
AMCR,NVR,0.42901536905916254,60,0.0006979541352794218,0,0,Internal
AMCR,O,0.4344765555177643,60,0.0005852603747044125,0,2,External
AMCR,OTIS,0.441515489252638,60,0.0004643800967862156,0,0,Internal
AMCR,PAYX,0.5341152730631172,60,1.3197770283119543e-05,0,2,External
AMCR,PLD,0.41031616705174934,60,0.0012480160944792395,0,0,Internal
AMCR,PNW,0.41969990638897686,60,0.0009361978049316056,0,2,External
AMCR,POOL,0.4614789604197698,60,0.00023433934235334155,0,0,Internal
AMCR,PSA,0.5930926908416624,60,7.426717813840348e-07,0,2,External
AMCR,PSX,0.49806920828294676,60,5.967095357956052e-05,0,6,External
AMCR,REGN,0.5203355310836113,60,2.397729420286616e-05,0,0,Internal
AMCR,SBAC,0.45727942732872506,60,0.00027154780943950985,0,2,External
AMCR,SLB,0.40132138386586613,60,0.0016314592026793857,0,6,External
AMCR,SNA,0.46737146312087724,60,0.00018995070704501906,0,0,Internal
AMCR,SO,0.41693841658725617,60,0.001019724531159822,0,2,External
AMCR,STE,0.416985088982171,60,0.0010182588140422364,0,0,Internal
AMCR,SWK,0.5218610021123306,60,2.2472290413125586e-05,0,0,Internal
AMCR,SYY,0.4088718839762439,60,0.0013035273562396637,0,2,External
AMCR,TXT,0.40601695727436315,60,0.0014198247900772721,0,0,Internal
AMCR,UHS,0.4378040407350054,60,0.0005249540753703452,0,0,Internal
AMCR,UNP,0.4536002470816446,60,0.00030849198996209443,0,0,Internal
AMCR,VICI,0.4672301055468754,60,0.0001909185957335458,0,2,External
AMCR,VLO,0.4043698777816872,60,0.0014910763287247814,0,6,External
AMCR,VRSN,0.45318560192385926,60,0.0003129306830487889,0,2,External
AMCR,XOM,0.401392304640419,60,0.0016280632844276723,0,6,External
AMCR,XYL,0.5654184960550342,60,3.070688600294233e-06,0,0,Internal
AMD,AON,-0.44068295240737837,60,0.00047738696726839786,8,2,External
AMD,CHD,-0.40421936461098384,60,0.0014977446386321151,8,2,External
AMD,FDS,-0.45759412135069577,60,0.0002685832166579518,8,2,External
AMD,FISV,-0.4865407048646077,60,9.337557490819819e-05,8,2,External
AMD,GOOG,0.5718622625877794,60,2.2320477267632814e-06,8,8,Internal
AMD,GOOGL,0.5690804598818737,60,2.563704303689823e-06,8,8,Internal
AMD,MA,-0.45623343751845635,60,0.0002816173663063534,8,2,External
AMD,ROL,-0.4734109011405463,60,0.0001525571259833048,8,2,External
AMD,SBAC,-0.406552454693444,60,0.001397326506571749,8,2,External
AMD,T,-0.404409317841846,60,0.0014893333904056204,8,2,External
AMD,WEC,-0.43040743649503765,60,0.0006675037014262838,8,2,External
AMD,WTW,-0.4129807217625592,60,0.0011511490468231024,8,2,External
AME,CLX,0.4172993037542215,60,0.0010084403888896362,1,2,External
AME,DOV,0.40358859851653406,60,0.0015259817507459821,1,1,Internal
AME,FTV,0.4282083876475312,60,0.0007161761028660608,1,1,Internal
AME,J,0.4943454494425621,60,6.907798429180606e-05,1,1,Internal
AME,PH,0.4588835142116785,60,0.00025674216491609317,1,1,Internal
AME,PNR,0.5186652164981991,60,2.5731873733011145e-05,1,1,Internal
AME,TDG,0.5354973083181553,60,1.2412626172395606e-05,1,1,Internal
AME,TDY,0.4705733207438608,60,0.00016919429201438043,1,1,Internal
AME,WTW,0.42185881098986605,60,0.0008752499710525658,1,2,External
AMGN,AMT,0.47208151224419714,60,0.00016015543283319223,0,2,External
AMGN,ARE,0.5099655298310498,60,3.695251666756689e-05,0,2,External
AMGN,ATO,0.44063975353890183,60,0.00047807080861878563,0,2,External
AMGN,AVB,0.5046346728087355,60,4.590495695485912e-05,0,2,External
AMGN,AVY,0.4288444538741707,60,0.0007017780939829759,0,0,Internal
AMGN,AWK,0.48283625819674386,60,0.00010746396769838151,0,2,External
AMGN,BAX,0.4920661777296314,60,7.549065736406101e-05,0,0,Internal
AMGN,BDX,0.4972806263823,60,6.155850892768086e-05,0,0,Internal
AMGN,BIIB,0.5478985377597259,60,7.0715287964730525e-06,0,0,Internal
AMGN,BMY,0.5907493488020652,60,8.418344986422483e-07,0,0,Internal
AMGN,CAG,0.4085075179471686,60,0.001317877581534449,0,2,External
AMGN,CCI,0.44435060824866396,60,0.0004224634858817486,0,2,External
AMGN,CHD,0.5471341196782931,60,7.325843179944044e-06,0,2,External
AMGN,CI,0.4797260585987471,60,0.00012077189867785814,0,0,Internal
AMGN,CL,0.502661564072101,60,4.969766173729023e-05,0,0,Internal
AMGN,CMS,0.42664576921356084,60,0.0007526883223205323,0,2,External
AMGN,CNC,0.42746432408453205,60,0.000733357333307296,0,0,Internal
AMGN,CPB,0.4076868649660906,60,0.0013507191172204072,0,2,External
AMGN,DGX,0.4585237293905151,60,0.0002599973657189064,0,2,External
AMGN,DOC,0.41205989975703505,60,0.001183831628148824,0,2,External
AMGN,DUK,0.4791582468501664,60,0.00012335877377200492,0,2,External
AMGN,ED,0.533168406867087,60,1.3762035796888865e-05,0,2,External
AMGN,EFX,0.4617474577607274,60,0.00023212674435560778,0,0,Internal
AMGN,ELV,0.4139561282086407,60,0.0011174163378854765,0,0,Internal
AMGN,EQR,0.4344762381722452,60,0.0005852664137606325,0,2,External
AMGN,ESS,0.48876750189266777,60,8.574516719935729e-05,0,2,External
AMGN,EXR,0.5887708934013482,60,9.350788285290449e-07,0,2,External
AMGN,FISV,0.4095003769209478,60,0.001279104221193564,0,2,External
AMGN,FRT,0.42569992194226497,60,0.0007755980610557909,0,2,External
AMGN,GD,0.44896417509942427,60,0.00036154807126543507,0,0,Internal
AMGN,GIS,0.5798427546675259,60,1.4893872042200537e-06,0,2,External
AMGN,GOOGL,-0.41463241605654105,60,0.0010945530159270093,0,8,External
AMGN,HCA,0.5754754767925847,60,1.8609302095638792e-06,0,0,Internal
AMGN,HOLX,0.5374049674743597,60,1.1399951659267092e-05,0,0,Internal
AMGN,HON,0.48116296576907575,60,0.00011444627622935697,0,0,Internal
AMGN,HSIC,0.4959710806951053,60,6.481496027006967e-05,0,0,Internal
AMGN,ITW,0.4036914594317524,60,0.0015213447239020086,0,0,Internal
AMGN,JKHY,0.4273815009181437,60,0.0007352926720795058,0,0,Internal
AMGN,JNJ,0.588656424405951,60,9.407592935862033e-07,0,2,External
AMGN,KHC,0.4329573785970941,60,0.0006148255082165964,0,2,External
AMGN,KIM,0.42607936745845043,60,0.0007663327561515273,0,2,External
AMGN,KMB,0.46773849968408227,60,0.0001874584886861758,0,2,External
AMGN,KR,0.44290713299052126,60,0.0004433548624872779,0,0,Internal
AMGN,LH,0.4499603972237328,60,0.00034949273858471213,0,0,Internal
AMGN,LHX,0.41485251445119387,60,0.0010872034560357549,0,0,Internal
AMGN,MCK,0.4159519909509403,60,0.0010511504563923417,0,0,Internal
AMGN,MDLZ,0.45682444489895513,60,0.0002758867842369363,0,2,External
AMGN,MOH,0.4909460811083996,60,7.883877301918525e-05,0,0,Internal
AMGN,MTD,0.49909185767031194,60,5.7302539770105505e-05,0,0,Internal
AMGN,NRG,-0.4084128303465041,60,0.00132162991489072,0,6,External
AMGN,O,0.45505205982624186,60,0.0002933988915929478,0,2,External
AMGN,ORLY,0.4083760819249639,60,0.001323088784224761,0,0,Internal
AMGN,OTIS,0.4058631605998801,60,0.0014263461700979923,0,0,Internal
AMGN,PAYX,0.45997714142876595,60,0.000247074408935276,0,2,External
AMGN,PEP,0.5587931255239161,60,4.233129666831824e-06,0,2,External
AMGN,PFE,0.6580125524977865,60,1.4867379755742931e-08,0,0,Internal
AMGN,PG,0.530620720983216,60,1.5393371702357072e-05,0,2,External
AMGN,PNW,0.48201900633375105,60,0.0001108238016793304,0,2,External
AMGN,PSA,0.5104938182985257,60,3.6159420380288404e-05,0,2,External
AMGN,REG,0.440134569797863,60,0.0004861341660072527,0,2,External
AMGN,REGN,0.5188348079633409,60,2.5548454143722282e-05,0,0,Internal
AMGN,RL,-0.4251441333088196,60,0.0007893520452209434,0,4,External
AMGN,RVTY,0.41770968743603326,60,0.000995745378334873,0,0,Internal
AMGN,SBAC,0.5993668668949669,60,5.283529212600711e-07,0,2,External
AMGN,SJM,0.4262741216288353,60,0.0007616161873299446,0,2,External
AMGN,SNA,0.48178326053578685,60,0.00011181074979183328,0,0,Internal
AMGN,SO,0.4934178913628056,60,7.16245765119928e-05,0,2,External
AMGN,TECH,0.43221129335588604,60,0.0006298348152104962,0,0,Internal
AMGN,TSN,0.43156460727035795,60,0.0006431119840278971,0,2,External
AMGN,UBER,-0.4325643888917482,60,0.000622690585585651,0,4,External
AMGN,VICI,0.41182225551967166,60,0.0011924006195932501,0,2,External
AMGN,VRSK,0.46962756669559774,60,0.00017509810454839836,0,2,External
AMGN,VZ,0.4608970384449168,60,0.00023920101320590266,0,0,Internal
AMGN,WEC,0.49639000928006544,60,6.375634701006782e-05,0,2,External
AMGN,ZBH,0.5113734730364652,60,3.487364261187418e-05,0,0,Internal
AMGN,ZTS,0.5681447604505093,60,2.685232496196826e-06,0,2,External
AMP,AXP,0.42251326703995645,60,0.0008574945542078907,1,1,Internal
AMP,BAC,0.5008348754022283,60,5.346449683632405e-05,1,1,Internal
AMP,BRK-B,0.4001591035514055,60,0.001688024242376945,1,2,External
AMP,CB,0.41801771703842294,60,0.000986311431511009,1,2,External
AMP,CHTR,0.48338627586232064,60,0.00010525569672094089,1,0,External
AMP,CMCSA,0.4911550221285771,60,7.820404110176315e-05,1,0,External
AMP,GL,0.432543594752331,60,0.0006231092742612107,1,2,External
AMP,GS,0.4054742821782991,60,0.001442955666175803,1,1,Internal
AMP,HIG,0.4149945442194476,60,0.0010824843856648506,1,2,External
AMP,IBM,-0.42094775269278223,60,0.000900519354148579,1,1,Internal
AMP,IP,0.548132320663014,60,6.995407385285855e-06,1,1,Internal
AMP,JPM,0.5101351477733581,60,3.669614227381631e-05,1,1,Internal
AMP,L,0.45943243646690796,60,0.0002518473185858896,1,2,External
AMP,MCO,0.40311072788415164,60,0.0015476909965417096,1,2,External
AMP,MET,0.5470164485070259,60,7.36573865797344e-06,1,1,Internal
AMP,MMM,0.4026660356867038,60,0.0015681411737415503,1,1,Internal
AMP,MS,0.4955313142119191,60,6.594362647390341e-05,1,1,Internal
AMP,NDAQ,0.5284533408007797,60,1.6920533985906827e-05,1,1,Internal
AMP,NOW,0.45115491138837277,60,0.0003355207817424415,1,0,External
AMP,NTRS,0.4931892734834204,60,7.22653764366976e-05,1,1,Internal
AMP,PFG,0.4582133052185282,60,0.0002628361825421307,1,1,Internal
AMP,PNC,0.4247021997876999,60,0.0008004452892173404,1,1,Internal
AMP,PRU,0.46842333766458477,60,0.00018288816539988343,1,1,Internal
AMP,RJF,0.6303796869026657,60,8.774506309172558e-08,1,1,Internal
AMP,STT,0.44719080132918176,60,0.0003839478551293487,1,1,Internal
AMP,UPS,0.5588811660065686,60,4.215299854610273e-06,1,0,External
AMP,WFC,0.45623733064187744,60,0.00028157926495819184,1,1,Internal
AMT,AON,0.4670154716893152,60,0.00019239683973996965,2,2,Internal
AMT,AOS,0.4443147415877403,60,0.00042297155335746533,2,0,External
AMT,APH,-0.4453557270972331,60,0.0004084491085976468,2,6,External
AMT,ARE,0.6040927117309799,60,4.068576076629369e-07,2,2,Internal
AMT,ATO,0.5569012926531124,60,4.6336716638557265e-06,2,2,Internal
AMT,AVB,0.550261261760804,60,6.336458906385702e-06,2,2,Internal
AMT,AWK,0.6952759805865222,60,9.933068312214458e-10,2,2,Internal
AMT,BALL,0.500419930294529,60,5.43560570986755e-05,2,0,External
AMT,BAX,0.46840246595323615,60,0.0001830259348746171,2,0,External
AMT,BF-B,0.44885273418683913,60,0.00036291989005822093,2,0,External
AMT,BR,0.44563477481077735,60,0.0004046340101029715,2,2,Internal
AMT,BRK-B,0.4042047501931179,60,0.0014983935352646264,2,2,Internal
AMT,BRO,0.5665546026854363,60,2.9041765534495873e-06,2,2,Internal
AMT,BXP,0.46594612896005627,60,0.0001999188970689689,2,2,Internal
AMT,CAG,0.4822197723785155,60,0.00010998960790721135,2,2,Internal
AMT,CB,0.597859098767326,60,5.737827648846055e-07,2,2,Internal
AMT,CCI,0.7566700651616519,60,4.1504725126579115e-12,2,2,Internal
AMT,CHD,0.5929693426133137,60,7.476058908485869e-07,2,2,Internal
AMT,CINF,0.5519216379449282,60,5.863158736627653e-06,2,2,Internal
AMT,CL,0.5522117953718999,60,5.783906516051236e-06,2,0,External
AMT,CLX,0.44824053211844334,60,0.0003705408270501126,2,2,Internal
AMT,CMS,0.6469629311218523,60,3.089475424051041e-08,2,2,Internal
AMT,CNP,0.5064315712227696,60,4.2685168524460305e-05,2,2,Internal
AMT,CPB,0.5428518684296568,60,8.915035916495378e-06,2,2,Internal
AMT,CPT,0.598255743624,60,5.614890702341785e-07,2,2,Internal
AMT,CSX,0.4494542151344072,60,0.00035557157676238655,2,0,External
AMT,CTAS,0.4246519993173561,60,0.0008017142654403565,2,2,Internal
AMT,D,0.5848940497659783,60,1.1464948265971555e-06,2,2,Internal
AMT,DGX,0.4375851046627401,60,0.0005287416463194895,2,2,Internal
AMT,DHI,0.4490444269438597,60,0.0003605631087533194,2,0,External
AMT,DOC,0.6764201951080466,60,4.101317803438941e-09,2,2,Internal
AMT,DTE,0.6163111159512693,60,2.0293692105460805e-07,2,2,Internal
AMT,DUK,0.6511033020064335,60,2.357079908541091e-08,2,2,Internal
AMT,ECL,0.4717162980124506,60,0.00016230270344521863,2,2,Internal
AMT,ED,0.6494064757799921,60,2.6348091797260548e-08,2,2,Internal
AMT,EQR,0.5912485371589749,60,8.197243563968409e-07,2,2,Internal
AMT,ES,0.6076977093621616,60,3.3237916945396023e-07,2,2,Internal
AMT,ESS,0.49623021343404494,60,6.415825072006769e-05,2,2,Internal
AMT,EVRG,0.47298127776198173,60,0.00015497579606123658,2,2,Internal
AMT,EXC,0.6565506526542264,60,1.6406296501931856e-08,2,2,Internal
AMT,EXR,0.5842083999708364,60,1.188253582765986e-06,2,2,Internal
AMT,FDS,0.4640272657088771,60,0.0002140942110368409,2,2,Internal
AMT,FE,0.4167003635418473,60,0.0010272300432616645,2,2,Internal
AMT,FRT,0.4571728200388313,60,0.00027255885730677673,2,2,Internal
AMT,GD,0.5363214448766666,60,1.1965302507182247e-05,2,0,External
AMT,GIS,0.5823756350096333,60,1.30697146131402e-06,2,2,Internal
AMT,GOOG,-0.4026505711081301,60,0.0015688566836076774,2,8,External
AMT,GOOGL,-0.4048344739375929,60,0.0014706605120132178,2,8,External
AMT,GPC,0.49257374526305225,60,7.40169779777773e-05,2,0,External
AMT,GWW,0.4092399908658281,60,0.001289172461580455,2,0,External
AMT,HCA,0.47868387906316884,60,0.00012555879247089368,2,0,External
AMT,HD,0.428755508657454,60,0.0007037755895929926,2,0,External
AMT,HIG,0.5810923833161447,60,1.3966037491975302e-06,2,2,Internal
AMT,HRL,0.5519844114982564,60,5.845927836499116e-06,2,2,Internal
AMT,HSY,0.4646971830391755,60,0.0002090441818749378,2,2,Internal
AMT,ICE,0.4933898000186537,60,7.170303177061884e-05,2,2,Internal
AMT,INVH,0.5620105744599178,60,3.625173309979038e-06,2,2,Internal
AMT,ITW,0.5116637007339371,60,3.445877848528418e-05,2,0,External
AMT,JNJ,0.569073471677057,60,2.5645925782135924e-06,2,2,Internal
AMT,KDP,0.4210127757545418,60,0.0008986942858929516,2,2,Internal
AMT,KHC,0.5866599274614106,60,1.045183350223995e-06,2,2,Internal
AMT,KIM,0.5036275374575336,60,4.7806162569997485e-05,2,2,Internal
AMT,KMB,0.4978580882985566,60,6.017099408020331e-05,2,2,Internal
AMT,KO,0.46914020074579005,60,0.00017821350729433697,2,2,Internal
AMT,L,0.5173870809931221,60,2.7153926529128704e-05,2,2,Internal
AMT,LEN,0.46077359344791685,60,0.00024024410062250826,2,0,External
AMT,LHX,0.550033153154007,60,6.404193195420136e-06,2,0,External
AMT,LIN,0.5125756364817178,60,3.3184710685959246e-05,2,0,External
AMT,LMT,0.4300949493139055,60,0.0006742325266527295,2,0,External
AMT,LNT,0.5818319291897569,60,1.3442700302354518e-06,2,2,Internal
AMT,LOW,0.46825199333151063,60,0.00018402198371252429,2,0,External
AMT,MA,0.45050494697919025,60,0.00034305887582559275,2,2,Internal
AMT,MAA,0.5778656686992738,60,1.648039828977457e-06,2,2,Internal
AMT,MAS,0.5393129363333378,60,1.0464315279956293e-05,2,0,External
AMT,MCK,0.5676333873251437,60,2.7539015374717054e-06,2,0,External
AMT,MCO,0.4526600629664136,60,0.0003186400557321189,2,2,Internal
AMT,MDLZ,0.5556604792081798,60,4.915265457030309e-06,2,2,Internal
AMT,MDT,0.4197956446125876,60,0.0009334159878617733,2,2,Internal
AMT,MET,0.4056534539056864,60,0.0014352815797009676,2,1,External
AMT,MKC,0.5692521750402443,60,2.5419675489195788e-06,2,2,Internal
AMT,MMC,0.49760674275725447,60,6.0771342388281957e-05,2,2,Internal
AMT,MO,0.4661876810092709,60,0.00019819662452548543,2,2,Internal
AMT,MSCI,0.48870172128563627,60,8.596209834268752e-05,2,2,Internal
AMT,NDSN,0.5149760646331839,60,3.0036241266492036e-05,2,0,External
AMT,NEE,0.5133081708301052,60,3.2192973078829305e-05,2,2,Internal
AMT,NOC,0.44608637103084475,60,0.0003985284362140485,2,0,External
AMT,NSC,0.47138023126423256,60,0.00016430185609579327,2,0,External
AMT,NVDA,-0.40500946869935467,60,0.0014630359222872185,2,6,External
AMT,NVR,0.5376004460825091,60,1.1300637094537906e-05,2,0,External
AMT,O,0.5343602077643063,60,1.305534368569893e-05,2,2,Internal
AMT,ORLY,0.400206344484416,60,0.0016856913612168878,2,0,External
AMT,OTIS,0.5811066237185334,60,1.3955782810291603e-06,2,0,External
AMT,PAYX,0.40431183650121166,60,0.0014936446198566978,2,2,Internal
AMT,PEP,0.5963433254476421,60,6.231272753045193e-07,2,2,Internal
AMT,PG,0.4743084789318282,60,0.00014761519190266656,2,2,Internal
AMT,PGR,0.491225008298271,60,7.79924867556946e-05,2,2,Internal
AMT,PHM,0.46821175401315124,60,0.00018428918562879198,2,0,External
AMT,PNW,0.6650970004337988,60,9.153515833494445e-09,2,2,Internal
AMT,PPL,0.5515260475205451,60,5.972838259347574e-06,2,2,Internal
AMT,PSA,0.6539883865549629,60,1.9472656794102164e-08,2,2,Internal
AMT,REG,0.5042471904344792,60,4.662800774092028e-05,2,2,Internal
AMT,ROL,0.49846042031787285,60,5.8754470068653294e-05,2,2,Internal
AMT,ROP,0.4871650516512696,60,9.117554467815065e-05,2,2,Internal
AMT,RSG,0.41906826792160223,60,0.000954739103576275,2,2,Internal
AMT,SBAC,0.8796040659623745,60,4.830714833325165e-20,2,2,Internal
AMT,SHW,0.5646248794787196,60,3.192244067243722e-06,2,0,External
AMT,SJM,0.5246915021691642,60,1.9909019666164553e-05,2,2,Internal
AMT,SO,0.6752410923253429,60,4.466233683305924e-09,2,2,Internal
AMT,SWK,0.4066273166345867,60,0.0013942068924001315,2,0,External
AMT,SYK,0.44745227891641065,60,0.0003805676635325811,2,2,Internal
AMT,SYY,0.42918771942837336,60,0.0006941171581254035,2,2,Internal
AMT,TRV,0.4345445225335244,60,0.0005839682686381829,2,2,Internal
AMT,TSN,0.5849461291803342,60,1.143379785234202e-06,2,2,Internal
AMT,TXT,0.4416896316500491,60,0.0004617004704464914,2,0,External
AMT,UDR,0.6256658637399017,60,1.1674732362398772e-07,2,2,Internal
AMT,UNP,0.5033470897386537,60,4.8348356576716794e-05,2,0,External
AMT,VICI,0.6075483423160768,60,3.351919850247264e-07,2,2,Internal
AMT,VRSK,0.5682988200392438,60,2.6648602922788297e-06,2,2,Internal
AMT,VRSN,0.4977787256192142,60,6.035996194904795e-05,2,2,Internal
AMT,VZ,0.46678450577564823,60,0.0001939992529940433,2,0,External
AMT,WEC,0.673217401093822,60,5.1651618773790105e-09,2,2,Internal
AMT,WM,0.4110553345493019,60,0.0012204360078461687,2,2,Internal
AMT,WTW,0.46124534084088087,60,0.00023628017374487302,2,2,Internal
AMT,WY,0.5859407369664317,60,1.085388239415367e-06,2,2,Internal
AMT,XEL,0.49084176777830035,60,7.915743188366924e-05,2,2,Internal
AMT,YUM,0.4344775374062522,60,0.0005852416898137917,2,4,External
AMT,ZTS,0.473862773337032,60,0.00015005054938802722,2,2,Internal
AMZN,CPB,-0.45102898720152623,60,0.0003369693262776191,9,2,External
AMZN,CSCO,-0.4336723319685263,60,0.0006007471542628583,9,6,External
AMZN,EXPE,-0.4634592630226332,60,0.00021846303581061924,9,4,External
AMZN,MDLZ,-0.403270311900585,60,0.0015404106471476457,9,2,External
AMZN,META,0.42111113317729915,60,0.000895939927922895,9,9,Internal
AMZN,PFE,-0.40773656391149615,60,0.0013487095207821527,9,0,External
AMZN,WEC,-0.4136263056936213,60,0.0011287218020286038,9,2,External
ANET,AOS,-0.4023177271442888,60,0.0015843276690015395,6,0,External
ANET,APH,0.6257001616159438,60,1.1650699046260856e-07,6,6,Internal
ANET,AVGO,0.6318674049956996,60,8.010261534685912e-08,6,6,Internal
ANET,AWK,-0.5896923349022721,60,8.905089505070121e-07,6,2,External
ANET,BRK-B,-0.47646863923721494,60,0.00013631696579126853,6,2,External
ANET,CB,-0.44503431371129326,60,0.00041288392338741624,6,2,External
ANET,CDNS,0.7453168640677006,60,1.2837197320077146e-11,6,6,Internal
ANET,CEG,0.563640697434279,60,3.3492249796720467e-06,6,6,Internal
ANET,CL,-0.46689996418565755,60,0.00019319669748962164,6,0,External
ANET,CPB,-0.4491037284653998,60,0.00035983684723008463,6,2,External
ANET,CSGP,-0.4457809094698213,60,0.00040264902938142816,6,5,External
ANET,CTAS,-0.47107281321303085,60,0.0001661503035560171,6,2,External
ANET,DIS,-0.4485635432851626,60,0.0003665019011589194,6,1,External
ANET,DLR,0.4276482719056012,60,0.000729075462130402,6,6,Internal
ANET,ED,-0.4272730093533333,60,0.0007378347913671333,6,2,External
ANET,EQT,0.45968882865494654,60,0.00024959032973264825,6,6,Internal
ANET,ETN,0.8239055241590116,60,1.1094876945008438e-15,6,6,Internal
ANET,FITB,-0.4242582583640066,60,0.0008117304961161421,6,1,External
ANET,FOX,-0.4260380438740842,60,0.0007673369207618345,6,1,External
ANET,FOXA,-0.41237234499489345,60,0.0011726497229072055,6,1,External
ANET,GILD,-0.41362492451741395,60,0.0011287693607616909,6,1,External
ANET,GIS,-0.4046618942890822,60,0.0014782147546155977,6,2,External
ANET,GLW,0.6191243491889472,60,1.721779410807395e-07,6,6,Internal
ANET,GPC,-0.446549138293207,60,0.00039235883179830936,6,0,External
ANET,HIG,-0.4113721872936069,60,0.0012087821713836484,6,2,External
ANET,HUBB,0.7194786100519476,60,1.3623940548127728e-10,6,6,Internal
ANET,JBL,0.5381829828095167,60,1.1009419592066056e-05,6,6,Internal
ANET,JNJ,-0.554915227058992,60,5.091976153995488e-06,6,2,External
ANET,KIM,-0.41173133682897567,60,0.0011956936924017619,6,2,External
ANET,KLAC,0.43484711194247017,60,0.0005782471146400514,6,6,Internal
ANET,KMI,0.5302652979040748,60,1.5634707841861574e-05,6,6,Internal
ANET,KO,-0.46260511630517465,60,0.00022518624114058655,6,2,External
ANET,LNT,-0.4272563324023804,60,0.0007382262608337191,6,2,External
ANET,LRCX,0.40836572692152545,60,0.0013235001268007394,6,6,Internal
ANET,MA,-0.47592947874090263,60,0.00013906014543878107,6,2,External
ANET,MAA,-0.4136475236137222,60,0.0011279914212757862,6,2,External
ANET,MCD,-0.4110782571463627,60,0.0012195895390105552,6,0,External
ANET,MKC,-0.4617245899399187,60,0.00023231444461443052,6,2,External
ANET,MMC,-0.4557160923028983,60,0.00028672255885109756,6,2,External
ANET,MO,-0.44433736082078207,60,0.0004226510770679748,6,2,External
ANET,MPWR,0.549570253234478,60,6.543722713830828e-06,6,6,Internal
ANET,MU,0.45621851244632555,60,0.0002817634790521817,6,6,Internal
ANET,NRG,0.6031475969466769,60,4.288290142085659e-07,6,6,Internal
ANET,NVDA,0.6727871986389979,60,5.3265212149370595e-09,6,6,Internal
ANET,O,-0.43928903421819515,60,0.0004999065327182581,6,2,External
ANET,ORCL,0.6176284052646215,60,1.8794168201420224e-07,6,6,Internal
ANET,OTIS,-0.41847477358013835,60,0.000972461637166184,6,0,External
ANET,PAYX,-0.4174241180640973,60,0.0010045639797933458,6,2,External
ANET,PEP,-0.42162096314123404,60,0.0008817845228314867,6,2,External
ANET,PGR,-0.4038962993360965,60,0.0015121480323619003,6,2,External
ANET,PNW,-0.4225190273223771,60,0.0008573397312205771,6,2,External
ANET,PRU,-0.4739859062836409,60,0.00014937409140554378,6,1,External
ANET,PWR,0.7253979481002542,60,8.119387022552803e-11,6,6,Internal
ANET,RSG,-0.43720793520622653,60,0.0005353247987795823,6,2,External
ANET,SBAC,-0.5056703168558762,60,4.4022891141126616e-05,6,2,External
ANET,SJM,-0.4054720144418504,60,0.0014430530307816194,6,2,External
ANET,SNPS,0.6361943281346191,60,6.128303897525955e-08,6,6,Internal
ANET,SO,-0.44044911996307434,60,0.0004810991843754688,6,2,External
ANET,SYY,-0.42503795348473844,60,0.0007920045811678429,6,2,External
ANET,T,-0.6015845472745811,60,4.6762610943164654e-07,6,2,External
ANET,TT,0.49293652278931266,60,7.29799574525152e-05,6,6,Internal
ANET,TXT,-0.4049694211754968,60,0.0014647776733675713,6,0,External
ANET,VICI,-0.43401341302741064,60,0.0005941342554745757,6,2,External
ANET,VRSK,-0.4428962523948791,60,0.00044351583860838766,6,2,External
ANET,VZ,-0.4471191531969507,60,0.0003848788237022928,6,0,External
ANET,WEC,-0.40986151433412504,60,0.0012652571910476852,6,2,External
ANET,WMB,0.4713230988476411,60,0.0001646439518369243,6,6,Internal
ANET,XEL,-0.4182926041275831,60,0.000977960617452353,6,2,External
AON,ATO,0.5296752604786059,60,1.6043112309516933e-05,2,2,Internal
AON,AVB,0.5701135333940707,60,2.435504489334805e-06,2,2,Internal
AON,BR,0.4546294458838066,60,0.00029772141756358525,2,2,Internal
AON,BRK-B,0.42852672086660787,60,0.0007089372556567873,2,2,Internal
AON,BRO,0.6571131862001629,60,1.579712477168384e-08,2,2,Internal
AON,CB,0.48277519713956357,60,0.00010771172765816397,2,2,Internal
AON,CCI,0.42323125534755673,60,0.0008383899548507573,2,2,Internal
AON,CHD,0.5705041896555022,60,2.388605469172425e-06,2,2,Internal
AON,CINF,0.4613084779916375,60,0.00023575420986328885,2,2,Internal
AON,CME,0.4438473378891646,60,0.00042964349324953893,2,2,Internal
AON,CNP,0.44464977109036796,60,0.0004182472633524039,2,2,Internal
AON,CPT,0.52051817296695,60,2.3792309966836644e-05,2,2,Internal
AON,CTAS,0.4141285039362352,60,0.0011115483744063817,2,2,Internal
AON,DOC,0.48448393598300865,60,0.00010097274481678095,2,2,Internal
AON,DRI,0.4046833815830011,60,0.0014772723094397628,2,2,Internal
AON,DTE,0.4170570190190933,60,0.0010160036122369457,2,2,Internal
AON,DUK,0.40162604140563846,60,0.0016169159740345759,2,2,Internal
AON,EQR,0.565957630048323,60,2.990590472361229e-06,2,2,Internal
AON,ESS,0.5392107777136197,60,1.0512546880602276e-05,2,2,Internal
AON,EVRG,0.48338665500780686,60,0.00010525418896444556,2,2,Internal
AON,EXC,0.4470822412395357,60,0.0003853592444418352,2,2,Internal
AON,FDS,0.47060982593551415,60,0.00016897010635872603,2,2,Internal
AON,FISV,0.4951431244839001,60,6.695493015166577e-05,2,2,Internal
AON,FRT,0.5464643929721924,60,7.555621893781164e-06,2,2,Internal
AON,GL,0.4421586477811041,60,0.0004545531349604727,2,2,Internal
AON,HIG,0.5878964468374441,60,9.793002323789199e-07,2,2,Internal
AON,ICE,0.40886557807974194,60,0.0013037745100786685,2,2,Internal
AON,INVH,0.47325305023621633,60,0.00015344173912818583,2,2,Internal
AON,KIM,0.5013049020785476,60,5.247088331229947e-05,2,2,Internal
AON,KMB,0.441682343161732,60,0.0004618123403835273,2,2,Internal
AON,KO,0.4163349857197114,60,0.0010388467607285845,2,2,Internal
AON,L,0.5611641819739913,60,3.7766779005593425e-06,2,2,Internal
AON,LIN,0.4086163191383242,60,0.0013135777610967002,2,0,External
AON,LNT,0.4691642209280743,60,0.00017805878202042903,2,2,Internal
AON,MA,0.5491693228541557,60,6.666854435264006e-06,2,2,Internal
AON,MAA,0.5969190411612717,60,6.039345835994876e-07,2,2,Internal
AON,MCO,0.4850841377646088,60,9.869909416895082e-05,2,2,Internal
AON,MET,0.4526123220650864,60,0.0003191633780288785,2,1,External
AON,MMC,0.7063120494362208,60,4.115370703742291e-10,2,2,Internal
AON,NDAQ,0.4295448570800154,60,0.000686226984864342,2,1,External
AON,NI,0.4006244065414062,60,0.001665171814242845,2,6,External
AON,NVDA,-0.43470733540559564,60,0.0005808835725945414,2,6,External
AON,O,0.4331338292801004,60,0.0006113234741865013,2,2,Internal
AON,PG,0.40970487520315413,60,0.001271246553476318,2,2,Internal
AON,PNW,0.4024077533812533,60,0.001580129713783625,2,2,Internal
AON,PPL,0.44809214675094294,60,0.0003724097728539614,2,2,Internal
AON,REG,0.5737274678596627,60,2.032607547277256e-06,2,2,Internal
AON,ROL,0.5069787227686705,60,4.174696751843532e-05,2,2,Internal
AON,SBAC,0.4952026449076752,60,6.679894751920397e-05,2,2,Internal
AON,SHW,0.5165551038708464,60,2.811828424375935e-05,2,0,External
AON,SO,0.4731363731819483,60,0.00015409862680374446,2,2,Internal
AON,TJX,0.404086560540456,60,0.0015036505578967854,2,4,External
AON,TRV,0.4292954672497545,60,0.0006917281070701812,2,2,Internal
AON,UDR,0.5844476246372649,60,1.1735247896445464e-06,2,2,Internal
AON,V,0.4800644984168944,60,0.00011925378107831888,2,2,Internal
AON,VICI,0.4517071231242397,60,0.0003292352283058598,2,2,Internal
AON,VRSK,0.45151839865083326,60,0.0003313712212006433,2,2,Internal
AON,WEC,0.48846223798652216,60,8.675613536290806e-05,2,2,Internal
AON,WELL,0.44527340220287537,60,0.00040958087153373737,2,2,Internal
AON,WM,0.4274393233023546,60,0.0007339410438219318,2,2,Internal
AON,WTW,0.5198099173613803,60,2.451710428036506e-05,2,2,Internal
AON,XEL,0.4841282640629108,60,0.0001023426805774464,2,2,Internal
AOS,ARE,0.41414497320475335,60,0.0011109891861679605,0,2,External
AOS,AVY,0.6225971833090884,60,1.4024356486544853e-07,0,0,Internal
AOS,AWK,0.5491918907479544,60,6.659866618929557e-06,0,2,External
AOS,BALL,0.5072005024999195,60,4.137213300462214e-05,0,0,Internal
AOS,BF-B,0.4373565437511621,60,0.0005327221496333216,0,0,Internal
AOS,BLDR,0.4615079504930725,60,0.00023409952076117402,0,0,Internal
AOS,CAG,0.42276283400352277,60,0.000850809859155837,0,2,External
AOS,CAT,0.5772606949226099,60,1.699658607100896e-06,0,0,Internal
AOS,CB,0.4305660988746031,60,0.0006641105140009412,0,2,External
AOS,CCI,0.43166044302095447,60,0.000641128516275984,0,2,External
AOS,CHD,0.4194838667011584,60,0.0009425026431993444,0,2,External
AOS,CHRW,0.44307572452414107,60,0.000440867358523367,0,0,Internal
AOS,CHTR,0.47513491411398817,60,0.00014319509918096174,0,0,Internal
AOS,CI,0.5891539547685557,60,9.163023600254728e-07,0,0,Internal
AOS,CL,0.4378150397678997,60,0.000524764444001454,0,0,Internal
AOS,CMCSA,0.4374251685681942,60,0.0005315241689498627,0,0,Internal
AOS,CNC,0.46932783238651,60,0.00017700814934931084,0,0,Internal
AOS,COR,0.4474540328214145,60,0.00038054508200011545,0,0,Internal
AOS,CPB,0.4563184928151184,60,0.00028078601396984985,0,2,External
AOS,CSGP,0.43075446408500495,60,0.0006601023633878894,0,5,External
AOS,CTAS,0.4202277149550853,60,0.0009209540207869517,0,2,External
AOS,D,0.4151843602334028,60,0.0010762063596346618,0,2,External
AOS,DE,0.4632584209244448,60,0.00022002721179764426,0,0,Internal
AOS,DOC,0.4461066969092298,60,0.00039825561085608303,0,2,External
AOS,ED,0.44778114083936116,60,0.0003763548102766461,0,2,External
AOS,EG,0.4020419758311987,60,0.0015972482976298996,0,2,External
AOS,ES,0.44047475860041113,60,0.00048069088209076846,0,2,External
AOS,F,0.4532829926898571,60,0.00031188293812832625,0,0,Internal
AOS,FAST,0.602762634104283,60,4.3809357785092266e-07,0,0,Internal
AOS,GD,0.4596690913068015,60,0.0002497634170894666,0,0,Internal
AOS,GIS,0.49874974694183977,60,5.8085034112408404e-05,0,2,External
AOS,GPC,0.5409625058874823,60,9.713427464622264e-06,0,0,Internal
AOS,GWW,0.428870708036855,60,0.0007011894694379996,0,0,Internal
AOS,HCA,0.40125996717202606,60,0.0016344051586460939,0,0,Internal
AOS,ITW,0.6610398130360917,60,1.21034302785859e-08,0,0,Internal
AOS,JKHY,0.5007466132109224,60,5.365300227406747e-05,0,0,Internal
AOS,KHC,0.4345694064718014,60,0.0005834958522095751,0,2,External
AOS,KMB,0.42887359445351825,60,0.0007011247825418445,0,2,External
AOS,LHX,0.5670011084778839,60,2.841072985270079e-06,0,0,Internal
AOS,LMT,0.43499110374574484,60,0.0005755424901649099,0,0,Internal
AOS,LOW,0.41072306724381813,60,0.0012327651753378307,0,0,Internal
AOS,LYB,0.4030983213065456,60,0.0015482582842371404,0,0,Internal
AOS,MAS,0.5742839038767741,60,1.976415188721077e-06,0,0,Internal
AOS,MCD,0.412953629743544,60,0.0011520989115968668,0,0,Internal
AOS,MCK,0.45253449664941753,60,0.000320018156836328,0,0,Internal
AOS,MDLZ,0.40270361331132387,60,0.0015664037633261946,0,2,External
AOS,MET,0.4233629206602212,60,0.0008349285190977045,0,1,External
AOS,META,-0.4212028593740649,60,0.000893378131930344,0,9,External
AOS,MHK,0.4262583573668662,60,0.0007619969892800156,0,0,Internal
AOS,MKC,0.4093874167754897,60,0.0012834632973212654,0,2,External
AOS,MO,0.5074426514988141,60,4.0966421855329336e-05,0,2,External
AOS,MOH,0.4452319614670749,60,0.00041015165665206355,0,0,Internal
AOS,MTD,0.4377661065654058,60,0.0005256085650473543,0,0,Internal
AOS,NDSN,0.5750090579429628,60,1.9053621132041929e-06,0,0,Internal
AOS,NVDA,-0.4231706537660684,60,0.0008399874982814984,0,6,External
AOS,O,0.46263678986014356,60,0.00022493359428412503,0,2,External
AOS,ODFL,0.41017528722219937,60,0.001253335753218703,0,0,Internal
AOS,OMC,0.5237329402180607,60,2.0745068970999646e-05,0,0,Internal
AOS,OTIS,0.6154018843180308,60,2.1393550012812485e-07,0,0,Internal
AOS,PCAR,0.5677722241456497,60,2.735097663858402e-06,0,0,Internal
AOS,PEP,0.486056065599406,60,9.511682786627497e-05,0,2,External
AOS,POOL,0.5991437537615557,60,5.348557681008915e-07,0,0,Internal
AOS,SBAC,0.4483977084967651,60,0.00036857046585110344,0,2,External
AOS,SJM,0.4021424511913066,60,0.0015925295244460173,0,2,External
AOS,SO,0.4203110877489769,60,0.0009185666852454283,0,2,External
AOS,SWK,0.5151353302074755,60,2.9837445111888373e-05,0,0,Internal
AOS,SYY,0.4257556606704925,60,0.0007742307217755497,0,2,External
AOS,T,0.4535486574333055,60,0.0003090411046112316,0,2,External
AOS,TXT,0.6312151331056103,60,8.337275040315712e-08,0,0,Internal
AOS,UNP,0.47031346038316335,60,0.0001707980297768499,0,0,Internal
AOS,UPS,0.49823737441321647,60,5.9275392466702025e-05,0,0,Internal
AOS,VICI,0.4635901696424355,60,0.00021744899923149073,0,2,External
AOS,VZ,0.6144570213613432,60,2.2595723933882658e-07,0,0,Internal
AOS,WEC,0.44245529543224954,60,0.00045008454765933857,0,2,External
APA,CF,0.4088113594550072,60,0.0013059012966604518,6,6,Internal
APA,COP,0.6142312048382887,60,2.2892291207623438e-07,6,6,Internal
APA,CTRA,0.5398257745806341,60,1.022528301076013e-05,6,6,Internal
APA,CTVA,0.40312561346045217,60,0.0015470106030801417,6,0,External
APA,CVX,0.6014079266168973,60,4.7221143633362535e-07,6,6,Internal
APA,DVN,0.5845488676500575,60,1.167342982943403e-06,6,6,Internal
APA,EOG,0.6110775847211108,60,2.7435566783516907e-07,6,6,Internal
APA,FANG,0.5562890451452164,60,4.770682478781292e-06,6,6,Internal
APA,HAL,0.5432647964912871,60,8.748871623987479e-06,6,6,Internal
APA,MPC,0.5424513677493052,60,9.078998022141343e-06,6,6,Internal
APA,OXY,0.625261493626146,60,1.1961624701169265e-07,6,6,Internal
APA,PSX,0.5196975301353135,60,2.463397714045445e-05,6,6,Internal
APA,VLO,0.5614002698094006,60,3.733834786022531e-06,6,6,Internal
APA,XOM,0.6262414255073766,60,1.1277535012332837e-07,6,6,Internal
APD,CHD,0.4084370147839905,60,0.001320670609294207,0,2,External
APD,CTVA,0.43746130656208937,60,0.0005308942918443129,0,0,Internal
APD,DE,0.42431361679089197,60,0.0008103154609649024,0,0,Internal
APD,IFF,0.4652776997776783,60,0.00020475637700020222,0,0,Internal
APD,LIN,0.48941844916794774,60,8.362544608863811e-05,0,0,Internal
APD,NKE,0.4215001666708686,60,0.0008851200684403911,0,0,Internal
APD,NVDA,-0.4077731841543813,60,0.0013472304848224782,0,6,External
APD,TTWO,-0.4587355036003865,60,0.0002580767812266889,0,4,External
APH,AVB,-0.41921358634481254,60,0.0009504443125212686,6,2,External
APH,AVGO,0.5097761067920162,60,3.7240781139621434e-05,6,6,Internal
APH,AWK,-0.5506017312097619,60,6.236599904649515e-06,6,2,External
APH,BRK-B,-0.41786563572738683,60,0.0009909590759073258,6,2,External
APH,CDNS,0.47580377668470025,60,0.00013970693188318498,6,6,Internal
APH,CEG,0.43855089254804697,60,0.0005122180147358013,6,6,Internal
APH,DLR,0.435010130330816,60,0.0005751859689927326,6,6,Internal
APH,DTE,-0.427588602021546,60,0.0007304619532598673,6,2,External
APH,ED,-0.4885344172824457,60,8.651610881305553e-05,6,2,External
APH,EQR,-0.432583138039975,60,0.0006223132910677666,6,2,External
APH,EQT,0.4240784492669093,60,0.0008163420630329523,6,6,Internal
APH,ES,-0.42122746509677833,60,0.0008926920502785639,6,2,External
APH,ETN,0.7523025048221548,60,6.454336642571314e-12,6,6,Internal
APH,FITB,-0.4042115773964809,60,0.0014980903683724557,6,1,External
APH,GLW,0.6060299477713608,60,3.650827212700292e-07,6,6,Internal
APH,HUBB,0.5627222635259413,60,3.5021881716540887e-06,6,6,Internal
APH,JBL,0.43071342654430717,60,0.0006609737156842899,6,6,Internal
APH,JNJ,-0.5003537145151827,60,5.449959128062072e-05,6,2,External
APH,KMI,0.4604475586402574,60,0.00024301903297765175,6,6,Internal
APH,KO,-0.4097439965448296,60,0.0012697483012058433,6,2,External
APH,MAA,-0.4417986283783903,60,0.00046003042840803566,6,2,External
APH,MO,-0.4367442914336101,60,0.0005435190716339376,6,2,External
APH,MPWR,0.5055837460818744,60,4.4177444179563696e-05,6,6,Internal
APH,NRG,0.4623745664827119,60,0.0002270330658875983,6,6,Internal
APH,NVDA,0.48506138996511583,60,9.878440145048963e-05,6,6,Internal
APH,O,-0.40835638455381695,60,0.0013238713419286223,6,2,External
APH,ORCL,0.707884818890085,60,3.6178044620401916e-10,6,6,Internal
APH,PGR,-0.4488528106971231,60,0.00036291894660713165,6,2,External
APH,PNC,-0.4487403068198213,60,0.0003643086494229273,6,1,External
APH,PNW,-0.42326047429376235,60,0.0008376206824407981,6,2,External
APH,PRU,-0.4110576138026928,60,0.0012203518176137815,6,1,External
APH,PWR,0.6102782712003767,60,2.871482602464022e-07,6,6,Internal
APH,SBAC,-0.5441079723785973,60,8.41847843747825e-06,6,2,External
APH,T,-0.45510528431937336,60,0.000292858582715068,6,2,External
APH,TFC,-0.42577474028720175,60,0.0007737631759428844,6,1,External
APH,TT,0.5154928630657778,60,2.9395594123596324e-05,6,6,Internal
APH,UDR,-0.4032468584379339,60,0.0015414786850652606,6,2,External
APH,VICI,-0.42841163364396395,60,0.000711546649713035,6,2,External
APH,VRSN,-0.4025883389999798,60,0.0015717389758017199,6,2,External
APH,WMB,0.40791063960188056,60,0.0013416918498906293,6,6,Internal
APH,WY,-0.4170493573048598,60,0.001016243613495384,6,2,External
APTV,GM,0.4501007260714044,60,0.0003478243310588554,0,0,Internal
APTV,ITW,0.4987418276216882,60,5.8103263664191245e-05,0,0,Internal
APTV,ON,0.4090070914348132,60,0.0012982381373782108,0,5,External
APTV,PPG,0.4944705908365136,60,6.874086650423205e-05,0,0,Internal
APTV,SWK,0.47599564588376336,60,0.00013872079313874202,0,0,Internal
APTV,UNP,0.4277487818543566,60,0.0007267453877218547,0,0,Internal
ARE,ATO,0.4408871147281838,60,0.0004741670605704987,2,2,Internal
ARE,AVB,0.5897025516923856,60,8.900261124613133e-07,2,2,Internal
ARE,AVY,0.43800352924655256,60,0.0005215243870208428,2,0,External
ARE,AWK,0.5214112844088089,60,2.2906620847032696e-05,2,2,Internal
ARE,BAX,0.43862943071091354,60,0.0005108951239224698,2,0,External
ARE,BF-B,0.47444228412043665,60,0.00014689117333096068,2,0,External
ARE,BRO,0.4841826396924355,60,0.00010213214347025615,2,2,Internal
ARE,BXP,0.5894172660972969,60,9.036011050751073e-07,2,2,Internal
ARE,CAG,0.4078771583681692,60,0.0013430390573665584,2,2,Internal
ARE,CB,0.4044897651333567,60,0.0014857839192962826,2,2,Internal
ARE,CCI,0.537146731886483,60,1.1532393436572444e-05,2,2,Internal
ARE,CHD,0.4990009292343713,60,5.750956280923291e-05,2,2,Internal
ARE,CMS,0.4873158415669825,60,9.065139342514283e-05,2,2,Internal
ARE,CNP,0.4400337947381375,60,0.00048775735077402654,2,2,Internal
ARE,CPB,0.4305490252920449,60,0.0006644749024093175,2,2,Internal
ARE,CPT,0.5581726278288542,60,4.36079982822299e-06,2,2,Internal
ARE,DOC,0.7372306511890129,60,2.769033460502043e-11,2,2,Internal
ARE,DTE,0.4219002518972619,60,0.0008741159172849921,2,2,Internal
ARE,ED,0.4203716670653779,60,0.0009168355308996996,2,2,Internal
ARE,EQR,0.579609126051213,60,1.507361221005573e-06,2,2,Internal
ARE,ESS,0.5771791683735604,60,1.7067292358626996e-06,2,2,Internal
ARE,EXR,0.49641596041189795,60,6.369129642349005e-05,2,2,Internal
ARE,FDS,0.41108312896627014,60,0.001219409704031417,2,2,Internal
ARE,FRT,0.4700765901133679,60,0.00017227199188751455,2,2,Internal
ARE,GD,0.4805708446967105,60,0.00011701516638202744,2,0,External
ARE,GIS,0.494315893658118,60,6.91578263401287e-05,2,2,Internal
ARE,HIG,0.4475880907172858,60,0.00037882268820650276,2,2,Internal
ARE,INVH,0.5375959560032119,60,1.1302909271603984e-05,2,2,Internal
ARE,ITW,0.5228495417059003,60,2.1544243921832117e-05,2,0,External
ARE,JNJ,0.407200567829196,60,0.0013705250322988566,2,2,Internal
ARE,KHC,0.45812594845750987,60,0.0002636401394607816,2,2,Internal
ARE,KIM,0.5114844799060025,60,3.471442254056301e-05,2,2,Internal
ARE,KMB,0.4203303525468574,60,0.0009180158423590299,2,2,Internal
ARE,L,0.4334656206267989,60,0.0006047872568322011,2,2,Internal
ARE,LHX,0.48443351099792537,60,0.00010116593575705245,2,0,External
ARE,LMT,0.5719866452831971,60,2.2181988108182206e-06,2,0,External
ARE,LNT,0.42219914561979366,60,0.0008659757071590464,2,2,Internal
ARE,MAA,0.5536415544171798,60,5.407750446309714e-06,2,2,Internal
ARE,MDLZ,0.4790537244531243,60,0.00012384046700790151,2,2,Internal
ARE,MMC,0.4077383330301614,60,0.0013486380352718999,2,2,Internal
ARE,NDSN,0.49224462561438176,60,7.496949936033292e-05,2,0,External
ARE,NEE,0.4382055378450407,60,0.0005180720930496129,2,2,Internal
ARE,NOC,0.4067127660126607,60,0.0013906537226603566,2,0,External
ARE,NVR,0.4349040387576352,60,0.000577176474443642,2,0,External
ARE,O,0.49578075637076574,60,6.530122834595275e-05,2,2,Internal
ARE,OTIS,0.5066771457753922,60,4.226170018969427e-05,2,0,External
ARE,PAYX,0.4096145853917504,60,0.0012747104982090867,2,2,Internal
ARE,PEP,0.5065116390900983,60,4.2546671225434706e-05,2,2,Internal
ARE,PNW,0.48261947139322564,60,0.00010834597304797396,2,2,Internal
ARE,PPL,0.4190464094504094,60,0.0009553866277082725,2,2,Internal
ARE,PSA,0.5232265685039781,60,2.119973773754221e-05,2,2,Internal
ARE,REG,0.49575216938580663,60,6.537455602448744e-05,2,2,Internal
ARE,SBAC,0.591605513004273,60,8.042480599922875e-07,2,2,Internal
ARE,SJM,0.4000522300606351,60,0.001693312604156147,2,2,Internal
ARE,SLB,0.4089650444817194,60,0.0012998809151539593,2,6,External
ARE,SO,0.5439445415497252,60,8.481596952235618e-06,2,2,Internal
ARE,SYY,0.5079418999728479,60,4.014151912393637e-05,2,2,Internal
ARE,TXT,0.49628094053955174,60,6.403041452428784e-05,2,0,External
ARE,UDR,0.5458906648429651,60,7.757777692556822e-06,2,2,Internal
ARE,UNP,0.41077521551894075,60,0.0012308227770831501,2,0,External
ARE,VICI,0.5925890842489874,60,7.630108109031855e-07,2,2,Internal
ARE,VRSK,0.41661798735392586,60,0.0010298388246331907,2,2,Internal
ARE,VTR,0.40779208485587387,60,0.001346467684073222,2,2,Internal
ARE,WEC,0.5162356736812632,60,2.849688432789008e-05,2,2,Internal
ARE,WELL,0.41195219123072996,60,0.0011877085047277726,2,2,Internal
ARE,WY,0.45704352053898795,60,0.00027378972148085675,2,2,Internal
ARE,XEL,0.44221729681721245,60,0.00045366648608557097,2,2,Internal
ARE,XYL,0.42705096612944143,60,0.0007430623772964873,2,0,External
ATO,AVB,0.6661218084318007,60,8.524095082508946e-09,2,2,Internal
ATO,AWK,0.6992959237666644,60,7.239123307431643e-10,2,2,Internal
ATO,BDX,0.40431962932616333,60,0.0014932995617634303,2,0,External
ATO,BR,0.49119299002777955,60,7.808920623443403e-05,2,2,Internal
ATO,BRK-B,0.5220081913567267,60,2.233180206169474e-05,2,2,Internal
ATO,BRO,0.5976410942164787,60,5.806466889421129e-07,2,2,Internal
ATO,BXP,0.4350833487249696,60,0.0005738158647303506,2,2,Internal
ATO,CAG,0.4485184213845142,60,0.00036706368729797157,2,2,Internal
ATO,CB,0.5763571687318089,60,1.7795725406089133e-06,2,2,Internal
ATO,CBOE,0.42729044885492146,60,0.0007374256227322243,2,2,Internal
ATO,CCI,0.609104376265273,60,3.0695511511598507e-07,2,2,Internal
ATO,CHD,0.6575598058398354,60,1.5328759858748985e-08,2,2,Internal
ATO,CINF,0.49573944322384167,60,6.54072239332201e-05,2,2,Internal
ATO,CL,0.560607729638272,60,3.879478348132412e-06,2,0,External
ATO,CLX,0.5020690271620117,60,5.089183313723264e-05,2,2,Internal
ATO,CME,0.503968875523734,60,4.7153817788763466e-05,2,2,Internal
ATO,CMS,0.7542265018997611,60,5.3194955385347035e-12,2,2,Internal
ATO,CNP,0.7480737337671866,60,9.812554741983144e-12,2,2,Internal
ATO,COR,0.45465670391443946,60,0.00029744087913143356,2,0,External
ATO,CPB,0.5303770969190819,60,1.5558419382518007e-05,2,2,Internal
ATO,CPT,0.5425621165467998,60,9.033380066053727e-06,2,2,Internal
ATO,CTAS,0.5938858627296634,60,7.11665573450355e-07,2,2,Internal
ATO,D,0.7446047987682914,60,1.3752072833290147e-11,2,2,Internal
ATO,DGX,0.4727796211576017,60,0.0001561231385543559,2,2,Internal
ATO,DOC,0.6393378023456882,60,5.0315837533391645e-08,2,2,Internal
ATO,DTE,0.7488080794319774,60,9.129498597346374e-12,2,2,Internal
ATO,DUK,0.7348368345516222,60,3.458100556271946e-11,2,2,Internal
ATO,DVA,0.4158702733734223,60,0.0010537925536418034,2,0,External
ATO,ECL,0.4643328341357163,60,0.0002117770810402435,2,2,Internal
ATO,ED,0.7530819776551914,60,5.969257423252994e-12,2,2,Internal
ATO,EQR,0.6293626901046706,60,9.335903148751232e-08,2,2,Internal
ATO,ES,0.6856932384706917,60,2.0691580074532308e-09,2,2,Internal
ATO,ESS,0.6137459934225618,60,2.3541944775693316e-07,2,2,Internal
ATO,ETR,0.4582174506375044,60,0.0002627980872961226,2,6,External
ATO,EVRG,0.7040800654771031,60,4.934080823953287e-10,2,2,Internal
ATO,EXC,0.7645060279093717,60,1.8357403098112e-12,2,2,Internal
ATO,EXR,0.40834996329564593,60,0.0013241265421849665,2,2,Internal
ATO,FDS,0.4763784667689963,60,0.00013677226953674385,2,2,Internal
ATO,FE,0.5284317464977099,60,1.6936432798001747e-05,2,2,Internal
ATO,FISV,0.5879459611232399,60,9.767448444065974e-07,2,2,Internal
ATO,FRT,0.6398594200435415,60,4.8685598092700524e-08,2,2,Internal
ATO,GIS,0.5360189503780287,60,1.2127721744028616e-05,2,2,Internal
ATO,GL,0.47562933741612873,60,0.0001406090588409368,2,2,Internal
ATO,GOOG,-0.4882917155246799,60,8.732562799406759e-05,2,8,External
ATO,GOOGL,-0.4951338900278448,60,6.697916052694025e-05,2,8,External
ATO,GPC,0.43764005935102224,60,0.0005277886137247308,2,0,External
ATO,HIG,0.602824294200584,60,4.365971328797741e-07,2,2,Internal
ATO,HON,0.4280563153555756,60,0.0007196577343051535,2,0,External
ATO,HRL,0.46962429897773755,60,0.00017511882586054964,2,2,Internal
ATO,INVH,0.4655434160811125,60,0.00020282069600350647,2,2,Internal
ATO,ITW,0.41251641197721245,60,0.0011675258676966964,2,0,External
ATO,JNJ,0.4735020272161475,60,0.0001520485750709957,2,2,Internal
ATO,KDP,0.5073540298466062,60,4.111447585783721e-05,2,2,Internal
ATO,KHC,0.5046740476982672,60,4.583206456092497e-05,2,2,Internal
ATO,KIM,0.5235190265708086,60,2.093602767216233e-05,2,2,Internal
ATO,KMB,0.6030375285870593,60,4.3145898743806925e-07,2,2,Internal
ATO,KO,0.7014746615851191,60,6.085193337928977e-10,2,2,Internal
ATO,KVUE,0.5567251938132814,60,4.672699172119484e-06,2,0,External
ATO,L,0.5969097123530799,60,6.042411113415612e-07,2,2,Internal
ATO,LNT,0.8704128099334278,60,3.453699592050366e-19,2,2,Internal
ATO,MA,0.5094193000596055,60,3.778941952174052e-05,2,2,Internal
ATO,MAA,0.5827961353388974,60,1.2787913550326453e-06,2,2,Internal
ATO,MCK,0.4155765868487984,60,0.001063337474789727,2,0,External
ATO,MCO,0.5204020412709448,60,2.3909777439283944e-05,2,2,Internal
ATO,MDLZ,0.5928582282377557,60,7.520769137400504e-07,2,2,Internal
ATO,MDT,0.44172784283919864,60,0.00046111437505499443,2,2,Internal
ATO,MET,0.44950822182332073,60,0.00035491844542190267,2,1,External
ATO,MKC,0.5396553972386291,60,1.0304126713242431e-05,2,2,Internal
ATO,MMC,0.5679556780270072,60,2.710434723266353e-06,2,2,Internal
ATO,MNST,0.4305386399862497,60,0.0006646966365195373,2,2,Internal
ATO,MO,0.44865215329641667,60,0.0003654009461152745,2,2,Internal
ATO,MSFT,-0.4563482987355016,60,0.00028049521314969973,2,0,External
ATO,NEE,0.5150089588077188,60,2.9995082496719186e-05,2,2,Internal
ATO,NI,0.6102824233885573,60,2.8708038220526886e-07,2,6,External
ATO,NSC,0.4151757713255114,60,0.0010764897219940046,2,0,External
ATO,NVDA,-0.4220267803512586,60,0.0008706615933709174,2,6,External
ATO,O,0.6769815832939091,60,3.937668460950512e-09,2,2,Internal
ATO,OKE,0.4257831952369158,60,0.0007735560690500429,2,6,External
ATO,PAYX,0.5895672890246835,60,8.964384409920476e-07,2,2,Internal
ATO,PEP,0.6104538876360869,60,2.842904908578705e-07,2,2,Internal
ATO,PG,0.5439225218854818,60,8.490134711340778e-06,2,2,Internal
ATO,PGR,0.5105141755571176,60,3.6129175951904846e-05,2,2,Internal
ATO,PNW,0.8160676128044876,60,3.425891486201173e-15,2,2,Internal
ATO,PPL,0.8245854991941614,60,1.0034787415622843e-15,2,2,Internal
ATO,PSA,0.544402654690996,60,8.305771869721892e-06,2,2,Internal
ATO,REG,0.5967523523080384,60,6.094337130121296e-07,2,2,Internal
ATO,ROL,0.5947054247222902,60,6.809050969108264e-07,2,2,Internal
ATO,RSG,0.5242900901989628,60,2.0255253913704676e-05,2,2,Internal
ATO,SBAC,0.6755986296348255,60,4.3524556666749184e-09,2,2,Internal
ATO,SHW,0.42485069043068086,60,0.0007967023278992096,2,0,External
ATO,SJM,0.47383598501005086,60,0.0001501980881437421,2,2,Internal
ATO,SNA,0.4072457329211136,60,0.00136867462915306,2,0,External
ATO,SO,0.746485902123752,60,1.1459647174447346e-11,2,2,Internal
ATO,SPG,0.4900010501032815,60,8.17692598529895e-05,2,2,Internal
ATO,SPGI,0.4051922380638462,60,0.0014551104571830199,2,1,External
ATO,STT,0.4051258623718753,60,0.001457984255844056,2,1,External
ATO,STZ,0.4153226676624784,60,0.001071652603745973,2,2,Internal
ATO,SYK,0.40125818947433534,60,0.0016344904998307882,2,2,Internal
ATO,SYY,0.47625398952740655,60,0.0001374030773283786,2,2,Internal
ATO,T,0.4916326241910282,60,7.67707714232937e-05,2,2,Internal
ATO,TAP,0.41047077042380875,60,0.0012422015886756278,2,2,Internal
ATO,TRV,0.4393748591276101,60,0.0004984926200716314,2,2,Internal
ATO,TSN,0.5192894163265792,60,2.5062729846532025e-05,2,2,Internal
ATO,TXT,0.438556935612427,60,0.0005121161155883584,2,0,External
ATO,UDR,0.6438305609530538,60,3.781034515454994e-08,2,2,Internal
ATO,V,0.5055538811715667,60,4.4230877461172334e-05,2,2,Internal
ATO,VICI,0.5806233179774368,60,1.4307783947474897e-06,2,2,Internal
ATO,VRSK,0.5774965075808435,60,1.679360932467295e-06,2,2,Internal
ATO,VTR,0.4554073137425258,60,0.00028980966716007114,2,2,Internal
ATO,WEC,0.8379339906793488,60,1.2747947994733328e-16,2,2,Internal
ATO,WELL,0.5516915784841757,60,5.926713532452732e-06,2,2,Internal
ATO,WM,0.5428683556888539,60,8.908345515455868e-06,2,2,Internal
ATO,WRB,0.5690424857656211,60,2.568534677743854e-06,2,2,Internal
ATO,WTW,0.5078047359469064,60,4.0366612173536173e-05,2,2,Internal
ATO,WY,0.4506978289962146,60,0.00034080595781404885,2,2,Internal
ATO,XEL,0.7724346544443493,60,7.783350597691627e-13,2,2,Internal
ATO,ZTS,0.4132065606249913,60,0.001143258349447418,2,2,Internal
AVB,AWK,0.5139065860779187,60,3.140322234054892e-05,2,2,Internal
AVB,BAX,0.4061232653757044,60,0.0014153326983931407,2,0,External
AVB,BR,0.5394926374987843,60,1.0379972499284325e-05,2,2,Internal
AVB,BRK-B,0.4922357149284209,60,7.49954443351608e-05,2,2,Internal
AVB,BRO,0.6538498224242807,60,1.9653021626209497e-08,2,2,Internal
AVB,BXP,0.6194817965163244,60,1.6859987794919067e-07,2,2,Internal
AVB,CAG,0.4316555496103215,60,0.0006412296586108925,2,2,Internal
AVB,CB,0.5169693746547175,60,2.7634204878872768e-05,2,2,Internal
AVB,CBRE,0.4615927472602366,60,0.00023339932185725682,2,2,Internal
AVB,CCI,0.4794839321223196,60,0.00012186884698098163,2,2,Internal
AVB,CHD,0.6408229365188268,60,4.580440126875829e-08,2,2,Internal
AVB,CINF,0.41664670817148125,60,0.001028928584888167,2,2,Internal
AVB,CL,0.5111468692209686,60,3.52007632061717e-05,2,0,External
AVB,CME,0.4483287206121238,60,0.00036943412042935716,2,2,Internal
AVB,CMS,0.5057600543455377,60,4.3863211481646035e-05,2,2,Internal
AVB,CNP,0.5208041946512324,60,2.3505272910354545e-05,2,2,Internal
AVB,CPB,0.49389515704132625,60,7.030365603128356e-05,2,2,Internal
AVB,CPT,0.8568671203322408,60,4.846015407410087e-18,2,2,Internal
AVB,CTAS,0.5144697243459798,60,3.067642382987188e-05,2,2,Internal
AVB,D,0.5261142016911977,60,1.872555424868439e-05,2,2,Internal
AVB,DGX,0.5255597013647837,60,1.9178835948038634e-05,2,2,Internal
AVB,DOC,0.708243059957219,60,3.5127443402145565e-10,2,2,Internal
AVB,DRI,0.4420091964019101,60,0.0004568196409387229,2,2,Internal
AVB,DTE,0.5664964349682547,60,2.9124929020452137e-06,2,2,Internal
AVB,DUK,0.5161967454411601,60,2.8543344404233652e-05,2,2,Internal
AVB,ECL,0.4031368482797948,60,0.001546497256811216,2,2,Internal
AVB,ED,0.5710380171767795,60,2.32588127165373e-06,2,2,Internal
AVB,EG,0.4005319600485327,60,0.0016696899642187212,2,2,Internal
AVB,EQR,0.9335673843368465,60,4.466658416297429e-27,2,2,Internal
AVB,ES,0.48095770398382726,60,0.00011533087474495125,2,2,Internal
AVB,ESS,0.8844227562458863,60,1.6138210895163557e-20,2,2,Internal
AVB,ETN,-0.4409044006633094,60,0.0004738953460786919,2,6,External
AVB,EVRG,0.5414731842244555,60,9.491317560059735e-06,2,2,Internal
AVB,EXC,0.5544162678919587,60,5.2135756963998845e-06,2,2,Internal
AVB,EXR,0.6421722699288532,60,4.2038735250336486e-08,2,2,Internal
AVB,FDS,0.5236720322248495,60,2.0799276008028317e-05,2,2,Internal
AVB,FISV,0.5762555657570511,60,1.78877545117458e-06,2,2,Internal
AVB,FRT,0.7410471568156888,60,1.9332527738420954e-11,2,2,Internal
AVB,GD,0.5545965422634447,60,5.169332929053306e-06,2,0,External
AVB,GIS,0.4984701448466731,60,5.873185474856525e-05,2,2,Internal
AVB,GL,0.42301797970802596,60,0.0008440243902562352,2,2,Internal
AVB,HD,0.4818213601849491,60,0.00011165070128008353,2,0,External
AVB,HIG,0.5803375309888363,60,1.451981798837206e-06,2,2,Internal
AVB,HON,0.40447175036532723,60,0.00148657810168716,2,0,External
AVB,INVH,0.6962660902387309,60,9.192846328545979e-10,2,2,Internal
AVB,ITW,0.4921219359998094,60,7.532745807543955e-05,2,0,External
AVB,JNJ,0.5498417410960533,60,6.461550286097385e-06,2,2,Internal
AVB,KHC,0.4330402250282611,60,0.0006131789909349271,2,2,Internal
AVB,KIM,0.7122546980997161,60,2.517736836017691e-10,2,2,Internal
AVB,KMB,0.5033294929564697,60,4.8382565112865986e-05,2,2,Internal
AVB,KO,0.4883176996486895,60,8.723862764470277e-05,2,2,Internal
AVB,L,0.604177990621412,60,4.0492796344039994e-07,2,2,Internal
AVB,LHX,0.47547494709336,60,0.00014141195136810735,2,0,External
AVB,LMT,0.4212162683345368,60,0.0008930041907801101,2,0,External
AVB,LNT,0.6250913667494756,60,1.2084298266809875e-07,2,2,Internal
AVB,LOW,0.440904475456852,60,0.0004738941707196625,2,0,External
AVB,MA,0.5219441306693029,60,2.2392846083119115e-05,2,2,Internal
AVB,MAA,0.8931133413319067,60,1.9642478290992545e-21,2,2,Internal
AVB,MCO,0.5206043377026115,60,2.370549964807524e-05,2,2,Internal
AVB,MDLZ,0.5029084795534567,60,4.920771186062276e-05,2,2,Internal
AVB,MDT,0.4160540245959291,60,0.0010478598727433057,2,2,Internal
AVB,MET,0.44765377255361516,60,0.000377981389947328,2,1,External
AVB,MKC,0.5249617936225671,60,1.967898030298638e-05,2,2,Internal
AVB,MMC,0.6182434511487318,60,1.8130300706564624e-07,2,2,Internal
AVB,MSCI,0.41575754755065486,60,0.0010574470243242527,2,2,Internal
AVB,MSFT,-0.5043338111198536,60,4.6465465658841087e-05,2,0,External
AVB,NDAQ,0.42913514771249556,60,0.0006952855171987485,2,1,External
AVB,NDSN,0.43475733483588974,60,0.0005799392373770681,2,0,External
AVB,NI,0.4156493192127553,60,0.001060966422938935,2,6,External
AVB,NOC,0.41489682630974334,60,0.0010857291701223553,2,0,External
AVB,NVDA,-0.5287594555930241,60,1.6696640251145863e-05,2,6,External
AVB,NVR,0.4356818823902573,60,0.0005627261748916459,2,0,External
AVB,O,0.6515168955016677,60,2.293703458075564e-08,2,2,Internal
AVB,ORLY,0.4429097435964303,60,0.00044331624701742965,2,0,External
AVB,OTIS,0.42589778549800605,60,0.000770754075860235,2,0,External
AVB,PAYX,0.5543608469979158,60,5.227247768699093e-06,2,2,Internal
AVB,PEP,0.5866064383013164,60,1.0481248758370506e-06,2,2,Internal
AVB,PFG,0.40606098794393075,60,0.0014179627068859983,2,1,External
AVB,PG,0.4584178276786276,60,0.0002609626733559485,2,2,Internal
AVB,PKG,0.4167454775054015,60,0.001025803847486915,2,2,Internal
AVB,PLD,0.48610280504887715,60,9.49476077475149e-05,2,0,External
AVB,PNW,0.6007758130268693,60,4.889700199278512e-07,2,2,Internal
AVB,PPL,0.5810669093457542,60,1.398439918450992e-06,2,2,Internal
AVB,PSA,0.65824430462952,60,1.4636315923459659e-08,2,2,Internal
AVB,REG,0.7728292478077783,60,7.451285996104687e-13,2,2,Internal
AVB,ROL,0.5874597440788429,60,1.0021107529673948e-06,2,2,Internal
AVB,ROP,0.5619464161712922,60,3.6364560344877726e-06,2,2,Internal
AVB,RSG,0.5296786933808177,60,1.6040707817366607e-05,2,2,Internal
AVB,RTX,0.5167254906443578,60,2.791824382092102e-05,2,1,External
AVB,SBAC,0.5911451903992209,60,8.242566575503303e-07,2,2,Internal
AVB,SHW,0.4843765802955326,60,0.00010138445974034011,2,0,External
AVB,SJM,0.45991190848145214,60,0.0002476416202063873,2,2,Internal
AVB,SNA,0.42673169538042155,60,0.0007506376781396926,2,0,External
AVB,SO,0.5822801069934219,60,1.3134538219019216e-06,2,2,Internal
AVB,SPG,0.6122824328463354,60,2.560804925817242e-07,2,2,Internal
AVB,SYK,0.4147012044751113,60,0.0010922512331905149,2,2,Internal
AVB,SYY,0.4497432504117941,60,0.0003520888159906969,2,2,Internal
AVB,TJX,0.4020347758005715,60,0.0015975869237960217,2,4,External
AVB,TSN,0.5309601708866275,60,1.5166111781212882e-05,2,2,Internal
AVB,TXT,0.46550970160139754,60,0.0002030653680697767,2,0,External
AVB,UDR,0.8558349652984292,60,5.8605436643249e-18,2,2,Internal
AVB,V,0.5177116841771403,60,2.6786043363008473e-05,2,2,Internal
AVB,VICI,0.6395286690373992,60,4.971343140305065e-08,2,2,Internal
AVB,VRSK,0.4936717344503699,60,7.091920205514607e-05,2,2,Internal
AVB,VTR,0.5989534239687913,60,5.404623718019314e-07,2,2,Internal
AVB,WEC,0.5955706781046254,60,6.497848905767972e-07,2,2,Internal
AVB,WELL,0.641751206426043,60,4.318128268623963e-08,2,2,Internal
AVB,WM,0.5833578681885986,60,1.2420329082828644e-06,2,2,Internal
AVB,WRB,0.5052411070619206,60,4.479407676745096e-05,2,2,Internal
AVB,WTW,0.45986659609622077,60,0.0002480363181284272,2,2,Internal
AVB,WY,0.634329969698173,60,6.881365310841387e-08,2,2,Internal
AVB,XEL,0.5358548639327134,60,1.2216679216285552e-05,2,2,Internal
AVGO,BRK-B,-0.5267632385358229,60,1.820761212609635e-05,6,2,External
AVGO,CB,-0.5451770299614507,60,8.016251242594267e-06,6,2,External
AVGO,CDNS,0.42515922712298254,60,0.0007889756305310776,6,6,Internal
AVGO,CEG,0.5019346756730864,60,5.1166253333107073e-05,6,6,Internal
AVGO,COST,-0.4096647519841824,60,0.0012727848248026323,6,4,External
AVGO,CSX,-0.44141542761227986,60,0.0004659261810205914,6,0,External
AVGO,DLR,0.4374931923479064,60,0.000530339091924339,6,6,Internal
AVGO,DRI,-0.4256843227833685,60,0.0007759811180212925,6,2,External
AVGO,EG,-0.4754379773433749,60,0.00014160483157907465,6,2,External
AVGO,EQT,0.5170036138734189,60,2.7594542948237846e-05,6,6,Internal
AVGO,ETN,0.7307140685429424,60,5.042555741486515e-11,6,6,Internal
AVGO,FDS,-0.41830354298391337,60,0.0009776296272632566,6,2,External
AVGO,FITB,-0.41706002324585645,60,0.0010159095195291699,6,1,External
AVGO,GLW,0.5200392133010227,60,2.428024673031444e-05,6,6,Internal
AVGO,HCA,-0.419940529927349,60,0.0009292203000265648,6,0,External
AVGO,HD,-0.44503157920659714,60,0.0004129218407040739,6,0,External
AVGO,HIG,-0.5038234920873407,60,4.7430655268379804e-05,6,2,External
AVGO,HUBB,0.5112953891894729,60,3.498604430095317e-05,6,6,Internal
AVGO,JBL,0.4857857019254541,60,9.610112883839094e-05,6,6,Internal
AVGO,JNJ,-0.41081511323921316,60,0.0012293385403685303,6,2,External
AVGO,KIM,-0.402913064660076,60,0.0015567512934339294,6,2,External
AVGO,KLAC,0.4846414355742997,60,0.00010037150380759347,6,6,Internal
AVGO,L,-0.44609486711375873,60,0.00039841437635461185,6,2,External
AVGO,LEN,-0.4354314524078116,60,0.000567342314205259,6,0,External
AVGO,LRCX,0.4006773475197054,60,0.001662589354850205,6,6,Internal
AVGO,MA,-0.5483611150748985,60,6.921649128007946e-06,6,2,External
AVGO,MCO,-0.4307932639129665,60,0.0006592794806481241,6,2,External
AVGO,MET,-0.4039025558646786,60,0.0015118679192391803,6,1,External
AVGO,MHK,-0.5061499121337194,60,4.317568154509098e-05,6,0,External
AVGO,MKC,-0.4098439851935963,60,0.0012659261852617494,6,2,External
AVGO,MMC,-0.524135785403805,60,2.038982610156528e-05,6,2,External
AVGO,MPWR,0.40269919093096,60,0.0015666081435428301,6,6,Internal
AVGO,MU,0.42697510700099606,60,0.0007448559932483537,6,6,Internal
AVGO,NDSN,-0.4330468483889211,60,0.0006130475286086732,6,0,External
AVGO,NRG,0.5162326339455889,60,2.8500509672383048e-05,6,6,Internal
AVGO,NTRS,-0.4538118305441976,60,0.0003062492053627659,6,1,External
AVGO,NVDA,0.6291151280715487,60,9.477590362668441e-08,6,6,Internal
AVGO,NVR,-0.4002993126492667,60,0.0016811087767196428,6,0,External
AVGO,ORCL,0.5216822977816472,60,2.2643959020807615e-05,6,6,Internal
AVGO,ORLY,-0.4842959518841494,60,0.0001016946873343693,6,0,External
AVGO,PEG,0.5111458116953774,60,3.520229645280025e-05,6,6,Internal
AVGO,PEP,-0.43521281718981275,60,0.0005714004128994604,6,2,External
AVGO,PFG,-0.4342098596088236,60,0.0005903555313273947,6,1,External
AVGO,PGR,-0.4892440181124519,60,8.418867967771079e-05,6,2,External
AVGO,PNC,-0.4904223859092442,60,8.045056308152229e-05,6,1,External
AVGO,PRU,-0.5453173801608394,60,7.964793187259633e-06,6,1,External
AVGO,PWR,0.6474124244928579,60,3.00063783564375e-08,6,6,Internal
AVGO,RF,-0.43473514844205674,60,0.0005803580982156243,6,1,External
AVGO,SNPS,0.4003900747721281,60,0.001676645694608674,6,6,Internal
AVGO,SPGI,-0.4896712242955952,60,8.281538843466961e-05,6,1,External
AVGO,T,-0.5275409798423876,60,1.7604459372255817e-05,6,2,External
AVGO,TRV,-0.5185950143321988,60,2.5808156044696605e-05,6,2,External
AVGO,TT,0.44863689015029434,60,0.0003655903717367071,6,6,Internal
AVGO,UHS,-0.4277655308078514,60,0.0007263577597106899,6,0,External
AVGO,V,-0.43477654592124826,60,0.0005795767691925394,6,2,External
AVY,AWK,0.5208616095549627,60,2.344804195944505e-05,0,2,External
AVY,BALL,0.4201395798566861,60,0.0009234838044220016,0,0,Internal
AVY,BAX,0.4107539380127479,60,0.001231614980752028,0,0,Internal
AVY,CAT,0.43791436363173275,60,0.0005230548392692423,0,0,Internal
AVY,CB,0.4529796128573794,60,0.00031515731639289755,0,2,External
AVY,CHRW,0.5959304908744355,60,6.37240448903424e-07,0,0,Internal
AVY,CHTR,0.4332145402249611,60,0.0006097276253337727,0,0,Internal
AVY,CI,0.7942205220627785,60,6.100510399599702e-14,0,0,Internal
AVY,CMCSA,0.5329342258019791,60,1.3905003159920328e-05,0,0,Internal
AVY,CSX,0.5096763212199186,60,3.739346905619296e-05,0,0,Internal
AVY,D,0.40363613151566513,60,0.0015238373647161333,0,2,External
AVY,DOC,0.4106233920610308,60,0.0012364855038197874,0,2,External
AVY,DOW,0.596719650157996,60,6.105180638128054e-07,0,0,Internal
AVY,ED,0.4331772092148194,60,0.0006104652793716939,0,2,External
AVY,ES,0.4071072801271146,60,0.001374354117803333,0,2,External
AVY,EXC,0.42462333806156194,60,0.0008024395841036485,0,2,External
AVY,EXPD,0.41313493425540815,60,0.0011457556545906215,0,0,Internal
AVY,F,0.4847627385437218,60,9.991068379625871e-05,0,0,Internal
AVY,FDX,0.40491507205772453,60,0.0014671444051826284,0,0,Internal
AVY,GPC,0.4180725019726706,60,0.000984642007695734,0,0,Internal
AVY,HOLX,0.4229679659133634,60,0.0008453506198449566,0,0,Internal
AVY,HON,0.4149512090667755,60,0.0010839222779257742,0,0,Internal
AVY,HSIC,0.47666314868398374,60,0.00013533956526972025,0,0,Internal
AVY,ITW,0.45320499572228967,60,0.00031272178622818625,0,0,Internal
AVY,LOW,0.4301268466340141,60,0.0006735428764431274,0,0,Internal
AVY,LYB,0.5171058667107967,60,2.74764088416866e-05,0,0,Internal
AVY,MO,0.5303352917686365,60,1.5586905518599027e-05,0,2,External
AVY,NDSN,0.47327117102724603,60,0.00015333995012358842,0,0,Internal
AVY,NRG,-0.44688393486378664,60,0.00038794961224025655,0,6,External
AVY,NSC,0.5096942320245952,60,3.7366020144371246e-05,0,0,Internal
AVY,NVDA,-0.434297585701386,60,0.0005886751293876859,0,6,External
AVY,O,0.48552112542685355,60,9.707341262598508e-05,0,2,External
AVY,OTIS,0.45917113984311336,60,0.00025416662985216197,0,0,Internal
AVY,PAYC,0.4424534706760201,60,0.0004501119127076241,0,0,Internal
AVY,PAYX,0.4493494007840511,60,0.00035684227417526556,0,2,External
AVY,PEP,0.42197493014763976,60,0.0008720756514765463,0,2,External
AVY,POOL,0.45708546052744553,60,0.0002733899201842096,0,0,Internal
AVY,PWR,-0.42706879375190565,60,0.0007426414272302549,0,6,External
AVY,SBAC,0.43709208984902514,60,0.0005373616420544758,0,2,External
AVY,T,0.44433424916225367,60,0.00042269515091565633,0,2,External
AVY,TSCO,0.5507309820594651,60,6.199076043940193e-06,0,0,Internal
AVY,TXT,0.45658445141107024,60,0.0002782008839326868,0,0,Internal
AVY,UNP,0.5304716934260831,60,1.5494139243660677e-05,0,0,Internal
AVY,UPS,0.7268333428348585,60,7.147274010611505e-11,0,0,Internal
AVY,VICI,0.4383824786353414,60,0.0005150652468735836,0,2,External
AVY,VZ,0.49668014785716885,60,6.303253910445176e-05,0,0,Internal
AVY,ZBH,0.4748965519457064,60,0.00014445733950060337,0,0,Internal
AWK,BALL,0.5719836753171635,60,2.2185285527340263e-06,2,0,External
AWK,BF-B,0.4669457072929957,60,0.00019287957608246216,2,0,External
AWK,BR,0.4157518087202821,60,0.001057633376952423,2,2,Internal
AWK,BRK-B,0.4139377568001077,60,0.0011180433726180375,2,2,Internal
AWK,BRO,0.5018254225422129,60,5.1390414060637564e-05,2,2,Internal
AWK,BXP,0.4466440701031165,60,0.0003911039888851067,2,2,Internal
AWK,CAG,0.5325526473846027,60,1.4140912271564158e-05,2,2,Internal
AWK,CB,0.5274158202633868,60,1.770025545371234e-05,2,2,Internal
AWK,CCI,0.6504523635921143,60,2.4601843339106064e-08,2,2,Internal
AWK,CDNS,-0.44221591311903446,60,0.0004536873865607329,2,6,External
AWK,CEG,-0.4256064651734531,60,0.0007778955660446343,2,6,External
AWK,CHD,0.5637580686228612,60,3.330132611819254e-06,2,2,Internal
AWK,CHRW,0.4026937196344693,60,0.0015668610324650475,2,0,External
AWK,CI,0.5189848639094818,60,2.5387172644635963e-05,2,0,External
AWK,CL,0.6513890638581301,60,2.3131177200571096e-08,2,0,External
AWK,CLX,0.48826487583936123,60,8.741557668223743e-05,2,2,Internal
AWK,CMS,0.7712304524475087,60,8.886278665214267e-13,2,2,Internal
AWK,CNP,0.6179591672129987,60,1.8434361839339285e-07,2,2,Internal
AWK,CPB,0.6986499022728276,60,7.619348518324366e-10,2,2,Internal
AWK,CPT,0.43483491804349994,60,0.0005784766829323349,2,2,Internal
AWK,CSGP,0.5918480945074378,60,7.9388790129193e-07,2,5,External
AWK,CSX,0.47850507495570904,60,0.00012639734509537918,2,0,External
AWK,CTAS,0.5303702502424442,60,1.55630814164115e-05,2,2,Internal
AWK,D,0.7388074493368362,60,2.3888399850881997e-11,2,2,Internal
AWK,DGX,0.5286586077294946,60,1.677009558711134e-05,2,2,Internal
AWK,DOC,0.6790105004719577,60,3.396284659048036e-09,2,2,Internal
AWK,DTE,0.6603718477930731,60,1.2667923420718026e-08,2,2,Internal
AWK,DUK,0.6678263891600966,60,7.566911769586378e-09,2,2,Internal
AWK,EBAY,0.4413750051304819,60,0.0004665520858089344,2,2,Internal
AWK,ECL,0.4106844402911697,60,0.0012342057123100538,2,2,Internal
AWK,ED,0.8304867252180821,60,4.120650183062336e-16,2,2,Internal
AWK,EG,0.41358814838320584,60,0.0011300363550996715,2,2,Internal
AWK,EQR,0.4869815524454252,60,9.181715138551623e-05,2,2,Internal
AWK,ES,0.7292671001114851,60,5.746956629229195e-11,2,2,Internal
AWK,ESS,0.43231181208240876,60,0.0006277934886178856,2,2,Internal
AWK,ETN,-0.558630312691098,60,4.2662876160754606e-06,2,6,External
AWK,EVRG,0.42792835840412974,60,0.0007225991018448956,2,2,Internal
AWK,EXC,0.6445788334328709,60,3.603672739442298e-08,2,2,Internal
AWK,EXPD,0.48580487502001046,60,9.603101910882885e-05,2,0,External
AWK,EXR,0.5398061198135586,60,1.0234349749168294e-05,2,2,Internal
AWK,FAST,0.45265814961543244,60,0.00031866101430209724,2,0,External
AWK,FDS,0.5159220838457234,60,2.8873143862925634e-05,2,2,Internal
AWK,FE,0.5968138167774841,60,6.074005349613127e-07,2,2,Internal
AWK,FRT,0.5164171430116005,60,2.828122592349395e-05,2,2,Internal
AWK,GD,0.44588799665901574,60,0.0004012000640788278,2,0,External
AWK,GIS,0.655635769401579,60,1.7444655558957036e-08,2,2,Internal
AWK,GPC,0.5141929575062126,60,3.103165897191568e-05,2,0,External
AWK,HCA,0.46845440364458907,60,0.00018268328152978765,2,0,External
AWK,HIG,0.47647032513454796,60,0.0001363084665131025,2,2,Internal
AWK,HOLX,0.40195044103062005,60,0.0016015580813623154,2,0,External
AWK,HON,0.4736315920547763,60,0.0001513281806676163,2,0,External
AWK,HPE,-0.43960274235804997,60,0.0004947559738204936,2,1,External
AWK,HRL,0.6098066954421026,60,2.9495621617070305e-07,2,2,Internal
AWK,HSY,0.5550580808956862,60,5.057651421997289e-06,2,2,Internal
AWK,ICE,0.4062919465816768,60,0.001408231170248784,2,2,Internal
AWK,ITW,0.617406241027491,60,1.903953680707005e-07,2,0,External
AWK,JKHY,0.6364907610507972,60,6.015975619294641e-08,2,0,External
AWK,JNJ,0.5946464577061459,60,6.830759966968368e-07,2,2,Internal
AWK,KHC,0.6914277183919484,60,1.3382586636999314e-09,2,2,Internal
AWK,KIM,0.48434212571051155,60,0.00010151692142626245,2,2,Internal
AWK,KMB,0.6339333825364504,60,7.052424590525808e-08,2,2,Internal
AWK,KO,0.5577078357475121,60,4.458774256721006e-06,2,2,Internal
AWK,KR,0.4253414447307052,60,0.0007844442012367916,2,0,External
AWK,KVUE,0.46051556570020585,60,0.0002424378109953923,2,0,External
AWK,L,0.4568195091145062,60,0.0002759341994296922,2,2,Internal
AWK,LHX,0.4960500224511094,60,6.461424866910193e-05,2,0,External
AWK,LMT,0.4608193423802285,60,0.00023985704726079733,2,0,External
AWK,LNT,0.6540322713046933,60,1.94158600161691e-08,2,2,Internal
AWK,LOW,0.43757801093311044,60,0.0005288647805160103,2,0,External
AWK,MA,0.40363449595628564,60,0.00152391110583695,2,2,Internal
AWK,MAA,0.5233098962729507,60,2.1124289194649662e-05,2,2,Internal
AWK,MAS,0.4709217908858755,60,0.00016706532831058316,2,0,External
AWK,MCD,0.46588995242250336,60,0.00020032139323768183,2,0,External
AWK,MCK,0.4784159073045985,60,0.00012681743866476905,2,0,External
AWK,MDLZ,0.5463587118236651,60,7.592486966057188e-06,2,2,Internal
AWK,MKC,0.5239371600923803,60,2.0564270435498314e-05,2,2,Internal
AWK,MMC,0.44475772520233486,60,0.00041673523635949995,2,2,Internal
AWK,MO,0.617083694010931,60,1.9401138827202572e-07,2,2,Internal
AWK,NDSN,0.5809265867064882,60,1.408594954809427e-06,2,0,External
AWK,NEE,0.6630176842876006,60,1.0568094153841061e-08,2,2,Internal
AWK,NRG,-0.43098153570664005,60,0.0006552996995271006,2,6,External
AWK,NSC,0.45896756377992565,60,0.0002559870938053358,2,0,External
AWK,NVDA,-0.4936018088764148,60,7.111286910936227e-05,2,6,External
AWK,O,0.7090456114756605,60,3.287797692794004e-10,2,2,Internal
AWK,OMC,0.5178584722914275,60,2.662120259570015e-05,2,0,External
AWK,OTIS,0.6627326706127836,60,1.0777375161133099e-08,2,0,External
AWK,PAYC,0.5558543434163005,60,4.870243064730069e-06,2,0,External
AWK,PAYX,0.6030123999281836,60,4.3206153022014064e-07,2,2,Internal
AWK,PEP,0.650727753312048,60,2.4160553689780086e-08,2,2,Internal
AWK,PFE,0.49560217956408964,60,6.576053491185539e-05,2,0,External
AWK,PG,0.5536902940423947,60,5.395338456896172e-06,2,2,Internal
AWK,PGR,0.4952274485334465,60,6.67340445430555e-05,2,2,Internal
AWK,PNW,0.718379085509294,60,1.497712252680759e-10,2,2,Internal
AWK,POOL,0.5024488614020871,60,5.012332694101394e-05,2,0,External
AWK,PPL,0.6227947167946549,60,1.3860617308483602e-07,2,2,Internal
AWK,PSA,0.5523437670991056,60,5.748191432013962e-06,2,2,Internal
AWK,PWR,-0.42091908275810974,60,0.0009013251236939787,2,6,External
AWK,REG,0.40523757821842826,60,0.0014531503336508305,2,2,Internal
AWK,RMD,0.43439181890711887,60,0.0005868749110869393,2,0,External
AWK,ROL,0.5142015223397548,60,3.102060906832666e-05,2,2,Internal
AWK,RSG,0.4426670748845034,60,0.0004469188306303889,2,2,Internal
AWK,SBAC,0.7667428105013816,60,1.4459945933449137e-12,2,2,Internal
AWK,SHW,0.40794452715953256,60,0.0013403295284569272,2,0,External
AWK,SJM,0.6303840586056371,60,8.772163186954444e-08,2,2,Internal
AWK,SO,0.800683162936577,60,2.7013021754196516e-14,2,2,Internal
AWK,STZ,0.44290170165814763,60,0.000443435211271177,2,2,Internal
AWK,SWK,0.4591539323555649,60,0.0002543200482022884,2,0,External
AWK,SYY,0.61108083075779,60,2.7430482582537865e-07,2,2,Internal
AWK,T,0.6118504311819414,60,2.6249739549690516e-07,2,2,Internal
AWK,TAP,0.4908008572290802,60,7.928272952787496e-05,2,2,Internal
AWK,TRV,0.40140996047236704,60,0.0016272188503763454,2,2,Internal
AWK,TSN,0.5597965874617947,60,4.034013066812211e-06,2,2,Internal
AWK,TXT,0.5346976777915908,60,1.2861445045254187e-05,2,0,External
AWK,UDR,0.5534225388631827,60,5.463853726687636e-06,2,2,Internal
AWK,UNP,0.542521319099869,60,9.050159881604785e-06,2,0,External
AWK,VICI,0.6601845811009662,60,1.2830591804035238e-08,2,2,Internal
AWK,VLTO,0.4908352490984758,60,7.917738458132561e-05,2,0,External
AWK,VRSK,0.5836695615141,60,1.222065401737058e-06,2,2,Internal
AWK,VZ,0.6555381676152134,60,1.7559022236770768e-08,2,0,External
AWK,WEC,0.7848399762675332,60,1.8928822154317969e-13,2,2,Internal
AWK,WM,0.4077864012809582,60,0.0013466970228878069,2,2,Internal
AWK,WRB,0.46263536971273905,60,0.00022494491666660534,2,2,Internal
AWK,WTW,0.4825243008842508,60,0.00010873527301682812,2,2,Internal
AWK,WY,0.4824521122724513,60,0.00010903142032226139,2,2,Internal
AWK,XEL,0.5593543021990152,60,4.120674213149529e-06,2,2,Internal
AWK,ZBH,0.4933268610673472,60,7.187909882009732e-05,2,0,External
AWK,ZTS,0.49462992874641104,60,6.831381893970123e-05,2,2,Internal
AXON,CDNS,0.45982032534668155,60,0.00024843995640957533,6,6,Internal
AXON,CNC,-0.5035712500957977,60,4.791453180140031e-05,6,0,External
AXON,INTU,0.45714588673638756,60,0.00027281483145844123,6,6,Internal
AXON,JNJ,-0.41844182354817283,60,0.0009734542002261598,6,2,External
AXON,MOH,-0.4364687325053004,60,0.000548442910362592,6,0,External
AXON,NRG,0.42724897640332254,60,0.0007383989928832675,6,6,Internal
AXON,SNPS,0.41875089820178135,60,0.000964179636097263,6,6,Internal
AXP,BAC,0.5816271755310896,60,1.3585726265035503e-06,1,1,Internal
AXP,BK,0.4853657866886461,60,9.764846431660873e-05,1,1,Internal
AXP,C,0.5697386483941762,60,2.48131754639095e-06,1,1,Internal
AXP,CFG,0.525312437010206,60,1.9384224485989794e-05,1,1,Internal
AXP,COF,0.631582027218947,60,8.15181901856215e-08,1,1,Internal
AXP,CPAY,0.48361559099358714,60,0.00010434738677420885,1,1,Internal
AXP,DXCM,0.45145091370755186,60,0.00033213807675870556,1,1,Internal
AXP,FITB,0.47328267858780493,60,0.00015327534139789436,1,1,Internal
AXP,GPN,0.4090439547946121,60,0.0012967994173080485,1,1,Internal
AXP,GS,0.5830771216054926,60,1.2602788831153904e-06,1,1,Internal
AXP,HBAN,0.5745550643569937,60,1.9495609891136885e-06,1,1,Internal
AXP,JPM,0.619571567637261,60,1.6771231643089076e-07,1,1,Internal
AXP,KEY,0.4161024283828561,60,0.0010463020974403408,1,1,Internal
AXP,MA,0.44186925684976963,60,0.00045895119335290436,1,2,External
AXP,MET,0.4922363921797628,60,7.499347211284047e-05,1,1,Internal
AXP,MMM,0.43061747612604023,60,0.000663015099009658,1,1,Internal
AXP,MS,0.4876688772094908,60,8.943504279127917e-05,1,1,Internal
AXP,MTB,0.5073524291541747,60,4.111715455899773e-05,1,1,Internal
AXP,NDAQ,0.5036555043562309,60,4.7752402432566064e-05,1,1,Internal
AXP,NTRS,0.5072458654318955,60,4.1295847968507305e-05,1,1,Internal
AXP,PNC,0.5072083161861216,60,4.135898377199579e-05,1,1,Internal
AXP,RF,0.5434803654238454,60,8.663274055992845e-06,1,1,Internal
AXP,RJF,0.45219672178433007,60,0.0003237522517128377,1,1,Internal
AXP,STT,0.4942208396508567,60,6.941518172891147e-05,1,1,Internal
AXP,SYF,0.5664606500840729,60,2.917620173122743e-06,1,1,Internal
AXP,TFC,0.4061834931210037,60,0.001412793413067063,1,1,Internal
AXP,USB,0.4122376416550634,60,0.001177458835968898,1,1,Internal
AXP,V,0.41363588914755006,60,0.0011283918597997356,1,2,External
AXP,WFC,0.6627655812961634,60,1.0753010824131435e-08,1,1,Internal
AZO,BMY,0.43533401769141905,60,0.0005691475674244874,0,0,Internal
AZO,FAST,0.4450978568571603,60,0.00041200370912743953,0,0,Internal
AZO,GIS,0.48797012681916024,60,8.840899766213399e-05,0,2,External
AZO,GPC,0.5875685322780306,60,9.96382285353309e-07,0,0,Internal
AZO,HCA,0.4693182940476007,60,0.00017706924383869072,0,0,Internal
AZO,MMC,0.43058991524026596,60,0.0006636025215414659,0,2,External
AZO,MOH,0.48559709737657486,60,9.679330486392614e-05,0,0,Internal
AZO,NRG,-0.4111360336698092,60,0.0012174583507486834,0,6,External
AZO,ORLY,0.6634879795293577,60,1.0231140251078564e-08,0,0,Internal
AZO,PANW,-0.42197187097858674,60,0.000872159145794623,0,4,External
AZO,SYY,0.4759596687214142,60,0.0001389052154156165,0,2,External
AZO,UHS,0.40716712983640346,60,0.001371896425216424,0,0,Internal
AZO,VZ,0.47782988527650977,60,0.00012961036774895534,0,0,Internal
BA,CCL,0.4349882098020776,60,0.0005755967345768788,1,1,Internal
BA,DOV,0.42012716813757967,60,0.0009238405667872039,1,1,Internal
BA,LUV,0.4468157121215013,60,0.0003888444227594328,1,1,Internal
BA,SCHW,0.43127495390994836,60,0.000649140611244862,1,1,Internal
BA,TER,-0.49279309047406766,60,7.338835822374022e-05,1,6,External
BAC,BK,0.4794434440717957,60,0.00012205316659918278,1,1,Internal
BAC,BRK-B,0.5209079692899016,60,2.3401924926956573e-05,1,2,External
BAC,BSX,0.4013453367659305,60,0.0016303115508087087,1,1,Internal
BAC,C,0.6137011372287107,60,2.360287006176673e-07,1,1,Internal
BAC,CAH,0.4573992009659866,60,0.00027041597509790285,1,1,Internal
BAC,CFG,0.5726425113848533,60,2.146491952991656e-06,1,1,Internal
BAC,CINF,0.5300143874903129,60,1.5807186806688153e-05,1,2,External
BAC,COF,0.42084885997438953,60,0.0009033014852814089,1,1,Internal
BAC,CPAY,0.41335240039853194,60,0.001138188668685645,1,1,Internal
BAC,FISV,0.4176353932966769,60,0.000998032900605173,1,2,External
BAC,FITB,0.5962804943355658,60,6.252561455755628e-07,1,1,Internal
BAC,GS,0.5415368747882986,60,9.463950077097936e-06,1,1,Internal
BAC,HBAN,0.6956666889154363,60,9.634459849442598e-10,1,1,Internal
BAC,HIG,0.4125378110055317,60,0.0011667665143176359,1,2,External
BAC,IP,0.42743385818788154,60,0.0007340686975413382,1,1,Internal
BAC,JPM,0.5974885739798469,60,5.854945226538152e-07,1,1,Internal
BAC,KEY,0.5363788156977247,60,1.193472701923814e-05,1,1,Internal
BAC,L,0.4610597336658248,60,0.00023783258432569804,1,2,External
BAC,MA,0.469054242531435,60,0.0001787682128689369,1,2,External
BAC,MET,0.5509119300007501,60,6.1468965845058115e-06,1,1,Internal
BAC,MS,0.5734824401967761,60,2.057822397964027e-06,1,1,Internal
BAC,MTB,0.6777134690986393,60,3.733585941762229e-09,1,1,Internal
BAC,NDAQ,0.4218340883967748,60,0.0008759271507391724,1,1,Internal
BAC,NTRS,0.49801448441303836,60,5.980019887897478e-05,1,1,Internal
BAC,NVDA,-0.4059272716001705,60,0.0014236244374847432,1,6,External
BAC,PNC,0.6737504520575024,60,4.9716392229824785e-09,1,1,Internal
BAC,PRU,0.5322734756889814,60,1.4315855556326054e-05,1,1,Internal
BAC,RF,0.5951293743520109,60,6.654865337799309e-07,1,1,Internal
BAC,RJF,0.44151077843491193,60,0.00046445278051642164,1,1,Internal
BAC,STT,0.6289514305038197,60,9.57238886078689e-08,1,1,Internal
BAC,T,0.4207013288893105,60,0.0009074663613007584,1,2,External
BAC,TFC,0.5447730377753837,60,8.166102268074596e-06,1,1,Internal
BAC,USB,0.5345800202037471,60,1.2928741428605482e-05,1,1,Internal
BAC,WFC,0.6699337982160953,60,6.523769663021306e-09,1,1,Internal
BALL,BAX,0.5400510295908413,60,1.0121904473763823e-05,0,0,Internal
BALL,BF-B,0.4938734277409984,60,7.036330527004486e-05,0,0,Internal
BALL,BLDR,0.43655279502591765,60,0.0005469365659038169,0,0,Internal
BALL,CAG,0.5602356521992691,60,3.9496662400558745e-06,0,2,External
BALL,CB,0.4560946087432536,60,0.00028297913690996035,0,2,External
BALL,CCI,0.46937735155483595,60,0.0001766912815443609,0,2,External
BALL,CL,0.5123049055869854,60,3.355832973519212e-05,0,0,Internal
BALL,CLX,0.6273795193666913,60,1.0529283200059066e-07,0,2,External
BALL,CMS,0.4110990584799318,60,0.0012188218593851758,0,2,External
BALL,CNC,0.4637714110536929,60,0.00021605215415340946,0,0,Internal
BALL,CNP,0.40855573016450797,60,0.0013159706788552388,0,2,External
BALL,CPB,0.5555458248705873,60,4.94207459039048e-06,0,2,External
BALL,CSX,0.4435466002595539,60,0.00043398676847832755,0,0,Internal
BALL,CTAS,0.4321589763740901,60,0.000630899640352671,0,2,External
BALL,D,0.6275020414718308,60,1.045157764404794e-07,0,2,External
BALL,DOC,0.5553400963870596,60,4.990521053563318e-06,0,2,External
BALL,DUK,0.47512156223016866,60,0.0001432655356250214,0,2,External
BALL,ED,0.5033191243212845,60,4.84027324227287e-05,0,2,External
BALL,EG,0.41744945076308654,60,0.0010037788524564016,0,2,External
BALL,EL,0.5977976600175208,60,5.757094378086156e-07,0,1,External
BALL,ES,0.43299839437484716,60,0.0006140098474067326,0,2,External
BALL,EXC,0.44945926524420066,60,0.0003555104567995371,0,2,External
BALL,FAST,0.49705198982629606,60,6.211597186117727e-05,0,0,Internal
BALL,GD,0.4286389972181174,60,0.0007063999343696454,0,0,Internal
BALL,GIS,0.542931146914179,60,8.882908043699647e-06,0,2,External
BALL,GWW,0.4494817321267067,60,0.00035523866272923983,0,0,Internal
BALL,HRL,0.5185052313955919,60,2.5906019965551875e-05,0,2,External
BALL,IFF,0.49145055657672165,60,7.731427605380555e-05,0,0,Internal
BALL,ITW,0.6171350568516902,60,1.9343127812872652e-07,0,0,Internal
BALL,J,0.4815532849693548,60,0.00011278130848984691,0,1,External
BALL,JKHY,0.5077250285234465,60,4.0497950872852674e-05,0,0,Internal
BALL,KDP,0.42654132663972516,60,0.0007551876796176056,0,2,External
BALL,KHC,0.563197032188948,60,3.4223209798421424e-06,0,2,External
BALL,KMB,0.47714945917111923,60,0.00013292392250687874,0,2,External
BALL,KO,0.42977798254826277,60,0.0006811204441062442,0,2,External
BALL,KVUE,0.4091761052583228,60,0.001291653549810374,0,0,Internal
BALL,LHX,0.5377465315114709,60,1.1226942484014798e-05,0,0,Internal
BALL,LIN,0.4359113725706898,60,0.0005585259328480419,0,0,Internal
BALL,LKQ,0.41960997070195755,60,0.0009388178269244098,0,0,Internal
BALL,LMT,0.4327736951882384,60,0.000618490379901504,0,0,Internal
BALL,LOW,0.4214472359581346,60,0.0008865852241452496,0,0,Internal
BALL,LW,0.4247556929537011,60,0.00079909507618173,0,0,Internal
BALL,MA,0.43686734939397487,60,0.0005413331770340136,0,2,External
BALL,MAS,0.5688800908533408,60,2.5892876361837142e-06,0,0,Internal
BALL,MCD,0.44527691525895036,60,0.00040953251757141736,0,0,Internal
BALL,MDLZ,0.4457125614214116,60,0.0004035763121266523,0,2,External
BALL,MET,0.4333037432466643,60,0.0006079682573952502,0,1,External
BALL,MKC,0.4071893250273957,60,0.0013709859961345853,0,2,External
BALL,MO,0.40658307820926815,60,0.0013960496204891608,0,2,External
BALL,MRK,0.5756549403432958,60,1.8440936786111097e-06,0,1,External
BALL,NDSN,0.5526156199567928,60,5.675267075768101e-06,0,0,Internal
BALL,NEE,0.4800983592602553,60,0.00011910286120750715,0,2,External
BALL,NOC,0.42614971005000674,60,0.0007646261589141497,0,0,Internal
BALL,NSC,0.4612627892676432,60,0.00023613471264139846,0,0,Internal
BALL,O,0.5184447604755354,60,2.5972127032739882e-05,0,2,External
BALL,OMC,0.49946059608362303,60,5.647002782977217e-05,0,0,Internal
BALL,OTIS,0.5004848006410338,60,5.4215777381974726e-05,0,0,Internal
BALL,PCAR,0.4399146909113511,60,0.0004896820978346907,0,0,Internal
BALL,PEP,0.6726802022784621,60,5.367387506431808e-09,0,2,External
BALL,PG,0.4173693604783431,60,0.001006262952779575,0,2,External
BALL,PNR,0.42259449276428246,60,0.0008553137245383412,0,1,External
BALL,POOL,0.4922796261330911,60,7.486766932191647e-05,0,0,Internal
BALL,PRU,0.46006973529025913,60,0.00024627132601376704,0,1,External
BALL,PSA,0.41006606840393484,60,0.00125747389506176,0,2,External
BALL,PYPL,0.5597715972992396,60,4.038863973387698e-06,0,1,External
BALL,SBAC,0.44964883539142486,60,0.00035322305013949,0,2,External
BALL,SHW,0.46586310294918387,60,0.00020051402707108615,0,0,Internal
BALL,SJM,0.5632470559432253,60,3.4140055028472825e-06,0,2,External
BALL,SO,0.5212114787332789,60,2.3102072825679017e-05,0,2,External
BALL,STZ,0.4093554420421717,60,0.001284699607321051,0,2,External
BALL,SWK,0.4893797437589004,60,8.375012493267243e-05,0,0,Internal
BALL,SYY,0.560203843017574,60,3.955721271735973e-06,0,2,External
BALL,T,0.43297499436621545,60,0.0006144750718611507,0,2,External
BALL,TAP,0.44163107492199427,60,0.00046259994475084424,0,2,External
BALL,TMO,0.41120766843679096,60,0.0012148206253896105,0,0,Internal
BALL,TROW,0.4268097009084319,60,0.0007487804350502412,0,0,Internal
BALL,TSN,0.5984697074383762,60,5.549604352223221e-07,0,2,External
BALL,TXT,0.567781153750187,60,2.7338923623428106e-06,0,0,Internal
BALL,UNP,0.5081368558852482,60,3.982358053272573e-05,0,0,Internal
BALL,VICI,0.5110012995783356,60,3.541239773318201e-05,0,2,External
BALL,VLTO,0.42810164107396786,60,0.0007186184236474368,0,0,Internal
BALL,VZ,0.45992740635952695,60,0.0002475067560576613,0,0,Internal
BALL,WAT,0.4024266725578472,60,0.0015792487741922026,0,0,Internal
BALL,WEC,0.4889914258311724,60,8.501047864701146e-05,0,2,External
BALL,WTW,0.48666491116107313,60,9.293405656788937e-05,0,2,External
BALL,WY,0.5569357909036285,60,4.626061741176947e-06,0,2,External
BAX,BF-B,0.42039585517945266,60,0.0009161451377364037,0,0,Internal
BAX,BIIB,0.4785404276568818,60,0.0001262311423135135,0,0,Internal
BAX,BMY,0.40977383309753296,60,0.0012686067003018495,0,0,Internal
BAX,CAG,0.5064064950656888,60,4.2728629477353104e-05,0,2,External
BAX,CARR,0.4418464814213325,60,0.00045929896081580503,0,0,Internal
BAX,CHD,0.4689363266453954,60,0.00017953171769603143,0,2,External
BAX,CL,0.4987073445059153,60,5.818270212228153e-05,0,0,Internal
BAX,CNC,0.45713633690244954,60,0.00027290564573553545,0,0,Internal
BAX,CPB,0.548091517391669,60,7.008638058541258e-06,0,2,External
BAX,DG,0.4014557831335632,60,0.0016250290975540153,0,0,Internal
BAX,DGX,0.4548177274208915,60,0.00029578854203420675,0,2,External
BAX,DHI,0.4616303916876757,60,0.00023308909099300725,0,0,Internal
BAX,DOC,0.4676293083592069,60,0.00018819676630297234,0,2,External
BAX,EXPD,0.5234516225856535,60,2.0996535108683066e-05,0,0,Internal
BAX,EXR,0.5684267333542619,60,2.6480553093786158e-06,0,2,External
BAX,GD,0.42069172921722264,60,0.0009077379639878969,0,0,Internal
BAX,GIS,0.5386899905311542,60,1.0761649748252373e-05,0,2,External
BAX,GPC,0.43122067711237305,60,0.0006502759610572158,0,0,Internal
BAX,HAS,0.694754777515182,60,1.0345093409009105e-09,0,0,Internal
BAX,HCA,0.4777448160266021,60,0.00013002045584433505,0,0,Internal
BAX,HOLX,0.4597754513696071,60,0.0002488319826326518,0,0,Internal
BAX,HON,0.41288200525264374,60,0.0011546135118046337,0,0,Internal
BAX,HRL,0.46598567751220316,60,0.0001996359814423734,0,2,External
BAX,HSIC,0.44874613646927264,60,0.000364236519973211,0,0,Internal
BAX,HSY,0.47662879262868996,60,0.000135511734253188,0,2,External
BAX,ITW,0.5310237457965721,60,1.5123896312307438e-05,0,0,Internal
BAX,JKHY,0.4228885017361926,60,0.0008474616619639771,0,0,Internal
BAX,JNJ,0.49296733207741367,60,7.289250623309945e-05,0,2,External
BAX,KHC,0.5123695762077378,60,3.346873005356157e-05,0,2,External
BAX,KMB,0.40468490446951805,60,0.0014772055352052721,0,2,External
BAX,LEN,0.43876453514334945,60,0.0005086266846578006,0,0,Internal
BAX,LH,0.4226499701015863,60,0.0008538270915034525,0,0,Internal
BAX,LHX,0.531277496147201,60,1.4956482665526322e-05,0,0,Internal
BAX,LKQ,0.6167165330740939,60,1.982061229774669e-07,0,0,Internal
BAX,LYB,0.40408541598558645,60,0.0015037015479217087,0,0,Internal
BAX,MAA,0.4054923163876999,60,0.001442181582371959,0,2,External
BAX,MAS,0.45153474042963004,60,0.00033118576635999473,0,0,Internal
BAX,MDLZ,0.4015529759805286,60,0.0016203932229232748,0,2,External
BAX,MTD,0.436468388186676,60,0.0005484490880493281,0,0,Internal
BAX,NDSN,0.5351950492280957,60,1.2580541346721243e-05,0,0,Internal
BAX,NKE,0.46628765105182807,60,0.00019748781268341355,0,0,Internal
BAX,NOC,0.4104844069695128,60,0.0012416898995557116,0,0,Internal
BAX,NSC,0.5005201758641158,60,5.413942047093217e-05,0,0,Internal
BAX,NVR,0.422005952117822,60,0.0008712293718995031,0,0,Internal
BAX,O,0.4590497579829613,60,0.000255250650866798,0,2,External
BAX,OTIS,0.4664330834564961,60,0.00019646079934678538,0,0,Internal
BAX,PEP,0.5602351034844739,60,3.9497706172761805e-06,0,2,External
BAX,PFE,0.43952912254759885,60,0.0004959603439363822,0,0,Internal
BAX,PHM,0.42147011133535345,60,0.0008859517509551245,0,0,Internal
BAX,POOL,0.5345853741396,60,1.2925672063442868e-05,0,0,Internal
BAX,PPG,0.40686205609355247,60,0.0013844654152767076,0,0,Internal
BAX,PSA,0.5072538003613095,60,4.128251746563059e-05,0,2,External
BAX,RVTY,0.4584192900665,60,0.00026094932126912763,0,0,Internal
BAX,SBAC,0.4182945315546714,60,0.0009779022896349216,0,2,External
BAX,SJM,0.6224862496589976,60,1.4117107705516882e-07,0,2,External
BAX,SNA,0.4219330697276599,60,0.0008732187797015088,0,0,Internal
BAX,SO,0.4561353307745016,60,0.00028257907382100246,0,2,External
BAX,SWK,0.5761839486754228,60,1.7952890362392602e-06,0,0,Internal
BAX,SYY,0.4444558391089352,60,0.00042097604181186695,0,2,External
BAX,TSN,0.5025731961294616,60,4.987409910727774e-05,0,2,External
BAX,UNP,0.4497974461436597,60,0.0003514392459002998,0,0,Internal
BAX,VICI,0.5296610997261799,60,1.6053034394975258e-05,0,2,External
BAX,VZ,0.4074263672710849,60,0.001361296480486628,0,0,Internal
BAX,WAT,0.4693716164412973,60,0.00017672795332210022,0,0,Internal
BAX,WY,0.5457272958247587,60,7.816255145327549e-06,0,2,External
BAX,ZBH,0.48403892329115455,60,0.00010268946491381265,0,0,Internal
BBY,D,0.4098551970015624,60,0.0012654982534689597,0,2,External
BBY,ES,0.4662594755723894,60,0.00019768734874521358,0,2,External
BBY,GPC,0.42967523271654395,60,0.0006833668955249017,0,0,Internal
BBY,ITW,0.45361332525279513,60,0.00030835292863563754,0,0,Internal
BBY,KVUE,0.41987357795249636,60,0.0009311570230578163,0,0,Internal
BBY,LOW,0.5194488383035318,60,2.489443025780302e-05,0,0,Internal
BBY,MAS,0.40864821714548566,60,0.00131231954309498,0,0,Internal
BBY,MMM,0.41005375319330617,60,0.001257941269754812,0,1,External
BBY,NSC,0.4138275741198132,60,0.0011218106665077214,0,0,Internal
BBY,PCAR,0.46977868693061914,60,0.00017414226578372106,0,0,Internal
BBY,PFE,0.49512027020267985,60,6.701491244909284e-05,0,0,Internal
BBY,POOL,0.44039343078134846,60,0.0004819871343707828,0,0,Internal
BBY,SWK,0.4641267677558393,60,0.00021333715440074232,0,0,Internal
BBY,T,0.5596284751973135,60,4.066750717338885e-06,0,2,External
BBY,TGT,0.4340248577039562,60,0.0005939135132479056,0,0,Internal
BBY,TXT,0.5449368745177093,60,8.105019749444225e-06,0,0,Internal
BBY,VZ,0.40402279021848214,60,0.001506493895691589,0,0,Internal
BDX,CNC,0.5184316104892878,60,2.5986523302041712e-05,0,0,Internal
BDX,COR,0.6019761014543323,60,4.5760934395849055e-07,0,0,Internal
BDX,DGX,0.47673086891893757,60,0.00013500078495391223,0,2,External
BDX,ED,0.44412232811283553,60,0.00042570666839859047,0,2,External
BDX,EFX,0.5628385563466292,60,3.482465789725612e-06,0,0,Internal
BDX,ELV,0.43012053017037477,60,0.000673679393660372,0,0,Internal
BDX,F,0.5103749949915097,60,3.6336421332591557e-05,0,0,Internal
BDX,GL,0.41101543611523284,60,0.0012219106074808095,0,2,External
BDX,HCA,0.4371722659579355,60,0.0005359512038223751,0,0,Internal
BDX,HII,0.590336943968919,60,8.605209844686606e-07,0,0,Internal
BDX,HOLX,0.746831302866733,60,1.1080372448964406e-11,0,0,Internal
BDX,HON,0.5539849145616137,60,5.320873862544801e-06,0,0,Internal
BDX,KVUE,0.514943492910353,60,3.0077048023764602e-05,0,0,Internal
BDX,LH,0.44129671755110206,60,0.00046776646795591457,0,0,Internal
BDX,MOH,0.5510678084283125,60,6.102274500756098e-06,0,0,Internal
BDX,MTD,0.4813044277008126,60,0.0001138402594366476,0,0,Internal
BDX,PFE,0.6050408483423173,60,3.8588094440862896e-07,0,0,Internal
BDX,PTC,0.6748015183531637,60,4.609977367526461e-09,0,0,Internal
BDX,RL,-0.4288397936148426,60,0.0007018826247870801,0,4,External
BDX,RVTY,0.4830117674635858,60,0.00010675473573694046,0,0,Internal
BDX,SNA,0.5389112471780009,60,1.0655155805274566e-05,0,0,Internal
BDX,SWKS,0.7105998788184094,60,2.890467076452026e-10,0,0,Internal
BDX,TMO,0.5063984549086447,60,4.2742572988664117e-05,0,0,Internal
BDX,TPR,-0.45258887559617067,60,0.0003194206781583551,0,4,External
BDX,WAT,0.44490050919918145,60,0.0004147430054005307,0,0,Internal
BDX,WEC,0.43759342894154907,60,0.0005285971851894201,0,2,External
BDX,ZBH,0.5438845817806097,60,8.5048641064299e-06,0,0,Internal
BEN,BLK,0.47101139773699485,60,0.00016652185706450564,1,1,Internal
BEN,KEYS,0.5046819705903043,60,4.5817410294742306e-05,1,1,Internal
BEN,RMD,-0.4354339486933286,60,0.0005672961317186724,1,0,External
BEN,TRGP,-0.4303286769078085,60,0.0006691938897567865,1,6,External
BEN,TROW,0.42501782492743834,60,0.0007925083303909642,1,0,External
BF-B,BIIB,0.5010239755635968,60,5.306268106275065e-05,0,0,Internal
BF-B,CAG,0.5262486754582751,60,1.8617133510346318e-05,0,2,External
BF-B,CARR,0.4459968455334041,60,0.000399732121271241,0,0,Internal
BF-B,CB,0.46024345437996567,60,0.0002447710547608709,0,2,External
BF-B,CEG,-0.43970677559055754,60,0.000493058585244817,0,6,External
BF-B,CL,0.4712570550095637,60,0.0001650402196274417,0,0,Internal
BF-B,CPB,0.46621460148460747,60,0.000198005523348208,0,2,External
BF-B,DOC,0.46760052251166334,60,0.00018839183910702425,0,2,External
BF-B,DOW,0.45572931109614206,60,0.0002865910715939967,0,0,Internal
BF-B,EL,0.43413483002407205,60,0.0005917961765283354,0,1,External
BF-B,F,0.40127958279890347,60,0.001633463744423321,0,0,Internal
BF-B,GD,0.5268300582512203,60,1.815504971243949e-05,0,0,Internal
BF-B,GIS,0.5550291472703653,60,5.064586097871053e-06,0,2,External
BF-B,HRL,0.4300261085538969,60,0.0006757231065702544,0,2,External
BF-B,HSY,0.5135749816934976,60,3.183861195326702e-05,0,2,External
BF-B,ISRG,-0.4316272079872075,60,0.0006418157382187408,0,1,External
BF-B,ITW,0.5204578982644769,60,2.3853211112842428e-05,0,0,Internal
BF-B,JKHY,0.4114565514792797,60,0.001205696169329179,0,0,Internal
BF-B,KHC,0.5995956076258635,60,5.217630935149878e-07,0,2,External
BF-B,KMB,0.49273835228155244,60,7.354477025271704e-05,0,2,External
BF-B,LMT,0.461737596896669,60,0.0002322076658493287,0,0,Internal
BF-B,LYB,0.4821528147520796,60,0.00011026717765497456,0,0,Internal
BF-B,MCD,0.415949518940038,60,0.0010512302940186241,0,0,Internal
BF-B,MDLZ,0.5470347964760974,60,7.35950465156213e-06,0,2,External
BF-B,MKC,0.4036113446985125,60,0.0015249552507012808,0,2,External
BF-B,MNST,0.41990150195696424,60,0.0009303488220397641,0,2,External
BF-B,NDSN,0.4274075752302276,60,0.0007346828932109508,0,0,Internal
BF-B,NEE,0.4773923745835654,60,0.000131732155690651,0,2,External
BF-B,NOC,0.40611045115405586,60,0.0014158734917691592,0,0,Internal
BF-B,NRG,-0.41770410009581005,60,0.000995917248560037,0,6,External
BF-B,O,0.4161526218453388,60,0.001044688927780001,0,2,External
BF-B,OMC,0.4176483843908617,60,0.0009976325625834408,0,0,Internal
BF-B,OTIS,0.573059402730467,60,2.1020447118187912e-06,0,0,Internal
BF-B,PCAR,0.4400233057023555,60,0.00048792658005667426,0,0,Internal
BF-B,PEP,0.48532828453117244,60,9.778776248645939e-05,0,2,External
BF-B,SBAC,0.4340901875004548,60,0.0005926548692770356,0,2,External
BF-B,SJM,0.4678923218446285,60,0.0001864229415085839,0,2,External
BF-B,SO,0.4282818223656338,60,0.0007145003044604232,0,2,External
BF-B,STZ,0.548710385687877,60,6.810446471935891e-06,0,2,External
BF-B,SWK,0.431572395060976,60,0.000642950596684455,0,0,Internal
BF-B,SYY,0.5000157622783732,60,5.523761901080529e-05,0,2,External
BF-B,TAP,0.5146930985290898,60,3.0392465124264363e-05,0,2,External
BF-B,TXT,0.5200004794147962,60,2.4320108696371457e-05,0,0,Internal
BF-B,VICI,0.45032882156879234,60,0.00034512790481235,0,2,External
BF-B,VLTO,0.4026149587578162,60,0.0015705054963369872,0,0,Internal
BF-B,VZ,0.4436353317836839,60,0.00043270117141362447,0,0,Internal
BG,CBRE,-0.41091874371083753,60,0.0012254908914450472,0,2,External
BG,CF,0.40857912856140977,60,0.001315046112497074,0,6,External
BG,CTVA,0.4941204266410832,60,6.968800378222203e-05,0,0,Internal
BG,CVX,0.4688635171205232,60,0.0001800046476657689,0,6,External
BG,DLR,-0.4671405181111766,60,0.00019153434217419782,0,6,External
BG,EQIX,-0.5192276791722382,60,2.5128187303429755e-05,0,6,External
BG,FAST,0.40539448987919774,60,0.001446385071655094,0,0,Internal
BG,FISV,-0.4032699486875469,60,0.0015404271823045183,0,2,External
BG,GPC,0.40227251168801,60,0.0015864398488918674,0,0,Internal
BG,IEX,0.5110317434500775,60,3.536804032580274e-05,0,0,Internal
BG,JCI,-0.4653869670256809,60,0.00020395835569345303,0,6,External
BG,LYB,0.4026580564225689,60,0.0015685103191016804,0,0,Internal
BG,PCAR,0.45406771886657,60,0.00030355664319230976,0,0,Internal
BG,POOL,0.4262802644006591,60,0.0007614678489243865,0,0,Internal
BG,SWK,0.48472616239896815,60,0.00010004942850519953,0,0,Internal
BG,TXT,0.41141385350772874,60,0.0012072571546595074,0,0,Internal
BG,VLTO,0.431026926227121,60,0.000654343470910884,0,0,Internal
BG,XOM,0.4159936851918745,60,0.0010498046951761624,0,6,External
BIIB,CAG,0.5254117961766755,60,1.930144871305616e-05,0,2,External
BIIB,CL,0.5055566854849887,60,4.422585754280813e-05,0,0,Internal
BIIB,CNC,0.4363632336208048,60,0.0005503387014627961,0,0,Internal
BIIB,CPB,0.47578023475772885,60,0.00013982837044586302,0,2,External
BIIB,CRL,0.4202916885261903,60,0.0009191216729349527,0,0,Internal
BIIB,DG,0.44212026495951495,60,0.00045513425330981073,0,0,Internal
BIIB,DGX,0.5868031317684119,60,1.0373461287069022e-06,0,2,External
BIIB,ED,0.4319513400524661,60,0.0006351418204541553,0,2,External
BIIB,ELV,0.42852099359023266,60,0.0007090669063960411,0,0,Internal
BIIB,EXPD,0.44179760890290143,60,0.0004600460233122242,0,0,Internal
BIIB,EXR,0.44091501830292307,60,0.0004737285193966668,0,2,External
BIIB,FAST,0.40459139063438654,60,0.0014813108738029686,0,0,Internal
BIIB,GEN,0.4416126501119831,60,0.00046288329223716197,0,0,Internal
BIIB,GIS,0.6077228655420567,60,3.319076256590203e-07,0,2,External
BIIB,HCA,0.4787072387044327,60,0.00012544961845590804,0,0,Internal
BIIB,HOLX,0.5483293795102129,60,6.931836561176596e-06,0,0,Internal
BIIB,HRL,0.42327799131376426,60,0.0008371598022780106,0,2,External
BIIB,HSIC,0.4680967487566551,60,0.00018505481508786806,0,0,Internal
BIIB,HSY,0.4739495905468995,60,0.00014957330885510445,0,2,External
BIIB,HWM,-0.5039426186579442,60,4.720370524790502e-05,0,6,External
BIIB,ITW,0.5244424147201712,60,2.0123216242178362e-05,0,0,Internal
BIIB,JKHY,0.5350250807792514,60,1.2675888480540321e-05,0,0,Internal
BIIB,JNJ,0.46182149831892777,60,0.0002315199652907019,0,2,External
BIIB,KHC,0.5403009921740214,60,1.0008323900529693e-05,0,2,External
BIIB,KVUE,0.4439671647337119,60,0.0004279239754201442,0,0,Internal
BIIB,LH,0.44965537150294393,60,0.00035314442299250014,0,0,Internal
BIIB,LHX,0.44056436183445674,60,0.00047926639525447065,0,0,Internal
BIIB,MCD,0.47608735168709254,60,0.00013825171533245984,0,0,Internal
BIIB,MOH,0.5120532368839437,60,3.3909125181484065e-05,0,0,Internal
BIIB,NDSN,0.45489007098960116,60,0.0002950489182945515,0,0,Internal
BIIB,OTIS,0.4647040699628064,60,0.0002089928364064203,0,0,Internal
BIIB,PCAR,0.4494384576057647,60,0.0003557623468751413,0,0,Internal
BIIB,PEP,0.49788743328111534,60,6.0101259845981584e-05,0,2,External
BIIB,PFE,0.5333048986964426,60,1.3679338128727419e-05,0,0,Internal
BIIB,POOL,0.4653425148033206,60,0.00020428266394395238,0,0,Internal
BIIB,REGN,0.46183376559283373,60,0.000231419572201871,0,0,Internal
BIIB,RMD,0.4259304099238937,60,0.0007699580129059479,0,0,Internal
BIIB,RVTY,0.4721869692911753,60,0.0001595402580722271,0,0,Internal
BIIB,SJM,0.4774367377319886,60,0.0001315155666659924,0,2,External
BIIB,STE,0.4114105138309334,60,0.0012073793257086072,0,0,Internal
BIIB,STZ,0.40382941516872733,60,0.0015151454341580878,0,2,External
BIIB,SYY,0.5537848343289473,60,5.371338530309929e-06,0,2,External
BIIB,TECH,0.40004485574799337,60,0.0016936780495634353,0,0,Internal
BIIB,TEL,0.4271783527986277,60,0.0007400592216675732,0,6,External
BIIB,VICI,0.40025147789454435,60,0.0016834652514649082,0,2,External
BIIB,VRSK,0.40653454232680514,60,0.0013980738709610842,0,2,External
BIIB,VZ,0.43573595967917017,60,0.0005617338559487704,0,0,Internal
BIIB,ZBH,0.44932772190780207,60,0.0003571056092142092,0,0,Internal
BK,BRK-B,0.47511172674751523,60,0.00014331744197495803,1,2,External
BK,C,0.5353178853603396,60,1.2512048954641957e-05,1,1,Internal
BK,CB,0.4439238065966368,60,0.000428545442395063,1,2,External
BK,CMS,0.4197146377858949,60,0.0009357692762114854,1,2,External
BK,ED,0.4238480921422485,60,0.0008222845961004991,1,2,External
BK,FITB,0.5309688269381478,60,1.5160357506382592e-05,1,1,Internal
BK,GS,0.5387161023090433,60,1.0749030521228953e-05,1,1,Internal
BK,HBAN,0.48795815129847897,60,8.844957844047418e-05,1,1,Internal
BK,HIG,0.43174323777704293,60,0.0006394194117895892,1,2,External
BK,KHC,0.41665141738640843,60,0.0010287794063971204,1,2,External
BK,L,0.45507746662720777,60,0.0002931408610034319,1,2,External
BK,LNT,0.45252414042690564,60,0.0003201320592524702,1,2,External
BK,MA,0.44109833416495475,60,0.00047085661350439,1,2,External
BK,MTB,0.46622790440767164,60,0.00019791115169870635,1,1,Internal
BK,NTRS,0.7241622240720682,60,9.055767585686403e-11,1,1,Internal
BK,PNC,0.4777800170196497,60,0.00012985062049764723,1,1,Internal
BK,RF,0.49952203962885366,60,5.633239332109887e-05,1,1,Internal
BK,STT,0.6427684702486541,60,4.046963617862875e-08,1,1,Internal
BK,T,0.43418945634842715,60,0.0005907469800871822,1,2,External
BK,TAP,0.4440813206932211,60,0.0004262916531584992,1,2,External
BK,TFC,0.41541000773300923,60,0.0010687858847759923,1,1,Internal
BK,USB,0.408582290756143,60,0.0013149212060051417,1,1,Internal
BK,V,0.5055279824458165,60,4.427726286256011e-05,1,2,External
BK,WEC,0.5077908520066103,60,4.038946125061923e-05,1,2,External
BK,WFC,0.5075981437396447,60,4.0707840742906536e-05,1,1,Internal
BK,XEL,0.45878870640512076,60,0.00025759632285569516,1,2,External
BKNG,EXPE,0.5678011948845453,60,2.7311890522141057e-06,4,4,Internal
BKNG,HLT,0.43106857974467044,60,0.0006534670798758653,4,4,Internal
BKR,CTRA,0.453305449750713,60,0.00031164179548510154,6,6,Internal
BKR,EQT,0.4108684322711571,60,0.0012273575282415862,6,6,Internal
BKR,KMI,0.46800568300214873,60,0.00018566313395041638,6,6,Internal
BKR,OKE,0.43057720974905817,60,0.0006638734802346857,6,6,Internal
BKR,TPL,0.5394286971209371,60,1.0409910275110422e-05,6,6,Internal
BKR,TRGP,0.5102663722673008,60,3.649892730945536e-05,6,6,Internal
BKR,WMB,0.4134308402412817,60,0.001135470315519947,6,6,Internal
BLDR,CSX,0.42644483459686794,60,0.0007575034394923345,0,0,Internal
BLDR,CTSH,0.41676819749287375,60,0.0010250862719073418,0,4,External
BLDR,CTVA,0.4825050003200744,60,0.00010881437944033846,0,0,Internal
BLDR,DHI,0.6649852000001827,60,9.224779863486002e-09,0,0,Internal
BLDR,DOC,0.41209789324110574,60,0.0011824668022450105,0,2,External
BLDR,EFX,0.41460500065443523,60,0.0010954715999844113,0,0,Internal
BLDR,F,0.4415033399024026,60,0.000464567571492343,0,0,Internal
BLDR,FAST,0.4807771681254532,60,0.0001161140959005655,0,0,Internal
BLDR,FITB,0.46519627674154246,60,0.00020535289578897287,0,1,External
BLDR,GPC,0.5322685946073824,60,1.4318932077642108e-05,0,0,Internal
BLDR,GWW,0.5911426755438124,60,8.243672392949777e-07,0,0,Internal
BLDR,HCA,0.45897213450213786,60,0.00025594609023149307,0,0,Internal
BLDR,HD,0.6326856948481366,60,7.617089707567501e-08,0,0,Internal
BLDR,KIM,0.4143177629764774,60,0.0011051376209808442,0,2,External
BLDR,LEN,0.6671581864043318,60,7.929335972809631e-09,0,0,Internal
BLDR,LKQ,0.4867615742891757,60,9.25917748267392e-05,0,0,Internal
BLDR,LOW,0.6983701620124833,60,7.789804517107635e-10,0,0,Internal
BLDR,MAS,0.7813195884624126,60,2.853728747975882e-13,0,0,Internal
BLDR,MHK,0.6999285669582829,60,6.884266959051452e-10,0,0,Internal
BLDR,MLM,0.44846549602113434,60,0.0003677236280744336,0,0,Internal
BLDR,MMM,0.46895684848926056,60,0.00017939862478991478,0,1,External
BLDR,NDSN,0.5605115560774659,60,3.897507999756751e-06,0,0,Internal
BLDR,NSC,0.43540712163739365,60,0.0005677926236677458,0,0,Internal
BLDR,NVDA,-0.46032019735246676,60,0.00024411094846529173,0,6,External
BLDR,NVR,0.7320658310687208,60,4.459339968564367e-11,0,0,Internal
BLDR,ORLY,0.4251878748792945,60,0.0007882616488493437,0,0,Internal
BLDR,PCAR,0.546748364617351,60,7.457386427490517e-06,0,0,Internal
BLDR,PHM,0.6754267494455839,60,4.406805790302775e-09,0,0,Internal
BLDR,PNC,0.4086406757578079,60,0.0013126169156609966,0,1,External
BLDR,POOL,0.6002470579451423,60,5.034153039535957e-07,0,0,Internal
BLDR,PPG,0.4050405533181877,60,0.0014616852674512809,0,0,Internal
BLDR,RF,0.4347468642901112,60,0.0005801368785149981,0,1,External
BLDR,SHW,0.5159012961004888,60,2.8898247627769245e-05,0,0,Internal
BLDR,SWK,0.5394688654926116,60,1.0391093529621315e-05,0,0,Internal
BLDR,TXT,0.4936564185270742,60,7.096157972647504e-05,0,0,Internal
BLDR,UNP,0.45640717831456085,60,0.00027992156272229414,0,0,Internal
BLDR,URI,0.4306375016274588,60,0.000662588578046032,0,0,Internal
BLDR,WAT,0.42149528380493284,60,0.000885255137752706,0,0,Internal
BLDR,WY,0.4555686834704803,60,0.00028819256441447164,0,2,External
BLDR,XOM,0.4404791489352229,60,0.0004806209963604983,0,6,External
BLK,IDXX,-0.4313024601465208,60,0.0006485659272072924,1,2,External
BLK,MSCI,0.42798636467641554,60,0.0007212643580510467,1,2,External
BLK,STT,0.4337471825516021,60,0.0005992902639972471,1,1,Internal
BMY,CB,0.49238828923336253,60,7.455233672886272e-05,0,2,External
BMY,CBOE,0.4692827684773212,60,0.00017729696023438207,0,2,External
BMY,CHD,0.5393704172727413,60,1.0437267578049924e-05,0,2,External
BMY,CL,0.5058943535369754,60,4.362523674661782e-05,0,0,Internal
BMY,CNC,0.4263016790670641,60,0.0007609509220796938,0,0,Internal
BMY,COR,0.4553158924951023,60,0.0002907294751914262,0,0,Internal
BMY,DOC,0.42588957795496735,60,0.000770954463722153,0,2,External
BMY,DUK,0.4296102093448903,60,0.0006847919820694036,0,2,External
BMY,DVA,0.44495934719053104,60,0.00041392457429236613,0,0,Internal
BMY,ED,0.41201616860264956,60,0.0011854043195967754,0,2,External
BMY,EFX,0.4041554000058143,60,0.0015005866023011366,0,0,Internal
BMY,F,0.4157996073907126,60,0.0010560821495001309,0,0,Internal
BMY,FRT,0.4236977427913332,60,0.0008261841997244141,0,2,External
BMY,GD,0.40959266000685024,60,0.001275552938299198,0,0,Internal
BMY,GIS,0.4930309108104568,60,7.271234472736763e-05,0,2,External
BMY,HCA,0.43693932643896866,60,0.0005400583366750871,0,0,Internal
BMY,HIG,0.4176874900138572,60,0.0009964283433407486,0,2,External
BMY,HOLX,0.5231689557077337,60,2.1252048701703266e-05,0,0,Internal
BMY,HON,0.4498103066354452,60,0.0003512852649859236,0,0,Internal
BMY,HSIC,0.4734883486587286,60,0.00015212481235621586,0,0,Internal
BMY,JNJ,0.44132638896313064,60,0.00046730587332543264,0,2,External
BMY,KIM,0.4147752954685565,60,0.0010897768908105351,0,2,External
BMY,KMB,0.5333143584085523,60,1.3673623802112178e-05,0,2,External
BMY,MCK,0.4214091647666792,60,0.0008876404112459877,0,0,Internal
BMY,MKC,0.5162733035340074,60,2.8452040347343523e-05,0,2,External
BMY,MOH,0.4768169443784864,60,0.00013457130203662146,0,0,Internal
BMY,MRK,0.4880821633668598,60,8.803017386282886e-05,0,1,External
BMY,MTD,0.40001248461530375,60,0.0016952830861588495,0,0,Internal
BMY,O,0.4161411073168261,60,0.0010450587955819048,0,2,External
BMY,ORLY,0.41340006656891376,60,0.001136536088177027,0,0,Internal
BMY,OTIS,0.4084954207781277,60,0.0013183564412866387,0,0,Internal
BMY,PAYX,0.4024465042158929,60,0.0015783258188505067,0,2,External
BMY,PEP,0.4549890863536337,60,0.00029403934073085657,0,2,External
BMY,PFE,0.5078481226872402,60,4.029528665185321e-05,0,0,Internal
BMY,PG,0.5719826947852983,60,2.218637426813293e-06,0,2,External
BMY,REGN,0.44185720792494015,60,0.0004591351435859339,0,0,Internal
BMY,RMD,0.43868256182153037,60,0.0005100019458701042,0,0,Internal
BMY,SJM,0.4676776378398556,60,0.00018786966774723114,0,2,External
BMY,SO,0.44672850384239304,60,0.00038999098065209056,0,2,External
BMY,SYY,0.4344705907718214,60,0.0005853738927162547,0,2,External
BMY,TRV,0.4240447771172952,60,0.0008172082782180678,0,2,External
BMY,TSN,0.4556930254456674,60,0.00028695213646751425,0,2,External
BMY,UNP,0.4412071159407442,60,0.00046915987237825706,0,0,Internal
BMY,V,0.4322267921529109,60,0.0006295196755168113,0,2,External
BMY,VZ,0.4381301020364542,60,0.0005193588463765728,0,0,Internal
BMY,WEC,0.44481262845593056,60,0.0004159681575612934,0,2,External
BMY,ZBH,0.43434068433715933,60,0.0005878511590970315,0,0,Internal
BMY,ZTS,0.5106459543144118,60,3.593395913790576e-05,0,2,External
BR,BRO,0.5798949734409835,60,1.4853973039398702e-06,2,2,Internal
BR,CAG,0.4062004927240262,60,0.0014120774262964147,2,2,Internal
BR,CB,0.49519511995184246,60,6.681864935561277e-05,2,2,Internal
BR,CBOE,0.5418788787471042,60,9.318242982276451e-06,2,2,Internal
BR,CEG,-0.4558500598451292,60,0.0002853925265796485,2,6,External
BR,CHD,0.5596283426283274,60,4.066776630869788e-06,2,2,Internal
BR,CL,0.5021153951159717,60,5.079743956781429e-05,2,0,External
BR,CME,0.4396863679062054,60,0.0004933911363552809,2,2,Internal
BR,CMS,0.4974846116725591,60,6.106504486399576e-05,2,2,Internal
BR,CPB,0.5490850107833001,60,6.693020840891439e-06,2,2,Internal
BR,CPT,0.462430752512035,60,0.00022658171596137537,2,2,Internal
BR,CSX,0.4116064895712225,60,0.0012002289795631823,2,0,External
BR,CTAS,0.5471622273025736,60,7.316343305847845e-06,2,2,Internal
BR,D,0.40810848319907544,60,0.0013337558183670957,2,2,Internal
BR,DGX,0.5026628610546143,60,4.969507644561699e-05,2,2,Internal
BR,DOC,0.4454862435071187,60,0.00040666065647061044,2,2,Internal
BR,DPZ,0.42022202368427186,60,0.0009211171911088166,2,0,External
BR,DUK,0.5175786247901855,60,2.69362825039996e-05,2,2,Internal
BR,ED,0.448087615862826,60,0.00037246697504931983,2,2,Internal
BR,EFX,0.41854443201449815,60,0.0009703662981186789,2,0,External
BR,EG,0.4681216677318342,60,0.00018488867443176122,2,2,Internal
BR,EQR,0.5295095924286758,60,1.615954853378049e-05,2,2,Internal
BR,ESS,0.4215719292272148,60,0.0008831371235930033,2,2,Internal
BR,EVRG,0.507843271676428,60,4.030325567676416e-05,2,2,Internal
BR,EXC,0.5135895059004231,60,3.18194257103732e-05,2,2,Internal
BR,EXPD,0.4443959845599755,60,0.00042182150452034777,2,0,External
BR,EXR,0.4081699895575666,60,0.0013312972376605136,2,2,Internal
BR,FIS,0.46079643045154906,60,0.00024005081967077888,2,2,Internal
BR,FRT,0.5119793585345459,60,3.401274416486153e-05,2,2,Internal
BR,GD,0.5089320815055489,60,3.855064531411293e-05,2,0,External
BR,GIS,0.5141076322260137,60,3.114194010856728e-05,2,2,Internal
BR,GPN,0.4934878655504462,60,7.1429491637957e-05,2,1,External
BR,HIG,0.5474731003036415,60,7.212035419650192e-06,2,2,Internal
BR,HRL,0.451175374625178,60,0.00033528592310563663,2,2,Internal
BR,ICE,0.41459209050076434,60,0.0010959044095188008,2,2,Internal
BR,INVH,0.42147495882800123,60,0.0008858175648833094,2,2,Internal
BR,ITW,0.4568446013951668,60,0.00027569322969128165,2,0,External
BR,JKHY,0.6122402041145849,60,2.567011921068157e-07,2,0,External
BR,KHC,0.4346698401665512,60,0.0005815926560283854,2,2,Internal
BR,KIM,0.47691568243655225,60,0.00013408018046004566,2,2,Internal
BR,KMB,0.5034578750090568,60,4.8133499438316585e-05,2,2,Internal
BR,KO,0.42867047463900254,60,0.0007056900548299103,2,2,Internal
BR,L,0.5633266793226204,60,3.400808533017414e-06,2,2,Internal
BR,LH,0.41416669709249315,60,0.0011102519727178674,2,0,External
BR,LHX,0.5080986621868112,60,3.988568394369972e-05,2,0,External
BR,LIN,0.4409391894995252,60,0.00047334893505898386,2,0,External
BR,LMT,0.42606413704323565,60,0.0007667027175613021,2,0,External
BR,LNT,0.5446182455787368,60,8.224205810945883e-06,2,2,Internal
BR,MA,0.5347203041389271,60,1.2848540834543401e-05,2,2,Internal
BR,MAA,0.5000190805325233,60,5.5230327966327325e-05,2,2,Internal
BR,MCD,0.4020981563923765,60,0.001594608265234128,2,0,External
BR,MCO,0.520285412985363,60,2.402828735493843e-05,2,2,Internal
BR,MDLZ,0.4347479570746859,60,0.0005801162483538676,2,2,Internal
BR,MDT,0.5054369300380686,60,4.444069707615872e-05,2,2,Internal
BR,MET,0.4429589546033565,60,0.0004425889006711578,2,1,External
BR,MKC,0.5394301045337742,60,1.0409250442224274e-05,2,2,Internal
BR,MMC,0.6248794445406914,60,1.2238765589144663e-07,2,2,Internal
BR,MSCI,0.45484252220010957,60,0.00029553485588539816,2,2,Internal
BR,NDAQ,0.40792331475052584,60,0.0013411821478845317,2,1,External
BR,NOC,0.5138471620388975,60,3.148083776703762e-05,2,0,External
BR,NSC,0.4293319239383647,60,0.0006909214523649729,2,0,External
BR,NVDA,-0.5255168413280674,60,1.9214292252064955e-05,2,6,External
BR,O,0.4869798536820876,60,9.18231104638575e-05,2,2,Internal
BR,OTIS,0.4324023353096975,60,0.0006259602777145069,2,0,External
BR,PAYX,0.5557599373479108,60,4.892119404335232e-06,2,2,Internal
BR,PEP,0.43782078901888644,60,0.0005246653474354423,2,2,Internal
BR,PG,0.5528878892777631,60,5.6030952978438e-06,2,2,Internal
BR,PNW,0.504386388546897,60,4.636706023873614e-05,2,2,Internal
BR,PPL,0.47394898862476625,60,0.00014957661287247952,2,2,Internal
BR,REG,0.4956704306727421,60,6.55846402960945e-05,2,2,Internal
BR,ROL,0.4501911704277762,60,0.0003467528590692607,2,2,Internal
BR,ROP,0.40146713396361766,60,0.0016244870771906898,2,2,Internal
BR,RSG,0.40412671429328584,60,0.0015018626853514146,2,2,Internal
BR,RTX,0.41066926670295795,60,0.0012347720033202081,2,1,External
BR,SBAC,0.47905453219524385,60,0.00012383673790896185,2,2,Internal
BR,SJM,0.48960715304758895,60,8.302002926002794e-05,2,2,Internal
BR,SO,0.5531867100052663,60,5.524869769853179e-06,2,2,Internal
BR,SPG,0.4116226282195871,60,0.0011996418469018152,2,2,Internal
BR,SYK,0.40259602309442205,60,0.0015713828289007701,2,2,Internal
BR,SYY,0.41636191160412195,60,0.0010379866664743636,2,2,Internal
BR,TDG,0.466950197074743,60,0.00019284847561956776,2,1,External
BR,TJX,0.42546507695336644,60,0.0007813830869051642,2,4,External
BR,TRV,0.5113058305168809,60,3.4970994647253747e-05,2,2,Internal
BR,TSN,0.4752134382895889,60,0.00014278149495876064,2,2,Internal
BR,UDR,0.5972268850233345,60,5.939008041161103e-07,2,2,Internal
BR,UNP,0.45367665024999626,60,0.00030768039591821613,2,0,External
BR,V,0.5540292417421121,60,5.309753490256223e-06,2,2,Internal
BR,VLTO,0.4575262376760103,60,0.00026922020988299496,2,0,External
BR,VRSK,0.7014175388355403,60,6.113080747572421e-10,2,2,Internal
BR,VZ,0.4327316435005149,60,0.0006193321774129114,2,0,External
BR,WEC,0.5257028707468311,60,1.9060836995644082e-05,2,2,Internal
BR,WELL,0.4052316836549439,60,0.001453405030553799,2,2,Internal
BR,WM,0.4816587940194529,60,0.00011233507596724182,2,2,Internal
BR,WRB,0.40604756362498434,60,0.0014185301970069451,2,2,Internal
BR,WY,0.42548409490603245,60,0.0007809131641833181,2,2,Internal
BR,XEL,0.48502229114362094,60,9.893118551654027e-05,2,2,Internal
BR,ZTS,0.43782902264233603,60,0.0005245234587111869,2,2,Internal
BRK-B,BRO,0.5136200475296938,60,3.1779115574759854e-05,2,2,Internal
BRK-B,CB,0.7522304257740261,60,6.50104221867702e-12,2,2,Internal
BRK-B,CCI,0.4233798741905972,60,0.0008344837553689708,2,2,Internal
BRK-B,CEG,-0.45513745569335556,60,0.0002925324346909765,2,6,External
BRK-B,CHD,0.5085904557154033,60,3.909281745435211e-05,2,2,Internal
BRK-B,CINF,0.6926369314168712,60,1.2192062898005388e-09,2,2,Internal
BRK-B,CMS,0.4664184161052338,60,0.00019656415526645698,2,2,Internal
BRK-B,CPT,0.4607086566147968,60,0.00024079447004690386,2,2,Internal
BRK-B,DOC,0.49307682005020376,60,7.258250772926377e-05,2,2,Internal
BRK-B,DTE,0.5416730820893745,60,9.405668522822936e-06,2,2,Internal
BRK-B,DUK,0.40533921967895586,60,0.0014487648220551904,2,2,Internal
BRK-B,ED,0.5513221165985889,60,6.030122540902901e-06,2,2,Internal
BRK-B,EG,0.5087699760848569,60,3.880704057735586e-05,2,2,Internal
BRK-B,EQR,0.4664761604280075,60,0.0001961575375325965,2,2,Internal
BRK-B,ES,0.4103135647005275,60,0.0012481141757160782,2,2,Internal
BRK-B,ESS,0.43292659554736046,60,0.0006154383201202403,2,2,Internal
BRK-B,ETN,-0.5040444381702578,60,4.701052172910013e-05,2,6,External
BRK-B,EXC,0.45981719184856357,60,0.0002484673128310747,2,2,Internal
BRK-B,FDS,0.50235720636756,60,5.0307783512553534e-05,2,2,Internal
BRK-B,FDX,0.4324410622791588,60,0.0006251774884087829,2,0,External
BRK-B,FISV,0.5149596493675428,60,3.005680036289174e-05,2,2,Internal
BRK-B,FITB,0.506396833330883,60,4.274538569238006e-05,2,1,External
BRK-B,FRT,0.4731794095109901,60,0.00015385603458008005,2,2,Internal
BRK-B,GL,0.4035547846096792,60,0.001527508864859606,2,2,Internal
BRK-B,GPN,0.4119045093112505,60,0.001189428417169106,2,1,External
BRK-B,HBAN,0.4459981462676006,60,0.0003997146090501375,2,1,External
BRK-B,HIG,0.7204066245024592,60,1.2573057782209604e-10,2,2,Internal
BRK-B,INVH,0.438899893902006,60,0.0005063631416972907,2,2,Internal
BRK-B,JNJ,0.4721234835029053,60,0.00015991033731467208,2,2,Internal
BRK-B,KHC,0.41752805487220507,60,0.0010013462206842744,2,2,Internal
BRK-B,KIM,0.4379504775870888,60,0.0005224344837217401,2,2,Internal
BRK-B,KMB,0.40844686085726406,60,0.001320280231765928,2,2,Internal
BRK-B,L,0.7848117446698675,60,1.8991819368881242e-13,2,2,Internal
BRK-B,LNT,0.5788408598165756,60,1.5679079629893253e-06,2,2,Internal
BRK-B,MA,0.5478866199848822,60,7.075429881804573e-06,2,2,Internal
BRK-B,MAA,0.5355174517236578,60,1.2401510117928454e-05,2,2,Internal
BRK-B,MCO,0.5119607020409505,60,3.4038957295641413e-05,2,2,Internal
BRK-B,MDLZ,0.40499810202123715,60,0.0014635300941564541,2,2,Internal
BRK-B,MET,0.5338245947834748,60,1.3368667223798074e-05,2,1,External
BRK-B,MKC,0.4862772061748829,60,9.431862751705001e-05,2,2,Internal
BRK-B,MLM,0.4026699028401055,60,0.0015679622953105007,2,0,External
BRK-B,MMC,0.596103259136523,60,6.312981103669527e-07,2,2,Internal
BRK-B,MMM,0.41928715839502795,60,0.0009482765858256702,2,1,External
BRK-B,MTB,0.43428108441285423,60,0.0005889908819418712,2,1,External
BRK-B,NTRS,0.45411093528816093,60,0.0003031040374107155,2,1,External
BRK-B,NVDA,-0.5065434500934333,60,4.249176141064895e-05,2,6,External
BRK-B,OTIS,0.4319523212677786,60,0.0006351217128476748,2,0,External
BRK-B,PAYX,0.40385541456658697,60,0.0015139796436532869,2,2,Internal
BRK-B,PCG,0.4266973584545357,60,0.0007514565289269659,2,2,Internal
BRK-B,PEP,0.45887091654750156,60,0.0002568555127646939,2,2,Internal
BRK-B,PFG,0.4888071167981466,60,8.561476819668881e-05,2,1,External
BRK-B,PGR,0.5773226000155793,60,1.6943080103992565e-06,2,2,Internal
BRK-B,PNC,0.5348689891866047,60,1.2764041626048832e-05,2,1,External
BRK-B,PNW,0.5270052518663751,60,1.801790416525192e-05,2,2,Internal
BRK-B,PPL,0.4564067670123889,60,0.00027992556623332194,2,2,Internal
BRK-B,PRU,0.5411951739034656,60,9.611640556943557e-06,2,1,External
BRK-B,RF,0.5104034643587159,60,3.629394017939779e-05,2,1,External
BRK-B,ROL,0.4451026264409223,60,0.00041193770862008077,2,2,Internal
BRK-B,SBAC,0.440618931659762,60,0.00047840073799776156,2,2,Internal
BRK-B,SO,0.442053736305823,60,0.00045614309961583994,2,2,Internal
BRK-B,SPGI,0.44435528228124166,60,0.00042239731695466404,2,1,External
BRK-B,STT,0.5287382732050487,60,1.6712044234476046e-05,2,1,External
BRK-B,T,0.4670153327162494,60,0.0001923978002680551,2,2,Internal
BRK-B,TFC,0.5048604521218235,60,4.548843247536372e-05,2,1,External
BRK-B,TRV,0.6547998230806595,60,1.8447418381546667e-08,2,2,Internal
BRK-B,TSN,0.4010754619237957,60,0.0016432839411948234,2,2,Internal
BRK-B,TXT,0.5075797324468123,60,4.0738379580946836e-05,2,0,External
BRK-B,UDR,0.492637153452416,60,7.383474968178303e-05,2,2,Internal
BRK-B,V,0.47392084563811565,60,0.00014973116751293644,2,2,Internal
BRK-B,VICI,0.48693959772037093,60,9.196442808271904e-05,2,2,Internal
BRK-B,VRSK,0.4370597979463082,60,0.000537930663259971,2,2,Internal
BRK-B,VTR,0.4046360402222436,60,0.0014793494436001551,2,2,Internal
BRK-B,WEC,0.5082267563616536,60,3.9677753550399766e-05,2,2,Internal
BRK-B,WRB,0.43900440890561265,60,0.0005046216413157101,2,2,Internal
BRK-B,XEL,0.6065561570063203,60,3.544514455671139e-07,2,2,Internal
BRO,BXP,0.4935886874910225,60,7.114926451857578e-05,2,2,Internal
BRO,CAH,0.4225050750809081,60,0.0008577147784597077,2,1,External
BRO,CB,0.5689836858068406,60,2.5760309060076365e-06,2,2,Internal
BRO,CBOE,0.42370877853617583,60,0.0008258973994283005,2,2,Internal
BRO,CHD,0.6314584012897944,60,8.213870437151048e-08,2,2,Internal
BRO,CINF,0.48181552528255217,60,0.00011167519881812906,2,2,Internal
BRO,CL,0.5327254012263505,60,1.4033651655423835e-05,2,0,External
BRO,CLX,0.4004687809754586,60,0.0016727840341440765,2,2,Internal
BRO,CME,0.6083849454208495,60,3.197206770833826e-07,2,2,Internal
BRO,CMS,0.5528028020675021,60,5.62555744202056e-06,2,2,Internal
BRO,CNP,0.502148007141115,60,5.0731146375395446e-05,2,2,Internal
BRO,COR,0.40651961217209387,60,0.0013986970814722122,2,0,External
BRO,CPB,0.42490606037397016,60,0.0007953106845163698,2,2,Internal
BRO,CPRT,0.4739173796277791,60,0.00014975021213859722,2,2,Internal
BRO,CPT,0.6589259828394073,60,1.3976170447037259e-08,2,2,Internal
BRO,CTAS,0.5668037781520847,60,2.868801685344513e-06,2,2,Internal
BRO,D,0.42603993977366406,60,0.0007672908243258113,2,2,Internal
BRO,DGX,0.4955066545887616,60,6.600744842600287e-05,2,2,Internal
BRO,DOC,0.6278977549075649,60,1.0204281013778306e-07,2,2,Internal
BRO,DTE,0.5162497392221436,60,2.848011459587103e-05,2,2,Internal
BRO,DUK,0.4692205653626878,60,0.00017769632324560932,2,2,Internal
BRO,ED,0.546611801917744,60,7.5044788488550885e-06,2,2,Internal
BRO,EG,0.4959663824800391,60,6.482692369580557e-05,2,2,Internal
BRO,EQR,0.6284935894866143,60,9.842291007292498e-08,2,2,Internal
BRO,ES,0.40233570936848473,60,0.0015834883538145708,2,2,Internal
BRO,ESS,0.5471720054321957,60,7.313041161046539e-06,2,2,Internal
BRO,EVRG,0.4643677839539436,60,0.00021151352171877631,2,2,Internal
BRO,EXC,0.5583091069135846,60,4.332414560509461e-06,2,2,Internal
BRO,EXR,0.46474727556459694,60,0.00020867097986038176,2,2,Internal
BRO,FAST,0.44039475258621885,60,0.0004819660413028888,2,0,External
BRO,FDS,0.530048324543204,60,1.5783755293525942e-05,2,2,Internal
BRO,FISV,0.463734619242755,60,0.0002163350472105208,2,2,Internal
BRO,FRT,0.6003059980014424,60,5.017854925075623e-07,2,2,Internal
BRO,GD,0.532845754185926,60,1.3959372796538973e-05,2,0,External
BRO,GIS,0.434019198672126,60,0.0005940226540348009,2,2,Internal
BRO,GPC,0.51287991748784,60,3.2769382049178126e-05,2,0,External
BRO,GWW,0.43673535674719294,60,0.0005436780907926796,2,0,External
BRO,HD,0.4411202413461476,60,0.0004705144654623572,2,0,External
BRO,HIG,0.6398505106294188,60,4.871302020352409e-08,2,2,Internal
BRO,HSY,0.4360152167293233,60,0.0005566346807442985,2,2,Internal
BRO,ICE,0.45622754290671474,60,0.00028167506483342216,2,2,Internal
BRO,INVH,0.5251075477775538,60,1.955595653963593e-05,2,2,Internal
BRO,ITW,0.49294944083171444,60,7.294327823701605e-05,2,0,External
BRO,JKHY,0.44773016097920837,60,0.00037700509203785344,2,0,External
BRO,JNJ,0.4109310468286074,60,0.001225034814073851,2,2,Internal
BRO,KHC,0.4038134465094673,60,0.0015158618538701305,2,2,Internal
BRO,KIM,0.5802663256302991,60,1.4573102914503104e-06,2,2,Internal
BRO,KMB,0.5234098785257344,60,2.1034089237795717e-05,2,2,Internal
BRO,KO,0.523859460186947,60,2.0632886447174448e-05,2,2,Internal
BRO,L,0.5809898325550336,60,1.4040093940500031e-06,2,2,Internal
BRO,LHX,0.5186965059268469,60,2.5697941624850776e-05,2,0,External
BRO,LIN,0.4591412556892007,60,0.00025443312475434627,2,0,External
BRO,LMT,0.5136184715408778,60,3.178119447582548e-05,2,0,External
BRO,LNT,0.6073822305469334,60,3.383463757392978e-07,2,2,Internal
BRO,LOW,0.430712031380497,60,0.000661003357556774,2,0,External
BRO,MA,0.5684068044241566,60,2.650667006792738e-06,2,2,Internal
BRO,MAA,0.7200508152441888,60,1.2966527340826823e-10,2,2,Internal
BRO,MAR,0.4369174457116366,60,0.0005404455946716792,2,4,External
BRO,MAS,0.43844341832247846,60,0.0005140333376966347,2,0,External
BRO,MCK,0.4751965498690122,60,0.00014287035749073208,2,0,External
BRO,MCO,0.5796199124014654,60,1.506526934928473e-06,2,2,Internal
BRO,MDLZ,0.48049408324355525,60,0.00011735203892298125,2,2,Internal
BRO,MKC,0.5515592880257453,60,5.96354915423673e-06,2,2,Internal
BRO,MMC,0.7600112130563574,60,2.9422461543067002e-12,2,2,Internal
BRO,MSFT,-0.48567744123589185,60,9.649788596278363e-05,2,0,External
BRO,NDAQ,0.4295241125523685,60,0.0006866830608875126,2,1,External
BRO,NDSN,0.44037961523638874,60,0.0004822076499103283,2,0,External
BRO,NVDA,-0.47176544963319644,60,0.00016201219044189406,2,6,External
BRO,NVR,0.5025395498818099,60,4.9941429665958806e-05,2,0,External
BRO,O,0.5366578999200746,60,1.1787022670054597e-05,2,2,Internal
BRO,ORLY,0.42421819364400437,60,0.0008127559950794015,2,0,External
BRO,OTIS,0.524674368747159,60,1.992368520149119e-05,2,0,External
BRO,PAYX,0.5527302976214982,60,5.644764013128475e-06,2,2,Internal
BRO,PEP,0.5554669020555204,60,4.960607875539303e-06,2,2,Internal
BRO,PG,0.5067308124974348,60,4.216967526325772e-05,2,2,Internal
BRO,PGR,0.5081265992783437,60,3.984024912299244e-05,2,2,Internal
BRO,PHM,0.4515809154626018,60,0.0003306622592272316,2,0,External
BRO,PKG,0.42594229912382986,60,0.0007696680913291322,2,2,Internal
BRO,PLD,0.4191239648670104,60,0.000953090953638443,2,0,External
BRO,PNW,0.4868880402583336,60,9.214571127928462e-05,2,2,Internal
BRO,PPL,0.5774743804834702,60,1.6812558518562035e-06,2,2,Internal
BRO,PSA,0.4497299865635808,60,0.0003522479579397972,2,2,Internal
BRO,REG,0.6019530334843809,60,4.5819384432896756e-07,2,2,Internal
BRO,ROL,0.6359783664500146,60,6.211380339381677e-08,2,2,Internal
BRO,ROP,0.403912040897455,60,0.0015114433503955838,2,2,Internal
BRO,RSG,0.5451147493034875,60,8.039184750893893e-06,2,2,Internal
BRO,SBAC,0.5810744452360744,60,1.3978964947641812e-06,2,2,Internal
BRO,SHW,0.5381133580900552,60,1.1043855340681938e-05,2,0,External
BRO,SO,0.6332639122788226,60,7.350308288982788e-08,2,2,Internal
BRO,SPG,0.4294884926564734,60,0.0006874668169191202,2,2,Internal
BRO,SPGI,0.40555860144838846,60,0.0014393396230432808,2,1,External
BRO,SYK,0.43387612978120144,60,0.0005967879409093512,2,2,Internal
BRO,SYY,0.5490191918789151,60,6.713514257598554e-06,2,2,Internal
BRO,TDG,0.5216481559420646,60,2.267689451269594e-05,2,1,External
BRO,TJX,0.503638850628524,60,4.7784408795947893e-05,2,4,External
BRO,TRV,0.5082116682314286,60,3.970219342407429e-05,2,2,Internal
BRO,TSN,0.40804548418740083,60,0.001336278290114675,2,2,Internal
BRO,TXT,0.4344738246502631,60,0.0005853123447107021,2,0,External
BRO,UDR,0.6915777962437076,60,1.3229053774952918e-09,2,2,Internal
BRO,V,0.6008831699537281,60,4.860849902657091e-07,2,2,Internal
BRO,VICI,0.5227773211142306,60,2.1610823951115054e-05,2,2,Internal
BRO,VRSK,0.599137609103315,60,5.350359178031667e-07,2,2,Internal
BRO,VTR,0.5366993134949906,60,1.1765249882991235e-05,2,2,Internal
BRO,WEC,0.5841560413127841,60,1.1915002413312133e-06,2,2,Internal
BRO,WELL,0.5712903274914588,60,2.2967736036784436e-06,2,2,Internal
BRO,WM,0.6266085261122324,60,1.1030879063698487e-07,2,2,Internal
BRO,WRB,0.45693479236595974,60,0.00027482867871194783,2,2,Internal
BRO,WTW,0.6206355702490958,60,1.5752185016664734e-07,2,2,Internal
BRO,XEL,0.5214602857878433,60,2.2858921552031317e-05,2,2,Internal
BSX,CAH,0.4207571728233644,60,0.0009058878265075884,1,1,Internal
BSX,DXCM,0.4296264569044169,60,0.0006844356402722615,1,1,Internal
BSX,EQIX,0.4282086011072343,60,0.000716171226517498,1,6,External
BSX,ISRG,0.5208385086479485,60,2.3471053324099693e-05,1,1,Internal
BSX,LYV,0.4285656206940939,60,0.0007080572311461302,1,1,Internal
BSX,NDAQ,0.483842218984118,60,0.00010345679749272151,1,1,Internal
BSX,PODD,0.6487673087127533,60,2.7472178151437358e-08,1,1,Internal
BSX,SPG,0.4888872280737055,60,8.535162570361154e-05,1,2,External
BSX,SYK,0.4934468834172841,60,7.154368855084623e-05,1,2,External
BSX,WELL,0.41514015172250596,60,0.001077665588877644,1,2,External
BXP,CCI,0.42294249176220283,60,0.0008460268476586541,2,2,Internal
BXP,CL,0.4202190670169361,60,0.0009212019698749443,2,0,External
BXP,CMS,0.40499608687954824,60,0.0014636177190435636,2,2,Internal
BXP,CPB,0.47217136384709324,60,0.00015963115449744606,2,2,Internal
BXP,CPT,0.6273243851743782,60,1.056442737151899e-07,2,2,Internal
BXP,DGX,0.4418349846654848,60,0.00045947460040988644,2,2,Internal
BXP,DOC,0.6339920843507179,60,7.026854668557157e-08,2,2,Internal
BXP,ED,0.46546661655021704,60,0.00020337843676882165,2,2,Internal
BXP,EFX,0.4465635617185913,60,0.00039216794221136895,2,0,External
BXP,EG,0.4254027928448439,60,0.0007829238802804022,2,2,Internal
BXP,EQR,0.5903877234508204,60,8.581993160896985e-07,2,2,Internal
BXP,ESS,0.5540478792100098,60,5.30508437127845e-06,2,2,Internal
BXP,EXR,0.45356970793405516,60,0.00030881693789182535,2,2,Internal
BXP,FDS,0.46497323647671046,60,0.00020699507037286847,2,2,Internal
BXP,FFIV,-0.4157486099978022,60,0.0010577372594417845,2,7,External
BXP,FITB,0.4450593318363199,60,0.0004125371627849719,2,1,External
BXP,FRT,0.5037757073039669,60,4.752197340216969e-05,2,2,Internal
BXP,GD,0.5562260709572553,60,4.784987142897187e-06,2,0,External
BXP,GIS,0.4635831899366024,60,0.0002175029571218827,2,2,Internal
BXP,HST,0.41838773935093315,60,0.0009750853729266902,2,0,External
BXP,IFF,0.4045954038772107,60,0.0014811344790666401,2,0,External
BXP,INVH,0.46439479262897015,60,0.00021131005253470568,2,2,Internal
BXP,ITW,0.4989486965439316,60,5.7628796047467146e-05,2,0,External
BXP,KHC,0.44208119307695243,60,0.0004557264969140127,2,2,Internal
BXP,KIM,0.586209791894877,60,1.0701807015561285e-06,2,2,Internal
BXP,MAA,0.558337221945776,60,4.3265885602694744e-06,2,2,Internal
BXP,MAS,0.4500114307650209,60,0.0003488851460859029,2,0,External
BXP,MSCI,0.4010448793883096,60,0.0016447598032945454,2,2,Internal
BXP,MSFT,-0.4809692422319903,60,0.00011528098341641598,2,0,External
BXP,NDSN,0.536025608604364,60,1.2124124797385351e-05,2,0,External
BXP,O,0.5119512443277281,60,3.405225289650732e-05,2,2,Internal
BXP,PAYX,0.407038962008161,60,0.0013771643900120604,2,2,Internal
BXP,PKG,0.48113681492991883,60,0.00011455862901084444,2,2,Internal
BXP,PNW,0.43026742919345173,60,0.0006705109469345458,2,2,Internal
BXP,PSA,0.44335884309872414,60,0.0004367185569084119,2,2,Internal
BXP,REG,0.4503129266341084,60,0.00034531518785671153,2,2,Internal
BXP,ROP,0.437530243395607,60,0.0005296946150929659,2,2,Internal
BXP,SBAC,0.48822403527911257,60,8.755261036590482e-05,2,2,Internal
BXP,SO,0.5184568574800786,60,2.595889005866016e-05,2,2,Internal
BXP,SYY,0.5394180892739575,60,1.0414884768681875e-05,2,2,Internal
BXP,TMO,0.42019142752612876,60,0.000921994838358663,2,0,External
BXP,TSN,0.4166254544041915,60,0.0010296021040461212,2,2,Internal
BXP,TXT,0.45023207977626095,60,0.00034626920362414355,2,0,External
BXP,UDR,0.5471261954308922,60,7.328523506852641e-06,2,2,Internal
BXP,VICI,0.504209993940427,60,4.66979671307577e-05,2,2,Internal
BXP,WEC,0.5329832147139957,60,1.3874981951764702e-05,2,2,Internal
BXP,WM,0.46397140107124707,60,0.00021452032971181525,2,2,Internal
BXP,XEL,0.4365318724673908,60,0.0005473111332476615,2,2,Internal
C,CFG,0.5832521152182076,60,1.2488766715144349e-06,1,1,Internal
C,COF,0.5124996989286894,60,3.328911758644587e-05,1,1,Internal
C,CPAY,0.4215934153971983,60,0.0008825441972630123,1,1,Internal
C,FITB,0.4767415294132844,60,0.00013494752516119655,1,1,Internal
C,GS,0.760636587123196,60,2.7570402291476503e-12,1,1,Internal
C,HBAN,0.6155285094956785,60,2.1237088229983925e-07,1,1,Internal
C,IP,0.4682679811850416,60,0.00018391591767434132,1,1,Internal
C,JPM,0.6073270459575968,60,3.394004608476114e-07,1,1,Internal
C,KEY,0.4844502127082363,60,0.00010110190968893627,1,1,Internal
C,MS,0.6873711579153402,60,1.8233209692012916e-09,1,1,Internal
C,MTB,0.5563714774530182,60,4.7520180957328526e-06,1,1,Internal
C,PNC,0.5011599806765148,60,5.2775409466312164e-05,1,1,Internal
C,RF,0.5419078868024706,60,9.30598083737056e-06,1,1,Internal
C,RJF,0.555820288356933,60,4.878123975501133e-06,1,1,Internal
C,STT,0.5609124976452172,60,3.822855940251442e-06,1,1,Internal
C,SYF,0.6004027617933574,60,4.99120508241815e-07,1,1,Internal
C,TFC,0.5463197979928601,60,7.606103492741062e-06,1,1,Internal
C,USB,0.4504996587591658,60,0.0003431208342742465,1,1,Internal
C,WFC,0.713667938823314,60,2.2360115098228322e-10,1,1,Internal
CAG,CB,0.40449633551644204,60,0.0014854943581622784,2,2,Internal
CAG,CCI,0.4172350884758183,60,0.0010104399940740394,2,2,Internal
CAG,CDNS,-0.40891485919725024,60,0.0013018441020783505,2,6,External
CAG,CHD,0.5427676167645836,60,8.949297571393657e-06,2,2,Internal
CAG,CL,0.6949925376687143,60,1.0155166920833139e-09,2,0,External
CAG,CLX,0.4716098969962566,60,0.00016293322621161466,2,2,Internal
CAG,CMS,0.44068764603308885,60,0.00047731272031946854,2,2,Internal
CAG,CNC,0.4045779085934569,60,0.0014819035901588089,2,0,External
CAG,CNP,0.42446502745867976,60,0.0008064565726247132,2,2,Internal
CAG,CPB,0.8155218143298542,60,3.698312564699986e-15,2,2,Internal
CAG,CPT,0.41642136581983696,60,0.001036089789669022,2,2,Internal
CAG,CTAS,0.41644207024700947,60,0.001035429951584101,2,2,Internal
CAG,D,0.5440725935166174,60,8.432104927251346e-06,2,2,Internal
CAG,DGX,0.48961370651932146,60,8.299907642260682e-05,2,2,Internal
CAG,DOC,0.5132767366773601,60,3.223496111794497e-05,2,2,Internal
CAG,DUK,0.5089641937066162,60,3.850004083343702e-05,2,2,Internal
CAG,ED,0.48993829088776253,60,8.196737593007129e-05,2,2,Internal
CAG,EQR,0.42748368454932917,60,0.0007329055995068814,2,2,Internal
CAG,ES,0.5060486402357587,60,4.335331578803095e-05,2,2,Internal
CAG,EXC,0.4232515464885182,60,0.0008378556648492918,2,2,Internal
CAG,EXR,0.48747550706342463,60,9.009941023539732e-05,2,2,Internal
CAG,FAST,0.5284639069478375,60,1.6912759700063962e-05,2,0,External
CAG,GIS,0.8666906395698442,60,7.343746162057258e-19,2,2,Internal
CAG,GPC,0.5717104639620334,60,2.2490586054406882e-06,2,0,External
CAG,GWW,0.42802704397654007,60,0.0007203296437984074,2,0,External
CAG,HRL,0.7029860124649436,60,5.389718913273329e-10,2,2,Internal
CAG,HSY,0.5646627903530168,60,3.186336727888598e-06,2,2,Internal
CAG,ISRG,-0.4445452365608794,60,0.0004197161443816156,2,1,External
CAG,ITW,0.5413353296546896,60,9.550804999476512e-06,2,0,External
CAG,JKHY,0.526168987157284,60,1.868131250678665e-05,2,0,External
CAG,JNJ,0.5411875326903519,60,9.614967607805239e-06,2,2,Internal
CAG,KHC,0.7099912838345498,60,3.0402849461391355e-10,2,2,Internal
CAG,KIM,0.4511953056431439,60,0.0003350573167011482,2,2,Internal
CAG,KMB,0.5369901612146063,60,1.1613388518151059e-05,2,2,Internal
CAG,KO,0.6056210027465017,60,3.735508056212401e-07,2,2,Internal
CAG,KVUE,0.5405165500334459,60,9.91132871830236e-06,2,0,External
CAG,LHX,0.48726852520000324,60,9.081556790962132e-05,2,0,External
CAG,LNT,0.4314769885944069,60,0.0006449302451367214,2,2,Internal
CAG,MAA,0.4317993087382496,60,0.000638264300942669,2,2,Internal
CAG,MAS,0.45207779874365217,60,0.0003250763598413496,2,0,External
CAG,MCD,0.5003491846267039,60,5.4509423356738964e-05,2,0,External
CAG,MDLZ,0.6742922664144797,60,4.7819794526930224e-09,2,2,Internal
CAG,MDT,0.6113499569119297,60,2.7012021131490007e-07,2,2,Internal
CAG,MKC,0.6282726227922766,60,9.975101785557365e-08,2,2,Internal
CAG,MO,0.5603020718775359,60,3.937050786048986e-06,2,2,Internal
CAG,NEE,0.5079990317122163,60,4.004810543391407e-05,2,2,Internal
CAG,NOW,-0.4409270858107516,60,0.0004735389767954362,2,0,External
CAG,NRG,-0.47446358667017724,60,0.00014677620613632792,2,6,External
CAG,O,0.44188862371712645,60,0.0004586556607400388,2,2,Internal
CAG,ORLY,0.4087971216039412,60,0.0013064603086827505,2,0,External
CAG,OTIS,0.5246528586885489,60,1.9942111136494603e-05,2,0,External
CAG,PANW,-0.440894576604646,60,0.00047404975133995725,2,4,External
CAG,PAYX,0.4611130547372832,60,0.00023738565851693798,2,2,Internal
CAG,PCAR,0.4435463560910548,60,0.00043399031092451236,2,0,External
CAG,PEP,0.6629827481238685,60,1.0593539074842186e-08,2,2,Internal
CAG,PFE,0.414194413529475,60,0.001109312037517675,2,0,External
CAG,PNW,0.5021171767103375,60,5.079381590991676e-05,2,2,Internal
CAG,POOL,0.47531277215606205,60,0.000142259849930648,2,0,External
CAG,PSA,0.5389200788821049,60,1.0650925370460883e-05,2,2,Internal
CAG,RMD,0.40299867909241205,60,0.0015528211625066314,2,0,External
CAG,ROL,0.4517325529450159,60,0.00032894837288872025,2,2,Internal
CAG,RSG,0.42630600842789657,60,0.0007608464545391108,2,2,Internal
CAG,SBAC,0.4980040463180401,60,5.982488054992808e-05,2,2,Internal
CAG,SJM,0.807181163395893,60,1.1549953136709012e-14,2,2,Internal
CAG,SO,0.6044579362882526,60,3.9865371622874735e-07,2,2,Internal
CAG,STZ,0.4762755533048498,60,0.00013729360891285685,2,2,Internal
CAG,SWK,0.5021348432079699,60,5.075789619509253e-05,2,0,External
CAG,SYY,0.6766771887107145,60,4.025618796465543e-09,2,2,Internal
CAG,T,0.43517178260025474,60,0.0005721649829429856,2,2,Internal
CAG,TAP,0.4908390671346168,60,7.916569758622615e-05,2,2,Internal
CAG,TMUS,0.5477508030623883,60,7.120028964835579e-06,2,2,Internal
CAG,TSN,0.5469572140296366,60,7.385898037160771e-06,2,2,Internal
CAG,TXT,0.4635536409761311,60,0.00021773152629981464,2,0,External
CAG,UDR,0.44388487199399695,60,0.00042910420401805785,2,2,Internal
CAG,UNP,0.41344830474777333,60,0.001134865874020671,2,0,External
CAG,VICI,0.519103519157745,60,2.5260308582914947e-05,2,2,Internal
CAG,VRSK,0.571252787986253,60,2.3010826769145217e-06,2,2,Internal
CAG,VZ,0.6099588542397439,60,2.9241536678423063e-07,2,0,External
CAG,WEC,0.5343069378410225,60,1.3086197554478047e-05,2,2,Internal
CAG,WY,0.4008432867680465,60,0.001654518062521739,2,2,Internal
CAG,XEL,0.4403384726517984,60,0.0004828648859335951,2,2,Internal
CAG,ZTS,0.42090989870221684,60,0.0009015833794012379,2,2,Internal
CAH,CHD,0.4298941976183312,60,0.000678587650317779,1,2,External
CAH,CINF,0.47600902874250206,60,0.00013865224864918565,1,2,External
CAH,COR,0.40690040865348204,60,0.0013828796369394114,1,0,External
CAH,CPAY,0.4748017803859622,60,0.00014496202613913767,1,1,Internal
CAH,DUK,0.417257214647861,60,0.0010097506023205912,1,2,External
CAH,EVRG,0.4280615489510912,60,0.0007195376595338859,1,2,External
CAH,GOOG,-0.45576562473509213,60,0.0002862301429302382,1,8,External
CAH,GOOGL,-0.45606534519927233,60,0.0002832669478648692,1,8,External
CAH,HIG,0.4941386448631737,60,6.963843170927273e-05,1,2,External
CAH,L,0.42365600697324934,60,0.0008272696560488195,1,2,External
CAH,MA,0.510843054328796,60,3.564379375326752e-05,1,2,External
CAH,MET,0.4956042521702709,60,6.575518706691428e-05,1,1,Internal
CAH,MMC,0.5285534812953764,60,1.6846986235525502e-05,1,2,External
CAH,PPL,0.40967037983048005,60,0.0012725689598158977,1,2,External
CAH,SCHW,0.4170102375977079,60,0.0010174698246076246,1,1,Internal
CAH,SPG,0.4286431744155288,60,0.0007063056929704607,1,2,External
CAH,TRV,0.41720801309907624,60,0.0010112841664996917,1,2,External
CARR,DHI,0.415931374339455,60,0.0010518164706402986,0,0,Internal
CARR,GD,0.5459390773708507,60,7.740526897875057e-06,0,0,Internal
CARR,ITW,0.461662421789296,60,0.00023282542479725784,0,0,Internal
CARR,LHX,0.41542269226899703,60,0.0010683701212670902,0,0,Internal
CARR,META,-0.40041395817796305,60,0.0016754730307089617,0,9,External
CARR,NDSN,0.4125984096060465,60,0.0011646185570605317,0,0,Internal
CARR,NVR,0.41271238120292386,60,0.0011605883902850295,0,0,Internal
CARR,OTIS,0.41976835697215764,60,0.0009342081106711596,0,0,Internal
CARR,PHM,0.41469888922112536,60,0.0010923286348018745,0,0,Internal
CARR,POOL,0.4378647503786989,60,0.0005239081713383205,0,0,Internal
CARR,ROK,0.4377239979813152,60,0.0005263359437117468,0,6,External
CARR,TXT,0.413475906262896,60,0.0011339111838083904,0,0,Internal
CARR,WAT,0.4636516632729108,60,0.00021697413974459216,0,0,Internal
CAT,CHRW,0.4941771156704057,60,6.953385865985107e-05,0,0,Internal
CAT,CMCSA,0.4898003163725939,60,8.240448203392404e-05,0,0,Internal
CAT,DE,0.5004429778980517,60,5.430617923527249e-05,0,0,Internal
CAT,DOW,0.6090928229187523,60,3.0715628009651317e-07,0,0,Internal
CAT,EMR,0.42001394626067406,60,0.0009271007577269421,0,0,Internal
CAT,EW,-0.49212090649172124,60,7.53304684062436e-05,0,1,External
CAT,ISRG,-0.41845873970410713,60,0.0009729445161336922,0,1,External
CAT,ITW,0.40151431845849384,60,0.0016222356769232333,0,0,Internal
CAT,LHX,0.4320987470958365,60,0.0006321275250032378,0,0,Internal
CAT,LYB,0.4709153961781916,60,0.0001671041746192452,0,0,Internal
CAT,PCAR,0.4692044639872192,60,0.00017779983301602226,0,0,Internal
CAT,PPG,0.412869228619113,60,0.001155062593673974,0,0,Internal
CAT,SWK,0.403654992609161,60,0.0015229872211942929,0,0,Internal
CAT,TXT,0.4762180392647564,60,0.000137585756558965,0,0,Internal
CAT,UPS,0.5823212801858642,60,1.3106562024344842e-06,0,0,Internal
CAT,URI,0.4462745643918042,60,0.00039600888306415397,0,0,Internal
CB,CBOE,0.4371618187203911,60,0.0005361347986417359,2,2,Internal
CB,CCI,0.5898615883827516,60,8.825417021993971e-07,2,2,Internal
CB,CEG,-0.565191634719792,60,3.104987741635077e-06,2,6,External
CB,CHD,0.6610052460194435,60,1.2132049618058876e-08,2,2,Internal
CB,CINF,0.7516403172902808,60,6.895716873021589e-12,2,2,Internal
CB,CL,0.5894359203908774,60,9.027075689401871e-07,2,0,External
CB,CME,0.426864811168549,60,0.0007474708125834018,2,2,Internal
CB,CMS,0.5515994920455123,60,5.952332058808667e-06,2,2,Internal
CB,CNP,0.41541210382251487,60,0.001068717170797462,2,2,Internal
CB,COR,0.4663317701952039,60,0.00019717573500415157,2,0,External
CB,CPB,0.49115194709412585,60,7.821334841793176e-05,2,2,Internal
CB,CPT,0.5312797616651517,60,1.4954995747057404e-05,2,2,Internal
CB,CSGP,0.40063129500707323,60,0.0016648355919579637,2,5,External
CB,CSX,0.41214922699522455,60,0.0011806250059717726,2,0,External
CB,CTAS,0.5016053194653874,60,5.1844764220879694e-05,2,2,Internal
CB,D,0.47171112537837745,60,0.00016233330426784054,2,2,Internal
CB,DHI,0.400816254301364,60,0.0016558305258711009,2,0,External
CB,DOC,0.5702818418275516,60,2.4151942789769542e-06,2,2,Internal
CB,DTE,0.49166902495281023,60,7.666253113857874e-05,2,2,Internal
CB,DUK,0.4986822945896339,60,5.8240472145730415e-05,2,2,Internal
CB,ED,0.5766465361547236,60,1.7536044150424034e-06,2,2,Internal
CB,EG,0.5496774267153223,60,6.511168533836629e-06,2,2,Internal
CB,EQR,0.5359695035102845,60,1.2154465244097004e-05,2,2,Internal
CB,ES,0.46561945998626114,60,0.00020226982073738407,2,2,Internal
CB,ESS,0.4646670287127364,60,0.00020926913327024143,2,2,Internal
CB,ETN,-0.46194180220139647,60,0.00023053713591690515,2,6,External
CB,EVRG,0.40361294179461893,60,0.0015248831994824324,2,2,Internal
CB,EXC,0.5310664095389819,60,1.509562757672049e-05,2,2,Internal
CB,EXR,0.46299342704124424,60,0.00022210666263976217,2,2,Internal
CB,FDS,0.5548046298188657,60,5.118699229583253e-06,2,2,Internal
CB,FISV,0.49712330542516203,60,6.194159273391841e-05,2,2,Internal
CB,FRT,0.5378619047795469,60,1.116905674725704e-05,2,2,Internal
CB,GD,0.4349309535232389,60,0.0005766709057477677,2,0,External
CB,GIS,0.5731116169776495,60,2.096538845877803e-06,2,2,Internal
CB,GL,0.49954603593075747,60,5.627872523053319e-05,2,2,Internal
CB,GPC,0.4558137254492956,60,0.00028575269811836277,2,0,External
CB,GPN,0.4168316144134556,60,0.0010230857382401476,2,1,External
CB,GWW,0.4199859885310613,60,0.0009279073877590925,2,0,External
CB,HCA,0.5194057218692582,60,2.4939844188880885e-05,2,0,External
CB,HIG,0.8547480572841232,60,7.147942021306908e-18,2,2,Internal
CB,HSY,0.4711120295291781,60,0.00016591344848734775,2,2,Internal
CB,ICE,0.4615272307473073,60,0.00023394014816112099,2,2,Internal
CB,IFF,0.4236822571291958,60,0.0008265867974291726,2,0,External
CB,INVH,0.5721070503511402,60,2.2048692692810803e-06,2,2,Internal
CB,ITW,0.45465902866583696,60,0.00029741696404760753,2,0,External
CB,JBL,-0.43073372808825194,60,0.0006605425219184872,2,6,External
CB,JKHY,0.41473247557227827,60,0.0010912062878096521,2,0,External
CB,JNJ,0.5552282636264971,60,5.017041535373048e-06,2,2,Internal
CB,KDP,0.46222170383140837,60,0.00022826519143917908,2,2,Internal
CB,KHC,0.5511660046810636,60,6.074319664037417e-06,2,2,Internal
CB,KIM,0.4565935933956555,60,0.00027811241050082236,2,2,Internal
CB,KMB,0.6229341398976452,60,1.374613157681122e-07,2,2,Internal
CB,KO,0.44195672515881856,60,0.0004576178246820153,2,2,Internal
CB,L,0.8093781628951974,60,8.603152536632914e-15,2,2,Internal
CB,LEN,0.4441087238571793,60,0.0004259006568224202,2,0,External
CB,LHX,0.4376099665730382,60,0.0005283102941429007,2,0,External
CB,LIN,0.4704283576616525,60,0.00017008722893761732,2,0,External
CB,LMT,0.41036635612742084,60,0.001246125849191472,2,0,External
CB,LNT,0.577160302492964,60,1.708369348296193e-06,2,2,Internal
CB,LYB,0.40707981435031154,60,0.001375483305820887,2,0,External
CB,MA,0.6242093850659083,60,1.2739479431186684e-07,2,2,Internal
CB,MAA,0.570797421126307,60,2.353958155423924e-06,2,2,Internal
CB,MCK,0.5212287409797617,60,2.308512597619364e-05,2,0,External
CB,MCO,0.5577321853828782,60,4.453591041665312e-06,2,2,Internal
CB,MDLZ,0.5213433540770446,60,2.2972898555115215e-05,2,2,Internal
CB,MET,0.582993381657093,60,1.265769595723056e-06,2,1,External
CB,MHK,0.4153675199604974,60,0.0010701795760180114,2,0,External
CB,MKC,0.6726100366560908,60,5.394347502076255e-09,2,2,Internal
CB,MMC,0.6859563385218879,60,2.02863801278767e-09,2,2,Internal
CB,MMM,0.45341174266446,60,0.0003105027312575472,2,1,External
CB,MNST,0.4477822573625565,60,0.0003763405797104633,2,2,Internal
CB,MO,0.4832053043732534,60,0.00010597763838167705,2,2,Internal
CB,NDAQ,0.4080282244543272,60,0.001336970114530508,2,1,External
CB,NDSN,0.48898160712853805,60,8.50425718320728e-05,2,0,External
CB,NOC,0.41861592766852446,60,0.0009682199270953059,2,0,External
CB,NRG,-0.44263876717336864,60,0.0004473408051672418,2,6,External
CB,NSC,0.4897061612199054,60,8.2703996927739e-05,2,0,External
CB,NTRS,0.4509824919363062,60,0.00033750561324792937,2,1,External
CB,NVDA,-0.6350114259214706,60,6.59652973521469e-08,2,6,External
CB,NVR,0.4515184554769778,60,0.00033137057614476156,2,0,External
CB,O,0.5134820897888198,60,3.1961573811041625e-05,2,2,Internal
CB,OMC,0.45497205830090465,60,0.00029421273716672574,2,0,External
CB,ORLY,0.5088022931419586,60,3.8755800720829117e-05,2,0,External
CB,OTIS,0.5116749345560768,60,3.44428124301142e-05,2,0,External
CB,PAYX,0.5722293952493357,60,2.1914016557462526e-06,2,2,Internal
CB,PEP,0.6374553779752837,60,5.66373219292167e-08,2,2,Internal
CB,PFG,0.5435595506309776,60,8.632027422662465e-06,2,1,External
CB,PG,0.6412402749808905,60,4.4607016790934414e-08,2,2,Internal
CB,PGR,0.6203069654832899,60,1.6060515967187124e-07,2,2,Internal
CB,PNC,0.5140850556313735,60,3.1171180445205324e-05,2,1,External
CB,PNW,0.5656381932854267,60,3.037809902307643e-06,2,2,Internal
CB,PPG,0.41691941176211134,60,0.0010203219099452834,2,0,External
CB,PPL,0.5017934922968655,60,5.145609792458462e-05,2,2,Internal
CB,PRU,0.5215060816800815,60,2.2814425723392867e-05,2,1,External
CB,PSA,0.4881291396906126,60,8.787177953270519e-05,2,2,Internal
CB,REG,0.5602236250538646,60,3.9519546485711825e-06,2,2,Internal
CB,RF,0.4623262232174152,60,0.0002274220709021292,2,1,External
CB,ROL,0.5872419380912896,60,1.0136725817841995e-06,2,2,Internal
CB,ROP,0.41468465033180496,60,0.0010928047658417402,2,2,Internal
CB,SBAC,0.5885150541260917,60,9.478193270052498e-07,2,2,Internal
CB,SHW,0.44394484932991546,60,0.0004282437273767094,2,0,External
CB,SJM,0.5259552690895835,60,1.8854449563263507e-05,2,2,Internal
CB,SNA,0.4258546841149885,60,0.0007718069253224297,2,0,External
CB,SO,0.5029803019324046,60,4.9066034749351584e-05,2,2,Internal
CB,SPGI,0.48171586955971707,60,0.00011209436069505193,2,1,External
CB,STT,0.490652655829857,60,7.973815829846406e-05,2,1,External
CB,STZ,0.4617464991173828,60,0.00023213461016798292,2,2,Internal
CB,SYY,0.46876563828773227,60,0.00018064220991572655,2,2,Internal
CB,T,0.5000242812467901,60,5.5218902465068305e-05,2,2,Internal
CB,TAP,0.40995457389269535,60,0.001261710918163301,2,2,Internal
CB,TMUS,0.4081832332062177,60,0.0013307683848167368,2,2,Internal
CB,TROW,0.41895962874147846,60,0.0009579612820948419,2,0,External
CB,TRV,0.8253666750970631,60,8.936578376983003e-16,2,2,Internal
CB,TSN,0.6270535292682785,60,1.073868865377361e-07,2,2,Internal
CB,TXT,0.5083727699163009,60,3.9441956336340384e-05,2,0,External
CB,UDR,0.6355566285654827,60,6.376684306001491e-08,2,2,Internal
CB,UHS,0.4535392608870411,60,0.00030914121625555705,2,0,External
CB,UNP,0.41070623864301664,60,0.0012333925880827752,2,0,External
CB,V,0.5380775967889445,60,1.1061581418477323e-05,2,2,Internal
CB,VICI,0.5479114264898375,60,7.067312137787568e-06,2,2,Internal
CB,VLTO,0.4469192149969879,60,0.00038748761239552074,2,0,External
CB,VRSK,0.6005197780176892,60,4.959154866123823e-07,2,2,Internal
CB,VRSN,0.4078796285830127,60,0.0013429396201490606,2,2,Internal
CB,VZ,0.4503133852435415,60,0.00034530978296709206,2,0,External
CB,WEC,0.5568137213526363,60,4.65304132555994e-06,2,2,Internal
CB,WRB,0.5309746791900571,60,1.5156468258233402e-05,2,2,Internal
CB,WTW,0.46014888241526064,60,0.00024558675849721643,2,2,Internal
CB,WY,0.5227243099479126,60,2.1659816067500438e-05,2,2,Internal
CB,XEL,0.6249027015801538,60,1.2221723505677865e-07,2,2,Internal
CB,ZTS,0.42679719787404574,60,0.0007490778415681186,2,2,Internal
CBOE,CL,0.46996956302982845,60,0.00017294179516137294,2,0,External
CBOE,CME,0.6567162511698985,60,1.6224702141126508e-08,2,2,Internal
CBOE,CMS,0.4608217186640154,60,0.00023983695855808797,2,2,Internal
CBOE,D,0.4500175735993906,60,0.0003488120759107093,2,2,Internal
CBOE,DUK,0.5266234329148194,60,1.8318044077504135e-05,2,2,Internal
CBOE,DVA,0.40672641581474983,60,0.0013900868877553098,2,0,External
CBOE,ED,0.4965718846745435,60,6.330173310465223e-05,2,2,Internal
CBOE,EXC,0.4742891948685871,60,0.00014771980691546675,2,2,Internal
CBOE,FDS,0.5186078010067492,60,2.5794246359837228e-05,2,2,Internal
CBOE,FIS,0.5560947730886779,60,4.814940245251145e-06,2,2,Internal
CBOE,FRT,0.4240877471915935,60,0.0008161030202653274,2,2,Internal
CBOE,GD,0.41512485223768525,60,0.0010781710071203674,2,0,External
CBOE,HON,0.45381548463014676,60,0.000306210602899875,2,0,External
CBOE,HRL,0.4238236451618301,60,0.0008229175427028204,2,2,Internal
CBOE,JKHY,0.5567571218907821,60,4.6656005262540085e-06,2,0,External
CBOE,KIM,0.40294608757919664,60,0.001555234321389396,2,2,Internal
CBOE,KMB,0.6072025822519834,60,3.4178918284994715e-07,2,2,Internal
CBOE,LMT,0.43959341092882914,60,0.0004949084826591989,2,0,External
CBOE,LNT,0.40842067511461894,60,0.001321318673927486,2,2,Internal
CBOE,MA,0.5367613707999759,60,1.1732693759114988e-05,2,2,Internal
CBOE,MAR,0.40579572863869,60,0.0014292139252404846,2,4,External
CBOE,MKC,0.4873961120854015,60,9.037350108753077e-05,2,2,Internal
CBOE,MMC,0.5576468045480094,60,4.471790456217293e-06,2,2,Internal
CBOE,MTD,0.4322252018322639,60,0.000629552005205392,2,0,External
CBOE,NOC,0.46158005768299454,60,0.00023350398265989205,2,0,External
CBOE,NTRS,0.44228818247659096,60,0.0004525969418591967,2,1,External
CBOE,O,0.4157398533424737,60,0.0010580216897087824,2,2,Internal
CBOE,OTIS,0.4302737148308402,60,0.0006703756740852731,2,0,External
CBOE,PAYX,0.4621807673345286,60,0.0002285961887943431,2,2,Internal
CBOE,PEP,0.4307704180195614,60,0.0006597638933290414,2,2,Internal
CBOE,PG,0.5977422268172687,60,5.774529860651035e-07,2,2,Internal
CBOE,PPL,0.4404692122726865,60,0.00048077918220202834,2,2,Internal
CBOE,RTX,0.4343103015994916,60,0.0005884319149909585,2,1,External
CBOE,SO,0.5091989022143132,60,3.81320307616554e-05,2,2,Internal
CBOE,T,0.529388024705696,60,1.624548779181933e-05,2,2,Internal
CBOE,TSN,0.4722277543330299,60,0.00015930292276738098,2,2,Internal
CBOE,UNP,0.4002585027714938,60,0.001683119001098563,2,0,External
CBOE,V,0.5605522966899203,60,3.889860841612461e-06,2,2,Internal
CBOE,VRSK,0.5034024044552446,60,4.824096878136558e-05,2,2,Internal
CBOE,VZ,0.5273137755519697,60,1.7778716974091637e-05,2,0,External
CBOE,WEC,0.49134270251536877,60,7.763790718331831e-05,2,2,Internal
CBOE,XEL,0.4031348565335371,60,0.0015465882534156815,2,2,Internal
CBOE,ZTS,0.4069935409690888,60,0.001379035641927752,2,2,Internal
CBRE,CMG,0.45236522851274213,60,0.00032188448113967865,2,4,External
CBRE,CPAY,0.423432872281896,60,0.0008330947673345396,2,1,External
CBRE,CPT,0.4507872671230912,60,0.00033976587234473145,2,2,Internal
CBRE,EQIX,0.4076311315982936,60,0.0013529759150587046,2,6,External
CBRE,EQR,0.44803642359859064,60,0.0003731138299081612,2,2,Internal
CBRE,GS,0.45373277356235,60,0.0003070854649403116,2,1,External
CBRE,HD,0.479345316918033,60,0.000122500946527415,2,0,External
CBRE,HIG,0.43893740168914563,60,0.0005057375350767866,2,2,Internal
CBRE,LNT,0.48183109473703783,60,0.00011160984224202136,2,2,Internal
CBRE,MAA,0.4043648377153032,60,0.0014912991914833064,2,2,Internal
CBRE,MCO,0.41787808087931877,60,0.0009905780088773825,2,2,Internal
CBRE,PLD,0.46837951408383277,60,0.00018317754460319988,2,0,External
CBRE,REG,0.4684707507365943,60,0.00018257555482788148,2,2,Internal
CBRE,SBAC,0.40708858515342283,60,0.0013751226253093708,2,2,Internal
CBRE,SPG,0.48677160697723265,60,9.255631576821213e-05,2,2,Internal
CBRE,SYK,0.5733289725950274,60,2.073763701768802e-06,2,2,Internal
CBRE,TJX,0.42957408980612516,60,0.0006855847577835058,2,4,External
CBRE,TYL,0.4546462543292344,60,0.00029754839730598473,2,2,Internal
CBRE,UDR,0.4221607909746307,60,0.0008670164356086814,2,2,Internal
CBRE,VTR,0.44907322064925187,60,0.00036021030786781064,2,2,Internal
CBRE,WELL,0.5178415964831655,60,2.6640105999507653e-05,2,2,Internal
CBRE,XEL,0.4270243464957047,60,0.0007436913278328597,2,2,Internal
CCI,CEG,-0.413563068402064,60,0.0011309011326123602,2,6,External
CCI,CHD,0.4873277309237992,60,9.061018360623158e-05,2,2,Internal
CCI,CINF,0.47630432903151076,60,0.00013714765358801583,2,2,Internal
CCI,CL,0.45621756840464883,60,0.00028177272330939915,2,0,External
CCI,CLX,0.4138191478848192,60,0.0011220992403741512,2,2,Internal
CCI,CMS,0.6170832922722943,60,1.9401593209107862e-07,2,2,Internal
CCI,CNP,0.5964656353925172,60,6.190025953585893e-07,2,2,Internal
CCI,CPB,0.5001066351914687,60,5.503826842008252e-05,2,2,Internal
CCI,CPT,0.5286253246587977,60,1.6794403922967623e-05,2,2,Internal
CCI,CSX,0.4424027866448333,60,0.0004508726024298724,2,0,External
CCI,D,0.5979867453019353,60,5.697991813004557e-07,2,2,Internal
CCI,DGX,0.40848564202211635,60,0.0013187436421342581,2,2,Internal
CCI,DOC,0.6361549557370005,60,6.14337124732777e-08,2,2,Internal
CCI,DTE,0.6254449410825296,60,1.1830659844945835e-07,2,2,Internal
CCI,DUK,0.6742373124995321,60,4.8008991875756715e-09,2,2,Internal
CCI,ED,0.6645417239554021,60,9.512661584168542e-09,2,2,Internal
CCI,EG,0.44016636570683326,60,0.0004856230473226835,2,2,Internal
CCI,EQR,0.508580722029922,60,3.910836782633231e-05,2,2,Internal
CCI,ES,0.6095583259131538,60,2.991482577730691e-07,2,2,Internal
CCI,ESS,0.5050313197532289,60,4.517553208775892e-05,2,2,Internal
CCI,EVRG,0.4733227711696871,60,0.00015305043796197577,2,2,Internal
CCI,EXC,0.5973935770825743,60,5.885331401447301e-07,2,2,Internal
CCI,EXR,0.4773521488417064,60,0.00013192882780629168,2,2,Internal
CCI,FDS,0.5075203892283137,60,4.0836956288680926e-05,2,2,Internal
CCI,FE,0.4344867317078341,60,0.000585066752664325,2,2,Internal
CCI,FRT,0.4873735663967918,60,9.045147390295947e-05,2,2,Internal
CCI,GD,0.4299171444661846,60,0.0006780885546046886,2,0,External
CCI,GIS,0.541486403707477,60,9.485631179384994e-06,2,2,Internal
CCI,GPC,0.4675894997770937,60,0.00018846658572962334,2,0,External
CCI,HIG,0.4878123062566383,60,8.894517136523468e-05,2,2,Internal
CCI,HON,0.41148534240129875,60,0.0012046446330792777,2,0,External
CCI,HRL,0.5293257875372382,60,1.62896486533212e-05,2,2,Internal
CCI,HSY,0.48437854733909513,60,0.00010137690217463553,2,2,Internal
CCI,INVH,0.5977663146119401,60,5.766947417777524e-07,2,2,Internal
CCI,ITW,0.47956475655533637,60,0.00012150166164283167,2,0,External
CCI,JNJ,0.5465714387424017,60,7.518450605901037e-06,2,2,Internal
CCI,KDP,0.42886283834638234,60,0.0007013658628870443,2,2,Internal
CCI,KHC,0.5474761718795176,60,7.211011745250041e-06,2,2,Internal
CCI,KIM,0.5258582829846608,60,1.8933509356017206e-05,2,2,Internal
CCI,KMB,0.5174880350566259,60,2.7039014265903064e-05,2,2,Internal
CCI,L,0.49793584399631424,60,5.9986381294870905e-05,2,2,Internal
CCI,LNT,0.5843364755042287,60,1.1803467334323086e-06,2,2,Internal
CCI,MAA,0.5217360327443843,60,2.2592212401759128e-05,2,2,Internal
CCI,MCK,0.4258553603493265,60,0.0007717903967306288,2,0,External
CCI,MDLZ,0.5287366538435404,60,1.6713222387730166e-05,2,2,Internal
CCI,MET,0.40693237368475393,60,0.00138155921196014,2,1,External
CCI,MKC,0.44110979627816915,60,0.00047067756917642964,2,2,Internal
CCI,MMC,0.4296679866968167,60,0.0006835255701958013,2,2,Internal
CCI,MO,0.46719462931330746,60,0.0001911622118163904,2,2,Internal
CCI,MTD,0.4235843280892874,60,0.0008291368699103679,2,0,External
CCI,NDSN,0.5113020379772367,60,3.49764603492232e-05,2,0,External
CCI,NEE,0.527427927413537,60,1.7690967675956043e-05,2,2,Internal
CCI,NSC,0.44392510314651357,60,0.0004285268466155672,2,0,External
CCI,NVDA,-0.4077961678680149,60,0.0013463029514585061,2,6,External
CCI,O,0.6402577259127314,60,4.7474423182788954e-08,2,2,Internal
CCI,OTIS,0.5242559601151949,60,2.0284948348810696e-05,2,0,External
CCI,PEP,0.5379804434451618,60,1.1109871673062228e-05,2,2,Internal
CCI,PFE,0.4086498436506047,60,0.0013122554145548458,2,0,External
CCI,PG,0.4751879814402061,60,0.00014291546173945727,2,2,Internal
CCI,PNW,0.6715372741579897,60,5.822834415656271e-09,2,2,Internal
CCI,PPL,0.6366236892606042,60,5.966237431909849e-08,2,2,Internal
CCI,PSA,0.6263930527107066,60,1.1175033517743396e-07,2,2,Internal
CCI,REG,0.4707584905005829,60,0.00016805993308983372,2,2,Internal
CCI,ROL,0.4842487054211708,60,0.00010187687871247912,2,2,Internal
CCI,SBAC,0.7867135302216445,60,1.5166212573033325e-13,2,2,Internal
CCI,SJM,0.5047344156620354,60,4.5720516302879596e-05,2,2,Internal
CCI,SO,0.6364871230883931,60,6.017342325885096e-08,2,2,Internal
CCI,SYY,0.4481641080371797,60,0.0003715023365974784,2,2,Internal
CCI,T,0.4180443354729448,60,0.000985499987896052,2,2,Internal
CCI,TSN,0.534958575701328,60,1.27133780686653e-05,2,2,Internal
CCI,TXT,0.418238887638946,60,0.0009795874480713757,2,0,External
CCI,UDR,0.5688870676335426,60,2.588392842114587e-06,2,2,Internal
CCI,ULTA,0.4023691048929418,60,0.0015819306840568201,2,1,External
CCI,UNP,0.4142710958502041,60,0.0011067152739115977,2,0,External
CCI,VICI,0.5971316304361776,60,5.969886809716839e-07,2,2,Internal
CCI,VRSK,0.4144428561063161,60,0.0011009186365536893,2,2,Internal
CCI,VRSN,0.4259087378269611,60,0.0007704867471085663,2,2,Internal
CCI,VZ,0.4244905869157648,60,0.0008058067977809438,2,0,External
CCI,WEC,0.6590607147150032,60,1.3849068994446338e-08,2,2,Internal
CCI,WRB,0.4035877902587158,60,0.0015260182375648188,2,2,Internal
CCI,WTW,0.4371567899271317,60,0.0005362231926087939,2,2,Internal
CCI,WY,0.5059637649674036,60,4.350270910383129e-05,2,2,Internal
CCI,XEL,0.5604315590225527,60,3.912564538230463e-06,2,2,Internal
CCI,ZTS,0.4197718503008914,60,0.0009341066703091843,2,2,Internal
CCL,CPAY,0.41321048004367283,60,0.0011431218374820288,1,1,Internal
CCL,DAL,0.4108977136961035,60,0.0012262708288400665,1,1,Internal
CCL,IVZ,0.4994938881204273,60,5.639541472067566e-05,1,1,Internal
CCL,MS,0.4401511397914845,60,0.00048586774276279627,1,1,Internal
CCL,NCLH,0.7944474413264774,60,5.931401404459205e-14,1,1,Internal
CCL,RCL,0.8270433795849604,60,6.954776312512118e-16,1,1,Internal
CCL,UAL,0.46156846782530403,60,0.00023359961066424177,1,1,Internal
CDNS,CL,-0.41165551089826224,60,0.0011984463564206809,6,0,External
CDNS,CSGP,-0.43032457139511415,60,0.0006692821005419491,6,5,External
CDNS,CTAS,-0.41628303590982907,60,0.0010405080087519478,6,2,External
CDNS,ETN,0.5752474435442195,60,1.8825306489008257e-06,6,6,Internal
CDNS,FOX,-0.43782225185051743,60,0.0005246401361479753,6,1,External
CDNS,FOXA,-0.42203335065963704,60,0.0008704825557673255,6,1,External
CDNS,GLW,0.5010587376096757,60,5.298911942773482e-05,6,6,Internal
CDNS,GRMN,-0.5453428638613509,60,7.955482853305595e-06,6,5,External
CDNS,HUBB,0.41896536801177003,60,0.0009577908135692378,6,6,Internal
CDNS,JNJ,-0.599519665396439,60,5.239423276807463e-07,6,2,External
CDNS,KMB,-0.43436293817977034,60,0.0005874261138173102,6,2,External
CDNS,KO,-0.47279100967602017,60,0.00015605813591887028,6,2,External
CDNS,MCHP,-0.44660125642153786,60,0.0003916694631051384,6,5,External
CDNS,MKC,-0.5336489543419899,60,1.3472923694256393e-05,6,2,External
CDNS,NRG,0.4365913403879553,60,0.0005462471136388678,6,6,Internal
CDNS,NVDA,0.5226592900483327,60,2.1720046927323815e-05,6,6,Internal
CDNS,NXPI,-0.4286494368613512,60,0.0007061644277559448,6,5,External
CDNS,O,-0.40337726047081623,60,0.0015355487617229456,6,2,External
CDNS,ON,-0.40235556774522957,60,0.001582561932641182,6,5,External
CDNS,ORCL,0.4897689484663326,60,8.250415480606113e-05,6,6,Internal
CDNS,PEP,-0.4103165404797129,60,0.0012480020207456663,6,2,External
CDNS,PWR,0.4293082077559316,60,0.0006914461089625111,6,6,Internal
CDNS,SBAC,-0.4252144354488922,60,0.0007876002070750783,6,2,External
CDNS,SJM,-0.47086297986246595,60,0.00016742290290037117,6,2,External
CDNS,SNPS,0.7886977549360066,60,1.1964405117200522e-13,6,6,Internal
CDNS,VICI,-0.46139415537173156,60,0.00023504218423205133,6,2,External
CDW,HOLX,0.4046156011362621,60,0.0014802470314352414,0,0,Internal
CDW,HSIC,0.436227781441645,60,0.000552781455489142,0,0,Internal
CDW,KEYS,0.4031262425354403,60,0.0015469818550756383,0,1,External
CDW,PTC,0.426615222031313,60,0.0007534185554532453,0,0,Internal
CDW,UBER,-0.4005182957480632,60,0.0016703587116670983,0,4,External
CEG,CHTR,-0.4219691528774378,60,0.0008722333373510055,6,0,External
CEG,CINF,-0.4530726865472695,60,0.0003141494575736778,6,2,External
CEG,CPB,-0.44022155192563744,60,0.00048473708750163685,6,2,External
CEG,CPT,-0.4186035096596373,60,0.000968592420823079,6,2,External
CEG,DOC,-0.4635451387380188,60,0.00021779733404828325,6,2,External
CEG,EG,-0.5190573065109003,60,2.5309648395695453e-05,6,2,External
CEG,EQT,0.4697100085447767,60,0.00017457606458227108,6,6,Internal
CEG,ETN,0.573609211514494,60,2.044740585424817e-06,6,6,Internal
CEG,EXPD,-0.4123556928238604,60,0.0011732432722632426,6,0,External
CEG,FRT,-0.4334537075234503,60,0.0006050208425555132,6,2,External
CEG,GIS,-0.5056646652201006,60,4.403296564595327e-05,6,2,External
CEG,HIG,-0.46143604846451464,60,0.00023469474511696373,6,2,External
CEG,JBL,0.5563728802712524,60,4.751701058259466e-06,6,6,Internal
CEG,KHC,-0.5063944857047192,60,4.2749458064285545e-05,6,2,External
CEG,KIM,-0.4130754431538932,60,0.0011478335838903545,6,2,External
CEG,KLAC,0.45118178736441894,60,0.0003352123542586698,6,6,Internal
CEG,KMB,-0.41714857397448024,60,0.0010131396239831127,6,2,External
CEG,L,-0.4939980088220622,60,7.00219480324679e-05,6,2,External
CEG,LEN,-0.40999530233003445,60,0.0012601616682022792,6,0,External
CEG,MAA,-0.4187792625244328,60,0.0009633324956698257,6,2,External
CEG,MCO,-0.41174606961725935,60,0.0011951595166633281,6,2,External
CEG,MKC,-0.480335610788018,60,0.00011805032211285485,6,2,External
CEG,MMC,-0.4130582489549288,60,0.001148434780933356,6,2,External
CEG,MNST,-0.4416042856084236,60,0.00046301197845518703,6,2,External
CEG,MSCI,-0.5191340221257038,60,2.5227790294536953e-05,6,2,External
CEG,MU,0.4867574551029065,60,9.260633709872414e-05,6,6,Internal
CEG,NRG,0.5997044273278599,60,5.186552256571082e-07,6,6,Internal
CEG,NVDA,0.47266744577616987,60,0.00015676473209594964,6,6,Internal
CEG,O,-0.41854704262099146,60,0.0009702878497351553,6,2,External
CEG,PEG,0.4021335780792484,60,0.0015929457422120797,6,6,Internal
CEG,PEP,-0.4965783822187579,60,6.328554728435679e-05,6,2,External
CEG,PG,-0.44662642535572966,60,0.0003913369470566899,6,2,External
CEG,PGR,-0.42481872082095873,60,0.0007975068388706729,6,2,External
CEG,PNC,-0.441667727493736,60,0.0004620367482889484,6,1,External
CEG,PRU,-0.48848964133770667,60,8.666493568160027e-05,6,1,External
CEG,PWR,0.5991829617501767,60,5.337076034544655e-07,6,6,Internal
CEG,SBAC,-0.525489679989976,60,1.923679311711507e-05,6,2,External
CEG,SJM,-0.46781497488165596,60,0.0001869429936781706,6,2,External
CEG,STE,-0.4359656491313239,60,0.0005575367007524564,6,0,External
CEG,STZ,-0.6738858583426786,60,4.923584656110866e-09,6,2,External
CEG,SYY,-0.40186434333182286,60,0.0016056213714188373,6,2,External
CEG,T,-0.47857920801154463,60,0.00012604905573588047,6,2,External
CEG,TAP,-0.4392959937845914,60,0.0004997917427208233,6,2,External
CEG,TPL,0.4526237699201353,60,0.0003190378185643852,6,6,Internal
CEG,TRGP,0.4032679342233436,60,0.0015405188930280604,6,6,Internal
CEG,TRV,-0.5520786532725509,60,5.820147645530324e-06,6,2,External
CEG,TSN,-0.41764276497567193,60,0.0009978057146537013,6,2,External
CEG,UDR,-0.4999809936521368,60,5.531406785387095e-05,6,2,External
CEG,VICI,-0.42909293681977384,60,0.0006962249033342081,6,2,External
CEG,VRSK,-0.5779336622859994,60,1.6423308870365222e-06,6,2,External
CEG,VRSN,-0.4394184496093545,60,0.0004977758839828022,6,2,External
CEG,VZ,-0.4778963503914957,60,0.00012929078918118593,6,0,External
CEG,WDC,0.42413667851884956,60,0.0008148460731742098,6,6,Internal
CEG,XEL,-0.5104762153442169,60,3.6185591641849865e-05,6,2,External
CF,CTVA,0.5045740588092886,60,4.6017377155761805e-05,6,0,External
CF,FANG,0.4906103213303143,60,7.986869506247065e-05,6,6,Internal
CF,MOS,0.6034602197898405,60,4.214410167621949e-07,6,6,Internal
CF,MPC,0.42582910642724126,60,0.0007724323327416923,6,6,Internal
CF,TPR,-0.41490027266269736,60,0.0010856145830474273,6,4,External
CF,VLO,0.4961357589075554,60,6.439690989814907e-05,6,6,Internal
CF,XOM,0.4355444462740538,60,0.0005652552829062778,6,6,Internal
CFG,CINF,0.4645290588699146,60,0.0002103012133060534,1,2,External
CFG,COF,0.5196310803941833,60,2.4703321412954984e-05,1,1,Internal
CFG,CPAY,0.4531571455744097,60,0.0003132374256285581,1,1,Internal
CFG,FITB,0.665537089226681,60,8.878018964167839e-09,1,1,Internal
CFG,FTV,0.4035891349072948,60,0.001525957537131012,1,1,Internal
CFG,GS,0.590141166527877,60,8.695272328688848e-07,1,1,Internal
CFG,HBAN,0.7759839276830135,60,5.241737283979856e-13,1,1,Internal
CFG,HIG,0.4013556947700764,60,0.0016298154932134663,1,2,External
CFG,JPM,0.5946264247552848,60,6.838149949569721e-07,1,1,Internal
CFG,KEY,0.7145476331870355,60,2.076054886412922e-10,1,1,Internal
CFG,L,0.45310804364956964,60,0.0003137673594509578,1,2,External
CFG,MET,0.5591237048772546,60,4.1665427191082604e-06,1,1,Internal
CFG,MMM,0.46808357204683826,60,0.00018514272249194093,1,1,Internal
CFG,MS,0.5302743391463691,60,1.562852548521845e-05,1,1,Internal
CFG,MTB,0.6876178848699237,60,1.7895965157882167e-09,1,1,Internal
CFG,NDAQ,0.4160147045582954,60,0.0010491268433514762,1,1,Internal
CFG,PNC,0.6736089647394484,60,5.022325889383122e-09,1,1,Internal
CFG,PRU,0.48058745030243805,60,0.00011694240846350378,1,1,Internal
CFG,RF,0.6715276780830063,60,5.826808764216351e-09,1,1,Internal
CFG,RJF,0.5225075122294518,60,2.1861249737431933e-05,1,1,Internal
CFG,STT,0.5106229177639073,60,3.596801499848114e-05,1,1,Internal
CFG,SYF,0.5490801755121106,60,6.694524370298525e-06,1,1,Internal
CFG,TFC,0.7315782611074719,60,4.661881745861805e-11,1,1,Internal
CFG,USB,0.5335334461670792,60,1.3541897681069616e-05,1,1,Internal
CFG,WFC,0.6644825519186954,60,9.55170910529152e-09,1,1,Internal
CHD,CI,0.4156058897399834,60,0.00106238163668506,2,0,External
CHD,CINF,0.4506931938966469,60,0.00034085993879476274,2,2,Internal
CHD,CL,0.7418964170917272,60,1.783185553934469e-11,2,0,External
CHD,CLX,0.5409409672049057,60,9.722900628170716e-06,2,2,Internal
CHD,CME,0.5298112593233985,60,1.5948110498398172e-05,2,2,Internal
CHD,CMS,0.5477419296852558,60,7.122951857205507e-06,2,2,Internal
CHD,CNP,0.5297763107957323,60,1.597247380780735e-05,2,2,Internal
CHD,COR,0.60937290207549,60,3.0231430210053386e-07,2,0,External
CHD,CPB,0.5691508546169973,60,2.554772399691033e-06,2,2,Internal
CHD,CPT,0.48788506675617993,60,8.86976072872688e-05,2,2,Internal
CHD,CTAS,0.5686444671704699,60,2.619677267027198e-06,2,2,Internal
CHD,D,0.5563041114667756,60,4.767266057728878e-06,2,2,Internal
CHD,DGX,0.4305091617806883,60,0.0006653263831977142,2,2,Internal
CHD,DHI,0.42266137747826127,60,0.0008535216958247302,2,0,External
CHD,DOC,0.5724320493535907,60,2.1692626343762655e-06,2,2,Internal
CHD,DTE,0.5210666362219398,60,2.324472340681236e-05,2,2,Internal
CHD,DUK,0.5836083990600949,60,1.2259597036614527e-06,2,2,Internal
CHD,DVA,0.48204745786070696,60,0.00011070523191621124,2,0,External
CHD,ED,0.5764972227120774,60,1.766959388923045e-06,2,2,Internal
CHD,EFX,0.4519680691640729,60,0.00032630247935486634,2,0,External
CHD,EG,0.48250067793604334,60,0.00010883210265635633,2,2,Internal
CHD,EQR,0.562063192898397,60,3.6159443356910107e-06,2,2,Internal
CHD,ES,0.5034886297776761,60,4.80740099779138e-05,2,2,Internal
CHD,ESS,0.5280260068989874,60,1.7237745827712203e-05,2,2,Internal
CHD,ETN,-0.40178597878777045,60,0.0016093277284103403,2,6,External
CHD,EVRG,0.5041800404465266,60,4.675437422085959e-05,2,2,Internal
CHD,EXC,0.590078198584513,60,8.724426308741155e-07,2,2,Internal
CHD,EXR,0.5197274915155693,60,2.460276962264359e-05,2,2,Internal
CHD,FAST,0.4077563471406844,60,0.00134791032528598,2,0,External
CHD,FDS,0.4555429252413011,60,0.00028845013733134903,2,2,Internal
CHD,FRT,0.6001677686996709,60,5.056156463212353e-07,2,2,Internal
CHD,GD,0.4437355397162673,60,0.00043125345773384463,2,0,External
CHD,GIS,0.6090084106530934,60,3.0862981437136777e-07,2,2,Internal
CHD,GL,0.4141383568838515,60,0.0011112138025634252,2,2,Internal
CHD,GOOGL,-0.40099043693127345,60,0.0016473900429480033,2,8,External
CHD,GPC,0.5114195615338495,60,3.4807454924046595e-05,2,0,External
CHD,GWW,0.4179095055545613,60,0.0009896163817383348,2,0,External
CHD,HCA,0.47864339270929523,60,0.00012574821659917614,2,0,External
CHD,HIG,0.6705268742461846,60,6.255695850619314e-09,2,2,Internal
CHD,HOLX,0.43168220692471854,60,0.000640678851141369,2,0,External
CHD,HON,0.4283849923201682,60,0.000712151929868384,2,0,External
CHD,HRL,0.4775517322031714,60,0.00013095566180297574,2,2,Internal
CHD,HSY,0.4710212464138723,60,0.00016646222303276864,2,2,Internal
CHD,INVH,0.4925162880372251,60,7.418246118274339e-05,2,2,Internal
CHD,IR,0.4006626101652591,60,0.0016633078821486934,2,0,External
CHD,ITW,0.479124424600437,60,0.0001235144557666475,2,0,External
CHD,JKHY,0.4601458130377366,60,0.0002456132740683596,2,0,External
CHD,JNJ,0.6243190466343095,60,1.2656234684430114e-07,2,2,Internal
CHD,KDP,0.42284328911188995,60,0.0008486649012935561,2,2,Internal
CHD,KHC,0.49191367447609,60,7.593868345101679e-05,2,2,Internal
CHD,KIM,0.5021426890802314,60,5.0741951395405573e-05,2,2,Internal
CHD,KMB,0.6835723177106677,60,2.42497953098638e-09,2,2,Internal
CHD,KO,0.566656564741916,60,2.889652302634155e-06,2,2,Internal
CHD,KR,0.4303920132217983,60,0.0006678343819154907,2,0,External
CHD,KVUE,0.47145527951048644,60,0.00016385347331819135,2,0,External
CHD,L,0.5776307765707651,60,1.6679051674371998e-06,2,2,Internal
CHD,LHX,0.4877519593329566,60,8.915098052992421e-05,2,0,External
CHD,LIN,0.45874648702953014,60,0.0002579775262897332,2,0,External
CHD,LNT,0.5642114854932073,60,3.2573265796346916e-06,2,2,Internal
CHD,MA,0.49634448327386155,60,6.387061294761303e-05,2,2,Internal
CHD,MAA,0.5898332486691893,60,8.838710630926817e-07,2,2,Internal
CHD,MAS,0.41124608250898126,60,0.001213408264766159,2,0,External
CHD,MCK,0.5708688678512487,60,2.345587650938857e-06,2,0,External
CHD,MCO,0.4197019210034665,60,0.0009361391903963025,2,2,Internal
CHD,MDLZ,0.6057387509960752,60,3.710938614294756e-07,2,2,Internal
CHD,MDT,0.554506554469899,60,5.19137374353814e-06,2,2,Internal
CHD,MET,0.4004773191686183,60,0.0016723655932866708,2,1,External
CHD,MKC,0.6235587972718921,60,1.3244037778075898e-07,2,2,Internal
CHD,MMC,0.71978436378417,60,1.3268814451363454e-10,2,2,Internal
CHD,MO,0.5178177020946576,60,2.6666892494864768e-05,2,2,Internal
CHD,MOH,0.4470034279879373,60,0.00038638684954036564,2,0,External
CHD,NDSN,0.44135100961808327,60,0.0004669239951175765,2,0,External
CHD,NOC,0.4424169998332034,60,0.00045065916652396097,2,0,External
CHD,NVDA,-0.4746640611733103,60,0.000145698301906169,2,6,External
CHD,NVR,0.41198778178807227,60,0.0011864261920020755,2,0,External
CHD,O,0.49002635277957257,60,8.16895098984383e-05,2,2,Internal
CHD,ORLY,0.4929738719165259,60,7.287395551317357e-05,2,0,External
CHD,OTIS,0.571329941024289,60,2.292234632234151e-06,2,0,External
CHD,PAYX,0.6057138008594786,60,3.716132027105969e-07,2,2,Internal
CHD,PEP,0.6310981444899516,60,8.397240647313615e-08,2,2,Internal
CHD,PG,0.7335797007552277,60,3.882463214728417e-11,2,2,Internal
CHD,PGR,0.486239393112537,60,9.445467491380686e-05,2,2,Internal
CHD,PHM,0.41703064000895734,60,0.0010168301428224035,2,0,External
CHD,PLD,0.41979319937828996,60,0.0009334869449543393,2,0,External
CHD,PNW,0.6139459953600308,60,2.327208921287534e-07,2,2,Internal
CHD,POOL,0.40923472087880125,60,0.0012893769668849172,2,0,External
CHD,PPL,0.5921013895352744,60,7.832037324378161e-07,2,2,Internal
CHD,PSA,0.5124852222076558,60,3.330905612216992e-05,2,2,Internal
CHD,REG,0.585159856989849,60,1.1306788036178279e-06,2,2,Internal
CHD,RMD,0.4758348714908332,60,0.00013954668074094332,2,0,External
CHD,ROL,0.6477477328512709,60,2.9359434852120463e-08,2,2,Internal
CHD,ROP,0.4026094943808309,60,0.0015707586283472913,2,2,Internal
CHD,SBAC,0.5662208760493167,60,2.952193038998844e-06,2,2,Internal
CHD,SHW,0.5738327768920246,60,2.0218595610234203e-06,2,0,External
CHD,SJM,0.6290203532155538,60,9.532366890991587e-08,2,2,Internal
CHD,SNA,0.4763189832091035,60,0.00013707337980587523,2,0,External
CHD,SO,0.6231765791902083,60,1.3549171218953836e-07,2,2,Internal
CHD,SYY,0.5062737925034583,60,4.2959304845120094e-05,2,2,Internal
CHD,T,0.41320645566392233,60,0.0011432620054059024,2,2,Internal
CHD,TDG,0.41484588474659806,60,0.0010874241857386539,2,1,External
CHD,TRV,0.6167270263348202,60,1.9808506523037503e-07,2,2,Internal
CHD,TSN,0.49231670251586884,60,7.475993862250204e-05,2,2,Internal
CHD,TXT,0.40617715268724713,60,0.001413060541909332,2,0,External
CHD,UDR,0.5838482693352163,60,1.2107530450234786e-06,2,2,Internal
CHD,V,0.45638748958527164,60,0.00028011326640048714,2,2,Internal
CHD,VICI,0.5561632084647612,60,4.7993062889568845e-06,2,2,Internal
CHD,VRSK,0.5990938337790234,60,5.36320975082344e-07,2,2,Internal
CHD,VZ,0.45711942368069414,60,0.00027306654990660363,2,0,External
CHD,WEC,0.6105333260423763,60,2.830066018197573e-07,2,2,Internal
CHD,WELL,0.46491736966773006,60,0.00020740827525562322,2,2,Internal
CHD,WM,0.4350009028092936,60,0.0005753588497876478,2,2,Internal
CHD,WRB,0.47320639339970466,60,0.00015370410710407147,2,2,Internal
CHD,WY,0.41186917635366627,60,0.001190704340047214,2,2,Internal
CHD,XEL,0.5522463152168611,60,5.774544618134588e-06,2,2,Internal
CHD,ZBH,0.42175728409320973,60,0.0008780339235659857,2,0,External
CHD,ZTS,0.42395333745109753,60,0.0008195647495815095,2,2,Internal
CHRW,CHTR,0.4593603287025016,60,0.00025248542154372115,0,0,Internal
CHRW,CI,0.5651938410235567,60,3.1046524559921395e-06,0,0,Internal
CHRW,CMCSA,0.6926636940946396,60,1.2166885954585491e-09,0,0,Internal
CHRW,DG,0.4076011376315187,60,0.0013541918540453165,0,0,Internal
CHRW,DOW,0.4745060673639057,60,0.0001465471892373593,0,0,Internal
CHRW,EXPD,0.4948055882824227,60,6.784585867290378e-05,0,0,Internal
CHRW,GIS,0.43316134747512947,60,0.0006107789490566892,0,2,External
CHRW,ISRG,-0.4165081300951899,60,0.0010333271916800396,0,1,External
CHRW,JKHY,0.4417720520361846,60,0.0004604371232735603,0,0,Internal
CHRW,LRCX,-0.40103613014534045,60,0.0016451822454590691,0,6,External
CHRW,LYB,0.47262307858483243,60,0.0001570191584922101,0,0,Internal
CHRW,MCD,0.5168283524929108,60,2.7798118290275125e-05,0,0,Internal
CHRW,MO,0.506181208290438,60,4.312092308709573e-05,0,2,External
CHRW,NSC,0.4037924883783741,60,0.0015168025826156123,0,0,Internal
CHRW,PH,-0.40732466166937925,60,0.0013654463198760603,0,1,External
CHRW,PSKY,0.4266334571718475,60,0.0007529825658061498,0,0,Internal
CHRW,PSX,0.5041680099404157,60,4.6777047224909736e-05,0,6,External
CHRW,SLB,0.43865021109897734,60,0.0005105456195392636,0,6,External
CHRW,T,0.44443398482032537,60,0.0004212845612781841,0,2,External
CHRW,TSCO,0.555342148204177,60,4.990035699639916e-06,0,0,Internal
CHRW,UPS,0.690991532820333,60,1.3838459968026687e-09,0,0,Internal
CHRW,VLO,0.44482828389024237,60,0.00041574966347141684,0,6,External
CHRW,VZ,0.5352968075027329,60,1.2523777130505064e-05,0,0,Internal
CHTR,CI,0.4438032328633427,60,0.0004302779802127511,0,0,Internal
CHTR,CMCSA,0.6522535273591112,60,2.1847920344117057e-08,0,0,Internal
CHTR,MO,0.41057722487857945,60,0.001238212088354159,0,2,External
CHTR,NTRS,0.42483149420469196,60,0.0007971853104021941,0,1,External
CHTR,OTIS,0.4021991177865992,60,0.0015898737188309584,0,0,Internal
CHTR,UPS,0.5256030608763215,60,1.9143028151731485e-05,0,0,Internal
CHTR,VZ,0.4819150977829025,60,0.00011125782431982175,0,0,Internal
CHTR,WDC,-0.42194093460944077,60,0.0008730039016949509,0,6,External
CI,CMCSA,0.5953464587392485,60,6.57718720250046e-07,0,0,Internal
CI,DOW,0.4347339163221047,60,0.0005803813676567202,0,0,Internal
CI,ELV,0.4691040565522096,60,0.00017844656085392745,0,0,Internal
CI,ES,0.44087534704285497,60,0.0004743521155877374,0,2,External
CI,ETN,-0.40800719697860793,60,0.0013378133964653646,0,6,External
CI,EXPD,0.456722593282948,60,0.00027686671993613557,0,0,Internal
CI,EXR,0.41769815661716486,60,0.0009961001031712424,0,2,External
CI,HCA,0.4208614956372124,60,0.0009029455769932741,0,0,Internal
CI,HOLX,0.4151870384613035,60,0.0010761180141742157,0,0,Internal
CI,HSIC,0.4029638994970738,60,0.001554416646356928,0,0,Internal
CI,ITW,0.43646313551136584,60,0.0005485433381810097,0,0,Internal
CI,JKHY,0.4064957205260877,60,0.0013996948787943712,0,0,Internal
CI,JNJ,0.4199223468926436,60,0.000929745921981975,0,2,External
CI,KMB,0.4254324288021515,60,0.0007821903997165492,0,2,External
CI,LHX,0.4027583126244176,60,0.0015638778103174151,0,0,Internal
CI,MCK,0.4770764909067339,60,0.00013328383780496168,0,0,Internal
CI,MO,0.6283725140560605,60,9.914855084988417e-08,0,2,External
CI,MOH,0.4248983909583267,60,0.0007955033131009987,0,0,Internal
CI,NDSN,0.46284628092263785,60,0.00022326907937642582,0,0,Internal
CI,NRG,-0.468197122247992,60,0.0001843864331730659,0,6,External
CI,NSC,0.4024849977677174,60,0.001576535727734072,0,0,Internal
CI,OTIS,0.5220908062823213,60,2.2253305042120326e-05,0,0,Internal
CI,PEP,0.41367280898348824,60,0.001127121582707403,0,2,External
CI,PG,0.4165346057800331,60,0.001032485520668085,0,2,External
CI,QCOM,0.4032533262391776,60,0.0015411840841775294,0,0,Internal
CI,TSCO,0.5473180252534009,60,7.2638938905780785e-06,0,0,Internal
CI,UNP,0.4363946844973214,60,0.0005497729157911822,0,0,Internal
CI,UPS,0.6640451729142312,60,9.845069948201881e-09,0,0,Internal
CI,VZ,0.5339039587689051,60,1.3321804477367086e-05,0,0,Internal
CI,ZBH,0.43554469432458537,60,0.0005652507090007945,0,0,Internal
CINF,CPT,0.4356209026184518,60,0.0005638470600716453,2,2,Internal
CINF,CTAS,0.4028972746291944,60,0.0015574771077029948,2,2,Internal
CINF,DOC,0.46663205011568804,60,0.00019506364805052756,2,2,Internal
CINF,DTE,0.5599394853023478,60,4.006378970418856e-06,2,2,Internal
CINF,ED,0.4382780930286013,60,0.0005168372049541305,2,2,Internal
CINF,EG,0.5544139657227267,60,5.214142966870367e-06,2,2,Internal
CINF,EQR,0.44651063832218846,60,0.0003928687808536616,2,2,Internal
CINF,ES,0.456023432247428,60,0.0002836796323654717,2,2,Internal
CINF,EVRG,0.46508925579521887,60,0.00020613936512801914,2,2,Internal
CINF,EXC,0.42260837549561137,60,0.000854941488308082,2,2,Internal
CINF,FISV,0.4673849400783757,60,0.00018985866375268785,2,2,Internal
CINF,FITB,0.47748367570059785,60,0.00013128676242702886,2,1,External
CINF,GL,0.4128706245708877,60,0.001155013520161217,2,2,Internal
CINF,HBAN,0.5233814236751906,60,2.1059723670180478e-05,2,1,External
CINF,HIG,0.7209768999793469,60,1.1965995778575817e-10,2,2,Internal
CINF,ICE,0.40384214750375524,60,0.0015145744267624432,2,2,Internal
CINF,JNJ,0.4067871743461778,60,0.001387566284844391,2,2,Internal
CINF,KDP,0.4263091296814658,60,0.0007607711466838482,2,2,Internal
CINF,KHC,0.44287996670582136,60,0.00044375688114593265,2,2,Internal
CINF,L,0.7207613689557231,60,1.2192079843897975e-10,2,2,Internal
CINF,LNT,0.5012323192146534,60,5.262319998691184e-05,2,2,Internal
CINF,MA,0.49749217240395277,60,6.104682481341051e-05,2,2,Internal
CINF,MAA,0.4248990002084096,60,0.0007954880093540509,2,2,Internal
CINF,MCK,0.4360992253638717,60,0.0005551089306529825,2,0,External
CINF,MCO,0.638411534736401,60,5.333830890974588e-08,2,2,Internal
CINF,MDLZ,0.4093848641229423,60,0.0012835619569167359,2,2,Internal
CINF,MET,0.5328651788465483,60,1.3947418627712596e-05,2,1,External
CINF,MKC,0.5061632141252211,60,4.315239939447859e-05,2,2,Internal
CINF,MMC,0.47431719331241495,60,0.00014756793912486504,2,2,Internal
CINF,MMM,0.4019036298562751,60,0.0016037661412501058,2,1,External
CINF,MSCI,0.42624689250489656,60,0.0007622740428484393,2,2,Internal
CINF,PEP,0.4280056334088509,60,0.0007208214714821821,2,2,Internal
CINF,PFG,0.5080867276096385,60,3.990510803933459e-05,2,1,External
CINF,PGR,0.6245352932296476,60,1.2493578383966763e-07,2,2,Internal
CINF,PNC,0.5152481744401196,60,2.969732954424851e-05,2,1,External
CINF,PNR,0.40392431721464594,60,0.0015108939968328876,2,1,External
CINF,PNW,0.4973770958461297,60,6.132468207704873e-05,2,2,Internal
CINF,PPL,0.43474764051621384,60,0.0005801222244425745,2,2,Internal
CINF,PRU,0.5100665160188735,60,3.679967933686081e-05,2,1,External
CINF,REG,0.4119321772542593,60,0.0011884301471101815,2,2,Internal
CINF,RF,0.5224934288156772,60,2.1874394909550798e-05,2,1,External
CINF,RJF,0.41569113891830506,60,0.001059605270138918,2,1,External
CINF,ROL,0.43706301141448994,60,0.0005378740137136117,2,2,Internal
CINF,SBAC,0.4564697444453401,60,0.0002793131675533388,2,2,Internal
CINF,SHW,0.41251237145991954,60,0.0011676692969965709,2,0,External
CINF,SPGI,0.5884938160095076,60,9.488842361195554e-07,2,1,External
CINF,STT,0.5397680694153688,60,1.025192361947641e-05,2,1,External
CINF,TFC,0.41387235749231394,60,0.0011202780873484993,2,1,External
CINF,TRV,0.6649394861210848,60,9.254069707929913e-09,2,2,Internal
CINF,TSN,0.45871003386560943,60,0.0002583070799549946,2,2,Internal
CINF,UDR,0.522093944197833,60,2.2250328577629537e-05,2,2,Internal
CINF,VICI,0.46243566119259427,60,0.00022654232282385777,2,2,Internal
CINF,VRSK,0.41902826081617517,60,0.000955924554275863,2,2,Internal
CINF,WEC,0.4566181188735621,60,0.0002778751868837155,2,2,Internal
CINF,WRB,0.4758369055236418,60,0.000139536203960365,2,2,Internal
CINF,XEL,0.5428601731945277,60,8.911665324097568e-06,2,2,Internal
CL,CLX,0.540833004885296,60,9.770514234717853e-06,0,2,External
CL,CME,0.41677771400266045,60,0.001024785842063708,0,2,External
CL,CMS,0.602698427047917,60,4.396569504374408e-07,0,2,External
CL,CNC,0.4087664554071581,60,0.0013076650667670482,0,0,Internal
CL,CNP,0.4859513369733663,60,9.549700429757325e-05,0,2,External
CL,COR,0.5176213104663885,60,2.688800080853591e-05,0,0,Internal
CL,CPB,0.7740303681885008,60,6.521679773770231e-13,0,2,External
CL,CPT,0.4662602796418476,60,0.00019768165184779943,0,2,External
CL,CSGP,0.4549183390614016,60,0.0002947603704503063,0,5,External
CL,CTAS,0.5871519013077404,60,1.0184884098634131e-06,0,2,External
CL,CVX,0.4186437718888085,60,0.0009673851740732254,0,6,External
CL,D,0.6115587420573191,60,2.6691522543082086e-07,0,2,External
CL,DG,0.4312259244487576,60,0.0006501661200401608,0,0,Internal
CL,DGX,0.5044087667741574,60,4.632523487378487e-05,0,2,External
CL,DHI,0.4188699154293921,60,0.0009606295152177553,0,0,Internal
CL,DOC,0.4988361898365088,60,5.788639292095999e-05,0,2,External
CL,DTE,0.44823873798331204,60,0.0003705633735166894,0,2,External
CL,DUK,0.5297546729375864,60,1.5987575283062847e-05,0,2,External
CL,DVA,0.4222536924926433,60,0.0008644975545676067,0,0,Internal
CL,ECL,0.4954858004741933,60,6.606146566699742e-05,0,2,External
CL,ED,0.6571917771156254,60,1.571373912368665e-08,0,2,External
CL,EFX,0.4847817127656569,60,9.983877830469398e-05,0,0,Internal
CL,EG,0.46842989927036854,60,0.00018284487331933676,0,2,External
CL,EQR,0.445249687812581,60,0.0004099074139152749,0,2,External
CL,ES,0.563928265540193,60,3.30262758269804e-06,0,2,External
CL,ETN,-0.4889352967006592,60,8.519409126345689e-05,0,6,External
CL,EXC,0.47406452103977803,60,0.00014894366637132462,0,2,External
CL,EXPD,0.45371425178721014,60,0.0003072816876555073,0,0,Internal
CL,EXR,0.5620025098211008,60,3.626589741865951e-06,0,2,External
CL,FAST,0.581799905695379,60,1.3464976247263456e-06,0,0,Internal
CL,FDS,0.432207128578914,60,0.0006299195226754424,0,2,External
CL,FRT,0.5069849685000668,60,4.173636871784002e-05,0,2,External
CL,GD,0.5069893731374745,60,4.17288956868482e-05,0,0,Internal
CL,GEN,0.5651565556777602,60,3.1103231445789256e-06,0,0,Internal
CL,GIS,0.7597306535035878,60,3.029134943912914e-12,0,2,External
CL,GLW,-0.4909905734367612,60,7.870321612611136e-05,0,6,External
CL,GPC,0.569307777671566,60,2.534965996188716e-06,0,0,Internal
CL,GWW,0.5847201773266583,60,1.1569523401806616e-06,0,0,Internal
CL,HCA,0.5801888011460618,60,1.4631324571159505e-06,0,0,Internal
CL,HIG,0.6368024977637436,60,5.899943138965804e-08,0,2,External
CL,HOLX,0.44314124264087223,60,0.0004399040891465683,0,0,Internal
CL,HON,0.4925408167514723,60,7.4111774152374e-05,0,0,Internal
CL,HPE,-0.4717394301338068,60,0.00016216592057479665,0,1,External
CL,HRL,0.663722316841009,60,1.006705969991005e-08,0,2,External
CL,HSY,0.6855976483226819,60,2.084068825050329e-09,0,2,External
CL,INVH,0.4020686249065973,60,0.001595995518665905,0,2,External
CL,ITW,0.6800713021420907,60,3.142077791159682e-09,0,0,Internal
CL,JKHY,0.6703994127778566,60,6.312414710247161e-09,0,0,Internal
CL,JNJ,0.6133073869221215,60,2.414407166601721e-07,0,2,External
CL,KDP,0.4458454882561653,60,0.0004017746644761385,0,2,External
CL,KHC,0.754939579868233,60,4.949369461791827e-12,0,2,External
CL,KIM,0.5160871758476608,60,2.8674489913494864e-05,0,2,External
CL,KMB,0.8123069140291664,60,5.774845436117688e-15,0,2,External
CL,KO,0.6881791867701668,60,1.715062252773882e-09,0,2,External
CL,KR,0.4559539718713301,60,0.0002843647622482487,0,0,Internal
CL,KVUE,0.6108140425991524,60,2.785131404236748e-07,0,0,Internal
CL,L,0.5289267557884197,60,1.6575440171655184e-05,0,2,External
CL,LEN,0.4631162656159244,60,0.00022114050610267744,0,0,Internal
CL,LHX,0.5236537118635841,60,2.0815606455866946e-05,0,0,Internal
CL,LNT,0.5052058816605477,60,4.485791860017174e-05,0,2,External
CL,LOW,0.4666280783576771,60,0.00019509144878355746,0,0,Internal
CL,MA,0.5843817691324017,60,1.1775623006810539e-06,0,2,External
CL,MAA,0.4915217542725998,60,7.710131801209121e-05,0,2,External
CL,MAS,0.565548951230544,60,3.051125559811429e-06,0,0,Internal
CL,MCD,0.5101418344779391,60,3.6686069189154034e-05,0,0,Internal
CL,MCK,0.47455876069514713,60,0.00014626357011376373,0,0,Internal
CL,MDLZ,0.6920593253899859,60,1.2747634224507486e-09,0,2,External
CL,MDT,0.40461445966377546,60,0.0014802971738948204,0,2,External
CL,MKC,0.6578881180234172,60,1.499286233619857e-08,0,2,External
CL,MMC,0.6209481112126183,60,1.5464100448375222e-07,0,2,External
CL,MO,0.5107447683771522,60,3.578821601799759e-05,0,2,External
CL,MOH,0.4208168108234675,60,0.0009042047801548756,0,0,Internal
CL,MTD,0.45029497255256046,60,0.0003455268441842801,0,0,Internal
CL,MU,-0.4006637973845515,60,0.001663249988366025,0,6,External
CL,NDSN,0.5344428993818966,60,1.3007582549643211e-05,0,0,Internal
CL,NEE,0.44476831435440606,60,0.00041658719042502417,0,2,External
CL,NOC,0.4273778210757435,60,0.0007353787664068454,0,0,Internal
CL,NRG,-0.489449892190857,60,8.352428669654631e-05,0,6,External
CL,NSC,0.4313840928340979,60,0.0006468630966239499,0,0,Internal
CL,NVDA,-0.5161588872866286,60,2.858859454477161e-05,0,6,External
CL,O,0.4899180436283408,60,8.203138588572214e-05,0,2,External
CL,OMC,0.4080851687101671,60,0.001334688828526959,0,0,Internal
CL,ORLY,0.4301636608982005,60,0.0006727477106291248,0,0,Internal
CL,OTIS,0.6449770814337721,60,3.512506534049963e-08,0,0,Internal
CL,PAYX,0.6113724286965923,60,2.697735266326444e-07,0,2,External
CL,PCAR,0.4345647554647443,60,0.0005835841242997972,0,0,Internal
CL,PEP,0.7137673104478234,60,2.217372714983733e-10,0,2,External
CL,PFE,0.4710849726203925,60,0.00016607683120827333,0,0,Internal
CL,PG,0.7445084953156368,60,1.3880470533344791e-11,0,2,External
CL,PGR,0.41686767374685957,60,0.001021949788716578,0,2,External
CL,PHM,0.4645015895557694,60,0.00021050725125426676,0,0,Internal
CL,PNW,0.5768069666205676,60,1.739360309336511e-06,0,2,External
CL,POOL,0.5391750226101869,60,1.0529476481757284e-05,0,0,Internal
CL,PPL,0.4701077905486149,60,0.00017207717888179344,0,2,External
CL,PSA,0.5407764663781142,60,9.795535246066416e-06,0,2,External
CL,REG,0.5010540353804919,60,5.2999064538675726e-05,0,2,External
CL,REGN,0.4034573012160389,60,0.0015319191101905668,0,0,Internal
CL,RMD,0.6402147953294369,60,4.760358796349293e-08,0,0,Internal
CL,ROL,0.5370552576113541,60,1.1579649757705155e-05,0,2,External
CL,ROP,0.4187720382482426,60,0.0009635481951544755,0,2,External
CL,SBAC,0.6072539709921491,60,3.4080101709421867e-07,0,2,External
CL,SHW,0.5189635590862669,60,2.541001372572217e-05,0,0,Internal
CL,SJM,0.7555331629482672,60,4.660115402927966e-12,0,2,External
CL,SNA,0.5175518199489367,60,2.696664240144871e-05,0,0,Internal
CL,SO,0.7045337316348359,60,4.756077827193286e-10,0,2,External
CL,STZ,0.45669384577537414,60,0.00027714387951586626,0,2,External
CL,SWK,0.5547644091915325,60,5.1284498994828644e-06,0,0,Internal
CL,SYY,0.6266918483870786,60,1.0975606172628897e-07,0,2,External
CL,T,0.5810231564973047,60,1.4015989048030926e-06,0,2,External
CL,TAP,0.4095963499732541,60,0.001275411123552,0,2,External
CL,TRV,0.5105948543688976,60,3.600954253451536e-05,0,2,External
CL,TSN,0.6636000231694026,60,1.0152375567365559e-08,0,2,External
CL,TXT,0.545985887596607,60,7.723880986301628e-06,0,0,Internal
CL,UDR,0.481525382795363,60,0.00011289958767829625,0,2,External
CL,UNP,0.5131099130566906,60,3.245864356009139e-05,0,0,Internal
CL,V,0.482665673419172,60,0.00010815744298843545,0,2,External
CL,VICI,0.4918849005262582,60,7.602348979156661e-05,0,2,External
CL,VLTO,0.4233064629918623,60,0.0008364111888212401,0,0,Internal
CL,VRSK,0.5982488125989167,60,5.617017548217751e-07,0,2,External
CL,VZ,0.6467126687036308,60,3.140006787416167e-08,0,0,Internal
CL,WEC,0.642373502724648,60,4.1502819505674596e-08,0,2,External
CL,WM,0.4738869874903717,60,0.00014991730234274197,0,2,External
CL,WRB,0.4160557113719283,60,0.0010478055522631059,0,2,External
CL,WY,0.435123101680452,60,0.0005730732240905354,0,2,External
CL,ZBH,0.4736896374443517,60,0.00015100645731805256,0,0,Internal
CL,ZTS,0.5157444229655498,60,2.9088343259837844e-05,0,2,External
CLX,CMS,0.45631037945126735,60,0.0002808652194144938,2,2,Internal
CLX,CNC,0.4446340768617643,60,0.0004184674944661926,2,0,External
CLX,CNP,0.5773892505262332,60,1.6885648650223974e-06,2,2,Internal
CLX,CPB,0.5129144470437557,60,3.272255569514514e-05,2,2,Internal
CLX,CTAS,0.48539563804077834,60,9.753771465679011e-05,2,2,Internal
CLX,D,0.6612890198802609,60,1.1898982666510708e-08,2,2,Internal
CLX,DOC,0.5027526742491025,60,4.951635206358559e-05,2,2,Internal
CLX,DTE,0.48502793497875285,60,9.890998517040478e-05,2,2,Internal
CLX,DUK,0.5423669270368012,60,9.113923339653848e-06,2,2,Internal
CLX,ED,0.4288025926859885,60,0.0007027175560343867,2,2,Internal
CLX,EL,0.5069336371593871,60,4.182355005057719e-05,2,1,External
CLX,ES,0.4977507222555235,60,6.042677023212124e-05,2,2,Internal
CLX,EVRG,0.5843540097387472,60,1.179268083422883e-06,2,2,Internal
CLX,EXC,0.41001267491255816,60,0.0012595013608450196,2,2,Internal
CLX,FDS,0.40617043758059695,60,0.0014133435055096576,2,2,Internal
CLX,GIS,0.5009916495482154,60,5.313117217221931e-05,2,2,Internal
CLX,HIG,0.4064825050973513,60,0.001400247074882001,2,2,Internal
CLX,HRL,0.5066929063933822,60,4.223465548671072e-05,2,2,Internal
CLX,HSY,0.4678992838887255,60,0.00018637619629242855,2,2,Internal
CLX,ICE,0.5185303134767216,60,2.587864584164056e-05,2,2,Internal
CLX,J,0.42495004786267426,60,0.0007942066879004807,2,1,External
CLX,KDP,0.636931121053246,60,5.852685306635778e-08,2,2,Internal
CLX,KHC,0.5722771242313498,60,2.186168563586927e-06,2,2,Internal
CLX,KMB,0.5812320466054175,60,1.3865768058299672e-06,2,2,Internal
CLX,KO,0.604376094973206,60,4.0047847052613066e-07,2,2,Internal
CLX,KVUE,0.43501228117338764,60,0.0005751456789809011,2,0,External
CLX,LNT,0.4191973273142399,60,0.000950923970782061,2,2,Internal
CLX,MA,0.48527460153881513,60,9.798748052167345e-05,2,2,Internal
CLX,MCO,0.4051431100253948,60,0.001457237013200581,2,2,Internal
CLX,MDLZ,0.6007699858593634,60,4.891270735951205e-07,2,2,Internal
CLX,MKC,0.6129652587408628,60,2.462376713621775e-07,2,2,Internal
CLX,MRK,0.6239176873374146,60,1.2963424107292798e-07,2,1,External
CLX,O,0.4000416104367706,60,0.0016938388983240107,2,2,Internal
CLX,PEP,0.6795176301914178,60,3.2724207283648756e-09,2,2,Internal
CLX,PG,0.5654502565713335,60,3.0659150463125144e-06,2,2,Internal
CLX,PGR,0.44504840423016556,60,0.000412688590937283,2,2,Internal
CLX,PNR,0.4097917052656991,60,0.0012679233202511125,2,1,External
CLX,PNW,0.45192234100861545,60,0.0003268146883948285,2,2,Internal
CLX,PPL,0.5612869024670735,60,3.754350790813051e-06,2,2,Internal
CLX,PYPL,0.47803683002459857,60,0.0001286177091666997,2,1,External
CLX,ROL,0.5092131480255938,60,3.810979903554871e-05,2,2,Internal
CLX,RSG,0.4144114459857031,60,0.001101976632724145,2,2,Internal
CLX,SBAC,0.439873442605799,60,0.0004903502857185835,2,2,Internal
CLX,SJM,0.5473198027947968,60,7.263297504423542e-06,2,2,Internal
CLX,SO,0.5153758281030846,60,2.953955914568761e-05,2,2,Internal
CLX,SYY,0.4771105333064721,60,0.00013311581294193466,2,2,Internal
CLX,TDG,0.4597750305243965,60,0.00024883566187432985,2,1,External
CLX,TSN,0.5292271467764904,60,1.6359868059951676e-05,2,2,Internal
CLX,UDR,0.41453592337702205,60,0.0010977891894317698,2,2,Internal
CLX,VRSK,0.496595737806062,60,6.324233203508281e-05,2,2,Internal
CLX,WEC,0.5060983160114619,60,4.326609872598343e-05,2,2,Internal
CLX,WM,0.4262808796125797,60,0.0007614529939496098,2,2,Internal
CLX,WTW,0.49245869876190007,60,7.434866627777438e-05,2,2,Internal
CLX,XEL,0.43404796224948883,60,0.0005934681045703564,2,2,Internal
CMCSA,DOW,0.4462573181968631,60,0.0003962391727356404,0,0,Internal
CMCSA,EXPD,0.41666374596075983,60,0.0010283889541146867,0,0,Internal
CMCSA,IBM,-0.5444196308703528,60,8.299321965012817e-06,0,1,External
CMCSA,LVS,-0.40798910303820307,60,0.0013385394146819098,0,1,External
CMCSA,MSFT,0.48610645182081913,60,9.493441625459944e-05,0,0,Internal
CMCSA,NOW,0.4977753391488964,60,6.036803751216924e-05,0,0,Internal
CMCSA,NRG,-0.42305629104127584,60,0.0008430097486208159,0,6,External
CMCSA,TMO,-0.40653001293301144,60,0.0013982629093659232,0,0,Internal
CMCSA,TSCO,0.4152930242726976,60,0.0010726271458818357,0,0,Internal
CMCSA,UPS,0.735048972632133,60,3.390992521601076e-11,0,0,Internal
CMCSA,VZ,0.4338436203200915,60,0.000597417918925384,0,0,Internal
CMCSA,WM,-0.437672336456164,60,0.0005272295856612951,0,2,External
CME,CMS,0.4573039508130464,60,0.00027131571679105614,2,2,Internal
CME,CNP,0.46570153947729936,60,0.00020167675777144493,2,2,Internal
CME,CPT,0.40658498558056005,60,0.0013959701248896185,2,2,Internal
CME,D,0.42951848724808495,60,0.0006868067825031249,2,2,Internal
CME,DOC,0.424564554049963,60,0.0008039290613988915,2,2,Internal
CME,DUK,0.47345305374883484,60,0.00015232168990163964,2,2,Internal
CME,DVA,0.41728600945109456,60,0.001008854068522283,2,0,External
CME,ESS,0.42325724328969444,60,0.0008377057165300836,2,2,Internal
CME,EXC,0.451858093936275,60,0.00032753556815914533,2,2,Internal
CME,FDS,0.5163649018210344,60,2.834315417123103e-05,2,2,Internal
CME,FRT,0.4999232277433005,60,5.544129850473529e-05,2,2,Internal
CME,HLT,0.421014004080341,60,0.0008986598413564376,2,4,External
CME,ICE,0.43588287782419655,60,0.0005590459080931193,2,2,Internal
CME,INVH,0.4559877517366323,60,0.0002840313827044489,2,2,Internal
CME,KIM,0.4528746266595104,60,0.0003162977056626473,2,2,Internal
CME,KMB,0.5856419240781104,60,1.102514769295868e-06,2,2,Internal
CME,KO,0.46280413574857693,60,0.00022360303773225976,2,2,Internal
CME,LIN,0.411361670682415,60,0.0012091673613564059,2,0,External
CME,LNT,0.42392198801850506,60,0.0008203740599685314,2,2,Internal
CME,MA,0.422140061810128,60,0.0008675793777327247,2,2,Internal
CME,MAA,0.5064597239882369,60,4.263642394513314e-05,2,2,Internal
CME,MKC,0.5393292992650829,60,1.0456609066419e-05,2,2,Internal
CME,MMC,0.5521031015072663,60,5.813477054713515e-06,2,2,Internal
CME,NDAQ,0.4978664460772014,60,6.015112540337281e-05,2,1,External
CME,OTIS,0.4913936962920658,60,7.748473825045758e-05,2,0,External
CME,PAYX,0.47003508220190565,60,0.00017253147683373674,2,2,Internal
CME,PG,0.5426878077344102,60,8.981865452358735e-06,2,2,Internal
CME,PPL,0.5033130772827695,60,4.8414497675642336e-05,2,2,Internal
CME,REG,0.4689695260110624,60,0.0001793164507709508,2,2,Internal
CME,ROL,0.5377547882704659,60,1.1222790616379617e-05,2,2,Internal
CME,RTX,0.4339761640461482,60,0.0005948532197094868,2,1,External
CME,SO,0.43177300708049327,60,0.0006388059026912395,2,2,Internal
CME,UDR,0.45125996345715746,60,0.0003343166759016099,2,2,Internal
CME,V,0.4120323236435945,60,0.001184823121644122,2,2,Internal
CME,VRSK,0.41911128834320993,60,0.0009534658439880841,2,2,Internal
CME,WEC,0.48827578358200135,60,8.737901094989166e-05,2,2,Internal
CME,WELL,0.42645634293602047,60,0.000757226908609711,2,2,Internal
CME,WM,0.41724419814363917,60,0.0010101561101033974,2,2,Internal
CME,WTW,0.47819034302775104,60,0.0001278858577884932,2,2,Internal
CME,XEL,0.4120741048900496,60,0.0011833211766964324,2,2,Internal
CMG,HD,0.4134488849430943,60,0.0011348457985977754,4,0,External
CMG,MA,0.4303505322442524,60,0.0006687244844008041,4,2,External
CMG,MAR,0.40892785146057636,60,0.001301335605339463,4,4,Internal
CMG,ORLY,0.40057792238609097,60,0.0016674422705472301,4,0,External
CMG,ROL,0.4053425219245268,60,0.0014486225397949894,4,2,External
CMG,TJX,0.4530622497173949,60,0.00031426232760131526,4,4,Internal
CMI,DLR,0.4840180295777314,60,0.00010277072130917722,6,6,Internal
CMI,HWM,0.40460064864762024,60,0.001480903983183458,6,6,Internal
CMI,JCI,0.45545034411402086,60,0.00028937764855120623,6,6,Internal
CMI,TPL,0.44405900447511765,60,0.0004266103083867612,6,6,Internal
CMS,CNP,0.6585268705919067,60,1.4359178661441516e-08,2,2,Internal
CMS,CPB,0.5957736922584742,60,6.426788699733163e-07,2,2,Internal
CMS,CPT,0.49834142453892155,60,5.903185673233937e-05,2,2,Internal
CMS,CSGP,0.5060140804430613,60,4.341408900961723e-05,2,5,External
CMS,CSX,0.4152849026437067,60,0.0010728942879263124,2,0,External
CMS,CTAS,0.62427946288245,60,1.2686223728306552e-07,2,2,Internal
CMS,D,0.7845368729082505,60,1.961573653306173e-13,2,2,Internal
CMS,DGX,0.46409701978162005,60,0.00021356323372001592,2,2,Internal
CMS,DOC,0.6248547806365102,60,1.2256863015866785e-07,2,2,Internal
CMS,DTE,0.7667450848422614,60,1.4456418100466378e-12,2,2,Internal
CMS,DUK,0.7743903918621268,60,6.265332330208984e-13,2,2,Internal
CMS,ED,0.7870650358877701,60,1.4544966988752201e-13,2,2,Internal
CMS,EIX,0.4014429497964648,60,0.0016256421050941713,2,2,Internal
CMS,EQR,0.5071845913304697,60,4.139892098899744e-05,2,2,Internal
CMS,ES,0.7567233306690145,60,4.127948228874394e-12,2,2,Internal
CMS,ESS,0.5007401493150156,60,5.366683155200604e-05,2,2,Internal
CMS,EVRG,0.6777684605227189,60,3.718663382705922e-09,2,2,Internal
CMS,EXC,0.7760520815610724,60,5.201731084021283e-13,2,2,Internal
CMS,EXR,0.46509631384964634,60,0.00020608741263490748,2,2,Internal
CMS,FDS,0.45822619451517554,60,0.00026271775001277415,2,2,Internal
CMS,FE,0.6217435372741082,60,1.4753112925078564e-07,2,2,Internal
CMS,FISV,0.44973041287727483,60,0.00035224284193614695,2,2,Internal
CMS,FRT,0.567132530930468,60,2.8227446253390034e-06,2,2,Internal
CMS,GD,0.4216052229483164,60,0.0008822185123161546,2,0,External
CMS,GIS,0.5662459976774918,60,2.948552915931571e-06,2,2,Internal
CMS,GOOG,-0.4330604359458124,60,0.0006127779188365584,2,8,External
CMS,GOOGL,-0.4397692115054903,60,0.0004920424304716327,2,8,External
CMS,GPC,0.4301648136560137,60,0.0006727228254772271,2,0,External
CMS,HIG,0.5507046167595522,60,6.206713260672287e-06,2,2,Internal
CMS,HRL,0.5398087791594116,60,1.0233122556864519e-05,2,2,Internal
CMS,HSY,0.5765649101270351,60,1.7608935158324176e-06,2,2,Internal
CMS,ICE,0.4732547056087501,60,0.0001534324379196882,2,2,Internal
CMS,ITW,0.5209171989928874,60,2.3392753572584666e-05,2,0,External
CMS,JKHY,0.563537957857049,60,3.3660210459106574e-06,2,0,External
CMS,JNJ,0.5170009704874765,60,2.7597603109388904e-05,2,2,Internal
CMS,KHC,0.6070530054249371,60,3.446807640389082e-07,2,2,Internal
CMS,KIM,0.4875946455131719,60,8.96895484535036e-05,2,2,Internal
CMS,KMB,0.6568013751587837,60,1.6132096152297072e-08,2,2,Internal
CMS,KO,0.5534165281119212,60,5.465401063579126e-06,2,2,Internal
CMS,L,0.5760748194376806,60,1.8052570061063867e-06,2,2,Internal
CMS,LIN,0.4529051984351835,60,0.00031596523922501634,2,0,External
CMS,LMT,0.4672381616754686,60,0.0001908633136925859,2,0,External
CMS,LNT,0.8064042297878417,60,1.2806420849757047e-14,2,2,Internal
CMS,MA,0.47150336371336127,60,0.00016356677886066842,2,2,Internal
CMS,MAA,0.5429383763640291,60,8.879983646653144e-06,2,2,Internal
CMS,MCO,0.42884522649030593,60,0.000701760765366732,2,2,Internal
CMS,MDLZ,0.5497767460071518,60,6.481134720015097e-06,2,2,Internal
CMS,MKC,0.5340380398710616,60,1.3242978674118752e-05,2,2,Internal
CMS,MMC,0.4988013123679843,60,5.796646403885087e-05,2,2,Internal
CMS,MO,0.5305616091179919,60,1.5433268242759242e-05,2,2,Internal
CMS,MSFT,-0.40010312184630786,60,0.0016907925072768622,2,0,External
CMS,NEE,0.6693348958414181,60,6.8054802601583665e-09,2,2,Internal
CMS,NI,0.4151446127756462,60,0.0010775182582202555,2,6,External
CMS,NSC,0.4011636370110735,60,0.0016390353952185214,2,0,External
CMS,O,0.6436039705765174,60,3.836346533962385e-08,2,2,Internal
CMS,OMC,0.4142260652248241,60,0.0011082395234527998,2,0,External
CMS,OTIS,0.6047329131732418,60,3.925797611932967e-07,2,0,External
CMS,PAYX,0.6394719050474035,60,4.989187355546973e-08,2,2,Internal
CMS,PCG,0.46046269617363905,60,0.00024288955018420555,2,2,Internal
CMS,PEP,0.6014842794220986,60,4.702240550826902e-07,2,2,Internal
CMS,PFE,0.40503572616476335,60,0.001461894938265261,2,0,External
CMS,PG,0.5893959949930628,60,9.046209967053909e-07,2,2,Internal
CMS,PGR,0.41886167368472754,60,0.0009608749749636395,2,2,Internal
CMS,PNW,0.7961200893538056,60,4.816057726310105e-14,2,2,Internal
CMS,PPL,0.7959411565239498,60,4.925034799819522e-14,2,2,Internal
CMS,PSA,0.5671645792193752,60,2.8182918967871693e-06,2,2,Internal
CMS,REG,0.5402506336601433,60,1.0031110610257062e-05,2,2,Internal
CMS,RMD,0.4532075544474918,60,0.000312694234867017,2,0,External
CMS,ROL,0.5528762165023073,60,5.606171838711342e-06,2,2,Internal
CMS,SBAC,0.7314496022611879,60,4.7167697657790385e-11,2,2,Internal
CMS,SJM,0.5339914270344172,60,1.3270332972367003e-05,2,2,Internal
CMS,SO,0.8314813433363032,60,3.5347278060412797e-16,2,2,Internal
CMS,STZ,0.43051990143581104,60,0.0006650968880873082,2,2,Internal
CMS,SYK,0.412352465315932,60,0.0011733583446848672,2,2,Internal
CMS,SYY,0.5375525551110583,60,1.1324893910382312e-05,2,2,Internal
CMS,T,0.46019253946480165,60,0.0002452098991312823,2,2,Internal
CMS,TAP,0.45123336593662766,60,0.0003346211638846445,2,2,Internal
CMS,TMUS,0.401390746069324,60,0.0016281378458131157,2,2,Internal
CMS,TRV,0.43558295073124365,60,0.0005645456847899608,2,2,Internal
CMS,TSN,0.5922058319183892,60,7.788376323457724e-07,2,2,Internal
CMS,TXT,0.45742060328026996,60,0.00027021418169105983,2,0,External
CMS,UDR,0.6135276563790332,60,2.3839895501969125e-07,2,2,Internal
CMS,UNP,0.41458576262344793,60,0.0010961166061508767,2,0,External
CMS,V,0.4248473964016029,60,0.0007967851878191693,2,2,Internal
CMS,VICI,0.5836878910742223,60,1.2209005887093967e-06,2,2,Internal
CMS,VLTO,0.43614390973677636,60,0.0005542989261972803,2,0,External
CMS,VRSK,0.5492586536524199,60,6.639234359121635e-06,2,2,Internal
CMS,VZ,0.5318685273304915,60,1.4573188514821086e-05,2,0,External
CMS,WEC,0.8649139420806358,60,1.0443714925814916e-18,2,2,Internal
CMS,WELL,0.4120449079796684,60,0.0011843705618422,2,2,Internal
CMS,WM,0.4561995018198656,60,0.0002819496884511454,2,2,Internal
CMS,WRB,0.5238765006189023,60,2.0617820080590996e-05,2,2,Internal
CMS,WTW,0.5725638722836989,60,2.1549739537233013e-06,2,2,Internal
CMS,WY,0.42481200771034916,60,0.0007976758665832488,2,2,Internal
CMS,XEL,0.6737485739281653,60,4.972308865732836e-09,2,2,Internal
CMS,YUM,0.4214670672073075,60,0.0008860360264867909,2,4,External
CMS,ZTS,0.48081764831138024,60,0.00011593805685959044,2,2,Internal
CNC,COR,0.4201637162956755,60,0.000922790382456511,0,0,Internal
CNC,DOC,0.43280587885552435,60,0.0006178468220278436,0,2,External
CNC,EL,0.4389886612578077,60,0.0005048836912216072,0,1,External
CNC,ELV,0.7459086825325886,60,1.2121217264972377e-11,0,0,Internal
CNC,EXR,0.5324228597026404,60,1.4221995652498458e-05,0,2,External
CNC,GD,0.4308171750358453,60,0.0006587728260995806,0,0,Internal
CNC,GIS,0.427067015638433,60,0.0007426834027905543,0,2,External
CNC,HCA,0.553923509657589,60,5.336314372189983e-06,0,0,Internal
CNC,HIG,0.42567203872772336,60,0.0007762828887328007,0,2,External
CNC,HUM,0.42461279043137007,60,0.0008027066577928448,0,0,Internal
CNC,ITW,0.4236062723093994,60,0.0008285648257441389,0,0,Internal
CNC,KHC,0.41660284324353763,60,0.0010303190740630084,0,2,External
CNC,LHX,0.4445315770235981,60,0.0004199084291199624,0,0,Internal
CNC,MET,0.41593302247250485,60,0.0010517632141630643,0,1,External
CNC,MKC,0.5323835213748084,60,1.4246656889663905e-05,0,2,External
CNC,MOH,0.8243752332376275,60,1.0351774650097681e-15,0,0,Internal
CNC,MRK,0.5877230204964946,60,9.883000634595148e-07,0,1,External
CNC,MTD,0.4212031170272464,60,0.0008933709453202547,0,0,Internal
CNC,PEP,0.5396860213539864,60,1.0289913608608306e-05,0,2,External
CNC,PFE,0.44498457730011637,60,0.0004135740756353913,0,0,Internal
CNC,PYPL,0.4633595195960675,60,0.0002192385721172171,0,1,External
CNC,ROP,0.41340909487590455,60,0.0011362233210840036,0,2,External
CNC,RVTY,0.4356542747605838,60,0.0005632333875631872,0,0,Internal
CNC,SJM,0.4503081445585645,60,0.00034537155105548637,0,2,External
CNC,TMO,0.49127801617523825,60,7.783260495295426e-05,0,0,Internal
CNC,TSN,0.40978190764327993,60,0.0012682979120437463,0,2,External
CNC,UHS,0.5405432870472492,60,9.89935887380766e-06,0,0,Internal
CNC,UNH,0.477612690497137,60,0.0001306597447797993,0,0,Internal
CNC,VICI,0.4293137993223884,60,0.0006913223781770491,0,2,External
CNC,VRSK,0.48650483562136065,60,9.350343817714813e-05,0,2,External
CNC,WY,0.46315576431906424,60,0.00022083065548882415,0,2,External
CNP,CPB,0.4938488906512696,60,7.043071819143979e-05,2,2,Internal
CNP,CPT,0.4304047425056202,60,0.0006675614508415262,2,2,Internal
CNP,CTAS,0.4472018217620819,60,0.00038380484168455236,2,2,Internal
CNP,D,0.6853438102886361,60,2.124159910770234e-09,2,2,Internal
CNP,DGX,0.4356770576038986,60,0.0005628147869311537,2,2,Internal
CNP,DOC,0.6102669321085897,60,2.8733370325588887e-07,2,2,Internal
CNP,DTE,0.7163144834335652,60,1.787026239344374e-10,2,2,Internal
CNP,DUK,0.5867812505033878,60,1.0385400646896794e-06,2,2,Internal
CNP,ED,0.6061061794510207,60,3.635242463428199e-07,2,2,Internal
CNP,EQR,0.52502953864333,60,1.962171121325053e-05,2,2,Internal
CNP,ES,0.6820271956154249,60,2.7198972471564223e-09,2,2,Internal
CNP,ESS,0.5122191879345694,60,3.3677431267538625e-05,2,2,Internal
CNP,ETR,0.49908287893387127,60,5.7322951675181196e-05,2,6,External
CNP,EVRG,0.6810307840423506,60,2.9277648440386157e-09,2,2,Internal
CNP,EXC,0.6114061584753414,60,2.6925394318995573e-07,2,2,Internal
CNP,FDS,0.48315526250214047,60,0.00010617806912938997,2,2,Internal
CNP,FE,0.48461838406735924,60,0.00010045929502321309,2,2,Internal
CNP,FRT,0.4839377629622757,60,0.00010308343049377644,2,2,Internal
CNP,GIS,0.42296263638864245,60,0.000845492055156335,2,2,Internal
CNP,HIG,0.43161699588184715,60,0.0006420270342890741,2,2,Internal
CNP,HRL,0.581905809952362,60,1.3391439384799178e-06,2,2,Internal
CNP,HSY,0.4176919101257485,60,0.0009962923127473185,2,2,Internal
CNP,ICE,0.434242958854291,60,0.0005897210022477904,2,2,Internal
CNP,ITW,0.4638559410083574,60,0.0002154034813322227,2,0,External
CNP,JNJ,0.4570438158191769,60,0.0002737869048007676,2,2,Internal
CNP,KHC,0.48513547607554597,60,9.850681730471061e-05,2,2,Internal
CNP,KIM,0.4833056094652218,60,0.00010557693597883208,2,2,Internal
CNP,KMB,0.49439653270892747,60,6.894018791594595e-05,2,2,Internal
CNP,KO,0.5083787869068538,60,3.943226731946607e-05,2,2,Internal
CNP,KVUE,0.4354099245834804,60,0.0005677407307504823,2,0,External
CNP,L,0.44618079267860233,60,0.00039726249295159735,2,2,Internal
CNP,LMT,0.42232785924779503,60,0.0008624913798313602,2,0,External
CNP,LNT,0.6980437816780227,60,7.993251898009386e-10,2,2,Internal
CNP,MAA,0.47717961776613854,60,0.00013277542593912497,2,2,Internal
CNP,MCO,0.45248164506131233,60,0.0003205998292297247,2,2,Internal
CNP,MDLZ,0.4952622314650259,60,6.6643126791537e-05,2,2,Internal
CNP,MKC,0.4544942535074244,60,0.0002991163787908091,2,2,Internal
CNP,MMC,0.43792362542611457,60,0.000522895679061311,2,2,Internal
CNP,MNST,0.4209709430901062,60,0.0008998680625733356,2,2,Internal
CNP,MSFT,-0.4576801100894914,60,0.0002677783064553312,2,0,External
CNP,NEE,0.48080065690591267,60,0.00011601191873630044,2,2,Internal
CNP,NI,0.6033003041255892,60,4.252051372585755e-07,2,6,External
CNP,O,0.5759648767083347,60,1.815351580133285e-06,2,2,Internal
CNP,PEP,0.4662757797274629,60,0.000197571861813528,2,2,Internal
CNP,PFE,0.45190346651309604,60,0.000327026318312812,2,0,External
CNP,PLD,0.40856673515261627,60,0.0013155357540804503,2,0,External
CNP,PNW,0.7067159589956599,60,3.981727214518715e-10,2,2,Internal
CNP,PPL,0.7743622520675171,60,6.285017088508474e-13,2,2,Internal
CNP,PSA,0.4250615665402452,60,0.0007914139954673585,2,2,Internal
CNP,REG,0.4795584348641635,60,0.00012153034445278937,2,2,Internal
CNP,ROL,0.5267828120971668,60,1.819220038034743e-05,2,2,Internal
CNP,SBAC,0.5552562175294367,60,5.0104001507753895e-06,2,2,Internal
CNP,SJM,0.41700673124045823,60,0.0010175797967758495,2,2,Internal
CNP,SO,0.6404739602997152,60,4.682884958597483e-08,2,2,Internal
CNP,SYY,0.4465600427724637,60,0.00039221450658853154,2,2,Internal
CNP,TAP,0.44057379668887203,60,0.0004791166257917859,2,2,Internal
CNP,TSN,0.4417158984476194,60,0.0004612975093187746,2,2,Internal
CNP,TXT,0.48671425044433364,60,9.275920237468236e-05,2,0,External
CNP,UDR,0.5267630582983154,60,1.820775409693626e-05,2,2,Internal
CNP,VICI,0.5880605095425069,60,9.708570164619987e-07,2,2,Internal
CNP,VRSK,0.43901004157530576,60,0.0005045279404211971,2,2,Internal
CNP,VTR,0.4930319349502503,60,7.270944600414194e-05,2,2,Internal
CNP,WEC,0.7223684576026994,60,1.0599436867754478e-10,2,2,Internal
CNP,WELL,0.4995153419837329,60,5.634738112316864e-05,2,2,Internal
CNP,WM,0.43518577841091505,60,0.0005719041042630326,2,2,Internal
CNP,WRB,0.44957503930394344,60,0.0003541118974864666,2,2,Internal
CNP,WTW,0.5437679697672705,60,8.55028499081354e-06,2,2,Internal
CNP,XEL,0.5830654809661694,60,1.2610408076216756e-06,2,2,Internal
COF,EBAY,-0.4158816299861932,60,0.0010534250136231748,1,2,External
COF,GS,0.4673300736715603,60,0.00019023363887149834,1,1,Internal
COF,HBAN,0.46525719835187745,60,0.00020490642449937202,1,1,Internal
COF,JPM,0.48200831580614595,60,0.00011086838383213851,1,1,Internal
COF,KEY,0.45200504826454346,60,0.0003258888047737601,1,1,Internal
COF,MS,0.41210653497881844,60,0.001182156565861864,1,1,Internal
COF,MTB,0.4423147849213343,60,0.0004521961474271666,1,1,Internal
COF,NDAQ,0.4319938043844185,60,0.0006342721448687666,1,1,Internal
COF,SYF,0.5738988577848906,60,2.0151423972225816e-06,1,1,Internal
COF,WFC,0.5892305471949747,60,9.125906574619776e-07,1,1,Internal
COO,COST,0.4027044054448345,60,0.0015663671574156132,4,4,Internal
COO,LH,0.40591131368022415,60,0.0014243014702061422,4,0,External
COO,LLY,0.4649524297340684,60,0.00020714887423578377,4,4,Internal
COP,CTRA,0.5432376915425908,60,8.759689864754447e-06,6,6,Internal
COP,CVX,0.6490748016378717,60,2.692586476994622e-08,6,6,Internal
COP,DVN,0.7111964066798633,60,2.750442237785598e-10,6,6,Internal
COP,EOG,0.638761421645532,60,5.2177030673199904e-08,6,6,Internal
COP,FANG,0.819834696114368,60,2.006263487958587e-15,6,6,Internal
COP,HAL,0.6300088498719931,60,8.97542534140726e-08,6,6,Internal
COP,MPC,0.5671100061979558,60,2.8258780979597874e-06,6,6,Internal
COP,OKE,0.4803632763151721,60,0.00011792814442805047,6,6,Internal
COP,OXY,0.709201201922861,60,3.2458006523577647e-10,6,6,Internal
COP,PSX,0.6158483755731479,60,2.0846629296795485e-07,6,6,Internal
COP,SLB,0.45843388854378414,60,0.00026081606648691453,6,6,Internal
COP,VLO,0.503386729233847,60,4.8271378238036777e-05,6,6,Internal
COP,XOM,0.6783745777252567,60,3.5578839160427785e-09,6,6,Internal
COR,CTAS,0.4831367738674575,60,0.00010625220894298192,0,2,External
COR,D,0.4184624310237789,60,0.0009728333285731146,0,2,External
COR,DHI,0.4110102773852891,60,0.0012221013849968605,0,0,Internal
COR,DUK,0.4381773909801777,60,0.0005185518722632971,0,2,External
COR,DVA,0.5356973942597675,60,1.2302618832380211e-05,0,0,Internal
COR,ED,0.4713874809900845,60,0.00016425849296613975,0,2,External
COR,EFX,0.4264891253376882,60,0.000756439688762127,0,0,Internal
COR,EG,0.43008376786993074,60,0.0006744744312183385,0,2,External
COR,ELV,0.4657310338902863,60,0.00020146403527757792,0,0,Internal
COR,EXC,0.4196774898907403,60,0.0009368502287270666,0,2,External
COR,GWW,0.533531131751729,60,1.3543283042724147e-05,0,0,Internal
COR,HCA,0.552440207951506,60,5.7222219462467e-06,0,0,Internal
COR,HIG,0.5071893102483906,60,4.139097456689745e-05,0,2,External
COR,HOLX,0.5753599292579958,60,1.8718463237458975e-06,0,0,Internal
COR,HON,0.4264303322304585,60,0.0007578520430238307,0,0,Internal
COR,KMB,0.45045989860400165,60,0.0003435870030671209,0,2,External
COR,KVUE,0.4518410723836928,60,0.00032772679978500393,0,0,Internal
COR,MA,0.40637494182379413,60,0.0014047487955764664,0,2,External
COR,MAS,0.43070105420098276,60,0.000661236622427329,0,0,Internal
COR,MCK,0.7300812854210367,60,5.339853276145772e-11,0,0,Internal
COR,MKC,0.48475533984128993,60,9.993873511162826e-05,0,2,External
COR,MMC,0.4641886735902834,60,0.00021286738197603212,0,2,External
COR,MMM,0.41036005191698705,60,0.0012463631400543157,0,1,External
COR,MOH,0.5679382500484156,60,2.712768727465257e-06,0,0,Internal
COR,MTD,0.46719374478293746,60,0.00019116828953679024,0,0,Internal
COR,ORLY,0.49941773237060244,60,5.6566226670580255e-05,0,0,Internal
COR,PAYX,0.4096922877930446,60,0.0012717289582912584,0,2,External
COR,PEP,0.43285072549817366,60,0.0006169510611901284,0,2,External
COR,PFE,0.4150841412942819,60,0.0010795169319147788,0,0,Internal
COR,PG,0.41974877867523513,60,0.0009347768151566607,0,2,External
COR,PHM,0.4305720648571566,60,0.0006639832292337789,0,0,Internal
COR,PTC,0.42681358947085496,60,0.0007486879605561139,0,0,Internal
COR,RMD,0.5916989315667777,60,8.002434365445396e-07,0,0,Internal
COR,ROL,0.46699722839520114,60,0.00019252296783592234,0,2,External
COR,SHW,0.44126672496435215,60,0.00046823246706260025,0,0,Internal
COR,SNA,0.5376696727211867,60,1.1265659027803332e-05,0,0,Internal
COR,SO,0.46016458104517716,60,0.00024545118288163404,0,2,External
COR,TDG,0.4375864542515741,60,0.0005287182228647943,0,1,External
COR,TMO,0.473465654643422,60,0.0001522513744335185,0,0,Internal
COR,TRV,0.44548229451437316,60,0.00040671466448916543,0,2,External
COR,WEC,0.493393663116827,60,7.169223798032583e-05,0,2,External
COR,WTW,0.45386111198697054,60,0.00030572895995030486,0,2,External
COR,ZBH,0.43126618519219695,60,0.0006493239117167487,0,0,Internal
COST,ETN,-0.4306874304841599,60,0.0006615262297555108,4,6,External
COST,HD,0.43371776145057667,60,0.0005998625335781694,4,0,External
COST,HUBB,-0.41891715419176256,60,0.0009592237168133253,4,6,External
COST,ORLY,0.4026699831742174,60,0.0015679585795824907,4,0,External
COST,TJX,0.40318807027986414,60,0.001544158732991415,4,4,Internal
COST,WMT,0.6952597152481844,60,9.945687823203716e-10,4,4,Internal
CPAY,DOV,0.4540868408155313,60,0.00030335630302427994,1,1,Internal
CPAY,DXCM,0.42293780108695994,60,0.00084615141787901,1,1,Internal
CPAY,EQIX,0.41188965554746765,60,0.0011899646576642921,1,6,External
CPAY,EVRG,0.47538720060546147,60,0.00014187013920228164,1,2,External
CPAY,FISV,0.5278202912345132,60,1.7392407325108408e-05,1,2,External
CPAY,GS,0.5025652582495916,60,4.988997629686922e-05,1,1,Internal
CPAY,HIG,0.4395978456731902,60,0.0004948359977993751,1,2,External
CPAY,MA,0.45368492962676227,60,0.0003075925650208475,1,2,External
CPAY,MET,0.47279651825717034,60,0.00015602670329693209,1,1,Internal
CPAY,MMM,0.44321509910379825,60,0.00043882051913309337,1,1,Internal
CPAY,MS,0.5592634620744426,60,4.138686886036368e-06,1,1,Internal
CPAY,NDAQ,0.4900578135521295,60,8.15904503852056e-05,1,1,Internal
CPAY,NI,0.41716063399126246,60,0.001012762909546457,1,6,External
CPAY,SPG,0.4563283359347815,60,0.00028068994939777154,1,2,External
CPAY,TRMB,0.44735380675862235,60,0.0003818374496573862,1,1,Internal
CPAY,VMC,0.5003992589646615,60,5.440082833255336e-05,1,1,Internal
CPAY,WELL,0.41332077817349855,60,0.0011392861998615095,1,2,External
CPAY,WTW,0.4128741349066054,60,0.0011548901255424738,1,2,External
CPB,CPT,0.48163035965526624,60,0.0001124551744685857,2,2,Internal
CPB,CTAS,0.4656715817007414,60,0.00020189303235275868,2,2,Internal
CPB,D,0.6046041200678282,60,3.954137710314581e-07,2,2,Internal
CPB,DG,0.46845114502524854,60,0.000182704762654367,2,0,External
CPB,DGX,0.6387761651675398,60,5.212862401699612e-08,2,2,Internal
CPB,DOC,0.5506347852035863,60,6.226983660757536e-06,2,2,Internal
CPB,DTE,0.45711565186859887,60,0.00027310244489061274,2,2,Internal
CPB,DUK,0.5599028051100008,60,4.013455429111829e-06,2,2,Internal
CPB,ECL,0.4589681179404236,60,0.00025598212215770163,2,2,Internal
CPB,ED,0.6336176796386556,60,7.19145188855584e-08,2,2,Internal
CPB,EG,0.4287084467794672,60,0.0007048345647126958,2,2,Internal
CPB,EQR,0.48157215892373667,60,0.00011270136502813377,2,2,Internal
CPB,ES,0.566751106769257,60,2.8762456248958703e-06,2,2,Internal
CPB,ETN,-0.4229960688504683,60,0.0008446051751911952,2,6,External
CPB,EXC,0.47798586385227515,60,0.00012886153105915666,2,2,Internal
CPB,EXPD,0.5055321422687937,60,4.4269809468756245e-05,2,0,External
CPB,EXR,0.5555094767284005,60,4.950602122381143e-06,2,2,Internal
CPB,FAST,0.5234334899056751,60,2.1012840140871455e-05,2,0,External
CPB,FDS,0.5401974656810564,60,1.0055220885996252e-05,2,2,Internal
CPB,FE,0.43111884885950696,60,0.0006524108310601678,2,2,Internal
CPB,FRT,0.45441366702225217,60,0.0002999507286927329,2,2,Internal
CPB,GEN,0.4575667876592256,60,0.0002688395395615528,2,0,External
CPB,GIS,0.8610248229012821,60,2.2192067219085182e-18,2,2,Internal
CPB,GPC,0.5282077145041617,60,1.7102195666463494e-05,2,0,External
CPB,GWW,0.4562614070539996,60,0.0002813437375351307,2,0,External
CPB,HCA,0.41186112346757603,60,0.0011909953132498055,2,0,External
CPB,HIG,0.49190376747543174,60,7.596787282602658e-05,2,2,Internal
CPB,HPE,-0.4366003853815606,60,0.0005460854420382389,2,1,External
CPB,HRL,0.7159822525665204,60,1.8382765346466593e-10,2,2,Internal
CPB,HSY,0.7531073343015625,60,5.954076410830119e-12,2,2,Internal
CPB,INVH,0.40480862123259853,60,0.0014717899403458592,2,2,Internal
CPB,ISRG,-0.4095119436332093,60,0.0012786586189872506,2,1,External
CPB,ITW,0.6436367849871816,60,3.828289356725769e-08,2,0,External
CPB,JKHY,0.6691509482935641,60,6.894289534947261e-09,2,0,External
CPB,JNJ,0.612900220405811,60,2.471596408547988e-07,2,2,Internal
CPB,KDP,0.42390235701341056,60,0.0008208812171959884,2,2,Internal
CPB,KHC,0.8325566575006426,60,2.9912537264058087e-16,2,2,Internal
CPB,KIM,0.5040915582891232,60,4.6921367214593606e-05,2,2,Internal
CPB,KMB,0.6976111189608402,60,8.270727988188168e-10,2,2,Internal
CPB,KO,0.5987538826762234,60,5.463994818428633e-07,2,2,Internal
CPB,KR,0.40253709064729665,60,0.0015741161147419978,2,0,External
CPB,KVUE,0.5869125823775785,60,1.0313933001121967e-06,2,0,External
CPB,L,0.45921792422278773,60,0.00025374993699386385,2,2,Internal
CPB,LH,0.4156894167527136,60,0.0010596612923378186,2,0,External
CPB,LHX,0.4462822664831784,60,0.0003959060758021498,2,0,External
CPB,LNT,0.5576827313863199,60,4.464124013704363e-06,2,2,Internal
CPB,MA,0.4133320250477603,60,0.0011388957389387043,2,2,Internal
CPB,MAA,0.4792030085538583,60,0.00012315301479689033,2,2,Internal
CPB,MAS,0.4196705761876058,60,0.0009370515321614569,2,0,External
CPB,MCD,0.5499163148086577,60,6.4391474710189446e-06,2,0,External
CPB,MDLZ,0.7253039654634209,60,8.187236861399694e-11,2,2,Internal
CPB,MDT,0.42819013900707964,60,0.0007165930922278319,2,2,Internal
CPB,MKC,0.6675094798300701,60,7.73680086767069e-09,2,2,Internal
CPB,MMC,0.48322573112254913,60,0.00010589592381372909,2,2,Internal
CPB,MO,0.5292526177777673,60,1.634170918311153e-05,2,2,Internal
CPB,MSFT,-0.4362562015726505,60,0.0005522681116615737,2,0,External
CPB,MTD,0.5036975303603293,60,4.767172165906389e-05,2,0,External
CPB,NDSN,0.47621020632584127,60,0.00013762558872144328,2,0,External
CPB,NEE,0.5456871767287325,60,7.830678228347671e-06,2,2,Internal
CPB,NOW,-0.4153755123135752,60,0.0010699172846120552,2,0,External
CPB,NRG,-0.4657707012028858,60,0.0002011782662255328,2,6,External
CPB,NSC,0.4182914271282159,60,0.0009779962373604664,2,0,External
CPB,NTRS,0.40835306516717085,60,0.0013240032588968957,2,1,External
CPB,NVDA,-0.40949157533631236,60,0.0012794433916024652,2,6,External
CPB,O,0.5706985967689704,60,2.3655821429336167e-06,2,2,Internal
CPB,OMC,0.4179667058189674,60,0.0009878681539223582,2,0,External
CPB,OTIS,0.6430760148406818,60,3.968198952708286e-08,2,0,External
CPB,PAYX,0.5689996617851355,60,2.5739921583469442e-06,2,2,Internal
CPB,PCAR,0.41318836294812333,60,0.0011438923602126794,2,0,External
CPB,PEP,0.7070497087426394,60,3.8744168308602185e-10,2,2,Internal
CPB,PFE,0.4604326420763764,60,0.00024314668728651548,2,0,External
CPB,PG,0.4932527658130497,60,7.208688472391758e-05,2,2,Internal
CPB,PGR,0.421705259841084,60,0.0008794635655713645,2,2,Internal
CPB,PNW,0.6376288959519506,60,5.602469750383817e-08,2,2,Internal
CPB,POOL,0.5436652208310905,60,8.59049296710564e-06,2,0,External
CPB,PPL,0.4472228396769816,60,0.0003835322240449546,2,2,Internal
CPB,PSA,0.53724042927323,60,1.1484174373411517e-05,2,2,Internal
CPB,REG,0.40285568320137716,60,0.0015593903764484342,2,2,Internal
CPB,RMD,0.44840556447384144,60,0.0003684722339991948,2,0,External
CPB,ROL,0.506482109489838,60,4.259770166361043e-05,2,2,Internal
CPB,ROP,0.4213118274737645,60,0.0008903433797681658,2,2,Internal
CPB,RSG,0.4352368839873647,60,0.0005709524232022779,2,2,Internal
CPB,RVTY,0.44864791458304276,60,0.0003654535423612016,2,0,External
CPB,SBAC,0.5733975042897869,60,2.0666308297089587e-06,2,2,Internal
CPB,SJM,0.8490225113320388,60,1.982540028534175e-17,2,2,Internal
CPB,SO,0.7194697574590997,60,1.3634355970397732e-10,2,2,Internal
CPB,STZ,0.5582338150982097,60,4.348052573722666e-06,2,2,Internal
CPB,SWK,0.48594825123064517,60,9.550822702779441e-05,2,0,External
CPB,SYY,0.6607638833929029,60,1.233367240972393e-08,2,2,Internal
CPB,T,0.5707127965344047,60,2.363908636315564e-06,2,2,Internal
CPB,TAP,0.5419641428332063,60,9.282243297764172e-06,2,2,Internal
CPB,TMUS,0.4239529247589892,60,0.0008195753988706854,2,2,Internal
CPB,TROW,0.502419002899337,60,5.0183348829136655e-05,2,0,External
CPB,TRV,0.4109564050535971,60,0.0012240952642611066,2,2,Internal
CPB,TSN,0.6447217699009786,60,3.5706981867271596e-08,2,2,Internal
CPB,TXT,0.46942024494734824,60,0.000176417230961563,2,0,External
CPB,UDR,0.5479467928013764,60,7.0557537601500276e-06,2,2,Internal
CPB,UNP,0.5095252161384248,60,3.762578517604885e-05,2,0,External
CPB,VICI,0.5999213461790955,60,5.125118061942343e-07,2,2,Internal
CPB,VLTO,0.521651609609614,60,2.267356085954973e-05,2,0,External
CPB,VRSK,0.6673331857238547,60,7.832863792719986e-09,2,2,Internal
CPB,VZ,0.7069004069133775,60,3.9220778950854445e-10,2,0,External
CPB,WEC,0.6392673689865518,60,5.053986986168498e-08,2,2,Internal
CPB,WM,0.429682125530177,60,0.0006832159863493344,2,2,Internal
CPB,WY,0.5147854100040046,60,3.027582785917347e-05,2,2,Internal
CPB,XEL,0.49234960461996385,60,7.466445636039652e-05,2,2,Internal
CPB,YUM,0.40355252038346007,60,0.0015276111714615508,2,4,External
CPB,ZBH,0.41919371854625914,60,0.0009510304627649495,2,0,External
CPB,ZTS,0.5202683825789447,60,2.404563794968351e-05,2,2,Internal
CPRT,FRT,0.4059778507606371,60,0.0014214804670354098,2,2,Internal
CPRT,KO,0.43098627334242257,60,0.0006551998340890364,2,2,Internal
CPRT,MCO,0.4284060723526525,60,0.0007116729615848202,2,2,Internal
CPRT,TJX,0.4327321269187542,60,0.0006193224943767699,2,4,External
CPRT,UHS,0.4051371817558815,60,0.0014574938126217685,2,0,External
CPT,CTAS,0.43117664280129936,60,0.000651198380914777,2,2,Internal
CPT,D,0.44271444431171,60,0.0004462135173859593,2,2,Internal
CPT,DGX,0.4344188990922914,60,0.0005863584982690557,2,2,Internal
CPT,DOC,0.6501900353654221,60,2.5029269710141245e-08,2,2,Internal
CPT,DTE,0.49913674766746463,60,5.720058904618115e-05,2,2,Internal
CPT,DUK,0.4607835104118566,60,0.00024016015096515978,2,2,Internal
CPT,ED,0.5164407861189487,60,2.8253239847609888e-05,2,2,Internal
CPT,EQR,0.8712074656307754,60,2.9310861054114674e-19,2,2,Internal
CPT,ES,0.43221057184736367,60,0.0006298494892452527,2,2,Internal
CPT,ESS,0.807856434546442,60,1.0554465957585482e-14,2,2,Internal
CPT,EVRG,0.42525600615387854,60,0.0007865659719805229,2,2,Internal
CPT,EXC,0.5283658056730958,60,1.6985067516743943e-05,2,2,Internal
CPT,EXR,0.63796763669716,60,5.484669109394522e-08,2,2,Internal
CPT,FDS,0.5042987434551897,60,4.653120638606625e-05,2,2,Internal
CPT,FISV,0.582288023483768,60,1.3129154819035092e-06,2,2,Internal
CPT,FRT,0.6885229517987493,60,1.6708771489396056e-09,2,2,Internal
CPT,GD,0.5255969872597983,60,1.9148040221973904e-05,2,0,External
CPT,GIS,0.513842890723031,60,3.148642348036076e-05,2,2,Internal
CPT,GOOG,-0.40913767504061854,60,0.0012931481070544454,2,8,External
CPT,GOOGL,-0.4150691050476955,60,0.001080014420298265,2,8,External
CPT,GPC,0.42150811391257587,60,0.0008849002724479049,2,0,External
CPT,HD,0.43206413071823585,60,0.0006328342221499586,2,0,External
CPT,HIG,0.5577627567903961,60,4.447091373296208e-06,2,2,Internal
CPT,HST,0.4381252495538815,60,0.0005194417171909046,2,0,External
CPT,HSY,0.4512065340491352,60,0.00033492859072627347,2,2,Internal
CPT,ICE,0.4304839820203969,60,0.0006658647290819298,2,2,Internal
CPT,INVH,0.7338430164835288,60,3.7896695820389445e-11,2,2,Internal
CPT,ITW,0.46257312980328047,60,0.00022544164727050854,2,0,External
CPT,JNJ,0.40995617993123107,60,0.0012616497944203328,2,2,Internal
CPT,KHC,0.48713499338782584,60,9.128036067483156e-05,2,2,Internal
CPT,KIM,0.677018842495477,60,3.9270287783448684e-09,2,2,Internal
CPT,KMB,0.47244862298840157,60,0.00015802325603083502,2,2,Internal
CPT,KO,0.46125565489020254,60,0.00023619417943282524,2,2,Internal
CPT,L,0.5762644577632792,60,1.7879682653531274e-06,2,2,Internal
CPT,LHX,0.44830013288440923,60,0.00036979254745110845,2,0,External
CPT,LMT,0.4088119557102038,60,0.0013058778909451818,2,0,External
CPT,LNT,0.562320762236713,60,3.5710834878240025e-06,2,2,Internal
CPT,MA,0.4548844192168051,60,0.00029510663993907515,2,2,Internal
CPT,MAA,0.8997256424813866,60,3.4903901748045563e-22,2,2,Internal
CPT,MCO,0.5731947536206582,60,2.087800089243374e-06,2,2,Internal
CPT,MDLZ,0.5259005771453167,60,1.8898994887379688e-05,2,2,Internal
CPT,MKC,0.5290128624370976,60,1.6513378971964534e-05,2,2,Internal
CPT,MMC,0.6044307853406794,60,3.992582136512913e-07,2,2,Internal
CPT,MO,0.40140979803904203,60,0.0016272266173657077,2,2,Internal
CPT,MSFT,-0.41675503955207494,60,0.0010255017899519151,2,0,External
CPT,NDAQ,0.40432203530907346,60,0.0014931930418112793,2,1,External
CPT,NDSN,0.4430882819776055,60,0.000440682586337534,2,0,External
CPT,NVDA,-0.4276460365542543,60,0.0007291273598970388,2,6,External
CPT,NVR,0.46420809445243477,60,0.0002127202016663689,2,0,External
CPT,O,0.6050468533445034,60,3.8575138470026756e-07,2,2,Internal
CPT,ORLY,0.4250222761939264,60,0.0007923969054388404,2,0,External
CPT,OTIS,0.42109734821678363,60,0.0008963254965276966,2,0,External
CPT,PAYX,0.40108033422726846,60,0.0016430489215157253,2,2,Internal
CPT,PEP,0.5685155613753651,60,2.6364435426144505e-06,2,2,Internal
CPT,PFG,0.44470692155700636,60,0.00041744618252734217,2,1,External
CPT,PLD,0.42411123028255965,60,0.000815499568717229,2,0,External
CPT,PNC,0.4051779556327585,60,0.0014557283992716861,2,1,External
CPT,PNW,0.48529111450914003,60,9.79260070816162e-05,2,2,Internal
CPT,PPL,0.4765539840796846,60,0.00013588731817011635,2,2,Internal
CPT,PSA,0.6440496394564591,60,3.728272116510219e-08,2,2,Internal
CPT,REG,0.7533283124306454,60,5.823325227187929e-12,2,2,Internal
CPT,ROL,0.5250934673156311,60,1.9567809979422944e-05,2,2,Internal
CPT,ROP,0.4712513756033276,60,0.00016507433721169636,2,2,Internal
CPT,RSG,0.4556859370346405,60,0.0002870227189827245,2,2,Internal
CPT,SBAC,0.643441093201303,60,3.876576367404128e-08,2,2,Internal
CPT,SJM,0.42905751683577575,60,0.000697014046101052,2,2,Internal
CPT,SO,0.5575494641145649,60,4.4926236809507525e-06,2,2,Internal
CPT,SPG,0.57969788624471,60,1.5005087671337857e-06,2,2,Internal
CPT,SYY,0.42309512452530407,60,0.0008419824019491193,2,2,Internal
CPT,TRV,0.42015204485012725,60,0.0009231256357736972,2,2,Internal
CPT,TSN,0.6188478732174004,60,1.749943271811578e-07,2,2,Internal
CPT,TXT,0.4207658196363756,60,0.0009056436294607968,2,0,External
CPT,UDR,0.8747073864259268,60,1.4043756217702063e-19,2,2,Internal
CPT,V,0.4219822795158201,60,0.0008718750936427687,2,2,Internal
CPT,VICI,0.6128407549466452,60,2.480054484287508e-07,2,2,Internal
CPT,VRSK,0.486220431149229,60,9.452296591263116e-05,2,2,Internal
CPT,VTR,0.49410217772373183,60,6.973769194201195e-05,2,2,Internal
CPT,WEC,0.5169859870345493,60,2.761495489509615e-05,2,2,Internal
CPT,WELL,0.5590719360270238,60,4.1769053653972174e-06,2,2,Internal
CPT,WM,0.49281515228839895,60,7.332540413989038e-05,2,2,Internal
CPT,WRB,0.4858559183375288,60,9.584459942996359e-05,2,2,Internal
CPT,WTW,0.418586333664296,60,0.0009691078491695196,2,2,Internal
CPT,WY,0.6152659953263887,60,2.156266346095219e-07,2,2,Internal
CPT,XEL,0.4800503672082293,60,0.00011931681662399203,2,2,Internal
CPT,XYL,0.4362257908691792,60,0.0005528174267720381,2,0,External
CRL,IQV,0.742913452961055,60,1.6180508396993698e-11,0,0,Internal
CRL,MCHP,0.4074997046601241,60,0.001358311162812111,0,5,External
CRL,MTD,0.4889232160496966,60,8.523365779077567e-05,0,0,Internal
CRL,ON,0.42659759651112383,60,0.0007538401862955859,0,5,External
CRL,PFE,0.48205583903901833,60,0.00011067032614784545,0,0,Internal
CRL,RVTY,0.6154745795090435,60,2.130359373834932e-07,0,0,Internal
CRL,TECH,0.6094692219634443,60,3.0066576786705183e-07,0,0,Internal
CRM,NOW,0.5819838393069648,60,1.3337498658817412e-06,0,0,Internal
CRM,PTC,0.4202183888451696,60,0.0009212214166006177,0,0,Internal
CRM,PWR,-0.45600034945650403,60,0.0002839071448042911,0,6,External
CRM,TYL,0.46865516154931697,60,0.00018136431379988505,0,2,External
CSCO,ORCL,0.42945990740595713,60,0.0006880963724943764,6,6,Internal
CSGP,CTAS,0.4383152161387961,60,0.0005162064032147288,5,2,External
CSGP,ED,0.52848028489941,60,1.6900715790486454e-05,5,2,External
CSGP,ES,0.4019868249850723,60,0.0015998437496240647,5,2,External
CSGP,FDS,0.40167863191578423,60,0.0016144172828737864,5,2,External
CSGP,GD,0.4390141486313127,60,0.000504459628449746,5,0,External
CSGP,GRMN,0.44254773089679295,60,0.00044870030979273,5,5,Internal
CSGP,HCA,0.4368401606815428,60,0.0005418154465768125,5,0,External
CSGP,HST,0.4284365497803849,60,0.0007109809861083196,5,0,External
CSGP,JKHY,0.4435551665240931,60,0.0004338625039980233,5,0,External
CSGP,KHC,0.4552363757873207,60,0.0002915316722558339,5,2,External
CSGP,KMB,0.40147943550723525,60,0.0016238998415658117,5,2,External
CSGP,MKC,0.4179369872060164,60,0.000988776104661945,5,2,External
CSGP,NDSN,0.42798107151544323,60,0.0007213860629791849,5,0,External
CSGP,NEE,0.467800518392479,60,0.0001870403407825439,5,2,External
CSGP,O,0.4324040218868256,60,0.0006259261684119514,5,2,External
CSGP,OMC,0.47216029627349526,60,0.00015969564810323648,5,0,External
CSGP,PAYX,0.522024773299081,60,2.231602610149421e-05,5,2,External
CSGP,PEP,0.4292129181101343,60,0.0006935577698747944,5,2,External
CSGP,RL,-0.448475175438598,60,0.0003676028521831663,5,4,External
CSGP,SBAC,0.4344629153463351,60,0.0005855199968598288,5,2,External
CSGP,SO,0.4734588481560841,60,0.0001522893522770503,5,2,External
CSGP,WEC,0.46460964919011205,60,0.00020969779583771727,5,2,External
CSGP,ZBH,0.40815832690877596,60,0.0013317631133792389,5,0,External
CSX,ED,0.49444994001584663,60,6.879639309358779e-05,0,2,External
CSX,EXC,0.4789764745447608,60,0.000124197582624057,0,2,External
CSX,EXPD,0.5813958946175342,60,1.3748994127993892e-06,0,0,Internal
CSX,GPC,0.5059610590348674,60,4.350747976078096e-05,0,0,Internal
CSX,HCA,0.4212420805232619,60,0.0008922847531994578,0,0,Internal
CSX,HD,0.4676279589323412,60,0.00018820590682356098,0,0,Internal
CSX,HON,0.5240698654698169,60,2.044756826007415e-05,0,0,Internal
CSX,IFF,0.5594863971155115,60,4.09461151744568e-06,0,0,Internal
CSX,ITW,0.5584197706143098,60,4.309524987875449e-06,0,0,Internal
CSX,JBHT,0.4659917288338944,60,0.00019959272484022493,0,0,Internal
CSX,JKHY,0.4642983345187096,60,0.000212037539658072,0,0,Internal
CSX,JNJ,0.4276548898385482,60,0.0007289218342992097,0,2,External
CSX,LHX,0.48032964157327107,60,0.00011807669884309071,0,0,Internal
CSX,LNT,0.4042290157640382,60,0.001497316254695431,0,2,External
CSX,LOW,0.4978778535846735,60,6.012401646023515e-05,0,0,Internal
CSX,MA,0.4437498113177528,60,0.00043104763290913455,0,2,External
CSX,MAS,0.5333503760552735,60,1.3651886897504138e-05,0,0,Internal
CSX,MCD,0.4470718123920699,60,0.00038549507794499374,0,0,Internal
CSX,MET,0.4728427220973128,60,0.0001557632868492544,0,1,External
CSX,MHK,0.5003074988560746,60,5.459997867968555e-05,0,0,Internal
CSX,MPC,0.4284925633141223,60,0.000709710811808797,0,6,External
CSX,NDSN,0.6484144372214399,60,2.8112001971840765e-08,0,0,Internal
CSX,NSC,0.8471432617344343,60,2.7457901756350043e-17,0,0,Internal
CSX,NVDA,-0.517799659043265,60,2.6687135935730724e-05,0,6,External
CSX,NVR,0.426365790883153,60,0.0007594052273581652,0,0,Internal
CSX,O,0.44080783025998604,60,0.00047541513154548027,0,2,External
CSX,OTIS,0.40601276215007887,60,0.0014200023187970507,0,0,Internal
CSX,PAYX,0.43033617612289865,60,0.0006690327892517014,0,2,External
CSX,PFG,0.4153127799615476,60,0.0010719775785225031,0,1,External
CSX,PLD,0.4226964915703234,60,0.0008525822480413316,0,0,Internal
CSX,PNC,0.4314658658598999,60,0.0006451613964177752,0,1,External
CSX,PNW,0.4343674564282539,60,0.0005873398499126962,0,2,External
CSX,POOL,0.5952590429920961,60,6.608363918594825e-07,0,0,Internal
CSX,PSA,0.4197871656970392,60,0.0009336620542903482,0,2,External
CSX,PSX,0.5358337469310016,60,1.22281714410698e-05,0,6,External
CSX,RF,0.4060174470700823,60,0.001419804064264401,0,1,External
CSX,SBAC,0.5040183123133852,60,4.7060020975580126e-05,0,2,External
CSX,SO,0.4282823501677356,60,0.000714488272729441,0,2,External
CSX,SWK,0.4187100710504693,60,0.0009654001751957947,0,0,Internal
CSX,SYY,0.44371892904495414,60,0.0004314931290267878,0,2,External
CSX,T,0.4045226397861153,60,0.0014843356183052423,0,2,External
CSX,TSN,0.4090651779429085,60,0.0012959717602878393,0,2,External
CSX,TXT,0.46804895310133204,60,0.00018537386215985698,0,0,Internal
CSX,UNP,0.703578952179616,60,5.13804402447742e-10,0,0,Internal
CSX,V,0.441381525584155,60,0.00046645107099970644,0,2,External
CSX,VLO,0.4535931521742607,60,0.0003085674546320218,0,6,External
CSX,WEC,0.4521436578240807,60,0.0003243424662278072,0,2,External
CSX,WY,0.40445141760789516,60,0.0014874749300517963,0,2,External
CSX,XYL,0.41441599098383736,60,0.001101823485641189,0,0,Internal
CTAS,D,0.6008695292523236,60,4.864506725477573e-07,2,2,Internal
CTAS,DGX,0.401240344006602,60,0.0016353474208242306,2,2,Internal
CTAS,DOC,0.5341657622941921,60,1.3168293925936565e-05,2,2,Internal
CTAS,DTE,0.4861464448395949,60,9.478985969454814e-05,2,2,Internal
CTAS,DUK,0.5182142955882478,60,2.6225506011699854e-05,2,2,Internal
CTAS,ECL,0.4410531761261186,60,0.00047156260797284435,2,2,Internal
CTAS,ED,0.5138798560310106,60,3.143811329699948e-05,2,2,Internal
CTAS,EG,0.4036381374047335,60,0.0015237469312120355,2,2,Internal
CTAS,EQR,0.46782037408179983,60,0.00018690664843244573,2,2,Internal
CTAS,ES,0.5045444632283413,60,4.607236004205379e-05,2,2,Internal
CTAS,ESS,0.4355957614545344,60,0.0005643097751836438,2,2,Internal
CTAS,ETN,-0.4566845688333608,60,0.0002772333740653381,2,6,External
CTAS,EVRG,0.5206043245497073,60,2.3705512877120396e-05,2,2,Internal
CTAS,EXC,0.6436383682591749,60,3.827901007577882e-08,2,2,Internal
CTAS,EXR,0.45648578982280164,60,0.00027915733614570853,2,2,Internal
CTAS,FAST,0.4097324305387124,60,0.0012701910858594382,2,0,External
CTAS,FRT,0.45230674831287054,60,0.0003225315753374763,2,2,Internal
CTAS,GD,0.4432393510374288,60,0.00043846524096473663,2,0,External
CTAS,GIS,0.4768514037847773,60,0.00013439971444774925,2,2,Internal
CTAS,GPC,0.4629233206235535,60,0.0002226597941523943,2,0,External
CTAS,HCA,0.42398808094355606,60,0.0008186686610366502,2,0,External
CTAS,HD,0.41656065917917495,60,0.0010316578770200248,2,0,External
CTAS,HIG,0.5278759576666662,60,1.735042962574217e-05,2,2,Internal
CTAS,HRL,0.4457609918567941,60,0.0004029190528549679,2,2,Internal
CTAS,IT,0.4040395955981815,60,0.0015057441240990516,2,4,External
CTAS,ITW,0.45586604179754353,60,0.00028523423357048315,2,0,External
CTAS,JKHY,0.5067255978085327,60,4.217860902222711e-05,2,0,External
CTAS,JNJ,0.4429098547359586,60,0.00044331460313541275,2,2,Internal
CTAS,KHC,0.47667848093274234,60,0.00013526279528850086,2,2,Internal
CTAS,KMB,0.5667402227341947,60,2.8777860895502915e-06,2,2,Internal
CTAS,KO,0.5761750004621182,60,1.7961044341282252e-06,2,2,Internal
CTAS,L,0.5199428817423171,60,2.4379495861228314e-05,2,2,Internal
CTAS,LIN,0.48010651939168253,60,0.0001190665172111585,2,0,External
CTAS,LMT,0.41963627864744546,60,0.000938050736135431,2,0,External
CTAS,LNT,0.5445462080818558,60,8.25137704066327e-06,2,2,Internal
CTAS,LOW,0.4075959782177573,60,0.0013544011127112762,2,0,External
CTAS,MA,0.5700622095379319,60,2.44172953738117e-06,2,2,Internal
CTAS,MAA,0.48104133688988554,60,0.00011496969471612095,2,2,Internal
CTAS,MAS,0.40844675480608983,60,0.001320284435935269,2,0,External
CTAS,MCD,0.41685245150060546,60,0.0010224291848359255,2,0,External
CTAS,MDLZ,0.5004988963399291,60,5.418534012826372e-05,2,2,Internal
CTAS,MKC,0.5261398550096076,60,1.870482595881547e-05,2,2,Internal
CTAS,MMC,0.5614380035188692,60,3.7270293701025233e-06,2,2,Internal
CTAS,NDSN,0.4155747948787952,60,0.0010633959526060866,2,0,External
CTAS,NVDA,-0.5413590195458575,60,9.54055766705034e-06,2,6,External
CTAS,O,0.5149497450554945,60,3.006921118947773e-05,2,2,Internal
CTAS,OTIS,0.5387436635949375,60,1.0735725693313584e-05,2,0,External
CTAS,PAYX,0.7353107334995824,60,3.3098939182333486e-11,2,2,Internal
CTAS,PEP,0.5895990473513828,60,8.949290145174943e-07,2,2,Internal
CTAS,PG,0.588552631581138,60,9.459378821455512e-07,2,2,Internal
CTAS,PLD,0.48646842687457237,60,9.363338914060154e-05,2,0,External
CTAS,PNW,0.5570853242388037,60,4.593210845769947e-06,2,2,Internal
CTAS,PPL,0.5817909082533637,60,1.3471241193195685e-06,2,2,Internal
CTAS,PSA,0.46686714090555914,60,0.00019342454385057355,2,2,Internal
CTAS,REG,0.48143430183362756,60,0.00011328647884141761,2,2,Internal
CTAS,RMD,0.4182640670479754,60,0.0009788245737369279,2,0,External
CTAS,ROL,0.6177391639521105,60,1.8672954739632325e-07,2,2,Internal
CTAS,ROP,0.467930071061911,60,0.00018616961064237372,2,2,Internal
CTAS,RSG,0.5043468336730115,60,4.6441074338493265e-05,2,2,Internal
CTAS,SBAC,0.4922345875272189,60,7.499872754386707e-05,2,2,Internal
CTAS,SHW,0.5010784982945556,60,5.2947344820628e-05,2,0,External
CTAS,SJM,0.45871823300979747,60,0.0002582329223894465,2,2,Internal
CTAS,SO,0.6200393516595726,60,1.6315803664947615e-07,2,2,Internal
CTAS,SPG,0.4410864527272112,60,0.0004710422731654304,2,2,Internal
CTAS,STE,0.41817011073380805,60,0.000981673950756641,2,0,External
CTAS,SYY,0.5462808256340567,60,7.619763264483037e-06,2,2,Internal
CTAS,TDG,0.4567674383209895,60,0.0002764348660058612,2,1,External
CTAS,TJX,0.4190781529874415,60,0.0009544464033774551,2,4,External
CTAS,TRV,0.4658736066600161,60,0.00020043864714619904,2,2,Internal
CTAS,TSN,0.4953274963789658,60,6.647284107951602e-05,2,2,Internal
CTAS,TXT,0.4707295022801232,60,0.00016823705548881096,2,0,External
CTAS,UDR,0.49608853015030585,60,6.451654963261713e-05,2,2,Internal
CTAS,V,0.46087999824600406,60,0.000239344753331831,2,2,Internal
CTAS,VICI,0.4630570279197076,60,0.00022160594527437144,2,2,Internal
CTAS,VRSK,0.6372569519159773,60,5.7345624668563405e-08,2,2,Internal
CTAS,WEC,0.6125105985898434,60,2.527511178858674e-07,2,2,Internal
CTAS,WM,0.5679168125609597,60,2.715642270091805e-06,2,2,Internal
CTAS,WTW,0.5338404787637693,60,1.335927584196262e-05,2,2,Internal
CTAS,WY,0.402245039938357,60,0.0015877243868342202,2,2,Internal
CTAS,XEL,0.5271878547293474,60,1.7875981059142328e-05,2,2,Internal
CTAS,ZTS,0.4149099041162054,60,0.0010852944065603623,2,2,Internal
CTRA,CVX,0.4836926515662316,60,0.00010404377182671717,6,6,Internal
CTRA,DVN,0.6501289332026382,60,2.512982855684908e-08,6,6,Internal
CTRA,EOG,0.6017744354206955,60,4.6274295963482066e-07,6,6,Internal
CTRA,EQT,0.7007477953006984,60,6.449228075680737e-10,6,6,Internal
CTRA,FANG,0.6078394973780514,60,3.2972959910437236e-07,6,6,Internal
CTRA,HAL,0.4189851549711004,60,0.0009572033084298307,6,6,Internal
CTRA,KMI,0.5256443549303389,60,1.910898368829749e-05,6,6,Internal
CTRA,OKE,0.6508113289331978,60,2.4028115480354325e-08,6,6,Internal
CTRA,OXY,0.5175697670056636,60,2.69463115731779e-05,6,6,Internal
CTRA,TPL,0.5476409975407303,60,7.1562775983748195e-06,6,6,Internal
CTRA,TRGP,0.6477253075481735,60,2.9402288156991366e-08,6,6,Internal
CTRA,VLO,0.41918432077106466,60,0.0009513078343729818,6,6,Internal
CTRA,WMB,0.4927194380090148,60,7.359888824896411e-05,6,6,Internal
CTRA,XOM,0.41740415109702234,60,0.001005183198722159,6,6,Internal
CTSH,EPAM,0.4062279013859557,60,0.0014109237179180374,4,4,Internal
CTSH,GPC,0.4676469352027823,60,0.00018807740584140888,4,0,External
CTSH,HLT,0.41191215467357223,60,0.001189152494192546,4,4,Internal
CTSH,PM,0.4652519101103827,60,0.0002049451448127724,4,4,Internal
CTSH,ROL,0.4123810114783732,60,0.0011723409219456975,4,2,External
CTSH,YUM,0.47153877899199387,60,0.00016335591463420505,4,4,Internal
CTVA,DD,0.4945725615560309,60,6.846728872624158e-05,0,0,Internal
CTVA,DE,0.5202907413476061,60,2.4022861195010024e-05,0,0,Internal
CTVA,DOW,0.5146598390668372,60,3.0434590791147212e-05,0,0,Internal
CTVA,F,0.49546083615246755,60,6.612618287595586e-05,0,0,Internal
CTVA,GWW,0.42580331122489007,60,0.0007730635223269994,0,0,Internal
CTVA,HAL,0.4036249135214906,60,0.0015243432054673344,0,6,External
CTVA,HII,0.4050254615477191,60,0.0014623408788122466,0,0,Internal
CTVA,IEX,0.5368637637293974,60,1.1679159844367802e-05,0,0,Internal
CTVA,IFF,0.5097169210779554,60,3.7331275127227165e-05,0,0,Internal
CTVA,LYB,0.5713028799861483,60,2.2953344141993657e-06,0,0,Internal
CTVA,MAS,0.49908498685174196,60,5.731815901606958e-05,0,0,Internal
CTVA,MHK,0.4175527952985123,60,0.0010005816561973423,0,0,Internal
CTVA,MOS,0.5389901957203124,60,1.0617394348298037e-05,0,6,External
CTVA,MPC,0.43205331437664124,60,0.000633055185555953,0,6,External
CTVA,MTCH,0.46177857593785554,60,0.0002318715471876505,0,0,Internal
CTVA,NDSN,0.47278398488149914,60,0.00015609822864870142,0,0,Internal
CTVA,NSC,0.48129771770466806,60,0.00011386893810327867,0,0,Internal
CTVA,OMC,0.41428856133965214,60,0.0011061245894161845,0,0,Internal
CTVA,PFG,0.401602943585715,60,0.0016180144967710515,0,1,External
CTVA,PLD,0.4098905644375518,60,0.0012641492022128697,0,0,Internal
CTVA,PSX,0.4723764598015582,60,0.0001584403153156727,0,6,External
CTVA,PTC,0.42689056912003054,60,0.0007468594190725647,0,0,Internal
CTVA,SLB,0.42926654986534946,60,0.0006923685498968537,0,6,External
CTVA,SNA,0.5157640748994675,60,2.9064466249308803e-05,0,0,Internal
CTVA,SWK,0.4237780700717853,60,0.0008240986828634223,0,0,Internal
CTVA,VLO,0.45688270811203524,60,0.00027532764488299896,0,6,External
CTVA,WAT,0.433695889841904,60,0.0006002882787353137,0,0,Internal
CTVA,XOM,0.4809709714981505,60,0.00011527350778489964,0,6,External
CVS,EW,0.4581456776198035,60,0.00026345837325957803,1,1,Internal
CVS,GILD,0.5168392764359595,60,2.778538906686999e-05,1,1,Internal
CVS,GNRC,0.4041724546416898,60,0.0014998283881944787,1,1,Internal
CVX,DVN,0.65034063989869,60,2.4783031847171173e-08,6,6,Internal
CVX,EOG,0.690388487769102,60,1.4493018479627029e-09,6,6,Internal
CVX,FANG,0.6567021917393543,60,1.624004556483777e-08,6,6,Internal
CVX,FAST,0.45324082351582456,60,0.00031233620767650005,6,0,External
CVX,GWW,0.6169674998325803,60,1.9532976798939525e-07,6,0,External
CVX,HAL,0.6929519600073566,60,1.1898806631336402e-09,6,6,Internal
CVX,MPC,0.6429360074012315,60,4.0038749928356344e-08,6,6,Internal
CVX,NFLX,-0.40180359513686903,60,0.00160849387226965,6,1,External
CVX,OKE,0.4534345766764185,60,0.0003102585311660471,6,6,Internal
CVX,OXY,0.7925934843678657,60,7.455234805928517e-14,6,6,Internal
CVX,PSX,0.652749340002062,60,2.1142552906040137e-08,6,6,Internal
CVX,RMD,0.4382607432587492,60,0.0005171322546434814,6,0,External
CVX,SLB,0.6576607296991925,60,1.5224754849827365e-08,6,6,Internal
CVX,VLO,0.6076412673747367,60,3.334394449445758e-07,6,6,Internal
CVX,XOM,0.7904833742168513,60,9.644276927996333e-14,6,6,Internal
D,DGX,0.44967110768664736,60,0.00035295518751434033,2,2,Internal
D,DOC,0.6548161471230102,60,1.842732606050247e-08,2,2,Internal
D,DTE,0.7166948015940025,60,1.730024675459223e-10,2,2,Internal
D,DUK,0.7727003084817384,60,7.558277022433514e-13,2,2,Internal
D,DVA,0.4082022951559045,60,0.001330007523439715,2,0,External
D,ED,0.7575874713116665,60,3.778412518365952e-12,2,2,Internal
D,EL,0.42691026446213837,60,0.000746392233255531,2,1,External
D,EQR,0.45429892925374815,60,0.00030114232286483736,2,2,Internal
D,ES,0.8403430286374932,60,8.611898354892204e-17,2,2,Internal
D,ETN,-0.4012802502621707,60,0.0016334317193548566,2,6,External
D,EVRG,0.6468804610094845,60,3.106041869171415e-08,2,2,Internal
D,EXC,0.7935012460331248,60,6.667525858734011e-14,2,2,Internal
D,EXR,0.4603200281563807,60,0.00024411240201987293,2,2,Internal
D,FDS,0.46818018122901306,60,0.0001844990874184916,2,2,Internal
D,FE,0.5548442932743274,60,5.109100550758683e-06,2,2,Internal
D,FISV,0.4158644575972054,60,0.0010539808173587175,2,2,Internal
D,FRT,0.5252689472703715,60,1.9420559032683637e-05,2,2,Internal
D,GIS,0.5844704310451889,60,1.172129583185035e-06,2,2,Internal
D,GOOG,-0.40447057835359884,60,0.0014866297830964897,2,8,External
D,GOOGL,-0.4060012826576416,60,0.0014204882082657242,2,8,External
D,GPC,0.46469721253604324,60,0.00020904396193641942,2,0,External
D,HIG,0.45603754655687073,60,0.0002835405984734454,2,2,Internal
D,HRL,0.6080509478261081,60,3.258150790737628e-07,2,2,Internal
D,HSY,0.5189394704501935,60,2.5435862263918493e-05,2,2,Internal
D,ITW,0.5233368757376133,60,2.1099914179180305e-05,2,0,External
D,JKHY,0.47942193612144873,60,0.0001221511843321723,2,0,External
D,JNJ,0.5497156700350652,60,6.499588580435348e-06,2,2,Internal
D,KDP,0.42223220782849297,60,0.0008650794903330734,2,2,Internal
D,KHC,0.5892145016942208,60,9.133670614206338e-07,2,2,Internal
D,KIM,0.4735325798766634,60,0.00015187841653125668,2,2,Internal
D,KMB,0.6713823528793365,60,5.887311853874034e-09,2,2,Internal
D,KO,0.6246144473031344,60,1.2434533695740726e-07,2,2,Internal
D,KVUE,0.5012283552163168,60,5.2631530249871034e-05,2,0,External
D,L,0.4912709344613296,60,7.785394727998698e-05,2,2,Internal
D,LNT,0.7176809434971332,60,1.5901601061294003e-10,2,2,Internal
D,LOW,0.4671509719598358,60,0.00019146239799684286,2,0,External
D,MA,0.5244469286854012,60,2.011931564806389e-05,2,2,Internal
D,MAA,0.491409986062959,60,7.743586762709126e-05,2,2,Internal
D,MCD,0.4047404276203768,60,0.0014747728507058374,2,0,External
D,MCO,0.4568149915913977,60,0.00027597760314388147,2,2,Internal
D,MDLZ,0.5764473661471109,60,1.7714398205929505e-06,2,2,Internal
D,MDT,0.426797008686036,60,0.0007490823425552303,2,2,Internal
D,MKC,0.5925706059797223,60,7.637669235867081e-07,2,2,Internal
D,MMC,0.42247059774106194,60,0.0008586421915594935,2,2,Internal
D,MO,0.5883317960064883,60,9.57045105493902e-07,2,2,Internal
D,MRK,0.4549961534840421,60,0.00029396740359060344,2,1,External
D,MSFT,-0.44516819168094784,60,0.00041103140394317916,2,0,External
D,NEE,0.6419091280570374,60,4.274937602342074e-08,2,2,Internal
D,NI,0.406607530257243,60,0.0013950308134539095,2,6,External
D,NSC,0.45096459386669224,60,0.000337712260707831,2,0,External
D,O,0.6174713598397148,60,1.8967306267573974e-07,2,2,Internal
D,OTIS,0.5374479426453376,60,1.137804849615101e-05,2,0,External
D,PAYX,0.5081157138338994,60,3.985794671935799e-05,2,2,Internal
D,PEP,0.6331202434073679,60,7.415760732255746e-08,2,2,Internal
D,PFE,0.5311068821803863,60,1.506885596309383e-05,2,0,External
D,PG,0.5306105937263397,60,1.5400200122699955e-05,2,2,Internal
D,PNW,0.7077503251163967,60,3.6580117763414356e-10,2,2,Internal
D,PPL,0.744143172194144,60,1.4377997861563503e-11,2,2,Internal
D,PSA,0.585408693889518,60,1.1160578546858375e-06,2,2,Internal
D,REG,0.46159109409109267,60,0.00023341295440039897,2,2,Internal
D,RMD,0.44653564704120363,60,0.00039253746082620764,2,0,External
D,ROL,0.6099126017874376,60,2.931855378769726e-07,2,2,Internal
D,RSG,0.4644773299319578,60,0.00021068936779129394,2,2,Internal
D,SBAC,0.6532404857332164,60,2.046506492428281e-08,2,2,Internal
D,SHW,0.4104748848313045,60,0.001242047182292293,2,0,External
D,SJM,0.6198032851926826,60,1.6544160676104675e-07,2,2,Internal
D,SO,0.7796134908262912,60,3.4725012743995176e-13,2,2,Internal
D,STZ,0.4075258357970101,60,0.0013572488732964043,2,2,Internal
D,SYY,0.48071988300606266,60,0.00011636363492488664,2,2,Internal
D,T,0.5743363252858174,60,1.971196864655361e-06,2,2,Internal
D,TAP,0.44698344303640164,60,0.00038664781870733446,2,2,Internal
D,TSN,0.6429564225276353,60,3.998654132912441e-08,2,2,Internal
D,TXT,0.5256592072900262,60,1.909675253662014e-05,2,0,External
D,UDR,0.5339497131947663,60,1.3294856797095337e-05,2,2,Internal
D,UNP,0.49526475595920916,60,6.66365325557881e-05,2,0,External
D,V,0.4935143527773016,60,7.135577413496983e-05,2,2,Internal
D,VICI,0.6084589620619968,60,3.183846771838431e-07,2,2,Internal
D,VLTO,0.4163507699743961,60,0.001038342486049306,2,0,External
D,VRSK,0.4925766042118192,60,7.400875276595722e-05,2,2,Internal
D,VTR,0.41175848846262075,60,0.0011947094056347458,2,2,Internal
D,VZ,0.5240458613892937,60,2.0468632083451014e-05,2,0,External
D,WEC,0.8366983626180449,60,1.5550248034038585e-16,2,2,Internal
D,WELL,0.45164861642125764,60,0.00032989606523736693,2,2,Internal
D,WM,0.49271087904299565,60,7.362338942128468e-05,2,2,Internal
D,WTW,0.5843542446351605,60,1.1792536396117077e-06,2,2,Internal
D,WY,0.4763136240769129,60,0.00013710053795459008,2,2,Internal
D,XEL,0.6248649393462944,60,1.224940589608618e-07,2,2,Internal
DAL,DIS,0.4050941718912257,60,0.0014593581198270493,1,1,Internal
DAL,STZ,-0.4325303278127886,60,0.0006233765364154461,1,2,External
DAL,UAL,0.8221774972071233,60,1.4293091573267451e-15,1,1,Internal
DAL,ULTA,0.4145420015160125,60,0.0010975850868475312,1,1,Internal
DAY,IEX,0.5967332463044623,60,6.100670178927657e-07,0,0,Internal
DAY,JCI,-0.529488116514607,60,1.617469966604833e-05,0,6,External
DAY,MTCH,0.5254468852128225,60,1.927229450839655e-05,0,0,Internal
DAY,PAYC,0.49840188773400373,60,5.889076277176414e-05,0,0,Internal
DAY,TROW,0.44330047483170254,60,0.0004375709681348421,0,0,Internal
DAY,VLTO,0.4076380842507284,60,0.0013526941983035233,0,0,Internal
DD,DOW,0.46556495050151203,60,0.00020266455789163339,0,0,Internal
DD,ECL,0.5702746062709889,60,2.416064148083811e-06,0,2,External
DD,FIS,-0.40294708725918815,60,0.0015551884198087163,0,2,External
DD,GPC,0.43676689272610575,60,0.0005431170030409076,0,0,Internal
DD,HAL,0.42483980221816137,60,0.0007969762459741744,0,6,External
DD,IFF,0.4962727961923249,60,6.405092308246901e-05,0,0,Internal
DD,KO,0.4286718668710839,60,0.0007056586720810714,0,2,External
DD,LYB,0.49322520371663514,60,7.216431829268897e-05,0,0,Internal
DD,NSC,0.4414349064202972,60,0.0004656248419446755,0,0,Internal
DD,PFG,0.4009117839470332,60,0.0016511966001352973,0,1,External
DD,PPG,0.42697387133980197,60,0.0007448852416245941,0,0,Internal
DD,PSX,0.4386829159236273,60,0.0005099959978747095,0,6,External
DD,SPGI,0.46312025803434825,60,0.00022110916923631324,0,1,External
DE,DG,0.41445322633015896,60,0.0011005695340788278,0,0,Internal
DE,DOW,0.45659452827223507,60,0.0002781033644870544,0,0,Internal
DE,EMR,0.4241074610838542,60,0.0008155963997178109,0,0,Internal
DE,EXPD,0.45304595019237703,60,0.0003144386741695504,0,0,Internal
DE,FAST,0.4714653675095114,60,0.00016379328711216826,0,0,Internal
DE,GPN,0.4097788991278862,60,0.0012684129563471545,0,1,External
DE,HON,0.4565392201330086,60,0.0002786389966490039,0,0,Internal
DE,HST,0.40982686276074315,60,0.0012665799644104637,0,0,Internal
DE,ITW,0.609346794563467,60,3.027625976814693e-07,0,0,Internal
DE,LHX,0.4050683437821578,60,0.0014604786935449687,0,0,Internal
DE,LMT,0.41780836307751734,60,0.0009927144513248668,0,0,Internal
DE,LYB,0.5520424405629124,60,5.830041218405825e-06,0,0,Internal
DE,MAS,0.4150428066245434,60,0.0010808850245246553,0,0,Internal
DE,MOS,0.4932655447549261,60,7.205100923265833e-05,0,6,External
DE,MTCH,0.42817145232252674,60,0.0007170203185534705,0,0,Internal
DE,NDSN,0.5807579158300457,60,1.4208928257756327e-06,0,0,Internal
DE,NSC,0.40014798183785755,60,0.0016885738818872727,0,0,Internal
DE,NWSA,0.41784360547420496,60,0.0009916339598794988,0,1,External
DE,PCAR,0.4173173725298239,60,0.0010078783866840693,0,0,Internal
DE,POOL,0.5091132484809695,60,3.8265952971117566e-05,0,0,Internal
DE,PSKY,0.43203045097200843,60,0.0006335224842242649,0,0,Internal
DE,PSX,0.4926478997567965,60,7.380390690800641e-05,0,6,External
DE,RVTY,0.4064134978654149,60,0.0014031336633643556,0,0,Internal
DE,SLB,0.5404896420921853,60,9.923388662977697e-06,0,6,External
DE,SNA,0.43563059951623423,60,0.0005636686836631725,0,0,Internal
DE,SWK,0.4698446574525949,60,0.00017372649996745619,0,0,Internal
DE,TXT,0.4460307602333512,60,0.00039927574421036287,0,0,Internal
DE,UNP,0.4631451143863694,60,0.00022091416062984802,0,0,Internal
DE,VLO,0.4322726422822542,60,0.0006285882325860544,0,6,External
DE,WAT,0.4216783843331651,60,0.0008802029349315105,0,0,Internal
DG,DLTR,0.6109264738526622,60,2.7673230965879965e-07,0,0,Internal
DG,EXPD,0.44587941526588715,60,0.0004013160014399221,0,0,Internal
DG,GIS,0.4315334568192319,60,0.0006437578853670943,0,2,External
DG,HOLX,0.4359458341054317,60,0.0005578976606542995,0,0,Internal
DG,HRL,0.4748198983473745,60,0.00014486541789583934,0,2,External
DG,HSIC,0.4821531255482799,60,0.00011026588777963166,0,0,Internal
DG,HSY,0.5417497830768532,60,9.372996041822202e-06,0,2,External
DG,ITW,0.48177088362053583,60,0.00011186278787599538,0,0,Internal
DG,JKHY,0.5002148943862708,60,5.480164275022544e-05,0,0,Internal
DG,KHC,0.4042301180694601,60,0.0014972673338602526,0,2,External
DG,KR,0.6266642045834242,60,1.0993915076312184e-07,0,0,Internal
DG,LYB,0.48436160997746663,60,0.00010144199406261276,0,0,Internal
DG,MCD,0.5412657877665594,60,9.580945256363442e-06,0,0,Internal
DG,OMC,0.4619527985022519,60,0.00023044749133543525,0,0,Internal
DG,OTIS,0.428507753050786,60,0.000709366720077663,0,0,Internal
DG,PFE,0.467532339331756,60,0.0001888546334866905,0,0,Internal
DG,PSKY,0.44421900103475565,60,0.0004243304818597121,0,0,Internal
DG,SJM,0.5051554024907012,60,4.494955245477248e-05,0,2,External
DG,TSCO,0.5569651215228624,60,4.6196009019600386e-06,0,0,Internal
DG,VZ,0.5930101535797079,60,7.459700019929225e-07,0,0,Internal
DG,ZBH,0.5343967962371808,60,1.303419082312346e-05,0,0,Internal
DG,ZTS,0.4113741524567487,60,0.001208710205949592,0,2,External
DGX,DOC,0.4420989311412489,60,0.0004554575402832204,2,2,Internal
DGX,DTE,0.5144724960179636,60,3.067288543309915e-05,2,2,Internal
DGX,DUK,0.5032496528086513,60,4.853805678007884e-05,2,2,Internal
DGX,ECL,0.4084265530653876,60,0.001321085509525244,2,2,Internal
DGX,ED,0.5718689516397204,60,2.2313009094263535e-06,2,2,Internal
DGX,EQR,0.46231563391446806,60,0.00022750736135711378,2,2,Internal
DGX,ES,0.5307740037708669,60,1.529036135156386e-05,2,2,Internal
DGX,EVRG,0.426982481444859,60,0.0007446814600964627,2,2,Internal
DGX,EXC,0.4598002737254715,60,0.00024861506085215366,2,2,Internal
DGX,EXPD,0.45166207737755243,60,0.00032974391598972186,2,0,External
DGX,EXR,0.4428091981009586,60,0.0004448057013498063,2,2,Internal
DGX,FDS,0.4210351196271727,60,0.0008980679083551176,2,2,Internal
DGX,FE,0.4342657941292043,60,0.0005892835988271002,2,2,Internal
DGX,GIS,0.5981505489290617,60,5.647252021850188e-07,2,2,Internal
DGX,GPC,0.4257561265957438,60,0.0007742193012420354,2,0,External
DGX,HCA,0.4457716206475421,60,0.00040277493765190236,2,0,External
DGX,HOLX,0.4849020316979633,60,9.938391803385322e-05,2,0,External
DGX,HON,0.40215355504199624,60,0.0015920088049888427,2,0,External
DGX,HRL,0.5184785827541415,60,2.593513316083112e-05,2,2,Internal
DGX,HSY,0.5175684337639684,60,2.6947821411504297e-05,2,2,Internal
DGX,IBM,0.5339457062303945,60,1.3297214729328507e-05,2,1,External
DGX,ITW,0.5385839706873261,60,1.0813028235712294e-05,2,0,External
DGX,JKHY,0.48097279599983495,60,0.00011526562093174873,2,0,External
DGX,JNJ,0.598903727613103,60,5.419353421709039e-07,2,2,Internal
DGX,KHC,0.6172204570716299,60,1.924703464178343e-07,2,2,Internal
DGX,KMB,0.49656475398345534,60,6.331950052469987e-05,2,2,Internal
DGX,KO,0.49034619695075626,60,8.068756092364233e-05,2,2,Internal
DGX,KVUE,0.5285203762690226,60,1.6871267215370102e-05,2,0,External
DGX,LH,0.6421969563249924,60,4.1972641900128006e-08,2,0,External
DGX,LNT,0.4730289342860385,60,0.00015470578078718495,2,2,Internal
DGX,LVS,0.43266755358485093,60,0.0006206171352298257,2,1,External
DGX,MAA,0.4739710696121349,60,0.00014945545163454058,2,2,Internal
DGX,MDLZ,0.4585877912477907,60,0.00025941501625766685,2,2,Internal
DGX,MMC,0.43105507371325846,60,0.0006537511306660929,2,2,Internal
DGX,MSFT,-0.6283562366374974,60,9.92464894590151e-08,2,0,External
DGX,MTD,0.43659178243337304,60,0.0005462392114430313,2,0,External
DGX,NDSN,0.4030176636419341,60,0.0015519508820431322,2,0,External
DGX,NOW,-0.4503160641520258,60,0.00034527821253272804,2,0,External
DGX,O,0.5129070445482998,60,3.2732589184216766e-05,2,2,Internal
DGX,OTIS,0.4412709933974735,60,0.0004681661220955719,2,0,External
DGX,PAYX,0.4443136019844361,60,0.0004229877054506439,2,2,Internal
DGX,PEP,0.49052660319220326,60,8.012741552303205e-05,2,2,Internal
DGX,PFE,0.5239352795785209,60,2.0565928599392354e-05,2,0,External
DGX,PGR,0.4826069402318981,60,0.00010839715916815732,2,2,Internal
DGX,PNW,0.577224934546173,60,1.7027566518601984e-06,2,2,Internal
DGX,PPL,0.46614029065514645,60,0.0001985334455867836,2,2,Internal
DGX,PSA,0.45988077069235955,60,0.00024791278726662096,2,2,Internal
DGX,RMD,0.4249951409355798,60,0.0007930763802461207,2,0,External
DGX,ROL,0.4233259260385973,60,0.0008358997895032093,2,2,Internal
DGX,ROP,0.5362556123069798,60,1.2000477253313514e-05,2,2,Internal
DGX,RSG,0.4574069465363219,60,0.0002703429295124709,2,2,Internal
DGX,RVTY,0.48543423126504753,60,9.739470334760472e-05,2,0,External
DGX,SBAC,0.47214581234020186,60,0.0001597800857616267,2,2,Internal
DGX,SJM,0.5612462822645938,60,3.7617273471084097e-06,2,2,Internal
DGX,SO,0.6777032164627587,60,3.736374375586961e-09,2,2,Internal
DGX,SWK,0.4178881539255171,60,0.0009902696717384587,2,0,External
DGX,SYY,0.5896452210123514,60,8.927386948243256e-07,2,2,Internal
DGX,TAP,0.43527815449744073,60,0.0005701849370156953,2,2,Internal
DGX,TMO,0.499764385895698,60,5.5792543067913885e-05,2,0,External
DGX,UDR,0.46829443103974455,60,0.0001837405677882804,2,2,Internal
DGX,VICI,0.5297810948626014,60,1.5969136702315597e-05,2,2,Internal
DGX,VRSK,0.5503227328035879,60,6.3183201787292025e-06,2,2,Internal
DGX,VTR,0.45199993091949636,60,0.0003259460225553791,2,2,Internal
DGX,VZ,0.4220422493979738,60,0.000870240122579279,2,0,External
DGX,WAT,0.4258603189350348,60,0.0007716692082190531,2,0,External
DGX,WEC,0.5717448891297687,60,2.2451902628581775e-06,2,2,Internal
DGX,WELL,0.4178804220971797,60,0.0009905063362059736,2,2,Internal
DGX,WM,0.6333920764824665,60,7.292379111087865e-08,2,2,Internal
DGX,WY,0.40113261793099836,60,0.0016405288666956855,2,2,Internal
DGX,XEL,0.4217769422410584,60,0.0008774942578363953,2,2,Internal
DGX,ZTS,0.40580692311070726,60,0.001428737487512278,2,2,Internal
DHI,EXR,0.41081278954881606,60,0.001229424939933983,0,2,External
DHI,FAST,0.4777372506685442,60,0.0001300569832491694,0,0,Internal
DHI,GPC,0.43874035997895805,60,0.0005090319196671568,0,0,Internal
DHI,GWW,0.4900476865420549,60,8.162232490931423e-05,0,0,Internal
DHI,HCA,0.47401950577018365,60,0.00014918999102214416,0,0,Internal
DHI,HD,0.44534226293962015,60,0.000408634012690793,0,0,Internal
DHI,LEN,0.9195380923342839,60,8.662130312197124e-25,0,0,Internal
DHI,LKQ,0.42370204323942445,60,0.0008260724276803199,0,0,Internal
DHI,LOW,0.4785829548726382,60,0.0001260314757531397,0,0,Internal
DHI,MAS,0.6446643253345079,60,3.5839159328896615e-08,0,0,Internal
DHI,MCK,0.4938465797540451,60,7.043707018644268e-05,0,0,Internal
DHI,MHK,0.5694645659853993,60,2.5153198809298046e-06,0,0,Internal
DHI,NDSN,0.5355311958969841,60,1.2393930758441696e-05,0,0,Internal
DHI,NVR,0.8507961425700403,60,1.451970490082212e-17,0,0,Internal
DHI,OTIS,0.4797346995735924,60,0.00012073291887689224,0,0,Internal
DHI,PCAR,0.40150693997851117,60,0.0016225875554162807,0,0,Internal
DHI,PHM,0.9076663738917615,60,3.712678902126692e-23,0,0,Internal
DHI,POOL,0.572189660408252,60,2.1957671803589575e-06,0,0,Internal
DHI,ROP,0.4506253988636357,60,0.00034165037872323017,0,2,External
DHI,SHW,0.4167606739741022,60,0.0010253238405015573,0,0,Internal
DHI,SNA,0.435773442518514,60,0.0005610469762396986,0,0,Internal
DHI,SWK,0.4009214730128499,60,0.0016507272548383811,0,0,Internal
DHR,EG,0.5201366903733409,60,2.4180198208712148e-05,0,2,External
DHR,FFIV,-0.6969266582614819,60,8.728424722755512e-10,0,7,External
DHR,MSCI,0.5581485632844349,60,4.365822775933474e-06,0,2,External
DHR,PKG,0.6296790363232443,60,9.157750515789393e-08,0,2,External
DHR,SBUX,-0.41186660575003925,60,0.0011907972161700532,0,7,External
DHR,TECH,0.48172691638188453,60,0.00011204782560174385,0,0,Internal
DHR,TMO,0.4614412632220499,60,0.00023465152951698432,0,0,Internal
DHR,TMUS,-0.4334736138300109,60,0.000604630576189907,0,2,External
DIS,FOX,0.4303073975746083,60,0.0006696512102158661,1,1,Internal
DIS,FOXA,0.40842567879510566,60,0.0013211201874199928,1,1,Internal
DIS,NVDA,-0.474741369566517,60,0.00014528457427382167,1,6,External
DIS,PNC,0.4006648795376735,60,0.0016631972196214525,1,1,Internal
DIS,PRU,0.42029962430682044,60,0.0009188946035634335,1,1,Internal
DIS,SNPS,-0.47964549371940535,60,0.00012113588628877185,1,6,External
DIS,V,0.4277618708910147,60,0.000726442446729492,1,2,External
DLR,EQIX,0.732046675425397,60,4.467136906772239e-11,6,6,Internal
DLR,EQT,0.41157294432199265,60,0.001201450200294,6,6,Internal
DLR,ETN,0.5908480866009077,60,8.374173436582396e-07,6,6,Internal
DLR,ETR,0.4304495181918245,60,0.000666602208205659,6,6,Internal
DLR,HUBB,0.44835716564444494,60,0.00036907779621329017,6,6,Internal
DLR,IRM,0.569502072755686,60,2.5106412756043187e-06,6,6,Internal
DLR,JBL,0.4912862949894746,60,7.780766172062019e-05,6,6,Internal
DLR,JCI,0.4259198452470369,60,0.000770215718389895,6,6,Internal
DLR,KLAC,0.43999590118441423,60,0.0004883689739003748,6,6,Internal
DLR,KMI,0.5296072759260885,60,1.609079933444146e-05,6,6,Internal
DLR,LRCX,0.47562007736083484,60,0.0001406570968705757,6,6,Internal
DLR,NI,0.47684408817938345,60,0.00013443612508297012,6,6,Internal
DLR,NRG,0.5132495803574807,60,3.227127581123991e-05,6,6,Internal
DLR,ORCL,0.5126345982065538,60,3.310385275280525e-05,6,6,Internal
DLR,PEG,0.6656004798946648,60,8.838988262143547e-09,6,6,Internal
DLR,PWR,0.5860334315714669,60,1.080126251654072e-06,6,6,Internal
DLR,T,-0.5408823145012093,60,9.748740858852833e-06,6,2,External
DLR,TT,0.5285473591506318,60,1.6851474097370962e-05,6,6,Internal
DLR,WMB,0.5807604341987255,60,1.4207084740338687e-06,6,6,Internal
DLTR,DOW,0.410095783089825,60,0.0012563468350321174,0,0,Internal
DLTR,LYB,0.41537664986514344,60,0.0010698799573826045,0,0,Internal
DLTR,TGT,0.5553728992291226,60,4.982766862639673e-06,0,0,Internal
DOC,DTE,0.593242486395192,60,7.367207756464606e-07,2,2,Internal
DOC,DUK,0.599696672426674,60,5.188761280738399e-07,2,2,Internal
DOC,DVA,0.40349718472700297,60,0.0015301133629810277,2,0,External
DOC,ECL,0.4064554128369157,60,0.0014013797144386531,2,2,Internal
DOC,ED,0.612047080818705,60,2.595578756910388e-07,2,2,Internal
DOC,EG,0.5070476917098053,60,4.163006714782688e-05,2,2,Internal
DOC,EQR,0.6595592115546396,60,1.3388235723816597e-08,2,2,Internal
DOC,ES,0.6063755533652264,60,3.5806707231556456e-07,2,2,Internal
DOC,ESS,0.6135639101890791,60,2.3790178098181474e-07,2,2,Internal
DOC,EVRG,0.5045737192738391,60,4.6018007603739794e-05,2,2,Internal
DOC,EXC,0.6376727338447341,60,5.587091429371964e-08,2,2,Internal
DOC,EXR,0.5812969486418518,60,1.381940205691892e-06,2,2,Internal
DOC,FAST,0.4351228274947169,60,0.0005730783432782695,2,0,External
DOC,FDS,0.512317013557364,60,3.354153756736433e-05,2,2,Internal
DOC,FRT,0.6611526200657067,60,1.2010476290731143e-08,2,2,Internal
DOC,GD,0.5464583163783997,60,7.557737090060367e-06,2,0,External
DOC,GIS,0.6206776032759265,60,1.571314939823627e-07,2,2,Internal
DOC,GPC,0.507568495409614,60,4.0757028864150114e-05,2,0,External
DOC,HCA,0.44119042794802427,60,0.0004694198050447559,2,0,External
DOC,HD,0.45971923238663165,60,0.0002493239173509207,2,0,External
DOC,HIG,0.5402509398164581,60,1.0030971932137485e-05,2,2,Internal
DOC,HRL,0.49378120151300686,60,7.06169948994768e-05,2,2,Internal
DOC,HSY,0.4402399357425652,60,0.00048444227949889345,2,2,Internal
DOC,ICE,0.5058917765092303,60,4.362979193828274e-05,2,2,Internal
DOC,INVH,0.5800672552121486,60,1.4723044926943574e-06,2,2,Internal
DOC,IR,0.4390149461726112,60,0.0005044463640525121,2,0,External
DOC,ITW,0.5718538923992058,60,2.232982568078674e-06,2,0,External
DOC,JKHY,0.4749573731966236,60,0.00014413429704635819,2,0,External
DOC,JNJ,0.45555229037193756,60,0.000288356465163737,2,2,Internal
DOC,KHC,0.5965195014136293,60,6.171941937565403e-07,2,2,Internal
DOC,KIM,0.6956243879483974,60,9.666373663555935e-10,2,2,Internal
DOC,KMB,0.5331107225962142,60,1.3797124817006576e-05,2,2,Internal
DOC,KO,0.4409277146475669,60,0.00047352910163385366,2,2,Internal
DOC,L,0.6166923967800625,60,1.9848484054893148e-07,2,2,Internal
DOC,LHX,0.5704513277326545,60,2.3949019175679633e-06,2,0,External
DOC,LKQ,0.4131935710211146,60,0.0011437108775928016,2,0,External
DOC,LMT,0.5874862902963358,60,1.0007100693153383e-06,2,0,External
DOC,LNT,0.6089292630991369,60,3.1001747462374645e-07,2,2,Internal
DOC,LOW,0.4171201749717235,60,0.0010140272121015013,2,0,External
DOC,MAA,0.681032743770512,60,2.9273416291642527e-09,2,2,Internal
DOC,MAS,0.4299760921979845,60,0.0006768079587414206,2,0,External
DOC,MCO,0.5145647865223557,60,3.0555279964409506e-05,2,2,Internal
DOC,MDLZ,0.5388400415232145,60,1.0689320777777464e-05,2,2,Internal
DOC,MDT,0.4048397487238758,60,0.0014704301676704246,2,2,Internal
DOC,MET,0.4065961210126917,60,0.0013955061023831607,2,1,External
DOC,MKC,0.5759082108290706,60,1.8205750350552712e-06,2,2,Internal
DOC,MMC,0.4870428245658429,60,9.160245285179375e-05,2,2,Internal
DOC,MO,0.45629350981815164,60,0.0002810299717877467,2,2,Internal
DOC,MSCI,0.47472246207946817,60,0.00014538566100515186,2,2,Internal
DOC,MSFT,-0.4183946019552851,60,0.0009748782612785124,2,0,External
DOC,MTD,0.4135496387862308,60,0.0011313644410615201,2,0,External
DOC,NDSN,0.5380772829254948,60,1.1061737110499936e-05,2,0,External
DOC,NEE,0.576700098595662,60,1.7488366956196456e-06,2,2,Internal
DOC,NOC,0.46305810428975197,60,0.00022159748010250322,2,0,External
DOC,NSC,0.43393761401801995,60,0.0005955981259533077,2,0,External
DOC,NVDA,-0.43243195483210956,60,0.0006253614977416826,2,6,External
DOC,NVR,0.5509592189928613,60,6.13332754266986e-06,2,0,External
DOC,O,0.7287815506056962,60,6.003611596241023e-11,2,2,Internal
DOC,OTIS,0.5919907216955735,60,7.878551008309719e-07,2,0,External
DOC,PAYX,0.5263600809198375,60,1.8527752775983747e-05,2,2,Internal
DOC,PEP,0.6515919141649091,60,2.2823818341991238e-08,2,2,Internal
DOC,PG,0.46728118301670035,60,0.0001905683442576093,2,2,Internal
DOC,PGR,0.40799434296152187,60,0.0013383291267100085,2,2,Internal
DOC,PHM,0.44382727207201383,60,0.000429932051015034,2,0,External
DOC,PKG,0.4610101818081289,60,0.00023824860594233885,2,2,Internal
DOC,PLD,0.4671848738076059,60,0.000191229252907602,2,0,External
DOC,PNW,0.6083655482790745,60,3.200716650285637e-07,2,2,Internal
DOC,POOL,0.41521103511788415,60,0.0010753267388394915,2,0,External
DOC,PPL,0.5835078792381111,60,1.2323851848784768e-06,2,2,Internal
DOC,PSA,0.6327783703267819,60,7.573725427146816e-08,2,2,Internal
DOC,REG,0.5996571390608003,60,5.20003629097713e-07,2,2,Internal
DOC,ROL,0.618061820690426,60,1.8324018007354807e-07,2,2,Internal
DOC,ROP,0.4258187445296369,60,0.0007726858247679266,2,2,Internal
DOC,SBAC,0.6809456652455104,60,2.946202765450902e-09,2,2,Internal
DOC,SHW,0.5302584574218397,60,1.5639386836937978e-05,2,0,External
DOC,SJM,0.5752439826699919,60,1.8828602781377904e-06,2,2,Internal
DOC,SO,0.7229025847801601,60,1.0115411764704932e-10,2,2,Internal
DOC,STZ,0.4964794643005212,60,6.353237168943519e-05,2,2,Internal
DOC,SWK,0.41761967922309495,60,0.000998517344309834,2,0,External
DOC,SYY,0.6257649545925879,60,1.1605424132717337e-07,2,2,Internal
DOC,TAP,0.514769529875628,60,3.0295863173713797e-05,2,2,Internal
DOC,TRV,0.4215626784666454,60,0.0008833925156416683,2,2,Internal
DOC,TSN,0.570522974124608,60,2.386371753829453e-06,2,2,Internal
DOC,TXT,0.5650162686996013,60,3.1317459582508074e-06,2,0,External
DOC,UDR,0.7264726711909962,60,7.380557203999191e-11,2,2,Internal
DOC,UNP,0.5135358660101824,60,3.189033633792743e-05,2,0,External
DOC,VICI,0.7266127822840242,60,7.289085878213751e-11,2,2,Internal
DOC,VRSK,0.5562400423873728,60,4.781810069701138e-06,2,2,Internal
DOC,VTR,0.6034521133173577,60,4.216310732746605e-07,2,2,Internal
DOC,WEC,0.7148498173014206,60,2.0236620654928708e-10,2,2,Internal
DOC,WELL,0.5515935042180713,60,5.954001442587172e-06,2,2,Internal
DOC,WRB,0.4232191619320424,60,0.0008387085351867499,2,2,Internal
DOC,WTW,0.5611668218614856,60,3.776196313115826e-06,2,2,Internal
DOC,WY,0.5511519974731002,60,6.0782999786635635e-06,2,2,Internal
DOC,XEL,0.651842901453769,60,2.2448858025271882e-08,2,2,Internal
DOV,EMR,0.4115659933291048,60,0.0012017033920932161,1,0,External
DOV,FISV,0.42406953240857365,60,0.0008165713682497053,1,2,External
DOV,FTV,0.42673703945707187,60,0.0007505103076644774,1,1,Internal
DOV,HWM,0.4112635295561664,60,0.0012127672810903385,1,6,External
DOV,MET,0.44339581459630184,60,0.0004361794051297378,1,1,Internal
DOV,MMM,0.49847561853603045,60,5.871912868980886e-05,1,1,Internal
DOV,NI,0.4372688388239204,60,0.0005342567748993724,1,6,External
DOV,NUE,0.4429180514918767,60,0.00044319337890710115,1,1,Internal
DOV,PFG,0.417422729811105,60,0.0010046070214097085,1,1,Internal
DOV,PH,0.6817242373155432,60,2.7815721083653604e-09,1,1,Internal
DOV,PNR,0.5385819787234275,60,1.0813995742519134e-05,1,1,Internal
DOV,RTX,0.49704737303844204,60,6.212727628616316e-05,1,1,Internal
DOV,SCHW,0.41238263636168376,60,0.0011722830328405774,1,1,Internal
DOV,TDY,0.4130707640056544,60,0.00114799716277624,1,1,Internal
DOV,TMO,0.42383593948947684,60,0.0008225991804196616,1,0,External
DOV,WM,0.4005138048156043,60,0.0016705785557061044,1,2,External
DOW,LYB,0.7699918204789251,60,1.0175505746870022e-12,0,0,Internal
DOW,MTCH,0.4869545192576201,60,9.1912023076236e-05,0,0,Internal
DOW,NDSN,0.48612472600173584,60,9.486833829465561e-05,0,0,Internal
DOW,PPG,0.46925818580818435,60,0.00017745469023470052,0,0,Internal
DOW,SWK,0.4019992510601304,60,0.0015992586370504722,0,0,Internal
DOW,UPS,0.6336274094536358,60,7.187128840813161e-08,0,0,Internal
DPZ,EMR,0.40276512616791377,60,0.0015635634242939015,0,0,Internal
DPZ,LIN,0.4352505531054112,60,0.0005706981221152866,0,0,Internal
DPZ,YUM,0.40203160631161633,60,0.0015977360090882865,0,4,External
DRI,EQR,0.42019695656784634,60,0.0009218361826405829,2,2,Internal
DRI,ESS,0.46747288008197885,60,0.0001892590625310285,2,2,Internal
DRI,FRT,0.4234859996974289,60,0.0008317044849174933,2,2,Internal
DRI,INVH,0.4466510553031688,60,0.00039101180028408095,2,2,Internal
DRI,KIM,0.4930351079400252,60,7.270046585538375e-05,2,2,Internal
DRI,MA,0.4353803148388142,60,0.0005682891340012522,2,2,Internal
DRI,MAA,0.412172203299818,60,0.001179801478479044,2,2,Internal
DRI,MMC,0.469609993570844,60,0.00017520956598507913,2,2,Internal
DRI,NVDA,-0.41383629781842374,60,0.0011215119757339912,2,6,External
DRI,ORLY,0.40076246790053643,60,0.0016584447025367655,2,0,External
DRI,UDR,0.43231857659609635,60,0.0006276563307346462,2,2,Internal
DRI,V,0.4542475072786722,60,0.00030167775768455196,2,2,Internal
DTE,DUK,0.6306601276523494,60,8.625384923325339e-08,2,2,Internal
DTE,ED,0.7380296003076421,60,2.5697186691247715e-11,2,2,Internal
DTE,EQR,0.5275801586342307,60,1.7574571174021123e-05,2,2,Internal
DTE,ES,0.7739105599219185,60,6.609184347753607e-13,2,2,Internal
DTE,ESS,0.4652818913855417,60,0.00020472571148894925,2,2,Internal
DTE,EVRG,0.7263180990283418,60,7.482735423640941e-11,2,2,Internal
DTE,EXC,0.7376322299531496,60,2.6670801488174226e-11,2,2,Internal
DTE,FDS,0.4374858074273128,60,0.0005304676323612249,2,2,Internal
DTE,FE,0.5480140539076402,60,7.033820084880597e-06,2,2,Internal
DTE,FISV,0.538643813444978,60,1.0783999776724467e-05,2,2,Internal
DTE,FRT,0.41087299782601466,60,0.001227188033318437,2,2,Internal
DTE,GIS,0.4751937022310848,60,0.00014288534602245462,2,2,Internal
DTE,GOOG,-0.4092102090706843,60,0.001290328546705235,2,8,External
DTE,GOOGL,-0.41483704914200903,60,0.0010877184214790826,2,8,External
DTE,HIG,0.5223182574287994,60,2.2038509252732202e-05,2,2,Internal
DTE,HRL,0.5004672778620831,60,5.4253636804909664e-05,2,2,Internal
DTE,JNJ,0.5630339534633333,60,3.4495610411289315e-06,2,2,Internal
DTE,KDP,0.411086590262353,60,0.0012192819506329504,2,2,Internal
DTE,KHC,0.4980942917758033,60,5.9611798155057064e-05,2,2,Internal
DTE,KMB,0.5149881494094982,60,3.0021114149311442e-05,2,2,Internal
DTE,KO,0.5370080593050844,60,1.1604103042800227e-05,2,2,Internal
DTE,KVUE,0.45056658672069144,60,0.0003423374360708008,2,0,External
DTE,L,0.5445665679598505,60,8.24368921539638e-06,2,2,Internal
DTE,LNT,0.7981142942043019,60,3.7474235656910917e-14,2,2,Internal
DTE,MA,0.43647147667286085,60,0.00054839367738473,2,2,Internal
DTE,MAA,0.5648945848186621,60,3.1504393831199727e-06,2,2,Internal
DTE,MCO,0.5450373495814018,60,8.067770566315245e-06,2,2,Internal
DTE,MDLZ,0.5389724304653881,60,1.0625880696105762e-05,2,2,Internal
DTE,MDT,0.40273317586551327,60,0.0015650381440690808,2,2,Internal
DTE,MKC,0.4915333123337968,60,7.70667978783486e-05,2,2,Internal
DTE,MMC,0.43917784435431323,60,0.0005017437277479357,2,2,Internal
DTE,MO,0.5040669747252547,60,4.696786153203619e-05,2,2,Internal
DTE,MSFT,-0.4613721759483579,60,0.0002352246577012661,2,0,External
DTE,NEE,0.5293171091309823,60,1.6295815319382014e-05,2,2,Internal
DTE,NI,0.5161771937798736,60,2.8566705342593744e-05,2,6,External
DTE,O,0.579498121699628,60,1.515972158429664e-06,2,2,Internal
DTE,OTIS,0.45432877083069884,60,0.0003008319926738559,2,0,External
DTE,PAYX,0.4098411124410082,60,0.0012660358532774623,2,2,Internal
DTE,PCG,0.4365498325886489,60,0.0005469895869864021,2,2,Internal
DTE,PEP,0.5135317738581104,60,3.189575205627737e-05,2,2,Internal
DTE,PFE,0.41525884571991123,60,0.0010737517740340662,2,0,External
DTE,PG,0.4024956462989253,60,0.0015760408533597146,2,2,Internal
DTE,PGR,0.48234534154395076,60,0.00010947079534837769,2,2,Internal
DTE,PNW,0.8026484488566713,60,2.0961174250091096e-14,2,2,Internal
DTE,PPL,0.753004051556191,60,6.016142927098247e-12,2,2,Internal
DTE,PSA,0.5108805973167354,60,3.5588770016744335e-05,2,2,Internal
DTE,REG,0.43329955221655136,60,0.0006080508148307563,2,2,Internal
DTE,ROL,0.5353653505296869,60,1.248567563271787e-05,2,2,Internal
DTE,RSG,0.5222510253825735,60,2.2101799771221055e-05,2,2,Internal
DTE,SBAC,0.6467655929199039,60,3.1292560880858235e-08,2,2,Internal
DTE,SJM,0.4130424612175024,60,0.001148987050307148,2,2,Internal
DTE,SO,0.6807332120084959,60,2.992704030040612e-09,2,2,Internal
DTE,SPG,0.4139027020692568,60,0.001119240704433047,2,2,Internal
DTE,SYK,0.42365895389715214,60,0.0008271929708540074,2,2,Internal
DTE,SYY,0.44955859432797124,60,0.0003543102484477249,2,2,Internal
DTE,T,0.4262874270619123,60,0.0007612949147386313,2,2,Internal
DTE,TAP,0.48487478692018426,60,9.948674864247317e-05,2,2,Internal
DTE,TSN,0.49530608106783,60,6.652867254565935e-05,2,2,Internal
DTE,UDR,0.5779501337112787,60,1.6409506828617062e-06,2,2,Internal
DTE,VICI,0.5645548724508583,60,3.2031795550242566e-06,2,2,Internal
DTE,VRSK,0.4305406793067289,60,0.0006646530902077324,2,2,Internal
DTE,VTR,0.5609644522794087,60,3.8132805989403113e-06,2,2,Internal
DTE,WEC,0.7866243934637314,60,1.5327734031216567e-13,2,2,Internal
DTE,WELL,0.5012857073547867,60,5.251112426056443e-05,2,2,Internal
DTE,WM,0.4735889115308039,60,0.00015156514289454468,2,2,Internal
DTE,WRB,0.43650396928737817,60,0.0005478110334433343,2,2,Internal
DTE,WTW,0.43097818066762755,60,0.0006553704293015041,2,2,Internal
DTE,XEL,0.7193283515344673,60,1.3801754859680496e-10,2,2,Internal
DUK,ED,0.7404743202275634,60,2.0411836144350055e-11,2,2,Internal
DUK,EQR,0.4660743884761,60,0.000199002707053905,2,2,Internal
DUK,ES,0.6851232765367407,60,2.159583037433581e-09,2,2,Internal
DUK,ESS,0.48578802903519736,60,9.609261685312819e-05,2,2,Internal
DUK,EVRG,0.6856770840528009,60,2.07167076855338e-09,2,2,Internal
DUK,EXC,0.8238231052806746,60,1.1230426628917593e-15,2,2,Internal
DUK,EXR,0.45536800490964796,60,0.0002902048358519106,2,2,Internal
DUK,FDS,0.4422068596578678,60,0.0004538241588000732,2,2,Internal
DUK,FE,0.588946074558589,60,9.26447719990027e-07,2,2,Internal
DUK,FISV,0.4339720390375016,60,0.0005949328873471304,2,2,Internal
DUK,FRT,0.5979883589398429,60,5.697489894249707e-07,2,2,Internal
DUK,GD,0.44785524605189114,60,0.0003754113687021773,2,0,External
DUK,GIS,0.5860087360912462,60,1.081525799415039e-06,2,2,Internal
DUK,GOOG,-0.43351792307529097,60,0.0006037627046683554,2,8,External
DUK,GOOGL,-0.435926744579448,60,0.0005582456048105699,2,8,External
DUK,HIG,0.478995293590479,60,0.00012411049786411913,2,2,Internal
DUK,HRL,0.6444953514104587,60,3.623064183362658e-08,2,2,Internal
DUK,HSY,0.44907475994794505,60,0.0003601914561373997,2,2,Internal
DUK,ICE,0.46154982927405214,60,0.00023375347249354332,2,2,Internal
DUK,ITW,0.4037727454416912,60,0.0015176892446951075,2,0,External
DUK,JKHY,0.449805538578916,60,0.0003513423465955932,2,0,External
DUK,JNJ,0.5384708852675624,60,1.0868081874000626e-05,2,2,Internal
DUK,K,0.404504843608094,60,0.0014851194761144283,2,2,Internal
DUK,KDP,0.4291677858719958,60,0.0006945599543208533,2,2,Internal
DUK,KHC,0.5607112773485571,60,3.86015323305637e-06,2,2,Internal
DUK,KIM,0.5429097641776295,60,8.891562852128654e-06,2,2,Internal
DUK,KMB,0.5727237133224294,60,2.1377662662393854e-06,2,2,Internal
DUK,KO,0.564553146673303,60,3.203449572043784e-06,2,2,Internal
DUK,L,0.494878043317574,60,6.765369829796373e-05,2,2,Internal
DUK,LIN,0.4024548848780671,60,0.0015779359323605858,2,0,External
DUK,LMT,0.44111673289929026,60,0.0004705692454724461,2,0,External
DUK,LNT,0.7237327739354864,60,9.404578454605386e-11,2,2,Internal
DUK,MA,0.4757818133537435,60,0.00013982022439861568,2,2,Internal
DUK,MAA,0.5202147152946532,60,2.4100390120914902e-05,2,2,Internal
DUK,MCK,0.4340902569396163,60,0.0005926535327484649,2,0,External
DUK,MDLZ,0.5508271491681305,60,6.171293478701584e-06,2,2,Internal
DUK,MDT,0.5286899243043025,60,1.6747253277389297e-05,2,2,Internal
DUK,MKC,0.6127535636119771,60,2.492505343282597e-07,2,2,Internal
DUK,MMC,0.4973124042905098,60,6.148139370313432e-05,2,2,Internal
DUK,MO,0.5871081294810235,60,1.0208373799056512e-06,2,2,Internal
DUK,MRK,0.40395149242949746,60,0.0015096785683472046,2,1,External
DUK,MSCI,0.4206740030636884,60,0.0009082396811891199,2,2,Internal
DUK,MSFT,-0.4125183293987395,60,0.001167457809077287,2,0,External
DUK,MTD,0.4479977849888656,60,0.00037360273593393457,2,0,External
DUK,NEE,0.6299523554278487,60,9.006411605313626e-08,2,2,Internal
DUK,NOC,0.47328940355434723,60,0.00015323759589410625,2,0,External
DUK,NSC,0.4098675351809795,60,0.0012650274805909318,2,0,External
DUK,O,0.5889806009607867,60,9.247554440396513e-07,2,2,Internal
DUK,ORLY,0.40833544177243386,60,0.001324703834433617,2,0,External
DUK,OTIS,0.47040902957209685,60,0.00017020661054591027,2,0,External
DUK,PAYX,0.4503091803485783,60,0.00034535934216517244,2,2,Internal
DUK,PCG,0.45890221015155525,60,0.0002565740317824574,2,2,Internal
DUK,PEP,0.6207706647810624,60,1.5627047688427954e-07,2,2,Internal
DUK,PFE,0.46645059217599494,60,0.00019633748631698827,2,0,External
DUK,PG,0.5768989360705777,60,1.7312434922170954e-06,2,2,Internal
DUK,PGR,0.45164079729090356,60,0.00032998447425175957,2,2,Internal
DUK,PLD,0.40560785786451553,60,0.0014372310182511202,2,0,External
DUK,PM,0.42492717899914095,60,0.0007947804770660763,2,4,External
DUK,PNW,0.7876532632476194,60,1.3559357314640644e-13,2,2,Internal
DUK,PPL,0.8149849106078838,60,3.9864419143829954e-15,2,2,Internal
DUK,PSA,0.6031156845249327,60,4.295899767652207e-07,2,2,Internal
DUK,REG,0.5117327751045931,60,3.436071478157451e-05,2,2,Internal
DUK,RMD,0.44405945250674694,60,0.0004266039087756437,2,0,External
DUK,ROL,0.5211329798032719,60,2.3179282895420153e-05,2,2,Internal
DUK,RSG,0.46044771043685984,60,0.0002430177342335838,2,2,Internal
DUK,RTX,0.41073628964627384,60,0.0012322724120132835,2,1,External
DUK,SBAC,0.7386015291891243,60,2.4355075188773367e-11,2,2,Internal
DUK,SHW,0.42512083570638265,60,0.0007899333671937199,2,0,External
DUK,SJM,0.6111076130941808,60,2.7388567723104376e-07,2,2,Internal
DUK,SO,0.8131591083864552,60,5.13570938806176e-15,2,2,Internal
DUK,STZ,0.4186470161110221,60,0.0009672879564372923,2,2,Internal
DUK,SYY,0.48195458884048586,60,0.00011109268798175915,2,2,Internal
DUK,T,0.44693552315127805,60,0.0003872742232463373,2,2,Internal
DUK,TRV,0.41001374255946554,60,0.0012594607912333102,2,2,Internal
DUK,TSN,0.6098808996309769,60,2.937145253740025e-07,2,2,Internal
DUK,UDR,0.5547537143993077,60,5.131045544250971e-06,2,2,Internal
DUK,UNP,0.4243889590864966,60,0.0008083931901078366,2,0,External
DUK,V,0.40405278761553415,60,0.0015051557969728642,2,2,Internal
DUK,VICI,0.5884068203356477,60,9.532580286339028e-07,2,2,Internal
DUK,VRSK,0.5706037708665322,60,2.3767862056440158e-06,2,2,Internal
DUK,VZ,0.42935562793144166,60,0.0006903974252357062,2,0,External
DUK,WEC,0.7862996102443688,60,1.59302740172871e-13,2,2,Internal
DUK,WELL,0.42263270406975845,60,0.0008542895213506006,2,2,Internal
DUK,WM,0.5205787065218094,60,2.3731292179627342e-05,2,2,Internal
DUK,WRB,0.43382885417453104,60,0.0005977042605688939,2,2,Internal
DUK,WTW,0.4680945447643851,60,0.00018506951619297316,2,2,Internal
DUK,WY,0.4197683265596174,60,0.0009342089938435288,2,2,Internal
DUK,XEL,0.6750626463531362,60,4.524067574851949e-09,2,2,Internal
DUK,ZTS,0.6047771513433817,60,3.916107358028531e-07,2,2,Internal
DVA,ED,0.4126130167829319,60,0.0011641013282813332,0,2,External
DVA,FRT,0.5594716303595302,60,4.097517390758453e-06,0,2,External
DVA,HCA,0.4297914955555543,60,0.0006808255026127131,0,0,Internal
DVA,IR,0.5902601250581131,60,8.640443769423911e-07,0,0,Internal
DVA,KMB,0.43722994092003775,60,0.0005349386768971271,0,2,External
DVA,KR,0.43941831459935227,60,0.0004977781024392353,0,0,Internal
DVA,MCK,0.4226476973558447,60,0.0008538879487121438,0,0,Internal
DVA,MMC,0.40070663171378224,60,0.0016611624136447832,0,2,External
DVA,MSI,0.5298923552991527,60,1.589170960567015e-05,0,1,External
DVA,ORLY,0.4011324103837923,60,0.0016405388635460448,0,0,Internal
DVA,PAYX,0.4020385018061289,60,0.0015974116772107074,0,2,External
DVA,PG,0.4944942441624706,60,6.867731737716426e-05,0,2,External
DVA,RMD,0.47910325681192173,60,0.00012361198162867316,0,0,Internal
DVA,ROL,0.4496808958363626,60,0.0003528375266791845,0,2,External
DVA,SHW,0.4240239410048036,60,0.0008177447022314028,0,0,Internal
DVA,SNA,0.43452974650717835,60,0.000584248952388939,0,0,Internal
DVA,SO,0.4016535018667935,60,0.0016156108351336948,0,2,External
DVA,TXT,0.42309404213970897,60,0.0008420110213344983,0,0,Internal
DVA,WAB,0.42357306248664844,60,0.0008294306812659973,0,1,External
DVA,WEC,0.4607671940195452,60,0.00024029828765497035,0,2,External
DVN,EOG,0.7774905680466392,60,4.4222893058068094e-13,6,6,Internal
DVN,FANG,0.7587480066347324,60,3.353153235961716e-12,6,6,Internal
DVN,HAL,0.5912952757921146,60,8.176822976868166e-07,6,6,Internal
DVN,MPC,0.4929241139248598,60,7.301520690185118e-05,6,6,Internal
DVN,OKE,0.41631916480617515,60,0.0010393524278793642,6,6,Internal
DVN,OXY,0.7938053543428575,60,6.421905683889143e-14,6,6,Internal
DVN,PSX,0.5199010078965075,60,2.4422754916105882e-05,6,6,Internal
DVN,VLO,0.5084690448249305,60,3.928719065683731e-05,6,6,Internal
DVN,XOM,0.560233345232668,60,3.950105091477491e-06,6,6,Internal
DXCM,EVRG,0.4041342623427552,60,0.0015015268163158393,1,2,External
DXCM,MS,0.42932979131572824,60,0.0006909686161537765,1,1,Internal
DXCM,PODD,0.4146316677041286,60,0.001094578081115217,1,1,Internal
EA,GE,-0.4475935811307882,60,0.0003787522980252941,0,6,External
EA,LDOS,0.5071646028811385,60,4.1432596159951265e-05,0,0,Internal
EBAY,ED,0.40181393115123615,60,0.0016080048052648703,2,2,Internal
EBAY,FE,0.5077610781941618,60,4.043850087579932e-05,2,2,Internal
EBAY,JKHY,0.4220307998189641,60,0.0008705520609493811,2,0,External
EBAY,SO,0.4672404383161671,60,0.00019084769378679566,2,2,Internal
EBAY,STX,-0.41203690689636113,60,0.0011846582800141767,2,6,External
EBAY,STZ,0.40751169381444735,60,0.0013578236840851056,2,2,Internal
EBAY,VRSK,0.460494703262656,60,0.00024261597663445002,2,2,Internal
EBAY,VTRS,0.45664100057582885,60,0.0002776540291460176,2,0,External
ECL,EQR,0.4392613888088144,60,0.0005003627480356361,2,2,Internal
ECL,EXC,0.41308971857062626,60,0.001147334657485092,2,2,Internal
ECL,EXR,0.4468804532997048,60,0.0003879952311075063,2,2,Internal
ECL,FRT,0.40739418099142305,60,0.0013626085339465209,2,2,Internal
ECL,GIS,0.48617712742589453,60,9.467909324661165e-05,2,2,Internal
ECL,GPC,0.5130239443666593,60,3.257447249665951e-05,2,0,External
ECL,GWW,0.4407355864250219,60,0.00047655496678499333,2,0,External
ECL,HCA,0.4581710693017231,60,0.0002632246061091485,2,0,External
ECL,HSY,0.41590781706917596,60,0.0010525779471947175,2,2,Internal
ECL,ITW,0.41258055252273773,60,0.0011652511432610484,2,0,External
ECL,JNJ,0.4241197440577548,60,0.0008152808873883315,2,2,Internal
ECL,KHC,0.46771894066926845,60,0.00018759053840370144,2,2,Internal
ECL,KIM,0.43290981666314127,60,0.0006157725776976716,2,2,Internal
ECL,KMB,0.4706057731497305,60,0.00016899498189961598,2,2,Internal
ECL,KO,0.6124824181674238,60,2.531601113868522e-07,2,2,Internal
ECL,MA,0.4038954967507263,60,0.00151218396854524,2,2,Internal
ECL,MAS,0.44312665694990355,60,0.0004401183672975489,2,0,External
ECL,MCO,0.4083256925067078,60,0.0013250915359576277,2,2,Internal
ECL,MDLZ,0.4587344852353156,60,0.0002580859857422984,2,2,Internal
ECL,MKC,0.42146166967873644,60,0.0008861854727998974,2,2,Internal
ECL,O,0.47115227197498033,60,0.00016567071726311786,2,2,Internal
ECL,PEP,0.4138272223725741,60,0.0011218227114847142,2,2,Internal
ECL,PG,0.4612904023638615,60,0.00023590467951411386,2,2,Internal
ECL,PLD,0.4365982019076752,60,0.0005461244658124853,2,0,External
ECL,PSA,0.4426877268688487,60,0.0004466112058259593,2,2,Internal
ECL,REG,0.45553361793956537,60,0.0002885432585637993,2,2,Internal
ECL,ROL,0.41798076168889053,60,0.0009874389865400634,2,2,Internal
ECL,ROP,0.5190877400827647,60,2.527714539569598e-05,2,2,Internal
ECL,SBAC,0.5039165259132732,60,4.725332911348095e-05,2,2,Internal
ECL,SHW,0.49964796928787464,60,5.60512745913153e-05,2,0,External
ECL,SO,0.44492394333955926,60,0.00041441686257266637,2,2,Internal
ECL,SPGI,0.5738019436863917,60,2.0250009295076683e-06,2,1,External
ECL,SWK,0.40360923101182244,60,0.0015250506120230464,2,0,External
ECL,TSN,0.43048374623571234,60,0.0006658697720449675,2,2,Internal
ECL,UNP,0.4480708437502402,60,0.00037267879154320835,2,0,External
ECL,VRSK,0.41658366370920596,60,0.0010309275841666101,2,2,Internal
ECL,VRSN,0.435113802561928,60,0.0005732468665137459,2,2,Internal
ECL,WEC,0.48791303581170725,60,8.86026125811678e-05,2,2,Internal
ECL,WM,0.42658851972447204,60,0.0007540574008222925,2,2,Internal
ED,EG,0.40487391264844996,60,0.0014689390484199985,2,2,Internal
ED,EQR,0.4966483693441797,60,6.311144613878512e-05,2,2,Internal
ED,ES,0.765778300791956,60,1.6032416632590504e-12,2,2,Internal
ED,ESS,0.480247178391436,60,0.00011844164045005262,2,2,Internal
ED,ETN,-0.5112367784959716,60,3.507063422241492e-05,2,6,External
ED,EVRG,0.5536477092760752,60,5.406181589552839e-06,2,2,Internal
ED,EXC,0.7093047847006133,60,3.2181245129754043e-10,2,2,Internal
ED,EXR,0.47830614262680654,60,0.00012733632878163942,2,2,Internal
ED,FAST,0.4291310769150113,60,0.0006953760611603538,2,0,External
ED,FDS,0.5149371706163712,60,3.0084974707620492e-05,2,2,Internal
ED,FE,0.5807495095951751,60,1.4215083480799922e-06,2,2,Internal
ED,FIS,0.45602933837509935,60,0.00028362144612242667,2,2,Internal
ED,FISV,0.4669070591183605,60,0.00019314747951455872,2,2,Internal
ED,FITB,0.4381247960005003,60,0.0005194494635993164,2,1,External
ED,FRT,0.5073683857128095,60,4.109045903370359e-05,2,2,Internal
ED,GD,0.41096940597521475,60,0.0012236138171678591,2,0,External
ED,GEN,0.48527094387854564,60,9.800110182267209e-05,2,0,External
ED,GIS,0.630519073365771,60,8.700088138651128e-08,2,2,Internal
ED,GPC,0.46637260629127264,60,0.00019688728190628586,2,0,External
ED,HCA,0.4453050421346309,60,0.0004091455642183722,2,0,External
ED,HIG,0.5774525286719064,60,1.6831291582247525e-06,2,2,Internal
ED,HOLX,0.48213726142203833,60,0.00011033174522648618,2,0,External
ED,HON,0.5037708211897652,60,4.753132004539245e-05,2,0,External
ED,HRL,0.5977152027107974,60,5.783047734128646e-07,2,2,Internal
ED,HSY,0.48088098595956347,60,0.0001156631073049912,2,2,Internal
ED,INVH,0.43784253244675686,60,0.0005242907217902912,2,2,Internal
ED,ITW,0.5382232805362254,60,1.098953430186624e-05,2,0,External
ED,JKHY,0.6153960984112705,60,2.1400725071218752e-07,2,0,External
ED,JNJ,0.5522517112578174,60,5.773082469622228e-06,2,2,Internal
ED,KHC,0.6367941381463084,60,5.903026982088704e-08,2,2,Internal
ED,KIM,0.492355532898549,60,7.46472643673186e-05,2,2,Internal
ED,KMB,0.6062820736410002,60,3.59952078522102e-07,2,2,Internal
ED,KO,0.49929318532512645,60,5.6846604740173645e-05,2,2,Internal
ED,KR,0.40171771161462266,60,0.0016125627607278265,2,0,External
ED,KVUE,0.5549500162572386,60,5.083597118119469e-06,2,0,External
ED,L,0.6124309797991391,60,2.539082605843362e-07,2,2,Internal
ED,LHX,0.47960408148932016,60,0.00012132337577640326,2,0,External
ED,LNT,0.7692897015149928,60,1.0983615868183453e-12,2,2,Internal
ED,LOW,0.4801914566659142,60,0.000118688823095679,2,0,External
ED,MA,0.5533372455144726,60,5.485848872381379e-06,2,2,Internal
ED,MAA,0.5534702810118499,60,5.451578034278923e-06,2,2,Internal
ED,MAS,0.4556728019855839,60,0.00028715355244797306,2,0,External
ED,MCD,0.41245407093634023,60,0.0011697405993654653,2,0,External
ED,MCK,0.5327123187267162,60,1.4041747911991613e-05,2,0,External
ED,MCO,0.41598169283273845,60,0.0010501916124367643,2,2,Internal
ED,MDLZ,0.47881212636058285,60,0.00012496048605773412,2,2,Internal
ED,MDT,0.41440936267864986,60,0.0011020468377028402,2,2,Internal
ED,MKC,0.5200389288563529,60,2.428053923854266e-05,2,2,Internal
ED,MMC,0.5009967588830347,60,5.3120341291025626e-05,2,2,Internal
ED,MO,0.6611838900796186,60,1.1984829200110134e-08,2,2,Internal
ED,MSFT,-0.4343186915200584,60,0.0005882714925348535,2,0,External
ED,NDSN,0.5012532713298691,60,5.2579189727629975e-05,2,0,External
ED,NEE,0.5899279808704787,60,8.794346894840609e-07,2,2,Internal
ED,NSC,0.4582883729503882,60,0.0002621471108042021,2,0,External
ED,NVDA,-0.42477526316608677,60,0.0007986016214930684,2,6,External
ED,O,0.6527352080166129,60,2.1162356541731547e-08,2,2,Internal
ED,OMC,0.4215672570610882,60,0.0008832661029394942,2,0,External
ED,ORLY,0.43010738783655034,60,0.0006739635180868318,2,0,External
ED,OTIS,0.5593801660326111,60,4.115559061486611e-06,2,0,External
ED,PAYC,0.4375367006669165,60,0.0005295823681141109,2,0,External
ED,PAYX,0.5788492352976711,60,1.56723580458268e-06,2,2,Internal
ED,PEP,0.6622876001375053,60,1.1112035533582001e-08,2,2,Internal
ED,PFE,0.5247710991045134,60,1.984101889361786e-05,2,0,External
ED,PG,0.5562040454219791,60,4.7899996972458496e-06,2,2,Internal
ED,PGR,0.42808504803423997,60,0.0007189987415349349,2,2,Internal
ED,PNW,0.773502675342297,60,6.915569259067034e-13,2,2,Internal
ED,POOL,0.41998513225903983,60,0.0009279321027080103,2,0,External
ED,PPL,0.6876109627331569,60,1.7905345712336897e-09,2,2,Internal
ED,PSA,0.5265273467258806,60,1.839430181108009e-05,2,2,Internal
ED,REG,0.4341408305170446,60,0.0005916808438412048,2,2,Internal
ED,RMD,0.5172643673285774,60,2.7294215291761676e-05,2,0,External
ED,ROL,0.5511370668213441,60,6.08254537443618e-06,2,2,Internal
ED,RSG,0.529485419544488,60,1.6176603293559775e-05,2,2,Internal
ED,SBAC,0.7202232687169857,60,1.2774381468997193e-10,2,2,Internal
ED,SJM,0.5490430109987278,60,6.70609118749514e-06,2,2,Internal
ED,SLB,0.4009217929923118,60,0.001650711756841729,2,6,External
ED,SNA,0.4247810954946683,60,0.0007984546150128917,2,0,External
ED,SO,0.7945388503046633,60,5.864553648834118e-14,2,2,Internal
ED,STZ,0.42819483179871665,60,0.0007164858389392264,2,2,Internal
ED,SYY,0.5499389945681371,60,6.4323485572669256e-06,2,2,Internal
ED,T,0.6452575856357005,60,3.449604758682449e-08,2,2,Internal
ED,TAP,0.4598227166630903,60,0.00024841908131668423,2,2,Internal
ED,TRV,0.426595207858037,60,0.0007538973431292545,2,2,Internal
ED,TSN,0.6033004373677774,60,4.2520198789027766e-07,2,2,Internal
ED,TXT,0.4892411068187709,60,8.419810969816712e-05,2,0,External
ED,UDR,0.5796688336441106,60,1.5027484683219637e-06,2,2,Internal
ED,UNP,0.44921990873178225,60,0.00035841785299369226,2,0,External
ED,V,0.5361699549223297,60,1.2046388267960874e-05,2,2,Internal
ED,VICI,0.5983232285631697,60,5.594221796757108e-07,2,2,Internal
ED,VRSK,0.594847969839769,60,6.756839120681182e-07,2,2,Internal
ED,VZ,0.593277441874329,60,7.353385270502216e-07,2,0,External
ED,WEC,0.8396937294915732,60,9.578247889867065e-17,2,2,Internal
ED,WM,0.5477962804104314,60,7.105066225713043e-06,2,2,Internal
ED,WRB,0.4473539031873694,60,0.0003818362043382642,2,2,Internal
ED,WTW,0.49378289353920035,60,7.061233301743816e-05,2,2,Internal
ED,WY,0.5457581396664194,60,7.80518338351459e-06,2,2,Internal
ED,XEL,0.6632820376880951,60,1.037742260938759e-08,2,2,Internal
ED,XOM,0.4367240469517358,60,0.0005438794425251197,2,6,External
ED,ZBH,0.5164006354591243,60,2.8300780923784277e-05,2,0,External
ED,ZTS,0.5155549546645805,60,2.931947879603412e-05,2,2,Internal
EFX,EXPD,0.43568848172701274,60,0.0005626049919294998,0,0,Internal
EFX,F,0.5286601857601673,60,1.6768943880721923e-05,0,0,Internal
EFX,GD,0.4729480904568636,60,0.0001551640856137909,0,0,Internal
EFX,HCA,0.4178563381564906,60,0.0009912438510873477,0,0,Internal
EFX,HII,0.5374970709605074,60,1.1353057142151631e-05,0,0,Internal
EFX,HOLX,0.6404276752246879,60,4.696633470052546e-08,0,0,Internal
EFX,HON,0.5817803862291203,60,1.3478571169926882e-06,0,0,Internal
EFX,ITW,0.41203445756845264,60,0.0011847463701690224,0,0,Internal
EFX,KVUE,0.47413624998358506,60,0.00014855193360117501,0,0,Internal
EFX,LHX,0.4747039555406624,60,0.0001454846665187739,0,0,Internal
EFX,LOW,0.4140108074771267,60,0.0011155519511062565,0,0,Internal
EFX,MAS,0.4828184098004984,60,0.00010753633477243218,0,0,Internal
EFX,MOH,0.4525817475077077,60,0.00031949893881221545,0,0,Internal
EFX,NDSN,0.43594058200493824,60,0.0005579933709100668,0,0,Internal
EFX,NOC,0.42740468475770305,60,0.000734750467822351,0,0,Internal
EFX,PHM,0.44383034264428983,60,0.00042988788304685726,0,0,Internal
EFX,PNW,0.4370586824561187,60,0.0005379503292638082,0,2,External
EFX,POOL,0.4220477595163671,60,0.0008700900379564474,0,0,Internal
EFX,PTC,0.5939679243369156,60,7.085278814236326e-07,0,0,Internal
EFX,RL,-0.6355910488962487,60,6.3630391127215e-08,0,4,External
EFX,RMD,0.4075766264158712,60,0.001355186253605517,0,0,Internal
EFX,SNA,0.591641968889911,60,8.026830572317823e-07,0,0,Internal
EFX,SO,0.46413455905385714,60,0.00021327797807011415,0,2,External
EFX,SWKS,0.6025699027640605,60,4.428021200157436e-07,0,0,Internal
EFX,TPR,-0.5024693848099384,60,5.0082108964970645e-05,0,4,External
EFX,V,0.41626293705596645,60,0.0010411513702716032,0,2,External
EFX,ZBH,0.4724549966552886,60,0.00015798646847711638,0,0,Internal
EFX,ZTS,0.4743631903458497,60,0.0001473187547701909,0,2,External
EG,FAST,0.44905929896712726,60,0.00036038084694326274,2,0,External
EG,FFIV,-0.4886796303094771,60,8.603506302158354e-05,2,7,External
EG,GD,0.4935707337320493,60,7.119909149113758e-05,2,0,External
EG,GIS,0.43905904605989227,60,0.0005037134041344413,2,2,Internal
EG,GL,0.4559577398631414,60,0.00028432755759201544,2,2,Internal
EG,HCA,0.424680569945251,60,0.0008009918295662873,2,0,External
EG,HIG,0.6006605361908832,60,4.920857651363154e-07,2,2,Internal
EG,HSY,0.4127976855876533,60,0.0011575801411409525,2,2,Internal
EG,IFF,0.41878671502506953,60,0.0009631100275571585,2,0,External
EG,INVH,0.4057339967979435,60,0.001431843798915577,2,2,Internal
EG,ITW,0.4546107554886026,60,0.0002979139176179868,2,0,External
EG,JKHY,0.44136489841789966,60,0.0004667086981582727,2,0,External
EG,KHC,0.48129248344044157,60,0.00011389131406364358,2,2,Internal
EG,KMB,0.4704333654371781,60,0.0001700563104843457,2,2,Internal
EG,L,0.559613927515338,60,4.069595301195393e-06,2,2,Internal
EG,LEN,0.4040922197539775,60,0.0015033984621933034,2,0,External
EG,LH,0.4718169698042376,60,0.00016170818914874332,2,0,External
EG,MAA,0.4245898750202681,60,0.0008032871693760744,2,2,Internal
EG,MDLZ,0.46359262525215245,60,0.0002174300186005949,2,2,Internal
EG,MET,0.45546668945395513,60,0.0002892136976549883,2,1,External
EG,MKC,0.4141102399351418,60,0.0011121687961270744,2,2,Internal
EG,MMC,0.5206999544582114,60,2.3609509789153403e-05,2,2,Internal
EG,MSCI,0.48499006855861765,60,9.905230551207507e-05,2,2,Internal
EG,NDSN,0.47498636881469936,60,0.00014398052453941322,2,0,External
EG,NVDA,-0.41041014413220506,60,0.0012444787859911023,2,6,External
EG,O,0.4619366756271531,60,0.00023057893990939535,2,2,Internal
EG,OTIS,0.4618336514214081,60,0.00023142050637628756,2,0,External
EG,PEP,0.49739525388560096,60,6.128076144237708e-05,2,2,Internal
EG,PFG,0.4888777632610392,60,8.538267610537583e-05,2,1,External
EG,PG,0.450910212407315,60,0.000338340844871004,2,2,Internal
EG,PGR,0.5004253187663027,60,5.4344391998526826e-05,2,2,Internal
EG,PKG,0.5075914434296773,60,4.071895210948806e-05,2,2,Internal
EG,PRU,0.5065558030473375,60,4.247045628871286e-05,2,1,External
EG,SJM,0.42974542090206436,60,0.0006818316253584822,2,2,Internal
EG,SO,0.406975826266023,60,0.001379766069019318,2,2,Internal
EG,STE,0.40669608228520365,60,0.001391346828988884,2,0,External
EG,STZ,0.47186185842057377,60,0.00016144374405128488,2,2,Internal
EG,SYY,0.45580819697288383,60,0.00028580753649069156,2,2,Internal
EG,TRV,0.5355296528573572,60,1.2394781468446975e-05,2,2,Internal
EG,TXT,0.41882013566776743,60,0.0009621129415007831,2,0,External
EG,UDR,0.4433473914345449,60,0.0004368856781787259,2,2,Internal
EG,VICI,0.43128455035280083,60,0.0006489400617538316,2,2,Internal
EIX,NEE,0.42864341057044114,60,0.0007063003654389161,2,2,Internal
EIX,PCG,0.7703465265160255,60,9.789139854107906e-13,2,2,Internal
EL,J,0.5835100956837248,60,1.2322431648963278e-06,1,1,Internal
EL,KDP,0.4201237856720349,60,0.0009239378138990197,1,2,External
EL,KHC,0.40793532380353853,60,0.0013406993917738656,1,2,External
EL,KMB,0.40486944845851963,60,0.0014691338154809294,1,2,External
EL,KVUE,0.40407877103547507,60,0.0015039976116885197,1,0,External
EL,MRK,0.6314579637745454,60,8.214090826586484e-08,1,1,Internal
EL,NKE,0.4295583852720272,60,0.0006859297102362283,1,0,External
EL,PEP,0.4826989600327348,60,0.000108021801732933,1,2,External
EL,PFG,0.4065573842652452,60,0.0013971208911168107,1,1,Internal
EL,PNR,0.44747886925613406,60,0.0003802254436117879,1,1,Internal
EL,PYPL,0.5573307076807951,60,4.539773423563061e-06,1,1,Internal
EL,WTW,0.4618073374362268,60,0.00023163590477488585,1,2,External
ELV,HCA,0.49636297382516326,60,6.382418069861302e-05,0,0,Internal
ELV,HUM,0.5297984364238236,60,1.595704558940439e-05,0,0,Internal
ELV,MCK,0.48457602434872427,60,0.0001006208050986329,0,0,Internal
ELV,MOH,0.7449620574722927,60,1.3285563740914374e-11,0,0,Internal
ELV,MOS,0.4114718757939763,60,0.00120513637383825,0,6,External
ELV,ORLY,0.4077962361123777,60,0.0013463001982351038,0,0,Internal
ELV,SNA,0.44925523716840515,60,0.0003579873717804098,0,0,Internal
ELV,UHS,0.4761890540548729,60,0.00013773320534228703,0,0,Internal
ELV,UNH,0.6691416745531528,60,6.8987957653619886e-09,0,0,Internal
EMR,FTV,0.40927595297736635,60,0.0012877777058426865,0,1,External
EMR,IEX,0.4447404276926961,60,0.0004169771740539552,0,0,Internal
EMR,IR,0.4463675693277931,60,0.00039476907778143586,0,0,Internal
EMR,ITW,0.501530489412886,60,5.2000074723932625e-05,0,0,Internal
EMR,J,0.4523474877528833,60,0.000322080660861531,0,1,External
EMR,LHX,0.4675187658782194,60,0.000188946887516338,0,0,Internal
EMR,LIN,0.43813274121677265,60,0.0005193137794260692,0,0,Internal
EMR,NDSN,0.41750159307609414,60,0.001002164563915721,0,0,Internal
EMR,NOC,0.4172756642411101,60,0.0010091760868003727,0,0,Internal
EMR,NSC,0.4063690245485565,60,0.0014049968208522529,0,0,Internal
EMR,SCHW,0.42317023958663824,60,0.0008399984260843865,0,1,External
EMR,TXT,0.43646850236477736,60,0.0005484470394847155,0,0,Internal
EOG,FANG,0.6290892429324272,60,9.492521567148891e-08,6,6,Internal
EOG,GWW,0.4261275892837186,60,0.0007651624652383008,6,0,External
EOG,HAL,0.6205753161907936,60,1.5808301439155914e-07,6,6,Internal
EOG,HPQ,0.400158553687873,60,0.0016880514130876746,6,0,External
EOG,MPC,0.43643363123604656,60,0.0005490730140454422,6,6,Internal
EOG,OXY,0.7371626222507189,60,2.7866680080960648e-11,6,6,Internal
EOG,PSX,0.5252254728604664,60,1.9456943838883712e-05,6,6,Internal
EOG,SLB,0.43682984810353953,60,0.0005419984714982742,6,6,Internal
EOG,VLO,0.5004843647728108,60,5.421671881611564e-05,6,6,Internal
EOG,XOM,0.6329064658917501,60,7.514170303947251e-08,6,6,Internal
EPAM,HAS,-0.4140271361694846,60,0.001114995738314236,4,0,External
EPAM,IT,0.4165569868550308,60,0.0010317745003056173,4,4,Internal
EPAM,NWS,0.48288928108375434,60,0.00010724924779959904,4,1,External
EPAM,NWSA,0.4251752072120072,60,0.0007885772903091029,4,1,External
EPAM,WMT,0.4944330762178695,60,6.884176763955235e-05,4,4,Internal
EQIX,HWM,0.4079341531079012,60,0.001340746446112176,6,6,Internal
EQIX,IRM,0.5205429007563029,60,2.3767366844180712e-05,6,6,Internal
EQIX,NI,0.44151582078607843,60,0.0004643749819089058,6,6,Internal
EQIX,ORCL,0.4169119725634845,60,0.0010205558321484968,6,6,Internal
EQIX,PEG,0.4799303371516373,60,0.0001198534725471757,6,6,Internal
EQIX,SPG,0.45211958323986634,60,0.00032461056361790926,6,2,External
EQR,ES,0.45130580773944795,60,0.000333792443400534,2,2,Internal
EQR,ESS,0.9207735404522424,60,5.668996432287296e-25,2,2,Internal
EQR,EVRG,0.5531861412511534,60,5.52501768778425e-06,2,2,Internal
EQR,EXC,0.5250927894229196,60,1.9568380821849044e-05,2,2,Internal
EQR,EXR,0.5976949323692232,60,5.789444584242486e-07,2,2,Internal
EQR,FDS,0.47452577723756983,60,0.00014644104292728773,2,2,Internal
EQR,FDX,0.4103689192840949,60,0.0012460293834276708,2,0,External
EQR,FISV,0.5595600469158796,60,4.080147022233517e-06,2,2,Internal
EQR,FRT,0.7397254387194447,60,2.190956076907246e-11,2,2,Internal
EQR,GD,0.5081507787162531,60,3.9800964058674984e-05,2,0,External
EQR,GIS,0.49547106297435883,60,6.609966392913231e-05,2,2,Internal
EQR,HD,0.43232965534832457,60,0.0006274317555636972,2,0,External
EQR,HIG,0.5561042622972175,60,4.812769619913917e-06,2,2,Internal
EQR,HST,0.4275937610394543,60,0.0007303419841148273,2,0,External
EQR,ICE,0.43058187504948187,60,0.0006637739759001422,2,2,Internal
EQR,INVH,0.694011857200262,60,1.0960491608048808e-09,2,2,Internal
EQR,ITW,0.5095435870190664,60,3.759746989784615e-05,2,0,External
EQR,JNJ,0.5273552943768853,60,1.7746754595426234e-05,2,2,Internal
EQR,KHC,0.4258516914807501,60,0.0007718800754467718,2,2,Internal
EQR,KIM,0.7043170426771339,60,4.840324977457545e-10,2,2,Internal
EQR,KMB,0.4370044610428708,60,0.0005389070347780937,2,2,Internal
EQR,KO,0.5024620122569334,60,5.00969119571935e-05,2,2,Internal
EQR,L,0.5989248092204899,60,5.413100366435668e-07,2,2,Internal
EQR,LHX,0.505277663784951,60,4.472791074242304e-05,2,0,External
EQR,LMT,0.43380619908601065,60,0.0005981438244252015,2,0,External
EQR,LNT,0.6065576413632009,60,3.54421871750667e-07,2,2,Internal
EQR,LOW,0.4027975972208868,60,0.0015620659443422744,2,0,External
EQR,MA,0.4793265280465327,60,0.0001225868567802642,2,2,Internal
EQR,MAA,0.8802315651932726,60,4.19920597935494e-20,2,2,Internal
EQR,MCO,0.5468863617801475,60,7.410078732299978e-06,2,2,Internal
EQR,MDLZ,0.5046468793694562,60,4.5882348241724044e-05,2,2,Internal
EQR,MET,0.46387912420240174,60,0.00021522588746902558,2,1,External
EQR,MKC,0.4869478371492466,60,9.19354875009652e-05,2,2,Internal
EQR,MMC,0.5814313475845292,60,1.3723848295476988e-06,2,2,Internal
EQR,MSFT,-0.4476908404521736,60,0.0003775073492480228,2,0,External
EQR,NDAQ,0.44092545215961026,60,0.0004735646322882337,2,1,External
EQR,NDSN,0.4484120533529228,60,0.0003683911144273617,2,0,External
EQR,NI,0.40949226862033633,60,0.0012794166728657276,2,6,External
EQR,NVDA,-0.5484828050974868,60,6.882714416470802e-06,2,6,External
EQR,NVR,0.41427457918701954,60,0.001106597444477988,2,0,External
EQR,O,0.6587860627572014,60,1.4109332433594845e-08,2,2,Internal
EQR,PAYX,0.4995465079027719,60,5.62776701307294e-05,2,2,Internal
EQR,PEP,0.5548924844741621,60,5.09746069608101e-06,2,2,Internal
EQR,PG,0.4269712318237686,60,0.0007449477230349564,2,2,Internal
EQR,PGR,0.4092086945905478,60,0.0012903873614522397,2,2,Internal
EQR,PLD,0.4975591114160668,60,6.088573172781133e-05,2,0,External
EQR,PNC,0.4454643981319606,60,0.00040695950437369063,2,1,External
EQR,PNW,0.5743062782878638,60,1.974186335842977e-06,2,2,Internal
EQR,PPL,0.5544282008674969,60,5.210636249646374e-06,2,2,Internal
EQR,PSA,0.6357621410972397,60,6.295620660516583e-08,2,2,Internal
EQR,REG,0.7525702488168199,60,6.2836287098166774e-12,2,2,Internal
EQR,RF,0.408459119019327,60,0.001319794364447024,2,1,External
EQR,ROL,0.5251650670833062,60,1.9507603786697877e-05,2,2,Internal
EQR,ROP,0.5016699582708312,60,5.171095018876523e-05,2,2,Internal
EQR,RSG,0.4529186015787921,60,0.00031581958115131637,2,2,Internal
EQR,RTX,0.44154398719056853,60,0.0004639406190916749,2,1,External
EQR,SBAC,0.6214179725373499,60,1.5040316679478078e-07,2,2,Internal
EQR,SHW,0.48502251066347274,60,9.893036084022753e-05,2,0,External
EQR,SJM,0.4294352787471296,60,0.0006886392070609274,2,2,Internal
EQR,SO,0.5202482404923385,60,2.4066173697131717e-05,2,2,Internal
EQR,SPG,0.6158729950946854,60,2.0816857784381996e-07,2,2,Internal
EQR,SYK,0.4066329143332313,60,0.0013939738788753327,2,2,Internal
EQR,SYY,0.4258075775342344,60,0.0007729590967335105,2,2,Internal
EQR,TSN,0.5540427587488329,60,5.306366784662882e-06,2,2,Internal
EQR,TXT,0.4757972389404829,60,0.0001397406464531464,2,0,External
EQR,UDR,0.8895073757651634,60,4.807951797652895e-21,2,2,Internal
EQR,V,0.4422909452044393,60,0.00045255530338740113,2,2,Internal
EQR,VICI,0.6250655544919822,60,1.210301386722806e-07,2,2,Internal
EQR,VRSK,0.4893915073037315,60,8.371221383545551e-05,2,2,Internal
EQR,VTR,0.549665151708924,60,6.514889435214583e-06,2,2,Internal
EQR,WEC,0.5430237673159211,60,8.845509662937824e-06,2,2,Internal
EQR,WELL,0.5753808522686835,60,1.8698652384345237e-06,2,2,Internal
EQR,WM,0.4817111445696831,60,0.00011211427028328279,2,2,Internal
EQR,WRB,0.4612377387838603,60,0.0002363435748766398,2,2,Internal
EQR,WTW,0.43535984091135305,60,0.0005686686130909757,2,2,Internal
EQR,WY,0.6490254973365118,60,2.701276645353242e-08,2,2,Internal
EQR,XEL,0.48243776487803036,60,0.00010909036735540693,2,2,Internal
EQR,XYL,0.4380239915359717,60,0.0005211737426123099,2,0,External
EQT,ETN,0.48835484769608206,60,8.71143865006026e-05,6,6,Internal
EQT,HPQ,-0.4018547218342243,60,0.0016060760210037728,6,0,External
EQT,ITW,-0.4187674284672644,60,0.0009636858548586837,6,0,External
EQT,KLAC,0.4060887405647237,60,0.0014167901580801525,6,6,Internal
EQT,KMI,0.6367289518986783,60,5.9271261982735575e-08,6,6,Internal
EQT,NRG,0.5290560902644205,60,1.6482303903912732e-05,6,6,Internal
EQT,NVDA,0.4089718610274383,60,0.0012996144654353703,6,6,Internal
EQT,OKE,0.4779687666951489,60,0.00012894341866259712,6,6,Internal
EQT,ORCL,0.43918508785494914,60,0.0005016238567947642,6,6,Internal
EQT,PEG,0.6552499806758042,60,1.7900857215984584e-08,6,6,Internal
EQT,PNC,-0.4493599175957772,60,0.00035671458929223903,6,1,External
EQT,PWR,0.5203198900608037,60,2.3993197551557248e-05,6,6,Internal
EQT,T,-0.4674393368433832,60,0.00018948756574654733,6,2,External
EQT,TPL,0.4758021744278781,60,0.0001397151938904868,6,6,Internal
EQT,TRGP,0.5434413198384461,60,8.67872020126408e-06,6,6,Internal
EQT,TT,0.4555015663315613,60,0.00028886415041246667,6,6,Internal
EQT,USB,-0.4148234260311263,60,0.0010881722270719408,6,1,External
EQT,WMB,0.5912983986235668,60,8.175460279927163e-07,6,6,Internal
ES,ETN,-0.40228466975915583,60,0.0015858716529368014,2,6,External
ES,EVRG,0.5893418067609576,60,9.072240494866317e-07,2,2,Internal
ES,EXC,0.7108678285453673,60,2.8267529972722453e-10,2,2,Internal
ES,EXR,0.4199636808985026,60,0.0009285514563074282,2,2,Internal
ES,FDS,0.4368073771941661,60,0.0005423974734338153,2,2,Internal
ES,FE,0.5753636681370333,60,1.8714921658575872e-06,2,2,Internal
ES,FRT,0.5038715854318644,60,4.7338910944559225e-05,2,2,Internal
ES,GIS,0.5597480629618014,60,4.043437258182141e-06,2,2,Internal
ES,GOOG,-0.4069813439358352,60,0.0013795385227316312,2,8,External
ES,GOOGL,-0.40048609460712864,60,0.0016719356231361887,2,8,External
ES,GPC,0.49438203522426216,60,6.897926893227355e-05,2,0,External
ES,HCA,0.40311463055783814,60,0.0015475125862708143,2,0,External
ES,HIG,0.4180123091539361,60,0.0009864763604944438,2,2,Internal
ES,HRL,0.5749662657372945,60,1.909487850843635e-06,2,2,Internal
ES,HSY,0.4459362184645761,60,0.0004005491381911553,2,2,Internal
ES,ITW,0.5248766719442854,60,1.9751158521638122e-05,2,0,External
ES,JKHY,0.428193892547753,60,0.0007165073042652784,2,0,External
ES,JNJ,0.6007630359521293,60,4.893144491962031e-07,2,2,Internal
ES,KHC,0.5893347744924359,60,9.075623740708961e-07,2,2,Internal
ES,KIM,0.4443781572270634,60,0.0004220736187695206,2,2,Internal
ES,KMB,0.6167955212621689,60,1.9729656504709589e-07,2,2,Internal
ES,KO,0.552922476569848,60,5.593988510537101e-06,2,2,Internal
ES,KVUE,0.45917640591089615,60,0.0002541196955768952,2,0,External
ES,L,0.5144507745815835,60,3.0700625761186934e-05,2,2,Internal
ES,LNT,0.6515149336561212,60,2.294000244953815e-08,2,2,Internal
ES,LOW,0.4344842043461436,60,0.0005851148352763333,2,0,External
ES,MAA,0.4430032771766876,60,0.0004419347340786789,2,2,Internal
ES,MCK,0.4644187530982835,60,0.00021112969667256415,2,0,External
ES,MCO,0.49934188493213544,60,5.673682091792992e-05,2,2,Internal
ES,MDLZ,0.45940698644847433,60,0.0002520723650886565,2,2,Internal
ES,MGM,0.41109288317576614,60,0.001219049715544017,2,2,Internal
ES,MKC,0.5341573358498583,60,1.3173209156318772e-05,2,2,Internal
ES,MMC,0.4062962884338814,60,0.001408048799825666,2,2,Internal
ES,MO,0.6199290056403651,60,1.6422174482628024e-07,2,2,Internal
ES,NEE,0.576583591834499,60,1.7592227678537465e-06,2,2,Internal
ES,NFLX,-0.40198511922632973,60,0.0015999240844739265,2,1,External
ES,NSC,0.4308496515359419,60,0.0006580852433909181,2,0,External
ES,O,0.583889373569191,60,1.2081650124738214e-06,2,2,Internal
ES,OTIS,0.4978309093581348,60,6.023564750662269e-05,2,0,External
ES,PAYX,0.47932447675580075,60,0.00012259623944942672,2,2,Internal
ES,PEP,0.5072387418188554,60,4.130781886333033e-05,2,2,Internal
ES,PFE,0.4873560803547101,60,9.051199082541626e-05,2,0,External
ES,PG,0.46712711557783526,60,0.00019162661558807305,2,2,Internal
ES,PGR,0.4082047673570927,60,0.0013299088736748884,2,2,Internal
ES,PNW,0.7117730211218897,60,2.621232577443307e-10,2,2,Internal
ES,PPL,0.6607481854395812,60,1.2346894801557913e-08,2,2,Internal
ES,PSA,0.5679388071163235,60,2.712694094333253e-06,2,2,Internal
ES,REG,0.4261480261258373,60,0.000764666972822252,2,2,Internal
ES,ROL,0.5775752295389633,60,1.6726355229515945e-06,2,2,Internal
ES,SBAC,0.6359975396950165,60,6.203962037054783e-08,2,2,Internal
ES,SJM,0.5834933382125377,60,1.2333172891306058e-06,2,2,Internal
ES,SO,0.7197054721764649,60,1.3359593666867416e-10,2,2,Internal
ES,SWK,0.447148782521305,60,0.00038449358288130325,2,0,External
ES,SYY,0.485444635035348,60,9.735618404502353e-05,2,2,Internal
ES,T,0.5317645343619862,60,1.4639962118050321e-05,2,2,Internal
ES,TAP,0.5559938661443875,60,4.838078873826978e-06,2,2,Internal
ES,TMUS,0.46234594330604195,60,0.00022726331529593322,2,2,Internal
ES,TSN,0.5638991475997999,60,3.3073181685521023e-06,2,2,Internal
ES,TXT,0.48656135995411465,60,9.330201852928768e-05,2,0,External
ES,UDR,0.5120526094084304,60,3.391000402523508e-05,2,2,Internal
ES,UNP,0.42551068464767344,60,0.0007802565748685204,2,0,External
ES,VICI,0.5902408027148606,60,8.649327443902401e-07,2,2,Internal
ES,VRSK,0.44338852364542175,60,0.0004362856804748525,2,2,Internal
ES,VTR,0.46243469014704564,60,0.00022655011516110448,2,2,Internal
ES,VZ,0.5683133279058759,60,2.6629492850928152e-06,2,0,External
ES,WEC,0.8249579527030121,60,9.495968187544104e-16,2,2,Internal
ES,WRB,0.41387295855749895,60,0.0011202575304789706,2,2,Internal
ES,WTW,0.4687920614023789,60,0.00018046989200258258,2,2,Internal
ES,XEL,0.6146221996727552,60,2.2381084346949269e-07,2,2,Internal
ESS,EVRG,0.5237364631988277,60,2.074193758765742e-05,2,2,Internal
ESS,EXC,0.46698098869380117,60,0.0001926353073616389,2,2,Internal
ESS,EXR,0.5049773807491484,60,4.527409239674167e-05,2,2,Internal
ESS,FDS,0.4585175492624271,60,0.0002600536087405942,2,2,Internal
ESS,FISV,0.5616651107412655,60,3.6863134614528282e-06,2,2,Internal
ESS,FRT,0.6924166520302475,60,1.2401174895657091e-09,2,2,Internal
ESS,GD,0.4725998139842395,60,0.0001571527218615345,2,0,External
ESS,GIS,0.43387439330927796,60,0.0005968215755615327,2,2,Internal
ESS,GOOG,-0.4294858201420855,60,0.0006875256537315565,2,8,External
ESS,GOOGL,-0.4354073827892155,60,0.0005677877885983571,2,8,External
ESS,HIG,0.46264174604400204,60,0.00022489408428854685,2,2,Internal
ESS,HST,0.40924406549327624,60,0.0012890143629612576,2,0,External
ESS,INVH,0.6859722319353866,60,2.0262145081928124e-09,2,2,Internal
ESS,JNJ,0.42026107178818534,60,0.0009199981950210333,2,2,Internal
ESS,KIM,0.6824535923023789,60,2.6352841892235387e-09,2,2,Internal
ESS,KMB,0.4018882039549781,60,0.0016044943705263751,2,2,Internal
ESS,L,0.5366417682253086,60,1.1795513874304286e-05,2,2,Internal
ESS,LHX,0.42277507395208447,60,0.0008504832231428076,2,0,External
ESS,LMT,0.4246508906758338,60,0.000801742310365903,2,0,External
ESS,LNT,0.5564072343673553,60,4.743943168033276e-06,2,2,Internal
ESS,MA,0.4022794225623054,60,0.0015861168533509433,2,2,Internal
ESS,MAA,0.8354047071245277,60,1.9112730280227287e-16,2,2,Internal
ESS,MMC,0.5393372655358996,60,1.0452859215603156e-05,2,2,Internal
ESS,NDAQ,0.43034563727225195,60,0.0006688295919154795,2,1,External
ESS,NI,0.43875763674074325,60,0.0005087422889439875,2,6,External
ESS,NVDA,-0.4039153290792232,60,0.0015112961898221013,2,6,External
ESS,O,0.5879986028543754,60,9.74034901117505e-07,2,2,Internal
ESS,PAYX,0.5142409143248701,60,3.0969834401134525e-05,2,2,Internal
ESS,PEP,0.4992021694839697,60,5.705230733704249e-05,2,2,Internal
ESS,PG,0.4258036317633752,60,0.0007730556761283485,2,2,Internal
ESS,PNW,0.5519974422030608,60,5.8423569145812505e-06,2,2,Internal
ESS,PPL,0.547447645657139,60,7.220523979828666e-06,2,2,Internal
ESS,PSA,0.5665989104905204,60,2.8978566609407086e-06,2,2,Internal
ESS,REG,0.7398752811706533,60,2.1601753597784577e-11,2,2,Internal
ESS,ROL,0.48279269178525813,60,0.00010764068823202937,2,2,Internal
ESS,ROP,0.45343397608361224,60,0.0003102649520105627,2,2,Internal
ESS,RTX,0.43860336895545443,60,0.0005113337621584964,2,1,External
ESS,SBAC,0.5557441285870032,60,4.895791642564016e-06,2,2,Internal
ESS,SO,0.4927242889145715,60,7.358500522191212e-05,2,2,Internal
ESS,SPG,0.5781911852761022,60,1.6208757225324405e-06,2,2,Internal
ESS,TSN,0.48956932569718403,60,8.314106641088783e-05,2,2,Internal
ESS,TXT,0.41922816045990813,60,0.0009500145463879405,2,0,External
ESS,UDR,0.84303263899408,60,5.515225838088825e-17,2,2,Internal
ESS,VICI,0.5386683990220323,60,1.0772094826041121e-05,2,2,Internal
ESS,VRSK,0.447991586771449,60,0.00037368121807221475,2,2,Internal
ESS,VTR,0.4580606702727549,60,0.00026424236789455443,2,2,Internal
ESS,WEC,0.5058237448059829,60,4.3750204647159326e-05,2,2,Internal
ESS,WELL,0.5447103277871647,60,8.189595235073615e-06,2,2,Internal
ESS,WM,0.4324559873788964,60,0.000624876043628417,2,2,Internal
ESS,WRB,0.46897733540739267,60,0.00017926584843950226,2,2,Internal
ESS,WTW,0.4080156774640622,60,0.0013374732392259176,2,2,Internal
ESS,WY,0.5605861334401646,60,3.883520201383802e-06,2,2,Internal
ESS,XEL,0.48507410695465186,60,9.873670269928149e-05,2,2,Internal
ETN,FDS,-0.42398152174211756,60,0.0008188377652454978,6,2,External
ETN,FITB,-0.450660382123284,60,0.0003412422916692716,6,1,External
ETN,FOX,-0.4497343429882997,60,0.0003521956815828311,6,1,External
ETN,FOXA,-0.4273446092409689,60,0.0007361562094438875,6,1,External
ETN,FRT,-0.43624911033311486,60,0.0005523961580011083,6,2,External
ETN,GLW,0.5576960333574176,60,4.461288609612576e-06,6,6,Internal
ETN,HIG,-0.4660102714329311,60,0.00019946023031568202,6,2,External
ETN,HUBB,0.7202544010120281,60,1.2739983811247595e-10,6,6,Internal
ETN,IRM,0.45921846737103766,60,0.0002537451030165288,6,6,Internal
ETN,JBL,0.6279636369457473,60,1.0163647601772418e-07,6,6,Internal
ETN,JNJ,-0.5401354579559243,60,1.008340777230255e-05,6,2,External
ETN,KLAC,0.48333011987239544,60,0.00010547923265630637,6,6,Internal
ETN,KMB,-0.41525718808462725,60,0.0010738063446703863,6,2,External
ETN,KMI,0.5433190587269935,60,8.727251568662851e-06,6,6,Internal
ETN,KO,-0.42165544043764713,60,0.0008808345857776966,6,2,External
ETN,L,-0.419265727283102,60,0.000948907571563092,6,2,External
ETN,LRCX,0.44620185679681673,60,0.0003969805783908645,6,6,Internal
ETN,MA,-0.5530603208572786,60,5.557831064256065e-06,6,2,External
ETN,MAA,-0.4417980379091999,60,0.000460039460749582,6,2,External
ETN,MCO,-0.4120132466434676,60,0.001185509468130982,6,2,External
ETN,MKC,-0.429476627796728,60,0.0006877280628353492,6,2,External
ETN,MMC,-0.4934618074653249,60,7.150208317826647e-05,6,2,External
ETN,MO,-0.4423459597347802,60,0.00045172687553300526,6,2,External
ETN,MPWR,0.517542566142114,60,2.6977130865828962e-05,6,6,Internal
ETN,MU,0.5454631944664392,60,7.91165729210141e-06,6,6,Internal
ETN,NRG,0.6370067015353791,60,5.8250827286513974e-08,6,6,Internal
ETN,NTRS,-0.43563475051079625,60,0.0005635923409063485,6,1,External
ETN,NVDA,0.6486635168661424,60,2.7658931558348787e-08,6,6,Internal
ETN,ORCL,0.6818642293732267,60,2.752910358034941e-09,6,6,Internal
ETN,PEG,0.49301305466371464,60,7.276290182516768e-05,6,6,Internal
ETN,PEP,-0.43831083111081465,60,0.0005162808779127286,6,2,External
ETN,PG,-0.45478110810410444,60,0.0002961635731980243,6,2,External
ETN,PGR,-0.42188735972780755,60,0.0008744685766178908,6,2,External
ETN,PNC,-0.4336035757242504,60,0.0006020882502960519,6,1,External
ETN,PRU,-0.4626376627828309,60,0.00022492663500816657,6,1,External
ETN,PWR,0.8015500818620932,60,2.416196229978801e-14,6,6,Internal
ETN,ROL,-0.45234092583183905,60,0.00032215325105681205,6,2,External
ETN,SBAC,-0.48224622977816123,60,0.00010988010688241944,6,2,External
ETN,SNPS,0.45959827156274186,60,0.0002503853754084143,6,6,Internal
ETN,T,-0.6996134309392114,60,7.058915329496791e-10,6,2,External
ETN,TRV,-0.4296804506040685,60,0.0006832526539018167,6,2,External
ETN,TT,0.6442752239479458,60,3.6746690733204436e-08,6,6,Internal
ETN,V,-0.4266227371503384,60,0.0007532388465078736,6,2,External
ETN,VRSK,-0.446448335013182,60,0.0003936952924333525,6,2,External
ETN,VZ,-0.4648238267578339,60,0.00020810183022668144,6,0,External
ETN,WDC,0.41684467494321353,60,0.0010226741710979846,6,6,Internal
ETN,WMB,0.4638134146667637,60,0.00021572960066196942,6,6,Internal
ETR,EVRG,0.5968271612486705,60,6.069599554527429e-07,6,2,External
ETR,IRM,0.43091931908837033,60,0.0006566124531365983,6,6,Internal
ETR,KMI,0.5008567108452964,60,5.341795623136439e-05,6,6,Internal
ETR,LNT,0.45645224823431013,60,0.00027948317973924093,6,2,External
ETR,NI,0.7118540139462718,60,2.6035519927284397e-10,6,6,Internal
ETR,NRG,0.4367127767815742,60,0.0005440801560432666,6,6,Internal
ETR,OKE,0.4035327266372249,60,0.001528505791947778,6,6,Internal
ETR,PEG,0.6781808863695579,60,3.608533083260433e-09,6,6,Internal
ETR,PPL,0.6038474214866438,60,4.124561287104527e-07,6,2,External
ETR,PWR,0.44881496117339176,60,0.00036338594306611416,6,6,Internal
ETR,TRGP,0.46219994304234946,60,0.00022844108658572705,6,6,Internal
ETR,WDC,0.41659874725368634,60,0.0010304490005796875,6,6,Internal
ETR,WELL,0.43156686689190477,60,0.0006430651538370203,6,2,External
ETR,WMB,0.4972281011117362,60,6.16861670103781e-05,6,6,Internal
EVRG,EXC,0.710301773588375,60,2.9629535943719775e-10,2,2,Internal
EVRG,FE,0.48944151196591934,60,8.355123679128424e-05,2,2,Internal
EVRG,FISV,0.5165865609369545,60,2.808125297218543e-05,2,2,Internal
EVRG,FRT,0.5109608700927484,60,3.5471383861866616e-05,2,2,Internal
EVRG,GOOG,-0.41661708707033207,60,0.0010298673687537713,2,8,External
EVRG,GOOGL,-0.41748762793468663,60,0.0010025966851854315,2,8,External
EVRG,HIG,0.4873879701174573,60,9.040165243101669e-05,2,2,Internal
EVRG,HRL,0.427774739687414,60,0.0007261447144133769,2,2,Internal
EVRG,ICE,0.49340964761071326,60,7.164759198214233e-05,2,2,Internal
EVRG,JNJ,0.4017149511913637,60,0.0016126936936022812,2,2,Internal
EVRG,KDP,0.5052411420202032,60,4.4794013451407284e-05,2,2,Internal
EVRG,KIM,0.4590241323051035,60,0.0002554800439252651,2,2,Internal
EVRG,KMB,0.43648774518327865,60,0.0005481018870941813,2,2,Internal
EVRG,KO,0.5536071331591456,60,5.416532151288975e-06,2,2,Internal
EVRG,L,0.5143803423480808,60,3.0790734016658186e-05,2,2,Internal
EVRG,LNT,0.7853147108110285,60,1.7898906041283317e-13,2,2,Internal
EVRG,MA,0.5168908009054711,60,2.7725422376056093e-05,2,2,Internal
EVRG,MAA,0.49110804533211516,60,7.834633861417819e-05,2,2,Internal
EVRG,MCO,0.4872548687487688,60,9.08630027462772e-05,2,2,Internal
EVRG,MDLZ,0.43402381109402366,60,0.0005939336969272239,2,2,Internal
EVRG,MKC,0.42651923934370234,60,0.0007557171981619035,2,2,Internal
EVRG,MSFT,-0.4788874026545537,60,0.00012461052196812978,2,0,External
EVRG,NDAQ,0.4454763973326473,60,0.0004067953288646373,2,1,External
EVRG,NEE,0.4687823170846094,60,0.0001805334219014733,2,2,Internal
EVRG,NI,0.658229622856752,60,1.4650852847811178e-08,2,6,External
EVRG,O,0.4766185652179302,60,0.00013556302578830617,2,2,Internal
EVRG,PEG,0.4116648842779585,60,0.0011981057718267966,2,6,External
EVRG,PEP,0.48469598008798187,60,0.00010016405266198718,2,2,Internal
EVRG,PG,0.46780036778889084,60,0.00018704135516093914,2,2,Internal
EVRG,PM,0.43600403657913434,60,0.0005568380190001163,2,4,External
EVRG,PNW,0.7615503530901252,60,2.506292709884196e-12,2,2,Internal
EVRG,PPL,0.8124376690151888,60,5.6720658601459935e-15,2,2,Internal
EVRG,PSA,0.42947897850395106,60,0.0006876762967552375,2,2,Internal
EVRG,REG,0.5077853486695343,60,4.039852150649716e-05,2,2,Internal
EVRG,ROL,0.4363573114867736,60,0.0005504452967478739,2,2,Internal
EVRG,RSG,0.4198044589897237,60,0.0009331602479953942,2,2,Internal
EVRG,SBAC,0.4919106687958973,60,7.594753811090362e-05,2,2,Internal
EVRG,SO,0.5806163076521507,60,1.431295028233137e-06,2,2,Internal
EVRG,SPG,0.5397103046042006,60,1.0278656344336525e-05,2,2,Internal
EVRG,TSN,0.5321846039804647,60,1.4371967142544947e-05,2,2,Internal
EVRG,UDR,0.5788706257504304,60,1.5655203770080964e-06,2,2,Internal
EVRG,V,0.428400596372331,60,0.0007117973556243463,2,2,Internal
EVRG,VICI,0.48068986715696593,60,0.00011649458299765018,2,2,Internal
EVRG,VRSK,0.4475732141388949,60,0.0003790134740889811,2,2,Internal
EVRG,VTR,0.4221133441355776,60,0.0008683054363584078,2,2,Internal
EVRG,WEC,0.6596691350538294,60,1.3288586075421259e-08,2,2,Internal
EVRG,WELL,0.5951607617918231,60,6.643581203076112e-07,2,2,Internal
EVRG,WM,0.47488072003902543,60,0.00014454153692158617,2,2,Internal
EVRG,WTW,0.4156198919161717,60,0.0010619251694907194,2,2,Internal
EVRG,WY,0.44636967043347126,60,0.00039474110973499105,2,2,Internal
EVRG,XEL,0.6899769054603783,60,1.495649315561836e-09,2,2,Internal
EW,WAB,-0.5265718038471441,60,1.8358982411247424e-05,1,1,Internal
EXC,EXR,0.4288608941317812,60,0.0007014094472392994,2,2,Internal
EXC,FDS,0.4181228262597056,60,0.0009831107541431012,2,2,Internal
EXC,FE,0.6028749295285819,60,4.353718393415996e-07,2,2,Internal
EXC,FISV,0.44046967690385774,60,0.0004807717844932167,2,2,Internal
EXC,FRT,0.5201382656519834,60,2.417858451211794e-05,2,2,Internal
EXC,GIS,0.4980454577274345,60,5.972701533086501e-05,2,2,Internal
EXC,GOOG,-0.4624998165490095,60,0.0002260280381551957,2,8,External
EXC,GOOGL,-0.46527424285030833,60,0.00020478167079920895,2,8,External
EXC,GPC,0.5249977602416387,60,1.9648556220613556e-05,2,0,External
EXC,HD,0.42357266722797954,60,0.0008294409914742731,2,0,External
EXC,HIG,0.5138609396143161,60,3.146282670798688e-05,2,2,Internal
EXC,HRL,0.5918388594770092,60,7.942800099882536e-07,2,2,Internal
EXC,ITW,0.421964704980581,60,0.0008723547565917304,2,0,External
EXC,JNJ,0.5189513757374888,60,2.5423084143179763e-05,2,2,Internal
EXC,KHC,0.4491981034777093,60,0.00035868378765710213,2,2,Internal
EXC,KIM,0.46852949797229426,60,0.00018218889233801954,2,2,Internal
EXC,KMB,0.5257553115842822,60,1.9017784324940462e-05,2,2,Internal
EXC,KO,0.5867113621188507,60,1.0423620990612676e-06,2,2,Internal
EXC,KVUE,0.40426877493977204,60,0.001495552629784216,2,0,External
EXC,L,0.498535405927356,60,5.8580291294836354e-05,2,2,Internal
EXC,LIN,0.43677372258778857,60,0.0005429955554051267,2,0,External
EXC,LMT,0.46334882633140834,60,0.0002193218646937403,2,0,External
EXC,LNT,0.7914436671846644,60,8.581153244026743e-14,2,2,Internal
EXC,LOW,0.44943709229779055,60,0.00035577888049812825,2,0,External
EXC,MA,0.4744216008209768,60,0.00014700287744732422,2,2,Internal
EXC,MAA,0.5799187162253491,60,1.4835864879439815e-06,2,2,Internal
EXC,MCK,0.402970559703011,60,0.0015541110014933102,2,0,External
EXC,MCO,0.4855294228561275,60,9.704278390866488e-05,2,2,Internal
EXC,MDLZ,0.48153554756783024,60,0.00011285648534869382,2,2,Internal
EXC,MDT,0.5076250850418391,60,4.0663191258878174e-05,2,2,Internal
EXC,MKC,0.5171118249352558,60,2.7469539669773778e-05,2,2,Internal
EXC,MMC,0.5575738486424832,60,4.487396322304524e-06,2,2,Internal
EXC,MO,0.567152123455567,60,2.8200216974718007e-06,2,2,Internal
EXC,MSFT,-0.4487994666233662,60,0.000363577276201725,2,0,External
EXC,NEE,0.5928098997538543,60,7.540293653979817e-07,2,2,Internal
EXC,NI,0.4285960253499667,60,0.0007073700794206816,2,6,External
EXC,NOC,0.42095539361613776,60,0.0009003047154038475,2,0,External
EXC,NSC,0.524347378256942,60,2.0205501697801386e-05,2,0,External
EXC,O,0.6397953299683582,60,4.888318434764296e-08,2,2,Internal
EXC,ORLY,0.4276370071249337,60,0.0007293370285904963,2,0,External
EXC,OTIS,0.4965565420709926,60,6.333996769612143e-05,2,0,External
EXC,PAYX,0.4968996970405779,60,6.248986934995891e-05,2,2,Internal
EXC,PCG,0.4113930099207424,60,0.0012080198302661914,2,2,Internal
EXC,PEP,0.5629496474699001,60,3.4637223804363417e-06,2,2,Internal
EXC,PG,0.5043334821371431,60,4.6466081998474944e-05,2,2,Internal
EXC,PLD,0.51664040369505,60,2.801797392789574e-05,2,0,External
EXC,PNW,0.7871753028342005,60,1.435514420558652e-13,2,2,Internal
EXC,PPL,0.7640059509105271,60,1.9356519254708468e-12,2,2,Internal
EXC,PSA,0.5359072075528954,60,1.2188236166548529e-05,2,2,Internal
EXC,REG,0.5234279283084577,60,2.1017843517692224e-05,2,2,Internal
EXC,RMD,0.4304932082206473,60,0.0006656674262323411,2,0,External
EXC,ROL,0.5819972353563715,60,1.332825860741816e-06,2,2,Internal
EXC,RSG,0.4773777314126863,60,0.0001318037180953209,2,2,Internal
EXC,SBAC,0.717470775193488,60,1.6190358351257385e-10,2,2,Internal
EXC,SHW,0.5144568469487566,60,3.069286843908672e-05,2,0,External
EXC,SJM,0.5100984086626799,60,3.6751532948995266e-05,2,2,Internal
EXC,SO,0.7877119110524321,60,1.3464664731064857e-13,2,2,Internal
EXC,SPG,0.42871314601218413,60,0.0007047287589844831,2,2,Internal
EXC,SYK,0.5062578394545056,60,4.2987113114286506e-05,2,2,Internal
EXC,SYY,0.46439882115085923,60,0.0002112797190985743,2,2,Internal
EXC,T,0.4556398195508751,60,0.0002874823182321417,2,2,Internal
EXC,TJX,0.435318540688706,60,0.0005694348012007408,2,4,External
EXC,TSN,0.6247187214858547,60,1.2357151536949166e-07,2,2,Internal
EXC,UDR,0.5920660001441983,60,7.84688342241595e-07,2,2,Internal
EXC,UNP,0.4757138459495273,60,0.0001401713514494861,2,0,External
EXC,V,0.44278791214920227,60,0.000445121608179094,2,2,Internal
EXC,VICI,0.6522120765104591,60,2.1907885970522367e-08,2,2,Internal
EXC,VRSK,0.5261817325417094,60,1.867103393192396e-05,2,2,Internal
EXC,VRSN,0.41553151383288606,60,0.0010648092338027542,2,2,Internal
EXC,VZ,0.41918272535967677,60,0.0009513549295471526,2,0,External
EXC,WEC,0.7868111856523957,60,1.499112125023976e-13,2,2,Internal
EXC,WELL,0.5348318393955876,60,1.2785105744700428e-05,2,2,Internal
EXC,WM,0.49977190008612077,60,5.577588094158664e-05,2,2,Internal
EXC,WTW,0.45896239880127115,60,0.0002560334356185598,2,2,Internal
EXC,WY,0.4755825819598463,60,0.0001408517641043909,2,2,Internal
EXC,XEL,0.713434713833398,60,2.2803429647575739e-10,2,2,Internal
EXC,ZTS,0.4262933407191304,60,0.0007611521630581237,2,2,Internal
EXPD,EXR,0.402459450870064,60,0.0015777235488762126,0,2,External
EXPD,GIS,0.45715526566285264,60,0.00027272566925516515,0,2,External
EXPD,HCA,0.45282319228901224,60,0.00031685777085454337,0,0,Internal
EXPD,HOLX,0.4194787448217747,60,0.0009426525819985532,0,0,Internal
EXPD,HON,0.495970699930405,60,6.481592976474121e-05,0,0,Internal
EXPD,HRL,0.4276659725072991,60,0.0007286646282081737,0,2,External
EXPD,HSY,0.42082354698896807,60,0.0009040148559332673,0,2,External
EXPD,ITW,0.6383600367634091,60,5.35112741604763e-08,0,0,Internal
EXPD,JBHT,0.4681821028064304,60,0.00018448630616423994,0,0,Internal
EXPD,JKHY,0.6111515300075103,60,2.731996713361816e-07,0,0,Internal
EXPD,KHC,0.5048867666007264,60,4.544011431806144e-05,0,2,External
EXPD,LHX,0.5018707690835804,60,5.129726433425955e-05,0,0,Internal
EXPD,MAS,0.404745337550553,60,0.00147455790061786,0,0,Internal
EXPD,MCD,0.46319984970746975,60,0.00022048529266369428,0,0,Internal
EXPD,NDSN,0.530534304102961,60,1.5451729660821962e-05,0,0,Internal
EXPD,NKE,0.4734050933860447,60,0.0001525895903019935,0,0,Internal
EXPD,NSC,0.5600620365433515,60,3.982820275119139e-06,0,0,Internal
EXPD,OTIS,0.44713426646937077,60,0.00038468227691919316,0,0,Internal
EXPD,PCAR,0.436699191121869,60,0.0005443221960046577,0,0,Internal
EXPD,POOL,0.4931291868395016,60,7.243466850153582e-05,0,0,Internal
EXPD,SBAC,0.4017064287146031,60,0.0016130979932836608,0,2,External
EXPD,SJM,0.4632210883216702,60,0.00022031908655292814,0,2,External
EXPD,SO,0.41826208774790946,60,0.000978884522280809,0,2,External
EXPD,STZ,0.46360007189972663,60,0.0002173724690062473,0,2,External
EXPD,SWK,0.5346798271642539,60,1.2871634066034474e-05,0,0,Internal
EXPD,TSCO,0.41789278487599935,60,0.0009901279468132928,0,0,Internal
EXPD,UNP,0.5949051804931702,60,6.735989565516954e-07,0,0,Internal
EXPD,VRSK,0.4186715771311426,60,0.0009665522368836921,0,2,External
EXPD,VZ,0.5615997653653783,60,3.6979859017145367e-06,0,0,Internal
EXPE,PFG,0.4072151373099548,60,0.0013699278789230157,4,1,External
EXPE,TTWO,0.6585535082589336,60,1.433331006423345e-08,4,4,Internal
EXPE,UBER,0.429359158523482,60,0.0006903194047633831,4,4,Internal
EXR,FDS,0.4017683142136532,60,0.0016101642560287454,2,2,Internal
EXR,FRT,0.5952472998408805,60,6.612562638495599e-07,2,2,Internal
EXR,GD,0.5742035814482958,60,1.9844359903686524e-06,2,0,External
EXR,GEN,0.414054245069866,60,0.0011140728646641244,2,0,External
EXR,GIS,0.5897621442882065,60,8.87214693055757e-07,2,2,Internal
EXR,GPC,0.48295291017557834,60,0.00010699209732431138,2,0,External
EXR,HAS,0.43163537455739887,60,0.0006416468110905635,2,0,External
EXR,HCA,0.5498214965355986,60,6.467644497733616e-06,2,0,External
EXR,HD,0.5230674137922896,60,2.1344537353753658e-05,2,0,External
EXR,HIG,0.45745621479629184,60,0.00026987872008208324,2,2,Internal
EXR,HRL,0.41071678772306447,60,0.001232999258178637,2,2,Internal
EXR,HST,0.42064091634462386,60,0.0009091768296099741,2,0,External
EXR,HSY,0.5725243788747817,60,2.159245509221771e-06,2,2,Internal
EXR,INVH,0.5152749291689457,60,2.9664198293435985e-05,2,2,Internal
EXR,ITW,0.5436720045734486,60,8.587832924765136e-06,2,0,External
EXR,JKHY,0.48238600909281537,60,0.00010930325196235023,2,0,External
EXR,JNJ,0.6016102767552379,60,4.6696163183706324e-07,2,2,Internal
EXR,KHC,0.5965477121855038,60,6.162490733597472e-07,2,2,Internal
EXR,KIM,0.6355306755854253,60,6.386991030664584e-08,2,2,Internal
EXR,KMB,0.485522431746491,60,9.70685899537415e-05,2,2,Internal
EXR,KO,0.406402758697358,60,0.0014035833650714884,2,2,Internal
EXR,L,0.44223667627215135,60,0.0004533738552852943,2,2,Internal
EXR,LEN,0.45502446456276546,60,0.0002936793826582941,2,0,External
EXR,LH,0.44054034548869325,60,0.00047964782398435984,2,0,External
EXR,LHX,0.47506486929755115,60,0.0001435649669181861,2,0,External
EXR,LKQ,0.45564547468789324,60,0.00028742592399941665,2,0,External
EXR,MAA,0.613802085008881,60,2.346596713477217e-07,2,2,Internal
EXR,MAS,0.492943965461141,60,7.295882281604219e-05,2,0,External
EXR,MCD,0.4963929007605809,60,6.374909603219076e-05,2,0,External
EXR,MDLZ,0.6286003382385102,60,9.778728398355153e-08,2,2,Internal
EXR,MKC,0.5627128984851815,60,3.5037809363550335e-06,2,2,Internal
EXR,MMC,0.49531631054025416,60,6.650199809065677e-05,2,2,Internal
EXR,MO,0.4292216120809617,60,0.0006933648661028804,2,2,Internal
EXR,MTD,0.4421080570248496,60,0.0004553192235722729,2,0,External
EXR,NDSN,0.5775578272588209,60,1.67412007047281e-06,2,0,External
EXR,NRG,-0.4270805041251846,60,0.0007423650364042723,2,6,External
EXR,NSC,0.4655005038047746,60,0.00020313216496802282,2,0,External
EXR,NVDA,-0.47937510097684166,60,0.00012236487503095497,2,6,External
EXR,NVR,0.48513714901343447,60,9.850055746017086e-05,2,0,External
EXR,O,0.6427636905290309,60,4.048199299643291e-08,2,2,Internal
EXR,OTIS,0.5737338399939796,60,2.0319556837930003e-06,2,0,External
EXR,PAYX,0.535077010323483,60,1.2646686651954524e-05,2,2,Internal
EXR,PEP,0.5946496711415418,60,6.829575255362044e-07,2,2,Internal
EXR,PFE,0.4422778805611153,60,0.00045275223792504897,2,0,External
EXR,PG,0.4321809962773069,60,0.0006304512633940293,2,2,Internal
EXR,PHM,0.4468953416807978,60,0.00038780018310304216,2,0,External
EXR,PLD,0.5537101741008579,60,5.390283442020449e-06,2,0,External
EXR,PNW,0.46015001846745257,60,0.00024557694509403337,2,2,Internal
EXR,POOL,0.48474511077051047,60,9.997752935253083e-05,2,0,External
EXR,PSA,0.7989070762982353,60,3.389059453206214e-14,2,2,Internal
EXR,REG,0.5708679245271928,60,2.345697986880027e-06,2,2,Internal
EXR,ROL,0.4462652989165531,60,0.0003961325904851322,2,2,Internal
EXR,ROP,0.5350787148336861,60,1.2645729204737908e-05,2,2,Internal
EXR,SBAC,0.6506174773635275,60,2.4336357305140342e-08,2,2,Internal
EXR,SHW,0.4607460276699399,60,0.00024047759279316485,2,0,External
EXR,SJM,0.5090966992330787,60,3.8291878242806336e-05,2,2,Internal
EXR,SO,0.5130893987183865,60,3.2486248683600825e-05,2,2,Internal
EXR,SPG,0.45704926937933443,60,0.00027373488799782136,2,2,Internal
EXR,STE,0.510951828086213,60,3.548458845533929e-05,2,0,External
EXR,SWK,0.43577426032175776,60,0.0005610319983385338,2,0,External
EXR,SYK,0.4306297224998814,60,0.0006627542353347491,2,2,Internal
EXR,SYY,0.4519066373801423,60,0.0003269907563073262,2,2,Internal
EXR,TSN,0.5482677115750771,60,6.951672495795549e-06,2,2,Internal
EXR,UDR,0.586215980392078,60,1.0698332734395534e-06,2,2,Internal
EXR,UHS,0.48727446876357683,60,9.079493041917332e-05,2,0,External
EXR,UNP,0.4665845003551421,60,0.00019539671557633804,2,0,External
EXR,V,0.40423631914501473,60,0.0014969921539044278,2,2,Internal
EXR,VICI,0.6769830276061957,60,3.937255517378761e-09,2,2,Internal
EXR,VRSK,0.490493775362629,60,8.022907606383754e-05,2,2,Internal
EXR,WAT,0.4091245762302637,60,0.0012936578766944327,2,0,External
EXR,WEC,0.5055268388759684,60,4.427931206529076e-05,2,2,Internal
EXR,WELL,0.4292643857528219,60,0.0006924165007715238,2,2,Internal
EXR,WM,0.4296807341087031,60,0.0006832464472813387,2,2,Internal
EXR,WY,0.5716798150125584,60,2.252507854241538e-06,2,2,Internal
EXR,ZTS,0.45811152991354864,60,0.0002637730508985992,2,2,Internal
F,GD,0.46345608560719337,60,0.000218487702508733,0,0,Internal
F,GM,0.6112629825079419,60,2.7146596272699864e-07,0,0,Internal
F,GPC,0.45032096215562184,60,0.00034522049727171955,0,0,Internal
F,HII,0.6152518642338374,60,2.158032151209925e-07,0,0,Internal
F,HOLX,0.5369214544431655,60,1.1649097507657315e-05,0,0,Internal
F,HON,0.5420154444859883,60,9.260645362378873e-06,0,0,Internal
F,ITW,0.46191709104002593,60,0.0002307387036598219,0,0,Internal
F,JNJ,0.41887402954305464,60,0.0009605070077829621,0,2,External
F,KVUE,0.4111963363117716,60,0.001215237552971073,0,0,Internal
F,LHX,0.4642466179847997,60,0.00021242852758912833,0,0,Internal
F,LMT,0.4142203950851424,60,0.0011084315868531683,0,0,Internal
F,LOW,0.4559578674343966,60,0.00028432629804787214,0,0,Internal
F,MAS,0.4395579257972705,60,0.0004954888258979848,0,0,Internal
F,MOH,0.40754538717910993,60,0.0013564545534212268,0,0,Internal
F,NDSN,0.426291926278281,60,0.0007611863045015706,0,0,Internal
F,NVDA,-0.44852512825076274,60,0.0003669801345266476,0,6,External
F,OMC,0.42717123159692405,60,0.0007402268149022924,0,0,Internal
F,PFE,0.45518240789250314,60,0.00029207727128418936,0,0,Internal
F,POOL,0.4398657660598733,60,0.0004904747305913266,0,0,Internal
F,PTC,0.5934585531165119,60,7.282156598772604e-07,0,0,Internal
F,RL,-0.502351102271009,60,5.032009026811681e-05,0,4,External
F,SLB,0.4362642044262595,60,0.0005521236366442411,0,6,External
F,SNA,0.6379967648591509,60,5.474649259289324e-08,0,0,Internal
F,SWK,0.4907153627934861,60,7.954516442948152e-05,0,0,Internal
F,SWKS,0.6271848683526213,60,1.0653853469138968e-07,0,0,Internal
F,TPR,-0.4136847643219807,60,0.0011267105188907808,0,4,External
F,TXT,0.4993673276937573,60,5.6679542886938573e-05,0,0,Internal
F,VICI,0.4155541972089721,60,0.0010640683295767045,0,2,External
F,ZBH,0.5455759411812598,60,7.870797726524361e-06,0,0,Internal
FANG,HAL,0.5731537756551105,60,2.0921031510019888e-06,6,6,Internal
FANG,MPC,0.5479237891591928,60,7.063269782820414e-06,6,6,Internal
FANG,OKE,0.5835898283822276,60,1.2271444221764343e-06,6,6,Internal
FANG,OXY,0.6700210501665335,60,6.4836607975046e-09,6,6,Internal
FANG,PSX,0.47821677049675765,60,0.00012776025458971014,6,6,Internal
FANG,TPL,0.44283982503716357,60,0.00044435152136091907,6,6,Internal
FANG,TRGP,0.48121507218504966,60,0.0001142227110132445,6,6,Internal
FANG,VLO,0.48253574635461605,60,0.0001086883868822626,6,6,Internal
FANG,XOM,0.6001963333113861,60,5.048219170552456e-07,6,6,Internal
FAST,GEN,0.4028435550725055,60,0.0015599486852536867,0,0,Internal
FAST,GIS,0.5771030864880257,60,1.7133524592114126e-06,0,2,External
FAST,GPC,0.6508388692496723,60,2.398462401774886e-08,0,0,Internal
FAST,GWW,0.6943454418714752,60,1.0679992255195182e-09,0,0,Internal
FAST,HSIC,0.4136603306677591,60,0.0011275507721012434,0,0,Internal
FAST,HSY,0.463879744990405,60,0.00021522113378887235,0,2,External
FAST,ITW,0.611779485631412,60,2.635655463535089e-07,0,0,Internal
FAST,JKHY,0.5764043368460953,60,1.775315247053654e-06,0,0,Internal
FAST,KHC,0.49980780071301034,60,5.569633741007581e-05,0,2,External
FAST,KIM,0.4204961869257213,60,0.0009132864052930243,0,2,External
FAST,KMB,0.48037745919031105,60,0.00011786555440510224,0,2,External
FAST,KO,0.43724930195870565,60,0.0005345991684860298,0,2,External
FAST,LEN,0.5336263411263134,60,1.3486401117566299e-05,0,0,Internal
FAST,LHX,0.4997454505561234,60,5.583455104383163e-05,0,0,Internal
FAST,LKQ,0.5052074330607895,60,4.4855105105869805e-05,0,0,Internal
FAST,LOW,0.4249697027619438,60,0.0007937138373988977,0,0,Internal
FAST,MAS,0.5830025181188392,60,1.265169444425378e-06,0,0,Internal
FAST,MCD,0.44730563386267364,60,0.0003824600356238517,0,0,Internal
FAST,MDLZ,0.4207376519217684,60,0.0009064393400881656,0,2,External
FAST,MHK,0.4545674843169234,60,0.0002983600205742629,0,0,Internal
FAST,MMC,0.4080816986931322,60,0.001334827743386039,0,2,External
FAST,MTD,0.42969564579863534,60,0.0006829200652361258,0,0,Internal
FAST,NDSN,0.5631844850699421,60,3.424409656545295e-06,0,0,Internal
FAST,NFLX,-0.42484710434958967,60,0.000796792534640674,0,1,External
FAST,NRG,-0.4579755311131761,60,0.0002650297108824335,0,6,External
FAST,NVDA,-0.4262698130229294,60,0.0007617202490545334,0,6,External
FAST,NVR,0.4833928017517554,60,0.00010522974783457365,0,0,Internal
FAST,O,0.4315135907080919,60,0.0006441701136638639,0,2,External
FAST,OMC,0.4299068324459495,60,0.0006783128007431803,0,0,Internal
FAST,OTIS,0.5806224077623399,60,1.430845464175177e-06,0,0,Internal
FAST,PAYX,0.44131245082272647,60,0.00046752218626530467,0,2,External
FAST,PCAR,0.696463550280695,60,9.051619339166911e-10,0,0,Internal
FAST,PEP,0.5057046332501575,60,4.3961765010022176e-05,0,2,External
FAST,PHM,0.49389876025094204,60,7.029376933833016e-05,0,0,Internal
FAST,POOL,0.6806779885114648,60,3.004904541243639e-09,0,0,Internal
FAST,PSX,0.4269726567644116,60,0.0007449139919067035,0,6,External
FAST,RMD,0.4669403449270554,60,0.00019291672689650434,0,0,Internal
FAST,SHW,0.45199053805828027,60,0.0003260510693156922,0,0,Internal
FAST,SJM,0.4693452691953025,60,0.0001768965138337511,0,2,External
FAST,SLB,0.43847074195828883,60,0.0005135712679367637,0,6,External
FAST,SNA,0.40993421732118535,60,0.0012624858934825445,0,0,Internal
FAST,SO,0.47539882248777066,60,0.00014180937488978115,0,2,External
FAST,STE,0.4949680041479381,60,6.741580758801555e-05,0,0,Internal
FAST,SWK,0.5568734342417159,60,4.6398254260078585e-06,0,0,Internal
FAST,SYY,0.5782094245533013,60,1.6193661256356033e-06,0,2,External
FAST,TAP,0.4086265222305172,60,0.0013131751819794241,0,2,External
FAST,TXT,0.5483440280164571,60,6.927132511794259e-06,0,0,Internal
FAST,UNP,0.40808137195092536,60,0.0013348408244941666,0,0,Internal
FAST,VICI,0.40967052644931296,60,0.0012725633364572288,0,2,External
FAST,VRSK,0.4658651783800905,60,0.00020049913067834884,0,2,External
FAST,VZ,0.4735029339163356,60,0.00015204352282473726,0,0,Internal
FAST,WAT,0.44941875960827166,60,0.00035600095366496176,0,0,Internal
FAST,WEC,0.4262567063004464,60,0.000762036882437146,0,2,External
FAST,XOM,0.474132004739813,60,0.0001485750918161879,0,6,External
FCX,LUV,0.42129115341900253,60,0.0008909184346238167,4,1,External
FCX,NEM,0.46028829450455144,60,0.0002443851638793748,4,4,Internal
FCX,ZTS,-0.41567048418224045,60,0.0010602773463513533,4,2,External
FDS,FIS,0.4579763218642075,60,0.0002650223884040432,2,2,Internal
FDS,FISV,0.44569635824337217,60,0.0004037964262371152,2,2,Internal
FDS,FRT,0.4618249931062334,60,0.00023149136055069917,2,2,Internal
FDS,GD,0.4125272290147211,60,0.001167141965112717,2,0,External
FDS,GIS,0.5374019271876638,60,1.1401502684977841e-05,2,2,Internal
FDS,GPN,0.40522381246223543,60,0.0014537451976261858,2,1,External
FDS,HIG,0.4624412818814219,60,0.00022649722336063713,2,2,Internal
FDS,HON,0.40145099942716034,60,0.001625257575728619,2,0,External
FDS,HRL,0.49131448856485094,60,7.772277247518652e-05,2,2,Internal
FDS,HSY,0.42909891650437665,60,0.0006960917581545446,2,2,Internal
FDS,INVH,0.5122771039538679,60,3.3596916362167226e-05,2,2,Internal
FDS,ITW,0.46787344263271213,60,0.00018654975607599382,2,0,External
FDS,JKHY,0.47605872130186644,60,0.0001383980042419416,2,0,External
FDS,JNJ,0.4529553764291299,60,0.00031542024618108155,2,2,Internal
FDS,KHC,0.5430549015775183,60,8.832971142055649e-06,2,2,Internal
FDS,KIM,0.5583821060762334,60,4.31730279931174e-06,2,2,Internal
FDS,KMB,0.5834133350625548,60,1.2384574379167177e-06,2,2,Internal
FDS,L,0.527205860239584,60,1.786204303946658e-05,2,2,Internal
FDS,LNT,0.4366667472064662,60,0.0005449006066149328,2,2,Internal
FDS,MA,0.5341416803985869,60,1.3182345661012776e-05,2,2,Internal
FDS,MAA,0.5628535043778102,60,3.479938244994877e-06,2,2,Internal
FDS,MCO,0.5000616963636487,60,5.5136769016432106e-05,2,2,Internal
FDS,MDLZ,0.40705217938429616,60,0.0013766202899654844,2,2,Internal
FDS,MKC,0.5729367490357093,60,2.115031436106686e-06,2,2,Internal
FDS,MMC,0.5909968479542147,60,8.308033082192043e-07,2,2,Internal
FDS,MNST,0.40456535184013603,60,0.0014824558189874021,2,2,Internal
FDS,MSCI,0.4293777286530954,60,0.0006899091656820375,2,2,Internal
FDS,MTD,0.46365900738106314,60,0.0002169174912415081,2,0,External
FDS,MU,-0.40259370005750195,60,0.0015714904907472304,2,6,External
FDS,NDAQ,0.4196351290825917,60,0.0009380842434999559,2,1,External
FDS,NDSN,0.4417180353088453,60,0.00046126474160262037,2,0,External
FDS,NTRS,0.4353273294436912,60,0.0005692716768080578,2,1,External
FDS,NVDA,-0.4924358000402647,60,7.44148481219946e-05,2,6,External
FDS,O,0.484318577663796,60,0.00010160754401938778,2,2,Internal
FDS,OMC,0.43615132848994553,60,0.0005541645484081711,2,0,External
FDS,ORLY,0.47932730753851654,60,0.00012258329153181548,2,0,External
FDS,OTIS,0.5665980842584711,60,2.897974393904902e-06,2,0,External
FDS,PAYX,0.5403115668785462,60,1.0003545070284891e-05,2,2,Internal
FDS,PEP,0.5610065000937571,60,3.8055474849933334e-06,2,2,Internal
FDS,PG,0.4386813852498057,60,0.0005100217096706758,2,2,Internal
FDS,PNW,0.49106234382395947,60,7.848500168419233e-05,2,2,Internal
FDS,PPL,0.49039218219004577,60,8.05444398368515e-05,2,2,Internal
FDS,REG,0.44730849151178187,60,0.00038242307765575304,2,2,Internal
FDS,ROL,0.5734478081745039,60,2.061409729918012e-06,2,2,Internal
FDS,ROP,0.4971857228598079,60,6.178934135592966e-05,2,2,Internal
FDS,SBAC,0.48356958401814115,60,0.00010452903969035947,2,2,Internal
FDS,SJM,0.4898793384058086,60,8.215387704424251e-05,2,2,Internal
FDS,SO,0.5319149943588602,60,1.4543443595273843e-05,2,2,Internal
FDS,SYY,0.5358595533039676,60,1.2214128543281207e-05,2,2,Internal
FDS,T,0.5391753638076889,60,1.0529314809309001e-05,2,2,Internal
FDS,TRV,0.4207769099158644,60,0.0009053305127038883,2,2,Internal
FDS,TSN,0.4756082325739474,60,0.00014071856553668616,2,2,Internal
FDS,TXT,0.4693416538459034,60,0.0001769196550555778,2,0,External
FDS,UDR,0.5081020999062746,60,3.9880090510512555e-05,2,2,Internal
FDS,V,0.5089048595478123,60,3.85935915354962e-05,2,2,Internal
FDS,VICI,0.481903818824868,60,0.00011130502991185245,2,2,Internal
FDS,VRSK,0.5325884428455974,60,1.4118625050787585e-05,2,2,Internal
FDS,VZ,0.46880007775427013,60,0.00018041764323499765,2,0,External
FDS,WEC,0.5625225008828484,60,3.536309804535303e-06,2,2,Internal
FDS,WM,0.43361877550052264,60,0.0006017915442106382,2,2,Internal
FDS,WRB,0.45036665116714947,60,0.0003446825470735743,2,2,Internal
FDS,WTW,0.559285029668544,60,4.13440361825121e-06,2,2,Internal
FDS,XEL,0.5556094287962665,60,4.927185577507873e-06,2,2,Internal
FDS,ZBH,0.44675047384954925,60,0.0003897018439321233,2,0,External
FDX,IDXX,-0.4224068340132272,60,0.0008603597699794902,0,2,External
FDX,ITW,0.4187710492173381,60,0.0009635777286221439,0,0,Internal
FDX,LEN,0.4150380177106515,60,0.0010810436285667627,0,0,Internal
FDX,LKQ,0.4367234061399346,60,0.0005438908531162252,0,0,Internal
FDX,MAS,0.44491211587756685,60,0.0004145814412110401,0,0,Internal
FDX,MHK,0.44750237771718715,60,0.0003799231208673018,0,0,Internal
FDX,NSC,0.41051016137051616,60,0.0012407240243409387,0,0,Internal
FDX,PFG,0.439102394282356,60,0.0005029938789841182,0,1,External
FDX,PNC,0.4400506925132554,60,0.0004874848354140282,0,1,External
FDX,PPG,0.4470188657531282,60,0.000386185368492942,0,0,Internal
FDX,PRU,0.42111352969888516,60,0.0008958729119146916,0,1,External
FDX,RF,0.48928978971049647,60,8.404054772441449e-05,0,1,External
FDX,SWK,0.44974897061352637,60,0.0003520202042166457,0,0,Internal
FDX,TXT,0.4268318662805383,60,0.000748253455208286,0,0,Internal
FDX,UPS,0.43891620007083826,60,0.0005060910787057107,0,0,Internal
FE,HRL,0.5340589566002448,60,1.3230720910900131e-05,2,2,Internal
FE,JNJ,0.4151235840594706,60,0.0010782129109423372,2,2,Internal
FE,KHC,0.44889916791768747,60,0.00036234772415589064,2,2,Internal
FE,LNT,0.5444363821022133,60,8.292962092397149e-06,2,2,Internal
FE,MTD,0.40473192445098455,60,0.0014751451744053215,2,0,External
FE,NEE,0.5222753495459843,60,2.207888222252271e-05,2,2,Internal
FE,PEP,0.4320098014148592,60,0.0006339448030318293,2,2,Internal
FE,PNW,0.6117476417807267,60,2.640463116564303e-07,2,2,Internal
FE,PPL,0.5983235315462788,60,5.594129161913255e-07,2,2,Internal
FE,SBAC,0.4631502203800705,60,0.00022087412140470286,2,2,Internal
FE,SJM,0.40965579597611895,60,0.0012731284145513562,2,2,Internal
FE,SO,0.5914768436585593,60,8.09794546655942e-07,2,2,Internal
FE,STZ,0.419552680752313,60,0.0009404902523772067,2,2,Internal
FE,TSN,0.40486026241246714,60,0.001469534664117574,2,2,Internal
FE,VICI,0.44740373557783386,60,0.0003811931430348625,2,2,Internal
FE,VTRS,0.7216791979090242,60,1.1256635549253476e-10,2,0,External
FE,WEC,0.5559366766385002,60,4.851238764307313e-06,2,2,Internal
FE,XEL,0.40573660025551656,60,0.0014317327999011317,2,2,Internal
FFIV,GD,-0.43180962841552795,60,0.0006380519124869846,7,0,External
FFIV,MSCI,-0.5169558476864365,60,2.7649888738431643e-05,7,2,External
FFIV,PKG,-0.7182219553621947,60,1.518062851514843e-10,7,2,External
FFIV,SBUX,0.6071240196175699,60,3.433050835905166e-07,7,7,Internal
FIS,GPN,0.547655035908102,60,7.151633745110524e-06,2,1,External
FIS,JKHY,0.5486001811761857,60,6.84535313869148e-06,2,0,External
FIS,L,0.48906108756899697,60,8.478310347281128e-05,2,2,Internal
FIS,MA,0.4418189002968689,60,0.0004597204287687153,2,2,Internal
FIS,MAR,0.6317072004047442,60,8.089441028574982e-08,2,4,External
FIS,V,0.4117757397933619,60,0.0011940843979739695,2,2,Internal
FIS,VRSK,0.40616950550950087,60,0.00141338278547747,2,2,Internal
FIS,WTW,0.4670763542835939,60,0.00019197646430548718,2,2,Internal
FISV,FRT,0.46826782037224696,60,0.00018391698425427517,2,2,Internal
FISV,GL,0.49435470175181934,60,6.90530075327925e-05,2,2,Internal
FISV,GOOG,-0.6651968589957067,60,9.090304187710062e-09,2,8,External
FISV,GOOGL,-0.6728274375059788,60,5.31122866377151e-09,2,8,External
FISV,GPN,0.4386681936631598,60,0.0005102433466937162,2,1,External
FISV,HIG,0.5933675619948354,60,7.317860989695068e-07,2,2,Internal
FISV,INVH,0.4666793093489439,60,0.00019473313000350055,2,2,Internal
FISV,JCI,0.5183070684539692,60,2.6123235355535683e-05,2,6,External
FISV,JPM,0.4158214652662078,60,0.0010553734707902632,2,1,External
FISV,KDP,0.4097825601131909,60,0.0012682729631188004,2,2,Internal
FISV,KO,0.4589567134462604,60,0.0002560844552629237,2,2,Internal
FISV,L,0.535960075605327,60,1.215957056874379e-05,2,2,Internal
FISV,LNT,0.5119421680491737,60,3.40650167913182e-05,2,2,Internal
FISV,MA,0.5451758003500401,60,8.016703431059032e-06,2,2,Internal
FISV,MAA,0.5623188827269736,60,3.5714089533126847e-06,2,2,Internal
FISV,MCO,0.519387195475684,60,2.4959381319621867e-05,2,2,Internal
FISV,MDLZ,0.4254694935036189,60,0.000781273933710559,2,2,Internal
FISV,MET,0.48783302960039077,60,8.887459658137203e-05,2,1,External
FISV,MKC,0.40337730006266076,60,0.0015355469644260879,2,2,Internal
FISV,MMC,0.4774516773329935,60,0.00013144270231912333,2,2,Internal
FISV,NDAQ,0.5989102891288399,60,5.417406472355166e-07,2,1,External
FISV,NI,0.4436464863404737,60,0.00043253980235703656,2,6,External
FISV,NTRS,0.4537867042697865,60,0.00030651476422823736,2,1,External
FISV,PEP,0.505599325721411,60,4.414959326929074e-05,2,2,Internal
FISV,PNC,0.4223817246666013,60,0.0008610369809497222,2,1,External
FISV,PNW,0.47103181455432896,60,0.00016639825437189632,2,2,Internal
FISV,PPL,0.485095517823399,60,9.865644283144768e-05,2,2,Internal
FISV,PSA,0.43001059892818017,60,0.0006760593411578299,2,2,Internal
FISV,REG,0.5048582743485016,60,4.549243338566901e-05,2,2,Internal
FISV,SBAC,0.45927633849765487,60,0.0002532305356849623,2,2,Internal
FISV,SPG,0.5578273086007897,60,4.4333962967199135e-06,2,2,Internal
FISV,STT,0.4257689685040595,60,0.0007739045865191008,2,1,External
FISV,T,0.4039516878440815,60,0.0015096698314827947,2,2,Internal
FISV,TFC,0.42285360704541636,60,0.0008483901753953535,2,1,External
FISV,TRV,0.46598281077828557,60,0.00019965647667933927,2,2,Internal
FISV,TSN,0.4149569525008827,60,0.0010837316077828602,2,2,Internal
FISV,UDR,0.5617039861146275,60,3.679385587164377e-06,2,2,Internal
FISV,V,0.5211967738844587,60,2.3116518088031325e-05,2,2,Internal
FISV,VRSK,0.40112376866021715,60,0.0016409551547126513,2,2,Internal
FISV,WEC,0.4919920926230238,60,7.570800091824814e-05,2,2,Internal
FISV,WELL,0.477055130747263,60,0.0001333893655248381,2,2,Internal
FISV,WM,0.42531298620611396,60,0.0007851503616961426,2,2,Internal
FISV,WTW,0.4420478783735417,60,0.0004562320270088774,2,2,Internal
FISV,WY,0.40058232199460925,60,0.001667227258870061,2,2,Internal
FISV,XEL,0.489611084025474,60,8.30074605072846e-05,2,2,Internal
FITB,GPN,0.4422440008681137,60,0.0004532632981403762,1,1,Internal
FITB,HBAN,0.804288194759437,60,1.6926113940451404e-14,1,1,Internal
FITB,HIG,0.45090016956666357,60,0.0003384570444634683,1,2,External
FITB,JPM,0.49951363532463733,60,5.635120082447601e-05,1,1,Internal
FITB,KEY,0.599792620432831,60,5.161491976078043e-07,1,1,Internal
FITB,L,0.45536563262717905,60,0.0002902286999347607,1,2,External
FITB,LNT,0.44877516633950554,60,0.0003638775308041794,1,2,External
FITB,MAS,0.4497840775757485,60,0.0003515993752145076,1,0,External
FITB,MET,0.4949950465145572,60,6.734444796977725e-05,1,1,Internal
FITB,MMM,0.44498309979764106,60,0.0004135945937774505,1,1,Internal
FITB,MTB,0.8035156725568782,60,1.872463743170855e-14,1,1,Internal
FITB,NTRS,0.5513892021175762,60,6.011221973752138e-06,1,1,Internal
FITB,NVDA,-0.4649125212255253,60,0.000207444171073577,1,6,External
FITB,NWSA,0.42652158929935924,60,0.0007556608446242242,1,1,Internal
FITB,PNC,0.7472105354412449,60,1.0677725464957204e-11,1,1,Internal
FITB,PNW,0.4272966068047794,60,0.0007372811928378715,1,2,External
FITB,PRU,0.5454103537585319,60,7.930874658303274e-06,1,1,Internal
FITB,RF,0.7793505672142874,60,3.5785731946091435e-13,1,1,Internal
FITB,STT,0.5180119783868284,60,2.644982204705502e-05,1,1,Internal
FITB,SYF,0.43026615544523167,60,0.0006705383622075538,1,1,Internal
FITB,T,0.43223136250917377,60,0.0006294267729377617,1,2,External
FITB,TAP,0.4080054130012839,60,0.001337884962728477,1,2,External
FITB,TFC,0.7637313948314128,60,1.9926897637811827e-12,1,1,Internal
FITB,TXT,0.4065143118350623,60,0.0013989183866691586,1,0,External
FITB,USB,0.6711886891561328,60,5.968863884563828e-09,1,1,Internal
FITB,V,0.41413231830565844,60,0.0011114188409316118,1,2,External
FITB,VICI,0.43455918398740073,60,0.0005836898820462416,1,2,External
FITB,WEC,0.45167159102838683,60,0.0003296364216959724,1,2,External
FITB,WFC,0.4719762625562323,60,0.0001607715628810125,1,1,Internal
FITB,XEL,0.4390241058270562,60,0.0005042940469194044,1,2,External
FOX,FOXA,0.9723379799175256,60,1.0827194788606618e-37,1,1,Internal
FOX,LYV,0.49237926663632975,60,7.457847306368807e-05,1,1,Internal
FOX,NVDA,-0.4410800118110324,60,0.00047114294686743984,1,6,External
FOX,NWS,0.4439147947131704,60,0.0004286747156830523,1,1,Internal
FOX,NWSA,0.4636497923182363,60,0.00021698857344350602,1,1,Internal
FOX,OMC,0.4165343330371338,60,0.0010324941881091852,1,0,External
FOX,PWR,-0.44381973386981055,60,0.00043004050010396667,1,6,External
FOX,SNPS,-0.42354202335675734,60,0.0008302406802881646,1,6,External
FOXA,LYV,0.4244724825273146,60,0.0008062670003334767,1,1,Internal
FOXA,NVDA,-0.4112950605252227,60,0.0012116096429787416,1,6,External
FOXA,NWS,0.40031422162532426,60,0.0016803749224268056,1,1,Internal
FOXA,NWSA,0.4044553641984702,60,0.0014873008176286644,1,1,Internal
FOXA,PWR,-0.4506135479175566,60,0.00034178872320333146,1,6,External
FOXA,SNPS,-0.42242588583915863,60,0.000859846253949771,1,6,External
FRT,GD,0.44346024137695805,60,0.0004352413203252769,2,0,External
FRT,GIS,0.4854700188624237,60,9.726226075190076e-05,2,2,Internal
FRT,HD,0.40904945165897477,60,0.0012965850059060465,2,0,External
FRT,HIG,0.5259381754632658,60,1.8868361462455615e-05,2,2,Internal
FRT,HSY,0.4362280894599009,60,0.0005527758895352822,2,2,Internal
FRT,ICE,0.49666834163276136,60,6.306184371130869e-05,2,2,Internal
FRT,INVH,0.5376336669164685,60,1.1283839071865494e-05,2,2,Internal
FRT,IR,0.48450366935018807,60,0.00010089723356341413,2,0,External
FRT,ITW,0.43785389667254554,60,0.0005240950198393274,2,0,External
FRT,JNJ,0.5153178651003711,60,2.961110076817346e-05,2,2,Internal
FRT,KHC,0.4817737908527446,60,0.00011185056257508017,2,2,Internal
FRT,KIM,0.8089715444554693,60,9.087772528621627e-15,2,2,Internal
FRT,KMB,0.5587171315664021,60,4.24857634532999e-06,2,2,Internal
FRT,KO,0.543408555166135,60,8.691701418070453e-06,2,2,Internal
FRT,L,0.5905058768346086,60,8.528199640936323e-07,2,2,Internal
FRT,LMT,0.4272073410573343,60,0.0007393773541767432,2,0,External
FRT,LNT,0.5533781617930751,60,5.475287256752248e-06,2,2,Internal
FRT,MA,0.4305989387435693,60,0.00066341014609822,2,2,Internal
FRT,MAA,0.6780259982808247,60,3.649525821209742e-09,2,2,Internal
FRT,MCO,0.5663106736290214,60,2.93920063989927e-06,2,2,Internal
FRT,MDLZ,0.5226770892439897,60,2.1703543330121348e-05,2,2,Internal
FRT,MKC,0.5740114130938903,60,2.003749070697443e-06,2,2,Internal
FRT,MMC,0.6068039160355317,60,3.4954713092461055e-07,2,2,Internal
FRT,MSI,0.4066845744212371,60,0.0013918250906480242,2,1,External
FRT,MTD,0.4330137278509834,60,0.0006137051697461554,2,0,External
FRT,MU,-0.401880532962219,60,0.0016048566146698387,2,6,External
FRT,NDAQ,0.44480323387462,60,0.0004160993225432081,2,1,External
FRT,NVDA,-0.5263300772647531,60,1.855178553042695e-05,2,6,External
FRT,O,0.6492496600944022,60,2.6619789157135813e-08,2,2,Internal
FRT,OTIS,0.4657005429688271,60,0.00020168394847190662,2,0,External
FRT,PAYX,0.46541713130445317,60,0.00020373855550283486,2,2,Internal
FRT,PEP,0.5550273717140417,60,5.065011943250069e-06,2,2,Internal
FRT,PFG,0.4422008156316248,60,0.00045391548781472107,2,1,External
FRT,PG,0.6225822765867794,60,1.403678651066293e-07,2,2,Internal
FRT,PGR,0.41947740904877373,60,0.0009426916891877822,2,2,Internal
FRT,PLD,0.48664005403644744,60,9.302226277906612e-05,2,0,External
FRT,PNC,0.40271074154890174,60,0.0015660743822665405,2,1,External
FRT,PNW,0.5042075761730906,60,4.670251783236782e-05,2,2,Internal
FRT,PPL,0.6447573456919797,60,3.562535424393302e-08,2,2,Internal
FRT,PSA,0.626210828063906,60,1.1298326211673902e-07,2,2,Internal
FRT,REG,0.8472028822779533,60,2.717747084797686e-17,2,2,Internal
FRT,ROL,0.6065808078072138,60,3.539606116145343e-07,2,2,Internal
FRT,RTX,0.4395001255972357,60,0.0004964354441338558,2,1,External
FRT,SBAC,0.5996314274065628,60,5.207381645816602e-07,2,2,Internal
FRT,SHW,0.4965729308966315,60,6.329912663744274e-05,2,0,External
FRT,SJM,0.5198341680470845,60,2.4491953110475526e-05,2,2,Internal
FRT,SO,0.5654674944128228,60,3.0633271270368123e-06,2,2,Internal
FRT,SPG,0.5738654278646529,60,2.0185379585817237e-06,2,2,Internal
FRT,SPGI,0.4080301623222141,60,0.0013368924226643756,2,1,External
FRT,SYK,0.40226740632206937,60,0.0015866784977090884,2,2,Internal
FRT,SYY,0.4808868534921586,60,0.00011563766657742901,2,2,Internal
FRT,TDG,0.4419301322023637,60,0.00045802283562483917,2,1,External
FRT,TJX,0.4616671629899964,60,0.00023278641921148786,2,4,External
FRT,TRV,0.46962954797368694,60,0.00017508554192424288,2,2,Internal
FRT,TSN,0.5269283238138754,60,1.8078006504348433e-05,2,2,Internal
FRT,TXT,0.4116433617241311,60,0.0011988879298682894,2,0,External
FRT,UDR,0.7427494552608175,60,1.6436560556501375e-11,2,2,Internal
FRT,V,0.4852476611083289,60,9.80878487529167e-05,2,2,Internal
FRT,VICI,0.6462047782241027,60,3.2449636794426066e-08,2,2,Internal
FRT,VRSK,0.4716123604431328,60,0.00016291860272473288,2,2,Internal
FRT,VTR,0.43839753363957285,60,0.000514810141566721,2,2,Internal
FRT,WEC,0.5892863626155255,60,9.098946933871931e-07,2,2,Internal
FRT,WELL,0.6138830315218113,60,2.3356728942918744e-07,2,2,Internal
FRT,WRB,0.5332080159848895,60,1.3737989767591336e-05,2,2,Internal
FRT,WTW,0.49332891503556553,60,7.187334672105173e-05,2,2,Internal
FRT,WY,0.49538999090561947,60,6.631015930352468e-05,2,2,Internal
FRT,XEL,0.48882517978636303,60,8.555537143049295e-05,2,2,Internal
FRT,XYL,0.40769454725927795,60,0.0013504083051305799,2,0,External
FRT,ZTS,0.4789242165804189,60,0.0001244396993126227,2,2,Internal
FTNT,PANW,0.5695938952049481,60,2.4992215961890897e-06,4,4,Internal
FTNT,TTWO,0.48034545130678225,60,0.00011800685069033017,4,4,Internal
FTV,IEX,0.44176874779037234,60,0.0004604877105976138,1,0,External
FTV,J,0.40626858827393814,60,0.0014092126508835805,1,1,Internal
FTV,MET,0.41774645572767044,60,0.0009946150281029047,1,1,Internal
FTV,MMM,0.45608029444249076,60,0.00028311988668552874,1,1,Internal
FTV,NVDA,-0.4447882725388446,60,0.00041630828686657075,1,6,External
FTV,PFG,0.572454963218569,60,2.1667725933267634e-06,1,1,Internal
FTV,PH,0.42182246342169816,60,0.0008762457352709938,1,1,Internal
FTV,PLD,0.48962855453599496,60,8.295162215694879e-05,1,0,External
FTV,WTW,0.4248598151767321,60,0.0007964728393735724,1,2,External
GD,GIS,0.46031059267696645,60,0.000244193474228472,0,2,External
GD,GPC,0.45387304747385687,60,0.0003056030827574494,0,0,Internal
GD,GWW,0.4251160704749466,60,0.0007900523169115411,0,0,Internal
GD,HCA,0.543759783086833,60,8.553482196363924e-06,0,0,Internal
GD,HIG,0.4126218133824405,60,0.0011637899472036718,0,2,External
GD,HII,0.5372003399670678,60,1.1504782388031873e-05,0,0,Internal
GD,HON,0.5185430471170961,60,2.5864758826087613e-05,0,0,Internal
GD,HRL,0.41909052138888775,60,0.0009540802846746033,0,2,External
GD,HST,0.41165141409307837,60,0.001198595242412699,0,0,Internal
GD,INVH,0.4642123285249131,60,0.00021268812624851074,0,2,External
GD,IQV,0.40947943987262664,60,0.001279911166039429,0,0,Internal
GD,IR,0.4864862888824841,60,9.356961491434011e-05,0,0,Internal
GD,ITW,0.6646090433216251,60,9.46842117613143e-09,0,0,Internal
GD,JKHY,0.6071481986025108,60,3.4283786821988193e-07,0,0,Internal
GD,KIM,0.5254065890472437,60,1.930577860832127e-05,0,2,External
GD,KMB,0.46133031428649307,60,0.00023557255160835876,0,2,External
GD,L,0.4226479020716609,60,0.0008538824668856876,0,2,External
GD,LDOS,0.4567361632990899,60,0.00027673597695452277,0,0,Internal
GD,LEN,0.419162906407417,60,0.0009519401432346821,0,0,Internal
GD,LHX,0.7136796322195524,60,2.2338105189122732e-10,0,0,Internal
GD,LIN,0.4464682465714356,60,0.0003934309752832018,0,0,Internal
GD,LMT,0.6871111620819655,60,1.859510325666499e-09,0,0,Internal
GD,LOW,0.45537629401527163,60,0.0002901214652623836,0,0,Internal
GD,MAA,0.5344992291434739,60,1.2975140458337984e-05,0,2,External
GD,MAS,0.4504724876633663,60,0.000343439340034525,0,0,Internal
GD,MMC,0.49532618836181735,60,6.647624994962298e-05,0,2,External
GD,MOH,0.4119718990980907,60,0.0011869982847208785,0,0,Internal
GD,MSCI,0.4204616880104997,60,0.0009142684672419293,0,2,External
GD,MTD,0.49501223007111844,60,6.729914000372169e-05,0,0,Internal
GD,NDSN,0.5454592728475494,60,7.913082036306927e-06,0,0,Internal
GD,NOC,0.6561742792585231,60,1.6826191489372156e-08,0,0,Internal
GD,NVDA,-0.42113884321726236,60,0.0008951653241395786,0,6,External
GD,NVR,0.5000636366907594,60,5.513251269451345e-05,0,0,Internal
GD,O,0.5170749472778923,60,2.7512081045546346e-05,0,2,External
GD,OMC,0.4434172463351762,60,0.0004358671450672947,0,0,Internal
GD,OTIS,0.6122151938147439,60,2.5706947256291703e-07,0,0,Internal
GD,PAYX,0.4843090729263537,60,0.00010164414321065005,0,2,External
GD,PEP,0.409185924728437,60,0.00129127191801586,0,2,External
GD,PG,0.44380805807711493,60,0.0004302085241075811,0,2,External
GD,PHM,0.4636049374442179,60,0.00021733487435321414,0,0,Internal
GD,PKG,0.45682824777726116,60,0.0002758502572783653,0,2,External
GD,PNW,0.40566425270097844,60,0.001434820229541956,0,2,External
GD,POOL,0.4930926422073051,60,7.25378101781906e-05,0,0,Internal
GD,PSA,0.5368075346767713,60,1.1708529834115569e-05,0,2,External
GD,REG,0.47036351760409767,60,0.00017048802210266852,0,2,External
GD,ROP,0.5033341126008699,60,4.837358226070074e-05,0,2,External
GD,RTX,0.5341690905779821,60,1.3166352973288272e-05,0,1,External
GD,RVTY,0.43033043943870647,60,0.0006691560233570906,0,0,Internal
GD,SBAC,0.5276439167151946,60,1.752603280037013e-05,0,2,External
GD,SHW,0.4672970603612744,60,0.00019045958896550928,0,0,Internal
GD,SJM,0.4309100381531585,60,0.0006568084821711326,0,2,External
GD,SNA,0.45747331382136136,60,0.0002697177817459258,0,0,Internal
GD,SO,0.5232775619786483,60,2.1153536474329145e-05,0,2,External
GD,STE,0.41688506550263277,60,0.0010214023157589342,0,0,Internal
GD,SWK,0.47323405468856555,60,0.00015354850829800724,0,0,Internal
GD,SYY,0.40043906677801056,60,0.0016742410021606947,0,2,External
GD,TDG,0.4151971970374889,60,0.0010757829772750833,0,1,External
GD,TECH,0.4715503249640667,60,0.0001632872231900715,0,0,Internal
GD,TMO,0.47379751872617293,60,0.00015041017656683818,0,0,Internal
GD,TSN,0.4620788802858976,60,0.0002294219138117361,0,2,External
GD,TXT,0.6298617583818511,60,9.056312978569222e-08,0,0,Internal
GD,UDR,0.4324421324078305,60,0.0006251558704571611,0,2,External
GD,UHS,0.4278176031970095,60,0.0007251538202299568,0,0,Internal
GD,UNP,0.4017199286077069,60,0.0016124576108222878,0,0,Internal
GD,VICI,0.4570026737410282,60,0.00027417961419609366,0,2,External
GD,VZ,0.41347128133250405,60,0.0011340711020047139,0,0,Internal
GD,WAT,0.5709071031526274,60,2.341119535351985e-06,0,0,Internal
GD,WEC,0.4850960979140436,60,9.865426916253646e-05,0,2,External
GD,WM,0.49040393347354444,60,8.050790348084556e-05,0,2,External
GD,XYL,0.4628287279709609,60,0.00022340811356288186,0,0,Internal
GD,ZBH,0.4062996348833074,60,0.0014079082536759802,0,0,Internal
GD,ZTS,0.44368196923177705,60,0.00043202684733252507,0,2,External
GE,HWM,0.4370535553205266,60,0.0005380407286428517,6,6,Internal
GEN,GIS,0.4195579284420896,60,0.0009403369485712706,0,2,External
GEN,HCA,0.40777564015185264,60,0.0013471313429400877,0,0,Internal
GEN,HIG,0.48386969755103504,60,0.00010334928965706674,0,2,External
GEN,JKHY,0.47930966187336954,60,0.00012266402275588106,0,0,Internal
GEN,KHC,0.40578948077135646,60,0.001429479897000141,0,2,External
GEN,MAS,0.41800257406899793,60,0.000986773322527024,0,0,Internal
GEN,MCD,0.5116109606313718,60,3.45338267536574e-05,0,0,Internal
GEN,RMD,0.44550501337528214,60,0.00040640404129844,0,0,Internal
GEN,VZ,0.4146707825937251,60,0.001093268665573417,0,0,Internal
GEN,WY,0.42617176136326135,60,0.0007640918744984134,0,2,External
GILD,KMB,0.40681239074063413,60,0.0013865213730762528,1,2,External
GILD,PG,0.40570005615575433,60,0.0014332915725354008,1,2,External
GILD,SNPS,-0.43549833371795543,60,0.0005661061541609684,1,6,External
GILD,SYY,0.4214788535270244,60,0.0008857097668914867,1,2,External
GIS,GPC,0.5772112700865529,60,1.7039418446929376e-06,2,0,External
GIS,GWW,0.42801155593554396,60,0.0007206853932252665,2,0,External
GIS,HCA,0.4795231581398787,60,0.00012169051626663228,2,0,External
GIS,HIG,0.47208909443692987,60,0.00016011113039105895,2,2,Internal
GIS,HOLX,0.44526013105713863,60,0.00040976358339279523,2,0,External
GIS,HON,0.4196305835217206,60,0.0009382167474770842,2,0,External
GIS,HPE,-0.4044771345125366,60,0.001486340701284602,2,1,External
GIS,HRL,0.7587573420449049,60,3.3499250662040898e-12,2,2,Internal
GIS,HSY,0.7259477479799565,60,7.73305213822288e-11,2,2,Internal
GIS,INVH,0.47202671261610685,60,0.0001604759586916654,2,2,Internal
GIS,ITW,0.639774544005301,60,4.894742854792737e-08,2,0,External
GIS,JKHY,0.6736754376382462,60,4.998451920677666e-09,2,0,External
GIS,JNJ,0.6033861268397773,60,4.2318112346359167e-07,2,2,Internal
GIS,KDP,0.45357785742950657,60,0.0003087301937258141,2,2,Internal
GIS,KHC,0.8523180939184787,60,1.1078656762119752e-17,2,2,Internal
GIS,KIM,0.5481657764367118,60,6.984576521102982e-06,2,2,Internal
GIS,KMB,0.721201291431838,60,1.1734854094704937e-10,2,2,Internal
GIS,KO,0.6317052189738135,60,8.090424930249592e-08,2,2,Internal
GIS,KR,0.4458145483220222,60,0.0004021933603061554,2,0,External
GIS,KVUE,0.5260050660276239,60,1.881397575776385e-05,2,0,External
GIS,L,0.4975139832693097,60,6.099429247176751e-05,2,2,Internal
GIS,LHX,0.5812996924593438,60,1.3817445073693343e-06,2,0,External
GIS,LMT,0.4584878834398256,60,0.0002603237407973956,2,0,External
GIS,LNT,0.5184948463017026,60,2.591736190882181e-05,2,2,Internal
GIS,MA,0.4244476019688359,60,0.0008068998362147542,2,2,Internal
GIS,MAA,0.5163254087219769,60,2.8390053683601893e-05,2,2,Internal
GIS,MAS,0.4108293537451695,60,0.001228809168395193,2,0,External
GIS,MCD,0.5508688338104426,60,6.159286884953328e-06,2,0,External
GIS,MCO,0.4173766589683886,60,0.0010060363518685,2,2,Internal
GIS,MDLZ,0.7782025705093789,60,4.0790416833126343e-13,2,2,Internal
GIS,MDT,0.5161044996153584,60,2.8653717808635754e-05,2,2,Internal
GIS,MKC,0.7057519641856307,60,4.3077497234234566e-10,2,2,Internal
GIS,MMC,0.5009990660813063,60,5.311545110817195e-05,2,2,Internal
GIS,MNST,0.4260800127752938,60,0.0007663170843481307,2,2,Internal
GIS,MO,0.6280585024048372,60,1.0105405898659225e-07,2,2,Internal
GIS,MOH,0.4242949176680212,60,0.0008107931861480953,2,0,External
GIS,MTD,0.4858863415648537,60,9.573364635744513e-05,2,0,External
GIS,MU,-0.42009689308390147,60,0.0009247113140501377,2,6,External
GIS,NDSN,0.48965881488465446,60,8.285498730391902e-05,2,0,External
GIS,NEE,0.5473095899089594,60,7.266724669545497e-06,2,2,Internal
GIS,NOC,0.4518362572727835,60,0.00032778091444171035,2,0,External
GIS,NRG,-0.524222776003777,60,2.0313858417194552e-05,2,6,External
GIS,NSC,0.4697112477117711,60,0.00017456822878009722,2,0,External
GIS,NVDA,-0.47889361635978595,60,0.00012458167427689283,2,6,External
GIS,O,0.6051171569664766,60,3.842375975434463e-07,2,2,Internal
GIS,OMC,0.40071244172209597,60,0.0016608794377271226,2,0,External
GIS,ORLY,0.4645836529303687,60,0.00020989226890718506,2,0,External
GIS,OTIS,0.6739557426871298,60,4.8989555796956546e-09,2,0,External
GIS,PAYX,0.5759106339238346,60,1.8203513871850946e-06,2,2,Internal
GIS,PCAR,0.4524237166687657,60,0.00032123848181859013,2,0,External
GIS,PEP,0.7972997188893421,60,4.153225196749088e-14,2,2,Internal
GIS,PFE,0.4245793977447799,60,0.0008035527144007305,2,0,External
GIS,PG,0.6173871565749977,60,1.9060754458243515e-07,2,2,Internal
GIS,PGR,0.45274573466804596,60,0.00031770290607882043,2,2,Internal
GIS,PNW,0.5906775936098415,60,8.450582393035129e-07,2,2,Internal
GIS,POOL,0.5427334806593703,60,8.96321412220273e-06,2,0,External
GIS,PPL,0.42490308876238536,60,0.0007953853158854436,2,2,Internal
GIS,PSA,0.5797911636130455,60,1.493338984650175e-06,2,2,Internal
GIS,REG,0.4240969500454368,60,0.0008158664839345253,2,2,Internal
GIS,RMD,0.42977570377762103,60,0.0006811701930540202,2,0,External
GIS,ROL,0.5631984869638139,60,3.422078885266517e-06,2,2,Internal
GIS,ROP,0.4747452247591882,60,0.0001452639708302414,2,2,Internal
GIS,RVTY,0.4291220659965789,60,0.000695576522779273,2,0,External
GIS,SBAC,0.6384455352377759,60,5.322440107245674e-08,2,2,Internal
GIS,SJM,0.839596076270093,60,9.732284728656011e-17,2,2,Internal
GIS,SO,0.7054246743320077,60,4.424087467538406e-10,2,2,Internal
GIS,STZ,0.557826638203099,60,4.433538323616779e-06,2,2,Internal
GIS,SWK,0.4541846372805332,60,0.00030233357453302,2,0,External
GIS,SYY,0.7518104291566176,60,6.779661101072095e-12,2,2,Internal
GIS,T,0.5164733010722493,60,2.8214794106667814e-05,2,2,Internal
GIS,TAP,0.505715823898607,60,4.3941848593225696e-05,2,2,Internal
GIS,TMUS,0.5540354530704146,60,5.308196983011061e-06,2,2,Internal
GIS,TROW,0.4230637471923169,60,0.0008428124071115108,2,0,External
GIS,TRV,0.4539753439860829,60,0.00030452615151115345,2,2,Internal
GIS,TSN,0.7105439031497526,60,2.903948273773583e-10,2,2,Internal
GIS,TXT,0.506560047279417,60,4.246313854398027e-05,2,0,External
GIS,UDR,0.5546141216525677,60,5.1650373802600876e-06,2,2,Internal
GIS,UNP,0.542476198412635,60,9.068751568667798e-06,2,0,External
GIS,VICI,0.5734559237865335,60,2.060568556495255e-06,2,2,Internal
GIS,VRSK,0.7209520808907331,60,1.1991825620054468e-10,2,2,Internal
GIS,VZ,0.7248309465509897,60,8.536992567545818e-11,2,0,External
GIS,WEC,0.6450041068078058,60,3.506399438543075e-08,2,2,Internal
GIS,WY,0.4397051505923554,60,0.0004930850577643298,2,2,Internal
GIS,XEL,0.549488497464793,60,6.568658000784579e-06,2,2,Internal
GIS,ZTS,0.5277751690537509,60,1.7426502743211864e-05,2,2,Internal
GL,HIG,0.6090651864396686,60,3.0763798442289334e-07,2,2,Internal
GL,HII,0.4167935417975489,60,0.001024286344799832,2,0,External
GL,INVH,0.44446984741055684,60,0.00042077839302558963,2,2,Internal
GL,KDP,0.4687001219253803,60,0.00018107012334887416,2,2,Internal
GL,L,0.571616415002342,60,2.2596586144833722e-06,2,2,Internal
GL,MA,0.4143184417554461,60,0.0011051146887690523,2,2,Internal
GL,MET,0.570194807590721,60,2.4256770898657936e-06,2,1,External
GL,MKC,0.40789916665644654,60,0.001342153357997407,2,2,Internal
GL,MMC,0.4791467464134316,60,0.00012341168945520525,2,2,Internal
GL,NDAQ,0.45300843947503255,60,0.000314844849734348,2,1,External
GL,NVDA,-0.4019151719856867,60,0.0016032214515760556,2,6,External
GL,PFG,0.5915878523540885,60,8.050072358040079e-07,2,1,External
GL,PRU,0.4504244838056853,60,0.00034400271001686143,2,1,External
GL,REG,0.44836889763822463,60,0.00036893092338570834,2,2,Internal
GL,SNA,0.4541105515035291,60,0.0003031080540811758,2,0,External
GL,STT,0.41188220686160454,60,0.00119023364688638,2,1,External
GL,TRV,0.5047645527582396,60,4.566492260633062e-05,2,2,Internal
GL,V,0.43326330000972035,60,0.0006087653564679993,2,2,Internal
GL,WELL,0.40074788562645824,60,0.0016591540802512747,2,2,Internal
GLW,JBL,0.5339000256596115,60,1.3324123299309308e-05,6,6,Internal
GLW,KHC,-0.40507406313205313,60,0.0014602304883542243,6,2,External
GLW,KO,-0.4378848253929517,60,0.000523562735560053,6,2,External
GLW,MAS,-0.4060566170969321,60,0.0014181474545995106,6,0,External
GLW,MCD,-0.4236136014459483,60,0.0008283738484506358,6,0,External
GLW,NVDA,0.5014916631150781,60,5.208082802076754e-05,6,6,Internal
GLW,ORCL,0.5499816458971014,60,6.419580684159297e-06,6,6,Internal
GLW,PGR,-0.469067396345293,60,0.00017868322642823194,6,2,External
GLW,PRU,-0.4842594825431652,60,0.00010183529370170955,6,1,External
GLW,PWR,0.5381546095052268,60,1.1023440710036504e-05,6,6,Internal
GM,LMT,0.42013306228270164,60,0.0009236711300296251,0,0,Internal
GM,LUV,0.45240957643618024,60,0.00032139455179097486,0,1,External
GM,PPG,0.4554337899878032,60,0.0002895437800159015,0,0,Internal
GM,SWK,0.4066889927563207,60,0.001391641449181013,0,0,Internal
GM,TXT,0.4525497084031999,60,0.00031985091802221694,0,0,Internal
GNRC,GPN,0.408965659979399,60,0.0012998568541522084,1,1,Internal
GNRC,LDOS,0.4275165662317372,60,0.0007321389541979427,1,0,External
GOOG,GOOGL,0.9984721732421129,60,2.1814618330171514e-73,8,8,Internal
GOOG,HIG,-0.429620809330643,60,0.0006845594839496074,8,2,External
GOOG,IEX,0.41903993205164447,60,0.0009555785868613783,8,0,External
GOOG,JCI,-0.5049377058161167,60,4.534671522332149e-05,8,6,External
GOOG,LNT,-0.4180184475066315,60,0.0009862891556878884,8,2,External
GOOG,PPL,-0.4129191056573953,60,0.0011533103712880084,8,2,External
GOOG,REG,-0.44218895955630466,60,0.0004540946890070612,8,2,External
GOOG,SBAC,-0.4879326548784667,60,8.853603377616068e-05,8,2,External
GOOG,SPG,-0.46951736208592476,60,0.00017579817558161084,8,2,External
GOOG,WEC,-0.4481254191213707,60,0.00037198995589575267,8,2,External
GOOGL,HIG,-0.43875894127460535,60,0.0005087204255764141,8,2,External
GOOGL,IEX,0.4242803479978235,60,0.000811165588332492,8,0,External
GOOGL,JCI,-0.5120095120255057,60,3.3970416724914994e-05,8,6,External
GOOGL,LNT,-0.4204073720318792,60,0.0009158165808910017,8,2,External
GOOGL,PPL,-0.4177731893007888,60,0.0009937938964758506,8,2,External
GOOGL,REG,-0.448124822847126,60,0.0003719974756465563,8,2,External
GOOGL,SBAC,-0.4919916182417524,60,7.570939446430752e-05,8,2,External
GOOGL,SPG,-0.4703483620199372,60,0.00017058182723473866,8,2,External
GOOGL,WEC,-0.4517332323685643,60,0.00032894071192564106,8,2,External
GOOGL,WELL,-0.40118808740485434,60,0.0016378590436390607,8,2,External
GPC,GWW,0.5868635690812058,60,1.0340550825519145e-06,0,0,Internal
GPC,HCA,0.47974543454792806,60,0.00012068450903268051,0,0,Internal
GPC,HD,0.5217169996776142,60,2.261052865519704e-05,0,0,Internal
GPC,HRL,0.42386163493884926,60,0.0008219341543979081,0,2,External
GPC,HSY,0.4288766764215533,60,0.0007010557191411486,0,2,External
GPC,ITW,0.5719038467443209,60,2.227408734726697e-06,0,0,Internal
GPC,JKHY,0.43701636243063247,60,0.0005386969096266262,0,0,Internal
GPC,JNJ,0.6132990068621134,60,2.4155715627528704e-07,0,2,External
GPC,KHC,0.42331097310647164,60,0.0008362926586277209,0,2,External
GPC,KIM,0.5140427408306238,60,3.1226053330041245e-05,0,2,External
GPC,KMB,0.455004310967444,60,0.00029388438756595595,0,2,External
GPC,KO,0.47158582490518103,60,0.0001630761859600788,0,2,External
GPC,KVUE,0.4234613118291797,60,0.0008323502768892475,0,0,Internal
GPC,LEN,0.5215666752114407,60,2.2755675585202694e-05,0,0,Internal
GPC,LHX,0.46908648019635546,60,0.00017855999189474167,0,0,Internal
GPC,LKQ,0.5900589718228947,60,8.733346477292171e-07,0,0,Internal
GPC,LNT,0.40822552845249327,60,0.001329080690134585,0,2,External
GPC,LOW,0.5745206506050389,60,1.952950138215216e-06,0,0,Internal
GPC,LYB,0.4187804290638302,60,0.0009632976696947655,0,0,Internal
GPC,MAA,0.40970329389725363,60,0.0012713071470300832,0,2,External
GPC,MAS,0.6566520432389827,60,1.629488564305411e-08,0,0,Internal
GPC,MCD,0.4296939054197437,60,0.0006829581507921185,0,0,Internal
GPC,MCK,0.4304375124776842,60,0.0006668592876933597,0,0,Internal
GPC,MDLZ,0.41247286039284603,60,0.0011690726865559843,0,2,External
GPC,MDT,0.4236406929946412,60,0.0008276682615138426,0,2,External
GPC,MGM,0.41739091969017555,60,0.00100559372272854,0,2,External
GPC,MHK,0.511105474735879,60,3.526082481780326e-05,0,0,Internal
GPC,MKC,0.44291577871946325,60,0.000443226988588018,0,2,External
GPC,MMC,0.5233682243791682,60,2.1071624486618987e-05,0,2,External
GPC,MTD,0.4387560978880283,60,0.0005087680804799563,0,0,Internal
GPC,NDSN,0.5969679940861392,60,6.023284677930998e-07,0,0,Internal
GPC,NSC,0.53659146170145,60,1.1822030098836766e-05,0,0,Internal
GPC,NVDA,-0.44872206884940297,60,0.00036453438925513514,0,6,External
GPC,NVR,0.5301567004940974,60,1.570914367944317e-05,0,0,Internal
GPC,O,0.48041245179684383,60,0.00011771125993077944,0,2,External
GPC,ODFL,0.47015689421654766,60,0.00017177098785212672,0,0,Internal
GPC,ORLY,0.5893667769011509,60,9.060236826423928e-07,0,0,Internal
GPC,OTIS,0.5851818787444046,60,1.129377671776439e-06,0,0,Internal
GPC,PAYX,0.5067817230543785,60,4.208254747305508e-05,0,2,External
GPC,PCAR,0.4836577667644601,60,0.0001041811156274428,0,0,Internal
GPC,PEP,0.45137574067278835,60,0.00033299419714801095,0,2,External
GPC,PFE,0.4461322378283419,60,0.00039791302703813395,0,0,Internal
GPC,PHM,0.508315285565868,60,3.95346329136916e-05,0,0,Internal
GPC,PLD,0.4402783798407753,60,0.00048382630512021395,0,0,Internal
GPC,PNW,0.4547493526036578,60,0.00029648914313469213,0,2,External
GPC,POOL,0.6700796577228904,60,6.456850566258143e-09,0,0,Internal
GPC,PSA,0.4718448696695162,60,0.0001615437805466712,0,2,External
GPC,PSX,0.47402380103182196,60,0.00014916647115006742,0,6,External
GPC,RMD,0.49440975891378575,60,6.890455168363252e-05,0,0,Internal
GPC,ROL,0.5170297503081124,60,2.756430254718535e-05,0,2,External
GPC,SBAC,0.5319274749080932,60,1.453546402834817e-05,0,2,External
GPC,SHW,0.46090778987302367,60,0.00023911036164801333,0,0,Internal
GPC,SJM,0.5044040680902516,60,4.6334013921932706e-05,0,2,External
GPC,SO,0.5792581263445383,60,1.5347468210386211e-06,0,2,External
GPC,SWK,0.6548338037295824,60,1.840561683106855e-08,0,0,Internal
GPC,SYY,0.6055050537985769,60,3.759851220750588e-07,0,2,External
GPC,T,0.43392472839143137,60,0.0005958473046179706,0,2,External
GPC,TJX,0.42808972302893217,60,0.0007188915707222663,0,4,External
GPC,TSN,0.41787071230118555,60,0.0009908036167073444,0,2,External
GPC,TXT,0.5569964287711285,60,4.612713937385285e-06,0,0,Internal
GPC,UNP,0.5245957337949865,60,1.9991122102606016e-05,0,0,Internal
GPC,VICI,0.5417119371371748,60,9.389104149387054e-06,0,2,External
GPC,VLTO,0.40434899987248124,60,0.0014919997070833514,0,0,Internal
GPC,VRSN,0.41568575238450556,60,0.0010597805034331055,0,2,External
GPC,VZ,0.47267299388569184,60,0.00015673294269161016,0,0,Internal
GPC,WEC,0.5475519205675674,60,7.185809462454915e-06,0,2,External
GPC,XEL,0.4058534817230687,60,0.001426757477057854,0,2,External
GPC,XOM,0.4145412490683686,60,0.0010976103520233445,0,6,External
GPC,XYL,0.4001175463953349,60,0.0016900788327783454,0,0,Internal
GPC,ZTS,0.4550324684651146,60,0.0002935980021256447,0,2,External
GPN,HBAN,0.45812588358610024,60,0.0002636407373144334,1,1,Internal
GPN,HIG,0.47527587647892633,60,0.00014245340084176328,1,2,External
GPN,ITW,0.4053069658240301,60,0.0014501551875831101,1,0,External
GPN,L,0.405612912680395,60,0.0014370147848380022,1,2,External
GPN,MA,0.4990341054391698,60,5.7433948524121e-05,1,2,External
GPN,MET,0.545656255753527,60,7.84181141368768e-06,1,1,Internal
GPN,MTB,0.4674508559403994,60,0.00018940906693546057,1,1,Internal
GPN,NRG,-0.4139645279145454,60,0.0011171297528579842,1,6,External
GPN,NTRS,0.46460101279977706,60,0.0002097623847560855,1,1,Internal
GPN,NVDA,-0.4625693119095628,60,0.0002254721500940308,1,6,External
GPN,PNC,0.47032569427740023,60,0.00017072221686146324,1,1,Internal
GPN,PRU,0.431644777657309,60,0.0006414523559450558,1,1,Internal
GPN,RF,0.5105470360384092,60,3.608040500714963e-05,1,1,Internal
GPN,STT,0.5309098327709347,60,1.5199615170500807e-05,1,1,Internal
GPN,T,0.4153981877657127,60,0.0010691734412424116,1,2,External
GPN,TRV,0.43683577015581,60,0.0005418933616217758,1,2,External
GPN,USB,0.43450501997132013,60,0.0005847189283193482,1,1,Internal
GPN,V,0.4347895347589792,60,0.0005793318165626079,1,2,External
GPN,VRSK,0.42110266238403093,60,0.0008961768402895494,1,2,External
GPN,WST,0.5026108691046091,60,4.9798809893192766e-05,1,6,External
GPN,ZTS,0.4236911617577114,60,0.0008263552724222147,1,2,External
GRMN,SNPS,-0.4280225526393504,60,0.0007204327903124746,5,6,External
GS,HBAN,0.5154324904966743,60,2.946977735587234e-05,1,1,Internal
GS,JPM,0.6792929347177262,60,3.3267642623922268e-09,1,1,Internal
GS,KEY,0.5311604369122777,60,1.5033498579772962e-05,1,1,Internal
GS,MS,0.7937346578765433,60,6.478221817312393e-14,1,1,Internal
GS,MTB,0.4043518535847476,60,0.0014918734641952939,1,1,Internal
GS,NTRS,0.4632080568811455,60,0.00022042105256293428,1,1,Internal
GS,RF,0.41025978507512373,60,0.0012501426525106983,1,1,Internal
GS,RJF,0.5449559666813426,60,8.097929414162016e-06,1,1,Internal
GS,STT,0.5405283078205425,60,9.906063240375743e-06,1,1,Internal
GS,SYF,0.4259660983225188,60,0.0007690880372864175,1,1,Internal
GS,TFC,0.5207926296344637,60,2.351681651050876e-05,1,1,Internal
GS,VMC,0.430898833865553,60,0.0006570452062161568,1,1,Internal
GS,WFC,0.7437334710169436,60,1.4956155397941826e-11,1,1,Internal
GWW,HCA,0.43053360849241523,60,0.0006648040867801622,0,0,Internal
GWW,HIG,0.42592926485775773,60,0.0007699859408828423,0,2,External
GWW,ITW,0.4981393570547376,60,5.950565459353993e-05,0,0,Internal
GWW,JKHY,0.4181134820055171,60,0.000983394916212571,0,0,Internal
GWW,KIM,0.4021635110871672,60,0.001591542042027966,0,2,External
GWW,KMB,0.4101138345151945,60,0.0012556625986681546,0,2,External
GWW,KVUE,0.4010437364090362,60,0.0016448149845684245,0,0,Internal
GWW,LEN,0.5609886775911245,60,3.8088234765528066e-06,0,0,Internal
GWW,LHX,0.4237763271965889,60,0.0008241438822025466,0,0,Internal
GWW,LKQ,0.5346643159928499,60,1.2880493824566209e-05,0,0,Internal
GWW,LOW,0.558831274800624,60,4.225395124261539e-06,0,0,Internal
GWW,MAS,0.6411101462151065,60,4.497716467657231e-08,0,0,Internal
GWW,MCK,0.48185755085864246,60,0.00011149886673950838,0,0,Internal
GWW,MHK,0.4742352968936665,60,0.0001480125608891637,0,0,Internal
GWW,MMC,0.46084528268461106,60,0.00023963783541937824,0,2,External
GWW,MMM,0.45886670470007157,60,0.0002568934191678179,0,1,External
GWW,MTD,0.408110291967894,60,0.0013336834586917938,0,0,Internal
GWW,NDSN,0.4890286493489974,60,8.488891182041632e-05,0,0,Internal
GWW,NSC,0.44282027145437614,60,0.00044464144119551216,0,0,Internal
GWW,NVR,0.5327598973878636,60,1.4012324071501174e-05,0,0,Internal
GWW,OTIS,0.40261492243540264,60,0.001570507178817185,0,0,Internal
GWW,OXY,0.4820735807447688,60,0.00011059646916313607,0,6,External
GWW,PAYX,0.41983104992303616,60,0.0009323891227886315,0,2,External
GWW,PCAR,0.5311939796124104,60,1.5011392558445656e-05,0,0,Internal
GWW,PEP,0.4115165103853085,60,0.0012035072083551163,0,2,External
GWW,PHM,0.5763197579906733,60,1.7829559392430718e-06,0,0,Internal
GWW,POOL,0.5864506817031303,60,1.0567345959024903e-06,0,0,Internal
GWW,PPG,0.5874064453680834,60,1.0049285492458066e-06,0,0,Internal
GWW,PSX,0.4662690154777849,60,0.00019761976741398583,0,6,External
GWW,RF,0.4551882116745239,60,0.00029201855217819304,0,1,External
GWW,RMD,0.6252012882678826,60,1.200490242104039e-07,0,0,Internal
GWW,RVTY,0.4031792221316456,60,0.0015445624657484242,0,0,Internal
GWW,SHW,0.5434936767615546,60,8.65801403410248e-06,0,0,Internal
GWW,SNA,0.40894912220957125,60,0.0013005034867861586,0,0,Internal
GWW,SO,0.4735690373538097,60,0.0001516756002480887,0,2,External
GWW,STE,0.407146209791327,60,0.0013727550455715353,0,0,Internal
GWW,SWK,0.5518650166887197,60,5.878741429106243e-06,0,0,Internal
GWW,TMO,0.4272598462172765,60,0.0007381437630487533,0,0,Internal
GWW,TXT,0.4266348845016634,60,0.0007529484489568267,0,0,Internal
GWW,UNP,0.4657141936428491,60,0.00020158546702335012,0,0,Internal
GWW,WAT,0.45971439699159616,60,0.00024936627008613575,0,0,Internal
GWW,WEC,0.4193956198618948,60,0.0009450890050059756,0,2,External
GWW,XOM,0.5542658337990021,60,5.250764815123265e-06,0,6,External
HAL,MPC,0.5401390108246824,60,1.0081790761937491e-05,6,6,Internal
HAL,NFLX,-0.48255506083323635,60,0.000108609307602491,6,1,External
HAL,OKE,0.5472877006982763,60,7.274075158623674e-06,6,6,Internal
HAL,OXY,0.5696935532543879,60,2.4868823306111312e-06,6,6,Internal
HAL,PCAR,0.4038637366258707,60,0.0015136066596366455,6,0,External
HAL,PFG,0.4048987709373064,60,0.0014678549355635335,6,1,External
HAL,PSX,0.6076965351194831,60,3.3240119558285584e-07,6,6,Internal
HAL,ROK,0.41563925938348734,60,0.001061294086262108,6,6,Internal
HAL,SLB,0.7713288466657929,60,8.79084039381326e-13,6,6,Internal
HAL,SNA,0.4391895966068456,60,0.0005015492556624888,6,0,External
HAL,VLO,0.5531430579722952,60,5.536233239293811e-06,6,6,Internal
HAL,XOM,0.7140783174252017,60,2.1599872537440189e-10,6,6,Internal
HAS,LKQ,0.6394960345611097,60,4.981594683347871e-08,0,0,Internal
HAS,PPG,0.401062114323099,60,0.0016439279282096924,0,0,Internal
HAS,PSA,0.5058392218107968,60,4.3722784203408054e-05,0,2,External
HAS,SJM,0.4270023983320413,60,0.0007442102659121769,0,2,External
HAS,SWK,0.4764144226034057,60,0.00013659055253463747,0,0,Internal
HBAN,HIG,0.41089808863332583,60,0.0012262569196873979,1,2,External
HBAN,IP,0.4271912556032826,60,0.0007397556492166434,1,1,Internal
HBAN,JPM,0.6529661043179749,60,2.0840977686062694e-08,1,1,Internal
HBAN,KEY,0.718811524450816,60,1.443035164737305e-10,1,1,Internal
HBAN,L,0.48178798206544604,60,0.0001117909042263284,1,2,External
HBAN,MET,0.5290912169316218,60,1.6457092438681352e-05,1,1,Internal
HBAN,MMM,0.4623941179672071,60,0.00022687591311220854,1,1,Internal
HBAN,MS,0.5038909672913491,60,4.730198382677013e-05,1,1,Internal
HBAN,MTB,0.8195947752203915,60,2.0765799593365746e-15,1,1,Internal
HBAN,NTRS,0.5580085874718406,60,4.395146747117331e-06,1,1,Internal
HBAN,NWSA,0.40309392438103975,60,0.0015484593772890232,1,1,Internal
HBAN,PNC,0.8183315348741522,60,2.4874679734330325e-15,1,1,Internal
HBAN,PRU,0.5692054809016547,60,2.5478612791026253e-06,1,1,Internal
HBAN,RF,0.7797779905904603,60,3.407670434283022e-13,1,1,Internal
HBAN,RJF,0.485248999746957,60,9.808285934340456e-05,1,1,Internal
HBAN,STT,0.6308875013064577,60,8.506236865956596e-08,1,1,Internal
HBAN,SYF,0.5138790498087145,60,3.1439166222360835e-05,1,1,Internal
HBAN,TFC,0.7365387128365211,60,2.953460900499484e-11,1,1,Internal
HBAN,USB,0.6406878225952193,60,4.619850634884792e-08,1,1,Internal
HBAN,WFC,0.6240463924382299,60,1.2864160687487605e-07,1,1,Internal
HCA,HIG,0.5024293689798652,60,5.01625033131683e-05,0,2,External
HCA,HII,0.41619916923198663,60,0.0010431949413145045,0,0,Internal
HCA,HOLX,0.46075297542312726,60,0.0002404187232758986,0,0,Internal
HCA,HON,0.5329198005606911,60,1.3913854665516575e-05,0,0,Internal
HCA,HPQ,0.4260129757388353,60,0.0007679466565360871,0,0,Internal
HCA,HSIC,0.43612000118630234,60,0.0005547321889292705,0,0,Internal
HCA,ITW,0.499950410755648,60,5.538139377388294e-05,0,0,Internal
HCA,JKHY,0.4692009686119016,60,0.00017782231077430395,0,0,Internal
HCA,JNJ,0.531489767273916,60,1.4817757593472567e-05,0,2,External
HCA,KHC,0.5098089147759962,60,3.719070560483325e-05,0,2,External
HCA,KMB,0.4475765388591237,60,0.00037897082836401075,0,2,External
HCA,LEN,0.524779520300348,60,1.9833837150694633e-05,0,0,Internal
HCA,LH,0.4228837257645283,60,0.0008475886916786903,0,0,Internal
HCA,LHX,0.4759163342139341,60,0.00013912765047169594,0,0,Internal
HCA,MA,0.401130617700445,60,0.0016406252133398366,0,2,External
HCA,MAS,0.49868136453317613,60,5.824261805579068e-05,0,0,Internal
HCA,MCK,0.5069735747224032,60,4.1755705451505625e-05,0,0,Internal
HCA,MHK,0.4605608050412742,60,0.00024205187634198695,0,0,Internal
HCA,MKC,0.5035926231577408,60,4.787335589945947e-05,0,2,External
HCA,MMC,0.46655946571393825,60,0.0001955722823554647,0,2,External
HCA,MOH,0.550324166102591,60,6.317897821532192e-06,0,0,Internal
HCA,MTD,0.4370588514713514,60,0.0005379473494967196,0,0,Internal
HCA,NDSN,0.5593711094570273,60,4.11734952798311e-06,0,0,Internal
HCA,NRG,-0.42486101364640716,60,0.0007964427021445174,0,6,External
HCA,NSC,0.40813616667481106,60,0.001332648728565594,0,0,Internal
HCA,NVDA,-0.5098299519727587,60,3.715862881265311e-05,0,6,External
HCA,NVR,0.4769221152922564,60,0.00013404824062138553,0,0,Internal
HCA,ORLY,0.5179851220543564,60,2.647973169460333e-05,0,0,Internal
HCA,OTIS,0.4415263101722378,60,0.00046421317871896866,0,0,Internal
HCA,PAYX,0.43682078235921273,60,0.0005421594142376188,0,2,External
HCA,PEP,0.4963602929346768,60,6.383091084587731e-05,0,2,External
HCA,PFE,0.4520247441633573,60,0.0003256686674014275,0,0,Internal
HCA,PG,0.5157767975238773,60,2.9049017986035678e-05,0,2,External
HCA,PGR,0.4029775064111803,60,0.0015537922660815403,0,2,External
HCA,PHM,0.4735423667821156,60,0.00015182394670161306,0,0,Internal
HCA,POOL,0.40748230586882417,60,0.0013590188766747664,0,0,Internal
HCA,PSA,0.5020167516365508,60,5.0998447013702924e-05,0,2,External
HCA,REGN,0.4564641735916538,60,0.00027936728978144486,0,0,Internal
HCA,RMD,0.46989319820223685,60,0.00017342116206961816,0,0,Internal
HCA,ROL,0.4082180451951869,60,0.001329379152327447,0,2,External
HCA,ROP,0.5290449161213384,60,1.649033142798645e-05,0,2,External
HCA,RVTY,0.4318086994300969,60,0.0006380710292415528,0,0,Internal
HCA,SBAC,0.5044558845687422,60,4.6237284535349944e-05,0,2,External
HCA,SHW,0.4070321979792158,60,0.0013774429093765966,0,0,Internal
HCA,SJM,0.43864127782697687,60,0.0005106958412401286,0,2,External
HCA,SNA,0.532549762759079,60,1.4142709737985913e-05,0,0,Internal
HCA,SO,0.4045922357505392,60,0.0014812737267050097,0,2,External
HCA,STE,0.4633933163643261,60,0.000218975510402031,0,0,Internal
HCA,SWK,0.5097705725445855,60,3.7249234317544977e-05,0,0,Internal
HCA,TRV,0.4440804151748789,60,0.0004263045789232317,0,2,External
HCA,TXT,0.42059676112947497,60,0.0009104288406268671,0,0,Internal
HCA,UHS,0.8244732327997462,60,1.0202860343447958e-15,0,0,Internal
HCA,UNP,0.4424244670292751,60,0.00045054707027271287,0,0,Internal
HCA,VICI,0.4216660970390897,60,0.0008805411561896759,0,2,External
HCA,VRSK,0.45818723572339426,60,0.000263075869428082,0,2,External
HCA,VZ,0.44317929277035195,60,0.00043934554129405987,0,0,Internal
HCA,WEC,0.4494970941466631,60,0.0003550529289066023,0,2,External
HCA,ZBH,0.48378859518874057,60,0.00010366689239856617,0,0,Internal
HD,JNJ,0.42985766005219644,60,0.0006793830310599879,0,2,External
HD,KIM,0.5039179271499349,60,4.725066298246314e-05,0,2,External
HD,LEN,0.46727400935385316,60,0.0001906175004309604,0,0,Internal
HD,LKQ,0.40309495353082275,60,0.0015484123071042887,0,0,Internal
HD,LOW,0.824658251936736,60,9.927288964856673e-16,0,0,Internal
HD,MA,0.42241268053922676,60,0.0008602021554065059,0,2,External
HD,MAA,0.42228516276933536,60,0.000863645785143553,0,2,External
HD,MAS,0.6178524876800197,60,1.8549695199061466e-07,0,0,Internal
HD,MHK,0.5014874715221977,60,5.208955286274558e-05,0,0,Internal
HD,MMC,0.41412672874732936,60,0.001111608663285141,0,2,External
HD,MPWR,-0.4144128468477458,60,0.0011019294275965718,0,6,External
HD,NDSN,0.4590851893722647,60,0.0002549337897261991,0,0,Internal
HD,NSC,0.5240538320214966,60,2.0461635544922417e-05,0,0,Internal
HD,NVDA,-0.5054303988366943,60,4.445244160682237e-05,0,6,External
HD,NVR,0.6216498440644597,60,1.4835233137596967e-07,0,0,Internal
HD,ORLY,0.5179740353598672,60,2.649208796668832e-05,0,0,Internal
HD,PHM,0.5031393056959027,60,4.875372076903159e-05,0,0,Internal
HD,PLD,0.5725029041815004,60,2.1615715029098705e-06,0,0,Internal
HD,POOL,0.4692961754589322,60,0.00017721099096753356,0,0,Internal
HD,PSA,0.49147492558370504,60,7.724132555671263e-05,0,2,External
HD,SBAC,0.42747517194219686,60,0.0007331041914515593,0,2,External
HD,SHW,0.6066856869355849,60,3.518794376393407e-07,0,0,Internal
HD,TGT,0.5161922779328654,60,2.8548680765289682e-05,0,0,Internal
HD,TJX,0.5558620961079523,60,4.868450620674848e-06,0,4,External
HD,TXT,0.42526925715820413,60,0.000786236558958396,0,0,Internal
HD,UDR,0.4025075669750273,60,0.0015754870230997619,0,2,External
HD,UHS,0.41609258643419317,60,0.0010466186711100178,0,0,Internal
HD,UNP,0.42513652308098815,60,0.0007895418931818687,0,0,Internal
HD,V,0.48124885052999583,60,0.00011407799751752978,0,2,External
HD,VICI,0.42798951114658323,60,0.000721192020488977,0,2,External
HD,WMT,0.4578192277656077,60,0.000266480733470866,0,4,External
HIG,HSY,0.41801570346338407,60,0.000986372838366754,2,2,Internal
HIG,ICE,0.4302312845530244,60,0.0006712892931297301,2,2,Internal
HIG,INVH,0.494026563452252,60,6.994392223601195e-05,2,2,Internal
HIG,ITW,0.4136808891918098,60,0.001126843743821739,2,0,External
HIG,JNJ,0.45273991092989946,60,0.0003177665314384768,2,2,Internal
HIG,KDP,0.49851880087422984,60,5.861882093246875e-05,2,2,Internal
HIG,KHC,0.4907921151407211,60,7.930952776151802e-05,2,2,Internal
HIG,KIM,0.4300253619010034,60,0.0006757392898595243,2,2,Internal
HIG,KMB,0.5159070024593999,60,2.889135448657495e-05,2,2,Internal
HIG,KO,0.45015818882751774,60,0.0003471432354293765,2,2,Internal
HIG,L,0.8296749349312402,60,4.666734938367208e-16,2,2,Internal
HIG,LNT,0.6070453846481508,60,3.448287001765347e-07,2,2,Internal
HIG,MA,0.6709988164589975,60,6.04985621114017e-09,2,2,Internal
HIG,MAA,0.5981358446428732,60,5.651789449028099e-07,2,2,Internal
HIG,MAS,0.40491339863722925,60,0.001467217331732463,2,0,External
HIG,MCK,0.4333531879119526,60,0.0006069950326317681,2,0,External
HIG,MCO,0.5413067582860953,60,9.563177479071236e-06,2,2,Internal
HIG,MDLZ,0.5072071706431249,60,4.136091130335432e-05,2,2,Internal
HIG,MET,0.6300094683152118,60,8.975086691770914e-08,2,1,External
HIG,MHK,0.4059857459636776,60,0.0014211460633967643,2,0,External
HIG,MKC,0.644333510798451,60,3.660937698495277e-08,2,2,Internal
HIG,MMC,0.7002729143839681,60,6.698119309651215e-10,2,2,Internal
HIG,MMM,0.4446856027468983,60,0.0004177448461083256,2,1,External
HIG,NDAQ,0.40222147058092167,60,0.0015888271973409425,2,1,External
HIG,NTRS,0.46542563356617717,60,0.0002036766405964598,2,1,External
HIG,NVDA,-0.5637698307939758,60,3.328224908240002e-06,2,6,External
HIG,NVR,0.40835874313074744,60,0.0013237776160258967,2,0,External
HIG,O,0.4130396875427197,60,0.001149084100633366,2,2,Internal
HIG,ORLY,0.4445685286404997,60,0.00041938844728556403,2,0,External
HIG,PAYX,0.5133701690369402,60,3.2110307385247724e-05,2,2,Internal
HIG,PEP,0.5771908954116737,60,1.705710483488404e-06,2,2,Internal
HIG,PFG,0.5195932153282277,60,2.474291663707701e-05,2,1,External
HIG,PG,0.5311135239789431,60,1.5064466793131289e-05,2,2,Internal
HIG,PGR,0.6411822141424686,60,4.477181301255238e-08,2,2,Internal
HIG,PHM,0.40470208863129115,60,0.0014764522462345404,2,0,External
HIG,PNC,0.5147785248351904,60,3.0284513092773916e-05,2,1,External
HIG,PNW,0.5619505695228786,60,3.6357246455558786e-06,2,2,Internal
HIG,PPG,0.41861829233525794,60,0.0009681490105896008,2,0,External
HIG,PPL,0.49252384503517205,60,7.41606767602398e-05,2,2,Internal
HIG,PRU,0.5425921663923717,60,9.021039194762896e-06,2,1,External
HIG,PSA,0.479739780218454,60,0.00012071000526285306,2,2,Internal
HIG,REG,0.5677942713488882,60,2.7321226723661966e-06,2,2,Internal
HIG,RF,0.4848150737144465,60,9.971246753286013e-05,2,1,External
HIG,RMD,0.42417903760546805,60,0.0008137593655446756,2,0,External
HIG,ROL,0.5007543734874448,60,5.363640377523963e-05,2,2,Internal
HIG,RSG,0.4560875806926374,60,0.0002830482344104254,2,2,Internal
HIG,SBAC,0.5909785626458905,60,8.31613639707346e-07,2,2,Internal
HIG,SHW,0.49144377457321237,60,7.733458977495164e-05,2,0,External
HIG,SJM,0.45995574386324195,60,0.0002472603334853225,2,2,Internal
HIG,SNA,0.4388467971844035,60,0.0005072499624125335,2,0,External
HIG,SO,0.5218235047061924,60,2.2508211294753106e-05,2,2,Internal
HIG,STT,0.5097901165748793,60,3.7219390090964505e-05,2,1,External
HIG,STZ,0.4410463969815597,60,0.0004716686750877025,2,2,Internal
HIG,SYY,0.4387999738861157,60,0.0005080331733907434,2,2,Internal
HIG,T,0.4749379867130662,60,0.00014423719334437927,2,2,Internal
HIG,TDG,0.4227557725284458,60,0.0008509983536053672,2,1,External
HIG,TFC,0.40782376331773507,60,0.0013451900637620764,2,1,External
HIG,TRV,0.8186145776019363,60,2.3891416949037583e-15,2,2,Internal
HIG,TSN,0.5328576036902392,60,1.3952079339235261e-05,2,2,Internal
HIG,TXT,0.45856877325214135,60,0.0002595877735758252,2,0,External
HIG,UDR,0.6433834339114954,60,3.890913020001358e-08,2,2,Internal
HIG,UHS,0.48809909027022635,60,8.797306966503567e-05,2,0,External
HIG,V,0.5488142913396924,60,6.77768672261529e-06,2,2,Internal
HIG,VICI,0.5491848217443831,60,6.662054698350897e-06,2,2,Internal
HIG,VRSK,0.5695342045802433,60,2.506639607177378e-06,2,2,Internal
HIG,VTR,0.4259049351594477,60,0.0007705795546178944,2,2,Internal
HIG,WEC,0.5832958971236988,60,1.2460390725284144e-06,2,2,Internal
HIG,WELL,0.4735914836628024,60,0.0001515508528013663,2,2,Internal
HIG,WM,0.44577902537856945,60,0.0004026745649973197,2,2,Internal
HIG,WRB,0.5844019627115693,60,1.1763228798709578e-06,2,2,Internal
HIG,WTW,0.4742873484049987,60,0.00014772982744430278,2,2,Internal
HIG,WY,0.5527336949100902,60,5.643862702695901e-06,2,2,Internal
HIG,XEL,0.551163411825438,60,6.075056271705249e-06,2,2,Internal
HIG,ZTS,0.40025571416696826,60,0.001683256441474313,2,2,Internal
HII,HOLX,0.551444586189091,60,5.995659734573739e-06,0,0,Internal
HII,HON,0.5662653122225394,60,2.9457570881228304e-06,0,0,Internal
HII,MOH,0.525404812605849,60,1.930725598226212e-05,0,0,Internal
HII,MOS,0.4299244741926578,60,0.0006779292024780058,0,6,External
HII,PM,-0.5497570492744361,60,6.487080674267693e-06,0,4,External
HII,PTC,0.6448946137801829,60,3.531204361824366e-08,0,0,Internal
HII,QCOM,0.5026413293964179,60,4.9738011840106814e-05,0,0,Internal
HII,RL,-0.6075115199877753,60,3.3588883350440545e-07,0,4,External
HII,SNA,0.5533135313082261,60,5.4919788430613e-06,0,0,Internal
HII,SWKS,0.6888471291435277,60,1.6301998098661508e-09,0,0,Internal
HII,TPR,-0.5540458136609376,60,5.305601650832352e-06,0,4,External
HII,YUM,-0.42353715701684014,60,0.0008303677373237547,0,4,External
HII,ZBH,0.4839559260267277,60,0.0001030125929589795,0,0,Internal
HLT,HST,0.4298064327357531,60,0.0006804996108669823,4,0,External
HLT,JPM,0.4573507453108051,60,0.00027087335102797603,4,1,External
HLT,MAA,0.4241710482532655,60,0.0008139642294103088,4,2,External
HLT,MAR,0.713507467692739,60,2.2664250820382664e-10,4,4,Internal
HLT,PM,0.49581533483937024,60,6.521263329984748e-05,4,4,Internal
HLT,SPG,0.433526447852369,60,0.0006035958619562971,4,2,External
HLT,SWKS,-0.411908108401227,60,0.001189298517970768,4,0,External
HLT,TPR,0.5033308213931806,60,4.837998182341032e-05,4,4,Internal
HLT,UDR,0.4459783684918435,60,0.00039998095922363057,4,2,External
HLT,YUM,0.4419679940702382,60,0.0004574462971904684,4,4,Internal
HOLX,HON,0.7007294303708461,60,6.458688032379595e-10,0,0,Internal
HOLX,HSIC,0.5344485981001561,60,1.3004297057452825e-05,0,0,Internal
HOLX,KR,0.44322789555813685,60,0.00043863302518285516,0,0,Internal
HOLX,KVUE,0.5974162884120245,60,5.878053422265913e-07,0,0,Internal
HOLX,MCK,0.41941493972381627,60,0.0009445222269620822,0,0,Internal
HOLX,MOH,0.5877100160386493,60,9.889780323139963e-07,0,0,Internal
HOLX,PAYC,0.45151909391264744,60,0.0003313633290893495,0,0,Internal
HOLX,PAYX,0.421290289110513,60,0.0008909424829106759,0,2,External
HOLX,PFE,0.5380287693144762,60,1.1085826784270756e-05,0,0,Internal
HOLX,PM,-0.4112226453727235,60,0.0012142697964593646,0,4,External
HOLX,PTC,0.6989841360861844,60,7.420325970333695e-10,0,0,Internal
HOLX,QCOM,0.4368282291828901,60,0.0005420272087658251,0,0,Internal
HOLX,RL,-0.5698876762464086,60,2.4630099701238785e-06,0,4,External
HOLX,RMD,0.45659018993472156,60,0.0002781453451940972,0,0,Internal
HOLX,RVTY,0.40843402414848223,60,0.0013207892026576523,0,0,Internal
HOLX,SJM,0.44641416645053017,60,0.00039414924131064014,0,2,External
HOLX,SNA,0.5840018526591911,60,1.2011094719866278e-06,0,0,Internal
HOLX,SO,0.42502457796554144,60,0.0007923392926027926,0,2,External
HOLX,SWKS,0.7280961875433278,60,6.384499394422754e-11,0,0,Internal
HOLX,TPR,-0.5658515722412443,60,3.0061915321815762e-06,0,4,External
HOLX,TSCO,0.4123385238140367,60,0.001173855526658467,0,0,Internal
HOLX,VZ,0.4849555303858521,60,9.918228070082096e-05,0,0,Internal
HOLX,ZBH,0.6321500759242843,60,7.872331760955802e-08,0,0,Internal
HOLX,ZTS,0.43669234535851653,60,0.0005444441960228148,0,2,External
HON,HRL,0.4382730729423498,60,0.0005169225606951498,0,2,External
HON,ITW,0.5597776920670974,60,4.037680400652619e-06,0,0,Internal
HON,JKHY,0.45942608370967786,60,0.0002519034768397786,0,0,Internal
HON,JNJ,0.5000785783158711,60,5.509974673342849e-05,0,2,External
HON,KMB,0.5328493517710455,60,1.3957158082428086e-05,0,2,External
HON,KVUE,0.4558558227253644,60,0.0002853354389879107,0,0,Internal
HON,LHX,0.5515911489275872,60,5.954658208172196e-06,0,0,Internal
HON,LMT,0.5082890573820713,60,3.957698490192124e-05,0,0,Internal
HON,LOW,0.43484351476236544,60,0.0005783148283229585,0,0,Internal
HON,MA,0.42340149465193117,60,0.0008339168683328634,0,2,External
HON,MCK,0.4075093223598585,60,0.0013579200949101976,0,0,Internal
HON,MET,0.4424045489800067,60,0.0004508461328972941,0,1,External
HON,MOH,0.5083667560151668,60,3.945164257511419e-05,0,0,Internal
HON,NDSN,0.5261001710213833,60,1.873690025718916e-05,0,0,Internal
HON,NKE,0.5215038001636889,60,2.281664057206181e-05,0,0,Internal
HON,NOC,0.47375376134928454,60,0.00015065177158065472,0,0,Internal
HON,NSC,0.4998462752472439,60,5.561120706188593e-05,0,0,Internal
HON,NVDA,-0.4920168563926431,60,7.56352874433532e-05,0,6,External
HON,O,0.4335841718368257,60,0.0006024672149416289,0,2,External
HON,OTIS,0.40779062108384734,60,0.0013465267456131942,0,0,Internal
HON,PAYX,0.4304787833084248,60,0.0006659759271572037,0,2,External
HON,PEP,0.4391594583167533,60,0.0005020481105824355,0,2,External
HON,PFE,0.4855552661808573,60,9.694744402776844e-05,0,0,Internal
HON,PG,0.481090389203276,60,0.00011475833891167994,0,2,External
HON,PNW,0.4413236123968339,60,0.0004673489569914291,0,2,External
HON,POOL,0.49358702936928633,60,7.115386494949256e-05,0,0,Internal
HON,PSX,0.42898597153505685,60,0.0006986105138653698,0,6,External
HON,PTC,0.5501563552380658,60,6.367526466806981e-06,0,0,Internal
HON,RL,-0.563434875441036,60,3.3829521120443976e-06,0,4,External
HON,SBAC,0.4334957321350205,60,0.0006041972106454517,0,2,External
HON,SJM,0.4730754967201971,60,0.00015444238069261396,0,2,External
HON,SLB,0.4282825348849384,60,0.0007144840619753656,0,6,External
HON,SNA,0.6580917799461932,60,1.478800266290733e-08,0,0,Internal
HON,SO,0.467229800609878,60,0.0001909206885323724,0,2,External
HON,SWKS,0.57548773813259,60,1.8597753436496647e-06,0,0,Internal
HON,TPR,-0.5201806482429637,60,2.4135205696791873e-05,0,4,External
HON,TXT,0.4584237187075633,60,0.0002609088901074929,0,0,Internal
HON,UNP,0.5074247076472751,60,4.0996359592287694e-05,0,0,Internal
HON,V,0.40636414107449786,60,0.001405201543478145,0,2,External
HON,VLO,0.4123694224854716,60,0.0011727538731820147,0,6,External
HON,VZ,0.43648088295483173,60,0.0005482249501345519,0,0,Internal
HON,WEC,0.40102536422301993,60,0.001645702192855845,0,2,External
HON,XOM,0.4180673192549256,60,0.0009847998279980195,0,6,External
HON,ZBH,0.6428563423157507,60,4.024309693105483e-08,0,0,Internal
HPE,ISRG,0.4372014351188689,60,0.0005354389004930206,1,1,Internal
HPE,JKHY,-0.5192474230095028,60,2.5107236506443328e-05,1,0,External
HPE,SJM,-0.44673204245560594,60,0.0003899443974865969,1,2,External
HPE,VMC,0.5133097575066161,60,3.2190855023233023e-05,1,1,Internal
HPE,VZ,-0.449379650958284,60,0.00035647511821938424,1,0,External
HPQ,ITW,0.4044990221248087,60,0.0014853759721283626,0,0,Internal
HPQ,NDSN,0.4030188614026217,60,0.0015518959895432767,0,0,Internal
HPQ,NTAP,0.6287207269724789,60,9.707507786182772e-08,0,0,Internal
HPQ,NXPI,0.4473748028524684,60,0.00038156638490856255,0,5,External
HPQ,SWK,0.4542825584717622,60,0.00030131269070615815,0,0,Internal
HRL,HSY,0.5816356701114964,60,1.357976437244852e-06,2,2,Internal
HRL,ITW,0.5238415111319602,60,2.0648767205220943e-05,2,0,External
HRL,JKHY,0.5453478766873477,60,7.95365263590205e-06,2,0,External
HRL,JNJ,0.5153954412976736,60,2.9515387512297412e-05,2,2,Internal
HRL,KDP,0.41451171101734197,60,0.0010986025742790132,2,2,Internal
HRL,KHC,0.7303238845122952,60,5.223955580644161e-11,2,2,Internal
HRL,KIM,0.4086032753008775,60,0.0013140925877204981,2,2,Internal
HRL,KMB,0.5731344475312404,60,2.094135655948972e-06,2,2,Internal
HRL,KO,0.5408813573271811,60,9.749163083410057e-06,2,2,Internal
HRL,KVUE,0.4509726741321963,60,0.0003376189533516869,2,0,External
HRL,LHX,0.5086014021121831,60,3.907533649684043e-05,2,0,External
HRL,LMT,0.4798921148209909,60,0.00012002482938857862,2,0,External
HRL,LNT,0.5117247481335785,60,3.4372097277411335e-05,2,2,Internal
HRL,LW,0.4131317862293026,60,0.0011458655252774951,2,0,External
HRL,MAA,0.40220763125737125,60,0.001589475059180355,2,2,Internal
HRL,MDLZ,0.6080079208244368,60,3.2660807111049463e-07,2,2,Internal
HRL,MDT,0.45966911705849717,60,0.00024976319118772674,2,2,Internal
HRL,MKC,0.5772613116147214,60,1.6996052271917952e-06,2,2,Internal
HRL,MMC,0.41114438112146545,60,0.0012171507172889294,2,2,Internal
HRL,MO,0.5551750535655696,60,5.0297060356315125e-06,2,2,Internal
HRL,MTD,0.4077725708673575,60,0.0013472552425597445,2,0,External
HRL,NEE,0.5509293199488762,60,6.141903489700862e-06,2,2,Internal
HRL,NOC,0.5276027543731647,60,1.7557355031117062e-05,2,0,External
HRL,NSC,0.47727700378303833,60,0.00013229694919145293,2,0,External
HRL,O,0.48468475346046763,60,0.0001002067190895282,2,2,Internal
HRL,OTIS,0.5797687646064478,60,1.4950577590699847e-06,2,0,External
HRL,PEP,0.6220604950130957,60,1.4478465044069368e-07,2,2,Internal
HRL,PFE,0.4446012747337951,60,0.00041892813454036203,2,0,External
HRL,PG,0.5316225130328194,60,1.4731612232546212e-05,2,2,Internal
HRL,PNW,0.6274055503249197,60,1.0512728571675514e-07,2,2,Internal
HRL,POOL,0.4119679986517492,60,0.0011871388162921761,2,0,External
HRL,PPL,0.5344342014795653,60,1.301259865228107e-05,2,2,Internal
HRL,PSA,0.4459976965314456,60,0.00039972066392006514,2,2,Internal
HRL,RMD,0.42465162091938063,60,0.0008017238375449783,2,0,External
HRL,ROL,0.4639450532664411,60,0.00021472157166444738,2,2,Internal
HRL,RVTY,0.41293430620753974,60,0.0011527768386903217,2,0,External
HRL,SBAC,0.5939754558207624,60,7.082405595992563e-07,2,2,Internal
HRL,SJM,0.7108839497377395,60,2.8229624892568283e-10,2,2,Internal
HRL,SO,0.6768103626597956,60,3.986913761952353e-09,2,2,Internal
HRL,STZ,0.44262412324377437,60,0.0004475592398058509,2,2,Internal
HRL,SWK,0.44425806423065317,60,0.0004237755457406671,2,0,External
HRL,SYY,0.6323830301130713,60,7.760346133600535e-08,2,2,Internal
HRL,T,0.44808459738941153,60,0.0003725050875341261,2,2,Internal
HRL,TSN,0.6837342404288117,60,2.3958909364623803e-09,2,2,Internal
HRL,TXT,0.4972364328270856,60,6.166590124366993e-05,2,0,External
HRL,UNP,0.47035746034453957,60,0.00017052550770289143,2,0,External
HRL,VICI,0.5213026437634939,60,2.3012703503614822e-05,2,2,Internal
HRL,VRSK,0.5472128844156385,60,7.299251044440048e-06,2,2,Internal
HRL,VZ,0.5650101451740923,60,3.1326841928983385e-06,2,0,External
HRL,WEC,0.6015434448848198,60,4.686894415673019e-07,2,2,Internal
HRL,XEL,0.42557793391923104,60,0.0007785981912784022,2,2,Internal
HRL,ZBH,0.44332924201807067,60,0.0004371506629239841,2,0,External
HRL,ZTS,0.4344731462578166,60,0.0005853252555641327,2,2,Internal
HSIC,ITW,0.4260702158402506,60,0.0007665550383993602,0,0,Internal
HSIC,KR,0.46586574696967137,60,0.00020049504980663584,0,0,Internal
HSIC,LYB,0.520084491152241,60,2.4233726886031526e-05,0,0,Internal
HSIC,MOH,0.425193885840292,60,0.0007881119130928608,0,0,Internal
HSIC,MTD,0.49046326352484637,60,8.032367085060153e-05,0,0,Internal
HSIC,NDSN,0.4770717218165218,60,0.00013330739237646218,0,0,Internal
HSIC,NRG,-0.47229671783069016,60,0.00015890234749040978,0,6,External
HSIC,NSC,0.43159921314522676,60,0.0006423951226447975,0,0,Internal
HSIC,PCAR,0.5782052647678552,60,1.619710299773901e-06,0,0,Internal
HSIC,PFE,0.4367387040003283,60,0.0005436185115873363,0,0,Internal
HSIC,REGN,0.44678932585534153,60,0.0003891910084387916,0,0,Internal
HSIC,RVTY,0.41100848207579566,60,0.0012221677844951573,0,0,Internal
HSIC,SNA,0.4806394007823142,60,0.0001167150540074874,0,0,Internal
HSIC,SWK,0.44700186485142174,60,0.0003864072556445625,0,0,Internal
HSIC,ZBH,0.44550917016437486,60,0.0004063472310220631,0,0,Internal
HST,INVH,0.42781596841510083,60,0.0007251915897537531,0,2,External
HST,ITW,0.5582033546027052,60,4.3543941158730785e-06,0,0,Internal
HST,JKHY,0.45033037700236045,60,0.0003451095827882935,0,0,Internal
HST,MAR,0.4614971014572348,60,0.00023418924360974296,0,4,External
HST,NDSN,0.514750503984265,60,3.0319883513065215e-05,0,0,Internal
HST,O,0.48835410113184136,60,8.711688177214437e-05,0,2,External
HST,POOL,0.43316807138189134,60,0.0006106459643801511,0,0,Internal
HST,TXT,0.45662308131158175,60,0.00027782720996387996,0,0,Internal
HST,UDR,0.4022563225332069,60,0.0015871967168475686,0,2,External
HSY,INVH,0.40500579575096246,60,0.0014631955891403327,2,2,Internal
HSY,ITW,0.606421961776688,60,3.571346994057635e-07,2,0,External
HSY,JKHY,0.5723346792595948,60,2.1798736541552633e-06,2,0,External
HSY,JNJ,0.5207703784364575,60,2.3539041267695535e-05,2,2,Internal
HSY,KDP,0.48477631626994455,60,9.985922424801071e-05,2,2,Internal
HSY,KHC,0.7988936735620753,60,3.394836043469754e-14,2,2,Internal
HSY,KMB,0.6820071326295165,60,2.7239412008903623e-09,2,2,Internal
HSY,KO,0.550062287061747,60,6.3955048215337955e-06,2,2,Internal
HSY,LIN,0.4037180624582046,60,0.0015201475024306322,2,0,External
HSY,LNT,0.4238080333400725,60,0.0008233219719878558,2,2,Internal
HSY,MAA,0.4601694898013063,60,0.0002454088041836237,2,2,Internal
HSY,MCD,0.49043084392875963,60,8.042429259246464e-05,2,0,External
HSY,MDLZ,0.7858094116531474,60,1.6882716049549172e-13,2,2,Internal
HSY,MKC,0.5594542726550272,60,4.1009355817104084e-06,2,2,Internal
HSY,MMC,0.4699439367463983,60,0.00017310252433605538,2,2,Internal
HSY,MNST,0.5320590362681551,60,1.4451595666663732e-05,2,2,Internal
HSY,MO,0.4172721177032804,60,0.001009286502196603,2,2,Internal
HSY,MTD,0.4291455405381255,60,0.0006950544050504068,2,0,External
HSY,NDSN,0.42653771452704786,60,0.0007552742530944959,2,0,External
HSY,NEE,0.4247500036519881,60,0.0007992385811875504,2,2,Internal
HSY,NRG,-0.4006529237368395,60,0.0016637803003668955,2,6,External
HSY,O,0.5014022233370414,60,5.226729049769181e-05,2,2,Internal
HSY,OTIS,0.6518788288729916,60,2.2395662828698084e-08,2,0,External
HSY,PEP,0.6487151335871498,60,2.7565907965627668e-08,2,2,Internal
HSY,PG,0.5653923086147224,60,3.0746297463735533e-06,2,2,Internal
HSY,PM,0.4705106033182695,60,0.00016958008798650934,2,4,External
HSY,PNW,0.46208011984878106,60,0.00022941185165356438,2,2,Internal
HSY,POOL,0.41510516160041416,60,0.001078821801023262,2,0,External
HSY,PPL,0.45295434401411744,60,0.0003154314508095589,2,2,Internal
HSY,PSA,0.49778665818692786,60,6.0341049408451665e-05,2,2,Internal
HSY,REG,0.4155737589253015,60,0.0010634297604626157,2,2,Internal
HSY,ROL,0.4731021577248951,60,0.00015429174643623113,2,2,Internal
HSY,SBAC,0.5325523683259646,60,1.4141086149181963e-05,2,2,Internal
HSY,SJM,0.700283129159194,60,6.692671006986789e-10,2,2,Internal
HSY,SO,0.581636936162369,60,1.3578876008546044e-06,2,2,Internal
HSY,STZ,0.48440374053287893,60,0.00010128015330422346,2,2,Internal
HSY,SWK,0.40766046627229985,60,0.0013517876515736485,2,0,External
HSY,SYY,0.5493000149628811,60,6.626482012697581e-06,2,2,Internal
HSY,T,0.4345339714573091,60,0.0005841686832320171,2,2,Internal
HSY,TAP,0.44467041068482654,60,0.0004179577961516118,2,2,Internal
HSY,TRV,0.40999941552667407,60,0.0012600053033033122,2,2,Internal
HSY,TSN,0.6117326465520482,60,2.642729886656707e-07,2,2,Internal
HSY,TXT,0.42423272653484745,60,0.0008123838752108315,2,0,External
HSY,UDR,0.48079934648349265,60,0.00011601761695401389,2,2,Internal
HSY,VICI,0.5473083693580816,60,7.267134353668194e-06,2,2,Internal
HSY,VLTO,0.4809974991011054,60,0.00011515888448785539,2,0,External
HSY,VRSK,0.5682375142042474,60,2.672949774061077e-06,2,2,Internal
HSY,VZ,0.5619945062528554,60,3.6279959579685494e-06,2,0,External
HSY,WEC,0.4840020957505865,60,0.00010283272821193714,2,2,Internal
HSY,YUM,0.4928643434745326,60,7.318521444032574e-05,2,4,External
HSY,ZTS,0.43100739131949384,60,0.0006547548521218577,2,2,Internal
HUBB,J,0.4176080550469898,60,0.0009988758382948556,6,1,External
HUBB,JBL,0.5242260071955479,60,2.0311041719525342e-05,6,6,Internal
HUBB,KLAC,0.43805430311114824,60,0.0005206547125339468,6,6,Internal
HUBB,KMI,0.533631312065775,60,1.348343737683001e-05,6,6,Internal
HUBB,MPWR,0.490792848648476,60,7.930727892686661e-05,6,6,Internal
HUBB,NRG,0.4785666849634187,60,0.00012610782923180643,6,6,Internal
HUBB,ORCL,0.4966731342238446,60,6.304994635507373e-05,6,6,Internal
HUBB,PWR,0.6955948051243679,60,9.688751861329004e-10,6,6,Internal
HUBB,T,-0.4466389368229574,60,0.0003911717489941952,6,2,External
HUBB,TT,0.6220673812091615,60,1.44725518042583e-07,6,6,Internal
HUBB,WMB,0.4322903532140909,60,0.0006282287701363105,6,6,Internal
HUM,MOH,0.4866255399694184,60,9.307380192614529e-05,0,0,Internal
HUM,UNH,0.5034236706961444,60,4.8199741165247316e-05,0,0,Internal
HWM,JKHY,-0.4603848255025905,60,0.00024355630897183642,6,0,External
HWM,OKE,0.4128148410769271,60,0.0011569760024974698,6,6,Internal
HWM,PH,0.42085710687858874,60,0.0009030691806710735,6,1,External
HWM,PNR,0.4778024784675197,60,0.0001297423563785593,6,1,External
HWM,TPL,0.4121162102687563,60,0.0011818093120355517,6,6,Internal
HWM,TRGP,0.4768436689644477,60,0.00013443821183932347,6,6,Internal
HWM,XYZ,0.4273962462798986,60,0.0007349477780412064,6,4,External
IBM,LVS,0.55920807455457,60,4.149705664698725e-06,1,1,Internal
IBM,MSFT,-0.6826305729225747,60,2.6009019753264826e-09,1,0,External
IBM,NOW,-0.6231767634355954,60,1.3549022550887712e-07,1,0,External
IBM,PH,0.4270871684445898,60,0.0007422077851724767,1,1,Internal
IBM,ROP,0.40165431558029974,60,0.001615572175413383,1,2,External
IBM,TMO,0.44761316367626425,60,0.0003785013356789782,1,0,External
IBM,UPS,-0.6423541744740016,60,4.155401271216747e-08,1,0,External
IBM,WM,0.6388573486230769,60,5.18628359877313e-08,1,2,External
ICE,KHC,0.43743033325874425,60,0.0005314341080721925,2,2,Internal
ICE,KIM,0.47756908012473465,60,0.0001308713852501086,2,2,Internal
ICE,L,0.4404838735992483,60,0.0004805457990508524,2,2,Internal
ICE,MA,0.5158864441898465,60,2.8916195502562648e-05,2,2,Internal
ICE,MAA,0.4471117198914102,60,0.0003849755266905163,2,2,Internal
ICE,MCO,0.5605219059783453,60,3.895563959258126e-06,2,2,Internal
ICE,MDLZ,0.4118955517390761,60,0.0011897517713471437,2,2,Internal
ICE,MKC,0.5304059021723708,60,1.5538819516563412e-05,2,2,Internal
ICE,MMC,0.43886804693382564,60,0.0005068948803968796,2,2,Internal
ICE,MSCI,0.44405025634876344,60,0.000426735282685381,2,2,Internal
ICE,NDAQ,0.44772392867004085,60,0.0003770846593214046,2,1,External
ICE,OTIS,0.4445230538896679,60,0.0004200284494765963,2,0,External
ICE,PEP,0.4869708022378567,60,9.185486794559797e-05,2,2,Internal
ICE,PG,0.5199012140293401,60,2.4422541790378953e-05,2,2,Internal
ICE,PM,0.5991274266636143,60,5.353345728902874e-07,2,4,External
ICE,PPL,0.4371288820222429,60,0.0005367139859641412,2,2,Internal
ICE,REG,0.4160138357279416,60,0.001049154854380191,2,2,Internal
ICE,ROL,0.4489751540639583,60,0.00036141317770591584,2,2,Internal
ICE,SBAC,0.4907224613922983,60,7.952334409264803e-05,2,2,Internal
ICE,SPGI,0.4355998734347226,60,0.000564234071967033,2,1,External
ICE,SWKS,-0.4709501619258025,60,0.00016689308075279647,2,0,External
ICE,TRV,0.4566320491949875,60,0.00027774052750161753,2,2,Internal
ICE,TSN,0.44240872849191526,60,0.0004507833640294455,2,2,Internal
ICE,UDR,0.498678781509445,60,5.824857822306017e-05,2,2,Internal
ICE,VRSK,0.4551304167320371,60,0.0002926037661987347,2,2,Internal
ICE,WEC,0.4231613522502327,60,0.0008402329424799795,2,2,Internal
ICE,WTW,0.5299374347104724,60,1.586043768400348e-05,2,2,Internal
ICE,YUM,0.64004073341864,60,4.813068912870216e-08,2,4,External
IDXX,IVZ,-0.4481459280984598,60,0.0003717313966553351,2,1,External
IDXX,ZTS,0.4219987839417202,60,0.0008714248539425015,2,2,Internal
IEX,JCI,-0.5007766207956941,60,5.358884511952349e-05,0,6,External
IEX,MTCH,0.6620805215085118,60,1.1271069732274767e-08,0,0,Internal
IEX,PRU,0.42972276033477397,60,0.0006823269527530083,0,1,External
IEX,TROW,0.6106893234516919,60,2.805011956674931e-07,0,0,Internal
IEX,VLTO,0.6692345346878459,60,6.8537992676995966e-09,0,0,Internal
IFF,ITW,0.43416307744712873,60,0.0005912534235909355,0,0,Internal
IFF,KO,0.4078160670290717,60,0.0013455003617433886,0,2,External
IFF,LEN,0.41247381014198603,60,0.0011690389347289837,0,0,Internal
IFF,LIN,0.5025164467813659,60,4.998771053672721e-05,0,0,Internal
IFF,LYB,0.41047118219686646,60,0.0012421861347896108,0,0,Internal
IFF,MA,0.4470172426768871,60,0.0003862065470572059,0,2,External
IFF,MAS,0.5147377772908951,60,3.0335960893105308e-05,0,0,Internal
IFF,MET,0.4144433829076206,60,0.0011009008999499112,0,1,External
IFF,MHK,0.4355876131449617,60,0.0005644598160486342,0,0,Internal
IFF,NDSN,0.557922245953739,60,4.4133261412627806e-06,0,0,Internal
IFF,NKE,0.4816082989031654,60,0.0001125484338560529,0,0,Internal
IFF,NSC,0.5843703061063319,60,1.178266410301065e-06,0,0,Internal
IFF,NVDA,-0.45705026718249453,60,0.00027372537179020116,0,6,External
IFF,PG,0.4277176386497237,60,0.0007274666450457625,0,2,External
IFF,PLD,0.41876107929067624,60,0.0009638754863290962,0,0,Internal
IFF,PPG,0.4333905741158541,60,0.0006062600928393187,0,0,Internal
IFF,SHW,0.4732400656872761,60,0.0001535147146370392,0,0,Internal
IFF,TXT,0.4390661397158237,60,0.000503595594638585,0,0,Internal
IFF,UNP,0.45667028709756785,60,0.0002773712013166907,0,0,Internal
IFF,WY,0.4164660017612688,60,0.0010346677396227955,0,2,External
INCY,REGN,0.4157176566827425,60,0.0010587429814923881,0,0,Internal
INTC,NEM,0.45398029290217834,60,0.0003044741393718582,4,4,Internal
INTU,KEYS,-0.47558247897125705,60,0.00014085229913659515,6,1,External
INVH,IR,0.4171129745572037,60,0.0010142523665776827,2,0,External
INVH,ITW,0.49304374384077526,60,7.267602982617886e-05,2,0,External
INVH,JNJ,0.43611267205094206,60,0.0005548650665203092,2,2,Internal
INVH,KIM,0.5293712741493704,60,1.6257362345765064e-05,2,2,Internal
INVH,KMB,0.5261818516255056,60,1.867093792095883e-05,2,2,Internal
INVH,L,0.5566993759262407,60,4.678446683487375e-06,2,2,Internal
INVH,MAA,0.7046564619889825,60,4.70898042027066e-10,2,2,Internal
INVH,MDLZ,0.4101376245192494,60,0.0012547613538336346,2,2,Internal
INVH,MET,0.4188870732009773,60,0.000960118695200824,2,1,External
INVH,MKC,0.4495394342450749,60,0.0003545414751794141,2,2,Internal
INVH,MMC,0.542772060082273,60,8.947487605235928e-06,2,2,Internal
INVH,NDSN,0.452743991805896,60,0.00031772194593631455,2,0,External
INVH,NVDA,-0.4209386145396775,60,0.0009007761117020357,2,6,External
INVH,O,0.5935311999827928,60,7.253767669478814e-07,2,2,Internal
INVH,OTIS,0.44931395826591075,60,0.00035727288903570476,2,0,External
INVH,PAYX,0.4397275098289473,60,0.0004927209211197791,2,2,Internal
INVH,PEP,0.4290253096299275,60,0.0006977323115827948,2,2,Internal
INVH,PFG,0.4943079204606766,60,6.91793796954289e-05,2,1,External
INVH,PNC,0.4177802415454475,60,0.0009935773859976519,2,1,External
INVH,PNW,0.41408795598558934,60,0.0011129261961009295,2,2,Internal
INVH,PSA,0.6243521565547668,60,1.26312015320537e-07,2,2,Internal
INVH,REG,0.6074989433251949,60,3.3612715353990036e-07,2,2,Internal
INVH,ROL,0.4747521109398408,60,0.00014522717543145362,2,2,Internal
INVH,RTX,0.429308168098706,60,0.0006914469865734003,2,1,External
INVH,SBAC,0.5518375841833276,60,5.886304967604171e-06,2,2,Internal
INVH,SJM,0.421772447131464,60,0.000877617633532338,2,2,Internal
INVH,SO,0.4213537883903882,60,0.0008891772539561059,2,2,Internal
INVH,TSN,0.4518863878869375,60,0.0003272179196264526,2,2,Internal
INVH,UDR,0.7561195385799444,60,4.390239523920841e-12,2,2,Internal
INVH,VICI,0.507940037861738,60,4.014456716589096e-05,2,2,Internal
INVH,VRSK,0.43911549929080024,60,0.0005027765362114232,2,2,Internal
INVH,WEC,0.4294730403767467,60,0.000687807069969378,2,2,Internal
INVH,WELL,0.4067663434745151,60,0.0013884300031885267,2,2,Internal
INVH,WRB,0.4036066095342118,60,0.001525168890321762,2,2,Internal
INVH,WY,0.5261340176235848,60,1.870954078993446e-05,2,2,Internal
INVH,XEL,0.4316690142748086,60,0.0006409513910730852,2,2,Internal
INVH,XYL,0.42738495241267743,60,0.0007352119285046971,2,0,External
IP,JPM,0.46415309839967506,60,0.00021313722865679935,1,1,Internal
IP,MS,0.5119698831214193,60,3.402605517269932e-05,1,1,Internal
IP,PNC,0.4004092017017345,60,0.001675706512862634,1,1,Internal
IP,PNR,0.404001339715809,60,0.0015074513955831697,1,1,Internal
IP,RJF,0.5604931458899366,60,3.9009682543849865e-06,1,1,Internal
IP,SCHW,0.466597511367761,60,0.00019530552686955645,1,1,Internal
IP,SW,0.5158113239280211,60,2.9007133057350537e-05,1,1,Internal
IQV,MTD,0.5359581140048219,60,1.216063304936548e-05,0,0,Internal
IQV,PFE,0.5481953384637506,60,6.975019194029939e-06,0,0,Internal
IQV,RVTY,0.5376752224863033,60,1.1262859262499669e-05,0,0,Internal
IQV,STE,0.4966654261592827,60,6.306908223298929e-05,0,0,Internal
IQV,TECH,0.6966309646715649,60,8.93349578514957e-10,0,0,Internal
IQV,TMO,0.5109393956004602,60,3.5502751787891997e-05,0,0,Internal
IQV,WAT,0.5222044713932668,60,2.2145723082090367e-05,0,0,Internal
IR,ITW,0.41343819069731125,60,0.0011352158830852407,0,0,Internal
IR,KMB,0.42568994094123086,60,0.0007758431374013746,0,2,External
IR,LHX,0.4517852201928993,60,0.00032835499543691654,0,0,Internal
IR,LIN,0.4636379387365505,60,0.00021708003967444166,0,0,Internal
IR,LMT,0.5148457902384176,60,3.0199760366113778e-05,0,0,Internal
IR,MSI,0.50659277834621,60,4.240674395987322e-05,0,1,External
IR,NDSN,0.41991731236444185,60,0.0009298915038453733,0,0,Internal
IR,NOC,0.5522488772826969,60,5.773850340096374e-06,0,0,Internal
IR,OTIS,0.4715370731644863,60,0.0001633660655032151,0,0,Internal
IR,PFG,0.41030040780625265,60,0.0012486101581213225,0,1,External
IR,PG,0.5344878398616614,60,1.2981693841880558e-05,0,2,External
IR,TXT,0.4036942585928956,60,0.0015212187129020303,0,0,Internal
IR,WAB,0.4057312107125393,60,0.0014319625928608214,0,1,External
IR,WAT,0.4030955524689358,60,0.001548384914084737,0,0,Internal
IRM,JBL,0.4223044639940567,60,0.0008631237560411891,6,6,Internal
IRM,JCI,0.4342447853376071,60,0.0005896860056431169,6,6,Internal
IRM,PEG,0.5121764339249748,60,3.3736982301333736e-05,6,6,Internal
IRM,PWR,0.5219172488550364,60,2.241850800754311e-05,6,6,Internal
IRM,TT,0.4069861141078388,60,0.0013793418300715578,6,6,Internal
IRM,WST,0.5008051406850887,60,5.3527934266654983e-05,6,6,Internal
IRM,ZBRA,0.4149880822792618,60,0.0010826986886192471,6,6,Internal
ISRG,ITW,-0.4150611044577852,60,0.0010802792114581045,1,0,External
ISRG,PODD,0.41769494920530464,60,0.000996198793646179,1,1,Internal
ISRG,PSKY,-0.49500941767794054,60,6.730655353293471e-05,1,0,External
ISRG,RVTY,-0.41662009616078355,60,0.0010297719662269475,1,0,External
ISRG,SJM,-0.41391124189039075,60,0.001118948911466543,1,2,External
ISRG,STZ,-0.40314818844994804,60,0.0015459792516305801,1,2,External
ISRG,VZ,-0.4602666185866919,60,0.0002445716358731835,1,0,External
IT,NVDA,-0.40806711230519616,60,0.0013354118208406703,4,6,External
IT,WMT,0.40919712977927686,60,0.001290836559624257,4,4,Internal
ITW,JKHY,0.7687992546440575,60,1.1584034887360306e-12,0,0,Internal
ITW,JNJ,0.5574467190234009,60,4.514711746226127e-06,0,2,External
ITW,KHC,0.6514214758036857,60,2.3081805708185843e-08,0,2,External
ITW,KIM,0.4979341774798564,60,5.999033257111448e-05,0,2,External
ITW,KMB,0.666934235958667,60,8.054433132981289e-09,0,2,External
ITW,KO,0.5361160811303217,60,1.2075347265168853e-05,0,2,External
ITW,KR,0.40176356690265796,60,0.0016103891371690086,0,0,Internal
ITW,L,0.4204106154286017,60,0.0009157240712981819,0,2,External
ITW,LEN,0.44217922090907014,60,0.00045424193393457803,0,0,Internal
ITW,LH,0.40023884103790697,60,0.0016840882721937118,0,0,Internal
ITW,LHX,0.7311780515649257,60,4.83464262822393e-11,0,0,Internal
ITW,LIN,0.5053001188989173,60,4.4687312723819226e-05,0,0,Internal
ITW,LKQ,0.4123069149274894,60,0.0011749834648044836,0,0,Internal
ITW,LMT,0.6506023732984432,60,2.4360530251299433e-08,0,0,Internal
ITW,LOW,0.49653818756168294,60,6.338573606219262e-05,0,0,Internal
ITW,LYB,0.4851078209850528,60,9.861035084282157e-05,0,0,Internal
ITW,MAA,0.4675038569814793,60,0.0001890482655843044,0,2,External
ITW,MAS,0.639879363672162,60,4.862426673473167e-08,0,0,Internal
ITW,MCD,0.5522443219538585,60,5.77508481365251e-06,0,0,Internal
ITW,MDLZ,0.49536591591275536,60,6.637278633176208e-05,0,2,External
ITW,MET,0.4629532440690871,60,0.0002224235478964872,0,1,External
ITW,MHK,0.4461085823326449,60,0.00039823031225182223,0,0,Internal
ITW,MKC,0.4163843642439901,60,0.0010372699515585157,0,2,External
ITW,MMC,0.4506241171083685,60,0.0003416653391005517,0,2,External
ITW,MO,0.4508900952253634,60,0.00033857364503337594,0,2,External
ITW,MTD,0.5116916565785933,60,3.441905893833139e-05,0,0,Internal
ITW,NDSN,0.7894858006560316,60,1.0881390285259094e-13,0,0,Internal
ITW,NEE,0.4084536772653701,60,0.0013200100352320418,0,2,External
ITW,NFLX,-0.4743002768266904,60,0.00014765967958648747,0,1,External
ITW,NOC,0.5063980635952011,60,4.274325172479534e-05,0,0,Internal
ITW,NRG,-0.470341077653996,60,0.00017062693045336307,0,6,External
ITW,NSC,0.6104828099278095,60,2.838224146826309e-07,0,0,Internal
ITW,NTRS,0.4277473966629806,60,0.0007267774541539456,0,1,External
ITW,NVDA,-0.5536251375937691,60,5.411937124115034e-06,0,6,External
ITW,NVR,0.43612040718405115,60,0.0005547248290129583,0,0,Internal
ITW,O,0.6201542807602449,60,1.6205704055454526e-07,0,2,External
ITW,OMC,0.49445647292817224,60,6.877882272568749e-05,0,0,Internal
ITW,OTIS,0.7476700969570478,60,1.0208454946920795e-11,0,0,Internal
ITW,PAYX,0.5011602455132037,60,5.277485147669322e-05,0,2,External
ITW,PCAR,0.5987685668849018,60,5.459604943285103e-07,0,0,Internal
ITW,PEP,0.5907245794453839,60,8.429460054730702e-07,0,2,External
ITW,PFE,0.4842102793410874,60,0.00010202527801331704,0,0,Internal
ITW,PFG,0.4401686938087776,60,0.0004855856422932422,0,1,External
ITW,PG,0.5039387606868658,60,4.721103940835444e-05,0,2,External
ITW,PLD,0.4065390850934493,60,0.0013978842974636406,0,0,Internal
ITW,PNC,0.45370660274699876,60,0.0003073627561650263,0,1,External
ITW,PNW,0.49126826472091945,60,7.786199453646586e-05,0,2,External
ITW,POOL,0.7187278742092972,60,1.453461586441855e-10,0,0,Internal
ITW,PPG,0.4900022808732071,60,8.176537900855897e-05,0,0,Internal
ITW,PRU,0.4247106143740891,60,0.0008002327614330618,0,1,External
ITW,PSA,0.5044350642085791,60,4.627612892068121e-05,0,2,External
ITW,RF,0.43129339725640703,60,0.0006487552260480257,0,1,External
ITW,RVTY,0.48750776305368193,60,8.998827310725474e-05,0,0,Internal
ITW,SBAC,0.5459744277522555,60,7.727953073873187e-06,0,2,External
ITW,SHW,0.41391179774176007,60,0.0011189299212260404,0,0,Internal
ITW,SJM,0.6371362326342557,60,5.778062091041612e-08,0,2,External
ITW,SLB,0.46990042631446444,60,0.00017337573680858777,0,6,External
ITW,SNA,0.5182195209882057,60,2.6219735820257902e-05,0,0,Internal
ITW,SO,0.6225424627067796,60,1.4070036290913565e-07,0,2,External
ITW,STE,0.4269447443495659,60,0.0007455749846548625,0,0,Internal
ITW,SWK,0.7479101853603848,60,9.971173075300659e-12,0,0,Internal
ITW,SYY,0.5858197434290431,60,1.0922927824387643e-06,0,2,External
ITW,T,0.4912890033172408,60,7.779950339869636e-05,0,2,External
ITW,TAP,0.44137982397345027,60,0.0004664774304224018,0,2,External
ITW,TMO,0.4076418199861985,60,0.0013525428505887164,0,0,Internal
ITW,TROW,0.4360205800032025,60,0.0005565371604370539,0,0,Internal
ITW,TSN,0.5279256918750633,60,1.7313004845705836e-05,0,2,External
ITW,TXT,0.7442615971867346,60,1.4214885910756804e-11,0,0,Internal
ITW,UDR,0.4531618762571606,60,0.00031318641269666663,0,2,External
ITW,UNP,0.6312819686478099,60,8.303197984567623e-08,0,0,Internal
ITW,VICI,0.5705856859173087,60,2.3789286351466096e-06,0,2,External
ITW,VLTO,0.4945686724168764,60,6.847770450456111e-05,0,0,Internal
ITW,VRSK,0.47216683678721877,60,0.0001596575319597988,0,2,External
ITW,VZ,0.6431634676765922,60,3.946066988051876e-08,0,0,Internal
ITW,WAT,0.520115927470171,60,2.42014767971779e-05,0,0,Internal
ITW,WEC,0.5638982190822153,60,3.3074678449237266e-06,0,2,External
ITW,WTW,0.41135600745989,60,0.0012093748328640104,0,2,External
ITW,WY,0.44708305735036996,60,0.00038534861660971477,0,2,External
ITW,XYL,0.5157391732234806,60,2.909472474235097e-05,0,0,Internal
ITW,ZBH,0.4506429873639047,60,0.0003414451496826798,0,0,Internal
IVZ,KLAC,-0.44745639118773967,60,0.00038051471994725793,1,6,External
IVZ,NCLH,0.4298189927338673,60,0.0006802256924824867,1,1,Internal
IVZ,RCL,0.525165519858078,60,1.9507223608114695e-05,1,1,Internal
IVZ,RJF,0.42607938805019413,60,0.0007663322560675001,1,1,Internal
J,LHX,0.42140723259875457,60,0.0008876939937087895,1,0,External
J,NOC,0.40528895083429095,60,0.0014509322797670006,1,0,External
J,PH,0.45098535366879583,60,0.0003374725829457568,1,1,Internal
J,PNR,0.5809293906395024,60,1.4083913627193873e-06,1,1,Internal
J,RTX,0.43916118233783796,60,0.0005020195621112185,1,1,Internal
J,TDG,0.5040278370524411,60,4.7041969401270986e-05,1,1,Internal
J,TXT,0.43168222198618394,60,0.0006406785400545266,1,0,External
J,WAT,0.42181022291686404,60,0.0008765813014942422,1,0,External
J,WTW,0.47261401633402506,60,0.00015707117301441795,1,2,External
JBHT,NDSN,0.412797002780251,60,0.0011576041923954832,0,0,Internal
JBHT,NSC,0.46121220651359435,60,0.0002365566276414229,0,0,Internal
JBHT,POOL,0.45432647317220015,60,0.00030085587625247373,0,0,Internal
JBHT,RF,0.5001858535986118,60,5.48650259401483e-05,0,1,External
JBHT,STT,0.42249416316589333,60,0.0008580082024994123,0,1,External
JBL,NRG,0.5333205366759687,60,1.3669892893203137e-05,6,6,Internal
JBL,PEG,0.45451757383773006,60,0.00029887532731718035,6,6,Internal
JBL,PWR,0.637690682114078,60,5.580806668672468e-08,6,6,Internal
JBL,ROP,-0.4604101818557335,60,0.00024333901485360432,6,2,External
JBL,T,-0.4155203876195188,60,0.0010651728176373988,6,2,External
JBL,TRV,-0.4212873459549806,60,0.0008910243768701701,6,2,External
JBL,TT,0.4413363496546034,60,0.0004671513440680742,6,6,Internal
JCI,MTCH,-0.4543072766796356,60,0.0003010554864723114,6,0,External
JCI,TROW,-0.4119014912360254,60,0.0011895373560805345,6,0,External
JCI,VLTO,-0.42467111650754297,60,0.0008012308037473826,6,0,External
JKHY,KHC,0.6148774858975892,60,2.2053120857776974e-07,0,2,External
JKHY,KIM,0.449076077885812,60,0.00036017531611769285,0,2,External
JKHY,KMB,0.6168459640498907,60,1.9671776541774248e-07,0,2,External
JKHY,L,0.4534871474093057,60,0.0003096969744602867,0,2,External
JKHY,LHX,0.656645914765615,60,1.6301599439991387e-08,0,0,Internal
JKHY,LIN,0.4923836549114488,60,7.456576021306585e-05,0,0,Internal
JKHY,LMT,0.5301784352161597,60,1.5694219808496202e-05,0,0,Internal
JKHY,MA,0.4012209756478279,60,0.0016362779247690697,0,2,External
JKHY,MAA,0.4208673460616051,60,0.0009027808311276933,0,2,External
JKHY,MAR,0.41717429292197633,60,0.0010123364027849928,0,4,External
JKHY,MCD,0.5851426408003969,60,1.1316969809453004e-06,0,0,Internal
JKHY,META,-0.4084088092129689,60,0.001321789478775293,0,9,External
JKHY,MKC,0.40345353318620436,60,0.001532089808462375,0,2,External
JKHY,MMC,0.4534888014438283,60,0.00030967932122084765,0,2,External
JKHY,MO,0.5169305513557968,60,2.767924069981633e-05,0,2,External
JKHY,MTD,0.4463170539502973,60,0.0003954420360842244,0,0,Internal
JKHY,NDSN,0.5539625047769877,60,5.3265040639769235e-06,0,0,Internal
JKHY,NOC,0.48827225222708454,60,8.739084747649942e-05,0,0,Internal
JKHY,NRG,-0.5073508553725086,60,4.111978838304677e-05,0,6,External
JKHY,NSC,0.43856859534589254,60,0.0005119195592059638,0,0,Internal
JKHY,NVDA,-0.46587022728365207,60,0.0002004628964277811,0,6,External
JKHY,O,0.5541477349059588,60,5.280133268974996e-06,0,2,External
JKHY,OMC,0.5065580401497881,60,4.246659901604728e-05,0,0,Internal
JKHY,OTIS,0.7335042114797242,60,3.90946214660068e-11,0,0,Internal
JKHY,PAYX,0.6955982309112696,60,9.686157880507222e-10,0,2,External
JKHY,PCAR,0.46944973201440376,60,0.00017622906051312714,0,0,Internal
JKHY,PEP,0.5488007388564908,60,6.7819512661034435e-06,0,2,External
JKHY,PG,0.5806385669254591,60,1.42965520944007e-06,0,2,External
JKHY,PNW,0.4531003847979358,60,0.0003138500914027505,0,2,External
JKHY,POOL,0.596113504273056,60,6.309473673282494e-07,0,0,Internal
JKHY,PSA,0.4321797490477831,60,0.0006304766522080109,0,2,External
JKHY,RMD,0.4385475804058529,60,0.000512273872425582,0,0,Internal
JKHY,ROL,0.4057885776028333,60,0.0014295183485641047,0,2,External
JKHY,ROP,0.40928991183450303,60,0.0012872366903336784,0,2,External
JKHY,RVTY,0.42017307134053045,60,0.0009225217452411552,0,0,Internal
JKHY,SBAC,0.448992693324073,60,0.00036119777578271466,0,2,External
JKHY,SJM,0.607482868868136,60,3.364319858024725e-07,0,2,External
JKHY,SNA,0.40966948403241515,60,0.0012726033173728788,0,0,Internal
JKHY,SO,0.626836671430419,60,1.0880155855556098e-07,0,2,External
JKHY,STE,0.4880707285425014,60,8.806876939591139e-05,0,0,Internal
JKHY,SWK,0.44737648213541725,60,0.0003815447125119604,0,0,Internal
JKHY,SYY,0.5551830062127403,60,5.0278113388076084e-06,0,2,External
JKHY,T,0.5102619535373818,60,3.650555217869896e-05,0,2,External
JKHY,TECH,0.42931421021532323,60,0.0006913132866837747,0,0,Internal
JKHY,TSCO,0.4208793292606297,60,0.0009024434731451769,0,0,Internal
JKHY,TSN,0.4654762639789082,60,0.00020330829739437104,0,2,External
JKHY,TXT,0.5371942757115965,60,1.1507902723596695e-05,0,0,Internal
JKHY,UDR,0.43650871995224283,60,0.0005477258935497255,0,2,External
JKHY,UNP,0.5449417218397252,60,8.103219032894727e-06,0,0,Internal
JKHY,VICI,0.4048212069081024,60,0.001471240012226067,0,2,External
JKHY,VLTO,0.5532471116386093,60,5.509181877423586e-06,0,0,Internal
JKHY,VRSK,0.6097465944315412,60,2.95965524732914e-07,0,2,External
JKHY,VZ,0.72046827814147,60,1.250604253593253e-10,0,0,Internal
JKHY,WEC,0.561546900884072,60,3.7074541331788447e-06,0,2,External
JKHY,WM,0.42897665789828837,60,0.0006988185822059382,0,2,External
JKHY,XYL,0.46627141907604047,60,0.00019760274349408591,0,0,Internal
JKHY,ZBH,0.44084212941738427,60,0.0004748748395687815,0,0,Internal
JKHY,ZTS,0.4975219535648049,60,6.0975106088444505e-05,0,2,External
JNJ,KHC,0.5844330184139311,60,1.174419157413984e-06,2,2,Internal
JNJ,KIM,0.510862481004692,60,3.561531183215895e-05,2,2,Internal
JNJ,KMB,0.6005863284675194,60,4.941013230745661e-07,2,2,Internal
JNJ,KO,0.5228347441194012,60,2.1557870294302692e-05,2,2,Internal
JNJ,KVUE,0.4632772207420219,60,0.00021988036433069822,2,0,External
JNJ,L,0.4299238548395141,60,0.0006779426662321837,2,2,Internal
JNJ,LH,0.5626695082221429,60,3.511169382440645e-06,2,0,External
JNJ,LNT,0.5054600403720728,60,4.439916262308205e-05,2,2,Internal
JNJ,LOW,0.4614322434938034,60,0.00023472628215479748,2,0,External
JNJ,MA,0.44036352908405446,60,0.00048246452291277693,2,2,Internal
JNJ,MAA,0.4904400547417713,60,8.039569291239956e-05,2,2,Internal
JNJ,MAS,0.4482103518754584,60,0.0003709202610562807,2,0,External
JNJ,MCK,0.47958053323336136,60,0.00012143010670409755,2,0,External
JNJ,MDLZ,0.5574706849172804,60,4.509550543427417e-06,2,2,Internal
JNJ,MDT,0.4141224195801795,60,0.0011117550232493953,2,2,Internal
JNJ,MKC,0.577857020387915,60,1.6487672954543813e-06,2,2,Internal
JNJ,MMC,0.5668191645300776,60,2.8666305561443993e-06,2,2,Internal
JNJ,MO,0.47857598095048015,60,0.0001260641986597094,2,2,Internal
JNJ,MTD,0.4868418110874156,60,9.230853865536785e-05,2,0,External
JNJ,NDSN,0.5640162979091995,60,3.2884842398258114e-06,2,0,External
JNJ,NEE,0.4020332999473514,60,0.0015976563429034938,2,2,Internal
JNJ,NRG,-0.44752848661229716,60,0.00037958761236483925,2,6,External
JNJ,NSC,0.5577605016766995,60,4.447570522063874e-06,2,0,External
JNJ,NVDA,-0.6082801019065981,60,3.2162211484621295e-07,2,6,External
JNJ,O,0.5656749633833212,60,3.032339290563424e-06,2,2,Internal
JNJ,ORLY,0.4721241575552939,60,0.00015990640391955974,2,0,External
JNJ,OTIS,0.5545316548222177,60,5.185217097513179e-06,2,0,External
JNJ,PAYX,0.4729487573148596,60,0.00015516030010549883,2,2,Internal
JNJ,PEP,0.5467955502438208,60,7.44117889834341e-06,2,2,Internal
JNJ,PFE,0.6548218440514705,60,1.842031890655104e-08,2,0,External
JNJ,PG,0.5048935651220346,60,4.542763870022862e-05,2,2,Internal
JNJ,PGR,0.45773193655609307,60,0.0002672942405668936,2,2,Internal
JNJ,PLD,0.5149530988003885,60,3.0065008171573536e-05,2,0,External
JNJ,PNW,0.6266355299848456,60,1.1012937066878386e-07,2,2,Internal
JNJ,POOL,0.5067628678033709,60,4.211479675639516e-05,2,0,External
JNJ,PPL,0.5211240875118226,60,2.318804423457781e-05,2,2,Internal
JNJ,PSA,0.6281757733151341,60,1.003384287422433e-07,2,2,Internal
JNJ,REG,0.4839122842647443,60,0.00010318287502793431,2,2,Internal
JNJ,RMD,0.4400305760008484,60,0.00048780927596400937,2,0,External
JNJ,ROL,0.5333134041511972,60,1.3674200139702591e-05,2,2,Internal
JNJ,ROP,0.4555058995750582,60,0.0002888207481655069,2,2,Internal
JNJ,SBAC,0.6286242680039934,60,9.76453276031838e-08,2,2,Internal
JNJ,SHW,0.44112485518337513,60,0.0004704424349763569,2,0,External
JNJ,SJM,0.657059161517359,60,1.5854687673838822e-08,2,2,Internal
JNJ,SNA,0.4526976781513364,60,0.0003182282793340341,2,0,External
JNJ,SNPS,-0.518226765023289,60,2.6211738477308018e-05,2,6,External
JNJ,SO,0.5721325122939975,60,2.2020600865684047e-06,2,2,Internal
JNJ,SWK,0.531576766594092,60,1.4761246774735574e-05,2,0,External
JNJ,SYY,0.5236388159171018,60,2.0828893194282433e-05,2,2,Internal
JNJ,T,0.4260991414242226,60,0.000765852668181226,2,2,Internal
JNJ,TGT,0.4334658512758435,60,0.0006047827351958439,2,0,External
JNJ,TSN,0.5143867627614668,60,3.078250987179871e-05,2,2,Internal
JNJ,TXT,0.47168269777326427,60,0.00016250157364859052,2,0,External
JNJ,UDR,0.45941459373665633,60,0.0002520050770116147,2,2,Internal
JNJ,UNP,0.4767212380616698,60,0.0001350489172506502,2,0,External
JNJ,V,0.40933341287807345,60,0.0012855519920067305,2,2,Internal
JNJ,VICI,0.6667501713166332,60,8.158645333766571e-09,2,2,Internal
JNJ,VRSK,0.460280317257016,60,0.00024445377486104967,2,2,Internal
JNJ,VZ,0.4294512004227505,60,0.0006882882368517237,2,0,External
JNJ,WAT,0.4053367010921915,60,0.0014488733476124352,2,0,External
JNJ,WEC,0.559196488891301,60,4.152013969620653e-06,2,2,Internal
JNJ,WY,0.4831103179300024,60,0.00010635838048199247,2,2,Internal
JNJ,XEL,0.4622615534634044,60,0.00022794340256393147,2,2,Internal
JNJ,ZBH,0.47925679440128793,60,0.00012290619040220235,2,0,External
JNJ,ZTS,0.45851773555811687,60,0.00026005191317132796,2,2,Internal
JPM,KEY,0.48360302467259564,60,0.00010439697455804876,1,1,Internal
JPM,MA,0.42542555716174274,60,0.0007823604153438502,1,2,External
JPM,MCO,0.42296675291142316,60,0.0008453828087007772,1,2,External
JPM,MET,0.4537157655574579,60,0.00030726564624002426,1,1,Internal
JPM,MS,0.6116944543894833,60,2.6485115079088634e-07,1,1,Internal
JPM,MTB,0.5155278618501902,60,2.935266822885477e-05,1,1,Internal
JPM,NDAQ,0.46995128856812696,60,0.00017305639940936267,1,1,Internal
JPM,NTRS,0.4751291375944158,60,0.0001432255687003792,1,1,Internal
JPM,NVDA,-0.411881882999289,60,0.0011902453435414274,1,6,External
JPM,NWS,0.47999152986959637,60,0.00011957960303159582,1,1,Internal
JPM,NWSA,0.5489426440053141,60,6.7374217029232255e-06,1,1,Internal
JPM,PNC,0.5894605998657568,60,9.015266998268802e-07,1,1,Internal
JPM,PNR,0.40162798297784164,60,0.0016168236641098963,1,1,Internal
JPM,RF,0.5313492054192435,60,1.490948447266156e-05,1,1,Internal
JPM,RJF,0.5277176151439723,60,1.7470081804127363e-05,1,1,Internal
JPM,SCHW,0.4353883067513214,60,0.0005681410681964982,1,1,Internal
JPM,SPGI,0.4893727559941107,60,8.37726523045201e-05,1,1,Internal
JPM,STT,0.42598446148811897,60,0.0007686407447716044,1,1,Internal
JPM,TFC,0.5815284444268928,60,1.3655200236205675e-06,1,1,Internal
JPM,TPR,0.4570179193730391,60,0.000274034031707037,1,4,External
JPM,USB,0.40751075468942677,60,0.0013578618632160912,1,1,Internal
JPM,WFC,0.6344573042076656,60,6.827276669083814e-08,1,1,Internal
K,PFE,0.41366197723809744,60,0.0011274941301953785,2,0,External
K,SO,0.42060132114290255,60,0.000910299470532429,2,2,Internal
KDP,KHC,0.5430090905940647,60,8.851426071146704e-06,2,2,Internal
KDP,KMB,0.46412878057639434,60,0.00021332186522407732,2,2,Internal
KDP,KO,0.6185744611267663,60,1.77822065282511e-07,2,2,Internal
KDP,L,0.4097506664525913,60,0.0012694930183055385,2,2,Internal
KDP,LIN,0.44317490172253976,60,0.0004394099657413739,2,0,External
KDP,LNT,0.43053137281022374,60,0.0006648518360203378,2,2,Internal
KDP,MA,0.44881615548906567,60,0.00036337119896404893,2,2,Internal
KDP,MCO,0.4303887168460176,60,0.0006679050766114452,2,2,Internal
KDP,MDLZ,0.5939608818010033,60,7.087966490021719e-07,2,2,Internal
KDP,MET,0.4599056356947457,60,0.0002476962257146973,2,1,External
KDP,MKC,0.4678259868941026,60,0.00018686887208733545,2,2,Internal
KDP,MNST,0.45411037963923256,60,0.0003031098528198967,2,2,Internal
KDP,MRK,0.4113495194043752,60,0.0012096125613640315,2,1,External
KDP,NVDA,-0.4225628153403082,60,0.0008561636356852438,2,6,External
KDP,PEP,0.6823745838555382,60,2.65077183052902e-09,2,2,Internal
KDP,PG,0.4813943625411398,60,0.00011345651532452072,2,2,Internal
KDP,PGR,0.4514747963641814,60,0.0003318665050362564,2,2,Internal
KDP,PNR,0.4747199054274036,60,0.00014539933480015694,2,1,External
KDP,PNW,0.4653958305220437,60,0.00020389374694850714,2,2,Internal
KDP,PPL,0.4329719819553541,60,0.0006145349859294236,2,2,Internal
KDP,PYPL,0.4362410459588383,60,0.000552541808914043,2,1,External
KDP,SBAC,0.4432421433240763,60,0.0004384243522010816,2,2,Internal
KDP,SJM,0.48738016261482126,60,9.042865491037812e-05,2,2,Internal
KDP,SPGI,0.4176615215106299,60,0.0009972278717173034,2,1,External
KDP,TRV,0.40882010042460265,60,0.0013055582117601128,2,2,Internal
KDP,TSN,0.5400815301223534,60,1.010798145343983e-05,2,2,Internal
KDP,VRSK,0.5193688644666377,60,2.497872634743292e-05,2,2,Internal
KEY,MET,0.48784034426792744,60,8.884969826739325e-05,1,1,Internal
KEY,MS,0.5215791629994005,60,2.2743585127755407e-05,1,1,Internal
KEY,MTB,0.6610439618511869,60,1.2099999609425495e-08,1,1,Internal
KEY,PNC,0.6497280352185473,60,2.5799126107668997e-08,1,1,Internal
KEY,PRU,0.422375059764081,60,0.0008612168172927215,1,1,Internal
KEY,RF,0.538076302446338,60,1.1062223490479497e-05,1,1,Internal
KEY,STT,0.437998760856043,60,0.0005216061295033065,1,1,Internal
KEY,SYF,0.4179976996907811,60,0.0009869220423231449,1,1,Internal
KEY,TFC,0.6588804267120071,60,1.4019395304723612e-08,1,1,Internal
KEY,TSCO,-0.4630416638561752,60,0.00022172680900969398,1,0,External
KEY,USB,0.5124296542469929,60,3.338569144466966e-05,1,1,Internal
KEY,WFC,0.6489629994013493,60,2.712330315154713e-08,1,1,Internal
KHC,KIM,0.45827778786518747,60,0.00026224417491258785,2,2,Internal
KHC,KMB,0.7306012453511743,60,5.094382893569554e-11,2,2,Internal
KHC,KO,0.6346734015864787,60,6.736399401797066e-08,2,2,Internal
KHC,KVUE,0.4970629517322577,60,6.208913870210416e-05,2,0,External
KHC,L,0.527812045225854,60,1.739863358801604e-05,2,2,Internal
KHC,LH,0.4268354175225805,60,0.000748169055888509,2,0,External
KHC,LHX,0.45171680994666347,60,0.0003291259314193502,2,0,External
KHC,LIN,0.40141846669446957,60,0.0016268121591963766,2,0,External
KHC,LMT,0.47035471163964376,60,0.00017054252066449137,2,0,External
KHC,LNT,0.5074609793524156,60,4.093586428275414e-05,2,2,Internal
KHC,MA,0.404647869381301,60,0.0014788301859705996,2,2,Internal
KHC,MAA,0.46269943832990074,60,0.00022443463568847395,2,2,Internal
KHC,MAS,0.43631622434365724,60,0.0005511853591271011,2,0,External
KHC,MCD,0.5040509012268443,60,4.699828393914973e-05,2,0,External
KHC,MCO,0.44828668180791204,60,0.00036996130368904947,2,2,Internal
KHC,MDLZ,0.7705447588912361,60,9.579352878677934e-13,2,2,Internal
KHC,MKC,0.6843271358942938,60,2.292176119013198e-09,2,2,Internal
KHC,MMC,0.45058478374112565,60,0.0003421247199210718,2,2,Internal
KHC,MNST,0.5041594096893178,60,4.6793261698736104e-05,2,2,Internal
KHC,MO,0.5086004813724766,60,3.907680660318869e-05,2,2,Internal
KHC,MTD,0.4960870131717125,60,6.452039582879484e-05,2,0,External
KHC,NDSN,0.530727242483945,60,1.5321718272591596e-05,2,0,External
KHC,NEE,0.5482624177581326,60,6.95337774953198e-06,2,2,Internal
KHC,NRG,-0.4478000294504092,60,0.00037611413272919036,2,6,External
KHC,NSC,0.4178264230038135,60,0.0009921606222698738,2,0,External
KHC,NTRS,0.41997761819956686,60,0.0009281490097084268,2,1,External
KHC,NVDA,-0.4248637916089184,60,0.0007963728502758723,2,6,External
KHC,O,0.598365244447775,60,5.581389474832707e-07,2,2,Internal
KHC,OMC,0.4396183369453384,60,0.0004945011978177066,2,0,External
KHC,OTIS,0.6589771514653284,60,1.3927770457310752e-08,2,0,External
KHC,PAYX,0.455861114558316,60,0.00028528302680094856,2,2,Internal
KHC,PCAR,0.45625095943116134,60,0.0002814459193007065,2,0,External
KHC,PEP,0.7927168010932367,60,7.343233286883049e-14,2,2,Internal
KHC,PFE,0.4186988182224583,60,0.0009657368263359366,2,0,External
KHC,PG,0.5978131335277397,60,5.752236294171614e-07,2,2,Internal
KHC,PGR,0.5309252428056003,60,1.5189351475139735e-05,2,2,Internal
KHC,PNW,0.6010961093927715,60,4.804098053203261e-07,2,2,Internal
KHC,POOL,0.4294047562710834,60,0.000689312483338839,2,0,External
KHC,PPL,0.48266355004259837,60,0.00010816610094319176,2,2,Internal
KHC,PSA,0.5822841713736383,60,1.3131774086756832e-06,2,2,Internal
KHC,REG,0.42926638191710353,60,0.0006923722710677957,2,2,Internal
KHC,ROL,0.47387027509105906,60,0.00015000925670689833,2,2,Internal
KHC,ROP,0.5156417765509257,60,2.9213353305214924e-05,2,2,Internal
KHC,SBAC,0.6374383101383514,60,5.669792170967461e-08,2,2,Internal
KHC,SJM,0.780571030668504,60,3.1110060492927645e-13,2,2,Internal
KHC,SO,0.6922440029260809,60,1.256744343050028e-09,2,2,Internal
KHC,SPGI,0.42287241988217383,60,0.0008478894702930891,2,1,External
KHC,STE,0.4413452602814745,60,0.00046701314473190323,2,0,External
KHC,STZ,0.6321116512459541,60,7.890948867780137e-08,2,2,Internal
KHC,SWK,0.5132749618598265,60,3.2237333332237405e-05,2,0,External
KHC,SYY,0.6946933085975053,60,1.0394740920911252e-09,2,2,Internal
KHC,T,0.49592309130780965,60,6.493725507092e-05,2,2,Internal
KHC,TAP,0.5724035999986585,60,2.172357935346846e-06,2,2,Internal
KHC,TMUS,0.41741645334258737,60,0.0010048016387723872,2,2,Internal
KHC,TROW,0.4508669951047196,60,0.00033884114423967125,2,0,External
KHC,TRV,0.48262337242566067,60,0.0001083300430039637,2,2,Internal
KHC,TSN,0.7025186961845691,60,5.596270284119171e-10,2,2,Internal
KHC,TXT,0.496981437313143,60,6.228892998780631e-05,2,0,External
KHC,UDR,0.5053238742280655,60,4.464440098264427e-05,2,2,Internal
KHC,UNP,0.4795787422939648,60,0.00012143822754319137,2,0,External
KHC,VICI,0.6147862339251744,60,2.216982903064355e-07,2,2,Internal
KHC,VLTO,0.4404147920943839,60,0.00048164635790899564,2,0,External
KHC,VRSK,0.683519154901765,60,2.4346026839480857e-09,2,2,Internal
KHC,VZ,0.6344983040899392,60,6.809946333134942e-08,2,0,External
KHC,WEC,0.6288794334210889,60,9.614364986222078e-08,2,2,Internal
KHC,WRB,0.4239323699724175,60,0.0008201059617466166,2,2,Internal
KHC,WY,0.4758723295623114,60,0.00013935385940330229,2,2,Internal
KHC,XEL,0.4787179662977954,60,0.00012539951097281825,2,2,Internal
KHC,YUM,0.4316202950269054,60,0.0006419587656355221,2,4,External
KHC,ZTS,0.4337076144092314,60,0.0006000600183499944,2,2,Internal
KIM,KMB,0.5070247090799959,60,4.1668988429007386e-05,2,2,Internal
KIM,KO,0.4679513565602512,60,0.00018602690486331047,2,2,Internal
KIM,L,0.4916231737494002,60,7.679889597267213e-05,2,2,Internal
KIM,LHX,0.4550679237337056,60,0.0002932377540340704,2,0,External
KIM,LMT,0.4544205359201419,60,0.00029987952915373024,2,0,External
KIM,LNT,0.515057035040581,60,2.9935021016304793e-05,2,2,Internal
KIM,LOW,0.4296821488682534,60,0.0006832154754437615,2,0,External
KIM,MA,0.4867403875150859,60,9.266669738175804e-05,2,2,Internal
KIM,MAA,0.6571834811328279,60,1.5722521565128435e-08,2,2,Internal
KIM,MAS,0.44853735362155683,60,0.00036682787786659015,2,0,External
KIM,MCO,0.5124072722816989,60,3.341660504801579e-05,2,2,Internal
KIM,MDLZ,0.458225545188619,60,0.000262723715146182,2,2,Internal
KIM,MET,0.4530186967030016,60,0.0003147337344145192,2,1,External
KIM,MKC,0.5402629765063491,60,1.0025521143615883e-05,2,2,Internal
KIM,MMC,0.5667281223752595,60,2.8794996098191493e-06,2,2,Internal
KIM,MO,0.4140402086301392,60,0.0011145506241135735,2,2,Internal
KIM,MTD,0.4592715381900158,60,0.000253273181889656,2,0,External
KIM,MU,-0.4769422912393129,60,0.00013394811005853368,2,6,External
KIM,NDAQ,0.44386506205448234,60,0.0004293887561258251,2,1,External
KIM,NDSN,0.42067598862345584,60,0.0009081834699014961,2,0,External
KIM,NSC,0.42599698417716536,60,0.0007683358501905073,2,0,External
KIM,NTRS,0.42593943967194087,60,0.0007697378108805961,2,1,External
KIM,NVDA,-0.5016554802551982,60,5.17408945946672e-05,2,6,External
KIM,NVR,0.48134726907043657,60,0.00011365731072979147,2,0,External
KIM,O,0.6546896924663136,60,1.858351341940592e-08,2,2,Internal
KIM,ORLY,0.46218522306489335,60,0.00022856014016139933,2,0,External
KIM,OTIS,0.5251307143668805,60,1.9536468548277668e-05,2,0,External
KIM,PAYX,0.4884023571442804,60,8.69557288385433e-05,2,2,Internal
KIM,PEP,0.5526447351105547,60,5.66750824322792e-06,2,2,Internal
KIM,PFG,0.40463216206493674,60,0.0014795197163713376,2,1,External
KIM,PG,0.4837518044561998,60,0.00010381126288836418,2,2,Internal
KIM,PLD,0.4485859664846692,60,0.0003662230142061877,2,0,External
KIM,PNC,0.4563728970830772,60,0.00028025542676851943,2,1,External
KIM,PNW,0.49974641714903534,60,5.583240595537414e-05,2,2,Internal
KIM,POOL,0.46647999737851753,60,0.00019613054617767365,2,0,External
KIM,PPL,0.5140320979377063,60,3.12398688438388e-05,2,2,Internal
KIM,PSA,0.6000336295115797,60,5.093586750715222e-07,2,2,Internal
KIM,REG,0.7254754011011174,60,8.063872780013712e-11,2,2,Internal
KIM,ROL,0.5164620934350979,60,2.8228040568876476e-05,2,2,Internal
KIM,SBAC,0.6075952680828617,60,3.3430590018358326e-07,2,2,Internal
KIM,SHW,0.47956775662778073,60,0.00012148805187161501,2,0,External
KIM,SJM,0.48304869461932,60,0.00010660606163040422,2,2,Internal
KIM,SO,0.5797025610265939,60,1.5001486741163463e-06,2,2,Internal
KIM,SPG,0.5634590111164761,60,3.3789807704281308e-06,2,2,Internal
KIM,SYY,0.5779973632133573,60,1.6369991522624657e-06,2,2,Internal
KIM,TDG,0.4055379224183942,60,0.0014402256928840761,2,1,External
KIM,TJX,0.46497613328298865,60,0.0002069736654012438,2,4,External
KIM,TSN,0.56228682711438,60,3.576964128512893e-06,2,2,Internal
KIM,TXT,0.45666466820015295,60,0.00027742544414688673,2,0,External
KIM,UDR,0.6833257433752956,60,2.4699187337400008e-09,2,2,Internal
KIM,UNP,0.5457328561801252,60,7.81425811123419e-06,2,0,External
KIM,V,0.49635949103592597,60,6.383292407139503e-05,2,2,Internal
KIM,VICI,0.6167964490465048,60,1.972859048601835e-07,2,2,Internal
KIM,VRSK,0.4283977297409757,60,0.000711862482736029,2,2,Internal
KIM,VTR,0.42840144075347353,60,0.0007117781731228056,2,2,Internal
KIM,WEC,0.5991020400657079,60,5.360798531510426e-07,2,2,Internal
KIM,WELL,0.5176289266284625,60,2.6879394602976666e-05,2,2,Internal
KIM,WTW,0.4766800803860917,60,0.000135254788978216,2,2,Internal
KIM,WY,0.4540836407579842,60,0.00030338982154833955,2,2,Internal
KIM,XEL,0.507374178904177,60,4.108077091105259e-05,2,2,Internal
KIM,ZTS,0.45948859543581627,60,0.00025135137106996563,2,2,Internal
KLAC,LRCX,0.7857191676840125,60,1.7063884557195237e-13,6,6,Internal
KLAC,MU,0.6002908262482233,60,5.022045483342445e-07,6,6,Internal
KLAC,PEG,0.5025737254735191,60,4.987304048957492e-05,6,6,Internal
KLAC,PWR,0.4701382664208315,60,0.0001718870846613057,6,6,Internal
KLAC,T,-0.4247427774883512,60,0.0007994208850278053,6,2,External
KLAC,TER,0.4033044007421203,60,0.00153885947148448,6,6,Internal
KLAC,TT,0.43329868709977243,60,0.0006080678576862236,6,6,Internal
KMB,KO,0.7107269739819034,60,2.8600777616300306e-10,2,2,Internal
KMB,KR,0.41906507614854005,60,0.0009548336303526502,2,0,External
KMB,KVUE,0.565172869254104,60,3.1078408417800504e-06,2,0,External
KMB,L,0.5112956488528225,60,3.498566996147861e-05,2,2,Internal
KMB,LHX,0.40834736600367016,60,0.001324229778984759,2,0,External
KMB,LIN,0.47424441126959516,60,0.000147963017638645,2,0,External
KMB,LMT,0.4915210517295768,60,7.710341673597102e-05,2,0,External
KMB,LNT,0.5395842869161367,60,1.0337200448922375e-05,2,2,Internal
KMB,MA,0.5601251050617736,60,3.970746673321847e-06,2,2,Internal
KMB,MAA,0.4987425035808155,60,5.81017074622358e-05,2,2,Internal
KMB,MCD,0.4782368296389146,60,0.00012766499400215653,2,0,External
KMB,MCK,0.4699197033192076,60,0.00017325464320538467,2,0,External
KMB,MCO,0.40572646876610563,60,0.0014321648017258087,2,2,Internal
KMB,MDLZ,0.7104099072349098,60,2.9364628430531217e-10,2,2,Internal
KMB,MET,0.40296528712801,60,0.0015543529618616417,2,1,External
KMB,META,-0.4007857494254832,60,0.0016573126989488944,2,9,External
KMB,MKC,0.6634855736456989,60,1.0232837862614485e-08,2,2,Internal
KMB,MMC,0.6193472840189601,60,1.6993806734371814e-07,2,2,Internal
KMB,MNST,0.5675274957507616,60,2.7683244056233813e-06,2,2,Internal
KMB,MO,0.581045310255001,60,1.3999985545561237e-06,2,2,Internal
KMB,MTD,0.41566274934984215,60,0.0010605291257281243,2,0,External
KMB,NDSN,0.5117574027295569,60,3.4325813773783515e-05,2,0,External
KMB,NEE,0.5646373321306354,60,3.1903025468679927e-06,2,2,Internal
KMB,NOC,0.43128549359789486,60,0.0006489203525471905,2,0,External
KMB,NRG,-0.4330841840406394,60,0.0006123069573930011,2,6,External
KMB,NSC,0.4454676436122524,60,0.00040691509311000483,2,0,External
KMB,NTRS,0.432493234902086,60,0.0006241243229740722,2,1,External
KMB,NVDA,-0.5327071064657541,60,1.4044974787373726e-05,2,6,External
KMB,O,0.5734708240597327,60,2.0590249960827087e-06,2,2,Internal
KMB,OMC,0.4847735696383622,60,9.986963201008266e-05,2,0,External
KMB,OTIS,0.7291595566379837,60,5.802886576393953e-11,2,0,External
KMB,PAYX,0.649339486619342,60,2.646383476927619e-08,2,2,Internal
KMB,PCAR,0.4053795993126793,60,0.0014470258644502289,2,0,External
KMB,PEP,0.7255599955576741,60,8.003652315813697e-11,2,2,Internal
KMB,PFG,0.48648296234841104,60,9.358148889275015e-05,2,1,External
KMB,PG,0.7942326007573632,60,6.09139398166092e-14,2,2,Internal
KMB,PGR,0.4197585036931008,60,0.0009344942867577016,2,2,Internal
KMB,PNW,0.5916503943980308,60,8.02321767526288e-07,2,2,Internal
KMB,POOL,0.41705016455706956,60,0.0010162183241177875,2,0,External
KMB,PPL,0.577044355855937,60,1.7184816153108605e-06,2,2,Internal
KMB,PSA,0.5292368163903263,60,1.6352972162171326e-05,2,2,Internal
KMB,REG,0.5795110737228142,60,1.5149650657926324e-06,2,2,Internal
KMB,RMD,0.4446817733229744,60,0.0004177985145802493,2,0,External
KMB,ROL,0.5720699157818028,60,2.208972280172359e-06,2,2,Internal
KMB,SBAC,0.5703453963665986,60,2.4075662186016806e-06,2,2,Internal
KMB,SJM,0.7080109394930643,60,3.580481820858419e-10,2,2,Internal
KMB,SNA,0.4750233560123788,60,0.00014378458846651452,2,0,External
KMB,SO,0.7219616863388796,60,1.0982735361554002e-10,2,2,Internal
KMB,STZ,0.49468204831167745,60,6.817466234108344e-05,2,2,Internal
KMB,SWK,0.4119757000774989,60,0.0011868613512953027,2,0,External
KMB,SYY,0.5805102582047353,60,1.4391317753094725e-06,2,2,Internal
KMB,T,0.555450236164108,60,4.964529764947754e-06,2,2,Internal
KMB,TAP,0.4071397092714167,60,0.0013730219442871325,2,2,Internal
KMB,TMUS,0.40296559443755475,60,0.0015543388583893851,2,2,Internal
KMB,TROW,0.4530305489010043,60,0.00031460538546433756,2,0,External
KMB,TRV,0.45777197988570073,60,0.0002669207774610051,2,2,Internal
KMB,TSN,0.6681042328137692,60,7.420873372786338e-09,2,2,Internal
KMB,TXT,0.4692270932802229,60,0.00017765437339596924,2,0,External
KMB,UDR,0.5316670597522792,60,1.4702807920441092e-05,2,2,Internal
KMB,UNP,0.5671187988904526,60,2.824654538054881e-06,2,0,External
KMB,V,0.5296714902144235,60,1.6045753483738706e-05,2,2,Internal
KMB,VICI,0.44323953402414634,60,0.0004384625612983034,2,2,Internal
KMB,VLTO,0.4243854275698361,60,0.0008084832005760293,2,0,External
KMB,VRSK,0.6040744017785634,60,4.072730392257712e-07,2,2,Internal
KMB,VZ,0.6337851180277562,60,7.117398009070146e-08,2,0,External
KMB,WEC,0.6652454298550002,60,9.059707668696275e-09,2,2,Internal
KMB,WTW,0.4203725115617297,60,0.0009168114188238834,2,2,Internal
KMB,XEL,0.5629649413002832,60,3.4611493718897592e-06,2,2,Internal
KMB,ZBH,0.400717452761087,60,0.0016606354102037936,2,0,External
KMI,NI,0.5766488357084433,60,1.75339947693151e-06,6,6,Internal
KMI,NRG,0.5463205247631422,60,7.605848977000115e-06,6,6,Internal
KMI,OKE,0.6773154629100853,60,3.843291720076842e-09,6,6,Internal
KMI,ORCL,0.5146870255226966,60,3.040015302814901e-05,6,6,Internal
KMI,PEG,0.6815722694224582,60,2.8130055903866817e-09,6,6,Internal
KMI,PWR,0.6080855494614118,60,3.2517867946157724e-07,6,6,Internal
KMI,TPL,0.4487525147469923,60,0.00036415761730700525,6,6,Internal
KMI,TRGP,0.6991300099352863,60,7.335018854442625e-10,6,6,Internal
KMI,TT,0.6189646958595376,60,1.7379904167839443e-07,6,6,Internal
KMI,WMB,0.8483183652862712,60,2.24101254146162e-17,6,6,Internal
KO,KVUE,0.5748198775395051,60,1.9236648456449188e-06,2,0,External
KO,LMT,0.4542907225910377,60,0.0003012277171804058,2,0,External
KO,LNT,0.5894016380853281,60,9.043503207385985e-07,2,2,Internal
KO,MA,0.53811483939357,60,1.1043121661052566e-05,2,2,Internal
KO,MAA,0.4618813577994349,60,0.00023103046261063463,2,2,Internal
KO,MAS,0.47696025265038666,60,0.00013385902764479645,2,0,External
KO,MCO,0.5035808983492371,60,4.789594008244685e-05,2,2,Internal
KO,MDLZ,0.704626519919507,60,4.720429605895204e-10,2,2,Internal
KO,MDT,0.42337683903099316,60,0.0008345633648874204,2,2,Internal
KO,MET,0.4326477273842875,60,0.0006210151252058514,2,1,External
KO,MKC,0.5562082747272212,60,4.789036815812277e-06,2,2,Internal
KO,MMC,0.4884545527165446,60,8.678172815132038e-05,2,2,Internal
KO,MNST,0.4598842955233556,60,0.0002478820772686319,2,2,Internal
KO,MO,0.48745629841458005,60,9.016565302581814e-05,2,2,Internal
KO,MSFT,-0.41368890306096545,60,0.0011265682468775,2,0,External
KO,NEE,0.4309929646777621,60,0.0006550588097450774,2,2,Internal
KO,NSC,0.45378398547383253,60,0.0003065435116803084,2,0,External
KO,NVDA,-0.5310120898398359,60,1.513162801459356e-05,2,6,External
KO,O,0.4575408820898734,60,0.00026908267611201275,2,2,Internal
KO,OTIS,0.5382890604794609,60,1.0957146238494244e-05,2,0,External
KO,PAYX,0.41684369262096405,60,0.0010227051211302404,2,2,Internal
KO,PEP,0.681348755711115,60,2.8598496738359833e-09,2,2,Internal
KO,PFG,0.42740791981073806,60,0.0007346748378460765,2,1,External
KO,PG,0.6271455044047265,60,1.0679213181351252e-07,2,2,Internal
KO,PGR,0.5067889712067157,60,4.207015658407241e-05,2,2,Internal
KO,PNW,0.5967679685084649,60,6.089165421881786e-07,2,2,Internal
KO,PPL,0.5605578631682252,60,3.8888170809177755e-06,2,2,Internal
KO,PSA,0.47103047492321054,60,0.0001664063618762371,2,2,Internal
KO,REG,0.49316254767841294,60,7.234063046397896e-05,2,2,Internal
KO,ROL,0.5011229388455104,60,5.2853507235013564e-05,2,2,Internal
KO,RSG,0.4292447750694175,60,0.0006928511573701473,2,2,Internal
KO,SBAC,0.5863656858155931,60,1.0614607747048554e-06,2,2,Internal
KO,SHW,0.4050105646460205,60,0.0014629882833827657,2,0,External
KO,SJM,0.5918176997929087,60,7.951791099926886e-07,2,2,Internal
KO,SO,0.6653506508647489,60,8.993758810329282e-09,2,2,Internal
KO,SPG,0.4601966820387913,60,0.0002451741667559277,2,2,Internal
KO,SPGI,0.48738974316008743,60,9.039552134318372e-05,2,1,External
KO,SYY,0.5841206809203146,60,1.1936975655020494e-06,2,2,Internal
KO,T,0.4824564493679317,60,0.00010901360689133244,2,2,Internal
KO,TDG,0.42060696119161195,60,0.0009101394821754893,2,1,External
KO,TMUS,0.4414432354732137,60,0.00046549604469035453,2,2,Internal
KO,TSN,0.5776220654326745,60,1.668646175339396e-06,2,2,Internal
KO,TXT,0.4590859467057881,60,0.00025492702085013955,2,0,External
KO,UDR,0.4830003818282507,60,0.00010680061434559127,2,2,Internal
KO,UNP,0.45303697299565726,60,0.00031453583805909175,2,0,External
KO,V,0.46365117990857535,60,0.00021697786863131632,2,2,Internal
KO,VICI,0.4301138691484496,60,0.0006738233849056741,2,2,Internal
KO,VRSK,0.5659285211663503,60,2.9948648361210247e-06,2,2,Internal
KO,VZ,0.4211822186045592,60,0.0008939540255449788,2,0,External
KO,WEC,0.6084825798763833,60,3.179594803828113e-07,2,2,Internal
KO,WM,0.47707163321040236,60,0.0001333078300388449,2,2,Internal
KO,XEL,0.4984007126992962,60,5.889350181206263e-05,2,2,Internal
KR,LYB,0.4166550576264489,60,0.0010286641042367233,0,0,Internal
KR,MCD,0.48591642925776196,60,9.562403305208686e-05,0,0,Internal
KR,PG,0.4006969713576656,60,0.0016616330159580416,0,2,External
KR,SJM,0.46546202424550237,60,0.00020341183181606603,0,2,External
KR,T,0.4065645668200575,60,0.0013968213509615484,0,2,External
KR,TSCO,0.44556116760109665,60,0.0004056371987264915,0,0,Internal
KR,TSN,0.40347472395238637,60,0.0015311300517007384,0,2,External
KR,VZ,0.4991222006688678,60,5.72336087525177e-05,0,0,Internal
KVUE,LNT,0.5219495593632802,60,2.238766704429297e-05,0,2,External
KVUE,MAS,0.4090183716328196,60,0.0012977977364999462,0,0,Internal
KVUE,MDLZ,0.49843878214879034,60,5.880482049144108e-05,0,2,External
KVUE,MKC,0.4419711088503308,60,0.0004573988964849388,0,2,External
KVUE,MNST,0.5699927394120359,60,2.450179210276408e-06,0,2,External
KVUE,PEP,0.5812801580464583,60,1.3831383325905762e-06,0,2,External
KVUE,PFE,0.5155133371708123,60,2.9370475658767963e-05,0,0,Internal
KVUE,PNW,0.4886850221963765,60,8.601724881131286e-05,0,2,External
KVUE,RMD,0.41905835636086364,60,0.00095503266952994,0,0,Internal
KVUE,RSG,0.4527936167114667,60,0.00031718022612965485,0,2,External
KVUE,SJM,0.49612668971799134,60,6.441986807666675e-05,0,2,External
KVUE,SNA,0.43926659145800784,60,0.0005002768630474071,0,0,Internal
KVUE,SO,0.5098439402870617,60,3.713731406148162e-05,0,2,External
KVUE,STZ,0.4179978371986919,60,0.0009869178466089736,0,2,External
KVUE,SWKS,0.45028631542763575,60,0.00034562894312981156,0,0,Internal
KVUE,SYY,0.4669919558970237,60,0.00019255943422428568,0,2,External
KVUE,T,0.4999613265744006,60,5.535735476543939e-05,0,2,External
KVUE,TSN,0.41031011232851955,60,0.0012482443044749647,0,2,External
KVUE,V,0.4025169876997113,60,0.0015750494630350942,0,2,External
KVUE,VRSK,0.4013693759862041,60,0.0016291604900905518,0,2,External
KVUE,WEC,0.4568981195535262,60,0.0002751799175729779,0,2,External
KVUE,WM,0.4147595999886117,60,0.0010903006354110506,0,2,External
KVUE,XEL,0.47692197099067707,60,0.00013404895701816833,0,2,External
KVUE,ZBH,0.45570716884192003,60,0.00028681135155566423,0,0,Internal
L,LHX,0.47308024889633543,60,0.00015441552111167565,2,0,External
L,LMT,0.4093024552965868,60,0.0012867507066857947,2,0,External
L,LNT,0.6324673697738735,60,7.720173704420041e-08,2,2,Internal
L,MA,0.6069434086029447,60,3.46814026164575e-07,2,2,Internal
L,MAA,0.6312858968254649,60,8.301199234451523e-08,2,2,Internal
L,MCO,0.5817446019151509,60,1.3503527596361186e-06,2,2,Internal
L,MDLZ,0.47694506594569563,60,0.0001339343449217649,2,2,Internal
L,MET,0.6011063337077759,60,4.801388809131966e-07,2,1,External
L,MKC,0.59535099035529,60,6.5755747726571e-07,2,2,Internal
L,MMC,0.6927693433240144,60,1.206797715528056e-09,2,2,Internal
L,MO,0.468376349042675,60,0.00018319846045302448,2,2,Internal
L,MSCI,0.45599276767935976,60,0.0002839819098633455,2,2,Internal
L,NDAQ,0.49561659570868266,60,6.572334592902844e-05,2,1,External
L,NTRS,0.5212325527185381,60,2.3081385433116055e-05,2,1,External
L,NVDA,-0.5543621743760193,60,5.226919920782385e-06,2,6,External
L,O,0.4913107673140223,60,7.773397206609734e-05,2,2,Internal
L,OTIS,0.41837626747672274,60,0.0009754316797071038,2,0,External
L,PAYX,0.5528203566163344,60,5.6209163678713915e-06,2,2,Internal
L,PEP,0.5271582406228134,60,1.7898927192543656e-05,2,2,Internal
L,PFG,0.5596860561146176,60,4.0555098017606795e-06,2,1,External
L,PG,0.4764845495759695,60,0.00013623677479084327,2,2,Internal
L,PGR,0.5116968981960697,60,3.4411616381784026e-05,2,2,Internal
L,PNC,0.5840686086208111,60,1.1969402873809457e-06,2,1,External
L,PNW,0.5737619583471071,60,2.0290815344388104e-06,2,2,Internal
L,PPL,0.5489067214087016,60,6.748668349597569e-06,2,2,Internal
L,PRU,0.6104681753738533,60,2.840591686352644e-07,2,1,External
L,PSA,0.4889757286534613,60,8.506179141109195e-05,2,2,Internal
L,REG,0.5424399718753966,60,9.083704168448485e-06,2,2,Internal
L,RF,0.5143877083913697,60,3.0781298751111634e-05,2,1,External
L,ROL,0.524736537550874,60,1.9870518833838137e-05,2,2,Internal
L,RTX,0.4333299926248357,60,0.0006074514121845629,2,1,External
L,SBAC,0.5152118639203231,60,2.9742348778501693e-05,2,2,Internal
L,SHW,0.41472489108249466,60,0.0010914596461113926,2,0,External
L,SJM,0.46657230081356066,60,0.00019548225238631773,2,2,Internal
L,SNA,0.4012937790979879,60,0.0016327827233403496,2,0,External
L,SO,0.5152084895158902,60,2.9746535703485186e-05,2,2,Internal
L,STT,0.5416503962397101,60,9.415352327852037e-06,2,1,External
L,STZ,0.4362165117227756,60,0.0005529851365850493,2,2,Internal
L,SYY,0.4115594870668047,60,0.0012019404279216812,2,2,Internal
L,T,0.42430274894301345,60,0.0008105930817955974,2,2,Internal
L,TAP,0.4099715877000658,60,0.001261063529910712,2,2,Internal
L,TFC,0.49869590939387887,60,5.8209067181160155e-05,2,1,External
L,TMUS,0.40645144143555706,60,0.0014015458149212448,2,2,Internal
L,TROW,0.4134956397728671,60,0.0011332290777099096,2,0,External
L,TRV,0.6656420252967469,60,8.813496128613149e-09,2,2,Internal
L,TSN,0.5503338393715217,60,6.31504803944036e-06,2,2,Internal
L,TXT,0.5341762674585117,60,1.3162168541130478e-05,2,0,External
L,UDR,0.6847749493147434,60,2.216675236661052e-09,2,2,Internal
L,UHS,0.4370105367838682,60,0.0005387997551479103,2,0,External
L,V,0.548953154186988,60,6.734134475042322e-06,2,2,Internal
L,VICI,0.5223111433353267,60,2.204519832810976e-05,2,2,Internal
L,VRSK,0.593332644696333,60,7.331605844308938e-07,2,2,Internal
L,VTR,0.421504829979263,60,0.0008849910898614399,2,2,Internal
L,WEC,0.5928226974783248,60,7.535118805199098e-07,2,2,Internal
L,WELL,0.403308668720663,60,0.0015386653604078737,2,2,Internal
L,WRB,0.5743015790025103,60,1.9746542656321398e-06,2,2,Internal
L,WTW,0.48695766139243224,60,9.190099127786865e-05,2,2,Internal
L,WY,0.504961407622828,60,4.530331742751394e-05,2,2,Internal
L,XEL,0.6150865276416445,60,2.1787936667143565e-07,2,2,Internal
LDOS,LHX,0.4793785242740982,60,0.00012234924423706504,0,0,Internal
LDOS,LMT,0.4312880855582041,60,0.0006488661960503036,0,0,Internal
LDOS,NDSN,0.45834042934386987,60,0.0002616702359755864,0,0,Internal
LEN,LKQ,0.45900731404830597,60,0.0002556306979315302,0,0,Internal
LEN,LOW,0.4843243865505838,60,0.00010158518212698015,0,0,Internal
LEN,MAS,0.6899594552569138,60,1.4976450613517467e-09,0,0,Internal
LEN,MCK,0.4450324186900946,60,0.00041291019988217657,0,0,Internal
LEN,MHK,0.615397894111232,60,2.1398497995486334e-07,0,0,Internal
LEN,NDSN,0.6261533146887074,60,1.1337504679095969e-07,0,0,Internal
LEN,NRG,-0.4503529930516559,60,0.00034484328003566236,0,6,External
LEN,NVR,0.831109870966063,60,3.7435539120566195e-16,0,0,Internal
LEN,OTIS,0.534376510091493,60,1.304591490241268e-05,0,0,Internal
LEN,PEP,0.43810943671972574,60,0.0005197118523794581,0,2,External
LEN,PHM,0.8894928158852758,60,4.8250568072444745e-21,0,0,Internal
LEN,POOL,0.5946472415729056,60,6.830470957539554e-07,0,0,Internal
LEN,PPG,0.42775840061639087,60,0.0007265227538505454,0,0,Internal
LEN,PWR,-0.4021074622060037,60,0.0015941713447798378,0,6,External
LEN,ROP,0.48931387725837017,60,8.396268877890105e-05,0,2,External
LEN,SBAC,0.40032316746445146,60,0.0016799347252115383,0,2,External
LEN,SHW,0.4526811602930752,60,0.0003184090419036276,0,0,Internal
LEN,STE,0.4473121729057351,60,0.0003823754709852237,0,0,Internal
LEN,SWK,0.47353736096918597,60,0.00015185180473041918,0,0,Internal
LEN,TRV,0.41533133056489274,60,0.0010713679567807915,0,2,External
LEN,UHS,0.41733078565986365,60,0.0010074613738383664,0,0,Internal
LEN,UNP,0.4060586010904705,60,0.0014180635921426008,0,0,Internal
LH,MTD,0.43181926886998984,60,0.0006378535608594103,0,0,Internal
LH,O,0.45311817550757666,60,0.00031365794427530206,0,2,External
LH,PEP,0.43543190275752003,60,0.0005673339822664747,0,2,External
LH,PFE,0.48280015046755037,60,0.00010761041430317642,0,0,Internal
LH,PLD,0.42049406537312056,60,0.0009133467709197627,0,0,Internal
LH,PNW,0.4313341751256024,60,0.0006479038820351021,0,2,External
LH,ROP,0.4931665362363454,60,7.232939497953242e-05,0,2,External
LH,RVTY,0.419566486220595,60,0.0009400869935472594,0,0,Internal
LH,SO,0.4033960237442725,60,0.00153469720230264,0,2,External
LH,STE,0.555526121407966,60,4.9466954623494895e-06,0,0,Internal
LH,SYY,0.4212378417704532,60,0.0008924028598697337,0,2,External
LH,TMO,0.51109790282415,60,3.5271821574123927e-05,0,0,Internal
LH,VICI,0.4635423659905734,60,0.00021781879918135192,0,2,External
LH,WAT,0.4113760793150637,60,0.0012086396470005207,0,0,Internal
LHX,LIN,0.5164192756932593,60,2.8278700440819352e-05,0,0,Internal
LHX,LMT,0.7341854488752073,60,3.672148146632175e-11,0,0,Internal
LHX,LOW,0.4545633507073858,60,0.000298402667748849,0,0,Internal
LHX,MAA,0.45570928771748637,60,0.0002867902654611498,0,2,External
LHX,MAS,0.5500613943263857,60,6.395770891871753e-06,0,0,Internal
LHX,MCD,0.48810083177639546,60,8.796719649368064e-05,0,0,Internal
LHX,MDT,0.4227571344003863,60,0.0008509619977433001,0,2,External
LHX,MET,0.4232772123516361,60,0.0008371802922350045,0,1,External
LHX,MHK,0.405956957277455,60,0.0014223657572697461,0,0,Internal
LHX,MMC,0.4575233623222791,60,0.00026924722144587565,0,2,External
LHX,MO,0.4567727649068649,60,0.0002763836122687832,0,2,External
LHX,MOH,0.401949261606061,60,0.0016016136807741415,0,0,Internal
LHX,NDSN,0.626932982784206,60,1.081711195832312e-07,0,0,Internal
LHX,NOC,0.7429613123844261,60,1.6106503561656044e-11,0,0,Internal
LHX,NSC,0.5207330001479308,60,2.3576418912880956e-05,0,0,Internal
LHX,NVDA,-0.4967639217785236,60,6.282496117681587e-05,0,6,External
LHX,NVR,0.5000100484123894,60,5.525017590022675e-05,0,0,Internal
LHX,O,0.47513949370406966,60,0.00014317094735005314,0,2,External
LHX,OTIS,0.5610653923282606,60,3.794741057810724e-06,0,0,Internal
LHX,PAYX,0.4052494600646702,60,0.001452637055231296,0,2,External
LHX,PEP,0.5417253502307602,60,9.383392285072757e-06,0,2,External
LHX,PG,0.4281076562883659,60,0.0007184805978934298,0,2,External
LHX,PHM,0.4287591280496713,60,0.0007036942065063131,0,0,Internal
LHX,POOL,0.5939620753416048,60,7.087510926321557e-07,0,0,Internal
LHX,SBAC,0.49885360392847433,60,5.78464520970702e-05,0,2,External
LHX,SHW,0.47388400255556257,60,0.00014993372215532836,0,0,Internal
LHX,SJM,0.5251792441341618,60,1.9495703087812406e-05,0,2,External
LHX,SNA,0.48046202485497175,60,0.00011749299245887086,0,0,Internal
LHX,SO,0.5246833022972194,60,1.9916037185635055e-05,0,2,External
LHX,STE,0.42690996377801194,60,0.0007463993636850995,0,0,Internal
LHX,SWK,0.4846674000838397,60,0.00010027270287086025,0,0,Internal
LHX,SYK,0.40966281893891693,60,0.0012728589774148316,0,2,External
LHX,SYY,0.4752253874390004,60,0.00014271865220219943,0,2,External
LHX,TDG,0.4221441456516437,60,0.0008674684467287061,0,1,External
LHX,TSN,0.5270328548115975,60,1.7996383730524486e-05,0,2,External
LHX,TXT,0.6536535189189333,60,1.9911246422243348e-08,0,0,Internal
LHX,UDR,0.4442332537792711,60,0.00042412792931812804,0,2,External
LHX,UNP,0.4388754485782064,60,0.0005067712523307186,0,0,Internal
LHX,VICI,0.4745536693712298,60,0.00014629095193531322,0,2,External
LHX,VRSK,0.509267930627194,60,3.8024417898556946e-05,0,2,External
LHX,VZ,0.4499755263268817,60,0.0003493125149318299,0,0,Internal
LHX,WAT,0.49013610068489255,60,8.13444295337443e-05,0,0,Internal
LHX,WEC,0.42891554270989496,60,0.0007001852976269008,0,2,External
LHX,WY,0.45190056729711764,60,0.0003270588367712838,0,2,External
LHX,XYL,0.4529165174224225,60,0.0003158422266120487,0,0,Internal
LHX,ZBH,0.4260871809621824,60,0.0007661430212480675,0,0,Internal
LHX,ZTS,0.4197265606401225,60,0.0009354225760394716,0,2,External
LIN,LMT,0.48408924455344743,60,0.00010249400584943114,0,0,Internal
LIN,LYB,0.5126476350306067,60,3.308599913389538e-05,0,0,Internal
LIN,MA,0.4706737919978376,60,0.0001685779335395667,0,2,External
LIN,META,-0.4260376470479981,60,0.0007673465694103266,0,9,External
LIN,MMC,0.48869785203954785,60,8.59748740334469e-05,0,2,External
LIN,NDSN,0.506538227575612,60,4.250077164644049e-05,0,0,Internal
LIN,NKE,0.4528538635399018,60,0.0003165236851617579,0,0,Internal
LIN,NOC,0.4829206461643486,60,0.00010712241819765898,0,0,Internal
LIN,NSC,0.45058761048815776,60,0.00034209168713808763,0,0,Internal
LIN,NVDA,-0.41667493390135796,60,0.0010280347418047233,0,6,External
LIN,OMC,0.43731613658931695,60,0.0005334286805273334,0,0,Internal
LIN,OTIS,0.5344244929626484,60,1.3018199699530058e-05,0,0,Internal
LIN,PAYX,0.46005506657759154,60,0.00024639839131512624,0,2,External
LIN,PEP,0.4483145733311322,60,0.0003696114565929108,0,2,External
LIN,PG,0.5486451759571395,60,6.8310812281421014e-06,0,2,External
LIN,ROP,0.543911980438956,60,8.494224810138074e-06,0,2,External
LIN,SBAC,0.4161473170389417,60,0.001044859313257963,0,2,External
LIN,SHW,0.4392258973213075,60,0.0005009489961490785,0,0,Internal
LIN,SO,0.45380637818661895,60,0.00030630681335552215,0,2,External
LIN,TSN,0.4482516436543725,60,0.0003704012188348306,0,2,External
LIN,TXT,0.4137079354541049,60,0.0011259142032450226,0,0,Internal
LIN,VRSK,0.5821327184874306,60,1.3235143849363481e-06,0,2,External
LIN,WM,0.42925467318273897,60,0.0006926317420206714,0,2,External
LIN,WTW,0.4076459849689969,60,0.0013523741304849394,0,2,External
LIN,YUM,0.46384493027222795,60,0.00021548787549258798,0,4,External
LKQ,LOW,0.4361878255863936,60,0.0005535038969473411,0,0,Internal
LKQ,MAS,0.4620976619830596,60,0.0002292694964910714,0,0,Internal
LKQ,NDSN,0.5231082171195518,60,2.1307327251226173e-05,0,0,Internal
LKQ,NVR,0.4962481605413984,60,6.41129957876167e-05,0,0,Internal
LKQ,O,0.46627081837284634,60,0.0001976069979575584,0,2,External
LKQ,OTIS,0.4547675557390616,60,0.0002963024775219364,0,0,Internal
LKQ,PCAR,0.4478103906882295,60,0.0003759821699281587,0,0,Internal
LKQ,PHM,0.4457389239924072,60,0.00040321841955181115,0,0,Internal
LKQ,POOL,0.6243411333017952,60,1.263953061582806e-07,0,0,Internal
LKQ,PPG,0.4967651191246529,60,6.282199892041534e-05,0,0,Internal
LKQ,PSA,0.43821522411307023,60,0.0005179070782795759,0,2,External
LKQ,SHW,0.40004465977006115,60,0.0016936877625143355,0,0,Internal
LKQ,SO,0.4289326310109235,60,0.0006998029096982985,0,2,External
LKQ,STE,0.40636626847666396,60,0.0014051123562684332,0,0,Internal
LKQ,SWK,0.5193294240540256,60,2.502039554865452e-05,0,0,Internal
LKQ,SYY,0.42887278591932704,60,0.0007011429018928476,0,2,External
LKQ,VICI,0.4736879433061686,60,0.00015101583839325283,0,2,External
LLY,TJX,0.4445544699343739,60,0.0004195862118948062,4,4,Internal
LMT,MAA,0.4314490735234607,60,0.0006455105147176302,0,2,External
LMT,MAS,0.4028302858995689,60,0.001560559726309122,0,0,Internal
LMT,MMC,0.43136805372686526,60,0.0006471973472853876,0,2,External
LMT,NDSN,0.543513247663305,60,8.650285915547596e-06,0,0,Internal
LMT,NEE,0.429569307707073,60,0.0006856897806888438,0,2,External
LMT,NKE,0.40785302757149017,60,0.0013440107778152613,0,0,Internal
LMT,NOC,0.6697061972916752,60,6.629503114206382e-09,0,0,Internal
LMT,NSC,0.4776448888239541,60,0.00013050368823187825,0,0,Internal
LMT,NVDA,-0.4163756593711091,60,0.001037547768519966,0,6,External
LMT,NVR,0.4777367057729574,60,0.00013005961450199364,0,0,Internal
LMT,O,0.4912090549897964,60,7.804066407209442e-05,0,2,External
LMT,OTIS,0.6519368477023878,60,2.231000963439242e-08,0,0,Internal
LMT,PEP,0.506955547401974,60,4.178631707205101e-05,0,2,External
LMT,PG,0.4574812348170237,60,0.000269643257935997,0,2,External
LMT,PHM,0.40384406052740096,60,0.0015144886500076775,0,0,Internal
LMT,PLD,0.4230863157914289,60,0.0008422153394133631,0,0,Internal
LMT,PNW,0.4358923414770112,60,0.0005588731656833034,0,2,External
LMT,POOL,0.4468097276018302,60,0.0003889230052771678,0,0,Internal
LMT,REG,0.40657475933278314,60,0.001396396382901631,0,2,External
LMT,SBAC,0.4489242841951198,60,0.000362038578430189,0,2,External
LMT,SJM,0.42230958655560125,60,0.0008629852568910406,0,2,External
LMT,SLB,0.43054883731849125,60,0.0006644789151916446,0,6,External
LMT,SO,0.5672545588321325,60,2.80582532275792e-06,0,2,External
LMT,SWK,0.4184135183462498,60,0.0009743075746504944,0,0,Internal
LMT,SYY,0.5010944755789649,60,5.291359062427216e-05,0,2,External
LMT,TDG,0.4217604245412666,60,0.0008779476902557583,0,1,External
LMT,TSN,0.5160378461371385,60,2.873371514109339e-05,0,2,External
LMT,TXT,0.5916433903766215,60,8.02622092533139e-07,0,0,Internal
LMT,UNP,0.43049159059994346,60,0.0006657020153241827,0,0,Internal
LMT,VICI,0.4702640193160605,60,0.0001711047279289714,0,2,External
LMT,VRSK,0.4515727403223851,60,0.00033075488954108017,0,2,External
LMT,WEC,0.45682090588947427,60,0.00027592078067608885,0,2,External
LMT,XYL,0.46304302807229025,60,0.00022171607476127023,0,0,Internal
LNT,MA,0.5635827236193219,60,3.3586930143697845e-06,2,2,Internal
LNT,MAA,0.6161021764651397,60,2.054162822992323e-07,2,2,Internal
LNT,MCO,0.536125082339537,60,1.2070504315297223e-05,2,2,Internal
LNT,MDLZ,0.5618783750410048,60,3.6484573670745486e-06,2,2,Internal
LNT,MDT,0.4950897438305385,60,6.709510774499998e-05,2,2,Internal
LNT,MET,0.42184294722906207,60,0.0008756844430145362,2,1,External
LNT,MKC,0.5822042198683607,60,1.3186248152649139e-06,2,2,Internal
LNT,MMC,0.5837501840654997,60,1.2169497342858522e-06,2,2,Internal
LNT,MO,0.46666090240168134,60,0.00019486180218601003,2,2,Internal
LNT,MSCI,0.4036546138142023,60,0.0015230042907856793,2,2,Internal
LNT,MSFT,-0.4947902409602192,60,6.788662624932075e-05,2,0,External
LNT,NEE,0.5921461106077919,60,7.813314164669066e-07,2,2,Internal
LNT,NI,0.6230672558167499,60,1.363765569844125e-07,2,6,External
LNT,NSC,0.40561175862202337,60,0.0014370641502334707,2,0,External
LNT,NVDA,-0.42543592598771063,60,0.0007821038864387099,2,6,External
LNT,O,0.6512796554138766,60,2.329857088226666e-08,2,2,Internal
LNT,OTIS,0.4116154815115297,60,0.0011999018161024668,2,0,External
LNT,PAYX,0.5477134853165097,60,7.132328966064803e-06,2,2,Internal
LNT,PCG,0.46813226894766274,60,0.00018481803501637994,2,2,Internal
LNT,PEP,0.5778355926687139,60,1.6505710159899265e-06,2,2,Internal
LNT,PG,0.47299659593329657,60,0.00015488895838676304,2,2,Internal
LNT,PGR,0.46822242828343325,60,0.00018421827050351113,2,2,Internal
LNT,PLD,0.4287122292210806,60,0.0007047493998968534,2,0,External
LNT,PNW,0.843544352321435,60,5.0621127528548307e-17,2,2,Internal
LNT,PPL,0.8272275523665896,60,6.764748047504264e-16,2,2,Internal
LNT,PSA,0.5272396182185924,60,1.7835938219290003e-05,2,2,Internal
LNT,REG,0.5709152583325525,60,2.3401675634399597e-06,2,2,Internal
LNT,ROL,0.5562681090065529,60,4.775433720585656e-06,2,2,Internal
LNT,RSG,0.5914947463868785,60,8.09020681889937e-07,2,2,Internal
LNT,SBAC,0.6761930477312775,60,4.169345339147089e-09,2,2,Internal
LNT,SJM,0.4230809080789925,60,0.0008423583693480004,2,2,Internal
LNT,SO,0.7398042644078271,60,2.1747119884879003e-11,2,2,Internal
LNT,SPG,0.5019880844696725,60,5.1056999978571675e-05,2,2,Internal
LNT,STT,0.4550669715877447,60,0.0002932474231758473,2,1,External
LNT,STZ,0.45050505280589614,60,0.0003430576360305835,2,2,Internal
LNT,SYK,0.4944120037388026,60,6.889850498784683e-05,2,2,Internal
LNT,SYY,0.4791919059264746,60,0.0001232040215714274,2,2,Internal
LNT,T,0.501567054596095,60,5.192412981088547e-05,2,2,Internal
LNT,TAP,0.47740288512150925,60,0.00013168081177448307,2,2,Internal
LNT,TFC,0.40550911431623216,60,0.0014414608986357195,2,1,External
LNT,TSN,0.5587435469165608,60,4.243201162245519e-06,2,2,Internal
LNT,TXT,0.4158959521149497,60,0.00105296166361787,2,0,External
LNT,UDR,0.6644231133356147,60,9.591085042549385e-09,2,2,Internal
LNT,V,0.5445622892421383,60,8.245304292566815e-06,2,2,Internal
LNT,VICI,0.6138856508599282,60,2.335320211338474e-07,2,2,Internal
LNT,VRSK,0.5487522148609952,60,6.797240738677206e-06,2,2,Internal
LNT,VTR,0.5250916751531636,60,1.956931916381362e-05,2,2,Internal
LNT,WEC,0.8242898315616265,60,1.0483240709558974e-15,2,2,Internal
LNT,WELL,0.5862059769375321,60,1.070394929516275e-06,2,2,Internal
LNT,WM,0.513927330328408,60,3.1376169370834644e-05,2,2,Internal
LNT,WRB,0.494563347062397,60,6.849196907894116e-05,2,2,Internal
LNT,WTW,0.5161740136886992,60,2.8570506686994468e-05,2,2,Internal
LNT,WY,0.5218166554167517,60,2.251477835574268e-05,2,2,Internal
LNT,XEL,0.827621883400694,60,6.37445833479667e-16,2,2,Internal
LOW,MA,0.43905398480010144,60,0.000503797475434915,0,2,External
LOW,MAA,0.42231527297026994,60,0.0008628315362808366,0,2,External
LOW,MAS,0.7146060915597993,60,2.06581986885227e-10,0,0,Internal
LOW,MCK,0.42164285986539224,60,0.0008811811054545957,0,0,Internal
LOW,MHK,0.49505449200004303,60,6.71878271440403e-05,0,0,Internal
LOW,MPWR,-0.4092787151007386,60,0.001287670635629788,0,6,External
LOW,NDSN,0.524164102044775,60,2.0365068727685576e-05,0,0,Internal
LOW,NSC,0.56219290868376,60,3.5932864455705015e-06,0,0,Internal
LOW,NVDA,-0.49859552788614125,60,5.8440982063119976e-05,0,6,External
LOW,NVR,0.5848094385488193,60,1.1515726449538345e-06,0,0,Internal
LOW,ODFL,0.4746019215562774,60,0.0001460316337942513,0,0,Internal
LOW,ORLY,0.44675099734319185,60,0.0003896949568618166,0,0,Internal
LOW,OTIS,0.5000447897820932,60,5.517386829079242e-05,0,0,Internal
LOW,PAYX,0.4060128292235707,60,0.0014199994802331646,0,2,External
LOW,PCAR,0.4459742091104247,60,0.00040003699474696497,0,0,Internal
LOW,PFG,0.4227501975033344,60,0.0008511471963430936,0,1,External
LOW,PHM,0.5175979528490231,60,2.6914410641012767e-05,0,0,Internal
LOW,PLD,0.44046970454354184,60,0.0004807713444262684,0,0,Internal
LOW,PNC,0.4157662885844367,60,0.0010571632402569264,0,1,External
LOW,POOL,0.5986568766216036,60,5.493078262442554e-07,0,0,Internal
LOW,PPG,0.4035163494126954,60,0.0015292463504544805,0,0,Internal
LOW,PSA,0.4349688043959093,60,0.0005759605914274809,0,2,External
LOW,RMD,0.4326593221817216,60,0.0006207823438839598,0,0,Internal
LOW,SBAC,0.4196839975906266,60,0.0009366607823430021,0,2,External
LOW,SHW,0.6419855244561562,60,4.254190142293868e-08,0,0,Internal
LOW,SNA,0.42597176371104445,60,0.0007689500138952799,0,0,Internal
LOW,SO,0.4465029629967253,60,0.00039297051593440054,0,2,External
LOW,SWK,0.5076302435787075,60,4.065464723951081e-05,0,0,Internal
LOW,SYY,0.41029151004184883,60,0.0012489456822346316,0,2,External
LOW,TGT,0.5172206518278808,60,2.734435351345521e-05,0,0,Internal
LOW,TJX,0.5635318285224545,60,3.367025561255074e-06,0,4,External
LOW,TXT,0.5279083569871585,60,1.7326040769978024e-05,0,0,Internal
LOW,UNP,0.5681352348273258,60,2.6864968863397046e-06,0,0,Internal
LOW,V,0.43522503032680143,60,0.0005711730325361311,0,2,External
LOW,WAT,0.4477795485733931,60,0.00037637510523488366,0,0,Internal
LOW,WEC,0.4490144416271045,60,0.0003609308442892953,0,2,External
LOW,XOM,0.405245868673871,60,0.001452792180923384,0,6,External
LRCX,MU,0.6469175332400823,60,3.098584523311232e-08,6,6,Internal
LRCX,PEG,0.44308744866604716,60,0.0004406948456248851,6,6,Internal
LRCX,WDC,0.4774411303698895,60,0.00013149413877763564,6,6,Internal
LUV,SCHW,0.4484025486172804,60,0.0003685099417268358,1,1,Internal
LUV,TER,-0.4925212704370033,60,7.416809784698816e-05,1,6,External
LVS,MSFT,-0.5233068834715512,60,2.1127012775087486e-05,1,0,External
LVS,NOW,-0.6128233848621438,60,2.4825302481969075e-07,1,0,External
LVS,PH,0.41468511752607995,60,0.0010927891404734628,1,1,Internal
LVS,RSG,0.40269032750132017,60,0.001567017838699183,1,2,External
LVS,TMO,0.5109526034853319,60,3.548345591471499e-05,1,0,External
LVS,WM,0.5483476601766637,60,6.925966582189834e-06,1,2,External
LVS,WYNN,0.637420497529684,60,5.676123099122869e-08,1,1,Internal
LW,NDSN,0.44639411068193285,60,0.0003944159152599293,0,0,Internal
LW,SYY,0.41198158480392105,60,0.0011866493771779604,0,2,External
LW,TXT,0.42069439565461536,60,0.0009076625153540482,0,0,Internal
LYB,MTCH,0.5825499843228304,60,1.295217538448176e-06,0,0,Internal
LYB,NDSN,0.5946035511746947,60,6.846596979380258e-07,0,0,Internal
LYB,NRG,-0.47147768250025196,60,0.0001637198418430258,0,6,External
LYB,O,0.41484519446151,60,0.0010874471704417701,0,2,External
LYB,OMC,0.5069510929819041,60,4.179388417269887e-05,0,0,Internal
LYB,POOL,0.41458131289840816,60,0.0010962658436808204,0,0,Internal
LYB,PPG,0.42077870681874796,60,0.0009052797891437991,0,0,Internal
LYB,REGN,0.41377518481160375,60,0.00112360593039758,0,0,Internal
LYB,RVTY,0.4157102735175844,60,0.0010589829993126485,0,0,Internal
LYB,SLB,0.4820560790050568,60,0.00011066932689074366,0,6,External
LYB,SWK,0.45387576364034954,60,0.00030557444340012,0,0,Internal
LYB,TSCO,0.4131522937088936,60,0.001145149954618319,0,0,Internal
LYB,TXT,0.43573179480548463,60,0.0005618102250288917,0,0,Internal
LYB,UPS,0.49335380104041343,60,7.180368759135847e-05,0,0,Internal
LYB,VICI,0.42041669831127265,60,0.0009155505953559188,0,2,External
LYB,WAT,0.4194872764031845,60,0.0009424028389025676,0,0,Internal
LYV,SPG,0.43956757372722877,60,0.000495330977288431,1,2,External
LYV,SRE,0.47610428401184185,60,0.000138165265173636,1,1,Internal
MA,MAA,0.5081962842229087,60,3.972712687568496e-05,2,2,Internal
MA,MAR,0.40294154280337297,60,0.001555443015869313,2,4,External
MA,MAS,0.41456799906958586,60,0.001096712480020711,2,0,External
MA,MCO,0.5287788996426797,60,1.668251198989228e-05,2,2,Internal
MA,MDLZ,0.44712915517913865,60,0.00038474873858312096,2,2,Internal
MA,MET,0.5797509654669425,60,1.4964248846124974e-06,2,1,External
MA,MKC,0.5822763477018237,60,1.3137095349108667e-06,2,2,Internal
MA,MMC,0.659681639493018,60,1.3277294849156214e-08,2,2,Internal
MA,MPWR,-0.40012010478190696,60,0.0016899522812262896,2,6,External
MA,MSFT,-0.4157233072876211,60,0.001058559320210385,2,0,External
MA,NDAQ,0.453978058336131,60,0.0003044976232211209,2,1,External
MA,NTRS,0.5119656422070759,60,3.403201434503308e-05,2,1,External
MA,NVDA,-0.6412603999120164,60,4.455002907133094e-08,2,6,External
MA,ORLY,0.5194551304138764,60,2.4887809270391694e-05,2,0,External
MA,PAYX,0.5193576448476682,60,2.499057344860149e-05,2,2,Internal
MA,PEP,0.5813979751606042,60,1.3747517265173732e-06,2,2,Internal
MA,PFG,0.4226753097915472,60,0.0008531488368465801,2,1,External
MA,PG,0.6009873036778818,60,4.833018430532934e-07,2,2,Internal
MA,PGR,0.4498664543505587,60,0.0003506137175724411,2,2,Internal
MA,PNC,0.4619322402043602,60,0.00023061511358146066,2,1,External
MA,PNW,0.4794494851646683,60,0.00012202564863475829,2,2,Internal
MA,PPL,0.48906222164582797,60,8.477940648820961e-05,2,2,Internal
MA,PRU,0.44385231490949445,60,0.0004295719481306753,2,1,External
MA,PWR,-0.41725957611395986,60,0.0010096770504443122,2,6,External
MA,REG,0.4413631468126294,60,0.00046673584566582347,2,2,Internal
MA,ROL,0.5186998152632254,60,2.569435520705619e-05,2,2,Internal
MA,ROP,0.5711119979042806,60,2.3173110101985265e-06,2,2,Internal
MA,RSG,0.5716540413734866,60,2.2554122575275664e-06,2,2,Internal
MA,RTX,0.4461278310722218,60,0.00039797211632445725,2,1,External
MA,SBAC,0.5116701123674138,60,3.4449665121920216e-05,2,2,Internal
MA,SHW,0.41790338719316267,60,0.0009898035438766566,2,0,External
MA,SO,0.5249792949840891,60,1.9664170492423053e-05,2,2,Internal
MA,SPGI,0.46260699395267046,60,0.00022517125669835786,2,1,External
MA,STT,0.4834736232641831,60,0.00010490886385451915,2,1,External
MA,SYY,0.44137248380692923,60,0.0004665911514548363,2,2,Internal
MA,T,0.5929557838835661,60,7.481501299156544e-07,2,2,Internal
MA,TJX,0.4823345655436084,60,0.0001095152301321222,2,4,External
MA,TMUS,0.436815729450906,60,0.0005422491365307383,2,2,Internal
MA,TRV,0.4801136385466577,60,0.00011903481787853563,2,2,Internal
MA,TSN,0.5449519328489707,60,8.099426994246718e-06,2,2,Internal
MA,TXT,0.4224250487122656,60,0.0008598688117547244,2,0,External
MA,UDR,0.4987734921635012,60,5.803040636919864e-05,2,2,Internal
MA,UNP,0.42236007339337645,60,0.0008616213122091979,2,0,External
MA,V,0.8365850536049326,60,1.583488885649093e-16,2,2,Internal
MA,VRSK,0.5757720286049892,60,1.8331858102187652e-06,2,2,Internal
MA,WEC,0.5543954812961702,60,5.2186997424386434e-06,2,2,Internal
MA,WM,0.6134163795010961,60,2.399310782900926e-07,2,2,Internal
MA,WMT,0.41382675234914224,60,0.0011218388068073753,2,4,External
MA,WTW,0.5650931455746611,60,3.1199893224452727e-06,2,2,Internal
MA,WY,0.42256551166793827,60,0.0008560912630520004,2,2,Internal
MA,XEL,0.5409997073361953,60,9.697085688343598e-06,2,2,Internal
MA,ZTS,0.420055090835946,60,0.0009259148136984817,2,2,Internal
MAA,MAR,0.41419626972614954,60,0.0011092491147356017,2,4,External
MAA,MCO,0.49481131497315184,60,6.783065245896264e-05,2,2,Internal
MAA,MDLZ,0.5217913094007872,60,2.2539095410187108e-05,2,2,Internal
MAA,MDT,0.41267758842004915,60,0.0011618173710068937,2,2,Internal
MAA,MKC,0.5399187489209627,60,1.0182495039496285e-05,2,2,Internal
MAA,MMC,0.6754930483493781,60,4.3857657960287466e-09,2,2,Internal
MAA,MO,0.4636645275740075,60,0.00021687492033607676,2,2,Internal
MAA,MSCI,0.4121131159593146,60,0.0011819203592772064,2,2,Internal
MAA,MSFT,-0.4355930835544657,60,0.0005643590813550446,2,0,External
MAA,NDAQ,0.4057944044122475,60,0.0014292702938622974,2,1,External
MAA,NDSN,0.423727257272584,60,0.0008254173696478677,2,0,External
MAA,NVDA,-0.49956272059862217,60,5.6241437498141785e-05,2,6,External
MAA,NVR,0.44774263799297936,60,0.0003768458451072921,2,0,External
MAA,O,0.644094357610721,60,3.7175879913171814e-08,2,2,Internal
MAA,ORLY,0.4488433935055542,60,0.00036303508710641886,2,0,External
MAA,OTIS,0.48096319140284866,60,0.00011530714470155692,2,0,External
MAA,PAYX,0.5231472840876412,60,2.1271756911373853e-05,2,2,Internal
MAA,PEP,0.5602069122343565,60,3.955136654395462e-06,2,2,Internal
MAA,PG,0.46871047389297554,60,0.00018100244889999355,2,2,Internal
MAA,PGR,0.4382526464664514,60,0.0005172700007387975,2,2,Internal
MAA,PLD,0.41236704860619977,60,0.0011728384778952041,2,0,External
MAA,PNC,0.4141690226625036,60,0.0011101730791629248,2,1,External
MAA,PNW,0.5349999592386238,60,1.269003767013894e-05,2,2,Internal
MAA,PPL,0.5647460970827867,60,3.1733915438387984e-06,2,2,Internal
MAA,PSA,0.6523402859634578,60,2.1722910688730337e-08,2,2,Internal
MAA,REG,0.7012302779937808,60,6.205354565934181e-10,2,2,Internal
MAA,ROL,0.5972804210556301,60,5.9217190224847e-07,2,2,Internal
MAA,ROP,0.48710987479907325,60,9.136803648846601e-05,2,2,Internal
MAA,RSG,0.5100371720935637,60,3.6844029540191346e-05,2,2,Internal
MAA,SBAC,0.632951871265671,60,7.49316621861624e-08,2,2,Internal
MAA,SHW,0.45316521350349626,60,0.0003131504303257485,2,0,External
MAA,SJM,0.4508283930366501,60,0.0003392885853203734,2,2,Internal
MAA,SO,0.5914578526520566,60,8.106162114785527e-07,2,2,Internal
MAA,SPG,0.5318628571314171,60,1.4576822038463674e-05,2,2,Internal
MAA,SYK,0.4122232820961933,60,0.0011779725385507233,2,2,Internal
MAA,SYY,0.4716220493043356,60,0.00016286109946728064,2,2,Internal
MAA,TJX,0.4057370647024619,60,0.0014317129989098256,2,4,External
MAA,TRV,0.4352258371796581,60,0.0005711580136897485,2,2,Internal
MAA,TSN,0.5556334659950709,60,4.921569611156938e-06,2,2,Internal
MAA,TXT,0.45278582320375776,60,0.00031726524658221944,2,0,External
MAA,UDR,0.8870946395992221,60,8.602831762461939e-21,2,2,Internal
MAA,V,0.45203682629407793,60,0.0003255336947154846,2,2,Internal
MAA,VICI,0.6359338223232849,60,6.228647148901595e-08,2,2,Internal
MAA,VRSK,0.49425225583381505,60,6.933002613953887e-05,2,2,Internal
MAA,VTR,0.5599035140560928,60,4.013318546611322e-06,2,2,Internal
MAA,WEC,0.5495701575449619,60,6.543751847303066e-06,2,2,Internal
MAA,WELL,0.5803765961654415,60,1.4490661919563077e-06,2,2,Internal
MAA,WM,0.541042705392346,60,9.678229424991086e-06,2,2,Internal
MAA,WRB,0.4739580746633103,60,0.00014952674571090498,2,2,Internal
MAA,WTW,0.4723905647038631,60,0.0001583587184011892,2,2,Internal
MAA,WY,0.5606138111284951,60,3.878340870162054e-06,2,2,Internal
MAA,XEL,0.4991204195929998,60,5.7237652759075404e-05,2,2,Internal
MAA,XYL,0.4584925384267235,60,0.00026028133633233417,2,0,External
MAR,PAYX,0.41163186789502026,60,0.0011993058188115348,4,2,External
MAR,WTW,0.4963317099256532,60,6.39027067016297e-05,4,2,External
MAS,MCK,0.41988650207356515,60,0.0009307828831590165,0,0,Internal
MAS,MDT,0.4211947792990229,60,0.0008936035324727297,0,2,External
MAS,MET,0.4339080794729482,60,0.0005961693965935678,0,1,External
MAS,MHK,0.7009029887185012,60,6.369809674489542e-10,0,0,Internal
MAS,NDSN,0.691840831661478,60,1.2963982735836888e-09,0,0,Internal
MAS,NSC,0.5481015086939698,60,7.005396175648776e-06,0,0,Internal
MAS,NVDA,-0.4937417064886485,60,7.072589237592471e-05,0,6,External
MAS,NVR,0.7149420902371901,60,2.0079157164765468e-10,0,0,Internal
MAS,ODFL,0.4406175820034256,60,0.00047842213086745554,0,0,Internal
MAS,OTIS,0.5043370654706285,60,4.6459369132733085e-05,0,0,Internal
MAS,PCAR,0.5273480187060141,60,1.7752351762793158e-05,0,0,Internal
MAS,PEP,0.4857415911569323,60,9.626260606854058e-05,0,2,External
MAS,PHM,0.6954031012461442,60,9.834963122008173e-10,0,0,Internal
MAS,PLD,0.4517427201333111,60,0.00032883374789332263,0,0,Internal
MAS,PNC,0.41481707990007644,60,0.0010883836840802328,0,1,External
MAS,POOL,0.6687404888608466,60,7.09642607020466e-09,0,0,Internal
MAS,PPG,0.4731971795791453,60,0.00015375596825164246,0,0,Internal
MAS,PSX,0.40049280432653517,60,0.0016716069337933132,0,6,External
MAS,RF,0.4182894934907229,60,0.0009780547581880513,0,1,External
MAS,ROP,0.405140412310851,60,0.0014573538671493907,0,2,External
MAS,SBAC,0.5011891278863023,60,5.271403127092754e-05,0,2,External
MAS,SHW,0.6260479900922599,60,1.1409584186062887e-07,0,0,Internal
MAS,SNA,0.421922110457905,60,0.0008735182796748926,0,0,Internal
MAS,SO,0.4616728817511195,60,0.00023273937923182664,0,2,External
MAS,SWK,0.7166756294234842,60,1.7328563380605624e-10,0,0,Internal
MAS,SYY,0.5329538141036406,60,1.389299190241889e-05,0,2,External
MAS,TJX,0.4077675593194476,60,0.0013474575686630696,0,4,External
MAS,TMO,0.40286444977575026,60,0.001558986925642508,0,0,Internal
MAS,TXT,0.5571493141979754,60,4.579219462690911e-06,0,0,Internal
MAS,UNP,0.5855634734990978,60,1.1070529291862306e-06,0,0,Internal
MAS,VICI,0.4649229149497158,60,0.0002073672272897261,0,2,External
MAS,WAT,0.49362179137087897,60,7.105747563513946e-05,0,0,Internal
MAS,WEC,0.43840292376714834,60,0.0005147188343429213,0,2,External
MAS,WY,0.4271504730981671,60,0.0007407155495455168,0,2,External
MCD,MO,0.5150220222863363,60,2.9978751319214603e-05,0,2,External
MCD,NDSN,0.5085487343975743,60,3.915951096974621e-05,0,0,Internal
MCD,NRG,-0.5328500579309599,60,1.3956723400678012e-05,0,6,External
MCD,NSC,0.4437386387822217,60,0.0004312087554627648,0,0,Internal
MCD,NVDA,-0.4012971140699845,60,0.0016326227758400396,0,6,External
MCD,OTIS,0.5512402841963974,60,6.053252781506728e-06,0,0,Internal
MCD,PEP,0.42717492053662426,60,0.000740139993624911,0,2,External
MCD,POOL,0.4410868826703446,60,0.00047103555370392724,0,0,Internal
MCD,ROK,0.4530999083354683,60,0.0003138552388713403,0,6,External
MCD,SBAC,0.41393784232422415,60,0.001118040452860228,0,2,External
MCD,SJM,0.5307709355752677,60,1.5292416978729067e-05,0,2,External
MCD,SO,0.4308002460077713,60,0.0006591315000905259,0,2,External
MCD,SYY,0.4195810775316367,60,0.0009396609496349073,0,2,External
MCD,T,0.43498200689482214,60,0.0005757130181876298,0,2,External
MCD,TMUS,0.4173394800180944,60,0.001007191150160403,0,2,External
MCD,TSCO,0.4247498810445536,60,0.0007992416740518293,0,0,Internal
MCD,TSN,0.5123094731824663,60,3.355199416652802e-05,0,2,External
MCD,UNP,0.4721878927835921,60,0.0001595348805273491,0,0,Internal
MCD,VLTO,0.44639022971045744,60,0.000394467538005863,0,0,Internal
MCD,VRSK,0.43868665733422296,60,0.0005099331557404319,0,2,External
MCD,VZ,0.5359617610529013,60,1.2158657732346741e-05,0,0,Internal
MCD,YUM,0.5975365700289272,60,5.839648976034275e-07,0,4,External
MCHP,NXPI,0.746040204453567,60,1.1967350771689924e-11,5,5,Internal
MCHP,ON,0.5018077040370413,60,5.142685332999141e-05,5,5,Internal
MCHP,TXN,0.5790038128812841,60,1.5548787524089538e-06,5,5,Internal
MCK,MKC,0.42764354958364775,60,0.0007291851033890462,0,2,External
MCK,MMC,0.47518131463351776,60,0.0001429505648663711,0,2,External
MCK,MOH,0.43589701162004824,60,0.0005587879382287955,0,0,Internal
MCK,NVR,0.45121823507206527,60,0.00033479449443571196,0,0,Internal
MCK,ORLY,0.49720569781094154,60,6.174069043113406e-05,0,0,Internal
MCK,OTIS,0.44667783090672364,60,0.0003906586068055823,0,0,Internal
MCK,PEP,0.4049715479088962,60,0.0014646851305222524,0,2,External
MCK,PG,0.4419820879510301,60,0.000457231852158187,0,2,External
MCK,PGR,0.4339195349962811,60,0.0005959477597446751,0,2,External
MCK,PHM,0.4185774122617492,60,0.0009693756658990738,0,0,Internal
MCK,PSX,0.41649621652387236,60,0.0010337061296960442,0,6,External
MCK,RMD,0.45798872497008836,60,0.0002649075578487274,0,0,Internal
MCK,ROL,0.42410904250990217,60,0.0008155557714987174,0,2,External
MCK,SBAC,0.4564253946231911,60,0.00027974430214818154,0,2,External
MCK,SHW,0.45620656830706485,60,0.00028188045899447695,0,0,Internal
MCK,SO,0.44620244668769443,60,0.0003969726861229594,0,2,External
MCK,UNP,0.44858429637420866,60,0.00036624377942980855,0,0,Internal
MCK,VRSK,0.405934907940613,60,0.0014233005592935298,0,2,External
MCK,WEC,0.4190220802497582,60,0.0009561078089280771,0,2,External
MCK,XOM,0.4042895006024973,60,0.0014946340260951773,0,6,External
MCO,MDLZ,0.44235651695780276,60,0.00045156805879718843,2,2,Internal
MCO,MGM,0.4398730683695019,60,0.0004903563518176211,2,2,Internal
MCO,MKC,0.5819149769227252,60,1.3385091807244002e-06,2,2,Internal
MCO,MMC,0.5621198972886412,60,3.606023245090906e-06,2,2,Internal
MCO,MSCI,0.4188640277546343,60,0.0009608048591141998,2,2,Internal
MCO,NDAQ,0.606820704176281,60,3.492171304062665e-07,2,1,External
MCO,NVDA,-0.4601192374920129,60,0.0002458429627276126,2,6,External
MCO,PEP,0.48343536177359026,60,0.00010506066049667141,2,2,Internal
MCO,PFG,0.5214851061676273,60,2.2834795814996084e-05,2,1,External
MCO,PGR,0.5101615344834565,60,3.6656407261007236e-05,2,2,Internal
MCO,PNR,0.45881499913797225,60,0.000257359182629772,2,1,External
MCO,PNW,0.4588297391013443,60,0.00025722632665181984,2,2,Internal
MCO,PPL,0.46162379129105613,60,0.00023314345817447172,2,2,Internal
MCO,REG,0.5580748759079517,60,4.3812369656061146e-06,2,2,Internal
MCO,RF,0.4364349587666933,60,0.0005490491715776565,2,1,External
MCO,ROL,0.5826909077029586,60,1.2857894195951964e-06,2,2,Internal
MCO,SBAC,0.4370040866654247,60,0.0005389136458107691,2,2,Internal
MCO,SO,0.443600870690369,60,0.0004332000535061081,2,2,Internal
MCO,SPG,0.44247686206662756,60,0.00044976123698113086,2,2,Internal
MCO,SPGI,0.7739485810480433,60,6.581294143715858e-13,2,1,External
MCO,STT,0.4982029862656714,60,5.935608335900757e-05,2,1,External
MCO,T,0.41768884070559537,60,0.0009963867735230173,2,2,Internal
MCO,TAP,0.4369635705354718,60,0.0005396295442047307,2,2,Internal
MCO,TDG,0.4744463340768567,60,0.00014686930987328094,2,1,External
MCO,TJX,0.4664218660194592,60,0.00019653984040397614,2,4,External
MCO,TMUS,0.4208939026388188,60,0.0009020333481595117,2,2,Internal
MCO,TRV,0.4853056717339573,60,9.787184375238529e-05,2,2,Internal
MCO,TSN,0.4641835948847975,60,0.00021290588610976154,2,2,Internal
MCO,TYL,0.48294859038991733,60,0.00010700953736906212,2,2,Internal
MCO,UDR,0.6020434440905464,60,4.5590700414856306e-07,2,2,Internal
MCO,V,0.48866605729085977,60,8.607992182227558e-05,2,2,Internal
MCO,VICI,0.4082011417119024,60,0.001330053552273173,2,2,Internal
MCO,VMC,0.4126421537153461,60,0.001163070229132588,2,1,External
MCO,VRSK,0.5452810917104837,60,7.978068470015231e-06,2,2,Internal
MCO,VTR,0.5230665101590922,60,2.1345362091960697e-05,2,2,Internal
MCO,WEC,0.5285959962900925,60,1.6815851011158733e-05,2,2,Internal
MCO,WELL,0.517291932111398,60,2.7262644402796356e-05,2,2,Internal
MCO,WRB,0.45868975167840637,60,0.0002584906066925699,2,2,Internal
MCO,WTW,0.5116732186711639,60,3.444525068690699e-05,2,2,Internal
MCO,XEL,0.5323479632191834,60,1.4268982470306717e-05,2,2,Internal
MDLZ,MDT,0.41811630636128866,60,0.000983309018753037,2,2,Internal
MDLZ,MKC,0.7052899700388683,60,4.4728301874942114e-10,2,2,Internal
MDLZ,MMC,0.513842623960789,60,3.148677236283458e-05,2,2,Internal
MDLZ,MNST,0.5156356959747994,60,2.922077422549685e-05,2,2,Internal
MDLZ,MO,0.4399271313892968,60,0.0004894807347901407,2,2,Internal
MDLZ,NEE,0.5157846380815941,60,2.9039501484301724e-05,2,2,Internal
MDLZ,NVDA,-0.41605523518371307,60,0.001047820887043333,2,6,External
MDLZ,O,0.5288944878409654,60,1.6598752890771187e-05,2,2,Internal
MDLZ,OTIS,0.5618393259404377,60,3.6553616582011676e-06,2,0,External
MDLZ,PAYX,0.4115512447124598,60,0.0012022407733224107,2,2,Internal
MDLZ,PCG,0.4536306413728658,60,0.000308168892706232,2,2,Internal
MDLZ,PEP,0.7648919151508673,60,1.7620251037729094e-12,2,2,Internal
MDLZ,PG,0.5832069870634833,60,1.2518078521583534e-06,2,2,Internal
MDLZ,PGR,0.5017826861313305,60,5.147834486797864e-05,2,2,Internal
MDLZ,PLD,0.41396894136501217,60,0.0011169791992306313,2,0,External
MDLZ,PM,0.40584475210816456,60,0.001427128536088936,2,4,External
MDLZ,PNW,0.5592776533967665,60,4.135868061293254e-06,2,2,Internal
MDLZ,PPL,0.5802496931889428,60,1.4585575752823375e-06,2,2,Internal
MDLZ,PSA,0.5958947777204331,60,6.384753200141218e-07,2,2,Internal
MDLZ,REG,0.5203938035511151,60,2.3918130270281145e-05,2,2,Internal
MDLZ,ROL,0.528749008472194,60,1.6704235825669253e-05,2,2,Internal
MDLZ,SBAC,0.6263231587602034,60,1.1222173085128743e-07,2,2,Internal
MDLZ,SJM,0.690706175723442,60,1.4144620447637626e-09,2,2,Internal
MDLZ,SO,0.6102762410831737,60,2.8718145314553803e-07,2,2,Internal
MDLZ,SPGI,0.4436009430467725,60,0.00043319900547867654,2,1,External
MDLZ,STZ,0.533158226222814,60,1.3768222601523205e-05,2,2,Internal
MDLZ,SYY,0.5731645914079728,60,2.0909665936079408e-06,2,2,Internal
MDLZ,TRV,0.40269020606247125,60,0.0015670234526453555,2,2,Internal
MDLZ,TSN,0.621653476261096,60,1.4832041594302678e-07,2,2,Internal
MDLZ,TXT,0.40652673606253764,60,0.0013983996868602642,2,0,External
MDLZ,UDR,0.5408770924466448,60,9.751044596037296e-06,2,2,Internal
MDLZ,UNP,0.4380610428002048,60,0.0005205393714570034,2,0,External
MDLZ,VICI,0.5061824392393809,60,4.311877062333271e-05,2,2,Internal
MDLZ,VRSK,0.6119092307414375,60,2.616151975664405e-07,2,2,Internal
MDLZ,VZ,0.4354169479560861,60,0.0005676107209775833,2,0,External
MDLZ,WEC,0.5388195236438754,60,1.069918427101385e-05,2,2,Internal
MDLZ,XEL,0.4605708271784894,60,0.00024196645389130847,2,2,Internal
MDT,MKC,0.5009618433678171,60,5.319439656804318e-05,2,2,Internal
MDT,MO,0.5121747386130602,60,3.373934566536584e-05,2,2,Internal
MDT,PEP,0.42062268942632197,60,0.0009096934613931886,2,2,Internal
MDT,PNW,0.4138360349450377,60,0.0011215209752118806,2,2,Internal
MDT,ROL,0.5242718210595347,60,2.0271143728077525e-05,2,2,Internal
MDT,RSG,0.4687349861228829,60,0.00018084229609873563,2,2,Internal
MDT,SBAC,0.44218621508050376,60,0.0004541361801308913,2,2,Internal
MDT,SHW,0.43243393315464995,60,0.0006253215230077256,2,0,External
MDT,SJM,0.44416614610584115,60,0.00042508239603284705,2,2,Internal
MDT,SO,0.44860435997726905,60,0.0003659943906104205,2,2,Internal
MDT,SYY,0.4082508380870477,60,0.0013280716866352887,2,2,Internal
MDT,VRSK,0.40567075762129007,60,0.0014345423881167653,2,2,Internal
MDT,WEC,0.43829841932022284,60,0.0005164917308522286,2,2,Internal
MDT,XEL,0.4166708394105091,60,0.0010281643614075365,2,2,Internal
MET,MHK,0.4238677534027999,60,0.0008217758735007882,1,0,External
MET,MKC,0.48490046435246786,60,9.938983105522913e-05,1,2,External
MET,MMC,0.40691561816181826,60,0.0013822512149826672,1,2,External
MET,MMM,0.6104332620088875,60,2.8462473730844196e-07,1,1,Internal
MET,MS,0.48188991836733547,60,0.00011136323250258389,1,1,Internal
MET,MTB,0.44749993562031326,60,0.0003799545164624808,1,1,Internal
MET,NDAQ,0.51176081089729,60,3.432098647441775e-05,1,1,Internal
MET,NSC,0.4496722826675384,60,0.0003529410614849167,1,0,External
MET,NTRS,0.5205126970753758,60,2.3797836819688514e-05,1,1,Internal
MET,NVDA,-0.6314935963984846,60,8.196159848067303e-08,1,6,External
MET,PEP,0.44059904298184216,60,0.00047871607347097476,1,2,External
MET,PFG,0.6788709291795668,60,3.4311454193829203e-09,1,1,Internal
MET,PH,0.44164616817983626,60,0.00046236794917020845,1,1,Internal
MET,PNC,0.5994583563883411,60,5.257078732033211e-07,1,1,Internal
MET,PNR,0.5340734144472795,60,1.3222254381676695e-05,1,1,Internal
MET,PRU,0.6991594083628794,60,7.317939653506376e-10,1,1,Internal
MET,RF,0.45964031999355354,60,0.00025001592435856156,1,1,Internal
MET,RJF,0.4464784254742534,60,0.00039329591717395315,1,1,Internal
MET,RTX,0.4498685877778892,60,0.0003505882240508089,1,1,Internal
MET,SBAC,0.42051001746919126,60,0.0009128929659032527,1,2,External
MET,SPG,0.40845094719737496,60,0.0013201182468092836,1,2,External
MET,STT,0.5632544306913856,60,3.4127811897710096e-06,1,1,Internal
MET,SYF,0.4435391473516184,60,0.0004340949086175336,1,1,Internal
MET,TDG,0.5040616065889362,60,4.6978019814710226e-05,1,1,Internal
MET,TFC,0.49908962534987533,60,5.730761401352727e-05,1,1,Internal
MET,TRMB,0.41867083935161,60,0.000966574329546096,1,1,Internal
MET,TRV,0.460560098035572,60,0.00024205790345731832,1,2,External
MET,TSN,0.4311451783124455,60,0.0006518582164274957,1,2,External
MET,TXT,0.5860981253200295,60,1.0764679477822375e-06,1,0,External
MET,UNP,0.4444776342820412,60,0.00042066856137918063,1,0,External
MET,USB,0.40048093560554604,60,0.001672188386739766,1,1,Internal
MET,V,0.4807542297310508,60,0.00011621395855842497,1,2,External
MET,WEC,0.40648173544513244,60,0.001400279240205516,1,2,External
MET,WFC,0.4366692825369443,60,0.0005448553866433194,1,1,Internal
MET,WY,0.42878893216967523,60,0.0007030243757004658,1,2,External
META,OTIS,-0.45466063614860014,60,0.00029740042864405056,9,0,External
META,VZ,-0.40951068856799905,60,0.0012787069630446214,9,0,External
MGM,ROL,0.491583499629184,60,7.691706976218931e-05,2,2,Internal
MGM,TAP,0.5723127192467952,60,2.1822734643405718e-06,2,2,Internal
MGM,TYL,0.4598763527291017,60,0.0002479512835599511,2,2,Internal
MGM,VTR,0.6006541951768641,60,4.922576917225305e-07,2,2,Internal
MGM,WST,-0.7468060531164133,60,1.1107688376425284e-11,2,6,External
MGM,ZBRA,-0.5998224886227115,60,5.153030638202954e-07,2,6,External
MHK,MLM,0.4755906896730196,60,0.00014080964986868996,0,0,Internal
MHK,NDSN,0.5368195017947539,60,1.1702273337965664e-05,0,0,Internal
MHK,NSC,0.4308598746513914,60,0.000657868937084588,0,0,Internal
MHK,NVR,0.7300339444587657,60,5.3627530107057446e-11,0,0,Internal
MHK,PCAR,0.46396068645392546,60,0.00021460214610911736,0,0,Internal
MHK,PHM,0.6081329760756076,60,3.2430829686890353e-07,0,0,Internal
MHK,PNC,0.42522348635119783,60,0.0007873749256713183,0,1,External
MHK,POOL,0.594613389370299,60,6.842962614646897e-07,0,0,Internal
MHK,PPG,0.5481344883773042,60,6.99470514322073e-06,0,0,Internal
MHK,RF,0.41774563883520893,60,0.0009946401288800047,0,1,External
MHK,SHW,0.5041998369465477,60,4.671708729142313e-05,0,0,Internal
MHK,SWK,0.4951536923269241,60,6.692721099330703e-05,0,0,Internal
MHK,SYY,0.40779937959095514,60,0.001346173384465565,0,2,External
MHK,TXT,0.5643401505380652,60,3.236938735910307e-06,0,0,Internal
MKC,MMC,0.6035209645621982,60,4.200194100858214e-07,2,2,Internal
MKC,MO,0.502259731951383,60,5.05046384030635e-05,2,2,Internal
MKC,MOH,0.44833502470566683,60,0.00036935512355218685,2,0,External
MKC,MRK,0.4018422881347635,60,0.0016066637278182294,2,1,External
MKC,MTD,0.4687871240069888,60,0.0001805020797169435,2,0,External
MKC,MU,-0.4756752628284082,60,0.00014037103549019325,2,6,External
MKC,NDAQ,0.4545339858185039,60,0.00029870579041198144,2,1,External
MKC,NEE,0.43200040310909393,60,0.0006341370988564506,2,2,Internal
MKC,NTRS,0.4307833581427333,60,0.0006594894780183257,2,1,External
MKC,NVDA,-0.520728508979701,60,2.3580913699659882e-05,2,6,External
MKC,O,0.48624206854784574,60,9.444504305621264e-05,2,2,Internal
MKC,ORLY,0.49767393619462813,60,6.0610310214472346e-05,2,0,External
MKC,OTIS,0.48783939799140535,60,8.885291892620651e-05,2,0,External
MKC,PAYX,0.4905303244056598,60,8.011589922624091e-05,2,2,Internal
MKC,PEP,0.6977675004707312,60,8.169399212856767e-10,2,2,Internal
MKC,PG,0.5815287826876969,60,1.3654961646304438e-06,2,2,Internal
MKC,PGR,0.5968528754327401,60,6.061118238560674e-07,2,2,Internal
MKC,PLD,0.47502608225951926,60,0.0001437701561109854,2,0,External
MKC,PM,0.4615825767435185,60,0.00023348320260194774,2,4,External
MKC,PNW,0.5517671852025028,60,5.905756468485796e-06,2,2,Internal
MKC,PPL,0.5427036464488932,60,8.97539335617909e-06,2,2,Internal
MKC,PSA,0.5992589122848745,60,5.314900457842349e-07,2,2,Internal
MKC,REG,0.5738483439986708,60,2.0202752736255723e-06,2,2,Internal
MKC,ROL,0.623002164503132,60,1.36905974427944e-07,2,2,Internal
MKC,ROP,0.453262135904378,60,0.00031210704934631306,2,2,Internal
MKC,RSG,0.505181111222445,60,4.490286233184322e-05,2,2,Internal
MKC,RTX,0.46838662134417647,60,0.00018313058496234852,2,1,External
MKC,SBAC,0.6116236343540254,60,2.659263877915339e-07,2,2,Internal
MKC,SJM,0.6686178247832242,60,7.157913352266672e-09,2,2,Internal
MKC,SNPS,-0.4420729831177278,60,0.00045585103073356176,2,6,External
MKC,SO,0.561459704690475,60,3.7231207239744147e-06,2,2,Internal
MKC,SPGI,0.44311557224919834,60,0.0004402812758570109,2,1,External
MKC,STZ,0.48431404563764735,60,0.00010162499364817484,2,2,Internal
MKC,SYY,0.5039327614291179,60,4.7222446330620306e-05,2,2,Internal
MKC,T,0.48476057266467815,60,9.991889472468509e-05,2,2,Internal
MKC,TDG,0.5330232804578061,60,1.3850473732245241e-05,2,1,External
MKC,TMUS,0.4161949277480379,60,0.001043330996413828,2,2,Internal
MKC,TROW,0.4530628118173459,60,0.00031425624778013783,2,0,External
MKC,TRV,0.5771465044048438,60,1.7095698231599436e-06,2,2,Internal
MKC,TSN,0.6185487453905664,60,1.7809022709521363e-07,2,2,Internal
MKC,TXT,0.4584539570632101,60,0.000260632982538168,2,0,External
MKC,UDR,0.5721417532916491,60,2.2010413667056052e-06,2,2,Internal
MKC,UHS,0.4526742489224996,60,0.0003184847039814431,2,0,External
MKC,UNP,0.4151541179137746,60,0.0010772044021752885,2,0,External
MKC,V,0.53971215104818,60,1.0277800835464371e-05,2,2,Internal
MKC,VICI,0.5721582058642174,60,2.1992287385293176e-06,2,2,Internal
MKC,VRSK,0.6708124223127111,60,6.130375205578054e-09,2,2,Internal
MKC,VTR,0.44087740586942054,60,0.0004743197343806019,2,2,Internal
MKC,VZ,0.4756195741251609,60,0.0001406597079176258,2,0,External
MKC,WEC,0.6204549596558119,60,1.592095652506017e-07,2,2,Internal
MKC,WELL,0.45013106399967523,60,0.0003474645896799917,2,2,Internal
MKC,WM,0.4107599349212957,60,0.0012313916576133317,2,2,Internal
MKC,WRB,0.40828217038133163,60,0.0013268235343162045,2,2,Internal
MKC,WTW,0.4889958838276861,60,8.499591101850239e-05,2,2,Internal
MKC,WY,0.42360439822046986,60,0.0008286136657670298,2,2,Internal
MKC,XEL,0.5857802192072495,60,1.0945571428196325e-06,2,2,Internal
MKC,ZTS,0.40253744557207466,60,0.0015740996405947285,2,2,Internal
MLM,NVR,0.44857002173318,60,0.00036642130607974046,0,0,Internal
MLM,PPG,0.4291241895033619,60,0.0006955292774269125,0,0,Internal
MLM,VMC,0.8132385862310165,60,5.079681031112819e-15,0,1,External
MMC,NDSN,0.4141199779887795,60,0.0011118379590880699,2,0,External
MMC,NOC,0.45409538077666123,60,0.00030326686899729573,2,0,External
MMC,NSC,0.4551984403319808,60,0.00029191509109018397,2,0,External
MMC,NVDA,-0.5734239873316626,60,2.063880585116431e-06,2,6,External
MMC,O,0.48620045248082855,60,9.459496762737487e-05,2,2,Internal
MMC,ORLY,0.5850551689689009,60,1.1368833970672513e-06,2,0,External
MMC,OTIS,0.4914879082301307,60,7.720248686621161e-05,2,0,External
MMC,PAYX,0.5835954679980312,60,1.226784529006069e-06,2,2,Internal
MMC,PEP,0.5125322971346699,60,3.324426102370718e-05,2,2,Internal
MMC,PFG,0.5035132359032283,60,4.8026462788325434e-05,2,1,External
MMC,PG,0.6084971944234004,60,3.1769663858077685e-07,2,2,Internal
MMC,PGR,0.48919710081491175,60,8.434076863489766e-05,2,2,Internal
MMC,PLD,0.4807771041905594,60,0.00011611437413265272,2,0,External
MMC,PNW,0.5183025902586307,60,2.612816352490779e-05,2,2,Internal
MMC,PPL,0.5298863336793825,60,1.5895891174736307e-05,2,2,Internal
MMC,PSA,0.4577559664006345,60,0.0002670700696761208,2,2,Internal
MMC,REG,0.6242422228453622,60,1.271449818900683e-07,2,2,Internal
MMC,RMD,0.45084652246770124,60,0.0003390783780193485,2,0,External
MMC,ROL,0.6243777026858459,60,1.2611918926280562e-07,2,2,Internal
MMC,ROP,0.4143604437235182,60,0.0011036965058263952,2,2,Internal
MMC,RSG,0.43539392224397966,60,0.0005680370511286975,2,2,Internal
MMC,RTX,0.40858021682648915,60,0.0013150031248928499,2,1,External
MMC,SBAC,0.5739017972278985,60,2.014844086028834e-06,2,2,Internal
MMC,SHW,0.48234511904123106,60,0.00010947171266986843,2,0,External
MMC,SJM,0.46280054554928496,60,0.00022363150755067186,2,2,Internal
MMC,SO,0.6051176260332007,60,3.8422751628820114e-07,2,2,Internal
MMC,SPG,0.4288454014842277,60,0.0007017568405703784,2,2,Internal
MMC,SPGI,0.4237064457118018,60,0.000825958018085445,2,1,External
MMC,STE,0.4171425758506844,60,0.0010133270322290175,2,0,External
MMC,SYY,0.45919029414781,60,0.0002539959534196987,2,2,Internal
MMC,T,0.511130025495328,60,3.5225191309572265e-05,2,2,Internal
MMC,TJX,0.48680042906149235,60,9.245451776537238e-05,2,4,External
MMC,TRV,0.5768634640020963,60,1.734369895772082e-06,2,2,Internal
MMC,TSN,0.5242019879833884,60,2.033198842576292e-05,2,2,Internal
MMC,TXT,0.4648908586220643,60,0.00020760462120554757,2,0,External
MMC,UDR,0.6138650136394569,60,2.3381002838160822e-07,2,2,Internal
MMC,UHS,0.4523737520717812,60,0.0003217902651826369,2,0,External
MMC,V,0.6223726205239533,60,1.4212710745631073e-07,2,2,Internal
MMC,VICI,0.5185576206993817,60,2.5848873675003932e-05,2,2,Internal
MMC,VRSK,0.6439440538523833,60,3.75361382413696e-08,2,2,Internal
MMC,VRSN,0.40339012501432436,60,0.0015349648668408146,2,2,Internal
MMC,VTR,0.41266188560400185,60,0.0011623724226583114,2,2,Internal
MMC,WEC,0.5678499051629312,60,2.724629016765198e-06,2,2,Internal
MMC,WELL,0.543402665987066,60,8.694036597697278e-06,2,2,Internal
MMC,WM,0.4823608470965745,60,0.00010940688731976517,2,2,Internal
MMC,WRB,0.5069993429413003,60,4.171198520100471e-05,2,2,Internal
MMC,WTW,0.47036587345349545,60,0.0001704734448688283,2,2,Internal
MMC,WY,0.40546147063587074,60,0.0014435058034303102,2,2,Internal
MMC,XEL,0.5447756740677226,60,8.165116011209437e-06,2,2,Internal
MMC,XYL,0.4966728944222173,60,6.305054160090958e-05,2,0,External
MMC,ZTS,0.43877150561609324,60,0.000508509896816764,2,2,Internal
MMM,NDAQ,0.4804786550619308,60,0.00011741985379360584,1,1,Internal
MMM,NSC,0.4023212619946099,60,0.0015841626494035033,1,0,External
MMM,NVDA,-0.410356886685489,60,0.0012464822948701913,1,6,External
MMM,NVR,0.40716619790260233,60,0.001371934664267772,1,0,External
MMM,PCAR,0.40167063945112724,60,0.0016147967994894082,1,0,External
MMM,PFG,0.47673589976910624,60,0.0001349756484432766,1,1,Internal
MMM,PH,0.428743148668082,60,0.0007040535717132118,1,1,Internal
MMM,PLD,0.4567265888194085,60,0.0002768282183068422,1,0,External
MMM,PNC,0.4420369399195515,60,0.0004563981223191922,1,1,Internal
MMM,PNR,0.40037965479260695,60,0.0016771575408432236,1,1,Internal
MMM,RF,0.4837947500739966,60,0.00010364275802795412,1,1,Internal
MMM,RJF,0.40194315710050993,60,0.0016019014817275127,1,1,Internal
MMM,RTX,0.5701225765159464,60,2.434409190118946e-06,1,1,Internal
MMM,TDG,0.40280486893639544,60,0.001561730768042295,1,1,Internal
MMM,TDY,0.5074422323126884,60,4.09671210001682e-05,1,1,Internal
MMM,TRMB,0.4183455598404498,60,0.0009763592108260987,1,1,Internal
MMM,TRV,0.41810989941515125,60,0.0009835038836763525,1,2,External
MMM,TXT,0.5052650321167428,60,4.475076328896481e-05,1,0,External
MMM,XEL,0.43022044629498674,60,0.0006715228456842854,1,2,External
MNST,OTIS,0.402958216891808,60,0.0015546774705366099,2,0,External
MNST,PEP,0.525215676094303,60,1.9465151710173376e-05,2,2,Internal
MNST,PG,0.41725143736259707,60,0.0010099305660402965,2,2,Internal
MNST,STZ,0.4750704319126096,60,0.00014353556187066116,2,2,Internal
MNST,VRSK,0.4360220777350736,60,0.0005565099299730389,2,2,Internal
MNST,WTW,0.4189464079566582,60,0.0009583540715604872,2,2,Internal
MNST,XEL,0.41525368522354167,60,0.0010739216697800587,2,2,Internal
MO,NEE,0.5967195664299847,60,6.105208424196223e-07,2,2,Internal
MO,NRG,-0.45305286574614717,60,0.00031436384293479663,2,6,External
MO,NVDA,-0.4030695413495135,60,0.0015495749582495116,2,6,External
MO,O,0.4861845141759099,60,9.465244429154259e-05,2,2,Internal
MO,OTIS,0.6108762783826331,60,2.7752604412044e-07,2,0,External
MO,PAYX,0.473234026800553,60,0.00015354866509948554,2,2,Internal
MO,PEP,0.5977339060433452,60,5.777151275724544e-07,2,2,Internal
MO,PG,0.47935830651702666,60,0.00012244158516731084,2,2,Internal
MO,PNW,0.5574888898508422,60,4.505633674720464e-06,2,2,Internal
MO,PPL,0.4167493720930341,60,0.0010256808108556519,2,2,Internal
MO,PSA,0.47870671222350153,60,0.00012545207806676024,2,2,Internal
MO,ROL,0.400317798349084,60,0.0016801989104686956,2,2,Internal
MO,SBAC,0.4916062392162539,60,7.68493169194872e-05,2,2,Internal
MO,SJM,0.6261062682045724,60,1.1369648086430863e-07,2,2,Internal
MO,SO,0.566993318872337,60,2.842162814430384e-06,2,2,Internal
MO,SYY,0.4884909691428841,60,8.66605189212214e-05,2,2,Internal
MO,T,0.5397945576558585,60,1.023968685826398e-05,2,2,Internal
MO,TMUS,0.5255650544189258,60,1.917441185335963e-05,2,2,Internal
MO,TSN,0.5916882852649198,60,8.00698872130421e-07,2,2,Internal
MO,UDR,0.4754902181389307,60,0.00014133234888737657,2,2,Internal
MO,UNP,0.43982325386416227,60,0.0004911644169218489,2,0,External
MO,UPS,0.4372599609646261,60,0.0005344123392825986,2,0,External
MO,VICI,0.4716213450372088,60,0.00016286527865660495,2,2,Internal
MO,VRSK,0.4727283309932853,60,0.00015641619659963258,2,2,Internal
MO,VZ,0.6301249049071244,60,8.912085764507896e-08,2,0,External
MO,WEC,0.5043497173840075,60,4.643567472832651e-05,2,2,Internal
MO,XEL,0.4878885504857858,60,8.868576997040656e-05,2,2,Internal
MOH,ORLY,0.4686490367747204,60,0.0001814044240283083,0,0,Internal
MOH,PEP,0.4719588723907641,60,0.0001608735733141448,0,2,External
MOH,PTC,0.45497890582506556,60,0.0002941429977180787,0,0,Internal
MOH,RL,-0.46888690786281284,60,0.00017985259035944526,0,4,External
MOH,RMD,0.40534784712310784,60,0.0014483931219375023,0,0,Internal
MOH,ROP,0.43817921461924947,60,0.0005185207751002985,0,2,External
MOH,RVTY,0.4599815944786489,60,0.000247035732200005,0,0,Internal
MOH,SJM,0.4201455059150701,60,0.0009233135096628796,0,2,External
MOH,SNA,0.5446089221060284,60,8.227717761058696e-06,0,0,Internal
MOH,SWKS,0.4143006217940246,60,0.0011057168693192215,0,0,Internal
MOH,TMO,0.43126520798693463,60,0.0006493443420267096,0,0,Internal
MOH,TPR,-0.4570942508601355,60,0.0002733061921089873,0,4,External
MOH,UHS,0.4751336065764099,60,0.00014320199555455202,0,0,Internal
MOH,UNH,0.5199707516702092,60,2.4350743305516844e-05,0,0,Internal
MOH,VRSK,0.4425250749278083,60,0.000449039228881372,0,2,External
MOS,MPC,0.40367197641391694,60,0.0015222220582516099,6,6,Internal
MOS,QCOM,0.45703671851717975,60,0.0002738546133380988,6,0,External
MOS,VLO,0.42299884940621824,60,0.0008445314518049372,6,6,Internal
MPC,OXY,0.5539219013279322,60,5.336719353469365e-06,6,6,Internal
MPC,PSX,0.8026799952290006,60,2.087552157340837e-14,6,6,Internal
MPC,SLB,0.4998501021758043,60,5.560274600263013e-05,6,6,Internal
MPC,VLO,0.8809558914634211,60,3.5687009931389695e-20,6,6,Internal
MPC,XOM,0.7324976788274681,60,4.2869621612888654e-11,6,6,Internal
MPWR,NVDA,0.4660003589325814,60,0.00019953104921627466,6,6,Internal
MPWR,ORCL,0.5395944974969261,60,1.0332445404306963e-05,6,6,Internal
MPWR,PWR,0.47134711640200533,60,0.0001645000608922586,6,6,Internal
MPWR,T,-0.40630664817700723,60,0.001407613746078175,6,2,External
MRK,PEP,0.5469646678130071,60,7.383358457047135e-06,1,2,External
MRK,PFE,0.49984544718601226,60,5.561303800089591e-05,1,0,External
MRK,PYPL,0.5426617048218906,60,8.992541225336202e-06,1,1,Internal
MRK,SJM,0.40245031709795714,60,0.001578148424648139,1,2,External
MRK,WY,0.4337646964159682,60,0.0005989498368088302,1,2,External
MS,NDAQ,0.44339618605903985,60,0.0004361739911939488,1,1,Internal
MS,NTRS,0.4016503421012993,60,0.0016157609641927204,1,1,Internal
MS,RJF,0.6769561474285081,60,3.944947555715708e-09,1,1,Internal
MS,SCHW,0.40883619785677244,60,0.0013049265959567558,1,1,Internal
MS,STT,0.5268556972938522,60,1.8134918628277043e-05,1,1,Internal
MS,SYF,0.42033392092051597,60,0.0009179138437170023,1,1,Internal
MS,TFC,0.43952581635763766,60,0.0004960144933216404,1,1,Internal
MS,TRMB,0.40209550422865586,60,0.0015947328075269637,1,1,Internal
MS,WFC,0.67748736886715,60,3.7955386484269935e-09,1,1,Internal
MSCI,PKG,0.5618342126017688,60,3.65626665200241e-06,2,2,Internal
MSCI,PNW,0.428760940764555,60,0.000703653450283452,2,2,Internal
MSCI,SBAC,0.4852246558190233,60,9.817363112215811e-05,2,2,Internal
MSCI,UDR,0.4338680657266529,60,0.000596944152417317,2,2,Internal
MSCI,XEL,0.4112622515857208,60,0.0012128142218654147,2,2,Internal
MSFT,NI,-0.4522934744504576,60,0.0003226786179605086,0,6,External
MSFT,NOW,0.6458507574955659,60,3.3200713109363645e-08,0,0,Internal
MSFT,PH,-0.5227217412252059,60,2.1662192653045796e-05,0,1,External
MSFT,PNW,-0.4518157331275868,60,0.0003280116664616001,0,2,External
MSFT,PPL,-0.48984215103820916,60,8.227172304138265e-05,0,2,External
MSFT,RSG,-0.48892992295518045,60,8.521168925970794e-05,0,2,External
MSFT,SO,-0.5324683237738635,60,1.4193543526505368e-05,0,2,External
MSFT,TMO,-0.41385257542362835,60,0.0011209548380137042,0,0,Internal
MSFT,UDR,-0.4490495074263296,60,0.00036050083624594557,0,2,External
MSFT,UPS,0.48291198766347104,60,0.00010715741643097203,0,0,Internal
MSFT,V,-0.48656734893517506,60,9.328070068232274e-05,0,2,External
MSFT,VICI,-0.44418205065219185,60,0.00042485601073162033,0,2,External
MSFT,WEC,-0.4920506234517392,60,7.553624129396323e-05,0,2,External
MSFT,WM,-0.6844130078049561,60,2.2775119961144983e-09,0,2,External
MSI,RTX,0.42884670241278094,60,0.0007017276637241701,1,1,Internal
MSI,TDG,0.4716312696334787,60,0.00016280639419779486,1,1,Internal
MSI,UNH,0.404075065708089,60,0.001504162724137529,1,0,External
MSI,WAB,0.4943002500932378,60,6.920012026854996e-05,1,1,Internal
MSI,WYNN,-0.4218507891160832,60,0.0008754696474318511,1,1,Internal
MTB,NTRS,0.5960985179121789,60,6.314604884143347e-07,1,1,Internal
MTB,NVDA,-0.40721324746232374,60,0.0013700053241544683,1,6,External
MTB,PNC,0.8389749506069993,60,1.0769048523613664e-16,1,1,Internal
MTB,PRU,0.5497184226680355,60,6.498755832060197e-06,1,1,Internal
MTB,RF,0.8407058169941692,60,8.113397150991562e-17,1,1,Internal
MTB,STT,0.6219520969664842,60,1.4571847471829623e-07,1,1,Internal
MTB,SYF,0.5249670030395843,60,1.9674570967224108e-05,1,1,Internal
MTB,TFC,0.6671243996492209,60,7.948090600213861e-09,1,1,Internal
MTB,USB,0.7498461371517906,60,8.24078111344625e-12,1,1,Internal
MTB,WFC,0.6022023085418352,60,4.5191461906665154e-07,1,1,Internal
MTCH,NDSN,0.4346189937905262,60,0.0005825554795000456,0,0,Internal
MTCH,OMC,0.46352182401173486,60,0.00021797788444471381,0,0,Internal
MTCH,TROW,0.5105336362315022,60,3.610028541441229e-05,0,0,Internal
MTCH,VLTO,0.5236896787025553,60,2.078355746999549e-05,0,0,Internal
MTD,NDSN,0.4308534033388254,60,0.0006580058532052125,0,0,Internal
MTD,NTRS,0.41496715735297296,60,0.0010833929022538095,0,1,External
MTD,O,0.4296532703838775,60,0.0006838479332993056,0,2,External
MTD,OMC,0.4566092045964409,60,0.00027796138921458126,0,0,Internal
MTD,PCAR,0.4283108529117379,60,0.00071383879864098,0,0,Internal
MTD,PEP,0.4177743481116427,60,0.0009937583169852956,0,2,External
MTD,PFE,0.5271784220470433,60,1.7883286898120124e-05,0,0,Internal
MTD,POOL,0.44882989771371934,60,0.00036320158719534764,0,0,Internal
MTD,PSA,0.4358718114042417,60,0.000559247967589261,0,2,External
MTD,REG,0.415944897862585,60,0.001051379553899433,0,2,External
MTD,REGN,0.453749597296091,60,0.00030690733051051537,0,0,Internal
MTD,RVTY,0.8052372256278736,60,1.4942178420789132e-14,0,0,Internal
MTD,SBAC,0.43211561814917715,60,0.000631783359605423,0,2,External
MTD,SJM,0.48658912030107654,60,9.320324295926377e-05,0,2,External
MTD,SO,0.45336331701517446,60,0.00031102120266378054,0,2,External
MTD,STE,0.4760882979388476,60,0.00013824688281493603,0,0,Internal
MTD,STZ,0.42902867425215835,60,0.0006976572445286764,0,2,External
MTD,SWK,0.5452310378775205,60,7.996413268525029e-06,0,0,Internal
MTD,TECH,0.6596200918188466,60,1.3332958648356546e-08,0,0,Internal
MTD,TMO,0.6840790486776823,60,2.335045439682243e-09,0,0,Internal
MTD,TROW,0.42835081960782845,60,0.0007129290016889506,0,0,Internal
MTD,TXT,0.46281764784168383,60,0.00022349591824736442,0,0,Internal
MTD,VICI,0.49189511239733963,60,7.59933820621427e-05,0,2,External
MTD,VRSK,0.40486738613205103,60,0.0014692238000431853,0,2,External
MTD,VZ,0.4478166466349859,60,0.0003759025133289344,0,0,Internal
MTD,WAT,0.6969112675598091,60,8.738987487005616e-10,0,0,Internal
MTD,WEC,0.4739414037315489,60,0.00014961825292292977,0,2,External
MTD,ZTS,0.5072803224484324,60,4.123798978175335e-05,0,2,External
MU,NRG,0.4907936427746115,60,7.93048443106613e-05,6,6,Internal
MU,NVDA,0.4525782136191468,60,0.0003195377445296123,6,6,Internal
MU,ORLY,-0.4042907945956737,60,0.0014945766904574543,6,0,External
MU,PEG,0.43423857976309255,60,0.0005898049161378733,6,6,Internal
MU,PWR,0.4435462708547829,60,0.00043399154755584534,6,6,Internal
MU,REG,-0.4370344634142344,60,0.0005383774698069315,6,2,External
MU,T,-0.4290282836124536,60,0.0006976659595964703,6,2,External
MU,TPL,0.5055325458402147,60,4.426908642827723e-05,6,6,Internal
MU,WDC,0.6174625198641286,60,1.8977096533975335e-07,6,6,Internal
NCLH,RCL,0.7277630021604753,60,6.57786291990332e-11,1,1,Internal
NCLH,UAL,0.4108685956476444,60,0.001227351462573081,1,1,Internal
NDAQ,NI,0.4421951518669455,60,0.0004540010859872338,1,6,External
NDAQ,NTRS,0.42309358597496555,60,0.0008420230830612132,1,1,Internal
NDAQ,REG,0.42240059098630617,60,0.0008605281024617778,1,2,External
NDAQ,ROL,0.4740670249097072,60,0.00014892997607891773,1,2,External
NDAQ,RTX,0.40287604697890594,60,0.0015584533488046876,1,1,Internal
NDAQ,SCHW,0.40071951609537376,60,0.0016605349393039278,1,1,Internal
NDAQ,SPG,0.49119255027121955,60,7.80905354008206e-05,1,2,External
NDAQ,SPGI,0.40251137410637955,60,0.0015753101819095338,1,1,Internal
NDAQ,STT,0.4604717311151701,60,0.00024281229749808833,1,1,Internal
NDAQ,TJX,0.46003162506411194,60,0.0002466015737844297,1,4,External
NDAQ,TRV,0.4082758659336251,60,0.0013270745934229487,1,2,External
NDAQ,UDR,0.45101074554323356,60,0.0003371796371640529,1,2,External
NDAQ,V,0.44576117674699983,60,0.00040291654553803116,1,2,External
NDAQ,WELL,0.4211839873433411,60,0.0008939046632348197,1,2,External
NDAQ,WTW,0.5334156585991513,60,1.361257013936005e-05,1,2,External
NDAQ,XEL,0.49384855984321463,60,7.043162745575389e-05,1,2,External
NDSN,NKE,0.4390636142168683,60,0.0005036375345680043,0,0,Internal
NDSN,NOC,0.40156211988503676,60,0.001619957689991281,0,0,Internal
NDSN,NRG,-0.4807018078219315,60,0.00011644247409458005,0,6,External
NDSN,NSC,0.6259960700156764,60,1.144527451069048e-07,0,0,Internal
NDSN,NVDA,-0.5847278926986167,60,1.1564864143574624e-06,0,6,External
NDSN,NVR,0.6056526470300577,60,3.7288901721855963e-07,0,0,Internal
NDSN,O,0.5860713815880995,60,1.0779788442979157e-06,0,2,External
NDSN,ODFL,0.47582121495792745,60,0.0001396170407067303,0,0,Internal
NDSN,OMC,0.44807775884228257,60,0.0003725914469618303,0,0,Internal
NDSN,OTIS,0.6556740208071234,60,1.740002596987609e-08,0,0,Internal
NDSN,PAYX,0.4711613694765597,60,0.00016561588874007183,0,2,External
NDSN,PCAR,0.4722642014016765,60,0.00015909110448329808,0,0,Internal
NDSN,PEP,0.5487008877909583,60,6.813448342181726e-06,0,2,External
NDSN,PG,0.4395560228969907,60,0.0004955199644065822,0,2,External
NDSN,PHM,0.5362674674152417,60,1.1994135916168322e-05,0,0,Internal
NDSN,PLD,0.46341785414756526,60,0.00021878469797009285,0,0,Internal
NDSN,PNW,0.4130915125056213,60,0.001147271973181787,0,2,External
NDSN,POOL,0.734200569899834,60,3.66703945892057e-11,0,0,Internal
NDSN,PPG,0.4679135002188349,60,0.00018628077695794984,0,0,Internal
NDSN,PSA,0.49334711511368773,60,7.182239625343541e-05,0,2,External
NDSN,ROP,0.4463160233277541,60,0.00039545577673412153,0,2,External
NDSN,SBAC,0.5407069279104496,60,9.826391023470626e-06,0,2,External
NDSN,SHW,0.4213595833110281,60,0.0008890163170213999,0,0,Internal
NDSN,SJM,0.4665249119541864,60,0.00019581484320797552,0,2,External
NDSN,SLB,0.4903760198931125,60,8.059471555210956e-05,0,6,External
NDSN,SNA,0.5101262498794067,60,3.6709550333253825e-05,0,0,Internal
NDSN,SO,0.4914190040878126,60,7.740882502296158e-05,0,2,External
NDSN,STE,0.477902707669702,60,0.0001292602599135055,0,0,Internal
NDSN,SWK,0.6203869406400468,60,1.598495662850621e-07,0,0,Internal
NDSN,SYY,0.5287715721109858,60,1.668783495324828e-05,0,2,External
NDSN,TSN,0.44310803799971027,60,0.0004403920357526567,0,2,External
NDSN,TXT,0.6153660534838967,60,2.1438019939357148e-07,0,0,Internal
NDSN,UDR,0.401216465497408,60,0.0016364946716201296,0,2,External
NDSN,UNP,0.5494617275958014,60,6.576841938819344e-06,0,0,Internal
NDSN,VICI,0.5676827101611032,60,2.7472075395733787e-06,0,2,External
NDSN,VLTO,0.4789344284412897,60,0.00012439235267197252,0,0,Internal
NDSN,VZ,0.4102560419075762,60,0.0012502839486861924,0,0,Internal
NDSN,WAT,0.5235097802775652,60,2.0944318346275842e-05,0,0,Internal
NDSN,WEC,0.41449719922670886,60,0.0010990903401852635,0,2,External
NDSN,WY,0.4985712945986209,60,5.849709650541275e-05,0,2,External
NDSN,XOM,0.45165969357245356,60,0.0003297708554922305,0,6,External
NDSN,XYL,0.410610496922925,60,0.0012369675450637514,0,0,Internal
NDSN,ZBH,0.48250357817897915,60,0.00010882021040060738,0,0,Internal
NEE,O,0.5408786234986663,60,9.750369111866661e-06,2,2,Internal
NEE,OMC,0.4015298613676305,60,0.0016214946617716629,2,0,External
NEE,OTIS,0.5187518968939372,60,2.5637973899208903e-05,2,0,External
NEE,PAYX,0.44558520277938574,60,0.000405309376286484,2,2,Internal
NEE,PCG,0.45524555310767334,60,0.0002914389848112754,2,2,Internal
NEE,PEP,0.5165212985330239,60,2.8158130254136226e-05,2,2,Internal
NEE,PNW,0.6372381130659853,60,5.7413304145139225e-08,2,2,Internal
NEE,PPL,0.5923307617412481,60,7.736450351940102e-07,2,2,Internal
NEE,PSA,0.48041281827627286,60,0.00011770964497767082,2,2,Internal
NEE,SBAC,0.5201931952447911,60,2.412237759883219e-05,2,2,Internal
NEE,SJM,0.5551581620116531,60,5.033732610194383e-06,2,2,Internal
NEE,SO,0.7252930079825204,60,8.195182505133878e-11,2,2,Internal
NEE,STZ,0.5711732189878905,60,2.3102411982909313e-06,2,2,Internal
NEE,SYY,0.4942148183188953,60,6.943151392904604e-05,2,2,Internal
NEE,TAP,0.44995659130808435,60,0.00034953808942598884,2,2,Internal
NEE,TSN,0.5148504478751768,60,3.0193899986905324e-05,2,2,Internal
NEE,UNP,0.5050603008150366,60,4.512265810714796e-05,2,0,External
NEE,VICI,0.45752368824566714,60,0.0002692441595418202,2,2,Internal
NEE,VRSK,0.4034222325701362,60,0.0015335084396835505,2,2,Internal
NEE,VZ,0.4484373075575699,60,0.00036807555810431964,2,0,External
NEE,WEC,0.6262703932820828,60,1.1257884377758145e-07,2,2,Internal
NEE,XEL,0.5559545216605264,60,4.847128866421613e-06,2,2,Internal
NEE,ZTS,0.42052717187367084,60,0.0009124051845452411,2,2,Internal
NEM,XYZ,0.4115014332843432,60,0.001204057301944846,4,4,Internal
NFLX,SLB,-0.44848695407744354,60,0.0003674559317275531,1,6,External
NFLX,SWK,-0.4127948062536254,60,0.001157681566047673,1,0,External
NFLX,TDY,0.40256654448878826,60,0.0015727495140707244,1,1,Internal
NFLX,TXT,-0.4025825726571037,60,0.0015720062851328786,1,0,External
NFLX,WAT,-0.41136920089422113,60,0.0012088915424658918,1,0,External
NI,OKE,0.5450748901828547,60,8.05389401910237e-06,6,6,Internal
NI,PEG,0.6197551375630751,60,1.659110347642043e-07,6,6,Internal
NI,PNW,0.5049109168370804,60,4.5395811783978277e-05,6,2,External
NI,PPL,0.5979732235114456,60,5.702199368069927e-07,6,2,External
NI,REG,0.40103800171022985,60,0.0016450918719957872,6,2,External
NI,TRGP,0.5237339213497749,60,2.0744196853125716e-05,6,6,Internal
NI,UDR,0.4251945479620499,60,0.0007880954209113886,6,2,External
NI,VTR,0.4115208003075932,60,0.0012033507302514931,6,2,External
NI,WEC,0.48105496976233064,60,0.00011491091780212126,6,2,External
NI,WELL,0.5734823022683495,60,2.057836673598826e-06,6,2,External
NI,WMB,0.621891358081155,60,1.4624420030953475e-07,6,6,Internal
NI,XEL,0.5242328645127808,60,2.030506525090776e-05,6,2,External
NKE,NSC,0.4024686438116824,60,0.001577296024204798,0,0,Internal
NKE,NVDA,-0.41583652570616053,60,0.0010548854285379722,0,6,External
NOC,NSC,0.41278912801494616,60,0.0011578816061490623,0,0,Internal
NOC,OTIS,0.4652624160292977,60,0.00020486822740700773,0,0,Internal
NOC,PEP,0.4711775782260139,60,0.00016551824354323592,0,2,External
NOC,PG,0.483791825386948,60,0.0001036542255887352,0,2,External
NOC,PNR,0.42094717420207695,60,0.0009005356062260158,0,1,External
NOC,REG,0.42642541663524336,60,0.0007579702355170188,0,2,External
NOC,RTX,0.523969549688534,60,2.0535729980989754e-05,0,1,External
NOC,SJM,0.47633349886308773,60,0.00013699984447335952,0,2,External
NOC,SNA,0.40835696568534385,60,0.00132384824818043,0,0,Internal
NOC,SO,0.4693276995127173,60,0.00017700900029336356,0,2,External
NOC,TDG,0.4432229498733839,60,0.0004387054808431298,0,1,External
NOC,TROW,0.4390667591382033,60,0.0005035853086280578,0,0,Internal
NOC,TSN,0.533774225777707,60,1.3398488369427753e-05,0,2,External
NOC,TXT,0.5762430766765978,60,1.789909742316529e-06,0,0,Internal
NOC,VLTO,0.4085925226140414,60,0.001314517121270958,0,0,Internal
NOC,VRSK,0.44216918292191426,60,0.00045439375015228066,0,2,External
NOC,ZTS,0.44491995017635066,60,0.00041447242063096033,0,2,External
NOW,SO,-0.40765388973129835,60,0.0013520539668780186,0,2,External
NOW,TMO,-0.4319835064256417,60,0.0006344829494685483,0,0,Internal
NOW,UPS,0.4678166928746821,60,0.00018693142813833676,0,0,Internal
NOW,WM,-0.5114510791524852,60,3.4762259326254024e-05,0,2,External
NRG,NVDA,0.6044766671792882,60,3.982371865349984e-07,6,6,Internal
NRG,ORCL,0.4937070650000147,60,7.082153468852714e-05,6,6,Internal
NRG,OTIS,-0.5124859462167092,60,3.33080586949712e-05,6,0,External
NRG,PEG,0.576327783663746,60,1.7822295972861398e-06,6,6,Internal
NRG,PEP,-0.46006544706438496,60,0.00024630846587429616,6,2,External
NRG,PG,-0.4343583202834777,60,0.0005875142920910563,6,2,External
NRG,PWR,0.6574055737024084,60,1.548899814052589e-08,6,6,Internal
NRG,SBAC,-0.40032372408618516,60,0.0016799073389807638,6,2,External
NRG,SJM,-0.4924971774041879,60,7.42375773393278e-05,6,2,External
NRG,SNPS,0.4338274040042733,60,0.0005977323886341201,6,6,Internal
NRG,T,-0.5108587380815219,60,3.5620797786733134e-05,6,2,External
NRG,TRGP,0.5164052668537931,60,2.8295293268691788e-05,6,6,Internal
NRG,TRV,-0.45994121687347417,60,0.00024738663201625215,6,2,External
NRG,TT,0.44384494736992175,60,0.00042967786102913953,6,6,Internal
NRG,TXT,-0.4032853072823616,60,0.0015397281260498257,6,0,External
NRG,VRSK,-0.5097416378198152,60,3.7293458961410364e-05,6,2,External
NRG,VZ,-0.5164720796632137,60,2.8216237427774722e-05,6,0,External
NRG,WDC,0.5198720911380628,60,2.4452669718811508e-05,6,6,Internal
NRG,WMB,0.6448515179512243,60,3.5410127620288145e-08,6,6,Internal
NSC,NVDA,-0.5589857400510406,60,4.194212664938302e-06,0,6,External
NSC,NVR,0.4327991761916331,60,0.0006179808012463019,0,0,Internal
NSC,O,0.49762305137841284,60,6.0732221842383114e-05,0,2,External
NSC,OTIS,0.5015905518539251,60,5.187538062363189e-05,0,0,Internal
NSC,PAYX,0.4074107898117445,60,0.0013619313441469115,0,2,External
NSC,PCAR,0.471964029836491,60,0.00016084331363964798,0,0,Internal
NSC,PEP,0.41925354433457557,60,0.0009492664368571283,0,2,External
NSC,PFG,0.4982587566996876,60,5.92252704632029e-05,0,1,External
NSC,PG,0.41676272598875486,60,0.0010252590395423348,0,2,External
NSC,PLD,0.5584127325423859,60,4.31097737242238e-06,0,0,Internal
NSC,PNC,0.45135836089410913,60,0.00033319241535551247,0,1,External
NSC,PNW,0.4759818726178768,60,0.00013879136965019506,0,2,External
NSC,POOL,0.5757999066755687,60,1.8305976112993347e-06,0,0,Internal
NSC,PPG,0.4478855506866653,60,0.00037502617721538075,0,0,Internal
NSC,PSA,0.4647903793525292,60,0.0002083503332272294,0,2,External
NSC,PSX,0.5246866971540278,60,1.9913131560634586e-05,0,6,External
NSC,RF,0.4310692466781922,60,0.0006534530562223883,0,1,External
NSC,SBAC,0.47724658652726,60,0.00013244622513135734,0,2,External
NSC,SHW,0.4054255148204206,60,0.0014450507782384472,0,0,Internal
NSC,SJM,0.4463673784825482,60,0.00039477161823252483,0,2,External
NSC,SNA,0.43939997100650796,60,0.0004980796039874093,0,0,Internal
NSC,SO,0.48453771849214766,60,0.00010076706383796224,0,2,External
NSC,STT,0.4092691867704087,60,0.0012880400230723783,0,1,External
NSC,SWK,0.5253290280077306,60,1.9370379745952348e-05,0,0,Internal
NSC,SYY,0.46483084157726967,60,0.0002080497468471299,0,2,External
NSC,TSCO,0.4206168880045817,60,0.0009098579549772024,0,0,Internal
NSC,TSN,0.5086592055101773,60,3.898314642976753e-05,0,2,External
NSC,TXT,0.5037666153184363,60,4.753936681080949e-05,0,0,Internal
NSC,UNP,0.7540477421747522,60,5.41633476374741e-12,0,0,Internal
NSC,V,0.4426725166947354,60,0.00044683775264224644,0,2,External
NSC,VICI,0.48941763865629145,60,8.362805517875064e-05,0,2,External
NSC,VLTO,0.4205205762696775,60,0.0009125927011364769,0,0,Internal
NSC,WEC,0.4729416744663416,60,0.00015520051116123205,0,2,External
NSC,WY,0.4277824013206217,60,0.0007259675073534563,0,2,External
NSC,XYL,0.4530691733832578,60,0.0003141874468753011,0,0,Internal
NTRS,NVDA,-0.49268201974217846,60,7.370605832088591e-05,1,6,External
NTRS,O,0.4241565748384065,60,0.0008143354769365791,1,2,External
NTRS,PAYX,0.4162537139382069,60,0.0010414467208778992,1,2,External
NTRS,PNC,0.6457939199577215,60,3.332281475212572e-08,1,1,Internal
NTRS,PRU,0.42805859567486804,60,0.0007196054145431304,1,1,Internal
NTRS,RF,0.5435853813013156,60,8.621857278912386e-06,1,1,Internal
NTRS,STT,0.7037505435785317,60,5.067318482311872e-10,1,1,Internal
NTRS,T,0.48546235359724016,60,9.729061440204884e-05,1,2,External
NTRS,TFC,0.4227840705559799,60,0.0008502432113910792,1,1,Internal
NTRS,TSN,0.46081506667722255,60,0.00023989319720225743,1,2,External
NTRS,UNP,0.48107250604174273,60,0.00011483535224761836,1,0,External
NTRS,V,0.5490395274953956,60,6.707176321019666e-06,1,2,External
NTRS,VZ,0.41478146486592893,60,0.0010895710853548394,1,0,External
NTRS,WEC,0.4250910334356241,60,0.0007906775573862046,1,2,External
NTRS,WFC,0.4801083566372753,60,0.00011905833579952482,1,1,Internal
NVDA,NVR,-0.41436612438301446,60,0.0011035048259674036,6,0,External
NVDA,NWSA,-0.4057087691606797,60,0.0014329197849573187,6,1,External
NVDA,O,-0.4600711758203973,60,0.00024625885088505535,6,2,External
NVDA,ORCL,0.5028591364393369,60,4.9305264842062875e-05,6,6,Internal
NVDA,ORLY,-0.4468146937861104,60,0.00038885779346623124,6,0,External
NVDA,OTIS,-0.5381355294267298,60,1.1032878758624099e-05,6,0,External
NVDA,PAYX,-0.5303555415063533,60,1.5573101260074796e-05,6,2,External
NVDA,PCAR,-0.4269236426476391,60,0.0007460750449839046,6,0,External
NVDA,PEP,-0.5238337103545716,60,2.0655672616418862e-05,6,2,External
NVDA,PFG,-0.4814856867916486,60,0.00011306805791634358,6,1,External
NVDA,PG,-0.5547784007576166,60,5.125055968912433e-06,6,2,External
NVDA,PGR,-0.40089263843754996,60,0.0016521243737095577,6,2,External
NVDA,PLD,-0.4175772306982235,60,0.000999827034355374,6,0,External
NVDA,PNC,-0.5598801838658793,60,4.017825399213165e-06,6,1,External
NVDA,PNW,-0.41079830817959645,60,0.001229963509880699,6,2,External
NVDA,POOL,-0.4368306842309173,60,0.0005419836300417529,6,0,External
NVDA,PRU,-0.6425373795585095,60,4.107115567198007e-08,6,1,External
NVDA,PSA,-0.41590843142985223,60,0.0010525580820022872,6,2,External
NVDA,PWR,0.5235948299377796,60,2.0868173235529614e-05,6,6,Internal
NVDA,REG,-0.44744170268868233,60,0.0003807038583323718,6,2,External
NVDA,RF,-0.4616682177676103,60,0.00023277774242812425,6,1,External
NVDA,ROL,-0.44057299182041365,60,0.0004791294006659113,6,2,External
NVDA,ROP,-0.42176498493175235,60,0.0008778224804646541,6,2,External
NVDA,SBAC,-0.5052204596566979,60,4.483148754599426e-05,6,2,External
NVDA,SJM,-0.44028943315362007,60,0.00048364933393296944,6,2,External
NVDA,SNA,-0.4293631502172037,60,0.000690231204281719,6,0,External
NVDA,SNPS,0.49152816078625916,60,7.708218210253488e-05,6,6,Internal
NVDA,SO,-0.43156459873397857,60,0.0006431121609484551,6,2,External
NVDA,STT,-0.4561556939544211,60,0.00028237921448587825,6,1,External
NVDA,SYY,-0.5158239139997012,60,2.8991873598293898e-05,6,2,External
NVDA,T,-0.49391470392802117,60,7.025003752248662e-05,6,2,External
NVDA,TFC,-0.420612640979735,60,0.0009099783921785086,6,1,External
NVDA,TGT,-0.4098600514017037,60,0.001265313011259339,6,0,External
NVDA,TJX,-0.49277307329862335,60,7.344552090129805e-05,6,4,External
NVDA,TROW,-0.45743488785172226,60,0.0002700795749204463,6,0,External
NVDA,TRV,-0.4887287479367192,60,8.587290891528739e-05,6,2,External
NVDA,TSN,-0.48875812186255124,60,8.577606984275511e-05,6,2,External
NVDA,TXT,-0.603677951666253,60,4.163662663755396e-07,6,0,External
NVDA,UDR,-0.4880010930547377,60,8.830414344100762e-05,6,2,External
NVDA,UHS,-0.45870942690648786,60,0.00025831257039919507,6,0,External
NVDA,UNP,-0.49912189257364326,60,5.7234308276655743e-05,6,0,External
NVDA,USB,-0.44265572407579046,60,0.00044708799028607285,6,1,External
NVDA,V,-0.5727840539873023,60,2.1313037375220198e-06,6,2,External
NVDA,VICI,-0.4550692339666815,60,0.00029322444895630494,6,2,External
NVDA,VLTO,-0.4179443220414295,60,0.0009885519439528602,6,0,External
NVDA,VRSK,-0.506889703154095,60,4.189830121054264e-05,6,2,External
NVDA,VRSN,-0.40719789548716967,60,0.001370634587846994,6,2,External
NVDA,WEC,-0.42428054265404525,60,0.0008111606118827896,6,2,External
NVDA,WMB,0.41130799978368193,60,0.0012111348744097234,6,6,Internal
NVDA,WMT,-0.43196001106224136,60,0.0006349641492823916,6,4,External
NVDA,WTW,-0.455407454971052,60,0.00028980824828526064,6,2,External
NVDA,WY,-0.4503604332572194,60,0.00034475571291831664,6,2,External
NVDA,XYL,-0.4141340479879059,60,0.0011113601065373747,6,0,External
NVDA,ZTS,-0.4365527409834414,60,0.0005469375331030304,6,2,External
NVR,ORLY,0.4183686528765781,60,0.0009756616063644268,0,0,Internal
NVR,OTIS,0.4995297730874169,60,5.6315092175486453e-05,0,0,Internal
NVR,PEP,0.4550308795695225,60,0.00029361415575599733,0,2,External
NVR,PHM,0.8806218126720502,60,3.847298434586601e-20,0,0,Internal
NVR,POOL,0.6181605930980663,60,1.8218432548019047e-07,0,0,Internal
NVR,PPG,0.4373087249887298,60,0.0005335583666824744,0,0,Internal
NVR,PSA,0.43660595250448286,60,0.0005459859559976604,0,2,External
NVR,ROP,0.47113354133974134,60,0.00016578365476702673,0,2,External
NVR,SBAC,0.4578776327468609,60,0.00026593769225581506,0,2,External
NVR,SHW,0.5597818875274415,60,4.036865851654303e-06,0,0,Internal
NVR,STE,0.43400528118865284,60,0.0005942911456248509,0,0,Internal
NVR,SWK,0.46581067497399353,60,0.0002008906643084178,0,0,Internal
NVR,SYY,0.41719604300721624,60,0.0010116575797187916,0,2,External
NVR,TXT,0.43731512739704115,60,0.0005334463374159961,0,0,Internal
NVR,UHS,0.4417951239802748,60,0.0004600840371544678,0,0,Internal
NVR,UNP,0.4373724884962991,60,0.0005324435847218164,0,0,Internal
NVR,URI,0.4041148993287354,60,0.0015023885565084633,0,0,Internal
NWS,NWSA,0.9159191717354688,60,2.8870337869421212e-24,1,1,Internal
NWSA,RF,0.49204293810169053,60,7.555877360615027e-05,1,1,Internal
NWSA,WMT,0.4433520064660729,60,0.0004368183211608656,1,4,External
NXPI,ON,0.5938132997541118,60,7.144509225892164e-07,5,5,Internal
NXPI,TXN,0.49041778506570394,60,8.04648565506781e-05,5,5,Internal
O,OMC,0.46371097363357433,60,0.00021651703743256364,2,0,External
O,OTIS,0.5462742858425694,60,7.622057689431184e-06,2,0,External
O,PAYC,0.4403574280358375,60,0.0004825619804654987,2,0,External
O,PAYX,0.611274002464031,60,2.7129510358035127e-07,2,2,Internal
O,PEP,0.6036873736021071,60,4.1614796607347594e-07,2,2,Internal
O,PFE,0.4292321008443707,60,0.0006931322036579087,2,0,External
O,PG,0.4788347929698824,60,0.0001248550128672025,2,2,Internal
O,PLD,0.531167105559166,60,1.5029101263052788e-05,2,0,External
O,PNW,0.6201278085310171,60,1.6231001763511913e-07,2,2,Internal
O,POOL,0.4882971655981411,60,8.73073733864372e-05,2,0,External
O,PPL,0.595135146931661,60,6.652788683620647e-07,2,2,Internal
O,PSA,0.6763621326552349,60,4.1186060574408475e-09,2,2,Internal
O,REG,0.5705432553785709,60,2.383962241980715e-06,2,2,Internal
O,ROL,0.5697852222897707,60,2.475582490952266e-06,2,2,Internal
O,SBAC,0.6852498481302597,60,2.1391847002837592e-09,2,2,Internal
O,SHW,0.47375917397677836,60,0.00015062186790677426,2,0,External
O,SJM,0.5560230566749076,60,4.831374663669492e-06,2,2,Internal
O,SO,0.6815038466350805,60,2.827267922500978e-09,2,2,Internal
O,SPG,0.4785223740837436,60,0.00012631599207177762,2,2,Internal
O,SRE,0.4442354038922686,60,0.0004240973806657027,2,1,External
O,STE,0.461639631400849,60,0.00023301300332146703,2,0,External
O,STZ,0.43596776577367846,60,0.0005574981555080661,2,2,Internal
O,SWK,0.40405699810983836,60,0.0015049680640772483,2,0,External
O,SYK,0.43886427074995155,60,0.0005069579637192325,2,2,Internal
O,SYY,0.5795641415162718,60,1.510845277147946e-06,2,2,Internal
O,TAP,0.47828338219916344,60,0.00012744416748971957,2,2,Internal
O,TSN,0.5791219673687065,60,1.545494899249135e-06,2,2,Internal
O,TXT,0.41949052962592115,60,0.0009423076237427679,2,0,External
O,UDR,0.6588523716368578,60,1.4046077513226048e-08,2,2,Internal
O,UNP,0.510859027754947,60,3.562037318823079e-05,2,0,External
O,VICI,0.7290756914565013,60,5.846861061772653e-11,2,2,Internal
O,VRSK,0.48798121721612303,60,8.837143151797741e-05,2,2,Internal
O,VTR,0.5173164729304575,60,2.7234565394739115e-05,2,2,Internal
O,VZ,0.4637970071140306,60,0.00021585554488238686,2,0,External
O,WAT,0.40728957828827317,60,0.0013668804402469181,2,0,External
O,WEC,0.7033270216495916,60,5.243582756776643e-10,2,2,Internal
O,WELL,0.458439275931097,60,0.00026076690614422807,2,2,Internal
O,WM,0.4172553818546781,60,0.001009807691106759,2,2,Internal
O,WTW,0.4419574074146644,60,0.00045760743819984545,2,2,Internal
O,WY,0.5721326497391451,60,2.202044931503563e-06,2,2,Internal
O,XEL,0.6088637272462111,60,3.111709194309468e-07,2,2,Internal
ODFL,POOL,0.40451654254881236,60,0.0014846041379506611,0,0,Internal
ODFL,UNP,0.4166291634988511,60,0.0010294845364655675,0,0,Internal
OKE,PEG,0.4046254831689495,60,0.0014798129984119302,6,6,Internal
OKE,TRGP,0.7663394795183136,60,1.5098726362626426e-12,6,6,Internal
OKE,WMB,0.6806155587936012,60,3.0187538380509994e-09,6,6,Internal
OKE,XOM,0.4228007579420103,60,0.0008497981864954305,6,6,Internal
OMC,OTIS,0.47146971653921066,60,0.00016376734652614222,0,0,Internal
OMC,PAYX,0.42167516105057284,60,0.000880291647981382,0,2,External
OMC,PCAR,0.4559826894472684,60,0.0002840813206350456,0,0,Internal
OMC,POOL,0.46832002987399685,60,0.00018357100540514074,0,0,Internal
OMC,RVTY,0.46204906035891713,60,0.00022966409873436777,0,0,Internal
OMC,SJM,0.4013633900943075,60,0.0016294470421693106,0,2,External
OMC,SNA,0.4770676828562004,60,0.00013332734381573457,0,0,Internal
OMC,SO,0.4154010848152824,60,0.0010690784402510294,0,2,External
OMC,SWK,0.4373220644305962,60,0.0005333249773581877,0,0,Internal
OMC,TAP,0.4291948070943933,60,0.0006939597770335708,0,2,External
OMC,TROW,0.43698284392071135,60,0.0005392888863195682,0,0,Internal
OMC,TSN,0.4605561306500912,60,0.00024209172735243476,0,2,External
OMC,UNP,0.4187294666415756,60,0.0009648201650578172,0,0,Internal
OMC,VICI,0.4308459154370662,60,0.000658164309884534,0,2,External
OMC,VLTO,0.4361483344362797,60,0.0005542187769200745,0,0,Internal
OMC,VZ,0.546511624379172,60,7.53919991989013e-06,0,0,Internal
OMC,WAT,0.42463156053548706,60,0.0008022314407307378,0,0,Internal
OMC,WEC,0.4585228544122788,60,0.0002600053278923414,0,2,External
ON,RVTY,0.4021236011298481,60,0.001593413854900629,5,0,External
ON,SNPS,-0.4074765842722722,60,0.0013592516808544938,5,6,External
ON,TXN,0.40489668694741654,60,0.0014679457943939556,5,5,Internal
ORCL,PEG,0.5484527741070296,60,6.892303841301365e-06,6,6,Internal
ORCL,PRU,-0.42706554164663935,60,0.000742718200638214,6,1,External
ORCL,PWR,0.5846038367478968,60,1.1639993999182138e-06,6,6,Internal
ORCL,TT,0.5122779334526849,60,3.359576448544777e-05,6,6,Internal
ORCL,WMB,0.4639335075969365,60,0.00021480981070068957,6,6,Internal
ORLY,PEP,0.45754685951000756,60,0.00026902655728127517,0,2,External
ORLY,PG,0.4269154727846574,60,0.0007462687327560345,0,2,External
ORLY,RMD,0.5322196992474891,60,1.4349784448606754e-05,0,0,Internal
ORLY,ROL,0.4823776535510348,60,0.00010933765614743424,0,2,External
ORLY,ROP,0.40481949269985995,60,0.0014713149033091502,0,2,External
ORLY,RSG,0.40481554518998497,60,0.0014714873768565905,0,2,External
ORLY,SBAC,0.4204417203269266,60,0.0009148373114918503,0,2,External
ORLY,SJM,0.41295050336777955,60,0.0011522085698331156,0,2,External
ORLY,SO,0.4035815557285622,60,0.0015262997064339244,0,2,External
ORLY,SYY,0.4583448199516681,60,0.000261630050994087,0,2,External
ORLY,TJX,0.42299392466270375,60,0.0008446620299448598,0,4,External
ORLY,TSN,0.45689153501098645,60,0.0002752430252594738,0,2,External
ORLY,UHS,0.528718676895885,60,1.672630654332731e-05,0,0,Internal
ORLY,V,0.5410567472416036,60,9.672078931546813e-06,0,2,External
ORLY,VICI,0.41896406629824323,60,0.0009578294748299915,0,2,External
ORLY,VRSK,0.41322260681882683,60,0.0011426995590558904,0,2,External
ORLY,ZTS,0.5336581429253342,60,1.3467450892662018e-05,0,2,External
OTIS,PAYX,0.6094384882692097,60,3.0119086171126427e-07,0,2,External
OTIS,PCAR,0.4902210165492709,60,8.107834908990844e-05,0,0,Internal
OTIS,PEP,0.6586427262076664,60,1.4246988307210482e-08,0,2,External
OTIS,PG,0.632844405053834,60,7.542968772494188e-08,0,2,External
OTIS,PHM,0.4553113545677045,60,0.0002907752014635474,0,0,Internal
OTIS,PM,0.40589091619474915,60,0.0014251672770666415,0,4,External
OTIS,PNW,0.5531825901874742,60,5.525941309116059e-06,0,2,External
OTIS,POOL,0.6148198373777976,60,2.2126783991834676e-07,0,0,Internal
OTIS,PPG,0.42326527783511564,60,0.0008374942764623019,0,0,Internal
OTIS,PPL,0.44849635187530285,60,0.0003673387469304554,0,2,External
OTIS,PSA,0.5193837009034612,60,2.4963068131442773e-05,0,2,External
OTIS,ROL,0.5202328669949041,60,2.408185858055045e-05,0,2,External
OTIS,ROP,0.44319933331914085,60,0.0004390516198801465,0,2,External
OTIS,SBAC,0.5549896715086294,60,5.074061752172181e-06,0,2,External
OTIS,SJM,0.6141397020090062,60,2.301350121470678e-07,0,2,External
OTIS,SO,0.6417967951163616,60,4.30561795673576e-08,0,2,External
OTIS,STE,0.451601189482406,60,0.0003304326416888631,0,0,Internal
OTIS,SWK,0.5055090217775002,60,4.43112504530607e-05,0,0,Internal
OTIS,SYY,0.5949372346418439,60,6.724334293474986e-07,0,2,External
OTIS,T,0.45178914813036214,60,0.00032831078027032546,0,2,External
OTIS,TSN,0.5254075407244727,60,1.9304987190945496e-05,0,2,External
OTIS,TXT,0.6021585307249216,60,4.530115020081199e-07,0,0,Internal
OTIS,UDR,0.46030622179175995,60,0.00024423103839350596,0,2,External
OTIS,UNP,0.6007004121116666,60,4.910058828484116e-07,0,0,Internal
OTIS,VICI,0.5196793512500848,60,2.465292996781953e-05,0,2,External
OTIS,VLTO,0.4948988490459101,60,6.75986114229659e-05,0,0,Internal
OTIS,VRSK,0.5284757114951089,60,1.690407814974673e-05,0,2,External
OTIS,VZ,0.6355447028392641,60,6.381418429946119e-08,0,0,Internal
OTIS,WEC,0.5688495299102302,60,2.5932105782873932e-06,0,2,External
OTIS,WTW,0.44433969343723834,60,0.00042261804038993563,0,2,External
OTIS,WY,0.41471126683596593,60,0.001091914894202355,0,2,External
OTIS,XYL,0.41855823942111287,60,0.0009699514521784001,0,0,Internal
OTIS,YUM,0.5103147677128927,60,3.642644212914731e-05,0,4,External
OTIS,ZBH,0.41729536505158527,60,0.0010085629338049927,0,0,Internal
OTIS,ZTS,0.41390755004309826,60,0.0011190750479889034,0,2,External
OXY,PSX,0.5950980548576665,60,6.666142952235234e-07,6,6,Internal
OXY,SLB,0.5064884722447393,60,4.25867013416371e-05,6,6,Internal
OXY,VLO,0.5626911756605826,60,3.5074780601553678e-06,6,6,Internal
OXY,XOM,0.7535900024150323,60,5.672023011057561e-12,6,6,Internal
PANW,TTWO,0.42531786962400414,60,0.000785029145375927,4,4,Internal
PAYC,PAYX,0.4757914793694576,60,0.00013977035423085214,0,2,External
PAYC,TSCO,0.40084686715742796,60,0.0016543442995818414,0,0,Internal
PAYC,VICI,0.41093922016520457,60,0.00122473191230069,0,2,External
PAYC,WTW,0.4261440307807514,60,0.0007647638173903921,0,2,External
PAYC,ZBH,0.4698864639965846,60,0.00017346349316232923,0,0,Internal
PAYX,PEP,0.5373822097884323,60,1.1411566426493626e-05,2,2,Internal
PAYX,PG,0.5693328408840951,60,2.5318158971546547e-06,2,2,Internal
PAYX,PNW,0.5797842572869479,60,1.4938687402885199e-06,2,2,Internal
PAYX,POOL,0.44471105612755557,60,0.0004173882821763974,2,0,External
PAYX,PPL,0.5048588416498621,60,4.5491391133040516e-05,2,2,Internal
PAYX,PSA,0.5509667051766557,60,6.1311820253272005e-06,2,2,Internal
PAYX,REG,0.4442707947895757,60,0.00042359483652666327,2,2,Internal
PAYX,RMD,0.4217416997498688,60,0.0008784619658553779,2,0,External
PAYX,ROL,0.5562871884795821,60,4.771103651923777e-06,2,2,Internal
PAYX,ROP,0.4501319823322691,60,0.00034745370554964107,2,2,Internal
PAYX,RSG,0.42597103400390907,60,0.0007689677901764716,2,2,Internal
PAYX,SBAC,0.44920236527400526,60,0.0003586317971096995,2,2,Internal
PAYX,SHW,0.40405976362480034,60,0.0015048447697558862,2,0,External
PAYX,SJM,0.47644456079714037,60,0.00013643840780121574,2,2,Internal
PAYX,SNA,0.42167183389842283,60,0.0008803832282497577,2,0,External
PAYX,SO,0.6160497235845476,60,2.0604316620683187e-07,2,2,Internal
PAYX,SYY,0.5561362435315466,60,4.805460730695333e-06,2,2,Internal
PAYX,TMUS,0.41831979327404684,60,0.000977138108974777,2,2,Internal
PAYX,TRV,0.43879795214588496,60,0.0005080670156319802,2,2,Internal
PAYX,TSN,0.430114523794451,60,0.0006738092321958814,2,2,Internal
PAYX,UDR,0.5362457800120953,60,1.200573894234469e-05,2,2,Internal
PAYX,UNP,0.46522967936038695,60,0.00020510799072361429,2,0,External
PAYX,V,0.5356994902084007,60,1.2301471284684527e-05,2,2,Internal
PAYX,VICI,0.4206671094100715,60,0.0009084348651963565,2,2,Internal
PAYX,VRSK,0.5922219608440655,60,7.781654166985182e-07,2,2,Internal
PAYX,VZ,0.5171315659275181,60,2.7446791845700712e-05,2,0,External
PAYX,WEC,0.653784349618974,60,1.9738793396724304e-08,2,2,Internal
PAYX,WM,0.4834070029750148,60,0.00010517329982653749,2,2,Internal
PAYX,WRB,0.4427000810864528,60,0.0004464272736249278,2,2,Internal
PAYX,WTW,0.4637652220912829,60,0.00021609971756535173,2,2,Internal
PAYX,WY,0.4139711547761332,60,0.0011169037012188315,2,2,Internal
PAYX,XEL,0.5549702580787849,60,5.078727755130717e-06,2,2,Internal
PAYX,ZBH,0.48510368603193993,60,9.862583963009249e-05,2,0,External
PAYX,ZTS,0.4843976512179781,60,0.00010130353019220296,2,2,Internal
PCAR,PNC,0.4150140347415104,60,0.0010818382357239674,0,1,External
PCAR,POOL,0.5888577577806376,60,9.307896839146078e-07,0,0,Internal
PCAR,PSX,0.40933813911195666,60,0.0012853690748501716,0,6,External
PCAR,RF,0.4025039823308952,60,0.0015756535460203153,0,1,External
PCAR,RVTY,0.44544921447045793,60,0.000407167336648025,0,0,Internal
PCAR,SLB,0.411273624067783,60,0.0012123965597994866,0,6,External
PCAR,SWK,0.6171468275345409,60,1.9329856575446252e-07,0,0,Internal
PCAR,SYY,0.48191612958877866,60,0.00011125350684141174,0,2,External
PCAR,TAP,0.45107151552388663,60,0.0003364794744221765,0,2,External
PCAR,TROW,0.4405246779907805,60,0.0004798968044012896,0,0,Internal
PCAR,TXT,0.5856631883864291,60,1.1012876883767697e-06,0,0,Internal
PCAR,UNP,0.45315243632012947,60,0.0003132882150065237,0,0,Internal
PCAR,WAT,0.44987435577901635,60,0.000350519307411655,0,0,Internal
PCAR,XOM,0.4876142618453789,60,8.962222861791873e-05,0,6,External
PCG,PNW,0.44943716955582624,60,0.00035577794489917116,2,2,Internal
PCG,PPL,0.4714561422044285,60,0.00016384832559159575,2,2,Internal
PCG,STZ,0.4909594559806433,60,7.879800059946873e-05,2,2,Internal
PCG,XEL,0.5104326990365561,60,3.625036480504248e-05,2,2,Internal
PEG,PPL,0.4424169755566912,60,0.00045065953100004906,6,2,External
PEG,PWR,0.6607073931041922,60,1.2381316862322526e-08,6,6,Internal
PEG,TRGP,0.4515230009663545,60,0.00033131898221334954,6,6,Internal
PEG,TT,0.43532573110517425,60,0.0005693013397478187,6,6,Internal
PEG,WMB,0.6685015871441726,60,7.216643981848557e-09,6,6,Internal
PEP,PFE,0.4095030461191728,60,0.0012790013791946376,2,0,External
PEP,PG,0.692733583741301,60,1.210136961561254e-09,2,2,Internal
PEP,PGR,0.5019905246967635,60,5.1052013378293954e-05,2,2,Internal
PEP,PHM,0.43097566394603204,60,0.0006554234904922247,2,0,External
PEP,PLD,0.4081880350281415,60,0.001330576682357627,2,0,External
PEP,PNW,0.6176473251798557,60,1.8773410130432253e-07,2,2,Internal
PEP,POOL,0.46624523358762093,60,0.00019778827924225723,2,0,External
PEP,PPL,0.5489659093225608,60,6.730147106805355e-06,2,2,Internal
PEP,PSA,0.5543386860505153,60,5.232724111415772e-06,2,2,Internal
PEP,PYPL,0.42474229729154916,60,0.0007994330009084284,2,1,External
PEP,REG,0.5224779072872644,60,2.1888890868019773e-05,2,2,Internal
PEP,ROL,0.609483866371646,60,3.004158666024124e-07,2,2,Internal
PEP,ROP,0.5173105352664936,60,2.7241356670695232e-05,2,2,Internal
PEP,RSG,0.4633781989014203,60,0.0002190931435524122,2,2,Internal
PEP,SBAC,0.6596994433629667,60,1.3261233998453345e-08,2,2,Internal
PEP,SHW,0.43325599730351466,60,0.0006089093869350256,2,0,External
PEP,SJM,0.6978758109842281,60,8.099909872821678e-10,2,2,Internal
PEP,SO,0.69678201232388,60,8.828176105775588e-10,2,2,Internal
PEP,SPG,0.40735942321104907,60,0.001364026687714294,2,2,Internal
PEP,SPGI,0.4425259404167127,60,0.0004490262774401718,2,1,External
PEP,STE,0.4096439249688758,60,0.001273583964223403,2,0,External
PEP,STZ,0.5133004926755923,60,3.220322447290806e-05,2,2,Internal
PEP,SYY,0.6855640860261302,60,2.0893282094670264e-09,2,2,Internal
PEP,T,0.5054211959282082,60,4.4468995313713326e-05,2,2,Internal
PEP,TDG,0.4190623900875846,60,0.0009549131866186933,2,1,External
PEP,TMUS,0.47154528433897297,60,0.00016331720856112872,2,2,Internal
PEP,TRV,0.5483785814199822,60,6.916048202797345e-06,2,2,Internal
PEP,TSN,0.7200547201273212,60,1.296214632910344e-10,2,2,Internal
PEP,TXT,0.47138773370108494,60,0.00016425698160282164,2,0,External
PEP,UDR,0.5990359056868565,60,5.380259479819639e-07,2,2,Internal
PEP,UNP,0.4793495842444144,60,0.00012248144229840146,2,0,External
PEP,V,0.47499768354181615,60,0.0001439205599168463,2,2,Internal
PEP,VICI,0.552513128696532,60,5.702658513100984e-06,2,2,Internal
PEP,VRSK,0.6968261101893874,60,8.797651146485921e-10,2,2,Internal
PEP,VZ,0.5340080936746666,60,1.3260546295930224e-05,2,0,External
PEP,WEC,0.6066000702302015,60,3.5357751249753296e-07,2,2,Internal
PEP,WELL,0.4016669042673251,60,0.0016149741894879643,2,2,Internal
PEP,WM,0.44573033474356455,60,0.00040333499364047273,2,2,Internal
PEP,WTW,0.5290091894776714,60,1.651602184469247e-05,2,2,Internal
PEP,WY,0.5612728690370474,60,3.7568977100601198e-06,2,2,Internal
PEP,XEL,0.5810843161498158,60,1.3971849880986619e-06,2,2,Internal
PEP,ZBH,0.4020653994515166,60,0.0015961471011891628,2,0,External
PEP,ZTS,0.5075449632870841,60,4.079610893524948e-05,2,2,Internal
PFE,PNW,0.4652486676315451,60,0.00020496888943315615,0,2,External
PFE,PSA,0.41968451423737,60,0.0009366457436614115,0,2,External
PFE,REGN,0.4384438538441046,60,0.0005140259696378804,0,0,Internal
PFE,RMD,0.4229450767195435,60,0.0008459582060441354,0,0,Internal
PFE,RVTY,0.5354874606514191,60,1.2418063932331809e-05,0,0,Internal
PFE,SBAC,0.5016961519277219,60,5.165681531063914e-05,0,2,External
PFE,SJM,0.4518161666380708,60,0.00032800679099426086,0,2,External
PFE,SNA,0.41996425697663403,60,0.0009285348186440243,0,0,Internal
PFE,SO,0.4840686173159602,60,0.00010257408530426286,0,2,External
PFE,SWK,0.5211499450330724,60,2.3162576005287453e-05,0,0,Internal
PFE,T,0.4118469790870911,60,0.0011915065438726636,0,2,External
PFE,TECH,0.40157395817416397,60,0.0016193939766863544,0,0,Internal
PFE,TMO,0.4767636920096777,60,0.00013483686255017432,0,0,Internal
PFE,TXT,0.41493011681376335,60,0.0010846227562145562,0,0,Internal
PFE,UNP,0.40578229875384564,60,0.0014297856903972464,0,0,Internal
PFE,VICI,0.49246427439913815,60,7.433255978280966e-05,0,2,External
PFE,VZ,0.40444221278843573,60,0.0014878810916985007,0,0,Internal
PFE,WAT,0.44135418429247353,60,0.0004668747750163967,0,0,Internal
PFE,WEC,0.4925498697870456,60,7.408570071103911e-05,0,2,External
PFE,ZBH,0.5472047269220421,60,7.302000959638311e-06,0,0,Internal
PFE,ZTS,0.4166986094206037,60,0.001027285532659803,0,2,External
PFG,PLD,0.4205831512142463,60,0.0009108150600252434,1,0,External
PFG,PNC,0.4485224608459575,60,0.0003670133624388906,1,1,Internal
PFG,PNR,0.47627538686867443,60,0.00013729445351910627,1,1,Internal
PFG,PPG,0.40364648401012465,60,0.001523370684503055,1,0,External
PFG,PRU,0.5880008508551776,60,9.739193332097622e-07,1,1,Internal
PFG,PSA,0.40778577302684743,60,0.0013467223758194086,1,2,External
PFG,REG,0.48500775094068643,60,9.898582316361643e-05,1,2,External
PFG,RF,0.40562465156797634,60,0.0014365127347665519,1,1,Internal
PFG,ROK,0.4283146821876237,60,0.0007137515840275517,1,6,External
PFG,RTX,0.41093744061226517,60,0.001224797856346276,1,1,Internal
PFG,SPGI,0.41622711444045185,60,0.001042298935466854,1,1,Internal
PFG,STT,0.49410962566265887,60,6.971740875309047e-05,1,1,Internal
PFG,TDG,0.4494112569320745,60,0.00035609187375774167,1,1,Internal
PFG,TXT,0.43506945348551684,60,0.00057407565278256,1,0,External
PFG,UDR,0.4225009434485011,60,0.000857825868402572,1,2,External
PFG,UHS,0.40645226168016046,60,0.001401511507441181,1,0,External
PFG,UNP,0.40835720527866043,60,0.0013238387270199624,1,0,External
PFG,V,0.4453856034444087,60,0.0004080390864819804,1,2,External
PFG,WY,0.40135291499268144,60,0.0016299486069089844,1,2,External
PG,PGR,0.40784275459455965,60,0.0013444246507358397,2,2,Internal
PG,PNW,0.5023253625445374,60,5.0372015883890596e-05,2,2,Internal
PG,PPL,0.5665494034515139,60,2.9049189947117736e-06,2,2,Internal
PG,PSA,0.4498483237715185,60,0.0003508304381526575,2,2,Internal
PG,REG,0.5795785011021033,60,1.509732308411087e-06,2,2,Internal
PG,RMD,0.4176298656952887,60,0.0009982032849571705,2,0,External
PG,ROL,0.6076458637620623,60,3.3335298212051047e-07,2,2,Internal
PG,ROP,0.4327245079735046,60,0.0006194751204560618,2,2,Internal
PG,SBAC,0.5774897145613178,60,1.6799424602409066e-06,2,2,Internal
PG,SHW,0.4431505463080731,60,0.00043976745862732663,2,0,External
PG,SJM,0.5984546486725472,60,5.554175811190252e-07,2,2,Internal
PG,SO,0.5760704240030433,60,1.8056595711802803e-06,2,2,Internal
PG,SYY,0.5843138407327492,60,1.1817405176410851e-06,2,2,Internal
PG,T,0.47193900356889856,60,0.00016099019604227957,2,2,Internal
PG,TRV,0.5979207235463543,60,5.718563337145321e-07,2,2,Internal
PG,TSN,0.6424478448863241,60,4.130646913833813e-08,2,2,Internal
PG,TXT,0.4002248994841157,60,0.0016847758564088736,2,0,External
PG,UDR,0.48320097954903385,60,0.00010599494670647912,2,2,Internal
PG,UNP,0.4662771382720626,60,0.00019756224164328232,2,0,External
PG,V,0.5112092618936332,60,3.5110412728845784e-05,2,2,Internal
PG,VRSK,0.582006911443644,60,1.332158816093217e-06,2,2,Internal
PG,VZ,0.5011042346534772,60,5.28929830072724e-05,2,0,External
PG,WEC,0.5397341684285231,60,1.0267604667247447e-05,2,2,Internal
PG,XEL,0.4771652101214931,60,0.00013284634811633702,2,2,Internal
PG,ZTS,0.4930672128562279,60,7.260966039336188e-05,2,2,Internal
PGR,PNW,0.47967684067014565,60,0.00012099414308056912,2,2,Internal
PGR,PPL,0.4213868201315379,60,0.0008882602460985268,2,2,Internal
PGR,PSA,0.41076586827550843,60,0.001231170737037307,2,2,Internal
PGR,RSG,0.43105468864101876,60,0.0006537592309136015,2,2,Internal
PGR,SBAC,0.521267998394557,60,2.3046628674112537e-05,2,2,Internal
PGR,SO,0.45134238841813934,60,0.0003333746778599038,2,2,Internal
PGR,SPG,0.42054464058034496,60,0.0009119087076343459,2,2,Internal
PGR,SPGI,0.5467574957947647,60,7.454247449542621e-06,2,1,External
PGR,SYY,0.4243026581367496,60,0.0008105954018172099,2,2,Internal
PGR,TRV,0.6507133335533218,60,2.4183473565684463e-08,2,2,Internal
PGR,UDR,0.4856746411967505,60,9.650816756885231e-05,2,2,Internal
PGR,VICI,0.40274869079134396,60,0.0015643218710599228,2,2,Internal
PGR,VRSK,0.5227942586087307,60,2.1595192223194548e-05,2,2,Internal
PGR,VTR,0.4179816865670799,60,0.000987410753158368,2,2,Internal
PGR,WEC,0.45745430663903924,60,0.00026989668534776974,2,2,Internal
PGR,WRB,0.5425143825191756,60,9.053015748038127e-06,2,2,Internal
PGR,XEL,0.4754819506999733,60,0.00014137543898050264,2,2,Internal
PH,PNR,0.569718000735452,60,2.4838640427472307e-06,1,1,Internal
PH,RTX,0.40258857927941577,60,0.0015717278380946145,1,1,Internal
PH,TMO,0.43985239283789934,60,0.0004906915930214923,1,0,External
PH,UPS,-0.45110527101890796,60,0.0003360911318065436,1,0,External
PH,WM,0.4117700903281844,60,0.0011942890430817745,1,2,External
PH,WYNN,0.41379158256736026,60,0.001123043738435505,1,1,Internal
PH,XYZ,0.4037872250766733,60,0.001517038913898985,1,4,External
PHM,POOL,0.5607991115051237,60,3.843831148469739e-06,0,0,Internal
PHM,PPG,0.4398312825703768,60,0.0004910340977794032,0,0,Internal
PHM,ROP,0.47810223740460034,60,0.00012830542048298155,0,2,External
PHM,SBAC,0.41504582247931365,60,0.0010807851531774136,0,2,External
PHM,SHW,0.5300456995866124,60,1.5785566519532443e-05,0,0,Internal
PHM,SNA,0.43187929733038627,60,0.0006366197350815536,0,0,Internal
PHM,STE,0.41302948338333745,60,0.00114944120559402,0,0,Internal
PHM,SWK,0.4472229860988503,60,0.000383530325464704,0,0,Internal
PHM,TMO,0.4085785463275008,60,0.0013150691118611515,0,0,Internal
PKG,VICI,0.4782925720086919,60,0.00012740061617466926,2,2,Internal
PKG,VTR,0.4376202998894363,60,0.0005281311058191151,2,2,Internal
PLD,PNW,0.4438998285556785,60,0.0004288894798711124,0,2,External
PLD,PPL,0.45445225395179256,60,0.000299550955722907,0,2,External
PLD,PSA,0.5766846361489237,60,1.750211798800673e-06,0,2,External
PLD,REG,0.4972013410512015,60,6.175129873079807e-05,0,2,External
PLD,RTX,0.40218658003662383,60,0.0015904609862019343,0,1,External
PLD,SBAC,0.43102389182436923,60,0.0006544073563652633,0,2,External
PLD,SHW,0.5661723773712303,60,2.9592323640429874e-06,0,0,Internal
PLD,SPG,0.5393576501756355,60,1.0443269528393302e-05,0,2,External
PLD,STE,0.48071342218348295,60,0.00011639180969627813,0,0,Internal
PLD,SYK,0.43748599746396755,60,0.0005304643242674726,0,2,External
PLD,TGT,0.4016298740362,60,0.0016167337603483955,0,0,Internal
PLD,TSN,0.43603894068198706,60,0.0005562034258020608,0,2,External
PLD,TXT,0.41789123660390326,60,0.0009901753278702943,0,0,Internal
PLD,UDR,0.423457341908694,60,0.0008324541653849943,0,2,External
PLD,UHS,0.4081721017571575,60,0.001331212879469519,0,0,Internal
PLD,UNP,0.4620599841801733,60,0.00022957535296029056,0,0,Internal
PLD,VICI,0.6583935837741237,60,1.4489281189933445e-08,0,2,External
PLD,WELL,0.5071453279499784,60,4.146509319347126e-05,0,2,External
PLD,WY,0.47368357898003494,60,0.0001510400077545215,0,2,External
PM,PTC,-0.6167082360610807,60,1.9830189248205916e-07,4,0,External
PM,QCOM,-0.4942508394341809,60,6.933386331098525e-05,4,0,External
PM,RL,0.4787881338019019,60,0.00012507221823944173,4,4,Internal
PM,SWKS,-0.6868854550521554,60,1.8914778455434812e-09,4,0,External
PM,TPL,-0.42038041722042996,60,0.000916585724038758,4,6,External
PM,TPR,0.5887567850081195,60,9.357772105046014e-07,4,4,Internal
PM,UDR,0.42427232095980316,60,0.0008113708261828057,4,2,External
PM,YUM,0.7085770833255711,60,3.417401303869938e-10,4,4,Internal
PNC,PRU,0.6482943566149871,60,2.8332919716307947e-08,1,1,Internal
PNC,RF,0.7939057797560191,60,6.342711435963408e-14,1,1,Internal
PNC,RJF,0.4008095326635463,60,0.001656157015296281,1,1,Internal
PNC,STT,0.5754333640664661,60,1.8649018121515506e-06,1,1,Internal
PNC,SYF,0.42700773814305143,60,0.0007440839823517369,1,1,Internal
PNC,T,0.45769099599961355,60,0.00026767656435951995,1,2,External
PNC,TFC,0.7200213316469465,60,1.299965137433244e-10,1,1,Internal
PNC,TROW,0.4153149590625299,60,0.0010719059513359403,1,0,External
PNC,TSN,0.46064914619795,60,0.00024129985862520595,1,2,External
PNC,TXT,0.5024040482530088,60,5.021343573014577e-05,1,0,External
PNC,UDR,0.46808605332146813,60,0.00018512616594082657,1,2,External
PNC,UNP,0.4750002499736089,60,0.00014390696179105155,1,0,External
PNC,USB,0.717933174951036,60,1.5561511115925928e-10,1,1,Internal
PNC,V,0.4134334920269479,60,0.0011353785193435805,1,2,External
PNC,WEC,0.40928131312515476,60,0.0012875699338029858,1,2,External
PNC,WFC,0.5819743797126407,60,1.3344027113371054e-06,1,1,Internal
PNR,PYPL,0.456094404768295,60,0.00028298114210847605,1,1,Internal
PNR,RJF,0.4311947738507776,60,0.0006508184328637965,1,1,Internal
PNR,RTX,0.5741362285396333,60,1.991185125445559e-06,1,1,Internal
PNR,SCHW,0.4844333161790434,60,0.00010116668281563895,1,1,Internal
PNR,SPGI,0.4405936647063583,60,0.00047880137855998,1,1,Internal
PNR,TDG,0.5897229676285881,60,8.890620047519152e-07,1,1,Internal
PNR,VMC,0.4133588552214769,60,0.0011379647542687408,1,1,Internal
PNR,WTW,0.4425224515948478,60,0.0004490784873123677,1,2,External
PNW,PPL,0.8200489634648696,60,1.9453970141244446e-15,2,2,Internal
PNW,PSA,0.5965228391392803,60,6.170823020581695e-07,2,2,Internal
PNW,REG,0.5059646216067323,60,4.350119891832648e-05,2,2,Internal
PNW,ROL,0.43790119221999607,60,0.0005232812603476238,2,2,Internal
PNW,ROP,0.42759665592183765,60,0.0007302746735678816,2,2,Internal
PNW,RSG,0.47765233069356605,60,0.00013046764383471923,2,2,Internal
PNW,SBAC,0.7001181595474073,60,6.781178158098913e-10,2,2,Internal
PNW,SJM,0.5598363954678559,60,4.026297046935567e-06,2,2,Internal
PNW,SO,0.7940197739317327,60,6.253947968815187e-14,2,2,Internal
PNW,STT,0.41315259207962446,60,0.0011451395464895093,2,1,External
PNW,STZ,0.4599657466349747,60,0.00024717340299698864,2,2,Internal
PNW,SYY,0.47373535845726744,60,0.00015075348452741445,2,2,Internal
PNW,T,0.5172257158925375,60,2.7338541071416185e-05,2,2,Internal
PNW,TRV,0.43043236879907887,60,0.00066696945721418,2,2,Internal
PNW,TSN,0.5785780184255057,60,1.5891393024838312e-06,2,2,Internal
PNW,TXT,0.4450846902683425,60,0.00041218595553249484,2,0,External
PNW,UDR,0.5964641055400041,60,6.190540283755007e-07,2,2,Internal
PNW,UNP,0.41266509793229433,60,0.001162258856229198,2,0,External
PNW,V,0.40613277742389164,60,0.0014149313851481748,2,2,Internal
PNW,VICI,0.6086320405537787,60,3.152810475802626e-07,2,2,Internal
PNW,VRSK,0.5996300306644028,60,5.207780948389196e-07,2,2,Internal
PNW,VRSN,0.4068176674950754,60,0.0013863028053794208,2,2,Internal
PNW,VZ,0.46625896847526704,60,0.00019769094164669227,2,0,External
PNW,WEC,0.8207675482913801,60,1.7539106786544354e-15,2,2,Internal
PNW,WELL,0.47270087471041916,60,0.0001565732812722638,2,2,Internal
PNW,WM,0.4990973038285601,60,5.7290161952830495e-05,2,2,Internal
PNW,WRB,0.5589371303794415,60,4.20400246567984e-06,2,2,Internal
PNW,WY,0.5134251332708816,60,3.203718462203867e-05,2,2,Internal
PNW,XEL,0.7606815256136004,60,2.7441687378967002e-12,2,2,Internal
PNW,ZBH,0.4107329501908498,60,0.0012323968478107391,2,0,External
PNW,ZTS,0.49362658225147166,60,7.104420073860055e-05,2,2,Internal
PODD,REGN,-0.409474799495947,60,0.0012800900749261421,1,0,External
PODD,VZ,-0.42208240354075616,60,0.0008691469388202356,1,0,External
POOL,PPG,0.43839174246422635,60,0.0005149082587971062,0,0,Internal
POOL,PSA,0.41065890758204193,60,0.0012351587484991607,0,2,External
POOL,RVTY,0.4491969387865902,60,0.00035869799716171957,0,0,Internal
POOL,SBAC,0.43945246634388924,60,0.0004972172138249814,0,2,External
POOL,SHW,0.49274281759099714,60,7.35319993404409e-05,0,0,Internal
POOL,SJM,0.44066738897454444,60,0.00047763323520147655,0,2,External
POOL,SNA,0.47675648393302766,60,0.0001348728448953628,0,0,Internal
POOL,SO,0.44413450284423717,60,0.00042553313219849165,0,2,External
POOL,STE,0.515322809971722,60,2.9604991247661914e-05,0,0,Internal
POOL,SWK,0.6244314396200811,60,1.2571447863855257e-07,0,0,Internal
POOL,SYY,0.5432302551396465,60,8.762660086519124e-06,0,2,External
POOL,TXT,0.571727796265071,60,2.2471102037755733e-06,0,0,Internal
POOL,ULTA,0.4383939712690051,60,0.0005148704951713583,0,1,External
POOL,UNP,0.5713811280205348,60,2.2863819663579284e-06,0,0,Internal
POOL,VICI,0.46062455663400004,60,0.00024150896657000026,0,2,External
POOL,VLTO,0.400260175216858,60,0.0016830365770483288,0,0,Internal
POOL,VZ,0.47887788652747715,60,0.000124654713329853,0,0,Internal
POOL,WAT,0.5346763045719958,60,1.2873645623559367e-05,0,0,Internal
POOL,XOM,0.4188471496237712,60,0.0009613076753738054,0,6,External
POOL,XYL,0.4164356035816893,60,0.0010356359998059874,0,0,Internal
POOL,ZBH,0.4525472676370818,60,0.0003198777465692623,0,0,Internal
PPG,SHW,0.5019218770903532,60,5.1192466191678354e-05,0,0,Internal
PPG,STE,0.4369658353267023,60,0.0005395895038122547,0,0,Internal
PPG,SWK,0.5086660535920248,60,3.897223780998918e-05,0,0,Internal
PPG,TAP,0.4214095359411766,60,0.0008876301182492224,0,2,External
PPG,TXT,0.42360387597708404,60,0.0008286272762452966,0,0,Internal
PPG,UNP,0.42538348594913866,60,0.000783402053994824,0,0,Internal
PPL,PSA,0.5504001071704187,60,6.295557446492717e-06,2,2,Internal
PPL,REG,0.6033068043017619,60,4.2505152187976804e-07,2,2,Internal
PPL,ROL,0.5520997962942683,60,5.814378450846891e-06,2,2,Internal
PPL,RSG,0.4205377940039889,60,0.0009121032646715939,2,2,Internal
PPL,SBAC,0.6115789887400193,60,2.666063335558537e-07,2,2,Internal
PPL,SJM,0.4358828703775615,60,0.0005590460440374535,2,2,Internal
PPL,SO,0.723805943836101,60,9.344258832469483e-11,2,2,Internal
PPL,SPG,0.4539942995965496,60,0.0003043269756294552,2,2,Internal
PPL,SYK,0.4416464343446774,60,0.0004623638589493489,2,2,Internal
PPL,SYY,0.4424147567127112,60,0.0004506928448060843,2,2,Internal
PPL,TDG,0.4055998501477131,60,0.0014375736297273533,2,1,External
PPL,TSN,0.5234368068975128,60,2.100985660247086e-05,2,2,Internal
PPL,TXT,0.40235505717312514,60,0.0015825857454637023,2,0,External
PPL,UDR,0.6073811067368489,60,3.383678110248621e-07,2,2,Internal
PPL,V,0.4540999467089237,60,0.00030321906251205654,2,2,Internal
PPL,VICI,0.556102033044697,60,4.813279472159247e-06,2,2,Internal
PPL,VRSK,0.4930027195893469,60,7.279217887333841e-05,2,2,Internal
PPL,WEC,0.774801914713325,60,5.984094689244445e-13,2,2,Internal
PPL,WELL,0.57569832303551,60,1.8400451187161405e-06,2,2,Internal
PPL,WM,0.533393708374239,60,1.3625778036902816e-05,2,2,Internal
PPL,WRB,0.5320566957239143,60,1.445308379692442e-05,2,2,Internal
PPL,WTW,0.5404820149559134,60,9.926809569945317e-06,2,2,Internal
PPL,XEL,0.6813175005668873,60,2.8664587122861013e-09,2,2,Internal
PPL,ZTS,0.4137193715702052,60,0.0011255213681808736,2,2,Internal
PRU,RF,0.5888446041522881,60,9.314379909549462e-07,1,1,Internal
PRU,STT,0.5461133681706983,60,7.6787170292348e-06,1,1,Internal
PRU,TFC,0.5120288376443004,60,3.394331432562351e-05,1,1,Internal
PRU,TROW,0.509017724671561,60,3.841581963715916e-05,1,0,External
PRU,TRV,0.41894078873141444,60,0.0009585210626770751,1,2,External
PRU,TXT,0.5663351549703671,60,2.9356678167967686e-06,1,0,External
PRU,USB,0.5678405223344769,60,2.725891500064784e-06,1,1,Internal
PRU,VICI,0.40779818326931244,60,0.0013462216450405267,1,2,External
PRU,VLTO,0.42308285359219444,60,0.0008423069094594632,1,0,External
PRU,WFC,0.4246099908851894,60,0.0008027775578229825,1,1,Internal
PSA,REG,0.6085123313009058,60,3.174246178322887e-07,2,2,Internal
PSA,ROL,0.4758274078583406,60,0.00013958513017169513,2,2,Internal
PSA,ROP,0.4491071200262906,60,0.00035979535129466615,2,2,Internal
PSA,SBAC,0.7047741948987507,60,4.664217003906863e-10,2,2,Internal
PSA,SHW,0.5055471315264791,60,4.424296195691357e-05,2,0,External
PSA,SJM,0.5684323378384348,60,2.6473212715722265e-06,2,2,Internal
PSA,SO,0.5619559944057455,60,3.634769551591779e-06,2,2,Internal
PSA,SPG,0.4906780010758106,60,7.966010117216484e-05,2,2,Internal
PSA,STE,0.4912928218837072,60,7.778800203095427e-05,2,0,External
PSA,SWK,0.4164427106626602,60,0.0010354095479438025,2,0,External
PSA,SYY,0.4335822311564163,60,0.000602505128983651,2,2,Internal
PSA,TSN,0.5205274305276721,60,2.3782968953287645e-05,2,2,Internal
PSA,UDR,0.6724112125476234,60,5.471440095916677e-09,2,2,Internal
PSA,UHS,0.45128721536366206,60,0.0003340049581994442,2,0,External
PSA,UNP,0.4636078559254816,60,0.0002173123269441697,2,0,External
PSA,VICI,0.6836953528604223,60,2.4028465797148724e-09,2,2,Internal
PSA,VRSK,0.4085562481183385,60,0.0013159502060647791,2,2,Internal
PSA,WAT,0.4046038727101725,60,0.0014807623088372954,2,0,External
PSA,WEC,0.6131149936948197,60,2.4412733131685497e-07,2,2,Internal
PSA,WELL,0.44279869498154933,60,0.00044496155368255164,2,2,Internal
PSA,WM,0.41164085190172345,60,0.001198979170011212,2,2,Internal
PSA,WRB,0.4145479709184994,60,0.0010973846688514051,2,2,Internal
PSA,WY,0.6292213018216446,60,9.416577728881557e-08,2,2,Internal
PSA,XEL,0.43786924980223374,60,0.0005238307306686432,2,2,Internal
PSA,ZTS,0.4271547310571929,60,0.0007406152770968098,2,2,Internal
PSKY,VZ,0.4299470703048397,60,0.000677438164229296,0,0,Internal
PSKY,WBD,0.4354537657169473,60,0.00056692962807343,0,0,Internal
PSX,RF,0.413461865752837,60,0.0011343967312302111,6,1,External
PSX,SLB,0.6025123162611824,60,4.4421818116155116e-07,6,6,Internal
PSX,SWK,0.45018453348409126,60,0.0003468313830408415,6,0,External
PSX,UNP,0.5201759388027994,60,2.4140022274422384e-05,6,0,External
PSX,VLO,0.7891531426155883,60,1.1326619853761122e-13,6,6,Internal
PSX,XOM,0.7529169514220133,60,6.068963403013412e-12,6,6,Internal
PTC,QCOM,0.4159288763324254,60,0.0010518971939068938,0,0,Internal
PTC,RL,-0.536097624229286,60,1.208528333492089e-05,0,4,External
PTC,SNA,0.5626657319106263,60,3.5118130955996914e-06,0,0,Internal
PTC,SWKS,0.7773421858715742,60,4.497213921889675e-13,0,0,Internal
PTC,TPR,-0.5262264716876963,60,1.863499531366081e-05,0,4,External
PTC,YUM,-0.5315169246145035,60,1.480009590407841e-05,0,4,External
PTC,ZBH,0.4441827368890625,60,0.0004248462453023213,0,0,Internal
PWR,T,-0.6103575572742681,60,2.8585472935958e-07,6,2,External
PWR,TT,0.6284903922663045,60,9.844200750909977e-08,6,6,Internal
PWR,VZ,-0.41451245525985,60,0.0010985775642778518,6,0,External
PWR,WMB,0.511679764227763,60,3.4435950366969215e-05,6,6,Internal
PYPL,SYF,0.4621425772600595,60,0.00022890537475191093,1,1,Internal
QCOM,RL,-0.47120963550274364,60,0.0001653252783864593,0,4,External
QCOM,SWKS,0.6041613055795322,60,4.053048262260698e-07,0,0,Internal
QCOM,TPR,-0.5481270097975607,60,6.997128144422632e-06,0,4,External
REG,ROL,0.5801646145801833,60,1.4649533404859982e-06,2,2,Internal
REG,RTX,0.46321832978587874,60,0.0002203406674384732,2,1,External
REG,SBAC,0.6033361094493482,60,4.243596146323772e-07,2,2,Internal
REG,SHW,0.4815315322975501,60,0.00011287350974902022,2,0,External
REG,SJM,0.4015631601883659,60,0.001619908145990685,2,2,Internal
REG,SO,0.5094275396029232,60,3.777666635445951e-05,2,2,Internal
REG,SPG,0.5602615830778243,60,3.944736567360261e-06,2,2,Internal
REG,SPGI,0.41650914058657423,60,0.0010332950564776947,2,1,External
REG,TDG,0.4644076348083533,60,0.0002112133690508984,2,1,External
REG,TJX,0.4050288164175781,60,0.0014621951149485024,2,4,External
REG,TRV,0.4387077371798267,60,0.0005095792220147326,2,2,Internal
REG,TSN,0.5854206449736322,60,1.1153601169814506e-06,2,2,Internal
REG,UDR,0.7717277552577614,60,8.413841388869268e-13,2,2,Internal
REG,V,0.4741883699916542,60,0.0001482678833235241,2,2,Internal
REG,VICI,0.6025521801631816,60,4.432374696884114e-07,2,2,Internal
REG,VRSK,0.45926935105891475,60,0.00025329261465938677,2,2,Internal
REG,VTR,0.45704970915251636,60,0.00027373069377377375,2,2,Internal
REG,WEC,0.5503021655096091,60,6.324383738786452e-06,2,2,Internal
REG,WELL,0.6275351157631494,60,1.0430694105409727e-07,2,2,Internal
REG,WRB,0.5095279453753955,60,3.7621577322091776e-05,2,2,Internal
REG,WTW,0.43125803304742,60,0.0006494943654205788,2,2,Internal
REG,WY,0.5101643117227729,60,3.665222740623254e-05,2,2,Internal
REG,XEL,0.492203579868381,60,7.508907965705776e-05,2,2,Internal
REG,ZTS,0.4285388106433122,60,0.0007086636447290146,2,2,Internal
REGN,RVTY,0.46418330927421736,60,0.0002129080516513341,0,0,Internal
REGN,STZ,0.4734667376037238,60,0.00015224533268987336,0,2,External
REGN,VRTX,0.40176418508718426,60,0.0016103598520422673,0,0,Internal
RF,SPGI,0.4074311271695533,60,0.0013611025425042387,1,1,Internal
RF,STT,0.6764268933767139,60,4.099327800814608e-09,1,1,Internal
RF,SWK,0.40327892185389536,60,0.00154001872836649,1,0,External
RF,SYF,0.42134034457997843,60,0.0008895507175962658,1,1,Internal
RF,TFC,0.5485186029551972,60,6.871299750944078e-06,1,1,Internal
RF,TROW,0.42804018097602425,60,0.0007200280205939722,1,0,External
RF,TXT,0.46244887716449945,60,0.0002264362931122984,1,0,External
RF,USB,0.661500523429858,60,1.1728031387203793e-08,1,1,Internal
RF,WFC,0.5262662591736298,60,1.8602999566228175e-05,1,1,Internal
RF,XOM,0.4001003291979948,60,0.0016909307085782503,1,6,External
RJF,SCHW,0.4721978156274999,60,0.00015947710975775938,1,1,Internal
RJF,STT,0.43006172844648416,60,0.0006749514722903365,1,1,Internal
RJF,SYF,0.47576890542821104,60,0.0001398868460800792,1,1,Internal
RJF,TPR,0.41225199010365626,60,0.0011769457320658333,1,4,External
RJF,TRMB,0.45119620350424433,60,0.00033504702168256866,1,1,Internal
RJF,WFC,0.5827804469986383,60,1.2798324276296335e-06,1,1,Internal
RL,SNA,-0.4529930200394171,60,0.0003150119538708598,4,0,External
RL,SWKS,-0.6244261781693191,60,1.2575405032392615e-07,4,0,External
RL,TPR,0.8062319366334387,60,1.3102249278856e-14,4,4,Internal
RL,ZBH,-0.5352196342865013,60,1.2566805126502912e-05,4,0,External
RMD,SHW,0.4164539438007094,60,0.0010350517190761666,0,0,Internal
RMD,SJM,0.45338571245959736,60,0.0003107813268673012,0,2,External
RMD,SNA,0.4419388766645719,60,0.0004578896214918154,0,0,Internal
RMD,SO,0.5725094341720377,60,2.160863970876402e-06,0,2,External
RMD,SWK,0.40370919249549947,60,0.0015205465853022583,0,0,Internal
RMD,SYY,0.43852918787543493,60,0.000512584154175985,0,2,External
RMD,TSCO,0.4162156159757998,60,0.0010426675262325668,0,0,Internal
RMD,VZ,0.41110539968715915,60,0.0012185879215791506,0,0,Internal
RMD,WEC,0.505745349725022,60,4.3889340336248915e-05,0,2,External
RMD,ZBH,0.4365147871982036,60,0.0005476171757540189,0,0,Internal
RMD,ZTS,0.4884717871892344,60,8.672434514218834e-05,0,2,External
ROK,SLB,0.4142996111054902,60,0.0011057510318300955,6,6,Internal
ROL,ROP,0.4691872244570151,60,0.0001779107207153721,2,2,Internal
ROL,RSG,0.4789140345938902,60,0.0001244869238995519,2,2,Internal
ROL,SBAC,0.541103771393278,60,9.651508247475086e-06,2,2,Internal
ROL,SHW,0.4974201391072151,60,6.122061618087584e-05,2,0,External
ROL,SJM,0.534107718477784,60,1.3202186025045653e-05,2,2,Internal
ROL,SO,0.570395995553277,60,2.4015092046771013e-06,2,2,Internal
ROL,SYK,0.4153846604283854,60,0.0010696171346834887,2,2,Internal
ROL,SYY,0.5203784967938856,60,2.393365809254341e-05,2,2,Internal
ROL,TAP,0.4030078828513053,60,0.0015523991936755592,2,2,Internal
ROL,TJX,0.5357991881326297,60,1.2247000573302061e-05,2,4,External
ROL,TRV,0.45569496394581577,60,0.0002869328367002152,2,2,Internal
ROL,TSN,0.4429982066136163,60,0.00044200952711791615,2,2,Internal
ROL,UDR,0.60109488766683,60,4.804421882665317e-07,2,2,Internal
ROL,V,0.4520130194995358,60,0.0003257996954539928,2,2,Internal
ROL,VICI,0.4921996823025355,60,7.51004437185677e-05,2,2,Internal
ROL,VRSK,0.5429650327471873,60,8.869208560551468e-06,2,2,Internal
ROL,VTR,0.4985848300747247,60,5.8465747727282994e-05,2,2,Internal
ROL,WEC,0.6130856776216466,60,2.4453916448905864e-07,2,2,Internal
ROL,WELL,0.48324064498885266,60,0.00010583629936451313,2,2,Internal
ROL,WM,0.5294276370369462,60,1.621743840416876e-05,2,2,Internal
ROL,WTW,0.6669395767224782,60,8.051428217998639e-09,2,2,Internal
ROL,WY,0.41558819049761253,60,0.0010629588800082793,2,2,Internal
ROL,XEL,0.5245899506119609,60,1.999609006756763e-05,2,2,Internal
ROP,RSG,0.5108953219520056,60,3.556721073799215e-05,2,2,Internal
ROP,RTX,0.44905245455039877,60,0.00036046471723176563,2,1,External
ROP,SBAC,0.4121973480739538,60,0.0011789008196685003,2,2,Internal
ROP,SHW,0.40765496043936567,60,0.0013520106056257736,2,0,External
ROP,SJM,0.4010276825313342,60,0.001645590216179752,2,2,Internal
ROP,SO,0.4158219204037914,60,0.0010553587188156012,2,2,Internal
ROP,SPGI,0.406231340986828,60,0.0014107789950984129,2,1,External
ROP,STE,0.4336655556551499,60,0.0006008792065102947,2,0,External
ROP,TMO,0.5326569168763083,60,1.4076082055170898e-05,2,0,External
ROP,UDR,0.4594834371660688,60,0.00025139688725213296,2,2,Internal
ROP,V,0.4207945074276694,60,0.0009048338747548169,2,2,Internal
ROP,VRSK,0.5731714594196589,60,2.0902451782816055e-06,2,2,Internal
ROP,WM,0.6246372726054484,60,1.241755609032566e-07,2,2,Internal
ROP,WY,0.40597808757006393,60,0.0014214704358758681,2,2,Internal
ROST,TJX,0.5430949334170215,60,8.816873632950414e-06,4,4,Internal
RSG,SBAC,0.4482364597130465,60,0.00037059200579220715,2,2,Internal
RSG,SO,0.5113320770918136,60,3.493319044314556e-05,2,2,Internal
RSG,UDR,0.489365460071895,60,8.379617906962708e-05,2,2,Internal
RSG,V,0.48963700120286896,60,8.292463774237399e-05,2,2,Internal
RSG,VRSK,0.5242176977208888,60,2.0318285994260613e-05,2,2,Internal
RSG,VTR,0.47838376766858803,60,0.0001269691710989069,2,2,Internal
RSG,WEC,0.5629157253479253,60,3.4694357511971994e-06,2,2,Internal
RSG,WELL,0.44872684613174024,60,0.0003644752463135289,2,2,Internal
RSG,WM,0.7758576820035077,60,5.316620341383537e-13,2,2,Internal
RSG,WTW,0.46050570264274704,60,0.00024252202681514858,2,2,Internal
RSG,WY,0.4567050444798206,60,0.0002770358808440369,2,2,Internal
RSG,XEL,0.5114557152736664,60,3.475561580342058e-05,2,2,Internal
RTX,TDG,0.5472153378972182,60,7.298424157045013e-06,1,1,Internal
RTX,TXT,0.4500847715924358,60,0.00034801365222298487,1,0,External
RTX,V,0.434276877875466,60,0.0005890713986729781,1,2,External
RTX,WM,0.474181218256097,60,0.00014830683028818,1,2,External
RVTY,SJM,0.4501988507464736,60,0.00034666201076617877,0,2,External
RVTY,SNA,0.46307267471257146,60,0.000221482919264116,0,0,Internal
RVTY,STE,0.4133574771477116,60,0.0011380125555964771,0,0,Internal
RVTY,STZ,0.40859330035327734,60,0.001314486410730457,0,2,External
RVTY,SWK,0.5083090926889323,60,3.954462909247764e-05,0,0,Internal
RVTY,TECH,0.6686583129318774,60,7.137562540792676e-09,0,0,Internal
RVTY,TMO,0.6724267135171909,60,5.4653924385921584e-09,0,0,Internal
RVTY,TROW,0.4160631748612412,60,0.001047565230491188,0,0,Internal
RVTY,TXT,0.45691643110800984,60,0.00027500448502408456,0,0,Internal
RVTY,VICI,0.4746654001160188,60,0.00014569112717354753,0,2,External
RVTY,WAT,0.6894974524328817,60,1.5514107666455426e-09,0,0,Internal
RVTY,ZBH,0.41315906019014625,60,0.0011449139389482596,0,0,Internal
SBAC,SHW,0.533843844957047,60,1.3357286371248598e-05,2,0,External
SBAC,SJM,0.5513959888448737,60,6.009312967442643e-06,2,2,Internal
SBAC,SO,0.7643862600798637,60,1.8592110982174794e-12,2,2,Internal
SBAC,STE,0.4278192831429153,60,0.0007251150091030332,2,0,External
SBAC,STZ,0.45289305287975057,60,0.00031609728336395556,2,2,Internal
SBAC,SWK,0.42498653874982656,60,0.0007932918913196431,2,0,External
SBAC,SYK,0.49982583646185236,60,5.565641582004498e-05,2,2,Internal
SBAC,SYY,0.5412247003068322,60,9.598794555948175e-06,2,2,Internal
SBAC,T,0.47686410436497895,60,0.00013433652362591813,2,2,Internal
SBAC,TRV,0.46778947096622725,60,0.00018711476319092422,2,2,Internal
SBAC,TSN,0.6305000166911778,60,8.710227266060256e-08,2,2,Internal
SBAC,TXT,0.4639669429252626,60,0.00021455436847666868,2,0,External
SBAC,UDR,0.6475534775079239,60,2.973260861874127e-08,2,2,Internal
SBAC,UNP,0.5362466817508652,60,1.2005256293464041e-05,2,0,External
SBAC,V,0.4221115561045871,60,0.0008683540460577162,2,2,Internal
SBAC,VICI,0.6728487111542032,60,5.3031605324961836e-09,2,2,Internal
SBAC,VRSK,0.6118224230411223,60,2.629185971281249e-07,2,2,Internal
SBAC,VRSN,0.48569285513369875,60,9.644130490367787e-05,2,2,Internal
SBAC,VZ,0.5095106740853123,60,3.764821299788417e-05,2,0,External
SBAC,WEC,0.7467565468369834,60,1.1161431998384831e-11,2,2,Internal
SBAC,WM,0.4429206201592941,60,0.0004431553963275289,2,2,Internal
SBAC,WRB,0.4062783561348098,60,0.0014088021455544214,2,2,Internal
SBAC,WTW,0.4867466758745097,60,9.264445411393843e-05,2,2,Internal
SBAC,WY,0.5484319687430659,60,6.898954649966852e-06,2,2,Internal
SBAC,XEL,0.585825601696921,60,1.0919575330635924e-06,2,2,Internal
SBAC,ZTS,0.5741939001515128,60,1.9854047926020737e-06,2,2,Internal
SCHW,SPGI,0.4500545481310454,60,0.000348372551044301,1,1,Internal
SCHW,SYK,0.40526981690861974,60,0.0014517580472207504,1,2,External
SCHW,TER,-0.45220252271919675,60,0.00032368778900202584,1,6,External
SCHW,WFC,0.4715406496754897,60,0.00016334478342040944,1,1,Internal
SHW,SNA,0.41354441044219475,60,0.0011315448599287581,0,0,Internal
SHW,SO,0.4491225993363875,60,0.0003596060163611858,0,2,External
SHW,STE,0.45887599140593593,60,0.0002568098460878856,0,0,Internal
SHW,SYY,0.44601638261677135,60,0.00039946916038787313,0,2,External
SHW,TJX,0.5375657241656663,60,1.1318218957465622e-05,0,4,External
SHW,TXT,0.40213876864775117,60,0.0015927022524684403,0,0,Internal
SHW,UDR,0.47074613016866934,60,0.00016813543569747598,0,2,External
SHW,UNP,0.45156890188778714,60,0.00033079838996184037,0,0,Internal
SHW,VICI,0.5251161216622239,60,1.954874199431991e-05,0,2,External
SHW,WAT,0.46843083342050923,60,0.00018283871075760536,0,0,Internal
SHW,WEC,0.46049523976827444,60,0.00024261139336867655,0,2,External
SJM,SO,0.6871638789299386,60,1.852117992197315e-09,2,2,Internal
SJM,STZ,0.5923873890904091,60,7.713020704554923e-07,2,2,Internal
SJM,SWK,0.5350167250772784,60,1.2680593030981239e-05,2,0,External
SJM,SYY,0.6542031330857918,60,1.919621307322729e-08,2,2,Internal
SJM,T,0.4855502194231668,60,9.696605550564712e-05,2,2,Internal
SJM,TAP,0.44003708262576985,60,0.0004877043152183244,2,2,Internal
SJM,TROW,0.49848848219795017,60,5.8689231309654746e-05,2,0,External
SJM,TRV,0.47656626042602884,60,0.00013582561815078523,2,2,Internal
SJM,TSN,0.6918141512953293,60,1.2990638359480827e-09,2,2,Internal
SJM,TXT,0.48073938018487,60,0.00011627864830794269,2,0,External
SJM,UDR,0.4829678398967548,60,0.0001069318424352646,2,2,Internal
SJM,UNP,0.47679182861334146,60,0.00013469649028919584,2,0,External
SJM,VICI,0.6163077369445444,60,2.029767929441677e-07,2,2,Internal
SJM,VLTO,0.44710170206590993,60,0.00038510588773865706,2,0,External
SJM,VRSK,0.6091020074412619,60,3.069963506049267e-07,2,2,Internal
SJM,VZ,0.6697430740173923,60,6.612262461133265e-09,2,0,External
SJM,WEC,0.5428675123727792,60,8.90868761323028e-06,2,2,Internal
SJM,WY,0.4328362891704122,60,0.0006172392820436233,2,2,Internal
SJM,XEL,0.4599186714492675,60,0.0002475827599101076,2,2,Internal
SJM,ZTS,0.5071664527583494,60,4.142947855190078e-05,2,2,Internal
SLB,SNA,0.4323413615644255,60,0.0006271945402425638,6,0,External
SLB,SO,0.41244304206887616,60,0.001170132804671801,6,2,External
SLB,TFC,0.43568303024450145,60,0.0005627050952594087,6,1,External
SLB,TXT,0.4763402891134902,60,0.0001369654579347111,6,0,External
SLB,VLO,0.5761757205106041,60,1.7960388075512724e-06,6,6,Internal
SLB,XOM,0.6828778714404194,60,2.553570035271161e-09,6,6,Internal
SNA,SWK,0.4149894428427054,60,0.0010826535638944793,0,0,Internal
SNA,SWKS,0.6113302186257503,60,2.7042507005442454e-07,0,0,Internal
SNA,TPR,-0.43059070829479457,60,0.000663585612092319,0,4,External
SNA,TXT,0.418247261573022,60,0.0009793336789673923,0,0,Internal
SNA,UHS,0.40155997115321995,60,0.0016200600267206925,0,0,Internal
SNA,WAT,0.41397313754067566,60,0.001116836074310403,0,0,Internal
SNA,ZBH,0.6194645713227274,60,1.6877068673133158e-07,0,0,Internal
SO,STZ,0.5037589878171991,60,4.755396312001725e-05,2,2,Internal
SO,SWK,0.46797004552817956,60,0.00018590168967558884,2,0,External
SO,SYY,0.6707467363998698,60,6.158991162184362e-09,2,2,Internal
SO,T,0.509840470502523,60,3.7142600106340744e-05,2,2,Internal
SO,TAP,0.47308498397618537,60,0.00015438876241533642,2,2,Internal
SO,TRV,0.4075247700619978,60,0.0013572921832309725,2,2,Internal
SO,TSN,0.6259319213752342,60,1.1489515989903753e-07,2,2,Internal
SO,TXT,0.49364200109261014,60,7.100149266274145e-05,2,0,External
SO,UDR,0.6076652966966105,60,3.3298766103958535e-07,2,2,Internal
SO,UNP,0.5440136964781882,60,8.454835157050862e-06,2,0,External
SO,V,0.47428017812887713,60,0.0001477687455482716,2,2,Internal
SO,VICI,0.5972746340942693,60,5.923585596155374e-07,2,2,Internal
SO,VLTO,0.44525106095556083,60,0.00040988849956064287,2,0,External
SO,VRSK,0.6861782886304175,60,1.9950412699219053e-09,2,2,Internal
SO,VRSN,0.4105936146466808,60,0.001237598887300166,2,2,Internal
SO,VZ,0.5817966754558703,60,1.3467225159018866e-06,2,0,External
SO,WEC,0.8650241279770056,60,1.0219588166581871e-18,2,2,Internal
SO,WELL,0.44799802123041815,60,0.0003735997449282621,2,2,Internal
SO,WM,0.6067837551022651,60,3.4994381657634255e-07,2,2,Internal
SO,WRB,0.4568416753389413,60,0.0002757213197203829,2,2,Internal
SO,WTW,0.5159746880207786,60,2.8809707908613268e-05,2,2,Internal
SO,WY,0.47155766834229107,60,0.00016324354835824183,2,2,Internal
SO,XEL,0.6929995365511734,60,1.1855103767913937e-09,2,2,Internal
SO,ZTS,0.589704794919268,60,8.899201320334171e-07,2,2,Internal
SPG,TJX,0.4227860499372882,60,0.0008501904135837216,2,4,External
SPG,TSN,0.4044150880205997,60,0.0014890785474393014,2,2,Internal
SPG,UDR,0.5580872365790225,60,4.37864778013901e-06,2,2,Internal
SPG,VICI,0.4413856632018744,60,0.0004663869813615449,2,2,Internal
SPG,VTR,0.4931838794041518,60,7.228055917938477e-05,2,2,Internal
SPG,WEC,0.40012743242295934,60,0.0016895898636520679,2,2,Internal
SPG,WELL,0.6523861566207664,60,2.1657089321280125e-08,2,2,Internal
SPG,WM,0.4023630563911898,60,0.0015822127028959105,2,2,Internal
SPG,WY,0.45908147817706174,60,0.0002549669619221546,2,2,Internal
SPGI,STT,0.4517668134017366,60,0.00032856226532212323,1,1,Internal
SPGI,TDG,0.4129671428526601,60,0.001151625044636799,1,1,Internal
SPGI,TSN,0.4069772615033909,60,0.00137970687721733,1,2,External
SPGI,VMC,0.4302548011542803,60,0.0006707827889046232,1,1,Internal
STE,TECH,0.48943247317889166,60,8.358031372936282e-05,0,0,Internal
STE,VICI,0.5045167400206997,60,4.612391939814799e-05,0,2,External
STE,VRSK,0.43099417529564804,60,0.0006550332981023183,0,2,External
STE,VTRS,0.42280987993286806,60,0.0008495550070119942,0,0,Internal
STE,WAT,0.4883562137164066,60,8.71098209662995e-05,0,0,Internal
STE,WTW,0.4114136838963433,60,0.001207263359064176,0,2,External
STT,TSN,0.4056109309025627,60,0.0014370995572636858,1,2,External
STT,TXT,0.4199923715484055,60,0.0009277231706766708,1,0,External
STT,USB,0.4527681501642511,60,0.0003174581211309976,1,1,Internal
STT,V,0.4428887309664222,60,0.00044362714758948717,1,2,External
STT,WFC,0.5905504971756927,60,8.507966945525314e-07,1,1,Internal
STT,XEL,0.43188789686884976,60,0.000636443157077219,1,2,External
STX,TDY,0.46227095267893903,60,0.00022786756357774427,6,1,External
STX,TEL,0.4549198886093315,60,0.00029474456079594,6,6,Internal
STX,WDC,0.41402719824595324,60,0.0011149936242472185,6,6,Internal
STZ,SYY,0.4560096412684728,60,0.0002838155413059296,2,2,Internal
STZ,TAP,0.5908612569167301,60,8.368297976893693e-07,2,2,Internal
STZ,TRV,0.44806448288833167,60,0.000372759152085823,2,2,Internal
STZ,TSN,0.4718248255517368,60,0.00016166188123359929,2,2,Internal
STZ,UNP,0.41305520923260713,60,0.001148541094613185,2,0,External
STZ,VICI,0.44662561595650296,60,0.0003913476363317037,2,2,Internal
STZ,VRSK,0.5243954563696883,60,2.0163835326932516e-05,2,2,Internal
STZ,VZ,0.4766571985565379,60,0.00013536936886253103,2,0,External
STZ,WEC,0.41400293435855995,60,0.0011158202264615457,2,2,Internal
STZ,XEL,0.5134124286352968,60,3.205407279570454e-05,2,2,Internal
SW,WAB,0.4450377327872402,60,0.00041283651808894173,1,1,Internal
SW,WST,-0.40741332674688313,60,0.0013618279325405046,1,6,External
SWK,SYY,0.48228056625981097,60,0.00010973814538369351,0,2,External
SWK,TAP,0.40106339196792,60,0.0016438662753907529,0,2,External
SWK,TGT,0.44365668117200013,60,0.0004323923651301927,0,0,Internal
SWK,TMO,0.42510565346957224,60,0.0007903124025632673,0,0,Internal
SWK,TROW,0.4158505128526402,60,0.0010544323489840217,0,0,Internal
SWK,TXT,0.6089689712885894,60,3.093205570594514e-07,0,0,Internal
SWK,UNP,0.5756209515640515,60,1.8472713953912032e-06,0,0,Internal
SWK,VICI,0.49301901714225826,60,7.274601633262581e-05,0,2,External
SWK,VLTO,0.44260210922867405,60,0.0004478877918244008,0,0,Internal
SWK,VZ,0.47733724435689917,60,0.00013200176729802077,0,0,Internal
SWK,WAT,0.5193932012623084,60,2.4953046326502252e-05,0,0,Internal
SWKS,TPR,-0.6414494685012991,60,4.401798587519651e-08,0,4,External
SWKS,YUM,-0.6237888010134507,60,1.30635492618846e-07,0,4,External
SWKS,ZBH,0.5373657253936321,60,1.1419986376853677e-05,0,0,Internal
SYF,TFC,0.4499953241491677,60,0.00034907680348579366,1,1,Internal
SYF,TRMB,0.4356430827663438,60,0.0005634391270319478,1,1,Internal
SYF,WFC,0.4815533196539487,60,0.00011278116153032937,1,1,Internal
SYK,TJX,0.5002826827399487,60,5.4653953347715373e-05,2,4,External
SYK,TYL,0.41311044231235916,60,0.0011466107089920796,2,2,Internal
SYK,VICI,0.43414608795994525,60,0.0005915798097092586,2,2,Internal
SYK,VTR,0.4116733246262176,60,0.001197799163671221,2,2,Internal
SYK,WEC,0.4591627085848003,60,0.0002542417906273012,2,2,Internal
SYK,WELL,0.48507325364264836,60,9.873990263069704e-05,2,2,Internal
SYK,WTW,0.45840566489125745,60,0.000261073747795567,2,2,Internal
SYY,T,0.4031134891767644,60,0.0015475647624659428,2,2,Internal
SYY,TAP,0.5793470211407764,60,1.5277674324064761e-06,2,2,Internal
SYY,TRV,0.4435816541007745,60,0.0004334784727340475,2,2,Internal
SYY,TSN,0.5800085787449638,60,1.476751528327721e-06,2,2,Internal
SYY,TXT,0.5245102576553873,60,2.0064665807694307e-05,2,0,External
SYY,UDR,0.46956201049961044,60,0.00017551423999991793,2,2,Internal
SYY,UNP,0.5159138538356591,60,2.8883080201665802e-05,2,0,External
SYY,V,0.43656667788129677,60,0.0005466881555334116,2,2,Internal
SYY,VICI,0.6072618175978962,60,3.4065036922380356e-07,2,2,Internal
SYY,VRSK,0.5243148889558524,60,2.0233703344548958e-05,2,2,Internal
SYY,VTR,0.42932643155306777,60,0.0006910429245343876,2,2,Internal
SYY,VZ,0.4931824766204052,60,7.228450808300515e-05,2,0,External
SYY,WEC,0.5810175674135639,60,1.4020029210852344e-06,2,2,Internal
SYY,WTW,0.4450354975796886,60,0.0004128675085578207,2,2,Internal
SYY,XEL,0.5551337810064033,60,5.039549801143487e-06,2,2,Internal
SYY,ZTS,0.4550168958544827,60,0.00029375635722239966,2,2,Internal
T,TAP,0.4101761861266529,60,0.001253301745868248,2,2,Internal
T,TMUS,0.42941034048689525,60,0.0006891892601210706,2,2,Internal
T,TRV,0.42718840950803477,60,0.0007398226014241199,2,2,Internal
T,TSN,0.500966544620404,60,5.3184419740547025e-05,2,2,Internal
T,TXT,0.4816571242266803,60,0.00011234212543228412,2,0,External
T,UNP,0.4484992257826961,60,0.0003673029178503591,2,0,External
T,V,0.5270898808414325,60,1.7951999239213008e-05,2,2,Internal
T,VRSK,0.4398301464959446,60,0.0004910525362349869,2,2,Internal
T,VZ,0.7352901287315858,60,3.316210150031414e-11,2,0,External
T,WEC,0.5514934384961183,60,5.9819639853961545e-06,2,2,Internal
T,XEL,0.4508095552313419,60,0.00033950713176311535,2,2,Internal
TAP,TMUS,0.4004984264752496,60,0.0016713315658757027,2,2,Internal
TAP,VICI,0.5131015831689266,60,3.2469850059516074e-05,2,2,Internal
TAP,VTR,0.5511886144498576,60,6.067899949070659e-06,2,2,Internal
TAP,VZ,0.4889475687422873,60,8.51539151855578e-05,2,0,External
TAP,WEC,0.539625691080126,60,1.0317931207554282e-05,2,2,Internal
TAP,WST,-0.46032832956595027,60,0.00024404109436637378,2,6,External
TAP,XEL,0.4997009204247764,60,5.5933455884420086e-05,2,2,Internal
TDG,TRV,0.4145289323674684,60,0.0010980239882470459,1,2,External
TDG,VRSK,0.4188656709909675,60,0.0009607559181386917,1,2,External
TDG,WTW,0.441233535144649,60,0.0004687486332431212,1,2,External
TECH,TMO,0.5704007893150478,60,2.4009361024703198e-06,0,0,Internal
TECH,WAT,0.5618265484289254,60,3.657623501325845e-06,0,0,Internal
TFC,USB,0.5742494146619596,60,1.9798554787126664e-06,1,1,Internal
TFC,WFC,0.608481458171673,60,3.1797966261535317e-07,1,1,Internal
TGT,TJX,0.4109066923158246,60,0.0012259377853902217,0,4,External
TGT,TSCO,0.4343313011618038,60,0.0005880304599214864,0,0,Internal
TGT,WMT,0.47108147685976937,60,0.00016609795104457489,0,4,External
TJX,V,0.5067559516821907,60,4.2126631537040304e-05,4,2,External
TJX,WMT,0.4093258056263052,60,0.0012858464609197568,4,4,Internal
TJX,WTW,0.5463452484996002,60,7.597195415224659e-06,4,2,External
TMO,WAT,0.619696538056411,60,1.664840563100453e-07,0,0,Internal
TMO,WM,0.5763750894150712,60,1.777953934926553e-06,0,2,External
TMO,WTW,0.4006052735771496,60,0.001666106002851258,0,2,External
TMUS,V,0.4298177775780208,60,0.000680252189204692,2,2,Internal
TMUS,VRSK,0.5465860656436689,60,7.513384694764935e-06,2,2,Internal
TMUS,VZ,0.4967518285050724,60,6.285488737122555e-05,2,0,External
TMUS,XEL,0.4221303230259075,60,0.0008678439678437847,2,2,Internal
TPL,TRGP,0.5640561709559527,60,3.2820968207612457e-06,6,6,Internal
TPL,WDC,0.4276432531152978,60,0.0007291919871871725,6,6,Internal
TPL,WMB,0.4225878913911288,60,0.000855490777773348,6,6,Internal
TPR,ZBH,-0.4461746231744257,60,0.00039734509782621535,4,0,External
TRGP,WMB,0.7214248836563512,60,1.1508760855117623e-10,6,6,Internal
TROW,TSN,0.4252169256515581,60,0.0007875382189028568,0,2,External
TROW,TXT,0.49539514231253984,60,6.629676585752616e-05,0,0,Internal
TROW,VLTO,0.5925050205087595,60,7.664562894523508e-07,0,0,Internal
TROW,VZ,0.4016285710577601,60,0.0016167957054254339,0,0,Internal
TRV,TSN,0.4126077331319325,60,0.0011642883944032976,2,2,Internal
TRV,UDR,0.47397165772691646,60,0.00014945222580214394,2,2,Internal
TRV,VICI,0.4246130534041834,60,0.0008026999981538141,2,2,Internal
TRV,VRSK,0.5799248872727065,60,1.4831161723595418e-06,2,2,Internal
TRV,WRB,0.6077296916871856,60,3.317797803580354e-07,2,2,Internal
TRV,XEL,0.5034836960084936,60,4.8083548879873295e-05,2,2,Internal
TRV,ZTS,0.4344569691368744,60,0.0005856332075407436,2,2,Internal
TSCO,UPS,0.5132404614385057,60,3.228347853257373e-05,0,0,Internal
TSCO,VZ,0.45624858580188915,60,0.00028146913902370906,0,0,Internal
TSN,TXT,0.4961534225421865,60,6.435221696064804e-05,2,0,External
TSN,UDR,0.5969788320440185,60,6.019734228977726e-07,2,2,Internal
TSN,UNP,0.46952355686210856,60,0.00017575875563892554,2,0,External
TSN,V,0.4960935226725554,60,6.4503892922567e-05,2,2,Internal
TSN,VICI,0.6115237028896506,60,2.6745059228194906e-07,2,2,Internal
TSN,VRSK,0.582102994996986,60,1.3255519917632689e-06,2,2,Internal
TSN,VRSN,0.42350862683285495,60,0.0008311129954397554,2,2,Internal
TSN,VZ,0.5333885908586866,60,1.3628859059447326e-05,2,0,External
TSN,WEC,0.5831110203603288,60,1.2580625327826685e-06,2,2,Internal
TSN,WY,0.5695487734296587,60,2.5048271791042432e-06,2,2,Internal
TSN,XEL,0.5343866828802208,60,1.3040034465865299e-05,2,2,Internal
TSN,ZTS,0.5098981012476347,60,3.705489255171469e-05,2,2,Internal
TT,WMB,0.5385963483795019,60,1.0807018130850667e-05,6,6,Internal
TXT,UNP,0.4441356286296627,60,0.00042551708872397005,0,0,Internal
TXT,USB,0.40868303320405763,60,0.0013109474579073108,0,1,External
TXT,VICI,0.5444190186432767,60,8.299554492688135e-06,0,2,External
TXT,VLTO,0.46225689910173956,60,0.00022798096551535844,0,0,Internal
TXT,VZ,0.4249469557322128,60,0.0007942842488424325,0,0,Internal
TXT,WAT,0.5029932571015446,60,4.904051942047802e-05,0,0,Internal
TXT,WEC,0.5325680171266337,60,1.4131338658763441e-05,0,2,External
TXT,WTW,0.47476601125635315,60,0.00014515292693902622,0,2,External
TXT,XYL,0.4966676309125047,60,6.306360821315626e-05,0,0,Internal
TYL,VTR,0.5294521697038181,60,1.6200089414964918e-05,2,2,Internal
TYL,WELL,0.4717133315594985,60,0.00016232025205930795,2,2,Internal
TYL,WST,-0.45070779746541767,60,0.00034068989007346884,2,6,External
UDR,V,0.4810180741004478,60,0.00011507005386996713,2,2,Internal
UDR,VICI,0.6547787489997039,60,1.84733878485785e-08,2,2,Internal
UDR,VRSK,0.5894197770836085,60,9.034807812069433e-07,2,2,Internal
UDR,VTR,0.5836528906836077,60,1.2231257083135757e-06,2,2,Internal
UDR,WEC,0.6044074199060402,60,3.99779117902635e-07,2,2,Internal
UDR,WELL,0.626540127594899,60,1.1076447810997252e-07,2,2,Internal
UDR,WM,0.4726720042763082,60,0.00015673861249542758,2,2,Internal
UDR,WRB,0.5428253765613443,60,8.925795893752535e-06,2,2,Internal
UDR,WTW,0.5127924806484077,60,3.288823437013216e-05,2,2,Internal
UDR,WY,0.6218464989889747,60,1.466336233533759e-07,2,2,Internal
UDR,XEL,0.5891548538063235,60,9.162587103679548e-07,2,2,Internal
UDR,YUM,0.49886207314604053,60,5.782703634699958e-05,2,4,External
UNP,V,0.4254067739718801,60,0.0007828253125353658,0,2,External
UNP,VZ,0.5224994351739238,60,2.1868787801877554e-05,0,0,Internal
UNP,WEC,0.5110085379454294,60,3.540184661392105e-05,0,2,External
UPS,VZ,0.4260486124770045,60,0.0007670799902476765,0,0,Internal
USB,WFC,0.5184654740623219,60,2.594946529423195e-05,1,1,Internal
V,VRSK,0.5181224603044721,60,2.632710787501132e-05,2,2,Internal
V,WEC,0.5578930485846699,60,4.419489551946246e-06,2,2,Internal
V,WELL,0.43450571683875217,60,0.0005847056783088579,2,2,Internal
V,WM,0.5340858493248329,60,1.3214976528156228e-05,2,2,Internal
V,WMT,0.4176763938111978,60,0.0009967699068530404,2,4,External
V,WTW,0.4930875163329314,60,7.255228798459616e-05,2,2,Internal
V,XEL,0.5619866875917104,60,3.6293701772232784e-06,2,2,Internal
V,ZTS,0.4101020964616515,60,0.0012561074896066536,2,2,Internal
VICI,VRSK,0.46628738744501547,60,0.00019748967866810963,2,2,Internal
VICI,VRSN,0.40500748259871083,60,0.001463122258189352,2,2,Internal
VICI,VTR,0.5217347190018925,60,2.2593476225197777e-05,2,2,Internal
VICI,WAT,0.4523401709935395,60,0.0003221616022895604,2,0,External
VICI,WEC,0.6385836823684605,60,5.2763937604986505e-08,2,2,Internal
VICI,WELL,0.5287801813788893,60,1.6681581055766035e-05,2,2,Internal
VICI,WRB,0.4099176291800557,60,0.0012631177207572107,2,2,Internal
VICI,WTW,0.4817558482800692,60,0.00011192603307295068,2,2,Internal
VICI,WY,0.5996436980850218,60,5.203874921561613e-07,2,2,Internal
VICI,XEL,0.5652888916852766,60,3.09023992079434e-06,2,2,Internal
VLO,XOM,0.7379596702963388,60,2.5866035878739665e-11,6,6,Internal
VLTO,WTW,0.42217059760689923,60,0.0008667502316622827,0,2,External
VLTO,YUM,0.41840010288889884,60,0.0009747122731311296,0,4,External
VRSK,VZ,0.5272500125319827,60,1.7827907489889733e-05,2,0,External
VRSK,WEC,0.5968202601830884,60,6.071877628049317e-07,2,2,Internal
VRSK,WM,0.5311572397163044,60,1.5035607239313252e-05,2,2,Internal
VRSK,WRB,0.4602751847719037,60,0.0002444979278085619,2,2,Internal
VRSK,WTW,0.4212120171389288,60,0.0008931227303180791,2,2,Internal
VRSK,WY,0.4547953449330951,60,0.0002960177174168294,2,2,Internal
VRSK,XEL,0.6024047911617981,60,4.46873622369316e-07,2,2,Internal
VRSK,YUM,0.44713836602561796,60,0.00038462897829010667,2,4,External
VRSK,ZTS,0.5347895934021332,60,1.280909864693864e-05,2,2,Internal
VRSN,ZTS,0.43892773345609487,60,0.0005058987280927558,2,2,Internal
VTR,WEC,0.5121613038511015,60,3.375807992124803e-05,2,2,Internal
VTR,WELL,0.7720950836782856,60,8.080372317080803e-13,2,2,Internal
VTR,WST,-0.46515352727864134,60,0.00020566672102182915,2,6,External
VTR,WTW,0.42541780666246365,60,0.0007825522154347914,2,2,Internal
VTR,XEL,0.4838616888146551,60,0.00010338061264031,2,2,Internal
VZ,WEC,0.5778400299945424,60,1.6501973439198431e-06,0,2,External
VZ,ZBH,0.4722830781041198,60,0.0001589815007511901,0,0,Internal
VZ,ZTS,0.419222751947162,60,0.0009501740138835873,0,2,External
WEC,WELL,0.513220442105256,60,3.231028289201271e-05,2,2,Internal
WEC,WM,0.5830098362171426,60,1.2646889289447081e-06,2,2,Internal
WEC,WRB,0.49633458382072054,60,6.389548458437306e-05,2,2,Internal
WEC,WTW,0.5916636538590017,60,8.017535042339253e-07,2,2,Internal
WEC,WY,0.4859449360669639,60,9.552028550369474e-05,2,2,Internal
WEC,XEL,0.7667769261061724,60,1.4407113796945812e-12,2,2,Internal
WEC,ZBH,0.4102653318082488,60,0.0012499333021658843,2,0,External
WEC,ZTS,0.4569003727475073,60,0.0002751583255027259,2,2,Internal
WELL,WM,0.4429588695507165,60,0.00044259015682680017,2,2,Internal
WELL,WRB,0.44478932998097176,60,0.00041629351448705174,2,2,Internal
WELL,WTW,0.43131331880414087,60,0.0006483391855530067,2,2,Internal
WELL,WY,0.4621453209190041,60,0.00022888314942588417,2,2,Internal
WELL,XEL,0.5187784483150727,60,2.5609274568608997e-05,2,2,Internal
WM,WTW,0.4865043691134513,60,9.350510219956394e-05,2,2,Internal
WM,WY,0.4175816943821637,60,0.0009996892408360488,2,2,Internal
WM,XEL,0.42167836912249973,60,0.0008802033535493118,2,2,Internal
WM,ZTS,0.41467428428909314,60,0.0010931515111073011,2,2,Internal
WRB,XEL,0.49557628846754564,60,6.58273742100445e-05,2,2,Internal
WST,ZBRA,0.6345826786351534,60,6.774412197569429e-08,6,6,Internal
WST,ZTS,0.40470867093030566,60,0.0014761637942775476,6,2,External
WTW,XEL,0.4721950717900371,60,0.00015949308245537553,2,2,Internal
WY,ZTS,0.4585559887830254,60,0.00025970396523641225,2,2,Internal
