ticker1,ticker2,Correlation,n,pval,Source_Cluster,Target_Cluster,Edge_Type
A,ABBV,0.5138017930724997,63,1.945232398209667e-05,0,0,Internal
A,ALLE,0.4866144270701875,63,6.065464638216105e-05,0,0,Internal
A,AMGN,0.41325768254836276,63,0.0008427924061351416,0,0,Internal
A,AOS,0.5721857477198602,63,1.1827765539414156e-06,0,0,Internal
A,ARE,0.5722589671726215,63,1.1782260198254307e-06,0,0,Internal
A,AVB,0.44178818269671,63,0.00032477534411252566,0,1,External
A,AVY,0.5218795018775426,63,1.3612428535595086e-05,0,0,Internal
A,AXP,0.537525838739636,63,6.639244206268405e-06,0,2,External
A,BBY,0.4159312171674482,63,0.0007734557277759602,0,0,Internal
A,BF-B,0.42496026481325283,63,0.0005757420232979666,0,0,Internal
A,BIIB,0.5002410534768307,63,3.471830001850797e-05,0,0,Internal
A,BLDR,0.5553141817008809,63,2.8062709376625535e-06,0,0,Internal
A,BMY,0.4780427313480105,63,8.51361557370727e-05,0,0,Internal
A,BXP,0.43043552044107886,63,0.0004794383242095688,0,0,Internal
A,CHD,0.45583210758636744,63,0.0001967911448739345,0,1,External
A,CLX,0.48212480992031026,63,7.25232137565395e-05,0,0,Internal
A,CPAY,0.4257308846244074,63,0.0005612029770191715,0,2,External
A,CPT,0.4472275140634571,63,0.00026817961822345795,0,1,External
A,CRL,0.6084511358681071,63,1.5539256506707842e-07,0,0,Internal
A,DD,0.4000899024483956,63,0.0012733558680861291,0,0,Internal
A,DHI,0.5111695797059506,63,2.18095152455707e-05,0,0,Internal
A,DHR,0.7041690761146104,63,1.7108244049652853e-10,0,0,Internal
A,DOC,0.48374511730016645,63,6.80128427881112e-05,0,0,Internal
A,DOV,0.4806110563380112,63,7.698447827099745e-05,0,0,Internal
A,DVA,0.4883821583647951,63,5.649462810061796e-05,0,0,Internal
A,EQR,0.44528409014334763,63,0.0002872743039281529,0,1,External
A,ESS,0.4584532286371299,63,0.00017879146682034207,0,1,External
A,EXPE,0.40724726660600274,63,0.001019603098772115,0,0,Internal
A,EXR,0.44357873323071567,63,0.0003050437433722965,0,1,External
A,FRT,0.42507232462500927,63,0.0005736068066726952,0,1,External
A,FTV,0.5363823001093673,63,7.005481647205414e-06,0,0,Internal
A,GIS,0.44806272431163846,63,0.0002603355232460077,0,0,Internal
A,GPC,0.5072555059342794,63,2.5808142500037904e-05,0,0,Internal
A,HD,0.5771569534151737,63,9.084800910837229e-07,0,0,Internal
A,HOLX,0.4024491006340634,63,0.0011840506216625316,0,3,External
A,HPQ,0.6243225527607208,63,5.887094165828568e-08,0,0,Internal
A,HST,0.41912349924388403,63,0.0006974493357259829,0,2,External
A,IEX,0.442674584279481,63,0.00031486631427540205,0,0,Internal
A,IFF,0.4543948922005795,63,0.0002073508054000652,0,0,Internal
A,INVH,0.4142211163868555,63,0.0008171839995594081,0,1,External
A,IP,0.4489570914374768,63,0.00025216871873166467,0,1,External
A,IQV,0.5682392708748826,63,1.453919751487338e-06,0,0,Internal
A,ITW,0.5174157728169178,63,1.6599535092067807e-05,0,0,Internal
A,JBHT,0.49428499535583936,63,4.443578704031379e-05,0,0,Internal
A,KIM,0.5025099664507845,63,3.1564910786410556e-05,0,1,External
A,LEN,0.5422882736551392,63,5.297598700484318e-06,0,0,Internal
A,LOW,0.5577515697478475,63,2.4842227218495605e-06,0,0,Internal
A,LW,0.45281562159636685,63,0.00021955036625633735,0,0,Internal
A,MAA,0.4742420208983183,63,9.866551390949903e-05,0,1,External
A,MAS,0.4965300158208947,63,4.0510629325302425e-05,0,0,Internal
A,MHK,0.6241081539111786,63,5.966953939601495e-08,0,0,Internal
A,MRK,0.5128293492823052,63,2.0294160928122363e-05,0,0,Internal
A,MRNA,0.5238461957806178,63,1.246196772559635e-05,0,0,Internal
A,MTD,0.7346016220481487,63,1.0768472374334643e-11,0,0,Internal
A,NDSN,0.5443773785020236,63,4.7928971429490076e-06,0,0,Internal
A,NVDA,-0.5304816510633499,63,9.213470241144717e-06,0,7,External
A,NVR,0.5990407801626174,63,2.6955406496728484e-07,0,0,Internal
A,OMC,0.47243347857305507,63,0.0001057744186358689,0,0,Internal
A,OXY,0.5351939701181193,63,7.405948759945665e-06,0,2,External
A,PCAR,0.4436842487405355,63,0.0003039158437856947,0,0,Internal
A,PEP,0.45339784566747454,63,0.00021497837861879102,0,1,External
A,PFE,0.5704775798949631,63,1.2937309018938637e-06,0,0,Internal
A,PG,0.4079862686871442,63,0.0009961938581201407,0,1,External
A,PHM,0.5733670437545587,63,1.1113323802339973e-06,0,0,Internal
A,PKG,0.4904331643022686,63,5.1998712395939724e-05,0,0,Internal
A,PNR,0.4491781195395096,63,0.00025018684352251107,0,0,Internal
A,POOL,0.6150579564161898,63,1.0442110158624463e-07,0,0,Internal
A,PPG,0.4296794611303445,63,0.0004918012870775714,0,0,Internal
A,PSA,0.47920164583846003,63,8.13641760143606e-05,0,1,External
A,REG,0.41978415402911795,63,0.0006825910074088861,0,1,External
A,RVTY,0.699492418099574,63,2.537908338374927e-10,0,0,Internal
A,SHW,0.45682840145439957,63,0.0001897625611765852,0,0,Internal
A,SLB,0.5374146302158929,63,6.6740611279052736e-06,0,2,External
A,SNA,0.4153912163491409,63,0.0007870295428012719,0,0,Internal
A,SPG,0.4448649427748522,63,0.0002915518858949301,0,0,Internal
A,SW,0.5510355871423271,63,3.467791122876165e-06,0,0,Internal
A,SWK,0.5230862791222384,63,1.2895336657596968e-05,0,0,Internal
A,TECH,0.5974315029695528,63,2.9565809361192085e-07,0,0,Internal
A,TFC,0.45493646261452475,63,0.00020331229579486894,0,2,External
A,TMO,0.6857632803904173,63,7.743103925699603e-10,0,0,Internal
A,UDR,0.40304940471639333,63,0.0011622460460845479,0,1,External
A,URI,0.45015462216764685,63,0.00024160015816518724,0,0,Internal
A,VMC,0.4213500570168206,63,0.0006485119422105563,0,0,Internal
A,VTRS,0.40687563766264456,63,0.0010315616142341133,0,0,Internal
A,WAT,0.71286219413117,63,8.051781242312297e-11,0,0,Internal
A,WY,0.5598722465557406,63,2.232480689674915e-06,0,0,Internal
A,ZTS,0.4423678022025835,63,0.0003182641635378705,0,3,External
AAPL,CF,-0.428707550819709,63,0.0005081192070469752,1,1,Internal
AAPL,KMI,-0.40213478200989367,63,0.0011956137800853447,1,2,External
AAPL,SWKS,0.4049773497982883,63,0.0010946420913260381,1,1,Internal
ABBV,ALLE,0.4008879486918653,63,0.0012424904781486248,0,0,Internal
ABBV,AMGN,0.5950944520969773,63,3.378304348349958e-07,0,0,Internal
ABBV,AMZN,-0.40425736239246063,63,0.0011194625277435972,0,3,External
ABBV,AOS,0.43222008862366623,63,0.0004513697872742586,0,0,Internal
ABBV,APD,0.4800442036255032,63,7.871916099402776e-05,0,0,Internal
ABBV,AVY,0.4265620626691289,63,0.000545895598419474,0,0,Internal
ABBV,AWK,0.44985048104581726,63,0.0002442452256460505,0,3,External
ABBV,AXP,0.5463728365023715,63,4.353041209176725e-06,0,2,External
ABBV,BEN,0.48874189254578965,63,5.5680995814658546e-05,0,0,Internal
ABBV,BF-B,0.4142783818767804,63,0.0008156842510103406,0,0,Internal
ABBV,BIIB,0.639953934773395,63,2.1429446594010805e-08,0,0,Internal
ABBV,BLK,0.4999362480174313,63,3.5163462937036594e-05,0,2,External
ABBV,BMY,0.5961115532065369,63,3.1882531086424326e-07,0,0,Internal
ABBV,CCI,0.4200645151234019,63,0.0006763727215949963,0,3,External
ABBV,CPAY,0.48326010406666314,63,6.933505725374666e-05,0,2,External
ABBV,CRL,0.45158369080353883,63,0.0002295188616519955,0,0,Internal
ABBV,D,0.5663643391902726,63,1.6022140956434948e-06,0,3,External
ABBV,DHR,0.5510590727574017,63,3.463792128112903e-06,0,0,Internal
ABBV,EIX,0.4530745009275789,63,0.00021750661174429296,0,3,External
ABBV,GIS,0.4661749355516034,63,0.00013416824027645283,0,0,Internal
ABBV,HAS,0.42707566403295494,63,0.0005366273539332614,0,0,Internal
ABBV,HOLX,0.5274514673165164,63,1.0584336127414465e-05,0,3,External
ABBV,INCY,0.4368010883143503,63,0.0003860248494066921,0,1,External
ABBV,INVH,0.4297249946371077,63,0.0004910486109545795,0,1,External
ABBV,JNJ,0.5336786159513679,63,7.947580271705071e-06,0,3,External
ABBV,KMB,0.5304416830158204,63,9.230422633155474e-06,0,3,External
ABBV,L,0.4012679445870126,63,0.0012280316753788421,0,3,External
ABBV,LEN,0.4001303665174708,63,0.0012717744241993142,0,0,Internal
ABBV,LIN,0.4400153245347296,63,0.00034545217312508203,0,3,External
ABBV,MAA,0.40248687074419676,63,0.0011826679330225328,0,1,External
ABBV,MAS,0.40526519812304773,63,0.0010848585490644577,0,0,Internal
ABBV,MKC,0.420518693263923,63,0.0006664080836254653,0,1,External
ABBV,MRK,0.5862096436776497,63,5.555525621826991e-07,0,0,Internal
ABBV,MTD,0.4466265270922772,63,0.0002739568580360847,0,0,Internal
ABBV,NVR,0.4400789435819626,63,0.000344689899968194,0,0,Internal
ABBV,OMC,0.41193452982407003,63,0.0008791444942388326,0,0,Internal
ABBV,PCG,0.4174843419629049,63,0.0007355876749154092,0,3,External
ABBV,PEP,0.43823223273781536,63,0.00036745209943774465,0,1,External
ABBV,PFE,0.5680548411711217,63,1.4679154929182037e-06,0,0,Internal
ABBV,PFG,0.4013215298512599,63,0.001226004991301482,0,3,External
ABBV,PPG,0.48087318612304003,63,7.619427776685059e-05,0,0,Internal
ABBV,PSA,0.4189064348180778,63,0.0007023947333791538,0,1,External
ABBV,REGN,0.5303318331005225,63,9.2771650088503e-06,0,0,Internal
ABBV,RVTY,0.5116485408243785,63,2.1361793593753118e-05,0,0,Internal
ABBV,SBAC,0.40518949464645077,63,0.0010874239312569668,0,3,External
ABBV,SHW,0.4857931838456433,63,6.268186912598203e-05,0,0,Internal
ABBV,SJM,0.4139045503495769,63,0.0008255197508339439,0,0,Internal
ABBV,TECH,0.4390628122083918,63,0.000357050268317871,0,0,Internal
ABBV,TMO,0.4607561689374579,63,0.00016423535606784374,0,0,Internal
ABBV,VICI,0.4302709118342752,63,0.0004821056656330323,0,3,External
ABBV,VTRS,0.4145556775860567,63,0.0008084571866043054,0,0,Internal
ABBV,ZBH,0.4039608503189713,63,0.0011298308913833212,0,0,Internal
ABBV,ZTS,0.4790085915038382,63,8.198163956720238e-05,0,3,External
ABT,ELV,0.5260294139154252,63,1.1291069942756206e-05,1,1,Internal
ABT,ETN,-0.46569223000048504,63,0.0001366256093946412,1,7,External
ABT,HUBB,-0.5109689940966078,63,2.199959080918571e-05,1,0,External
ABT,PLD,0.46729946839527314,63,0.000128600007722165,1,1,Internal
ABT,SNA,-0.5068051643613612,63,2.6309418628725274e-05,1,0,External
ACGL,ADP,0.40820487135674755,63,0.0009893627644898231,3,3,Internal
ACGL,AEE,0.4435156665536807,63,0.00030571971198072934,3,3,Internal
ACGL,AFL,0.6618218161192689,63,4.716691579363024e-09,3,3,Internal
ACGL,AIG,0.6229568951054343,63,6.413558512861547e-08,3,3,Internal
ACGL,AIZ,0.48912597988540696,63,5.482423169496747e-05,3,3,Internal
ACGL,ALL,0.5047060755040838,63,2.8767188158646874e-05,3,3,Internal
ACGL,AON,0.5638974677124611,63,1.818963077464953e-06,3,3,Internal
ACGL,AWK,0.4360091891157065,63,0.0003966653308984006,3,3,Internal
ACGL,CB,0.6665056842417767,63,3.3553286002365768e-09,3,3,Internal
ACGL,CINF,0.5870373442037642,63,5.307280332826023e-07,3,3,Internal
ACGL,COR,0.4173054874511799,63,0.0007398612924120325,3,3,Internal
ACGL,DTE,0.4169525786358816,63,0.0007483598100256592,3,3,Internal
ACGL,DUK,0.4915580726526456,63,4.9675486275551524e-05,3,3,Internal
ACGL,ECL,0.42447995832583785,63,0.0005849758486215226,3,3,Internal
ACGL,ED,0.4594372223567743,63,0.00017243313934904017,3,3,Internal
ACGL,EG,0.7228665253001487,63,3.2660873480078496e-11,3,3,Internal
ACGL,EVRG,0.41023174534061724,63,0.0009280091779655772,3,3,Internal
ACGL,FE,0.4350263388795656,63,0.00041024269207057723,3,3,Internal
ACGL,GPN,0.4066681010087521,63,0.0010382947678490913,3,1,External
ACGL,HIG,0.65439274467607,63,7.997424623360213e-09,3,3,Internal
ACGL,L,0.7173734277373448,63,5.3859379253464236e-11,3,3,Internal
ACGL,LNT,0.48119526759209713,63,7.523358454647771e-05,3,3,Internal
ACGL,MCK,0.43823379031101534,63,0.0003674323373310998,3,3,Internal
ACGL,MET,0.49975952459706147,63,3.542397718665402e-05,3,3,Internal
ACGL,MMC,0.6322133119147315,63,3.559691000706414e-08,3,3,Internal
ACGL,O,0.4784546346367254,63,8.37774492150487e-05,3,3,Internal
ACGL,PFG,0.4728151963414202,63,0.00010423590541936364,3,3,Internal
ACGL,PGR,0.622483939880682,63,6.60601943199288e-08,3,3,Internal
ACGL,PNW,0.4359126100202095,63,0.0003979811386394745,3,3,Internal
ACGL,PRU,0.4861565366253896,63,6.177735262830304e-05,3,3,Internal
ACGL,RSG,0.40169775879695296,63,0.0012118599470914032,3,3,Internal
ACGL,SO,0.44658213335518826,63,0.0002743880870280192,3,3,Internal
ACGL,TRV,0.6117190279964476,63,1.2780011564999097e-07,3,3,Internal
ACGL,TSN,0.40872116540610226,63,0.0009733966261151582,3,1,External
ACGL,VRSK,0.4609969191651972,63,0.00016277813794181957,3,3,Internal
ACGL,WEC,0.42810320585836004,63,0.0005185123107261941,3,3,Internal
ACGL,WRB,0.6975434998037041,63,2.9846160685787804e-10,3,3,Internal
ACGL,WTW,0.5118069421907224,63,2.1215609820985565e-05,3,3,Internal
ACGL,XEL,0.5097160395125654,63,2.322209604937734e-05,3,3,Internal
ACN,ADBE,0.45511832275031033,63,0.0002019723915606004,1,1,Internal
ACN,ADP,0.5001465775375616,63,3.48557195762776e-05,1,3,External
ACN,ADSK,0.48565155666227816,63,6.30377272331966e-05,1,1,Internal
ACN,AKAM,0.6306196142280026,63,3.9448985089659665e-08,1,1,Internal
ACN,APH,-0.44620330888378196,63,0.0002780931809900329,1,7,External
ACN,BALL,0.425090677337379,63,0.0005732577949170282,1,3,External
ACN,CDW,0.4155191443839408,63,0.0007837945272705425,1,2,External
ACN,CL,0.5213699794959399,63,1.3926182206367612e-05,1,1,Internal
ACN,CPAY,0.539517236859844,63,6.043735635792043e-06,1,2,External
ACN,CPT,0.4081673029806124,63,0.000990533719011369,1,1,Internal
ACN,CRM,0.6039419768965101,63,2.027766733160058e-07,1,1,Internal
ACN,CTSH,0.6787738942545871,63,1.3352599676901377e-09,1,1,Internal
ACN,DIS,0.49905309959903893,63,3.648328206093069e-05,1,4,External
ACN,DPZ,0.4782653076634232,63,8.43994651520179e-05,1,3,External
ACN,EPAM,0.6270828622088812,63,4.944985849843129e-08,1,1,Internal
ACN,FIS,0.5148525933131075,63,1.8579155016048727e-05,1,3,External
ACN,FOX,0.4036675526843971,63,0.001140171886400128,1,4,External
ACN,GE,-0.4566920315525186,63,0.00019071083691193127,1,7,External
ACN,GPN,0.5010759260085669,63,3.3525547470283614e-05,1,1,Internal
ACN,IFF,0.4009712398151641,63,0.0012393082148833181,1,0,External
ACN,IT,0.5285498131455508,63,1.0066890182704417e-05,1,3,External
ACN,JKHY,0.5854404912315451,63,5.795950234133498e-07,1,1,Internal
ACN,MAA,0.4330736373885172,63,0.00043848042187584555,1,1,Internal
ACN,MDLZ,0.42629418091056637,63,0.0005507871308050119,1,1,Internal
ACN,MKC,0.44715407068959534,63,0.0002688796046610666,1,1,Internal
ACN,NOW,0.40268448246494365,63,0.0011754574348295378,1,1,Internal
ACN,NVDA,-0.44061905360533943,63,0.00033827988904080525,1,7,External
ACN,NWS,0.40624162067563696,63,0.0010522557028269078,1,4,External
ACN,NWSA,0.45679564711942994,63,0.00018998993020245277,1,4,External
ACN,OMC,0.46455163180672904,63,0.00014259723183985531,1,0,External
ACN,PAYC,0.43378704620366626,63,0.0004279651667569576,1,1,Internal
ACN,PAYX,0.4696473455498017,63,0.00011765207025636857,1,1,Internal
ACN,ROP,0.5608102919747772,63,2.1289219280861555e-06,1,3,External
ACN,SYK,0.43360127579367247,63,0.0004306809956747891,1,1,Internal
ACN,TAP,0.431560613965906,63,0.0004615633705821038,1,0,External
ACN,UDR,0.40327471502580553,63,0.0011541559937917716,1,1,Internal
ACN,V,0.5171821535270651,63,1.6771503559383006e-05,1,3,External
ACN,YUM,0.4644853163519798,63,0.00014295168765202185,1,3,External
ACN,ZTS,0.44613256704675053,63,0.00027879011312601404,1,3,External
ADBE,APTV,0.46168632167182844,63,0.00015867063321209333,1,0,External
ADBE,AVB,0.46491051881511564,63,0.00014069293651238087,1,1,Internal
ADBE,CEG,-0.4271800566186984,63,0.0005347610901430243,1,7,External
ADBE,CMCSA,0.4199205621242999,63,0.0006795590964102869,1,0,External
ADBE,CRM,0.5380540025440779,63,6.476186978776065e-06,1,1,Internal
ADBE,CTSH,0.4510390089691215,63,0.00023405686480619346,1,1,Internal
ADBE,EQR,0.4221875704301958,63,0.0006309249208439109,1,1,Internal
ADBE,ESS,0.42363985099496304,63,0.0006014503689762966,1,1,Internal
ADBE,GPN,0.41481951045888626,63,0.0008016348049630406,1,1,Internal
ADBE,INVH,0.401673927616478,63,0.0012127515485791831,1,1,Internal
ADBE,KEYS,0.41675523949910814,63,0.0007531504194997649,1,0,External
ADBE,MTCH,0.5035708714025308,63,3.0183346160399792e-05,1,1,Internal
ADBE,NWSA,0.42552279853007763,63,0.0005650956677264333,1,4,External
ADBE,PAYX,0.4064955162939909,63,0.0010439241226710193,1,1,Internal
ADBE,UDR,0.43707275007938645,63,0.00038243493737610655,1,1,Internal
ADI,FITB,0.41862600974029623,63,0.0007088306887160809,2,2,Internal
ADI,KLAC,0.40451038995649136,63,0.001110682599200289,2,7,External
ADI,MCHP,0.6205865177304822,63,7.434313669826474e-08,2,2,Internal
ADI,MTB,0.43509737257278175,63,0.00040924741324804544,2,2,Internal
ADI,NXPI,0.5974892497878999,63,2.9468162647935607e-07,2,2,Internal
ADI,ON,0.4161515083849907,63,0.0007679794332150793,2,2,Internal
ADI,PNC,0.4006068588684263,63,0.0012532842952731734,2,2,Internal
ADI,TXN,0.6185955962108387,63,8.408216740467856e-08,2,2,Internal
ADI,USB,0.4041709803275794,63,0.0011224742296161005,2,2,Internal
ADM,ARE,0.461981069801948,63,0.00015694368801426103,0,0,Internal
ADM,AVY,0.4630875985029097,63,0.00015061316971686897,0,0,Internal
ADM,BF-B,0.5162231083702851,63,1.7494942815127838e-05,0,0,Internal
ADM,BG,0.7160860318673068,63,6.045584246512946e-11,0,0,Internal
ADM,DD,0.4830483304606657,63,6.991978052386491e-05,0,0,Internal
ADM,DOC,0.4170965820813238,63,0.0007448814015952045,0,0,Internal
ADM,DOV,0.41847375369663775,63,0.0007123473962298392,0,0,Internal
ADM,DOW,0.4794147740224462,63,8.068748470923932e-05,0,2,External
ADM,ETN,-0.4376497182028041,63,0.0003749111740597668,0,7,External
ADM,FDX,0.4573685394808045,63,0.00018604887364523687,0,0,Internal
ADM,FTV,0.4702923909371743,63,0.00011479799386047454,0,0,Internal
ADM,GIS,0.4649692550156796,63,0.00014038350739690506,0,0,Internal
ADM,GPC,0.4649411002472328,63,0.00014053175195715396,0,0,Internal
ADM,HST,0.42068212227465973,63,0.0006628551325759946,0,2,External
ADM,IFF,0.47404941777829696,63,9.940110988116788e-05,0,0,Internal
ADM,IP,0.40889999460030885,63,0.0009679208773149045,0,1,External
ADM,KHC,0.4095394263357141,63,0.0009485681503721104,0,1,External
ADM,KIM,0.4421232064480844,63,0.0003209971786802752,0,1,External
ADM,LDOS,0.503901368442538,63,2.9764532141040314e-05,0,0,Internal
ADM,LOW,0.43177007730234895,63,0.0004583032116734131,0,0,Internal
ADM,LYB,0.43735758353712645,63,0.0003787036420972614,0,0,Internal
ADM,MAR,0.45802080242426213,63,0.0001816530582921446,0,0,Internal
ADM,MHK,0.4311916723945166,63,0.00046735702466048264,0,0,Internal
ADM,MRK,0.4145127956089539,63,0.0008095710067763406,0,0,Internal
ADM,MSFT,-0.4071211639684711,63,0.0010236468207113275,0,7,External
ADM,MTD,0.5066197125529363,63,2.651845592628798e-05,0,0,Internal
ADM,NUE,0.477903279603957,63,8.560072985218086e-05,0,0,Internal
ADM,OMC,0.5004123769102222,63,3.4470380385922e-05,0,0,Internal
ADM,PCAR,0.4892773771114645,63,5.448987422439551e-05,0,0,Internal
ADM,PFE,0.49134824613685085,63,5.010142232265926e-05,0,0,Internal
ADM,POOL,0.41560865405055386,63,0.0007815381841935531,0,0,Internal
ADM,SLB,0.4500814582133987,63,0.00024223405044647173,0,2,External
ADM,SPG,0.41421984516763116,63,0.0008172173202908596,0,0,Internal
ADM,STZ,0.4257761520451798,63,0.0005603593838693783,0,0,Internal
ADM,SW,0.4226523201097057,63,0.0006213532226529901,0,0,Internal
ADM,SWK,0.46851744442118054,63,0.0001228090713310184,0,0,Internal
ADM,TGT,0.44184868757575524,63,0.0003240900255509709,0,0,Internal
ADM,TMO,0.434966486789498,63,0.000411083011070562,0,0,Internal
ADM,TSN,0.43922165940978736,63,0.0003550917691562066,0,1,External
ADM,UPS,0.44656399962632864,63,0.0002745644115203054,0,0,Internal
ADM,WY,0.4825417925282005,63,7.133685878144215e-05,0,0,Internal
ADP,AIG,0.4350498765539356,63,0.0004099126533874443,3,3,Internal
ADP,ALL,0.40759522017560634,63,0.0010085199214818162,3,3,Internal
ADP,AON,0.4289845807641895,63,0.0005034186001235528,3,3,Internal
ADP,AVGO,-0.4416629795170382,63,0.00032619767771317277,3,7,External
ADP,AZO,0.41337742763810037,63,0.0008395705461203218,3,3,Internal
ADP,CB,0.5166659360330192,63,1.7157376908844947e-05,3,3,Internal
ADP,CTAS,0.5052063110661346,63,2.816289957317925e-05,3,3,Internal
ADP,ECL,0.4193336752545635,63,0.0006926909479330688,3,3,Internal
ADP,EG,0.5171950482102844,63,1.6761968741700306e-05,3,3,Internal
ADP,EPAM,0.44921956355238946,63,0.0002498168195063467,3,1,External
ADP,HIG,0.48210179146521653,63,7.258923004337002e-05,3,3,Internal
ADP,ICE,0.45355211111913596,63,0.00021378167667720542,3,3,Internal
ADP,JKHY,0.4102845546508371,63,0.000926457601595532,3,1,External
ADP,LH,0.4220291869406008,63,0.0006342173024806129,3,3,Internal
ADP,LNT,0.4720683892329741,63,0.00010726542028157211,3,3,Internal
ADP,MMC,0.5376768568733642,63,6.59223476954801e-06,3,3,Internal
ADP,ORLY,0.523864075898258,63,1.24519359588806e-05,3,3,Internal
ADP,PAYC,0.5953489188820573,63,3.3297810142594577e-07,3,1,External
ADP,PAYX,0.7471336586575233,63,3.0816866775038746e-12,3,1,External
ADP,PGR,0.4801916819565128,63,7.826441560269696e-05,3,3,Internal
ADP,ROL,0.5975264287366654,63,2.940545569713147e-07,3,3,Internal
ADP,ROP,0.5801549296287755,63,7.732023242111183e-07,3,3,Internal
ADP,SYK,0.5770487745735863,63,9.137535698351895e-07,3,1,External
ADP,TRV,0.4963854336842805,63,4.075342037517557e-05,3,3,Internal
ADP,TYL,0.4217766120251151,63,0.0006394999122551461,3,3,Internal
ADP,UDR,0.4133039531203042,63,0.0008415461282045453,3,1,External
ADP,VRSK,0.47239478177657773,63,0.00010593154609289448,3,3,Internal
ADP,WM,0.5650017088577943,63,1.7187515945122929e-06,3,3,Internal
ADP,WRB,0.5243653600910745,63,1.217372415831354e-05,3,3,Internal
ADSK,CRM,0.49106372036397167,63,5.068438273423116e-05,1,1,Internal
ADSK,CTSH,0.505723635316007,63,2.7550352335801182e-05,1,1,Internal
ADSK,FTNT,0.44622468091832035,63,0.0002778829418191354,1,1,Internal
ADSK,NOW,0.47117388295717727,63,0.00011100056964346337,1,1,Internal
ADSK,TYL,0.44610979554618235,63,0.00027901479175278064,1,3,External
AEE,AEP,0.6969291588847754,63,3.140281462313971e-10,3,3,Internal
AEE,AFL,0.4409279032530658,63,0.000334663498144562,3,3,Internal
AEE,ALL,0.40073351642076865,63,0.0012484102594180191,3,3,Internal
AEE,ATO,0.6931333743125393,63,4.2872879278284823e-10,3,3,Internal
AEE,AWK,0.6468374924176447,63,1.3482195799057615e-08,3,3,Internal
AEE,AZO,0.4096818462814798,63,0.0009443055915893988,3,3,Internal
AEE,BALL,0.40721783322970617,63,0.0010205456450357283,3,3,Internal
AEE,CB,0.4712342615937343,63,0.00011074473510511142,3,3,Internal
AEE,CBRE,0.4271977270020576,63,0.0005344457741895078,3,1,External
AEE,CCI,0.4958124780706539,63,4.1728852044693986e-05,3,3,Internal
AEE,CINF,0.5471687734473378,63,4.188347109015155e-06,3,3,Internal
AEE,CMS,0.8749072757945515,63,1.4904828615398588e-20,3,3,Internal
AEE,CNP,0.7273795831978056,63,2.146081712213141e-11,3,3,Internal
AEE,CTAS,0.4584643750478358,63,0.00017871825425827827,3,3,Internal
AEE,D,0.652500864210381,63,9.127248612054941e-09,3,3,Internal
AEE,DTE,0.8442892026201869,63,6.702196345345933e-18,3,3,Internal
AEE,DUK,0.7921869926429826,63,1.7371741095110932e-14,3,3,Internal
AEE,ED,0.8324137637271489,63,5.07597899294499e-17,3,3,Internal
AEE,EIX,0.4450741071129417,63,0.0002894100579193913,3,3,Internal
AEE,ES,0.6750820532360119,63,1.7700421177258708e-09,3,3,Internal
AEE,ETR,0.8126241651010944,63,1.0672647762231573e-15,3,3,Internal
AEE,EVRG,0.8116890597881138,63,1.2214753303273121e-15,3,3,Internal
AEE,EXC,0.8014301471920073,63,5.120252457714244e-15,3,3,Internal
AEE,FE,0.7469568436998683,63,3.1381534711639446e-12,3,3,Internal
AEE,HIG,0.5473492045762182,63,4.151830413699901e-06,3,3,Internal
AEE,INVH,0.4105446943725801,63,0.0009188486397323178,3,1,External
AEE,JNJ,0.48028254189373243,63,7.798545753444456e-05,3,3,Internal
AEE,KVUE,0.4008439112445312,63,0.0012441759654012578,3,3,Internal
AEE,L,0.49363435328642513,63,4.563737184893016e-05,3,3,Internal
AEE,LNT,0.8598941159689272,63,3.568717498147122e-19,3,3,Internal
AEE,NI,0.5369590454223186,63,6.818478847244925e-06,3,3,Internal
AEE,O,0.4485540060217013,63,0.0002558200148224119,3,3,Internal
AEE,ORLY,0.41237513924568164,63,0.0008668849216495476,3,3,Internal
AEE,PCG,0.461839133472213,63,0.00015777313730266844,3,3,Internal
AEE,PEG,0.6118191973845478,63,1.270321597772699e-07,3,3,Internal
AEE,PGR,0.40519373602851166,63,0.0010872800580506374,3,3,Internal
AEE,PNW,0.8628683573612386,63,1.9603497939122777e-19,3,3,Internal
AEE,PPL,0.6938004171628182,63,4.0604192920284846e-10,3,3,Internal
AEE,REG,0.5249155651078251,63,1.187502115865729e-05,3,1,External
AEE,ROL,0.46786642075565543,63,0.00012587390038491802,3,3,Internal
AEE,SBAC,0.4615600107514919,63,0.00015941601552782139,3,3,Internal
AEE,SO,0.7717057641246742,63,2.116223698931805e-13,3,3,Internal
AEE,SRE,0.6920969414290554,63,4.663850050716662e-10,3,3,Internal
AEE,TRV,0.5801233265868713,63,7.74524095551392e-07,3,3,Internal
AEE,VICI,0.6135222183009423,63,1.1462305500368782e-07,3,3,Internal
AEE,VLTO,0.49538388425296964,63,4.247257658527469e-05,3,3,Internal
AEE,VMC,0.40132045501864594,63,0.0012260456136594779,3,0,External
AEE,VTR,0.5128841769467847,63,2.024581207158975e-05,3,3,Internal
AEE,WEC,0.8950920334542031,63,1.0247755914318766e-22,3,3,Internal
AEE,WELL,0.5116948200355795,63,2.1318987611136485e-05,3,3,Internal
AEE,WM,0.45861968440159834,63,0.00017770099524071854,3,3,Internal
AEE,WRB,0.5822760021603404,63,6.891737025444408e-07,3,3,Internal
AEE,WTW,0.4401346069127413,63,0.0003440242089193721,3,3,Internal
AEE,XEL,0.5848828775657965,63,5.976324268557454e-07,3,3,Internal
AEP,ATO,0.5556057099485407,63,2.7657935827066873e-06,3,3,Internal
AEP,AWK,0.4759625263572431,63,9.231320437940832e-05,3,3,Internal
AEP,CCI,0.40599261021982386,63,0.0010604851637767254,3,3,Internal
AEP,CMS,0.6669352520672635,63,3.251163038498264e-09,3,3,Internal
AEP,CNP,0.6521957301393314,63,9.323059387403427e-09,3,3,Internal
AEP,D,0.5436981894464061,63,4.951835600700683e-06,3,3,Internal
AEP,DPZ,0.4139016286714049,63,0.0008255970405615235,3,3,Internal
AEP,DTE,0.5626898268135824,63,1.9348067295580806e-06,3,3,Internal
AEP,DUK,0.7745148880305505,63,1.5254354133038783e-13,3,3,Internal
AEP,ED,0.7204544663001399,63,4.074261775906038e-11,3,3,Internal
AEP,ES,0.5481478625958606,63,3.99373465092105e-06,3,3,Internal
AEP,ETR,0.706016144362159,63,1.4609904900720048e-10,3,3,Internal
AEP,EVRG,0.6833534403474681,63,9.359309654936388e-10,3,3,Internal
AEP,EXC,0.6964241976710006,63,3.273981980102745e-10,3,3,Internal
AEP,FE,0.6241501429627546,63,5.951233690225675e-08,3,3,Internal
AEP,HIG,0.4088408533200989,63,0.0009697286984977686,3,3,Internal
AEP,LNT,0.7721467151138289,63,2.0108467467753685e-13,3,3,Internal
AEP,NI,0.628909814887618,63,4.401789120907975e-08,3,3,Internal
AEP,PCG,0.40935431815156315,63,0.0009541343030781532,3,3,Internal
AEP,PEG,0.4712003967931929,63,0.0001108881591886999,3,3,Internal
AEP,PNW,0.6299180017907501,63,4.126679413425508e-08,3,3,Internal
AEP,PPL,0.5882136642829868,63,4.972352617110215e-07,3,3,Internal
AEP,SBAC,0.4105310978611918,63,0.0009192449291794122,3,3,Internal
AEP,SO,0.7155094793101053,63,6.36532710797147e-11,3,3,Internal
AEP,SRE,0.5551244863451551,63,2.8329059615988603e-06,3,3,Internal
AEP,TRV,0.4066675881108878,63,0.0010383114568760122,3,3,Internal
AEP,VICI,0.41713909423535334,63,0.0007438573201446129,3,3,Internal
AEP,WEC,0.6735495155412624,63,1.9874184758546497e-09,3,3,Internal
AEP,WRB,0.465723527381732,63,0.00013646503591805323,3,3,Internal
AEP,XEL,0.5397174955240348,63,5.986690433453489e-06,3,3,Internal
AEP,YUM,0.4140354614989137,63,0.000822063348566801,3,3,Internal
AES,PTC,0.7328155142987395,63,1.2797301244224381e-11,6,6,Internal
AFL,AIG,0.5910005443415746,63,4.2564004027465533e-07,3,3,Internal
AFL,AIZ,0.5988624954644954,63,2.7233539189981186e-07,3,3,Internal
AFL,ALL,0.524562549533023,63,1.2065877061253172e-05,3,3,Internal
AFL,AON,0.4666597742097753,63,0.0001317409183430625,3,3,Internal
AFL,BRK-B,0.48793736311272573,63,5.751581765081828e-05,3,3,Internal
AFL,CB,0.5879489247535605,63,5.045951514074972e-07,3,3,Internal
AFL,CINF,0.598032242934916,63,2.8564711252002336e-07,3,3,Internal
AFL,CL,0.40171594024911417,63,0.0012111801170560156,3,1,External
AFL,CMS,0.44156280060976333,63,0.00032733981907049877,3,3,Internal
AFL,CPRT,0.4983386975272189,63,3.7584288707241976e-05,3,3,Internal
AFL,CTAS,0.42958530604992196,63,0.000493361011852568,3,3,Internal
AFL,DTE,0.48377610466257376,63,6.792916211911098e-05,3,3,Internal
AFL,DUK,0.44986192325262014,63,0.0002441452372938656,3,3,Internal
AFL,ED,0.4060886722530387,63,0.0010573035928463266,3,3,Internal
AFL,EG,0.6248598266649419,63,5.691377715599442e-08,3,3,Internal
AFL,EVRG,0.43067012148662176,63,0.0004756599935653344,3,3,Internal
AFL,EXC,0.431120921985465,63,0.00046847557578298524,3,3,Internal
AFL,FAST,0.4500455938199829,63,0.00024254533442870556,3,3,Internal
AFL,GPN,0.44620120233172245,63,0.00027811391124780223,3,1,External
AFL,HIG,0.6518448688825743,63,9.55312944550404e-09,3,3,Internal
AFL,L,0.6631141167413013,63,4.2962713484992145e-09,3,3,Internal
AFL,MET,0.6132553082149572,63,1.1648929132035547e-07,3,3,Internal
AFL,MKC,0.4091300524485665,63,0.0009609173985130095,3,1,External
AFL,MMC,0.6685096881133161,63,2.8949942143539207e-09,3,3,Internal
AFL,NVDA,-0.4719181950026377,63,0.00010788439480287262,3,7,External
AFL,O,0.4511226346962076,63,0.0002333548497357778,3,3,Internal
AFL,OMC,0.42852183234300567,63,0.0005112927406536809,3,0,External
AFL,PAYX,0.5028734889332253,63,3.108505293317464e-05,3,1,External
AFL,PFG,0.6024267068394634,63,2.2154430230555665e-07,3,3,Internal
AFL,PG,0.4177241722276554,63,0.0007298921493706583,3,1,External
AFL,PGR,0.6852256182318565,63,8.078885699541377e-10,3,3,Internal
AFL,PNW,0.4469119466215499,63,0.0002711991180792935,3,3,Internal
AFL,PRU,0.6090966286553565,63,1.4953277058294574e-07,3,3,Internal
AFL,RSG,0.5668181475455588,63,1.5650747095909532e-06,3,3,Internal
AFL,SO,0.4088803745960353,63,0.0009685202810298353,3,3,Internal
AFL,TRV,0.5919183875510612,63,4.042650655742178e-07,3,3,Internal
AFL,TSN,0.5056021132186747,63,2.7693123328020326e-05,3,1,External
AFL,VRSK,0.5332775916160779,63,8.096969982623648e-06,3,3,Internal
AFL,WEC,0.4266352009270595,63,0.0005445669618124547,3,3,Internal
AFL,WM,0.4610855199255096,63,0.00016224484431487328,3,3,Internal
AFL,WRB,0.6370055504262092,63,2.6042686195594932e-08,3,3,Internal
AFL,WTW,0.4991896414668881,63,3.627627643903182e-05,3,3,Internal
AIG,AIZ,0.5008115984798178,63,3.3899015724988465e-05,3,3,Internal
AIG,ALL,0.5904152053129995,63,4.3982148558081406e-07,3,3,Internal
AIG,AON,0.4057817830540337,63,0.0010674980304161675,3,3,Internal
AIG,AVGO,-0.4142303014611757,63,0.0008169432802648604,3,7,External
AIG,BRK-B,0.4173383177156394,63,0.0007390751537146246,3,3,Internal
AIG,CB,0.6618705678134861,63,4.700147436713814e-09,3,3,Internal
AIG,CINF,0.565552167754301,63,1.6707500672882853e-06,3,3,Internal
AIG,CNC,0.4531403938498145,63,0.00021698919860154786,3,1,External
AIG,COR,0.4373620631240582,63,0.0003786452256416393,3,3,Internal
AIG,EG,0.5646467885515948,63,1.7503830631141911e-06,3,3,Internal
AIG,FE,0.4561190360085237,63,0.0001947428924638891,3,3,Internal
AIG,FISV,0.41766648085711144,63,0.000731258554332578,3,2,External
AIG,HIG,0.6526692424131042,63,9.02087070403853e-09,3,3,Internal
AIG,L,0.6187955586379401,63,8.305218321272447e-08,3,3,Internal
AIG,LULU,0.41900649412915475,63,0.0007001111416945678,3,2,External
AIG,MCK,0.4810440584779099,63,7.568320715626732e-05,3,3,Internal
AIG,MET,0.6220174153793054,63,6.801193256079659e-08,3,3,Internal
AIG,MMC,0.6096660305240094,63,1.4453715292540995e-07,3,3,Internal
AIG,PFG,0.49393745102607234,63,4.507393368597959e-05,3,3,Internal
AIG,PGR,0.4668416434690256,63,0.00013084084609745275,3,3,Internal
AIG,PRU,0.6193321633366949,63,8.034669448793958e-08,3,3,Internal
AIG,ROP,0.4952102966668243,63,4.27772686879993e-05,3,3,Internal
AIG,RSG,0.4381962668346456,63,0.0003679086954236661,3,3,Internal
AIG,TRV,0.620564441515119,63,7.444503710596062e-08,3,3,Internal
AIG,VRSK,0.44366496700695335,63,0.00030412166972830046,3,3,Internal
AIG,WRB,0.6055782549580166,63,1.8419616415060924e-07,3,3,Internal
AIG,WTW,0.40439709064041446,63,0.0011146063275483383,3,3,Internal
AIG,XEL,0.4065813435684239,63,0.0010411211843852379,3,3,Internal
AIZ,ALL,0.47059388791562934,63,0.00011348592932972528,3,3,Internal
AIZ,AMD,-0.4714586404544009,63,0.00010979874626574845,3,7,External
AIZ,ARE,-0.42277239930342553,63,0.000618901644573994,3,0,External
AIZ,BRK-B,0.43906544651018714,63,0.0003570177087068435,3,3,Internal
AIZ,CB,0.43783611303023373,63,0.00037250952457569276,3,3,Internal
AIZ,CINF,0.5528046611165595,63,3.178335050708487e-06,3,3,Internal
AIZ,COST,0.42374599851213063,63,0.000599345843057558,3,3,Internal
AIZ,EG,0.42587849049443355,63,0.0005584564687934209,3,3,Internal
AIZ,GPN,0.5994519381950962,63,2.632413530697728e-07,3,1,External
AIZ,HIG,0.513565532656805,63,1.9653818946928283e-05,3,3,Internal
AIZ,IRM,-0.4011059376920691,63,0.001234177398667679,3,1,External
AIZ,L,0.5215608261483848,63,1.3807883750979239e-05,3,3,Internal
AIZ,MCD,0.5018392376226997,63,3.2468333373988295e-05,3,3,Internal
AIZ,MET,0.4141602876051855,63,0.0008187797989028145,3,3,Internal
AIZ,MMC,0.5693060729365104,63,1.3753856994903619e-06,3,3,Internal
AIZ,MOS,-0.5310091761142444,63,8.992419937740012e-06,3,2,External
AIZ,MTCH,0.5154442412036253,63,1.8103672034193833e-05,3,1,External
AIZ,NRG,-0.5422440153683822,63,5.308808538344567e-06,3,2,External
AIZ,PGR,0.4826024945165917,63,7.116565521156533e-05,3,3,Internal
AIZ,ROK,-0.4175534611872901,63,0.0007339421089173616,3,0,External
AIZ,TJX,0.4154018736601203,63,0.000786759582684663,3,3,Internal
AIZ,TRV,0.4540734819559551,63,0.00020978215514023369,3,3,Internal
AIZ,WMT,0.42484160236872087,63,0.0005780109077543101,3,3,Internal
AIZ,WRB,0.4968094698212348,63,4.004513978402211e-05,3,3,Internal
AJG,AMT,0.4916315747883042,63,4.952707380362412e-05,3,3,Internal
AJG,AON,0.6918396340831277,63,4.76209425455475e-10,3,3,Internal
AJG,AVY,0.40227376625825506,63,0.0011904883454110732,3,0,External
AJG,BRK-B,0.4064487384185175,63,0.001045454653007496,3,3,Internal
AJG,BRO,0.7326367872081433,63,1.301927762882123e-11,3,3,Internal
AJG,CARR,0.5133565513862592,63,1.983366126943886e-05,3,3,Internal
AJG,ECL,0.6049733365178326,63,1.9087008570974471e-07,3,3,Internal
AJG,EG,0.47526479795586024,63,9.48425012022343e-05,3,3,Internal
AJG,GLW,-0.49060051473276234,63,5.1646853443114404e-05,3,1,External
AJG,JCI,0.413559068205712,63,0.0008347045757747747,3,3,Internal
AJG,MMC,0.6626459818236504,63,4.444288075058703e-09,3,3,Internal
AJG,NSC,0.41772209379247016,63,0.000729941336401212,3,1,External
AJG,PYPL,0.5502729602799041,63,3.6000153579202144e-06,3,3,Internal
AJG,TDY,0.42066006450142496,63,0.0006633336650619509,3,3,Internal
AJG,UPS,0.5746338937699202,63,1.039221067783895e-06,3,0,External
AJG,VRSN,0.6514472500537029,63,9.82035529347238e-09,3,3,Internal
AJG,WTW,0.5959837706534238,63,3.211565244038908e-07,3,3,Internal
AKAM,AVB,0.48438497313746,63,6.63040627135076e-05,1,1,Internal
AKAM,AVY,0.4270559857600818,63,0.0005369798112146243,1,0,External
AKAM,BALL,0.40465810971180805,63,0.0011055855323101455,1,3,External
AKAM,BXP,0.4581392430062081,63,0.0001808651310720028,1,0,External
AKAM,CAG,0.4128035457178525,63,0.0008551132176424123,1,0,External
AKAM,CHD,0.4648412069214264,63,0.00014105888471045271,1,1,Internal
AKAM,CL,0.4472607311570558,63,0.00026786357418409054,1,1,Internal
AKAM,CPAY,0.4272479474531413,63,0.0005335505459329596,1,2,External
AKAM,CPT,0.517330751716554,63,1.6661929187095568e-05,1,1,Internal
AKAM,CRM,0.513741747466149,63,1.950335146242972e-05,1,1,Internal
AKAM,CTSH,0.5441680879047384,63,4.841358871184586e-06,1,1,Internal
AKAM,DOV,0.4168970936649366,63,0.0007497039699169778,1,0,External
AKAM,EFX,0.417366005309641,63,0.0007384127468434594,1,7,External
AKAM,EPAM,0.5867941575438348,63,5.379114545403689e-07,1,1,Internal
AKAM,EQR,0.5006843406022111,63,3.4080188030967646e-05,1,1,Internal
AKAM,ESS,0.4566639216304803,63,0.00019090684360891362,1,1,Internal
AKAM,EXR,0.41119413454517867,63,0.0009000985147752929,1,1,Internal
AKAM,FRT,0.460712660232114,63,0.0001644999789801893,1,1,Internal
AKAM,FTV,0.4436722366241224,63,0.00030404405410613207,1,0,External
AKAM,GPN,0.4400623834342152,63,0.0003448881732330863,1,1,Internal
AKAM,HSIC,0.41555126703173684,63,0.0007829841085408621,1,3,External
AKAM,IEX,0.4117586066619203,63,0.000884083000863925,1,0,External
AKAM,IFF,0.4164651284629331,63,0.0007602435590203361,1,0,External
AKAM,INVH,0.45044691139604803,63,0.00023908286651590585,1,1,Internal
AKAM,JBHT,0.42614235181328747,63,0.0005535771695065136,1,0,External
AKAM,JKHY,0.5519427392529588,63,3.3164195251928615e-06,1,1,Internal
AKAM,KIM,0.42668260091040133,63,0.0005437074577077534,1,1,Internal
AKAM,MAA,0.5000925100879745,63,3.493458941249389e-05,1,1,Internal
AKAM,MCHP,0.4201267662255464,63,0.000674999001111728,1,2,External
AKAM,MHK,0.4448567476466591,63,0.00029163609722756683,1,0,External
AKAM,MKC,0.4177503402132489,63,0.0007292731297723571,1,1,Internal
AKAM,MRNA,0.43619769329402425,63,0.0003941085259489042,1,0,External
AKAM,NDSN,0.46332011910611237,63,0.00014931305656584352,1,0,External
AKAM,NWSA,0.4544916896561006,63,0.00020662363794290699,1,4,External
AKAM,PAYC,0.5418674116283377,63,5.4050947548843705e-06,1,1,Internal
AKAM,POOL,0.48094542441142635,63,7.597782993628915e-05,1,0,External
AKAM,PPG,0.428233141235334,63,0.000516261616922966,1,0,External
AKAM,PSA,0.43521543416126446,63,0.00040759807059068354,1,1,Internal
AKAM,PSKY,0.44728324704990835,63,0.00026764954022411556,1,4,External
AKAM,SWK,0.4143756963909782,63,0.0008131413497838862,1,0,External
AKAM,UDR,0.5162947069163445,63,1.7439948905483774e-05,1,1,Internal
AKAM,WY,0.45892993565152734,63,0.0001756847517314303,1,0,External
AKAM,XYZ,0.4385223887330698,63,0.00036378733812649503,1,3,External
AKAM,ZTS,0.4961523892750398,63,4.114759623196256e-05,1,3,External
ALB,ALLE,0.40197409604552026,63,0.001201564282475099,0,0,Internal
ALB,AOS,0.4914111600039156,63,4.99733579791384e-05,0,0,Internal
ALB,AVY,0.40217472734682297,63,0.0011941386529602915,0,0,Internal
ALB,BF-B,0.4424749555533527,63,0.00031707357467012325,0,0,Internal
ALGN,ALL,-0.4696056669902153,63,0.00011783870555649395,1,3,External
ALGN,AME,-0.47754790555954474,63,8.679520809507826e-05,1,7,External
ALGN,AVB,0.5540613919917945,63,2.98660062183642e-06,1,1,Internal
ALGN,BAX,0.8691553004006081,63,5.2694254939445234e-20,1,1,Internal
ALGN,BMY,0.5804213565312848,63,7.621430801350583e-07,1,0,External
ALGN,CHRW,-0.7628984941092426,63,5.735079163046325e-13,1,7,External
ALGN,CI,0.6768395677343491,63,1.548548678809003e-09,1,1,Internal
ALGN,DHR,0.4714629558127317,63,0.00010978062559787875,1,0,External
ALGN,DXCM,0.4220654278920808,63,0.0006334625760550428,1,1,Internal
ALGN,EBAY,-0.7164162825160597,63,5.869387922782332e-11,1,7,External
ALGN,EQR,0.41828954184247086,63,0.0007166233125738827,1,1,Internal
ALGN,EXR,0.7893718086353884,63,2.4896849849915605e-14,1,1,Internal
ALGN,FFIV,-0.45456407769913465,63,0.00020608136651635635,1,7,External
ALGN,FTV,0.4643877861361614,63,0.0001434744553871872,1,0,External
ALGN,HII,-0.5027508203028467,63,3.124621801857275e-05,1,7,External
ALGN,IP,0.7923143930352021,63,1.7088867025505673e-14,1,1,Internal
ALGN,MAA,0.5046152996626002,63,2.8878125172033448e-05,1,1,Internal
ALGN,META,-0.7723499826973486,63,1.9639783134128874e-13,1,7,External
ALGN,MRK,0.5813487801689002,63,7.247930149166082e-07,1,0,External
ALGN,MRNA,0.43605234139803023,63,0.0003960786991289118,1,0,External
ALGN,MSFT,-0.6887887605152002,63,6.087460568444429e-10,1,7,External
ALGN,NCLH,-0.4105045556354168,63,0.0009200189844321465,1,7,External
ALGN,PSA,0.6688555140893683,63,2.8218810936118133e-09,1,1,Internal
ALGN,QCOM,0.6796415764979896,63,1.2489309310342158e-09,1,1,Internal
ALGN,SW,0.5341414665519595,63,7.778351879652551e-06,1,0,External
ALGN,TECH,0.45174486087615,63,0.0002281915886697324,1,0,External
ALGN,TYL,-0.4231151573725095,63,0.0006119519490431104,1,3,External
ALGN,WDC,-0.5067160230248577,63,2.6409705512064606e-05,1,7,External
ALGN,WTW,-0.40015167028510373,63,0.0012709425262983041,1,3,External
ALGN,XYL,-0.7728204002291029,63,1.8594854122978295e-13,1,7,External
ALL,AME,0.5290557909037928,63,9.836525297432755e-06,3,7,External
ALL,CB,0.5701346930603426,63,1.317147439287185e-06,3,3,Internal
ALL,CHRW,0.4367806334198847,63,0.00038629639184846313,3,7,External
ALL,CINF,0.5267820792790994,63,1.0911719103067833e-05,3,3,Internal
ALL,CMS,0.4166629506810965,63,0.0007554003345668507,3,3,Internal
ALL,DTE,0.4510024855936074,63,0.00023436407399746975,3,3,Internal
ALL,EBAY,0.5113958788788808,63,2.1596902486620074e-05,3,7,External
ALL,EG,0.5081753760793263,63,2.481162000557939e-05,3,3,Internal
ALL,FE,0.44006235144169115,63,0.0003448885563775008,3,3,Internal
ALL,HIG,0.6294933605757491,63,4.240512944268821e-08,3,3,Internal
ALL,IP,-0.43603275629922766,63,0.0003963448499097092,3,1,External
ALL,L,0.5803649171876781,63,7.644733816830068e-07,3,3,Internal
ALL,MET,0.49391876126632195,63,4.5108489848361705e-05,3,3,Internal
ALL,MMC,0.44792590412959776,63,0.0002616059759912175,3,3,Internal
ALL,PFG,0.43333472827518316,63,0.00043460512142966723,3,3,Internal
ALL,PGR,0.5631242371366092,63,1.8923628017737885e-06,3,3,Internal
ALL,PNW,0.438093186913296,63,0.0003692201855809531,3,3,Internal
ALL,PRU,0.5229669775068985,63,1.2964631391976056e-05,3,3,Internal
ALL,TRV,0.5518303899217195,63,3.334825862013563e-06,3,3,Internal
ALL,TYL,0.41512145984916055,63,0.0007938907009633018,3,3,Internal
ALL,WRB,0.5208177468069602,63,1.4273816914210974e-05,3,3,Internal
ALL,WTW,0.5609324757008668,63,2.115768861631504e-06,3,3,Internal
ALL,XYL,0.5256761284005032,63,1.1473327401736666e-05,3,7,External
ALLE,AOS,0.8175476335893459,63,5.178335146230402e-16,0,0,Internal
ALLE,AVY,0.46898203608449607,63,0.00012066399031766042,0,0,Internal
ALLE,BIIB,0.41007121406274083,63,0.0009327401218730578,0,0,Internal
ALLE,BLDR,0.4492422710783931,63,0.00024961429237642076,0,0,Internal
ALLE,CHD,0.42697231134708225,63,0.0005384808507423159,0,1,External
ALLE,CRL,0.5549531029198363,63,2.857172844969344e-06,0,0,Internal
ALLE,DHR,0.49943779839707686,63,3.5902835342623784e-05,0,0,Internal
ALLE,DOV,0.41747947687411086,63,0.0007357036269318504,0,0,Internal
ALLE,FTV,0.48530575350616234,63,6.391445019508695e-05,0,0,Internal
ALLE,GL,0.426706035254184,63,0.0005432829777725158,0,3,External
ALLE,HUBB,0.5890446197661258,63,4.747839788783421e-07,0,0,Internal
ALLE,IQV,0.45289515243350886,63,0.0002189206385066549,0,0,Internal
ALLE,ITW,0.4515763414141346,63,0.0002295795535594718,0,0,Internal
ALLE,JBHT,0.43666915135834306,63,0.00038777939641501593,0,0,Internal
ALLE,LH,0.6097666254537633,63,1.4367109873962173e-07,0,3,External
ALLE,MAS,0.5604176996521024,63,2.1717041772464075e-06,0,0,Internal
ALLE,MHK,0.48376217438967145,63,6.796676875299074e-05,0,0,Internal
ALLE,MLM,0.46596025584068607,63,0.00013525608283696788,0,0,Internal
ALLE,MTD,0.5149495817299317,63,1.8500423409970255e-05,0,0,Internal
ALLE,NDAQ,0.41280262740308826,63,0.0008551382957263228,0,3,External
ALLE,NDSN,0.49762255593969684,63,3.871875383168954e-05,0,0,Internal
ALLE,NVR,0.4197426963357727,63,0.0006835149028597454,0,0,Internal
ALLE,NWSA,0.40617187590200865,63,0.0010545548489163626,0,4,External
ALLE,PCAR,0.4138551453929278,63,0.0008268275840153103,0,0,Internal
ALLE,PNR,0.48290252733618366,63,7.032499273120406e-05,0,0,Internal
ALLE,POOL,0.6586657627909993,63,5.913356273333712e-09,0,0,Internal
ALLE,RJF,0.43519708869585544,63,0.0004078539625087093,0,2,External
ALLE,ROL,0.4819243743901816,63,7.309991884282286e-05,0,3,External
ALLE,RVTY,0.5312814746050923,63,8.880259691342896e-06,0,0,Internal
ALLE,SHW,0.42629363583383184,63,0.0005507971243604371,0,0,Internal
ALLE,SNA,0.625644218373004,63,5.4166410489702306e-08,0,0,Internal
ALLE,TDY,0.43493474485942096,63,0.00041152930093416365,0,3,External
ALLE,TECH,0.5880124152583674,63,5.028208129478897e-07,0,0,Internal
ALLE,TMO,0.470857797294793,63,0.00011234876712582814,0,0,Internal
ALLE,TRMB,0.4681969134373778,63,0.00012430936590621905,0,0,Internal
ALLE,URI,0.7146107200225729,63,6.896083505885537e-11,0,0,Internal
ALLE,VLTO,0.6097245858371929,63,1.4403243496868132e-07,0,3,External
ALLE,VMC,0.521701213150181,63,1.3721460178855397e-05,0,0,Internal
ALLE,WAT,0.4715888626209764,63,0.0001092531376587486,0,0,Internal
ALLE,WST,0.5712218597536796,63,1.244238093273274e-06,0,3,External
AMAT,KLAC,0.8542925685179538,63,1.0633841790677462e-18,7,7,Internal
AMAT,LRCX,0.7904680132335036,63,2.165537719256567e-14,7,7,Internal
AMAT,MPWR,0.4049344040460303,63,0.0010961085514531576,7,7,Internal
AMAT,MU,0.4524583872068627,63,0.00022239945055787483,7,7,Internal
AMCR,AOS,0.4025583353607471,63,0.0011800557327509113,0,0,Internal
AMCR,AVY,0.45504264270241496,63,0.00020252899988083896,0,0,Internal
AMCR,BALL,0.4890007386742804,63,5.510225446714211e-05,0,3,External
AMCR,BF-B,0.42708371439837167,63,0.0005364832244996432,0,0,Internal
AMCR,BLDR,0.41331664097167936,63,0.0008412046775275311,0,0,Internal
AMCR,CL,0.4232672159331251,63,0.0006088915625271794,0,1,External
AMCR,DE,0.5067685240051633,63,2.6350597422457533e-05,0,7,External
AMCR,EL,0.4751570811727377,63,9.523861307189807e-05,0,0,Internal
AMCR,FTV,0.4309153716030629,63,0.00047173911083028163,0,0,Internal
AMCR,ITW,0.4414478927186957,63,0.0003286543757744394,0,0,Internal
AMCR,J,0.46102538169344526,63,0.00016260664520738706,0,0,Internal
AMCR,KEYS,0.41183090272080314,63,0.0008820504840112273,0,0,Internal
AMCR,MHK,0.45237129519625274,63,0.00022309915192532994,0,0,Internal
AMCR,NDSN,0.47904021415512515,63,8.188020326426894e-05,0,0,Internal
AMCR,NFLX,-0.4360287856569049,63,0.00039639882861568687,0,18,External
AMCR,PKG,0.45034884837802386,63,0.00023992473208132777,0,0,Internal
AMCR,SW,0.4168896382811795,63,0.0007498847479033127,0,0,Internal
AMCR,TPR,0.5229087943168718,63,1.2998551739337963e-05,0,1,External
AMCR,TSN,0.4645613046550966,63,0.00014254559796369765,0,1,External
AMD,KR,-0.40575607205778197,63,0.0010683561241641012,7,3,External
AMD,NVDA,0.5087972665304497,63,2.4158244560808265e-05,7,7,Internal
AME,APTV,0.4491508383297902,63,0.0002504306912920666,7,0,External
AME,BAX,-0.42522156815226114,63,0.00057077423943522,7,1,External
AME,BLDR,0.4730449642978472,63,0.00010331977506252352,7,0,External
AME,CHRW,0.6705865846236885,63,2.481477049538226e-09,7,7,Internal
AME,DOV,0.46670786322210334,63,0.00013150237423557675,7,0,External
AME,EBAY,0.6207749275573211,63,7.347880413957815e-08,7,7,Internal
AME,EXPD,0.5446150706611431,63,4.738408110274111e-06,7,0,External
AME,FE,0.4109036034385573,63,0.0009084433563018342,7,3,External
AME,FFIV,0.5329200105961164,63,8.232377729054732e-06,7,7,Internal
AME,HII,0.5777314947301516,63,8.809476257735534e-07,7,7,Internal
AME,HUBB,0.41878649094743936,63,0.0007051410259401517,7,0,External
AME,ITW,0.6123791016149104,63,1.228190863726045e-07,7,0,External
AME,JBHT,0.4156882999188114,63,0.0007795354277794774,7,0,External
AME,MAS,0.5685111484262304,63,1.4335156891169384e-06,7,0,External
AME,MET,0.4661762702819435,63,0.00013416150201992768,7,3,External
AME,MMM,0.4571457683809276,63,0.00018757238177549322,7,0,External
AME,NCLH,0.5155407687700296,63,1.802717716472437e-05,7,7,Internal
AME,NDSN,0.4755712632724013,63,9.372379917985055e-05,7,0,External
AME,ODFL,0.4420708813440868,63,0.00032158461078921676,7,0,External
AME,PFG,0.48709368521638646,63,5.949973430716024e-05,7,3,External
AME,PNR,0.5936690650199158,63,3.662633011183514e-07,7,0,External
AME,PRU,0.4816052803378,63,7.402676142293303e-05,7,3,External
AME,SHW,0.4137461277105766,63,0.0008297200966173995,7,0,External
AME,TRV,0.41555416282349666,63,0.0007829110881886271,7,3,External
AME,TYL,0.4228290973145386,63,0.0006177471296115586,7,3,External
AME,VMC,0.468141255269811,63,0.0001245715915437397,7,0,External
AME,WTW,0.6003261993994381,63,2.502778026789262e-07,7,3,External
AME,XYL,0.7573703102053913,63,1.0492985872455876e-12,7,7,Internal
AMGN,AMT,0.41097617247429447,63,0.0009063524560491812,0,3,External
AMGN,AMZN,-0.40977090327286375,63,0.0009416489544893975,0,3,External
AMGN,APD,0.46196691323048655,63,0.00015702623645745564,0,0,Internal
AMGN,ARE,0.5572520425511748,63,2.5472656452118946e-06,0,0,Internal
AMGN,AVY,0.5007290277070078,63,3.401646682615482e-05,0,0,Internal
AMGN,AWK,0.40490192826431126,63,0.0010972186709780438,0,3,External
AMGN,BALL,0.5114504611420634,63,2.1545909884269167e-05,0,3,External
AMGN,BDX,0.46147225716249346,63,0.00015993575322770373,0,0,Internal
AMGN,BF-B,0.41480648662207653,63,0.0008019703592604462,0,0,Internal
AMGN,BIIB,0.6168019669367495,63,9.387523865593816e-08,0,0,Internal
AMGN,BMY,0.6587029006576169,63,5.897735507332055e-09,0,0,Internal
AMGN,CCI,0.45612669398203276,63,0.00019468849408878656,0,3,External
AMGN,CPAY,0.4147271017404441,63,0.0008040184293362584,0,2,External
AMGN,CPT,0.4243290251548769,63,0.0005879051390106131,0,1,External
AMGN,CRL,0.5719466064364207,63,1.1977540355082128e-06,0,0,Internal
AMGN,D,0.4233078256295793,63,0.0006080765886228558,0,3,External
AMGN,DD,0.44959132115865263,63,0.0002465199578353356,0,0,Internal
AMGN,DHR,0.4839820438503339,63,6.737543536867408e-05,0,0,Internal
AMGN,DOC,0.4959238066910087,63,4.153764690946876e-05,0,0,Internal
AMGN,DVA,0.6012106240928181,63,2.3777650561626997e-07,0,0,Internal
AMGN,ES,0.45430367978943176,63,0.0002080381592061772,0,3,External
AMGN,GILD,0.49186002812319907,63,4.906840087942005e-05,0,3,External
AMGN,GIS,0.526197976518609,63,1.1205061979910772e-05,0,0,Internal
AMGN,GPC,0.43787162180295186,63,0.00037205359556495197,0,0,Internal
AMGN,IFF,0.5410899643333309,63,5.609039068649088e-06,0,0,Internal
AMGN,INCY,0.4650439647125069,63,0.0001399908305398704,0,1,External
AMGN,INVH,0.4421469344034113,63,0.00032073111751350125,0,1,External
AMGN,IQV,0.5130174586636114,63,2.0128725117850707e-05,0,0,Internal
AMGN,JNJ,0.5443887027314921,63,4.790287944402906e-06,0,3,External
AMGN,LIN,0.42249118261254504,63,0.0006246568967136537,0,3,External
AMGN,MAA,0.48403418044068325,63,6.723591288006809e-05,0,1,External
AMGN,MLM,0.41268640153601394,63,0.0008583176566195828,0,0,Internal
AMGN,MRK,0.632713103946212,63,3.446400403829838e-08,0,0,Internal
AMGN,MRNA,0.5398410916308624,63,5.951734108837178e-06,0,0,Internal
AMGN,MTD,0.4869277998024672,63,5.989716733396021e-05,0,0,Internal
AMGN,NVR,0.40178035106211807,63,0.001208774467793981,0,0,Internal
AMGN,O,0.44774130155585773,63,0.0002633290926648138,0,3,External
AMGN,OMC,0.4498290310208861,63,0.0002444327687327242,0,0,Internal
AMGN,PEP,0.4371232145110702,63,0.00038177142656673255,0,1,External
AMGN,PFE,0.6514741371615055,63,9.802064587396505e-09,0,0,Internal
AMGN,PPG,0.46751781606873205,63,0.0001275437591040746,0,0,Internal
AMGN,REGN,0.5467049225092054,63,4.283604898399649e-06,0,0,Internal
AMGN,RMD,0.4743602615127957,63,9.82164098100385e-05,0,3,External
AMGN,ROK,0.435472175228839,63,0.000404032215853644,0,0,Internal
AMGN,RVTY,0.5143868858141732,63,1.8961549256264352e-05,0,0,Internal
AMGN,SBAC,0.43461448622058274,63,0.00041605685443543515,0,3,External
AMGN,SJM,0.4915297029085009,63,4.973287907560041e-05,0,0,Internal
AMGN,SPG,0.4087069591651135,63,0.0009738328174178519,0,0,Internal
AMGN,SW,0.49237124395705273,63,4.805619462166118e-05,0,0,Internal
AMGN,SWKS,0.40680985826481564,63,0.001033691433639762,0,1,External
AMGN,TECH,0.5712771518837617,63,1.2406330249522287e-06,0,0,Internal
AMGN,TMO,0.5115619359968394,63,2.1442113037089562e-05,0,0,Internal
AMGN,VICI,0.4273640804546686,63,0.0005314855752558027,0,3,External
AMGN,VTRS,0.5252331913657108,63,1.1705701377830108e-05,0,0,Internal
AMGN,ZBH,0.45266331164205564,63,0.00022076098942774185,0,0,Internal
AMGN,ZTS,0.464168539641334,63,0.0001446560402366413,0,3,External
AMP,AVGO,-0.4382234946944256,63,0.0003675629835445065,2,7,External
AMP,BAC,0.5021789630025797,63,3.2007798799484566e-05,2,2,Internal
AMP,BK,0.4800320793503314,63,7.875665393014037e-05,2,2,Internal
AMP,BLK,0.5117208966499525,63,2.1294903090985965e-05,2,2,Internal
AMP,CFG,0.4988688095514922,63,3.676440985385716e-05,2,2,Internal
AMP,CINF,0.4692802514973019,63,0.0001193052869513307,2,3,External
AMP,COF,0.5950885948066921,63,3.379429043327886e-07,2,2,Internal
AMP,EG,0.43462581203349737,63,0.00041589596929417997,2,3,External
AMP,HBAN,0.4247823899743433,63,0.0005791461093289769,2,2,Internal
AMP,HIG,0.42059700651025095,63,0.0006647034040511431,2,3,External
AMP,HON,0.46858546591838024,63,0.00012249283351333223,2,2,Internal
AMP,JPM,0.4392069003278615,63,0.00035527332712710283,2,2,Internal
AMP,KEY,0.4702491995928859,63,0.00011498709282411722,2,2,Internal
AMP,L,0.42769447950438083,63,0.0005256503527433555,2,3,External
AMP,LKQ,0.40358608493368503,63,0.0011430593408074687,2,2,Internal
AMP,LULU,0.493818145812811,63,4.529494237633146e-05,2,2,Internal
AMP,MET,0.4929821752461569,63,4.6871862519769385e-05,2,3,External
AMP,MS,0.41253874213520786,63,0.0008623722873779518,2,2,Internal
AMP,MTB,0.4664624881335906,63,0.00013272371441416228,2,2,Internal
AMP,PFG,0.44039620599789675,63,0.0003409113516404484,2,3,External
AMP,PNC,0.45290356336928833,63,0.00021885413715669048,2,2,Internal
AMP,PRU,0.5210206357814987,63,1.4145170306507316e-05,2,3,External
AMP,RJF,0.48447914127089,63,6.605594883912236e-05,2,2,Internal
AMP,SCHW,0.5345051917026576,63,7.647727745089912e-06,2,2,Internal
AMP,STT,0.5156846534271233,63,1.791371015771109e-05,2,2,Internal
AMP,WAB,0.41907913875514,63,0.0006984574333424333,2,2,Internal
AMP,WFC,0.5638078556236631,63,1.8273309655435519e-06,2,2,Internal
AMP,WST,-0.4354282281899301,63,0.00040464057086241913,2,3,External
AMT,AVY,0.48743530450665556,63,5.868892691974224e-05,3,0,External
AMT,AWK,0.4813685826481303,63,7.47212576036134e-05,3,3,Internal
AMT,BALL,0.4413353932478301,63,0.0003299460420483898,3,3,Internal
AMT,BRO,0.445039977293418,63,0.0002897585612612601,3,3,Internal
AMT,CARR,0.43258543957973106,63,0.00044581105509440506,3,3,Internal
AMT,CCI,0.7313012716377392,63,1.479812893357421e-11,3,3,Internal
AMT,DTE,0.43524199701911637,63,0.0004072278172724654,3,3,Internal
AMT,GLW,-0.4103981659497669,63,0.0009231275554328073,3,1,External
AMT,JKHY,0.4012300477519687,63,0.0012294668167048503,3,1,External
AMT,JNJ,0.4722201313286375,63,0.00010664338404151615,3,3,Internal
AMT,LNT,0.43336359912822475,63,0.0004341785180902915,3,3,Internal
AMT,MDLZ,0.4117584398231195,63,0.0008840876962256706,3,1,External
AMT,MRK,0.4099572286799563,63,0.0009361125413747158,3,0,External
AMT,NVDA,-0.40115332185251923,63,0.0012323770252452586,3,7,External
AMT,O,0.45873530410073765,63,0.0001769471470432651,3,3,Internal
AMT,OMC,0.43380338063580265,63,0.0004277271160513986,3,0,External
AMT,PG,0.40003917907907904,63,0.0012753407715569724,3,1,External
AMT,POOL,0.4057911785207825,63,0.001067184615684372,3,0,External
AMT,PYPL,0.4529925869173856,63,0.00021815140158360432,3,3,Internal
AMT,RVTY,0.4524954600025952,63,0.0002221022155342686,3,0,External
AMT,SBAC,0.6713944697235289,63,2.3362989795236365e-09,3,3,Internal
AMT,UPS,0.5684334987585984,63,1.439315662155261e-06,3,0,External
AMT,VICI,0.41528767404184,63,0.000789656735540717,3,3,Internal
AMT,VRSN,0.4227339782056124,63,0.000619685107041312,3,3,Internal
AMT,VZ,0.4038809868719274,63,0.0011326382868971298,3,3,Internal
AMT,ZBH,0.4399229083585869,63,0.0003465622264451381,3,0,External
AMT,ZTS,0.47531558229970333,63,9.465627592830997e-05,3,3,Internal
AMZN,BMY,-0.442420169111035,63,0.0003176818023725791,3,0,External
AMZN,GWW,0.41584005480327857,63,0.0007757322804439284,3,3,Internal
AMZN,MPWR,-0.4524355476040876,63,0.00022258275056243282,3,7,External
AMZN,VICI,-0.4248309913680531,63,0.0005782141899525544,3,3,Internal
ANET,ARE,-0.42265213423191306,63,0.0006213570244135528,11,0,External
ANET,CRL,-0.40063926491074525,63,0.0012520356186868453,11,0,External
ANET,DD,-0.414511730169174,63,0.0008095986982585892,11,0,External
ANET,DVA,-0.5675784846118525,63,1.5046507355535012e-06,11,0,External
ANET,IFF,-0.49932335953562046,63,3.607460550745372e-05,11,0,External
ANET,MOS,-0.4484681747547023,63,0.00025660371778827424,11,2,External
ANET,NRG,-0.4737679204112594,63,0.0001004852914526547,11,2,External
ANET,ROK,-0.493925601610958,63,4.5095839652149805e-05,11,0,External
AON,BBY,0.40266578391530267,63,0.0011761380117636469,3,0,External
AON,BRO,0.6336107522876997,63,3.251429522116927e-08,3,3,Internal
AON,DPZ,0.4776502795151429,63,8.64495461820113e-05,3,3,Internal
AON,ECL,0.6379650378608461,63,2.444719520131137e-08,3,3,Internal
AON,EG,0.5938249695677712,63,3.630472078432023e-07,3,3,Internal
AON,EW,0.41574986264519154,63,0.0007779905682744714,3,3,Internal
AON,GLW,-0.40895181836144623,63,0.0009663392378889439,3,1,External
AON,L,0.45979959139293336,63,0.00017014429519197124,3,3,Internal
AON,MMC,0.7316966617705359,63,1.4248673875371286e-11,3,3,Internal
AON,PAYX,0.4553580268846707,63,0.0002002186548901123,3,1,External
AON,PGR,0.40230411926601367,63,0.0011893716283697237,3,3,Internal
AON,ROL,0.45259152472713604,63,0.00022133369659288214,3,3,Internal
AON,SYK,0.4200762043896248,63,0.0006761145768076821,3,1,External
AON,VRSN,0.6452775782668476,63,1.4990299297148402e-08,3,3,Internal
AON,WRB,0.5194735074654254,63,1.5154012327769045e-05,3,3,Internal
AON,WTW,0.6743125989043192,63,1.876196060790197e-09,3,3,Internal
AOS,ARE,0.4053843969151656,63,0.001080830285605338,0,0,Internal
AOS,AVY,0.6149012365080201,63,1.0542157258933291e-07,0,0,Internal
AOS,BBY,0.4839451044872751,63,6.747445014777611e-05,0,0,Internal
AOS,BF-B,0.5222771095246003,63,1.3372167147617741e-05,0,0,Internal
AOS,BIIB,0.4709304735879383,63,0.00011203745585646049,0,0,Internal
AOS,BLDR,0.6198851215090727,63,7.764586463428495e-08,0,0,Internal
AOS,BMY,0.446514357726917,63,0.00027504763728051666,0,0,Internal
AOS,CCI,0.44116531984278345,63,0.0003319075361451898,0,3,External
AOS,CHD,0.5385485728651065,63,6.326892379601071e-06,0,1,External
AOS,CL,0.40217292459374365,63,0.0011942051908643441,0,1,External
AOS,CLX,0.5123026488962333,63,2.0764111076738315e-05,0,0,Internal
AOS,COO,0.42051071701407294,63,0.0006665819283092311,0,0,Internal
AOS,CRL,0.49063270015844973,63,5.157943528755512e-05,0,0,Internal
AOS,D,0.4299152468705568,63,0.00048791502230960236,0,3,External
AOS,DHI,0.5352415002760617,63,7.389529944819442e-06,0,0,Internal
AOS,DHR,0.4610274604275859,63,0.0001625941268891071,0,0,Internal
AOS,DOC,0.5092534479202395,63,2.368914863100615e-05,0,0,Internal
AOS,DOV,0.558173078860267,63,2.432164341091555e-06,0,0,Internal
AOS,EXPD,0.45210546403715735,63,0.0002252473242841377,0,0,Internal
AOS,FRT,0.4073516868844136,63,0.0010162655742579564,0,1,External
AOS,FTV,0.53937850108834,63,6.083552311284246e-06,0,0,Internal
AOS,GIS,0.4456377028783134,63,0.00028371017512806234,0,0,Internal
AOS,GPC,0.48679011130843863,63,6.022890406856437e-05,0,0,Internal
AOS,HD,0.49004287575134026,63,5.282792303509308e-05,0,0,Internal
AOS,HUBB,0.4906083072492744,63,5.163052315595586e-05,0,0,Internal
AOS,IEX,0.5143762158900258,63,1.897039535315652e-05,0,0,Internal
AOS,IQV,0.4872054963246717,63,5.9233228330780444e-05,0,0,Internal
AOS,ITW,0.646902240393805,63,1.3422813022650295e-08,0,0,Internal
AOS,J,0.46606724045404735,63,0.00013471295357687276,0,0,Internal
AOS,JBHT,0.5472949593559487,63,4.162777505304399e-06,0,0,Internal
AOS,JKHY,0.4201820972371849,63,0.0006737801113851493,0,1,External
AOS,KHC,0.44584154311924123,63,0.0002816740220885539,0,1,External
AOS,KIM,0.424612532410193,63,0.000582413799020301,0,1,External
AOS,KMB,0.4061493158009906,63,0.0010552995146789344,0,3,External
AOS,LEN,0.5534423023835978,63,3.079659562507488e-06,0,0,Internal
AOS,LH,0.49236964668534094,63,4.8059326952598684e-05,0,3,External
AOS,LNT,0.42225890592044407,63,0.0006294471083928737,0,3,External
AOS,LOW,0.5094494890049772,63,2.3490163792899312e-05,0,0,Internal
AOS,MAS,0.6847604450367384,63,8.380513579113897e-10,0,0,Internal
AOS,MHK,0.6290044100003764,63,4.3752580645180714e-08,0,0,Internal
AOS,MKC,0.4231310116851879,63,0.0006116322092248854,0,1,External
AOS,MLM,0.4546849832778892,63,0.000205178545797868,0,0,Internal
AOS,MRK,0.40731425245181124,63,0.0010174609343850747,0,0,Internal
AOS,MTD,0.563344075536428,63,1.87121720094714e-06,0,0,Internal
AOS,NDSN,0.6113784912935385,63,1.3044371335928916e-07,0,0,Internal
AOS,NVR,0.6285135681830185,63,4.514584347951511e-08,0,0,Internal
AOS,NWSA,0.40701498790297,63,0.001027062769449231,0,4,External
AOS,ODFL,0.5033710843110073,63,3.0439160906869756e-05,0,0,Internal
AOS,OMC,0.4038799320518659,63,0.0011326754084144968,0,0,Internal
AOS,PAYX,0.419786257018922,63,0.0006825441718964796,0,1,External
AOS,PCAR,0.5002510192355586,63,3.470383363729697e-05,0,0,Internal
AOS,PEP,0.46084088662843403,63,0.00016372121674904439,0,1,External
AOS,PFE,0.5059457516447093,63,2.729115833894967e-05,0,0,Internal
AOS,PG,0.4356013909009676,63,0.00040224831449229615,0,1,External
AOS,PHM,0.5662394633805332,63,1.6125777267952378e-06,0,0,Internal
AOS,PNR,0.5590961663451215,63,2.321701640091937e-06,0,0,Internal
AOS,POOL,0.771186743270581,63,2.2470277556488257e-13,0,0,Internal
AOS,PPG,0.45263989259591864,63,0.00022094767453015855,0,0,Internal
AOS,RVTY,0.5353961285330439,63,7.336349497322656e-06,0,0,Internal
AOS,SHW,0.5343411119079482,63,7.706398435537549e-06,0,0,Internal
AOS,SNA,0.6519358194169216,63,9.492979765023357e-09,0,0,Internal
AOS,SPG,0.4036480991207921,63,0.0011408607795690784,0,0,Internal
AOS,SWK,0.5264003203685683,63,1.1102622249162944e-05,0,0,Internal
AOS,TECH,0.5088688107326202,63,2.4084110055379125e-05,0,0,Internal
AOS,TGT,0.45163870745293777,63,0.00022906499515046224,0,0,Internal
AOS,TMO,0.4364256384952126,63,0.0003910368047696105,0,0,Internal
AOS,TRMB,0.47874542549440774,63,8.283029996285465e-05,0,0,Internal
AOS,TROW,0.4758064441209535,63,9.287355816461445e-05,0,2,External
AOS,TSN,0.40887203457032106,63,0.0009687751756143902,0,1,External
AOS,URI,0.5742851702866463,63,1.0586205965365453e-06,0,0,Internal
AOS,VLTO,0.5627373897653802,63,1.9301165395981437e-06,0,3,External
AOS,VMC,0.5260992928579797,63,1.1255340425780344e-05,0,0,Internal
AOS,WAT,0.469066619096636,63,0.00012027718339958851,0,0,Internal
AOS,WST,0.5368451199633161,63,6.8550449936664375e-06,0,3,External
AOS,WY,0.5053295561497471,63,2.801583487177939e-05,0,0,Internal
APA,BKR,0.4578047945962699,63,0.00018309815504985116,2,2,Internal
APA,COP,0.7468119082863636,63,3.1851747575755666e-12,2,2,Internal
APA,CTRA,0.49430113198597164,63,4.440636145567223e-05,2,2,Internal
APA,CVX,0.6554609922824759,63,7.419364700661541e-09,2,2,Internal
APA,DVN,0.7719620802219384,63,2.0543445149118199e-13,2,2,Internal
APA,EOG,0.7165050322524482,63,5.822878330196426e-11,2,2,Internal
APA,FANG,0.6479823500432921,63,1.2467975725553068e-08,2,2,Internal
APA,HAL,0.6427725924835715,63,1.775058436100038e-08,2,2,Internal
APA,MPC,0.4042047926822022,63,0.0011212944969265792,2,2,Internal
APA,NDSN,0.42774635613200057,63,0.0005247394558554227,2,0,External
APA,NUE,0.40075506271598704,63,0.0012475828146092127,2,0,External
APA,OXY,0.8456003959720815,63,5.3046396139069436e-18,2,2,Internal
APA,PH,0.40535996644655736,63,0.0010816548008818535,2,0,External
APA,PSX,0.509723289822671,63,2.3214844253027322e-05,2,2,Internal
APA,SLB,0.5892795111980341,63,4.686123612342693e-07,2,2,Internal
APA,XOM,0.5993452022552417,63,2.6486661817324807e-07,2,2,Internal
APD,ARE,0.4463869369432755,63,0.0002762915382662065,0,0,Internal
APD,AVY,0.5411246273870818,63,5.599795281767469e-06,0,0,Internal
APD,BEN,0.43758839299197505,63,0.000375704411902945,0,0,Internal
APD,BF-B,0.43775506515294954,63,0.0003735520782698122,0,0,Internal
APD,BIIB,0.49657967220589,63,4.042755235084342e-05,0,0,Internal
APD,BLDR,0.4231989289151981,63,0.0006102642110509987,0,0,Internal
APD,CPT,0.45056895463438923,63,0.00023803890445662655,0,1,External
APD,CRL,0.44626971977098767,63,0.00027744036457262903,0,0,Internal
APD,CTVA,0.44290277393928024,63,0.000312360435282901,0,0,Internal
APD,DD,0.6583989874709888,63,6.026723758984849e-09,0,0,Internal
APD,DHR,0.40858708177243264,63,0.0009775205873892793,0,0,Internal
APD,DOV,0.41633694951427447,63,0.0007633967101998162,0,0,Internal
APD,DOW,0.46457097770370004,63,0.00014249398017736673,0,2,External
APD,EMR,0.43199282912584774,63,0.0004548592116667629,0,0,Internal
APD,ESS,0.4063597689829288,63,0.0010483712386689201,0,1,External
APD,FRT,0.4493686547424902,63,0.000248489822938682,0,1,External
APD,FTV,0.5051727815045729,63,2.820303296311552e-05,0,0,Internal
APD,GE,-0.451890282652796,63,0.00022700003493092045,0,7,External
APD,HOLX,0.46491963562383254,63,0.00014064486710413938,0,3,External
APD,HPQ,0.40736387534389,63,0.0010158766445801503,0,0,Internal
APD,IEX,0.41711302521618915,63,0.0007444851493088048,0,0,Internal
APD,IFF,0.5886264860338085,63,4.859595595921628e-07,0,0,Internal
APD,INVH,0.45349372946115,63,0.00021423384896144529,0,1,External
APD,ITW,0.4697638245775433,63,0.00011713192007803366,0,0,Internal
APD,J,0.5494027647083665,63,3.756636820517027e-06,0,0,Internal
APD,KEY,0.4370446539592003,63,0.00038280480262278924,0,2,External
APD,KMB,0.41355928898582267,63,0.0008346986768396804,0,3,External
APD,LDOS,0.4991275155576055,63,3.637032792487514e-05,0,0,Internal
APD,LEN,0.4093968846015191,63,0.0009528517377120049,0,0,Internal
APD,LIN,0.45883727182697454,63,0.00017628474359498083,0,3,External
APD,LOW,0.42252506443801485,63,0.000623960925251998,0,0,Internal
APD,LYB,0.5573516709225924,63,2.5345738176715888e-06,0,0,Internal
APD,MAA,0.43365073262839177,63,0.0004299564452022561,0,1,External
APD,MCHP,0.4015234562869179,63,0.0012183948150599317,0,2,External
APD,MHK,0.4002678606576549,63,0.0012664139800507349,0,0,Internal
APD,MKC,0.41055696056719576,63,0.0009184912566147518,0,1,External
APD,MLM,0.5060698663066718,63,2.714731107266389e-05,0,0,Internal
APD,MRK,0.46817226725275596,63,0.00012442542033007733,0,0,Internal
APD,MTD,0.4300000808749743,63,0.00048652361358422606,0,0,Internal
APD,NDSN,0.46485398442982223,63,0.00014099135728833833,0,0,Internal
APD,NFLX,-0.44944345159779936,63,0.00024782651798623,0,18,External
APD,NVR,0.4214968486310034,63,0.0006453976990092624,0,0,Internal
APD,PAYX,0.4153852911368605,63,0.000787179670465347,0,1,External
APD,PFE,0.5852323279866953,63,5.862679293386257e-07,0,0,Internal
APD,PHM,0.4420693789255753,63,0.0003216014922866313,0,0,Internal
APD,PKG,0.40041904282205,63,0.0012605433560840685,0,0,Internal
APD,PNC,0.4076821338476732,63,0.0010057685255594295,0,2,External
APD,PPG,0.6447927365762876,63,1.549065380597964e-08,0,0,Internal
APD,REGN,0.4923209736694625,63,4.8154867698483025e-05,0,0,Internal
APD,RF,0.4020417956964187,63,0.0011990539950174925,0,2,External
APD,ROK,0.418162628141195,63,0.0007195827328451208,0,0,Internal
APD,RVTY,0.43753238496390245,63,0.0003764302077001685,0,0,Internal
APD,SPG,0.44961728440498855,63,0.00024629120014565454,0,0,Internal
APD,STZ,0.411542224273958,63,0.0008901916399527845,0,0,Internal
APD,SWK,0.4326577213796561,63,0.00044471870962826997,0,0,Internal
APD,TAP,0.5036759473754839,63,3.0049603287953915e-05,0,0,Internal
APD,UDR,0.429566468547586,63,0.0004936736033346091,0,1,External
APD,VLTO,0.43095942448590435,63,0.0004710379457475526,0,3,External
APD,VMC,0.4416242677223879,63,0.00032663859995872953,0,0,Internal
APD,VTRS,0.41260107357093534,63,0.0008606586005246435,0,0,Internal
APD,WY,0.4217260569898754,63,0.0006405620501209348,0,0,Internal
APD,ZBH,0.4244463408727431,63,0.0005856271429760697,0,0,Internal
APH,BALL,-0.43075132411940764,63,0.000474358516077909,7,3,External
APH,BLDR,-0.4328895156375068,63,0.00044123216164752973,7,0,External
APH,CMG,-0.4581133965859581,63,0.00018103680707996122,7,2,External
APH,DOW,-0.5237468948088218,63,1.2517818122160865e-05,7,2,External
APH,FOX,-0.42756227810250047,63,0.0005279781610903455,7,4,External
APH,GE,0.4584217109513359,63,0.0001789986320155313,7,7,Internal
APH,HUM,-0.5061370639677036,63,2.7069723296568094e-05,7,8,External
APH,ITW,-0.4479379018476354,63,0.00026149434424539524,7,0,External
APH,LKQ,-0.4782486586832168,63,8.44543667262439e-05,7,2,External
APH,LW,-0.42593420437501645,63,0.0005574229738887232,7,0,External
APH,LYB,-0.5282609000872663,63,1.020067009908744e-05,7,0,External
APH,MKC,-0.43514544613655365,63,0.00040857508469594914,7,1,External
APH,MRNA,-0.43810963218498583,63,0.0003690106665625959,7,0,External
APH,MTD,-0.4548431372920228,63,0.00020400305024129378,7,0,External
APH,NUE,-0.42442495662842966,63,0.0005860417770987289,7,0,External
APH,NWS,-0.4418834682021175,63,0.0003236966742568779,7,4,External
APH,OMC,-0.461326297139006,63,0.00016080367247660172,7,0,External
APH,PHM,-0.40783968276756144,63,0.0010007983110514413,7,0,External
APH,PPG,-0.4911286522337641,63,5.055079585650922e-05,7,0,External
APH,PSA,-0.41698155445746804,63,0.0007476587189404318,7,1,External
APH,RVTY,-0.4015968399022756,63,0.001215639694895447,7,0,External
APH,SHW,-0.4781473110222099,63,8.478928013556732e-05,7,0,External
APH,TAP,-0.4433057215043363,63,0.0003079798298774968,7,0,External
APH,TXT,-0.5197601696408152,63,1.4962183773384775e-05,7,2,External
APH,WY,-0.4430431920671353,63,0.0003108274815542619,7,0,External
APH,ZBH,-0.42985855307558335,63,0.0004888469029932116,7,0,External
APTV,AVY,0.46185497320407426,63,0.00015768037400927109,0,0,Internal
APTV,BLDR,0.549793369707637,63,3.685563047127698e-06,0,0,Internal
APTV,CARR,0.417662489402217,63,0.0007313531764814042,0,3,External
APTV,CCL,0.43762846220927376,63,0.0003751859461159859,0,2,External
APTV,CEG,-0.43629557618557174,63,0.00039278680393313805,0,7,External
APTV,CHRW,0.4107211036899339,63,0.0009137209094651441,0,7,External
APTV,CMCSA,0.49744312205456637,63,3.900792071908602e-05,0,0,Internal
APTV,DD,0.4568822574162886,63,0.00018938925378698338,0,0,Internal
APTV,DOV,0.5416568254372688,63,5.459642899508208e-06,0,0,Internal
APTV,EXPD,0.5238354576961871,63,1.2467996014839655e-05,0,0,Internal
APTV,F,0.4873839875362602,63,5.8810069534359046e-05,0,0,Internal
APTV,FDX,0.4569454351778233,63,0.00018895218886700669,0,0,Internal
APTV,HBAN,0.4537013411309486,63,0.00021262984018100036,0,2,External
APTV,HII,0.41356039198572603,63,0.0008346692067927375,0,7,External
APTV,HON,0.416453793041058,63,0.000760521930138267,0,2,External
APTV,IEX,0.475164696882797,63,9.521055754371423e-05,0,0,Internal
APTV,ITW,0.5771457383514929,63,9.090254712515852e-07,0,0,Internal
APTV,JBHT,0.4935565634846876,63,4.578302360684059e-05,0,0,Internal
APTV,KEY,0.4677491769646523,63,0.0001264332579864237,0,2,External
APTV,LKQ,0.43254395866647344,63,0.0004464390293148177,0,2,External
APTV,LUV,0.46706822479539684,63,0.00012972739376727836,0,2,External
APTV,LYB,0.47474288171558143,63,9.677599032949081e-05,0,0,Internal
APTV,MAS,0.5977022290497298,63,2.9110642754710136e-07,0,0,Internal
APTV,NDSN,0.4389251460953725,63,0.0003587555732092417,0,0,Internal
APTV,ODFL,0.4714797888549695,63,0.00010970996806212936,0,0,Internal
APTV,PCAR,0.4181275716800368,63,0.000720402140239647,0,0,Internal
APTV,PNR,0.5196935994450835,63,1.5006529015905043e-05,0,0,Internal
APTV,PPG,0.5168268810879694,63,1.7036194810402924e-05,0,0,Internal
APTV,ROK,0.44152113557174394,63,0.00032781591575051905,0,0,Internal
APTV,SLB,0.4000014282679858,63,0.0012768198399725817,0,2,External
APTV,SWK,0.5048797374461548,63,2.855605530743767e-05,0,0,Internal
APTV,TFC,0.5288374809266292,63,9.935310505918829e-06,0,2,External
APTV,UPS,0.40344773601022044,63,0.0011479779238710269,0,0,Internal
APTV,WYNN,0.4618149291401858,63,0.0001579149834397812,0,2,External
ARE,AVB,0.44322964932814685,63,0.0003088025239422768,0,1,External
ARE,AVY,0.4558415713316775,63,0.00019672327412056893,0,0,Internal
ARE,BALL,0.4557517757504767,63,0.00019736812136853776,0,3,External
ARE,BAX,0.4038789946301321,63,0.0011327083993375136,0,1,External
ARE,BDX,0.418396340224325,63,0.0007141414917490674,0,0,Internal
ARE,BF-B,0.48782904723350057,63,5.7767062146084615e-05,0,0,Internal
ARE,BIIB,0.42428155104273946,63,0.0005888292573206958,0,0,Internal
ARE,BLDR,0.5974661619576391,63,2.950716645207851e-07,0,0,Internal
ARE,BMY,0.44081972099268385,63,0.0003359261979969527,0,0,Internal
ARE,BXP,0.6352552821655314,63,2.9209754797852294e-08,0,0,Internal
ARE,CAT,0.40455829745458793,63,0.0011090272367751633,0,0,Internal
ARE,CFG,0.4734643257566856,63,0.00010166676382918512,0,2,External
ARE,CLX,0.4134599266097392,63,0.0008373573114008943,0,0,Internal
ARE,CPB,0.4876916602005646,63,5.8087195791423304e-05,0,0,Internal
ARE,CPT,0.5127668310796433,63,2.034942225882609e-05,0,1,External
ARE,CRL,0.5884333388699613,63,4.912048867449142e-07,0,0,Internal
ARE,DD,0.6094965883259541,63,1.4600706525331705e-07,0,0,Internal
ARE,DHI,0.42467211164762225,63,0.0005812657244644198,0,0,Internal
ARE,DHR,0.5747655398259628,63,1.0319846438222379e-06,0,0,Internal
ARE,DOC,0.6247135216842029,63,5.744055813046088e-08,0,0,Internal
ARE,DOV,0.522731194917821,63,1.3102601731985481e-05,0,0,Internal
ARE,DOW,0.4664559955403317,63,0.00013275617189153192,0,2,External
ARE,DVA,0.5827498280536713,63,6.716125169044763e-07,0,0,Internal
ARE,EQR,0.4904371028205028,63,5.199040618040321e-05,0,1,External
ARE,ESS,0.5047314326197524,63,2.8736269874676738e-05,0,1,External
ARE,EXR,0.48915855514842715,63,5.4752130432975585e-05,0,1,External
ARE,FRT,0.5451768631334065,63,4.611911006815432e-06,0,1,External
ARE,FTV,0.5481060323046195,63,4.001873528979552e-06,0,0,Internal
ARE,GIS,0.4957824689083812,63,4.178053135122748e-05,0,0,Internal
ARE,GPC,0.46581893131377455,63,0.00013597662746040224,0,0,Internal
ARE,HBAN,0.43604491700696363,63,0.0003961795733858833,0,2,External
ARE,HD,0.4527555941535423,63,0.00022002676244149984,0,0,Internal
ARE,HPQ,0.5080145526731495,63,2.4983230930592375e-05,0,0,Internal
ARE,HST,0.5507362313802635,63,3.519143008712733e-06,0,2,External
ARE,IEX,0.4347642060097396,63,0.00041393462648625477,0,0,Internal
ARE,IFF,0.67425017887773,63,1.8850674206559435e-09,0,0,Internal
ARE,INVH,0.424528981032638,63,0.0005840272753181255,0,1,External
ARE,IQV,0.5086784350951957,63,2.4281846000097057e-05,0,0,Internal
ARE,ITW,0.5226930033747513,63,1.31250778833464e-05,0,0,Internal
ARE,JBHT,0.4605315114047966,63,0.00016560594558186014,0,0,Internal
ARE,KEY,0.5764231694755696,63,9.448179582917751e-07,0,2,External
ARE,KEYS,0.49711592593857307,63,3.9540361470102634e-05,0,0,Internal
ARE,KHC,0.44220081321135674,63,0.00032012772210727027,0,1,External
ARE,KIM,0.5353394354977543,63,7.355806081525563e-06,0,1,External
ARE,LEN,0.47903330267034017,63,8.190236342892918e-05,0,0,Internal
ARE,LOW,0.42813843082875025,63,0.0005179012776184204,0,0,Internal
ARE,LUV,0.43104051129216353,63,0.00046974980879820906,0,2,External
ARE,LW,0.45529792993637463,63,0.00020065702519333424,0,0,Internal
ARE,LYB,0.506832208168591,63,2.6279063312329995e-05,0,0,Internal
ARE,MAA,0.5041904238420252,63,2.940265249093674e-05,0,1,External
ARE,MAS,0.5238137886435229,63,1.2480169133668053e-05,0,0,Internal
ARE,MHK,0.575367680088007,63,9.994839414349717e-07,0,0,Internal
ARE,MLM,0.41316126602649844,63,0.0008453947049555987,0,0,Internal
ARE,MPC,0.43263263234729904,63,0.0004450975868837775,0,2,External
ARE,MRK,0.46169855811907856,63,0.00015859859391400232,0,0,Internal
ARE,MRNA,0.5521974539531498,63,3.275040259430408e-06,0,0,Internal
ARE,MTD,0.6357946231010463,63,2.8196980193276257e-08,0,0,Internal
ARE,NDSN,0.5662666739134457,63,1.61031414891341e-06,0,0,Internal
ARE,NFLX,-0.45352146120503184,63,0.0002140189545877446,0,18,External
ARE,NVR,0.4784326882831735,63,8.384933496508773e-05,0,0,Internal
ARE,ODFL,0.4261435646941151,63,0.0005535548306531838,0,0,Internal
ARE,OMC,0.5165973830534292,63,1.7209235884684392e-05,0,0,Internal
ARE,PCAR,0.474262658627465,63,9.858699139791379e-05,0,0,Internal
ARE,PFE,0.5648315799211477,63,1.733846563265427e-06,0,0,Internal
ARE,PH,0.47317345449285564,63,0.0001028106932833475,0,0,Internal
ARE,PHM,0.5139304163390616,63,1.9343435015897766e-05,0,0,Internal
ARE,PKG,0.40296295786955066,63,0.0011653635614799242,0,0,Internal
ARE,PLD,0.6089582493196153,63,1.5077116967608274e-07,0,1,External
ARE,PNC,0.45760692385500407,63,0.00018443114859102364,0,2,External
ARE,PNR,0.4867425152912436,63,6.0343972184487605e-05,0,0,Internal
ARE,POOL,0.5465345073192109,63,4.3191070379359094e-06,0,0,Internal
ARE,PPG,0.5440514618785988,63,4.86856190076564e-06,0,0,Internal
ARE,PSA,0.4782199912499016,63,8.454897734425731e-05,0,1,External
ARE,REG,0.4348024156336515,63,0.00041339459821260644,0,1,External
ARE,REGN,0.4059571211847751,63,0.0010616627409621147,0,0,Internal
ARE,ROK,0.5460092403883133,63,4.430270193488545e-06,0,0,Internal
ARE,RVTY,0.6752272868130316,63,1.750656047846865e-09,0,0,Internal
ARE,SHW,0.4096142257682233,63,0.0009463272795224169,0,0,Internal
ARE,SLB,0.5336277542146046,63,7.966384112951559e-06,0,2,External
ARE,SPG,0.49166909731391384,63,4.9451467872335e-05,0,0,Internal
ARE,STZ,0.43650636388349495,63,0.0003899542117887264,0,0,Internal
ARE,SW,0.6128561333294038,63,1.1933384664906012e-07,0,0,Internal
ARE,SWK,0.5985726632522611,63,2.7691461382038875e-07,0,0,Internal
ARE,TECH,0.6148538609675416,63,1.0572578371617252e-07,0,0,Internal
ARE,TFC,0.5459700578125425,63,4.438668601987292e-06,0,2,External
ARE,TMO,0.5837372977066857,63,6.36355580458186e-07,0,0,Internal
ARE,TXT,0.47118220957491636,63,0.00011096525608505616,0,2,External
ARE,UDR,0.41457117304098207,63,0.0008080550472757186,0,1,External
ARE,UPS,0.40206438287132557,63,0.0011982175187959527,0,0,Internal
ARE,VICI,0.4903031591183615,63,5.227357815407201e-05,0,3,External
ARE,WAT,0.4265831980441129,63,0.0005455113491645681,0,0,Internal
ARE,WMT,-0.4050806826539617,63,0.0010911208476828448,0,3,External
ARE,WY,0.6006744610823327,63,2.452830776738053e-07,0,0,Internal
ATO,AWK,0.672363319238908,63,2.1728154683871043e-09,3,3,Internal
ATO,BALL,0.42449340875720026,63,0.0005847154481450521,3,3,Internal
ATO,BDX,0.482475202586489,63,7.152510529958328e-05,3,0,External
ATO,CB,0.4150715376066342,63,0.0007951663710661976,3,3,Internal
ATO,CCI,0.48962831090554737,63,5.372207054151823e-05,3,3,Internal
ATO,CL,0.40665161936976674,63,0.0010388311798908319,3,1,External
ATO,CMS,0.5857714760981778,63,5.691316171097297e-07,3,3,Internal
ATO,CNP,0.644641653078911,63,1.564977281672925e-08,3,3,Internal
ATO,CTAS,0.4009781175933099,63,0.0012390457671014724,3,3,Internal
ATO,D,0.5143689318431504,63,1.8976436525815924e-05,3,3,Internal
ATO,DTE,0.6754894737873705,63,1.7161679640133222e-09,3,3,Internal
ATO,DUK,0.6491522549069535,63,1.1506426172277913e-08,3,3,Internal
ATO,ED,0.7056215872828117,63,1.511249974810985e-10,3,3,Internal
ATO,ES,0.5605890865766727,63,2.152929517549716e-06,3,3,Internal
ATO,ETR,0.6233690701648492,63,6.250158183144696e-08,3,3,Internal
ATO,EVRG,0.5400357026215472,63,5.897078396721228e-06,3,3,Internal
ATO,EXC,0.6722204680997552,63,2.19621841187949e-09,3,3,Internal
ATO,FE,0.5534034774608155,63,3.0855849326100117e-06,3,3,Internal
ATO,KO,0.4634726355852447,63,0.00014846587767255803,3,3,Internal
ATO,LNT,0.6456936892272129,63,1.4573105731335779e-08,3,3,Internal
ATO,NI,0.582874188364459,63,6.670735017806974e-07,3,3,Internal
ATO,O,0.46870081397536834,63,0.000121958279773666,3,3,Internal
ATO,PEG,0.5167975748207573,63,1.705820134558667e-05,3,3,Internal
ATO,PNW,0.6529289087075958,63,8.859117130315259e-09,3,3,Internal
ATO,PPL,0.5862059298064879,63,5.556663674580262e-07,3,3,Internal
ATO,ROL,0.4217963764477181,63,0.0006390851051246725,3,3,Internal
ATO,SBAC,0.5022538307945746,63,3.1907123984439704e-05,3,3,Internal
ATO,SO,0.7095467203010439,63,1.0767875241077126e-10,3,3,Internal
ATO,SRE,0.6229557522639271,63,6.41401712815579e-08,3,3,Internal
ATO,STE,0.5031903497285966,63,3.0672308205688815e-05,3,0,External
ATO,TMUS,0.42129963350979577,63,0.000649584835762468,3,3,Internal
ATO,VICI,0.4487421776315971,63,0.0002541095168655987,3,3,Internal
ATO,VZ,0.414471113399571,63,0.000810654993782276,3,3,Internal
ATO,WEC,0.6628541613266679,63,4.377877987287156e-09,3,3,Internal
ATO,WELL,0.41722178578578006,63,0.0007418690004348432,3,3,Internal
ATO,WM,0.45962167092505163,63,0.00017126459771191937,3,3,Internal
ATO,WRB,0.4121157647754069,63,0.000874082951424158,3,3,Internal
ATO,XEL,0.47430037345332937,63,9.844364238704565e-05,3,3,Internal
ATO,ZBH,0.47787793496362707,63,8.568541405761369e-05,3,0,External
AVB,AVY,0.43221037007744095,63,0.0004515185096445814,1,0,External
AVB,BAX,0.6002950512411518,63,2.507291579277402e-07,1,1,Internal
AVB,BMY,0.4419746131736339,63,0.00032266793547622427,1,0,External
AVB,BXP,0.5014128407123651,63,3.3055040933392385e-05,1,0,External
AVB,CAG,0.4385606305849613,63,0.00036330682345890077,1,0,External
AVB,CBRE,0.48588716552403666,63,6.244675081539448e-05,1,1,Internal
AVB,CEG,-0.4024264435057736,63,0.00118488075237373,1,7,External
AVB,CHD,0.567601685840181,63,1.5028417562480397e-06,1,1,Internal
AVB,CI,0.5036911674173481,63,3.0030276469303274e-05,1,1,Internal
AVB,CINF,0.5259455127382326,63,1.1334108478921597e-05,1,3,External
AVB,CL,0.5029772393181938,63,3.094934423337989e-05,1,1,Internal
AVB,CPB,0.42638447092772946,63,0.0005491340039200319,1,0,External
AVB,CPT,0.8869108210865303,63,8.639073594800933e-22,1,1,Internal
AVB,DD,0.44054654641544316,63,0.00033913403981592014,1,0,External
AVB,DHR,0.4220657321709159,63,0.0006334562428240613,1,0,External
AVB,DOC,0.4313775071709759,63,0.0004644305653947654,1,0,External
AVB,DVA,0.4097768483590152,63,0.0009414718485717862,1,0,External
AVB,EPAM,0.4024656172101132,63,0.0011834458036678623,1,1,Internal
AVB,EQIX,0.5699921292823287,63,1.3269998522181322e-06,1,1,Internal
AVB,EQR,0.9331071250151152,63,2.449980183207979e-28,1,1,Internal
AVB,ESS,0.8771452407022141,63,8.966100312898926e-21,1,1,Internal
AVB,EXR,0.7358592025505422,63,9.528224049886785e-12,1,1,Internal
AVB,FRT,0.6782370667522801,63,1.391476101246909e-09,1,1,Internal
AVB,FTV,0.611840956091616,63,1.2686592101398835e-07,1,0,External
AVB,GIS,0.46907450283741675,63,0.00012024118833424848,1,0,External
AVB,GPC,0.49606659072290377,63,4.1293603171000965e-05,1,0,External
AVB,GRMN,0.5497059012857385,63,3.7013686341939873e-06,1,1,Internal
AVB,HD,0.4710943984499571,63,0.00011133818734837253,1,0,External
AVB,IEX,0.5156832769815365,63,1.791479247071473e-05,1,0,External
AVB,INVH,0.8477662660290624,63,3.587697052784138e-18,1,1,Internal
AVB,IP,0.4662924424340642,63,0.0001335762071154167,1,1,Internal
AVB,IQV,0.42010601176585366,63,0.0006754567171152905,1,0,External
AVB,KHC,0.611665465067217,63,1.282125528936789e-07,1,1,Internal
AVB,KIM,0.6488416878380263,63,1.1754602010607098e-08,1,1,Internal
AVB,LOW,0.44497300382789223,63,0.0002904435483957085,1,0,External
AVB,MAA,0.8814383757307024,63,3.2877437726476817e-21,1,1,Internal
AVB,MAR,0.4021519645196951,63,0.0011949790523465976,1,0,External
AVB,MDLZ,0.4131391200339281,63,0.0008459934538513511,1,1,Internal
AVB,META,-0.5328947238626414,63,8.242032631695423e-06,1,7,External
AVB,MHK,0.49218346206137115,63,4.8425739495341045e-05,1,0,External
AVB,MKC,0.561277044825065,63,2.0790844376238964e-06,1,1,Internal
AVB,MSFT,-0.5885605585384295,63,4.877440181204794e-07,1,7,External
AVB,MTD,0.4420636963470524,63,0.0003216653502710787,1,0,External
AVB,NVDA,-0.4303280894547712,63,0.00048117762634041655,1,7,External
AVB,O,0.48829397029643073,63,5.669575607210431e-05,1,3,External
AVB,OMC,0.4906717294158545,63,5.149779052421565e-05,1,0,External
AVB,PAYX,0.511360867661682,63,2.1629670055840364e-05,1,1,Internal
AVB,PEP,0.4175453536221851,63,0.000734134958297156,1,1,Internal
AVB,PFE,0.46258802115362346,63,0.00015344169769540501,1,0,External
AVB,PG,0.4092819572211783,63,0.0009563181794274901,1,1,Internal
AVB,PHM,0.4203067190189376,63,0.0006710421118086541,1,0,External
AVB,PLD,0.6286518695153939,63,4.474909096655422e-08,1,1,Internal
AVB,POOL,0.41357190918523606,63,0.0008343615454375726,1,0,External
AVB,PPG,0.43829766041686735,63,0.000366622802583838,1,0,External
AVB,PSA,0.7897288318410903,63,2.3793257799722118e-14,1,1,Internal
AVB,REG,0.48290412091339335,63,7.032055222710537e-05,1,1,Internal
AVB,RSG,0.40842683979791555,63,0.0009824697675662921,1,3,External
AVB,RVTY,0.4617973877292212,63,0.00015801785552935498,1,0,External
AVB,SPG,0.5912724303897612,63,4.1920006023561233e-07,1,0,External
AVB,STZ,0.448801404766191,63,0.00025357330299516107,1,0,External
AVB,SYK,0.4099635364366524,63,0.0009359256300820113,1,1,Internal
AVB,TECH,0.42233771606684134,63,0.0006278180972737649,1,0,External
AVB,TSN,0.4428532321906592,63,0.0003129029296382923,1,1,Internal
AVB,UDR,0.837732386735024,63,2.0914348681478436e-17,1,1,Internal
AVB,WDC,-0.40151617683287605,63,0.001218668421635405,1,7,External
AVB,WY,0.5616021399535546,63,2.045019754770327e-06,1,0,External
AVGO,CPAY,-0.42043124286243516,63,0.0006683163362773877,7,2,External
AVGO,ETN,0.409713951630086,63,0.0009433470859428817,7,7,Internal
AVGO,HOLX,-0.4003995872043429,63,0.0012612974707944845,7,3,External
AVGO,KVUE,-0.4415493827101483,63,0.00032749307340083716,7,3,External
AVGO,LULU,-0.5772654213058112,63,9.032211943216733e-07,7,2,External
AVGO,MA,-0.42268512085858323,63,0.0006206826787108404,7,3,External
AVGO,MET,-0.501125904788766,63,3.345536199679671e-05,7,3,External
AVGO,MMC,-0.4035354063898924,63,0.001144858857583998,7,3,External
AVGO,ORCL,0.6057303058161931,63,1.8255352452492959e-07,7,7,Internal
AVGO,PAYX,-0.4149604368091267,63,0.0007980120016988381,7,1,External
AVGO,PFG,-0.4866038360732982,63,6.0680400471199945e-05,7,3,External
AVGO,PRU,-0.4562492033788595,63,0.00019382013884583737,7,3,External
AVGO,SNPS,-0.4919288772464221,63,4.893094169428787e-05,7,1,External
AVGO,SYK,-0.4396902261765305,63,0.0003493714930097524,7,1,External
AVGO,V,-0.49865384497175863,63,3.7094862086723494e-05,7,3,External
AVGO,WFC,-0.45883290682015215,63,0.00017631305296491201,7,2,External
AVY,AWK,0.4334334198711412,63,0.00043314840258293884,0,3,External
AVY,BALL,0.5295792842863668,63,9.60335640953232e-06,0,3,External
AVY,BBY,0.6135509662877832,63,1.1442373887955231e-07,0,0,Internal
AVY,BDX,0.5435852804489941,63,4.978729620859431e-06,0,0,Internal
AVY,BEN,0.447881479101669,63,0.00026201970406719175,0,0,Internal
AVY,BF-B,0.5946692057076641,63,3.460880060676981e-07,0,0,Internal
AVY,BIIB,0.5080731630525867,63,2.4920562148797915e-05,0,0,Internal
AVY,BLDR,0.6136757008159534,63,1.1356270486939396e-07,0,0,Internal
AVY,BMY,0.5213086004011891,63,1.3964428451127406e-05,0,0,Internal
AVY,CAG,0.518765574402534,63,1.5637578458157527e-05,0,0,Internal
AVY,CEG,-0.5697560146075291,63,1.3434694949863987e-06,0,7,External
AVY,CHD,0.5506667603537894,63,3.5311612874585096e-06,0,1,External
AVY,CL,0.50079248077398,63,3.39261758763031e-05,0,1,External
AVY,CLX,0.48603139834010584,63,6.20874987700412e-05,0,0,Internal
AVY,COO,0.4408047664182552,63,0.0003361010886306374,0,0,Internal
AVY,CPAY,0.4400260794534123,63,0.0003453232015932863,0,2,External
AVY,CPT,0.4619784820294688,63,0.00015695877461205642,0,1,External
AVY,CTSH,0.41554610989873736,63,0.0007831141661814192,0,1,External
AVY,CTVA,0.4046128394294209,63,0.001107145337789665,0,0,Internal
AVY,D,0.4579664456731487,63,0.0001820157188638365,0,3,External
AVY,DD,0.7066619295272817,63,1.382144989387322e-10,0,0,Internal
AVY,DHI,0.5062780037292846,63,2.6907658296466534e-05,0,0,Internal
AVY,DHR,0.49757994944363226,63,3.878723633178252e-05,0,0,Internal
AVY,DOC,0.5125403145735383,63,2.0550816990864607e-05,0,0,Internal
AVY,DOV,0.6485080734824481,63,1.2026835421412862e-08,0,0,Internal
AVY,DOW,0.524521440135633,63,1.2088287093843018e-05,0,2,External
AVY,EPAM,0.4279202422772201,63,0.0005216966509620584,0,1,External
AVY,EQR,0.4579043483917145,63,0.0001824308347998488,0,1,External
AVY,ESS,0.4890715489910685,63,5.4944903269530185e-05,0,1,External
AVY,EXPD,0.4613006769143664,63,0.0001609564623276562,0,0,Internal
AVY,EXPE,0.40246244740577075,63,0.001183561856677386,0,0,Internal
AVY,F,0.5162096818429838,63,1.750527346451282e-05,0,0,Internal
AVY,FDX,0.4385369093925187,63,0.00036360481568686767,0,0,Internal
AVY,FRT,0.44771721499459355,63,0.0002635546844343716,0,1,External
AVY,FTV,0.6327193941529653,63,3.444996518602944e-08,0,0,Internal
AVY,GE,-0.5234756046840651,63,1.2671589925948321e-05,0,7,External
AVY,GIS,0.6293882750315714,63,4.269137504211286e-08,0,0,Internal
AVY,GPC,0.5636155311307708,63,1.8454118506701544e-06,0,0,Internal
AVY,HAS,0.45341991620566957,63,0.00021480679327820398,0,0,Internal
AVY,HD,0.5910302003652724,63,4.2493310667328666e-07,0,0,Internal
AVY,HLT,0.41013957541120466,63,0.0009307228201943454,0,0,Internal
AVY,HPQ,0.4705479306445466,63,0.00011368503327162266,0,0,Internal
AVY,HRL,0.4937064832932333,63,4.5502700049401774e-05,0,0,Internal
AVY,HST,0.4799880271339718,63,7.889301888833723e-05,0,2,External
AVY,HWM,-0.4045240734272685,63,0.001110209563056212,0,7,External
AVY,IEX,0.6194903287381172,63,7.956524825771628e-08,0,0,Internal
AVY,IFF,0.6159313854680577,63,9.900726087122128e-08,0,0,Internal
AVY,INVH,0.5043035559908365,63,2.9262130792940584e-05,0,1,External
AVY,IQV,0.44642986869062395,63,0.00027587185935283836,0,0,Internal
AVY,ITW,0.7270757373938831,63,2.208200025906103e-11,0,0,Internal
AVY,J,0.4623284794987613,63,0.00015493033605484623,0,0,Internal
AVY,JBHT,0.6749613282873351,63,1.7863116108853649e-09,0,0,Internal
AVY,KEY,0.4037984120859754,63,0.001135547599152767,0,2,External
AVY,KHC,0.4422013912315823,63,0.0003201212544050355,0,1,External
AVY,KIM,0.4173570261260384,63,0.0007386275088097442,0,1,External
AVY,KMB,0.530382510248072,63,9.25557400223899e-06,0,3,External
AVY,LDOS,0.4380892577860457,63,0.0003692702601946069,0,0,Internal
AVY,LEN,0.5877333667446475,63,5.106632326615477e-07,0,0,Internal
AVY,LKQ,0.4343489702977502,63,0.0004198448205210363,0,2,External
AVY,LOW,0.6188019815344745,63,8.301929769012945e-08,0,0,Internal
AVY,LYB,0.5526934093189956,63,3.1958511645605758e-06,0,0,Internal
AVY,MAA,0.43752148252643347,63,0.0003765716384185615,0,1,External
AVY,MAR,0.42539875995513154,63,0.0005674277123318854,0,0,Internal
AVY,MAS,0.6718366661413331,63,2.2602859034072907e-09,0,0,Internal
AVY,MDLZ,0.510981117890167,63,2.198805878232326e-05,0,1,External
AVY,MGM,0.42250847485586845,63,0.0006243016063599426,0,2,External
AVY,MHK,0.6353445877618323,63,2.9039715246880642e-08,0,0,Internal
AVY,MKC,0.5489760358770415,63,3.835745653230281e-06,0,1,External
AVY,MLM,0.41319301114133533,63,0.0008445370979246566,0,0,Internal
AVY,MMM,0.5275271959658983,63,1.0547879968044291e-05,0,0,Internal
AVY,MRK,0.5399221951451485,63,5.9288993593598476e-06,0,0,Internal
AVY,MRNA,0.4275053927144072,63,0.0005289826791725602,0,0,Internal
AVY,MTD,0.6143498298680125,63,1.0901395827780381e-07,0,0,Internal
AVY,NDSN,0.6664443889821574,63,3.3704475275599223e-09,0,0,Internal
AVY,NFLX,-0.4137800376491925,63,0.0008288194022398388,0,18,External
AVY,NUE,0.47068756822495667,63,0.00011308106362079223,0,0,Internal
AVY,NVDA,-0.49838926257545624,63,3.750536058119298e-05,0,7,External
AVY,NVR,0.5758363286094278,63,9.748554225180774e-07,0,0,Internal
AVY,NXPI,0.42377509269998426,63,0.0005987701767006411,0,2,External
AVY,ODFL,0.6116036603485083,63,1.286900109962102e-07,0,0,Internal
AVY,OMC,0.5067165896357737,63,2.6409066939386794e-05,0,0,Internal
AVY,PAYX,0.40305563371339553,63,0.0011620217013763817,0,1,External
AVY,PCAR,0.5570483835942233,63,2.573395247011756e-06,0,0,Internal
AVY,PEP,0.49272937962234403,63,4.735861480072026e-05,0,1,External
AVY,PFE,0.6567610544487126,63,6.7692014402811016e-09,0,0,Internal
AVY,PG,0.46960056225894764,63,0.00011786158307583612,0,1,External
AVY,PHM,0.5870959104560026,63,5.290115762334369e-07,0,0,Internal
AVY,PKG,0.6065313942569623,63,1.741245636256782e-07,0,0,Internal
AVY,PLD,0.44086799315014363,63,0.00033536223120864134,0,1,External
AVY,PNC,0.44094178689388985,63,0.0003345017624545367,0,2,External
AVY,PNR,0.608110316880186,63,1.585731229440098e-07,0,0,Internal
AVY,PNW,0.48852207696752736,63,5.6176870651832496e-05,0,3,External
AVY,POOL,0.671752196956903,63,2.274622329227033e-09,0,0,Internal
AVY,PPG,0.7279726120403073,63,2.0296087290183166e-11,0,0,Internal
AVY,PSA,0.4167973534589545,63,0.0007521257369916112,0,1,External
AVY,ROK,0.42591423267660683,63,0.0005577932499831737,0,0,Internal
AVY,RVTY,0.6120718309766381,63,1.2511459647940308e-07,0,0,Internal
AVY,SHW,0.6214172166483596,63,7.060300329117868e-08,0,0,Internal
AVY,SJM,0.49578542238624734,63,4.1775442491153255e-05,0,0,Internal
AVY,SLB,0.49116327738975124,63,5.047969317028022e-05,0,2,External
AVY,SNA,0.47534643603230625,63,9.454330021069538e-05,0,0,Internal
AVY,SPG,0.5169419858610971,63,1.6950015670059077e-05,0,0,Internal
AVY,STZ,0.505600519070484,63,2.769500076928555e-05,0,0,Internal
AVY,SW,0.513572332785096,63,1.9647992482596948e-05,0,0,Internal
AVY,SWK,0.6340560317035515,63,3.158626909776757e-08,0,0,Internal
AVY,SWKS,0.44025180911524175,63,0.00034262638992422546,0,1,External
AVY,TAP,0.5369681624867843,63,6.81556045339446e-06,0,0,Internal
AVY,TECH,0.49944802958681445,63,3.588751546490657e-05,0,0,Internal
AVY,TFC,0.4786670050104527,63,8.308475132024174e-05,0,2,External
AVY,TGT,0.4313031343353955,63,0.00046559975657346346,0,0,Internal
AVY,TMO,0.4345926593783377,63,0.00041636706829427454,0,0,Internal
AVY,TSN,0.6187784765321999,63,8.31397041764076e-08,0,1,External
AVY,TXT,0.47012532806950064,63,0.00011553101210480529,0,2,External
AVY,UDR,0.46905678218774216,63,0.00012032210999401718,0,1,External
AVY,UPS,0.5234679815162462,63,1.2675936124622907e-05,0,0,Internal
AVY,VICI,0.4134155771933741,63,0.0008385464355231211,0,3,External
AVY,VLTO,0.40916623782988476,63,0.0009598200064344239,0,3,External
AVY,VMC,0.4512275112523194,63,0.00023247716139791294,0,0,Internal
AVY,VTRS,0.5657077768207014,63,1.657409865529146e-06,0,0,Internal
AVY,WAT,0.4622889597749724,63,0.0001551581655652571,0,0,Internal
AVY,WY,0.6746995404473926,63,1.8220803018994835e-09,0,0,Internal
AVY,ZBH,0.5802489686476169,63,7.692817290396273e-07,0,0,Internal
AVY,ZTS,0.4961871657605587,63,4.1088551707516745e-05,0,3,External
AWK,BALL,0.6094605467896096,63,1.4632153701075705e-07,3,3,Internal
AWK,BDX,0.4520265914019309,63,0.00022588832108088382,3,0,External
AWK,CB,0.44248063359569356,63,0.00031701059901311044,3,3,Internal
AWK,CCI,0.5502889835598814,63,3.597189460719138e-06,3,3,Internal
AWK,CINF,0.4024600930434829,63,0.0011836480613202454,3,3,Internal
AWK,CMS,0.5964378669454539,63,3.1294418042415166e-07,3,3,Internal
AWK,CNP,0.4400263582640868,63,0.00034531985871709414,3,3,Internal
AWK,CTAS,0.4242502787623932,63,0.0005894387148309526,3,3,Internal
AWK,D,0.6495322965712164,63,1.1209478664686611e-08,3,3,Internal
AWK,DGX,0.4614560607788417,63,0.00016003184914274593,3,3,Internal
AWK,DHI,0.44076575260175266,63,0.0003365577379561447,3,0,External
AWK,DPZ,0.43355805310438833,63,0.00043131512438784745,3,3,Internal
AWK,DTE,0.5921156697416529,63,3.998044114971349e-07,3,3,Internal
AWK,DUK,0.5626122862013955,63,1.9424758988307234e-06,3,3,Internal
AWK,ED,0.6891258538698684,63,5.925395568824301e-10,3,3,Internal
AWK,EIX,0.4211731110857923,63,0.0006522840210862348,3,3,Internal
AWK,EQR,0.4308857391257229,63,0.00047221128800730187,3,1,External
AWK,ES,0.4947269227342413,63,4.3636396853939156e-05,3,3,Internal
AWK,ETR,0.4404768326971472,63,0.0003399571364995431,3,3,Internal
AWK,EVRG,0.49806285346634316,63,3.8017571859572525e-05,3,3,Internal
AWK,EXC,0.5839093423864883,63,6.30393490356482e-07,3,3,Internal
AWK,FE,0.5455304653504086,63,4.533915193159512e-06,3,3,Internal
AWK,FIS,0.4744123733323879,63,9.80190752419199e-05,3,3,Internal
AWK,GIS,0.4209295900257055,63,0.0006575078417869095,3,0,External
AWK,HAS,0.4145654343168051,63,0.0008082039580258899,3,0,External
AWK,HSIC,0.5663616699270235,63,1.6024349679093265e-06,3,3,Internal
AWK,INVH,0.4271390805913882,63,0.0005354929295518419,3,1,External
AWK,IT,0.42732885546295574,63,0.0005321111457148995,3,3,Internal
AWK,JNJ,0.46891963489528826,63,0.00012095008967209363,3,3,Internal
AWK,KMB,0.5714515169174288,63,1.2293283640543164e-06,3,3,Internal
AWK,KO,0.4197575874226261,63,0.0006831829208444723,3,3,Internal
AWK,L,0.4172591824387692,63,0.0007409713779032896,3,3,Internal
AWK,LEN,0.4341927377988196,63,0.000422088341073026,3,0,External
AWK,LNT,0.6330382252828664,63,3.374541460040257e-08,3,3,Internal
AWK,MCD,0.48352313051839135,63,6.861509791010741e-05,3,3,Internal
AWK,MKC,0.5077468822412826,63,2.5271297064013585e-05,3,1,External
AWK,NVR,0.41036129719766723,63,0.0009242070241778358,3,0,External
AWK,O,0.5291906342534756,63,9.775966196909625e-06,3,3,Internal
AWK,PAYC,0.435108396822486,63,0.0004090931456594338,3,1,External
AWK,PAYX,0.420527272350796,63,0.0006662211457883994,3,1,External
AWK,PEP,0.41431634466584694,63,0.0008146914007454753,3,1,External
AWK,PHM,0.4385870682349177,63,0.0003629749685526283,3,0,External
AWK,PNW,0.6312645637443394,63,3.784493916042895e-08,3,3,Internal
AWK,PPL,0.44295103118755663,63,0.0003118328316497009,3,3,Internal
AWK,PSA,0.5131834573873995,63,1.9983775044642622e-05,3,1,External
AWK,RMD,0.5275955830035499,63,1.051505851746245e-05,3,3,Internal
AWK,SBAC,0.6148810671434681,63,1.0555098450199427e-07,3,3,Internal
AWK,SHW,0.48123926056869587,63,7.510323373708168e-05,3,0,External
AWK,SO,0.696695942122555,63,3.201372747362706e-10,3,3,Internal
AWK,STE,0.4009456841525081,63,0.0012402838267272015,3,0,External
AWK,TSN,0.43465023957942045,63,0.0004155491644897244,3,1,External
AWK,VICI,0.5680001528338448,63,1.4720898018270165e-06,3,3,Internal
AWK,VRTX,0.4479433361343629,63,0.0002614437957091685,3,3,Internal
AWK,VZ,0.4182074289124871,63,0.0007185367908426455,3,3,Internal
AWK,WEC,0.6129172526775215,63,1.1889410059945461e-07,3,3,Internal
AWK,WM,0.40723941273041386,63,0.001019854526930819,3,3,Internal
AWK,XEL,0.41002798418770425,63,0.000934017845790939,3,3,Internal
AWK,YUM,0.4521357977807314,63,0.00022500124566874949,3,3,Internal
AWK,ZBH,0.4361312565323496,63,0.0003950079336074044,3,0,External
AWK,ZBRA,0.43572841277933666,63,0.0004005016914269161,3,3,Internal
AWK,ZTS,0.6116618931958926,63,1.2824010104739587e-07,3,3,Internal
AXON,BALL,-0.4825461526841628,63,7.132454877706952e-05,3,3,Internal
AXON,BR,0.4851079942620758,63,6.442087489655593e-05,3,3,Internal
AXON,DPZ,-0.43859581707416795,63,0.0003628652108091021,3,3,Internal
AXON,FIS,-0.5607067496739543,63,2.140128097049213e-06,3,3,Internal
AXON,HSIC,-0.5169332907712054,63,1.6956511537974826e-05,3,3,Internal
AXON,IT,-0.6075405697706667,63,1.6402739196145996e-07,3,3,Internal
AXON,TDG,-0.43230402855311684,63,0.00045008711208547355,3,3,Internal
AXON,VRTX,-0.6063916175503203,63,1.755683760705406e-07,3,3,Internal
AXON,YUM,-0.401737994571076,63,0.0012103559357698097,3,3,Internal
AXON,ZBRA,-0.5167344921311158,63,1.7105660708853093e-05,3,3,Internal
AXON,ZTS,-0.47818584046267987,63,8.466181195285663e-05,3,3,Internal
AXP,BAC,0.5310350309536184,63,8.981713887163242e-06,2,2,Internal
AXP,BLK,0.516536998986495,63,1.7255035752016507e-05,2,2,Internal
AXP,CFG,0.5888619382317618,63,4.796365237077618e-07,2,2,Internal
AXP,COF,0.44876118511528107,63,0.00025393731948665467,2,2,Internal
AXP,CPAY,0.45110437018480665,63,0.0002335080107599369,2,2,Internal
AXP,DHR,0.49432879677944874,63,4.4355955849450966e-05,2,0,External
AXP,DIS,0.4920657909398715,63,4.8658646076515286e-05,2,4,External
AXP,FITB,0.5285861871912855,63,1.0050163543440894e-05,2,2,Internal
AXP,GS,0.44691719986519823,63,0.00027114859941772387,2,2,Internal
AXP,HBAN,0.5872138801432273,63,5.255699445703724e-07,2,2,Internal
AXP,HOLX,0.4428484026112305,63,0.00031295586067761334,2,3,External
AXP,JPM,0.41628703704763254,63,0.0007646277345692812,2,2,Internal
AXP,KEY,0.46896828193310286,63,0.00012072699740508593,2,2,Internal
AXP,MRK,0.41709252490658844,63,0.0007449792021333008,2,0,External
AXP,MS,0.4307803684613596,63,0.00047389379360369656,2,2,Internal
AXP,MTB,0.5697788199257147,63,1.3418704451406099e-06,2,2,Internal
AXP,NVDA,-0.4051633785805475,63,0.0010883102004179918,2,7,External
AXP,PKG,0.41158919576704495,63,0.0008888623684193139,2,0,External
AXP,PNC,0.5689860929897776,63,1.3985139261259698e-06,2,2,Internal
AXP,RVTY,0.5151502633720253,63,1.833849976085353e-05,2,0,External
AXP,STT,0.4656014725224728,63,0.00013709222842048287,2,2,Internal
AXP,SW,0.4170575247050172,63,0.0007458233848750697,2,0,External
AXP,SYF,0.553386221374039,63,3.0882219354331705e-06,2,2,Internal
AXP,TFC,0.6352739868948518,63,2.91740629249949e-08,2,2,Internal
AXP,TROW,0.4193045993408677,63,0.0006933474697760518,2,2,Internal
AXP,USB,0.5099609667081813,63,2.2978278020294574e-05,2,2,Internal
AXP,WFC,0.4460560895984927,63,0.00027954534499795503,2,2,Internal
AZO,BR,0.42124616438206597,63,0.000650724290061104,3,3,Internal
AZO,CB,0.4119161661248443,63,0.0008796588315744454,3,3,Internal
AZO,CCI,0.439954109611612,63,0.000346187090773772,3,3,Internal
AZO,CINF,0.51385142281438,63,1.9410241572425606e-05,3,3,Internal
AZO,CL,0.4697486772897307,63,0.00011719944225242609,3,1,External
AZO,CPRT,0.44230872665401244,63,0.0003189222988571152,3,3,Internal
AZO,DUK,0.4287446127702996,63,0.000507488043046233,3,3,Internal
AZO,EVRG,0.5289884585752828,63,9.866895240499755e-06,3,3,Internal
AZO,EXR,0.4380898569776467,63,0.00036926262342011054,3,1,External
AZO,FDS,0.4586899665954216,63,0.0001772424006832584,3,3,Internal
AZO,HIG,0.500294424250785,63,3.464089157248275e-05,3,3,Internal
AZO,ICE,0.493226643236661,63,4.640554506260272e-05,3,3,Internal
AZO,JKHY,0.5124287906801362,63,2.0650650195227435e-05,3,1,External
AZO,KMB,0.50659125938847,63,2.6550663556332983e-05,3,3,Internal
AZO,L,0.46645581298706257,63,0.0001327570846088708,3,3,Internal
AZO,LH,0.4348532912239475,63,0.00041267655325649607,3,3,Internal
AZO,LIN,0.4911887960258999,63,5.042734983612471e-05,3,3,Internal
AZO,LNT,0.5087834910958795,63,2.4172543007870193e-05,3,3,Internal
AZO,MAA,0.4033463086354513,63,0.0011515959739623269,3,1,External
AZO,MCK,0.4216652807606927,63,0.0006418410470044451,3,3,Internal
AZO,MCO,0.47898801659648593,63,8.204770004103765e-05,3,3,Internal
AZO,MMC,0.5185982574635326,63,1.5753942268039903e-05,3,3,Internal
AZO,NDAQ,0.4261016845520782,63,0.0005543266534529912,3,3,Internal
AZO,O,0.5433143661911939,63,5.043816045410392e-06,3,3,Internal
AZO,ORLY,0.8152443346109965,63,7.282573689400939e-16,3,3,Internal
AZO,PAYX,0.40189631792669483,63,0.001204454116646476,3,1,External
AZO,PCG,0.410415606653655,63,0.000922617311246088,3,3,Internal
AZO,PNW,0.400090944624132,63,0.0012733151148892835,3,3,Internal
AZO,PSA,0.4699522597513005,63,0.00011629491433237475,3,1,External
AZO,ROL,0.5922168383450085,63,3.9753492255808365e-07,3,3,Internal
AZO,ROP,0.4007715094569605,63,0.0012469515407193652,3,3,Internal
AZO,RSG,0.5244265561102824,63,1.214015921423591e-05,3,3,Internal
AZO,TJX,0.4453493430189022,63,0.00028661354820045363,3,3,Internal
AZO,TRV,0.4002614907850776,63,0.0012666618706560911,3,3,Internal
AZO,TSN,0.42830098604062083,63,0.0005150899633048775,3,1,External
AZO,VLTO,0.45243073823048136,63,0.00022262136596260922,3,3,Internal
AZO,WELL,0.43145413543605493,63,0.00046322870996457264,3,3,Internal
AZO,WM,0.619712072958554,63,7.848174317594572e-08,3,3,Internal
AZO,WMT,0.40356068000377016,63,0.0011439611118776725,3,3,Internal
AZO,WRB,0.5329280193074972,63,8.229322064479419e-06,3,3,Internal
BAC,BK,0.43453044342399866,63,0.00041725246766199464,2,2,Internal
BAC,C,0.4802566790932167,63,7.806476807012446e-05,2,2,Internal
BAC,CFG,0.563025361670482,63,1.9019460765452576e-06,2,2,Internal
BAC,COF,0.5053635830687518,63,2.7975357060753576e-05,2,2,Internal
BAC,FITB,0.4363943672598079,63,0.0003914569123173434,2,2,Internal
BAC,GS,0.4349570010381271,63,0.00041121633406106527,2,2,Internal
BAC,HBAN,0.5152772560380893,63,1.8236714050568957e-05,2,2,Internal
BAC,JPM,0.6749701494469346,63,1.785118038092519e-09,2,2,Internal
BAC,KEY,0.45754969245647015,63,0.0001848183527791227,2,2,Internal
BAC,MS,0.6435054057816723,63,1.6896963639585854e-08,2,2,Internal
BAC,MTB,0.5643172334904785,63,1.7802411444958212e-06,2,2,Internal
BAC,NTRS,0.5728545171777157,63,1.1418179125034798e-06,2,2,Internal
BAC,PNC,0.4970502309450253,63,3.964807268895228e-05,2,2,Internal
BAC,RF,0.45837796036914474,63,0.00017928656837729308,2,2,Internal
BAC,RJF,0.47357679684207143,63,0.00010122758823884213,2,2,Internal
BAC,SCHW,0.42350148414885,63,0.000604203751311613,2,2,Internal
BAC,STT,0.5020335935617436,63,3.220411759839626e-05,2,2,Internal
BAC,SYF,0.5546818884575393,63,2.8959726396146184e-06,2,2,Internal
BAC,TFC,0.46300275933846824,63,0.00015109011850522185,2,2,Internal
BAC,USB,0.5837437082897584,63,6.361324797610567e-07,2,2,Internal
BAC,WFC,0.6482202429185588,63,1.226649330333886e-08,2,2,Internal
BALL,BDX,0.5664555720413246,63,1.5946820118178698e-06,3,0,External
BALL,BF-B,0.40096739725929537,63,0.0012394548639975379,3,0,External
BALL,BLDR,0.411281211488517,63,0.0008976109491483302,3,0,External
BALL,CCI,0.449168941749365,63,0.0002502688531762797,3,3,Internal
BALL,COO,0.41119440638737426,63,0.0009000907392595629,3,0,External
BALL,CRL,0.43292719263974183,63,0.0004406677956567018,3,0,External
BALL,DD,0.40760186386089836,63,0.0010083093652272941,3,0,External
BALL,DHI,0.44648912950974007,63,0.00027529351213796227,3,0,External
BALL,DOV,0.412406532099204,63,0.0008660173664703352,3,0,External
BALL,DPZ,0.5129095958206412,63,2.0223433140432124e-05,3,3,Internal
BALL,DVA,0.4722766604781998,63,0.00010641250334186741,3,0,External
BALL,EPAM,0.406807792603843,63,0.0010337583802272194,3,1,External
BALL,EQR,0.4087595300251118,63,0.0009722195519358513,3,1,External
BALL,ESS,0.4223701221890236,63,0.0006271493701598349,3,1,External
BALL,EXR,0.4410517446250609,63,0.0003332233392323834,3,1,External
BALL,FIS,0.6582359242613355,63,6.097029003727798e-09,3,3,Internal
BALL,GIS,0.4669774052450949,63,0.0001301726446953349,3,0,External
BALL,GPC,0.5092870028769992,63,2.365497934376427e-05,3,0,External
BALL,HAS,0.47302246465000997,63,0.00010340915745023288,3,0,External
BALL,HSIC,0.5628298168069555,63,1.9210327115728955e-06,3,3,Internal
BALL,HST,0.4678743476551,63,0.00012583616414891288,3,2,External
BALL,IFF,0.4763751891872412,63,9.084664935286521e-05,3,0,External
BALL,INVH,0.41190247408313396,63,0.0008800425002804062,3,1,External
BALL,IQV,0.4557028625261968,63,0.00019772019461558103,3,0,External
BALL,IT,0.47908699399756677,63,8.173035904195272e-05,3,3,Internal
BALL,JKHY,0.4075063969801386,63,0.001011338779897885,3,1,External
BALL,JNJ,0.4025203251900073,63,0.0011814444466403562,3,3,Internal
BALL,KHC,0.42415601838412925,63,0.0005912791948555175,3,1,External
BALL,LEN,0.4463591849468859,63,0.0002765631378358539,3,0,External
BALL,LNT,0.43209346711481533,63,0.0004533109645640518,3,3,Internal
BALL,LYB,0.4067490173086057,63,0.0010356648845093884,3,0,External
BALL,MAS,0.4104650790496691,63,0.0009211713352486534,3,0,External
BALL,MDLZ,0.43387187525245247,63,0.00042673021739407226,3,1,External
BALL,MHK,0.45673572340275226,63,0.0001904065453626655,3,0,External
BALL,MKC,0.576449060752695,63,9.435129196449291e-07,3,1,External
BALL,MTD,0.44486660307612375,63,0.0002915348277089391,3,0,External
BALL,NFLX,-0.4486534354560415,63,0.00025491488526163854,3,18,External
BALL,NVR,0.49144791509653196,63,4.989868111413442e-05,3,0,External
BALL,O,0.4411768643656455,63,0.00033177405498435443,3,3,Internal
BALL,OMC,0.5012158355193496,63,3.332941417663152e-05,3,0,External
BALL,PAYC,0.4596959638813392,63,0.00017079598156377035,3,1,External
BALL,PAYX,0.4585270717548491,63,0.00017830695730748714,3,1,External
BALL,PCAR,0.41861969426808926,63,0.000708976246148565,3,0,External
BALL,PH,0.42184820663515954,63,0.0006379984737587168,3,0,External
BALL,PHM,0.47530401105214404,63,9.469867786254801e-05,3,0,External
BALL,PKG,0.4648980148079186,63,0.0001407588898311346,3,0,External
BALL,PLD,0.44220070209848583,63,0.0003201289654078076,3,1,External
BALL,POOL,0.4538013164002553,63,0.00021186135764888353,3,0,External
BALL,PPG,0.4208645818004968,63,0.0006589087427138295,3,0,External
BALL,PSA,0.5151200910685886,63,1.8362760520450833e-05,3,1,External
BALL,RMD,0.46813068294812543,63,0.00012462145893740856,3,3,Internal
BALL,ROK,0.486571675395055,63,6.0758667321641e-05,3,0,External
BALL,RVTY,0.47696900250441215,63,8.877391138728472e-05,3,0,External
BALL,SBAC,0.5614639838096305,63,2.0594319510709954e-06,3,3,Internal
BALL,SJM,0.49765385295134823,63,3.866852061129474e-05,3,0,External
BALL,SO,0.44217869452268854,63,0.00032037530663094846,3,3,Internal
BALL,STE,0.49926093491326357,63,3.616862364190065e-05,3,0,External
BALL,STZ,0.5371930531751519,63,6.743939876554674e-06,3,0,External
BALL,SW,0.4303804134049477,63,0.0004803297891713615,3,0,External
BALL,TDG,0.5146949395543513,63,1.8707796372959503e-05,3,3,Internal
BALL,TECH,0.44648078169461597,63,0.00027537491434811154,3,0,External
BALL,TMO,0.4559131024149935,63,0.00019621097038633942,3,0,External
BALL,UDR,0.4127327601024421,63,0.000857048238700108,3,1,External
BALL,VICI,0.5171199412812764,63,1.6817576457306045e-05,3,3,Internal
BALL,VRTX,0.460280140220897,63,0.0001671519343735209,3,3,Internal
BALL,VTRS,0.4354131156353275,63,0.00040484996522926456,3,0,External
BALL,WY,0.4912639071315171,63,5.0273574147551975e-05,3,0,External
BALL,YUM,0.49641206921388376,63,4.070859153653023e-05,3,3,Internal
BALL,ZBH,0.5539013466533813,63,3.0104027389525614e-06,3,0,External
BALL,ZBRA,0.5074973627465751,63,2.5542598620541507e-05,3,3,Internal
BALL,ZTS,0.6347072332014522,63,3.02740335043005e-08,3,3,Internal
BAX,BDX,0.4144478129007946,63,0.0008112615179730605,1,0,External
BAX,BMY,0.6076197455496385,63,1.6325899936667618e-07,1,0,External
BAX,CHRW,-0.6526999171177142,63,9.00161790629707e-09,1,7,External
BAX,CI,0.7174110818162264,63,5.367716948438701e-11,1,1,Internal
BAX,CPT,0.4258518062502285,63,0.000558952078379411,1,1,Internal
BAX,DHR,0.530350753490187,63,9.269098495286135e-06,1,0,External
BAX,EBAY,-0.6764723702058566,63,1.5925305259222305e-09,1,7,External
BAX,EPAM,0.4015973132405697,63,0.0012156219420632578,1,1,Internal
BAX,EQR,0.4937461385141496,63,4.542881749676197e-05,1,1,Internal
BAX,ESS,0.44163111295900886,63,0.00032656059407848014,1,1,Internal
BAX,EXR,0.7661544151686286,63,3.9872504824008134e-13,1,1,Internal
BAX,FTV,0.4619273016951708,63,0.00015725742707722886,1,0,External
BAX,HII,-0.4712076122947187,63,0.00011085758581555568,1,7,External
BAX,IP,0.7736640317217498,63,1.685268811178385e-13,1,1,Internal
BAX,KIM,0.4042786572211407,63,0.0011187212052608413,1,1,Internal
BAX,LW,0.4077263931751027,63,0.0010043700271205856,1,0,External
BAX,MAA,0.5809794026695297,63,7.39458191484172e-07,1,1,Internal
BAX,META,-0.6935570652476011,63,4.1418304887308176e-10,1,7,External
BAX,MRK,0.541847984597144,63,5.410105572358849e-06,1,0,External
BAX,MRNA,0.40983706863649855,63,0.0009396795625706035,1,0,External
BAX,MSFT,-0.6879186045155824,63,6.525502231165797e-10,1,7,External
BAX,MTD,0.4364073397441174,63,0.00039128258605312667,1,0,External
BAX,PFE,0.4377745115775251,63,0.0003733016884734169,1,0,External
BAX,PLD,0.4065414106795046,63,0.001042424463233462,1,1,Internal
BAX,PSA,0.6933202965684181,63,4.222526922989186e-10,1,1,Internal
BAX,QCOM,0.5989175502331151,63,2.7147364255669675e-07,1,1,Internal
BAX,RVTY,0.44328231686850694,63,0.00030823272961511797,1,0,External
BAX,SW,0.5466743203700863,63,4.289960024975399e-06,1,0,External
BAX,SWKS,0.4219517987435919,63,0.0006358316595020482,1,1,Internal
BAX,TECH,0.46664542413040855,63,0.00013181217841459398,1,0,External
BAX,TMO,0.4058561965394883,63,0.0010650180117375047,1,0,External
BAX,VTRS,0.45088883074063807,63,0.00023532241984920192,1,0,External
BAX,WDC,-0.43068811133406304,63,0.0004753713812102824,1,7,External
BAX,WY,0.41716215118185707,63,0.000743302431134488,1,0,External
BAX,XYL,-0.6792411905700968,63,1.2880867733594534e-09,1,7,External
BAX,ZBH,0.40497543061472496,63,0.0010947075875463613,1,0,External
BAX,ZTS,0.4166623765210782,63,0.0007554143510676715,1,3,External
BBY,BDX,0.4039592389338219,63,0.0011298874734885004,0,0,Internal
BBY,BEN,0.49021624473616177,63,5.245808602549332e-05,0,0,Internal
BBY,BF-B,0.48564828164425616,63,6.304597817437775e-05,0,0,Internal
BBY,BIIB,0.5545343440786648,63,2.9172865590933613e-06,0,0,Internal
BBY,BLDR,0.5779905429495159,63,8.687915997977126e-07,0,0,Internal
BBY,BMY,0.4484528331490858,63,0.0002567440288844456,0,0,Internal
BBY,CAG,0.49094541166387856,63,5.09286223759954e-05,0,0,Internal
BBY,CHD,0.4023844582912945,63,0.001186420426977231,0,1,External
BBY,CL,0.4414400654030845,63,0.00032874409587111054,0,1,External
BBY,CLX,0.47995197810687096,63,7.900477151685276e-05,0,0,Internal
BBY,CMCSA,0.5119821735418975,63,2.1054975515584848e-05,0,0,Internal
BBY,COO,0.48427751165472743,63,6.658825160884279e-05,0,0,Internal
BBY,COP,0.41774512257160784,63,0.00072939651831034,0,2,External
BBY,CPAY,0.4417694251074478,63,0.00032498807329093865,0,2,External
BBY,CPRT,0.43821602956166045,63,0.0003676577388041468,0,3,External
BBY,CTSH,0.4623473267433117,63,0.00015482179059233162,0,1,External
BBY,DD,0.5010309524879458,63,3.3588820492358854e-05,0,0,Internal
BBY,DHI,0.508720052386507,63,2.4238491606168392e-05,0,0,Internal
BBY,DOV,0.564655379594756,63,1.7496110115228366e-06,0,0,Internal
BBY,DOW,0.4443177687396291,63,0.0002972235232027847,0,2,External
BBY,DPZ,0.452482593709076,63,0.00022220533119127962,0,3,External
BBY,DVN,0.4801531111199918,63,7.838311344047156e-05,0,2,External
BBY,EG,0.40459620343868274,63,0.0011077190355047643,0,3,External
BBY,EXPD,0.5042934176084184,63,2.9274698282033288e-05,0,0,Internal
BBY,EXPE,0.44510426763958716,63,0.0002891024039868251,0,0,Internal
BBY,F,0.5660838030936362,63,1.6255841106292893e-06,0,0,Internal
BBY,FDX,0.4699658057763293,63,0.00011623495683577003,0,0,Internal
BBY,FITB,0.4154488492703263,63,0.0007855706424865473,0,2,External
BBY,FTV,0.5610280012218634,63,2.1055385530579425e-06,0,0,Internal
BBY,GE,-0.5308873961195314,63,9.04300692444797e-06,0,7,External
BBY,GIS,0.4821747194723571,63,7.238026456985692e-05,0,0,Internal
BBY,GPC,0.599123199756506,63,2.68277333211329e-07,0,0,Internal
BBY,HAS,0.4839463936082345,63,6.747099244217896e-05,0,0,Internal
BBY,HD,0.5903064283382261,63,4.425053547199041e-07,0,0,Internal
BBY,HLT,0.4194909786962124,63,0.00068914885546338,0,0,Internal
BBY,HON,0.4039134351585155,63,0.0011314968931783191,0,2,External
BBY,HPQ,0.4329912720093866,63,0.00043970945492427516,0,0,Internal
BBY,HRL,0.47554551238619996,63,9.381732922625314e-05,0,0,Internal
BBY,HST,0.6397973218945365,63,2.165366675362441e-08,0,2,External
BBY,IEX,0.4263486372071778,63,0.000549789546456245,0,0,Internal
BBY,ITW,0.6762240065586362,63,1.6229481742103534e-09,0,0,Internal
BBY,JBHT,0.6747629869611459,63,1.8133495753994654e-09,0,0,Internal
BBY,KEY,0.4835614473877994,63,6.851079354962147e-05,0,2,External
BBY,KMB,0.46711145575819785,63,0.00012951594179922741,0,3,External
BBY,LEN,0.6184465072677614,63,8.485793541116522e-08,0,0,Internal
BBY,LKQ,0.47145705206018207,63,0.00010980541680137865,0,2,External
BBY,LOW,0.6165673502630257,63,9.523302747966214e-08,0,0,Internal
BBY,LYB,0.4348153763641166,63,0.00041321156594516337,0,0,Internal
BBY,MAR,0.4646138812212213,63,0.00014226524306607227,0,0,Internal
BBY,MAS,0.593309712027312,63,3.7377856876306233e-07,0,0,Internal
BBY,MGM,0.4482642403597607,63,0.000258474596120305,0,2,External
BBY,MHK,0.5831086681119215,63,6.58593483355886e-07,0,0,Internal
BBY,MKC,0.4368494608415336,63,0.0003853833867844315,0,1,External
BBY,MLM,0.4305412777115767,63,0.0004777317029423375,0,0,Internal
BBY,MPC,0.4530407413471698,63,0.0002177721402883262,0,2,External
BBY,MRK,0.47939162146413583,63,8.076074331285653e-05,0,0,Internal
BBY,MRNA,0.4266473660201043,63,0.0005443462545431204,0,0,Internal
BBY,MTB,0.48732228860238025,63,5.895602604732522e-05,0,2,External
BBY,MTD,0.523171575707406,63,1.284600453880512e-05,0,0,Internal
BBY,NDSN,0.6403808684027232,63,2.0829309316777554e-08,0,0,Internal
BBY,NUE,0.5028771878621234,63,3.108020516419292e-05,0,0,Internal
BBY,NVDA,-0.4062188323239732,63,0.0010530064263852468,0,7,External
BBY,NVR,0.5935152950671148,63,3.694615845611226e-07,0,0,Internal
BBY,ODFL,0.5393159473878658,63,6.101584880948451e-06,0,0,Internal
BBY,OMC,0.4484004376592964,63,0.00025722375573766624,0,0,Internal
BBY,PCAR,0.5221962230027174,63,1.3420722534402848e-05,0,0,Internal
BBY,PFE,0.5570330003483858,63,2.5753790760637463e-06,0,0,Internal
BBY,PFG,0.45689499969878794,63,0.00018930102797228934,0,3,External
BBY,PG,0.4110328165402384,63,0.0009047234164879818,0,1,External
BBY,PHM,0.5907791828808785,63,4.309518291385413e-07,0,0,Internal
BBY,PKG,0.42570981514137485,63,0.0005615960159677803,0,0,Internal
BBY,PNC,0.4912558406365409,63,5.029006797777026e-05,0,2,External
BBY,PNR,0.5810551101332856,63,7.364299200134603e-07,0,0,Internal
BBY,POOL,0.5278942379360501,63,1.0372833543360455e-05,0,0,Internal
BBY,PPG,0.5029107759663699,63,3.103621704917848e-05,0,0,Internal
BBY,PRU,0.5079639042741332,63,2.5037504033935324e-05,0,3,External
BBY,PSX,0.5454538257726561,63,4.550714724559562e-06,0,2,External
BBY,ROST,0.49684240837302246,63,3.999060073614644e-05,0,3,External
BBY,SHW,0.5192652086486135,63,1.5294832212026305e-05,0,0,Internal
BBY,SLB,0.510694002349402,63,2.2262671407735494e-05,0,2,External
BBY,SNA,0.40202498280864185,63,0.00119967697194932,0,0,Internal
BBY,SPG,0.4279682927510102,63,0.0005208586542829954,0,0,Internal
BBY,SWK,0.6238335122385813,63,6.070747428687524e-08,0,0,Internal
BBY,TAP,0.4695779072183389,63,0.00011796316385290837,0,0,Internal
BBY,TFC,0.4671815816635245,63,0.00012917361386340724,0,2,External
BBY,TGT,0.5600196116373986,63,2.215905684649654e-06,0,0,Internal
BBY,TMO,0.42601626707664975,63,0.0005559038686005874,0,0,Internal
BBY,TROW,0.4096329681414518,63,0.0009457665373743956,0,2,External
BBY,TSN,0.608074079036801,63,1.5891488150148248e-07,0,1,External
BBY,TXT,0.46528345950587513,63,0.0001387388229245243,0,2,External
BBY,UPS,0.4147421781748948,63,0.000803629105240637,0,0,Internal
BBY,USB,0.4345007881300101,63,0.00041767509682431213,0,2,External
BBY,VLO,0.44633934414943327,63,0.00027675746257236673,0,2,External
BBY,VLTO,0.42818592607814976,63,0.0005170784324351024,0,3,External
BBY,VMC,0.4535605683460305,63,0.0002137162470006203,0,0,Internal
BBY,WY,0.5035461130594616,63,3.021493922858433e-05,0,0,Internal
BBY,ZTS,0.4472526026141697,63,0.00026794088174976564,0,3,External
BDX,BF-B,0.46593426126621657,63,0.00013538835281274932,0,0,Internal
BDX,BMY,0.5107139142517682,63,2.2243524440591483e-05,0,0,Internal
BDX,CAG,0.4569047859914362,63,0.00018923329458327923,0,0,Internal
BDX,COO,0.50101434174562,63,3.3612217998254976e-05,0,0,Internal
BDX,CRL,0.45329979526362413,63,0.00021574217953849602,0,0,Internal
BDX,D,0.42599881997208755,63,0.0005562265261297791,0,3,External
BDX,DGX,0.4068148727159964,63,0.0010335289351466573,0,3,External
BDX,DHR,0.49747487858826356,63,3.8956598422647886e-05,0,0,Internal
BDX,DVA,0.45995590037260203,63,0.00016916561944209553,0,0,Internal
BDX,FTNT,-0.5916094896310138,63,4.1134348789530226e-07,0,1,External
BDX,GIS,0.5581587894552101,63,2.4339123133668633e-06,0,0,Internal
BDX,HOLX,0.4064008846096774,63,0.0010470224803942345,0,3,External
BDX,HRL,0.41015719744756873,63,0.0009302034436670907,0,0,Internal
BDX,IQV,0.48652334986662443,63,6.08764483976203e-05,0,0,Internal
BDX,KHC,0.4868658238680116,63,6.004627849064385e-05,0,1,External
BDX,MAA,0.4131513229484571,63,0.000845663483038066,0,1,External
BDX,MDT,0.4595209820388095,63,0.00017190159182511877,0,0,Internal
BDX,MKC,0.4913763398035647,63,5.0044198841216384e-05,0,1,External
BDX,MRK,0.46587468010175964,63,0.00013569197186140243,0,0,Internal
BDX,MTD,0.5878494597529734,63,5.07386681837759e-07,0,0,Internal
BDX,PAYC,0.4711566138196686,63,0.00011107384176037363,0,1,External
BDX,PAYX,0.4142221441736831,63,0.0008171570604866081,0,1,External
BDX,PEP,0.4641369097095127,63,0.0001448272384710803,0,1,External
BDX,PFE,0.48326003340529383,63,6.933525160116584e-05,0,0,Internal
BDX,PH,0.5679374037790431,63,1.4768930754529913e-06,0,0,Internal
BDX,PODD,0.43873842602592644,63,0.00036108038228351545,0,0,Internal
BDX,PSA,0.40456039100745894,63,0.0011089549483281427,0,1,External
BDX,ROK,0.42567702888840325,63,0.0005622081213077718,0,0,Internal
BDX,RVTY,0.4567528544139789,63,0.00019028735796613859,0,0,Internal
BDX,SJM,0.4545543041165085,63,0.000206154505981867,0,0,Internal
BDX,STE,0.7841823845888346,63,4.765821361194717e-14,0,0,Internal
BDX,STZ,0.4572594496075082,63,0.00018679350589402617,0,0,Internal
BDX,SYK,0.42723087726391323,63,0.0005338546857448247,0,1,External
BDX,TECH,0.48910042056755154,63,5.488086539546195e-05,0,0,Internal
BDX,TMO,0.5015568280929709,63,3.2855830730737824e-05,0,0,Internal
BDX,VTRS,0.6795731101005174,63,1.2555455274253859e-09,0,0,Internal
BDX,WY,0.4323958040321645,63,0.0004486884971440766,0,0,Internal
BDX,ZBH,0.8390062441404991,63,1.6832838397815118e-17,0,0,Internal
BDX,ZTS,0.500616532007775,63,3.417709014693917e-05,0,3,External
BEN,BF-B,0.42954908987689117,63,0.0004939621464039764,0,0,Internal
BEN,BLDR,0.42614791503141797,63,0.0005534747128203218,0,0,Internal
BEN,BLK,0.4649150766790734,63,0.0001406689027731191,0,2,External
BEN,BMY,0.40633838479603784,63,0.0010490733452997762,0,0,Internal
BEN,CPAY,0.4152351490021969,63,0.0007909924906018861,0,2,External
BEN,CPRT,0.40717684434076096,63,0.0010218595432447326,0,3,External
BEN,DD,0.40971915037664247,63,0.0009431919599419154,0,0,Internal
BEN,DHI,0.4754835580042427,63,9.404270635479935e-05,0,0,Internal
BEN,EIX,0.4311782858929315,63,0.00046756847639774246,0,3,External
BEN,FITB,0.42293768226524947,63,0.0006155415149279423,0,2,External
BEN,GPC,0.47382041352367343,63,0.00010028229388328014,0,0,Internal
BEN,HAS,0.49610283760983725,63,4.1231862011402585e-05,0,0,Internal
BEN,HD,0.48803625931109607,63,5.728730371268956e-05,0,0,Internal
BEN,HST,0.4060169799704497,63,0.0010596772225126025,0,2,External
BEN,IFF,0.43701227846937496,63,0.00038323140667155525,0,0,Internal
BEN,ITW,0.41081524404409453,63,0.0009109950980653609,0,0,Internal
BEN,JBHT,0.45025361085703175,63,0.00024074493420647323,0,0,Internal
BEN,JNJ,0.4249751880673111,63,0.0005754572561092824,0,3,External
BEN,KEY,0.43633026248306644,63,0.0003923194009630311,0,2,External
BEN,KIM,0.46826828959638545,63,0.00012397382918776528,0,1,External
BEN,KMB,0.4806686678749443,63,7.6810161482137e-05,0,3,External
BEN,KVUE,0.4184490628186352,63,0.0007129191758034863,0,3,External
BEN,LEN,0.5107573573062596,63,2.2201803286799386e-05,0,0,Internal
BEN,LOW,0.5048891168252146,63,2.854469310299666e-05,0,0,Internal
BEN,MAS,0.4445323377925118,63,0.00029498755113332076,0,0,Internal
BEN,MHK,0.5261773804905974,63,1.1215538190125322e-05,0,0,Internal
BEN,MLM,0.5343733004106287,63,7.69485570482087e-06,0,0,Internal
BEN,MRK,0.4232199246312518,63,0.0006098418742671763,0,0,Internal
BEN,MTB,0.41919268965926165,63,0.0006958796052170314,0,2,External
BEN,MTD,0.43546804405854045,63,0.0004040893678063877,0,0,Internal
BEN,NDSN,0.4257646975387009,63,0.0005605727385572944,0,0,Internal
BEN,NVR,0.5449248539422815,63,4.668260238067191e-06,0,0,Internal
BEN,PFE,0.41046176660068495,63,0.0009212680873349984,0,0,Internal
BEN,PHM,0.5252394267739183,63,1.170239999830364e-05,0,0,Internal
BEN,PNC,0.4823311957527747,63,7.193377237167689e-05,0,2,External
BEN,PNR,0.4372614052351006,63,0.00037995984568988165,0,0,Internal
BEN,PPG,0.4065200070129564,63,0.0010431236142984033,0,0,Internal
BEN,RF,0.40258312875807123,63,0.0011791506902023466,0,2,External
BEN,SHW,0.509029660425611,63,2.391820610343936e-05,0,0,Internal
BEN,SPG,0.4448820164603651,63,0.00029137651175316056,0,0,Internal
BEN,SYF,0.4754520001601093,63,9.415769863577572e-05,0,2,External
BEN,TFC,0.45618074988717583,63,0.00019430490382047432,0,2,External
BEN,TROW,0.602392038839997,63,2.219922361399017e-07,0,2,External
BEN,TSCO,0.5225587610871878,63,1.3204365670515809e-05,0,0,Internal
BEN,TSN,0.4876072269236707,63,5.828475018418414e-05,0,1,External
BEN,VICI,0.49248136954234906,63,4.7840686942718044e-05,0,3,External
BEN,VLTO,0.41647668327308524,63,0.0007599598951380899,0,3,External
BEN,VMC,0.4790951341897223,63,8.170431035877296e-05,0,0,Internal
BEN,ZTS,0.4046534777081383,63,0.001105745038834111,0,3,External
BF-B,BLDR,0.44725826153835835,63,0.00026788705965929944,0,0,Internal
BF-B,BMY,0.4885166920264451,63,5.6189069356227914e-05,0,0,Internal
BF-B,CAG,0.49532843150340344,63,4.25696920509208e-05,0,0,Internal
BF-B,CCI,0.5065724249286869,63,2.657200320292739e-05,0,3,External
BF-B,CFG,0.40849068067683686,63,0.0009804952962290101,0,2,External
BF-B,CHD,0.42728092249186994,63,0.0005329634746563078,0,1,External
BF-B,CL,0.4873858590143722,63,5.88056475345537e-05,0,1,External
BF-B,CLX,0.5359789979154846,63,7.139075179480501e-06,0,0,Internal
BF-B,COO,0.4853421832031428,63,6.382156197225898e-05,0,0,Internal
BF-B,COP,0.4289161918484106,63,0.0005045753268607576,0,2,External
BF-B,CPB,0.45399676740447276,63,0.00021036631605414873,0,0,Internal
BF-B,CRL,0.4332546493475156,63,0.00043579038522005776,0,0,Internal
BF-B,D,0.4439526304612331,63,0.0003010641277362703,0,3,External
BF-B,DHI,0.44922605949894623,63,0.0002497588671986154,0,0,Internal
BF-B,DHR,0.47351381575138884,63,0.00010147330050525272,0,0,Internal
BF-B,DOC,0.4998080771270686,63,3.535222683471164e-05,0,0,Internal
BF-B,EIX,0.46944818347881234,63,0.00011854637052104253,0,3,External
BF-B,EQR,0.44977070288012155,63,0.00024494341252292155,0,1,External
BF-B,ESS,0.45020165636361265,63,0.00024119345520344192,0,1,External
BF-B,FDX,0.4566075705786508,63,0.0001913003276265863,0,0,Internal
BF-B,FRT,0.4293750858645715,63,0.0004968596452877042,0,1,External
BF-B,FTV,0.5093798973141325,63,2.3560622378157544e-05,0,0,Internal
BF-B,GE,-0.4106502396145967,63,0.0009157776183118641,0,7,External
BF-B,GIS,0.6784308517921412,63,1.370928830554431e-09,0,0,Internal
BF-B,GPC,0.5851944122921623,63,5.87491100079164e-07,0,0,Internal
BF-B,HRL,0.5544352050687086,63,2.931690217665124e-06,0,0,Internal
BF-B,IEX,0.4049485776981853,63,0.0010956243709256462,0,0,Internal
BF-B,IFF,0.43143666120243407,63,0.0004635025307152102,0,0,Internal
BF-B,INVH,0.41472938367692813,63,0.0008039594911317247,0,1,External
BF-B,IP,0.40858577139320856,63,0.0009775609679204395,0,1,External
BF-B,IQV,0.5667149139616743,63,1.5734517368821288e-06,0,0,Internal
BF-B,ITW,0.4999155504806023,63,3.519388199234893e-05,0,0,Internal
BF-B,J,0.42208812225230147,63,0.0006329903752599362,0,0,Internal
BF-B,JBHT,0.4281438382463102,63,0.000517807535291839,0,0,Internal
BF-B,KDP,0.40164648966834965,63,0.0012137788221695358,0,1,External
BF-B,KHC,0.5115372368100242,63,2.14650709505684e-05,0,1,External
BF-B,KIM,0.45014098590375107,63,0.00024171818761189028,0,1,External
BF-B,KMB,0.4764500318848694,63,9.058297580772321e-05,0,3,External
BF-B,LDOS,0.41758967232908206,63,0.0007330813376787234,0,0,Internal
BF-B,LEN,0.4671578478181133,63,0.0001292893803177425,0,0,Internal
BF-B,LYB,0.4190242843226462,63,0.0006997058318240838,0,0,Internal
BF-B,MAA,0.4370710683256585,63,0.0003824570672951354,0,1,External
BF-B,MAS,0.45250373506043445,63,0.0002220359190206515,0,0,Internal
BF-B,MDLZ,0.47564741829116824,63,9.344769765620551e-05,0,1,External
BF-B,MHK,0.5409792795023851,63,5.638651362730097e-06,0,0,Internal
BF-B,MKC,0.4530825189347331,63,0.00021744359142057627,0,1,External
BF-B,MRK,0.47517325513938247,63,9.517903884121501e-05,0,0,Internal
BF-B,MRNA,0.46999755323550774,63,0.00011609454732967788,0,0,Internal
BF-B,MTD,0.5956057490404826,63,3.281472140589571e-07,0,0,Internal
BF-B,NDSN,0.4648032750035929,63,0.00014125952471071387,0,0,Internal
BF-B,NFLX,-0.41138433249795725,63,0.0008946730778450042,0,18,External
BF-B,NVR,0.4856086534576363,63,6.31458947254761e-05,0,0,Internal
BF-B,ODFL,0.46118356198565963,63,0.00016165659031998052,0,0,Internal
BF-B,OMC,0.5246627897257384,63,1.2011394803446375e-05,0,0,Internal
BF-B,OXY,0.41526363904894315,63,0.0007902677118229349,0,2,External
BF-B,PCAR,0.5417635495245,63,5.431934307735787e-06,0,0,Internal
BF-B,PEP,0.6286707993249293,63,4.469504288640654e-08,0,1,External
BF-B,PFE,0.5900512761159118,63,4.4886127473624403e-07,0,0,Internal
BF-B,PG,0.5083496437734054,63,2.4626896856576466e-05,0,1,External
BF-B,PHM,0.5026986234027773,63,3.13150299416816e-05,0,0,Internal
BF-B,PNW,0.4067049859907416,63,0.001037095212720759,0,3,External
BF-B,POOL,0.5080443518602791,63,2.495135010555266e-05,0,0,Internal
BF-B,PPG,0.4127401075902021,63,0.0008568472012409694,0,0,Internal
BF-B,RVTY,0.5502670784881217,63,3.601053202504114e-06,0,0,Internal
BF-B,SJM,0.42227935754421664,63,0.0006290240041657818,0,0,Internal
BF-B,SLB,0.49407037680783666,63,4.482886730198045e-05,0,2,External
BF-B,SNA,0.49991995003851647,63,3.51874139493942e-05,0,0,Internal
BF-B,STZ,0.7027019212340422,63,1.937718847953432e-10,0,0,Internal
BF-B,SWK,0.49596879775529445,63,4.1460605537813197e-05,0,0,Internal
BF-B,TAP,0.6589525464334293,63,5.793740901969581e-09,0,0,Internal
BF-B,TECH,0.4683642555580634,63,0.00012352400785673503,0,0,Internal
BF-B,TFC,0.41335185687496484,63,0.000840257616432406,0,2,External
BF-B,TGT,0.5984905396771661,63,2.7822524216419937e-07,0,0,Internal
BF-B,TMO,0.5379101693122796,63,6.520218002380326e-06,0,0,Internal
BF-B,TSCO,0.40003914129743057,63,0.0012753422510627295,0,0,Internal
BF-B,TSN,0.6003531645412667,63,2.498876794012954e-07,0,1,External
BF-B,UPS,0.40784504481428213,63,0.0010006295445099045,0,0,Internal
BF-B,VICI,0.48367217500421567,63,6.821019712106215e-05,0,3,External
BF-B,VTRS,0.4402253575571113,63,0.000342941412819855,0,0,Internal
BF-B,WY,0.5193302750102334,63,1.5250714250592112e-05,0,0,Internal
BF-B,ZBH,0.4542456947180377,63,0.0002084762036991823,0,0,Internal
BF-B,ZTS,0.4030852300861636,63,0.001160956285736104,0,3,External
BG,MKC,0.41203708900477415,63,0.0008762769711352174,0,1,External
BG,PCAR,0.41548070092881134,63,0.0007847654102968939,0,0,Internal
BG,RSG,-0.4298465069064368,63,0.0004890451151145812,0,3,External
BIIB,BLDR,0.49198024190809975,63,4.882862248579544e-05,0,0,Internal
BIIB,BMY,0.604420497783967,63,1.9716795813205851e-07,0,0,Internal
BIIB,CLX,0.5076068165049449,63,2.5423259357041062e-05,0,0,Internal
BIIB,CMCSA,0.40062155923455783,63,0.0012527177188086612,0,0,Internal
BIIB,CPAY,0.402455920257243,63,0.0011838008611890897,0,2,External
BIIB,CRL,0.49597657130772943,63,4.144730772793045e-05,0,0,Internal
BIIB,DHI,0.4625924669463542,63,0.00015341631289483436,0,0,Internal
BIIB,DHR,0.47132753869722543,63,0.00011035056948822874,0,0,Internal
BIIB,DPZ,0.4020121998666289,63,0.0012001508201234911,0,3,External
BIIB,DVA,0.4093353901124204,63,0.0009547051222559238,0,0,Internal
BIIB,FTV,0.4269642744002378,63,0.0005386252262821528,0,0,Internal
BIIB,GE,-0.4149209012668968,63,0.0007990268473193915,0,7,External
BIIB,GIS,0.5262990595061318,63,1.115377774871891e-05,0,0,Internal
BIIB,GPC,0.40698513009294335,63,0.001028025219899769,0,0,Internal
BIIB,HD,0.47741152920488067,63,8.725765451539319e-05,0,0,Internal
BIIB,HRL,0.41475670036618895,63,0.0008032542547656256,0,0,Internal
BIIB,IFF,0.4145979475024431,63,0.000807360620504369,0,0,Internal
BIIB,IQV,0.47144021307741213,63,0.00010987615580786833,0,0,Internal
BIIB,ITW,0.44746557897008765,63,0.00026592205634170976,0,0,Internal
BIIB,JBHT,0.5315233879364193,63,8.781709074672818e-06,0,0,Internal
BIIB,KMB,0.46186322940386193,63,0.0001576320424999545,0,3,External
BIIB,LEN,0.46909179585757554,63,0.0001201622676607358,0,0,Internal
BIIB,LOW,0.5053169847111153,63,2.803080334913296e-05,0,0,Internal
BIIB,MAS,0.5019337768742987,63,3.233956304054038e-05,0,0,Internal
BIIB,MHK,0.45021502947119574,63,0.0002410779327661807,0,0,Internal
BIIB,MLM,0.41550560851372803,63,0.0007841362494094661,0,0,Internal
BIIB,MRK,0.6344289863908157,63,3.08282965415651e-08,0,0,Internal
BIIB,MRNA,0.550623554393382,63,3.5386551149732588e-06,0,0,Internal
BIIB,MTD,0.4547226902115658,63,0.00020489772374237048,0,0,Internal
BIIB,NVR,0.5291241707950146,63,9.805771908307926e-06,0,0,Internal
BIIB,OMC,0.4901201047723388,63,5.266287894199452e-05,0,0,Internal
BIIB,PCAR,0.41644060151518075,63,0.0007608459988907944,0,0,Internal
BIIB,PFE,0.6494389802132782,63,1.1281712542990134e-08,0,0,Internal
BIIB,PHM,0.4909122171944526,63,5.099734492566172e-05,0,0,Internal
BIIB,POOL,0.4643713615700749,63,0.00014356266443223202,0,0,Internal
BIIB,PPG,0.556761366106801,63,2.6106455717286163e-06,0,0,Internal
BIIB,REGN,0.5031703526731461,63,3.069820571689607e-05,0,0,Internal
BIIB,RVTY,0.5193200827583144,63,1.5257617244826926e-05,0,0,Internal
BIIB,SHW,0.44400457974862834,63,0.00030051496453127065,0,0,Internal
BIIB,SWK,0.46790162713615085,63,0.0001257063787779811,0,0,Internal
BIIB,TECH,0.5577186414324402,63,2.488333101573277e-06,0,0,Internal
BIIB,TMO,0.5561456573111102,63,2.6922622908246444e-06,0,0,Internal
BIIB,TSN,0.5062279243128088,63,2.6965140790137385e-05,0,1,External
BIIB,VTRS,0.41059532790412934,63,0.0009173742108754172,0,0,Internal
BK,CSCO,0.41916201942669806,63,0.0006965750288959369,2,2,Internal
BK,JPM,0.4635047717552794,63,0.00014828793526822396,2,2,Internal
BK,MAS,-0.44274963097718706,63,0.00031404016765270966,2,0,External
BK,MS,0.509206000690871,63,2.3737542635445007e-05,2,2,Internal
BK,NTRS,0.5004581524571659,63,3.440441716412234e-05,2,2,Internal
BK,RJF,0.4489308321477714,63,0.0002524051269058803,2,2,Internal
BK,SCHW,0.6936218928633793,63,4.119992658741158e-10,2,2,Internal
BK,STT,0.40483046181091337,63,0.001099665177556141,2,2,Internal
BK,SWK,-0.4631917212621342,63,0.00015002970026869365,2,0,External
BK,UNH,-0.4232686517090045,63,0.0006088627318391178,2,1,External
BKR,COP,0.5615667484750121,63,2.0487027098100603e-06,2,2,Internal
BKR,CVX,0.5129010539921581,63,2.023095085661831e-05,2,2,Internal
BKR,DGX,-0.41108473406006735,63,0.0009032326318947582,2,3,External
BKR,DVN,0.48494380030968676,63,6.48441542237803e-05,2,2,Internal
BKR,EOG,0.470054564745637,63,0.00011584279369591843,2,2,Internal
BKR,FANG,0.5070839616899147,63,2.5998035806933808e-05,2,2,Internal
BKR,FISV,-0.700152158239086,63,2.4016687735035967e-10,2,2,Internal
BKR,GD,0.5584091283455089,63,2.4034586022337696e-06,2,7,External
BKR,GM,0.4396790059781013,63,0.0003495074821269873,2,7,External
BKR,HAL,0.6280505312569655,63,4.6498498165622136e-08,2,2,Internal
BKR,LW,0.5913782057684108,63,4.16719465650045e-07,2,0,External
BKR,NEE,-0.42159295243993317,63,0.0006433661664882756,2,3,External
BKR,OTIS,-0.6404122199315032,63,2.0785870961933668e-08,2,2,Internal
BKR,OXY,0.5503510869077525,63,3.5862563588251343e-06,2,2,Internal
BKR,SLB,0.5230656896854814,63,1.290727111817444e-05,2,2,Internal
BKR,TEL,0.7800093184275957,63,7.931424582353244e-14,2,7,External
BKR,TMO,0.5583196287674776,63,2.4143050523856643e-06,2,0,External
BKR,TXN,-0.45893158108406745,63,0.00017567411459902478,2,2,Internal
BKR,XOM,0.44435696298020594,63,0.000296813938379112,2,2,Internal
BLDR,BXP,0.5890494616563124,63,4.7465599411745606e-07,0,0,Internal
BLDR,CAG,0.4191188826537016,63,0.0006975541868452773,0,0,Internal
BLDR,CARR,0.5003865016766399,63,3.4507718725767175e-05,0,3,External
BLDR,CHD,0.4280573018850663,63,0.0005193095707313533,0,1,External
BLDR,CMI,0.4575635409522876,63,0.00018472459130010398,0,0,Internal
BLDR,CPB,0.4091861264294567,63,0.0009592173278003512,0,0,Internal
BLDR,CRL,0.4514405690478076,63,0.000230703417218336,0,0,Internal
BLDR,DD,0.6621148722739013,63,4.618066494438559e-09,0,0,Internal
BLDR,DHI,0.709428198240185,63,1.0879535946926835e-10,0,0,Internal
BLDR,DHR,0.49089432172625513,63,5.103442945407497e-05,0,0,Internal
BLDR,DOC,0.40829034701839406,63,0.00098670325804676,0,0,Internal
BLDR,DOV,0.6003048198183842,63,2.505875230849412e-07,0,0,Internal
BLDR,DOW,0.4726061681258912,63,0.00010507582539265496,0,2,External
BLDR,DVA,0.4292555556112763,63,0.0004988589909046513,0,0,Internal
BLDR,ESS,0.40942512309406154,63,0.0009520017454241064,0,1,External
BLDR,EXPD,0.5110103016589438,63,2.1960322469542652e-05,0,0,Internal
BLDR,EXR,0.40601533157543956,63,0.0010597318549867777,0,1,External
BLDR,F,0.5003831830537192,63,3.4512510254095145e-05,0,0,Internal
BLDR,FDX,0.522149164912774,63,1.3449046393076172e-05,0,0,Internal
BLDR,FRT,0.4649973525801728,63,0.00014023570713561377,0,1,External
BLDR,FTV,0.6316467666586364,63,3.6923652286757024e-08,0,0,Internal
BLDR,GIS,0.46014390783315207,63,0.00016799531106571102,0,0,Internal
BLDR,GPC,0.5767018227424776,63,9.308610739040852e-07,0,0,Internal
BLDR,GRMN,0.4392246528977386,63,0.0003550549552575634,0,1,External
BLDR,HAS,0.43813131118506254,63,0.00036873463336427564,0,0,Internal
BLDR,HD,0.7361761966707885,63,9.237813628965133e-12,0,0,Internal
BLDR,HPQ,0.5289677611226979,63,9.87624825309675e-06,0,0,Internal
BLDR,HST,0.536873066215095,63,6.846058331966978e-06,0,2,External
BLDR,HUBB,0.4094207873084983,63,0.000952132210174753,0,0,Internal
BLDR,IEX,0.6435305252960757,63,1.6868402962802927e-08,0,0,Internal
BLDR,IFF,0.5428010235461596,63,5.169327916103528e-06,0,0,Internal
BLDR,IQV,0.4860593297427221,63,6.201814856200547e-05,0,0,Internal
BLDR,ITW,0.7927132442428343,63,1.6231517044283482e-14,0,0,Internal
BLDR,J,0.4967632128518882,63,4.012184734358624e-05,0,0,Internal
BLDR,JBHT,0.6316300590589693,63,3.6963478565745434e-08,0,0,Internal
BLDR,KEY,0.4849053806464663,63,6.494356673710198e-05,0,2,External
BLDR,KEYS,0.41516996433496,63,0.0007926530321377537,0,0,Internal
BLDR,KIM,0.40471990665459673,63,0.0011034594908624535,0,1,External
BLDR,KMB,0.45170533561186543,63,0.000228516437119236,0,3,External
BLDR,LEN,0.7916762126083399,63,1.855153878226498e-14,0,0,Internal
BLDR,LKQ,0.4657040711377039,63,0.00013656483719881823,0,2,External
BLDR,LOW,0.6797498577046033,63,1.2385372871491302e-09,0,0,Internal
BLDR,LYB,0.5294905775135048,63,9.642501738323586e-06,0,0,Internal
BLDR,MAR,0.4922185580099323,63,4.835647368311919e-05,0,0,Internal
BLDR,MAS,0.8385924381786791,63,1.806655765185835e-17,0,0,Internal
BLDR,MGM,0.4029289894219817,63,0.0011665906183702906,0,2,External
BLDR,MHK,0.8774099983991401,63,8.4373749440981e-21,0,0,Internal
BLDR,MKC,0.44017726691196474,63,0.00034351482131659834,0,1,External
BLDR,MLM,0.49487174328812455,63,4.3377340395980915e-05,0,0,Internal
BLDR,MMM,0.4505207233806982,63,0.0002384509771563718,0,0,Internal
BLDR,MRK,0.5693752254839757,63,1.3704346571287133e-06,0,0,Internal
BLDR,MTD,0.5768511679919932,63,9.234606576598994e-07,0,0,Internal
BLDR,NDSN,0.6750492600070472,63,1.7744475298726973e-09,0,0,Internal
BLDR,NFLX,-0.47853888108332654,63,8.35020249231774e-05,0,18,External
BLDR,NUE,0.47450532236146886,63,9.766800549703813e-05,0,0,Internal
BLDR,NVR,0.7970971578837656,63,9.149560500780128e-15,0,0,Internal
BLDR,ODFL,0.622103981595617,63,6.764571373698636e-08,0,0,Internal
BLDR,OMC,0.5139247880265159,63,1.9348187934332777e-05,0,0,Internal
BLDR,PCAR,0.6677479266778461,63,3.0624301913362424e-09,0,0,Internal
BLDR,PFE,0.5278442362352593,63,1.0396519838968873e-05,0,0,Internal
BLDR,PH,0.42861855883253325,63,0.0005096376510569226,0,0,Internal
BLDR,PHM,0.7904336730050859,63,2.1750483860493676e-14,0,0,Internal
BLDR,PKG,0.5579671422176947,63,2.457469682213762e-06,0,0,Internal
BLDR,PLD,0.42371015951255814,63,0.0006000556543056577,0,1,External
BLDR,PNR,0.7231677905264752,63,3.1766129320661727e-11,0,0,Internal
BLDR,POOL,0.7782628719177453,63,9.783853046661726e-14,0,0,Internal
BLDR,PPG,0.6645227737747876,63,3.8785500066769275e-09,0,0,Internal
BLDR,PSA,0.4607886661896792,63,0.00016403796023548186,0,1,External
BLDR,ROK,0.4420121359384713,63,0.00032224528918835916,0,0,Internal
BLDR,RVTY,0.5734011693813034,63,1.109329897418599e-06,0,0,Internal
BLDR,SHW,0.677665459323722,63,1.4538009166426408e-09,0,0,Internal
BLDR,SLB,0.5846185343694116,63,6.063662284647876e-07,0,2,External
BLDR,SNA,0.4722849290526364,63,0.000106378770750543,0,0,Internal
BLDR,SPG,0.49617048931198093,63,4.111685568275945e-05,0,0,Internal
BLDR,SW,0.5889423870376904,63,4.774938590249217e-07,0,0,Internal
BLDR,SWK,0.7544273065595803,63,1.437958521567267e-12,0,0,Internal
BLDR,TAP,0.5207547328163065,63,1.4313993171982216e-05,0,0,Internal
BLDR,TECH,0.49320634479564396,63,4.6444100102666605e-05,0,0,Internal
BLDR,TFC,0.47943743410337936,63,8.061584365991711e-05,0,2,External
BLDR,TGT,0.568510333077578,63,1.4335764769523381e-06,0,0,Internal
BLDR,TMO,0.5566436419711278,63,2.626069620550585e-06,0,0,Internal
BLDR,TROW,0.4204529408465915,63,0.0006678424039662563,0,2,External
BLDR,TSN,0.4378376819467052,63,0.0003724893691062536,0,1,External
BLDR,TXT,0.4375016056968074,63,0.00037682961306116674,0,2,External
BLDR,UPS,0.4451245721009061,63,0.0002888954555164406,0,0,Internal
BLDR,URI,0.46882153174940866,63,0.0001214011370012961,0,0,Internal
BLDR,VMC,0.5427072204635375,63,5.192575216899656e-06,0,0,Internal
BLDR,WAT,0.48968740109728714,63,5.3593774671170195e-05,0,0,Internal
BLDR,WY,0.7058369762936919,63,1.4836128719170572e-10,0,0,Internal
BLDR,ZBH,0.4509549759746401,63,0.0002347642435628382,0,0,Internal
BLK,CFG,0.42280198156367643,63,0.0006182990310449879,2,2,Internal
BLK,CINF,0.42363117198585126,63,0.0006016227387656714,2,3,External
BLK,JNJ,0.4564240340226392,63,0.00019258706802862484,2,3,External
BLK,LHX,0.40009286215329526,63,0.0012732401349738942,2,7,External
BLK,MLM,0.4005853899479691,63,0.0012541121573023347,2,0,External
BLK,STT,0.794811731245603,63,1.235772659373864e-14,2,2,Internal
BLK,SYF,0.42106514937440936,63,0.0006545952712429222,2,2,Internal
BLK,VMC,0.46026357452587213,63,0.00016725428027941557,2,0,External
BLK,WFC,0.5366579330979105,63,6.915522594329114e-06,2,2,Internal
BMY,CCI,0.42318028151903025,63,0.0006106395328688036,0,3,External
BMY,CI,0.5142922662239107,63,1.904012909680933e-05,0,1,External
BMY,CL,0.4105674446118628,63,0.0009181858970276354,0,1,External
BMY,CLX,0.44208151915278926,63,0.0003214651052028384,0,0,Internal
BMY,CPAY,0.4756759596066207,63,9.334441352203892e-05,0,2,External
BMY,CRL,0.475338941984574,63,9.45707294122962e-05,0,0,Internal
BMY,D,0.4649480823414891,63,0.0001404949754332563,0,3,External
BMY,DHI,0.41712689854929574,63,0.0007441509733772695,0,0,Internal
BMY,DHR,0.4678830841904957,63,0.00012579458565438744,0,0,Internal
BMY,DOC,0.4450136307962675,63,0.0002900278502067699,0,0,Internal
BMY,DPZ,0.4535170862852931,63,0.00021405284290374157,0,3,External
BMY,DVA,0.5074263275382407,63,2.562032707375855e-05,0,0,Internal
BMY,EQR,0.41859251623968585,63,0.0007096029474864452,0,1,External
BMY,EXR,0.50583781836493,63,2.7416825326366724e-05,0,1,External
BMY,FTV,0.4808250438530938,63,7.633884194121256e-05,0,0,Internal
BMY,GILD,0.46118751507123895,63,0.0001616329128071782,0,3,External
BMY,GIS,0.4467559860098037,63,0.0002727028602530946,0,0,Internal
BMY,GPC,0.45306855420815945,63,0.00021755336285219688,0,0,Internal
BMY,HD,0.4279492279643119,63,0.0005211909963291714,0,0,Internal
BMY,HRL,0.4087210093323341,63,0.0009734014172777375,0,0,Internal
BMY,INCY,0.504559555099501,63,2.8946446755768827e-05,0,1,External
BMY,IP,0.5129357580519538,63,2.0200423721187636e-05,0,1,External
BMY,IQV,0.5051219246548582,63,2.826400747303193e-05,0,0,Internal
BMY,JNJ,0.4896830409871592,63,5.360323161190345e-05,0,3,External
BMY,KMB,0.45902052141702804,63,0.00017510002451814324,0,3,External
BMY,LEN,0.45625246877904674,63,0.0001937970420608956,0,0,Internal
BMY,LOW,0.5109828678602496,63,2.198639469198982e-05,0,0,Internal
BMY,MAA,0.46522299138996953,63,0.00013905395865809996,0,1,External
BMY,META,-0.4456231804916222,63,0.00028385575030387633,0,7,External
BMY,MHK,0.4688483781799071,63,0.00012127755225211055,0,0,Internal
BMY,MLM,0.405144080657918,63,0.0010889655087566465,0,0,Internal
BMY,MRK,0.7576432337829615,63,1.018850294427808e-12,0,0,Internal
BMY,MRNA,0.5359774008451726,63,7.139608895096743e-06,0,0,Internal
BMY,MSFT,-0.5089333864319552,63,2.401737748990751e-05,0,7,External
BMY,MTD,0.523819634904547,63,1.2476883765940845e-05,0,0,Internal
BMY,NVR,0.4679546222611785,63,0.00012545459953056657,0,0,Internal
BMY,O,0.44195008914222284,63,0.0003229444406805142,0,3,External
BMY,OMC,0.40809213280116835,63,0.0009928804247298488,0,0,Internal
BMY,PEP,0.582970740367564,63,6.63569335483306e-07,0,1,External
BMY,PFE,0.708224007637677,63,1.2078290524929692e-10,0,0,Internal
BMY,PG,0.42120673555497123,63,0.0006515656984624929,0,1,External
BMY,PHM,0.4314468785048738,63,0.00046334240801067044,0,0,Internal
BMY,PPG,0.4479083558211935,63,0.000261769331146154,0,0,Internal
BMY,PSA,0.5027013389621374,63,3.1311446523826424e-05,0,1,External
BMY,REGN,0.4848607222487699,63,6.505929887895404e-05,0,0,Internal
BMY,RMD,0.4616879673112085,63,0.00015866094313872947,0,3,External
BMY,RVTY,0.46296291441308873,63,0.00015131459650151525,0,0,Internal
BMY,SHW,0.4270009109314656,63,0.0005379673733629659,0,0,Internal
BMY,SW,0.5032198175646019,63,3.0634182274018604e-05,0,0,Internal
BMY,SWK,0.4165880219808538,63,0.0007572314978203454,0,0,Internal
BMY,TECH,0.5469467687732809,63,4.233689144467328e-06,0,0,Internal
BMY,TMO,0.46550243519400863,63,0.00013760308616278305,0,0,Internal
BMY,TSN,0.5002422644552208,63,3.4716541854053574e-05,0,1,External
BMY,UPS,0.4042982779532635,63,0.0011180385535278232,0,0,Internal
BMY,VTRS,0.594163607329382,63,3.5615282646118885e-07,0,0,Internal
BMY,WDC,-0.4177857564926066,63,0.0007284360930182507,0,7,External
BMY,ZBH,0.49846102650772495,63,3.7393605823805516e-05,0,0,Internal
BMY,ZTS,0.5438894671574147,63,4.906583885375714e-06,0,3,External
BR,ECL,0.4752604749028524,63,9.485836931968144e-05,3,3,Internal
BR,ETN,-0.4445968589231539,63,0.0002943182008467016,3,7,External
BR,IT,-0.5196755741409496,63,1.501855742798016e-05,3,3,Internal
BR,J,0.5239461824483602,63,1.2405965823558324e-05,3,0,External
BR,LDOS,0.5320547533092249,63,8.568805444914559e-06,3,0,External
BR,LH,0.44724086539393115,63,0.0002680525460723743,3,3,Internal
BR,NDAQ,0.42595080337192803,63,0.0005571153975964456,3,3,Internal
BR,ORLY,0.5306843248530935,63,9.127951647866327e-06,3,3,Internal
BR,ROL,0.511898721613409,63,2.113133453722853e-05,3,3,Internal
BR,SPG,0.4017313192154537,63,0.0012106053439275794,3,0,External
BR,TDG,-0.4363272988838606,63,0.00039235931610320394,3,3,Internal
BR,VRTX,-0.5613899882048482,63,2.067190068472145e-06,3,3,Internal
BR,ZBRA,-0.46047902101640964,63,0.00016592768614737222,3,3,Internal
BRK-B,CB,0.42621717214358645,63,0.0005522006584579715,3,3,Internal
BRK-B,CHD,0.4241966967846541,63,0.0005904842907046082,3,1,External
BRK-B,CPAY,0.4032654890199497,63,0.0011544862667151126,3,2,External
BRK-B,CPRT,0.5001476443817648,63,3.4854164997082236e-05,3,3,Internal
BRK-B,CVS,0.45756638830801005,63,0.00018470531863045865,3,1,External
BRK-B,EG,0.5238779916447067,63,1.2444133626884356e-05,3,3,Internal
BRK-B,IDXX,-0.48252381278511386,63,7.138764158183722e-05,3,3,Internal
BRK-B,MET,0.46884437914889193,63,0.00012129595404629314,3,3,Internal
BRK-B,MMC,0.5725155652076915,63,1.1624078396411282e-06,3,3,Internal
BRK-B,NVDA,-0.4694884719030317,63,0.00011836496046550164,3,7,External
BRK-B,PGR,0.529307064302143,63,9.72395597253178e-06,3,3,Internal
BRK-B,PRU,0.48015109877057055,63,7.838931079117716e-05,3,3,Internal
BRK-B,SYY,0.48983936827127433,63,5.326512354719789e-05,3,1,External
BRK-B,TRV,0.40172120228524033,63,0.0012109834262006305,3,3,Internal
BRK-B,V,0.48363426817206057,63,6.831296706702736e-05,3,3,Internal
BRK-B,WRB,0.42233763087794246,63,0.000627819856068706,3,3,Internal
BRO,CARR,0.5147983406374349,63,1.8623330842989385e-05,3,3,Internal
BRO,CBRE,-0.4912401964845201,63,5.0322070340938556e-05,3,1,External
BRO,CDNS,-0.4768273512607925,63,8.92643604135983e-05,3,1,External
BRO,ECL,0.6537333868632541,63,8.375241065355052e-09,3,3,Internal
BRO,GLW,-0.7175051469019912,63,5.322454651006875e-11,3,1,External
BRO,JCI,0.5862861873155871,63,5.532118819309266e-07,3,3,Internal
BRO,MMC,0.5028268763001585,63,3.114620288343031e-05,3,3,Internal
BRO,PYPL,0.5434969149108461,63,4.99987258558196e-06,3,3,Internal
BRO,RCL,0.41072675247229556,63,0.0009135571428430054,3,2,External
BRO,UPS,0.5537265585414318,63,3.03659990232475e-06,3,0,External
BRO,VRSN,0.555855523326747,63,2.731543083411468e-06,3,3,Internal
BRO,WTW,0.4387837020445217,63,0.00036051540358699076,3,3,Internal
BSX,COR,0.4642368484047457,63,0.00014428694978326084,3,3,Internal
BSX,DIS,0.4160143728003058,63,0.0007713843963020381,3,4,External
BSX,EW,0.5215130639790724,63,1.3837401738016588e-05,3,3,Internal
BSX,GD,0.42668963820270916,63,0.0005435799555060502,3,7,External
BSX,LW,0.4050412233068326,63,0.0010924642857008439,3,0,External
BSX,OTIS,-0.43918879633471397,63,0.0003554961478549565,3,2,External
BSX,RMD,0.4117992292852555,63,0.000882940424436065,3,3,Internal
BXP,CPB,0.417520443922303,63,0.000734727756114531,0,0,Internal
BXP,CPT,0.4838412509390154,63,6.775354555631058e-05,0,1,External
BXP,DD,0.5320227816311942,63,8.58147848992159e-06,0,0,Internal
BXP,DHI,0.4514233965340039,63,0.00023084592155674625,0,0,Internal
BXP,DOC,0.4162330704587334,63,0.0007659607690633155,0,0,Internal
BXP,DOV,0.41581093829390203,63,0.0007764606688325272,0,0,Internal
BXP,EQR,0.542528167190883,63,5.237221151814185e-06,0,1,External
BXP,ESS,0.5664406635474513,63,1.5959105697358213e-06,0,1,External
BXP,EXR,0.5019064193150979,63,3.237677762128335e-05,0,1,External
BXP,FDX,0.41685211772187214,63,0.0007507951446121258,0,0,Internal
BXP,FRT,0.6861879980612993,63,7.487275729625038e-10,0,1,External
BXP,FTV,0.5163994718375531,63,1.7359769504481464e-05,0,0,Internal
BXP,GPC,0.44264237359469405,63,0.0003152215111915558,0,0,Internal
BXP,GRMN,0.44828624613644386,63,0.00025827211865058077,0,1,External
BXP,HD,0.5601180623920857,63,2.20489658529918e-06,0,0,Internal
BXP,HST,0.5153123554880975,63,1.8208674180560397e-05,0,2,External
BXP,IEX,0.6021527645317802,63,2.2510714618978507e-07,0,0,Internal
BXP,IFF,0.525139906369119,63,1.1755195279443522e-05,0,0,Internal
BXP,INVH,0.4372079593003336,63,0.0003806595528591947,0,1,External
BXP,ITW,0.5441563048061551,63,4.8441008249727e-06,0,0,Internal
BXP,JBHT,0.47135111988075534,63,0.0001102511257665056,0,0,Internal
BXP,KIM,0.6112900901265932,63,1.3113835212603403e-07,0,1,External
BXP,LEN,0.5240629684232995,63,1.234085102210994e-05,0,0,Internal
BXP,LOW,0.46170943356223904,63,0.0001585345923936349,0,0,Internal
BXP,LYB,0.40267432976055323,63,0.0011758269219585126,0,0,Internal
BXP,MAA,0.43878359448070586,63,0.0003605167448714454,0,1,External
BXP,MAR,0.539556528962722,63,6.032503172864631e-06,0,0,Internal
BXP,MAS,0.5058166548536026,63,2.744152883260552e-05,0,0,Internal
BXP,MHK,0.6458085272046065,63,1.4459917907373674e-08,0,0,Internal
BXP,NDSN,0.5113566027303316,63,2.163366482376814e-05,0,0,Internal
BXP,NFLX,-0.5024611313071625,63,3.1629894248474646e-05,0,18,External
BXP,NVR,0.5183046966539949,63,1.596005031082736e-05,0,0,Internal
BXP,ODFL,0.6174227803592112,63,9.036995167472886e-08,0,0,Internal
BXP,OMC,0.5023509192558089,63,3.177700555690268e-05,0,0,Internal
BXP,PCAR,0.42213470817022164,63,0.0006320220632718198,0,0,Internal
BXP,PHM,0.5337066744583564,63,7.93722460171798e-06,0,0,Internal
BXP,PLD,0.6381464504547082,63,2.4156112478215533e-08,0,1,External
BXP,PNR,0.45482691833221583,63,0.00020412331497776458,0,0,Internal
BXP,POOL,0.5627901236245644,63,1.9249288864408137e-06,0,0,Internal
BXP,PPG,0.5209634867491771,63,1.418129758770675e-05,0,0,Internal
BXP,PSA,0.5254911473628827,63,1.1569845595483781e-05,0,1,External
BXP,REG,0.4239409001619382,63,0.0005954990228112988,0,1,External
BXP,RVTY,0.4607451567684832,63,0.00016430229591659907,0,0,Internal
BXP,SHW,0.44818415287125074,63,0.00025921271459562365,0,0,Internal
BXP,SPG,0.5440483722295543,63,4.869284497156968e-06,0,0,Internal
BXP,SWK,0.45439643655577744,63,0.00020733918544255296,0,0,Internal
BXP,TXT,0.4043845476956506,63,0.0011150414758682192,0,2,External
BXP,UDR,0.42272681662286754,63,0.0006198312415966036,0,1,External
BXP,VICI,0.46098142978395046,63,0.0001628715343913452,0,3,External
BXP,WY,0.5929865594915826,63,3.806603423416659e-07,0,0,Internal
C,JPM,0.5292701782368148,63,9.740405334157912e-06,2,2,Internal
C,MS,0.4207511473014238,63,0.0006613596890182896,2,2,Internal
CAG,CL,0.49301822281263935,63,4.680283151866943e-05,0,1,External
CAG,CLX,0.43524293403951775,63,0.00040721476196137115,0,0,Internal
CAG,COO,0.40959724634746886,63,0.0009468355360066888,0,0,Internal
CAG,CPB,0.6746606190496727,63,1.8274559101041718e-09,0,0,Internal
CAG,CPT,0.4114765990721079,63,0.0008920518098662902,0,1,External
CAG,CTSH,0.5132690061575158,63,1.9909452600928336e-05,0,1,External
CAG,DHI,0.47701395083966475,63,8.861880282327875e-05,0,0,Internal
CAG,EPAM,0.4304335164443837,63,0.00047947071643992005,0,1,External
CAG,EQR,0.4888447577430303,63,5.54503360468108e-05,0,1,External
CAG,ESS,0.5031340163391436,63,3.0745315502316484e-05,0,1,External
CAG,EXR,0.4887894734470294,63,5.557419292172284e-05,0,1,External
CAG,FDX,0.48221673460281655,63,7.226012768010567e-05,0,0,Internal
CAG,FRT,0.4049956169670668,63,0.0010940188621058632,0,1,External
CAG,GIS,0.6740963436474608,63,1.9071012843800596e-09,0,0,Internal
CAG,GPC,0.5301758122360983,63,9.343932450506788e-06,0,0,Internal
CAG,GRMN,0.4897742501535296,63,5.340572244707522e-05,0,1,External
CAG,HD,0.49341632973483607,63,4.604667954743695e-05,0,0,Internal
CAG,HRL,0.4266883052311703,63,0.0005436041043025364,0,0,Internal
CAG,IEX,0.45140455014511677,63,0.00023100240902267213,0,0,Internal
CAG,INVH,0.4461245177421491,63,0.000278869513983134,0,1,External
CAG,ITW,0.4302319135418238,63,0.0004827395724980369,0,0,Internal
CAG,JBHT,0.45680773793942925,63,0.00018990597096492194,0,0,Internal
CAG,KHC,0.5625726755629037,63,1.9464045672419993e-06,0,1,External
CAG,KMB,0.5163040041534293,63,1.743281960377333e-05,0,3,External
CAG,LEN,0.516479644745822,63,1.7298642336544525e-05,0,0,Internal
CAG,LOW,0.482122189877394,63,7.253072517480989e-05,0,0,Internal
CAG,LYB,0.42793432224582756,63,0.0005214509706170474,0,0,Internal
CAG,MAA,0.4464097886227749,63,0.00027606807935566833,0,1,External
CAG,MAS,0.41253599586331074,63,0.0008624478618828039,0,0,Internal
CAG,MDLZ,0.4607499311074794,63,0.00016427327099445278,0,1,External
CAG,MHK,0.5193852921006537,63,1.5213502422260735e-05,0,0,Internal
CAG,MKC,0.6539198026356637,63,8.266744012525677e-09,0,1,External
CAG,MRK,0.4072712153085621,63,0.0010188367678661003,0,0,Internal
CAG,MTD,0.4505950806627259,63,0.00023781596382442207,0,0,Internal
CAG,NVDA,-0.4360404397021661,63,0.00039624041726238606,0,7,External
CAG,NVR,0.507215623782535,63,2.585217557396306e-05,0,0,Internal
CAG,O,0.45924427716592175,63,0.00017366332579020567,0,3,External
CAG,ODFL,0.4317111382863506,63,0.00045921843512119624,0,0,Internal
CAG,OMC,0.5044591976811983,63,2.906982420454685e-05,0,0,Internal
CAG,PFE,0.4823319776378516,63,7.19315477150626e-05,0,0,Internal
CAG,PG,0.41968106637829494,63,0.0006848904361260272,0,1,External
CAG,PHM,0.4952938629279283,63,4.263033648375346e-05,0,0,Internal
CAG,PPG,0.5003856822207379,63,3.450890182378864e-05,0,0,Internal
CAG,PSA,0.5549554814336161,63,2.8568347357840436e-06,0,1,External
CAG,SHW,0.4592228401752016,63,0.00017380049976884818,0,0,Internal
CAG,SJM,0.5144169187155203,63,1.8936670475169294e-05,0,0,Internal
CAG,STZ,0.44509957430539027,63,0.00028915025894948204,0,0,Internal
CAG,SWK,0.4047731927414624,63,0.0011016292129327019,0,0,Internal
CAG,SWKS,0.4211186157585284,63,0.0006534497340181093,0,1,External
CAG,TAP,0.5633917637795736,63,1.8666594992483166e-06,0,0,Internal
CAG,TGT,0.4757042021739889,63,9.324231390110682e-05,0,0,Internal
CAG,TSN,0.6307287573913265,63,3.917309732676033e-08,0,1,External
CAG,VTRS,0.4807763008701052,63,7.648546739543069e-05,0,0,Internal
CAG,WY,0.5217205770824671,63,1.3709579088967978e-05,0,0,Internal
CAG,ZBH,0.44246797703050345,63,0.0003171509897004651,0,0,Internal
CAG,ZTS,0.5019554388663018,63,3.231012425286326e-05,0,3,External
CAH,CME,0.45126691258216733,63,0.0002321482013734867,3,3,Internal
CAH,COR,0.7480915332718157,63,2.7922590062456073e-12,3,3,Internal
CAH,GILD,0.4470882971217716,63,0.00026950790654859454,3,3,Internal
CAH,MCK,0.7737719558590357,63,1.6641421684753153e-13,3,3,Internal
CAH,ORLY,0.4273493425540809,63,0.0005317472284463785,3,3,Internal
CAH,WELL,0.47797735702976124,63,8.535365605434526e-05,3,3,Internal
CAH,WM,0.4040696242911167,63,0.0011260173040752097,3,3,Internal
CAH,WRB,0.45046441144444266,63,0.00023893291386827166,3,3,Internal
CARR,DD,0.41542680194633863,63,0.0007861284518593374,3,0,External
CARR,ECL,0.4060720109378545,63,0.0010578547973555097,3,3,Internal
CARR,F,0.45945945711370556,63,0.000172291888637122,3,0,External
CARR,FDX,0.5178126072783888,63,1.6311171008868474e-05,3,0,External
CARR,GLW,-0.5285427227864743,63,1.007015370650523e-05,3,1,External
CARR,IEX,0.41207926579589543,63,0.0008751001751976214,3,0,External
CARR,ITW,0.4765660163906096,63,9.017574948054158e-05,3,0,External
CARR,JCI,0.6058019085300395,63,1.8178477107190968e-07,3,3,Internal
CARR,MAS,0.5199410782318574,63,1.4842287052843946e-05,3,0,External
CARR,ODFL,0.432953098933902,63,0.00044028012482691793,3,0,External
CARR,POOL,0.4707940080892484,63,0.00011262266524857618,3,0,External
CARR,PPG,0.499322697886031,63,3.607560083556139e-05,3,0,External
CARR,PYPL,0.5255857204503902,63,1.1520405921452311e-05,3,3,Internal
CARR,RCL,0.46153081381974564,63,0.00015958876785781908,3,2,External
CARR,SWK,0.6620375315904284,63,4.643903147463107e-09,3,0,External
CARR,UPS,0.7213169424221451,63,3.765559907302131e-11,3,0,External
CARR,VRSN,0.5575494536171478,63,2.5095529840252066e-06,3,3,Internal
CAT,CRL,0.43926482541687034,63,0.0003545612502686695,0,0,Internal
CAT,EMR,0.44060061664630445,63,0.00033849689434957203,0,0,Internal
CAT,HUBB,0.511307803161183,63,2.1679421903366732e-05,0,0,Internal
CB,CHD,0.4075525860071784,63,0.0010098720571536392,3,1,External
CB,CINF,0.6316490453124051,63,3.6918223751148694e-08,3,3,Internal
CB,CMS,0.41999614208428243,63,0.0006778844555203624,3,3,Internal
CB,CNC,0.41956031081625345,63,0.0006875928794607651,3,1,External
CB,CNP,0.43133184344092185,63,0.00046514811330393386,3,3,Internal
CB,COR,0.44668169568709726,63,0.0002734218274820204,3,3,Internal
CB,CTAS,0.4154479221216225,63,0.0007855940926434784,3,3,Internal
CB,DGX,0.5610452260486459,63,2.1036987924879026e-06,3,3,Internal
CB,DTE,0.4642864747668122,63,0.00014401934749916484,3,3,Internal
CB,DUK,0.4977501303230521,63,3.851436842012951e-05,3,3,Internal
CB,ED,0.4926672669162612,63,4.7478923959604825e-05,3,3,Internal
CB,EG,0.6425452157496726,63,1.8023630562732203e-08,3,3,Internal
CB,EVRG,0.44858278488702613,63,0.0002555577325092832,3,3,Internal
CB,EXC,0.48030482683993697,63,7.791717834556529e-05,3,3,Internal
CB,FE,0.4575601841855494,63,0.00018474731434538056,3,3,Internal
CB,FISV,0.5285868203459321,63,1.0049872615819255e-05,3,2,External
CB,HIG,0.7078087332340789,63,1.2520091691850156e-10,3,3,Internal
CB,INVH,0.4226703921136687,63,0.0006209836964454384,3,1,External
CB,L,0.6283959906719992,63,4.548575462820084e-08,3,3,Internal
CB,LH,0.4092669496966743,63,0.0009567716758923778,3,3,Internal
CB,LNT,0.4845118380484765,63,6.596999992567356e-05,3,3,Internal
CB,MCK,0.446284012151967,63,0.0002773000541530386,3,3,Internal
CB,MKC,0.41028110889857644,63,0.0009265587688543117,3,1,External
CB,MMC,0.6027197377937705,63,2.1779198724878888e-07,3,3,Internal
CB,O,0.41378270664808126,63,0.0008287485475134642,3,3,Internal
CB,ORLY,0.4260274655192105,63,0.0005556968600481529,3,3,Internal
CB,OTIS,0.48674858152252215,63,6.0329295196050964e-05,3,2,External
CB,PAYX,0.40418529103166745,63,0.0011219747844136328,3,1,External
CB,PGR,0.6244752963490937,63,5.830816420937837e-08,3,3,Internal
CB,PNW,0.45977138950090407,63,0.0001703214234302098,3,3,Internal
CB,PPL,0.46392456643847163,63,0.00014598137677725143,3,3,Internal
CB,ROL,0.5161134493806893,63,1.7579482645388545e-05,3,3,Internal
CB,ROP,0.4921458054574269,63,4.8500160966844745e-05,3,3,Internal
CB,RSG,0.4828287446523315,63,7.05308714922487e-05,3,3,Internal
CB,SO,0.5069902806381915,63,2.6102283161457276e-05,3,3,Internal
CB,TRV,0.6947989316581334,63,3.742027703230498e-10,3,3,Internal
CB,TSN,0.42813568609102226,63,0.0005179488659519773,3,1,External
CB,VRSK,0.40393783934126953,63,0.0011306391399185012,3,3,Internal
CB,WEC,0.4360067080637871,63,0.0003966990834841954,3,3,Internal
CB,WM,0.4844914242866814,63,6.602364878885268e-05,3,3,Internal
CB,WRB,0.7056975415496006,63,1.5014486399928643e-10,3,3,Internal
CB,XEL,0.4347338286714678,63,0.0004143644167168481,3,3,Internal
CBOE,CCI,0.41901270807974644,63,0.0006999695465368836,3,3,Internal
CBOE,CME,0.5896294591481278,63,4.595573670920098e-07,3,3,Internal
CBOE,ICE,0.4897363972184125,63,5.3487609496330316e-05,3,3,Internal
CBOE,KR,0.4460935802424792,63,0.0002791748833986166,3,3,Internal
CBRE,CDNS,0.4361229483779971,63,0.0003951205391168801,1,1,Internal
CBRE,CINF,0.5010117169529988,63,3.361591660000913e-05,1,3,External
CBRE,CNP,0.4338403020381028,63,0.0004271894839205297,1,3,External
CBRE,CPT,0.500184284350592,63,3.480081305745092e-05,1,1,Internal
CBRE,DHR,0.4799764235060242,63,7.892897444029792e-05,1,0,External
CBRE,EQIX,0.5490637646008749,63,3.8193561730419395e-06,1,1,Internal
CBRE,EQR,0.5101779954408113,63,2.276421778993765e-05,1,1,Internal
CBRE,ESS,0.4445085100960816,63,0.0002952350937386488,1,1,Internal
CBRE,EW,0.4054656004721483,63,0.0010780937782670522,1,3,External
CBRE,EXC,0.46741178158634344,63,0.00012805569775626072,1,3,External
CBRE,EXR,0.41144799080912164,63,0.0008928638197482682,1,1,Internal
CBRE,FRT,0.556065568572883,63,2.703052276192788e-06,1,1,Internal
CBRE,GL,0.5405708209301928,63,5.749195667291144e-06,1,3,External
CBRE,GLW,0.5112120114254197,63,2.176950248992688e-05,1,1,Internal
CBRE,GS,0.4043892844500963,63,0.0011148771271954096,1,2,External
CBRE,HD,0.4448410789340561,63,0.0002917971672787315,1,0,External
CBRE,HIG,0.4446958555677621,63,0.00029329389222338103,1,3,External
CBRE,INCY,0.6042697512535262,63,1.9891889305246542e-07,1,1,Internal
CBRE,INVH,0.5511265740578741,63,3.452322369423697e-06,1,1,Internal
CBRE,JCI,-0.4590869139891354,63,0.00017467259646562037,1,3,External
CBRE,KIM,0.5651351824732543,63,1.7069951595023605e-06,1,1,Internal
CBRE,LIN,0.40453310982024626,63,0.001109897275438584,1,3,External
CBRE,LOW,0.43920835225522586,63,0.00035525546257761934,1,0,External
CBRE,MAA,0.4681776662131554,63,0.000124399989093126,1,1,Internal
CBRE,MHK,0.4308423719742287,63,0.00047290309414730393,1,0,External
CBRE,PLD,0.5601101131822196,63,2.205783590413596e-06,1,1,Internal
CBRE,PSA,0.5108361974258636,63,2.212627336008863e-05,1,1,Internal
CBRE,REG,0.5412585359124323,63,5.564218455575953e-06,1,1,Internal
CBRE,SPG,0.5712578513141112,63,1.2418903159504178e-06,1,0,External
CBRE,UDR,0.49094539322307806,63,5.092866053025285e-05,1,1,Internal
CBRE,VICI,0.42370244169297927,63,0.0006002086097390197,1,3,External
CBRE,VMC,0.4814418328134933,63,7.450569497695774e-05,1,0,External
CBRE,WELL,0.5062528876387545,63,2.6936473010202544e-05,1,3,External
CCI,CL,0.4091609160272145,63,0.000959981329473578,3,1,External
CCI,CMS,0.512807789929497,63,2.0313202007261813e-05,3,3,Internal
CCI,CNP,0.41548726560245564,63,0.0007845995435819619,3,3,Internal
CCI,D,0.4885259960029027,63,5.61679942542565e-05,3,3,Internal
CCI,DGX,0.4854048187494222,63,6.366214525684239e-05,3,3,Internal
CCI,DPZ,0.4047079476286656,63,0.0011038706374774513,3,3,Internal
CCI,DTE,0.4830485900448698,63,6.99190610176293e-05,3,3,Internal
CCI,DUK,0.4238240065448953,63,0.0005978034828833207,3,3,Internal
CCI,ED,0.5044763579468445,63,2.9048693248376656e-05,3,3,Internal
CCI,EQR,0.4410800229525314,63,0.0003328952823494433,3,1,External
CCI,ES,0.4186902841787103,63,0.0007073508457840619,3,3,Internal
CCI,EVRG,0.441158340099983,63,0.0003319882617308175,3,3,Internal
CCI,EXC,0.4664637776463284,63,0.0001327172688079521,3,3,Internal
CCI,EXR,0.41375467650930353,63,0.0008294929454448978,3,1,External
CCI,GPC,0.4052330108302613,63,0.001085948620367867,3,0,External
CCI,ICE,0.43914441596050885,63,0.0003560429124846502,3,3,Internal
CCI,INVH,0.4943401550508553,63,4.433527624997262e-05,3,1,External
CCI,IQV,0.4530207332760813,63,0.00021792964929956396,3,0,External
CCI,JKHY,0.4855812222030277,63,6.321514405808596e-05,3,1,External
CCI,JNJ,0.5611710895967698,63,2.0903010590830493e-06,3,3,Internal
CCI,KMB,0.45834421996942687,63,0.00017950891433976237,3,3,Internal
CCI,LH,0.5838867480794023,63,6.311734778634002e-07,3,3,Internal
CCI,LNT,0.6064496586127388,63,1.749674820028871e-07,3,3,Internal
CCI,MAA,0.44083439046408585,63,0.00033575472220456764,3,1,External
CCI,MKC,0.4124867961616849,63,0.0008638028001674703,3,1,External
CCI,O,0.49214605289010216,63,4.849967161625381e-05,3,3,Internal
CCI,PAYC,0.4371436891885289,63,0.00038150252281215054,3,1,External
CCI,PAYX,0.4411280285704251,63,0.000332339043418062,3,1,External
CCI,PEP,0.4415837480170612,63,0.0003271006962125232,3,1,External
CCI,PG,0.4691726251982502,63,0.00011979401508097245,3,1,External
CCI,PNW,0.4640584165254766,63,0.000145252889341271,3,3,Internal
CCI,PPL,0.4067241018091721,63,0.0010364740293468875,3,3,Internal
CCI,PSA,0.48436381182381655,63,6.635993659565363e-05,3,1,External
CCI,ROL,0.5215625362550823,63,1.3806827956360027e-05,3,3,Internal
CCI,RVTY,0.40857509059431474,63,0.0009778901626238264,3,0,External
CCI,SBAC,0.6592549459003408,63,5.670097266027199e-09,3,3,Internal
CCI,SO,0.5500734658225557,63,3.635372662960853e-06,3,3,Internal
CCI,SRE,0.4557665303452133,63,0.0001972620317879766,3,3,Internal
CCI,STZ,0.42131491200996135,63,0.0006492595754953678,3,0,External
CCI,TMUS,0.4620976627446994,63,0.00015626533453536227,3,3,Internal
CCI,TSN,0.4234703030318307,63,0.0006048258051408761,3,1,External
CCI,VICI,0.48097248793804415,63,7.589688538632713e-05,3,3,Internal
CCI,VZ,0.44483725562114707,63,0.00029183648220532636,3,3,Internal
CCI,WEC,0.5008403699730231,63,3.385817855517155e-05,3,3,Internal
CCI,WM,0.40308276934006965,63,0.0011610448345796929,3,3,Internal
CCI,WST,0.494287988057199,63,4.4430328407120556e-05,3,3,Internal
CCI,ZBH,0.4522246478289893,63,0.00022428187531530695,3,0,External
CCI,ZTS,0.5046093444403744,63,2.888541687203062e-05,3,3,Internal
CCL,CPAY,0.5277856806049562,63,1.0424322186648085e-05,2,2,Internal
CCL,DOV,0.563584677358946,63,1.8483280287959153e-06,2,0,External
CCL,HAS,0.44237957408651324,63,0.00031813316615654437,2,0,External
CCL,HON,0.49996753638666674,63,3.511752477696173e-05,2,2,Internal
CCL,HST,0.503480205723968,63,3.029919009319556e-05,2,2,Internal
CCL,KEY,0.4171618429055514,63,0.0007433098476476279,2,2,Internal
CCL,KIM,0.4247457760749661,63,0.0005798490713512087,2,1,External
CCL,LKQ,0.4674103429519241,63,0.0001280626564966704,2,2,Internal
CCL,MAS,0.43308055671469936,63,0.0004383773160547859,2,0,External
CCL,NCLH,0.45515654907484654,63,0.0002016917788718557,2,7,External
CCL,NKE,0.41066525152567096,63,0.0009153415745325771,2,0,External
CCL,NXPI,0.407105482433527,63,0.0010241506889747875,2,2,Internal
CCL,PNR,0.4375518390772915,63,0.00037617796145918413,2,0,External
CCL,RCL,0.49711868224528016,63,3.9535848246096444e-05,2,2,Internal
CCL,ROK,0.41150192011692577,63,0.0008913336601388079,2,0,External
CCL,TFC,0.47325105390104205,63,0.00010250436058947392,2,2,Internal
CCL,TXT,0.4659432690934054,63,0.0001353425042292201,2,2,Internal
CDNS,GL,0.42274031147599456,63,0.0006195559005135237,1,3,External
CDNS,GLW,0.44394187980445443,63,0.00030117788874733134,1,1,Internal
CDNS,INCY,0.40878964037413773,63,0.0009712966288824058,1,1,Internal
CDNS,INTU,0.4147696179697792,63,0.0008029209551994002,1,1,Internal
CDNS,JCI,-0.42933229306779436,63,0.0004975745889323509,1,3,External
CDNS,SNPS,0.6859030172202395,63,7.658030781016746e-10,1,1,Internal
CDNS,UPS,-0.46395268724082633,63,0.00014582804997259247,1,0,External
CDW,DVN,0.462681643670419,63,0.00015290794021748458,2,2,Internal
CDW,FANG,0.4358865797287424,63,0.00039833645835453396,2,2,Internal
CDW,HST,0.42011781042855434,63,0.0006751964765523857,2,2,Internal
CEG,CHD,-0.5323914043594032,63,8.436416226249342e-06,7,1,External
CEG,CPAY,-0.4107359875589968,63,0.0009132894610027983,7,2,External
CEG,ESS,-0.4622154959846596,63,0.00015558249785231165,7,1,External
CEG,ETN,0.4373157608105497,63,0.0003792494313341493,7,7,Internal
CEG,FDX,-0.4672752133123876,63,0.00012871783516019768,7,0,External
CEG,GE,0.474388566642193,63,9.810917999046668e-05,7,7,Internal
CEG,GPN,-0.4893561615472386,63,5.431662615388438e-05,7,1,External
CEG,GRMN,-0.4033469224225655,63,0.001151574048502097,7,1,External
CEG,IEX,-0.5153758971567858,63,1.815801447076347e-05,7,0,External
CEG,ITW,-0.5226500007119409,63,1.3150428325223134e-05,7,0,External
CEG,JBHT,-0.5567517648708201,63,2.6119003322950905e-06,7,0,External
CEG,KMB,-0.4021854993161276,63,0.0011937411393572832,7,3,External
CEG,LOW,-0.44291950834464944,63,0.0003121773833847613,7,0,External
CEG,MAS,-0.4294447975790906,63,0.000495696963120676,7,0,External
CEG,MKC,-0.42948353493314645,63,0.0004950519538339858,7,1,External
CEG,MMM,-0.4200851946925469,63,0.0006759160964278329,7,0,External
CEG,MTCH,-0.499607798972785,63,3.564906486865386e-05,7,1,External
CEG,MTD,-0.43334979209722,63,0.0004343824868703953,7,0,External
CEG,NRG,0.6010329326915312,63,2.4023999227957133e-07,7,2,External
CEG,NVDA,0.4101328864330125,63,0.0009309200338476604,7,7,Internal
CEG,ODFL,-0.5546878547195014,63,2.895113836985598e-06,7,0,External
CEG,OMC,-0.42056777329048733,63,0.0006653392739566738,7,0,External
CEG,ORCL,0.4074595509235611,63,0.0010128283289953636,7,7,Internal
CEG,PEG,0.5205977947071015,63,1.4414510449201431e-05,7,3,External
CEG,PG,-0.506107332600793,63,2.7104026357183265e-05,7,1,External
CEG,POOL,-0.442141338517992,63,0.0003207938459519235,7,0,External
CEG,PPG,-0.5405290226500596,63,5.760621128901426e-06,7,0,External
CEG,PWR,0.5022875487570413,63,3.186187920702556e-05,7,7,Internal
CEG,SHW,-0.41672267126007234,63,0.0007539437093617037,7,0,External
CEG,SLB,-0.4218505005484672,63,0.0006379504200818718,7,2,External
CEG,SWK,-0.41720912750546524,63,0.0007421730568491264,7,0,External
CEG,TSN,-0.4523617106800297,63,0.00022317627725590395,7,1,External
CEG,UPS,-0.4078973965544172,63,0.0009989831599102358,7,0,External
CF,CTRA,0.4290701078658425,63,0.0005019753895614911,1,2,External
CF,FTNT,0.5131496556778787,63,2.0013211935366575e-05,1,1,Internal
CF,IFF,0.4555561045617998,63,0.00019877999972834625,1,0,External
CF,LLY,0.44681603945463305,63,0.0002721229372319577,1,1,Internal
CF,MCK,0.454694146374866,63,0.00020511027133039407,1,3,External
CF,MOS,0.498349537936873,63,3.756735473989229e-05,1,2,External
CF,RL,0.46768848452051853,63,0.00012672371107252435,1,1,Internal
CF,TPL,0.45519416987203243,63,0.0002014159597624859,1,2,External
CFG,COF,0.5862685948337205,63,5.53749033214619e-07,2,2,Internal
CFG,COP,0.4125416666516643,63,0.0008622918143504338,2,2,Internal
CFG,CPAY,0.46708229044267485,63,0.00012965856088432325,2,2,Internal
CFG,DD,0.41413928551267015,63,0.0008193314276902496,2,0,External
CFG,DHR,0.4071905767114248,63,0.0010214191824597337,2,0,External
CFG,DIS,0.4321203707290701,63,0.00045289788335328804,2,4,External
CFG,DOV,0.44377541127750086,63,0.00030294443485781635,2,0,External
CFG,DVA,0.44458846627638493,63,0.00029440518871007705,2,0,External
CFG,DVN,0.47728515442622554,63,8.768820983828488e-05,2,2,Internal
CFG,FANG,0.5134266513014709,63,1.977316612568585e-05,2,2,Internal
CFG,FITB,0.7232045074586579,63,3.165869250336887e-11,2,2,Internal
CFG,HAL,0.4561419856691994,63,0.00019457991129784473,2,2,Internal
CFG,HBAN,0.7990964241415814,63,7.01193194289633e-15,2,2,Internal
CFG,HST,0.5725819050798002,63,1.1583507752073258e-06,2,2,Internal
CFG,IFF,0.42954723578639303,63,0.0004939929394470578,2,0,External
CFG,KEY,0.8538147062132663,63,1.1647270750898495e-18,2,2,Internal
CFG,KIM,0.40474591461090687,63,0.001102565823894338,2,1,External
CFG,LYB,0.4648918413439737,63,0.00014079146268916219,2,0,External
CFG,MGM,0.5398078549007874,63,5.9611156000906455e-06,2,2,Internal
CFG,MPC,0.4626943080257967,63,0.00015283586954526057,2,2,Internal
CFG,MTB,0.7833372221608214,63,5.2884930590263475e-14,2,2,Internal
CFG,NXPI,0.4369899260514199,63,0.00038352619172304946,2,2,Internal
CFG,OXY,0.45696605631953036,63,0.0001888097315224326,2,2,Internal
CFG,PEP,0.46948155622842,63,0.00011839608210571788,2,1,External
CFG,PNC,0.813789527813451,63,9.01090431822659e-16,2,2,Internal
CFG,PRU,0.4751421359844812,63,9.529369179011095e-05,2,3,External
CFG,PSX,0.4198394620136059,63,0.0006813602158749912,2,2,Internal
CFG,RCL,0.4268616660642031,63,0.0005404715714673985,2,2,Internal
CFG,RF,0.6738902339109183,63,1.937005732073143e-09,2,2,Internal
CFG,SLB,0.5302692529072884,63,9.303892005112878e-06,2,2,Internal
CFG,SNA,0.4361898040629645,63,0.00039421523113709135,2,0,External
CFG,STT,0.5118886393841864,63,2.1140577209731815e-05,2,2,Internal
CFG,SW,0.42581021336891456,63,0.0005597253839286079,2,0,External
CFG,SYF,0.5521478904876261,63,3.283054014885592e-06,2,2,Internal
CFG,TFC,0.8615755330994843,63,2.547813099878188e-19,2,2,Internal
CFG,TROW,0.5893480918550718,63,4.668247165730357e-07,2,2,Internal
CFG,USB,0.6651584970499654,63,3.7029178490083804e-09,2,2,Internal
CFG,WFC,0.4532555446566476,63,0.0002160876989497085,2,2,Internal
CFG,WYNN,0.47428620852817616,63,9.849745887471577e-05,2,2,Internal
CHD,CINF,0.4923153010579274,63,4.816601393242717e-05,1,3,External
CHD,CL,0.6967615382755569,63,3.184076514998497e-10,1,1,Internal
CHD,CLX,0.5160006738116245,63,1.7666820601993163e-05,1,0,External
CHD,CPAY,0.45340960858921486,63,0.0002148869132790785,1,2,External
CHD,CPT,0.518535749691512,63,1.5797620482496778e-05,1,1,Internal
CHD,DHI,0.41588051472140963,63,0.0007747211477999866,1,0,External
CHD,DHR,0.43687835084373566,63,0.0003850007428886916,1,0,External
CHD,DOV,0.4569310947287716,63,0.00018905131523390414,1,0,External
CHD,EQR,0.5355019089809894,63,7.300174652908808e-06,1,1,Internal
CHD,ESS,0.4969064338482739,63,3.988478499164927e-05,1,1,Internal
CHD,EXR,0.5193323481077942,63,1.5249310541063329e-05,1,1,Internal
CHD,FITB,0.40288285490017023,63,0.0011682590188874197,1,2,External
CHD,FRT,0.44578220330663093,63,0.00028226538427844074,1,1,Internal
CHD,FTV,0.479009113888776,63,8.197996296798711e-05,1,0,External
CHD,GIS,0.49609553528880607,63,4.12442935555348e-05,1,0,External
CHD,GPC,0.46278570168199157,63,0.0001523166870182233,1,0,External
CHD,GPN,0.4459995133291943,63,0.0002801052499903998,1,1,Internal
CHD,HBAN,0.417597854163157,63,0.0007328869747681085,1,2,External
CHD,HD,0.4255368859028157,63,0.0005648313623325064,1,0,External
CHD,HRL,0.4346366209974317,63,0.0004157424788869583,1,0,External
CHD,HSIC,0.4017770387033178,63,0.0012088980745427408,1,3,External
CHD,HST,0.472157009931363,63,0.0001069017335413823,1,2,External
CHD,INVH,0.5482664903407701,63,3.9707373590132735e-06,1,1,Internal
CHD,IP,0.42198917031664496,63,0.0006350516050480972,1,1,Internal
CHD,ITW,0.47233633190112995,63,0.00010616928742998965,1,0,External
CHD,JBHT,0.5078422724464614,63,2.516828720496769e-05,1,0,External
CHD,JKHY,0.4641102690090738,63,0.00014497157651449018,1,1,Internal
CHD,KDP,0.5411527491118545,63,5.592306348121627e-06,1,1,Internal
CHD,KIM,0.5452128124701506,63,4.603924671830763e-06,1,1,Internal
CHD,KMB,0.5093928742892494,63,2.354746890692834e-05,1,3,External
CHD,KO,0.42318528545546225,63,0.0006105387965737865,1,3,External
CHD,KVUE,0.4133208763442424,63,0.0008410907246571808,1,3,External
CHD,LEN,0.47712777332298845,63,8.822713711825221e-05,1,0,External
CHD,LOW,0.49400561375176527,63,4.4948112391850456e-05,1,0,External
CHD,MAA,0.5464611220245298,63,4.334479647123786e-06,1,1,Internal
CHD,MAR,0.4232460449531478,63,0.0006093168240947722,1,0,External
CHD,MAS,0.40380393463187236,63,0.0011353528164588513,1,0,External
CHD,MCD,0.4130394927368303,63,0.0008486917650076473,1,3,External
CHD,MDLZ,0.41087119731664623,63,0.0009093784661072838,1,1,Internal
CHD,MHK,0.502761216601825,63,3.123252915800377e-05,1,0,External
CHD,MKC,0.5308125873358469,63,9.074213459175208e-06,1,1,Internal
CHD,MRK,0.4637705660710933,63,0.00014682367985421977,1,0,External
CHD,MTCH,0.5036514601420076,63,3.0080722010561656e-05,1,1,Internal
CHD,MTD,0.4579489965294841,63,0.00018213227765162491,1,0,External
CHD,NVDA,-0.5697455080785774,63,1.3442067861844728e-06,1,7,External
CHD,NVR,0.47307241016611873,63,0.00010321083945425044,1,0,External
CHD,OMC,0.4235197662308245,63,0.0006038392992106943,1,0,External
CHD,PAYX,0.43448749250963237,63,0.00041786470434936914,1,1,Internal
CHD,PCAR,0.42280808423738403,63,0.0006181747810780007,1,0,External
CHD,PEP,0.4705525915274032,63,0.00011366482597951344,1,1,Internal
CHD,PG,0.7070887440504486,63,1.332275243928559e-10,1,1,Internal
CHD,PHM,0.44521827805750464,63,0.00028794213059074136,1,0,External
CHD,PKG,0.40578417301169484,63,0.0010674182981490652,1,0,External
CHD,POOL,0.49679975606479243,63,4.0061236770550704e-05,1,0,External
CHD,PSA,0.5054933045727167,63,2.782153913378254e-05,1,1,Internal
CHD,RVTY,0.4487763750243806,63,0.0002537997839069739,1,0,External
CHD,SJM,0.440138382819361,63,0.0003439790944256774,1,0,External
CHD,SYY,0.5135590670932845,63,1.9659360237328428e-05,1,1,Internal
CHD,TAP,0.5029127972996581,63,3.103357168260266e-05,1,0,External
CHD,TFC,0.428737540532471,63,0.0005076084280470327,1,2,External
CHD,TSN,0.41292064237295684,63,0.0008519208876251952,1,1,Internal
CHD,UDR,0.5600021880606324,63,2.2178593964658614e-06,1,1,Internal
CHD,USB,0.40607433794314135,63,0.001057777797726146,1,2,External
CHD,VLTO,0.4616820679015694,63,0.00015869568334419661,1,3,External
CHD,WAT,0.40662315700563956,63,0.0010397581055127763,1,0,External
CHD,WY,0.4425033657230573,63,0.0003167585892908013,1,0,External
CHD,ZTS,0.4209403071845116,63,0.0006572771506839576,1,3,External
CHRW,CI,-0.6093361429845553,63,1.474119021567247e-07,7,1,External
CHRW,DXCM,-0.40072428272438515,63,0.0012487650132415992,7,1,External
CHRW,EBAY,0.7859619857496863,63,3.8221885096011335e-14,7,7,Internal
CHRW,EXPD,0.6664636075549065,63,3.365700187245009e-09,7,0,External
CHRW,EXR,-0.5567427117286552,63,2.6130839804425353e-06,7,1,External
CHRW,FFIV,0.513601250842498,63,1.962323290006334e-05,7,7,Internal
CHRW,HII,0.6320966737054869,63,3.5866317431014055e-08,7,7,Internal
CHRW,HWM,-0.53427562181263,63,7.729932857499894e-06,7,7,Internal
CHRW,IP,-0.4736546031669737,63,0.0001009247929663463,7,1,External
CHRW,MAS,0.4603794046301447,63,0.00016653986234736048,7,0,External
CHRW,META,0.7054213474641571,63,1.537382134753556e-10,7,7,Internal
CHRW,MSFT,0.4681832867056761,63,0.00012437351942474114,7,7,Internal
CHRW,NCLH,0.6289458118031048,63,4.391675222108195e-08,7,7,Internal
CHRW,PSA,-0.43612201339365764,63,0.00039513321336236905,7,1,External
CHRW,QCOM,-0.5067228030432424,63,2.6402065343927337e-05,7,1,External
CHRW,WTW,0.5265469042372173,63,1.1028956749103318e-05,7,3,External
CHRW,XYL,0.8379552974397176,63,2.0137422805307568e-17,7,7,Internal
CHTR,CMCSA,0.6909811096113552,63,5.104319891569975e-10,0,0,Internal
CHTR,DOC,0.6922344059240451,63,4.612156477291045e-10,0,0,Internal
CHTR,TXT,0.40439695231410977,63,0.001114611125623468,0,2,External
CI,CL,0.44658277995106566,63,0.0002743818017208389,1,1,Internal
CI,CNC,0.4395658124598621,63,0.00035088209168188507,1,1,Internal
CI,CPRT,0.41495813496689987,63,0.0007980710561657472,1,3,External
CI,CVS,0.5207244599339164,63,1.4333331801963717e-05,1,1,Internal
CI,DVA,0.4489381280460624,63,0.00025233942279206386,1,0,External
CI,EBAY,-0.48746419428087817,63,5.862082894199243e-05,1,7,External
CI,ELV,0.5912417659182252,63,4.19921779827156e-07,1,1,Internal
CI,EQR,0.42841925617213905,63,0.0005130532574424656,1,1,Internal
CI,EXR,0.6006105408144441,63,2.4619272795947435e-07,1,1,Internal
CI,FFIV,-0.4204991401820202,63,0.0006668343218286659,1,7,External
CI,HUM,0.5029740583548215,63,3.0953496866898835e-05,1,8,External
CI,INVH,0.4052631875689658,63,0.0010849266106267897,1,1,Internal
CI,IP,0.5390895576691945,63,6.167264419627601e-06,1,1,Internal
CI,MAA,0.47273649833573106,63,0.0001045514034401569,1,1,Internal
CI,META,-0.5992440337620966,63,2.664158196066489e-07,1,7,External
CI,MOH,0.5035661271556068,63,3.0189397721797643e-05,1,1,Internal
CI,MRK,0.5270719567934302,63,1.076880681431285e-05,1,0,External
CI,MSFT,-0.6007730863233767,63,2.4388574328410857e-07,1,7,External
CI,PSA,0.5855684680121863,63,5.755280600910358e-07,1,1,Internal
CI,QCOM,0.4565049086569906,63,0.00019201909750332226,1,1,Internal
CI,STX,-0.4080740164486673,63,0.0009934467410017058,1,7,External
CI,SYK,0.5246762028015067,63,1.2004121945460825e-05,1,1,Internal
CI,UNH,0.5930959364656536,63,3.7831785267884874e-07,1,1,Internal
CI,WDC,-0.49268245602644806,63,4.7449477370931046e-05,1,7,External
CI,XYL,-0.6180985128765432,63,8.669503662924206e-08,1,7,External
CINF,CMS,0.4513488906068215,63,0.00023146513408708433,3,3,Internal
CINF,CNP,0.40700893111196873,63,0.0010272579411191765,3,3,Internal
CINF,CPAY,0.4587868489055245,63,0.0001766120168024823,3,2,External
CINF,CPRT,0.4706539801127776,63,0.00011322607115006245,3,3,Internal
CINF,CPT,0.5048473441727225,63,2.8595328830172245e-05,3,1,External
CINF,CTAS,0.49084092613852526,63,5.114522844531778e-05,3,3,Internal
CINF,DTE,0.40049159250176575,63,0.0012577348502478703,3,3,Internal
CINF,DUK,0.5140671095473246,63,1.922833440951602e-05,3,3,Internal
CINF,ED,0.5025420466462232,63,3.152228992201936e-05,3,3,Internal
CINF,EG,0.5854237747070629,63,5.801282449880575e-07,3,3,Internal
CINF,EIX,0.4146885576398717,63,0.0008050145428249897,3,3,Internal
CINF,EQR,0.5411618670285985,63,5.5898802144960946e-06,3,1,External
CINF,ESS,0.4975709289534382,63,3.880174955558548e-05,3,1,External
CINF,ETR,0.41643048005445954,63,0.0007610947317974007,3,3,Internal
CINF,EVRG,0.5609168631989715,63,2.1174452984228838e-06,3,3,Internal
CINF,EW,0.40679106926879516,63,0.0010343005154817909,3,3,Internal
CINF,EXC,0.44217982615991974,63,0.00032036263546367526,3,3,Internal
CINF,EXR,0.4034659859453716,63,0.001147328012238661,3,1,External
CINF,FE,0.4884177718858615,63,5.641359220544997e-05,3,3,Internal
CINF,FRT,0.5230930092789371,63,1.2891437814874377e-05,3,1,External
CINF,GL,0.5600935490206408,63,2.2076329595333594e-06,3,3,Internal
CINF,GPN,0.4255366916446664,63,0.0005648350062148148,3,1,External
CINF,HD,0.4202235130997429,63,0.0006728690644582898,3,0,External
CINF,HIG,0.8116735390238196,63,1.2242068331425166e-15,3,3,Internal
CINF,INCY,0.45965501297512396,63,0.00017105414118554786,3,1,External
CINF,INVH,0.6028621274348477,63,2.1599033680867307e-07,3,1,External
CINF,KIM,0.5234496110550501,63,1.2686415374962945e-05,3,1,External
CINF,KMB,0.4468794130541527,63,0.000271512173884889,3,3,Internal
CINF,L,0.7510451044040675,63,2.0543256722729977e-12,3,3,Internal
CINF,LIN,0.46015700249003805,63,0.00016791407658283325,3,3,Internal
CINF,LNT,0.5080055710050078,63,2.4992847420133618e-05,3,3,Internal
CINF,LOW,0.45398408482630503,63,0.00021046303378465658,3,0,External
CINF,MAA,0.5203696770909524,63,1.4561787482922373e-05,3,1,External
CINF,MCD,0.497973279105167,63,3.815926183808897e-05,3,3,Internal
CINF,MET,0.45903766997169737,63,0.00017498953230254204,3,3,Internal
CINF,MKC,0.4569906386740355,63,0.00018864003740209055,3,1,External
CINF,MMC,0.5789865841889262,63,8.23501914466272e-07,3,3,Internal
CINF,NVDA,-0.46952656505067625,63,0.00011819366990868595,3,7,External
CINF,O,0.4224244020662457,63,0.0006260307066216285,3,3,Internal
CINF,ORLY,0.44655424586096765,63,0.0002746592956856802,3,3,Internal
CINF,PAYX,0.41239805480405217,63,0.0008662515628583888,3,1,External
CINF,PFG,0.5105363490310652,63,2.2414808770116433e-05,3,3,Internal
CINF,PGR,0.5629896610972811,63,1.905417419525148e-06,3,3,Internal
CINF,PNW,0.5582317211141395,63,2.4250031311246414e-06,3,3,Internal
CINF,PPL,0.5175763392579673,63,1.648229222470738e-05,3,3,Internal
CINF,PRU,0.46017526901103084,63,0.00016780081788516038,3,3,Internal
CINF,PSA,0.4753018844291332,63,9.470647260768325e-05,3,1,External
CINF,REG,0.5228559958189527,63,1.3029404233940905e-05,3,1,External
CINF,RSG,0.5657793539369622,63,1.6513071848218797e-06,3,3,Internal
CINF,SO,0.49711584983588314,63,3.954048608871466e-05,3,3,Internal
CINF,SPG,0.45791576918071153,63,0.0001823544226051832,3,0,External
CINF,STT,0.4097568668672822,63,0.0009420672226066925,3,2,External
CINF,TJX,0.4090555640381786,63,0.0009631799701311875,3,3,Internal
CINF,TRV,0.7800993255063958,63,7.84568197085088e-14,3,3,Internal
CINF,TSN,0.4434177666005397,63,0.00030677174274381286,3,1,External
CINF,UDR,0.4904336545424746,63,5.199767842744356e-05,3,1,External
CINF,VLTO,0.4886722101753575,63,5.583775090429666e-05,3,3,Internal
CINF,VRSK,0.4161260767003935,63,0.000768609851976235,3,3,Internal
CINF,WEC,0.4291989407927388,63,0.0004998085181786867,3,3,Internal
CINF,WELL,0.4552433510065421,63,0.0002010559061091373,3,3,Internal
CINF,WM,0.5860930924996215,63,5.591345322993157e-07,3,3,Internal
CINF,WRB,0.701809924841984,63,2.089364161164336e-10,3,3,Internal
CL,CLX,0.46577637630832863,63,0.00013619428388036783,1,0,External
CL,CPT,0.456621811533721,63,0.00019120081685265609,1,1,Internal
CL,CTSH,0.5351911388006217,63,7.406927881928099e-06,1,1,Internal
CL,DGX,0.4385209305698153,63,0.00036380567162446674,1,3,External
CL,DHI,0.44924330700097426,63,0.0002496050566220529,1,0,External
CL,EPAM,0.4889447070897438,63,5.5227059781751196e-05,1,1,Internal
CL,EQR,0.5213474523896243,63,1.3940207866375382e-05,1,1,Internal
CL,ESS,0.42986041484801935,63,0.0004888162752155995,1,1,Internal
CL,EVRG,0.41177964498728875,63,0.0008834910975801555,1,3,External
CL,EXC,0.40802610669739464,63,0.0009949458021520784,1,3,External
CL,EXR,0.47145233257622143,63,0.0001098252386924192,1,1,Internal
CL,FRT,0.40641890704237715,63,0.0010464317653501487,1,1,Internal
CL,FTV,0.4842229278105056,63,6.67330318936591e-05,1,0,External
CL,GIS,0.5670104262410867,63,1.5495832382805796e-06,1,0,External
CL,GPC,0.49339254428545753,63,4.6091537901665324e-05,1,0,External
CL,GPN,0.4602029344302304,63,0.00016762941613216925,1,1,Internal
CL,HD,0.4681701470852988,63,0.00012443540846241206,1,0,External
CL,HRL,0.43050885722471227,63,0.0004782542894618352,1,0,External
CL,HSIC,0.5446425697135885,63,4.732141617682047e-06,1,3,External
CL,INVH,0.48129271848829924,63,7.494511847676008e-05,1,1,Internal
CL,IP,0.41057700597257824,63,0.0009179074915779171,1,1,Internal
CL,ITW,0.4297155302947649,63,0.0004912049718095252,1,0,External
CL,JBHT,0.4386159578299803,63,0.00036261265177588614,1,0,External
CL,JKHY,0.5619969049470948,63,2.0043570174136456e-06,1,1,Internal
CL,KDP,0.45570456240563806,63,0.0001977079493891068,1,1,Internal
CL,KIM,0.44540739997354445,63,0.00028602682566917484,1,1,Internal
CL,KMB,0.5558061393898648,63,2.73828222700745e-06,1,3,External
CL,KO,0.5031299749852048,63,3.075055922200117e-05,1,3,External
CL,LEN,0.43999621565087776,63,0.00034568143259581857,1,0,External
CL,LH,0.4027802202263013,63,0.0011719783907448694,1,3,External
CL,LNT,0.43462886987334176,63,0.0004158525418555541,1,3,External
CL,LOW,0.49038892140630314,63,5.209210355630297e-05,1,0,External
CL,MAA,0.4806762171173755,63,7.678734650251044e-05,1,1,Internal
CL,MDLZ,0.4410090525788535,63,0.0003337191681526777,1,1,Internal
CL,MKC,0.5157866313959788,63,1.783369247882744e-05,1,1,Internal
CL,MMC,0.47732080562193746,63,8.756654959559377e-05,1,3,External
CL,MRK,0.5060927354679439,63,2.7120882779316255e-05,1,0,External
CL,MTCH,0.4620110284249391,63,0.00015676912737268945,1,1,Internal
CL,MTD,0.40807938727397014,63,0.000993278818886816,1,0,External
CL,NVDA,-0.5692767734832612,63,1.377488471927936e-06,1,7,External
CL,NVR,0.4923523167744998,63,4.80933239140689e-05,1,0,External
CL,O,0.4981041610840546,63,3.7952394975541896e-05,1,3,External
CL,OMC,0.562000582164731,63,2.0039818279756325e-06,1,0,External
CL,PEP,0.48238206498030356,63,7.178916889681678e-05,1,1,Internal
CL,PFE,0.47144709386471767,63,0.00010984724519768493,1,0,External
CL,PG,0.7036533855152002,63,1.787529356825175e-10,1,1,Internal
CL,PHM,0.45363340725796214,63,0.00021315348387778907,1,0,External
CL,PKG,0.41582056205911566,63,0.0007762198490607547,1,0,External
CL,PNW,0.43975419969914253,63,0.000348597053094202,1,3,External
CL,POOL,0.43629061326364826,63,0.0003928537214854874,1,0,External
CL,PSA,0.517775994033904,63,1.633758031019222e-05,1,1,Internal
CL,RVTY,0.40923886010611477,63,0.0009576210071334125,1,0,External
CL,SO,0.4310564866102747,63,0.0004694964044112018,1,3,External
CL,TAP,0.6266486939247026,63,5.0830761459238474e-08,1,0,External
CL,TSCO,0.4232325847180613,63,0.00060958733993972,1,0,External
CL,TSN,0.5759428192188193,63,9.693390294201108e-07,1,1,Internal
CL,UDR,0.47249994734090855,63,0.00010550502383854782,1,1,Internal
CL,VLTO,0.4382585493882462,63,0.00036711833023935473,1,3,External
CL,ZTS,0.4435664697623547,63,0.0003051750801954711,1,3,External
CLX,CPAY,0.4087409473016695,63,0.0009727895324766842,0,2,External
CLX,CPB,0.4878340253379712,63,5.775549299668858e-05,0,0,Internal
CLX,CPT,0.40371484715731676,63,0.0011384986484560683,0,1,External
CLX,CTSH,0.413133279849367,63,0.0008461514155279901,0,1,External
CLX,DOC,0.455080134531427,63,0.0002022530813416785,0,0,Internal
CLX,EQR,0.41976934159845647,63,0.0006829209763046969,0,1,External
CLX,GIS,0.571003925380115,63,1.2585433285675076e-06,0,0,Internal
CLX,GPC,0.4317302540836129,63,0.00045892141712134733,0,0,Internal
CLX,HRL,0.44324620572954276,63,0.00030862330171513557,0,0,Internal
CLX,ITW,0.4053415820143751,63,0.0010822756394537677,0,0,Internal
CLX,JBHT,0.534920499909633,63,7.501078548729529e-06,0,0,Internal
CLX,JKHY,0.4650848580652199,63,0.0001397763207720854,0,1,External
CLX,JNJ,0.4071716458511653,63,0.0010220262897241846,0,3,External
CLX,KHC,0.40506902920316945,63,0.001091517447552833,0,1,External
CLX,KIM,0.46530960460197124,63,0.00013860276820205962,0,1,External
CLX,L,0.41352751848678165,63,0.0008355479276095084,0,3,External
CLX,LEN,0.45742401703023916,63,0.00018567123551064754,0,0,Internal
CLX,LOW,0.4143363902551482,63,0.000814167584405977,0,0,Internal
CLX,MAA,0.4864805683027071,63,6.098089322557266e-05,0,1,External
CLX,MAS,0.4369767051966109,63,0.00038370064634320335,0,0,Internal
CLX,MDLZ,0.4281028213639936,63,0.000518518984003265,0,1,External
CLX,MHK,0.4259313257842375,63,0.0005574763293137969,0,0,Internal
CLX,MKC,0.4892422555017778,63,5.456727140539892e-05,0,1,External
CLX,MRNA,0.4459771660884693,63,0.000280326690625508,0,0,Internal
CLX,MTD,0.517725933056103,63,1.637375379073299e-05,0,0,Internal
CLX,NUE,0.4117697153795216,63,0.0008837704177501533,0,0,Internal
CLX,NVDA,-0.551104519312875,63,3.456065982920327e-06,0,7,External
CLX,NVR,0.4266184042339202,63,0.0005448718321980312,0,0,Internal
CLX,O,0.4436804992314718,63,0.0003039558585599559,0,3,External
CLX,OMC,0.5356037139188352,63,7.2655163606685125e-06,0,0,Internal
CLX,PCAR,0.4006489326442252,63,0.0012516633163641936,0,0,Internal
CLX,PEP,0.44748263931225374,63,0.0002657609422055366,0,1,External
CLX,PFE,0.45534973937262524,63,0.00020027905503518107,0,0,Internal
CLX,PG,0.4624664752271517,63,0.00015413720071249037,0,1,External
CLX,PHM,0.4254653536211096,63,0.0005661746038091684,0,0,Internal
CLX,POOL,0.4698632388968714,63,0.00011668964660881817,0,0,Internal
CLX,REG,0.4258835611471153,63,0.0005583623360778562,0,1,External
CLX,RVTY,0.402200143410784,63,0.0011932009253608853,0,0,Internal
CLX,SJM,0.4119444018637212,63,0.0008788681067753443,0,0,Internal
CLX,SWK,0.4087235191155024,63,0.0009733243743730285,0,0,Internal
CLX,SYY,0.4322512073721086,63,0.00045089387845611195,0,1,External
CLX,TAP,0.4948744434250775,63,4.337252389108361e-05,0,0,Internal
CLX,TFC,0.40425721410536475,63,0.0011194676915134952,0,2,External
CLX,TGT,0.42991902559948725,63,0.0004878529684476226,0,0,Internal
CLX,TSN,0.5194197222407142,63,1.5190257886326328e-05,0,1,External
CLX,VICI,0.4214474971380621,63,0.0006464431950452781,0,3,External
CLX,WY,0.43096715397963486,63,0.0004709150174661325,0,0,Internal
CMCSA,CPAY,0.41792019755742876,63,0.0007252665917402804,0,2,External
CMCSA,DIS,0.42079518623011475,63,0.0006604071733355132,0,4,External
CMCSA,DOC,0.49032858286927966,63,5.221972024141804e-05,0,0,Internal
CMCSA,EXPD,0.4547591279568328,63,0.00020462668824507737,0,0,Internal
CMCSA,EXPE,0.4977433779293163,63,3.852516129161593e-05,0,0,Internal
CMCSA,HWM,-0.45332054882583894,63,0.00021558030492006445,0,7,External
CMCSA,ITW,0.4479228910451239,63,0.0002616340178184239,0,0,Internal
CMCSA,JBHT,0.4383448355048328,63,0.0003660259160066216,0,0,Internal
CMCSA,MAS,0.47557057315619117,63,9.37263046383558e-05,0,0,Internal
CMCSA,NVDA,-0.41978398794428523,63,0.000682594706394524,0,7,External
CMCSA,ODFL,0.4732001271153244,63,0.00010270530517006684,0,0,Internal
CMCSA,PRU,0.4237879884080254,63,0.0005985151787858462,0,3,External
CMCSA,TFC,0.400422362587303,63,0.0012604147199527936,0,2,External
CME,COR,0.4394798928971193,63,0.0003519287769541179,3,3,Internal
CME,HPQ,-0.46984645808309733,63,0.00011676419311359987,3,0,External
CME,ICE,0.6060538665522529,63,1.7910382406945986e-07,3,3,Internal
CME,KEYS,-0.4111838432736793,63,0.0009003929211487075,3,0,External
CME,KR,0.41966645187984025,63,0.0006852169880724034,3,3,Internal
CME,NXPI,-0.4480639021838928,63,0.0002603246105519652,3,2,External
CME,ON,-0.5406117187909074,63,5.738036790820234e-06,3,2,External
CME,ORLY,0.43955664578949055,63,0.00035099362610273847,3,3,Internal
CMG,CPAY,0.47539860269921363,63,9.435256608630654e-05,2,2,Internal
CMG,CVS,0.4473545494404248,63,0.0002669727766626911,2,1,External
CMG,DD,0.42949721650834527,63,0.0004948243264894248,2,0,External
CMG,DOW,0.6799366864835606,63,1.2207968748393812e-09,2,2,Internal
CMG,HON,0.6101348113048501,63,1.4054278380307135e-07,2,2,Internal
CMG,IBM,0.483883089589928,63,6.764098083563138e-05,2,2,Internal
CMG,LKQ,0.7527586029631159,63,1.715898989453563e-12,2,2,Internal
CMG,LUV,0.5897075849539128,63,4.57558417390041e-07,2,2,Internal
CMG,LYB,0.5514610078756143,63,3.3960172063431514e-06,2,0,External
CMG,MOH,0.564369900922631,63,1.775437616319374e-06,2,1,External
CMG,NDAQ,-0.545923980965962,63,4.44856374352412e-06,2,3,External
CMG,TXT,0.5811632468025439,63,7.321246724140164e-07,2,2,Internal
CMG,UHS,0.49142021850421075,63,4.995494386510911e-05,2,2,Internal
CMG,UNP,0.5360568868218453,63,7.113091012855322e-06,2,2,Internal
CMG,VLO,0.4688787200640524,63,0.00012113801568322817,2,2,Internal
CMG,WAB,0.48967066519461144,63,5.3630082707092456e-05,2,2,Internal
CMG,WST,-0.5785321174455218,63,8.438844052357142e-07,2,3,External
CMI,DOV,0.4825584742019148,63,7.128977208756195e-05,0,0,Internal
CMI,HUBB,0.42588329636377015,63,0.0005583672512179201,0,0,Internal
CMI,IQV,0.41176722885254236,63,0.0008838403763190248,0,0,Internal
CMI,IT,-0.4290241708226665,63,0.0005027500773600313,0,3,External
CMI,ITW,0.5034435045264615,63,3.034620032424044e-05,0,0,Internal
CMI,J,0.5881693933325555,63,4.984589520599295e-07,0,0,Internal
CMI,LDOS,0.4456539843099046,63,0.00028354704800253553,0,0,Internal
CMI,MAS,0.41728539127211783,63,0.0007403428798002447,0,0,Internal
CMI,MHK,0.41031358460048933,63,0.0009256056784011727,0,0,Internal
CMI,MSCI,-0.45430865378093704,63,0.00020800062276397642,0,7,External
CMI,MTD,0.4032517663069437,63,0.0011549776704091917,0,0,Internal
CMI,NDSN,0.4746772587101037,63,9.702164686649248e-05,0,0,Internal
CMI,NFLX,-0.49772508427201634,63,3.855441551084151e-05,0,18,External
CMI,PCAR,0.6103219912536362,63,1.3897711486088967e-07,0,0,Internal
CMI,PH,0.4488629147408733,63,0.0002530175161308295,0,0,Internal
CMI,PNR,0.4545564326016818,63,0.00020613857568799697,0,0,Internal
CMI,POOL,0.4149799139985635,63,0.0007975124666173757,0,0,Internal
CMI,SWK,0.4688544194947258,63,0.00012124975762367589,0,0,Internal
CMI,TGT,0.5142392284607502,63,1.908430805948317e-05,0,0,Internal
CMI,URI,0.42498554484593276,63,0.0005752597020417823,0,0,Internal
CMI,WY,0.42574620890984144,63,0.0005609172682282019,0,0,Internal
CMS,CNP,0.696264591779502,63,3.3173552728946487e-10,3,3,Internal
CMS,D,0.6864808630144231,63,7.315568699055437e-10,3,3,Internal
CMS,DTE,0.8571580561988461,63,6.118401326783005e-19,3,3,Internal
CMS,DUK,0.781021667771914,63,7.016651713080381e-14,3,3,Internal
CMS,EBAY,0.4744813560708921,63,9.775841565034716e-05,3,7,External
CMS,ED,0.8274022161246491,63,1.1382764544499279e-16,3,3,Internal
CMS,EIX,0.5153022422037525,63,1.8216749265241515e-05,3,3,Internal
CMS,ES,0.6461938980715826,63,1.4086133327477981e-08,3,3,Internal
CMS,ETR,0.7566653809388808,63,1.1320181700547056e-12,3,3,Internal
CMS,EVRG,0.7977021886401449,63,8.444307472072957e-15,3,3,Internal
CMS,EXC,0.8214133025334376,63,2.8900516009076705e-16,3,3,Internal
CMS,FE,0.7272754536166811,63,2.1671799363644458e-11,3,3,Internal
CMS,HIG,0.46630747193048866,63,0.00013350065748041727,3,3,Internal
CMS,HOLX,0.42951890240951685,63,0.0004944637219253113,3,3,Internal
CMS,INVH,0.40396815134913705,63,0.001129574555324933,3,1,External
CMS,ITW,0.4213739141634177,63,0.0006480048781909388,3,0,External
CMS,L,0.4599538021214864,63,0.00016917872269184295,3,3,Internal
CMS,LNT,0.7997977759241762,63,6.3824903770570984e-15,3,3,Internal
CMS,NCLH,0.43775426295469827,63,0.0003735624105618347,3,7,External
CMS,NEE,0.4541797541889177,63,0.000208975372889335,3,3,Internal
CMS,NFLX,-0.41608336188121564,63,0.0007696697510890558,3,18,External
CMS,NI,0.5591426182314042,63,2.3162688819160782e-06,3,3,Internal
CMS,PAYC,0.4268415000559329,63,0.0005408351156647768,3,1,External
CMS,PCG,0.4611474391149207,63,0.0001618731002393883,3,3,Internal
CMS,PEG,0.4913829470686433,63,5.003074939322432e-05,3,3,Internal
CMS,PNW,0.8503612860094173,63,2.227527612288697e-18,3,3,Internal
CMS,PPL,0.6319893858466433,63,3.611582748731872e-08,3,3,Internal
CMS,REG,0.4508343896723735,63,0.00023578273891765357,3,1,External
CMS,SBAC,0.4096004427049734,63,0.0009467398384521903,3,3,Internal
CMS,SO,0.7153855383805168,63,6.436134371217085e-11,3,3,Internal
CMS,SRE,0.6669737145996927,63,3.2419873878413184e-09,3,3,Internal
CMS,TRV,0.5416900347653701,63,5.451006721542363e-06,3,3,Internal
CMS,VICI,0.6109312839874831,63,1.3399372796265294e-07,3,3,Internal
CMS,VLTO,0.4029664814130057,63,0.0011652363455608933,3,3,Internal
CMS,VTR,0.5118288463494544,63,2.119546833087907e-05,3,3,Internal
CMS,WEC,0.8530154430108435,63,1.355300351964423e-18,3,3,Internal
CMS,WELL,0.40947544001869535,63,0.0009504888777975077,3,3,Internal
CMS,WRB,0.46132999093903376,63,0.0001607816549475401,3,3,Internal
CMS,WTW,0.4768895805551466,63,8.904859320460706e-05,3,3,Internal
CMS,XEL,0.6376195702485064,63,2.5010703008452773e-08,3,3,Internal
CNC,CVS,0.5267011722088819,63,1.0951920824254746e-05,1,1,Internal
CNC,ELV,0.6894846772468111,63,5.75739197623521e-10,1,1,Internal
CNC,MMC,0.45139809126650166,63,0.00023105606142987743,1,3,External
CNC,MOH,0.8618083226322396,63,2.4308335171511905e-19,1,1,Internal
CNC,UNH,0.5254302635534396,63,1.1601777961105273e-05,1,1,Internal
CNC,WRB,0.41888083165433193,63,0.0007029801412941554,1,3,External
CNP,CTAS,0.45244840140554915,63,0.00022247957494904696,3,3,Internal
CNP,D,0.5445845324218985,63,4.745376248413295e-06,3,3,Internal
CNP,DTE,0.7249102967469971,63,2.7032061601233546e-11,3,3,Internal
CNP,DUK,0.7379979508195184,63,7.725755150164413e-12,3,3,Internal
CNP,ED,0.6727051736839601,63,2.117767172350021e-09,3,3,Internal
CNP,EQIX,0.4436824500006558,63,0.0003039350393442606,3,1,External
CNP,ES,0.5415477975561379,63,5.488085713314175e-06,3,3,Internal
CNP,ETR,0.7883478081233071,63,2.834067893253578e-14,3,3,Internal
CNP,EVRG,0.6589170707419119,63,5.808412316968409e-09,3,3,Internal
CNP,EXC,0.7853885627686916,63,4.104761037712534e-14,3,3,Internal
CNP,FE,0.6839189319366155,63,8.953540292731017e-10,3,3,Internal
CNP,GL,0.4764689660361751,63,9.05163818364223e-05,3,3,Internal
CNP,HIG,0.5212688723169452,63,1.3989235634674886e-05,3,3,Internal
CNP,ICE,0.4551390029766016,63,0.0002018205373335163,3,3,Internal
CNP,KO,0.4038734212290623,63,0.0011329045633419685,3,3,Internal
CNP,LNT,0.6899570849575805,63,5.543101171501845e-10,3,3,Internal
CNP,NI,0.7127200192202117,63,8.153452414167687e-11,3,3,Internal
CNP,PCG,0.4622820447057758,63,0.00015519806221498552,3,3,Internal
CNP,PEG,0.6914710500439982,63,4.906258507015876e-10,3,3,Internal
CNP,PNW,0.625849196886176,63,5.34693764965325e-08,3,3,Internal
CNP,PPL,0.651165601662808,63,1.001390661480569e-08,3,3,Internal
CNP,REG,0.4190082209965918,63,0.0007000717895570299,3,1,External
CNP,ROL,0.5113852298771097,63,2.1606864185550217e-05,3,3,Internal
CNP,SO,0.6886894394047148,63,6.136009028448771e-10,3,3,Internal
CNP,SRE,0.6836655920594442,63,9.133214171200354e-10,3,3,Internal
CNP,TRV,0.5385545183294023,63,6.32511731511084e-06,3,3,Internal
CNP,VTR,0.46826447911491936,63,0.00012399172107988298,3,3,Internal
CNP,WEC,0.7232136070623016,63,3.16321198967431e-11,3,3,Internal
CNP,WELL,0.5180865869254421,63,1.6114802946107243e-05,3,3,Internal
CNP,WM,0.5020412142109171,63,3.219379842730007e-05,3,3,Internal
CNP,WRB,0.5296112034968432,63,9.589307034288855e-06,3,3,Internal
CNP,XEL,0.5714918746338196,63,1.226725634459791e-06,3,3,Internal
COF,DOW,0.43259097726558576,63,0.00044572728159344624,2,2,Internal
COF,FITB,0.5327111392057262,63,8.312445194108554e-06,2,2,Internal
COF,GS,0.4394286596618976,63,0.0003525542616038414,2,2,Internal
COF,HBAN,0.547878443100034,63,4.046427368271153e-06,2,2,Internal
COF,HON,0.5146366405501578,63,1.875557584626631e-05,2,2,Internal
COF,JPM,0.4474977421715443,63,0.00026561838852522584,2,2,Internal
COF,KEY,0.5915678996549657,63,4.123053756401532e-07,2,2,Internal
COF,LKQ,0.4767755640203874,63,8.94442887354007e-05,2,2,Internal
COF,MGM,0.4248139154915953,63,0.0005785414603899733,2,2,Internal
COF,MTB,0.5338816768812391,63,7.87291884914739e-06,2,2,Internal
COF,PNC,0.5812635133098447,63,7.281538761171242e-07,2,2,Internal
COF,PRU,0.46490623955292165,63,0.000140715504607114,2,3,External
COF,RF,0.46593473405186675,63,0.00013538594604525954,2,2,Internal
COF,STT,0.4446807362852301,63,0.00029345011913849107,2,2,Internal
COF,SYF,0.6364418965769117,63,2.7025337805930005e-08,2,2,Internal
COF,TFC,0.5083519679060667,63,2.4624441920589e-05,2,2,Internal
COF,USB,0.598217950741916,63,2.826175066394609e-07,2,2,Internal
COF,WFC,0.5038071594037645,63,2.9883364423562516e-05,2,2,Internal
COO,GIS,0.5154159973713447,63,1.8126111238524667e-05,0,0,Internal
COO,HRL,0.8421922380129996,63,9.698762506070225e-18,0,0,Internal
COO,KHC,0.40512748561440515,63,0.001089529318583887,0,1,External
COO,MKC,0.4037553123420549,63,0.0011370687811861162,0,1,External
COO,MTD,0.4243516965213305,63,0.000587464288638504,0,0,Internal
COO,PFE,0.4033647542360127,63,0.001150937231637098,0,0,Internal
COO,PPG,0.4118546188221385,63,0.0008813846544372338,0,0,Internal
COO,RMD,0.46299472662340724,63,0.0001511353485456794,0,3,External
COO,STE,0.40522315842168244,63,0.0010862824843570933,0,0,Internal
COO,SWKS,0.41438610212055416,63,0.0008128698649251751,0,1,External
COO,TECH,0.5025391204880543,63,3.1526175325776496e-05,0,0,Internal
COO,VTRS,0.401732119921481,63,0.0012105754250850281,0,0,Internal
COO,ZBH,0.44203472548892786,63,0.00032199109014685384,0,0,Internal
COO,ZTS,0.4069382847920701,63,0.0010295368923094615,0,3,External
COP,CTRA,0.6022287800468213,63,2.241131332480821e-07,2,2,Internal
COP,CVX,0.8013801592828934,63,5.155076069252115e-15,2,2,Internal
COP,DLTR,0.4040960421595591,63,0.001125092852543397,2,2,Internal
COP,DVN,0.8728762907662607,63,2.344276161034441e-20,2,2,Internal
COP,EOG,0.8790004123160994,63,5.839163990187271e-21,2,2,Internal
COP,FANG,0.8338047750768024,63,4.037566951927176e-17,2,2,Internal
COP,HAL,0.7565629096949623,63,1.1445492846666449e-12,2,2,Internal
COP,HST,0.44786393636089405,63,0.0002621832433080748,2,2,Internal
COP,MPC,0.5034004255253911,63,3.0401465987011685e-05,2,2,Internal
COP,NDSN,0.40275996868948855,63,0.0011727135433576244,2,0,External
COP,NUE,0.41485719950870803,63,0.0008006644758896199,2,0,External
COP,NXPI,0.405133367598139,63,0.001089329450495463,2,2,Internal
COP,OKE,0.509799589975889,63,2.3138655671117763e-05,2,2,Internal
COP,OXY,0.7750242156748901,63,1.4368090167619868e-13,2,2,Internal
COP,PCAR,0.48017149941270737,63,7.832650466502057e-05,2,0,External
COP,PNC,0.4320046104024099,63,0.00045467771654875453,2,2,Internal
COP,PSX,0.6647635744351997,63,3.8111143729881775e-09,2,2,Internal
COP,SLB,0.7143501494582861,63,7.057676945314069e-11,2,2,Internal
COP,TFC,0.4164661981596358,63,0.0007602172945636799,2,2,Internal
COP,TMO,0.45370030378929,63,0.0002126378272958842,2,0,External
COP,TPL,0.4574510864307442,63,0.00018548722789654936,2,2,Internal
COP,TRGP,0.4562276395428167,63,0.00019397272717803387,2,2,Internal
COP,VLO,0.4526689646615973,63,0.0002207159479650922,2,2,Internal
COP,XOM,0.790830709357538,63,2.0674886270241235e-14,2,2,Internal
COR,CTVA,0.4273861213933963,63,0.0005310944838189521,3,0,External
COR,GILD,0.563969892455416,63,1.8122263525336323e-06,3,3,Internal
COR,HIG,0.4413123628384747,63,0.0003302110365885387,3,3,Internal
COR,L,0.4436105919352637,63,0.0003047027904352286,3,3,Internal
COR,MCK,0.8452360155210932,63,5.662052760199817e-18,3,3,Internal
COR,WELL,0.4502078392215019,63,0.00024114003882987422,3,3,Internal
COR,WM,0.42635934674218384,63,0.0005495935516975352,3,3,Internal
COR,WRB,0.536270080458909,63,7.042418468782859e-06,3,3,Internal
COST,KR,0.4215120419438215,63,0.000645076142065941,3,3,Internal
COST,NDSN,-0.40682125827925164,63,0.001033322037691654,3,0,External
COST,WMT,0.6918915997641081,63,4.742095734143246e-10,3,3,Internal
CPAY,CTSH,0.49958213228727827,63,3.5687272462924434e-05,2,1,External
CPAY,DIS,0.6086244161168736,63,1.5379863427812997e-07,2,4,External
CPAY,DOV,0.4868211974539013,63,6.015385953855521e-05,2,0,External
CPAY,DOW,0.4977929118948479,63,3.84460522962945e-05,2,2,Internal
CPAY,DPZ,0.4212098391750737,63,0.0006514994316940335,2,3,External
CPAY,DRI,0.4071339128963688,63,0.0010232373457420955,2,3,External
CPAY,DVA,0.5556139767935134,63,2.7646537679161988e-06,2,0,External
CPAY,EIX,0.4700412233268606,63,0.00011590166224352009,2,3,External
CPAY,FIS,0.43075237437644576,63,0.00047434170427859907,2,3,External
CPAY,GD,0.4009937751367348,63,0.001238448480517818,2,7,External
CPAY,GPC,0.4492506180077706,63,0.00024953988431516164,2,0,External
CPAY,GPN,0.46564378409002444,63,0.00013687450669137757,2,1,External
CPAY,HAS,0.446491232829214,63,0.00027527300546463767,2,0,External
CPAY,HD,0.4537222532995415,63,0.00021246888340806951,2,0,External
CPAY,HON,0.5886452199383595,63,4.854536095376632e-07,2,2,Internal
CPAY,IFF,0.5010856010339498,63,3.351195015171737e-05,2,0,External
CPAY,INVH,0.4928125602001162,63,4.71979393645572e-05,2,1,External
CPAY,ITW,0.425371966235147,63,0.0005679326056604743,2,0,External
CPAY,JBHT,0.5709997711265018,63,1.2588175053103884e-06,2,0,External
CPAY,JKHY,0.5181408977221893,63,1.6076138730546602e-05,2,1,External
CPAY,JNJ,0.41067500082777386,63,0.0009150584916618753,2,3,External
CPAY,KIM,0.40194444717028127,63,0.0012026651449058518,2,1,External
CPAY,L,0.43405296629886403,63,0.00042410471926137243,2,3,External
CPAY,LEN,0.4522444413411359,63,0.00022412190486139954,2,0,External
CPAY,LKQ,0.4842901762377983,63,6.655470100581636e-05,2,2,Internal
CPAY,LOW,0.47074876340352967,63,0.00011281730880095064,2,0,External
CPAY,LYB,0.4735137281902899,63,0.00010147364249464448,2,0,External
CPAY,MAA,0.4235641976371114,63,0.0006029543929918498,2,1,External
CPAY,MAS,0.46270927838594034,63,0.00015275071598189454,2,0,External
CPAY,MCD,0.43270574208904644,63,0.00044399435193449556,2,3,External
CPAY,MGM,0.4348795035378575,63,0.000412307042683205,2,2,Internal
CPAY,MHK,0.403715097970819,63,0.0011384897807888204,2,0,External
CPAY,MKC,0.5194277087044814,63,1.5184870767129912e-05,2,1,External
CPAY,MRK,0.4435465998322132,63,0.00030538798870501067,2,0,External
CPAY,MTD,0.44990455843947236,63,0.0002437729967468471,2,0,External
CPAY,NCLH,0.4214498176072081,63,0.0006463940022584012,2,7,External
CPAY,NVDA,-0.5329320670902331,63,8.227778064797926e-06,2,7,External
CPAY,NWSA,0.44543699549370935,63,0.00028572815603432214,2,4,External
CPAY,OMC,0.4658611254326677,63,0.00013576113217924845,2,0,External
CPAY,PEP,0.41215573084607493,63,0.0008729703255596024,2,1,External
CPAY,PG,0.41388388666335957,63,0.0008260665260372504,2,1,External
CPAY,PKG,0.4008187305394099,63,0.0012451406549053665,2,0,External
CPAY,PNC,0.42695282940920926,63,0.000538830884515437,2,2,Internal
CPAY,PSA,0.4188860545902451,63,0.0007028606847226993,2,1,External
CPAY,ROK,0.40525335205838714,63,0.0010852596191967656,2,0,External
CPAY,SHW,0.4481849328174406,63,0.00025920551702127213,2,0,External
CPAY,SPG,0.45825670084420606,63,0.00018008683500127462,2,0,External
CPAY,SYK,0.44240592277828183,63,0.0003178401364595462,2,1,External
CPAY,TECH,0.40876594763958585,63,0.0009720227770071683,2,0,External
CPAY,TFC,0.47089574141977125,63,0.00011218613317715997,2,2,Internal
CPAY,TMO,0.41538263957589777,63,0.0007872468617053406,2,0,External
CPAY,V,0.5515079417240358,63,3.3881844434476938e-06,2,3,External
CPAY,ZTS,0.48203969837611776,63,7.276758759607372e-05,2,3,External
CPB,CPT,0.4469247910638852,63,0.00027107561262017623,0,1,External
CPB,DHI,0.4061632883974233,63,0.0010548382501434064,0,0,Internal
CPB,EQR,0.5042124234654937,63,2.9375277856871618e-05,0,1,External
CPB,ESS,0.4445303668893138,63,0.0002950080193818387,0,1,External
CPB,FRT,0.4010174087173171,63,0.0012375474236382107,0,1,External
CPB,GIS,0.7347250165275149,63,1.0640278784421647e-11,0,0,Internal
CPB,HD,0.43061528872801924,63,0.00047654066214358406,0,0,Internal
CPB,IQV,0.4640053833074634,63,0.00014554112599935356,0,0,Internal
CPB,JBHT,0.4231614679753772,63,0.0006110184109068228,0,0,Internal
CPB,KHC,0.683529755552839,63,9.230957251814325e-10,0,1,External
CPB,LEN,0.42057522727642754,63,0.0006651770853536431,0,0,Internal
CPB,LOW,0.42344303299578173,63,0.0006053703101418791,0,0,Internal
CPB,LW,0.4479579437336333,63,0.00026130796329134503,0,0,Internal
CPB,MAA,0.44866456589084497,63,0.00025481374463756363,0,1,External
CPB,MAS,0.43596962899730124,63,0.00039720382407273166,0,0,Internal
CPB,MDLZ,0.43190520872575566,63,0.0004562111061738501,0,1,External
CPB,MHK,0.4801144883747332,63,7.850213717472468e-05,0,0,Internal
CPB,MKC,0.4898794094842999,63,5.317883886575217e-05,0,1,External
CPB,MTD,0.4977807118007051,63,3.846552269038969e-05,0,0,Internal
CPB,NVR,0.4323376385547528,63,0.00044957445206909234,0,0,Internal
CPB,OMC,0.46169138886932914,63,0.00015864079760077794,0,0,Internal
CPB,PFE,0.4363945509437242,63,0.0003914544434507543,0,0,Internal
CPB,PHM,0.42528482803396783,63,0.0005695774336410518,0,0,Internal
CPB,POOL,0.40632822864570634,63,0.0010494069504794975,0,0,Internal
CPB,PSA,0.44927002953075923,63,0.00024936692016810995,0,1,External
CPB,SCHW,-0.4989994444702892,63,3.656492510606691e-05,0,2,External
CPB,SJM,0.549930213489568,63,3.660961717452156e-06,0,0,Internal
CPB,SWK,0.4401870589735303,63,0.0003433979949207767,0,0,Internal
CPB,TAP,0.41077490203911626,63,0.0009121622906727577,0,0,Internal
CPB,TGT,0.4160951002920746,63,0.0007693783497359262,0,0,Internal
CPB,TMO,0.4885798671175805,63,5.6046110298221916e-05,0,0,Internal
CPB,TSN,0.4592276684203782,63,0.00017376959546560559,0,1,External
CPB,WY,0.47250352668621226,63,0.00010549053483738716,0,0,Internal
CPRT,GPC,0.521214214207712,63,1.402343242335057e-05,3,0,External
CPRT,HD,0.4542644125282315,63,0.00020833470902759677,3,0,External
CPRT,HIG,0.464937305889109,63,0.00014055174154296003,3,3,Internal
CPRT,INVH,0.41261961626496385,63,0.0008601493978805075,3,1,External
CPRT,ITW,0.41358357727400447,63,0.0008340499578859576,3,0,External
CPRT,KIM,0.410763708561304,63,0.0009124863845459345,3,1,External
CPRT,LIN,0.4214004621528297,63,0.0006474410449428196,3,3,Internal
CPRT,LOW,0.45122016587057395,63,0.0002325385347974505,3,0,External
CPRT,LULU,0.40165412991762095,63,0.0012134926934661626,3,2,External
CPRT,MAR,0.490112124280241,63,5.267991175675891e-05,3,0,External
CPRT,MET,0.41965858171212567,63,0.0006853929005295091,3,3,Internal
CPRT,MHK,0.4088623085988953,63,0.0009690725050558229,3,0,External
CPRT,MMC,0.4344492133438692,63,0.00041841103723505845,3,3,Internal
CPRT,NVR,0.414476573473826,63,0.0008105129245015255,3,0,External
CPRT,PGR,0.427286666185992,63,0.0005328612767698211,3,3,Internal
CPRT,PNC,0.41893969536866665,63,0.0007016349011053286,3,2,External
CPRT,PRU,0.5318885061269099,63,8.634893887465047e-06,3,3,Internal
CPRT,REG,0.4299144053677531,63,0.00048792884235063965,3,1,External
CPRT,ROST,0.4436517884731447,63,0.00030426241926069443,3,3,Internal
CPRT,SHW,0.4084662925591343,63,0.0009812491491199475,3,0,External
CPRT,SPG,0.4917495280259465,63,4.928976321217107e-05,3,0,External
CPRT,TROW,0.489579151753689,63,5.382902026659902e-05,3,2,External
CPRT,VLTO,0.43403566490451845,63,0.0004243549221272159,3,3,Internal
CPT,CRL,0.40570920829392937,63,0.0010699217824638272,1,0,External
CPT,DD,0.5452620547516902,63,4.593006186261603e-06,1,0,External
CPT,DOC,0.4705985464554495,63,0.00011346576470802532,1,0,External
CPT,DOV,0.4705762617979099,63,0.00011356225428994383,1,0,External
CPT,DOW,0.4486226724624427,63,0.00025519461490017715,1,2,External
CPT,DVA,0.5205652185818728,63,1.4435457157737279e-05,1,0,External
CPT,EPAM,0.46886713619818465,63,0.0001211912702696034,1,1,Internal
CPT,EQIX,0.5978631094400912,63,2.884328875765956e-07,1,1,Internal
CPT,EQR,0.8969305032603241,63,6.195221389887593e-23,1,1,Internal
CPT,ESS,0.842069713464666,63,9.908821914181567e-18,1,1,Internal
CPT,EXR,0.5760691092354717,63,9.628349411858786e-07,1,1,Internal
CPT,FRT,0.7393704580857493,63,6.7457826919468615e-12,1,1,Internal
CPT,FTV,0.5775099036222937,63,8.914723830734092e-07,1,0,External
CPT,GIS,0.5169320714934812,63,1.695742261235367e-05,1,0,External
CPT,GPC,0.49775056279475766,63,3.85136772625582e-05,1,0,External
CPT,GRMN,0.4568852672923576,63,0.00018936841042184506,1,1,Internal
CPT,HD,0.4316831764677662,63,0.00045965321593982074,1,0,External
CPT,IEX,0.5062781807922558,63,2.6907455260423122e-05,1,0,External
CPT,IFF,0.4970638540243194,63,3.962571448999294e-05,1,0,External
CPT,INVH,0.8613636683204091,63,2.6589668776135596e-19,1,1,Internal
CPT,IQV,0.46473330252272654,63,0.0001416303298812588,1,0,External
CPT,IRM,0.48189064831847384,63,7.319737189732711e-05,1,1,Internal
CPT,ITW,0.4154706022896484,63,0.0007850206300863493,1,0,External
CPT,J,0.4053446061428184,63,0.0010821734931788145,1,0,External
CPT,JBHT,0.43417484742895274,63,0.00042234594421207807,1,0,External
CPT,KHC,0.633709837720686,63,3.230558521787688e-08,1,1,Internal
CPT,KIM,0.7032675932540944,63,1.8470408279526135e-10,1,1,Internal
CPT,LOW,0.4077234189610604,63,0.001004463950801787,1,0,External
CPT,LYB,0.4916554259158906,63,4.947900267265761e-05,1,0,External
CPT,MAA,0.9189408223739545,63,6.344530650719535e-26,1,1,Internal
CPT,MDLZ,0.4048508730395725,63,0.0010989659402217034,1,1,Internal
CPT,MHK,0.4576099819712089,63,0.00018441047955947558,1,0,External
CPT,MKC,0.544131570322286,63,4.849861309764371e-06,1,1,Internal
CPT,MSFT,-0.4367176070738396,63,0.0003871341721450928,1,7,External
CPT,MTD,0.47603778631582816,63,9.20441255253056e-05,1,0,External
CPT,NDSN,0.4006215623443488,63,0.0012527175989765502,1,0,External
CPT,NVDA,-0.43619805571521075,63,0.0003941036246808718,1,7,External
CPT,O,0.49559459963589786,63,4.2105411369421624e-05,1,3,External
CPT,OMC,0.5257381917923667,63,1.1441112511050448e-05,1,0,External
CPT,PAYX,0.5525096630599772,63,3.2249788800321526e-06,1,1,Internal
CPT,PFE,0.4804735113399708,63,7.74021267583343e-05,1,0,External
CPT,PHM,0.42298354462807985,63,0.0006146120897518891,1,0,External
CPT,PLD,0.6897766283505582,63,5.624048338673564e-10,1,1,Internal
CPT,PPG,0.491389557269178,63,5.001729731059091e-05,1,0,External
CPT,PSA,0.6481073141530995,63,1.236175058704688e-08,1,1,Internal
CPT,REG,0.5772822146293841,63,9.024095535017639e-07,1,1,Internal
CPT,RVTY,0.4602878149660361,63,0.0001671045378511932,1,0,External
CPT,SJM,0.4109641775830731,63,0.000906697759551088,1,0,External
CPT,SPG,0.625278705558893,63,5.5430679034995135e-08,1,0,External
CPT,STZ,0.48273716510275916,63,7.078718228755538e-05,1,0,External
CPT,SYK,0.5322021516148359,63,8.51060424274949e-06,1,1,Internal
CPT,TECH,0.46843762459438476,63,0.00012318111691091908,1,0,External
CPT,TSN,0.42755936915724135,63,0.0005280294870253673,1,1,Internal
CPT,UDR,0.9252428059157591,63,6.13457131989422e-27,1,1,Internal
CPT,WY,0.5856159654910129,63,5.740254727452501e-07,1,0,External
CPT,ZBH,0.40687103648782286,63,0.0010317104632235278,1,0,External
CRL,DD,0.46040309628973375,63,0.00016639408177263155,0,0,Internal
CRL,DHI,0.4992305080783975,63,3.621453182730822e-05,0,0,Internal
CRL,DHR,0.6222254634392955,63,6.713492101199586e-08,0,0,Internal
CRL,DOC,0.4293482500066145,63,0.0004973078855009618,0,0,Internal
CRL,DOV,0.4612284156090026,63,0.0001613881203735346,0,0,Internal
CRL,DPZ,0.4063050272311174,63,0.0010501694201938353,0,3,External
CRL,DVA,0.5737398425252305,63,1.0896391803753624e-06,0,0,Internal
CRL,EMR,0.48100365630601366,63,7.580376208110039e-05,0,0,Internal
CRL,FTV,0.5205687192997377,63,1.443320481260702e-05,0,0,Internal
CRL,GPC,0.4683960583145332,63,0.00012337526983498541,0,0,Internal
CRL,IFF,0.551943743120152,63,3.3162554890273207e-06,0,0,Internal
CRL,IQV,0.761117042083503,63,6.979982138719872e-13,0,0,Internal
CRL,IR,0.41006446726133244,63,0.0009329394297415619,0,0,Internal
CRL,KEY,0.45014242850075137,63,0.0002417056986398446,0,2,External
CRL,LEN,0.44725983759177623,63,0.000267872071556163,0,0,Internal
CRL,LH,0.5113287079659129,63,2.165980946427569e-05,0,3,External
CRL,LMT,-0.4135231224473493,63,0.0008356654987420078,0,7,External
CRL,LW,0.4773772507599306,63,8.737424744744211e-05,0,0,Internal
CRL,MAA,0.45217247672452054,63,0.00022470402087423148,0,1,External
CRL,MAS,0.42182567991724734,63,0.0006384705454597292,0,0,Internal
CRL,MHK,0.479196123612911,63,8.138177858776667e-05,0,0,Internal
CRL,MOS,0.43081830377017927,63,0.00047328743497050576,0,2,External
CRL,MRK,0.4970831135589474,63,3.9594125632511454e-05,0,0,Internal
CRL,MRNA,0.5167995725254443,63,1.7056700399976465e-05,0,0,Internal
CRL,MTD,0.6869702921527897,63,7.036936678746877e-10,0,0,Internal
CRL,NDSN,0.4500352565538627,63,0.0002426351243013803,0,0,Internal
CRL,NFLX,-0.4018596187285942,63,0.0012058198411485045,0,18,External
CRL,NOC,0.4362073157602711,63,0.0003939784136210572,0,0,Internal
CRL,NVR,0.4833841381376624,63,6.899468633203891e-05,0,0,Internal
CRL,NXPI,0.42449031379805535,63,0.0005847753572661746,0,2,External
CRL,OMC,0.4252578184465517,63,0.0005700881457905296,0,0,Internal
CRL,PCAR,0.5180348260119311,63,1.6151732241058662e-05,0,0,Internal
CRL,PFE,0.535853574537802,63,7.181103063908113e-06,0,0,Internal
CRL,PH,0.4386599330134622,63,0.0003620617727220137,0,0,Internal
CRL,PHM,0.5032690470938671,63,3.0570586240556215e-05,0,0,Internal
CRL,PM,-0.5046398995768838,63,2.8848022579955845e-05,0,7,External
CRL,POOL,0.5548400091900663,63,2.8732925255652047e-06,0,0,Internal
CRL,ROK,0.5957901461685217,63,3.247195018451416e-07,0,0,Internal
CRL,RVTY,0.6278460683995021,63,4.71078896235512e-08,0,0,Internal
CRL,SLB,0.4011433999580175,63,0.0012327538144233082,0,2,External
CRL,SW,0.4797319877529117,63,7.968991174043699e-05,0,0,Internal
CRL,SWK,0.4826931932986172,63,7.091055443329434e-05,0,0,Internal
CRL,SYF,0.4431663086902421,63,0.0003094890601449199,0,2,External
CRL,SYK,0.4691354640404809,63,0.0001199631896428093,0,1,External
CRL,TECH,0.8301429668612328,63,7.342642504495391e-17,0,0,Internal
CRL,TFC,0.4177638892831367,63,0.0007289528050620212,0,2,External
CRL,TMO,0.7320140046456216,63,1.3821807538018239e-11,0,0,Internal
CRL,URI,0.552315516100208,63,3.2560247391051654e-06,0,0,Internal
CRL,VTRS,0.4412275175760525,63,0.0003311889660702943,0,0,Internal
CRL,WAT,0.4277777245582756,63,0.0005241893562858844,0,0,Internal
CRL,WST,0.4773996923056243,63,8.729789973285848e-05,0,3,External
CRL,WY,0.49359501432685626,63,4.571097557302098e-05,0,0,Internal
CRL,ZBH,0.45514929557995215,63,0.00020174499804340143,0,0,Internal
CRL,ZTS,0.4178571028321395,63,0.0007267525168508091,0,3,External
CRM,CTSH,0.5389103657345846,63,6.2197177725512825e-06,1,1,Internal
CRM,EPAM,0.568145643061986,63,1.4610091502602738e-06,1,1,Internal
CRM,FTNT,0.4212002105782856,63,0.0006517050360530107,1,1,Internal
CRM,INTU,0.47552110327832864,63,9.390606507142532e-05,1,1,Internal
CRM,JKHY,0.4532069292568992,63,0.00021646788334250448,1,1,Internal
CRM,NOW,0.6730176202745258,63,2.068614021767608e-09,1,1,Internal
CRM,PANW,0.4312299378730668,63,0.00046675306663530874,1,1,Internal
CSCO,WBD,-0.4054299799160993,63,0.001079293398120491,2,4,External
CSGP,GD,0.512586283573577,63,2.0509797235617437e-05,7,7,Internal
CSGP,LW,0.4346626806471942,63,0.0004153726362945443,7,0,External
CSGP,OTIS,-0.41712959437391106,63,0.0007440860530644453,7,2,External
CSGP,TEL,0.4782342662126049,63,8.450185374768906e-05,7,7,Internal
CSX,JBHT,0.4439504158002156,63,0.0003010875595692071,1,0,External
CSX,K,0.4443325084516077,63,0.0002970694308473423,1,1,Internal
CSX,KDP,0.45830072365930635,63,0.00017979592358437015,1,1,Internal
CSX,NSC,0.5743209306823678,63,1.05661572774179e-06,1,1,Internal
CSX,TGT,0.4123477037889057,63,0.000867643755410725,1,0,External
CTAS,DTE,0.46311458181248494,63,0.00015046176470021679,3,3,Internal
CTAS,DUK,0.5026483423794359,63,3.138144878474638e-05,3,3,Internal
CTAS,ED,0.5062913321090107,63,2.689237876647236e-05,3,3,Internal
CTAS,ETR,0.4596439847501035,63,0.00017112372559131565,3,3,Internal
CTAS,EVRG,0.4571060229469275,63,0.00018784539478897074,3,3,Internal
CTAS,FE,0.48063973580977565,63,7.689765650866773e-05,3,3,Internal
CTAS,GL,0.44677251889136416,63,0.0002725430933263662,3,3,Internal
CTAS,HIG,0.6071361777930012,63,1.6800539233285438e-07,3,3,Internal
CTAS,ICE,0.40259640795451673,63,0.0011786662118575728,3,3,Internal
CTAS,KO,0.516200581774207,63,1.75122784663569e-05,3,3,Internal
CTAS,L,0.5494465132933622,63,3.748613219848382e-06,3,3,Internal
CTAS,LNT,0.47840026146620723,63,8.395565366445239e-05,3,3,Internal
CTAS,MCO,0.4277515976006474,63,0.0005246475011768358,3,3,Internal
CTAS,MMC,0.40422009305313467,63,0.0011207610253274212,3,3,Internal
CTAS,ORLY,0.4711325749015047,63,0.00011117591175135381,3,3,Internal
CTAS,PAYX,0.43940108806626266,63,0.00035289129059817875,3,1,External
CTAS,PGR,0.4743334565938525,63,9.831805568809536e-05,3,3,Internal
CTAS,PNW,0.41195433631263745,63,0.0008785900512902504,3,3,Internal
CTAS,ROL,0.5409612232278395,63,5.643495895363788e-06,3,3,Internal
CTAS,SO,0.4461962974877944,63,0.0002781621845374823,3,3,Internal
CTAS,TDY,0.40208867843193014,63,0.0011973183620100738,3,3,Internal
CTAS,TRV,0.6461596976329775,63,1.4118932185863262e-08,3,3,Internal
CTAS,VLTO,0.4868153149797004,63,6.016805369717238e-05,3,3,Internal
CTAS,VRSK,0.4024064242408537,63,0.001185614670884599,3,3,Internal
CTAS,WEC,0.4044003516120491,63,0.001114493220780564,3,3,Internal
CTAS,WM,0.5634867011427588,63,1.8576169826085021e-06,3,3,Internal
CTAS,WRB,0.5735337373408795,63,1.1015828937329684e-06,3,3,Internal
CTRA,CVX,0.47434520464386837,63,9.827349446369837e-05,2,2,Internal
CTRA,DVN,0.6003560358968272,63,2.4984617125205425e-07,2,2,Internal
CTRA,EOG,0.6711112170946358,63,2.3862572979169007e-09,2,2,Internal
CTRA,EQT,0.5714581379628272,63,1.2289010083258329e-06,2,2,Internal
CTRA,FANG,0.5696357173682483,63,1.3519340164191147e-06,2,2,Internal
CTRA,HAL,0.45569916036086344,63,0.00019774686588218204,2,2,Internal
CTRA,KMI,0.44018693107549484,63,0.00034339952060361765,2,2,Internal
CTRA,OKE,0.5361591014006125,63,7.079125366629475e-06,2,2,Internal
CTRA,OXY,0.5475023483429897,63,4.12106973191638e-06,2,2,Internal
CTRA,TPL,0.5544890638116069,63,2.923856989428786e-06,2,2,Internal
CTRA,TRGP,0.5537775715026002,63,3.02893216816603e-06,2,2,Internal
CTRA,XOM,0.46230529376230983,63,0.00015506396360065198,2,2,Internal
CTSH,EPAM,0.5462774132314832,63,4.373186869295269e-06,1,1,Internal
CTSH,EXR,0.40240197001445216,63,0.0011857780212087058,1,1,Internal
CTSH,FICO,0.42481231805156716,63,0.0005785720849770744,1,1,Internal
CTSH,GE,-0.426193516109886,63,0.0005526355353642405,1,7,External
CTSH,GPC,0.43022005167729793,63,0.00048293253414522283,1,0,External
CTSH,GPN,0.5040343493171148,63,2.95975389866459e-05,1,1,Internal
CTSH,HSIC,0.4088072054906643,63,0.0009707585994558622,1,3,External
CTSH,JBHT,0.4414292356725823,63,0.0003288682677838755,1,0,External
CTSH,JKHY,0.5687760400650912,63,1.41389416690232e-06,1,1,Internal
CTSH,L,0.42016350451052337,63,0.0006741894688962498,1,3,External
CTSH,MKC,0.4345668002489215,63,0.00041673486342280264,1,1,Internal
CTSH,MRNA,0.40459592056389554,63,0.0011077287928523835,1,0,External
CTSH,MSFT,-0.42932043371753553,63,0.0004977728896642858,1,7,External
CTSH,OMC,0.4798316773208176,63,7.937876223733148e-05,1,0,External
CTSH,PAYC,0.4161298091095183,63,0.0007685173010480845,1,1,Internal
CTSH,PAYX,0.4770939711002136,63,8.834328464990184e-05,1,1,Internal
CTSH,PKG,0.4541752869459933,63,0.00020900922940625814,1,0,External
CTSH,POOL,0.4052893777394874,63,0.0010840403186509935,1,0,External
CTSH,PSA,0.44066757962523834,63,0.00033770933783090534,1,1,Internal
CTSH,ROP,0.5259278376151398,63,1.1343194670224097e-05,1,3,External
CTSH,TAP,0.426126873966554,63,0.0005538623125278547,1,0,External
CTSH,TSN,0.5901837623042884,63,4.4555037208752205e-07,1,1,Internal
CTSH,V,0.42308246602153804,63,0.0006126117262226275,1,3,External
CTSH,ZTS,0.40913370625365947,63,0.0009608065383882232,1,3,External
CTVA,HAS,0.4205315667697423,63,0.0006661275884782477,0,0,Internal
CTVA,IFF,0.5197880583594396,63,1.4943642119614263e-05,0,0,Internal
CTVA,LDOS,0.41938608182905357,63,0.0006915090514277836,0,0,Internal
CTVA,LYB,0.4408356856587411,63,0.00033573958612587233,0,0,Internal
CTVA,MKC,0.4144333057971702,63,0.0008116393527203839,0,1,External
CTVA,PAYX,0.4785290125805287,63,8.35342445418415e-05,0,1,External
CTVA,TSCO,0.4435479310590352,63,0.0003053737202266529,0,0,Internal
CVS,ELV,0.5660056269400827,63,1.6321532096858938e-06,1,1,Internal
CVS,MOH,0.5901415559892764,63,4.466026317763169e-07,1,1,Internal
CVS,UHS,0.4744707602840147,63,9.7798411611688e-05,1,2,External
CVS,UNH,0.4835562531640022,63,6.852492444857792e-05,1,1,Internal
CVX,DVN,0.751550604144769,63,1.948371490161663e-12,2,2,Internal
CVX,EOG,0.759468367038723,63,8.359003882046732e-13,2,2,Internal
CVX,FANG,0.7102683262131461,63,1.0111229005704215e-10,2,2,Internal
CVX,HAL,0.6664706947551414,63,3.3639511193888754e-09,2,2,Internal
CVX,LULU,0.40646997116840217,63,0.0010447596857820186,2,2,Internal
CVX,MPC,0.40832691154820033,63,0.000985567553349165,2,2,Internal
CVX,OXY,0.7139583488430964,63,7.307456984881223e-11,2,2,Internal
CVX,PSX,0.6005864199986797,63,2.465368159473318e-07,2,2,Internal
CVX,SLB,0.6540996462269394,63,8.16333457273939e-09,2,2,Internal
CVX,VLO,0.43936402160164617,63,0.000353344845469184,2,2,Internal
CVX,XOM,0.7491137554595702,63,2.512083380665468e-12,2,2,Internal
D,DHI,0.40529388845718795,63,0.0010838877389978516,3,0,External
D,DTE,0.6349996104666945,63,2.9701776706644702e-08,3,3,Internal
D,DUK,0.6945781732480278,63,3.8103063763332815e-10,3,3,Internal
D,ED,0.6740069992802513,63,1.9200100580295054e-09,3,3,Internal
D,EIX,0.5693517451258944,63,1.3721138802948544e-06,3,3,Internal
D,ES,0.64740716876153,63,1.296814224177814e-08,3,3,Internal
D,ETR,0.4905446584290706,63,5.1764047685268475e-05,3,3,Internal
D,EVRG,0.5946985583726984,63,3.455119832538625e-07,3,3,Internal
D,EXC,0.6088407194799829,63,1.5183056199528873e-07,3,3,Internal
D,FE,0.5457117217845139,63,4.494413519071015e-06,3,3,Internal
D,GIS,0.42874313222869936,63,0.000507513242965104,3,0,External
D,HD,0.4175602768679049,63,0.0007337800242327102,3,0,External
D,HOLX,0.4367709023818658,63,0.0003864256341978767,3,3,Internal
D,INVH,0.447511501385919,63,0.0002654885781230089,3,1,External
D,JNJ,0.44719210892677563,63,0.0002685168553748865,3,3,Internal
D,KDP,0.5017940164478166,63,3.253009604563841e-05,3,1,External
D,KMB,0.6442258067716468,63,1.609575974500794e-08,3,3,Internal
D,KO,0.490814801027571,63,5.119952048533892e-05,3,3,Internal
D,LEN,0.4027607857399673,63,0.0011726838755075114,3,0,External
D,LNT,0.6820941144507914,63,1.0326593675991959e-09,3,3,Internal
D,LOW,0.4154785116955096,63,0.0007848207317415898,3,0,External
D,MAS,0.42506424297244155,63,0.000573760555814135,3,0,External
D,MHK,0.40613274898063534,63,0.0010558466555906842,3,0,External
D,NI,0.4227869466289369,63,0.0006186052377804349,3,3,Internal
D,NVR,0.4408708391127404,63,0.00033532900860447714,3,0,External
D,O,0.40950837970745263,63,0.0009494996633314779,3,3,Internal
D,PCG,0.4807104018485995,63,7.668411307886314e-05,3,3,Internal
D,PEG,0.40423006058180305,63,0.0011204136147200201,3,3,Internal
D,PEP,0.423337191322709,63,0.0006074878809432647,3,1,External
D,PFE,0.4367977847506551,63,0.00038606869304179544,3,0,External
D,PHM,0.41660893975037616,63,0.0007567198901065997,3,0,External
D,PNW,0.673875278260998,63,1.9391928725806277e-09,3,3,Internal
D,PPL,0.5160003311699023,63,1.766708657029384e-05,3,3,Internal
D,PSA,0.41498916234459127,63,0.0007972753716110393,3,1,External
D,RMD,0.4439249518616271,63,0.00030135709591521293,3,3,Internal
D,SBAC,0.4139068318558217,63,0.0008254594006871006,3,3,Internal
D,SHW,0.46793323146970195,63,0.000125556171141814,3,0,External
D,SNA,0.41573966503458437,63,0.0007782462763116896,3,0,External
D,SO,0.690220864685672,63,5.426767388570094e-10,3,3,Internal
D,SRE,0.5762250496364469,63,9.548602916164678e-07,3,3,Internal
D,TSN,0.4058408997539612,63,0.0010655273914848867,3,1,External
D,VICI,0.555009335624357,63,2.8491892878596834e-06,3,3,Internal
D,VLTO,0.4878169773862254,63,5.7795121434464594e-05,3,3,Internal
D,WEC,0.7525950561670013,63,1.7457449655824367e-12,3,3,Internal
D,XEL,0.4220415912421237,63,0.0006339588882513863,3,3,Internal
DAL,EL,0.4260621812976623,63,0.0005550555669109031,2,0,External
DAL,LUV,0.6518012869048552,63,9.582079881552676e-09,2,2,Internal
DAL,UAL,0.8818303350168895,63,2.9942127088097817e-21,2,2,Internal
DAY,PAYC,0.41976963120946886,63,0.0006829145234045461,1,1,Internal
DD,DHI,0.4836716572100459,63,6.821159996208239e-05,0,0,Internal
DD,DOC,0.5017537714650676,63,3.258515372213157e-05,0,0,Internal
DD,DOV,0.6864497967694917,63,7.333603931360328e-10,0,0,Internal
DD,DOW,0.6934564769951038,63,4.1759326063453965e-10,0,2,External
DD,DVA,0.4721348418855896,63,0.00010699260156225713,0,0,Internal
DD,EQR,0.4341965418608951,63,0.00042203358488233895,0,1,External
DD,ESS,0.5305578180576108,63,9.181244331376543e-06,0,1,External
DD,F,0.5689090199420523,63,1.404138978839465e-06,0,0,Internal
DD,FCX,0.44763085652128126,63,0.00026436495934482255,0,0,Internal
DD,FDX,0.42557886779945536,63,0.0005640443688381137,0,0,Internal
DD,FITB,0.4237435209349651,63,0.0005993948883314681,0,2,External
DD,FRT,0.4948994140248222,63,4.332800474775833e-05,0,1,External
DD,FTV,0.6801985154636594,63,1.1963403557913236e-09,0,0,Internal
DD,GE,-0.4320241019624832,63,0.00045437758613578856,0,7,External
DD,GIS,0.4174179193954674,63,0.0007371721857809297,0,0,Internal
DD,GPC,0.5081054075249585,63,2.488614710884174e-05,0,0,Internal
DD,HAS,0.5141147413771521,63,1.9188376242212675e-05,0,0,Internal
DD,HBAN,0.41874609181420036,63,0.0007060682106625468,0,2,External
DD,HD,0.48073036957133425,63,7.662387233864635e-05,0,0,Internal
DD,HLT,0.407799823623775,63,0.0010020536539201146,0,0,Internal
DD,HON,0.4731628168245791,63,0.00010285275227308742,0,2,External
DD,HPQ,0.5005685940032246,63,3.4245749906624985e-05,0,0,Internal
DD,HST,0.5323527498498836,63,8.451519869558432e-06,0,2,External
DD,IEX,0.6706278309762649,63,2.473862280460655e-09,0,0,Internal
DD,IFF,0.7549638229531735,63,1.358131725008487e-12,0,0,Internal
DD,INVH,0.44916478501504387,63,0.0002503060044426381,0,1,External
DD,IQV,0.40200767344223864,63,0.0012003186495831112,0,0,Internal
DD,IR,0.4395198701326567,63,0.0003514414146680905,0,0,Internal
DD,ITW,0.6870689563287999,63,6.982001989081942e-10,0,0,Internal
DD,IVZ,0.4246545903173846,63,0.0005816031420815856,0,2,External
DD,JBHT,0.5533650664999629,63,3.091457608314921e-06,0,0,Internal
DD,KEY,0.5728355111417819,63,1.1429633427786487e-06,0,2,External
DD,KIM,0.44130606722893645,63,0.0003302835094599292,0,1,External
DD,LDOS,0.41469133344000636,63,0.0008049427692309528,0,0,Internal
DD,LEN,0.5448941282479459,63,4.6751742752769405e-06,0,0,Internal
DD,LKQ,0.5384496174518713,63,6.356504556972852e-06,0,2,External
DD,LOW,0.5161184945991314,63,1.7575584807430448e-05,0,0,Internal
DD,LUV,0.44606330138833933,63,0.0002794740472686543,0,2,External
DD,LYB,0.7008607892582939,63,2.2630930014509932e-10,0,0,Internal
DD,MAA,0.45448098632837625,63,0.00020670392917001643,0,1,External
DD,MAR,0.49817011028380903,63,3.784855176026534e-05,0,0,Internal
DD,MAS,0.577615869829028,63,8.864247504948863e-07,0,0,Internal
DD,MCHP,0.5666575122071623,63,1.5781278267385487e-06,0,2,External
DD,MGM,0.4633181780171065,63,0.00014932386720018073,0,2,External
DD,MHK,0.6005112758185621,63,2.47611665224843e-07,0,0,Internal
DD,MKC,0.40324991781849906,63,0.0011550438782789254,0,1,External
DD,MLM,0.44950064680650537,63,0.0002473203982750726,0,0,Internal
DD,MPC,0.5198342094983481,63,1.4913005685136797e-05,0,2,External
DD,MRK,0.4114846707915296,63,0.0008918228248616071,0,0,Internal
DD,MRNA,0.4220730247913314,63,0.0006333044720826214,0,0,Internal
DD,MTB,0.46100067041675324,63,0.00016275552637674294,0,2,External
DD,MTD,0.481939446497068,63,7.305640595940985e-05,0,0,Internal
DD,NDSN,0.679777003518502,63,1.235944532012614e-09,0,0,Internal
DD,NFLX,-0.5418849600766182,63,5.400572202232798e-06,0,18,External
DD,NUE,0.45944876306980376,63,0.00017235981143456024,0,0,Internal
DD,NVR,0.5205770164693214,63,1.442786775744307e-05,0,0,Internal
DD,NXPI,0.47041019240616067,63,0.00011428369102688523,0,2,External
DD,ODFL,0.5484418265910144,63,3.936972861531769e-06,0,0,Internal
DD,OMC,0.42114498486604834,63,0.0006528854352602685,0,0,Internal
DD,ON,0.45134154259706005,63,0.0002315262849956533,0,2,External
DD,PCAR,0.5634271035961804,63,1.8632886778554284e-06,0,0,Internal
DD,PFE,0.5798227536500813,63,7.872017367275197e-07,0,0,Internal
DD,PFG,0.4099823706321466,63,0.0009353677361434934,0,3,External
DD,PH,0.44104064932571196,63,0.00033335213630334684,0,0,Internal
DD,PHM,0.5804806004975822,63,7.597041519464421e-07,0,0,Internal
DD,PKG,0.5332036525569536,63,8.124797727490768e-06,0,0,Internal
DD,PLD,0.5112691119435405,63,2.1715764632741758e-05,0,1,External
DD,PNC,0.4786728656007129,63,8.306571057372706e-05,0,2,External
DD,PNR,0.7040946599709289,63,1.7216965249848914e-10,0,0,Internal
DD,POOL,0.5745325379577773,63,1.044824862289775e-06,0,0,Internal
DD,PPG,0.6677257297507514,63,3.067444154688816e-09,0,0,Internal
DD,PSX,0.4456620891890814,63,0.00028346587542433025,0,2,External
DD,RF,0.49555240929988886,63,4.2178690982975524e-05,0,2,External
DD,ROK,0.5178617776537164,63,1.6275766560380645e-05,0,0,Internal
DD,RVTY,0.5098227653597227,63,2.3115560120239637e-05,0,0,Internal
DD,SHW,0.503450734115814,63,3.0336934670457387e-05,0,0,Internal
DD,SLB,0.5206063710388573,63,1.4409000497708722e-05,0,2,External
DD,SPG,0.5986594588748744,63,2.755357381195543e-07,0,0,Internal
DD,SW,0.4557177790672878,63,0.00019761276572386981,0,0,Internal
DD,SWK,0.6241136845238945,63,5.964881098786235e-08,0,0,Internal
DD,SWKS,0.40109424841474867,63,0.0012346218996161248,0,1,External
DD,SYF,0.4026717989171279,63,0.0011759190431662777,0,2,External
DD,TECH,0.43786843087912597,63,0.00037209454590244614,0,0,Internal
DD,TFC,0.517299926535587,63,1.6684604479970783e-05,0,2,External
DD,TXT,0.5234733585182416,63,1.2672870389075826e-05,0,2,External
DD,UDR,0.5214187206228096,63,1.389588023864316e-05,0,1,External
DD,UPS,0.488540450096582,63,5.613526772504601e-05,0,0,Internal
DD,USB,0.4429477989092136,63,0.0003118681452058124,0,2,External
DD,VLO,0.45289834395551826,63,0.0002188954024530394,0,2,External
DD,VMC,0.4264435128596455,63,0.0005480554376084613,0,0,Internal
DD,WMB,-0.41873052328634924,63,0.0007064258124550092,0,2,External
DD,WY,0.6350006074964344,63,2.9699842871609007e-08,0,0,Internal
DD,WYNN,0.415272128858771,63,0.0007900518496447435,0,2,External
DD,ZBH,0.44536700822397146,63,0.0002864349077635852,0,0,Internal
DE,EBAY,0.47192260496938515,63,0.00010786617392629628,7,7,Internal
DE,EXPD,0.4649970634369375,63,0.00014023722737424737,7,0,External
DE,HII,0.4380340330762449,63,0.00036997472432873546,7,7,Internal
DE,ITW,0.43091231308223504,63,0.00047178782680044006,7,0,External
DE,NFLX,-0.4211099618981293,63,0.0006536350228915187,7,18,External
DE,OMC,0.433397241910316,63,0.00043368188409528873,7,0,External
DE,TPR,0.47277042346775555,63,0.00010441529104389375,7,1,External
DE,XYL,0.43490833542991103,63,0.0004119009521577964,7,7,Internal
DG,DLTR,0.4738141137031041,63,0.00010030663615977755,2,2,Internal
DGX,DHI,0.6252100548741565,63,5.567122017001198e-08,3,0,External
DGX,ECL,0.4089909534517712,63,0.0009651463975703528,3,3,Internal
DGX,ED,0.4616698448690083,63,0.0001587676840445574,3,3,Internal
DGX,EQR,0.42082516356407534,63,0.000659759506412393,3,1,External
DGX,FISV,0.48683111994914474,63,6.012992398261041e-05,3,2,External
DGX,GIS,0.41282693305137663,63,0.0008544747613462966,3,0,External
DGX,GM,-0.5510659843496064,63,3.4626160828916083e-06,3,7,External
DGX,GPC,0.5011039526490338,63,3.3486172741643544e-05,3,0,External
DGX,HIG,0.404597429733309,63,0.001107676737180053,3,3,Internal
DGX,INVH,0.4098711360030388,63,0.000938667008626074,3,1,External
DGX,IQV,0.5900779674892709,63,4.481923885231998e-07,3,0,External
DGX,KMB,0.4433860190437699,63,0.00030711360992175104,3,3,Internal
DGX,L,0.4016580821001338,63,0.001213344707351421,3,3,Internal
DGX,LEN,0.41858196330520914,63,0.0007098464240063382,3,0,External
DGX,LH,0.6934324662460262,63,4.1841122664970935e-10,3,3,Internal
DGX,LMT,-0.5061291735150136,63,2.7078823114917785e-05,3,7,External
DGX,LNT,0.4466682905575149,63,0.00027355174392827816,3,3,Internal
DGX,MAA,0.4103228049025736,63,0.0009253352441953777,3,1,External
DGX,NOC,0.561249544258369,63,2.081990275234939e-06,3,0,External
DGX,NVR,0.46181032583104614,63,0.00015794197372805406,3,0,External
DGX,O,0.5350345999407932,63,7.461249963834377e-06,3,3,Internal
DGX,OTIS,0.5277702747372858,63,1.0431648413592893e-05,3,2,External
DGX,PHM,0.5212759813576845,63,1.3984793570227086e-05,3,0,External
DGX,PNW,0.40422752145689334,63,0.001120502104770159,3,3,Internal
DGX,PSA,0.4514431965719776,63,0.00023068162007720868,3,1,External
DGX,REG,0.4383978667054827,63,0.000365355991654234,3,1,External
DGX,ROL,0.4032745277369781,63,0.001154162697518314,3,3,Internal
DGX,TSN,0.444101912030591,63,0.0002994885115794149,3,1,External
DGX,WEC,0.4025983656192138,63,0.0011785948035601206,3,3,Internal
DGX,WRB,0.42252997490490213,63,0.0006238601169938394,3,3,Internal
DGX,ZBH,0.43765202277287474,63,0.00037488139435180835,3,0,External
DGX,ZTS,0.4231778823135247,63,0.0006106878376037639,3,3,Internal
DHI,DOC,0.4208789558391497,63,0.00065859875530735,0,0,Internal
DHI,DOV,0.40747186725222223,63,0.0010124365189986579,0,0,Internal
DHI,DPZ,0.49216167082683787,63,4.846879306194634e-05,0,3,External
DHI,EQR,0.42121201236569583,63,0.0006514530345735903,0,1,External
DHI,EXR,0.4269776893844255,63,0.0005383842594191171,0,1,External
DHI,FRT,0.44860233256878096,63,0.00025537972071349737,0,1,External
DHI,FTV,0.47750481741306156,63,8.694107375909976e-05,0,0,Internal
DHI,GIS,0.5145544968625921,63,1.8823089673625553e-05,0,0,Internal
DHI,GPC,0.7372720487602618,63,8.297540849261795e-12,0,0,Internal
DHI,GPN,0.4095198413163987,63,0.0009491556768276952,0,1,External
DHI,HAS,0.41462121741590013,63,0.0008067575266249306,0,0,Internal
DHI,HD,0.6450611489678737,63,1.5211733919616943e-08,0,0,Internal
DHI,HPQ,0.43027951442517426,63,0.0004819659346989174,0,0,Internal
DHI,HSIC,0.41468037561842896,63,0.0008052261382296177,0,3,External
DHI,HST,0.4325237041393239,63,0.00044674595223570816,0,2,External
DHI,IEX,0.43037632871542414,63,0.00048039592701524267,0,0,Internal
DHI,IFF,0.41359875966837845,63,0.0008336446809193298,0,0,Internal
DHI,IQV,0.6641358335966844,63,3.989286352698009e-09,0,0,Internal
DHI,ITW,0.5496722208520705,63,3.7074715698666923e-06,0,0,Internal
DHI,JBHT,0.5149125423744803,63,1.853045396729312e-05,0,0,Internal
DHI,KEY,0.45828395051046306,63,0.0001799067130397238,0,2,External
DHI,KHC,0.43946234235870746,63,0.00035214292998807755,0,1,External
DHI,KIM,0.4202494649823561,63,0.0006722987559030551,0,1,External
DHI,KMB,0.5434332058895792,63,5.015167996796241e-06,0,3,External
DHI,LEN,0.8920911450201091,63,2.2847585605408305e-22,0,0,Internal
DHI,LKQ,0.4603186999902983,63,0.000166913927339642,0,2,External
DHI,LMT,-0.5706436726910813,63,1.2825288250461593e-06,0,7,External
DHI,LOW,0.6562708550858524,63,7.007741258184336e-09,0,0,Internal
DHI,MAS,0.6318805881032692,63,3.6370522923887696e-08,0,0,Internal
DHI,MHK,0.7354647323867516,63,9.901786089808288e-12,0,0,Internal
DHI,MKC,0.5141311339311281,63,1.9174642421425352e-05,0,1,External
DHI,MLM,0.45205553039237373,63,0.00022565294078804896,0,0,Internal
DHI,MRK,0.5309576236374763,63,9.013802414515456e-06,0,0,Internal
DHI,MTD,0.5484610917791004,63,3.933279357284592e-06,0,0,Internal
DHI,NDSN,0.4304857928693028,63,0.00047862638055259454,0,0,Internal
DHI,NOC,0.6585157548612857,63,5.976851791119206e-09,0,0,Internal
DHI,NVDA,-0.47786072997288986,63,8.57429451479908e-05,0,7,External
DHI,NVR,0.9171624171032258,63,1.1854562845012354e-25,0,0,Internal
DHI,ODFL,0.4279716463895548,63,0.0005208002127423141,0,0,Internal
DHI,OMC,0.5684512335193445,63,1.4379890461568846e-06,0,0,Internal
DHI,PCAR,0.5625233167750879,63,1.951310485498792e-06,0,0,Internal
DHI,PFE,0.4588806094658825,63,0.00017600390204128391,0,0,Internal
DHI,PG,0.4074280215737021,63,0.0010138319715413038,0,1,External
DHI,PHM,0.9652505813652168,63,1.1399012015332957e-36,0,0,Internal
DHI,PM,-0.48921642655942593,63,5.462425516386395e-05,0,7,External
DHI,PNR,0.44410170726076,63,0.00029949066769125127,0,0,Internal
DHI,POOL,0.6698584808902586,63,2.6196136527964583e-09,0,0,Internal
DHI,PPG,0.4656936993495298,63,0.00013661806691465768,0,0,Internal
DHI,PSA,0.5213997757644129,63,1.3907650818285202e-05,0,1,External
DHI,REG,0.42618793924280546,63,0.0005527381020792033,0,1,External
DHI,RVTY,0.46187559074675716,63,0.00015755970502139176,0,0,Internal
DHI,SHW,0.5005655389730173,63,3.425012983252301e-05,0,0,Internal
DHI,SJM,0.47721863038859774,63,8.791564028714585e-05,0,0,Internal
DHI,SWK,0.5830410194067908,63,6.610295703269656e-07,0,0,Internal
DHI,TAP,0.5182116873985688,63,1.602587241914894e-05,0,0,Internal
DHI,TGT,0.5329244999007928,63,8.23066473794938e-06,0,0,Internal
DHI,TROW,0.43057717638743465,63,0.00047715365701243357,0,2,External
DHI,TSCO,0.45865552492616246,63,0.00017746699849042867,0,0,Internal
DHI,TSN,0.49062672885139774,63,5.1591937119499196e-05,0,1,External
DHI,VICI,0.4381829312155002,63,0.00036807812570877014,0,3,External
DHI,VMC,0.458832624482342,63,0.00017631488421785712,0,0,Internal
DHI,WY,0.6361252198237717,63,2.759268963869963e-08,0,0,Internal
DHI,ZBH,0.4299516476792532,63,0.000487317550474702,0,0,Internal
DHI,ZTS,0.463782642902737,63,0.00014675746499444236,0,3,External
DHR,DOV,0.42611665550899697,63,0.0005540506366953794,0,0,Internal
DHR,DVA,0.4272694707218085,63,0.0005331672897928119,0,0,Internal
DHR,EQR,0.4013365634975776,63,0.0012254369347497666,0,1,External
DHR,ESS,0.40613811604762057,63,0.0010556693731820085,0,1,External
DHR,EXR,0.4829610616493349,63,7.016205633089284e-05,0,1,External
DHR,FTV,0.5311959910275289,63,8.915329489720328e-06,0,0,Internal
DHR,GIS,0.4445926332171013,63,0.00029436199639023837,0,0,Internal
DHR,HBAN,0.4385466968004927,63,0.0003634818365642635,0,2,External
DHR,HD,0.49013454071515294,63,5.263208113557068e-05,0,0,Internal
DHR,HOLX,0.4742124923480715,63,9.877796430454951e-05,0,3,External
DHR,HPQ,0.4991785052468415,63,3.629311882702851e-05,0,0,Internal
DHR,IFF,0.43575558839455264,63,0.000400128909048108,0,0,Internal
DHR,INCY,0.4546814483971268,63,0.00020520488984369163,0,1,External
DHR,INVH,0.4273317148187593,63,0.0005320603406946185,0,1,External
DHR,IP,0.5018364593799172,63,3.247212474104871e-05,0,1,External
DHR,IQV,0.4921058373453406,63,4.8579266282851736e-05,0,0,Internal
DHR,ITW,0.47753966953259724,63,8.682307196599235e-05,0,0,Internal
DHR,LEN,0.4134478710794399,63,0.0008376804008263464,0,0,Internal
DHR,LOW,0.44034676106605525,63,0.0003414977384733198,0,0,Internal
DHR,LW,0.618219620985879,63,8.605147908220934e-08,0,0,Internal
DHR,MAA,0.4323110971856945,63,0.00044997924870327253,0,1,External
DHR,MAS,0.441919400887068,63,0.00032329075110309276,0,0,Internal
DHR,MHK,0.5126239058766198,63,2.0476282067441038e-05,0,0,Internal
DHR,MRK,0.5769140357689112,63,9.203619430196698e-07,0,0,Internal
DHR,MRNA,0.48149717496766686,63,7.434321273655219e-05,0,0,Internal
DHR,MTD,0.731756861710416,63,1.4166742985986544e-11,0,0,Internal
DHR,NDSN,0.4114762427746927,63,0.0008920619188206662,0,0,Internal
DHR,NVR,0.4278869447798975,63,0.0005222780748949767,0,0,Internal
DHR,OXY,0.44954478325903185,63,0.00024693048134923025,0,2,External
DHR,PCAR,0.4631897095830951,63,0.000150040953379827,0,0,Internal
DHR,PEP,0.43586400305533746,63,0.00039864486921033476,0,1,External
DHR,PFE,0.5561236939141384,63,2.6952173031828137e-06,0,0,Internal
DHR,PHM,0.4001751012631524,63,0.0012700281276041084,0,0,Internal
DHR,PLD,0.4972394018281832,63,3.9338646622642314e-05,0,1,External
DHR,POOL,0.54031350400788,63,5.819869456519959e-06,0,0,Internal
DHR,PPG,0.47233783351309666,63,0.00010616317357903168,0,0,Internal
DHR,PSA,0.5011505246110052,63,3.34208382638316e-05,0,1,External
DHR,RVTY,0.7414717127003493,63,5.471810076557031e-12,0,0,Internal
DHR,SHW,0.48333547141215205,63,6.912805218310627e-05,0,0,Internal
DHR,SLB,0.48379844685650303,63,6.78688864382077e-05,0,2,External
DHR,STE,0.41549166651980685,63,0.0007844883652993371,0,0,Internal
DHR,STZ,0.46643348702060916,63,0.00013286875189617194,0,0,Internal
DHR,SW,0.5562664729658594,63,2.6760615275351927e-06,0,0,Internal
DHR,SWK,0.4120707895055634,63,0.0008753365617447112,0,0,Internal
DHR,TECH,0.7005294813542928,63,2.3269071695636637e-10,0,0,Internal
DHR,TEL,0.45868986194033373,63,0.00017724308275558816,0,7,External
DHR,TFC,0.48632024843651855,63,6.137376263625791e-05,0,2,External
DHR,TMO,0.7565119551389803,63,1.1508296991460653e-12,0,0,Internal
DHR,URI,0.48219268024702533,63,7.232888552386072e-05,0,0,Internal
DHR,VMC,0.41564140993745285,63,0.0007807139495053407,0,0,Internal
DHR,VTRS,0.5216022026843784,63,1.378235953123699e-05,0,0,Internal
DHR,WAT,0.6993588749384329,63,2.5663659462813603e-10,0,0,Internal
DHR,WST,0.40152245283766097,63,0.0012184325275578407,0,3,External
DHR,WY,0.5265153413970264,63,1.1044780090755003e-05,0,0,Internal
DHR,ZBH,0.4636508587924268,63,0.00014748149499901718,0,0,Internal
DHR,ZTS,0.44052661149517996,63,0.0003393692219627678,0,3,External
DIS,DOV,0.47017237301934445,63,0.00011532416008761803,4,0,External
DIS,DVA,0.44064406067776263,63,0.0003379857553638924,4,0,External
DIS,EMR,0.4415184790558367,63,0.0003278462925429599,4,0,External
DIS,FIS,0.4595953221855265,63,0.00017143107999233767,4,3,External
DIS,FOX,0.49180180381915334,63,4.918492559208379e-05,4,4,Internal
DIS,FOXA,0.4754932213859603,63,9.400752022362662e-05,4,4,Internal
DIS,HBAN,0.4922745171273644,63,4.824622132922387e-05,4,2,External
DIS,HON,0.4362284431949724,63,0.00039369287149455156,4,2,External
DIS,IFF,0.5176057950177909,63,1.6460867786553345e-05,4,0,External
DIS,JKHY,0.5225463452866892,63,1.3211721287170243e-05,4,1,External
DIS,MTD,0.409099059152536,63,0.0009618582307267839,4,0,External
DIS,NWSA,0.4491732405862554,63,0.00025023043715368233,4,4,Internal
DIS,PNC,0.4146377815196737,63,0.0008063284776205342,4,2,External
DIS,RMD,0.40280426030768945,63,0.0011711062486259032,4,3,External
DIS,ROK,0.49793587177549714,63,3.82185777228559e-05,4,0,External
DIS,SPG,0.4046668632343385,63,0.0011052841548052125,4,0,External
DIS,SYK,0.4132696201104559,63,0.0008424707134661632,4,1,External
DIS,TFC,0.45262804896983133,63,0.00022104214106124075,4,2,External
DIS,TRV,0.4059215939568125,63,0.0010628427660901597,4,3,External
DIS,TXT,0.40532557746316183,63,0.0010828163714205468,4,2,External
DLR,EQIX,0.48920853793607394,63,5.46416699759721e-05,1,1,Internal
DLR,IRM,0.554675422152284,63,2.8969036889644008e-06,1,1,Internal
DLR,KMI,0.41422911989843586,63,0.000816974242664411,1,2,External
DLR,ORCL,0.5821036983952547,63,6.956659057962477e-07,1,7,External
DLR,PEG,0.4275288508858864,63,0.000528568229887696,1,3,External
DLR,SNPS,-0.4588351771138765,63,0.00017629832839365203,1,1,Internal
DLTR,FANG,0.4451087242985867,63,0.00028905696894415114,2,2,Internal
DLTR,GOOG,-0.48700265835100887,63,5.9717516791534606e-05,2,9,External
DLTR,GOOGL,-0.48276401670031216,63,7.071194181477414e-05,2,9,External
DLTR,REGN,0.42956942469263837,63,0.0004936245368525812,2,0,External
DLTR,ROST,0.44213329073721763,63,0.00032088407912667273,2,3,External
DLTR,TSCO,0.4334492215770005,63,0.0004329155774481086,2,0,External
DLTR,ULTA,0.40603831638351157,63,0.0010589703025325526,2,3,External
DOC,DOV,0.44897185830468284,63,0.00025203586390481624,0,0,Internal
DOC,DVA,0.41697828927078956,63,0.0007477376927798595,0,0,Internal
DOC,EQR,0.46949772964562336,63,0.00011832331091146427,0,1,External
DOC,ESS,0.44147609888675277,63,0.00032833124958984034,0,1,External
DOC,FRT,0.5421646125443201,63,5.328975340763179e-06,0,1,External
DOC,FTV,0.49471586543429724,63,4.365623490325192e-05,0,0,Internal
DOC,GIS,0.428241362641478,63,0.0005161195076277686,0,0,Internal
DOC,GPC,0.45673626332479633,63,0.00019040278786270487,0,0,Internal
DOC,HPQ,0.43169116280400804,63,0.00045952899751335,0,0,Internal
DOC,HST,0.4405842840379418,63,0.0003386892371946215,0,2,External
DOC,IFF,0.42421867633646426,63,0.0005900551877444643,0,0,Internal
DOC,INVH,0.4726587917106413,63,0.00010486378844292872,0,1,External
DOC,IQV,0.45780357699053675,63,0.0001831063306217404,0,0,Internal
DOC,ITW,0.4713700692781729,63,0.0001101712743590057,0,0,Internal
DOC,JBHT,0.43632580890800193,63,0.0003923793851917791,0,0,Internal
DOC,KIM,0.5882639409574505,63,4.95848990325536e-07,0,1,External
DOC,MAA,0.45899382656765547,63,0.0001752721530111471,0,1,External
DOC,MAS,0.41047730445642516,63,0.0009208143273218324,0,0,Internal
DOC,MRNA,0.43552287440835113,63,0.00040333142594667766,0,0,Internal
DOC,MTD,0.47139636598647316,63,0.00011006054998820185,0,0,Internal
DOC,NDSN,0.45042749869626436,63,0.0002392493087537191,0,0,Internal
DOC,NVR,0.46074204272746233,63,0.00016432122982412703,0,0,Internal
DOC,OMC,0.4982234635400454,63,3.776473441815681e-05,0,0,Internal
DOC,PCAR,0.5156657892152583,63,1.792854856294326e-05,0,0,Internal
DOC,PFE,0.6207414521373777,63,7.363167719400063e-08,0,0,Internal
DOC,PHM,0.4771018420858907,63,8.83162266578609e-05,0,0,Internal
DOC,PLD,0.4961927028679332,63,4.107915787852118e-05,0,1,External
DOC,PNC,0.4053684747461541,63,0.001081367585992319,0,2,External
DOC,POOL,0.47994486788043406,63,7.902683055556887e-05,0,0,Internal
DOC,PSA,0.4421461605254833,63,0.0003207397918196452,0,1,External
DOC,REG,0.5218069933842269,63,1.3656673257690186e-05,0,1,External
DOC,RVTY,0.47758375266502284,63,8.667402714971702e-05,0,0,Internal
DOC,SLB,0.4031889773547925,63,0.0011572285162056708,0,2,External
DOC,SNA,0.4050924679092481,63,0.0010907198942262063,0,0,Internal
DOC,SPG,0.4349119145590714,63,0.0004118505663605923,0,0,Internal
DOC,SWK,0.40552714482746877,63,0.0010760239353680395,0,0,Internal
DOC,TECH,0.4371031062079443,63,0.00038203568656017744,0,0,Internal
DOC,TFC,0.44277685530534344,63,0.00031374095956519343,0,2,External
DOC,TXT,0.46922305121315533,63,0.00011956480334372815,0,2,External
DOC,UDR,0.42259117130003865,63,0.0006226050383246011,0,1,External
DOC,VICI,0.44398483331672756,63,0.00030072359904106754,0,3,External
DOV,DOW,0.553224483256595,63,3.113040666279536e-06,0,2,External
DOV,DVA,0.4736439483614558,63,0.00010096620849170138,0,0,Internal
DOV,EMR,0.4336420714060686,63,0.000430083253325334,0,0,Internal
DOV,ESS,0.4193249033123691,63,0.0006928889553476156,0,1,External
DOV,FRT,0.5351286289562882,63,7.428575691526877e-06,0,1,External
DOV,FTV,0.636069414109416,63,2.76938295101586e-08,0,0,Internal
DOV,GPC,0.535070484578516,63,7.448764595092912e-06,0,0,Internal
DOV,HAS,0.42510388583287306,63,0.0005730067294931827,0,0,Internal
DOV,HBAN,0.4704291303390052,63,0.00011420120882254766,0,2,External
DOV,HD,0.48727356261529176,63,5.907152957994299e-05,0,0,Internal
DOV,HLT,0.42561388666671474,63,0.0005633886658385046,0,0,Internal
DOV,HON,0.5692702072593385,63,1.3779601317296707e-06,0,2,External
DOV,HST,0.5875993278028645,63,5.14471001926779e-07,0,2,External
DOV,HUBB,0.594275742983557,63,3.5389710282946827e-07,0,0,Internal
DOV,IEX,0.5740061386384352,63,1.074387153116957e-06,0,0,Internal
DOV,IFF,0.5917805507586839,63,4.0740934243829393e-07,0,0,Internal
DOV,INVH,0.4511728664855473,63,0.00023293409378739199,0,1,External
DOV,IR,0.6183703491933472,63,8.525681586094946e-08,0,0,Internal
DOV,ITW,0.760622912367663,63,7.3686457266578e-13,0,0,Internal
DOV,J,0.48947761952976016,63,5.405053438099292e-05,0,0,Internal
DOV,JBHT,0.5916615433577987,63,4.101425677480836e-07,0,0,Internal
DOV,KEY,0.5506944603965023,63,3.526364674655795e-06,0,2,External
DOV,KEYS,0.4003953150309281,63,0.001261463117865355,0,0,Internal
DOV,KIM,0.5300463747694163,63,9.39966298966362e-06,0,1,External
DOV,LDOS,0.42035730718408243,63,0.0006699335453152775,0,0,Internal
DOV,LEN,0.51281876635055,63,2.0303505633938767e-05,0,0,Internal
DOV,LKQ,0.5306749310740905,63,9.1318989838698e-06,0,2,External
DOV,LOW,0.4940312260733162,63,4.4900918664456274e-05,0,0,Internal
DOV,LYB,0.5980137145921371,63,2.859510512074018e-07,0,0,Internal
DOV,MAR,0.4545196453977213,63,0.0002064140620144093,0,0,Internal
DOV,MAS,0.6321151264247753,63,3.5823568015634354e-08,0,0,Internal
DOV,MGM,0.4635432942577752,63,0.00014807488872411515,0,2,External
DOV,MHK,0.573640155423916,63,1.0954007665433873e-06,0,0,Internal
DOV,MKC,0.42132929683319215,63,0.0006489534754111142,0,1,External
DOV,MMM,0.5411997116360995,63,5.57982085119386e-06,0,0,Internal
DOV,MPC,0.46958693122591155,63,0.00011792269232961355,0,2,External
DOV,MRNA,0.4327009609057948,63,0.00044406642449394305,0,0,Internal
DOV,MTD,0.5736305080041983,63,1.095959868842962e-06,0,0,Internal
DOV,NDSN,0.7362558277997573,63,9.166198720127571e-12,0,0,Internal
DOV,NFLX,-0.430828300172146,63,0.00047312776976211527,0,18,External
DOV,NUE,0.4950585219917667,63,4.30453276461416e-05,0,0,Internal
DOV,NVR,0.5023670944401548,63,3.1755375295080166e-05,0,0,Internal
DOV,ODFL,0.4518005140444537,63,0.00022773490491452924,0,0,Internal
DOV,OMC,0.43301504795991674,63,0.0004393543555411278,0,0,Internal
DOV,PCAR,0.5941917022917232,63,3.555864016877329e-07,0,0,Internal
DOV,PFE,0.5055549507948767,63,2.7748716780928932e-05,0,0,Internal
DOV,PH,0.5995194575926409,63,2.6221808761873673e-07,0,0,Internal
DOV,PHM,0.49450957919444205,63,4.4027867582124534e-05,0,0,Internal
DOV,PKG,0.4524735844937513,63,0.0002222775607370605,0,0,Internal
DOV,PLD,0.4616847267212121,63,0.0001586800253309979,0,1,External
DOV,PNC,0.5395395576779288,63,6.037352376697958e-06,0,2,External
DOV,PNR,0.7604224498406211,63,7.532147075213704e-13,0,0,Internal
DOV,POOL,0.5671368251300656,63,1.5394779194164271e-06,0,0,Internal
DOV,PPG,0.5534670660159927,63,3.0758857504823423e-06,0,0,Internal
DOV,REG,0.42238411761270844,63,0.0006268607627491247,0,1,External
DOV,ROK,0.5564258678946347,63,2.654826917683732e-06,0,0,Internal
DOV,RVTY,0.48666881136776385,63,6.052255905331261e-05,0,0,Internal
DOV,SHW,0.4668253424222111,63,0.00013092128911605026,0,0,Internal
DOV,SLB,0.5330856000061421,63,8.169412753374327e-06,0,2,External
DOV,SNA,0.4820536940181087,63,7.272735098466249e-05,0,0,Internal
DOV,SPG,0.5253620928442813,63,1.163762941938741e-05,0,0,Internal
DOV,SW,0.4575515441480438,63,0.00018480581334518744,0,0,Internal
DOV,SWK,0.62066688148544,63,7.397330032258165e-08,0,0,Internal
DOV,SYK,0.43208510594426675,63,0.0004534394127152366,0,1,External
DOV,TECH,0.4409243552108582,63,0.0003347048420441282,0,0,Internal
DOV,TFC,0.5566141140778329,63,2.6299516676189167e-06,0,2,External
DOV,TMO,0.4889779884967196,63,5.515289701362364e-05,0,0,Internal
DOV,TROW,0.4233478729801245,63,0.000607273869034692,0,2,External
DOV,TXT,0.7220564289493624,63,3.5187496515138597e-11,0,2,External
DOV,UDR,0.4467743987785743,63,0.0002725249322881514,0,1,External
DOV,VMC,0.4142007272699397,63,0.0008177185797821732,0,0,Internal
DOV,WAB,0.48285271581154127,63,7.046392296257905e-05,0,2,External
DOV,WY,0.621178499267264,63,7.165921293592554e-08,0,0,Internal
DOV,WYNN,0.40790802340414006,63,0.0009986492597868774,0,2,External
DOW,DVA,0.5562355345313038,63,2.680201509027517e-06,2,0,External
DOW,ESS,0.47275359630390323,63,0.00010448278360880024,2,1,External
DOW,F,0.4189010801991988,63,0.0007025171284559455,2,0,External
DOW,FDX,0.41329368028242297,63,0.0008418226787189503,2,0,External
DOW,FTV,0.477720154164582,63,8.621434521507336e-05,2,0,External
DOW,GE,-0.5119999818378939,63,2.103871398895577e-05,2,7,External
DOW,GIS,0.41277853824630145,63,0.0008557963793884589,2,0,External
DOW,GPC,0.4393882166780603,63,0.00035304872807186794,2,0,External
DOW,HAS,0.44096432055046614,63,0.00033423941121764393,2,0,External
DOW,HON,0.6679185143660432,63,3.024155474763446e-09,2,2,Internal
DOW,HST,0.42209662725244357,63,0.0006328134942206974,2,2,Internal
DOW,IEX,0.4670254761209253,63,0.00012993679844309404,2,0,External
DOW,IFF,0.6376813988726561,63,2.4908957738101107e-08,2,0,External
DOW,ITW,0.4859885616827277,63,6.219399587267464e-05,2,0,External
DOW,KEY,0.4537843686769801,63,0.00021199145098811973,2,2,Internal
DOW,LEN,0.5080886184670842,63,2.4904060837420226e-05,2,0,External
DOW,LKQ,0.7922320361229315,63,1.727121996994785e-14,2,2,Internal
DOW,LOW,0.42215918466698477,63,0.0006315138451308145,2,0,External
DOW,LUV,0.6149198325604976,63,1.0530238801224447e-07,2,2,Internal
DOW,LYB,0.8881042687100885,63,6.396149615310362e-22,2,0,External
DOW,MAS,0.4129096305409393,63,0.0008522206365686143,2,0,External
DOW,MCHP,0.5441202819035302,63,4.852492425704006e-06,2,2,Internal
DOW,MHK,0.41831906213832737,63,0.0007159365291258041,2,0,External
DOW,MKC,0.4435040255552252,63,0.0003058446332146412,2,1,External
DOW,MOH,0.4126290235410337,63,0.0008598911679059243,2,1,External
DOW,MPC,0.6423332794866451,63,1.8281708042453613e-08,2,2,Internal
DOW,MRK,0.41240095276562255,63,0.000866171496435234,2,0,External
DOW,MRNA,0.47452172758025374,63,9.760616299779617e-05,2,0,External
DOW,MTD,0.4428780096864231,63,0.0003126315026024143,2,0,External
DOW,NDAQ,-0.44982077085599165,63,0.00024450502457858375,2,3,External
DOW,NDSN,0.408334420385636,63,0.0009853344727564983,2,0,External
DOW,NFLX,-0.4084946760234933,63,0.0009803718472472633,2,18,External
DOW,NUE,0.5407739050441819,63,5.693983255060641e-06,2,0,External
DOW,NVR,0.41142649021682026,63,0.0008934745266484408,2,0,External
DOW,NXPI,0.4144337960237067,63,0.0008116265822665682,2,2,Internal
DOW,OMC,0.4059919763176259,63,0.0010605061872293862,2,0,External
DOW,ON,0.5154357339882619,63,1.811042814492751e-05,2,2,Internal
DOW,PCAR,0.4838960042992892,63,6.760626932294401e-05,2,0,External
DOW,PFE,0.42914309720781013,63,0.0005007467189461565,2,0,External
DOW,PHM,0.4833380235182258,63,6.91210525143843e-05,2,0,External
DOW,PPG,0.5441940115260313,63,4.835331483045464e-06,2,0,External
DOW,PSX,0.597373934760254,63,2.966345695459133e-07,2,2,Internal
DOW,SLB,0.4813007529287162,63,7.492138112827508e-05,2,2,Internal
DOW,SWK,0.5320292147733707,63,8.578927096949276e-06,2,0,External
DOW,TAP,0.4499916832259885,63,0.00024301393791472997,2,0,External
DOW,TFC,0.4253257374764145,63,0.000568804685997425,2,2,Internal
DOW,TXT,0.6073928814877131,63,1.6546980287927344e-07,2,2,Internal
DOW,UDR,0.4316549104453004,63,0.00046009310724682954,2,1,External
DOW,UHS,0.4081511020490129,63,0.000991039065498248,2,2,Internal
DOW,UNP,0.5014036634023157,63,3.306777579638775e-05,2,2,Internal
DOW,UPS,0.4509828166303863,63,0.00023452966831737117,2,0,External
DOW,VLO,0.6011186937378483,63,2.390480304602587e-07,2,2,Internal
DOW,WAB,0.48268241396932654,63,7.094082834235609e-05,2,2,Internal
DOW,WY,0.4849297911567302,63,6.488038723461887e-05,2,0,External
DOW,ZBH,0.40978661205036687,63,0.0009411810504951797,2,0,External
DPZ,FE,0.402783484776705,63,0.0011718599228964979,3,3,Internal
DPZ,FIS,0.5738336330478088,63,1.0842443486344784e-06,3,3,Internal
DPZ,FOX,0.4535205732587184,63,0.0002140258322608774,3,4,External
DPZ,FOXA,0.46130301171977967,63,0.00016094253287301754,3,4,External
DPZ,GPC,0.4278690964362677,63,0.0005225899757921067,3,0,External
DPZ,HLT,0.40481457647842717,63,0.001100209646492316,3,0,External
DPZ,HSIC,0.41133463748976107,63,0.0008960877803216527,3,3,Internal
DPZ,HST,0.43618932475873073,63,0.00039422171477720367,3,2,External
DPZ,IT,0.46686014294238537,63,0.00013074960918201952,3,3,Internal
DPZ,LEN,0.4695811922117639,63,0.00011794842959911961,3,0,External
DPZ,MCD,0.4927930122875936,63,4.723565367687946e-05,3,3,Internal
DPZ,MGM,0.44006295587815847,63,0.000344881317675179,3,2,External
DPZ,MHK,0.4936426072212836,63,4.562194253160257e-05,3,0,External
DPZ,MRK,0.44453531576768335,63,0.0002949566266872582,3,0,External
DPZ,NVR,0.49102003611619954,63,5.0774439416093456e-05,3,0,External
DPZ,PHM,0.4957943983305545,63,4.175998040201353e-05,3,0,External
DPZ,POOL,0.4061280964434224,63,0.001056000357710632,3,0,External
DPZ,VICI,0.4506250703709407,63,0.00023756028869319107,3,3,Internal
DPZ,VRTX,0.5292841949845424,63,9.734151509300269e-06,3,3,Internal
DPZ,YUM,0.5783672636289042,63,8.513942494274929e-07,3,3,Internal
DPZ,ZTS,0.5279615323116149,63,1.0341034793572662e-05,3,3,Internal
DRI,FDS,0.5326848203718918,63,8.322585380443184e-06,3,3,Internal
DRI,JKHY,0.4956647689916675,63,4.198379611136831e-05,3,1,External
DRI,K,0.4055839866563552,63,0.0010741154293219932,3,1,External
DRI,MCO,0.5272787897076555,63,1.0667902867252098e-05,3,3,Internal
DRI,NUE,0.40477311366499225,63,0.0011016319270341275,3,0,External
DRI,SPGI,0.48509860538519217,63,6.44450098371262e-05,3,3,Internal
DRI,YUM,0.4055940401197665,63,0.0010737781946748848,3,3,Internal
DTE,DUK,0.737634763010189,63,8.006966118436827e-12,3,3,Internal
DTE,EBAY,0.5063602997006474,63,2.6813443306018053e-05,3,7,External
DTE,ED,0.7888240608489223,63,2.6685793200167666e-14,3,3,Internal
DTE,EG,0.4033904422458237,63,0.001150020408733143,3,3,Internal
DTE,EIX,0.411680918151434,63,0.00088627183541967,3,3,Internal
DTE,ES,0.5925912119655957,63,3.892415814394405e-07,3,3,Internal
DTE,ETR,0.7718960108462479,63,2.0701271766216048e-13,3,3,Internal
DTE,EVRG,0.7391545410633424,63,6.891660948915475e-12,3,3,Internal
DTE,EXC,0.8022738008055539,63,4.565452771052442e-15,3,3,Internal
DTE,FE,0.7629913640188822,63,5.676379611608452e-13,3,3,Internal
DTE,HIG,0.4561977659682323,63,0.00019418429798845487,3,3,Internal
DTE,HOLX,0.44411361927488335,63,0.00029936526439742063,3,3,Internal
DTE,L,0.4860168009620634,63,6.212377070475765e-05,3,3,Internal
DTE,LNT,0.7490677103479162,63,2.524104150390854e-12,3,3,Internal
DTE,MMC,0.45093436747030274,63,0.00023493802148619294,3,3,Internal
DTE,NI,0.5395785210997324,63,6.0262247632872926e-06,3,3,Internal
DTE,O,0.4262637905559264,63,0.000551344565482098,3,3,Internal
DTE,PCG,0.412207505200207,63,0.0008715308684420244,3,3,Internal
DTE,PEG,0.5619499559541734,63,2.0091530417375814e-06,3,3,Internal
DTE,PNW,0.7882257745260126,63,2.8780279196775684e-14,3,3,Internal
DTE,PPL,0.6321490757125233,63,3.574504342022373e-08,3,3,Internal
DTE,ROL,0.4444066564164762,63,0.0002962953762543983,3,3,Internal
DTE,RSG,0.4302126524226778,63,0.0004830529362499329,3,3,Internal
DTE,SO,0.7591424507291316,63,8.660826380839084e-13,3,3,Internal
DTE,SRE,0.6551374373909934,63,7.590132810887832e-09,3,3,Internal
DTE,TRV,0.5315865624743967,63,8.756141247416823e-06,3,3,Internal
DTE,VICI,0.537260608888189,63,6.722562907487686e-06,3,3,Internal
DTE,VTR,0.5010704102934472,63,3.353330156302237e-05,3,3,Internal
DTE,WEC,0.8431546358924777,63,8.191184353933175e-18,3,3,Internal
DTE,WM,0.4253167260975025,63,0.0005689748222086208,3,3,Internal
DTE,WRB,0.5218444366220775,63,1.363380871206656e-05,3,3,Internal
DTE,WTW,0.5698232922070516,63,1.3387572922726873e-06,3,3,Internal
DTE,XEL,0.6042329732345987,63,1.9934828918356412e-07,3,3,Internal
DUK,ED,0.831467883302929,63,5.92371331808013e-17,3,3,Internal
DUK,EG,0.4000443575600246,63,0.0012751380000867803,3,3,Internal
DUK,EIX,0.42513522348311394,63,0.0005724114664990817,3,3,Internal
DUK,ES,0.6196955373583433,63,7.85620580681379e-08,3,3,Internal
DUK,ETR,0.7443757612179851,63,4.083704529038109e-12,3,3,Internal
DUK,EVRG,0.786231206783284,63,3.6960378458317536e-14,3,3,Internal
DUK,EXC,0.8078353645523739,63,2.1137211210589023e-15,3,3,Internal
DUK,FE,0.6822825606767617,63,1.0176041870197555e-09,3,3,Internal
DUK,HIG,0.5566020416313454,63,2.6315403831650344e-06,3,3,Internal
DUK,KO,0.4531747987390751,63,0.00021671948770117237,3,3,Internal
DUK,L,0.47881013854099386,63,8.262086585360915e-05,3,3,Internal
DUK,LNT,0.7924433359210576,63,1.6807062550219035e-14,3,3,Internal
DUK,NI,0.6071290079053461,63,1.6807673545879266e-07,3,3,Internal
DUK,ORLY,0.43458872432767703,63,0.0004164230175676911,3,3,Internal
DUK,PCG,0.445548237266807,63,0.0002846080801632144,3,3,Internal
DUK,PEG,0.4717812881747552,63,0.0001084514690214113,3,3,Internal
DUK,PGR,0.4393597328076588,63,0.0003533973585415726,3,3,Internal
DUK,PNW,0.7923260139706692,63,1.7063285114658844e-14,3,3,Internal
DUK,PPL,0.6392045740650806,63,2.2522542969046755e-08,3,3,Internal
DUK,REG,0.404259860718726,63,0.0011193755322877813,3,1,External
DUK,ROL,0.4477108473142858,63,0.00026361435284524083,3,3,Internal
DUK,SO,0.8098118933978673,63,1.5979756637976243e-15,3,3,Internal
DUK,SRE,0.5531881867363613,63,3.118635921308768e-06,3,3,Internal
DUK,TRV,0.5327059017023185,63,8.314462195115988e-06,3,3,Internal
DUK,VICI,0.4650797505207286,63,0.00013980309636025195,3,3,Internal
DUK,VLTO,0.44282993726548925,63,0.00031315831179553065,3,3,Internal
DUK,VTR,0.4624107556240155,63,0.00015445700175104765,3,3,Internal
DUK,WEC,0.8087281018175168,63,1.8636058883424524e-15,3,3,Internal
DUK,WELL,0.45954012203197864,63,0.0001717803384503716,3,3,Internal
DUK,WM,0.5067018965527832,63,2.642563072607971e-05,3,3,Internal
DUK,WRB,0.5476304136596947,63,4.095509852289399e-06,3,3,Internal
DUK,WTW,0.4104550899792936,63,0.0009214631301662312,3,3,Internal
DUK,XEL,0.5722950277551083,63,1.1759909177618274e-06,3,3,Internal
DVA,EMR,0.4056374323879033,63,0.0010723237336805833,0,0,Internal
DVA,EQR,0.460674715898281,63,0.00016473107804516318,0,1,External
DVA,ESS,0.4630995597344182,63,0.0001505460372709672,0,1,External
DVA,FTV,0.5478993207831793,63,4.042321050098897e-06,0,0,Internal
DVA,GIS,0.4524822620571093,63,0.00022220798976256583,0,0,Internal
DVA,GPC,0.41385611065905503,63,0.0008268020138497057,0,0,Internal
DVA,HD,0.4363303148205213,63,0.0003923186960909385,0,0,Internal
DVA,HON,0.4767801820207664,63,8.94282305210065e-05,0,2,External
DVA,IFF,0.5965023513371711,63,3.117941228947209e-07,0,0,Internal
DVA,INVH,0.44605434001632843,63,0.00027956264434959545,0,1,External
DVA,IQV,0.5504888506662257,63,3.562114178704299e-06,0,0,Internal
DVA,IRM,0.40463360863940057,63,0.0011064294804197959,0,1,External
DVA,JBHT,0.4009297927702028,63,0.0012408908438996389,0,0,Internal
DVA,KEY,0.48160642177505686,63,7.402342678456234e-05,0,2,External
DVA,LKQ,0.41694504605371613,63,0.0007485421637419077,0,2,External
DVA,LOW,0.44455707093653773,63,0.00029473080235079956,0,0,Internal
DVA,LW,0.47412300826497406,63,9.911945727843614e-05,0,0,Internal
DVA,LYB,0.5589901224672479,63,2.334148648534595e-06,0,0,Internal
DVA,MAA,0.4997224515275213,63,3.5478854022966855e-05,0,1,External
DVA,MKC,0.4386948455007194,63,0.0003616249656073376,0,1,External
DVA,MOH,0.46159734666245256,63,0.0001591953563513152,0,1,External
DVA,MPC,0.4674525910903675,63,0.00012785844490274104,0,2,External
DVA,MRK,0.5201675186327569,63,1.4693472082316716e-05,0,0,Internal
DVA,MRNA,0.4177362120638079,63,0.000729607280679916,0,0,Internal
DVA,MTB,0.43686981896315735,63,0.0003851137103933797,0,2,External
DVA,MTD,0.6060997811537617,63,1.7861930069434297e-07,0,0,Internal
DVA,NDSN,0.41555493476265964,63,0.0007828916239926979,0,0,Internal
DVA,OMC,0.40824752470732606,63,0.0009880348324106947,0,0,Internal
DVA,PEP,0.4246169983046928,63,0.0005823276712623047,0,1,External
DVA,PFE,0.5624869717457367,63,1.954930323011055e-06,0,0,Internal
DVA,PKG,0.40864535826420906,63,0.0009757262654260897,0,0,Internal
DVA,REG,0.4317350579948336,63,0.0004588468022379573,0,1,External
DVA,REGN,0.4183007340907498,63,0.0007163628571084276,0,0,Internal
DVA,RMD,0.4439043337155105,63,0.00030157550075168035,0,3,External
DVA,ROK,0.5101144163597517,63,2.282673495166545e-05,0,0,Internal
DVA,RVTY,0.4611940094585519,63,0.00016159402074493383,0,0,Internal
DVA,SW,0.42134449259729945,63,0.0006486302610743744,0,0,Internal
DVA,SWK,0.40141116914059927,63,0.0012226214130945034,0,0,Internal
DVA,SYF,0.41680079037640294,63,0.000752042168426606,0,2,External
DVA,SYK,0.5807163393401984,63,7.500717357569877e-07,0,1,External
DVA,TECH,0.6186056911951955,63,8.402988179976749e-08,0,0,Internal
DVA,TFC,0.45757687485908266,63,0.00018463435503065104,0,2,External
DVA,TMO,0.6424209033441445,63,1.817458640914975e-08,0,0,Internal
DVA,UDR,0.42367440033912257,63,0.0006007646443778246,0,1,External
DVA,UHS,0.4074834408670269,63,0.0010120684610028143,0,2,External
DVA,UNH,0.42796580670923456,63,0.0005209019806586022,0,1,External
DVA,VTRS,0.478770174137417,63,8.27501470100582e-05,0,0,Internal
DVA,ZBH,0.46033054178199817,63,0.00016684089722228198,0,0,Internal
DVN,EOG,0.824512788639325,63,1.792207671440318e-16,2,2,Internal
DVN,FANG,0.8610938337258522,63,2.8072970022410023e-19,2,2,Internal
DVN,HAL,0.7354640799286799,63,9.902415384089074e-12,2,2,Internal
DVN,KEY,0.44521297156301415,63,0.00028799603982247713,2,2,Internal
DVN,LYB,0.4010622265431337,63,0.0012358403136512256,2,0,External
DVN,MPC,0.4806393843119188,63,7.689872005673054e-05,2,2,Internal
DVN,NUE,0.42132842242742297,63,0.0006489720784873757,2,0,External
DVN,NXPI,0.40698148213160246,63,0.0010281428657162937,2,2,Internal
DVN,OKE,0.4928198219036085,63,4.718393625339219e-05,2,2,Internal
DVN,OXY,0.7938432926390221,63,1.4020337381386988e-14,2,2,Internal
DVN,PCAR,0.4427668559784456,63,0.00031385082660823684,2,0,External
DVN,PNC,0.4537267883575885,63,0.00021243399268920085,2,2,Internal
DVN,PSX,0.5831995429559256,63,6.553342674319818e-07,2,2,Internal
DVN,SLB,0.6932529981277845,63,4.245735233048465e-10,2,2,Internal
DVN,TFC,0.4088836303824689,63,0.0009684207914891513,2,2,Internal
DVN,TPL,0.49829082236235034,63,3.765915970474022e-05,2,2,Internal
DVN,TRGP,0.4793091302100815,63,8.102225784337473e-05,2,2,Internal
DVN,VLO,0.43709536832121976,63,0.0003821374209684325,2,2,Internal
DVN,XOM,0.7155906678835452,63,6.319347056738539e-11,2,2,Internal
DXCM,EXR,0.42794274594961607,63,0.0005213040362671862,1,1,Internal
DXCM,MSFT,-0.4654074294691602,63,0.00013809478952087927,1,7,External
DXCM,XYL,-0.4256790729074487,63,0.0005621699426548869,1,7,External
EBAY,EXC,0.40113283555989443,63,0.0012331551169789384,7,3,External
EBAY,EXPD,0.5084878319053694,63,2.4481325011432824e-05,7,0,External
EBAY,EXR,-0.495365789006562,63,4.250424460359109e-05,7,1,External
EBAY,FE,0.43525182246390315,63,0.00040709094033223323,7,3,External
EBAY,FFIV,0.515363040966743,63,1.8168253724408487e-05,7,7,Internal
EBAY,HII,0.5455238104573417,63,4.5353716593910205e-06,7,7,Internal
EBAY,HWM,-0.5611566239860698,63,2.091836801729874e-06,7,7,Internal
EBAY,IP,-0.5169979842532538,63,1.690823610352165e-05,7,1,External
EBAY,MAS,0.4803819575543933,63,7.768128131512174e-05,7,0,External
EBAY,META,0.7062312486728941,63,1.4342642392499787e-10,7,7,Internal
EBAY,MSFT,0.4494434751273774,63,0.0002478263095787769,7,7,Internal
EBAY,NCLH,0.5517257350024889,63,3.352057439018883e-06,7,7,Internal
EBAY,QCOM,-0.49655183854464335,63,4.047409967561546e-05,7,1,External
EBAY,SPGI,0.4316481379860513,63,0.0004601985607908463,7,3,External
EBAY,TYL,0.46878107759634613,63,0.00012158758202060614,7,3,External
EBAY,WTW,0.6523024681567448,63,9.254115459845212e-09,7,3,External
EBAY,XYL,0.7764003579813562,63,1.221307117165618e-13,7,7,Internal
ECL,GLW,-0.5391657918298632,63,6.145074329581106e-06,3,1,External
ECL,HUM,0.4122911256274412,63,0.0008692105389285517,3,8,External
ECL,JBL,-0.40110584636304614,63,0.0012341808710218548,3,16,External
ECL,JCI,0.4090811683925165,63,0.0009624017008793346,3,3,Internal
ECL,L,0.40194204055747323,63,0.0012027545422443027,3,3,Internal
ECL,LH,0.40138194850028736,63,0.0012237234683474538,3,3,Internal
ECL,LNT,0.4074491016506289,63,0.001013160851008188,3,3,Internal
ECL,MMC,0.5789656198976415,63,8.244318937004387e-07,3,3,Internal
ECL,PYPL,0.4387715929526667,63,0.0003606664284337824,3,3,Internal
ECL,ROL,0.5410831194201519,63,5.610866120989965e-06,3,3,Internal
ECL,SHW,0.43868201494606035,63,0.0003617854390800717,3,0,External
ECL,VRSN,0.4032605781595885,63,0.0011546621006009112,3,3,Internal
ECL,WRB,0.45226591961558865,63,0.00022394843629608232,3,3,Internal
ECL,WTW,0.5112668890234446,63,2.17178543409945e-05,3,3,Internal
ED,EG,0.4513441097521247,63,0.00023150491918279688,3,3,Internal
ED,EIX,0.490741861403396,63,5.1351382210175724e-05,3,3,Internal
ED,ES,0.6330286507365837,63,3.3766372606638855e-08,3,3,Internal
ED,ETR,0.7531501039002851,63,1.6464201686663298e-12,3,3,Internal
ED,EVRG,0.7502988328165789,63,2.2208582783537098e-12,3,3,Internal
ED,EXC,0.7886558028903896,63,2.7259596329274075e-14,3,3,Internal
ED,FE,0.7449730112837134,63,3.843337727219814e-12,3,3,Internal
ED,HIG,0.5157279724005712,63,1.787967901187775e-05,3,3,Internal
ED,HOLX,0.45052081930000315,63,0.00023845015700509314,3,3,Internal
ED,HRL,0.405437952512292,63,0.001079024794627874,3,0,External
ED,KMB,0.415670004189017,63,0.0007799950767388555,3,3,Internal
ED,KO,0.4323410312383988,63,0.00044952273231313857,3,3,Internal
ED,L,0.4979726068554522,63,3.816032705620428e-05,3,3,Internal
ED,LNT,0.7676154538589456,63,3.3806860053646514e-13,3,3,Internal
ED,NI,0.5803019122795836,63,7.670826640194119e-07,3,3,Internal
ED,O,0.47329705248309134,63,0.00010232317234080008,3,3,Internal
ED,PCG,0.4741712108075574,63,9.893536997555964e-05,3,3,Internal
ED,PEG,0.5181923028536793,63,1.6039622458041918e-05,3,3,Internal
ED,PNW,0.7883730736244533,63,2.825047209299773e-14,3,3,Internal
ED,PPL,0.637118274432661,63,2.585026392378001e-08,3,3,Internal
ED,REG,0.4177392811761958,63,0.0007295346800081988,3,1,External
ED,SBAC,0.4285927695064808,63,0.0005100784564240496,3,3,Internal
ED,SO,0.8163154757922672,63,6.218292672238471e-16,3,3,Internal
ED,SRE,0.6344777235196235,63,3.073052533635827e-08,3,3,Internal
ED,TRV,0.5096413491725772,63,2.3296924064970605e-05,3,3,Internal
ED,VICI,0.5998499880497542,63,2.572626338043563e-07,3,3,Internal
ED,VTR,0.48383759343411237,63,6.776339408829624e-05,3,3,Internal
ED,WEC,0.8358211783844486,63,2.8866478398430376e-17,3,3,Internal
ED,WELL,0.46037443512532117,63,0.00016657045577695028,3,3,Internal
ED,WM,0.4390046981604049,63,0.0003577692386868814,3,3,Internal
ED,WRB,0.5322431696025111,63,8.494473611490107e-06,3,3,Internal
ED,XEL,0.6121564364011854,63,1.244785376424993e-07,3,3,Internal
EFX,EQR,0.41441796326997876,63,0.0008120391190344537,7,1,External
EFX,GM,0.4904725482560058,63,5.191570794188788e-05,7,7,Internal
EFX,LMT,0.5842219964123673,63,6.196927177353162e-07,7,7,Internal
EFX,MAS,0.40986508141991407,63,0.000938846891592201,7,0,External
EFX,MSCI,0.666765322346272,63,3.291997142663396e-09,7,7,Internal
EFX,SHW,0.5507630189204221,63,3.5145190608581935e-06,7,0,External
EG,FE,0.40842956403269165,63,0.0009823854391778236,3,3,Internal
EG,GWW,0.4082186533987577,63,0.000988933510463206,3,3,Internal
EG,HIG,0.6195327509194954,63,7.935687601339153e-08,3,3,Internal
EG,L,0.6611889523527164,63,4.936528322679353e-09,3,3,Internal
EG,LYB,0.4064667037815295,63,0.0010448666032004269,3,0,External
EG,MET,0.5455012926474229,63,4.540303066470341e-06,3,3,Internal
EG,MKC,0.40456715779543323,63,0.0011087213264288974,3,1,External
EG,MMC,0.6426073911287686,63,1.7948575000835453e-08,3,3,Internal
EG,PAYX,0.4867107296740229,63,6.042093000139775e-05,3,1,External
EG,PFG,0.5934421454904744,63,3.709922324504899e-07,3,3,Internal
EG,PGR,0.5435661353032692,63,4.983303332600064e-06,3,3,Internal
EG,PRU,0.6343705528014776,63,3.094590724187352e-08,3,3,Internal
EG,STT,0.4222964623846342,63,0.0006286703363773417,3,2,External
EG,TRV,0.6562511627067943,63,7.01748832915906e-09,3,3,Internal
EG,WRB,0.6982674474586652,63,2.810594167963571e-10,3,3,Internal
EG,WTW,0.51946747417995,63,1.5158074120339843e-05,3,3,Internal
EG,XEL,0.46075147365017116,63,0.00016426389432799154,3,3,Internal
EIX,ES,0.47025978003288854,63,0.00011494074342494563,3,3,Internal
EIX,EVRG,0.49277740730710134,63,4.7265780767037146e-05,3,3,Internal
EIX,FE,0.4803479721764605,63,7.778514119211616e-05,3,3,Internal
EIX,GIS,0.46704591012407404,63,0.00012983666364473683,3,0,External
EIX,HD,0.418946855707454,63,0.0007014714216472867,3,0,External
EIX,KMB,0.4087999663405499,63,0.0009709803061165404,3,3,Internal
EIX,KO,0.41635219250708067,63,0.0007630211197344901,3,3,Internal
EIX,KVUE,0.46461119168547804,63,0.00014227957223265895,3,3,Internal
EIX,L,0.4098528408027976,63,0.000939210658022041,3,3,Internal
EIX,MGM,0.4104020174553408,63,0.000923014854100242,3,2,External
EIX,MHK,0.4057783984601733,63,0.001067610954297457,3,0,External
EIX,NCLH,0.4139501066136444,63,0.0008243154567243198,3,7,External
EIX,PCG,0.7853594463880488,63,4.119629914409489e-14,3,3,Internal
EIX,PNW,0.5212760898461152,63,1.3984725791686481e-05,3,3,Internal
EIX,SO,0.4180489480835767,63,0.0007222429556624256,3,3,Internal
EIX,SRE,0.5980508475564089,63,2.853422283720266e-07,3,3,Internal
EIX,VICI,0.5459613363223743,63,4.440539990490644e-06,3,3,Internal
EIX,WEC,0.4307247908107513,63,0.00047478342294285267,3,3,Internal
EIX,ZTS,0.4052068775030851,63,0.001086834391034209,3,3,Internal
EL,HST,0.42474762930504045,63,0.0005798134719994665,0,2,External
EL,JBHT,0.44060840308912735,63,0.00033840523146877054,0,0,Internal
EL,KEYS,0.4732344144074596,63,0.00010256997613707262,0,0,Internal
EL,LUV,0.4978555627481717,63,3.8346209957214024e-05,0,2,External
EL,MAS,0.4014256769282406,63,0.0012220745844084713,0,0,Internal
EL,MGM,0.6656489921283734,63,3.5725896619746213e-09,0,2,External
EL,MHK,0.45253989453738225,63,0.00022174643581891897,0,0,Internal
EL,MRNA,0.4576788032827851,63,0.00018394589459611897,0,0,Internal
EL,NDSN,0.43433164742099023,63,0.000420093043429445,0,0,Internal
EL,NUE,0.5117707404481556,63,2.124893726392454e-05,0,0,Internal
EL,SW,0.505519089044627,63,2.7791058562861353e-05,0,0,Internal
EL,SWK,0.4569116299894463,63,0.00018918593874458199,0,0,Internal
EL,TECH,0.40223703349723616,63,0.0011918410423116636,0,0,Internal
EL,TGT,0.44656422805280616,63,0.00027456218975719065,0,0,Internal
ELV,EPAM,0.40250858725535404,63,0.0011818735931659141,1,1,Internal
ELV,MOH,0.7942763552588723,63,1.3251969325490673e-14,1,1,Internal
ELV,SYK,0.42784839676547415,63,0.0005229519156606297,1,1,Internal
ELV,UNH,0.5313257909354809,63,8.862129425659403e-06,1,1,Internal
EMR,HUBB,0.521648443574132,63,1.3753886492540434e-05,0,0,Internal
EMR,IFF,0.48552837558850886,63,6.334875116350671e-05,0,0,Internal
EMR,IR,0.43030380263585727,63,0.00048157162262071575,0,0,Internal
EMR,KEY,0.4344510776017677,63,0.0004183844148804039,0,2,External
EMR,LYB,0.4131238760305319,63,0.0008464058201862863,0,0,Internal
EMR,MOS,0.5174085803483268,63,1.6604804987453193e-05,0,2,External
EMR,PH,0.4244724023854346,63,0.0005851221778456493,0,0,Internal
EMR,ROK,0.6551214561392845,63,7.598663248577638e-09,0,0,Internal
EMR,SYF,0.4162258937458236,63,0.0007661382001315539,0,2,External
EOG,FANG,0.7953726293959408,63,1.1482966332627009e-14,2,2,Internal
EOG,HAL,0.6936864227393007,63,4.0983638582050803e-10,2,2,Internal
EOG,KR,-0.41432385549722645,63,0.0008144950976333298,2,3,External
EOG,MPC,0.451660241001131,63,0.00022888757516052543,2,2,Internal
EOG,OKE,0.48503678476117384,63,6.460413357729906e-05,2,2,Internal
EOG,OXY,0.738907689395748,63,7.062127045474324e-12,2,2,Internal
EOG,PNC,0.4070403777102696,63,0.00102624498209249,2,2,Internal
EOG,PSX,0.5926778673267379,63,3.873452612377063e-07,2,2,Internal
EOG,SLB,0.6516388555080934,63,9.690712446721513e-09,2,2,Internal
EOG,TPL,0.5360201968932632,63,7.125319975898087e-06,2,2,Internal
EOG,TRGP,0.4869077329735869,63,5.9945409728828376e-05,2,2,Internal
EOG,VLO,0.40878636125555795,63,0.0009713970999373573,2,2,Internal
EOG,XOM,0.7719876991308409,63,2.048255684542668e-13,2,2,Internal
EPAM,EQR,0.41652476260297944,63,0.000758780603526913,1,1,Internal
EPAM,ESS,0.42452509438802855,63,0.0005841024296525811,1,1,Internal
EPAM,GE,-0.4125709846280736,63,0.0008614854554472788,1,7,External
EPAM,GIS,0.4583132163552012,63,0.00017971344785719246,1,0,External
EPAM,GPN,0.4236360674979732,63,0.0006015255057538909,1,1,Internal
EPAM,HPQ,0.44031900203997865,63,0.00034182734651655455,1,0,External
EPAM,IP,0.4236826937969559,63,0.0006006001439881342,1,1,Internal
EPAM,JKHY,0.44361661038946393,63,0.00030463841979894027,1,1,Internal
EPAM,LYB,0.40234532526437194,63,0.0011878571284140093,1,0,External
EPAM,MAA,0.5436535878991817,63,4.962443094544191e-06,1,1,Internal
EPAM,MKC,0.442835430375009,63,0.0003130980737339943,1,1,Internal
EPAM,MMC,0.4006931485740337,63,0.001249961839826,1,3,External
EPAM,MRK,0.4342025062629231,63,0.0004219477454747163,1,0,External
EPAM,NXPI,0.41222985165113035,63,0.0008709102438048903,1,2,External
EPAM,OMC,0.4996159668227695,63,3.5636914095010055e-05,1,0,External
EPAM,ORCL,-0.48339197753460633,63,6.897322551583747e-05,1,7,External
EPAM,PAYC,0.6100477064709654,63,1.4127702597170782e-07,1,1,Internal
EPAM,PAYX,0.45663421370868473,63,0.00019111419344698634,1,1,Internal
EPAM,PSA,0.40096405594305684,63,0.0012395823962597576,1,1,Internal
EPAM,SW,0.41780254373321335,63,0.0007280396432831792,1,0,External
EPAM,SWKS,0.40551510867689394,63,0.001076428449888015,1,1,Internal
EPAM,SYK,0.40592468742375715,63,0.0010627399706313978,1,1,Internal
EPAM,TSN,0.4222474915903776,63,0.0006296833607962332,1,1,Internal
EPAM,UDR,0.4755576214410411,63,9.377333711651148e-05,1,1,Internal
EPAM,VTRS,0.480670004670391,63,7.680612102430344e-05,1,0,External
EPAM,ZBH,0.4898167494344133,63,5.331392191875829e-05,1,0,External
EQIX,EQR,0.5993796042080626,63,2.6434175231529425e-07,1,1,Internal
EQIX,ES,0.4781978775180176,63,8.46220255650591e-05,1,3,External
EQIX,ESS,0.5787517629838819,63,8.339750821180799e-07,1,1,Internal
EQIX,EXC,0.41417448368547455,63,0.0008184071231066165,1,3,External
EQIX,FRT,0.45129620481379223,63,0.00023190391770114418,1,1,Internal
EQIX,FTV,0.43275478713373483,63,0.0004432556507431627,1,0,External
EQIX,INVH,0.6499942526585059,63,1.0858291592699925e-08,1,1,Internal
EQIX,IRM,0.5411856526852404,63,5.5835558467287705e-06,1,1,Internal
EQIX,KIM,0.4104722823561489,63,0.0009209609682277988,1,1,Internal
EQIX,KO,0.40725820244472644,63,0.0010192531000498331,1,3,External
EQIX,MAA,0.545622796227408,63,4.5137529774175736e-06,1,1,Internal
EQIX,PLD,0.4400086093535247,63,0.0003455327229356831,1,1,Internal
EQIX,PSA,0.46032311829389577,63,0.00016688667556787761,1,1,Internal
EQIX,REG,0.457607718732012,63,0.00018442577601489942,1,1,Internal
EQIX,SO,0.4348122730185313,63,0.0004132553848735631,1,3,External
EQIX,SPG,0.49677225714374607,63,4.0106838590176404e-05,1,0,External
EQIX,UDR,0.6283801700230909,63,4.553167543214426e-08,1,1,Internal
EQIX,VTR,0.4185049516196043,63,0.0007116255234073426,1,3,External
EQIX,VZ,0.45972284298754246,63,0.00017062672649883746,1,3,External
EQIX,WELL,0.41926087884505153,63,0.0006943357209493992,1,3,External
EQR,ESS,0.8825260137880918,63,2.5341991462525944e-21,1,1,Internal
EQR,EXR,0.6411963362059271,63,1.97269137251571e-08,1,1,Internal
EQR,FRT,0.7033050869406275,63,1.8411754577515083e-10,1,1,Internal
EQR,FTV,0.5461050091015596,63,4.409805480762187e-06,1,0,External
EQR,GIS,0.5513928951713517,63,3.4074145917611716e-06,1,0,External
EQR,GPC,0.5203707752665774,63,1.456107514306178e-05,1,0,External
EQR,GRMN,0.5468158283818088,63,4.260646714207843e-06,1,1,Internal
EQR,HD,0.49298444260931623,63,4.686751775408406e-05,1,0,External
EQR,IEX,0.5093814144146832,63,2.3559084292403274e-05,1,0,External
EQR,IFF,0.44224311536139904,63,0.00031965470093101375,1,0,External
EQR,INCY,0.41821781368665584,63,0.0007182945391219234,1,1,Internal
EQR,INVH,0.8699656354255221,63,4.426726897127172e-20,1,1,Internal
EQR,IQV,0.42538043307342116,63,0.0005677730148977681,1,0,External
EQR,IRM,0.4084806020497624,63,0.000980806769892454,1,1,Internal
EQR,JKHY,0.4241722635684127,63,0.0005909616283546504,1,1,Internal
EQR,KHC,0.6342373995841328,63,3.121549378550907e-08,1,1,Internal
EQR,KIM,0.6422763116945739,63,1.8351672150467713e-08,1,1,Internal
EQR,KMB,0.46791859385573326,63,0.00012562571961973628,1,3,External
EQR,KO,0.4042435690783809,63,0.0011199429412320169,1,3,External
EQR,L,0.4034730718756403,63,0.0011470757593890306,1,3,External
EQR,LEN,0.41507346869097617,63,0.0007951169913472954,1,0,External
EQR,LNT,0.41763400093120573,63,0.0007320288512210404,1,3,External
EQR,LOW,0.4582180924237879,63,0.00018034232191767142,1,0,External
EQR,LYB,0.4203295604555077,63,0.0006705413691265493,1,0,External
EQR,MAA,0.8741500005673017,63,1.7662784500730688e-20,1,1,Internal
EQR,MDLZ,0.49428236804346953,63,4.4440579721485126e-05,1,1,Internal
EQR,MHK,0.4902329762852579,63,5.242252046427183e-05,1,0,External
EQR,MKC,0.5914199796345903,63,4.157436101512915e-07,1,1,Internal
EQR,MSFT,-0.46986062414994195,63,0.00011670125939271147,1,7,External
EQR,MTD,0.4472883083186667,63,0.0002676014497893525,1,0,External
EQR,NVDA,-0.4636320785163847,63,0.00014758494136692975,1,7,External
EQR,NVR,0.43094690569051114,63,0.000471237103984446,1,0,External
EQR,O,0.5705250895120573,63,1.2905173038461943e-06,1,3,External
EQR,OMC,0.5176364866236547,63,1.6438571977828532e-05,1,0,External
EQR,PAYC,0.44632151160461225,63,0.00027693222447011635,1,1,Internal
EQR,PAYX,0.5462898807033222,63,4.370549816157246e-06,1,1,Internal
EQR,PEP,0.44402677369861365,63,0.0003002806279998406,1,1,Internal
EQR,PFE,0.4494931586395996,63,0.0002473866071826875,1,0,External
EQR,PHM,0.4598114989391757,63,0.00017006955791289943,1,0,External
EQR,PLD,0.6201371163240689,63,7.644365796295717e-08,1,1,Internal
EQR,PNW,0.4575999348731523,63,0.0001844783933131994,1,3,External
EQR,POOL,0.4309117659983774,63,0.0004717965412075349,1,0,External
EQR,PPG,0.4757651386355536,63,9.302237266441998e-05,1,0,External
EQR,PSA,0.739845040321952,63,6.435430553018985e-12,1,1,Internal
EQR,REG,0.5372985565628229,63,6.710582666201103e-06,1,1,Internal
EQR,RSG,0.4541986558170686,63,0.00020883217602382144,1,3,External
EQR,RVTY,0.4623774752957912,63,0.00015464830340541444,1,0,External
EQR,SHW,0.41434943410617614,63,0.0008138268958222375,1,0,External
EQR,SJM,0.4570810932190431,63,0.00018801682379880342,1,0,External
EQR,SO,0.4275070827880727,63,0.0005289528097874194,1,3,External
EQR,SPG,0.5715826154740801,63,1.2208924701461204e-06,1,0,External
EQR,STZ,0.47486540288933937,63,9.631886924438363e-05,1,0,External
EQR,SYK,0.41418202577343044,63,0.0008182091904471942,1,1,Internal
EQR,TAP,0.42415904004280025,63,0.0005912201147066006,1,0,External
EQR,TSN,0.4806964800637176,63,7.672613960740516e-05,1,1,Internal
EQR,UDR,0.8719519709897269,63,2.87348152851553e-20,1,1,Internal
EQR,VRSK,0.41516482587322695,63,0.0007927840654364666,1,3,External
EQR,WY,0.5550392545323757,63,2.844950098128772e-06,1,0,External
EQR,ZBH,0.43557364839019364,63,0.0004026307112288698,1,0,External
EQR,ZTS,0.4106482234114161,63,0.0009158361962846712,1,3,External
EQT,KMI,0.5724628839127343,63,1.1656390879634103e-06,2,2,Internal
EQT,WMB,0.5951881345965647,63,3.360363552819278e-07,2,2,Internal
ES,ETR,0.535219478121254,63,7.397133055831153e-06,3,3,Internal
ES,EVRG,0.6342208761232511,63,3.1249102109507136e-08,3,3,Internal
ES,EXC,0.6140197743477134,63,1.112191391988187e-07,3,3,Internal
ES,FE,0.4978770525119715,63,3.831201847763594e-05,3,3,Internal
ES,INVH,0.48147311354971467,63,7.441381588573172e-05,3,1,External
ES,LNT,0.6314363109774234,63,3.742829391220064e-08,3,3,Internal
ES,NEE,0.4001630097998135,63,0.001270499925491588,3,3,Internal
ES,NI,0.4744743523105398,63,9.778485108770445e-05,3,3,Internal
ES,PEG,0.44996278247146965,63,0.00024326549065306998,3,3,Internal
ES,PNW,0.6830695884723174,63,9.569513156711554e-10,3,3,Internal
ES,PPL,0.5118408258004419,63,2.1184460392866814e-05,3,3,Internal
ES,SO,0.6785853341271396,63,1.354755545027874e-09,3,3,Internal
ES,SRE,0.5813090827037598,63,7.263559067239636e-07,3,3,Internal
ES,UDR,0.4054679089705058,63,0.0010780160747436791,3,1,External
ES,WEC,0.6816939896069527,63,1.0653301101410498e-09,3,3,Internal
ES,XEL,0.4080550440657574,63,0.0009940401291412889,3,3,Internal
ESS,EXR,0.5503933682378207,63,3.5788306302831676e-06,1,1,Internal
ESS,FDX,0.43236437711637177,63,0.00044916698285106597,1,0,External
ESS,FRT,0.623077107191272,63,6.365490586875886e-08,1,1,Internal
ESS,FTV,0.5641784428811247,63,1.7929578712451965e-06,1,0,External
ESS,GIS,0.48996958232872495,63,5.2984998028926503e-05,1,0,External
ESS,GNRC,-0.504402717725849,63,2.913947356174979e-05,1,8,External
ESS,GPC,0.47012920357115906,63,0.00011551395902687634,1,0,External
ESS,GRMN,0.6826906747766013,63,9.857108918113716e-10,1,1,Internal
ESS,HD,0.433667240742811,63,0.0004297148456881588,1,0,External
ESS,IEX,0.7153290196170405,63,6.46867191375377e-11,1,0,External
ESS,IFF,0.5181945059189512,63,1.6038059206120063e-05,1,0,External
ESS,INVH,0.7944653995946014,63,1.2929351981402448e-14,1,1,Internal
ESS,IQV,0.43214934962289736,63,0.000452453321026325,1,0,External
ESS,IRM,0.4254727533642869,63,0.0005660355162670748,1,1,Internal
ESS,ITW,0.46474861192293543,63,0.00014154912451858526,1,0,External
ESS,KHC,0.5054518875961911,63,2.7870564172648603e-05,1,1,Internal
ESS,KIM,0.5363396370303043,63,7.019502772346442e-06,1,1,Internal
ESS,LEN,0.4091653934055069,63,0.0009598456023505021,1,0,External
ESS,LYB,0.5068626846655224,63,2.62448938700652e-05,1,0,External
ESS,MAA,0.8095229287482905,63,1.6650140400372826e-15,1,1,Internal
ESS,MDLZ,0.5981048839594003,63,2.844584390870956e-07,1,1,Internal
ESS,MHK,0.48424959707373294,63,6.66622570902824e-05,1,0,External
ESS,MKC,0.5545414289603926,63,2.9162597510602644e-06,1,1,Internal
ESS,MSFT,-0.4089810185479704,63,0.0009654490882156614,1,7,External
ESS,MTD,0.43179438112133245,63,0.0004579262975989216,1,0,External
ESS,NDSN,0.4441835760594905,63,0.00029862976351359264,1,0,External
ESS,NVDA,-0.4524208240674394,63,0.00022270098805239307,1,7,External
ESS,O,0.45574657551180947,63,0.00019740552495870666,1,3,External
ESS,ODFL,0.4848883222027396,63,6.498775122843061e-05,1,0,External
ESS,OMC,0.5249823748001267,63,1.18392183177178e-05,1,0,External
ESS,PAYX,0.47402498508733387,63,9.949478369594864e-05,1,1,Internal
ESS,PFE,0.4647053745749593,63,0.00014177857771363494,1,0,External
ESS,PFG,0.4990543586481044,63,3.648136828569052e-05,1,3,External
ESS,PG,0.45050775238217206,63,0.00023856190852700098,1,1,Internal
ESS,PHM,0.4397610359020231,63,0.00034851438914281695,1,0,External
ESS,PKG,0.42443608460587934,63,0.0005858259757094851,1,0,External
ESS,PLD,0.5911591127561862,63,4.2187292689560815e-07,1,1,Internal
ESS,PPG,0.5733411121917682,63,1.1128563029061021e-06,1,0,External
ESS,PSA,0.6242977858323361,63,5.8962676027516116e-08,1,1,Internal
ESS,RSG,0.5290509147213024,63,9.838721752257586e-06,1,3,External
ESS,RVTY,0.5092667829676232,63,2.3675563967755925e-05,1,0,External
ESS,SJM,0.4150723452214119,63,0.0007951457192275391,1,0,External
ESS,SLB,0.4433706768189361,63,0.0003072789441373762,1,2,External
ESS,SPG,0.529339350660555,63,9.709579075304307e-06,1,0,External
ESS,STZ,0.4818314846824978,63,7.336861727888505e-05,1,0,External
ESS,TAP,0.4328661627674736,63,0.00044158229559266963,1,0,External
ESS,TECH,0.40684913658301175,63,0.0010324191953641568,1,0,External
ESS,TER,-0.4262013281367659,63,0.0005524918898520034,1,8,External
ESS,TSN,0.41762089806106173,63,0.0007323398079493599,1,1,Internal
ESS,UDR,0.8076205247563901,63,2.1785492406743554e-15,1,1,Internal
ESS,VRSK,0.4698141089919422,63,0.00011690802310334657,1,3,External
ESS,WY,0.5253340432337427,63,1.1652410804651284e-05,1,0,External
ETN,HWM,0.4462236578246385,63,0.00027789300280113604,7,7,Internal
ETN,LDOS,-0.4206163927450041,63,0.0006642820257362487,7,0,External
ETN,PFE,-0.40047584128045227,63,0.0012583441244764207,7,0,External
ETN,PLD,-0.4094323397788048,63,0.0009517846295585438,7,1,External
ETN,PWR,0.5224369193967402,63,1.327671446419326e-05,7,7,Internal
ETN,SPG,-0.4757766062491877,63,9.298103540805725e-05,7,0,External
ETN,TDG,0.48391087005548133,63,6.756633421726542e-05,7,3,External
ETR,EVRG,0.7316596573021629,63,1.4299260241500926e-11,3,3,Internal
ETR,EXC,0.7312677619372479,63,1.4845613213922322e-11,3,3,Internal
ETR,FE,0.683127643308184,63,9.526159853076642e-10,3,3,Internal
ETR,HIG,0.5421220792459001,63,5.339807356813449e-06,3,3,Internal
ETR,L,0.4493322384338782,63,0.0002488133528615317,3,3,Internal
ETR,LNT,0.7116736969558213,63,8.940192558625039e-11,3,3,Internal
ETR,NI,0.6003247595828262,63,2.5029864960769604e-07,3,3,Internal
ETR,PCG,0.41387329553813584,63,0.0008263469013114594,3,3,Internal
ETR,PEG,0.7392565006165845,63,6.822403674273957e-12,3,3,Internal
ETR,PNW,0.7205652041019598,63,4.033317736098601e-11,3,3,Internal
ETR,PPL,0.7294824513547188,63,1.759653918434927e-11,3,3,Internal
ETR,REG,0.4552371823572809,63,0.00020110103427063694,3,1,External
ETR,SO,0.7157554017699306,63,6.22702250541847e-11,3,3,Internal
ETR,SRE,0.7103575912762025,63,1.0032701166168136e-10,3,3,Internal
ETR,TRV,0.5248192504574428,63,1.192681272678324e-05,3,3,Internal
ETR,VICI,0.4580784099305874,63,0.0001812694317957916,3,3,Internal
ETR,VLTO,0.4037593027202609,63,0.0011369278658845104,3,3,Internal
ETR,VTR,0.6162749003486307,63,9.695144735190398e-08,3,3,Internal
ETR,WEC,0.7841022067502748,63,4.813199320150092e-14,3,3,Internal
ETR,WELL,0.5357312324860733,63,7.222320448831383e-06,3,3,Internal
ETR,WM,0.46725813794731064,63,0.0001288008440957513,3,3,Internal
ETR,WRB,0.5355067491198187,63,7.2985234030546454e-06,3,3,Internal
ETR,XEL,0.5864511000078342,63,5.482003432644205e-07,3,3,Internal
EVRG,EXC,0.7031033494874863,63,1.8729446583986025e-10,3,3,Internal
EVRG,FE,0.62643030614026,63,5.153904447154351e-08,3,3,Internal
EVRG,HIG,0.5860468077232704,63,5.605630116552483e-07,3,3,Internal
EVRG,JNJ,0.44902877921091716,63,0.00025152435511411263,3,3,Internal
EVRG,KMB,0.4240957534049769,63,0.0005924586283764992,3,3,Internal
EVRG,KO,0.4443807377449791,63,0.0002965657401301743,3,3,Internal
EVRG,L,0.5406204165918064,63,5.735666224175888e-06,3,3,Internal
EVRG,LIN,0.40997965724971935,63,0.0009354480916263917,3,3,Internal
EVRG,LNT,0.736834796004023,63,8.661211140372587e-12,3,3,Internal
EVRG,NI,0.48874614246385684,63,5.567144849851984e-05,3,3,Internal
EVRG,O,0.43029873535106455,63,0.00048165386431118834,3,3,Internal
EVRG,ORLY,0.42204083315945434,63,0.0006339746783686658,3,3,Internal
EVRG,PCG,0.5334673606131489,63,8.025954173087703e-06,3,3,Internal
EVRG,PEG,0.4123156601395041,63,0.0008685308064294775,3,3,Internal
EVRG,PGR,0.44295806451806596,63,0.0003117560031275927,3,3,Internal
EVRG,PNW,0.764798536460543,63,4.642178677369769e-13,3,3,Internal
EVRG,PPL,0.5857239365824821,63,5.706234921920384e-07,3,3,Internal
EVRG,REG,0.4908181208541332,63,5.119261841927806e-05,3,1,External
EVRG,ROL,0.41191286449758363,63,0.0008797513336089046,3,3,Internal
EVRG,SO,0.677990068102925,63,1.4180896574492177e-09,3,3,Internal
EVRG,SRE,0.6239557330606852,63,6.024348654318715e-08,3,3,Internal
EVRG,TRV,0.5697840820747343,63,1.341501730182731e-06,3,3,Internal
EVRG,VICI,0.5891654140066934,63,4.716007138457322e-07,3,3,Internal
EVRG,VLTO,0.4695095961394861,63,0.00011826994456821691,3,3,Internal
EVRG,VTR,0.4323296474448197,63,0.00044969629390738896,3,3,Internal
EVRG,WEC,0.77222559460096,63,1.9925334823702772e-13,3,3,Internal
EVRG,WELL,0.4357497824155547,63,0.00040020852620692226,3,3,Internal
EVRG,WM,0.462225168480192,63,0.00015552656802703374,3,3,Internal
EVRG,WRB,0.6012812737838696,63,2.3680365055270259e-07,3,3,Internal
EVRG,WTW,0.40113336357969703,63,0.0012331350566613837,3,3,Internal
EVRG,XEL,0.5556439313432604,63,2.760527376580455e-06,3,3,Internal
EW,GILD,0.438953412898368,63,0.00035840482087295223,3,3,Internal
EW,MCD,0.4329535011847108,63,0.0004402741078520102,3,3,Internal
EW,SYK,0.44740734441993324,63,0.0002664726830030867,3,1,External
EW,WELL,0.41286127667344447,63,0.0008535379875439615,3,3,Internal
EXC,FE,0.7167166404154821,63,5.713396555122794e-11,3,3,Internal
EXC,HIG,0.4966645030386666,63,4.028599156022863e-05,3,3,Internal
EXC,HOLX,0.4230857549900842,63,0.0006125453190542191,3,3,Internal
EXC,INVH,0.4133212718385888,63,0.0008410800845780797,3,1,External
EXC,KO,0.4170796913275895,63,0.0007452886394857928,3,3,Internal
EXC,LNT,0.74521294248498,63,3.750630609347843e-12,3,3,Internal
EXC,NEE,0.44495784287559265,63,0.00029059881570198793,3,3,Internal
EXC,NI,0.5417250909396136,63,5.4419040918436805e-06,3,3,Internal
EXC,OTIS,0.4305313240366299,63,0.0004778920911997088,3,2,External
EXC,PEG,0.5355473998353886,63,7.284668833510912e-06,3,3,Internal
EXC,PNW,0.7680399283546139,63,3.2217015587704e-13,3,3,Internal
EXC,PPL,0.6231076085091732,63,6.353348537925289e-08,3,3,Internal
EXC,REG,0.42592584339881834,63,0.0005575779595676176,3,1,External
EXC,SBAC,0.4494422913648979,63,0.0002478367946626043,3,3,Internal
EXC,SO,0.7683236292896238,63,3.1194562710949494e-13,3,3,Internal
EXC,SRE,0.6353253355094192,63,2.9076292612291125e-08,3,3,Internal
EXC,TRV,0.49052499722913057,63,5.180535799639592e-05,3,3,Internal
EXC,UDR,0.40790711897889415,63,0.0009986776732911053,3,1,External
EXC,VICI,0.4863010354383056,63,6.142100111304011e-05,3,3,Internal
EXC,VLTO,0.4298472189352497,63,0.0004890333970985971,3,3,Internal
EXC,VTR,0.43058747273758946,63,0.00047698798098070526,3,3,Internal
EXC,WEC,0.80406195574623,63,3.573717622018559e-15,3,3,Internal
EXC,WELL,0.4177529042901308,63,0.0007292125005475443,3,3,Internal
EXC,WM,0.42753323570630597,63,0.0005284907934097932,3,3,Internal
EXC,WRB,0.4864705748835808,63,6.1005314479585476e-05,3,3,Internal
EXC,XEL,0.5416379306839123,63,5.464562227047818e-06,3,3,Internal
EXPD,F,0.528416447729729,63,1.0128440264816203e-05,0,0,Internal
EXPD,HWM,-0.45539718675072494,63,0.00019993347970637072,0,7,External
EXPD,IEX,0.4423867701604684,63,0.0003180531125569663,0,0,Internal
EXPD,ITW,0.633539431167899,63,3.266531134432207e-08,0,0,Internal
EXPD,JBHT,0.5608264241066232,63,2.1271809323109047e-06,0,0,Internal
EXPD,LEN,0.44918017819640216,63,0.00025016845142794065,0,0,Internal
EXPD,MAS,0.6020373742104881,63,2.2662397581097284e-07,0,0,Internal
EXPD,MMM,0.43104903331796024,63,0.00046961461488080744,0,0,Internal
EXPD,MTCH,0.4390514996714218,63,0.00035719012049580345,0,1,External
EXPD,NCLH,0.45618029631287726,63,0.00019430811958280345,0,7,External
EXPD,NDSN,0.4467815112834756,63,0.0002724562304685022,0,0,Internal
EXPD,ODFL,0.64498837490789,63,1.5286883688232447e-08,0,0,Internal
EXPD,PCAR,0.4470965222479446,63,0.000269429262748892,0,0,Internal
EXPD,PFG,0.43510683679033224,63,0.00040911497271842683,0,3,External
EXPD,PNR,0.4557171351198891,63,0.00019761740232745532,0,0,Internal
EXPD,POOL,0.45719398106871306,63,0.00018724169468483463,0,0,Internal
EXPD,PPG,0.4028802414157719,63,0.0011683535967448029,0,0,Internal
EXPD,SWK,0.42970422821645515,63,0.0004913917532629232,0,0,Internal
EXPD,XYL,0.5175334704175479,63,1.651351884156793e-05,0,7,External
EXPE,HD,0.47655553368105924,63,9.021248531558401e-05,0,0,Internal
EXPE,HPQ,0.430915681305399,63,0.0004717341781615939,0,0,Internal
EXPE,ITW,0.4086503436159403,63,0.0009755729054992604,0,0,Internal
EXPE,LOW,0.5191697737529841,63,1.535975593218062e-05,0,0,Internal
EXPE,NVDA,-0.4604214463291556,63,0.00016628124989458157,0,7,External
EXR,FRT,0.5528119024559834,63,3.1771980486619825e-06,1,1,Internal
EXR,FTV,0.5006021607221725,63,3.419766020377478e-05,1,0,External
EXR,GIS,0.4074070359460898,63,0.0010145004833987674,1,0,External
EXR,GPC,0.520867269322544,63,1.4242316067794887e-05,1,0,External
EXR,GRMN,0.4041220024240436,63,0.0011241850803251753,1,1,Internal
EXR,HD,0.5234608456756918,63,1.2680005739033074e-05,1,0,External
EXR,HST,0.4795330901239537,63,8.031406726886812e-05,1,2,External
EXR,INVH,0.5937445966675235,63,3.647018581298048e-07,1,1,Internal
EXR,IP,0.6560457772691823,63,7.119915625237236e-09,1,1,Internal
EXR,KHC,0.5422556219607437,63,5.305866656138131e-06,1,1,Internal
EXR,KIM,0.6107665835380601,63,1.3532393911506023e-07,1,1,Internal
EXR,KMB,0.43739512963504545,63,0.0003782142726688753,1,3,External
EXR,LEN,0.43056703726367757,63,0.0004773168542660697,1,0,External
EXR,LIN,0.40439372109120936,63,0.0011147232111933074,1,3,External
EXR,LOW,0.4952130919030918,63,4.277234634503411e-05,1,0,External
EXR,MAA,0.6672602180315675,63,3.1744075594894706e-09,1,1,Internal
EXR,MAR,0.412150706388308,63,0.0008731101323907639,1,0,External
EXR,META,-0.7338589691310891,63,1.1571680558318417e-11,1,7,External
EXR,MHK,0.5605871055685009,63,2.1531456577782396e-06,1,0,External
EXR,MKC,0.5211805384403224,63,1.4044540289474528e-05,1,1,Internal
EXR,MRK,0.5005185744675356,63,3.431752702744106e-05,1,0,External
EXR,MSFT,-0.68081005985788,63,1.1410175888885983e-09,1,7,External
EXR,MTD,0.40460362780075226,63,0.0011074629708005734,1,0,External
EXR,NVR,0.48309511678033273,63,6.979021006087163e-05,1,0,External
EXR,O,0.45663635007647885,63,0.00019109927554391865,1,3,External
EXR,OMC,0.4457366308049429,63,0.0002827203150773578,1,0,External
EXR,PFE,0.41833434396120367,63,0.000715581234889231,1,0,External
EXR,PHM,0.45806703066068327,63,0.00018134515105365067,1,0,External
EXR,PLD,0.553508246930425,63,3.06961962249855e-06,1,1,Internal
EXR,POOL,0.470242990817869,63,0.00011501429940514481,1,0,External
EXR,PSA,0.9243771606407567,63,8.556886073325725e-27,1,1,Internal
EXR,QCOM,0.5533459159741443,63,3.0943894448311183e-06,1,1,Internal
EXR,REG,0.4077839385166743,63,0.0010025543428013885,1,1,Internal
EXR,RVTY,0.4502366269947069,63,0.0002408914712288342,1,0,External
EXR,SHW,0.510113270791889,63,2.282786284453748e-05,1,0,External
EXR,SPG,0.4255610056691765,63,0.0005643790909875097,1,0,External
EXR,SW,0.5349972561837202,63,7.474263705456547e-06,1,0,External
EXR,TECH,0.430685326426007,63,0.00047541604926479015,1,0,External
EXR,TSN,0.42690816490938177,63,0.0005396341555603641,1,1,Internal
EXR,UDR,0.4726495359648249,63,0.00010490105421022606,1,1,Internal
EXR,WDC,-0.4089863148489322,63,0.0009652877130575778,1,7,External
EXR,WY,0.5806991475896341,63,7.507703068071059e-07,1,0,External
EXR,XYL,-0.5049747892540642,63,2.8441102939667374e-05,1,7,External
EXR,ZTS,0.48127524300711483,63,7.499677283479442e-05,1,3,External
F,FDX,0.5093292442138379,63,2.3612029611067657e-05,0,0,Internal
F,FTV,0.41693542864836947,63,0.0007487750466795474,0,0,Internal
F,GE,-0.4194938211770405,63,0.0006890850008588287,0,7,External
F,GM,0.512385957981866,63,2.068911231613445e-05,0,7,External
F,HD,0.42839565711011085,63,0.00051345906692881,0,0,Internal
F,HII,0.4087841586169934,63,0.0009714645932841818,0,7,External
F,HST,0.41063725473833995,63,0.0009161549350709747,0,2,External
F,ITW,0.5794036591181893,63,8.052037293750974e-07,0,0,Internal
F,JBHT,0.4302892108483775,63,0.000481808480894718,0,0,Internal
F,LUV,0.4251417327086823,63,0.000572287893264311,0,2,External
F,LVS,0.4274042168896839,63,0.0005307735951425657,0,2,External
F,LYB,0.4249653749186495,63,0.0005756444973078514,0,0,Internal
F,MAS,0.5257055663989066,63,1.145803668475894e-05,0,0,Internal
F,MGM,0.45099655083121676,63,0.00023441402789366582,0,2,External
F,MHK,0.4046721535331863,63,0.0011051020495021428,0,0,Internal
F,NDSN,0.44833318320436544,63,0.0002578407298819053,0,0,Internal
F,NUE,0.5301324081980165,63,9.362586106102309e-06,0,0,Internal
F,ODFL,0.4966171102840802,63,4.036502124448169e-05,0,0,Internal
F,PCAR,0.4550295128819556,63,0.0002026257093282494,0,0,Internal
F,PLD,0.4657178104394293,63,0.00013649435416541517,0,1,External
F,PNC,0.43028813271555943,63,0.0004818259856701568,0,2,External
F,PNR,0.4439448512414584,63,0.0003011464417528473,0,0,Internal
F,PPG,0.5008425123740741,63,3.385513953417973e-05,0,0,Internal
F,PSX,0.42687860651869114,63,0.0005401663476668589,0,2,External
F,SHW,0.4560280768278346,63,0.0001953900858142842,0,0,Internal
F,SLB,0.42453101897373163,63,0.0005839878720551352,0,2,External
F,SPG,0.43750978548212194,63,0.00037672343091098537,0,0,Internal
F,SWK,0.47203417668942665,63,0.00010740612779449166,0,0,Internal
F,TFC,0.49056098418941607,63,5.172976861201648e-05,0,2,External
F,UPS,0.4720814600066554,63,0.00010721170826345698,0,0,Internal
F,VMC,0.41355892650092513,63,0.0008347083619479084,0,0,Internal
F,WYNN,0.40536435223359685,63,0.0010815067411696154,0,2,External
FANG,HAL,0.7808186348620303,63,7.191612923094455e-14,2,2,Internal
FANG,KEY,0.4394801152831443,63,0.00035192606414426706,2,2,Internal
FANG,MPC,0.5142016480626755,63,1.911566903461169e-05,2,2,Internal
FANG,MTB,0.4151865879111308,63,0.000792229256956793,2,2,Internal
FANG,NXPI,0.4531057367018767,63,0.00021726119749846288,2,2,Internal
FANG,OKE,0.5559067651765478,63,2.7245667959159264e-06,2,2,Internal
FANG,OXY,0.7339701076694375,63,1.1447946603933086e-11,2,2,Internal
FANG,PNC,0.4436994044326841,63,0.0003037541511631773,2,2,Internal
FANG,PSX,0.5848939326894622,63,5.97269755846958e-07,2,2,Internal
FANG,SLB,0.6410784247606256,63,1.988282760253329e-08,2,2,Internal
FANG,TFC,0.4222164297805511,63,0.0006303266814191984,2,2,Internal
FANG,TPL,0.5510993272195387,63,3.45694784984141e-06,2,2,Internal
FANG,TRGP,0.4482939286330119,63,0.00025820146532664083,2,2,Internal
FANG,VLO,0.41225600477081703,63,0.0008701844042948041,2,2,Internal
FANG,XOM,0.6820509898984418,63,1.0361342544867605e-09,2,2,Internal
FAST,KVUE,0.4468621555729401,63,0.00027167836876466694,3,3,Internal
FAST,PPL,0.4740530226656266,63,9.93872957786768e-05,3,3,Internal
FCX,HPQ,0.4571715718704362,63,0.00018739533116541473,0,0,Internal
FCX,PPG,0.4150578031375546,63,0.0007955176549194569,0,0,Internal
FDS,ICE,0.4478545512218126,63,0.0002622707729684586,3,3,Internal
FDS,INTC,-0.48314113994450925,63,6.96629690805347e-05,3,15,External
FDS,JKHY,0.5593723615702715,63,2.2895737715973042e-06,3,1,External
FDS,MCO,0.7380971151237175,63,7.650626911446998e-12,3,3,Internal
FDS,MSCI,0.44963019872938187,63,0.0002461774865326238,3,7,External
FDS,NDAQ,0.5668628444428683,63,1.5614606934138408e-06,3,3,Internal
FDS,ORLY,0.40691897073784195,63,0.0010301607297873504,3,3,Internal
FDS,PAYX,0.42071156932059434,63,0.0006622167810086492,3,1,External
FDS,SPGI,0.6133621856969707,63,1.1573859148081222e-07,3,3,Internal
FDS,V,0.4006480719456949,63,0.0012516964576381954,3,3,Internal
FDS,VRSK,0.4142474825122939,63,0.000816493177257322,3,3,Internal
FDX,FTV,0.4211204720250947,63,0.000653409995466178,0,0,Internal
FDX,GIS,0.4836496154106782,63,6.827134168508626e-05,0,0,Internal
FDX,GPC,0.41707674452917276,63,0.0007453597077526474,0,0,Internal
FDX,GRMN,0.4123397853207196,63,0.0008678628828879686,0,1,External
FDX,HAL,0.43143423515316603,63,0.00046354055847101723,0,2,External
FDX,HD,0.454619164377587,63,0.00020566957577398468,0,0,Internal
FDX,HPQ,0.43321229515309734,63,0.0004364184661475503,0,0,Internal
FDX,HST,0.47313232157479673,63,0.0001029734114702529,0,2,External
FDX,IEX,0.5444058465467381,63,4.786340386089111e-06,0,0,Internal
FDX,ITW,0.5677346419522677,63,1.4925145096637133e-06,0,0,Internal
FDX,JBHT,0.5540318625390124,63,2.990978998108498e-06,0,0,Internal
FDX,KEY,0.40872419483771294,63,0.0009733036326441433,0,2,External
FDX,LYB,0.49414367702893774,63,4.469425587547205e-05,0,0,Internal
FDX,MAR,0.4983291906609287,63,3.759914533728568e-05,0,0,Internal
FDX,MAS,0.4491507299086824,63,0.00025043166082617114,0,0,Internal
FDX,MET,0.4012467709799933,63,0.0012288333272948279,0,3,External
FDX,MHK,0.4435935725144332,63,0.0003048848895655647,0,0,Internal
FDX,MPC,0.41296528850243797,63,0.000850706568140103,0,2,External
FDX,NUE,0.4403894550918154,63,0.0003409913591372392,0,0,Internal
FDX,ODFL,0.6368800220095743,63,2.6258558958549254e-08,0,0,Internal
FDX,OMC,0.449479540041965,63,0.00024750706168575573,0,0,Internal
FDX,PCAR,0.5237650976510666,63,1.2507562809016086e-05,0,0,Internal
FDX,PFG,0.4499954863908083,63,0.00024298085280362216,0,3,External
FDX,PLD,0.4130796867637216,63,0.0008476022131561432,0,1,External
FDX,POOL,0.4073820071854816,63,0.0010152983119812115,0,0,Internal
FDX,PPG,0.5140044916429233,63,1.928098182433334e-05,0,0,Internal
FDX,PRU,0.4117432941884257,63,0.0008845140352609695,0,3,External
FDX,PSX,0.4169549055724238,63,0.0007483034861398534,0,2,External
FDX,SLB,0.6096728862185613,63,1.4447797420399636e-07,0,2,External
FDX,SWK,0.5254395404159377,63,1.1596907141258134e-05,0,0,Internal
FDX,TAP,0.4002893369576493,63,0.0012655785278086957,0,0,Internal
FDX,TFC,0.4355367530614008,63,0.00040313978113647745,0,2,External
FDX,TGT,0.6117372228517788,63,1.2766029908391144e-07,0,0,Internal
FDX,TMO,0.45090387018931327,63,0.00023519540076823018,0,0,Internal
FDX,UPS,0.6585848069009064,63,5.947543550450867e-09,0,0,Internal
FDX,WY,0.4802665013471413,63,7.803463852384268e-05,0,0,Internal
FE,HIG,0.5051649765489122,63,2.8212382745194568e-05,3,3,Internal
FE,HOLX,0.4980628711636791,63,3.8017543913822794e-05,3,3,Internal
FE,L,0.5144729160361758,63,1.889036406086304e-05,3,3,Internal
FE,LNT,0.6360044600506274,63,2.7811990694795e-08,3,3,Internal
FE,NI,0.5419572095040983,63,5.3819893734550225e-06,3,3,Internal
FE,PCG,0.48107966737635016,63,7.557710123652085e-05,3,3,Internal
FE,PEG,0.4922700386755562,63,4.825503635531192e-05,3,3,Internal
FE,PNW,0.6333192528231012,63,3.3135711459835126e-08,3,3,Internal
FE,PPL,0.6340822820860122,63,3.15323483493456e-08,3,3,Internal
FE,ROL,0.5064996860838024,63,2.6654566393759784e-05,3,3,Internal
FE,SO,0.6721325443338091,63,2.2107414248021564e-09,3,3,Internal
FE,SRE,0.5747501565667404,63,1.0328277982904693e-06,3,3,Internal
FE,TRV,0.5182300765613654,63,1.6012838553884068e-05,3,3,Internal
FE,VICI,0.5808971855172909,63,7.42760083858293e-07,3,3,Internal
FE,WEC,0.663836552262302,63,4.076984719374672e-09,3,3,Internal
FE,WRB,0.5500134284322299,63,3.6460766916180575e-06,3,3,Internal
FE,WTW,0.4749391710215056,63,9.604460258958381e-05,3,3,Internal
FE,XEL,0.5787853649181389,63,8.324687919602934e-07,3,3,Internal
FE,XYL,0.4168884413795124,63,0.0007499137740241022,3,7,External
FFIV,IP,-0.43561315568306647,63,0.00040208625114965935,7,1,External
FFIV,META,0.5267606992405276,63,1.0922329213338856e-05,7,7,Internal
FFIV,TYL,0.514298651392401,63,1.9034816836988187e-05,7,3,External
FFIV,XYL,0.551531807561392,63,3.3842079642813e-06,7,7,Internal
FICO,MSFT,-0.41138580389715035,63,0.0008946312212656713,1,7,External
FIS,FOX,0.44478089999252995,63,0.0002924165453695402,3,4,External
FIS,FOXA,0.4401619748673378,63,0.00034369733897264386,3,4,External
FIS,IT,0.6589973355586369,63,5.775267946212601e-09,3,3,Internal
FIS,JKHY,0.5149492418247716,63,1.8500698790856816e-05,3,1,External
FIS,MKC,0.441876651001747,63,0.00032377373901946386,3,1,External
FIS,RMD,0.4243164871229705,63,0.000588149073028878,3,3,Internal
FIS,ROK,0.46012330961560205,63,0.00016812316781220592,3,0,External
FIS,SBAC,0.4211739270059367,63,0.0006522665820165099,3,3,Internal
FIS,TDG,0.5427056943749483,63,5.192954233798477e-06,3,3,Internal
FIS,VRTX,0.6030510239505205,63,2.1362188162379188e-07,3,3,Internal
FIS,YUM,0.43489646567019974,63,0.00041206809087008514,3,3,Internal
FIS,ZBRA,0.5692924991955081,63,1.376359489851906e-06,3,3,Internal
FIS,ZTS,0.42977582833821215,63,0.0004902095585382059,3,3,Internal
FISV,GD,-0.5620200766286787,63,2.001993889917e-06,2,7,External
FISV,HLT,0.46765448469706433,63,0.00012688669017541887,2,0,External
FISV,LW,-0.5087992374833717,63,2.415619941789678e-05,2,0,External
FISV,MCHP,0.4090708172724684,63,0.0009627162648678427,2,2,Internal
FISV,NEE,0.5387401733902991,63,6.269921587065616e-06,2,3,External
FISV,OTIS,0.8033778232106503,63,3.9259287569834524e-15,2,2,Internal
FISV,RTX,-0.43659728232554257,63,0.000388738190103763,2,7,External
FISV,TEL,-0.7999804905500536,63,6.22762101279213e-15,2,7,External
FISV,TXN,0.6908496601597943,63,5.158738243178132e-10,2,2,Internal
FITB,HBAN,0.7512844130113436,63,2.0034977475074007e-12,2,2,Internal
FITB,HST,0.6671854481193331,63,3.191914145503848e-09,2,2,Internal
FITB,ITW,0.4254357339468902,63,0.0005667316536913047,2,0,External
FITB,JBHT,0.40156063266015996,63,0.0012169983607637335,2,0,External
FITB,KEY,0.7074824096439525,63,1.2878008430907815e-10,2,2,Internal
FITB,LVS,0.4639768167801654,63,0.00014569660307311503,2,2,Internal
FITB,LYB,0.4045192814597105,63,0.0011103752002107198,2,0,External
FITB,MAR,0.4586330844693978,63,0.0001776134753848819,2,0,External
FITB,MGM,0.504247904813515,63,2.9331177333606185e-05,2,2,Internal
FITB,MTB,0.7354975350785938,63,9.870197096237952e-12,2,2,Internal
FITB,NXPI,0.41921690938428036,63,0.0006953308861681115,2,2,Internal
FITB,PNC,0.830432591946379,63,7.007044237199807e-17,2,2,Internal
FITB,PRU,0.43711461240434496,63,0.00038188445364746386,2,3,External
FITB,PSX,0.4394914279244165,63,0.0003517880903052478,2,2,Internal
FITB,RF,0.7480016335384654,63,2.8182779897731546e-12,2,2,Internal
FITB,SLB,0.4642325533819823,63,0.0001443101314520496,2,2,Internal
FITB,STT,0.4111998334206903,63,0.000899935522252798,2,2,Internal
FITB,SYF,0.47572022384365653,63,9.31844397069818e-05,2,2,Internal
FITB,TFC,0.7468640653916139,63,3.1681765153248092e-12,2,2,Internal
FITB,TROW,0.4843457864369096,63,6.640756468321305e-05,2,2,Internal
FITB,USB,0.8527732643918082,63,1.4187304732918348e-18,2,2,Internal
FITB,VICI,0.42361419760537883,63,0.0006019599886031152,2,3,External
FITB,WFC,0.40334436764512893,63,0.00115166531172458,2,2,Internal
FITB,WYNN,0.4207614294121464,63,0.0006611371864578985,2,2,Internal
FOX,FOXA,0.9915691968423466,63,5.841748974837436e-55,4,4,Internal
FOX,NWS,0.6470442147152026,63,1.3293468300701102e-08,4,4,Internal
FOX,NWSA,0.6112472619436191,63,1.3147613957561448e-07,4,4,Internal
FOX,SHW,0.4065043110686821,63,0.0010436365912426398,4,0,External
FOXA,NWS,0.6401671328094919,63,2.1127740898134765e-08,4,4,Internal
FOXA,NWSA,0.6241540314685642,63,5.949779854800387e-08,4,4,Internal
FOXA,PSKY,0.4092003923541425,63,0.0009587852418914209,4,4,Internal
FOXA,SHW,0.4221451136133745,63,0.0006318059643934476,4,0,External
FOXA,VMC,0.4063279098400983,63,0.0010494174240273729,4,0,External
FOXA,WRB,0.4044908091282422,63,0.0011113598222645452,4,3,External
FRT,FTV,0.563684930295598,63,1.8388682438834325e-06,1,0,External
FRT,GPC,0.45645295837615646,63,0.00019238376011827045,1,0,External
FRT,HD,0.5937365747684863,63,3.6486739488862447e-07,1,0,External
FRT,HIG,0.4258983421227552,63,0.0005580880209530228,1,3,External
FRT,IEX,0.45258491157848435,63,0.00022138652379013842,1,0,External
FRT,IFF,0.4830010836960805,63,7.005085115461022e-05,1,0,External
FRT,INVH,0.7127343882413485,63,8.143121669011291e-11,1,1,Internal
FRT,ITW,0.5324722678693504,63,8.40490133118167e-06,1,0,External
FRT,J,0.4163558143662433,63,0.0007629319009701773,1,0,External
FRT,JBHT,0.4968532416360774,63,3.997267823376119e-05,1,0,External
FRT,KHC,0.46864729155342333,63,0.0001222060499315872,1,1,Internal
FRT,KIM,0.8676447400179795,63,7.269520912431542e-20,1,1,Internal
FRT,L,0.41641643783216037,63,0.00076143993849728,1,3,External
FRT,LEN,0.4769583917078753,63,8.881056376639663e-05,1,0,External
FRT,LNT,0.41751418481425967,63,0.0007348767776550958,1,3,External
FRT,LOW,0.5204686993605948,63,1.4497685946779565e-05,1,0,External
FRT,MAA,0.6597622344533234,63,5.468276584174826e-09,1,1,Internal
FRT,MAS,0.4542191374564324,63,0.00020867711052983682,1,0,External
FRT,MHK,0.5573867373004477,63,2.530120740434924e-06,1,0,External
FRT,MKC,0.43992824184340024,63,0.0003464980751988225,1,1,Internal
FRT,MTD,0.44853902938892853,63,0.00025595660484082874,1,0,External
FRT,NDSN,0.4920614477384093,63,4.866726234773803e-05,1,0,External
FRT,NVR,0.4815167178158728,63,7.428591381102899e-05,1,0,External
FRT,O,0.42914507076483577,63,0.0005007135349236453,1,3,External
FRT,ODFL,0.4899543424144976,63,5.301771276452627e-05,1,0,External
FRT,OMC,0.5051053058844832,63,2.8283958902500924e-05,1,0,External
FRT,PFE,0.4270380733060809,63,0.000537300823666876,1,0,External
FRT,PHM,0.5143062975721534,63,1.902845726512423e-05,1,0,External
FRT,PLD,0.6847392689760872,63,8.394495998280661e-10,1,1,Internal
FRT,PNR,0.5310667272905694,63,8.968605162433488e-06,1,0,External
FRT,PNW,0.4522015150786014,63,0.00022446896572735187,1,3,External
FRT,POOL,0.5266622487490276,63,1.0971310456820998e-05,1,0,External
FRT,PPG,0.4521428886862619,63,0.00022494375707573806,1,0,External
FRT,PSA,0.6465900044115368,63,1.3711475341031013e-08,1,1,Internal
FRT,REG,0.7271182779502268,63,2.199400982169786e-11,1,1,Internal
FRT,SHW,0.46701168020375383,63,0.00013000444405836877,1,0,External
FRT,SNA,0.4384627426473641,63,0.0003645379562651782,1,0,External
FRT,SPG,0.6806839594928051,63,1.1522224464059502e-09,1,0,External
FRT,SWK,0.4361536172159999,63,0.00039470501068651935,1,0,External
FRT,TAP,0.4491081562023606,63,0.0002508126329463486,1,0,External
FRT,TRV,0.4115290092869941,63,0.0008905659415051855,1,3,External
FRT,TSN,0.4635059254428942,63,0.00014828155078063215,1,1,Internal
FRT,UDR,0.670383310823837,63,2.519330725124823e-09,1,1,Internal
FRT,VICI,0.4298804525142095,63,0.0004884867485261226,1,3,External
FRT,WY,0.6245204919131357,63,5.814261904385916e-08,1,0,External
FTNT,LLY,0.5071043227441286,63,2.597542932628328e-05,1,1,Internal
FTNT,MCK,0.44276692004795065,63,0.0003138501225364361,1,3,External
FTNT,NOW,0.5109923305332582,63,2.1977398422653657e-05,1,1,Internal
FTNT,PANW,0.48749867297543287,63,5.853965239293412e-05,1,1,Internal
FTNT,PH,-0.4049931643907859,63,0.0010941025191651473,1,0,External
FTNT,PODD,-0.47875811258546325,63,8.278920159867003e-05,1,0,External
FTNT,RL,0.43089504090964986,63,0.00047206302296865573,1,1,Internal
FTNT,STE,-0.4974895392258472,63,3.893292618217949e-05,1,0,External
FTNT,VTRS,-0.4484352565070867,63,0.00025690486731969395,1,0,External
FTNT,ZBH,-0.502465189258441,63,3.1624489739723866e-05,1,0,External
FTV,GIS,0.504146466783714,63,2.9457420040544626e-05,0,0,Internal
FTV,GPC,0.54940821269417,63,3.755636772594173e-06,0,0,Internal
FTV,GRMN,0.41358054717973647,63,0.0008341308641661402,0,1,External
FTV,HAS,0.43055592838203266,63,0.00047749571878871,0,0,Internal
FTV,HD,0.6035476739382489,63,2.0751080640154496e-07,0,0,Internal
FTV,HLT,0.4164569518916951,63,0.0007604443469789442,0,0,Internal
FTV,HST,0.45572200019768666,63,0.00019758237485617894,0,2,External
FTV,IEX,0.6530549380749836,63,8.78160346501234e-09,0,0,Internal
FTV,IFF,0.6439377912781498,63,1.6411669306470608e-08,0,0,Internal
FTV,INVH,0.5425705808394816,63,5.226613296045631e-06,0,1,External
FTV,IP,0.4230782787300769,63,0.0006126962807676172,0,1,External
FTV,IQV,0.5026899197089882,63,3.132651778501111e-05,0,0,Internal
FTV,IR,0.5007454404759629,63,3.399309087341115e-05,0,0,Internal
FTV,ITW,0.5688519802224979,63,1.4083155717591772e-06,0,0,Internal
FTV,J,0.49177877516161267,63,4.9231083504071215e-05,0,0,Internal
FTV,JBHT,0.5938361808514092,63,3.628169610302802e-07,0,0,Internal
FTV,KEY,0.4319834583355206,63,0.0004550036193510551,0,2,External
FTV,KEYS,0.41116711147462864,63,0.0009008717598361882,0,0,Internal
FTV,KIM,0.5473587403663361,63,4.149908799785279e-06,0,1,External
FTV,LDOS,0.5478120729971672,63,4.05950722984362e-06,0,0,Internal
FTV,LEN,0.5515469320087989,63,3.3816902160349133e-06,0,0,Internal
FTV,LOW,0.570691698888247,63,1.2793066939634117e-06,0,0,Internal
FTV,LYB,0.5239789488536637,63,1.238766453001141e-05,0,0,Internal
FTV,MAA,0.5363369017830362,63,7.020402596654029e-06,0,1,External
FTV,MAR,0.5910563540071254,63,4.243105779241002e-07,0,0,Internal
FTV,MAS,0.5200746482216997,63,1.4754337350093115e-05,0,0,Internal
FTV,MDLZ,0.43709673607509425,63,0.0003821194365334376,0,1,External
FTV,MHK,0.638884347345525,63,2.300555677259791e-08,0,0,Internal
FTV,MKC,0.47663400615060714,63,8.993781875468692e-05,0,1,External
FTV,MLM,0.4815584681373214,63,7.416363968882761e-05,0,0,Internal
FTV,MMM,0.4387528991823124,63,0.0003608996907266883,0,0,Internal
FTV,MPC,0.41907655969141216,63,0.0006985160834558837,0,2,External
FTV,MRK,0.5838996139799286,63,6.30729217729031e-07,0,0,Internal
FTV,MRNA,0.4900049467282504,63,5.290915489520239e-05,0,0,Internal
FTV,MSFT,-0.4423090778639317,63,0.00031891838251276475,0,7,External
FTV,MTD,0.5905673699784632,63,4.3609276468049923e-07,0,0,Internal
FTV,NDSN,0.6855929255357908,63,7.848032243209457e-10,0,0,Internal
FTV,NFLX,-0.46000703764270695,63,0.00016884656265323875,0,18,External
FTV,NVR,0.5918402394405818,63,4.0604493712345316e-07,0,0,Internal
FTV,ODFL,0.5457435500752473,63,4.487510343245678e-06,0,0,Internal
FTV,OMC,0.40405681571072577,63,0.0011264657663829732,0,0,Internal
FTV,PCAR,0.5831717824505257,63,6.563282849459148e-07,0,0,Internal
FTV,PEP,0.4156573823750688,63,0.0007803123211518846,0,1,External
FTV,PFE,0.6285438082757394,63,4.505880937205247e-08,0,0,Internal
FTV,PHM,0.536395104338555,63,7.001278660560462e-06,0,0,Internal
FTV,PKG,0.4598128139935637,63,0.00017006130586737944,0,0,Internal
FTV,PLD,0.4833691563884814,63,6.903571688797535e-05,0,1,External
FTV,PNR,0.6360617232841911,63,2.7707795470945623e-08,0,0,Internal
FTV,POOL,0.6207708597031711,63,7.349736491680397e-08,0,0,Internal
FTV,PPG,0.5540553415531905,63,2.9874972411756647e-06,0,0,Internal
FTV,PSA,0.5586377628857302,63,2.3759569655798756e-06,0,1,External
FTV,PSX,0.42548668410928625,63,0.000565773754410935,0,2,External
FTV,REG,0.47649728546565406,63,9.041686266978017e-05,0,1,External
FTV,RVTY,0.6119623648076709,63,1.2594210311479804e-07,0,0,Internal
FTV,SHW,0.4591033706228148,63,0.00017456679844977694,0,0,Internal
FTV,SLB,0.5416833589911946,63,5.452741751225761e-06,0,2,External
FTV,SNA,0.5744737514339697,63,1.0480880410060884e-06,0,0,Internal
FTV,SPG,0.6496767028905682,63,1.1098559611099665e-08,0,0,Internal
FTV,STZ,0.4018784554206958,63,0.0012051186781714917,0,0,Internal
FTV,SW,0.4750309543581594,63,9.570435942881285e-05,0,0,Internal
FTV,SWK,0.577310583621762,63,9.010400010338233e-07,0,0,Internal
FTV,SYK,0.43768966278958743,63,0.00037439531407475445,0,1,External
FTV,TAP,0.43067772244420327,63,0.0004755380314561093,0,0,Internal
FTV,TDY,0.40358287443116553,63,0.0011431732651532747,0,3,External
FTV,TECH,0.5854700997682754,63,5.786517035042991e-07,0,0,Internal
FTV,TFC,0.45578871533343374,63,0.00019710261391149878,0,2,External
FTV,TGT,0.4471839538971443,63,0.0002685945876417589,0,0,Internal
FTV,TMO,0.5160682042434941,63,1.761447404772637e-05,0,0,Internal
FTV,TSCO,0.4479208954774519,63,0.00026165259144923266,0,0,Internal
FTV,TSN,0.47023421891330097,63,0.00011505274759134848,0,1,External
FTV,UDR,0.532847970357862,63,8.259911689854795e-06,0,1,External
FTV,UPS,0.4254152059338384,63,0.0005671180107054685,0,0,Internal
FTV,VLTO,0.41985550449350756,63,0.0006810035922272675,0,3,External
FTV,VMC,0.47838009702677314,63,8.402182995190084e-05,0,0,Internal
FTV,WAT,0.47444708790491613,63,9.788782223245993e-05,0,0,Internal
FTV,WY,0.6062515618057236,63,1.7702637402575093e-07,0,0,Internal
FTV,ZBH,0.41918981739252675,63,0.0006959447049366697,0,0,Internal
GD,GM,0.5455463729824508,63,4.530435474128592e-06,7,7,Internal
GD,HII,0.4262343457439696,63,0.0005518851449639325,7,7,Internal
GD,LHX,0.46333092171504525,63,0.00014925290600321882,7,7,Internal
GD,LW,0.6770053150703942,63,1.5290758727591419e-09,7,0,External
GD,OTIS,-0.5623153652155098,63,1.9721067844978667e-06,7,2,External
GD,RTX,0.5609073950953721,63,2.118462568324387e-06,7,7,Internal
GD,TEL,0.700382719131787,63,2.355719212713842e-10,7,7,Internal
GD,TMO,0.5356266592216816,63,7.257726102865311e-06,7,0,External
GD,TXN,-0.5142980972963923,63,1.9035277772972856e-05,7,2,External
GE,GPC,-0.4210366920960341,63,0.0006552057208433269,7,0,External
GE,HAS,-0.47548814369991493,63,9.402600749180595e-05,7,0,External
GE,HWM,0.5210991530421926,63,1.4095674359473751e-05,7,7,Internal
GE,ITW,-0.5210166492283496,63,1.414768766489102e-05,7,0,External
GE,JBHT,-0.426523338888851,63,0.0005466002492156352,7,0,External
GE,LEN,-0.42601852850005,63,0.0005558620594710082,7,0,External
GE,LKQ,-0.40611757782286173,63,0.0010563479272591456,7,2,External
GE,LOW,-0.44999238923504636,63,0.0002430077957744229,7,0,External
GE,LYB,-0.4826059936911017,63,7.115579771260152e-05,7,0,External
GE,MAS,-0.41976233960472,63,0.0006830770064045554,7,0,External
GE,MKC,-0.41920769386157253,63,0.0006955396256916443,7,1,External
GE,NUE,-0.47736695185857325,63,8.740930560706841e-05,7,0,External
GE,NVR,-0.4209183881349311,63,0.0006577490453602778,7,0,External
GE,NXPI,-0.40866751929515144,63,0.0009750447119567585,7,2,External
GE,PEP,-0.4046077793920508,63,0.0011073198065337543,7,1,External
GE,PHM,-0.46487722246864216,63,0.0001408686234003539,7,0,External
GE,POOL,-0.4262476212850853,63,0.0005516413587913078,7,0,External
GE,PPG,-0.5403774302728479,63,5.802236446409562e-06,7,0,External
GE,SHW,-0.4019410428104811,63,0.0012027916068468238,7,0,External
GE,SNA,-0.40106980781753937,63,0.001235551752734554,7,0,External
GE,STZ,-0.42404312125128685,63,0.0005934904267712534,7,0,External
GE,SWK,-0.47627339246711514,63,9.120641680313909e-05,7,0,External
GE,TAP,-0.45522177296147365,63,0.00020121380573918335,7,0,External
GE,TSN,-0.4434573217629203,63,0.0003063462867753403,7,1,External
GEN,GILD,0.6384200727724799,63,2.3723266779519335e-08,3,3,Internal
GILD,INCY,0.4062191649334765,63,0.0010529954656579453,3,1,External
GILD,MNST,0.40087016380003393,63,0.0012431709287809918,3,3,Internal
GILD,MRK,0.42248783091527226,63,0.0006247257826519264,3,0,External
GILD,O,0.40926363402756366,63,0.0009568718947566609,3,3,Internal
GILD,RMD,0.4697747865432816,63,0.00011708307714176932,3,3,Internal
GILD,VTRS,0.41825922303814245,63,0.0007173292940090583,3,0,External
GIS,GPC,0.5779766424896363,63,8.694398731102117e-07,0,0,Internal
GIS,HD,0.4265427237041223,63,0.0005462474035032294,0,0,Internal
GIS,HRL,0.49650709254951164,63,4.054903403910303e-05,0,0,Internal
GIS,HSIC,0.4558892840964841,63,0.00019638142074005434,0,3,External
GIS,HST,0.4023412618502194,63,0.0011880063993764307,0,2,External
GIS,HSY,0.4574853777600261,63,0.00018525436815928158,0,1,External
GIS,IFF,0.4504878793668439,63,0.0002387319592751766,0,0,Internal
GIS,INVH,0.4875820241898303,63,5.834383881244566e-05,0,1,External
GIS,IQV,0.5371777641574996,63,6.7487866351043904e-06,0,0,Internal
GIS,ITW,0.46854302486286703,63,0.00012269005776436594,0,0,Internal
GIS,JBHT,0.5433494441830029,63,5.0353441395836235e-06,0,0,Internal
GIS,KHC,0.6612805480285597,63,4.904120650598183e-09,0,1,External
GIS,KIM,0.4070577732870417,63,0.0010256850221995765,0,1,External
GIS,KMB,0.5136670499973645,63,1.956700363898207e-05,0,3,External
GIS,LEN,0.48604321301456366,63,6.205815567354138e-05,0,0,Internal
GIS,LOW,0.4319079986967332,63,0.0004561680034764049,0,0,Internal
GIS,LW,0.43373874367302184,63,0.00042866981167350896,0,0,Internal
GIS,LYB,0.47970568035154015,63,7.977220913043139e-05,0,0,Internal
GIS,MAA,0.5428599146379454,63,5.154782538391218e-06,0,1,External
GIS,MAS,0.4859558114001017,63,6.227553066529581e-05,0,0,Internal
GIS,MDLZ,0.6126026936254783,63,1.2117372441289254e-07,0,1,External
GIS,MHK,0.5481410539823475,63,3.995058342066199e-06,0,0,Internal
GIS,MKC,0.6533787240588694,63,8.585394384210027e-09,0,1,External
GIS,MRK,0.5720395466063126,63,1.1919121734382855e-06,0,0,Internal
GIS,MRNA,0.45775561427498307,63,0.0001834286407878893,0,0,Internal
GIS,MTD,0.5537209480360249,63,3.03744432120386e-06,0,0,Internal
GIS,NDSN,0.48503588156445315,63,6.460646105179318e-05,0,0,Internal
GIS,NFLX,-0.4537316726320896,63,0.0002123964211185644,0,18,External
GIS,NVDA,-0.4705720811996717,63,0.0001135803641189957,0,7,External
GIS,NVR,0.5478542648363043,63,4.0511877267482045e-06,0,0,Internal
GIS,O,0.46047601447868747,63,0.00016594613210151453,0,3,External
GIS,ODFL,0.4322111324326409,63,0.0004515068417549535,0,0,Internal
GIS,OMC,0.5794271032739793,63,8.041865827606866e-07,0,0,Internal
GIS,PCAR,0.49260143990485594,63,4.760673568150937e-05,0,0,Internal
GIS,PEP,0.518355616346313,63,1.5924121187640085e-05,0,1,External
GIS,PFE,0.6077791129213063,63,1.6172262485563474e-07,0,0,Internal
GIS,PG,0.4296271598270761,63,0.0004926671295455503,0,1,External
GIS,PHM,0.5268286466711094,63,1.0888642630738975e-05,0,0,Internal
GIS,PKG,0.44035616338436434,63,0.000341386161944237,0,0,Internal
GIS,PNW,0.43342839431164437,63,0.0004332224739397843,0,3,External
GIS,POOL,0.47694833527139896,63,8.884531410228058e-05,0,0,Internal
GIS,PPG,0.4948692335102895,63,4.3381817781562476e-05,0,0,Internal
GIS,PSA,0.4872811865678908,63,5.905344345386663e-05,0,1,External
GIS,RVTY,0.5489272988979419,63,3.844879051521928e-06,0,0,Internal
GIS,SJM,0.6473952418537382,63,1.297871187611288e-08,0,0,Internal
GIS,STZ,0.5114421603007409,63,2.1553657605094546e-05,0,0,Internal
GIS,SW,0.4167239360508334,63,0.0007539128877656889,0,0,Internal
GIS,SWK,0.44252585808347766,63,0.00031650941751997435,0,0,Internal
GIS,SWKS,0.4222953984357927,63,0.0006286923298288978,0,1,External
GIS,TAP,0.5505143863830138,63,3.5576559266718312e-06,0,0,Internal
GIS,TECH,0.449610444504388,63,0.00024635144649873616,0,0,Internal
GIS,TGT,0.5274774776750923,63,1.057180141108436e-05,0,0,Internal
GIS,TMO,0.5414784328111188,63,5.506253216900624e-06,0,0,Internal
GIS,TSN,0.666870823053312,63,3.266588470580682e-09,0,1,External
GIS,UDR,0.47299800476994813,63,0.00010350640775188096,0,1,External
GIS,UPS,0.4306780162236178,63,0.0004755333181526287,0,0,Internal
GIS,VTRS,0.533597617050103,63,7.977545517490357e-06,0,0,Internal
GIS,WY,0.6120046130641102,63,1.2562211918646596e-07,0,0,Internal
GIS,ZBH,0.5058934665906177,63,2.735196716594317e-05,0,0,Internal
GIS,ZTS,0.4573052153414935,63,0.00018648078362768842,0,3,External
GL,GLW,0.43526606878805646,63,0.00040689255110117387,3,1,External
GL,HIG,0.6226174657870335,63,6.551138328351275e-08,3,3,Internal
GL,L,0.4071815661215616,63,0.0010217081089175738,3,3,Internal
GL,ORLY,0.4157527658888834,63,0.0007779177824993766,3,3,Internal
GL,REG,0.4160489415880668,63,0.0007705247968640125,3,1,External
GL,ROL,0.46003046597210256,63,0.00016870057242291352,3,3,Internal
GL,RSG,0.48570697689391235,63,6.289825480655256e-05,3,3,Internal
GL,TRV,0.48443720830231185,63,6.616632774910076e-05,3,3,Internal
GL,VLTO,0.41047858566445034,63,0.0009207769205513154,3,3,Internal
GL,WELL,0.46501596649761856,63,0.0001401378719052345,3,3,Internal
GL,WM,0.5891753445602455,63,4.713399101342124e-07,3,3,Internal
GL,WRB,0.4940688058748355,63,4.4831756322060364e-05,3,3,Internal
GLW,INCY,0.5250736802575843,63,1.1790450688826805e-05,1,1,Internal
GLW,JCI,-0.5111144588609513,63,2.1861595597309458e-05,1,3,External
GLW,PYPL,-0.48284012290740935,63,7.049908610388076e-05,1,3,External
GLW,RCL,-0.4210549431675727,63,0.0006548141497738106,1,2,External
GLW,UPS,-0.5610199849726085,63,2.106395271116129e-06,1,0,External
GLW,VRSN,-0.54714349521464,63,4.193486945307983e-06,1,3,External
GLW,WELL,0.4222423339612117,63,0.0006297901391381669,1,3,External
GM,LMT,0.5512502100298665,63,3.4314062178030574e-06,7,7,Internal
GM,LW,0.436033894387713,63,0.00039632937945461856,7,0,External
GM,MSCI,0.4471619140409941,63,0.00026880477041488714,7,7,Internal
GM,NOC,-0.40227765676195576,63,0.0011903451572232316,7,0,External
GM,OTIS,-0.46574447238758876,63,0.0001363576728325493,7,2,External
GM,TEL,0.4966789964115862,63,4.02618517499348e-05,7,7,Internal
GNRC,GRMN,-0.48141589320050965,63,7.458196517159539e-05,8,1,External
GNRC,HUM,0.41150922884532265,63,0.0008911264687919617,8,8,Internal
GNRC,IEX,-0.4175497847351622,63,0.0007340295526107923,8,0,External
GNRC,MDLZ,-0.4180975459394849,63,0.0007211046314207947,8,1,External
GNRC,RSG,-0.6163895181231007,63,9.627450448809063e-08,8,3,External
GNRC,TER,0.6249695581919217,63,5.652167765619674e-08,8,8,Internal
GOOG,GOOGL,0.9982931126398669,63,9.94705526520912e-76,9,9,Internal
GPC,GPN,0.4142800493449747,63,0.0008156406183389415,0,1,External
GPC,HAS,0.46796205899254845,63,0.0001254193047862628,0,0,Internal
GPC,HD,0.53453404695396,63,7.637452976310114e-06,0,0,Internal
GPC,HSIC,0.4382317348054099,63,0.00036745841728621516,0,3,External
GPC,HST,0.5524920971284295,63,3.2277764089451048e-06,0,2,External
GPC,HSY,0.40046519950038817,63,0.0012587559103106967,0,1,External
GPC,IEX,0.41069959078510554,63,0.0009143448434227262,0,0,Internal
GPC,IFF,0.4159532145360032,63,0.0007729073043421231,0,0,Internal
GPC,INVH,0.5252920990455846,63,1.1674546834852092e-05,0,1,External
GPC,IP,0.4383281656673571,63,0.00036623673123116555,0,1,External
GPC,IQV,0.7049745223784795,63,1.597253711650123e-10,0,0,Internal
GPC,ITW,0.5982077998022777,63,2.8278232327363204e-07,0,0,Internal
GPC,JBHT,0.520458915932888,63,1.4504007504359666e-05,0,0,Internal
GPC,JNJ,0.4099524257748183,63,0.000936254883541521,0,3,External
GPC,KEY,0.44740598056383507,63,0.00026648559117979593,0,2,External
GPC,KHC,0.5552504965621522,63,2.8151867178869707e-06,0,1,External
GPC,KIM,0.5521418506700573,63,3.2840318247777813e-06,0,1,External
GPC,KMB,0.508485871452128,63,2.4483384626703374e-05,0,3,External
GPC,LEN,0.6663402656793577,63,3.3962784779605817e-09,0,0,Internal
GPC,LKQ,0.47471974192719785,63,9.686254761258e-05,0,2,External
GPC,LMT,-0.4654475000011563,63,0.00013788720763650492,0,7,External
GPC,LOW,0.5370539185157859,63,6.788166661928827e-06,0,0,Internal
GPC,LYB,0.44134933494429407,63,0.0003297857191072399,0,0,Internal
GPC,MAA,0.5003243659740312,63,3.4597534355599734e-05,0,1,External
GPC,MAR,0.4131533651045108,63,0.0008456082738319087,0,0,Internal
GPC,MAS,0.4820055446307986,63,7.286586365381379e-05,0,0,Internal
GPC,MHK,0.6162821121698053,63,9.690872171370521e-08,0,0,Internal
GPC,MKC,0.565549766421416,63,1.670956716570689e-06,0,1,External
GPC,MRK,0.48473698705429286,63,6.538095266168131e-05,0,0,Internal
GPC,MRNA,0.455489365169036,63,0.00019926367302334488,0,0,Internal
GPC,MSFT,-0.41458444897991714,63,0.0008077106528919968,0,7,External
GPC,MTD,0.5679594787097345,63,1.4752016266972939e-06,0,0,Internal
GPC,NDSN,0.5191421390821376,63,1.5378603354790657e-05,0,0,Internal
GPC,NKE,0.48721732545042024,63,5.920509768885853e-05,0,0,Internal
GPC,NOC,0.608615990321715,63,1.5387578195558508e-07,0,0,Internal
GPC,NVDA,-0.4006546803421827,63,0.001251442020980773,0,7,External
GPC,NVR,0.7320496492234762,63,1.3774630215461554e-11,0,0,Internal
GPC,O,0.4588789091345161,63,0.0001760149129924767,0,3,External
GPC,OMC,0.6958060292736508,63,3.445031370919466e-10,0,0,Internal
GPC,PAYX,0.46572161219179625,63,0.0001364748569600957,0,1,External
GPC,PCAR,0.6274773997043643,63,4.822579163542024e-08,0,0,Internal
GPC,PEP,0.4524216109905909,63,0.00022269466720611163,0,1,External
GPC,PFE,0.5149291206208818,63,1.8517007162312297e-05,0,0,Internal
GPC,PG,0.4606382887131821,63,0.00016495321694295908,0,1,External
GPC,PHM,0.749590762972067,63,2.390727502159261e-12,0,0,Internal
GPC,PKG,0.45590715823403694,63,0.00019625349586977603,0,0,Internal
GPC,PLD,0.4519637845340107,63,0.00022639994441146782,0,1,External
GPC,PM,-0.4664539775529491,63,0.00013276626160688395,0,7,External
GPC,PNW,0.42498979238050827,63,0.0005751786987244906,0,3,External
GPC,POOL,0.6091321020874633,63,1.4921685465248738e-07,0,0,Internal
GPC,PPG,0.46134250617928174,63,0.0001607070762576809,0,0,Internal
GPC,PSA,0.5909180794993358,63,4.276116333012188e-07,0,1,External
GPC,REG,0.5386667540960742,63,6.291695436540729e-06,0,1,External
GPC,ROP,0.4074266368290828,63,0.0010138760713024558,0,3,External
GPC,ROST,0.41144902175301384,63,0.0008928345460982114,0,3,External
GPC,RVTY,0.5182982292211236,63,1.5964619140188345e-05,0,0,Internal
GPC,SHW,0.40804512707050244,63,0.0009943504244533453,0,0,Internal
GPC,SJM,0.48758289796761023,63,5.8341789287362894e-05,0,0,Internal
GPC,SLB,0.502933415767517,63,3.10065997302063e-05,0,2,External
GPC,SPG,0.5234245302365506,63,1.2700735487678548e-05,0,0,Internal
GPC,STZ,0.5380989793905023,63,6.4624754060263574e-06,0,0,Internal
GPC,SW,0.4095063419130224,63,0.0009495608335228071,0,0,Internal
GPC,SWK,0.5147041587574993,63,1.87002510447763e-05,0,0,Internal
GPC,TAP,0.49022800386345544,63,5.2433087809584186e-05,0,0,Internal
GPC,TFC,0.4516458177023892,63,0.00022900639822200628,0,2,External
GPC,TGT,0.6102758426045716,63,1.393615920801014e-07,0,0,Internal
GPC,TMO,0.5107176427391302,63,2.2239940884644178e-05,0,0,Internal
GPC,TROW,0.4941934943674393,63,4.460298265953983e-05,0,2,External
GPC,TSCO,0.5037447359887655,63,2.9962345171575776e-05,0,0,Internal
GPC,TSN,0.6041529104051826,63,2.0028607013683842e-07,0,1,External
GPC,TXT,0.4038450763493401,63,0.0011339026765472696,0,2,External
GPC,UDR,0.48239356424788926,63,7.175651763957889e-05,0,1,External
GPC,VICI,0.46959577336968855,63,0.00011788304881811712,0,3,External
GPC,WY,0.6994427982510637,63,2.548446942837478e-10,0,0,Internal
GPC,ZBH,0.45395093038471407,63,0.00021071606284353488,0,0,Internal
GPC,ZTS,0.560927388422742,63,2.116314986130886e-06,0,3,External
GPN,JBHT,0.4487556591765378,63,0.0002539873704638886,1,0,External
GPN,JKHY,0.4029971714781225,63,0.0011641288236115337,1,1,Internal
GPN,KMB,0.4506438149511152,63,0.00023740061076249518,1,3,External
GPN,LEN,0.4403279031984248,63,0.00034172162343054234,1,0,External
GPN,MCD,0.4955905594584947,63,4.211242357979906e-05,1,3,External
GPN,MHK,0.41921590162812494,63,0.000695353709949429,1,0,External
GPN,MKC,0.40862843376047353,63,0.0009762470611408019,1,1,Internal
GPN,MMC,0.4851280244419504,63,6.436941340309865e-05,1,3,External
GPN,MTCH,0.6665298406491886,63,3.349387928410219e-09,1,1,Internal
GPN,NRG,-0.6547619734823479,63,7.79296361747852e-09,1,2,External
GPN,NVDA,-0.42293434902652527,63,0.0006156091144371965,1,7,External
GPN,NVR,0.4107940064992495,63,0.0009116093838041806,1,0,External
GPN,NWS,0.45007273917554497,63,0.00024230969346800978,1,4,External
GPN,NWSA,0.43783920354276856,63,0.000372469822498988,1,4,External
GPN,ODFL,0.438080770408915,63,0.00036937844836920414,1,0,External
GPN,OMC,0.5331673490138111,63,8.138493528311667e-06,1,0,External
GPN,PHM,0.41889764584922273,63,0.000702595640479649,1,0,External
GPN,PPG,0.4173449750364494,63,0.0007389158327443586,1,0,External
GPN,PYPL,0.47523201757457234,63,9.496288523883356e-05,1,3,External
GPN,SYY,0.4768359859111522,63,8.92343928220473e-05,1,1,Internal
GPN,TAP,0.4894470917068976,63,5.411730168061906e-05,1,0,External
GPN,TSN,0.5255855156292466,63,1.1520512782525017e-05,1,1,Internal
GPN,V,0.4051618367061251,63,0.0010883625454818082,1,3,External
GPN,WY,0.4554637176789795,63,0.00019944983175876002,1,0,External
GRMN,IEX,0.7216537485052716,63,3.651169121459659e-11,1,0,External
GRMN,IFF,0.46160609994155016,63,0.00015914366409298258,1,0,External
GRMN,INVH,0.42358457952473166,63,0.0006025488562271975,1,1,Internal
GRMN,KMB,0.48922040779389336,63,5.461546819312471e-05,1,3,External
GRMN,LEN,0.44828997369819035,63,0.00025823783531936617,1,0,External
GRMN,MAA,0.45645963599039563,63,0.00019233685141819645,1,1,Internal
GRMN,MDLZ,0.45158619666342953,63,0.00022949817139418784,1,1,Internal
GRMN,MHK,0.49934746617705006,63,3.6038358893317743e-05,1,0,External
GRMN,MKC,0.45062588654035746,63,0.00023755333401292257,1,1,Internal
GRMN,NVR,0.4374139673647377,63,0.00037796896197091353,1,0,External
GRMN,ODFL,0.5152817237957735,63,1.823314267172915e-05,1,0,External
GRMN,PHM,0.4128235501932064,63,0.0008545670841260798,1,0,External
GRMN,PPG,0.5307115545311344,63,9.1165185075106e-06,1,0,External
GRMN,PSA,0.47941002157870943,63,8.070251724932269e-05,1,1,Internal
GRMN,RSG,0.4967658365847443,63,4.011749279643696e-05,1,3,External
GRMN,SHW,0.45604601512962883,63,0.000195262295409027,1,0,External
GRMN,SPG,0.44191807515974413,63,0.000323305719282798,1,0,External
GRMN,STZ,0.43647883154984063,63,0.00039032313566310427,1,0,External
GRMN,TAP,0.40499428086595657,63,0.0010940644356268214,1,0,External
GRMN,TER,-0.49354797894453584,63,4.579912338259402e-05,1,8,External
GRMN,TT,0.5265943599110189,63,1.1005205565212729e-05,1,3,External
GRMN,UDR,0.4091010538278491,63,0.0009617976553582129,1,1,Internal
GRMN,VRSK,0.5029482705489164,63,3.098718097073333e-05,1,3,External
GRMN,WY,0.41155494547809274,63,0.0008898314585642607,1,0,External
GS,JPM,0.5443028751810254,63,4.810096432742015e-06,2,2,Internal
GS,MS,0.7189266634949907,63,4.681175410359308e-11,2,2,Internal
GS,USB,0.44830486777582174,63,0.00025810089220421815,2,2,Internal
GS,WFC,0.4496272657656525,63,0.0002462033077439376,2,2,Internal
GWW,IR,0.46177876734296497,63,0.00015812712253858145,3,0,External
GWW,MPWR,-0.4735144842027419,63,0.00010147068975440916,3,7,External
GWW,PFG,0.44920679739794467,63,0.0002499307460490944,3,3,Internal
GWW,PRU,0.4355479920675286,63,0.00040298464691269957,3,3,Internal
HAL,HBAN,0.41349080137046806,63,0.000836530378286623,2,2,Internal
HAL,HST,0.45148683689708446,63,0.00023031986851659674,2,2,Internal
HAL,MPC,0.48885671398584024,63,5.542358325964839e-05,2,2,Internal
HAL,NDSN,0.40310276078246454,63,0.0011603256274897171,2,0,External
HAL,OKE,0.44521073160817415,63,0.0002880187985231085,2,2,Internal
HAL,OXY,0.7335188616596326,63,1.1958306816698151e-11,2,2,Internal
HAL,PCAR,0.43208723673341476,63,0.00045340667540911357,2,0,External
HAL,PNC,0.40126627103471935,63,0.001228095020447073,2,2,Internal
HAL,PSX,0.5467563128238708,63,4.272952472805031e-06,2,2,Internal
HAL,SLB,0.8104880249412375,63,1.4510770947989298e-15,2,2,Internal
HAL,TFC,0.4440434247378172,63,0.00030010492622265607,2,2,Internal
HAL,TPL,0.5602393890851931,63,2.191399808550239e-06,2,2,Internal
HAL,URI,0.4036645766655814,63,0.001140277249441756,2,0,External
HAL,VLO,0.4058200279691815,63,0.001066222771828862,2,2,Internal
HAL,XOM,0.6939495067613378,63,4.0112966555432324e-10,2,2,Internal
HAS,HON,0.5172186593092476,63,1.6744522844948506e-05,0,2,External
HAS,IFF,0.43748276076583176,63,0.00037707434368844877,0,0,Internal
HAS,ISRG,0.43561264607291755,63,0.00040209326994791993,0,3,External
HAS,JBHT,0.4554205347395797,63,0.00019976362887467024,0,0,Internal
HAS,KEY,0.4254955411845029,63,0.0005656073850913604,0,2,External
HAS,KMB,0.4665340774622595,63,0.00013236631105311333,0,3,External
HAS,LEN,0.5368969426597169,63,6.8383890947462785e-06,0,0,Internal
HAS,LKQ,0.43621450958158503,63,0.0003938811663101923,0,2,External
HAS,LOW,0.4390024556552626,63,0.000357797008736902,0,0,Internal
HAS,MAS,0.4729598670191202,63,0.00010365820786777795,0,0,Internal
HAS,MCHP,0.4033892503842871,63,0.0011500629325417952,0,2,External
HAS,MHK,0.45011646479166517,63,0.00024193056410243188,0,0,Internal
HAS,MKC,0.509128886501313,63,2.3816391156314286e-05,0,1,External
HAS,MRK,0.40074156308970954,63,0.0012481011845243844,0,0,Internal
HAS,NEE,0.42033764139867297,63,0.0006703642952813377,0,3,External
HAS,NKE,0.467392190859775,63,0.00012815048883548232,0,0,Internal
HAS,NVR,0.5136595276125058,63,1.957342438331459e-05,0,0,Internal
HAS,NXPI,0.4137346502193186,63,0.0008300251548653667,0,2,External
HAS,PHM,0.46190207362098956,63,0.00015740483206064037,0,0,Internal
HAS,PKG,0.4354754748009435,63,0.00040398657378631534,0,0,Internal
HAS,PNR,0.4807013403829314,63,7.671146505932782e-05,0,0,Internal
HAS,PPG,0.4041338047614397,63,0.0011237725973020198,0,0,Internal
HAS,PSA,0.4289548796326848,63,0.0005039206673216135,0,1,External
HAS,SHW,0.5005419110297872,63,3.4284022179604865e-05,0,0,Internal
HAS,SJM,0.42684372205658055,63,0.0005407950475038734,0,0,Internal
HAS,SPG,0.41379202974055634,63,0.000828501087507835,0,0,Internal
HAS,STZ,0.4038421077618939,63,0.0011340072557505017,0,0,Internal
HAS,TROW,0.4046544024733911,63,0.0011057131921916445,0,2,External
HAS,TSN,0.4801666164725971,63,7.834153323288191e-05,0,1,External
HAS,WY,0.42431943977185405,63,0.000588091619424928,0,0,Internal
HBAN,HST,0.5398678931984077,63,5.944179052964472e-06,2,2,Internal
HBAN,IFF,0.4686613427023078,63,0.000122140958535849,2,0,External
HBAN,ITW,0.4115136153872893,63,0.0008910021378831897,2,0,External
HBAN,KEY,0.7347797718254201,63,1.0583861409615068e-11,2,2,Internal
HBAN,LYB,0.45129911157154984,63,0.00023187968951015155,2,0,External
HBAN,MGM,0.441942748057929,63,0.0003230272524509562,2,2,Internal
HBAN,MPC,0.4794505764340327,63,8.05743203316503e-05,2,2,Internal
HBAN,MTB,0.6949325349486252,63,3.7012720955555867e-10,2,2,Internal
HBAN,NXPI,0.40380308897578676,63,0.0011353826411800783,2,2,Internal
HBAN,PNC,0.7890490840221516,63,2.593645778764944e-14,2,2,Internal
HBAN,PNR,0.4103125776295327,63,0.0009256352174813228,2,0,External
HBAN,PRU,0.49837196208089296,63,3.753234804288901e-05,2,3,External
HBAN,PSX,0.4503571288379097,63,0.00023985354017257583,2,2,Internal
HBAN,RF,0.5808233165489026,63,7.457385043686245e-07,2,2,Internal
HBAN,SLB,0.5262292096159255,63,1.1189192569471061e-05,2,2,Internal
HBAN,STT,0.4513857729253958,63,0.00023115841862722514,2,2,Internal
HBAN,SYF,0.5518622801118577,63,3.329591572904658e-06,2,2,Internal
HBAN,TFC,0.798141689272977,63,7.964982720476432e-15,2,2,Internal
HBAN,TROW,0.4405129108258738,63,0.00033953094175828377,2,2,Internal
HBAN,USB,0.6764812188187145,63,1.5914568630678874e-09,2,2,Internal
HBAN,WAT,0.41725546208404535,63,0.0007410606325975861,2,0,External
HBAN,WYNN,0.44799292603100416,63,0.0002609829336938341,2,2,Internal
HBAN,XOM,0.435323040272416,63,0.00040610006588773174,2,2,Internal
HCA,ORCL,-0.43797311260819866,63,0.0003707532654771072,2,7,External
HCA,UHS,0.7154490050877714,63,6.399782742682572e-11,2,2,Internal
HD,HPQ,0.4442846059763463,63,0.00029757048113083487,0,0,Internal
HD,HSIC,0.4077800976068947,63,0.0010026754398115571,0,3,External
HD,HST,0.49343377480861916,63,4.601380452130138e-05,0,2,External
HD,IEX,0.4861300064398795,63,6.18429861336894e-05,0,0,Internal
HD,IFF,0.4767203406360454,63,8.963652326347792e-05,0,0,Internal
HD,INVH,0.4541408602949611,63,0.00020927031192552153,0,1,External
HD,ITW,0.6461434165591158,63,1.4134571415221153e-08,0,0,Internal
HD,J,0.40135193507421235,63,0.001224856354224664,0,0,Internal
HD,JBHT,0.5515535559736721,63,3.380588083871487e-06,0,0,Internal
HD,KEYS,0.40095847330312473,63,0.0012397955023193282,0,0,Internal
HD,KIM,0.5598790500441678,63,2.231712914999272e-06,0,1,External
HD,KMB,0.5471263699307383,63,4.196972383663039e-06,0,3,External
HD,LEN,0.751032831766767,63,2.0569652383861483e-12,0,0,Internal
HD,LKQ,0.4692316330956954,63,0.000119525834495663,0,2,External
HD,LOW,0.8925724662558793,63,2.0122638817508147e-22,0,0,Internal
HD,MAA,0.413083512137512,63,0.0008474985834852365,0,1,External
HD,MAR,0.5080394466198876,63,2.4956595410127587e-05,0,0,Internal
HD,MAS,0.7456161151227922,63,3.5996373275751286e-12,0,0,Internal
HD,MHK,0.787431555594051,63,3.1804894574123245e-14,0,0,Internal
HD,MKC,0.43898441207210726,63,0.0003580205228458595,0,1,External
HD,MLM,0.49995491984705087,63,3.5136041927250534e-05,0,0,Internal
HD,MRK,0.5229422713492868,63,1.2979024825500961e-05,0,0,Internal
HD,MSFT,-0.4205941923838779,63,0.000664764591899675,0,7,External
HD,MTD,0.5512922113467201,63,3.4243276156464385e-06,0,0,Internal
HD,NDSN,0.5219045990798329,63,1.3597145271223313e-05,0,0,Internal
HD,NFLX,-0.402672214187671,63,0.0011759039271177767,0,18,External
HD,NVDA,-0.5743745600154505,63,1.0536157276913766e-06,0,7,External
HD,NVR,0.752665552629369,63,1.732819626888233e-12,0,0,Internal
HD,O,0.41354734066924925,63,0.0008350179732819108,0,3,External
HD,ODFL,0.5391955881571602,63,6.136421523600548e-06,0,0,Internal
HD,OMC,0.4814945589376333,63,7.435088593220964e-05,0,0,Internal
HD,PCAR,0.5022246138067168,63,3.194637717639462e-05,0,0,Internal
HD,PCG,0.4009774127118103,63,0.001239072662235264,0,3,External
HD,PFE,0.4720619534976455,63,0.00010729187587944306,0,0,Internal
HD,PHM,0.7233002887694985,63,3.1380055890310157e-11,0,0,Internal
HD,PLD,0.5251857969796805,63,1.1730822985670004e-05,0,1,External
HD,PNR,0.6018005965750666,63,2.2976664119443942e-07,0,0,Internal
HD,POOL,0.7378511645115947,63,7.838255846208707e-12,0,0,Internal
HD,PPG,0.6004897460479443,63,2.479204351204432e-07,0,0,Internal
HD,PSA,0.627912293000436,63,4.6909689548903606e-08,0,1,External
HD,REG,0.42449208569134433,63,0.0005847410580481095,0,1,External
HD,RMD,0.41434047080215647,63,0.0008140609919171044,0,3,External
HD,ROST,0.49845169593739486,63,3.7408118461845895e-05,0,3,External
HD,RVTY,0.47376776528758846,63,0.00010048589189541714,0,0,Internal
HD,SHW,0.7851400062415579,63,4.233361834017992e-14,0,0,Internal
HD,SPG,0.5485338227519149,63,3.9193645881882336e-06,0,0,Internal
HD,SW,0.4604435302877974,63,0.00016614555165986205,0,0,Internal
HD,SWK,0.6575045821960442,63,6.422017464267953e-09,0,0,Internal
HD,TAP,0.4436226052926751,63,0.00030457431338964106,0,0,Internal
HD,TECH,0.4517435605220499,63,0.00022820226923863228,0,0,Internal
HD,TFC,0.41906708922535135,63,0.0006987314882094389,0,2,External
HD,TGT,0.4454674697304577,63,0.00028542091620160844,0,0,Internal
HD,TMO,0.4727191614083817,63,0.00010462102460702978,0,0,Internal
HD,TSCO,0.48754191493923327,63,5.843799025487628e-05,0,0,Internal
HD,TSN,0.5647201415072824,63,1.7438013024928288e-06,0,1,External
HD,TXT,0.42862398871186325,63,0.0005095448846801165,0,2,External
HD,UDR,0.41630499221968814,63,0.0007641846875255403,0,1,External
HD,VICI,0.40754508249169924,63,0.0010101101990773605,0,3,External
HD,VLTO,0.40429211570838636,63,0.001118252912180214,0,3,External
HD,VMC,0.5184537672163094,63,1.5855077436279902e-05,0,0,Internal
HD,WAT,0.4775069189462493,63,8.693395423801184e-05,0,0,Internal
HD,WY,0.5949557860587537,63,3.4050251836638753e-07,0,0,Internal
HD,ZTS,0.4905191561657233,63,5.181763656760946e-05,0,3,External
HIG,ICE,0.41286448456510266,63,0.0008534505349005769,3,3,Internal
HIG,INCY,0.44211320004244237,63,0.00032110944067609596,3,1,External
HIG,INVH,0.48688003667276825,63,6.0012052923331415e-05,3,1,External
HIG,KIM,0.45402689708685745,63,0.0002101367092459377,3,1,External
HIG,KO,0.4342125387939842,63,0.0004218033935725433,3,3,Internal
HIG,L,0.8314274761538842,63,5.962798614524955e-17,3,3,Internal
HIG,LIN,0.4029633167647889,63,0.00116535060315998,3,3,Internal
HIG,LNT,0.5409146051520717,63,5.6560215679569885e-06,3,3,Internal
HIG,MCK,0.47297681471096475,63,0.00010359072552332011,3,3,Internal
HIG,MET,0.4988220530948664,63,3.6836053154022116e-05,3,3,Internal
HIG,MMC,0.5260797958567541,63,1.126529876583822e-05,3,3,Internal
HIG,O,0.4851242358886623,63,6.437914403740389e-05,3,3,Internal
HIG,ORLY,0.4839922653451773,63,6.73480606534579e-05,3,3,Internal
HIG,PAYX,0.44144220452997607,63,0.00032871957405038475,3,1,External
HIG,PCG,0.4482831118001426,63,0.00025830094915537733,3,3,Internal
HIG,PFG,0.4715165156062884,63,0.00010955595078025553,3,3,Internal
HIG,PGR,0.641710863722889,63,1.9059986934766283e-08,3,3,Internal
HIG,PNW,0.536341726847058,63,7.018815350105245e-06,3,3,Internal
HIG,PPL,0.5144543772258072,63,1.890568289207872e-05,3,3,Internal
HIG,PRU,0.5382754862985335,63,6.408926832150228e-06,3,3,Internal
HIG,REG,0.6116231078263076,63,1.2853959361636392e-07,3,1,External
HIG,ROL,0.4530541164433356,63,0.00021766690596235625,3,3,Internal
HIG,RSG,0.5248041869929717,63,1.1934931818135996e-05,3,3,Internal
HIG,SO,0.47900435545689357,63,8.199523636478785e-05,3,3,Internal
HIG,SPG,0.41664430236728606,63,0.000755855700989927,3,0,External
HIG,SRE,0.4346006455264361,63,0.00041625354080350576,3,3,Internal
HIG,TJX,0.4003618803754383,63,0.001262760172289868,3,3,Internal
HIG,TRV,0.8605110279716234,63,3.155293347156584e-19,3,3,Internal
HIG,TSN,0.43283631410133405,63,0.00044203019017059715,3,1,External
HIG,VLTO,0.5053229997320678,63,2.8023640499702913e-05,3,3,Internal
HIG,VTR,0.44335404453065325,63,0.00030745827235591856,3,3,Internal
HIG,WEC,0.4639152815017095,63,0.0001460320347512658,3,3,Internal
HIG,WELL,0.5141482167092665,63,1.9160340031631994e-05,3,3,Internal
HIG,WM,0.6642781041280384,63,3.94822679721367e-09,3,3,Internal
HIG,WRB,0.7993696399310852,63,6.759964826351365e-15,3,3,Internal
HIG,XEL,0.4036415713872036,63,0.0011410920248721176,3,3,Internal
HII,META,0.4021347866771734,63,0.0011956136076332429,7,7,Internal
HII,NCLH,0.5890524913366898,63,4.745759276417545e-07,7,7,Internal
HII,NFLX,-0.41017226114107636,63,0.0009297596769778041,7,18,External
HII,WDC,0.4112391616994615,63,0.0008988114277606574,7,7,Internal
HII,WTW,0.47655822040229306,63,9.020306859876922e-05,7,3,External
HII,XYL,0.6799433533995644,63,1.2201682948581889e-09,7,7,Internal
HLT,HST,0.4924146691861921,63,4.7971107770390836e-05,0,2,External
HLT,JBHT,0.535223981055669,63,7.3955778329552795e-06,0,0,Internal
HLT,MAR,0.7750379143188241,63,1.4344947648446546e-13,0,0,Internal
HLT,MHK,0.4539462930888567,63,0.00021075147608031828,0,0,Internal
HLT,NDSN,0.4193409261536132,63,0.0006925273134329277,0,0,Internal
HLT,OTIS,0.4829209982245609,63,7.027353944808924e-05,0,2,External
HLT,PNR,0.42663431815416436,63,0.0005445829808309122,0,0,Internal
HLT,TXN,0.43868317556771724,63,0.00036177092036007914,0,2,External
HLT,VLTO,0.425396670468293,63,0.0005674670713856732,0,3,External
HLT,WY,0.42224320048357067,63,0.0006297721983877735,0,0,Internal
HOLX,ITW,0.4395641562942347,63,0.00035090224049788804,3,0,External
HOLX,KMB,0.42595325750209706,63,0.0005570699360990611,3,3,Internal
HOLX,MTD,0.4484591464559875,63,0.0002566862802217214,3,0,External
HOLX,PAYX,0.406072555897101,63,0.0010578367644293644,3,1,External
HOLX,PFE,0.4018419788129684,63,0.001206476789176314,3,0,External
HOLX,PHM,0.4014815501506883,63,0.0012199706623122186,3,0,External
HOLX,RVTY,0.44462005732859927,63,0.0002940778767137156,3,0,External
HOLX,ZBH,0.4533650120245908,63,0.0002152338727825207,3,0,External
HON,IBM,0.4238093432917722,63,0.0005980931269223148,2,2,Internal
HON,IFF,0.4069527718528961,63,0.0010290691887458038,2,0,External
HON,ITW,0.430703648149552,63,0.000475122251128533,2,0,External
HON,KEY,0.4063969663949756,63,0.0010471509461468813,2,2,Internal
HON,LKQ,0.7430216800855937,63,4.682928839319615e-12,2,2,Internal
HON,LUV,0.5499727918071868,63,3.6533384683770817e-06,2,2,Internal
HON,LYB,0.5455318669547659,63,4.53360849867264e-06,2,0,External
HON,MGM,0.407713553252292,63,0.0010047755599922954,2,2,Internal
HON,MOH,0.4625712078059736,63,0.00015353773419404215,2,1,External
HON,MPC,0.47381516685114083,63,0.00010030256645593609,2,2,Internal
HON,NCLH,0.40389263776501655,63,0.0011322283383707235,2,7,External
HON,PNC,0.42182129303228943,63,0.0006385625141963208,2,2,Internal
HON,PSX,0.41306958411330297,63,0.0008478759497989283,2,2,Internal
HON,TFC,0.4061311858418814,63,0.0010558982934950167,2,2,Internal
HON,TXT,0.6389443079516508,63,2.291437643389608e-08,2,2,Internal
HON,UNP,0.5952377312666219,63,3.350901785434666e-07,2,2,Internal
HON,WAB,0.5740433947391428,63,1.0722693524271605e-06,2,2,Internal
HON,WST,-0.5107211874387185,63,2.223653446885451e-05,2,3,External
HPE,KEYS,0.48087877540611973,63,7.617751032205278e-05,10,0,External
HPE,NTAP,0.5070501884133489,63,2.6035573822061835e-05,10,10,Internal
HPQ,HST,0.4250841986064853,63,0.0005733809783046673,0,2,External
HPQ,IFF,0.4312982515501421,63,0.000465676610785197,0,0,Internal
HPQ,IP,0.4348498711092764,63,0.00041272478825903736,0,1,External
HPQ,ITW,0.5137725225374241,63,1.9477182939883135e-05,0,0,Internal
HPQ,JBHT,0.4293162015349924,63,0.0004978436735632321,0,0,Internal
HPQ,KEY,0.41744862194356464,63,0.0007364393926916928,0,2,External
HPQ,KEYS,0.5946302835482947,63,3.468532153145577e-07,0,0,Internal
HPQ,LEN,0.45334787185362596,63,0.00021536735893777772,0,0,Internal
HPQ,LOW,0.48863689454367776,63,5.5917351186263345e-05,0,0,Internal
HPQ,LYB,0.4062985130440403,63,0.0010503835861734726,0,0,Internal
HPQ,MAS,0.4538210918862679,63,0.00021170965032679754,0,0,Internal
HPQ,MHK,0.49374563688478224,63,4.542975140128286e-05,0,0,Internal
HPQ,MRK,0.41644369106095414,63,0.0007607700885648445,0,0,Internal
HPQ,MTD,0.5731022654068201,63,1.1269850505170308e-06,0,0,Internal
HPQ,NDSN,0.4742378689329479,63,9.86813182733491e-05,0,0,Internal
HPQ,NVR,0.48314386286107924,63,6.965544769419875e-05,0,0,Internal
HPQ,NXPI,0.4843238604635941,63,6.64655416958101e-05,0,2,External
HPQ,ODFL,0.40886637030218964,63,0.0009689483260602543,0,0,Internal
HPQ,OXY,0.42685866769751984,63,0.0005405256106979235,0,2,External
HPQ,PFE,0.47319952425399003,63,0.0001027076860809242,0,0,Internal
HPQ,PHM,0.4954104883243282,63,4.2426057098555054e-05,0,0,Internal
HPQ,PKG,0.5437220027288066,63,4.946180803855421e-06,0,0,Internal
HPQ,POOL,0.45666611157479636,63,0.00019089156679845284,0,0,Internal
HPQ,PPG,0.44007795050607595,63,0.0003447017870534909,0,0,Internal
HPQ,RVTY,0.45772707334863044,63,0.0001836206828082336,0,0,Internal
HPQ,SBUX,0.457958923638736,63,0.00018206595702817147,0,0,Internal
HPQ,SLB,0.4778903630607974,63,8.564387834506394e-05,0,2,External
HPQ,SW,0.578309260729535,63,8.540514243953224e-07,0,0,Internal
HPQ,SWK,0.4980617273122939,63,3.801935020127978e-05,0,0,Internal
HPQ,SWKS,0.4026614541555938,63,0.0011762956539618792,0,1,External
HPQ,TECH,0.40780859205434344,63,0.001001777374976642,0,0,Internal
HPQ,TMO,0.48373773624566196,63,6.80327891689023e-05,0,0,Internal
HPQ,VTRS,0.42191918022382424,63,0.0006365132135522577,0,0,Internal
HPQ,WAT,0.465265797604867,63,0.0001388308018773109,0,0,Internal
HRL,JBHT,0.42227731997215967,63,0.0006290661459922994,0,0,Internal
HRL,KMB,0.41670945840019324,63,0.0007542657607853881,0,3,External
HRL,MAS,0.40642236344839333,63,0.0010463185102748424,0,0,Internal
HRL,MKC,0.4480839734328102,63,0.00026013871964093797,0,1,External
HRL,OMC,0.4463935289855091,63,0.00027622705994988716,0,0,Internal
HRL,PFE,0.4345631526181472,63,0.0004167867675666401,0,0,Internal
HRL,RMD,0.43506958236716226,63,0.0004096365298689284,0,3,External
HRL,TAP,0.45890157651146324,63,0.00017586817619179095,0,0,Internal
HRL,TECH,0.4118755203658093,63,0.0008807982200464621,0,0,Internal
HRL,TSN,0.5296509175381469,63,9.571853439297033e-06,0,1,External
HSIC,HST,0.45397294812483,63,0.00021054799616587242,3,2,External
HSIC,IQV,0.4462740410097926,63,0.00027739793549556114,3,0,External
HSIC,IT,0.5315734437864472,63,8.761444898322353e-06,3,3,Internal
HSIC,KMB,0.42349801901486184,63,0.0006042728510148318,3,3,Internal
HSIC,MTD,0.4299181579353094,63,0.00048786721649688445,3,0,External
HSIC,NVR,0.4309984847794055,63,0.0004704170374919898,3,0,External
HSIC,OMC,0.40527616372962694,63,0.0010844874075224041,3,0,External
HSIC,PHM,0.41307747490451896,63,0.0008476621378177518,3,0,External
HSIC,POOL,0.44218708412672697,63,0.0003202813774321555,3,0,External
HSIC,PSA,0.4446484442341424,63,0.00029378404595065453,3,1,External
HSIC,RMD,0.48850534054005773,63,5.621479230402579e-05,3,3,Internal
HSIC,RVTY,0.4563274998086731,63,0.00019326702738033498,3,0,External
HSIC,SBAC,0.5300955738071874,63,9.378443523199764e-06,3,3,Internal
HSIC,SO,0.4579466749849361,63,0.0001821477905237546,3,3,Internal
HSIC,TMO,0.42668035379037256,63,0.0005437481769195063,3,0,External
HSIC,VICI,0.405660972789002,63,0.0010715354286763227,3,3,Internal
HSIC,VRTX,0.6041409009204926,63,2.0042709570838146e-07,3,3,Internal
HSIC,WAT,0.4771422733113083,63,8.817735692800495e-05,3,0,External
HSIC,YUM,0.49268302522410523,63,4.744837421569219e-05,3,3,Internal
HSIC,ZBRA,0.5606102514698698,63,2.150621563681995e-06,3,3,Internal
HSIC,ZTS,0.6487430281839406,63,1.1834496029635447e-08,3,3,Internal
HST,IEX,0.40322654508705646,63,0.0011558813213881902,2,0,External
HST,IFF,0.4527667577097415,63,0.0002199380935187623,2,0,External
HST,IP,0.47229255237775886,63,0.0001063476792387339,2,1,External
HST,ITW,0.5950645861302953,63,3.384042780176275e-07,2,0,External
HST,JBHT,0.5363944822325113,63,7.001482812469609e-06,2,0,External
HST,KEY,0.6395679138590545,63,2.1986114620272184e-08,2,2,Internal
HST,KEYS,0.4072611132960321,63,0.0010191599572609749,2,0,External
HST,KIM,0.5377951641092461,63,6.555624615619118e-06,2,1,External
HST,LEN,0.5158919151504371,63,1.7751429097160707e-05,2,0,External
HST,LKQ,0.47065563416178297,63,0.000113218926244835,2,2,Internal
HST,LOW,0.4771984760922832,63,8.79846503125301e-05,2,0,External
HST,LVS,0.42019618561045435,63,0.0006734700765470809,2,2,Internal
HST,LYB,0.4642182595513298,63,0.00014438730463349792,2,0,External
HST,MAR,0.5369481328927791,63,6.8219735049348776e-06,2,0,External
HST,MAS,0.4645525897675348,63,0.00014259211745848232,2,0,External
HST,MGM,0.6753625281334497,63,1.7327850865498566e-09,2,2,Internal
HST,MHK,0.5855762740984396,63,5.752808604091405e-07,2,0,External
HST,MPC,0.48129064068013044,63,7.495125838380805e-05,2,2,Internal
HST,MTB,0.6110513627162311,63,1.3303168322382391e-07,2,2,Internal
HST,MTD,0.411261586875359,63,0.0008981710315027874,2,0,External
HST,NDSN,0.5825138857974188,63,6.803039463908084e-07,2,0,External
HST,NUE,0.44175881553067814,63,0.0003251084523970902,2,0,External
HST,NVR,0.49524212627557873,63,4.272124847676942e-05,2,0,External
HST,NXPI,0.42340219281270364,63,0.00060618660384254,2,2,Internal
HST,ODFL,0.4022107192107407,63,0.0011928109257933193,2,0,External
HST,OMC,0.4843796949244136,63,6.631799513266834e-05,2,0,External
HST,OXY,0.40396040396719124,63,0.0011298465643038923,2,2,Internal
HST,PCAR,0.6007707864327553,63,2.439182429274959e-07,2,0,External
HST,PH,0.42330304156626053,63,0.0006081725459556222,2,0,External
HST,PHM,0.5120001991603693,63,2.1038515614360575e-05,2,0,External
HST,PKG,0.469529177983688,63,0.00011818192888324694,2,0,External
HST,PLD,0.4732960662052694,63,0.0001023270541934603,2,1,External
HST,PNC,0.631309075859567,63,3.7736537666581045e-08,2,2,Internal
HST,PNR,0.4758642833698145,63,9.266554434592272e-05,2,0,External
HST,POOL,0.4761454880661462,63,9.166031217076054e-05,2,0,External
HST,PSA,0.4605222309167194,63,0.00016566278880947974,2,1,External
HST,PSX,0.528432336137966,63,1.012108920232895e-05,2,2,Internal
HST,RCL,0.44185515571470896,63,0.00032401684118908296,2,2,Internal
HST,RF,0.5574579535168475,63,2.5210995065264005e-06,2,2,Internal
HST,RVTY,0.4326030927041935,63,0.00044554405050087066,2,0,External
HST,SLB,0.6049542855281977,63,1.9108392399208756e-07,2,2,Internal
HST,SW,0.5096567674649202,63,2.3281459065787462e-05,2,0,External
HST,SWK,0.5452319870618104,63,4.59967021512082e-06,2,0,External
HST,SYF,0.402034905106072,63,0.0011993092805201722,2,2,Internal
HST,TECH,0.41867255086454547,63,0.0007077588546673216,2,0,External
HST,TFC,0.6134474974411123,63,1.1514264307108589e-07,2,2,Internal
HST,TGT,0.47534288977050704,63,9.455627908334303e-05,2,0,External
HST,TMO,0.4295777509751352,63,0.0004934863599446891,2,0,External
HST,TROW,0.45649878695351387,63,0.0001920620355954276,2,2,Internal
HST,TXT,0.4770207564914193,63,8.859533950974363e-05,2,2,Internal
HST,USB,0.6189843046280749,63,8.209090172648794e-08,2,2,Internal
HST,VICI,0.5774986290603852,63,8.92011023728227e-07,2,3,External
HST,VLO,0.46532721345067474,63,0.00013851120371586944,2,2,Internal
HST,WY,0.5006802791665718,63,3.408598487406531e-05,2,0,External
HST,WYNN,0.48484944886029746,63,6.508854389232373e-05,2,2,Internal
HST,XOM,0.4428640613449267,63,0.0003127842743754171,2,2,Internal
HST,ZTS,0.4582952641302932,63,0.0001798319778235303,2,3,External
HSY,MCD,0.4035491756384492,63,0.001144369680538949,1,3,External
HSY,MDLZ,0.46723567639421687,63,0.0001289101119187946,1,1,Internal
HSY,SYY,0.4548582072520984,63,0.00020389136355294273,1,1,Internal
HUBB,MAS,0.4646273856167594,63,0.00014219331507740428,0,0,Internal
HUBB,NDSN,0.44266299710687484,63,0.00031499404744532444,0,0,Internal
HUBB,PH,0.4871177093097783,63,5.9442378831000645e-05,0,0,Internal
HUBB,PNR,0.526419719292027,63,1.1092847141610943e-05,0,0,Internal
HUBB,POOL,0.42780341826535756,63,0.0005237391629630717,0,0,Internal
HUBB,ROK,0.4700882689857344,63,0.00011569419727479237,0,0,Internal
HUBB,SNA,0.5147974330300267,63,1.8624070700514653e-05,0,0,Internal
HUBB,SWK,0.4987036908875944,63,3.701799316543134e-05,0,0,Internal
HUBB,TECH,0.4654510608260792,63,0.00013786877495853596,0,0,Internal
HUBB,URI,0.4948672397971202,63,4.338537482416147e-05,0,0,Internal
HUM,TER,0.4963751763645583,63,4.077069609255187e-05,8,8,Internal
HWM,JBHT,-0.4369937048737157,63,0.0003834763418837283,7,0,External
HWM,KLAC,0.4416728886595058,63,0.00032608490117348607,7,7,Internal
HWM,MAS,-0.417082075382941,63,0.0007452311474441725,7,0,External
HWM,NCLH,-0.44708963403905805,63,0.0002694951223080318,7,7,Internal
HWM,ODFL,-0.48432996758749336,63,6.644938845233172e-05,7,0,External
HWM,PWR,0.4813665630206615,63,7.472720915252835e-05,7,7,Internal
HWM,RTX,0.4313680689124585,63,0.000464578793158984,7,7,Internal
HWM,SPGI,-0.42103351842294484,63,0.0006552738326666371,7,3,External
HWM,XYL,-0.41029666228077394,63,0.0009261022007674065,7,7,Internal
IBM,LKQ,0.47346571025873596,63,0.0001016613470074075,2,2,Internal
IBM,MPC,0.41549435086893344,63,0.0007844205588606413,2,2,Internal
IBM,TMUS,-0.45084910105808895,63,0.0002356582676786519,2,3,External
IBM,TXT,0.4083425840172536,63,0.0009850811232384583,2,2,Internal
IBM,UNP,0.4404284782801897,63,0.0003405291172305122,2,2,Internal
IBM,URI,-0.41310116686311543,63,0.000847020463970053,2,0,External
IBM,VLO,0.43324272064481756,63,0.0004359671956955583,2,2,Internal
IBM,WAB,0.43841941016396807,63,0.00036508416002862246,2,2,Internal
IBM,WST,-0.4995767729746031,63,3.5695255150483325e-05,2,3,External
ICE,KEYS,-0.43016993779943996,63,0.00048374853037787556,3,0,External
ICE,LNT,0.4157387748779637,63,0.0007782686008541513,3,3,Internal
ICE,MCO,0.5451528633960243,63,4.617249870348201e-06,3,3,Internal
ICE,NDAQ,0.5669712100318538,63,1.5527310956262007e-06,3,3,Internal
ICE,ORLY,0.5682647468837145,63,1.4519963196960628e-06,3,3,Internal
ICE,ROL,0.5924717780592811,63,3.9186951706931246e-07,3,3,Internal
ICE,SPGI,0.42283181990103974,63,0.0006176917400312028,3,3,Internal
ICE,WELL,0.4175034280341584,63,0.0007351329470592984,3,3,Internal
ICE,WM,0.4625719229725803,63,0.000153533648097106,3,3,Internal
IDXX,ON,-0.5509904268670991,63,3.4754928770638492e-06,3,2,External
IDXX,RMD,0.5465806516167572,63,4.309466898838609e-06,3,3,Internal
IDXX,ZTS,0.46314717300555236,63,0.00015027907967169775,3,3,Internal
IEX,IFF,0.6271122975982379,63,4.935753095566238e-08,0,0,Internal
IEX,INVH,0.4273859268194009,63,0.0005310979351700352,0,1,External
IEX,ITW,0.6725284090986445,63,2.14606394603297e-09,0,0,Internal
IEX,J,0.4262895198813166,63,0.0005508725924434662,0,0,Internal
IEX,JBHT,0.5679972519618391,63,1.4723115328878241e-06,0,0,Internal
IEX,KEY,0.4323340716890162,63,0.00044962883297907963,0,2,External
IEX,LEN,0.5215735016625997,63,1.3800059858365089e-05,0,0,Internal
IEX,LOW,0.43108030223283467,63,0.0004691188659222956,0,0,Internal
IEX,LYB,0.5545793341635569,63,2.9107719069927807e-06,0,0,Internal
IEX,MAA,0.418286284165741,63,0.0007166991382676708,0,1,External
IEX,MAR,0.4666196301162393,63,0.000131940356123306,0,0,Internal
IEX,MAS,0.5623675587057472,63,1.9668677386349433e-06,0,0,Internal
IEX,MDLZ,0.6126272029865655,63,1.2099463460174147e-07,0,1,External
IEX,MET,0.4223048605014425,63,0.0006284967589254449,0,3,External
IEX,MHK,0.6422518786325527,63,1.838175676787644e-08,0,0,Internal
IEX,MKC,0.4277956437650541,63,0.0005238753471189682,0,1,External
IEX,MMM,0.5347272121174597,63,7.569001272682888e-06,0,0,Internal
IEX,MPC,0.44254142455182677,63,0.00031633707591896093,0,2,External
IEX,MTD,0.41704052630157484,63,0.0007462336878725387,0,0,Internal
IEX,NDSN,0.6380115300262083,63,2.437228253993421e-08,0,0,Internal
IEX,NFLX,-0.44092049510288256,63,0.00033474982760918026,0,18,External
IEX,NVR,0.509432114640433,63,2.3507736266375372e-05,0,0,Internal
IEX,NXPI,0.45945969843705675,63,0.00017229035616446182,0,2,External
IEX,ODFL,0.792930875743703,63,1.5781239016165373e-14,0,0,Internal
IEX,PCAR,0.453689683756474,63,0.0002127196130852767,0,0,Internal
IEX,PFE,0.47212042165443036,63,0.000107051748988752,0,0,Internal
IEX,PFG,0.5630993817662787,63,1.8947675887715403e-06,0,3,External
IEX,PHM,0.5055825156585886,63,2.7716211720372134e-05,0,0,Internal
IEX,PNR,0.5992960989147038,63,2.656174799726069e-07,0,0,Internal
IEX,POOL,0.5380237206842269,63,6.485433930431293e-06,0,0,Internal
IEX,PPG,0.7305789412686989,63,1.5854497915418903e-11,0,0,Internal
IEX,PSX,0.47149370953037234,63,0.00010965156691688549,0,2,External
IEX,RSG,0.41082739112607203,63,0.0009106439176564847,0,3,External
IEX,RVTY,0.5304257101348735,63,9.237205625475976e-06,0,0,Internal
IEX,SHW,0.44630847686130354,63,0.00027706003086451004,0,0,Internal
IEX,SLB,0.5309805161170279,63,9.004301439925667e-06,0,2,External
IEX,SNA,0.45640054028544724,63,0.00019275234918086155,0,0,Internal
IEX,SPG,0.5169652564720978,63,1.6932642187162036e-05,0,0,Internal
IEX,SWK,0.4750566709690071,63,9.560922639450591e-05,0,0,Internal
IEX,TAP,0.46185010781870894,63,0.00015770886217124835,0,0,Internal
IEX,TT,0.5717346778758221,63,1.211175571126614e-06,0,3,External
IEX,UDR,0.47776594151218654,63,8.606054277381247e-05,0,1,External
IEX,UPS,0.42224194194242676,63,0.0006297982557701297,0,0,Internal
IEX,VLO,0.40505494348344934,63,0.0010919969978354601,0,2,External
IEX,VRSK,0.45658515559118384,63,0.0001914570517385605,0,3,External
IEX,WY,0.553597164463096,63,3.0561305118032143e-06,0,0,Internal
IFF,INVH,0.46525135843986837,63,0.00013890603917145482,0,1,External
IFF,ITW,0.5278340503373824,63,1.0401351164459784e-05,0,0,Internal
IFF,JBHT,0.5232524274213068,63,1.2799405173852508e-05,0,0,Internal
IFF,KEY,0.5344527699763124,63,7.666427010354192e-06,0,2,External
IFF,KIM,0.4152076929803187,63,0.0007916915329029469,0,1,External
IFF,LEN,0.5197406051534281,63,1.497520386341865e-05,0,0,Internal
IFF,LKQ,0.4416158423078876,63,0.00032673463631364546,0,2,External
IFF,LOW,0.4679104372962276,63,0.0001256644896673668,0,0,Internal
IFF,LYB,0.6912475016510345,63,4.99570569236782e-10,0,0,Internal
IFF,MAA,0.42163456017232714,63,0.0006424884224598098,0,1,External
IFF,MAR,0.448632722161965,63,0.0002551032015805729,0,0,Internal
IFF,MAS,0.5558551847921872,63,2.7315892284557555e-06,0,0,Internal
IFF,MDLZ,0.4572375571961982,63,0.00018694326891751298,0,1,External
IFF,MHK,0.5804394045226821,63,7.613993116044953e-07,0,0,Internal
IFF,MKC,0.44126187793167265,63,0.0003307926096505016,0,1,External
IFF,MLM,0.40303417702724476,63,0.0011627946536048204,0,0,Internal
IFF,MOS,0.5133002449756363,63,1.988237715043735e-05,0,2,External
IFF,MPC,0.5446551384232291,63,4.729280032219548e-06,0,2,External
IFF,MRK,0.46612727604415627,63,0.0001344090483905746,0,0,Internal
IFF,MRNA,0.4387012093175427,63,0.00036154539655916084,0,0,Internal
IFF,MTD,0.527655004297756,63,1.048661723254223e-05,0,0,Internal
IFF,NDSN,0.5806027258384394,63,7.546996457086716e-07,0,0,Internal
IFF,NFLX,-0.5971946373454441,63,2.996952985268232e-07,0,18,External
IFF,NUE,0.40500329224247056,63,0.0010937570967046284,0,0,Internal
IFF,NVR,0.5160100879793142,63,1.7659514509776982e-05,0,0,Internal
IFF,NXPI,0.45905681566947126,63,0.00017486624750938503,0,2,External
IFF,ODFL,0.5431248889311816,63,5.089808279900108e-06,0,0,Internal
IFF,OMC,0.4701765541725612,63,0.00011530579244696557,0,0,Internal
IFF,PCAR,0.49728269104440304,63,3.9268153329855395e-05,0,0,Internal
IFF,PFE,0.5157515449698422,63,1.7861185755563855e-05,0,0,Internal
IFF,PHM,0.48753056963444935,63,5.846464736349492e-05,0,0,Internal
IFF,PKG,0.4390011652870205,63,0.00035781298889519435,0,0,Internal
IFF,PLD,0.4688576432408389,63,0.00012123492834213748,0,1,External
IFF,PNC,0.43061767842486404,63,0.0004765022503706719,0,2,External
IFF,PNR,0.5541434388920604,63,2.9744668302263257e-06,0,0,Internal
IFF,POOL,0.521195693489472,63,1.4035037500885019e-05,0,0,Internal
IFF,PPG,0.6395004076505069,63,2.208485690116662e-08,0,0,Internal
IFF,PSX,0.47584143091881825,63,9.274767990533124e-05,0,2,External
IFF,RF,0.48411657529912466,63,6.701595947240159e-05,0,2,External
IFF,ROK,0.5811563223730538,63,7.32399645445129e-07,0,0,Internal
IFF,RVTY,0.5384160883484608,63,6.366567332972838e-06,0,0,Internal
IFF,SHW,0.48308904231554217,63,6.98070202267341e-05,0,0,Internal
IFF,SLB,0.5140371203715604,63,1.92535318169982e-05,0,2,External
IFF,SPG,0.5931654431078379,63,3.768363020138839e-07,0,0,Internal
IFF,STZ,0.4052702725409886,63,0.0010846867862612847,0,0,Internal
IFF,SW,0.4851075249861833,63,6.442208101390651e-05,0,0,Internal
IFF,SWK,0.5373250937360918,63,6.702216594843294e-06,0,0,Internal
IFF,TAP,0.4540073520523692,63,0.00021028562834507708,0,0,Internal
IFF,TECH,0.5177757381978817,63,1.6337764985511632e-05,0,0,Internal
IFF,TFC,0.48703310394871485,63,5.964459373633485e-05,0,2,External
IFF,TMO,0.48135171147559414,63,7.477098791799514e-05,0,0,Internal
IFF,TXT,0.4235207118231689,63,0.0006038204543135093,0,2,External
IFF,UDR,0.4375798102108021,63,0.0003758155515217436,0,1,External
IFF,UPS,0.42997531905527114,63,0.00048692937254607156,0,0,Internal
IFF,VLO,0.40271547356870285,63,0.0011743302229100076,0,2,External
IFF,WY,0.5573104516297838,63,2.5398176243097225e-06,0,0,Internal
INCY,INVH,0.4263722960288937,63,0.0005493566520460023,1,1,Internal
INCY,JCI,-0.5370876043728221,63,6.7774341948466245e-06,1,3,External
INCY,KIM,0.41805565971297376,63,0.0007220856501054648,1,1,Internal
INCY,KO,0.4042214572353213,63,0.001120713472065997,1,3,External
INCY,PSA,0.4100500891649243,63,0.000933364302675254,1,1,Internal
INCY,REG,0.40989361289855586,63,0.0009379994873659599,1,1,Internal
INCY,RMD,0.4008674564012907,63,0.0012432745433643027,1,3,External
INCY,WM,0.4025079031845383,63,0.0011818986075677461,1,3,External
INCY,ZTS,0.48486520407311745,63,6.504767566048183e-05,1,3,External
INTC,MCO,-0.4543176110563268,63,0.0002079330419292443,15,3,External
INTC,NDAQ,-0.5963095811050924,63,3.1524398951037274e-07,15,3,External
INTC,SPGI,-0.5368520235692809,63,6.852823982785923e-06,15,3,External
INTU,NOW,0.40878866118538115,63,0.0009713266299038505,1,1,Internal
INVH,IQV,0.4095979350336284,63,0.0009468149163043909,1,0,External
INVH,IRM,0.4706635355556975,63,0.0001131848007423148,1,1,Internal
INVH,ITW,0.422446179674861,63,0.0006255823967931864,1,0,External
INVH,JBHT,0.41473685457888293,63,0.0008037665588669285,1,0,External
INVH,JKHY,0.4158528793737228,63,0.0007754116528152023,1,1,Internal
INVH,JNJ,0.423935010672178,63,0.0005956149361434455,1,3,External
INVH,KHC,0.5808795369338595,63,7.434706636594798e-07,1,1,Internal
INVH,KIM,0.6649011796872961,63,3.773079027109959e-09,1,1,Internal
INVH,KMB,0.42346797709694955,63,0.0006048722301073195,1,3,External
INVH,KO,0.4838747626298487,63,6.766337033661259e-05,1,3,External
INVH,L,0.4310144142276179,63,0.00047016403426725637,1,3,External
INVH,LIN,0.4543170806809325,63,0.00020793704294473276,1,3,External
INVH,LNT,0.4834021546629279,63,6.894537420121572e-05,1,3,External
INVH,LOW,0.40591347991583426,63,0.0010631124370911323,1,0,External
INVH,LYB,0.44084079691346173,63,0.00033567986036250267,1,0,External
INVH,MAA,0.8103447935259679,63,1.4810720757555805e-15,1,1,Internal
INVH,MHK,0.43740060434668476,63,0.00037814296434923603,1,0,External
INVH,MKC,0.6024515790247629,63,2.2122346126387996e-07,1,1,Internal
INVH,MTD,0.4459662123025837,63,0.0002804352909547329,1,0,External
INVH,NVDA,-0.4396867017161773,63,0.0003494142043712256,1,7,External
INVH,O,0.5199813404092798,63,1.481572511215461e-05,1,3,External
INVH,OMC,0.49449486649551533,63,4.405448446619411e-05,1,0,External
INVH,PAYX,0.6100462649223062,63,1.4128920772056733e-07,1,1,Internal
INVH,PEP,0.4404774300082541,63,0.000339950076431673,1,1,Internal
INVH,PFE,0.49148164091732494,63,4.983024963586133e-05,1,0,External
INVH,PHM,0.4096230876305572,63,0.0009460621092314273,1,0,External
INVH,PLD,0.6690643790371689,63,2.7785756274670447e-09,1,1,Internal
INVH,PNW,0.5074667856006078,63,2.5576030049017728e-05,1,3,External
INVH,PPG,0.4561450647079332,63,0.00019455805445250997,1,0,External
INVH,PSA,0.692512798515358,63,4.5091303870325826e-10,1,1,Internal
INVH,REG,0.5745924835221862,63,1.0415071580466044e-06,1,1,Internal
INVH,RSG,0.4338980977877567,63,0.0004263491238316287,1,3,External
INVH,RVTY,0.4870930092235109,63,5.950134892094032e-05,1,0,External
INVH,SHW,0.4335757323229907,63,0.0004310556464423056,1,0,External
INVH,SO,0.4411475758155593,63,0.00033211279327215854,1,3,External
INVH,SPG,0.5853883846062162,63,5.812586343822911e-07,1,0,External
INVH,STZ,0.47735533213510656,63,8.744887548228966e-05,1,0,External
INVH,SYK,0.4857263037854189,63,6.284968307734131e-05,1,1,Internal
INVH,TAP,0.425197879780491,63,0.0005712229837041909,1,0,External
INVH,TECH,0.4120868141866592,63,0.0008748897144402233,1,0,External
INVH,TRV,0.45349254790840593,63,0.00021424300924385362,1,3,External
INVH,TSN,0.5052822019034954,63,2.80722569264668e-05,1,1,Internal
INVH,UDR,0.8642854783915181,63,1.4662827362596082e-19,1,1,Internal
INVH,VICI,0.43007803640510883,63,0.0004852482028311073,1,3,External
INVH,WM,0.47590432510161457,63,9.252178899702256e-05,1,3,External
INVH,WY,0.5291852273390997,63,9.77838778753043e-06,1,0,External
INVH,ZBH,0.4075118678578384,63,0.0010111649530731225,1,0,External
INVH,ZTS,0.4213273882765353,63,0.0006489940807819378,1,3,External
IP,KHC,0.4129005267497426,63,0.0008524685194191695,1,1,Internal
IP,KIM,0.4143516922186999,63,0.0008137679299233356,1,1,Internal
IP,LVS,0.43331116241381007,63,0.0004349536194333452,1,2,External
IP,MAA,0.46068242519269953,63,0.00016468410069122146,1,1,Internal
IP,META,-0.636485533643206,63,2.6948028444953987e-08,1,7,External
IP,MGM,0.49272368712940706,63,4.736962913595092e-05,1,2,External
IP,MHK,0.40103616667795916,63,0.0012368326752765898,1,0,External
IP,MRK,0.6116343076537339,63,1.2845304325590204e-07,1,0,External
IP,MRNA,0.47342876592322686,63,0.00010180598158705409,1,0,External
IP,MSFT,-0.6208332843919,63,7.321302027597441e-08,1,7,External
IP,MTD,0.4168903276812363,63,0.0007498680296903272,1,0,External
IP,PFE,0.41803588788694757,63,0.0007225491463381625,1,0,External
IP,PKG,0.6368855101081508,63,2.6249085756285308e-08,1,0,External
IP,PSA,0.5679510165064212,63,1.4758498120253025e-06,1,1,Internal
IP,QCOM,0.5348643591261748,63,7.52074807963356e-06,1,1,Internal
IP,RVTY,0.42906935778626126,63,0.0005019880302786797,1,0,External
IP,SBUX,0.4272527484959801,63,0.0005334650340347637,1,0,External
IP,SLB,0.43112699563027923,63,0.00046837945715128514,1,2,External
IP,SW,0.7611754721229087,63,6.935340531579331e-13,1,0,External
IP,TECH,0.4203255673350969,63,0.0006706288841082801,1,0,External
IP,TFC,0.4290934708401417,63,0.0005015818097619542,1,2,External
IP,TGT,0.45459917280718676,63,0.00020581893208417306,1,0,External
IP,TMO,0.4130348267950949,63,0.0008488183280913167,1,0,External
IP,TYL,-0.45859458187325736,63,0.00017786505372715836,1,3,External
IP,VTRS,0.46929541263391633,63,0.00011923658803915239,1,0,External
IP,WDC,-0.43634688149256273,63,0.00039209563686452967,1,7,External
IP,WY,0.41013130628741223,63,0.0009309666273820613,1,0,External
IP,XYL,-0.5835880827581117,63,6.415693522992131e-07,1,7,External
IP,ZBH,0.4309236627116436,63,0.0004716070734574906,1,0,External
IQV,ITW,0.43948518072208553,63,0.00035186427777548677,0,0,Internal
IQV,JBHT,0.42039168202842475,63,0.0006691812173661094,0,0,Internal
IQV,KHC,0.48133333648684434,63,7.482518565288569e-05,0,1,External
IQV,LEN,0.497777247030717,63,3.847105385425714e-05,0,0,Internal
IQV,LH,0.5330267539328348,63,8.191737278192963e-06,0,3,External
IQV,LMT,-0.6489598317078407,63,1.1659601435771297e-08,0,7,External
IQV,LW,0.4352760594996718,63,0.0004067534765166316,0,0,Internal
IQV,MAA,0.48176808706166846,63,7.355252739379392e-05,0,1,External
IQV,MDT,0.4101738496181294,63,0.0009297128926118404,0,0,Internal
IQV,MHK,0.46521567910342676,63,0.000139092111879148,0,0,Internal
IQV,MRK,0.47146624621663114,63,0.0001097668106745723,0,0,Internal
IQV,MRNA,0.4997297050850038,63,3.546811087152758e-05,0,0,Internal
IQV,MSCI,-0.40055861287473754,63,0.001255145396326441,0,7,External
IQV,MTD,0.7063418008187855,63,1.4207100375865275e-10,0,0,Internal
IQV,NFLX,-0.41424271096777865,63,0.0008166181579730662,0,18,External
IQV,NOC,0.6709267351193311,63,2.4193382291836925e-09,0,0,Internal
IQV,NVR,0.5627462582845042,63,1.929243191513155e-06,0,0,Internal
IQV,OMC,0.5905504315393675,63,4.365063585989662e-07,0,0,Internal
IQV,PCAR,0.6156749492063786,63,1.0056866082831667e-07,0,0,Internal
IQV,PEP,0.4303356366476293,63,0.00048105525064154027,0,1,External
IQV,PFE,0.559294509446969,63,2.298587418392791e-06,0,0,Internal
IQV,PG,0.4346521455509929,63,0.0004155221159423211,0,1,External
IQV,PHM,0.6146255109517206,63,1.0720372497258605e-07,0,0,Internal
IQV,PM,-0.6056726254694897,63,1.8317502759120752e-07,0,7,External
IQV,POOL,0.5731877672085883,63,1.1219080627513994e-06,0,0,Internal
IQV,PSA,0.40559585763143396,63,0.00107371723802197,0,1,External
IQV,RVTY,0.6317884470957271,63,3.658755105784926e-08,0,0,Internal
IQV,SJM,0.40789528918831275,63,0.0009990493862123678,0,0,Internal
IQV,STZ,0.5238624393958401,63,1.2452853817917217e-05,0,0,Internal
IQV,SWK,0.5080326716739538,63,2.4963841721405064e-05,0,0,Internal
IQV,SYK,0.4257545611731142,63,0.0005607616026882005,0,1,External
IQV,TECH,0.6837032420954108,63,9.106297034741132e-10,0,0,Internal
IQV,TGT,0.4779551507217779,63,8.542765275756181e-05,0,0,Internal
IQV,TMO,0.6930849354820271,63,4.304223424711016e-10,0,0,Internal
IQV,UDR,0.4296214948488175,63,0.0004927609957476317,0,1,External
IQV,UPS,0.41328002976069517,63,0.0008421902854599782,0,0,Internal
IQV,VTRS,0.4767451225161356,63,8.955020968555425e-05,0,0,Internal
IQV,WAT,0.41087097052381044,63,0.0009093850134946546,0,0,Internal
IQV,WY,0.5049099011668606,63,2.8519529816511954e-05,0,0,Internal
IQV,ZBH,0.5216651639643473,63,1.3743604300459465e-05,0,0,Internal
IQV,ZTS,0.43017473321056054,63,0.0004836703932862614,0,3,External
IR,ITW,0.47255753032254144,63,0.0001052721528947616,0,0,Internal
IR,LYB,0.45159962448749424,63,0.00022938733026956433,0,0,Internal
IR,MPC,0.4423420543320984,63,0.0003185508570478043,0,2,External
IR,MTD,0.45838461076755077,63,0.00017924277267748382,0,0,Internal
IR,NDSN,0.5007196369798471,63,3.4029848297448544e-05,0,0,Internal
IR,PH,0.4801738571676093,63,7.831924898794683e-05,0,0,Internal
IR,PNC,0.42325119243095183,63,0.0006092134019099795,0,2,External
IR,SYK,0.42411001290537614,63,0.0005921793660497253,0,1,External
IR,TFC,0.41416931736328916,63,0.0008185427317498387,0,2,External
IR,WYNN,0.40856900714682326,63,0.0009780777062964095,0,2,External
IRM,MTCH,-0.402018523215524,63,0.0011999164001851408,1,1,Internal
IRM,NRG,0.43720018708397135,63,0.0003807614033807367,1,2,External
IRM,PH,0.42125775400228493,63,0.0006504771557114605,1,0,External
IRM,UDR,0.49428542446367785,63,4.443500431731071e-05,1,1,Internal
ISRG,QCOM,0.4018844587817717,63,0.0012048952906776361,3,1,External
ISRG,RMD,0.41759141648220205,63,0.0007330399006750305,3,3,Internal
IT,JKHY,0.42122138552161675,63,0.0006512529541569462,3,1,External
IT,LDOS,-0.5367853551155737,63,6.874300452510701e-06,3,0,External
IT,SBAC,0.41229511326277224,63,0.0008691000281643197,3,3,Internal
IT,TDG,0.6439881494979778,63,1.635601413076606e-08,3,3,Internal
IT,VRTX,0.8335344186296295,63,4.2219257179991915e-17,3,3,Internal
IT,YUM,0.5446755674184903,63,4.724632298697561e-06,3,3,Internal
IT,ZBRA,0.5801255924909875,63,7.744292554484135e-07,3,3,Internal
IT,ZTS,0.4125421235322361,63,0.0008622792431199397,3,3,Internal
ITW,J,0.5261632819015191,63,1.1222714717172698e-05,0,0,Internal
ITW,JBHT,0.690122860552133,63,5.469716239494663e-10,0,0,Internal
ITW,KEY,0.4855833396253453,63,6.320979619879407e-05,0,2,External
ITW,KIM,0.48355514199858995,63,6.852794772577025e-05,0,1,External
ITW,KMB,0.4355493760335739,63,0.0004029655475142783,0,3,External
ITW,LDOS,0.40010834463153194,63,0.001272634879034566,0,0,Internal
ITW,LEN,0.6330609765470238,63,3.3695662978649345e-08,0,0,Internal
ITW,LKQ,0.44382552992515734,63,0.000302411588890967,0,2,External
ITW,LOW,0.6262683481579685,63,5.2070318574888777e-08,0,0,Internal
ITW,LVS,0.40253665750675394,63,0.0011808475599566328,0,2,External
ITW,LYB,0.5620036862067598,63,2.0036651712585512e-06,0,0,Internal
ITW,MAR,0.4623576452494087,63,0.00015476239357721283,0,0,Internal
ITW,MAS,0.7798690637719604,63,8.06682383709814e-14,0,0,Internal
ITW,MET,0.4193926625518222,63,0.0006913607691726944,0,3,External
ITW,MGM,0.47487258447293806,63,9.629213680769509e-05,0,2,External
ITW,MHK,0.7026604234372065,63,1.9445351379727097e-10,0,0,Internal
ITW,MKC,0.4260169690633318,63,0.0005558908899858892,0,1,External
ITW,MMM,0.5550945996813056,63,2.83712381908834e-06,0,0,Internal
ITW,MRK,0.4053451820110779,63,0.0010821540430066136,0,0,Internal
ITW,MTCH,0.4600464777361081,63,0.0001686008640113741,0,1,External
ITW,MTD,0.574845505486031,63,1.0276121240243063e-06,0,0,Internal
ITW,NDSN,0.7491401601106871,63,2.505214731742994e-12,0,0,Internal
ITW,NFLX,-0.5168787700194154,63,1.6997295241260147e-05,0,18,External
ITW,NUE,0.4444758138285931,63,0.0002955750792786401,0,0,Internal
ITW,NVDA,-0.43744129606622967,63,0.00037761333685839616,0,7,External
ITW,NVR,0.643084860515806,63,1.7381966917523806e-08,0,0,Internal
ITW,NWS,0.4011780212814149,63,0.0012314395015241744,0,4,External
ITW,NWSA,0.4313052007961281,63,0.0004655672343050734,0,4,External
ITW,ODFL,0.6998902977128114,63,2.454889996894331e-10,0,0,Internal
ITW,OMC,0.587773240286912,63,5.095356272089415e-07,0,0,Internal
ITW,PCAR,0.6864815037888958,63,7.315197147027142e-10,0,0,Internal
ITW,PFE,0.5404664566529884,63,5.777762972006499e-06,0,0,Internal
ITW,PFG,0.5854117136109034,63,5.805132543745377e-07,0,3,External
ITW,PG,0.4051880327896716,63,0.001087473523319921,0,1,External
ITW,PH,0.4182925889354955,63,0.0007165523950013372,0,0,Internal
ITW,PHM,0.6696552923029147,63,2.6594456798016224e-09,0,0,Internal
ITW,PKG,0.57566736156297,63,9.83668655118103e-07,0,0,Internal
ITW,PLD,0.5232650058604835,63,1.2792169657447881e-05,0,1,External
ITW,PNC,0.503248999805251,63,3.059646909931106e-05,0,2,External
ITW,PNR,0.7101188799275753,63,1.0244010665007406e-10,0,0,Internal
ITW,PNW,0.43726838335030865,63,0.00037986857563152026,0,3,External
ITW,POOL,0.722024117841442,63,3.52920379400836e-11,0,0,Internal
ITW,PPG,0.701268165373194,63,2.186907786163033e-10,0,0,Internal
ITW,PRU,0.532658612304709,63,8.332694336161111e-06,0,3,External
ITW,ROK,0.45852632582766106,63,0.00017831184556573888,0,0,Internal
ITW,RVTY,0.5751172953570924,63,1.0128801765743709e-06,0,0,Internal
ITW,SHW,0.6439537308979218,63,1.6394033720408343e-08,0,0,Internal
ITW,SLB,0.6058698544403777,63,1.8105809832318388e-07,0,2,External
ITW,SNA,0.49051658822815036,63,5.182303551112202e-05,0,0,Internal
ITW,SPG,0.550595713137219,63,3.54349189019119e-06,0,0,Internal
ITW,SW,0.5146339990357567,63,1.875774340279454e-05,0,0,Internal
ITW,SWK,0.713968645850128,63,7.300786075567529e-11,0,0,Internal
ITW,TAP,0.5156930023671144,63,1.7907146602807005e-05,0,0,Internal
ITW,TECH,0.4069961605623371,63,0.001027669563947928,0,0,Internal
ITW,TFC,0.5431487758777099,63,5.083988670993163e-06,0,2,External
ITW,TGT,0.4996987416560515,63,3.551399142025238e-05,0,0,Internal
ITW,TMO,0.49340899090866813,63,4.606051595901269e-05,0,0,Internal
ITW,TROW,0.42402320987486786,63,0.0005938811932784417,0,2,External
ITW,TSN,0.4881303154584614,63,5.707075107789707e-05,0,1,External
ITW,TXT,0.5340823237423852,63,7.799787171256122e-06,0,2,External
ITW,UDR,0.44598872523750865,63,0.00028021213012290985,0,1,External
ITW,UPS,0.43620012066725955,63,0.0003940756999897672,0,0,Internal
ITW,VICI,0.42329709607529414,63,0.000608291817999744,0,3,External
ITW,VMC,0.4569966502161511,63,0.00018859856046883147,0,0,Internal
ITW,WAT,0.4768451510543348,63,8.920259422326035e-05,0,0,Internal
ITW,WTW,0.41853818519536395,63,0.0007108572773136127,0,3,External
ITW,WY,0.6713519704750682,63,2.3437309323525008e-09,0,0,Internal
ITW,WYNN,0.46159490249897567,63,0.00015920979304370392,0,2,External
ITW,ZBH,0.4393629365085834,63,0.00035335813094952045,0,0,Internal
IVZ,KEY,0.41372411712023854,63,0.0008303052014950679,2,2,Internal
IVZ,MLM,0.42528205302709765,63,0.0005696298858553432,2,0,External
IVZ,NFLX,-0.5497950206123835,63,3.685265334871371e-06,2,18,External
IVZ,RF,0.7573168760783788,63,1.0553607885291202e-12,2,2,Internal
IVZ,USB,0.40542777828774496,63,0.0010793675834564558,2,2,Internal
J,LDOS,0.7093773953099111,63,1.0927734571892916e-10,0,0,Internal
J,MAS,0.4702289241240009,63,0.00011507596092959256,0,0,Internal
J,MHK,0.4340147836242025,63,0.0004246570741266793,0,0,Internal
J,MLM,0.41802343155377475,63,0.0007228412891828531,0,0,Internal
J,MMC,0.4099025712531052,63,0.0009377335606529779,0,3,External
J,MMM,0.406562626228087,63,0.001041731874078807,0,0,Internal
J,MRK,0.4225980617783428,63,0.0006224638647930513,0,0,Internal
J,MTD,0.42712600105440685,63,0.0005357267238911993,0,0,Internal
J,NDSN,0.4508318448432528,63,0.00023580427650395007,0,0,Internal
J,NFLX,-0.4601750731359748,63,0.00016780203200619792,0,18,External
J,PCAR,0.4234481650095094,63,0.0006052678044876472,0,0,Internal
J,PFE,0.5459853841006543,63,4.435381791455341e-06,0,0,Internal
J,PFG,0.42617838685493387,63,0.0005529138245633385,0,3,External
J,PKG,0.4040087895268567,63,0.001128148723427413,0,0,Internal
J,PNR,0.46066997232153023,63,0.00016475998960783199,0,0,Internal
J,POOL,0.42371832945901416,63,0.000599893776927607,0,0,Internal
J,PPG,0.5224129981916195,63,1.3290961918594597e-05,0,0,Internal
J,SNA,0.4206752306879763,63,0.0006630046085335122,0,0,Internal
J,SPG,0.41770300288063966,63,0.0007303932711212832,0,0,Internal
J,SWK,0.4232599637534524,63,0.0006090372067734822,0,0,Internal
J,TAP,0.42142548138152,63,0.0006469100869257322,0,0,Internal
J,TSN,0.5175134777167132,63,1.6528100746599646e-05,0,1,External
J,UDR,0.41167300916328686,63,0.0008864949414992659,0,1,External
J,VMC,0.47915043882534664,63,8.152753740326255e-05,0,0,Internal
J,WTW,0.474907758185889,63,9.616130616249129e-05,0,3,External
J,WY,0.4391703038596065,63,0.0003557238814285294,0,0,Internal
JBHT,KEY,0.4339676567124507,63,0.000425339719848605,0,2,External
JBHT,KIM,0.49355410186183046,63,4.578763969386007e-05,0,1,External
JBHT,KMB,0.42971252040078006,63,0.0004912547078943051,0,3,External
JBHT,LEN,0.5985204677082647,63,2.777469396808516e-07,0,0,Internal
JBHT,LOW,0.5354221001130589,63,7.327452288191959e-06,0,0,Internal
JBHT,LYB,0.4362935990333166,63,0.00039281346161954223,0,0,Internal
JBHT,MAR,0.5913243758528369,63,4.179801304249727e-07,0,0,Internal
JBHT,MAS,0.6365157807228017,63,2.6894564090527434e-08,0,0,Internal
JBHT,MGM,0.48161866829401034,63,7.398765804546782e-05,0,2,External
JBHT,MHK,0.610016666768099,63,1.4153954460935108e-07,0,0,Internal
JBHT,MKC,0.524885875301279,63,1.189096400683922e-05,0,1,External
JBHT,MMM,0.44337873383487125,63,0.0003071921082489717,0,0,Internal
JBHT,MRK,0.44338487062577464,63,0.0003071259829420767,0,0,Internal
JBHT,MRNA,0.4408934477589658,63,0.0003350651910990535,0,0,Internal
JBHT,MTCH,0.41869355135890657,63,0.0007072756975954719,0,1,External
JBHT,MTD,0.549783970386209,63,3.687258481042975e-06,0,0,Internal
JBHT,NDSN,0.6361121129542334,63,2.761641254740218e-08,0,0,Internal
JBHT,NFLX,-0.4764265798581645,63,9.066552227524315e-05,0,18,External
JBHT,NUE,0.40957007782457644,63,0.0009476493023899575,0,0,Internal
JBHT,NVDA,-0.48586504778226647,63,6.250201047729975e-05,0,7,External
JBHT,NVR,0.5706936520920948,63,1.2791758120110668e-06,0,0,Internal
JBHT,ODFL,0.7268234411125575,63,2.2610784072581076e-11,0,0,Internal
JBHT,OMC,0.5468635806953048,63,4.250797118283948e-06,0,0,Internal
JBHT,PCAR,0.5635119931008181,63,1.8552149210041596e-06,0,0,Internal
JBHT,PFE,0.5195313793014527,63,1.5115102566178785e-05,0,0,Internal
JBHT,PFG,0.41761330340450586,63,0.0007325200987306075,0,3,External
JBHT,PHM,0.5652474963105196,63,1.6971608696018077e-06,0,0,Internal
JBHT,PKG,0.5133634763067495,63,1.982767753468365e-05,0,0,Internal
JBHT,PLD,0.4839297887315051,63,6.751554287255804e-05,0,1,External
JBHT,PNC,0.4806379138970702,63,7.690316932570532e-05,0,2,External
JBHT,PNR,0.6501113933378416,63,1.0770909013161431e-08,0,0,Internal
JBHT,POOL,0.5823097587948909,63,6.879084733708692e-07,0,0,Internal
JBHT,PPG,0.5553069545937552,63,2.807281387401955e-06,0,0,Internal
JBHT,PSA,0.4148346544533862,63,0.0008012447852527856,0,1,External
JBHT,REG,0.41568583124042957,63,0.0007795974348030117,0,1,External
JBHT,RVTY,0.4398420208032709,63,0.00034753647141488663,0,0,Internal
JBHT,SHW,0.48703041112813883,63,5.96510402451802e-05,0,0,Internal
JBHT,SJM,0.41887641176535434,63,0.0007030812453101167,0,0,Internal
JBHT,SLB,0.521868830290693,63,1.361893197215783e-05,0,2,External
JBHT,SNA,0.41534152241776845,63,0.0007882894452560165,0,0,Internal
JBHT,SPG,0.5195083184303257,63,1.5130596260120379e-05,0,0,Internal
JBHT,SW,0.4360310620924281,63,0.0003963678809039036,0,0,Internal
JBHT,SWK,0.5560472733673419,63,2.70552277111263e-06,0,0,Internal
JBHT,TAP,0.5238022753660193,63,1.248664149253472e-05,0,0,Internal
JBHT,TECH,0.4677488424018084,63,0.00012643485741138164,0,0,Internal
JBHT,TFC,0.5094173453936174,63,2.352268350025098e-05,0,2,External
JBHT,TGT,0.5812278065315445,63,7.29565627742968e-07,0,0,Internal
JBHT,TMO,0.4542696719435515,63,0.00020829496703284113,0,0,Internal
JBHT,TSN,0.5446980087319702,63,4.719531662487103e-06,0,1,External
JBHT,UDR,0.40869452751179025,63,0.0009742146661298573,0,1,External
JBHT,UPS,0.45028489653229753,63,0.00024047521422752009,0,0,Internal
JBHT,URI,0.40400385737743394,63,0.0011283216864204607,0,0,Internal
JBHT,WY,0.6142378577391464,63,1.0975740956222138e-07,0,0,Internal
JBHT,WYNN,0.4049062942095885,63,0.00109706937095831,0,2,External
JBL,MA,-0.41243180376700045,63,0.0008653195429894949,16,3,External
JBL,MCO,-0.4023142016059651,63,0.0011890008978843558,16,3,External
JBL,PGR,-0.4464905084507838,63,0.0002752800677586692,16,3,External
JBL,PYPL,-0.40298583328680665,63,0.0011645378779852297,16,3,External
JBL,ROL,-0.4142438080747939,63,0.000816589419998193,16,3,External
JBL,WST,-0.4073258295380519,63,0.0010170911182974052,16,3,External
JCI,VRSN,0.43496278041010983,63,0.00041113509984414253,3,3,Internal
JKHY,JNJ,0.42956102365452575,63,0.0004937639899806684,1,3,External
JKHY,KMB,0.4515688558546221,63,0.00022964138505919958,1,3,External
JKHY,LNT,0.4400423376543972,63,0.0003451283187687321,1,3,External
JKHY,MCO,0.510838322691153,63,2.212424062878221e-05,1,3,External
JKHY,MKC,0.5232646667289789,63,1.2792364686737466e-05,1,1,Internal
JKHY,MMC,0.4206453179477752,63,0.0006636537588190979,1,3,External
JKHY,NOW,0.41698688391402006,63,0.0007475298335990019,1,1,Internal
JKHY,NVDA,-0.4073954747168949,63,0.001014868944289818,1,7,External
JKHY,O,0.417824206475,63,0.0007275283417086146,1,3,External
JKHY,OMC,0.47594829662135174,63,9.236416162270251e-05,1,0,External
JKHY,PAYC,0.44037060979592535,63,0.00034121479233892814,1,1,Internal
JKHY,PAYX,0.4608444395406422,63,0.00016369968691809105,1,1,Internal
JKHY,PG,0.5351668616836978,63,7.415328310085465e-06,1,1,Internal
JKHY,PSA,0.4013010184108064,63,0.0012267804123019435,1,1,Internal
JKHY,PYPL,0.404366093795959,63,0.0011156819693123998,1,3,External
JKHY,RMD,0.4277908302822032,63,0.0005239596799232907,1,3,External
JKHY,ROL,0.40362347252025954,63,0.0011417333990179608,1,3,External
JKHY,ROP,0.4889823361464006,63,5.514321570147719e-05,1,3,External
JKHY,TSN,0.40251466247229667,63,0.001181651461762599,1,1,Internal
JKHY,V,0.4469758541636857,63,0.00027058512438576514,1,3,External
JKHY,ZTS,0.4410888957561754,63,0.0003327924096667661,1,3,External
JNJ,KMB,0.4429568823787423,63,0.0003117689150083101,3,3,Internal
JNJ,LIN,0.40990175157198505,63,0.0009377578898709098,3,3,Internal
JNJ,LNT,0.5498160126724392,63,3.68148173628171e-06,3,3,Internal
JNJ,LOW,0.4160545740397946,63,0.0007703848205048734,3,0,External
JNJ,MAA,0.4422678613597057,63,0.0003193782876766018,3,1,External
JNJ,MRK,0.44644789974499116,63,0.00027569577060527914,3,0,External
JNJ,NVR,0.41436534796313546,63,0.0008134114209505184,3,0,External
JNJ,O,0.4484672939300281,63,0.0002566117717290418,3,3,Internal
JNJ,OMC,0.6395481376350963,63,2.2014998264930616e-08,3,0,External
JNJ,PG,0.4381769189453517,63,0.00036815453540818945,3,1,External
JNJ,PHM,0.404832040979303,63,0.0010996110649141384,3,0,External
JNJ,PNW,0.46907258674346397,63,0.00012024993579954843,3,3,Internal
JNJ,PSA,0.45807233403226166,63,0.00018130985807068755,3,1,External
JNJ,RMD,0.4389352237422361,63,0.00035863048754069133,3,3,Internal
JNJ,SBAC,0.43838257751969334,63,0.00036554901981277296,3,3,Internal
JNJ,SJM,0.41053575634140677,63,0.0009191091338440785,3,0,External
JNJ,SO,0.4600699932161335,63,0.00016845452640007618,3,3,Internal
JNJ,TSN,0.5074272353503573,63,2.5619332342356983e-05,3,1,External
JNJ,VICI,0.4817372820909718,63,7.364204279484534e-05,3,3,Internal
JNJ,WEC,0.4373128698497793,63,0.00037928718501626323,3,3,Internal
JNJ,ZTS,0.4025643062268214,63,0.001179837718858176,3,3,Internal
JPM,MS,0.6188285589053478,63,8.288335085898546e-08,2,2,Internal
JPM,RJF,0.42628369323535437,63,0.0005509794430100008,2,2,Internal
JPM,SCHW,0.471064627470822,63,0.00011146488509889381,2,2,Internal
JPM,WFC,0.49741495000261793,63,3.9053502404334633e-05,2,2,Internal
K,MKC,0.46628650371927505,63,0.00013360607041294176,1,1,Internal
KDP,KMB,0.4397734604927221,63,0.0003483641956712494,1,3,External
KDP,KO,0.5424717370533463,63,5.251365736948231e-06,1,3,External
KDP,PEP,0.49538760777208435,63,4.2466062858064466e-05,1,1,Internal
KDP,PFE,0.43198205086410624,63,0.0004550253126579127,1,0,External
KDP,PG,0.4497389884596871,63,0.00024522147096288545,1,1,Internal
KDP,TAP,0.4740526117837362,63,9.938887020876582e-05,1,0,External
KDP,VLTO,0.42724487340461487,63,0.0005336053046826294,1,3,External
KEY,KIM,0.43843951782293306,63,0.0003648306113454273,2,1,External
KEY,LEN,0.4953481081683111,63,4.253520845841154e-05,2,0,External
KEY,LKQ,0.46840896472619126,63,0.0001233149549005053,2,2,Internal
KEY,LOW,0.415869099588398,63,0.0007750063022476198,2,0,External
KEY,LYB,0.5389982987328786,63,6.19392612972191e-06,2,0,External
KEY,MAR,0.4131044329168927,63,0.0008469320404940818,2,0,External
KEY,MAS,0.4380745975076362,63,0.0003694571521727758,2,0,External
KEY,MCHP,0.43778694403260693,63,0.0003731416898218616,2,2,Internal
KEY,MGM,0.5197777515896893,63,1.49504920278981e-05,2,2,Internal
KEY,MHK,0.4971426010152046,63,3.949670323994588e-05,2,0,External
KEY,MPC,0.46941140970838124,63,0.00011871217782489173,2,2,Internal
KEY,MTB,0.7400095306347418,63,6.331078374761092e-12,2,2,Internal
KEY,MTD,0.4335943662114922,63,0.00043078231054202514,2,0,External
KEY,NDSN,0.530501668368876,63,9.204990825524658e-06,2,0,External
KEY,NVR,0.5076412346887856,63,2.5385839564136147e-05,2,0,External
KEY,NXPI,0.4897860247980879,63,5.338027403360939e-05,2,2,Internal
KEY,OXY,0.43813414894063424,63,0.0003686985148707882,2,2,Internal
KEY,PCAR,0.4152940733193321,63,0.0007894941361420161,2,0,External
KEY,PFE,0.4007347703000288,63,0.0012483620930216154,2,0,External
KEY,PFG,0.4400545944232821,63,0.00034498146635473246,2,3,External
KEY,PH,0.4352904765887284,63,0.00040655286131126945,2,0,External
KEY,PHM,0.5080209905513549,63,2.497634013545025e-05,2,0,External
KEY,PNC,0.7665200509260319,63,3.826366560423009e-13,2,2,Internal
KEY,PNR,0.4918454266084702,63,4.909759901497718e-05,2,0,External
KEY,PPG,0.4299340490951964,63,0.00048760632522551483,2,0,External
KEY,PRU,0.5530960730891591,63,3.132877830962284e-06,2,3,External
KEY,PSX,0.4164441226709995,63,0.0007607594844255675,2,2,Internal
KEY,RCL,0.421278727259526,63,0.0006500301431186477,2,2,Internal
KEY,RF,0.7583709264766635,63,9.417374316954446e-13,2,2,Internal
KEY,ROK,0.5064422757414901,63,2.6719898535169286e-05,2,0,External
KEY,RVTY,0.40725086708638303,63,0.0010194878543500702,2,0,External
KEY,SLB,0.5433718206820678,63,5.029946788820752e-06,2,2,Internal
KEY,SNA,0.4294608612685103,63,0.0004954293966646015,2,0,External
KEY,STT,0.48004492317452174,63,7.87169363878223e-05,2,2,Internal
KEY,SW,0.44028465664509114,63,0.0003422355618705069,2,0,External
KEY,SWK,0.4633826856604453,63,0.00014896498487501706,2,0,External
KEY,SYF,0.5863851896713829,63,5.501981577341325e-07,2,2,Internal
KEY,TFC,0.7654834585637278,63,4.299448826938163e-13,2,2,Internal
KEY,TROW,0.565795754142876,63,1.649911865701257e-06,2,2,Internal
KEY,TXT,0.41760250032764756,63,0.0007327766239421827,2,2,Internal
KEY,USB,0.6993555220280014,63,2.567084331247818e-10,2,2,Internal
KEY,VICI,0.42131298367802733,63,0.0006493006191434031,2,3,External
KEY,WFC,0.44682443354362145,63,0.00027204196712978434,2,2,Internal
KEY,WY,0.40512890001704127,63,0.0010894812545775955,2,0,External
KEY,WYNN,0.4434608976902094,63,0.000306307850592635,2,2,Internal
KEYS,MHK,0.42955782757742167,63,0.0004938170526986405,0,0,Internal
KEYS,NDSN,0.5661141359579849,63,1.623041930358316e-06,0,0,Internal
KEYS,PNR,0.4437065000583521,63,0.0003036784765343883,0,0,Internal
KEYS,SW,0.5370048421609231,63,6.803830962185149e-06,0,0,Internal
KEYS,SWK,0.4615025526554307,63,0.00015975614692328714,0,0,Internal
KEYS,WMT,-0.4092889134286561,63,0.0009561080429865998,0,3,External
KHC,KIM,0.5325162921376171,63,8.387789899088398e-06,1,1,Internal
KHC,MAA,0.6072524660100347,63,1.6685225540449854e-07,1,1,Internal
KHC,MHK,0.4874858952782517,63,5.856972406447779e-05,1,0,External
KHC,MKC,0.598298359127297,63,2.813151382767534e-07,1,1,Internal
KHC,MRK,0.41008148215342616,63,0.000932436865055322,1,0,External
KHC,MSFT,-0.4622639174911706,63,0.00015530269225862695,1,7,External
KHC,MTD,0.4412206833136707,63,0.0003312678528348792,1,0,External
KHC,NVR,0.4456139650579738,63,0.00028394816293596573,1,0,External
KHC,O,0.4703226473667898,63,0.00011466569639994125,1,3,External
KHC,OMC,0.4588136202000559,63,0.0001764381867359021,1,0,External
KHC,PAYX,0.45039791913536203,63,0.00023950312417522177,1,1,Internal
KHC,PEP,0.4692327226110042,63,0.00011952088802947513,1,1,Internal
KHC,PFE,0.4172923875517038,63,0.0007401751878833144,1,0,External
KHC,PHM,0.4441275837769373,63,0.00029921831463125965,1,0,External
KHC,POOL,0.4310175835993954,63,0.0004701137107280582,1,0,External
KHC,PSA,0.5729816968247942,63,1.1341808675012229e-06,1,1,Internal
KHC,SJM,0.5749357091302254,63,1.0227006444002798e-06,1,0,External
KHC,STZ,0.4654124929513077,63,0.00013806854277075082,1,0,External
KHC,SWK,0.40957414750717974,63,0.00094752736485253,1,0,External
KHC,SWKS,0.41405299563166764,63,0.0008216013958038036,1,1,Internal
KHC,TAP,0.42819745678223675,63,0.0005168788446368509,1,0,External
KHC,TGT,0.5643100790324279,63,1.7808946040236069e-06,1,0,External
KHC,TMO,0.400398851655989,63,0.0012613259891760531,1,0,External
KHC,TSN,0.5235467041224557,63,1.263112064835297e-05,1,1,Internal
KHC,UDR,0.5517895015860687,63,3.3415483081876475e-06,1,1,Internal
KHC,VTRS,0.4055342063783979,63,0.001075786672454063,1,0,External
KHC,WY,0.5837133928551134,63,6.371881634594066e-07,1,0,External
KIM,LEN,0.4413049614122999,63,0.0003302962407346452,1,0,External
KIM,LNT,0.48068080972186117,63,7.677346999528271e-05,1,3,External
KIM,LOW,0.5173750011575666,63,1.662942890160833e-05,1,0,External
KIM,MAA,0.6642028334586754,63,3.969899888832987e-09,1,1,Internal
KIM,MAR,0.42197273346062436,63,0.0006353945835623007,1,0,External
KIM,META,-0.407342755973448,63,0.00101655064190597,1,7,External
KIM,MHK,0.5350942241260729,63,7.440515577341791e-06,1,0,External
KIM,MKC,0.4145649153685897,63,0.0008082174251287136,1,1,Internal
KIM,MSFT,-0.41485259671849495,63,0.0008007829207482105,1,7,External
KIM,MTD,0.4700321509088842,63,0.0001159417096755151,1,0,External
KIM,NDSN,0.4966955361116007,63,4.023431996816439e-05,1,0,External
KIM,NVR,0.49362406824781146,63,4.565660471441453e-05,1,0,External
KIM,O,0.44387470239068494,63,0.0003018896337716243,1,3,External
KIM,OMC,0.5183810157319947,63,1.5906227382112308e-05,1,0,External
KIM,PAYX,0.40358451654028993,63,0.0011431149938051569,1,1,Internal
KIM,PEP,0.4466994760939685,63,0.0002732495947701325,1,1,Internal
KIM,PFE,0.41176050540641523,63,0.0008840295658869687,1,0,External
KIM,PHM,0.4880535547604598,63,5.724742626743553e-05,1,0,External
KIM,PLD,0.6450577131837633,63,1.5215273989593666e-08,1,1,Internal
KIM,PNC,0.44746250134194276,63,0.0002659511302860174,1,2,External
KIM,PNR,0.4488088128814033,63,0.00025350630630362983,1,0,External
KIM,PNW,0.4866043229253893,63,6.0679216373532874e-05,1,3,External
KIM,POOL,0.4909851041803479,63,5.084655918978998e-05,1,0,External
KIM,PSA,0.6567316445536026,63,6.78329316577071e-09,1,1,Internal
KIM,REG,0.7674287351394334,63,3.4529714173291586e-13,1,1,Internal
KIM,SNA,0.4649094807175768,63,0.00014069841095552073,1,0,External
KIM,SPG,0.6445833458483551,63,1.5711593698616e-08,1,0,External
KIM,SW,0.40716438430496044,63,0.001022259251782599,1,0,External
KIM,TAP,0.4066742218246343,63,0.0010380956231586923,1,0,External
KIM,TFC,0.47054396594396775,63,0.00011370222485908144,1,2,External
KIM,TSCO,0.4430751679010529,63,0.0003104793601956773,1,0,External
KIM,TSN,0.48369473960008047,63,6.814908950805911e-05,1,1,Internal
KIM,UDR,0.6042113808209139,63,1.9960079453560411e-07,1,1,Internal
KIM,VICI,0.4879919389446781,63,5.738960850563094e-05,1,3,External
KIM,VLTO,0.412037688574348,63,0.0008762602322288322,1,3,External
KIM,WY,0.5256621433702224,63,1.1480598168890315e-05,1,0,External
KLAC,LRCX,0.8119229920351831,63,1.181006621724839e-15,7,7,Internal
KLAC,MPWR,0.5024891863973734,63,3.159254705850445e-05,7,7,Internal
KLAC,MU,0.4776184354237443,63,8.655693054858466e-05,7,7,Internal
KMB,KO,0.4663984120023964,63,0.00013304436000933896,3,3,Internal
KMB,LEN,0.5310597897012836,63,8.971472833150632e-06,3,0,External
KMB,LIN,0.4151898432152181,63,0.0007921462953752753,3,3,Internal
KMB,LNT,0.4395487706688534,63,0.0003510894715424224,3,3,Internal
KMB,LOW,0.5892456655238589,63,4.6949696171834477e-07,3,0,External
KMB,MAA,0.4022654175423073,63,0.0011907956683848465,3,1,External
KMB,MAS,0.45243579645482246,63,0.00022258075265800217,3,0,External
KMB,MCD,0.4186697523325194,63,0.0007078232628824563,3,3,Internal
KMB,MHK,0.5263421227642952,63,1.1131996089457423e-05,3,0,External
KMB,MKC,0.4981395290892063,63,3.789667200489654e-05,3,1,External
KMB,MPWR,0.42258463148150105,63,0.0006227390543175566,3,7,External
KMB,MRK,0.4750657340769667,63,9.55757201293701e-05,3,0,External
KMB,NVR,0.556404783921046,63,2.6576266570331345e-06,3,0,External
KMB,OMC,0.4020507207311746,63,0.0011987234092788413,3,0,External
KMB,PEP,0.4287734400264218,63,0.0005069976081935356,3,1,External
KMB,PFE,0.44958726773868773,63,0.0002465556893419252,3,0,External
KMB,PG,0.5446777008107743,63,4.724147183524253e-06,3,1,External
KMB,PHM,0.5571668363329986,63,2.5581673353755284e-06,3,0,External
KMB,PNW,0.46434188217819894,63,0.00014372110997429877,3,3,Internal
KMB,POOL,0.4368153714180393,63,0.0003858353416898415,3,0,External
KMB,PPG,0.4688406659682463,63,0.00012131304277853543,3,0,External
KMB,PSA,0.5302276746791913,63,9.321689009827753e-06,3,1,External
KMB,RMD,0.5657453833453429,63,1.6542008967915043e-06,3,3,Internal
KMB,ROL,0.40514212103423225,63,0.0010890320724759003,3,3,Internal
KMB,RVTY,0.4100719324084208,63,0.0009327189034231983,3,0,External
KMB,SHW,0.6011739897347402,63,2.3828244502296115e-07,3,0,External
KMB,SJM,0.4611399841154691,63,0.0001619178164094578,3,0,External
KMB,SO,0.42261104615674855,63,0.0006221979170600087,3,3,Internal
KMB,STZ,0.49163021760778214,63,4.9529810451189415e-05,3,0,External
KMB,TAP,0.48833266063807906,63,5.660743490237487e-05,3,0,External
KMB,TROW,0.475021877656364,63,9.573795751170993e-05,3,2,External
KMB,TSCO,0.4031441866401071,63,0.001158836578308115,3,0,External
KMB,TSN,0.6303674909841072,63,4.009332519736198e-08,3,1,External
KMB,VICI,0.40721534200214565,63,0.001020625457784406,3,3,Internal
KMB,VLTO,0.48511715065163785,63,6.43973456145727e-05,3,3,Internal
KMB,WY,0.4652855305308644,63,0.00013872804118679615,3,0,External
KMB,ZTS,0.48003588583034346,63,7.874488105429426e-05,3,3,Internal
KMI,MOS,0.5510656610538983,63,3.462671085107509e-06,2,2,Internal
KMI,NRG,0.4473905294159941,63,0.00026663186801866533,2,2,Internal
KMI,OKE,0.49505744512376487,63,4.3047235106540305e-05,2,2,Internal
KMI,PEG,0.4718160852497108,63,0.00010830707882142659,2,3,External
KMI,TRGP,0.4820530695008924,63,7.272914599615004e-05,2,2,Internal
KMI,WMB,0.7690946754709969,63,2.8570104266058676e-13,2,2,Internal
KO,LIN,0.42446100191988834,63,0.0005853430234436501,3,3,Internal
KO,MDLZ,0.4194060948777899,63,0.0006910581903430957,3,1,External
KO,MNST,0.42860561188476626,63,0.0005098589041460268,3,3,Internal
KO,PEP,0.6244230308287818,63,5.8500160370591426e-08,3,1,External
KO,PG,0.5388649962012544,63,6.23306424152981e-06,3,1,External
KO,PNW,0.507741194457423,63,2.5277451508021843e-05,3,3,Internal
KO,PPL,0.4930243654230149,63,4.6791077805993697e-05,3,3,Internal
KO,PSA,0.42158740355821145,63,0.00064348330610652,3,1,External
KO,SO,0.46901778321627396,63,0.0001205003757404537,3,3,Internal
KO,TRV,0.4608552714033195,63,0.00016363406434027002,3,3,Internal
KO,TSN,0.4637380201938048,63,0.00014700225890368956,3,1,External
KO,VLTO,0.4907471124446867,63,5.134043556028631e-05,3,3,Internal
KO,WM,0.556080889725753,63,2.700985005702331e-06,3,3,Internal
KR,MPC,-0.42391560508264226,63,0.0005959970099027032,3,2,External
KR,NXPI,-0.49365382265001706,63,4.560098493340236e-05,3,2,External
KR,ON,-0.42758036761897267,63,0.00052765908819648,3,2,External
KR,ORLY,0.43382406709660004,63,0.00042742581373141276,3,3,Internal
KR,QCOM,-0.4132901406694302,63,0.0008419179860974063,3,1,External
KR,VTR,0.4108245303644647,63,0.0009107266132140788,3,3,Internal
KR,WMT,0.5436421088612697,63,4.965176558820887e-06,3,3,Internal
KVUE,LULU,0.41661434609990255,63,0.0007565877122525471,3,2,External
KVUE,PCG,0.4122712376976591,63,0.0008697618898370829,3,3,Internal
KVUE,PNW,0.40605501332426913,63,0.0010584173945539569,3,3,Internal
KVUE,PPL,0.4711205487515618,63,0.00011122700750591006,3,3,Internal
KVUE,SRE,0.4989629425796548,63,3.6620563906260566e-05,3,3,Internal
L,LIN,0.4427881160068894,63,0.0003136172752444842,3,3,Internal
L,LNT,0.47602365949499287,63,9.209457841378019e-05,3,3,Internal
L,MCK,0.4491237223214316,63,0.00025067327766722133,3,3,Internal
L,MET,0.5748726483782033,63,1.026131904852961e-06,3,3,Internal
L,MMC,0.6059705602691919,63,1.79986092647451e-07,3,3,Internal
L,NVDA,-0.4342099601139578,63,0.00042184049231764345,3,7,External
L,O,0.5585881714952048,63,2.3818970195575987e-06,3,3,Internal
L,PCG,0.5119103345406472,63,2.1120693274512628e-05,3,3,Internal
L,PFG,0.5537163300340391,63,3.038139526286224e-06,3,3,Internal
L,PGR,0.568388875236508,63,1.4426587157227557e-06,3,3,Internal
L,PNW,0.5482428386487279,63,3.975312606515142e-06,3,3,Internal
L,PPL,0.41373791643731583,63,0.0008299383323044483,3,3,Internal
L,PRU,0.5543680847617867,63,2.9414796670481447e-06,3,3,Internal
L,REG,0.5046773877967599,63,2.880220462612725e-05,3,1,External
L,ROL,0.43489867091142154,63,0.0004120370340841822,3,3,Internal
L,RSG,0.4547874464185923,63,0.00020441627322363045,3,3,Internal
L,SO,0.45069851416016204,63,0.000236935209893968,3,3,Internal
L,SPG,0.4737931477181969,63,0.00010038768710720323,3,0,External
L,SRE,0.4093651749197873,63,0.0009538070309479322,3,3,Internal
L,TJX,0.41364102027443067,63,0.0008325175187311643,3,3,Internal
L,TRV,0.7612741369707767,63,6.860577554871216e-13,3,3,Internal
L,TSN,0.5669491112501417,63,1.5545075865298188e-06,3,1,External
L,TYL,0.4310562069554087,63,0.00046950083929591735,3,3,Internal
L,VICI,0.4354709524201555,63,0.000404049131819726,3,3,Internal
L,VLTO,0.4680743162858166,63,0.0001248876381214644,3,3,Internal
L,VTR,0.42071532605427203,63,0.0006621353828046203,3,3,Internal
L,WEC,0.4234666283892687,63,0.0006048991513906214,3,3,Internal
L,WM,0.5239635034786216,63,1.2396288234410372e-05,3,3,Internal
L,WRB,0.7825140685878896,63,5.850004948068365e-14,3,3,Internal
L,WTW,0.4855447029945092,63,6.330744434616838e-05,3,3,Internal
L,XEL,0.48301704699303993,63,7.000654091637116e-05,3,3,Internal
LDOS,MRK,0.42018825791199654,63,0.0006736445210043983,0,0,Internal
LDOS,PFE,0.6310273320316855,63,3.84276546036716e-08,0,0,Internal
LDOS,PNR,0.4214197903628568,63,0.0006470308270251077,0,0,Internal
LDOS,REG,0.43665073124159953,63,0.00038802493089599283,0,1,External
LDOS,SNA,0.40171397451814445,63,0.0012112536019426659,0,0,Internal
LDOS,SPG,0.5167586917480629,63,1.7087439996042396e-05,0,0,Internal
LDOS,TDG,-0.4731476913067983,63,0.00010291258247429168,0,3,External
LDOS,TSN,0.544664718404327,63,4.727099991202235e-06,0,1,External
LDOS,VRTX,-0.5193871047812559,63,1.5212277818643402e-05,0,3,External
LEN,LKQ,0.5460319049800929,63,4.425419029798545e-06,0,2,External
LEN,LOW,0.7492647361772181,63,2.4730499093103316e-12,0,0,Internal
LEN,LYB,0.474415185559717,63,9.800843641278708e-05,0,0,Internal
LEN,MAR,0.44818136766659156,63,0.0002592384187792251,0,0,Internal
LEN,MAS,0.7839961645186615,63,4.8765536347179135e-14,0,0,Internal
LEN,MHK,0.8237142733360737,63,2.0287882881487084e-16,0,0,Internal
LEN,MKC,0.5756870025170424,63,9.826403685857212e-07,0,1,External
LEN,MLM,0.4854843640153834,63,6.34602201991367e-05,0,0,Internal
LEN,MRK,0.5836391597032499,63,6.397801568823398e-07,0,0,Internal
LEN,MTCH,0.427983054074125,63,0.000520601463490045,0,1,External
LEN,MTD,0.5957861105308666,63,3.2479415753526614e-07,0,0,Internal
LEN,NDSN,0.5285951927683399,63,1.004602631637656e-05,0,0,Internal
LEN,NOC,0.43453909168085103,63,0.00041712929129774615,0,0,Internal
LEN,NVDA,-0.5208809222055123,63,1.4233642952684778e-05,0,7,External
LEN,NVR,0.9227600671089047,63,1.5767470745324785e-26,0,0,Internal
LEN,ODFL,0.5226975228070191,63,1.3122416278453655e-05,0,0,Internal
LEN,OMC,0.5852748581419741,63,5.848987408582068e-07,0,0,Internal
LEN,PCAR,0.6016690022416592,63,2.3153093315501506e-07,0,0,Internal
LEN,PFE,0.4526864756625763,63,0.00022057647922506588,0,0,Internal
LEN,PG,0.42012086843284524,63,0.0006751290416340862,0,1,External
LEN,PHM,0.938515290928581,63,2.1123276068539673e-29,0,0,Internal
LEN,PKG,0.42520050228408574,63,0.0005711732881543612,0,0,Internal
LEN,PNR,0.5825190549060897,63,6.801124053479437e-07,0,0,Internal
LEN,POOL,0.7417446962736672,63,5.324239180306352e-12,0,0,Internal
LEN,PPG,0.5646121400774841,63,1.753500057283126e-06,0,0,Internal
LEN,PSA,0.5426185128398348,63,5.214649400796267e-06,0,1,External
LEN,ROST,0.4452085301477319,63,0.00028804116770738786,0,3,External
LEN,RVTY,0.4530887760942151,63,0.0002173944226993692,0,0,Internal
LEN,SHW,0.6342430574266165,63,3.1203993721463205e-08,0,0,Internal
LEN,SJM,0.4374094936139811,63,0.0003780272074007656,0,0,Internal
LEN,SLB,0.436992211212124,63,0.00038349604541019675,0,2,External
LEN,SPG,0.46157750807432224,63,0.0001593125696056339,0,0,Internal
LEN,SWK,0.7318867720083514,63,1.3991465925508665e-11,0,0,Internal
LEN,TAP,0.5870203858460458,63,5.312260239280605e-07,0,0,Internal
LEN,TFC,0.4457511544906675,63,0.0002825752587048299,0,2,External
LEN,TGT,0.5802379547548268,63,7.697399445013332e-07,0,0,Internal
LEN,TMO,0.41145044140935527,63,0.0008927942363777346,0,0,Internal
LEN,TROW,0.46625442575121256,63,0.00013376748301689275,0,2,External
LEN,TSCO,0.4764129019743396,63,9.071369766430607e-05,0,0,Internal
LEN,TSN,0.5275948641189699,63,1.0515403041843745e-05,0,1,External
LEN,TXT,0.44004057892735254,63,0.0003451493953351706,0,2,External
LEN,VICI,0.43306404861282494,63,0.00043862334199443686,0,3,External
LEN,VMC,0.5095273505475677,63,2.341156392101986e-05,0,0,Internal
LEN,VTRS,0.40467605642652593,63,0.0011049677194943969,0,0,Internal
LEN,WAT,0.4226767852845289,63,0.0006208530201913689,0,0,Internal
LEN,WY,0.6975598171569277,63,2.980583256867812e-10,0,0,Internal
LEN,ZBH,0.4129310165845858,63,0.0008516385822768676,0,0,Internal
LEN,ZTS,0.5027042631488391,63,3.1307588228483504e-05,0,3,External
LH,MTD,0.4054350611226164,63,0.0010791222010211703,3,0,External
LH,NDAQ,0.41408448389186664,63,0.0008207723979396437,3,3,Internal
LH,O,0.4534068294987434,63,0.00021490851953170816,3,3,Internal
LH,ORLY,0.49161769224501095,63,4.955507345140958e-05,3,3,Internal
LH,PAYX,0.4012030350462619,63,0.0012304907007028236,3,1,External
LH,POOL,0.4748287554147049,63,9.645539067983244e-05,3,0,External
LH,ROL,0.6804246082342825,63,1.1755967989453972e-09,3,3,Internal
LH,RVTY,0.42648566643794933,63,0.0005472865614272051,3,0,External
LH,TECH,0.5598800173743325,63,2.231603771707499e-06,3,0,External
LH,TMUS,0.5919514706364216,63,4.035137895116317e-07,3,3,Internal
LH,URI,0.4571336217883717,63,0.00018765577862970943,3,0,External
LH,WRB,0.40465846762704644,63,0.0011055732080932138,3,3,Internal
LH,WST,0.7015030658031752,63,2.1440936651484388e-10,3,3,Internal
LHX,RTX,0.49624645581085136,63,4.098806793011317e-05,7,7,Internal
LHX,TRMB,0.4373524857934941,63,0.0003787701296668104,7,0,External
LIN,MLM,0.49364834176429667,63,4.56112256237224e-05,3,0,External
LIN,NVDA,-0.40797303796127965,63,0.0009966086662168848,3,7,External
LIN,O,0.4298962423217031,63,0.00048822722164682225,3,3,Internal
LIN,ORLY,0.44896344821257905,63,0.0002521115201352406,3,3,Internal
LIN,PNW,0.41870196418471595,63,0.0007070822280364142,3,3,Internal
LIN,PPG,0.4016061091579138,63,0.001215292088448144,3,0,External
LIN,PSA,0.4430521187999744,63,0.0003107302602730391,3,1,External
LIN,SHW,0.44592123905192915,63,0.0002808815770008342,3,0,External
LIN,SPG,0.5179185412368992,63,1.623498348160083e-05,3,0,External
LIN,TJX,0.4609325301759786,63,0.00016316670724409482,3,3,Internal
LIN,TSCO,0.4600863471042373,63,0.00016835282426123653,3,0,External
LIN,VLTO,0.48791623877317153,63,5.7564737389642836e-05,3,3,Internal
LIN,VMC,0.4140386135981862,63,0.0008219802863197901,3,0,External
LIN,VZ,0.43149274808983906,63,0.0004626241722559722,3,3,Internal
LIN,WRB,0.46791602435406804,63,0.0001256379318806024,3,3,Internal
LKQ,LOW,0.4689564944366784,63,0.00012078101939416368,2,0,External
LKQ,LUV,0.6641974387276116,63,3.971457546482228e-09,2,2,Internal
LKQ,LYB,0.6284522312911713,63,4.5322865185676896e-08,2,0,External
LKQ,MAS,0.43417426219082206,63,0.0004223543734621919,2,0,External
LKQ,MGM,0.44571162625202565,63,0.00028297020917224323,2,2,Internal
LKQ,MHK,0.4738699647362198,63,0.00010009101917460181,2,0,External
LKQ,MOH,0.45644695428162646,63,0.0001924259464423621,2,1,External
LKQ,MPC,0.4418156738413301,63,0.00032446379743174665,2,2,Internal
LKQ,NDAQ,-0.531476228503172,63,8.800840605804333e-06,2,3,External
LKQ,NUE,0.4527728561833724,63,0.00021988966890099272,2,0,External
LKQ,NVR,0.49484184894667577,63,4.343069897522759e-05,2,0,External
LKQ,ON,0.45959604983720226,63,0.00017142648039602675,2,2,Internal
LKQ,PHM,0.5383525282798635,63,6.385683791361823e-06,2,0,External
LKQ,PNR,0.4096806291878497,63,0.0009443419452275965,2,0,External
LKQ,PPG,0.4563269699036562,63,0.0001932707659387419,2,0,External
LKQ,SWK,0.524205320103329,63,1.226191163138229e-05,2,0,External
LKQ,TAP,0.4359327052834641,63,0.00039770703088099646,2,0,External
LKQ,TFC,0.4042789442492764,63,0.0011187112161661428,2,2,Internal
LKQ,TGT,0.4064385277813449,63,0.0010457890048601681,2,0,External
LKQ,TMUS,-0.4986053836544608,63,3.7169737312892906e-05,2,3,External
LKQ,TXT,0.7764823360125155,63,1.2094975619126721e-13,2,2,Internal
LKQ,UNP,0.5759367508407596,63,9.69652593389711e-07,2,2,Internal
LKQ,VLO,0.4262130838053809,63,0.0005522757935579527,2,2,Internal
LKQ,WAB,0.5627392066003141,63,1.9299375924116114e-06,2,2,Internal
LKQ,WST,-0.552310872868968,63,3.256770641827639e-06,2,3,External
LKQ,WY,0.4696420509234128,63,0.00011767576435938067,2,0,External
LLY,MCK,0.42707673107920985,63,0.0005366082480872681,1,3,External
LLY,RL,0.41125873229873994,63,0.0008982525268141764,1,1,Internal
LLY,TPL,0.43523139618059864,63,0.00040737554309830723,1,2,External
LMT,MSCI,0.5942751936714668,63,3.539081199898226e-07,7,7,Internal
LMT,NOC,-0.5746148724253118,63,1.0402705734788316e-06,7,0,External
LMT,PHM,-0.4459147155058821,63,0.00028094636636784206,7,0,External
LMT,PM,0.5473304624237375,63,4.155609677815584e-06,7,7,Internal
LMT,RTX,0.4230695554276677,63,0.0006128724655873329,7,7,Internal
LNT,MAA,0.4320977726440313,63,0.0004532448339494953,3,1,External
LNT,MMC,0.4354108985202686,63,0.00040488069310975154,3,3,Internal
LNT,NEE,0.5507790636270959,63,3.511752212332753e-06,3,3,Internal
LNT,NI,0.6009618453986099,63,2.4123224641381196e-07,3,3,Internal
LNT,O,0.4931672106279527,63,4.651851543803881e-05,3,3,Internal
LNT,ORLY,0.5061527689970411,63,2.7051619596510406e-05,3,3,Internal
LNT,PAYC,0.49433987797669104,63,4.43357806029715e-05,3,1,External
LNT,PAYX,0.5007334398884767,63,3.4010181297176715e-05,3,1,External
LNT,PCG,0.466803272251602,63,0.00013103027419007944,3,3,Internal
LNT,PEG,0.4821007070119009,63,7.259234159088772e-05,3,3,Internal
LNT,PNW,0.8285525972558062,63,9.478550567473771e-17,3,3,Internal
LNT,PPL,0.6213792386278337,63,7.077004940728388e-08,3,3,Internal
LNT,PSA,0.44145827124330655,63,0.0003285354470432467,3,1,External
LNT,REG,0.5591177667151465,63,2.319173898170772e-06,3,1,External
LNT,RMD,0.4094749470254357,63,0.0009505036899812645,3,3,Internal
LNT,ROL,0.5555104775533738,63,2.778955740927931e-06,3,3,Internal
LNT,SBAC,0.4943426434049399,63,4.433074698249333e-05,3,3,Internal
LNT,SO,0.7858398005170627,63,3.880791892684912e-14,3,3,Internal
LNT,SRE,0.6488231706562161,63,1.176955809538066e-08,3,3,Internal
LNT,TRV,0.5579854281042022,63,2.4552128035231875e-06,3,3,Internal
LNT,UDR,0.4356938524195298,63,0.00040097623100826665,3,1,External
LNT,VICI,0.5609130132803294,63,2.1178588853795113e-06,3,3,Internal
LNT,VLTO,0.5224904837312195,63,1.3244863048305294e-05,3,3,Internal
LNT,WEC,0.82892934923588,63,8.924328215883206e-17,3,3,Internal
LNT,WELL,0.42632170098324024,63,0.0005502827856907266,3,3,Internal
LNT,WM,0.49639458637483436,63,4.0738010825230796e-05,3,3,Internal
LNT,WRB,0.5117365351455518,63,2.128047138964496e-05,3,3,Internal
LNT,WTW,0.40395978538402066,63,0.0011298682851748991,3,3,Internal
LNT,XEL,0.68634073935665,63,7.397251238330223e-10,3,3,Internal
LOW,MAA,0.4179641754681477,63,0.0007242325082538313,0,1,External
LOW,MAR,0.45012408679909804,63,0.00024186453190016435,0,0,Internal
LOW,MAS,0.7107007887138272,63,9.736158648491638e-11,0,0,Internal
LOW,MHK,0.7379327704777929,63,7.77551950058341e-12,0,0,Internal
LOW,MKC,0.48925107308408544,63,5.454783064190205e-05,0,1,External
LOW,MLM,0.4655502400495215,63,0.00013735627975483374,0,0,Internal
LOW,MRK,0.5493326337745661,63,3.7695324831676772e-06,0,0,Internal
LOW,MSFT,-0.4498040422520413,63,0.00024465141796382905,0,7,External
LOW,MTCH,0.4413982870618969,63,0.0003292233552749858,0,1,External
LOW,MTD,0.6321700071854739,63,3.5696710055353794e-08,0,0,Internal
LOW,NDSN,0.5066392998569409,63,2.649630507193486e-05,0,0,Internal
LOW,NVDA,-0.5926117930211904,63,3.887904078651019e-07,0,7,External
LOW,NVR,0.7491244951669732,63,2.509287490895519e-12,0,0,Internal
LOW,ODFL,0.46193208650230344,63,0.00015722948423848175,0,0,Internal
LOW,OMC,0.48872526351684753,63,5.5718366967310466e-05,0,0,Internal
LOW,PCAR,0.46158639577337174,63,0.000159260048217501,0,0,Internal
LOW,PFE,0.5191815332910102,63,1.5351742191498427e-05,0,0,Internal
LOW,PG,0.4725132674516896,63,0.00010545111399624524,0,1,External
LOW,PHM,0.7259640774207919,63,2.4503973413932923e-11,0,0,Internal
LOW,PKG,0.42750833142022415,63,0.0005289307431682263,0,0,Internal
LOW,PNR,0.5686193768819666,63,1.4254681792498815e-06,0,0,Internal
LOW,POOL,0.6861756646507305,63,7.494590178321151e-10,0,0,Internal
LOW,PPG,0.574026423891564,63,1.0732335642347045e-06,0,0,Internal
LOW,PSA,0.5794093812008847,63,8.049553601679676e-07,0,1,External
LOW,PWR,-0.42687589717409685,63,0.0005402151526335246,0,7,External
LOW,RMD,0.47722063960885364,63,8.790876327809505e-05,0,3,External
LOW,ROST,0.46726786201813103,63,0.00012875356618214696,0,3,External
LOW,RVTY,0.4045530616370368,63,0.0011092080433085627,0,0,Internal
LOW,SHW,0.748251582692115,63,2.746503787238926e-12,0,0,Internal
LOW,SPG,0.5525800183609424,63,3.2137968743189917e-06,0,0,Internal
LOW,SW,0.4473844667109998,63,0.0002666892840026462,0,0,Internal
LOW,SWK,0.6389726093693461,63,2.2871458090369496e-08,0,0,Internal
LOW,SYY,0.4165044847016373,63,0.0007592777785863374,0,1,External
LOW,TAP,0.4463255984808821,63,0.00027689216350551473,0,0,Internal
LOW,TECH,0.40904176655307717,63,0.0009635995935894834,0,0,Internal
LOW,TFC,0.4166880584091479,63,0.0007547876301680337,0,2,External
LOW,TMO,0.4229431660896238,63,0.0006154303152664603,0,0,Internal
LOW,TROW,0.4113571955566876,63,0.0008954453538497939,0,2,External
LOW,TSCO,0.41168693147786917,63,0.0008861022383503655,0,0,Internal
LOW,TSN,0.6028654548530616,63,2.1594840335691917e-07,0,1,External
LOW,TXT,0.44619235824871645,63,0.00027820095992060935,0,2,External
LOW,USB,0.4103971505496888,63,0.000923157269764283,0,2,External
LOW,VICI,0.4117610472929573,63,0.0008840143165056965,0,3,External
LOW,VLTO,0.4684042933718741,63,0.00012333678219547887,0,3,External
LOW,VMC,0.4517480595540488,63,0.00022816531800246492,0,0,Internal
LOW,WAT,0.4964773228346698,63,4.05989592521647e-05,0,0,Internal
LOW,WY,0.5376790200561986,63,6.5915636660833e-06,0,0,Internal
LOW,ZTS,0.49015805037990345,63,5.258196093844331e-05,0,3,External
LRCX,MU,0.6050645642360915,63,1.8984921733170751e-07,7,7,Internal
LULU,PRU,0.4107045018388057,63,0.0009142023753516289,2,3,External
LULU,TROW,0.40549999360875266,63,0.001076936635742921,2,2,Internal
LUV,LYB,0.5353690285001742,63,7.345644016220824e-06,2,0,External
LUV,MGM,0.4541661777952494,63,0.00020907828175225867,2,2,Internal
LUV,NDAQ,-0.4003810497375411,63,0.0012620163748752581,2,3,External
LUV,NUE,0.4665221182026599,63,0.00013242595504740185,2,0,External
LUV,ON,0.4031113068013038,63,0.0011600183005139237,2,2,Internal
LUV,TXT,0.5959666179890745,63,3.2147066832319306e-07,2,2,Internal
LUV,UAL,0.5570789469578761,63,2.5694580236464242e-06,2,2,Internal
LUV,UPS,0.4206297353168938,63,0.0006639921528350384,2,0,External
LVS,MGM,0.6415839960225194,63,1.9222422229465445e-08,2,2,Internal
LVS,PKG,0.44912797848802255,63,0.00025063518676701996,2,0,External
LVS,PNC,0.4174882368202145,63,0.0007354948588180747,2,2,Internal
LVS,SW,0.4353220167794286,63,0.00040611429048581613,2,0,External
LVS,TFC,0.41682577231795764,63,0.0007514349855864543,2,2,Internal
LVS,URI,0.45630899604460606,63,0.00019339761340257973,2,0,External
LVS,USB,0.4422570393160758,63,0.0003194991432664895,2,2,Internal
LVS,WYNN,0.7600965476075285,63,7.805383506876339e-13,2,2,Internal
LW,MRK,0.4591893036853047,63,0.00017401529688632075,0,0,Internal
LW,MRNA,0.44468756002671567,63,0.00029337960030026097,0,0,Internal
LW,MTD,0.49321918875563436,63,4.641970073315319e-05,0,0,Internal
LW,OMC,0.4211733506698136,63,0.0006522789002931841,0,0,Internal
LW,OTIS,-0.4556223572321132,63,0.00019830091715393293,0,2,External
LW,PCAR,0.451583917581042,63,0.00022951698913671953,0,0,Internal
LW,RVTY,0.5367010717123383,63,6.901541150542392e-06,0,0,Internal
LW,SW,0.46726581573428927,63,0.00012876351378087543,0,0,Internal
LW,TECH,0.5968213130547457,63,3.061637725507812e-07,0,0,Internal
LW,TEL,0.7670662141547747,63,3.5975577602580035e-13,0,7,External
LW,TMO,0.7639922681003591,63,5.079120933699526e-13,0,0,Internal
LW,TXN,-0.42175779441747513,63,0.0006398950748156217,0,2,External
LW,WAT,0.4228859407014472,63,0.0006165916150952823,0,0,Internal
LW,ZTS,0.40046715167370045,63,0.0012586803614894147,0,3,External
LYB,MAA,0.40921413013382196,63,0.0009583693184722179,0,1,External
LYB,MAR,0.4012987465707618,63,0.0012268663248106205,0,0,Internal
LYB,MAS,0.45346801652644164,63,0.00021443327588605398,0,0,Internal
LYB,MCHP,0.5542199424779833,63,2.963194357525711e-06,0,2,External
LYB,MDLZ,0.4499702804135295,63,0.00024320020556077657,0,1,External
LYB,MGM,0.4235988565711791,63,0.0006022649343419795,0,2,External
LYB,MHK,0.46808667385237074,63,0.00012482923757393814,0,0,Internal
LYB,MKC,0.4913893220294652,63,5.0017775977624807e-05,0,1,External
LYB,MPC,0.5654539777067964,63,1.6792194632855028e-06,0,2,External
LYB,MRK,0.4732269855528908,63,0.00010259928327139316,0,0,Internal
LYB,MRNA,0.49836034838967974,63,3.7550474597033444e-05,0,0,Internal
LYB,MTD,0.4786239680766502,63,8.322469921208885e-05,0,0,Internal
LYB,NDSN,0.4836749219652657,63,6.820275532368318e-05,0,0,Internal
LYB,NFLX,-0.45187002894407663,63,0.0002271656475143272,0,18,External
LYB,NUE,0.5592305529699584,63,2.3060170651159842e-06,0,0,Internal
LYB,NVR,0.4071453050056853,63,0.0010228715745862372,0,0,Internal
LYB,ODFL,0.43237599349643435,63,0.0004489900653925572,0,0,Internal
LYB,OMC,0.41307615430735484,63,0.0008476979178420408,0,0,Internal
LYB,ON,0.5577968387922732,63,2.4785822370536927e-06,0,2,External
LYB,OXY,0.419201439597323,63,0.0006956813224876922,0,2,External
LYB,PCAR,0.5024876251704912,63,3.159462430465076e-05,0,0,Internal
LYB,PFE,0.43903224642501526,63,0.0003574282551354419,0,0,Internal
LYB,PFG,0.4257224772215939,63,0.0005613597822839077,0,3,External
LYB,PHM,0.4498107196008921,63,0.00024459297433130077,0,0,Internal
LYB,PKG,0.44489502285284666,63,0.00029124297986050175,0,0,Internal
LYB,PNC,0.43583322896462245,63,0.0003990656118206539,0,2,External
LYB,PPG,0.6217599567055854,63,6.911220040592647e-08,0,0,Internal
LYB,PRU,0.4024988216877695,63,0.0011822307356283682,0,3,External
LYB,PSX,0.5791963050253853,63,8.142526825992706e-07,0,2,External
LYB,ROK,0.42015381965221565,63,0.0006744027904147021,0,0,Internal
LYB,RVTY,0.43434573025515205,63,0.0004198912375788285,0,0,Internal
LYB,SLB,0.5616165580026029,63,2.0435211415440975e-06,0,2,External
LYB,SPG,0.41396765353093495,63,0.0008238520223379936,0,0,Internal
LYB,SW,0.4191104245610222,63,0.0006977463224759684,0,0,Internal
LYB,SWK,0.5207325993150751,63,1.4328129896444559e-05,0,0,Internal
LYB,SYK,0.47876663485652843,63,8.276160523210094e-05,0,1,External
LYB,TAP,0.5134829112518456,63,1.9724738547989847e-05,0,0,Internal
LYB,TFC,0.5226666693049502,63,1.3140596648581896e-05,0,2,External
LYB,TMO,0.439115065908002,63,0.00035640492496582436,0,0,Internal
LYB,TXT,0.46407477839096917,63,0.000145164068043021,0,2,External
LYB,UDR,0.4936315826819265,63,4.564255210026521e-05,0,1,External
LYB,UPS,0.4402286131733412,63,0.00034290262605284267,0,0,Internal
LYB,USB,0.4066439108492005,63,0.0010390821474541754,0,2,External
LYB,VLO,0.509267814172141,63,2.367451376124529e-05,0,2,External
LYB,WY,0.5136902569365436,63,1.954720762981187e-05,0,0,Internal
LYB,ZBH,0.45470020912959114,63,0.0002050651090234516,0,0,Internal
LYV,MCO,0.43428636344255783,63,0.0004207425574574075,3,3,Internal
MA,MCO,0.5625417798920715,63,1.9494740275215796e-06,3,3,Internal
MA,NDAQ,0.4027030846505383,63,0.0011747807172019496,3,3,Internal
MA,ROP,0.41998183609994716,63,0.0006782011490530963,3,3,Internal
MA,SPGI,0.568737505657199,63,1.416732831580481e-06,3,3,Internal
MA,V,0.7327756243198752,63,1.2846528857783358e-11,3,3,Internal
MAA,MDLZ,0.4283428847107231,63,0.0005143675963434034,1,1,Internal
MAA,META,-0.48747086903015774,63,5.860510582618811e-05,1,7,External
MAA,MHK,0.4140618247770498,63,0.0008213688727493965,1,0,External
MAA,MKC,0.5265728334944324,63,1.1015973461552458e-05,1,1,Internal
MAA,MRK,0.4613181991803667,63,0.00016085195142350866,1,0,External
MAA,MRNA,0.41128305292163964,63,0.0008975584112248156,1,0,External
MAA,MSFT,-0.5229117842138155,63,1.299680664384748e-05,1,7,External
MAA,MTD,0.525037547072234,63,1.180972759171846e-05,1,0,External
MAA,NVDA,-0.4657615933471962,63,0.0001362699692249818,1,7,External
MAA,O,0.5552521724967182,63,2.814951751834608e-06,1,3,External
MAA,OMC,0.5134372482530262,63,1.976403603137758e-05,1,0,External
MAA,PAYC,0.44473110670311183,63,0.0002929299385205786,1,1,Internal
MAA,PAYX,0.582603571246072,63,6.769878287062575e-07,1,1,Internal
MAA,PEP,0.45487157701065123,63,0.0002037923242783666,1,1,Internal
MAA,PFE,0.5314831578204832,63,8.798027106265401e-06,1,0,External
MAA,PHM,0.4133545349206634,63,0.0008401856352112039,1,0,External
MAA,PLD,0.6426406898774687,63,1.7908499776594472e-08,1,1,Internal
MAA,PPG,0.4386173008937573,63,0.00036259581585706155,1,0,External
MAA,PSA,0.7193759205187592,63,4.4943068308637904e-11,1,1,Internal
MAA,REG,0.5614370539996993,63,2.0622522655215475e-06,1,1,Internal
MAA,RVTY,0.4680151136200611,63,0.00012516777190519493,1,0,External
MAA,SJM,0.45592478322379126,63,0.00019612742886201582,1,0,External
MAA,SPG,0.5699057302303159,63,1.3330043497079817e-06,1,0,External
MAA,STT,0.43242688781035504,63,0.0004482156918810524,1,2,External
MAA,STZ,0.48989057179979084,63,5.315480824028485e-05,1,0,External
MAA,SWKS,0.4420203528435054,63,0.00032215280360868223,1,1,Internal
MAA,SYK,0.5561091642978386,63,2.6971738217589153e-06,1,1,Internal
MAA,TECH,0.47360428267968147,63,0.00010112052755845297,1,0,External
MAA,TSN,0.4686840002235913,63,0.0001220360655405709,1,1,Internal
MAA,UDR,0.8327486831137463,63,4.8047418511083104e-17,1,1,Internal
MAA,VTRS,0.4063994273783688,63,0.001047070256697279,1,0,External
MAA,WM,0.41311937192337683,63,0.0008465276957887446,1,3,External
MAA,WY,0.546008647468634,63,4.43039716951994e-06,1,0,External
MAA,ZBH,0.4651304777541581,63,0.00013953737460939278,1,0,External
MAR,MGM,0.4629427668643479,63,0.00015142822000926485,0,2,External
MAR,MHK,0.5632378729082322,63,1.8814047466618363e-06,0,0,Internal
MAR,MMC,0.4472607094632904,63,0.0002678637804783531,0,3,External
MAR,NDSN,0.483356974781687,63,6.906909526663101e-05,0,0,Internal
MAR,NFLX,-0.4184440124507192,63,0.0007130361809939642,0,18,External
MAR,NVDA,-0.4489495097771164,63,0.00025223695441740847,0,7,External
MAR,NVR,0.4430769748319441,63,0.0003104596987361523,0,0,Internal
MAR,ODFL,0.5336322664008541,63,7.964714261365479e-06,0,0,Internal
MAR,OMC,0.4351058979491807,63,0.0004091281089465456,0,0,Internal
MAR,PCAR,0.4373658541251198,63,0.0003785957951640383,0,0,Internal
MAR,PHM,0.41064181963218255,63,0.0009160222716048268,0,0,Internal
MAR,PLD,0.4493627985844554,63,0.0002485418242847814,0,1,External
MAR,PNC,0.4078320605473139,63,0.001001038259116487,0,2,External
MAR,PNR,0.4544905572374137,63,0.0002066321314538467,0,0,Internal
MAR,POOL,0.44481678869015645,63,0.0002920470248210933,0,0,Internal
MAR,PPG,0.43349546226300806,63,0.00043223491290686906,0,0,Internal
MAR,SLB,0.46223571693784044,63,0.00015546559409697748,0,2,External
MAR,SPG,0.45504663405239876,63,0.00020249960943476115,0,0,Internal
MAR,TAP,0.42791845138465745,63,0.0005217279076507395,0,0,Internal
MAR,TFC,0.4232120838785338,63,0.000609999562959722,0,2,External
MAR,TGT,0.4379062330960004,63,0.00037160967939807226,0,0,Internal
MAR,WY,0.4870157034990636,63,5.968626108928099e-05,0,0,Internal
MAS,MHK,0.7856356689366794,63,3.980622633688668e-14,0,0,Internal
MAS,MKC,0.44794425579149805,63,0.0002614352421446795,0,1,External
MAS,MLM,0.49314975548987433,63,4.655174266198001e-05,0,0,Internal
MAS,MMM,0.47886868435199464,63,8.243181136763916e-05,0,0,Internal
MAS,MRK,0.46570818015882365,63,0.00013654375429513458,0,0,Internal
MAS,MTCH,0.4267580090952877,63,0.0005423426186689869,0,1,External
MAS,MTD,0.6004025444555672,63,2.4917474923479507e-07,0,0,Internal
MAS,NCLH,0.5158003447563714,63,1.7822957546125856e-05,0,7,External
MAS,NDSN,0.6104214812342956,63,1.3815163347952263e-07,0,0,Internal
MAS,NFLX,-0.48445180802534943,63,6.612787804600235e-05,0,18,External
MAS,NUE,0.47535244546080396,63,9.452131019991342e-05,0,0,Internal
MAS,NVDA,-0.4823441380309328,63,7.18969565476134e-05,0,7,External
MAS,NVR,0.7471477319149605,63,3.077234231842283e-12,0,0,Internal
MAS,NWS,0.40883527776471396,63,0.0009698992882643322,0,4,External
MAS,NWSA,0.4205546525659738,63,0.0006656248501378347,0,4,External
MAS,ODFL,0.6253252696805575,63,5.5268084488683565e-08,0,0,Internal
MAS,OMC,0.5111102755515132,63,2.1865552858577354e-05,0,0,Internal
MAS,PCAR,0.5793136631546728,63,8.091195103985537e-07,0,0,Internal
MAS,PFE,0.4531875852690408,63,0.0002166193282200129,0,0,Internal
MAS,PHM,0.7177905288624717,63,5.1873484974086047e-11,0,0,Internal
MAS,PKG,0.40209570371867853,63,0.001197058475730895,0,0,Internal
MAS,PNR,0.7382489059153563,63,7.536976722828639e-12,0,0,Internal
MAS,PNW,0.4040542407687551,63,0.0011265559413421214,0,3,External
MAS,POOL,0.7988606294007983,63,7.236599628826697e-15,0,0,Internal
MAS,PPG,0.6376725859412646,63,2.492343636097721e-08,0,0,Internal
MAS,ROK,0.4967505838935944,63,4.014281344142526e-05,0,0,Internal
MAS,RVTY,0.506861669058074,63,2.624603187884455e-05,0,0,Internal
MAS,SHW,0.7479200924526691,63,2.8420778701824734e-12,0,0,Internal
MAS,SLB,0.4108097781745117,63,0.0009111531599712812,0,2,External
MAS,SNA,0.5118621204396421,63,2.1164905802975245e-05,0,0,Internal
MAS,SPG,0.4966270012078432,63,4.034851582898848e-05,0,0,Internal
MAS,SW,0.4123446810026431,63,0.000867727398962974,0,0,Internal
MAS,SWK,0.7987945953140564,63,7.300743502390714e-15,0,0,Internal
MAS,TAP,0.43228081609673596,63,0.0004504414866120603,0,0,Internal
MAS,TECH,0.45667306640674826,63,0.00019084305807962927,0,0,Internal
MAS,TFC,0.4722598806886238,63,0.00010648098863825771,0,2,External
MAS,TGT,0.49134521036950524,63,5.010760943882291e-05,0,0,Internal
MAS,TMO,0.4971486936481362,63,3.948673788136673e-05,0,0,Internal
MAS,TROW,0.41679387412087804,63,0.0007522103455728795,0,2,External
MAS,TSN,0.4610692991018167,63,0.00016234235853304654,0,1,External
MAS,TXT,0.4856770737929672,63,6.29734745632544e-05,0,2,External
MAS,UPS,0.43349910034625316,63,0.0004321814015292518,0,0,Internal
MAS,URI,0.4478197321124294,63,0.00026259574358464645,0,0,Internal
MAS,VMC,0.5498513645584308,63,3.6751181286812714e-06,0,0,Internal
MAS,WAT,0.42650570043180486,63,0.0005469214871912242,0,0,Internal
MAS,WTW,0.5190916015424992,63,1.5413126590625934e-05,0,3,External
MAS,WY,0.6407604459718942,63,2.0309119230332893e-08,0,0,Internal
MAS,XYL,0.44598219957805757,63,0.00028027679942268466,0,7,External
MAS,ZTS,0.414278364172374,63,0.0008156847142932004,0,3,External
MCD,MKC,0.4076152479883608,63,0.0010078853066413159,3,1,External
MCD,NVDA,-0.4029503712135008,63,0.0011658180990698466,3,7,External
MCD,SJM,0.4234195206158278,63,0.0006058401423074968,3,0,External
MCD,SO,0.4109731462561001,63,0.0009064395622454184,3,3,Internal
MCD,SYY,0.44268754501020074,63,0.0003147234954410578,3,1,External
MCD,V,0.4277084011322076,63,0.0005254057633056594,3,3,Internal
MCD,YUM,0.4579093213616838,63,0.00018239755892736,3,3,Internal
MCD,ZTS,0.4393194609264288,63,0.000353890804663253,3,3,Internal
MCHP,NXPI,0.5775507398735926,63,8.895239895581997e-07,2,2,Internal
MCHP,ON,0.5617610450297581,63,2.0285597951049134e-06,2,2,Internal
MCHP,OTIS,0.4738277930051227,63,0.00010025378674698035,2,2,Internal
MCHP,TXN,0.6372252450154775,63,2.5668906301342962e-08,2,2,Internal
MCHP,WY,0.5063874496803387,63,2.6782428277763286e-05,2,0,External
MCK,ORLY,0.40788658202889944,63,0.0009993230602863266,3,3,Internal
MCK,RL,0.448641255585758,63,0.0002550256039861994,3,1,External
MCK,WELL,0.4381354861896325,63,0.0003686814956993725,3,3,Internal
MCK,WM,0.4133437585122752,63,0.0008404753202841037,3,3,Internal
MCK,WRB,0.5452961257074926,63,4.585465787578579e-06,3,3,Internal
MCO,MSCI,0.5518582134599357,63,3.330258624608936e-06,3,7,External
MCO,NDAQ,0.6299514372554201,63,4.117840036350162e-08,3,3,Internal
MCO,ORLY,0.444093741714791,63,0.00029957455143149654,3,3,Internal
MCO,PAYX,0.41492044180448756,63,0.0007990386482083358,3,1,External
MCO,ROL,0.4500477269718335,63,0.00024252680957471194,3,3,Internal
MCO,SPGI,0.865283837044241,63,1.1926534495730855e-19,3,3,Internal
MCO,TYL,0.4359887040979519,63,0.0003969440903608398,3,3,Internal
MCO,V,0.48820246693972436,63,5.69051435601263e-05,3,3,Internal
MDLZ,MKC,0.4502420020063536,63,0.00024084508672945213,1,1,Internal
MDLZ,NVDA,-0.4602430338758819,63,0.00016738126395971149,1,7,External
MDLZ,ODFL,0.4961054098879498,63,4.1227483764643494e-05,1,0,External
MDLZ,PEP,0.5158899692701003,63,1.7752946308800796e-05,1,1,Internal
MDLZ,PFG,0.42466466160420063,63,0.0005814091722213764,1,3,External
MDLZ,PG,0.5015334344639845,63,3.2888120620657127e-05,1,1,Internal
MDLZ,PPG,0.4834853007216853,63,6.87182199894581e-05,1,0,External
MDLZ,RVTY,0.40754933618761985,63,0.0010099751916945198,1,0,External
MDLZ,SJM,0.49309819762595797,63,4.665001518509326e-05,1,0,External
MDLZ,SNA,0.43107909872675004,63,0.0004691379379465909,1,0,External
MDLZ,TSN,0.4111499461154902,63,0.00090136324536431,1,1,Internal
MDLZ,TT,0.4713193853814994,63,0.00011038497184583207,1,3,External
MDLZ,VRSK,0.41212475094678647,63,0.0008738326714623553,1,3,External
MDT,MTD,0.4732519459624447,63,0.00010250084395891565,0,0,Internal
MDT,ROP,0.40028056469004286,63,0.0012659197189674558,0,3,External
MDT,RVTY,0.4616834187669215,63,0.00015868772780711372,0,0,Internal
MDT,STE,0.4302207131735507,63,0.0004829217714783649,0,0,Internal
MDT,ZBH,0.4672530495555851,63,0.00012882558993821793,0,0,Internal
MET,MMC,0.41179833824806095,63,0.0008829654719697608,3,3,Internal
MET,ODFL,0.4408666436300655,63,0.00033537798600339616,3,0,External
MET,PFG,0.8025133567943079,63,4.418729149537321e-15,3,3,Internal
MET,PGR,0.42854202703545985,63,0.0005109467859845486,3,3,Internal
MET,PPG,0.4066538159710095,63,0.0010387596747934902,3,0,External
MET,PRU,0.7891777964944178,63,2.551694260269074e-14,3,3,Internal
MET,RSG,0.41105751866995477,63,0.0009040138307638075,3,3,Internal
MET,TRV,0.4494827805161268,63,0.0002474783953068124,3,3,Internal
MET,VRSK,0.4832713432996215,63,6.930415119741037e-05,3,3,Internal
MET,WRB,0.4743542641177935,63,9.82391438967307e-05,3,3,Internal
MET,WTW,0.41276223470180623,63,0.0008562420301583779,3,3,Internal
META,MSFT,0.5786802988246563,63,8.371871472182895e-07,7,7,Internal
META,PSA,-0.6156587423023342,63,1.0066811809571355e-07,7,1,External
META,QCOM,-0.466312603988162,63,0.00013347486885711206,7,1,External
META,SW,-0.47270891752202426,63,0.00010466218176511771,7,0,External
META,WDC,0.4490968569159964,63,0.00025091383386254164,7,7,Internal
META,XYL,0.6391198845491787,63,2.2649343270915312e-08,7,7,Internal
MGM,MHK,0.45632264369570313,63,0.00019330129045425982,2,0,External
MGM,MTCH,0.4573853198102232,63,0.00018593457504915848,2,1,External
MGM,NDSN,0.4718639225226473,63,0.00010810886690641588,2,0,External
MGM,NKE,0.4267076829920638,63,0.0005432531426594326,2,0,External
MGM,NUE,0.47566316360508865,63,9.339070616617377e-05,2,0,External
MGM,NXPI,0.4170170286512764,63,0.0007468012043569994,2,2,Internal
MGM,ON,0.4010153959885512,63,0.001237624138199833,2,2,Internal
MGM,PCAR,0.47531726731003454,63,9.465010279677813e-05,2,0,External
MGM,PNC,0.5265653113249984,63,1.1019738494560328e-05,2,2,Internal
MGM,PSX,0.4125917655362018,63,0.0008609143120078774,2,2,Internal
MGM,RCL,0.46550447099543224,63,0.00013759256745547163,2,2,Internal
MGM,SLB,0.42160320414298896,63,0.0006431497988409922,2,2,Internal
MGM,SW,0.5413937275005909,63,5.528514681063464e-06,2,0,External
MGM,SWK,0.49124984762601676,63,5.0302325321104007e-05,2,0,External
MGM,TFC,0.5382942387583007,63,6.4032620922493405e-06,2,2,Internal
MGM,TGT,0.5345233587450353,63,7.64125732998759e-06,2,0,External
MGM,UNP,0.431669562573463,63,0.0004598650350513794,2,2,Internal
MGM,UPS,0.44746340040832605,63,0.0002659426366250899,2,0,External
MGM,USB,0.49897743996211497,63,3.659845658647119e-05,2,2,Internal
MGM,WYNN,0.7069087209649922,63,1.3530969534101499e-10,2,2,Internal
MHK,MKC,0.503679329395217,63,3.004530771321451e-05,0,1,External
MHK,MLM,0.5107483426816805,63,2.221045463775868e-05,0,0,Internal
MHK,MRK,0.5704425114992803,63,1.2961077720363076e-06,0,0,Internal
MHK,MSFT,-0.40345907282946286,63,0.0011475741612027605,0,7,External
MHK,MTCH,0.41055586299668995,63,0.0009185232298917993,0,1,External
MHK,MTD,0.6097209755934291,63,1.4406350539491828e-07,0,0,Internal
MHK,NDSN,0.7166447218749048,63,5.7503839105017766e-11,0,0,Internal
MHK,NFLX,-0.4596270236511361,63,0.00017123079507955121,0,18,External
MHK,NUE,0.45378589818928855,63,0.00021197970721536247,0,0,Internal
MHK,NVDA,-0.4454800174294598,63,0.0002852944985736153,0,7,External
MHK,NVR,0.8288887774490095,63,8.982482991359542e-17,0,0,Internal
MHK,ODFL,0.5913073980330872,63,4.183784839014723e-07,0,0,Internal
MHK,OMC,0.5265525499618977,63,1.1026128612426631e-05,0,0,Internal
MHK,PCAR,0.6143854100139561,63,1.0877871566043586e-07,0,0,Internal
MHK,PFE,0.500843532666397,63,3.385369232630752e-05,0,0,Internal
MHK,PHM,0.8031329774182439,63,4.059883636337884e-15,0,0,Internal
MHK,PKG,0.4924347609657602,63,4.793178729932518e-05,0,0,Internal
MHK,PLD,0.43179381323654453,63,0.0004579351013833194,0,1,External
MHK,PNR,0.6642967116724645,63,3.942886344148818e-09,0,0,Internal
MHK,POOL,0.7829028680699601,63,5.578023999041685e-14,0,0,Internal
MHK,PPG,0.6191687448656974,63,8.116169544041804e-08,0,0,Internal
MHK,PSA,0.6019256413649925,63,2.2810189067092263e-07,0,1,External
MHK,REG,0.4096129514108174,63,0.0009463654171740222,0,1,External
MHK,RVTY,0.6174914396298095,63,8.998995482945515e-08,0,0,Internal
MHK,SHW,0.6941806527917295,63,3.9362531209924787e-10,0,0,Internal
MHK,SJM,0.4202497021166268,63,0.0006722935467515436,0,0,Internal
MHK,SLB,0.5380460179239824,63,6.478623990471981e-06,0,2,External
MHK,SNA,0.5245071258804239,63,1.2096099327063663e-05,0,0,Internal
MHK,SPG,0.5467572122921448,63,4.272766247198809e-06,0,0,Internal
MHK,STZ,0.41116662046639973,63,0.0009008858152194784,0,0,Internal
MHK,SW,0.5818533967542028,63,7.051993163189483e-07,0,0,Internal
MHK,SWK,0.708934667065333,63,1.1356458696941357e-10,0,0,Internal
MHK,TAP,0.5808621194644794,63,7.441725636643738e-07,0,0,Internal
MHK,TECH,0.5251361810772832,63,1.1757175829998686e-05,0,0,Internal
MHK,TFC,0.4333335455354317,63,0.00043462260603213806,0,2,External
MHK,TGT,0.568056159529258,63,1.4678150008961907e-06,0,0,Internal
MHK,TMO,0.5142703590981089,63,1.90583655978499e-05,0,0,Internal
MHK,TRMB,0.43556277233521656,63,0.00040278071468410393,0,0,Internal
MHK,TROW,0.4624422258400851,63,0.00015427630464883726,0,2,External
MHK,TSCO,0.40036308736726317,63,0.0012627133277269098,0,0,Internal
MHK,TSN,0.5499401158173592,63,3.6591874736392314e-06,0,1,External
MHK,TXT,0.4448086940213324,63,0.00029213033265630423,0,2,External
MHK,UDR,0.43001416032357487,63,0.00048629303809496794,0,1,External
MHK,URI,0.4636545123638789,63,0.00014746137796265885,0,0,Internal
MHK,VICI,0.4644166909691178,63,0.0001433193411464659,0,3,External
MHK,VMC,0.571222177545651,63,1.2442173450909436e-06,0,0,Internal
MHK,WAT,0.5129930956419844,63,2.0150080808300882e-05,0,0,Internal
MHK,WY,0.7909215416682855,63,2.04360752019239e-14,0,0,Internal
MHK,ZTS,0.4665453094786434,63,0.00013231031647491232,0,3,External
MKC,MRK,0.45694346286683374,63,0.00018896581936952061,1,0,External
MKC,MTD,0.43608992495297727,63,0.00039556841487422303,1,0,External
MKC,NDSN,0.42603714876460247,63,0.000555517917049462,1,0,External
MKC,NVDA,-0.4362234079101608,63,0.00039376090741546075,1,7,External
MKC,NVR,0.5200196263044461,63,1.4790507944009794e-05,1,0,External
MKC,O,0.4715080528563778,63,0.0001095914225288055,1,3,External
MKC,OMC,0.5587384696700475,63,2.3639369267941563e-06,1,0,External
MKC,PAYX,0.614131492980735,63,1.104680545808229e-07,1,1,Internal
MKC,PFE,0.40752881638944033,63,0.0010106266164938552,1,0,External
MKC,PG,0.4737132121018957,63,0.00010069725764535507,1,1,Internal
MKC,PHM,0.5276843773281436,63,1.0472584636337228e-05,1,0,External
MKC,PKG,0.4794062523993351,63,8.071444144241526e-05,1,0,External
MKC,PLD,0.40867909924963725,63,0.0009746887461031942,1,1,Internal
MKC,POOL,0.4664223864290255,63,0.00013292430556970054,1,0,External
MKC,PPG,0.4614106714726066,63,0.0001603014338187696,1,0,External
MKC,PSA,0.6366312690374392,63,2.669134919480935e-08,1,1,Internal
MKC,SHW,0.4645598153097104,63,0.00014255354700426698,1,0,External
MKC,SJM,0.5994743380912193,63,2.6290146391489915e-07,1,0,External
MKC,STZ,0.510123231673433,63,2.281805737824011e-05,1,0,External
MKC,SYY,0.40141575199647933,63,0.0012224486519342524,1,1,Internal
MKC,TAP,0.5638204016100234,63,1.8261572682577536e-06,1,0,External
MKC,TSN,0.633216645970993,63,3.335710560828564e-08,1,1,Internal
MKC,UDR,0.5146789078133982,63,1.8720924056942025e-05,1,1,Internal
MKC,VICI,0.41592929559074854,63,0.0007735036519351331,1,3,External
MKC,VRSK,0.43793083361816504,63,0.0003712944523978565,1,3,External
MKC,VTRS,0.44489482351766946,63,0.0002912450259405669,1,0,External
MKC,WY,0.5855371224978038,63,5.765217008713494e-07,1,0,External
MKC,XEL,0.40267650938585775,63,0.0011757475900916403,1,3,External
MKC,ZBH,0.43679549833229797,63,0.00038609904016799593,1,0,External
MKC,ZTS,0.5290196342431011,63,9.85282276446479e-06,1,3,External
MLM,MRK,0.410163265418523,63,0.0009300246621621734,0,0,Internal
MLM,MTD,0.4317163448295369,63,0.0004591375194247838,0,0,Internal
MLM,NDSN,0.5255486476805706,63,1.1539762874740308e-05,0,0,Internal
MLM,NVR,0.5272737401586666,63,1.0670355791398094e-05,0,0,Internal
MLM,PFE,0.4745734152003085,63,9.741155245472855e-05,0,0,Internal
MLM,PHM,0.4693072681245193,63,0.0001191828931631647,0,0,Internal
MLM,PNR,0.4953513913824286,63,4.2529457100421674e-05,0,0,Internal
MLM,POOL,0.4634824489176395,63,0.00014841151913227727,0,0,Internal
MLM,PPG,0.41516637464286404,63,0.0007927445689873844,0,0,Internal
MLM,REG,0.4791887254052451,63,8.140536651409548e-05,0,1,External
MLM,RF,0.40536656415585665,63,0.001081432075852635,0,2,External
MLM,RVTY,0.4582109744075383,63,0.0001803894608357094,0,0,Internal
MLM,SHW,0.5520281124186952,63,3.3024962471723625e-06,0,0,Internal
MLM,SPG,0.42853652594634284,63,0.0005110410038982586,0,0,Internal
MLM,TECH,0.40426337783861427,63,0.001119253071238572,0,0,Internal
MLM,TSCO,0.42830457778565145,63,0.0005150280026244281,0,0,Internal
MLM,TSN,0.4025732246883696,63,0.0011795121471235234,0,1,External
MLM,VLTO,0.4881663444779571,63,5.698799903677366e-05,0,3,External
MLM,VMC,0.8804998933280095,63,4.107388906893231e-21,0,0,Internal
MMC,NVDA,-0.43971459481469155,63,0.0003490763105354229,3,7,External
MMC,ORLY,0.41088931875064527,63,0.0009088554476225569,3,3,Internal
MMC,PAYX,0.5136645520973377,63,1.956913550900878e-05,3,1,External
MMC,PFG,0.4039384820065658,63,0.0011306165595677154,3,3,Internal
MMC,PGR,0.6013579568307038,63,2.3575195571733481e-07,3,3,Internal
MMC,PNW,0.41377058251588844,63,0.0008290704546095538,3,3,Internal
MMC,PPL,0.40821449728472814,63,0.0009890629386524773,3,3,Internal
MMC,PYPL,0.40682271075754445,63,0.0010332749814255988,3,3,Internal
MMC,ROL,0.5003926370574512,63,3.4498861898101556e-05,3,3,Internal
MMC,RSG,0.4162392781403437,63,0.0007658073255054719,3,3,Internal
MMC,SHW,0.4243917580140135,63,0.0005866860160390634,3,0,External
MMC,SO,0.4001278774503277,63,0.0012718716525637768,3,3,Internal
MMC,SYK,0.40230066165306816,63,0.0011894987897374373,3,1,External
MMC,TRV,0.5755383031534772,63,9.904505472560364e-07,3,3,Internal
MMC,TSN,0.4637606486231303,63,0.00014687807573989209,3,1,External
MMC,V,0.4185479331767393,63,0.0007106320799588639,3,3,Internal
MMC,VRSK,0.51974178458397,63,1.4974418658947726e-05,3,3,Internal
MMC,VRSN,0.44014657740432295,63,0.0003438812041603726,3,3,Internal
MMC,WM,0.4128924568213086,63,0.0008526883061859224,3,3,Internal
MMC,WRB,0.6580399479873297,63,6.182553019424891e-09,3,3,Internal
MMC,WTW,0.6195956049085676,63,7.904909154746396e-08,3,3,Internal
MMM,NDSN,0.40147512133457963,63,0.0012202125751183473,0,0,Internal
MMM,ODFL,0.4650909684869486,63,0.00013974429392391474,0,0,Internal
MMM,PFG,0.4014727655098353,63,0.0012203012343143338,0,3,External
MMM,PNR,0.5815231520616904,63,7.179652888974652e-07,0,0,Internal
MMM,PPG,0.4415693750984634,63,0.00032726475154743145,0,0,Internal
MMM,SLB,0.40597096180100656,63,0.001061203349270728,0,2,External
MMM,XYL,0.42711804091005007,63,0.000535869055383429,0,7,External
MO,PM,0.4022563092206319,63,0.0011911310345308725,7,7,Internal
MOH,SYK,0.4234478669500045,63,0.0006052737574286049,1,1,Internal
MOH,UHS,0.4689893600421163,63,0.00012063045195778725,1,2,External
MOH,UNH,0.5426174374032507,63,5.214917550887335e-06,1,1,Internal
MOH,UNP,0.4135429299617213,63,0.0008351358691003125,1,2,External
MOS,MTCH,-0.43611841425591574,63,0.00039518200518035555,2,1,External
MOS,NRG,0.5108208258398679,63,2.214098082525622e-05,2,2,Internal
MOS,ROK,0.48128663341941924,63,7.496310111716597e-05,2,0,External
MPC,MTB,0.5156528946390428,63,1.793869787499372e-05,2,2,Internal
MPC,NUE,0.41170905603560987,63,0.0008854784999299764,2,0,External
MPC,NXPI,0.5008292741504762,63,3.3873922149716985e-05,2,2,Internal
MPC,OXY,0.43792073557907285,63,0.00037142381750616797,2,2,Internal
MPC,PNC,0.4177774876685409,63,0.0007286314425098345,2,2,Internal
MPC,PSX,0.8550736039816568,63,9.15736880361125e-19,2,2,Internal
MPC,SLB,0.5679599431148022,63,1.475166062056317e-06,2,2,Internal
MPC,TFC,0.4533428698632299,63,0.00021540632827825258,2,2,Internal
MPC,TXT,0.4003031110235971,63,0.0012650429621750142,2,2,Internal
MPC,VLO,0.893285202460932,63,1.6654396483507427e-22,2,2,Internal
MPC,XOM,0.47780509127856846,63,8.592923674827648e-05,2,2,Internal
MPWR,NXPI,0.43194775136147545,63,0.0004555542604967501,7,2,External
MPWR,QCOM,0.4303667069546958,63,0.0004805517518655572,7,1,External
MPWR,TROW,0.4154046642910002,63,0.0007866889071123914,7,2,External
MPWR,VRSK,-0.4156079984093673,63,0.000781554690091267,7,3,External
MPWR,ZBRA,0.40236907480659395,63,0.0011869850182847981,7,3,External
MRK,MRNA,0.6003653657040369,63,2.4971134488820387e-07,0,0,Internal
MRK,MSFT,-0.5065600511442128,63,2.6586031483416025e-05,0,7,External
MRK,MTD,0.561563917412817,63,2.048997587517386e-06,0,0,Internal
MRK,NDSN,0.4289308436319227,63,0.000504327304270539,0,0,Internal
MRK,NVR,0.6225812533956636,63,6.565979478208606e-08,0,0,Internal
MRK,OMC,0.4821974824204344,63,7.23151540015415e-05,0,0,Internal
MRK,PCAR,0.47903473129749197,63,8.189778239554624e-05,0,0,Internal
MRK,PEP,0.44020873376792774,63,0.0003431395277097033,0,1,External
MRK,PFE,0.701060470995881,63,2.2254395134689605e-10,0,0,Internal
MRK,PHM,0.5670013892945558,63,1.550308097157731e-06,0,0,Internal
MRK,PKG,0.5379646817720319,63,6.503497612550187e-06,0,0,Internal
MRK,POOL,0.4750974491302308,63,9.545855477064738e-05,0,0,Internal
MRK,PPG,0.5494793434731401,63,3.7426025974676117e-06,0,0,Internal
MRK,PSA,0.49309117845349754,63,4.6663408982091625e-05,0,1,External
MRK,REGN,0.5326010735339612,63,8.35492827000944e-06,0,0,Internal
MRK,RMD,0.4318579599407511,63,0.0004569416226970769,0,3,External
MRK,RVTY,0.5701473433928266,63,1.3162765089133759e-06,0,0,Internal
MRK,SHW,0.4547586264717611,63,0.00020463041622173177,0,0,Internal
MRK,SJM,0.5213567554665061,63,1.393441406316273e-05,0,0,Internal
MRK,SLB,0.41801080901982934,63,0.0007231374390748558,0,2,External
MRK,SW,0.6023345810631838,63,2.2273650700750437e-07,0,0,Internal
MRK,SWK,0.4961490020671669,63,4.115335132199003e-05,0,0,Internal
MRK,SYK,0.41316100688345064,63,0.0008454017090469379,0,1,External
MRK,TAP,0.46688987136057,63,0.00013060311498232154,0,0,Internal
MRK,TECH,0.5515059336838611,63,3.3885192181979553e-06,0,0,Internal
MRK,TMO,0.5795999449844833,63,7.967248085847777e-07,0,0,Internal
MRK,TSCO,0.44379852596687785,63,0.0003026985802677601,0,0,Internal
MRK,TSN,0.520578397708624,63,1.4426979469829701e-05,0,1,External
MRK,UNH,0.417562716359349,63,0.0007337220182088419,0,1,External
MRK,UPS,0.4394727210523417,63,0.0003520162740156709,0,0,Internal
MRK,VTRS,0.6054969771188718,63,1.850799255479806e-07,0,0,Internal
MRK,WY,0.4828331484694532,63,7.05185677723693e-05,0,0,Internal
MRK,ZBH,0.5356596442393232,63,7.246540853557404e-06,0,0,Internal
MRK,ZTS,0.5065753455443296,63,2.656869307304698e-05,0,3,External
MRNA,MSFT,-0.5093561124331226,63,2.3584748436554272e-05,0,7,External
MRNA,MTD,0.5638729571380041,63,1.8212482795641669e-06,0,0,Internal
MRNA,NUE,0.438283862931159,63,0.0003667975439139554,0,0,Internal
MRNA,OMC,0.4885937725945272,63,5.601468867667844e-05,0,0,Internal
MRNA,ON,0.4021203418986806,63,0.001196147437404816,0,2,External
MRNA,OXY,0.4284357118504471,63,0.0005127704580133795,0,2,External
MRNA,PFE,0.6149345462537698,63,1.0520817602613097e-07,0,0,Internal
MRNA,POOL,0.47421013247033245,63,9.878695625818548e-05,0,0,Internal
MRNA,PPG,0.4736065256582864,63,0.0001011117954817895,0,0,Internal
MRNA,REGN,0.46859141999170567,63,0.00012246518814831457,0,0,Internal
MRNA,RVTY,0.5260738535466831,63,1.1268335504996946e-05,0,0,Internal
MRNA,STZ,0.40793150157923996,63,0.0009979119224992718,0,0,Internal
MRNA,SW,0.45809157018152835,63,0.0001811818977606734,0,0,Internal
MRNA,SWK,0.5210136155634695,63,1.4149603589097602e-05,0,0,Internal
MRNA,TECH,0.5105133208842267,63,2.2437111736422407e-05,0,0,Internal
MRNA,TGT,0.4198481711232913,63,0.0006811665917506209,0,0,Internal
MRNA,TMO,0.571148885656929,63,1.2490110631136818e-06,0,0,Internal
MRNA,UPS,0.4248219091962639,63,0.0005783882348491412,0,0,Internal
MRNA,WY,0.5104815374600997,63,2.2467928070743333e-05,0,0,Internal
MS,MTB,0.4857120631527259,63,6.288546882668779e-05,2,2,Internal
MS,NTRS,0.41527131848287735,63,0.0007900724519857585,2,2,Internal
MS,RJF,0.43108801310763906,63,0.00046899668800764105,2,2,Internal
MS,SCHW,0.43909133607275114,63,0.00035669786117901097,2,2,Internal
MS,USB,0.47440009370267194,63,9.806554228597032e-05,2,2,Internal
MS,WFC,0.4786632931699361,63,8.309681297186387e-05,2,2,Internal
MSCI,NDAQ,0.4733716943454563,63,0.00010202978500118711,7,3,External
MSCI,NOC,-0.44381717288066863,63,0.0003025003789461841,7,0,External
MSCI,PM,0.4989095718695209,63,3.670205636167543e-05,7,7,Internal
MSCI,SPGI,0.5200180910238299,63,1.4791518395190497e-05,7,3,External
MSFT,MTD,-0.4070542659816545,63,0.0010257978994253772,7,0,External
MSFT,OMC,-0.41820768660922325,63,0.0007185307785047744,7,0,External
MSFT,PFE,-0.44266920862139414,63,0.00031492556788059,7,0,External
MSFT,POOL,-0.4017953267589842,63,0.0012082157641618112,7,0,External
MSFT,PSA,-0.6237367887634672,63,6.107705485528065e-08,7,1,External
MSFT,QCOM,-0.5356612429610549,63,7.24599913389189e-06,7,1,External
MSFT,SW,-0.4722008223074141,63,0.00010672235290374202,7,0,External
MSFT,SWK,-0.40183597489249634,63,0.0012067004614457048,7,0,External
MSFT,SWKS,-0.496379434830293,63,4.076352302175704e-05,7,1,External
MSFT,TSN,-0.4577134629545232,63,0.00018371232728500847,7,1,External
MSFT,WY,-0.4755797663574656,63,9.369293389044665e-05,7,0,External
MSFT,XYL,0.5021260159755127,63,3.207917416545912e-05,7,7,Internal
MTB,NVDA,-0.40323433871419295,63,0.0011556020155943647,2,7,External
MTB,PFG,0.4151317403414172,63,0.000793628232038006,2,3,External
MTB,PNC,0.7184957826519021,63,4.8673375314349404e-11,2,2,Internal
MTB,PRU,0.5519375115352051,63,3.317273879034423e-06,2,3,External
MTB,PSX,0.5392297517252691,63,6.12651445723112e-06,2,2,Internal
MTB,RF,0.6802498597362451,63,1.1915993453424951e-09,2,2,Internal
MTB,SLB,0.46498257882594,63,0.00014031340298725761,2,2,Internal
MTB,STT,0.40988623223388165,63,0.0009382186318659866,2,2,Internal
MTB,SYF,0.5341717981360611,63,7.767380019308063e-06,2,2,Internal
MTB,TFC,0.729494243670772,63,1.7576868917441195e-11,2,2,Internal
MTB,TROW,0.502292294365541,63,3.1855516036033606e-05,2,2,Internal
MTB,USB,0.7481875439358419,63,2.764724718783713e-12,2,2,Internal
MTB,VICI,0.44613895547678906,63,0.00027872711034946144,2,3,External
MTB,VLO,0.48217034156623356,63,7.239279321655813e-05,2,2,Internal
MTB,WFC,0.46051150402232427,63,0.00016572851359797128,2,2,Internal
MTCH,NRG,-0.6005267128231956,63,2.4739049772852917e-07,1,2,External
MTCH,POOL,0.46748513896942917,63,0.00012770132470223797,1,0,External
MTCH,SYY,0.5124441846793734,63,2.0636843185546304e-05,1,1,Internal
MTCH,TGT,0.42729291879328285,63,0.0005327500439911036,1,0,External
MTCH,TRMB,0.4088718776235876,63,0.000968779972927207,1,0,External
MTCH,TSN,0.41227038399601484,63,0.0008697855639864364,1,1,Internal
MTD,NDSN,0.5143738597051734,63,1.8972349307740573e-05,0,0,Internal
MTD,NFLX,-0.448776327700643,63,0.0002538002122895019,0,18,External
MTD,NVDA,-0.42299389075266186,63,0.0006144025960330946,0,7,External
MTD,NVR,0.5785370128463704,63,8.436623504246452e-07,0,0,Internal
MTD,OMC,0.5641538775845496,63,1.7952175120804512e-06,0,0,Internal
MTD,PCAR,0.5617734833602783,63,2.0272766341894387e-06,0,0,Internal
MTD,PEP,0.4430697315296357,63,0.0003105385209394085,0,1,External
MTD,PFE,0.6148722515266756,63,1.0560759482712389e-07,0,0,Internal
MTD,PG,0.4353218286943243,63,0.00040611690455893306,0,1,External
MTD,PH,0.43874322900735485,63,0.00036102040984849784,0,0,Internal
MTD,PHM,0.5948856053892927,63,3.4186245687747603e-07,0,0,Internal
MTD,PLD,0.46474713822233227,63,0.00014155693958183016,0,1,External
MTD,PNC,0.42241253661286743,63,0.0006262750892163932,0,2,External
MTD,PNR,0.4703136204408291,63,0.00011470515232480423,0,0,Internal
MTD,POOL,0.677356469290615,63,1.4885856443391938e-09,0,0,Internal
MTD,PPG,0.48506949857301795,63,6.4519884488901e-05,0,0,Internal
MTD,PSA,0.45878536600357467,63,0.00017662165009472064,0,1,External
MTD,REG,0.4481730026452978,63,0.00025931563215001477,0,1,External
MTD,RMD,0.47235773844525675,63,0.00010608216072744758,0,3,External
MTD,ROK,0.4411552975280685,63,0.00033202345679640835,0,0,Internal
MTD,RVTY,0.6889644610264057,63,6.002470303995622e-10,0,0,Internal
MTD,SBUX,0.4351018778187481,63,0.0004091843627937652,0,0,Internal
MTD,SHW,0.4879113988903162,63,5.757595099419279e-05,0,0,Internal
MTD,SJM,0.4856586323367239,63,6.301990448019658e-05,0,0,Internal
MTD,SLB,0.44506322320579017,63,0.00028952115311513173,0,2,External
MTD,SPG,0.45469856784681445,63,0.0002050773342695625,0,0,Internal
MTD,STE,0.4152748394792274,63,0.0007899829405544646,0,0,Internal
MTD,STZ,0.5124058288022242,63,2.0671260825136296e-05,0,0,Internal
MTD,SW,0.5030305451761472,63,3.0879832053044974e-05,0,0,Internal
MTD,SWK,0.615082544518322,63,1.0426495043285287e-07,0,0,Internal
MTD,SWKS,0.4022127400558853,63,0.001192736416952453,0,1,External
MTD,SYK,0.5427041713382772,63,5.1933325184591904e-06,0,1,External
MTD,TAP,0.42441374280834293,63,0.0005862593161598684,0,0,Internal
MTD,TECH,0.6907860905027186,63,5.185252625384017e-10,0,0,Internal
MTD,TFC,0.427600527552187,63,0.0005273037024717203,0,2,External
MTD,TGT,0.45140308140308083,63,0.000231014608521322,0,0,Internal
MTD,TMO,0.766099794181413,63,4.01183263667603e-13,0,0,Internal
MTD,TSN,0.44156538847555044,63,0.0003273102689407589,0,1,External
MTD,UDR,0.43539694728840284,63,0.0004050740975039472,0,1,External
MTD,URI,0.45716944257854425,63,0.00018740993550246963,0,0,Internal
MTD,VTRS,0.5069886598004856,63,2.610409021788728e-05,0,0,Internal
MTD,WAT,0.6557207361043562,63,7.2849151366651196e-09,0,0,Internal
MTD,WY,0.6232662573454815,63,6.290544888569691e-08,0,0,Internal
MTD,ZBH,0.5538803589009239,63,3.013537176884427e-06,0,0,Internal
MTD,ZTS,0.46744058042334224,63,0.00012791646949912678,0,3,External
MU,V,-0.4052053147561521,63,0.0010868873798665114,7,3,External
NCLH,NFLX,-0.42887550402243607,63,0.0005052646638521153,7,18,External
NCLH,PFG,0.40692679921300995,63,0.0010299078315889108,7,3,External
NCLH,PNR,0.4156002678732722,63,0.0007817493316601646,7,0,External
NCLH,WTW,0.4883952112943722,63,5.646491467440874e-05,7,3,External
NCLH,XYL,0.6335810491650169,63,3.257710860363006e-08,7,7,Internal
NDAQ,ORLY,0.4974680621043803,63,3.896760939655737e-05,3,3,Internal
NDAQ,ROL,0.5648101991681146,63,1.7357523609968482e-06,3,3,Internal
NDAQ,SPGI,0.6059505845709275,63,1.8019825601062345e-07,3,3,Internal
NDAQ,TXT,-0.4547123516048087,63,0.00020497468539787105,3,2,External
NDAQ,UNP,-0.4010770275266979,63,0.0012352770102005443,3,2,External
NDAQ,WAB,-0.4342540557294206,63,0.0004212065096335583,3,2,External
NDAQ,WST,0.4999265215847634,63,3.517775479000223e-05,3,3,Internal
NDSN,NFLX,-0.5099612165309915,63,2.2978030545148004e-05,0,18,External
NDSN,NVR,0.5593471791849728,63,2.292485740594847e-06,0,0,Internal
NDSN,NWS,0.40019066071072806,63,0.0012694212440495917,0,4,External
NDSN,NWSA,0.4174857435088317,63,0.0007355542742620239,0,4,External
NDSN,ODFL,0.5778365135051321,63,8.760004385839829e-07,0,0,Internal
NDSN,OXY,0.4400637766940063,63,0.0003448714878454458,0,2,External
NDSN,PCAR,0.5935120737595779,63,3.6952886494815006e-07,0,0,Internal
NDSN,PFE,0.5585881230038489,63,2.381902834641333e-06,0,0,Internal
NDSN,PFG,0.44721676775203684,63,0.00026828193690284,0,3,External
NDSN,PH,0.5513554005745371,63,3.4137038509242055e-06,0,0,Internal
NDSN,PHM,0.5329994403974749,63,8.20211854984602e-06,0,0,Internal
NDSN,PKG,0.6456770972032891,63,1.458952848042417e-08,0,0,Internal
NDSN,PNC,0.4498265977682422,63,0.0002444540515976916,0,2,External
NDSN,PNR,0.728534126501172,63,1.9248990473206615e-11,0,0,Internal
NDSN,POOL,0.5948093951359029,63,3.43345018504879e-07,0,0,Internal
NDSN,PPG,0.5634103120442486,63,1.8648895970880277e-06,0,0,Internal
NDSN,PSX,0.41330365632539595,63,0.0008415541169365891,0,2,External
NDSN,ROK,0.5483259596896278,63,3.959255162103703e-06,0,0,Internal
NDSN,RVTY,0.5524898701202591,63,3.228131241483926e-06,0,0,Internal
NDSN,SHW,0.47477914767369805,63,9.664047611377336e-05,0,0,Internal
NDSN,SLB,0.5850090531315401,63,5.935054113432023e-07,0,2,External
NDSN,SNA,0.5702328229429611,63,1.310405673253347e-06,0,0,Internal
NDSN,SPG,0.5483242317112914,63,3.959588358132263e-06,0,0,Internal
NDSN,SW,0.6435559462365846,63,1.6839546061933307e-08,0,0,Internal
NDSN,SWK,0.6026266242678002,63,2.1897778895190123e-07,0,0,Internal
NDSN,TECH,0.5242309304806252,63,1.2247759637245017e-05,0,0,Internal
NDSN,TFC,0.4474987391218396,63,0.00026560898091529785,0,2,External
NDSN,TGT,0.4379722654669208,63,0.0003707641021441139,0,0,Internal
NDSN,TMO,0.47228753813062485,63,0.0001063681287605458,0,0,Internal
NDSN,TSN,0.425546053343369,63,0.0005646594243090454,0,1,External
NDSN,TXT,0.5410982673090473,63,5.606823573269773e-06,0,2,External
NDSN,URI,0.4528781936103009,63,0.0002190547802388476,0,0,Internal
NDSN,VMC,0.6101888952087537,63,1.4008869943681184e-07,0,0,Internal
NDSN,WAT,0.47024324316217175,63,0.00011501319352810412,0,0,Internal
NDSN,WY,0.6271871799064831,63,4.912338698494152e-08,0,0,Internal
NDSN,WYNN,0.40658816528018243,63,0.0010408986930317654,0,2,External
NEE,OTIS,0.5492574483071753,63,3.7834034860687505e-06,3,2,External
NEE,PNW,0.49386961247800804,63,4.5199479668907816e-05,3,3,Internal
NEE,SO,0.43341805144846696,63,0.00043337495291381886,3,3,Internal
NEE,TEL,-0.4846393592592937,63,6.563577371917016e-05,3,7,External
NEE,TXN,0.4523159223605062,63,0.00022354506646906432,3,2,External
NFLX,NVR,-0.4195539756341756,63,0.0006877349236498063,18,0,External
NFLX,ODFL,-0.47588140295645004,63,9.26040575290157e-05,18,0,External
NFLX,OMC,-0.5257895647438959,63,1.1414510306638447e-05,18,0,External
NFLX,PCAR,-0.5659804700573936,63,1.6342724100040084e-06,18,0,External
NFLX,PFG,-0.41682913422222634,63,0.0007513533088168901,18,3,External
NFLX,PLD,-0.5062087113077786,63,2.698722417347025e-05,18,1,External
NFLX,PNR,-0.4279450627957262,63,0.0005212636302011611,18,0,External
NFLX,POOL,-0.45125441619042767,63,0.00023225248709332207,18,0,External
NFLX,PPG,-0.4473818041714153,63,0.0002667145027734354,18,0,External
NFLX,RF,-0.4418440701280222,63,0.00032414227931655445,18,2,External
NFLX,ROK,-0.4150016934131864,63,0.0007969542208689041,18,0,External
NFLX,SWK,-0.43207784968324503,63,0.0004535509135632424,18,0,External
NFLX,TMO,-0.444101613507994,63,0.0002994916548601886,18,0,External
NFLX,WTW,-0.40312327072555104,63,0.0011595881839590453,18,3,External
NFLX,WY,-0.4501013130869932,63,0.00024206187773643414,18,0,External
NI,PEG,0.5705779532840297,63,1.2869503383714049e-06,3,3,Internal
NI,PNW,0.47473748234695673,63,9.679618097802071e-05,3,3,Internal
NI,PPL,0.47709235255648863,63,8.834884964392664e-05,3,3,Internal
NI,SO,0.5344999703619541,63,7.649588333707446e-06,3,3,Internal
NI,SRE,0.5270866342908589,63,1.0761617196315024e-05,3,3,Internal
NI,WEC,0.5447528048886173,63,4.7070987509327486e-06,3,3,Internal
NI,WELL,0.43522672880620417,63,0.000407440599808493,3,3,Internal
NI,XEL,0.6069237116041645,63,1.7013165936279566e-07,3,3,Internal
NKE,NVR,0.4354616605365599,63,0.0004041776939962788,0,0,Internal
NKE,SW,0.42546112664295105,63,0.0005662540691338224,0,0,Internal
NOC,NVR,0.5462480010239322,63,4.3794138686696954e-06,0,0,Internal
NOC,OMC,0.41495604573965983,63,0.0007981246593516033,0,0,Internal
NOC,PCAR,0.43239234083640893,63,0.00044874120276489836,0,0,Internal
NOC,PHM,0.5634020856257458,63,1.8656743798622036e-06,0,0,Internal
NOC,ZTS,0.41862970453814785,63,0.0007087455444811238,0,3,External
NOW,PANW,0.47304607665903037,63,0.00010331535792602115,1,1,Internal
NRG,ODFL,-0.4378025184637008,63,0.0003729413438658879,2,0,External
NRG,PEG,0.5500950017319285,63,3.631540197345313e-06,2,3,External
NSC,UNP,0.5659777641530739,63,1.6345005071360837e-06,1,2,External
NSC,UPS,0.4083942553431602,63,0.0009834789222123393,1,0,External
NTRS,RJF,0.623895513910864,63,6.047167702587402e-08,2,2,Internal
NTRS,SCHW,0.4430189435732431,63,0.00031109171263588487,2,2,Internal
NTRS,STT,0.5807163059452107,63,7.500730921402221e-07,2,2,Internal
NTRS,TPR,-0.40806318406091074,63,0.0009937855001108259,2,1,External
NTRS,WFC,0.5090508858535947,63,2.3896393025600766e-05,2,2,Internal
NUE,PCAR,0.4629244981761221,63,0.00015153131520490699,0,0,Internal
NUE,POOL,0.4042309365243551,63,0.0011203830890491688,0,0,Internal
NUE,PSX,0.4881941954612729,63,5.6924106347197764e-05,0,2,External
NUE,SLB,0.4713985618134365,63,0.0001100513089142443,0,2,External
NUE,SPG,0.4500731873748745,63,0.00024230580453646114,0,0,Internal
NUE,SWK,0.5656575386631584,63,1.6617057883082392e-06,0,0,Internal
NUE,TGT,0.44651272777693624,63,0.0002750635167531261,0,0,Internal
NUE,UPS,0.4152039225693289,63,0.0007917875728342892,0,0,Internal
NUE,WY,0.4726500163765923,63,0.00010489911966205457,0,0,Internal
NVDA,NVR,-0.5045222172949171,63,2.8992292358010894e-05,7,0,External
NVDA,O,-0.5078539361662273,63,2.5155718537619618e-05,7,3,External
NVDA,ODFL,-0.43813323701217244,63,0.0003687101213971287,7,0,External
NVDA,OMC,-0.48544000064568843,63,6.357276330069433e-05,7,0,External
NVDA,ORCL,0.40024000398643206,63,0.0012674983751118935,7,7,Internal
NVDA,PAYX,-0.4038683733937464,63,0.001133082255702021,7,1,External
NVDA,PG,-0.5620882331423974,63,1.9950581601645175e-06,7,1,External
NVDA,PHM,-0.5117757683704741,63,2.1244305640058156e-05,7,0,External
NVDA,POOL,-0.4431899951338622,63,0.0003092321647891704,7,0,External
NVDA,SHW,-0.4249170132687977,63,0.0005765680765280878,7,0,External
NVDA,SPG,-0.5412528325617588,63,5.56572941401506e-06,7,0,External
NVDA,SYY,-0.48073595488195586,63,7.66070297875361e-05,7,1,External
NVDA,TFC,-0.45072127339948537,63,0.0002367418118406504,7,2,External
NVDA,TSN,-0.43676348475853516,63,0.0003865241774798264,7,1,External
NVDA,UDR,-0.47921786847840436,63,8.131248522089299e-05,7,1,External
NVDA,USB,-0.44802013569928867,63,0.00026073037704143684,7,2,External
NVR,ODFL,0.480466257948131,63,7.742420915393954e-05,0,0,Internal
NVR,OMC,0.5876198059679101,63,5.1388753848597e-07,0,0,Internal
NVR,PCAR,0.6016668685264832,63,2.3155964475310485e-07,0,0,Internal
NVR,PEP,0.42706370408707117,63,0.0005368415433183091,0,1,External
NVR,PFE,0.5011778696419682,63,3.3382531693925554e-05,0,0,Internal
NVR,PG,0.4146605796876755,63,0.0008057382892148878,0,1,External
NVR,PHM,0.9494674877050004,63,6.877320066057695e-32,0,0,Internal
NVR,PKG,0.4387428792995255,63,0.00036102477616945585,0,0,Internal
NVR,PM,-0.45771295434174525,63,0.0001837157527996032,0,7,External
NVR,PNR,0.5592839105071882,63,2.2998171178985954e-06,0,0,Internal
NVR,POOL,0.7404955377376827,63,6.032106913560411e-12,0,0,Internal
NVR,PPG,0.5649520020175919,63,1.7231491431821188e-06,0,0,Internal
NVR,PSA,0.5648685045158002,63,1.7305598601410245e-06,0,1,External
NVR,REG,0.4211184317040839,63,0.0006534536743350703,0,1,External
NVR,ROST,0.48330812282425323,63,6.920310226735987e-05,0,3,External
NVR,RVTY,0.49919489852949417,63,3.6268328185002936e-05,0,0,Internal
NVR,SHW,0.6248095379432687,63,5.709432861515236e-08,0,0,Internal
NVR,SJM,0.5054547535283493,63,2.7867169209567625e-05,0,0,Internal
NVR,SLB,0.43034159832681906,63,0.0004809586036183376,0,2,External
NVR,SNA,0.45423445006384094,63,0.00020856124837482636,0,0,Internal
NVR,SPG,0.4981668668391649,63,3.785365271784963e-05,0,0,Internal
NVR,SW,0.44457480320961773,63,0.0002945468534711149,0,0,Internal
NVR,SWK,0.6647303951053093,63,3.820339680801247e-09,0,0,Internal
NVR,TAP,0.5490517166403838,63,3.82160309241423e-06,0,0,Internal
NVR,TECH,0.4055663877546159,63,0.0010747059989610524,0,0,Internal
NVR,TFC,0.46684797071363054,63,0.00013080963440190066,0,2,External
NVR,TGT,0.5678257403682058,63,1.4854769398105613e-06,0,0,Internal
NVR,TMO,0.4755731996228424,63,9.371676961219392e-05,0,0,Internal
NVR,TROW,0.5088170135381263,63,2.4137761492477703e-05,0,2,External
NVR,TSCO,0.5190155281385319,63,1.5465229667686824e-05,0,0,Internal
NVR,TSN,0.5490945341583147,63,3.813623312916339e-06,0,1,External
NVR,TXT,0.42427100727211925,63,0.0005890346782746044,0,2,External
NVR,VICI,0.41673197003917023,63,0.0007537171346982577,0,3,External
NVR,VLTO,0.40378945802960686,63,0.001135863476749164,0,3,External
NVR,VMC,0.5642491618249864,63,1.7864676406543555e-06,0,0,Internal
NVR,WAT,0.441548322840745,63,0.000327505181628571,0,0,Internal
NVR,WY,0.6648767407568195,63,3.779807782044624e-09,0,0,Internal
NVR,ZTS,0.49562095527587374,63,4.205969448930142e-05,0,3,External
NWS,NWSA,0.8908799767208591,63,3.136787687437679e-22,4,4,Internal
NWS,POOL,0.4295284517475901,63,0.0004943050062520358,4,0,External
NWS,PPG,0.4037037756852083,63,0.0011388901492312778,4,0,External
NWS,SHW,0.4344403737285314,63,0.0004185372914934185,4,0,External
NWS,TXT,0.4142701332717696,63,0.0008159001234555101,4,2,External
NWS,WY,0.4311691989917336,63,0.0004677120616652061,4,0,External
NWSA,POOL,0.4384020531197164,63,0.00036530315377371027,4,0,External
NWSA,PSKY,0.41856797399225637,63,0.0007101693009982364,4,4,Internal
NWSA,ROK,0.42408277513588044,63,0.0005927129025237941,4,0,External
NWSA,SHW,0.40092803878591743,63,0.0012409578587673047,4,0,External
NWSA,SWK,0.41481938101272525,63,0.0008016381394702846,4,0,External
NWSA,TECH,0.4243027636949831,63,0.0005884161747992727,4,0,External
NWSA,WY,0.4600694848998443,63,0.00016845768843766007,4,0,External
NXPI,ODFL,0.41376854065713653,63,0.0008291246789969695,2,0,External
NXPI,ON,0.5627307977777186,63,1.9307659406766687e-06,2,2,Internal
NXPI,OXY,0.45133471076518866,63,0.00023158315347092382,2,2,Internal
NXPI,PNR,0.41525838360183304,63,0.0007904013637209749,2,0,External
NXPI,PPG,0.4145138742916414,63,0.0008095429719746897,2,0,External
NXPI,PSX,0.5243893705025873,63,1.2160544595600097e-05,2,2,Internal
NXPI,QCOM,0.5845570498023848,63,6.084147652431205e-07,2,1,External
NXPI,RF,0.41059020121655576,63,0.0009175234007637936,2,2,Internal
NXPI,ROK,0.40785125036283904,63,0.0010004342614095985,2,0,External
NXPI,SLB,0.4042487279676854,63,0.0011197632382342173,2,2,Internal
NXPI,SW,0.41309337385481515,63,0.0008472314816135834,2,0,External
NXPI,SWK,0.4244547725293742,63,0.0005854637288371629,2,0,External
NXPI,SWKS,0.420866833979859,63,0.0006588601639679434,2,1,External
NXPI,TECH,0.4642119380882844,63,0.00014442144663772354,2,0,External
NXPI,TFC,0.47915906930794094,63,8.149998315804638e-05,2,2,Internal
NXPI,TXN,0.565730785595369,63,1.6554458328652987e-06,2,2,Internal
NXPI,USB,0.4202201042573296,63,0.000672944008421348,2,2,Internal
NXPI,VLO,0.4612922120915628,63,0.00016100697274997334,2,2,Internal
O,OMC,0.5340762812441108,63,7.80198026579102e-06,3,0,External
O,ORLY,0.4308485266242031,63,0.000472804857211612,3,3,Internal
O,PLD,0.4213687534966035,63,0.0006481145334507885,3,1,External
O,PNW,0.4841098994421544,63,6.703375596840435e-05,3,3,Internal
O,PSA,0.5457234904106466,63,4.491859890653137e-06,3,1,External
O,REG,0.5081886804975269,63,2.4797472215079983e-05,3,1,External
O,REGN,0.4204528769859052,63,0.0006678437983790068,3,0,External
O,RMD,0.4128995077379513,63,0.0008524962696667995,3,3,Internal
O,SBAC,0.45011132368592827,63,0.0002419751126642235,3,3,Internal
O,SO,0.4626234214003422,63,0.00015323967441985113,3,3,Internal
O,TSN,0.4840980569374597,63,6.706533643306145e-05,3,1,External
O,UDR,0.42774212642942533,63,0.0005248136710991507,3,1,External
O,VICI,0.6091702782821121,63,1.488775712474474e-07,3,3,Internal
O,VTR,0.516125513627427,63,1.7570163376813996e-05,3,3,Internal
O,VZ,0.4533433862952613,63,0.00021540230457810214,3,3,Internal
O,WEC,0.5155570167764675,63,1.801433070296137e-05,3,3,Internal
O,WELL,0.4104011129144914,63,0.0009230413213238933,3,3,Internal
O,WM,0.46155664747125097,63,0.00015943590663310264,3,3,Internal
O,WRB,0.49694807458898316,63,3.981610380741295e-05,3,3,Internal
O,XEL,0.40170674938002043,63,0.001211523733642346,3,3,Internal
O,ZTS,0.5510879021266295,63,3.4588891198734613e-06,3,3,Internal
ODFL,OMC,0.48082924946044064,63,7.632620305259874e-05,0,0,Internal
ODFL,PCAR,0.4253045683430737,63,0.0005692044356523612,0,0,Internal
ODFL,PFE,0.4417588432327148,63,0.0003251081380294015,0,0,Internal
ODFL,PFG,0.4956398671733708,63,4.202691791641072e-05,0,3,External
ODFL,PHM,0.4953744720645737,63,4.248904588754017e-05,0,0,Internal
ODFL,PLD,0.41412210245356706,63,0.0008197829978536118,0,1,External
ODFL,PNR,0.5491497610913847,63,3.8033538045769883e-06,0,0,Internal
ODFL,POOL,0.5932084903028663,63,3.759214778074991e-07,0,0,Internal
ODFL,PPG,0.661552967323209,63,4.808922764624239e-09,0,0,Internal
ODFL,PSX,0.47086096627120116,63,0.00011233517615057952,0,2,External
ODFL,RVTY,0.4602611283162783,63,0.0001672693982781571,0,0,Internal
ODFL,SHW,0.4521289137070421,63,0.00022505707025576556,0,0,Internal
ODFL,SLB,0.4987665248288679,63,3.6921304957118126e-05,0,2,External
ODFL,SPG,0.49211491588270406,63,4.856128749025681e-05,0,0,Internal
ODFL,SWK,0.5106408299279813,63,2.2313876087509607e-05,0,0,Internal
ODFL,TAP,0.540091137883914,63,5.881595487483095e-06,0,0,Internal
ODFL,TGT,0.45034687814716223,63,0.00023994167414187557,0,0,Internal
ODFL,TSN,0.4721860669480827,63,0.00010678273471392239,0,1,External
ODFL,UPS,0.4760327067688297,63,9.206226381950587e-05,0,0,Internal
ODFL,URI,0.4013440420672781,63,0.0012251544401501268,0,0,Internal
ODFL,WY,0.5114425862561472,63,2.1553259970026705e-05,0,0,Internal
OKE,OXY,0.464899685703012,63,0.00014075007492809648,2,2,Internal
OKE,TDG,0.4736416275542069,63,0.0001009752316070492,2,3,External
OKE,TRGP,0.7222250823667543,63,3.464659716890327e-11,2,2,Internal
OKE,WMB,0.49257303269608516,63,4.766199009960346e-05,2,2,Internal
OKE,ZBRA,0.40043479757243144,63,0.0012599329871265117,2,3,External
OMC,PAYX,0.43120040054961556,63,0.00046721920248789884,0,1,External
OMC,PCAR,0.6208268719829372,63,7.324218091596602e-08,0,0,Internal
OMC,PFE,0.5317504859757705,63,8.69012145328876e-06,0,0,Internal
OMC,PFG,0.40936789642102517,63,0.0009537250084686634,0,3,External
OMC,PG,0.43425861111678404,63,0.00042114106419844933,0,1,External
OMC,PHM,0.6161912455387628,63,9.744835079894374e-08,0,0,Internal
OMC,PKG,0.42202636898319884,63,0.0006342760212541471,0,0,Internal
OMC,PLD,0.5987469084946638,63,2.7415300748916757e-07,0,1,External
OMC,POOL,0.5402497578848582,63,5.837502526424129e-06,0,0,Internal
OMC,PPG,0.4923007726733018,63,4.819457193110426e-05,0,0,Internal
OMC,PSA,0.5234116140920033,63,1.2708115934043403e-05,0,1,External
OMC,REG,0.48553765366393564,63,6.332527544782477e-05,0,1,External
OMC,RVTY,0.5449368773049947,63,4.6655572842291016e-06,0,0,Internal
OMC,SHW,0.41093650880851096,63,0.0009074947288883297,0,0,Internal
OMC,SPG,0.5021538363831959,63,3.2041652449258636e-05,0,0,Internal
OMC,STZ,0.4528873757445033,63,0.00021898214161089412,0,0,Internal
OMC,SWK,0.5136028672528732,63,1.9621849787484115e-05,0,0,Internal
OMC,TAP,0.556136843980977,63,2.693447695027672e-06,0,0,Internal
OMC,TECH,0.4193796560330143,63,0.0006916538705416082,0,0,Internal
OMC,TGT,0.4160401725090866,63,0.0007707427697411893,0,0,Internal
OMC,TMO,0.4988045508880353,63,3.686290438466609e-05,0,0,Internal
OMC,TSN,0.585246432169736,63,5.858135351091302e-07,0,1,External
OMC,UDR,0.5133764672467392,63,1.9816456748814983e-05,0,1,External
OMC,UPS,0.4475232446306298,63,0.0002653778330949125,0,0,Internal
OMC,VICI,0.5248919948488707,63,1.1887676301331638e-05,0,3,External
OMC,WY,0.6681998433884109,63,2.9620229788612673e-09,0,0,Internal
OMC,ZTS,0.47551110747346154,63,9.394242568486635e-05,0,3,External
ON,QCOM,0.45683247168983787,63,0.000189734324454168,2,1,External
ON,SWKS,0.4234934374474434,63,0.0006043642249924174,2,1,External
ORCL,SNPS,-0.7569890757173133,63,1.0932891120193004e-12,7,1,External
ORCL,SYK,-0.40870332104674945,63,0.0009739445513083752,7,1,External
ORLY,PAYX,0.41905867126385776,63,0.0006989230043551996,3,1,External
ORLY,ROL,0.6536359302206548,63,8.432497827441904e-09,3,3,Internal
ORLY,RSG,0.46278907913339956,63,0.0001522975316682035,3,3,Internal
ORLY,TJX,0.5028346435715169,63,3.113600546688649e-05,3,3,Internal
ORLY,TRV,0.40185482083194657,63,0.0012059984931482228,3,3,Internal
ORLY,TSCO,0.41100494050355413,63,0.0009055247789940009,3,0,External
ORLY,TYL,0.42771266611691294,63,0.0005253308523643957,3,3,Internal
ORLY,VLTO,0.433733487871712,63,0.0004287465477741003,3,3,Internal
ORLY,WELL,0.4930181642492089,63,4.680294359127779e-05,3,3,Internal
ORLY,WM,0.5746333431049296,63,1.0392514368517502e-06,3,3,Internal
ORLY,WMT,0.5171262508956428,63,1.6812898358634533e-05,3,3,Internal
ORLY,WRB,0.45376065162254076,63,0.0002121736294899149,3,3,Internal
OTIS,PNR,0.40402690102696737,63,0.0011275137855045064,2,0,External
OTIS,RTX,-0.5006345499734128,63,3.4151316663705036e-05,2,7,External
OTIS,TDY,0.4429040655376301,63,0.00031234630344672746,2,3,External
OTIS,TEL,-0.7173437784755788,63,5.400326781487569e-11,2,7,External
OTIS,TXN,0.7109881124956229,63,9.494330260654493e-11,2,2,Internal
OXY,PCAR,0.42947259269339694,63,0.0004952340739317546,2,0,External
OXY,PNC,0.4075343712768233,63,0.001010450232746512,2,2,Internal
OXY,PSX,0.5399590542315525,63,5.918548681207305e-06,2,2,Internal
OXY,SLB,0.7131812060340778,63,7.828027024759894e-11,2,2,Internal
OXY,TFC,0.42109440954656774,63,0.0006539681358888565,2,2,Internal
OXY,TMO,0.4539910099222187,63,0.000210410217748194,2,0,External
OXY,VLO,0.42011113309560555,63,0.0006753437458885407,2,2,Internal
OXY,WAT,0.41418658695674143,63,0.0008180895089030193,2,0,External
OXY,XOM,0.6215352278672908,63,7.008630255713479e-08,2,2,Internal
PAYC,PAYX,0.657432767438547,63,6.454800064769464e-09,1,1,Internal
PAYC,PSA,0.4081566015207848,63,0.000990867497515755,1,1,Internal
PAYC,ROP,0.5007723564012195,63,3.3954787936249064e-05,1,3,External
PAYC,STE,0.5093694410987976,63,2.3571225760750475e-05,1,0,External
PAYC,SYK,0.4414446195504631,63,0.0003286918915358484,1,1,Internal
PAYC,UDR,0.5103496877168324,63,2.259618555471807e-05,1,1,Internal
PAYC,ZBH,0.5314873897541851,63,8.796309232961908e-06,1,0,External
PAYX,PGR,0.4463369175326185,63,0.0002767812378982401,1,3,External
PAYX,PLD,0.47490501483622666,63,9.617150432559212e-05,1,1,Internal
PAYX,PSA,0.43863906008439374,63,0.0003623231536745234,1,1,Internal
PAYX,ROL,0.48353406239483127,63,6.858532475955179e-05,1,3,External
PAYX,ROP,0.5592084774827578,63,2.3085867241744904e-06,1,3,External
PAYX,SYK,0.5692449203196657,63,1.3797779369104373e-06,1,1,Internal
PAYX,TRV,0.43217474714060494,63,0.00045206402658316206,1,3,External
PAYX,TSN,0.49217895786446353,63,4.843463566882693e-05,1,1,Internal
PAYX,TYL,0.40085149998550146,63,0.001243885367625051,1,3,External
PAYX,UDR,0.5928521655640471,63,3.835572829687775e-07,1,1,Internal
PAYX,VRSK,0.5637153170064324,63,1.8360099413733576e-06,1,3,External
PAYX,WM,0.47284721019337195,63,0.00010410781351690447,1,3,External
PAYX,WRB,0.4393393148200332,63,0.00035364745906667114,1,3,External
PAYX,ZBH,0.4216348699880075,63,0.0006424818907558462,1,0,External
PCAR,PFE,0.4950338010250919,63,4.308913568375491e-05,0,0,Internal
PCAR,PHM,0.6034326383292614,63,2.0891144815330745e-07,0,0,Internal
PCAR,PKG,0.4492457787346722,63,0.00024958302117387233,0,0,Internal
PCAR,PLD,0.49296685114368655,63,4.690123662292175e-05,0,1,External
PCAR,PNR,0.503407215662281,63,3.039274879878253e-05,0,0,Internal
PCAR,POOL,0.6321407417241267,63,3.576430483557793e-08,0,0,Internal
PCAR,PRU,0.4320870368489873,63,0.00045340974632911797,0,3,External
PCAR,RVTY,0.5633390316852995,63,1.8716998648703528e-06,0,0,Internal
PCAR,SLB,0.6210300738452434,63,7.232342158651708e-08,0,2,External
PCAR,SPG,0.4052781618511672,63,0.0010844197914977667,0,0,Internal
PCAR,SWK,0.6076833530048259,63,1.626441530980903e-07,0,0,Internal
PCAR,TAP,0.4506083771034922,63,0.00023770257493233745,0,0,Internal
PCAR,TECH,0.4702364625149253,63,0.00011504291252389945,0,0,Internal
PCAR,TFC,0.4026215165786629,63,0.0011777506383975074,0,2,External
PCAR,TGT,0.534040725468082,63,7.814896695319573e-06,0,0,Internal
PCAR,TMO,0.5752417649273238,63,1.0061998239976425e-06,0,0,Internal
PCAR,UPS,0.4940485387566068,63,4.486904394316312e-05,0,0,Internal
PCAR,URI,0.43866956633344106,63,0.00036194119756806934,0,0,Internal
PCAR,WY,0.6061096126499876,63,1.7851571236986824e-07,0,0,Internal
PCG,PNW,0.49818650374074525,63,3.7822779536419185e-05,3,3,Internal
PCG,REG,0.4339569438917713,63,0.0004254950370964906,3,1,External
PCG,SRE,0.6685023572989999,63,2.8965633397221068e-09,3,3,Internal
PCG,VICI,0.4451425230871589,63,0.000288712606931565,3,3,Internal
PCG,WEC,0.44194641669769924,63,0.00032298586560500307,3,3,Internal
PCG,WRB,0.41254364635333185,63,0.0008622373433549201,3,3,Internal
PEG,PNW,0.48458951009391504,63,6.576623934968415e-05,3,3,Internal
PEG,PPL,0.49307251388992074,63,4.6699041489650204e-05,3,3,Internal
PEG,SO,0.5144640982692762,63,1.889764884549345e-05,3,3,Internal
PEG,SRE,0.6315613791160902,63,3.712761914678586e-08,3,3,Internal
PEG,VTR,0.5483080248463637,63,3.962714708492121e-06,3,3,Internal
PEG,WEC,0.6502678657656784,63,1.0655224480781112e-08,3,3,Internal
PEG,WELL,0.4092910633499791,63,0.0009560431055671558,3,3,Internal
PEG,XEL,0.4407400017038217,63,0.00033685945716771873,3,3,Internal
PEP,PFE,0.433750614916687,63,0.0004284965343355958,1,0,External
PEP,PG,0.5036267010580054,63,3.0112216543160826e-05,1,1,Internal
PEP,PNW,0.4146715092689912,63,0.0008054554878318866,1,3,External
PEP,PSA,0.41994366230062785,63,0.0006790468637648749,1,1,Internal
PEP,SJM,0.4860423481452913,63,6.206030324135206e-05,1,0,External
PEP,SNA,0.6038632204460426,63,2.0371404580868546e-07,1,0,External
PEP,STZ,0.4441985155664369,63,0.00029847290868133746,1,0,External
PEP,TAP,0.47137973621526724,63,0.00011013055905852939,1,0,External
PEP,TGT,0.47060470620126993,63,0.00011343910712937134,1,0,External
PEP,TMO,0.40305602955048925,63,0.0011620074461524356,1,0,External
PEP,TSN,0.519386660180068,63,1.5212578172086052e-05,1,1,Internal
PEP,VLTO,0.43369403012686736,63,0.0004293230406119983,1,3,External
PEP,VTRS,0.5467214886307384,63,4.280168290249834e-06,1,0,External
PEP,ZBH,0.47105812970036337,63,0.00011149255557816093,1,0,External
PFE,PHM,0.5096854343124368,63,2.325273067500412e-05,0,0,Internal
PFE,PKG,0.4993932706855047,63,3.5969580303634126e-05,0,0,Internal
PFE,PNC,0.4051352642214708,63,0.0010892650108348377,0,2,External
PFE,PNR,0.4363204934990554,63,0.0003924509882040391,0,0,Internal
PFE,POOL,0.4871415097237735,63,5.938560767864163e-05,0,0,Internal
PFE,PPG,0.5568675570491188,63,2.596805294404645e-06,0,0,Internal
PFE,PSA,0.4463728572628725,63,0.00027642930096541076,0,1,External
PFE,REG,0.442822820729364,63,0.0003132363682589696,0,1,External
PFE,REGN,0.5293036202010566,63,9.725490776349313e-06,0,0,Internal
PFE,RVTY,0.6000657341361528,63,2.5407575362244603e-07,0,0,Internal
PFE,SBUX,0.43465030121938064,63,0.0004155482897027121,0,0,Internal
PFE,SHW,0.4666293929079195,63,0.00013189182861183168,0,0,Internal
PFE,SLB,0.44141033438325616,63,0.0003290850893369298,0,2,External
PFE,SPG,0.5013083698915667,63,3.3200278167550857e-05,0,0,Internal
PFE,STZ,0.4378934253844716,63,0.00037177389177276896,0,0,Internal
PFE,SW,0.5386778226082028,63,6.2884083582798875e-06,0,0,Internal
PFE,SWK,0.5344751336151543,63,7.658444511434568e-06,0,0,Internal
PFE,TAP,0.5220940846438703,63,1.348226930145394e-05,0,0,Internal
PFE,TECH,0.5831783662048865,63,6.560924131801657e-07,0,0,Internal
PFE,TFC,0.43205121520782463,63,0.0004539603968582674,0,2,External
PFE,TGT,0.4362943801273272,63,0.0003928029300338633,0,0,Internal
PFE,TMO,0.5510293970480885,63,3.468845854328655e-06,0,0,Internal
PFE,TSN,0.5542440937098551,63,2.959644078576646e-06,0,1,External
PFE,UDR,0.40728022930695446,63,0.001018548464891805,0,1,External
PFE,UPS,0.4316882143266266,63,0.0004595748541890841,0,0,Internal
PFE,USB,0.4252068259674801,63,0.0005710534726433584,0,2,External
PFE,VMC,0.4335078811434363,63,0.00043205227248033565,0,0,Internal
PFE,VTRS,0.5614253128311621,63,2.063483029738665e-06,0,0,Internal
PFE,WY,0.5537909776996611,63,3.0269200938381206e-06,0,0,Internal
PFE,ZBH,0.4743027140286155,63,9.843475249550211e-05,0,0,Internal
PFG,PNC,0.4534180404172638,63,0.0002148213715461765,3,2,External
PFG,PPG,0.5019079919220638,63,3.2374637325259637e-05,3,0,External
PFG,PRU,0.7634114971016691,63,5.41792967862965e-13,3,3,Internal
PFG,RSG,0.4627545837792011,63,0.00015249327745068297,3,3,Internal
PFG,SNA,0.4947006483557128,63,4.368354969657368e-05,3,0,External
PFG,SPG,0.4040475924746068,63,0.0011267887959456485,3,0,External
PFG,SYF,0.45365558995738203,63,0.00021298236695246067,3,2,External
PFG,TRV,0.47026609812818276,63,0.00011491307413284091,3,3,Internal
PFG,VRSK,0.49087015298055464,63,5.108455353750266e-05,3,3,Internal
PFG,WRB,0.40551417140641327,63,0.0010764599557045737,3,3,Internal
PFG,WTW,0.4739507281678144,63,9.977997997418328e-05,3,3,Internal
PFG,XYL,0.4022470301524271,63,0.0011914727749636497,3,7,External
PG,PHM,0.4192166597109302,63,0.0006953365407366285,1,0,External
PG,PSA,0.4176951994911093,63,0.0007305780718620027,1,1,Internal
PG,TAP,0.50889428011327,63,2.4057769481676467e-05,1,0,External
PG,TSN,0.46389548658673113,63,0.00014614008829493097,1,1,Internal
PG,WAT,0.4446861656013419,63,0.0002933940095031677,1,0,External
PG,ZTS,0.4224636360451876,63,0.0006252232533626149,1,3,External
PGR,ROL,0.4029692402655492,63,0.0011651367471862781,3,3,Internal
PGR,TRV,0.6047368366206353,63,1.9354071993984935e-07,3,3,Internal
PGR,WRB,0.6377814137564498,63,2.4745201058972424e-08,3,3,Internal
PH,PNR,0.5477340313860652,63,4.074937747593606e-06,0,0,Internal
PH,ROK,0.558044442344248,63,2.4479423706237996e-06,0,0,Internal
PH,STE,0.43923053137952245,63,0.0003549826718420867,0,0,Internal
PH,SW,0.43214395327325666,63,0.00045253607580816147,0,0,Internal
PH,SWK,0.41280368392316885,63,0.0008551094434771533,0,0,Internal
PH,TECH,0.49919043391343637,63,3.6275078220718755e-05,0,0,Internal
PH,TMO,0.46194561653892346,63,0.00015715049469470154,0,0,Internal
PH,URI,0.4618701308014701,63,0.00015759165238091822,0,0,Internal
PH,V,-0.4438893572634396,63,0.0003017342345523908,0,3,External
PH,WY,0.40317901966606434,63,0.0011575858401673194,0,0,Internal
PH,ZBH,0.5339724495371586,63,7.839755316898532e-06,0,0,Internal
PHM,PKG,0.42882986049300864,63,0.0005060389789800347,0,0,Internal
PHM,PM,-0.47582190638031413,63,9.281790745400737e-05,0,7,External
PHM,PNR,0.5462374534760536,63,4.381648956097853e-06,0,0,Internal
PHM,PNW,0.415438220622999,63,0.0007858395083755108,0,3,External
PHM,POOL,0.7377818117005179,63,7.891951658368323e-12,0,0,Internal
PHM,PPG,0.5622856606546189,63,1.975094279298899e-06,0,0,Internal
PHM,PSA,0.5538144100902167,63,3.0234062340111487e-06,0,1,External
PHM,REG,0.42579820469456575,63,0.000559948832867019,0,1,External
PHM,RVTY,0.5089444677134312,63,2.4005943332821784e-05,0,0,Internal
PHM,SHW,0.5844269681188513,63,6.127702519867279e-07,0,0,Internal
PHM,SJM,0.4721694909703088,63,0.0001068506043131694,0,0,Internal
PHM,SLB,0.44326957572152004,63,0.00030837048423193914,0,2,External
PHM,SPG,0.4673113006782812,63,0.0001285425642757045,0,0,Internal
PHM,SW,0.4201912220338369,63,0.000673579292412564,0,0,Internal
PHM,SWK,0.687520892345824,63,6.735537068478418e-10,0,0,Internal
PHM,TAP,0.5588133085379883,63,2.3550412663212316e-06,0,0,Internal
PHM,TECH,0.4196690228820989,63,0.0006851595303930975,0,0,Internal
PHM,TFC,0.4547201774404616,63,0.00020491642663629444,0,2,External
PHM,TGT,0.5612154617095468,63,2.085596869324219e-06,0,0,Internal
PHM,TMO,0.4182459249063808,63,0.0007176391431658268,0,0,Internal
PHM,TROW,0.48520493389173647,63,6.41721698905017e-05,0,2,External
PHM,TSCO,0.47397487311836584,63,9.968716480469295e-05,0,0,Internal
PHM,TSN,0.5252212344786964,63,1.171203445647639e-05,0,1,External
PHM,TXT,0.4523960015249552,63,0.00022290045578679977,0,2,External
PHM,UDR,0.4208854161293748,63,0.0006584594771356199,0,1,External
PHM,VICI,0.472082023799931,63,0.00010720939201175816,0,3,External
PHM,VMC,0.4918772846377758,63,4.903391431280124e-05,0,0,Internal
PHM,VTRS,0.40708889900943734,63,0.0010246837794697572,0,0,Internal
PHM,WAT,0.4376117681623779,63,0.0003754018753787554,0,0,Internal
PHM,WY,0.7054982246320911,63,1.527298882824362e-10,0,0,Internal
PHM,ZBH,0.46167780847280165,63,0.00015872077043263,0,0,Internal
PHM,ZTS,0.47628954276685215,63,9.114925143626152e-05,0,3,External
PKG,PNC,0.4255461678872657,63,0.0005646572763053117,0,2,External
PKG,PNR,0.4299557174915748,63,0.00048725079115141147,0,0,Internal
PKG,POOL,0.44668277265988005,63,0.00027341139239532743,0,0,Internal
PKG,PPG,0.47014593634135077,63,0.00011544035763030155,0,0,Internal
PKG,PSA,0.4470840411626572,63,0.00026954860774760836,0,1,External
PKG,RVTY,0.4339282470789039,63,0.00042591134522448014,0,0,Internal
PKG,SHW,0.4087447759034214,63,0.0009726720746274688,0,0,Internal
PKG,SJM,0.4833976321563819,63,6.895774947247537e-05,0,0,Internal
PKG,SLB,0.5370122198778325,63,6.801473976540026e-06,0,2,External
PKG,SW,0.7050429669226149,63,1.587940865947706e-10,0,0,Internal
PKG,SWK,0.42555069499252357,63,0.00056457238693882,0,0,Internal
PKG,TAP,0.4057402358630635,63,0.0010688849599391173,0,0,Internal
PKG,TFC,0.4492792672744042,63,0.0002492846467995513,0,2,External
PKG,TSN,0.45909280420800797,63,0.00017463472210057268,0,1,External
PKG,VTRS,0.41254634007802293,63,0.0008621632311885401,0,0,Internal
PKG,WY,0.4776761500602129,63,8.63623960708948e-05,0,0,Internal
PKG,ZBH,0.42823668532571224,63,0.0005162003519760137,0,0,Internal
PLD,PNR,0.4020794296543536,63,0.0011976605792933211,1,0,External
PLD,PNW,0.4123696228400415,63,0.0008670374510178936,1,3,External
PLD,POOL,0.4578383500440518,63,0.0001828729796976079,1,0,External
PLD,PPG,0.5060226242468503,63,2.7201980994797953e-05,1,0,External
PLD,PSA,0.630264222158736,63,4.0360103686508645e-08,1,1,Internal
PLD,REG,0.5560434814833614,63,2.7060350725965113e-06,1,1,Internal
PLD,RVTY,0.5482734023512416,63,3.969401209684978e-06,1,0,External
PLD,SHW,0.4728998068986207,63,0.00010389768096969891,1,0,External
PLD,SPG,0.5971196079732035,63,3.0098489674200394e-07,1,0,External
PLD,SYK,0.5347118534512983,63,7.574422918227838e-06,1,1,Internal
PLD,TECH,0.40295598465990123,63,0.0011656153628855756,1,0,External
PLD,UDR,0.6436946333298827,63,1.66829341980757e-08,1,1,Internal
PLD,VICI,0.4509851528603267,63,0.000234509993843279,1,3,External
PLD,WY,0.6374539300032593,63,2.5285220431509125e-08,1,0,External
PM,POOL,-0.46139543355286855,63,0.0001603920310517926,7,0,External
PM,SWK,-0.4466226208924632,63,0.0002739947769757514,7,0,External
PM,TGT,-0.4016893992913132,63,0.0012121726360064561,7,0,External
PNC,PRU,0.5458410672260857,63,4.466421600154943e-06,2,3,External
PNC,PSX,0.4110947507965702,63,0.0009029452619663762,2,2,Internal
PNC,RF,0.7156998153593035,63,6.258031157345733e-11,2,2,Internal
PNC,SLB,0.4876844591803057,63,5.8104020383687676e-05,2,2,Internal
PNC,SPG,0.4253604780512535,63,0.0005681492106161965,2,0,External
PNC,STT,0.5080487804827015,63,2.4946615339031483e-05,2,2,Internal
PNC,SW,0.4181350347447375,63,0.0007202276283183501,2,0,External
PNC,SYF,0.5506792641190735,63,3.5289953481710135e-06,2,2,Internal
PNC,SYY,0.405116582775104,63,0.00108989988129107,2,1,External
PNC,TFC,0.8284019914788076,63,9.709215508562983e-17,2,2,Internal
PNC,TPL,0.4092957309897862,63,0.0009559021352817682,2,2,Internal
PNC,TROW,0.5012213009941394,63,3.3321773953345566e-05,2,2,Internal
PNC,USB,0.7626156998311905,63,5.917417339365534e-13,2,2,Internal
PNC,VICI,0.42490144964068205,63,0.0005768655863815819,2,3,External
PNC,WFC,0.4613849363927798,63,0.00016045446935130227,2,2,Internal
PNC,WYNN,0.48954807390654187,63,5.389673402264258e-05,2,2,Internal
PNR,POOL,0.6591604363005278,63,5.708468733372511e-09,0,0,Internal
PNR,PPG,0.5281710182817767,63,1.0242625662676918e-05,0,0,Internal
PNR,ROK,0.5568713336150597,63,2.596314345668262e-06,0,0,Internal
PNR,SHW,0.5978117870537972,63,2.892832531239479e-07,0,0,Internal
PNR,SLB,0.4696163823304473,63,0.00011779069663232344,0,2,External
PNR,SNA,0.5849554303067741,63,5.952560534678545e-07,0,0,Internal
PNR,SPG,0.5263127192552199,63,1.1146864274797823e-05,0,0,Internal
PNR,SWK,0.6839066703233087,63,8.962158610883116e-10,0,0,Internal
PNR,TDY,0.5008659561942038,63,3.382190069239763e-05,0,3,External
PNR,TECH,0.4415221108856642,63,0.0003278047638514624,0,0,Internal
PNR,TFC,0.4502153269315403,63,0.00024107536375581143,0,2,External
PNR,TGT,0.42731199511499357,63,0.0005324108098767856,0,0,Internal
PNR,TROW,0.4141312321080187,63,0.0008195430428600143,0,2,External
PNR,TXT,0.5311301723463487,63,8.9424195406476e-06,0,2,External
PNR,URI,0.47345883532353095,63,0.00010168824759419462,0,0,Internal
PNR,VMC,0.5484440067997612,63,3.936554711439884e-06,0,0,Internal
PNR,WY,0.60506678917917,63,1.898243838254304e-07,0,0,Internal
PNW,PPL,0.6566108557768848,63,6.841460964942299e-09,3,3,Internal
PNW,REG,0.5747276310406411,63,1.0340635849830965e-06,3,1,External
PNW,SBAC,0.44412748873937635,63,0.00029921931449790865,3,3,Internal
PNW,SHW,0.42398828344667483,63,0.0005945671982807016,3,0,External
PNW,SO,0.7357245567193149,63,9.654195584877704e-12,3,3,Internal
PNW,SPG,0.452408840385808,63,0.00022279726552154296,3,0,External
PNW,SRE,0.633799864914319,63,3.2117053337783176e-08,3,3,Internal
PNW,TRV,0.5799027959655179,63,7.83806801655885e-07,3,3,Internal
PNW,TSN,0.4311791227018893,63,0.00046755525570544177,3,1,External
PNW,UDR,0.4645551790591818,63,0.0001425782945359688,3,1,External
PNW,VICI,0.5883106221696611,63,4.945651076520067e-07,3,3,Internal
PNW,VLTO,0.5112349573778392,63,2.1747893023857777e-05,3,3,Internal
PNW,VTR,0.540574455637306,63,5.748203128026082e-06,3,3,Internal
PNW,WEC,0.815762722070037,63,6.747364970736178e-16,3,3,Internal
PNW,WELL,0.4096472850717905,63,0.0009453383995655321,3,3,Internal
PNW,WM,0.45031943751958503,63,0.00024017775045579094,3,3,Internal
PNW,WRB,0.45490251330666,63,0.00020356332602732298,3,3,Internal
PNW,WTW,0.45616490377079855,63,0.0001944172789035773,3,3,Internal
PNW,XEL,0.5671121835371518,63,1.5414431051834614e-06,3,3,Internal
PODD,STE,0.5241870247894063,63,1.2272030716032703e-05,0,0,Internal
PODD,ZBH,0.45254693587671957,63,0.0002216901048979187,0,0,Internal
POOL,PPG,0.5662726146781092,63,1.6098203470862297e-06,0,0,Internal
POOL,PSA,0.5028772948362021,63,3.1080064975746464e-05,0,1,External
POOL,RVTY,0.6192304837346608,63,8.085287896184072e-08,0,0,Internal
POOL,SHW,0.6739649660399694,63,1.9261118003049106e-09,0,0,Internal
POOL,SLB,0.4368625850115529,63,0.00038520951614317883,0,2,External
POOL,SNA,0.5065688650576113,63,2.6576038360661684e-05,0,0,Internal
POOL,SPG,0.4462091900442532,63,0.00027803531285473587,0,0,Internal
POOL,SW,0.4836756023510782,63,6.820091220485968e-05,0,0,Internal
POOL,SWK,0.7921602619732683,63,1.7431659148322368e-14,0,0,Internal
POOL,TAP,0.4178293550527682,63,0.0007274068686265544,0,0,Internal
POOL,TECH,0.5935253216010651,63,3.6925224358660355e-07,0,0,Internal
POOL,TFC,0.4026848761479362,63,0.0011754431096396795,0,2,External
POOL,TGT,0.5238668110387829,63,1.2450402051178155e-05,0,0,Internal
POOL,TMO,0.5345943272757501,63,7.616029857388084e-06,0,0,Internal
POOL,TRMB,0.406148499086972,63,0.0010553264817359756,0,0,Internal
POOL,TROW,0.42144201895901806,63,0.0006465593431657624,0,2,External
POOL,TSN,0.4234775677269487,63,0.0006046808248014817,0,1,External
POOL,UPS,0.4465201795626203,63,0.00027499092600686556,0,0,Internal
POOL,URI,0.5448294038926748,63,4.689770128481571e-06,0,0,Internal
POOL,VMC,0.5034988604890797,63,3.0275321231699502e-05,0,0,Internal
POOL,WAT,0.5742048084148965,63,1.0631390213397668e-06,0,0,Internal
POOL,WY,0.7251451424910996,63,2.644799662021311e-11,0,0,Internal
POOL,ZTS,0.44755921874429566,63,0.0002650388407149331,0,3,External
PPG,ROK,0.45415319947757804,63,0.00020917670056525359,0,0,Internal
PPG,RVTY,0.5824129288232275,63,6.840550696759069e-07,0,0,Internal
PPG,SHW,0.6700072246619064,63,2.5908141613251686e-09,0,0,Internal
PPG,SJM,0.4286219941628776,63,0.0005095789586240272,0,0,Internal
PPG,SLB,0.45071673641749105,63,0.00023678035360514312,0,2,External
PPG,SPG,0.48485743184621277,63,6.506783346875128e-05,0,0,Internal
PPG,SW,0.49105360932014414,63,5.07052138925388e-05,0,0,Internal
PPG,SWK,0.6037092201102184,63,2.0555878358942945e-07,0,0,Internal
PPG,SWKS,0.43707209266023694,63,0.0003824435881070706,0,1,External
PPG,TAP,0.5190795755285613,63,1.542135240568792e-05,0,0,Internal
PPG,TECH,0.4233975081470125,63,0.000606280302451652,0,0,Internal
PPG,TFC,0.4491029268682138,63,0.0002508594643109891,0,2,External
PPG,TMO,0.4498370168812235,63,0.00024436293092555754,0,0,Internal
PPG,TSN,0.497066386033313,63,3.962156024170271e-05,0,1,External
PPG,TXT,0.4471976085740122,63,0.0002684644453346607,0,2,External
PPG,UDR,0.4425404722436082,63,0.0003163476167844017,0,1,External
PPG,UPS,0.5340070906147463,63,7.827133637535989e-06,0,0,Internal
PPG,VMC,0.4275138042091116,63,0.0005288340344339292,0,0,Internal
PPG,VTRS,0.5233856361714003,63,1.2722972118019542e-05,0,0,Internal
PPG,WAT,0.41430280782475665,63,0.0008150453076975925,0,0,Internal
PPG,WY,0.598249991788206,63,2.820978619714244e-07,0,0,Internal
PPG,ZBH,0.5028388174660964,63,3.113052696339903e-05,0,0,Internal
PPG,ZTS,0.4094430199535656,63,0.0009514633957011669,0,3,External
PPL,SO,0.7030066272259912,63,1.88836060269602e-10,3,3,Internal
PPL,SRE,0.6092608509012255,63,1.4807553026058563e-07,3,3,Internal
PPL,TRV,0.5137872943119866,63,1.9464633845761073e-05,3,3,Internal
PPL,VICI,0.466063287942699,63,0.00013473298363632206,3,3,Internal
PPL,VLTO,0.4416926275051607,63,0.00032586035815534493,3,3,Internal
PPL,VTR,0.45542577871460405,63,0.00019972549842778466,3,3,Internal
PPL,WEC,0.6436938376732931,63,1.6683828747653083e-08,3,3,Internal
PPL,WELL,0.40669617400086494,63,0.0010373816782164838,3,3,Internal
PPL,WM,0.4765251545631707,63,9.031902437331368e-05,3,3,Internal
PPL,WRB,0.4743862360647947,63,9.811800496971093e-05,3,3,Internal
PPL,XEL,0.47629688200348635,63,9.112328447997643e-05,3,3,Internal
PRU,RF,0.48411829786857463,63,6.701136815480044e-05,3,2,External
PRU,SLB,0.4297526406428768,63,0.0004905921289535319,3,2,External
PRU,SYF,0.4731492632195754,63,0.00010290636315694964,3,2,External
PRU,TAP,0.42213710618096706,63,0.0006319722557585551,3,0,External
PRU,TFC,0.4900198334313299,63,5.287725858967346e-05,3,2,External
PRU,TRV,0.4826810911939062,63,7.094454419766998e-05,3,3,Internal
PRU,USB,0.49208502200286686,63,4.862051141387096e-05,3,2,External
PRU,WRB,0.4681909063315752,63,0.00012433764311310005,3,3,Internal
PRU,WTW,0.47771783157775927,63,8.622215366311872e-05,3,3,Internal
PSA,QCOM,0.4370894999894462,63,0.00038221459172304255,1,1,Internal
PSA,REG,0.5359746345574826,63,7.140533432624202e-06,1,1,Internal
PSA,RMD,0.4319640509409589,63,0.0004553028277731286,1,3,External
PSA,RVTY,0.43869495390204105,63,0.000361623610093773,1,0,External
PSA,SHW,0.6000016428837162,63,2.550185737077548e-07,1,0,External
PSA,SJM,0.43148848153200425,63,0.00046269093620433495,1,0,External
PSA,SPG,0.5439543956359315,63,4.891311291261683e-06,1,0,External
PSA,STZ,0.4708676373594079,63,0.00011230657040172485,1,0,External
PSA,SW,0.49492503287811157,63,4.328237375642188e-05,1,0,External
PSA,TAP,0.40516605013885687,63,0.0010882195091103434,1,0,External
PSA,TECH,0.4366876967929537,63,0.00038753233442714825,1,0,External
PSA,TGT,0.4166459838873003,63,0.0007558146303747831,1,0,External
PSA,TSN,0.5448993710376445,63,4.67399384279085e-06,1,1,Internal
PSA,UDR,0.5896118538195085,63,4.6000895371746974e-07,1,1,Internal
PSA,VICI,0.4874405682011061,63,5.867651408519077e-05,1,3,External
PSA,WY,0.6516356819614142,63,9.692846452389602e-09,1,0,External
PSA,ZBH,0.4490014725391062,63,0.0002517696227611469,1,0,External
PSA,ZTS,0.5725508762614718,63,1.1602467106918643e-06,1,3,External
PSKY,ROK,0.45537569157181323,63,0.0002000899686858468,4,0,External
PSKY,WBD,0.4863269594891744,63,6.135727025320625e-05,4,4,Internal
PSX,SLB,0.6108003803047745,63,1.3504996728434252e-07,2,2,Internal
PSX,TFC,0.44861679512816593,63,0.00025524808973615624,2,2,Internal
PSX,VLO,0.8365969128074408,63,2.53400132963666e-17,2,2,Internal
PSX,XOM,0.5409741125850238,63,5.640037260159052e-06,2,2,Internal
PWR,RTX,0.4257171374564283,63,0.0005614593941250304,7,7,Internal
PYPL,RCL,0.41154179618854747,63,0.0008902037628249048,3,2,External
PYPL,SWK,0.4249424177898577,63,0.0005760827500680983,3,0,External
PYPL,UPS,0.5537503278491648,63,3.033024894459626e-06,3,0,External
PYPL,V,0.4441014379492296,63,0.00029949350341266546,3,3,Internal
PYPL,VRSN,0.48624584426001316,63,6.155688479521464e-05,3,3,Internal
PYPL,XYZ,0.5412944018496161,63,5.55472544709797e-06,3,3,Internal
QCOM,SPGI,-0.4551769927118779,63,0.00020154185226747772,1,3,External
QCOM,SWKS,0.5139392040326827,63,1.933601627402013e-05,1,1,Internal
QCOM,TYL,-0.49790910629226365,63,3.8261071418837924e-05,1,3,External
QCOM,WTW,-0.4295582643492816,63,0.0004938098009089657,1,3,External
QCOM,XYL,-0.555002457933032,63,2.850164617639434e-06,1,7,External
RCL,TFC,0.42176672871262894,63,0.0006397074304481102,2,2,Internal
REG,SPG,0.6254968857295328,63,5.467270743307947e-08,1,0,External
REG,SRE,0.4381784271113731,63,0.00036813536682917035,1,3,External
REG,SYK,0.4372264261590002,63,0.0003804176545823087,1,1,Internal
REG,TRV,0.4764889289081444,63,9.044621851794538e-05,1,3,External
REG,TSN,0.4971833341319589,63,3.943012267290382e-05,1,1,Internal
REG,UDR,0.5087594425957488,63,2.4197523362071883e-05,1,1,Internal
REG,VICI,0.47389244803746233,63,0.0001000043411697718,1,3,External
REG,VLTO,0.4174827824623964,63,0.0007356248414445189,1,3,External
REG,VMC,0.4368648278585404,63,0.0003851798097750076,1,0,External
REG,VTR,0.4887004689348492,63,5.5774131926170385e-05,1,3,External
REG,WEC,0.44346555049206965,63,0.0003062578461122795,1,3,External
REG,WELL,0.5149525500939893,63,1.8498018692813307e-05,1,3,External
REG,WM,0.42738095135197557,63,0.0005311861968679935,1,3,External
REG,WY,0.5398816013357529,63,5.940318343005584e-06,1,0,External
REGN,RVTY,0.45126247213277,63,0.00023218525320168554,0,0,Internal
REGN,TMO,0.4059690321648672,63,0.0010612673861579765,0,0,Internal
REGN,ZTS,0.40118389778942665,63,0.0012312165396743083,0,3,External
RF,STT,0.4479164463157471,63,0.00026169400610175287,2,2,Internal
RF,SYF,0.4722881652728926,63,0.00010636557089871493,2,2,Internal
RF,TFC,0.5813668813160162,63,7.240814197900106e-07,2,2,Internal
RF,TROW,0.4434475832905598,63,0.000306450983952608,2,2,Internal
RF,USB,0.6907202273796809,63,5.212860175741892e-10,2,2,Internal
RF,WFC,0.41566355852969317,63,0.0007801570713129736,2,2,Internal
RJF,SCHW,0.5937864488165122,63,3.6383935821565947e-07,2,2,Internal
RJF,TPL,0.4939893397270706,63,4.497812301655077e-05,2,2,Internal
RJF,URI,0.45732136134544354,63,0.0001863705707021182,2,0,External
RJF,WFC,0.492917840605213,63,4.6995297006108665e-05,2,2,Internal
RL,TPR,0.5432636253430726,63,5.056094320060891e-06,1,1,Internal
RL,ULTA,0.4209049475318704,63,0.0006580385595971322,1,3,External
RMD,RVTY,0.4506854527492869,63,0.00023704626527430578,3,0,External
RMD,SHW,0.4343476281738339,63,0.0004198640473076932,3,0,External
RMD,SO,0.44311329181821424,63,0.0003100647694734247,3,3,Internal
RMD,TECH,0.4859952225414765,63,6.217742511726708e-05,3,0,External
RMD,VICI,0.41975139196451905,63,0.0006833210246927152,3,3,Internal
RMD,ZTS,0.48501620124938255,63,6.465719504587756e-05,3,3,Internal
ROK,RVTY,0.4638860931494828,63,0.00014619138945719875,0,0,Internal
ROK,STE,0.4028220944328814,63,0.0011704596279911558,0,0,Internal
ROK,SW,0.4813012672515109,63,7.491986182351386e-05,0,0,Internal
ROK,SWK,0.4584812555112998,63,0.00017860743122488025,0,0,Internal
ROK,TECH,0.6236070050394653,63,6.157629589073902e-08,0,0,Internal
ROK,TMO,0.45229197100741064,63,0.00022373819792496596,0,0,Internal
ROK,WY,0.40833600900460154,63,0.0009852851670704512,0,0,Internal
ROL,ROP,0.40458596932791363,63,0.0011080720953166997,3,3,Internal
ROL,SO,0.42645600879913925,63,0.0005478274109872264,3,3,Internal
ROL,TMUS,0.4622069045015039,63,0.00015563219234661916,3,3,Internal
ROL,TRV,0.4457734962252251,63,0.0002823522516624469,3,3,Internal
ROL,VLTO,0.5193449847782388,63,1.524075675419914e-05,3,3,Internal
ROL,WEC,0.4192960270846208,63,0.0006935411352385559,3,3,Internal
ROL,WM,0.5719513939625356,63,1.197452455584359e-06,3,3,Internal
ROL,WRB,0.6280125595741711,63,4.661110506463166e-08,3,3,Internal
ROL,WST,0.5591577528260563,63,2.3145013926218594e-06,3,3,Internal
ROL,XEL,0.4089314970512917,63,0.000966959157534477,3,3,Internal
ROP,TRV,0.41195260506372827,63,0.0008786385015307583,3,3,Internal
ROP,VRSK,0.41154893470596127,63,0.0008900016279511965,3,3,Internal
ROP,WMT,0.4179472958291198,63,0.0007246292531140595,3,3,Internal
ROP,WRB,0.4262419415122769,63,0.0005517456476631071,3,3,Internal
ROST,TJX,0.6212214575823746,63,7.146804964270588e-08,3,3,Internal
ROST,TSN,0.550620208138069,63,3.539236123293752e-06,3,1,External
ROST,ULTA,0.5625138336540167,63,1.9522543657634633e-06,3,3,Internal
RSG,SO,0.4006966914260761,63,0.0012498255971734905,3,3,Internal
RSG,TER,-0.6450392699364023,63,1.52342903678557e-08,3,8,External
RSG,TRV,0.4491537247002753,63,0.0002504048817616739,3,3,Internal
RSG,TT,0.5200563906943138,63,1.4766330457732625e-05,3,3,Internal
RSG,VRSK,0.6607111938809603,63,5.108881551020738e-09,3,3,Internal
RSG,WELL,0.45969618022655573,63,0.00017079461864532645,3,3,Internal
RSG,WM,0.7324111037788188,63,1.3304822074973808e-11,3,3,Internal
RSG,WRB,0.4251161469229245,63,0.0005727737615345921,3,3,Internal
RTX,TEL,0.46840699655428675,63,0.00012332415091625653,7,7,Internal
RTX,TXN,-0.40757980596525767,63,0.0010090085920363622,7,2,External
RVTY,SHW,0.45861617993759324,63,0.0001777238904622102,0,0,Internal
RVTY,SLB,0.4810731878865449,63,7.559639834442654e-05,0,2,External
RVTY,SNA,0.41275331663216697,63,0.0008564858906964869,0,0,Internal
RVTY,SPG,0.4102116591763812,63,0.0009285999398786622,0,0,Internal
RVTY,STZ,0.5097531148523397,63,2.3185035187851624e-05,0,0,Internal
RVTY,SW,0.5047281073595185,63,2.8740322656530847e-05,0,0,Internal
RVTY,SWK,0.5225715045179208,63,1.3196819911314314e-05,0,0,Internal
RVTY,SYK,0.4242575756885841,63,0.0005892964557324993,0,1,External
RVTY,TAP,0.41714530674441147,63,0.0007437077728709093,0,0,Internal
RVTY,TECH,0.704524194404061,63,1.6598355427874816e-10,0,0,Internal
RVTY,TFC,0.4636981997394201,63,0.00014722102458821564,0,2,External
RVTY,TMO,0.6666999535558105,63,3.307834401012129e-09,0,0,Internal
RVTY,UDR,0.44819194923630373,63,0.0002591407756405579,0,1,External
RVTY,UPS,0.42525458074398187,63,0.0005701493939369772,0,0,Internal
RVTY,URI,0.4493074682882727,63,0.0002490336358413633,0,0,Internal
RVTY,VICI,0.44456452767544935,63,0.0002946534357752951,0,3,External
RVTY,VMC,0.48541762073773287,63,6.362960754467444e-05,0,0,Internal
RVTY,VTRS,0.4239319664083699,63,0.0005956748595031063,0,0,Internal
RVTY,WAT,0.6156499539025682,63,1.0072208883563176e-07,0,0,Internal
RVTY,WY,0.6584637334758546,63,5.9990219096035975e-09,0,0,Internal
RVTY,ZBH,0.4831526225971117,63,6.963125615875036e-05,0,0,Internal
RVTY,ZTS,0.4748534965228038,63,9.636320406679261e-05,0,3,External
SBAC,SO,0.5296768140688081,63,9.560488318537648e-06,3,3,Internal
SBAC,VICI,0.40461927248974666,63,0.0011069235633443925,3,3,Internal
SBAC,VRTX,0.48280936086098986,63,7.058505093284323e-05,3,3,Internal
SBAC,WEC,0.4442509387094907,63,0.00029792309540176647,3,3,Internal
SBAC,YUM,0.45625377605686745,63,0.00019378779614738747,3,3,Internal
SBAC,ZBH,0.42900463285982077,63,0.0005030798970161144,3,0,External
SBAC,ZTS,0.5389637125102191,63,6.204058700983987e-06,3,3,Internal
SBUX,WMB,-0.41176759794165724,63,0.0008838299916609614,0,2,External
SCHW,SWK,-0.4489018919531742,63,0.00025266590544175614,2,0,External
SCHW,WFC,0.42417846381345264,63,0.0005908404646130239,2,2,Internal
SHW,SPG,0.5418573976932927,63,5.407677110007571e-06,0,0,Internal
SHW,SW,0.4364440928136258,63,0.00039078907635622625,0,0,Internal
SHW,SWK,0.5689582003487215,63,1.4005471836529336e-06,0,0,Internal
SHW,TSN,0.5117849997301505,63,2.1235804329654566e-05,0,1,External
SHW,TXT,0.4214676774311678,63,0.0006460154964453591,0,2,External
SHW,VICI,0.42087068047141285,63,0.0006587772039528859,0,3,External
SHW,VLTO,0.4892273169624949,63,5.4600222084771226e-05,0,3,External
SHW,VMC,0.5641840407440469,63,1.7924433240127758e-06,0,0,Internal
SHW,WAT,0.44428687307794096,63,0.0002975467503258487,0,0,Internal
SHW,WY,0.6068506724880204,63,1.708684377938823e-07,0,0,Internal
SHW,ZTS,0.5215838797205882,63,1.3793657125901714e-05,0,3,External
SJM,STZ,0.48123116899476004,63,7.512719337127619e-05,0,0,Internal
SJM,SW,0.44003271074886424,63,0.00034524370187032354,0,0,Internal
SJM,TAP,0.4007795923518568,63,0.0012466414009938915,0,0,Internal
SJM,TMO,0.423430666824129,63,0.0006056173738704557,0,0,Internal
SJM,TSN,0.5275877738826803,63,1.051880158984859e-05,0,1,External
SJM,VTRS,0.5613513510716546,63,2.071251863904042e-06,0,0,Internal
SJM,WY,0.45712846373364074,63,0.0001876912034045986,0,0,Internal
SJM,ZBH,0.4842877959895995,63,6.656100549244442e-05,0,0,Internal
SJM,ZTS,0.4682613592865619,63,0.00012400637181679262,0,3,External
SLB,STZ,0.4035477523122573,63,0.0011444202380068266,2,0,External
SLB,SW,0.519648484701863,63,1.503665124712316e-05,2,0,External
SLB,SWK,0.5175982092315717,63,1.6466382780603642e-05,2,0,External
SLB,TFC,0.6061859766515093,63,1.7771303683570817e-07,2,2,Internal
SLB,TGT,0.4469673056521726,63,0.00027066718085078784,2,0,External
SLB,TMO,0.5631819994831003,63,1.8867852547166728e-06,2,0,External
SLB,UPS,0.43795981394107675,63,0.0003709234158821661,2,0,External
SLB,USB,0.401251049618833,63,0.001228671296196654,2,2,Internal
SLB,VLO,0.4780712961202779,63,8.50412810580047e-05,2,2,Internal
SLB,WAT,0.4738132030108528,63,0.0001003101554909535,2,0,External
SLB,WY,0.5311045254499542,63,8.952996178823693e-06,2,0,External
SLB,XOM,0.7148276829641641,63,6.764227899672791e-11,2,2,Internal
SNA,SPG,0.40046103961852336,63,0.001258916910740111,0,0,Internal
SNA,SWK,0.4514061660465728,63,0.00023098898788578146,0,0,Internal
SNA,TDY,0.5119184220232151,63,2.111328541565956e-05,0,3,External
SNA,TROW,0.44287001212897265,63,0.00031271908899165404,0,2,External
SNA,TRV,0.47840501719723116,63,8.394005315392908e-05,0,3,External
SNA,VLTO,0.5463416874518757,63,4.359607820205477e-06,0,3,External
SO,SRE,0.6300865183418198,63,4.082310213113003e-08,3,3,Internal
SO,TRV,0.4733561714627847,63,0.0001020907354561614,3,3,Internal
SO,VICI,0.5030955273375114,63,3.07952892046655e-05,3,3,Internal
SO,VTR,0.4300264418847718,63,0.0004860919872451113,3,3,Internal
SO,WEC,0.799665351080053,63,6.497033147080233e-15,3,3,Internal
SO,WELL,0.42521506263796416,63,0.000570897445759771,3,3,Internal
SO,WM,0.5234484449322945,63,1.2687080850085828e-05,3,3,Internal
SO,WRB,0.49617485834169694,63,4.1109438638197706e-05,3,3,Internal
SO,XEL,0.578059786745811,63,8.655690390472945e-07,3,3,Internal
SO,ZTS,0.42158504454605056,63,0.0006435331118675811,3,3,Internal
SPG,SW,0.4266606238904361,63,0.0005441058138555504,0,0,Internal
SPG,TFC,0.45710774364366824,63,0.00018783356771933583,0,2,External
SPG,TSCO,0.40446392801411113,63,0.001112290139241127,0,0,Internal
SPG,TSN,0.45333318660584565,63,0.00021548178661293482,0,1,External
SPG,UDR,0.5944417659404113,63,3.505820361366315e-07,0,1,External
SPG,VICI,0.4413168677317491,63,0.0003301591867222721,0,3,External
SPG,VMC,0.4578779895021629,63,0.00018260730418237012,0,0,Internal
SPG,WY,0.5754215884816996,63,9.966215232492208e-07,0,0,Internal
SPGI,TYL,0.5120137149823398,63,2.102618161683101e-05,3,3,Internal
SPGI,WTW,0.451937952632975,63,0.0002266106779283277,3,3,Internal
SPGI,XYL,0.4420410152157849,63,0.0003219203447349266,3,7,External
SRE,TRV,0.4091614919126277,63,0.0009599638711282218,3,3,Internal
SRE,VICI,0.44669419948269806,63,0.0002733006971540704,3,3,Internal
SRE,WEC,0.6769918950014681,63,1.5306438395214617e-09,3,3,Internal
SRE,WRB,0.4313026651201928,63,0.000465607141440309,3,3,Internal
SRE,XEL,0.5734702902006581,63,1.1052842661130977e-06,3,3,Internal
STE,SWKS,0.4344210423295231,63,0.00041881351838507594,0,1,External
STE,SYK,0.4236904190386236,63,0.0006004469508944995,0,1,External
STE,TECH,0.4083208036257846,63,0.0009857571850594793,0,0,Internal
STE,VTRS,0.43779863884431686,63,0.00037299124124473543,0,0,Internal
STE,ZBH,0.6903009907676508,63,5.391891652474847e-10,0,0,Internal
STE,ZTS,0.4167355078310284,63,0.0007536309488108744,0,3,External
STT,SYF,0.5261074786256639,63,1.125116188237158e-05,2,2,Internal
STT,TFC,0.469578067723266,63,0.00011796244389730595,2,2,Internal
STT,USB,0.5111212476278977,63,2.185517507989112e-05,2,2,Internal
STT,WFC,0.6562554135955735,63,7.015383194754936e-09,2,2,Internal
STX,WDC,0.8119531203191243,63,1.1758890415292532e-15,7,7,Internal
STZ,TAP,0.5519602879486855,63,3.3135530855483347e-06,0,0,Internal
STZ,TECH,0.4355581392642547,63,0.00040284462983493434,0,0,Internal
STZ,TGT,0.4550253520537262,63,0.00020265636528429511,0,0,Internal
STZ,TMO,0.4578341452498279,63,0.0001829011822501601,0,0,Internal
STZ,UDR,0.4455318403083655,63,0.0002847729262576467,0,1,External
STZ,VICI,0.40598087066278676,63,0.001060874568745536,0,3,External
STZ,VTRS,0.4767479954777315,63,8.95402083087932e-05,0,0,Internal
STZ,WY,0.5833177726121467,63,6.511166369205478e-07,0,0,Internal
STZ,ZBH,0.44385124310162877,63,0.000302138546431367,0,0,Internal
STZ,ZTS,0.4028191290779842,63,0.001170567122029325,0,3,External
SW,SWK,0.49763035033061076,63,3.8706237816084566e-05,0,0,Internal
SW,TECH,0.570835434020482,63,1.2697086110766947e-06,0,0,Internal
SW,TFC,0.5238575897721479,63,1.2455574177778274e-05,0,2,External
SW,TMO,0.5402950542793454,63,5.824967795517956e-06,0,0,Internal
SW,VTRS,0.5078301047283315,63,2.518140517687361e-05,0,0,Internal
SW,WAT,0.4389681819453634,63,0.0003582216815336146,0,0,Internal
SW,WY,0.49381435325782536,63,4.530198434481013e-05,0,0,Internal
SW,WYNN,0.4539512133785002,63,0.00021071390190563968,0,2,External
SW,ZBH,0.4497631762184647,63,0.00024500937696961066,0,0,Internal
SWK,TAP,0.40998048144819305,63,0.0009354236827359021,0,0,Internal
SWK,TECH,0.5248972638829956,63,1.1884846208471523e-05,0,0,Internal
SWK,TFC,0.46005130143094103,63,0.0001685708365022564,0,2,External
SWK,TGT,0.57771620563102,63,8.816700409966677e-07,0,0,Internal
SWK,TMO,0.5160871589279183,63,1.7599807129499726e-05,0,0,Internal
SWK,TXT,0.49542918285407667,63,4.239339630153059e-05,0,2,External
SWK,UPS,0.66353812520897,63,4.166250404609208e-09,0,0,Internal
SWK,WAT,0.4762421422065,63,9.131712347893925e-05,0,0,Internal
SWK,WY,0.6897734458632672,63,5.625485932494121e-10,0,0,Internal
SWK,ZBH,0.42054270140763483,63,0.0006658850670368311,0,0,Internal
SWKS,VTRS,0.4238844322168648,63,0.0005966112332255281,1,0,External
SWKS,ZBH,0.40432267077422784,63,0.0011171903928922165,1,0,External
SYF,TFC,0.5764766173189413,63,9.421258002203579e-07,2,2,Internal
SYF,USB,0.6293404405156638,63,4.282227639328111e-08,2,2,Internal
SYF,WFC,0.6207899332205616,63,7.341037463906952e-08,2,2,Internal
SYF,WYNN,0.4665035504075682,63,0.00013251860645621593,2,2,Internal
SYK,TECH,0.4160948788538313,63,0.0007693838459278747,1,0,External
SYK,TMO,0.4260588706545371,63,0.0005551166943417619,1,0,External
SYK,UDR,0.5032853277149695,63,3.054958140909574e-05,1,1,Internal
SYK,ZBH,0.5194416569402783,63,1.5175466502845582e-05,1,0,External
SYY,TFC,0.4102798029941824,63,0.0009265971128033463,1,2,External
SYY,TROW,0.4287955931502182,63,0.0005066210122214117,1,2,External
T,TMUS,0.47995986654028555,63,7.898030477631678e-05,3,3,Internal
T,VZ,0.6190478993573224,63,8.176938509248974e-08,3,3,Internal
TAP,TGT,0.5196408703411031,63,1.5041740743568852e-05,0,0,Internal
TAP,TSN,0.592890880627111,63,3.8272063861840633e-07,0,1,External
TAP,VTRS,0.4248501878721402,63,0.0005778464768537835,0,0,Internal
TAP,WY,0.533041065610568,63,8.186302612532803e-06,0,0,Internal
TAP,XEL,0.4441512043024131,63,0.00029896990346674245,0,3,External
TDG,VRTX,0.6194864900839239,63,7.958412867095785e-08,3,3,Internal
TDG,YUM,0.4467253599015135,63,0.00027299904430107253,3,3,Internal
TDG,ZBRA,0.6324192304666177,63,3.512594646372145e-08,3,3,Internal
TDY,TRV,0.41945377862940775,63,0.0006899850265416851,3,3,Internal
TDY,VLTO,0.4146966688494552,63,0.000804804828318856,3,3,Internal
TECH,TMO,0.7426997140868217,63,4.837289182617818e-12,0,0,Internal
TECH,URI,0.5881664271688262,63,4.985410406388436e-07,0,0,Internal
TECH,VTRS,0.460433817791899,63,0.0001662052190539539,0,0,Internal
TECH,WAT,0.5666118001510514,63,1.5818609502893364e-06,0,0,Internal
TECH,WST,0.4517786309423741,63,0.00022791437541849684,0,3,External
TECH,WY,0.5238829055160821,63,1.244137958546661e-05,0,0,Internal
TECH,ZBH,0.46287031357753616,63,0.0001518374724906279,0,0,Internal
TEL,TMO,0.6416641969996898,63,1.9119585238234143e-08,7,0,External
TEL,TXN,-0.5827869105632321,63,6.702560211633945e-07,7,2,External
TER,TT,-0.41884192754916655,63,0.0007038705166442402,8,3,External
TER,VRSK,-0.5082046625645116,63,2.4780486924865574e-05,8,3,External
TFC,TMO,0.4358124653837964,63,0.00039934971935332383,2,0,External
TFC,TROW,0.5461346548668158,63,4.403488416680874e-06,2,2,Internal
TFC,TSCO,0.421975205731686,63,0.0006353429853636722,2,0,External
TFC,USB,0.6982398543091614,63,2.817046257974724e-10,2,2,Internal
TFC,VICI,0.43302498023368496,63,0.00043920609197179,2,3,External
TFC,VTRS,0.42958731350664103,63,0.0004933277105129293,2,0,External
TFC,WFC,0.4164889193472769,63,0.0007596596110283862,2,2,Internal
TFC,WY,0.4062572171342639,63,0.0010517421821715038,2,0,External
TFC,WYNN,0.48776391395331914,63,5.791862952122287e-05,2,2,Internal
TFC,XOM,0.42429313350061115,63,0.0005886036748593919,2,2,Internal
TGT,TMO,0.44347402624433613,63,0.00030616677485376505,0,0,Internal
TGT,TSN,0.4628058356110096,63,0.000152202529311321,0,1,External
TGT,UPS,0.4686957198020753,63,0.00012198184222982726,0,0,Internal
TGT,WY,0.5289349463243244,63,9.891093908984315e-06,0,0,Internal
TJX,WMT,0.4661657201042384,63,0.00013421477204656566,3,3,Internal
TJX,WRB,0.41654919420328784,63,0.0007581819790528178,3,3,Internal
TMO,UPS,0.42853629783566083,63,0.0005110449111221993,0,0,Internal
TMO,URI,0.4890828511831609,63,5.491982651523202e-05,0,0,Internal
TMO,VTRS,0.5086600379224466,63,2.430103397192409e-05,0,0,Internal
TMO,WAT,0.5708252746058087,63,1.2703847953925023e-06,0,0,Internal
TMO,WY,0.4833234688235994,63,6.916098048188094e-05,0,0,Internal
TMO,ZBH,0.45010270204470665,63,0.00024204983749529643,0,0,Internal
TMO,ZTS,0.4791402296182482,63,8.156014306539715e-05,0,3,External
TMUS,TXT,-0.48664885800450736,63,6.057099046922037e-05,3,2,External
TMUS,VZ,0.5737460441518335,63,1.0892816871847564e-06,3,3,Internal
TMUS,WST,0.4847412387796321,63,6.536987587289631e-05,3,3,Internal
TPL,XOM,0.5003429518376873,63,3.4570646296980305e-05,2,2,Internal
TRGP,WMB,0.472050904208703,63,0.00010733731056229407,2,2,Internal
TRMB,VMC,0.421978520272829,63,0.000635273814300366,0,0,Internal
TRV,VLTO,0.5462378944854285,63,4.3815554822918585e-06,3,3,Internal
TRV,WEC,0.47558194536731,63,9.368502582349884e-05,3,3,Internal
TRV,WELL,0.4046032176517744,63,0.0011074771153614725,3,3,Internal
TRV,WM,0.5384904864759615,63,6.344258969973255e-06,3,3,Internal
TRV,WRB,0.7727828120578223,63,1.867635346782046e-13,3,3,Internal
TRV,WTW,0.4139858248675789,63,0.0008233723446017985,3,3,Internal
TRV,XEL,0.44044966870551056,63,0.0003402783493888574,3,3,Internal
TSCO,VMC,0.4808726716459812,63,7.619582133169562e-05,0,0,Internal
TSCO,ZTS,0.41735341925980873,63,0.0007387137928885328,0,3,External
TSN,UDR,0.40725515653618644,63,0.0010193505726841775,1,1,Internal
TSN,VICI,0.4024157397107058,63,0.001185273109152511,1,3,External
TSN,VLTO,0.40967645543074566,63,0.000944466621694905,1,3,External
TSN,VTRS,0.42446661104800393,63,0.0005852343560419184,1,0,External
TSN,WY,0.5432141278945111,63,5.0680985816188944e-06,1,0,External
TSN,ZBH,0.4255120944419808,63,0.0005652965714265611,1,0,External
TSN,ZTS,0.45509081133970364,63,0.00020217456907892936,1,3,External
TT,VRSK,0.40776263903376164,63,0.001003226043696276,3,3,Internal
TXT,WAB,0.591701234043661,63,4.092290878622915e-07,2,2,Internal
TXT,WY,0.4286882386766278,63,0.0005084483748382908,2,0,External
TYL,WRB,0.42917795269230796,63,0.0005001609415027649,3,3,Internal
TYL,WTW,0.5481008318434658,63,4.002886459235159e-06,3,3,Internal
TYL,XYL,0.5021146054400946,63,3.209457545041319e-05,3,7,External
UDR,WY,0.5538951071684596,63,3.011334262948195e-06,1,0,External
UDR,ZBH,0.45185385247177284,63,0.00022729800030767323,1,0,External
UNP,WAB,0.5354582913332842,63,7.315070852305866e-06,2,2,Internal
UPS,VRSN,0.5596284941001022,63,2.2601517782587734e-06,0,3,External
UPS,WELL,-0.4386263571158853,63,0.00036248231056210025,0,3,External
UPS,WY,0.42800522106915373,63,0.0005202154581899831,0,0,Internal
URI,WAT,0.4019449173712288,63,0.001202647679266193,0,0,Internal
URI,WST,0.5859996432173858,63,5.620221674249034e-07,0,3,External
USB,WFC,0.5318257533965223,63,8.659963207583803e-06,2,2,Internal
USB,WYNN,0.45452304214956785,63,0.00020638861083081264,2,2,Internal
VICI,VTR,0.47916431299071915,63,8.148324602115342e-05,3,3,Internal
VICI,WEC,0.607448981259677,63,1.6492049794349748e-07,3,3,Internal
VICI,WY,0.4360760936514359,63,0.0003957561373431949,3,0,External
VICI,ZTS,0.5741276911568414,63,1.0674920110852707e-06,3,3,Internal
VLO,XOM,0.4317151779496868,63,0.0004591556529585426,2,2,Internal
VLTO,VMC,0.49893127683816474,63,3.666889453420353e-05,3,0,External
VLTO,WEC,0.4519753794070267,63,0.00022630541313909216,3,3,Internal
VLTO,WM,0.46149751785978155,63,0.00015978598280182786,3,3,Internal
VLTO,WRB,0.4921226778256814,63,4.854592090561743e-05,3,3,Internal
VMC,WY,0.432154625334245,63,0.00045237242957648624,0,0,Internal
VRSK,WM,0.41371200858117846,63,0.0008306272403477625,3,3,Internal
VRSN,WTW,0.40023066057558127,63,0.0012678622792905451,3,3,Internal
VRTX,YUM,0.5598717527694187,63,2.2325364231516544e-06,3,3,Internal
VRTX,ZBRA,0.5944575115611272,63,3.502691557208344e-07,3,3,Internal
VRTX,ZTS,0.5152879975511087,63,1.8228128733495908e-05,3,3,Internal
VTR,WEC,0.5744286762481122,63,1.0505965876507226e-06,3,3,Internal
VTR,WELL,0.7338389752637269,63,1.1594075299715787e-11,3,3,Internal
VTR,WM,0.4402964084039522,63,0.0003420958352694452,3,3,Internal
VTRS,ZBH,0.6981045946965926,63,2.848878223495729e-10,0,0,Internal
VTRS,ZTS,0.4656392395261678,63,0.00013689787633231913,0,3,External
WAB,WST,-0.4289889583325205,63,0.0005033446402548933,2,3,External
WAT,WY,0.5099209645752983,63,2.3017936135441223e-05,0,0,Internal
WDC,XYL,0.48721466296542437,63,5.921142822369825e-05,7,7,Internal
WEC,WELL,0.470522016644449,63,0.00011379744383459573,3,3,Internal
WEC,WM,0.46300367014424665,63,0.00015108499078870122,3,3,Internal
WEC,WRB,0.5169076383494525,63,1.6975689244150746e-05,3,3,Internal
WEC,XEL,0.5983567081097487,63,2.80373601826806e-07,3,3,Internal
WELL,WM,0.6265155213202201,63,5.1261570186611756e-08,3,3,Internal
WELL,WRB,0.4192276023857795,63,0.000695088751588258,3,3,Internal
WM,WRB,0.5728354423617542,63,1.1429674898764369e-06,3,3,Internal
WRB,WTW,0.46850801308175094,63,0.00012285297759651614,3,3,Internal
WRB,XEL,0.4358830896070792,63,0.0003983841213034094,3,3,Internal
WTW,XYL,0.5902283253249792,63,4.444418855168226e-07,3,7,External
WY,ZBH,0.44637376667946876,63,0.0002764204008797867,0,0,Internal
WY,ZTS,0.4219389524572149,63,0.0006360999997458547,0,3,External
YUM,ZTS,0.5021484710234361,63,3.204888561038055e-05,3,3,Internal
ZBH,ZTS,0.5423718436643509,63,5.2764920869370544e-06,0,3,External
