ticker1,ticker2,Correlation,n,pval,Source_Cluster,Target_Cluster,Edge_Type
A,ADI,0.406907673604957,62,0.0011364582141699048,0,1,External
A,ADM,0.4364122240510684,62,0.00043806572825737776,0,2,External
A,BAX,0.4127056664519127,62,0.0009486955044046824,0,0,Internal
A,CRL,0.4934366154561836,62,5.3303270254400186e-05,0,0,Internal
A,DHR,0.6295069813583745,62,5.496460214756851e-08,0,0,Internal
A,IQV,0.5656637123596342,62,2.0303042430252718e-06,0,0,Internal
A,LH,0.4729806982470117,62,0.00011845214147494115,0,0,Internal
A,MTD,0.6489960171476149,62,1.541039702398018e-08,0,0,Internal
A,RVTY,0.6619485997140806,62,6.285685995331585e-09,0,0,Internal
A,TECH,0.5141889094768185,62,2.247293550277867e-05,0,0,Internal
A,TMO,0.5379723724824266,62,7.7724990574645e-06,0,0,Internal
A,WAT,0.7691600967609401,62,4.473745335991915e-13,0,0,Internal
A,WST,0.43700747336215473,62,0.0004293336987772117,0,0,Internal
AAPL,AMP,-0.43588385677201913,62,0.0004459515824725276,6,2,External
AAPL,BAC,-0.455542192497339,62,0.00022509765768216416,6,2,External
AAPL,CAT,-0.44909837343369335,62,0.0002829292293523821,6,5,External
AAPL,CF,-0.467563971609725,62,0.00014513105507232024,6,2,External
AAPL,CMI,-0.4044530648623888,62,0.0012255671042445304,6,5,External
AAPL,DOV,-0.44568290060045335,62,0.00031880346688040683,6,5,External
AAPL,DOW,-0.4451528153627049,62,0.00032472884619034553,6,2,External
AAPL,GS,-0.42521079613249035,62,0.000635547859116245,6,2,External
AAPL,MET,-0.4647009076253183,62,0.00016136047665260358,6,2,External
AAPL,MHK,-0.42559670455765464,62,0.000627584766340783,6,5,External
AAPL,MNST,0.42040400837817427,62,0.0007427010141387144,6,6,Internal
AAPL,NTRS,-0.4554092586551241,62,0.0002261723764243278,6,2,External
AAPL,PFG,-0.4665906547824066,62,0.00015047225177863526,6,2,External
AAPL,PKG,-0.4023353232479091,62,0.0013074449160802519,6,2,External
AAPL,RJF,-0.4128693993683268,62,0.0009438256304204895,6,2,External
AAPL,SWK,-0.4374962040723213,62,0.00042228291330665665,6,5,External
AAPL,VTR,-0.4062179392657322,62,0.0011608885531159984,6,4,External
AAPL,WAB,-0.42488714199855776,62,0.0006422968204875589,6,5,External
AAPL,WDC,-0.4275976319176975,62,0.0005877274630536632,6,1,External
ABBV,ALGN,0.45868660763321756,62,0.00020099880331638499,0,0,Internal
ABBV,BMY,0.41918157526789956,62,0.0007724383220088768,0,4,External
ABBV,CSGP,-0.4270975624078667,62,0.0005974673446544787,0,6,External
ABBV,DGX,0.45835902804382017,62,0.00020339435877157543,0,0,Internal
ABBV,DPZ,0.4046480925925382,62,0.0012182638373211755,0,0,Internal
ABBV,GILD,0.4069450584357236,62,0.00113514737034506,0,4,External
ABBV,HAS,-0.6604359875838199,62,6.995368787400869e-09,0,6,External
ABBV,IP,0.4753294307434101,62,0.00010835045571681039,0,2,External
ABBV,IQV,0.4401710592234841,62,0.00038552506441594876,0,0,Internal
ABBV,KDP,0.5971419995681247,62,3.777255043149209e-07,0,0,Internal
ABBV,KLAC,-0.4639003277035473,62,0.0001661872528586765,0,1,External
ABBV,META,-0.680690718484955,62,1.5847315328650637e-09,0,6,External
ABBV,PNR,-0.4391600564775814,62,0.0003990613268703777,0,5,External
ABBV,ROL,-0.4043807891853284,62,0.001228283622309492,0,6,External
ABBV,TYL,-0.41904715276467697,62,0.0007757731780964192,0,3,External
ABBV,WM,0.4337567222579104,62,0.00047902164146942407,0,6,External
ABBV,WTW,0.7172081068589904,62,7.908478976417494e-11,0,0,Internal
ABT,BDX,0.5066232330549824,62,3.099092425431661e-05,0,0,Internal
ABT,BSX,0.4145445953690722,62,0.0008952811228593265,0,0,Internal
ABT,CDW,-0.6988510208432804,62,3.7735468038260087e-10,0,1,External
ABT,CSCO,-0.4110420218165526,62,0.0009994779614578956,0,1,External
ABT,EW,0.49271558949865113,62,5.487252286322455e-05,0,0,Internal
ABT,HPE,-0.4141439384410496,62,0.0009066817925226225,0,1,External
ABT,ISRG,0.770973356870947,62,3.6457997547661364e-13,0,0,Internal
ABT,IT,-0.4380745020491146,62,0.0004140760964087847,0,1,External
ABT,JBL,-0.47885953548558574,62,9.464907586099558e-05,0,1,External
ABT,KLAC,-0.44251863025645477,62,0.00035569080527055074,0,1,External
ABT,MDT,0.45635320476780494,62,0.00021864144249062904,0,0,Internal
ABT,PODD,0.40176386701682215,62,0.001330365525654126,0,0,Internal
ABT,SYK,0.4619921762350048,62,0.0001782298509027937,0,0,Internal
ABT,TRV,0.5594314218070461,62,2.7756923304661327e-06,0,0,Internal
ABT,ZBH,0.4352831118489844,62,0.0004550743003171005,0,0,Internal
ACGL,CB,0.5687139451589791,62,1.738105917327002e-06,6,6,Internal
ACGL,CL,0.4155828780762615,62,0.0008663366797412156,6,6,Internal
ACGL,EG,0.7339890068487578,62,1.6962388742567685e-11,6,6,Internal
ACGL,K,0.4417114921955141,62,0.00036570241098422335,6,6,Internal
ACGL,KEYS,-0.43023648561989253,62,0.000538674131322508,6,1,External
ACN,JBL,0.42672195267297613,62,0.0006048791011405004,1,1,Internal
ACN,MRK,-0.403553431351168,62,0.001259768466786796,1,6,External
ADBE,AIZ,-0.5043551309919259,62,3.4075098044125744e-05,1,4,External
ADBE,AMD,0.42253530581890947,62,0.0006933213154606863,1,1,Internal
ADBE,POOL,-0.4091625808119173,62,0.0010597863413005155,1,5,External
ADI,AMAT,0.4300195265245764,62,0.0005425622803741048,1,1,Internal
ADI,APH,0.4772695989994018,62,0.0001006097820784177,1,5,External
ADI,MCHP,0.798420011236217,62,1.2851913118551436e-14,1,1,Internal
ADI,NXPI,0.7339773843123477,62,1.698116091855361e-11,1,1,Internal
ADI,ON,0.6081893117630462,62,2.0041455740630005e-07,1,1,Internal
ADI,SWKS,0.5550851799489839,62,3.4392476568008647e-06,1,1,Internal
ADI,TEL,0.4382561133796703,62,0.0004115288898953495,1,5,External
ADI,TER,0.5191985527543198,62,1.8088299005496544e-05,1,1,Internal
ADI,TXN,0.47867394895753274,62,9.532769981227964e-05,1,1,Internal
ADM,AMP,0.6375123197795459,62,3.295523909326962e-08,2,2,Internal
ADM,APA,0.45525356736556616,62,0.00022743704370270832,2,2,Internal
ADM,AVY,0.4913299788475593,62,5.800849033252843e-05,2,4,External
ADM,BAC,0.476014762603358,62,0.0001055557755910244,2,2,Internal
ADM,BG,0.6724538514190059,62,2.939346888995911e-09,2,2,Internal
ADM,BXP,0.4519567692892155,62,0.0002557814209476359,2,4,External
ADM,CAT,0.4185556674050969,62,0.0007880774352482083,2,5,External
ADM,CF,0.4679978918976258,62,0.00014280638081887252,2,2,Internal
ADM,CMI,0.41223163493972487,62,0.0009629226270895458,2,5,External
ADM,CTRA,0.5944285336326087,62,4.397570513593546e-07,2,2,Internal
ADM,CVX,0.4796875297973885,62,9.167518938172873e-05,2,2,Internal
ADM,DHR,0.47426226812908306,62,0.00011283781546765059,2,0,External
ADM,DOW,0.6121920668911598,62,1.5834107249092206e-07,2,2,Internal
ADM,EOG,0.45023780415999337,62,0.00027180694701255733,2,2,Internal
ADM,FANG,0.43516939925234427,62,0.00045682007613531315,2,2,Internal
ADM,FITB,0.4277887050257112,62,0.0005840440990430344,2,2,Internal
ADM,GM,0.4728302984721942,62,0.00011912757028617848,2,5,External
ADM,HAL,0.4014694043893505,62,0.0013423165914107594,2,2,Internal
ADM,IP,0.5235505658782625,62,1.4938013495086813e-05,2,2,Internal
ADM,IQV,0.4327203469834232,62,0.0004959277819417718,2,0,External
ADM,KMI,0.4197796615687,62,0.0007577571396369649,2,2,Internal
ADM,LH,0.5653985024656707,62,2.0577704931855273e-06,2,0,External
ADM,LYB,0.5737753517838081,62,1.338416074934052e-06,2,2,Internal
ADM,MET,0.4233934804803881,62,0.0006742923063719091,2,2,Internal
ADM,MNST,-0.41968887996203147,62,0.0007599691774397661,2,6,External
ADM,MOS,0.49277961579315693,62,5.4731469525146e-05,2,2,Internal
ADM,NDSN,0.4391153871218294,62,0.00039966925944905524,2,5,External
ADM,NTRS,0.5421089044038189,62,6.408314172361287e-06,2,2,Internal
ADM,OXY,0.41826122128546206,62,0.0007955330906426067,2,2,Internal
ADM,PFG,0.5834246362474733,62,8.033443253744469e-07,2,2,Internal
ADM,PKG,0.5655194497888167,62,2.0452018540144674e-06,2,2,Internal
ADM,PRU,0.45114035079181825,62,0.00026328188175769586,2,2,Internal
ADM,RJF,0.47620574159203743,62,0.00010478888202483534,2,2,Internal
ADM,RL,0.45975688857214536,62,0.00019335078715660087,2,5,External
ADM,SCHW,0.43127663928712223,62,0.0005203823106964746,2,2,Internal
ADM,TRGP,0.4393911493390814,62,0.00039592965932719955,2,2,Internal
ADM,UPS,0.556143147097104,62,3.265304548888459e-06,2,0,External
ADM,WAT,0.4493202793730719,62,0.0002807311160800291,2,0,External
ADP,AVB,0.4090554661979854,62,0.001063320251267436,4,4,Internal
ADP,CNP,0.4146057047764014,62,0.0008935536803105775,4,4,Internal
ADP,EXR,0.44514106298149003,62,0.00032486134641447113,4,4,Internal
ADP,LNT,0.4062024749359509,62,0.001161441676202613,4,4,Internal
ADP,NEE,0.4427884140541627,62,0.0003524005390824639,4,4,Internal
ADP,NI,0.442664136690419,62,0.0003539127580470637,4,4,Internal
ADP,NRG,0.40128425365603043,62,0.001349880438600773,4,2,External
ADP,NVDA,-0.4236995138249877,62,0.0006676216242054527,4,1,External
ADP,PAYX,0.7042369829206906,62,2.41528123921821e-10,4,4,Internal
ADP,PEG,0.4156093391687655,62,0.0008656101911594078,4,4,Internal
ADSK,ALGN,0.41054733892435336,62,0.0010150438663464206,0,0,Internal
ADSK,PAYC,0.4343234371031289,62,0.0004700000354903168,0,0,Internal
ADSK,PTC,0.4587710478988778,62,0.00020038549995930193,0,0,Internal
AEE,AEP,0.8013988105510046,62,8.667593596686475e-15,4,4,Internal
AEE,AES,0.5306104977415819,62,1.0889829289531944e-05,4,4,Internal
AEE,AMGN,0.43586145338700444,62,0.0004462887861155116,4,4,Internal
AEE,ATO,0.7127174900828125,62,1.1720771623120153e-10,4,4,Internal
AEE,AVB,0.47176750703630715,62,0.00012400217877765496,4,4,Internal
AEE,AWK,0.5493713943999561,62,4.538047998709889e-06,4,4,Internal
AEE,BMY,0.4075249481790577,62,0.0011149879938666051,4,4,Internal
AEE,CMS,0.8228402742903609,62,4.119797862811198e-16,4,4,Internal
AEE,CNP,0.8103789807952952,62,2.5362333177068097e-15,4,4,Internal
AEE,CPT,0.5060210050333243,62,3.17836068343121e-05,4,4,Internal
AEE,D,0.66300942919368,62,5.829248238538548e-09,4,4,Internal
AEE,DTE,0.7758700491886636,62,2.0781230374777745e-13,4,4,Internal
AEE,DUK,0.8514102878006372,62,3.52264724601155e-18,4,4,Internal
AEE,ED,0.8183251715467297,62,8.087381026901995e-16,4,4,Internal
AEE,EIX,0.765526441305547,62,6.704657040444092e-13,4,4,Internal
AEE,EQR,0.4778456563804889,62,9.841137136357756e-05,4,4,Internal
AEE,ES,0.7544944378366357,62,2.1931899328575246e-12,4,4,Internal
AEE,ETR,0.800776524458112,62,9.416153862757439e-15,4,4,Internal
AEE,EVRG,0.8456252295633817,62,9.97557396820565e-18,4,4,Internal
AEE,EXC,0.8168271590554665,62,1.007426608470735e-15,4,4,Internal
AEE,FE,0.7062022571186971,62,2.0473041099695767e-10,4,4,Internal
AEE,JNJ,0.5288684780119988,62,1.1780903150813834e-05,4,4,Internal
AEE,KMB,0.40286930738003746,62,0.001286348769880961,4,6,External
AEE,KMI,0.4743747232602373,62,0.00011235702620199539,4,2,External
AEE,LNT,0.8627994574273891,62,3.9650528082072855e-19,4,4,Internal
AEE,MAA,0.45740336007436805,62,0.0002105331133100226,4,4,Internal
AEE,NEE,0.5039275508877425,62,3.468741256703147e-05,4,4,Internal
AEE,NI,0.7560559691450143,62,1.861555726745384e-12,4,4,Internal
AEE,O,0.47873552378157436,62,9.510204811366462e-05,4,4,Internal
AEE,OKE,0.4596829538316156,62,0.00019387041992180903,4,2,External
AEE,PCG,0.5802781871520369,62,9.50545350094298e-07,4,4,Internal
AEE,PEG,0.7701680759750301,62,3.9935957949342975e-13,4,4,Internal
AEE,PNW,0.7366239319604077,62,1.3180632879064043e-11,4,4,Internal
AEE,PPL,0.8023904207050025,62,7.591185358059555e-15,4,4,Internal
AEE,SJM,0.5560029124934736,62,3.2878788721247674e-06,4,4,Internal
AEE,SO,0.7589234327381159,62,1.373206079252297e-12,4,4,Internal
AEE,SRE,0.7108156802740381,62,1.3814860887390991e-10,4,4,Internal
AEE,UDR,0.4219702022765811,62,0.0007061159049528349,4,4,Internal
AEE,WEC,0.8910080304991231,62,6.738369053481537e-22,4,4,Internal
AEE,XEL,0.7838681941710208,62,8.043993852826685e-14,4,4,Internal
AEP,AES,0.5054596220215498,62,3.253938289237924e-05,4,4,Internal
AEP,AMAT,-0.4020977225514463,62,0.0013169314034964252,4,1,External
AEP,AMD,-0.47710651675696475,62,0.00010124030346985397,4,1,External
AEP,AMGN,0.609228917738334,62,1.8857591255280936e-07,4,4,Internal
AEP,ATO,0.7137153009535993,62,1.0746595475687764e-10,4,4,Internal
AEP,AVB,0.42413451617242837,62,0.0006582426055837923,4,4,Internal
AEP,AVY,0.46751184919516,62,0.00014541261711488248,4,4,Internal
AEP,AWK,0.5799996364056279,62,9.64728052954054e-07,4,4,Internal
AEP,BF-B,0.4566845693505592,62,0.00021605263130317897,4,4,Internal
AEP,BMY,0.44603591515466373,62,0.00031491227713558025,4,4,Internal
AEP,CAG,0.5156218110665269,62,2.1127577203717375e-05,4,4,Internal
AEP,CDNS,-0.4705392032683651,62,0.0001298637027549701,4,1,External
AEP,CMS,0.7984113044931445,62,1.286659451922055e-14,4,4,Internal
AEP,CNP,0.7839149479284022,62,7.998548707283663e-14,4,4,Internal
AEP,CPT,0.4555665887013469,62,0.00022490093160222884,4,4,Internal
AEP,D,0.6822232758978346,62,1.409550092331101e-09,4,4,Internal
AEP,DTE,0.8251847245621273,62,2.8806415042114925e-16,4,4,Internal
AEP,DUK,0.8562271102051621,62,1.4309313223181105e-18,4,4,Internal
AEP,ED,0.7820047541610875,62,1.0070442124923862e-13,4,4,Internal
AEP,EIX,0.767725206040325,62,5.253329345262934e-13,4,4,Internal
AEP,EQR,0.4205034887590176,62,0.0007403272003396303,4,4,Internal
AEP,ES,0.8110467020827354,62,2.3087617022208286e-15,4,4,Internal
AEP,ETR,0.8388534973577669,62,3.200326986690791e-17,4,4,Internal
AEP,EVRG,0.8189318064200629,62,7.394748355274181e-16,4,4,Internal
AEP,EXC,0.7441085787012134,62,6.331896145234727e-12,4,4,Internal
AEP,FE,0.7280052061466863,62,2.9754260999875346e-11,4,4,Internal
AEP,GD,0.4231916041163628,62,0.000678725631569557,4,2,External
AEP,HOLX,0.42203495699366417,62,0.0007046390205729719,4,4,Internal
AEP,INCY,0.4041027255183267,62,0.00123878536751611,4,4,Internal
AEP,JNJ,0.5974407613426637,62,3.714225411528556e-07,4,4,Internal
AEP,K,0.4255252139131215,62,0.0006290530935308456,4,6,External
AEP,KHC,0.40811933547484547,62,0.001094659811177345,4,6,External
AEP,KLAC,-0.41078035047170863,62,0.0010076847994190407,4,1,External
AEP,KMI,0.47000948861988995,62,0.00013246914123471215,4,2,External
AEP,KO,0.4503746446207457,62,0.00027049841040401886,4,6,External
AEP,LHX,0.5492644252738103,62,4.561441419253871e-06,4,2,External
AEP,LNT,0.8714857125673423,62,6.542676035098763e-20,4,4,Internal
AEP,MAA,0.424264194342255,62,0.0006554698181087435,4,4,Internal
AEP,MRK,0.4022778471217386,62,0.0013097340680184965,4,6,External
AEP,MU,-0.4752605095254538,62,0.00010863523638436086,4,1,External
AEP,NEE,0.6585474938472476,62,7.988116186411258e-09,4,4,Internal
AEP,NI,0.7934148366062368,62,2.4551792614510023e-14,4,4,Internal
AEP,NOC,0.4615154965813641,62,0.00018136046447850908,4,2,External
AEP,NVDA,-0.5040274263055006,62,3.45434822191504e-05,4,1,External
AEP,O,0.4855206282478003,62,7.304074043157913e-05,4,4,Internal
AEP,PCG,0.6035468081145293,62,2.623415783435917e-07,4,4,Internal
AEP,PEG,0.7504699149117989,62,3.327874142509503e-12,4,4,Internal
AEP,PEP,0.42403920376998366,62,0.0006602873511219928,4,6,External
AEP,PNW,0.7759292123329549,62,2.0638795576497037e-13,4,4,Internal
AEP,PPL,0.8142377721923253,62,1.4658721263815363e-15,4,4,Internal
AEP,SBAC,0.40360675063302587,62,0.001257717747585649,4,4,Internal
AEP,SJM,0.5592732953092641,62,2.79757242802887e-06,4,4,Internal
AEP,SNPS,-0.45657636363281145,62,0.00021689489781048384,4,1,External
AEP,SO,0.6395246699816475,62,2.8911285835062577e-08,4,4,Internal
AEP,SRE,0.6867213063022601,62,9.953600325030344e-10,4,4,Internal
AEP,UDR,0.42066490390088457,62,0.0007364900921938985,4,4,Internal
AEP,VICI,0.4163829985912325,62,0.0008446111162851039,4,4,Internal
AEP,WEC,0.8419166172000849,62,1.9016634315745635e-17,4,4,Internal
AEP,WMT,0.4155856081790661,62,0.0008662616993729024,4,4,Internal
AEP,XEL,0.8101066703742282,62,2.635034468286797e-15,4,4,Internal
AES,AMD,-0.4324980002866389,62,0.0004996247305206,4,1,External
AES,AMGN,0.4456933468927632,62,0.00031868769347408784,4,4,Internal
AES,AMT,0.5115453547116008,62,2.5165528620154144e-05,4,4,Internal
AES,ATO,0.5009308983853973,62,3.9272770847511486e-05,4,4,Internal
AES,AVY,0.4916659859392443,62,5.723319994794637e-05,4,4,Internal
AES,AWK,0.45747208722691757,62,0.00021001217897100648,4,4,Internal
AES,BXP,0.4024478186278182,62,0.0013029748703490616,4,4,Internal
AES,CCI,0.4711991553754334,62,0.00012668350333433083,4,4,Internal
AES,CMS,0.5700017562400987,62,1.6269736682607778e-06,4,4,Internal
AES,CNP,0.5396248318594965,62,7.19797876608434e-06,4,4,Internal
AES,CTRA,0.4074692015437587,62,0.0011169118722475333,4,2,External
AES,D,0.5202991753589667,62,1.7238054187953908e-05,4,4,Internal
AES,DOC,0.4813264966451372,62,8.60404806842645e-05,4,4,Internal
AES,DOV,0.4037662869389632,62,0.0012515997214616683,4,5,External
AES,DTE,0.6131564156833894,62,1.4952925236249445e-07,4,4,Internal
AES,DUK,0.5278165827366698,62,1.2351306288985964e-05,4,4,Internal
AES,ED,0.4694489551595829,62,0.0001352783350954408,4,4,Internal
AES,EIX,0.5535821077934435,62,3.7012928734321477e-06,4,4,Internal
AES,ES,0.609874701627717,62,1.8155678087513026e-07,4,4,Internal
AES,ETR,0.5838492364996514,62,7.852035136081057e-07,4,4,Internal
AES,EVRG,0.561422553954714,62,2.5135164867934997e-06,4,4,Internal
AES,EXC,0.5380922686125346,62,7.729418870611478e-06,4,4,Internal
AES,EXR,0.4056597748016044,62,0.0011810036877014638,4,4,Internal
AES,FE,0.5347281625354569,62,9.026636997425867e-06,4,4,Internal
AES,FRT,0.45610569914165566,62,0.000220593571830421,4,4,Internal
AES,GD,0.4267170959926009,62,0.0006049754794899561,4,2,External
AES,HII,0.4037136024119767,62,0.0012536171432763832,4,2,External
AES,HON,0.44598089815782943,62,0.0003155158526803191,4,5,External
AES,IRM,0.4199653762839434,62,0.00075325003861785,4,4,Internal
AES,KMI,0.4417740850924521,62,0.0003649169371295404,4,2,External
AES,LHX,0.4221687627604697,62,0.0007015961180908105,4,2,External
AES,LNT,0.5782278118516124,62,1.0596911549610435e-06,4,4,Internal
AES,NEE,0.4076300306029759,62,0.0011113695961779662,4,4,Internal
AES,NEM,0.446779605158499,62,0.000306856120395672,4,6,External
AES,NI,0.5425281209113324,62,6.283292204656018e-06,4,4,Internal
AES,O,0.42765051155096545,62,0.0005867059868468125,4,4,Internal
AES,PAYX,0.4617737085228393,62,0.00017965845122992297,4,4,Internal
AES,PEG,0.6516910204356323,62,1.283259502574244e-08,4,4,Internal
AES,PNW,0.5397676855265442,62,7.150216447698213e-06,4,4,Internal
AES,PPL,0.6520643652420349,62,1.2509467775646125e-08,4,4,Internal
AES,REG,0.4208977220946148,62,0.0007309873025736775,4,4,Internal
AES,SBAC,0.5312425534695456,62,1.0582320908916492e-05,4,4,Internal
AES,SO,0.4617776664361972,62,0.00017963247671056405,4,4,Internal
AES,SRE,0.5747243188291722,62,1.2738023342301867e-06,4,4,Internal
AES,VTR,0.405583179957259,62,0.00118378835344109,4,4,Internal
AES,WEC,0.6136688485069234,62,1.4503683055918137e-07,4,4,Internal
AES,WELL,0.5325888310498907,62,9.954053558713178e-06,4,4,Internal
AES,XEL,0.5111512802374288,62,2.559159890653985e-05,4,4,Internal
AFL,ALGN,-0.4942071198993301,62,5.1672183389179774e-05,4,0,External
AFL,ALL,0.459639573528634,62,0.0001941759027702689,4,2,External
AFL,AVB,0.555790212503396,62,3.3223966941776997e-06,4,4,Internal
AFL,BRK-B,0.4448273062519075,62,0.00032841701652677415,4,2,External
AFL,BXP,0.41519800150491554,62,0.00087696589510494,4,4,Internal
AFL,CBRE,0.6280512341877835,62,6.022882632115943e-08,4,4,Internal
AFL,CINF,0.4246277219899133,62,0.0006477531531129977,4,4,Internal
AFL,CMCSA,0.5313496548243066,62,1.0531020970091816e-05,4,6,External
AFL,CPT,0.43963096101937066,62,0.0003927035005963247,4,4,Internal
AFL,CTRA,0.4037165111995669,62,0.0012535056823175183,4,2,External
AFL,D,0.4233819685467606,62,0.0006745444085230016,4,4,Internal
AFL,DOV,0.4411667385392405,62,0.000372603779138555,4,5,External
AFL,EQR,0.411811111923623,62,0.0009757046041020507,4,4,Internal
AFL,EXPD,0.4263866415077042,62,0.0006115659712745412,4,5,External
AFL,GL,0.5858418366267992,62,7.050869339346632e-07,4,5,External
AFL,GWW,0.4647177239625262,62,0.00016126048136917622,4,5,External
AFL,HAS,0.4272409473809012,62,0.0005946597708814623,4,6,External
AFL,HIG,0.48941346584679335,62,6.261891531719101e-05,4,4,Internal
AFL,HON,0.5798817364709826,62,9.707905984577708e-07,4,5,External
AFL,IR,0.46541620083781804,62,0.00015715694210274628,4,5,External
AFL,IRM,0.42844911761463694,62,0.0005714738025731909,4,4,Internal
AFL,ITW,0.46548772350447376,62,0.00015674219627801858,4,5,External
AFL,L,0.5837063275258976,62,7.91265880338635e-07,4,5,External
AFL,MAA,0.4683270957188052,62,0.0001410655529654486,4,4,Internal
AFL,MET,0.44435988881537075,62,0.0003337798774299799,4,2,External
AFL,NOW,-0.4038072091750503,62,0.0012500347225155913,4,1,External
AFL,OTIS,0.5361460455937929,62,8.456985284800732e-06,4,5,External
AFL,PFG,0.5116556529909153,62,2.5047457500728768e-05,4,2,External
AFL,PNR,0.5430202517107674,62,6.139426344596261e-06,4,5,External
AFL,PPL,0.4317937614888387,62,0.0005114998582287584,4,4,Internal
AFL,PRU,0.5707299214901683,62,1.5671164621669646e-06,4,2,External
AFL,ROK,0.43122116948798433,62,0.0005213433670356726,4,5,External
AFL,SPG,0.43254295645025326,62,0.0004988752339688481,4,4,Internal
AFL,SWK,0.43081794415566194,62,0.0005283781223554017,4,5,External
AFL,TT,0.4731558892757175,62,0.0001176698132947751,4,5,External
AFL,VTR,0.47590997097218657,62,0.00010597876444906829,4,4,Internal
AIG,BAC,0.4981038575063891,62,4.410616565124989e-05,2,2,Internal
AIG,BK,0.4345568895155443,62,0.0004663287891691537,2,2,Internal
AIG,BKR,0.47571214535305567,62,0.00010678153193866333,2,2,Internal
AIG,BXP,0.45247801696683104,62,0.0002510953263558856,2,4,External
AIG,C,0.47951521534835584,62,9.22869097909979e-05,2,2,Internal
AIG,CB,0.4157059015488315,62,0.0008629637389204154,2,6,External
AIG,CDNS,-0.4077945565211016,62,0.0011057255663148905,2,1,External
AIG,CFG,0.6178275347711923,62,1.1300207601115125e-07,2,2,Internal
AIG,COF,0.43924804398471445,62,0.00039786631168516707,2,2,Internal
AIG,CVX,0.5014162898058007,62,3.849390312314928e-05,2,2,Internal
AIG,DVN,0.46617890778579374,62,0.00015278554074323676,2,2,Internal
AIG,EOG,0.40729890702853583,62,0.0011228074555158225,2,2,Internal
AIG,FANG,0.46617967975015495,62,0.0001527811733293504,2,2,Internal
AIG,FICO,-0.42032467431739756,62,0.0007445990266971375,2,10,External
AIG,FITB,0.692018815893911,62,6.554402119254175e-10,2,2,Internal
AIG,GL,0.5563530595006848,62,3.231784185336232e-06,2,5,External
AIG,GM,0.5341853585569593,62,9.254013842042963e-06,2,5,External
AIG,HBAN,0.5870979204326556,62,6.585953324394778e-07,2,2,Internal
AIG,HIG,0.5672115178793442,62,1.8767268966257199e-06,2,4,External
AIG,HII,0.40130745619125185,62,0.0013489304655455148,2,2,Internal
AIG,IP,0.48491579123467443,62,7.479646030201155e-05,2,2,Internal
AIG,IVZ,0.4315594423814251,62,0.0005155074885420904,2,2,Internal
AIG,J,0.4533737244570164,62,0.0002432255850692638,2,5,External
AIG,JBHT,0.4173808757336393,62,0.0008182061480960138,2,5,External
AIG,JCI,0.4640308256848912,62,0.00016539154971545545,2,5,External
AIG,KEY,0.6681603755015735,62,4.0249392639819564e-09,2,2,Internal
AIG,KMI,0.4381658614898717,62,0.0004127929388374167,2,2,Internal
AIG,MET,0.4078304515375797,62,0.00110449763080515,2,2,Internal
AIG,MPWR,-0.46234662942587323,62,0.00017593413451783162,2,1,External
AIG,MS,0.42067414648088935,62,0.0007362709262066884,2,2,Internal
AIG,MSI,-0.45721851961159127,62,0.00021194002681207294,2,0,External
AIG,MTB,0.5833432068984662,62,8.06867965134928e-07,2,2,Internal
AIG,OXY,0.41084454737322856,62,0.0010056657770336106,2,2,Internal
AIG,PFG,0.657146121944099,62,8.80946550997214e-09,2,2,Internal
AIG,PM,0.4030740548622322,62,0.0012783413181019826,2,2,Internal
AIG,PNC,0.4859788680216636,62,7.173592729126191e-05,2,2,Internal
AIG,PRU,0.6784923939290296,62,1.8724138451050278e-09,2,2,Internal
AIG,PSX,0.40585529504247575,62,0.0011739221093131325,2,2,Internal
AIG,RF,0.6146865586175143,62,1.3648897026098665e-07,2,2,Internal
AIG,SYF,0.42928445799884385,62,0.0005559255910507403,2,2,Internal
AIG,TFC,0.6726907649646937,62,2.8883692975679846e-09,2,2,Internal
AIG,TRGP,0.40291202968438367,62,0.001284674233331184,2,2,Internal
AIG,USB,0.6374278314348758,62,3.3136191476948316e-08,2,2,Internal
AIG,VRSN,-0.4483607575648936,62,0.0002903491269902961,2,10,External
AIG,WFC,0.5244883465664174,62,1.4329635087486203e-05,2,2,Internal
AIG,XOM,0.4274814739938309,62,0.0005899769504791387,2,2,Internal
AIZ,BLDR,0.4132177852401474,62,0.0009335386444638226,4,5,External
AIZ,CINF,0.5196991508077763,62,1.7696868650029187e-05,4,4,Internal
AIZ,CPT,0.43804205119366413,62,0.00041453274633706925,4,4,Internal
AIZ,DOC,0.42148700070154477,62,0.0007172252185165741,4,4,Internal
AIZ,EL,-0.5122749867136888,62,2.4393955010219026e-05,4,6,External
AIZ,EXPD,0.48634625011842736,62,7.070537365226231e-05,4,5,External
AIZ,GRMN,0.5561194839952172,62,3.269103545901396e-06,4,5,External
AIZ,PAYX,0.4240475914308028,62,0.0006601071792967335,4,4,Internal
AIZ,TRMB,0.4662037238749743,62,0.000152645200188259,4,5,External
AIZ,VRSK,0.4599474383902759,62,0.0001920174241541225,4,6,External
AJG,AON,0.7392035113404498,62,1.0266454740357102e-11,6,6,Internal
AJG,AZO,0.6000371406107932,62,3.206596618340485e-07,6,6,Internal
AJG,BRK-B,0.4046495248655044,62,0.0012182103476767133,6,2,External
AJG,BRO,0.650712575563022,62,1.371730337980183e-08,6,6,Internal
AJG,CB,0.4172925000021255,62,0.0008205141919906114,6,6,Internal
AJG,CL,0.4433048912640088,62,0.00034617885058315306,6,6,Internal
AJG,COF,-0.49848823232818185,62,4.341819274620995e-05,6,2,External
AJG,GPC,0.41038595422619895,62,0.0010201691493561822,6,5,External
AJG,KMB,0.5177040175182815,62,1.9305223812026135e-05,6,6,Internal
AJG,LIN,0.458179841109781,62,0.00020471575953977814,6,6,Internal
AJG,MCD,0.5018535213417721,62,3.780456356315251e-05,6,6,Internal
AJG,MMC,0.7568296317570504,62,1.7155468456043815e-12,6,6,Internal
AJG,MRK,0.40757550521350694,62,0.0011132457957086018,6,6,Internal
AJG,ORLY,0.48032971398760466,62,8.942812691958355e-05,6,6,Internal
AJG,PEP,0.43377192089038696,62,0.0004787776537691323,6,6,Internal
AJG,SYF,-0.4277149411964835,62,0.0005854635747954854,6,2,External
AJG,YUM,0.5048964472161743,62,3.331424955021313e-05,6,6,Internal
AJG,ZTS,0.4068835620796234,62,0.0011373043720334603,6,0,External
AKAM,AXON,-0.525862633196451,62,1.347954320647095e-05,12,5,External
AKAM,SYY,-0.42255565691584684,62,0.0006928644838229637,12,4,External
ALB,ALLE,0.45209601112773673,62,0.00025452185947445847,2,5,External
ALB,CAT,0.4642473440116573,62,0.00016407904068213512,2,5,External
ALB,CFG,0.4735185326915577,62,0.00011606546039448895,2,2,Internal
ALB,COF,0.41027003360272085,62,0.0010238649621040596,2,2,Internal
ALB,DE,0.43917892288398636,62,0.0003988048152655793,2,5,External
ALB,DOW,0.42497356890884375,62,0.000640488287830983,2,2,Internal
ALB,GL,0.4290162726591558,62,0.000560874985664614,2,5,External
ALB,GM,0.40250727223764304,62,0.0013006180125064712,2,5,External
ALB,KEY,0.46350565762373125,62,0.00016861512344730148,2,2,Internal
ALB,MAS,0.40661978116406355,62,0.0011465984881597114,2,5,External
ALB,MTB,0.40846589839457603,62,0.0010829619519434957,2,2,Internal
ALB,PFG,0.46203546349478924,62,0.00017794802553611382,2,2,Internal
ALB,PH,0.4102823881706842,62,0.0010234704965629365,2,5,External
ALB,PNC,0.45698643417718743,62,0.00021371872198086239,2,2,Internal
ALB,TFC,0.4021926074584894,62,0.0013131356166350865,2,2,Internal
ALGN,CBRE,-0.44680323026525354,62,0.00030660330562140494,0,4,External
ALGN,CMCSA,-0.5256874136969105,62,1.358526015043137e-05,0,6,External
ALGN,DGX,0.48274835880509076,62,8.141223806140251e-05,0,0,Internal
ALGN,DPZ,0.5299995243150583,62,1.1194960170692393e-05,0,0,Internal
ALGN,DXCM,0.4140506639814245,62,0.0009093546472035126,0,0,Internal
ALGN,EW,0.41030115251951055,62,0.001022871636994256,0,0,Internal
ALGN,HAS,-0.4998322088619931,62,4.108985444315595e-05,0,6,External
ALGN,HSY,-0.484811021684694,62,7.510450594182407e-05,0,6,External
ALGN,IDXX,0.44763556463310167,62,0.0002978167334650882,0,0,Internal
ALGN,IQV,0.43382901304335364,62,0.0004778621465195486,0,0,Internal
ALGN,KDP,0.46951727205289207,62,0.0001349330540312058,0,0,Internal
ALGN,META,-0.5512889690453439,62,4.137214454952589e-06,0,6,External
ALGN,PNR,-0.44083149897659113,62,0.000376909589296724,0,5,External
ALGN,RJF,0.4102329503458128,62,0.0010250498062992638,0,2,External
ALGN,ROP,-0.4555869323234593,62,0.00022473700493311468,0,6,External
ALGN,WTW,0.593977942379226,62,4.509413203860963e-07,0,0,Internal
ALL,ATO,0.471020655820795,62,0.00012753653360177315,2,4,External
ALL,AVB,0.4209066631763809,62,0.0007307767187609285,2,4,External
ALL,BKR,0.43490834226627517,62,0.0004608510122682733,2,2,Internal
ALL,BXP,0.43100884581790944,62,0.0005250369415545798,2,4,External
ALL,CB,0.42380550947167817,62,0.0006653251834418275,2,6,External
ALL,CINF,0.5663255870180318,62,1.9632461911305367e-06,2,4,External
ALL,COP,0.5093128418261265,62,2.766905382267859e-05,2,2,Internal
ALL,CPT,0.40735501362443877,62,0.0011208619610559559,2,4,External
ALL,CTRA,0.42395824586029757,62,0.00066202866512494,2,2,Internal
ALL,CVX,0.4294693321823381,62,0.0005525368231008943,2,2,Internal
ALL,EOG,0.5358093349926876,62,8.589149417372396e-06,2,2,Internal
ALL,FANG,0.42667387774956833,62,0.0006058337368320002,2,2,Internal
ALL,FITB,0.4124720328278359,62,0.0009556836802707798,2,2,Internal
ALL,GD,0.4645998824845194,62,0.00016196240136995198,2,2,Internal
ALL,GL,0.5796349037026937,62,9.835988507492083e-07,2,5,External
ALL,HAL,0.5026366447439223,62,3.6598342377757816e-05,2,2,Internal
ALL,HIG,0.5175428938285261,62,1.9440857343465254e-05,2,4,External
ALL,KMI,0.44399374113147333,62,0.0003380364460805101,2,2,Internal
ALL,LYB,0.4304865919655148,62,0.0005342233351594239,2,2,Internal
ALL,MAA,0.42155080704019005,62,0.0007157492353117345,2,4,External
ALL,MTB,0.4409287557539619,62,0.00037565578376340744,2,2,Internal
ALL,O,0.4982704806669563,62,4.380670811795146e-05,2,4,External
ALL,PFG,0.4569604331972912,62,0.0002139188407783392,2,2,Internal
ALL,PGR,0.6437629744134541,62,2.1875344845485775e-08,2,2,Internal
ALL,PPG,0.446309969936198,62,0.0003119213559324318,2,2,Internal
ALL,PRU,0.4665938019727183,62,0.00015045469449194294,2,2,Internal
ALL,PSA,0.5038581916461473,62,3.478769223212267e-05,2,4,External
ALL,SLB,0.5112901489923185,62,2.544069842399962e-05,2,2,Internal
ALL,SPG,0.4167920571278437,62,0.0008336952402969021,2,4,External
ALL,TRV,0.5229752768519562,62,1.5323008096522837e-05,2,0,External
ALL,VICI,0.46371131905273855,62,0.0001673459417096146,2,4,External
ALL,WRB,0.4044921350555276,62,0.0012241008828875572,2,2,Internal
ALLE,AME,0.4120263656418862,62,0.000969142880841458,5,5,Internal
ALLE,AOS,0.5230778138785566,62,1.5253720597010198e-05,5,5,Internal
ALLE,APTV,0.43576461446069625,62,0.0004477490213675426,5,2,External
ALLE,BF-B,0.5335796748150567,62,9.514015662370261e-06,5,4,External
ALLE,BXP,0.49515084747478477,62,4.973719322236621e-05,5,4,External
ALLE,CAT,0.5476610832064218,62,4.925840129436546e-06,5,5,Internal
ALLE,CBRE,0.44954996070169206,62,0.0002784724079520255,5,4,External
ALLE,CMI,0.4070269559380502,62,0.0011322805124412945,5,5,Internal
ALLE,CSGP,0.4161996618884451,62,0.0008495452951397337,5,6,External
ALLE,DE,0.43109117491782645,62,0.0005236019373171522,5,5,Internal
ALLE,DOV,0.4410638031655789,62,0.0003739210897625952,5,5,Internal
ALLE,DOW,0.44103319183165285,62,0.0003743136541080134,5,2,External
ALLE,EA,-0.47519361103298424,62,0.0001089123168842548,5,1,External
ALLE,ETN,0.4716240979355508,62,0.00012467378273274015,5,5,Internal
ALLE,GL,0.5064145321140588,62,3.1263531444994716e-05,5,5,Internal
ALLE,GWW,0.505134393616417,62,3.298480213271085e-05,5,5,Internal
ALLE,IR,0.4836465752679307,62,7.860779333605668e-05,5,5,Internal
ALLE,ITW,0.528362926873649,62,1.2051916792557886e-05,5,5,Internal
ALLE,IVZ,0.4901002906024343,62,6.09291739199162e-05,5,2,External
ALLE,JCI,0.5289903715328861,62,1.1716412115931053e-05,5,5,Internal
ALLE,L,0.4246660070450284,62,0.000646945278466117,5,5,Internal
ALLE,LKQ,0.44612089393380483,62,0.0003139820683200935,5,5,Internal
ALLE,MAS,0.6744154816465076,62,2.541730542800305e-09,5,5,Internal
ALLE,MHK,0.4468617165630449,62,0.0003059782545980489,5,5,Internal
ALLE,MMM,0.41558129720424875,62,0.0008663800999675939,5,5,Internal
ALLE,MPC,0.4012707699842838,62,0.0013504327718712411,5,2,External
ALLE,MS,0.5382845519026044,62,7.660792986134688e-06,5,2,External
ALLE,MTB,0.42516476975475387,62,0.0006365036833920107,5,2,External
ALLE,NUE,0.5038483324121649,62,3.480196846988538e-05,5,5,Internal
ALLE,OTIS,0.5967042452339386,62,3.87142544553835e-07,5,5,Internal
ALLE,PCAR,0.40124289286024656,62,0.0013515753498671479,5,5,Internal
ALLE,PFG,0.4739649655660546,62,0.00011411801752087667,5,2,External
ALLE,PH,0.5458888969842308,62,5.3601080778037344e-06,5,5,Internal
ALLE,PNC,0.4227982759142351,62,0.0006874392392848315,5,2,External
ALLE,PNR,0.43459051058324694,62,0.0004658022202350503,5,5,Internal
ALLE,ROK,0.546110051463328,62,5.304029672431235e-06,5,5,Internal
ALLE,SNA,0.40797529929187226,62,0.0010995549915319175,5,5,Internal
ALLE,SWK,0.5094925423671939,62,2.7459310019264108e-05,5,5,Internal
ALLE,TRMB,0.4529999079709575,62,0.00024648214381045754,5,5,Internal
ALLE,TT,0.5235360083811856,62,1.4947643859341473e-05,5,5,Internal
ALLE,URI,0.5239841367601006,62,1.465381651011352e-05,5,5,Internal
ALLE,VLO,0.41381338271505574,62,0.0009161862245842848,5,2,External
AMAT,AMGN,-0.401517461628879,62,0.0013403595752826498,1,4,External
AMAT,AVGO,0.47778556149230395,62,9.863863051695475e-05,1,1,Internal
AMAT,BBY,0.4856652634535983,62,7.262655711741786e-05,1,5,External
AMAT,CDNS,0.47343881887448375,62,0.00011641638557023188,1,1,Internal
AMAT,CME,-0.4573380520530954,62,0.00021102922647977602,1,0,External
AMAT,ICE,-0.43749758789239596,62,0.00042226309972633324,1,0,External
AMAT,KLAC,0.7785611800938946,62,1.5166455799997449e-13,1,1,Internal
AMAT,LRCX,0.8546267499099528,62,1.9371650357031017e-18,1,1,Internal
AMAT,MCHP,0.4425784769851571,62,0.000354958512482761,1,1,Internal
AMAT,MDT,-0.42839597655631945,62,0.0005724761356262702,1,0,External
AMAT,MPWR,0.5826771709531448,62,8.362379285581691e-07,1,1,Internal
AMAT,MRK,-0.4137902702867822,62,0.000916854125421746,1,6,External
AMAT,MU,0.46298835068840144,62,0.00017184662668626098,1,1,Internal
AMAT,NVDA,0.48087385262868904,62,8.756391516798633e-05,1,1,Internal
AMAT,NXPI,0.5190351136547637,62,1.8217825621541893e-05,1,1,Internal
AMAT,PM,-0.5697275175992609,62,1.6500664967924627e-06,1,2,External
AMAT,QCOM,0.4293429708685833,62,0.0005548510085090026,1,1,Internal
AMAT,SNPS,0.5513369035066383,62,4.127631525660753e-06,1,1,Internal
AMAT,SWKS,0.544844215142743,62,5.632561975672958e-06,1,1,Internal
AMAT,TER,0.6865769673131302,62,1.0066319392217438e-09,1,1,Internal
AMAT,TXN,0.5733567044249261,62,1.3678860059952868e-06,1,1,Internal
AMCR,AMGN,0.44177315960563607,62,0.0003649285397988174,6,4,External
AMCR,BLDR,-0.5471886786560003,62,5.038275906600525e-06,6,5,External
AMCR,BMY,0.48582590201963083,62,7.216908256725209e-05,6,4,External
AMCR,EIX,0.5132526012288946,62,2.3394478272308022e-05,6,4,External
AMCR,EL,0.7005807428467041,62,3.273267020171372e-10,6,6,Internal
AMCR,ETR,0.45207915090435646,62,0.00025467407255747623,6,4,External
AMCR,LYB,0.40618553493263804,62,0.0011620478529715294,6,2,External
AMCR,OMC,0.4640627389706989,62,0.00016519749248844682,6,6,Internal
AMCR,SBUX,0.6904188584503339,62,7.442837705244929e-10,6,6,Internal
AMCR,SPG,0.4838750829707721,62,7.790867405016645e-05,6,4,External
AMCR,TT,0.48188112648817694,62,8.420706321259355e-05,6,5,External
AMCR,VRSK,-0.520525501829553,62,1.706787744703886e-05,6,6,Internal
AMCR,WEC,0.41108530352191114,62,0.000998126335103272,6,4,External
AMD,ANET,0.4113704455423673,62,0.0009892628769020682,1,1,Internal
AMD,APA,-0.40340488374962236,62,0.0012654976425770141,1,2,External
AMD,BDX,-0.566721630817587,62,1.9241176810301235e-06,1,0,External
AMD,BF-B,-0.49724852580324175,62,4.567337053922778e-05,1,4,External
AMD,CDNS,0.42742721314944065,62,0.0005910304261487464,1,1,Internal
AMD,CLX,-0.5249153565900221,62,1.4060311688540469e-05,1,6,External
AMD,CMS,-0.4042206672729457,62,0.0012343211887496273,1,4,External
AMD,CNC,-0.49260414102793415,62,5.511885012112243e-05,1,6,External
AMD,DTE,-0.4046756543570983,62,0.0012172348869060687,1,4,External
AMD,DUK,-0.407650317304887,62,0.0011106722651300705,1,4,External
AMD,EMR,-0.4760064020737621,62,0.000105589465617708,1,5,External
AMD,ES,-0.5307857912842189,62,1.080372301077644e-05,1,4,External
AMD,FE,-0.4547469879723356,62,0.00023159681624352927,1,4,External
AMD,GILD,-0.4211616829066705,62,0.0007247934572010151,1,4,External
AMD,HOLX,-0.43872791730797334,62,0.0004049780409717602,1,4,External
AMD,HON,-0.4183242209236009,62,0.0007939325391904826,1,5,External
AMD,KLAC,0.40223454931442554,62,0.0013114609063065237,1,1,Internal
AMD,KMB,-0.402996732338535,62,0.001281360035753387,1,6,External
AMD,KMI,-0.4095678736889797,62,0.0010465105621860816,1,2,External
AMD,KO,-0.4126289018359296,62,0.0009509864953299656,1,6,External
AMD,LH,-0.4124839113965415,62,0.0009553272649055481,1,0,External
AMD,LNT,-0.40036839368986277,62,0.0013878617427005042,1,4,External
AMD,LRCX,0.47363592854877834,62,0.00011555041601444527,1,1,Internal
AMD,MOH,-0.4407289152083375,62,0.0003782361965766505,1,6,External
AMD,MPWR,0.43043075053441504,62,0.0005352141635371221,1,1,Internal
AMD,MRK,-0.4044951566181476,62,0.0012239875558299612,1,6,External
AMD,NVDA,0.5428446050982507,62,6.190417542838535e-06,1,1,Internal
AMD,PEG,-0.44777691098876393,62,0.0002963476295736544,1,4,External
AMD,PG,-0.4085253977878848,62,0.0010809649801247203,1,6,External
AMD,PM,-0.4055940923283732,62,0.0011833912649775488,1,2,External
AMD,PODD,-0.419638536367958,62,0.0007611983947875547,1,0,External
AMD,PPL,-0.47318184867487345,62,0.00011755429427041281,1,4,External
AMD,SNPS,0.4558284946542254,62,0.00022279885442528683,1,1,Internal
AMD,TRGP,-0.454279899298007,62,0.0002354938134564724,1,2,External
AME,AOS,0.567596618179812,62,1.8402420631634568e-06,5,5,Internal
AME,APH,0.5331098760276782,62,9.72034882520299e-06,5,5,Internal
AME,BR,0.7177034804780011,62,7.569096073363523e-11,5,6,External
AME,CARR,0.5079604069679873,62,2.9295839429683458e-05,5,5,Internal
AME,CAT,0.483860875491065,62,7.795197434695576e-05,5,5,Internal
AME,CHRW,0.48069050346619446,62,8.818803430145e-05,5,5,Internal
AME,CMI,0.418105408650801,62,0.000799504159320235,5,5,Internal
AME,DE,0.5900356418088561,62,5.608474196674737e-07,5,5,Internal
AME,DOV,0.5890383654637388,62,5.923908240913404e-07,5,5,Internal
AME,ECL,0.45786154626096076,62,0.00020708238496525787,5,6,External
AME,EMR,0.4416449650214799,62,0.0003665389434735813,5,5,Internal
AME,ETN,0.7645579607213864,62,7.458927148199826e-13,5,5,Internal
AME,FAST,0.4970225076124007,62,4.6096004787532594e-05,5,5,Internal
AME,FTV,0.6674943123903283,62,4.224122904142045e-09,5,5,Internal
AME,GPC,0.49132330984607986,62,5.802397572076229e-05,5,5,Internal
AME,GWW,0.5269324439716033,62,1.2850484019510633e-05,5,5,Internal
AME,HON,0.4309249212545608,62,0.0005265034284511885,5,5,Internal
AME,HUBB,0.4759378505209331,62,0.00010586607749590195,5,5,Internal
AME,HWM,0.5473037685643066,62,5.0106652507721045e-06,5,5,Internal
AME,IEX,0.6083677482117716,62,1.983340830613821e-07,5,5,Internal
AME,IR,0.6716170774212726,62,3.1263095772276917e-09,5,5,Internal
AME,JCI,0.650225423978636,62,1.4179002734558456e-08,5,5,Internal
AME,MAS,0.47802335760511905,62,9.77421773344994e-05,5,5,Internal
AME,MLM,0.40580646133215625,62,0.0011756872349976018,5,7,External
AME,NDSN,0.5953747004555028,62,4.1711447222365887e-07,5,5,Internal
AME,NUE,0.5006446085517635,62,3.9738960137886e-05,5,5,Internal
AME,NXPI,0.4891446785464956,62,6.32918747524333e-05,5,1,External
AME,OTIS,0.6777620952440812,62,1.9784814192098846e-09,5,5,Internal
AME,PH,0.6108036860672418,62,1.7188969066959678e-07,5,5,Internal
AME,PNR,0.5591382219972185,62,2.8163901646353536e-06,5,5,Internal
AME,PWR,0.41526768125979013,62,0.0008750328479098725,5,5,Internal
AME,ROK,0.5789173787689597,62,1.021736854852031e-06,5,5,Internal
AME,SNA,0.5370284119364988,62,8.119567854497699e-06,5,5,Internal
AME,SWK,0.4180577763575863,62,0.0008007216956234403,5,5,Internal
AME,TAP,0.4494507784123692,62,0.0002794457333127565,5,6,External
AME,TDG,0.4200686635394307,62,0.0007507538719792974,5,5,Internal
AME,TDY,0.5139851843740217,62,2.2670535617133093e-05,5,5,Internal
AME,TEL,0.5421765914619088,62,6.387972348025907e-06,5,5,Internal
AME,TT,0.5842657125015855,62,7.677836495111125e-07,5,5,Internal
AME,TXT,0.5529352192427902,62,3.819710863405588e-06,5,5,Internal
AME,UBER,0.4136006451854092,62,0.0009223505107742407,5,6,External
AME,URI,0.4465720921416097,62,0.00030908492205679935,5,5,Internal
AME,WAB,0.48062376105295895,62,8.84162392990572e-05,5,5,Internal
AMGN,APTV,-0.4062391792133741,62,0.0011601292361396196,4,2,External
AMGN,ATO,0.4170894719504172,62,0.0008258388264686581,4,4,Internal
AMGN,AWK,0.5017817602981165,62,3.7916913508475544e-05,4,4,Internal
AMGN,BMY,0.5169472295089141,62,1.9949997197573215e-05,4,4,Internal
AMGN,CMS,0.5157535539040525,62,2.100770799982283e-05,4,4,Internal
AMGN,CNP,0.41774702515331663,62,0.0008087060754511712,4,4,Internal
AMGN,D,0.528674793166888,62,1.1884056374054408e-05,4,4,Internal
AMGN,DTE,0.5971998043472987,62,3.76498211493288e-07,4,4,Internal
AMGN,DUK,0.5317470490473104,62,1.034268926260547e-05,4,4,Internal
AMGN,ED,0.5006091820279246,62,3.979700234408136e-05,4,4,Internal
AMGN,EIX,0.5185328992298954,62,1.862123863394713e-05,4,4,Internal
AMGN,ES,0.5270733853291119,62,1.276967359870044e-05,4,4,Internal
AMGN,ETR,0.5176599277849784,62,1.9342250950284132e-05,4,4,Internal
AMGN,EVRG,0.4814878121153294,62,8.550347385007194e-05,4,4,Internal
AMGN,EXC,0.45436550214541593,62,0.00023477516025760634,4,4,Internal
AMGN,FE,0.4973802380128087,62,4.542873369336161e-05,4,4,Internal
AMGN,GILD,0.4101924384949625,62,0.0010263456099029126,4,4,Internal
AMGN,ICE,0.46202943955370673,62,0.00017798722045216035,4,0,External
AMGN,JNJ,0.5998304114067963,62,3.2444928299598937e-07,4,4,Internal
AMGN,KLAC,-0.40758546299975573,62,0.0011129029390048175,4,1,External
AMGN,LNT,0.5128376514589257,62,2.3813979257099973e-05,4,4,Internal
AMGN,MPWR,-0.44720482274807344,62,0.0003023347804670742,4,1,External
AMGN,NEE,0.4402400249864653,62,0.00038461709314803184,4,4,Internal
AMGN,ON,-0.41740777496995035,62,0.0008175048061938618,4,1,External
AMGN,PNW,0.5315329966588527,62,1.0443739447505702e-05,4,4,Internal
AMGN,PPL,0.5010454098587002,62,3.908772188075923e-05,4,4,Internal
AMGN,WEC,0.6040209057528719,62,2.552763212241339e-07,4,4,Internal
AMGN,XEL,0.6807224732850377,62,1.5809009208524147e-09,4,4,Internal
AMP,BAC,0.5000995465440614,62,4.0640698751467736e-05,2,2,Internal
AMP,BEN,0.40447447377123946,62,0.0012247634778099923,2,2,Internal
AMP,BG,0.5245556667872529,62,1.4286859205142017e-05,2,2,Internal
AMP,DOW,0.43376839211926027,62,0.00047883429200699706,2,2,Internal
AMP,FITB,0.4642780381024456,62,0.00016389375108249147,2,2,Internal
AMP,HBAN,0.4067223388642359,62,0.001142976852696112,2,2,Internal
AMP,IP,0.45428825671149037,62,0.0002354235628243246,2,2,Internal
AMP,JBHT,0.42980712879070737,62,0.0005463933374175359,2,5,External
AMP,JBL,0.4070441681492376,62,0.001131678821217901,2,1,External
AMP,KEY,0.4706404639322044,62,0.00012937103263223028,2,2,Internal
AMP,LYB,0.43418424975543535,62,0.0004722013574170923,2,2,Internal
AMP,MET,0.5045710515077729,62,3.376970368333899e-05,2,2,Internal
AMP,MNST,-0.4285604580400394,62,0.0005693788874405023,2,6,External
AMP,MS,0.4967888019035551,62,4.653680994739091e-05,2,2,Internal
AMP,NDSN,0.49627975832266313,62,4.7510451957783316e-05,2,5,External
AMP,NTRS,0.6340741968961897,62,4.1126093423303405e-08,2,2,Internal
AMP,NUE,0.43142855604293856,62,0.0005177584661093925,2,5,External
AMP,PEP,-0.43607721991979576,62,0.00044305079744852167,2,6,External
AMP,PFG,0.5193259003372689,62,1.7987967986020142e-05,2,2,Internal
AMP,PH,0.43114835812845353,62,0.0005226073246308068,2,5,External
AMP,PKG,0.5032959902807114,62,3.5610474132558064e-05,2,2,Internal
AMP,PRU,0.5244641003896832,62,1.4345070442863755e-05,2,2,Internal
AMP,RJF,0.6951304119489412,62,5.106800337233774e-10,2,2,Internal
AMP,RL,0.498170565071863,62,4.3986051591622774e-05,2,5,External
AMP,SCHW,0.6087108051033953,62,1.943911968754954e-07,2,2,Internal
AMP,UNP,0.4046109633897136,62,0.0012196512015779854,2,5,External
AMP,UPS,0.6329597087621617,62,4.4161647035864664e-08,2,0,External
AMT,ATO,0.42265529245434597,62,0.0006906318435764943,4,4,Internal
AMT,AVB,0.4908155944967992,62,5.921414620073705e-05,4,4,Internal
AMT,CCI,0.6836707235089854,62,1.2610984013466025e-09,4,4,Internal
AMT,CMS,0.4347976899905407,62,0.0004625693087038588,4,4,Internal
AMT,DOC,0.41071471186072106,62,0.001009752942530901,4,4,Internal
AMT,DUK,0.4415768705622532,62,0.00036739698781166236,4,4,Internal
AMT,EIX,0.45816979062034174,62,0.00020479010824037272,4,4,Internal
AMT,EQIX,0.4872075317891824,62,6.834261474934468e-05,4,4,Internal
AMT,EQR,0.41367891929767087,62,0.0009200780994343377,4,4,Internal
AMT,ETR,0.43126528284171994,62,0.0005205789386942055,4,4,Internal
AMT,EXR,0.48827045002780123,62,6.552705457619359e-05,4,4,Internal
AMT,FE,0.4534454544749318,62,0.00024260521220931697,4,4,Internal
AMT,FRT,0.4488211668189204,62,0.0002856971929091779,4,4,Internal
AMT,KIM,0.44707283946778636,62,0.0003037316126861294,4,4,Internal
AMT,KMI,0.42786025008026846,62,0.0005826703025526961,4,2,External
AMT,LNT,0.4186080822778897,62,0.0007867568841021825,4,4,Internal
AMT,NI,0.4562366086238751,62,0.00021955908434161564,4,4,Internal
AMT,O,0.5280381531729039,62,1.222906501741433e-05,4,4,Internal
AMT,PEG,0.47350664448411306,62,0.00011611773428176491,4,4,Internal
AMT,PLD,0.4037132809641767,62,0.0012536294612851275,4,4,Internal
AMT,PPL,0.47984276099926826,62,9.1127310875544e-05,4,4,Internal
AMT,REG,0.4798734903777978,62,9.101921133072875e-05,4,4,Internal
AMT,SBAC,0.6539975864572501,62,1.0955761530122428e-08,4,4,Internal
AMT,SPG,0.42672495642065206,62,0.0006048195002635448,4,4,Internal
AMT,SRE,0.40858900946146887,62,0.0010788336584040836,4,4,Internal
AMT,UDR,0.4610732109952796,62,0.00018431014802098122,4,4,Internal
AMT,VICI,0.45390423020521786,62,0.00023867146453931655,4,4,Internal
AMT,WEC,0.4316398982175187,62,0.0005141282257145657,4,4,Internal
AMT,WMB,0.4100723803388965,62,0.001030194442399179,4,2,External
AMZN,APA,-0.4343316201425652,62,0.0004698709070689664,13,2,External
AMZN,AVY,-0.4001592669011492,62,0.0013966678568235933,13,4,External
AMZN,CAT,-0.42968005013511046,62,0.0005486971985150407,13,5,External
AMZN,CMI,-0.4355822273761069,62,0.00045051103763319697,13,5,External
AMZN,COP,-0.4057740305860597,62,0.0011768607847054016,13,2,External
AMZN,CTRA,-0.4761141914257384,62,0.00010515586872505594,13,2,External
AMZN,DOV,-0.4290434741540092,62,0.0005603711632482858,13,5,External
AMZN,DVN,-0.4737076241458046,62,0.0001152369033216644,13,2,External
AMZN,EOG,-0.5059176690484011,62,3.1921493970950774e-05,13,2,External
AMZN,FANG,-0.4698719454128676,62,0.00013315345768423532,13,2,External
AMZN,GD,-0.5578818921715838,62,2.9971713815749623e-06,13,2,External
AMZN,GL,-0.4339109219408243,62,0.00047655146539596485,13,5,External
AMZN,HAL,-0.4925279316523014,62,5.5287877649474554e-05,13,2,External
AMZN,ITW,-0.43782512264036894,62,0.0004175971610823357,13,5,External
AMZN,JBHT,-0.4142765599057423,62,0.0009028936280656387,13,5,External
AMZN,L,-0.47313031241166614,62,0.00011778373200276944,13,5,External
AMZN,LYB,-0.552035538664908,62,3.990292554736036e-06,13,2,External
AMZN,MET,-0.5124477989777001,62,2.421444829669464e-05,13,2,External
AMZN,MPC,-0.4496205777689652,62,0.00027778129437384323,13,2,External
AMZN,NSC,-0.476543177386582,62,0.0001034463838217986,13,5,External
AMZN,PCAR,-0.4341734962888525,62,0.0004723718184419936,13,5,External
AMZN,PKG,-0.4353675431980348,62,0.0004537819909674435,13,2,External
AMZN,PSX,-0.46687179676380147,62,0.00014891123043135238,13,2,External
AMZN,SLB,-0.5234592071883392,62,1.4998546418845696e-05,13,2,External
AMZN,SPG,-0.4115721989496687,62,0.0009830344489368847,13,4,External
AMZN,TPL,-0.43357314004831343,62,0.00048197767161161145,13,2,External
AMZN,TRGP,-0.5057972108490723,62,3.2082926878384735e-05,13,2,External
AMZN,TXT,-0.4714484739882239,62,0.0001255008017336425,13,5,External
AMZN,UNP,-0.44825267074873376,62,0.00029145119591480426,13,5,External
AMZN,URI,-0.43151225776674307,62,0.0005163179412885723,13,5,External
AMZN,WAB,-0.4320996490171026,62,0.0005063107432237634,13,5,External
AMZN,WMB,-0.4113748935898921,62,0.0009891251762681,13,2,External
AMZN,WRB,-0.4229768959765886,62,0.000683469698278059,13,2,External
AMZN,WTW,-0.40179780621094174,62,0.0013289942334874204,13,0,External
ANET,AVGO,0.5646972702147001,62,2.1320766753167404e-06,1,1,Internal
ANET,BDX,-0.4200240021291662,62,0.0007518322948020031,1,0,External
ANET,BR,-0.5668500334895173,62,1.9115891314791086e-06,1,6,External
ANET,CDNS,0.44360210986065896,62,0.00034264397165560684,1,1,Internal
ANET,CF,-0.4023140134204016,62,0.0013082932213345012,1,2,External
ANET,COR,-0.42404795680283014,62,0.000660099331905604,1,6,External
ANET,ECL,-0.5221825270039265,62,1.5868640244090523e-05,1,6,External
ANET,MPWR,0.4677572437464863,62,0.0001440913700460553,1,1,Internal
ANET,NVDA,0.4614231796591745,62,0.00018197254913044866,1,1,Internal
ANET,SNPS,0.5095063260806836,62,2.744328282566534e-05,1,1,Internal
ANET,TAP,-0.4759422467191699,62,0.00010584831846181614,1,6,External
ANET,UBER,-0.4111326062031682,62,0.0009966510246781966,1,6,External
ANET,ZBRA,0.40291166464691885,62,0.001284688532974867,1,2,External
AON,AZO,0.4461621675951463,62,0.0003135311763139278,6,6,Internal
AON,BRO,0.5315700125703766,62,1.0426199516861741e-05,6,6,Internal
AON,KEYS,-0.4990771761990569,62,4.238328270955483e-05,6,1,External
AON,MMC,0.6169756446663179,62,1.189647152474598e-07,6,6,Internal
AOS,APD,0.48359615267957046,62,7.876283714648988e-05,5,5,Internal
AOS,APH,0.5143934042377041,62,2.227619534302263e-05,5,5,Internal
AOS,BAC,0.40115700822572087,62,0.0013551008992109788,5,2,External
AOS,BF-B,0.43861138298707214,62,0.0004065871992275388,5,4,External
AOS,CARR,0.56248039112265,62,2.3838301905634954e-06,5,5,Internal
AOS,CAT,0.6496804768047125,62,1.4712882685198193e-08,5,5,Internal
AOS,CHRW,0.45823783549748276,62,0.0002042872270480657,5,5,Internal
AOS,CMI,0.5937025416766923,62,4.579081041975588e-07,5,5,Internal
AOS,DD,0.42902511693580536,62,0.0005607111281001181,5,2,External
AOS,DE,0.5350038277627375,62,8.913163602297792e-06,5,5,Internal
AOS,DOV,0.6714610168470525,62,3.1624030751178632e-09,5,5,Internal
AOS,DOW,0.46477914604446396,62,0.00016089572851540963,5,2,External
AOS,EMR,0.5695093722619354,62,1.6686545715145097e-06,5,5,Internal
AOS,ETN,0.5327300957294988,62,9.890180877914235e-06,5,5,Internal
AOS,EXPD,0.5007764782563741,62,3.952359408428548e-05,5,5,Internal
AOS,FAST,0.5296114530312399,62,1.1392877715614284e-05,5,5,Internal
AOS,FTV,0.617358968044301,62,1.1624594524374144e-07,5,5,Internal
AOS,GE,0.4241406576615516,62,0.0006581110485607759,5,5,Internal
AOS,GL,0.5741755878479029,62,1.3107990633572852e-06,5,5,Internal
AOS,GM,0.4060263446753475,62,0.001167758205466239,5,5,Internal
AOS,GPC,0.6038626357520803,62,2.5761480029552777e-07,5,5,Internal
AOS,GWW,0.468341062672114,62,0.00014099212810700777,5,5,Internal
AOS,HON,0.5154834020133044,62,2.125419468011981e-05,5,5,Internal
AOS,HPQ,0.4592009565559389,62,0.0001972894725984212,5,5,Internal
AOS,HUBB,0.42043515048367425,62,0.0007419571578330332,5,5,Internal
AOS,HWM,0.4174379104152076,62,0.0008167197321584082,5,5,Internal
AOS,IEX,0.6375053449565882,62,3.297014196296507e-08,5,5,Internal
AOS,IP,0.43825317313239304,62,0.0004115700148233008,5,2,External
AOS,IR,0.6461486616224574,62,1.866192685297737e-08,5,5,Internal
AOS,ITW,0.6446935566340575,62,2.0564217334048944e-08,5,5,Internal
AOS,IVZ,0.4325537984859491,62,0.0004986946314813864,5,2,External
AOS,J,0.47586707458799254,62,0.00010615236359289637,5,5,Internal
AOS,JCI,0.634804370815681,62,3.9245294790897684e-08,5,5,Internal
AOS,JPM,0.4214979710750626,62,0.0007169712533462618,5,2,External
AOS,L,0.603158468276252,62,2.682654210368466e-07,5,5,Internal
AOS,LKQ,0.541306268120766,62,6.654174564347454e-06,5,5,Internal
AOS,LULU,0.44103157862608,62,0.0003743343525038836,5,5,Internal
AOS,MAS,0.5972060603562077,62,3.7636561084138455e-07,5,5,Internal
AOS,MHK,0.4243289535202722,62,0.0006540890976707433,5,5,Internal
AOS,MMM,0.5096227502503329,62,2.7308254277151357e-05,5,5,Internal
AOS,NDSN,0.5363336877518641,62,8.384156667923568e-06,5,5,Internal
AOS,NSC,0.47513630376493876,62,0.0001091501886694777,5,5,Internal
AOS,NUE,0.5779178495084161,62,1.0771786683065778e-06,5,5,Internal
AOS,OTIS,0.738053805344312,62,1.1479996261395398e-11,5,5,Internal
AOS,PCAR,0.6029829755334616,62,2.7098350194309125e-07,5,5,Internal
AOS,PFG,0.48318497634070373,62,8.003770815668136e-05,5,2,External
AOS,PH,0.6248185283933452,62,7.366853235326243e-08,5,5,Internal
AOS,PNR,0.45859209328762834,62,0.00020168731323968393,5,5,Internal
AOS,PPG,0.42706543529021196,62,0.0005980980608106084,5,2,External
AOS,RJF,0.4038869629806091,62,0.0012469897352508743,5,2,External
AOS,ROK,0.5470226793766648,62,5.078349973054174e-06,5,5,Internal
AOS,SNA,0.6875601787049951,62,9.32184730259423e-10,5,5,Internal
AOS,SWK,0.5865308073344986,62,6.792179058417848e-07,5,5,Internal
AOS,TDY,0.4907314024926481,62,5.941366911162852e-05,5,5,Internal
AOS,TEL,0.4834333216250474,62,7.926544931039954e-05,5,5,Internal
AOS,TRMB,0.42632534736338834,62,0.0006127955352106341,5,5,Internal
AOS,TT,0.5855531760112652,62,7.161977757466767e-07,5,5,Internal
AOS,TXT,0.6155482852367877,62,1.296244916125122e-07,5,5,Internal
AOS,URI,0.5783834507713099,62,1.0510109696478754e-06,5,5,Internal
AOS,VLO,0.40122399976605355,62,0.0013523502001998651,5,2,External
AOS,WAB,0.7096526749743434,62,1.5265938040711472e-10,5,5,Internal
APA,BAC,0.42118266023713213,62,0.0007243032666585644,2,2,Internal
APA,BKR,0.5958274901413887,62,4.066706497909046e-07,2,2,Internal
APA,CAT,0.5151520165672304,62,2.1560212354171553e-05,2,5,External
APA,CF,0.4214892791063804,62,0.0007171724665348643,2,2,Internal
APA,CMI,0.40462252471135063,62,0.0012192190506381845,2,5,External
APA,COP,0.7784670394658946,62,1.5335617202281898e-13,2,2,Internal
APA,CTRA,0.6160447609334931,62,1.2581862004328581e-07,2,2,Internal
APA,CTVA,0.4782622228260263,62,9.684924157502295e-05,2,2,Internal
APA,CVX,0.793235949069122,62,2.511813813934809e-14,2,2,Internal
APA,DLR,-0.4360052050825366,62,0.00044412913501749423,2,4,External
APA,DOW,0.4974501653334345,62,4.5299345952249955e-05,2,2,Internal
APA,DVN,0.7856830492426463,62,6.449295441638046e-14,2,2,Internal
APA,EMR,0.4350849074256928,62,0.00045812117866717386,2,5,External
APA,EOG,0.777403202733835,62,1.7377012384656898e-13,2,2,Internal
APA,FANG,0.7842392833027861,62,7.689984811741693e-14,2,2,Internal
APA,GD,0.503068170685351,62,3.594898315952582e-05,2,2,Internal
APA,HAL,0.758385304040337,62,1.45436421785934e-12,2,2,Internal
APA,HII,0.503898397049424,62,3.472953059986528e-05,2,2,Internal
APA,IP,0.4837870595091246,62,7.817730103022074e-05,2,2,Internal
APA,ITW,0.42112379678551576,62,0.0007256795268733984,2,5,External
APA,KMI,0.5672219455237932,62,1.8757301184596925e-06,2,2,Internal
APA,LDOS,0.5011579437404785,62,3.890665420462775e-05,2,2,Internal
APA,LHX,0.4450951734944895,62,0.00032537919171088256,2,2,Internal
APA,LMT,0.44607192471047225,62,0.00031451779698450107,2,2,Internal
APA,LYB,0.5035461970158897,62,3.524209900644682e-05,2,2,Internal
APA,MO,0.4305003199601876,62,0.0005339800061076974,2,2,Internal
APA,MOS,0.49585473574412003,62,4.833776067866392e-05,2,2,Internal
APA,MPC,0.5294158396421205,62,1.1493869644087645e-05,2,2,Internal
APA,MSFT,-0.46739486828628773,62,0.0001460463656049033,2,1,External
APA,NOC,0.43279957687971604,62,0.0004946164457070935,2,2,Internal
APA,NTRS,0.40493648851796465,62,0.001207535931742571,2,2,Internal
APA,OKE,0.49281635126379447,62,5.465069044862712e-05,2,2,Internal
APA,OXY,0.6936859355064284,62,5.736304463562927e-10,2,2,Internal
APA,PCAR,0.4019674821297668,62,0.0013221576158517225,2,5,External
APA,PKG,0.4596926793105279,62,0.0001938019937699475,2,2,Internal
APA,PM,0.48852221031511583,62,6.487602093595716e-05,2,2,Internal
APA,PPG,0.4158907622524881,62,0.000857917702737206,2,2,Internal
APA,PSX,0.6419212947593139,62,2.4706492035698234e-08,2,2,Internal
APA,RF,0.40043560952080665,62,0.0013850419633863811,2,2,Internal
APA,RTX,0.4814632915752595,62,8.558490155310879e-05,2,2,Internal
APA,SLB,0.6893323434111899,62,8.110119866328816e-10,2,2,Internal
APA,TPL,0.7923111415440638,62,2.8251126825525193e-14,2,2,Internal
APA,TRGP,0.8279159444607792,62,1.8859700180182045e-16,2,2,Internal
APA,VLO,0.4716650586357475,62,0.0001244816184068126,2,2,Internal
APA,WFC,0.4531157338968509,62,0.0002454688745839588,2,2,Internal
APA,WMB,0.4926735312750719,62,5.496536182269697e-05,2,2,Internal
APA,XOM,0.7564181988841338,62,1.7917758559402405e-12,2,2,Internal
APD,BF-B,0.4487052053608106,62,0.0002868624046759395,5,4,External
APD,CRM,-0.48389148098990453,62,7.785872515555565e-05,5,19,External
APD,DOV,0.4582321206140478,62,0.0002043294190172097,5,5,Internal
APD,EXPD,0.42670393325247696,62,0.0006052367573616067,5,5,Internal
APD,IFF,0.4116855117470293,62,0.0009795518457377636,5,4,External
APD,ITW,0.42369823369125276,62,0.0006676494026642192,5,5,Internal
APD,JBHT,0.4414410042675835,62,0.0003691144793486618,5,5,Internal
APD,LIN,0.40952233164358903,62,0.0010479948260189492,5,6,External
APD,OTIS,0.4162897494508677,62,0.0008471175051181836,5,5,Internal
APD,PPG,0.41164870456585295,62,0.0009806818708885546,5,2,External
APD,WAB,0.4632786523820162,62,0.0001700262577653663,5,5,Internal
APH,CAT,0.49846262999280994,62,4.346370705588107e-05,5,5,Internal
APH,CDW,0.44222523166675104,62,0.00035930082141057536,5,1,External
APH,CMI,0.5092283257881965,62,2.7768211746393537e-05,5,5,Internal
APH,DE,0.5288134951116351,62,1.181010118103284e-05,5,5,Internal
APH,DOV,0.6462630375461911,62,1.8519676646460696e-08,5,5,Internal
APH,EMR,0.4364588992407685,62,0.00043737523517947663,5,5,Internal
APH,ETN,0.4385361499815359,62,0.000407629138272233,5,5,Internal
APH,EXPD,0.42890252331578255,62,0.0005629862908708313,5,5,Internal
APH,F,0.5399867705544843,62,7.077539760692586e-06,5,5,Internal
APH,FAST,0.4241617257128168,62,0.0006576599301588186,5,5,Internal
APH,FTV,0.7217024053168846,62,5.2939663983484415e-11,5,5,Internal
APH,GM,0.49631176442169755,62,4.744868436876017e-05,5,5,Internal
APH,GPC,0.41335485261360744,62,0.0009295191928437133,5,5,Internal
APH,GRMN,0.4125438333625335,62,0.000953531139522636,5,5,Internal
APH,HII,0.4142947484230372,62,0.0009023752117607335,5,2,External
APH,HPE,0.5235700257897705,62,1.4925148986906122e-05,5,1,External
APH,IEX,0.6585934517599363,62,7.962448657914286e-09,5,5,Internal
APH,IR,0.4469042823846309,62,0.0003055240788184005,5,5,Internal
APH,ITW,0.5225664996864295,62,1.5602146634833864e-05,5,5,Internal
APH,JBL,0.45066887786890103,62,0.0002677042624853748,5,1,External
APH,LKQ,0.4279172360197002,62,0.0005815781651634174,5,5,Internal
APH,MCHP,0.7058028437948409,62,2.1174784581102467e-10,5,1,External
APH,NDSN,0.5889160392839378,62,5.963726104570981e-07,5,5,Internal
APH,NSC,0.455299359222928,62,0.00022706441085097062,5,5,Internal
APH,NUE,0.4747609291634546,62,0.00011072014120244466,5,5,Internal
APH,NXPI,0.6472173851729056,62,1.7372065694841742e-08,5,1,External
APH,ON,0.47815283655611956,62,9.725721858703993e-05,5,1,External
APH,OTIS,0.4184676406255668,62,0.0007902997095079933,5,5,Internal
APH,PCAR,0.448227812456956,62,0.00029170519390237567,5,5,Internal
APH,PH,0.5209973508107772,62,1.6718092228825835e-05,5,5,Internal
APH,PWR,0.4507164532446392,62,0.0002672549521952078,5,5,Internal
APH,RJF,0.4166300140480268,62,0.0008380040796848968,5,2,External
APH,ROK,0.5767646033948343,62,1.1446462933334222e-06,5,5,Internal
APH,SNA,0.4671484462799491,62,0.00014738966251956348,5,5,Internal
APH,SWK,0.45576806501228656,62,0.00022328226673353765,5,5,Internal
APH,SWKS,0.41808836183081355,62,0.0007999397032600211,5,1,External
APH,TDY,0.6378418326829411,62,3.2258385382359914e-08,5,5,Internal
APH,TEL,0.6844883134928407,62,1.1839328226833522e-09,5,5,Internal
APH,TER,0.5567547966418422,62,3.1685261550579785e-06,5,1,External
APH,TRMB,0.5874857781106901,62,6.448311583612248e-07,5,5,Internal
APH,TXN,0.5510020221561017,62,4.1950156450543215e-06,5,1,External
APH,TXT,0.590607634048017,62,5.434742675235405e-07,5,5,Internal
APH,URI,0.5273137526491143,62,1.26329445890782e-05,5,5,Internal
APH,WAB,0.6272269584238136,62,6.341684615771566e-08,5,5,Internal
APH,ZBRA,0.4123071528348293,62,0.0009606432943457783,5,2,External
APTV,BAC,0.41062860935369905,62,0.001012471665396737,2,2,Internal
APTV,C,0.44065836353774507,62,0.0003791510323133046,2,2,Internal
APTV,CAT,0.5918480562445799,62,5.075196356039668e-07,2,5,External
APTV,CF,0.44013900660275845,62,0.0003859477181324753,2,2,Internal
APTV,DAY,0.44948908051229847,62,0.00027906948824362495,2,0,External
APTV,DE,0.5379590582041225,62,7.777296811626999e-06,2,5,External
APTV,FOX,0.40898363303024976,62,0.0010656961056115942,2,2,Internal
APTV,FOXA,0.4488242452303252,62,0.00028566631914382217,2,2,Internal
APTV,GM,0.48535675133432193,62,7.351265380705081e-05,2,5,External
APTV,HSY,-0.4448777030345988,62,0.0003278435105812588,2,6,External
APTV,ICE,-0.4020724668672199,62,0.0013179433953464548,2,0,External
APTV,IEX,0.4111763152082873,62,0.0009952895447963234,2,5,External
APTV,IP,0.46394990887710974,62,0.00016588452253861284,2,2,Internal
APTV,IVZ,0.426449081366729,62,0.0006103157239599277,2,2,Internal
APTV,LUV,0.4801586118401761,62,9.002182394093678e-05,2,2,Internal
APTV,MAS,0.5035272631052065,62,3.526985133776538e-05,2,5,External
APTV,MCHP,0.46801402229200195,62,0.00014272062637213186,2,1,External
APTV,MET,0.4240234857089417,62,0.0006606251041460234,2,2,Internal
APTV,MOS,0.5658471156655924,62,2.0115112094307082e-06,2,2,Internal
APTV,NXPI,0.5022987425233845,62,3.71143700064426e-05,2,1,External
APTV,PNC,0.43514515990778974,62,0.0004571929975143348,2,2,Internal
APTV,PSKY,0.5662871716094766,62,1.967080917097552e-06,2,2,Internal
APTV,QCOM,0.4516822374929221,62,0.0002582814884545938,2,1,External
APTV,SWKS,0.4056090556725826,62,0.0011828469612215258,2,1,External
APTV,SYF,0.43324851640693746,62,0.0004872453317646924,2,2,Internal
APTV,TEL,0.44875713426590663,62,0.0002863400740176086,2,5,External
APTV,TER,0.4144513355820767,62,0.0008979232056506258,2,1,External
APTV,TXT,0.47630321255912805,62,0.00010439945543384433,2,5,External
APTV,URI,0.6774109258825067,62,2.0314904630133184e-09,2,5,External
APTV,XEL,-0.40707961792803166,62,0.0011304405022106927,2,4,External
ARE,ATO,0.4885070542903002,62,6.491504400514133e-05,4,4,Internal
ARE,AVB,0.6367433512676076,62,3.4637158200047204e-08,4,4,Internal
ARE,AVY,0.4175520634944716,62,0.000813752046503075,4,4,Internal
ARE,BAC,0.4434846866685225,62,0.00034403655961214193,4,2,External
ARE,BEN,0.46213419389497223,62,0.00017730675930289718,4,2,External
ARE,BXP,0.7698836836191193,62,4.1238313767869923e-13,4,4,Internal
ARE,CCI,0.44501748203146935,62,0.0003262576258289967,4,4,Internal
ARE,CFG,0.4374220463149409,62,0.0004233459441506634,4,2,External
ARE,CINF,0.4212098959932562,62,0.000723667279123692,4,4,Internal
ARE,CMS,0.5331847593262768,62,9.6871839918996e-06,4,4,Internal
ARE,CPT,0.6549335072830684,62,1.0270939849972484e-08,4,4,Internal
ARE,D,0.5568479946524874,62,3.154017292341113e-06,4,4,Internal
ARE,DOC,0.7215964483933169,62,5.3447772750150155e-11,4,4,Internal
ARE,DOW,0.42151548804835703,62,0.0007165659024974622,4,2,External
ARE,EQR,0.6582873926975358,62,8.134865203896813e-09,4,4,Internal
ARE,ESS,0.636563465682577,62,3.5042145976285854e-08,4,4,Internal
ARE,ETR,0.5123169777995321,62,2.4350224219563952e-05,4,4,Internal
ARE,EVRG,0.5155467672153106,62,2.1196140731489425e-05,4,4,Internal
ARE,FITB,0.44592145870524513,62,0.0003161691309868122,4,2,External
ARE,FRT,0.6449102617121286,62,2.026974224269645e-08,4,4,Internal
ARE,GEN,0.4344628561147748,62,0.0004678044019402317,4,4,Internal
ARE,HD,0.4106774484649983,62,0.0010109287409457571,4,5,External
ARE,INVH,0.5073213539519917,62,3.009493732576217e-05,4,4,Internal
ARE,IP,0.44422448790561186,62,0.00033534822522586434,4,2,External
ARE,IRM,0.5345539389946102,62,9.099045205383928e-06,4,4,Internal
ARE,KEY,0.404379138021029,62,0.0012283457453974409,4,2,External
ARE,KIM,0.6855879564293024,62,1.087189898640313e-09,4,4,Internal
ARE,LNT,0.4916219541698165,62,5.733425012016228e-05,4,4,Internal
ARE,MAA,0.6489893811622343,62,1.541731016636397e-08,4,4,Internal
ARE,MHK,0.40280033704187507,62,0.0012890562619838138,4,5,External
ARE,MS,0.4187684379282823,62,0.0007827292640447623,4,2,External
ARE,MTB,0.5759840539809427,62,1.1925354745091036e-06,4,2,External
ARE,NI,0.5192407904600551,62,1.8054964551530017e-05,4,4,Internal
ARE,O,0.6549549269282989,62,1.025575154443927e-08,4,4,Internal
ARE,PEG,0.4426797486786926,62,0.000353722465759017,4,4,Internal
ARE,PFG,0.41174121598543095,62,0.0009778438916018075,4,2,External
ARE,PKG,0.41469432159242253,62,0.0008910540034901578,4,2,External
ARE,PLD,0.6151912478015246,62,1.3242821118102777e-07,4,4,Internal
ARE,PNW,0.4930938724489545,62,5.4043983680232305e-05,4,4,Internal
ARE,PPL,0.49059249358810075,62,5.9744219110701584e-05,4,4,Internal
ARE,REG,0.6526816398026927,62,1.1992043551818853e-08,4,4,Internal
ARE,RF,0.5065475084097213,62,3.108958120701892e-05,4,2,External
ARE,SPG,0.5838140100322073,62,7.866938027478389e-07,4,4,Internal
ARE,SRE,0.4594017387265298,62,0.00019585857186640493,4,4,Internal
ARE,SWK,0.4150848382803999,62,0.0008801134737239047,4,5,External
ARE,TRMB,0.43313068201413246,62,0.000489170327489584,4,5,External
ARE,UDR,0.6723929986576729,62,2.9525778166581183e-09,4,4,Internal
ARE,USB,0.4477404584744831,62,0.00029672587007630204,4,2,External
ARE,VICI,0.551467248417896,62,4.101677963406549e-06,4,4,Internal
ARE,VTR,0.617704416981023,62,1.1384605417053542e-07,4,4,Internal
ARE,WBD,0.4945973205928865,62,5.086385407905455e-05,4,4,Internal
ARE,WELL,0.6090377035930453,62,1.9070276502091245e-07,4,4,Internal
ATO,AVB,0.5004918353116173,62,3.998982129321424e-05,4,4,Internal
ATO,AVY,0.4465938227513382,62,0.00030885083347143797,4,4,Internal
ATO,AWK,0.44641604399798324,62,0.0003107706776975441,4,4,Internal
ATO,BF-B,0.44504758836247205,62,0.0003259169663274648,4,4,Internal
ATO,BXP,0.46096145402544975,62,0.0001850623951604832,4,4,Internal
ATO,CCI,0.4332703817086059,62,0.000486888888180179,4,4,Internal
ATO,CINF,0.4157800341899442,62,0.00086093697217852,4,4,Internal
ATO,CMS,0.6428955710793153,62,2.3168262246689773e-08,4,4,Internal
ATO,CNP,0.7087970826027132,62,1.642480805692647e-10,4,4,Internal
ATO,CPAY,0.4582887888686867,62,0.00020391139956766027,4,7,External
ATO,CPT,0.49610053898316525,62,4.785769596503907e-05,4,4,Internal
ATO,CTSH,0.4427156027052778,62,0.00035328579893731014,4,7,External
ATO,D,0.7087315394108342,62,1.6516951962930184e-10,4,4,Internal
ATO,DOC,0.4338696545317772,62,0.0004772114050420794,4,4,Internal
ATO,DTE,0.735393249815372,62,1.4834221304622375e-11,4,4,Internal
ATO,DUK,0.7332504199842078,62,1.8195488072568845e-11,4,4,Internal
ATO,ED,0.6988328962674855,62,3.779154647923845e-10,4,4,Internal
ATO,EIX,0.6560211920390694,62,9.525977010120975e-09,4,4,Internal
ATO,EQR,0.4661643142256671,62,0.00015286812583054576,4,4,Internal
ATO,ES,0.6705512838218767,62,3.380793885463582e-09,4,4,Internal
ATO,ESS,0.4493464602419039,62,0.00028047280921545894,4,4,Internal
ATO,ETR,0.7690868861870868,62,4.5106882220637014e-13,4,4,Internal
ATO,EVRG,0.7706110254958646,62,3.7985469020998457e-13,4,4,Internal
ATO,EXC,0.6287408007744418,62,5.767858331579626e-08,4,4,Internal
ATO,EXR,0.5025537614611707,62,3.672429989821682e-05,4,4,Internal
ATO,FE,0.5838168496014715,62,7.865735738373026e-07,4,4,Internal
ATO,FRT,0.411848011691639,62,0.0009745769255981615,4,4,Internal
ATO,GL,0.4076979274781636,62,0.0011090372699764164,4,5,External
ATO,HST,0.44086722960967695,62,0.00037644851849632496,4,7,External
ATO,IRM,0.4999254462254624,62,4.093268741155606e-05,4,4,Internal
ATO,KMI,0.507249606196831,62,3.018590233052298e-05,4,2,External
ATO,LHX,0.422995961781127,62,0.0006830472199222327,4,2,External
ATO,LNT,0.7765601947918619,62,1.9176625967157372e-13,4,4,Internal
ATO,MAA,0.5141038278114286,62,2.255526424879078e-05,4,4,Internal
ATO,NEE,0.55087665228867,62,4.220505338926429e-06,4,4,Internal
ATO,NI,0.77306865243658,62,2.8712763009004944e-13,4,4,Internal
ATO,NOC,0.40430000171459296,62,0.0012313264707783554,4,2,External
ATO,O,0.5621589511765966,62,2.422560151382081e-06,4,4,Internal
ATO,PCG,0.4994679942217093,62,4.170915797886431e-05,4,4,Internal
ATO,PEG,0.7108754011931321,62,1.3744007165908225e-10,4,4,Internal
ATO,PKG,0.44627178657475497,62,0.00031233651437625505,4,2,External
ATO,PNW,0.7916697388029196,62,3.064004887919241e-14,4,4,Internal
ATO,PPL,0.7777971520809405,62,1.6592494540725675e-13,4,4,Internal
ATO,PSA,0.47913936026101644,62,9.363425293633479e-05,4,4,Internal
ATO,SJM,0.45544761106811155,62,0.00022586183151771503,4,4,Internal
ATO,SO,0.6577654881049558,62,8.437055709027868e-09,4,4,Internal
ATO,SRE,0.6670901465335691,62,4.3495024678863384e-09,4,4,Internal
ATO,UDR,0.4404725003956061,62,0.000381570751318345,4,4,Internal
ATO,VICI,0.45752984259769713,62,0.0002095753199997505,4,4,Internal
ATO,WEC,0.7509281892793441,62,3.174819716247724e-12,4,4,Internal
ATO,XEL,0.659915692044223,62,7.256545408122599e-09,4,4,Internal
ATO,ZBRA,0.4016643521718125,62,0.0013343936955291218,4,2,External
AVB,BF-B,0.5323155889918606,62,1.0078689911071535e-05,4,4,Internal
AVB,BXP,0.6558281693952922,62,9.654333782360298e-09,4,4,Internal
AVB,CBRE,0.4888012218174911,62,6.416148655015718e-05,4,4,Internal
AVB,CCI,0.422359228363216,62,0.0006972852176566524,4,4,Internal
AVB,CINF,0.4210976936531787,62,0.0007262905895936139,4,4,Internal
AVB,CMCSA,0.40808025687989957,62,0.0010959859828607926,4,6,External
AVB,CMS,0.5576597729402519,62,3.0302399928531558e-06,4,4,Internal
AVB,CNP,0.4999064544179978,62,4.096465612304135e-05,4,4,Internal
AVB,CPT,0.8563128649857893,62,1.407748633476062e-18,4,4,Internal
AVB,D,0.6266439144066952,62,6.576726524292181e-08,4,4,Internal
AVB,DOC,0.6912924591109111,62,6.944474077529557e-10,4,4,Internal
AVB,DOV,0.43605020051989496,62,0.00044345510189531493,4,5,External
AVB,DTE,0.46956107297460764,62,0.00013471210502472112,4,4,Internal
AVB,DUK,0.5230473289359349,62,1.527428978518264e-05,4,4,Internal
AVB,ED,0.4077750738284507,62,0.0011063925660229229,4,4,Internal
AVB,EIX,0.512843508012128,62,2.380801028263005e-05,4,4,Internal
AVB,EQR,0.9173294183703407,62,2.8328615276302152e-25,4,4,Internal
AVB,ES,0.47377370296598426,62,0.0001149486439820497,4,4,Internal
AVB,ESS,0.8399916753696335,62,2.640884827299556e-17,4,4,Internal
AVB,ETR,0.5984936591410253,62,3.499886506237825e-07,4,4,Internal
AVB,EVRG,0.5079445260919757,62,2.931545720030577e-05,4,4,Internal
AVB,EXC,0.5001003431786052,62,4.06393671281793e-05,4,4,Internal
AVB,EXR,0.40419458945123676,62,0.001235307004687327,4,4,Internal
AVB,FDS,0.4346985986785865,62,0.0004641130168723567,4,4,Internal
AVB,FRT,0.6606108591402939,62,6.909603845064397e-09,4,4,Internal
AVB,HON,0.4327779829047072,62,0.0004949735356338398,4,5,External
AVB,INVH,0.603553694401808,62,2.6223765176848224e-07,4,4,Internal
AVB,IRM,0.5692847705887344,62,1.6879974298899052e-06,4,4,Internal
AVB,ITW,0.4361035896453754,62,0.0004426565375603536,4,5,External
AVB,KIM,0.615987447661065,62,1.262525344914191e-07,4,4,Internal
AVB,KMI,0.42926291179516046,62,0.000556321760158455,4,2,External
AVB,L,0.43641426876985806,62,0.00043803545880254465,4,5,External
AVB,LNT,0.5689131705181572,62,1.720461376943035e-06,4,4,Internal
AVB,MAA,0.8513571745659145,62,3.557183076587522e-18,4,4,Internal
AVB,MTB,0.40345186338310496,62,0.0012636832063747218,4,2,External
AVB,NI,0.5415775010002767,62,6.570125191778314e-06,4,4,Internal
AVB,O,0.6608005069002638,62,6.817717661210226e-09,4,4,Internal
AVB,OTIS,0.42088527479136145,62,0.0007312805576939747,4,5,External
AVB,PAYX,0.4331092158492992,62,0.0004895217513807701,4,4,Internal
AVB,PEG,0.5598907887315197,62,2.7130329581426895e-06,4,4,Internal
AVB,PKG,0.4054875063958833,62,0.0011872749408771716,4,2,External
AVB,PLD,0.521161076477051,62,1.6598284259771276e-05,4,4,Internal
AVB,PNR,0.42155895036939384,62,0.0007155610598421046,4,5,External
AVB,PNW,0.43174007301519685,62,0.0005124156018723925,4,4,Internal
AVB,PPL,0.6085152841190123,62,1.9662926012343763e-07,4,4,Internal
AVB,PRU,0.45555966971974904,62,0.00022495670890279978,4,2,External
AVB,REG,0.6336971542311325,62,4.213029118230408e-08,4,4,Internal
AVB,SJM,0.4122258230317244,62,0.0009630982480994224,4,4,Internal
AVB,SO,0.44594717067161765,62,0.0003158863885128111,4,4,Internal
AVB,SPG,0.6836783499728156,62,1.26035704058329e-09,4,4,Internal
AVB,SRE,0.5702210081363993,62,1.608729091494358e-06,4,4,Internal
AVB,SWK,0.4143615439738948,62,0.0009004736832740657,4,5,External
AVB,UDR,0.8316472682433071,62,1.0445850972653412e-16,4,4,Internal
AVB,UNP,0.4244437041917855,62,0.0006516489848702726,4,5,External
AVB,USB,0.4172720760470781,62,0.000821048425672869,4,2,External
AVB,VICI,0.6376347366822074,62,3.269470845767465e-08,4,4,Internal
AVB,VTR,0.6455501531146448,62,1.9423296422090874e-08,4,4,Internal
AVB,VZ,0.4105308505799476,62,0.0010155664391544878,4,6,External
AVB,WEC,0.4396126764347716,62,0.0003929486358072217,4,4,Internal
AVB,WELL,0.6130985302669105,62,1.5004488183881827e-07,4,4,Internal
AVB,XYL,0.43708912777240166,62,0.0004281482933224873,4,5,External
AVGO,CAH,-0.44631515003139477,62,0.00031186507279330777,1,6,External
AVGO,CNC,-0.4164013850059117,62,0.0008441177101054603,1,6,External
AVGO,JBL,0.42607990474014756,62,0.0006177416104671015,1,1,Internal
AVGO,MPWR,0.41099754739093164,62,0.001000868553936556,1,1,Internal
AVGO,ROL,-0.4325063894179487,62,0.0004994847917152995,1,6,External
AVGO,TER,0.44924448294379815,62,0.00028148016691876345,1,1,Internal
AVGO,TXN,0.41381473284095344,62,0.0009161472223496334,1,1,Internal
AVGO,ULTA,-0.4401307695647948,62,0.0003860564018363911,1,5,External
AVY,BF-B,0.41112053995231174,62,0.0009970271687348815,4,4,Internal
AVY,BXP,0.45366677783087017,62,0.00024070015016849187,4,4,Internal
AVY,CAT,0.44139916919855476,62,0.0003696447885205343,4,5,External
AVY,CF,0.5225172053017753,62,1.5636125046064927e-05,4,2,External
AVY,CINF,0.5353336137489563,62,8.779156449333464e-06,4,4,Internal
AVY,CPT,0.5156919950619451,62,2.1063640004868246e-05,4,4,Internal
AVY,CTRA,0.46604535215157245,62,0.00015354286145375062,4,2,External
AVY,CTVA,0.4803964386236246,62,8.919758108603e-05,4,2,External
AVY,D,0.43439174853308116,62,0.0004689230689052496,4,4,Internal
AVY,DOC,0.4771997503724748,62,0.00010087939300796988,4,4,Internal
AVY,DOV,0.6148148941977524,62,1.3544539824360775e-07,4,5,External
AVY,DOW,0.6049263965821405,62,2.422767471123842e-07,4,2,External
AVY,EIX,0.49468769291405973,62,5.067831360781886e-05,4,4,Internal
AVY,ES,0.589488749732926,62,5.779446010853123e-07,4,4,Internal
AVY,ESS,0.4191134289811214,62,0.0007741273235239416,4,4,Internal
AVY,ETR,0.5512387763686395,62,4.147271090538729e-06,4,4,Internal
AVY,EVRG,0.4072200931274145,62,0.0011255454613966031,4,4,Internal
AVY,EXC,0.41046943534558944,62,0.0010175150359591286,4,4,Internal
AVY,FRT,0.44087479253574724,62,0.00037635099180018496,4,4,Internal
AVY,GD,0.45794010406783203,62,0.00020649596718185103,4,2,External
AVY,GL,0.49446875431082454,62,5.11288900358476e-05,4,5,External
AVY,HD,0.42199304283735334,62,0.0007055946524473621,4,5,External
AVY,HIG,0.5419470748734626,62,6.457193310099269e-06,4,4,Internal
AVY,HON,0.4192616565566351,62,0.0007704577715583164,4,5,External
AVY,IFF,0.4257178916060636,62,0.0006251028312304536,4,4,Internal
AVY,IP,0.5027080626218737,62,3.649012933774194e-05,4,2,External
AVY,IRM,0.41582963432696524,62,0.0008595833193342571,4,4,Internal
AVY,JBHT,0.5093121133444718,62,2.7669907106648492e-05,4,5,External
AVY,L,0.43176245402523916,62,0.0005120336768201337,4,5,External
AVY,LH,0.5229509977460427,62,1.5339456986052088e-05,4,0,External
AVY,LNT,0.5164355500185952,62,2.039719629757264e-05,4,4,Internal
AVY,LYB,0.5967486727541975,62,3.8617684899738996e-07,4,2,External
AVY,MAA,0.44745620939576214,62,0.00029969045142074337,4,4,Internal
AVY,MET,0.4015006393623143,62,0.001341044329973211,4,2,External
AVY,MHK,0.5216001847385671,62,1.6280885498520327e-05,4,5,External
AVY,MMM,0.47415848010319317,62,0.00011328322597405188,4,5,External
AVY,MOS,0.516547076134688,62,2.0298939463673746e-05,4,2,External
AVY,MSFT,-0.47143508717871835,62,0.00012556404678719445,4,1,External
AVY,NDSN,0.47250793946709513,62,0.0001205871799972834,4,5,External
AVY,NEE,0.4736585938020733,62,0.00011545122011489218,4,4,Internal
AVY,NI,0.40213825429585187,62,0.001315308761875703,4,4,Internal
AVY,NTRS,0.4307699771080575,62,0.0005292206748733457,4,2,External
AVY,NUE,0.4392386205266341,62,0.0003979941418631214,4,5,External
AVY,PCG,0.4152005573856134,62,0.0008768949221003401,4,4,Internal
AVY,PEG,0.5706561858364101,62,1.5730825820275008e-06,4,4,Internal
AVY,PFG,0.4043158258550169,62,0.001230729923307742,4,2,External
AVY,PKG,0.5891408823760883,62,5.890730740986986e-07,4,2,External
AVY,PLD,0.5058636317512425,62,3.1993819248974354e-05,4,4,Internal
AVY,PNR,0.4127587492422741,62,0.000947114196104197,4,5,External
AVY,POOL,0.433161564710086,62,0.0004886651469847808,4,5,External
AVY,PPG,0.42394947739543953,62,0.0006622175144031676,4,2,External
AVY,PPL,0.5121616118679315,62,2.451239074531633e-05,4,4,Internal
AVY,PRU,0.4650148805621747,62,0.00015950283635700826,4,2,External
AVY,SPG,0.5394022549838066,62,7.272988603298213e-06,4,4,Internal
AVY,SWK,0.4226876098081338,62,0.0006899090741569969,4,5,External
AVY,TDY,0.4811009294464696,62,8.679658196790965e-05,4,5,External
AVY,TEL,0.5053840681856557,62,3.2642359168479745e-05,4,5,External
AVY,TXT,0.4853539661439196,62,7.352069848668174e-05,4,5,External
AVY,VTR,0.43755425938830533,62,0.00042145240144789446,4,4,Internal
AVY,WAB,0.5471553112175137,62,5.046307417028038e-06,4,5,External
AVY,WEC,0.4122674328344293,62,0.0009618415430339677,4,4,Internal
AVY,WMB,0.42208370714428856,62,0.0007035290035809226,4,2,External
AWK,CMS,0.5399409425477527,62,7.092685054223587e-06,4,4,Internal
AWK,CNP,0.5113929448414122,62,2.5329527597635096e-05,4,4,Internal
AWK,DTE,0.6147679824948507,62,1.3582599034087806e-07,4,4,Internal
AWK,DUK,0.544290843308974,62,5.782059275960184e-06,4,4,Internal
AWK,ED,0.5576891570658709,62,3.0258458717699122e-06,4,4,Internal
AWK,EIX,0.5060169058523959,62,3.1789066092034694e-05,4,4,Internal
AWK,ES,0.5346645819061335,62,9.052999076851953e-06,4,4,Internal
AWK,ETR,0.5156209269104971,62,2.1128383811025766e-05,4,4,Internal
AWK,EVRG,0.5263547093977257,62,1.3186726711615689e-05,4,4,Internal
AWK,EXC,0.47771132619163115,62,9.892003028232978e-05,4,4,Internal
AWK,FE,0.5422458344996407,62,6.367225176340759e-06,4,4,Internal
AWK,JNJ,0.4826718758809968,62,8.16552414001198e-05,4,4,Internal
AWK,LNT,0.515051530819802,62,2.1653809826435122e-05,4,4,Internal
AWK,NEE,0.5061669420154973,62,3.158981338044078e-05,4,4,Internal
AWK,NI,0.4260673384715353,62,0.0006179958125157246,4,4,Internal
AWK,PCG,0.45254043657506504,62,0.00025053945460660126,4,4,Internal
AWK,PEG,0.5317227693211924,62,1.0354105379717376e-05,4,4,Internal
AWK,PFE,0.44158362800749784,62,0.00036731175694826144,4,4,Internal
AWK,PNW,0.5156075177589872,62,2.11406203556047e-05,4,4,Internal
AWK,PPL,0.595289992487823,62,4.190960717492009e-07,4,4,Internal
AWK,SRE,0.40649450949892657,62,0.001151036241184152,4,4,Internal
AWK,WEC,0.5879549525433415,62,6.285420214511476e-07,4,4,Internal
AWK,XEL,0.4927436470720706,62,5.481066929792558e-05,4,4,Internal
AXON,J,0.4692037402171606,62,0.00013652436677447622,5,5,Internal
AXON,PH,0.4287421193631975,62,0.0005659758061697634,5,5,Internal
AXON,TPR,0.40620187923024526,62,0.0011614629879540637,5,5,Internal
AXP,BAC,0.4276491352972045,62,0.0005867325515324228,2,2,Internal
AXP,C,0.4135652252200579,62,0.0009233804676445766,2,2,Internal
AXP,COF,0.564435764555738,62,2.160423954680184e-06,2,2,Internal
AXP,HBAN,0.526550071829927,62,1.3072121316995901e-05,2,2,Internal
AXP,KEY,0.42965041088475,62,0.0005492358067101697,2,2,Internal
AXP,MCD,-0.40241343888768577,62,0.001304339502111327,2,6,External
AXP,ORLY,-0.4829309204544378,62,8.08348875528186e-05,2,6,External
AXP,PEP,-0.43589052099318837,62,0.0004458513209245338,2,6,External
AXP,RF,0.45753307437913127,62,0.00020955089952997717,2,2,Internal
AXP,SYF,0.600195509031159,62,3.177847482054668e-07,2,2,Internal
AZO,BRO,0.42588628873442097,62,0.0006216687912048127,6,6,Internal
AZO,COF,-0.48877379568141477,62,6.423140060792936e-05,6,2,External
AZO,GPC,0.5156205548178042,62,2.1128723276258958e-05,6,5,External
AZO,MCD,0.4216590542418621,62,0.0007132515219168772,6,6,Internal
AZO,MMC,0.4759649694679053,62,0.00010575657050439701,6,6,Internal
AZO,MTCH,-0.4353683604966035,62,0.0004537694976835059,6,8,External
AZO,ORLY,0.5665602445691598,62,1.9399734759914483e-06,6,6,Internal
AZO,SYF,-0.42474312945403625,62,0.0006453206455444059,6,2,External
AZO,TDY,0.4739623180174509,62,0.00011412947771746447,6,5,External
AZO,TSLA,-0.40233236595950417,62,0.0013075626107665174,6,7,External
AZO,XYZ,-0.42708537486533943,62,0.0005977065381707839,6,2,External
BA,CCI,0.46309042580002197,62,0.0001712045280476877,4,4,Internal
BA,HIG,0.5171535305696973,62,1.977227947164641e-05,4,4,Internal
BA,HWM,0.4577822822488096,62,0.0002076756181852138,4,5,External
BA,PSA,0.414496478880236,62,0.0008966434022566585,4,4,Internal
BAC,BBY,0.40685984228425104,62,0.0011381373362124474,2,5,External
BAC,BEN,0.4408513051597562,62,0.00037665394533586006,2,2,Internal
BAC,BG,0.4185680487215071,62,0.000787765317157136,2,2,Internal
BAC,BLK,0.5251839738782716,62,1.3893306787267906e-05,2,2,Internal
BAC,BRK-B,0.44735901336892886,62,0.0003007103417856635,2,2,Internal
BAC,BXP,0.5294954019721269,62,1.1452692948281134e-05,2,4,External
BAC,C,0.7665043566887533,62,6.01728562779618e-13,2,2,Internal
BAC,CAT,0.5231598997480007,62,1.5198462370411368e-05,2,5,External
BAC,CF,0.4170168512692696,62,0.0008277509524783753,2,2,Internal
BAC,CFG,0.6079882064247599,62,2.0278395028579363e-07,2,2,Internal
BAC,CMI,0.5275337744921906,62,1.2508982565756659e-05,2,5,External
BAC,COF,0.5561043789525741,62,3.271530745879217e-06,2,2,Internal
BAC,DD,0.43687623393762876,62,0.0004312452021532403,2,2,Internal
BAC,DOV,0.5134438734137368,62,2.320342335659877e-05,2,5,External
BAC,DVN,0.40801420213608774,62,0.0010982309085434305,2,2,Internal
BAC,EMR,0.4007518110187773,62,0.0013718458864150301,2,5,External
BAC,FITB,0.6501786397968906,62,1.4224107820570607e-08,2,2,Internal
BAC,FOX,0.4158344880128632,62,0.0008594509591962982,2,2,Internal
BAC,FOXA,0.41886019902904564,62,0.0007804329144039414,2,2,Internal
BAC,FRT,0.43629165585959523,62,0.00043985395269578633,2,4,External
BAC,GL,0.49966450549224317,62,4.1373950730189005e-05,2,5,External
BAC,GM,0.4932386120233986,62,5.373003111645457e-05,2,5,External
BAC,GS,0.6032858697545802,62,2.663082770069257e-07,2,2,Internal
BAC,HBAN,0.6928530874635456,62,6.132059928066697e-10,2,2,Internal
BAC,HD,0.5095365800650471,62,2.7408134977018273e-05,2,5,External
BAC,HII,0.4238330496758607,62,0.0006647296852449214,2,2,Internal
BAC,IP,0.5382417918036172,62,7.676004823780926e-06,2,2,Internal
BAC,ITW,0.4332917838277487,62,0.00048654022470950246,2,5,External
BAC,IVZ,0.49221140177095124,62,5.599505165936227e-05,2,2,Internal
BAC,JPM,0.6281018965974803,62,6.003789796551745e-08,2,2,Internal
BAC,KEY,0.6518333721117419,62,1.2708470410766093e-08,2,2,Internal
BAC,KIM,0.45453648353584597,62,0.0002333457336977344,2,4,External
BAC,LKQ,0.4606561463674996,62,0.00018713180356710884,2,5,External
BAC,LOW,0.440942000815788,62,0.00037548532646895604,2,5,External
BAC,MAS,0.4544429157494154,62,0.00023412698397638326,2,5,External
BAC,MET,0.5909438311523834,62,5.335000324124235e-07,2,2,Internal
BAC,MHK,0.5479309598250739,62,4.862662314794e-06,2,5,External
BAC,MMM,0.41328544569868664,62,0.0009315525695591284,2,5,External
BAC,MOS,0.4771501496186006,62,0.00010107125167665317,2,2,Internal
BAC,MS,0.7187096778349588,62,6.921937405649677e-11,2,2,Internal
BAC,MSFT,-0.41228901625939346,62,0.0009611902602931403,2,1,External
BAC,MTB,0.6376714667123586,62,3.2616918880499074e-08,2,2,Internal
BAC,NDSN,0.40127646944837936,62,0.0013501992792633749,2,5,External
BAC,NTRS,0.4706810829710968,62,0.00012917388873602014,2,2,Internal
BAC,NUE,0.4315157096273915,62,0.0005162586122185747,2,5,External
BAC,PCAR,0.515095697471002,62,2.1612624488465106e-05,2,5,External
BAC,PFG,0.6615631463010022,62,6.459761477880074e-09,2,2,Internal
BAC,PH,0.4914526826590152,62,5.772425213629675e-05,2,5,External
BAC,PKG,0.41145140282872045,62,0.000986759342301288,2,2,Internal
BAC,PNC,0.5228983074728316,62,1.5375210615036853e-05,2,2,Internal
BAC,PRU,0.6678641370358808,62,4.112403633477683e-09,2,2,Internal
BAC,PSX,0.41041830551854847,62,0.0010191398656113424,2,2,Internal
BAC,REG,0.4261619980663707,62,0.0006160832815510094,2,4,External
BAC,RF,0.6646481106167689,62,5.185373369000287e-09,2,2,Internal
BAC,RJF,0.5167132667064438,62,2.0153336201111487e-05,2,2,Internal
BAC,SCHW,0.4734586613940943,62,0.00011632894160190345,2,2,Internal
BAC,SPG,0.4397371511468775,62,0.0003912825949238884,2,4,External
BAC,SWK,0.44415957002834866,62,0.0003361025479056933,2,5,External
BAC,SYF,0.5475210503354728,62,4.958922534207228e-06,2,2,Internal
BAC,TEL,0.40492373306800367,62,0.0012080086131730778,2,5,External
BAC,TFC,0.5309517567840716,62,1.072278262510134e-05,2,2,Internal
BAC,TRGP,0.4342639542582451,62,0.0004709396447553342,2,2,Internal
BAC,TROW,0.4745308837769523,62,0.00011169250058551287,2,2,Internal
BAC,TXT,0.5087375235582816,62,2.8350576123516445e-05,2,5,External
BAC,UPS,0.40054020402765345,62,0.0013806643410267203,2,0,External
BAC,URI,0.5423038994567518,62,6.349875692529335e-06,2,5,External
BAC,USB,0.562006465860954,62,2.4411379475464522e-06,2,2,Internal
BAC,WAB,0.42436844756044917,62,0.0006532483451420979,2,5,External
BAC,WFC,0.7426226038956613,62,7.338650758843765e-12,2,2,Internal
BALL,CPAY,0.6020157777646449,62,2.8643441488183264e-07,7,7,Internal
BALL,CTSH,0.626979765505705,62,6.440350824662546e-08,7,7,Internal
BALL,HST,0.5850950508920623,62,7.341692740840293e-07,7,7,Internal
BALL,MLM,0.473802960948254,62,0.00011482122193980988,7,7,Internal
BALL,PSKY,-0.5567138649048686,62,3.1749180002764825e-06,7,2,External
BALL,VMC,0.5560452006439346,62,3.2810562167698265e-06,7,7,Internal
BAX,BDX,0.46993409174265804,62,0.00013284386131867142,0,0,Internal
BAX,HCA,0.5188073956597412,62,1.839972885236634e-05,0,0,Internal
BAX,HSIC,0.4937769319748827,62,5.2577080328380166e-05,0,0,Internal
BAX,PG,0.4125197100151859,62,0.0009542538558355036,0,6,External
BAX,WAT,0.45552413833719646,62,0.00022524334407789356,0,0,Internal
BBY,BEN,0.4111960722047395,62,0.0009946746900895017,5,2,External
BBY,CBOE,-0.40639514190812476,62,0.0011545673325949937,5,0,External
BBY,HD,0.4505863250260853,62,0.0002684855431744388,5,5,Internal
BBY,LOW,0.4232933391098203,62,0.0006764881823003897,5,5,Internal
BBY,MAS,0.40878069065352995,62,0.001072434216391052,5,5,Internal
BBY,MRK,-0.4294276051084056,62,0.0005533000438787967,5,6,External
BBY,MS,0.414656886398091,62,0.0008921091930744994,5,2,External
BBY,NDSN,0.43202505472568725,62,0.0005075717438609357,5,5,Internal
BBY,SWKS,0.4108244504670023,62,0.001006297441503297,5,1,External
BBY,TRMB,0.40687252820690645,62,0.0011376917784326074,5,5,Internal
BDX,BSX,0.4228867136689807,62,0.0006854712522869749,0,0,Internal
BDX,CBOE,0.4393479162307427,62,0.0003965138289268501,0,0,Internal
BDX,CL,0.41137848570518437,62,0.0009890139858123143,0,6,External
BDX,CLX,0.43890309311195663,62,0.0004025700351354754,0,6,External
BDX,CPAY,-0.5102384796314343,62,2.6604306327098932e-05,0,7,External
BDX,CTSH,-0.42846289456717995,62,0.0005712142051784485,0,7,External
BDX,ES,0.42215642619735294,62,0.0007018761676309168,0,4,External
BDX,HOLX,0.4053683034905735,62,0.001191631926662623,0,4,External
BDX,JNJ,0.4130557204722466,62,0.0009383113686290869,0,4,External
BDX,KMB,0.4318296770332422,62,0.000510888090365705,0,6,External
BDX,RCL,-0.4090634569821021,62,0.0010630562543914434,0,7,External
BDX,ZBH,0.41768056519629093,62,0.0008104229969335419,0,0,Internal
BEN,BK,0.43267249060537577,62,0.0004967213830174367,2,2,Internal
BEN,BKR,0.4905087407406751,62,5.994433753886123e-05,2,2,Internal
BEN,BXP,0.6071200236103095,62,2.133185707474614e-07,2,4,External
BEN,CAT,0.4739458763996826,62,0.00011420067068678166,2,5,External
BEN,CFG,0.4871210157409814,62,6.857662421261514e-05,2,2,Internal
BEN,COF,0.4916951481442774,62,5.7166364966038966e-05,2,2,Internal
BEN,CPAY,0.41127959595836394,62,0.0009920791423712254,2,7,External
BEN,CTRA,0.4210765750547929,62,0.0007267853072696636,2,2,Internal
BEN,CVX,0.40737934118239205,62,0.001120019347691588,2,2,Internal
BEN,DOC,0.514781557875054,62,2.1907144991323684e-05,2,4,External
BEN,DOV,0.4143113927772708,62,0.0009019010432877953,2,5,External
BEN,DOW,0.472723796967799,62,0.00011960799395776314,2,2,Internal
BEN,EFX,0.41295834172795026,62,0.000941189701693582,2,5,External
BEN,FITB,0.522397838393742,62,1.571868895900124e-05,2,2,Internal
BEN,FRT,0.50903305019036,62,2.799857740768603e-05,2,4,External
BEN,HAL,0.5353835239216526,62,8.7590397866341e-06,2,2,Internal
BEN,HBAN,0.49950011709653025,62,4.165419202472758e-05,2,2,Internal
BEN,IP,0.5136649689359267,62,2.29843811796701e-05,2,2,Internal
BEN,IVZ,0.6407236677681496,62,2.6729682066885745e-08,2,2,Internal
BEN,KEY,0.47270670107485996,62,0.00011968527831332431,2,2,Internal
BEN,KMI,0.4794633562219847,62,9.247174464396012e-05,2,2,Internal
BEN,MAS,0.47953865110114924,62,9.220349228038907e-05,2,5,External
BEN,MHK,0.5570231119783534,62,3.126923115570945e-06,2,5,External
BEN,MNST,-0.5514445094228685,62,4.10619463236229e-06,2,6,External
BEN,MRK,-0.4770301157046699,62,0.0001015369390408001,2,6,External
BEN,MS,0.45626856451715264,62,0.00021930723347579224,2,2,Internal
BEN,MTB,0.569549909982285,62,1.6651856108278492e-06,2,2,Internal
BEN,NTRS,0.5234082892210649,62,1.5032382687667836e-05,2,2,Internal
BEN,NWS,0.46391451014621743,62,0.00016610060673913677,2,2,Internal
BEN,NWSA,0.47474585255705776,62,0.00011078362828330087,2,2,Internal
BEN,PFG,0.6297612679218968,62,5.409081860113629e-08,2,2,Internal
BEN,PKG,0.40491753653971163,62,0.0012082382993228874,2,2,Internal
BEN,PNC,0.5390343805575639,62,7.3985625349322026e-06,2,2,Internal
BEN,POOL,0.409303612471702,62,0.0010551495875235927,2,5,External
BEN,PRU,0.5238278300150949,62,1.475568852970888e-05,2,2,Internal
BEN,PSX,0.45434632456094914,62,0.00023493598550386466,2,2,Internal
BEN,REG,0.42136315154361953,62,0.0007200979908704139,2,4,External
BEN,RF,0.5774404533864562,62,1.1046423406060947e-06,2,2,Internal
BEN,RJF,0.5189029247937924,62,1.832321509563913e-05,2,2,Internal
BEN,SLB,0.4580691554947363,62,0.00020553592192608448,2,2,Internal
BEN,SWK,0.5009455245217062,62,3.9249090185836016e-05,2,5,External
BEN,SYF,0.4951307751211568,62,4.977764303621062e-05,2,2,Internal
BEN,TFC,0.480688271173139,62,8.819565816717354e-05,2,2,Internal
BEN,TPL,0.4022455139540616,62,0.0013110234122443519,2,2,Internal
BEN,TRMB,0.5018446767416705,62,3.7818394125998584e-05,2,5,External
BEN,TROW,0.6594501373433188,62,7.498044771725956e-09,2,2,Internal
BEN,USB,0.4982377630461262,62,4.386536008212697e-05,2,2,Internal
BEN,VTR,0.4232430534179042,62,0.0006775932752342548,2,4,External
BEN,XOM,0.41256472008476247,62,0.0009529057888689825,2,2,Internal
BEN,ZBRA,0.4186805059921144,62,0.0007849355179787329,2,2,Internal
BF-B,BXP,0.43736081665879767,62,0.00042422548806069887,4,4,Internal
BF-B,CARR,0.4331798417044337,62,0.0004883663943741459,4,5,External
BF-B,CAT,0.46986749677447237,62,0.00013317564498457036,4,5,External
BF-B,CBRE,0.4892522094372103,62,6.302185483209616e-05,4,4,Internal
BF-B,CMS,0.49508611270123326,62,4.986775575060054e-05,4,4,Internal
BF-B,CPT,0.5021376290112334,62,3.736277578757847e-05,4,4,Internal
BF-B,D,0.4094053832819764,62,0.0010518149934543137,4,4,Internal
BF-B,DOV,0.5062607405387008,62,3.146583378523784e-05,4,5,External
BF-B,DTE,0.46801246590179774,62,0.00014272889859156767,4,4,Internal
BF-B,DUK,0.48070632853570183,62,8.813400492688943e-05,4,4,Internal
BF-B,EIX,0.48450961596623887,62,7.599723340611228e-05,4,4,Internal
BF-B,EMR,0.44658158011086313,62,0.0003089826949389957,4,5,External
BF-B,EQR,0.46523112897450686,62,0.0001582348110358148,4,4,Internal
BF-B,ES,0.46634653810532695,62,0.0001518398483198188,4,4,Internal
BF-B,ESS,0.5080547487535377,62,2.9179548602247316e-05,4,4,Internal
BF-B,ETR,0.45579949353561217,62,0.00022303073190699257,4,4,Internal
BF-B,EVRG,0.4091244269447798,62,0.001061043892793975,4,4,Internal
BF-B,FRT,0.5080185328594948,62,2.9224139657527693e-05,4,4,Internal
BF-B,GL,0.4469145809216858,62,0.00030541428621844483,4,5,External
BF-B,GOOG,-0.40883855599641655,62,0.001070509064647838,4,11,External
BF-B,HON,0.4515667485152146,62,0.0002593398602856244,4,5,External
BF-B,IEX,0.4856903434352458,62,7.25549575544423e-05,4,5,External
BF-B,INVH,0.47357656186739133,62,0.00011581060921316486,4,4,Internal
BF-B,IR,0.41555226758899066,62,0.0008671777768103605,4,5,External
BF-B,IRM,0.4068722963948179,62,0.001137699918779063,4,4,Internal
BF-B,ITW,0.4868057713572035,62,6.94355614628478e-05,4,5,External
BF-B,JCI,0.4331271339743445,62,0.0004892283968521187,4,5,External
BF-B,KIM,0.4969302250612744,62,4.626960119551871e-05,4,4,Internal
BF-B,KMI,0.48741025622484907,62,6.779716312622988e-05,4,2,External
BF-B,L,0.4510737855602415,62,0.0002639021873242757,4,5,External
BF-B,LHX,0.4234409747591009,62,0.0006732531214726679,4,2,External
BF-B,LNT,0.47657578249298976,62,0.0001033175046634525,4,4,Internal
BF-B,MAA,0.4717972825938359,62,0.0001238631529793191,4,4,Internal
BF-B,MMM,0.5624839883793374,62,2.3834000548455544e-06,4,5,External
BF-B,MO,0.4289111877369399,62,0.0005628252169683947,4,2,External
BF-B,NDSN,0.44066796110064266,62,0.00037902646350607936,4,5,External
BF-B,NI,0.4175144178109716,62,0.0008147296583563082,4,4,Internal
BF-B,NOW,-0.4734594889060792,62,0.00011632529615146042,4,1,External
BF-B,NUE,0.41046615749499,62,0.0010176191310559905,4,5,External
BF-B,O,0.41051963614877696,62,0.00101592200194423,4,4,Internal
BF-B,OTIS,0.5017961302048606,62,3.7894391123712357e-05,4,5,External
BF-B,PEG,0.4945366917274398,62,5.098868045328191e-05,4,4,Internal
BF-B,PLD,0.4109205307286242,62,0.001003280779426822,4,4,Internal
BF-B,PNR,0.404954884034375,62,0.0012068545382366842,4,5,External
BF-B,PPL,0.5440761147075418,62,5.841059380724455e-06,4,4,Internal
BF-B,REG,0.4823085280975951,62,8.28188257316228e-05,4,4,Internal
BF-B,ROK,0.45891930719931945,62,0.00019931280986540894,4,5,External
BF-B,SJM,0.49022234605547427,62,6.063332745210827e-05,4,4,Internal
BF-B,SPG,0.49451620986349604,62,5.103091361129085e-05,4,4,Internal
BF-B,STZ,0.43929846430827874,62,0.00039718298936459334,4,4,Internal
BF-B,SWK,0.4479222499606005,62,0.0002948439246792224,4,5,External
BF-B,TXT,0.41202717158197544,62,0.0009691183878128886,4,5,External
BF-B,UDR,0.488556950759013,62,6.47866543400351e-05,4,4,Internal
BF-B,WAB,0.5682101031033567,62,1.783487685463765e-06,4,5,External
BF-B,WEC,0.47375689765427426,62,0.00011502189186081298,4,4,Internal
BF-B,XYL,0.4310339362618112,62,0.000524599234922267,4,5,External
BG,CMI,0.4094266784477312,62,0.0010511184447346722,2,5,External
BG,RJF,0.4222473476176146,62,0.000699814553953387,2,2,Internal
BG,SCHW,0.40250438719161785,62,0.0013007322928589565,2,2,Internal
BK,BKR,0.41598662949237036,62,0.000855311378295788,2,2,Internal
BK,C,0.5280019949371203,62,1.2248936576360981e-05,2,2,Internal
BK,CAT,0.45002352000048934,62,0.00027386765266106664,2,5,External
BK,DVN,0.4168999519146624,62,0.0008308373546861184,2,2,Internal
BK,FANG,0.4170796394003925,62,0.0008260974868465464,2,2,Internal
BK,FCX,0.5265256493731347,62,1.3086397467639376e-05,2,2,Internal
BK,FITB,0.44183408916646427,62,0.00036416539297883535,2,2,Internal
BK,HAL,0.4615151037523625,62,0.00018136306503560928,2,2,Internal
BK,IP,0.44445126243775956,62,0.00033272527832683014,2,2,Internal
BK,KEY,0.4677884524675606,62,0.00014392412841879895,2,2,Internal
BK,MPC,0.4209262223920195,62,0.0007303162439183421,2,2,Internal
BK,NTRS,0.6849675160341673,62,1.1408105107077975e-09,2,2,Internal
BK,OXY,0.40599490144968825,62,0.0011688890958450342,2,2,Internal
BK,PFG,0.5108570236123466,62,2.5914093946499756e-05,2,2,Internal
BK,PRU,0.46000522910314967,62,0.00019161470304937666,2,2,Internal
BK,PSX,0.5215255000636972,62,1.6334468772548692e-05,2,2,Internal
BK,RF,0.43308203951744534,62,0.0004899669856996124,2,2,Internal
BK,SLB,0.5210688715110234,62,1.6665657819877594e-05,2,2,Internal
BK,STT,0.862451092181598,62,4.251180479603138e-19,2,2,Internal
BK,SYF,0.4141677368335644,62,0.0009060009670273202,2,2,Internal
BK,TFC,0.4048972792492606,62,0.0012089894486998845,2,2,Internal
BK,TPL,0.4870304861599516,62,6.882227989979425e-05,2,2,Internal
BK,TRGP,0.4852646445162421,62,7.377912344129348e-05,2,2,Internal
BK,URI,0.4181299447942095,62,0.0007988776404991201,2,5,External
BK,USB,0.46784565288369434,62,0.00014361806434896114,2,2,Internal
BK,VLO,0.4302317681173587,62,0.0005387584045836784,2,2,Internal
BKNG,HLT,0.4115413838031681,62,0.0009839834640541136,6,6,Internal
BKNG,LEN,0.4162498716809732,62,0.0008481914058939116,6,5,External
BKNG,MAR,0.5243759228346847,62,1.4401335436432587e-05,6,6,Internal
BKNG,MDLZ,0.414562446269181,62,0.0008947762016069149,6,6,Internal
BKR,CAT,0.4640993292997712,62,0.00016497525201788693,2,5,External
BKR,CFG,0.4124298270330157,62,0.0009569510318964894,2,2,Internal
BKR,CINF,0.4446663548868538,62,0.00033025474231997457,2,4,External
BKR,COP,0.5776670745113945,62,1.091524467458934e-06,2,2,Internal
BKR,CTRA,0.5928641170241745,62,4.797451743417058e-07,2,2,Internal
BKR,CTVA,0.45300388169022304,62,0.000246447317683415,2,2,Internal
BKR,CVX,0.6426290012511627,62,2.3579889717049413e-08,2,2,Internal
BKR,DD,0.4648915729569325,62,0.0001602300433526531,2,2,Internal
BKR,DOW,0.5049969595940053,62,3.3174716075021494e-05,2,2,Internal
BKR,DVN,0.6414080552772878,62,2.5555133960770893e-08,2,2,Internal
BKR,EOG,0.6627340045515547,62,5.944639190744312e-09,2,2,Internal
BKR,EQT,0.422787579883066,62,0.0006876776022696782,2,2,Internal
BKR,FANG,0.6434155948779761,62,2.238472701092567e-08,2,2,Internal
BKR,FITB,0.5013984332180317,62,3.8522301262706474e-05,2,2,Internal
BKR,GD,0.5079623750948233,62,2.929340903374801e-05,2,2,Internal
BKR,HAL,0.7809043255832464,62,1.1487483404849298e-13,2,2,Internal
BKR,HBAN,0.4714276430623529,62,0.00012559922865715018,2,2,Internal
BKR,HII,0.4422645303526842,62,0.00035881535716181896,2,2,Internal
BKR,IP,0.461066173392101,62,0.0001843574360902441,2,2,Internal
BKR,KEY,0.4696035234143309,62,0.00013449828522598436,2,2,Internal
BKR,KMI,0.5703171655881019,62,1.6007881219165227e-06,2,2,Internal
BKR,LDOS,0.48875786216637884,62,6.42720501934435e-05,2,2,Internal
BKR,LHX,0.42704985284908603,62,0.000598404190976293,2,2,Internal
BKR,LYB,0.4947591421103166,62,5.0532066037326456e-05,2,2,Internal
BKR,MOS,0.4094010033590127,62,0.0010519583089816315,2,2,Internal
BKR,MSFT,-0.4080906225460972,62,0.0010956340725234996,2,1,External
BKR,MTB,0.41065769597976626,62,0.0010115525056469407,2,2,Internal
BKR,NTRS,0.45831521124198094,62,0.0002037167596952846,2,2,Internal
BKR,NWS,0.40969812218955914,62,0.0010422760767044635,2,2,Internal
BKR,NWSA,0.4157459265024364,62,0.0008618689326833947,2,2,Internal
BKR,OKE,0.422963378938642,62,0.0006837693650646093,2,2,Internal
BKR,OXY,0.5221691290505138,62,1.5878014851669586e-05,2,2,Internal
BKR,PCAR,0.40427785836411867,62,0.001232161680108056,2,5,External
BKR,PFG,0.4824674711626287,62,8.230796148093026e-05,2,2,Internal
BKR,PKG,0.41056657437899674,62,0.0010144345344906402,2,2,Internal
BKR,PPG,0.4035864594111303,62,0.0012584978165280857,2,2,Internal
BKR,PRU,0.40752813300883156,62,0.0011148781720299802,2,2,Internal
BKR,PSX,0.5026114178555983,62,3.6636637263469085e-05,2,2,Internal
BKR,RF,0.5135573431818429,62,2.3090766891586324e-05,2,2,Internal
BKR,RTX,0.4604761540743719,62,0.00018836171567046368,2,2,Internal
BKR,SLB,0.7696885881245804,62,4.2155104628820306e-13,2,2,Internal
BKR,SYF,0.4779211449803535,62,9.812658049443497e-05,2,2,Internal
BKR,TFC,0.504486616754586,62,3.3888824048565236e-05,2,2,Internal
BKR,TPL,0.5564474588987035,62,3.2168148008852407e-06,2,2,Internal
BKR,TRGP,0.6468959170263812,62,1.7750906561355294e-08,2,2,Internal
BKR,USB,0.48998643042487194,62,6.120635561688447e-05,2,2,Internal
BKR,WAB,0.41649989554469447,62,0.0008414785761051505,2,5,External
BKR,WMB,0.48801333216845794,62,6.619815362726444e-05,2,2,Internal
BKR,XOM,0.6615135976581697,62,6.482466534554527e-09,2,2,Internal
BLDR,DHI,0.4643492991759784,62,0.00016346431177182577,5,5,Internal
BLDR,EL,-0.5487705724992067,62,4.67090963225523e-06,5,6,External
BLDR,GNRC,0.6417700897443152,62,2.495370164979524e-08,5,5,Internal
BLDR,GRMN,0.511576586693096,62,2.5132043464720656e-05,5,5,Internal
BLDR,INCY,-0.4215402621178359,62,0.0007159929731671324,5,4,External
BLDR,LEN,0.5316897657568814,62,1.0369642162455327e-05,5,5,Internal
BLDR,LLY,0.4217804648365576,62,0.0007104594618645601,5,6,External
BLDR,PHM,0.5396408410453841,62,7.192611439150043e-06,5,5,Internal
BLDR,SBUX,-0.4877916978563187,62,6.678171554062337e-05,5,6,External
BLDR,VRSK,0.595757079207485,62,4.082784186698766e-07,5,6,External
BLK,C,0.41390069952358355,62,0.0009136669132556532,2,2,Internal
BLK,JPM,0.488645160038766,62,6.456025370207669e-05,2,2,Internal
BLK,PFG,0.4046716088045895,62,0.00121738586864044,2,2,Internal
BLK,PNC,0.40338575656455145,62,0.0012662370390244466,2,2,Internal
BLK,PRU,0.4599364561672125,62,0.00019209404256343105,2,2,Internal
BLK,RF,0.40779336852518483,62,0.0011057662275764954,2,2,Internal
BLK,TROW,0.47811499154530984,62,9.739873636068657e-05,2,2,Internal
BMY,CI,0.45232183126598735,62,0.00025249116285849875,4,6,External
BMY,CMG,-0.5312951365741506,62,1.0557105422950569e-05,4,1,External
BMY,CNP,0.4095390684130122,62,0.0010474491364865616,4,4,Internal
BMY,COR,0.4100176242977236,62,0.0010319541315649925,4,6,External
BMY,DTE,0.48066372041128014,62,8.827954547303228e-05,4,4,Internal
BMY,EIX,0.41963912248906377,62,0.0007611840733872754,4,4,Internal
BMY,ES,0.4780962194148182,62,9.746900317104237e-05,4,4,Internal
BMY,EXC,0.5176105891207536,62,1.9383764305055803e-05,4,4,Internal
BMY,GILD,0.4463599347263374,62,0.00031137886094562633,4,4,Internal
BMY,HSIC,0.4801303992819537,62,9.012006452827264e-05,4,0,External
BMY,KO,0.4145390962283718,62,0.0008954367205081202,4,6,External
BMY,MRK,0.4198722159665031,62,0.0007555079016735624,4,6,External
BMY,PFE,0.4565261693332296,62,0.00021728662572248868,4,4,Internal
BMY,SO,0.4171414011869595,62,0.0008244739614323124,4,4,Internal
BMY,XYL,0.4016744836765456,62,0.0013339830910796262,4,5,External
BR,CF,0.42742344277730177,62,0.0005911036913574108,6,2,External
BR,ECL,0.6505562743493081,62,1.3863866165975737e-08,6,6,Internal
BR,HWM,0.4252747509286881,62,0.0006342218765600096,6,5,External
BR,IEX,0.4337750883089499,62,0.00047872682057316477,6,5,External
BR,LDOS,-0.46579782369107936,62,0.00015495556650444602,6,2,External
BR,MAR,0.4518902296161853,62,0.0002563853372685274,6,6,Internal
BR,OTIS,0.4412103791636543,62,0.00037204656693518126,6,5,External
BR,PNR,0.4515022915198335,62,0.0002599322821334109,6,5,External
BR,POOL,0.4337959047828139,62,0.0004783928636027438,6,5,External
BR,TAP,0.5544400358477813,62,3.5495247094081464e-06,6,6,Internal
BR,UBER,0.5663335687092578,62,1.962450315924833e-06,6,6,Internal
BRK-B,BRO,0.47974876122910254,62,9.145871611541164e-05,2,6,External
BRK-B,CB,0.4155698726891596,62,0.0008666939440989207,2,6,External
BRK-B,CTVA,0.4057278843870109,62,0.0011785324638579056,2,2,Internal
BRK-B,FISV,0.4359754618732537,62,0.0004445752004645276,2,4,External
BRK-B,GD,0.48464983092705544,62,7.558072488461482e-05,2,2,Internal
BRK-B,GL,0.4512168283266159,62,0.0002625708495439204,2,5,External
BRK-B,HON,0.4014872699483964,62,0.0013415887595958401,2,5,External
BRK-B,IFF,0.4037139987941621,62,0.0012536019539017872,2,4,External
BRK-B,JPM,0.42716205694827863,62,0.0005962030146750442,2,2,Internal
BRK-B,L,0.46299883878893394,62,0.0001717805502442547,2,5,External
BRK-B,LHX,0.4215540689325541,62,0.0007156738543600146,2,2,Internal
BRK-B,MSFT,-0.47799692689339124,62,9.784144548903795e-05,2,1,External
BRK-B,PPG,0.4724896189178364,62,0.00012067062477772493,2,2,Internal
BRK-B,RTX,0.5116761935915873,62,2.5025526148017565e-05,2,2,Internal
BRK-B,WAB,0.41484956075939977,62,0.000886690277015023,2,5,External
BRK-B,WFC,0.4361639850596856,62,0.00044175475331674155,2,2,Internal
BRO,CB,0.40575113753025965,62,0.001177689835119004,6,6,Internal
BRO,KEYS,-0.44002309098043885,62,0.00038747973313621486,6,1,External
BRO,KMB,0.5387145559909107,62,7.509372366743231e-06,6,6,Internal
BRO,MCO,0.425506901317228,62,0.000629429711523153,6,0,External
BRO,MMC,0.5305008042173989,62,1.0944036196808035e-05,6,6,Internal
BRO,MSCI,-0.4021132193080798,62,0.0013163107963858895,6,0,External
BRO,PEP,0.47468728058047954,62,0.0001110305904187963,6,6,Internal
BRO,YUM,0.4052713790605848,62,0.0011951852125685644,6,6,Internal
BSX,CBOE,0.46992559422823943,62,0.00013288615463422022,0,0,Internal
BSX,EW,0.5228547595500246,62,1.540481897581241e-05,0,0,Internal
BSX,ISRG,0.43784350493129615,62,0.00041733668904069,0,0,Internal
BSX,SYK,0.6165488832730064,62,1.2206200784759612e-07,0,0,Internal
BSX,ZBH,0.5307478201987083,62,1.0822320967515428e-05,0,0,Internal
BXP,C,0.46601865750120897,62,0.00015369464423839097,4,2,External
BXP,CAT,0.4162348698785123,62,0.0008485957198436112,4,5,External
BXP,CBRE,0.43949185381083017,62,0.00039457196741788574,4,4,Internal
BXP,CCI,0.49094363009405545,62,5.8911904515788996e-05,4,4,Internal
BXP,CFG,0.5252209425110471,62,1.3870467414876346e-05,4,2,External
BXP,CINF,0.46996772738985154,62,0.00013267657320098023,4,4,Internal
BXP,CMS,0.44584157962014354,62,0.0003170489966037756,4,4,Internal
BXP,COF,0.4256816188527489,62,0.0006258447701331536,4,2,External
BXP,CPT,0.6486318218812621,62,1.579416983052096e-08,4,4,Internal
BXP,D,0.5624140862080534,62,2.3917714944600793e-06,4,4,Internal
BXP,DOC,0.7186995004940216,62,6.92821120958584e-11,4,4,Internal
BXP,DOV,0.4853641291346734,62,7.349134785748376e-05,4,5,External
BXP,DOW,0.48035862062634854,62,8.932818196490707e-05,4,2,External
BXP,EOG,0.4001656909363639,62,0.0013963966018854983,4,2,External
BXP,EQR,0.6505103252229221,62,1.3907233317338515e-08,4,4,Internal
BXP,ESS,0.6826877781766502,62,1.360192310008041e-09,4,4,Internal
BXP,ETR,0.41601637776102035,62,0.0008545040730593738,4,4,Internal
BXP,EVRG,0.40823279334525164,62,0.00109081769052267,4,4,Internal
BXP,EXR,0.47082661775861767,62,0.00012846979961349313,4,4,Internal
BXP,FITB,0.5991945472038753,62,3.363711268302248e-07,4,2,External
BXP,FOX,0.4214038093317071,62,0.0007191537575399581,4,2,External
BXP,FOXA,0.4231052354264218,62,0.0006806303877206406,4,2,External
BXP,FRT,0.693930904806527,62,5.624596741883554e-10,4,4,Internal
BXP,GEN,0.46700908020221243,62,0.00014815438245339293,4,4,Internal
BXP,GL,0.4926586961825496,62,5.499814323895504e-05,4,5,External
BXP,GM,0.4810408030270165,62,8.699915530587229e-05,4,5,External
BXP,GOOG,-0.48020489991743776,62,8.986085495451957e-05,4,11,External
BXP,GOOGL,-0.4809886612567075,62,8.717517951330773e-05,4,11,External
BXP,HBAN,0.5436086544581984,62,5.9714473542135605e-06,4,2,External
BXP,HD,0.43934606412713517,62,0.00039653887222752896,4,5,External
BXP,HIG,0.4252236583227946,62,0.0006352809841496268,4,4,Internal
BXP,IFF,0.47639848173529536,62,0.00010402011159972355,4,4,Internal
BXP,INVH,0.48063881046202594,62,8.836473511387991e-05,4,4,Internal
BXP,IP,0.5323295933451982,62,1.0072266850994614e-05,4,2,External
BXP,IRM,0.5245893997772424,62,1.4265469586269829e-05,4,4,Internal
BXP,IVZ,0.43682188358039986,62,0.00043203907928802753,4,2,External
BXP,KEY,0.51796305028613,62,1.908900916639001e-05,4,2,External
BXP,KIM,0.6877353491093301,62,9.194821266005712e-10,4,4,Internal
BXP,KMI,0.4634877606918242,62,0.0001687259853985743,4,2,External
BXP,LNT,0.44943087963881034,62,0.00027964138349829656,4,4,Internal
BXP,MAA,0.6605247769177315,62,6.951697292703871e-09,4,4,Internal
BXP,MAS,0.4181158089850245,62,0.0007992385374907739,4,5,External
BXP,MET,0.4112075889363731,62,0.0009943164375584628,4,2,External
BXP,MHK,0.5249772089934988,62,1.4021692361234007e-05,4,5,External
BXP,MMM,0.4158185180241254,62,0.0008598865305722641,4,5,External
BXP,MNST,-0.4785375469183809,62,9.582932357715119e-05,4,6,External
BXP,MO,0.417424475547781,62,0.0008170696466133504,4,2,External
BXP,MRK,-0.4519304015946819,62,0.0002560205794422078,4,6,External
BXP,MS,0.47705077917141003,62,0.00010145663210698828,4,2,External
BXP,MTB,0.7181602554903486,62,7.268479710822202e-11,4,2,External
BXP,NDSN,0.5050364533327848,62,3.312003811831428e-05,4,5,External
BXP,NI,0.43006158135479117,62,0.000541806626957851,4,4,Internal
BXP,NTRS,0.4093541799738022,62,0.00105349151779575,4,2,External
BXP,O,0.5682550022153409,62,1.7793989969207295e-06,4,4,Internal
BXP,PAYX,0.43277730598253894,62,0.000494984733377686,4,4,Internal
BXP,PFG,0.6151955340507618,62,1.3239421623862096e-07,4,2,External
BXP,PH,0.40492924101627337,62,0.0012078044835389353,4,5,External
BXP,PKG,0.42787954278372686,62,0.0005823003491946866,4,2,External
BXP,PLD,0.48684488731140724,62,6.93284472644831e-05,4,4,Internal
BXP,PNC,0.5009148926991255,62,3.929870022344281e-05,4,2,External
BXP,PNW,0.4065027883819045,62,0.0011507424849716875,4,4,Internal
BXP,PPL,0.4307125787324885,62,0.0005302304935304267,4,4,Internal
BXP,PRU,0.6139156369918702,62,1.4291891018725628e-07,4,2,External
BXP,PSA,0.47068377985788795,62,0.00012916080920353831,4,4,Internal
BXP,REG,0.6642023189576255,62,5.353525067037629e-09,4,4,Internal
BXP,RF,0.6258385543324878,62,6.914931590464373e-08,4,2,External
BXP,SPG,0.7072781397771802,62,1.8691121749482198e-10,4,4,Internal
BXP,SRE,0.4640113087925737,62,0.0001655103302853707,4,4,Internal
BXP,SWK,0.4565474269774423,62,0.0002171206472401037,4,5,External
BXP,TFC,0.47879012162124746,62,9.490237581571794e-05,4,2,External
BXP,TRMB,0.48487366103974144,62,7.492019222840178e-05,4,5,External
BXP,TROW,0.46579103020822327,62,0.00015499450602553946,4,2,External
BXP,TXT,0.4398923969040236,62,0.000389213707230184,4,5,External
BXP,UAL,0.4096630283656284,62,0.0010434154830510718,4,2,External
BXP,UDR,0.6237286143882537,62,7.880444880077681e-08,4,4,Internal
BXP,USB,0.5851676021093375,62,7.312952939115087e-07,4,2,External
BXP,VICI,0.5335682868825,62,9.5189686196777e-06,4,4,Internal
BXP,VTR,0.5792594952794567,62,1.0033829637777265e-06,4,4,Internal
BXP,WELL,0.6078051679126955,62,2.049633741206815e-07,4,4,Internal
BXP,WY,0.4173550238112715,62,0.000818880695826959,4,4,Internal
C,CAT,0.5328795457441865,62,9.823022367525936e-06,2,5,External
C,CFG,0.44323867138787865,62,0.00034697092864052667,2,2,Internal
C,CMI,0.4768458381063797,62,0.00010225570813729917,2,5,External
C,COF,0.43592216661089167,62,0.0004453755001290532,2,2,Internal
C,CVX,0.42036390161240716,62,0.0007436599930574948,2,2,Internal
C,DAL,0.4272305278570034,62,0.0005948633883759149,2,2,Internal
C,DE,0.4240111168809953,62,0.0006608909981503581,2,5,External
C,DOV,0.46477138744534385,62,0.00016094176091935745,2,5,External
C,DVN,0.4002362928440794,62,0.0013934185520685964,2,2,Internal
C,EMR,0.5020681218717873,62,3.7470416207318805e-05,2,5,External
C,FITB,0.5835458037451308,62,7.981278281996604e-07,2,2,Internal
C,GL,0.4366337077190923,62,0.00043479797697404865,2,5,External
C,GM,0.5373105022975375,62,8.014368343484249e-06,2,5,External
C,GS,0.4959808016234367,62,4.809099572490171e-05,2,2,Internal
C,HBAN,0.549331438981984,62,4.546772850378889e-06,2,2,Internal
C,HD,0.40298158776985227,62,0.001281952038886681,2,5,External
C,HII,0.42070039535238685,62,0.0007356488178351131,2,2,Internal
C,IP,0.47791447020473204,62,9.815173140541834e-05,2,2,Internal
C,IVZ,0.4981589415576462,62,4.400695920041134e-05,2,2,Internal
C,JPM,0.6828449507678915,62,1.3438658535435255e-09,2,2,Internal
C,KEY,0.5525452284368625,62,3.892800690584747e-06,2,2,Internal
C,KMI,0.42150652607907946,62,0.0007167732606860391,2,2,Internal
C,LOW,0.4156486190871802,62,0.0008645327766698519,2,5,External
C,MET,0.46235541867307717,62,0.0001758775541695731,2,2,Internal
C,MMM,0.42383703825918717,62,0.000664643480664433,2,5,External
C,MS,0.5192384076701766,62,1.8056843557002094e-05,2,2,Internal
C,MSFT,-0.4974206682207137,62,4.5353883410492535e-05,2,1,External
C,MTB,0.4781231114554705,62,9.736835679266554e-05,2,2,Internal
C,NTRS,0.41790435090841477,62,0.0008046548292676631,2,2,Internal
C,PCAR,0.500673771692845,62,3.969123847710721e-05,2,5,External
C,PFG,0.6197598506239878,62,1.0050435492993244e-07,2,2,Internal
C,PH,0.40067448580377757,62,0.0013750624329565671,2,5,External
C,PNC,0.43666206662887885,62,0.00043438117665050516,2,2,Internal
C,PRU,0.591260317663526,62,5.242678428089964e-07,2,2,Internal
C,REG,0.4168442137866086,62,0.0008323126227440555,2,4,External
C,RF,0.5766622390219313,62,1.1508223628290776e-06,2,2,Internal
C,SLB,0.4240631004191886,62,0.0006597741545026536,2,2,Internal
C,STT,0.4436888008430793,62,0.00034161915228021425,2,2,Internal
C,SYF,0.47702284605512707,62,0.00010156520585364875,2,2,Internal
C,TEL,0.42356205481511777,62,0.000670610422424327,2,5,External
C,TFC,0.440045158134695,62,0.00038718765361504446,2,2,Internal
C,TRGP,0.46347023468102466,62,0.00016883461440786912,2,2,Internal
C,TXT,0.48161945078321555,62,8.506754624698427e-05,2,5,External
C,URI,0.4913047193403601,62,5.8067162914512885e-05,2,5,External
C,USB,0.4593380698833199,62,0.00019631128456093052,2,2,Internal
C,WAB,0.4404349871451318,62,0.0003820608313493788,2,5,External
C,WFC,0.5847521653962071,62,7.478959884549045e-07,2,2,Internal
CAG,CHD,0.42076617872833916,62,0.0007340918153348491,4,6,External
CAG,CMS,0.44220809021388785,62,0.00035951276040679155,4,4,Internal
CAG,CNP,0.41739542331345203,62,0.0008178267825794522,4,4,Internal
CAG,CPB,0.4272330027589973,62,0.0005948150183176992,4,6,External
CAG,DTE,0.41063980342782863,62,0.001012117834945293,4,4,Internal
CAG,DUK,0.45976614829761486,62,0.00019328579728152305,4,4,Internal
CAG,ED,0.4885145768618932,62,6.489567251342373e-05,4,4,Internal
CAG,EIX,0.4170931093746297,62,0.0008257431569668364,4,4,Internal
CAG,ES,0.44974125355728206,62,0.00027660388989236633,4,4,Internal
CAG,ETR,0.5092966903804999,62,2.7687978028012514e-05,4,4,Internal
CAG,EVRG,0.41835700961418504,62,0.0007931006711033632,4,4,Internal
CAG,GILD,0.42951102779946665,62,0.0005517751319338058,4,4,Internal
CAG,GIS,0.6325774987275745,62,4.525051109128742e-08,4,6,External
CAG,HSY,0.5295258153994077,62,1.1436989042204439e-05,4,6,External
CAG,JNJ,0.42228236604057884,62,0.0006990219858628157,4,4,Internal
CAG,K,0.599922463907824,62,3.227566681582962e-07,4,6,External
CAG,KMB,0.550188631172484,62,4.362983160719757e-06,4,6,External
CAG,KO,0.46285245432060473,62,0.00017270490004716023,4,6,External
CAG,LNT,0.4307404299435481,62,0.0005297402845684203,4,4,Internal
CAG,LW,0.45542697793252496,62,0.00022602885245109165,4,6,External
CAG,MDLZ,0.46249650755513827,62,0.0001749715795192617,4,6,External
CAG,PEP,0.562202055211823,62,2.4173326545394543e-06,4,6,External
CAG,PG,0.43265675868209735,62,0.0004969825168808824,4,6,External
CAG,PPL,0.4387968144885584,62,0.000404029405626531,4,4,Internal
CAG,SJM,0.699332228816137,62,3.627518021711872e-10,4,4,Internal
CAG,SYY,0.4082874911089721,62,0.0010889697572419475,4,4,Internal
CAG,WEC,0.4125924151623536,62,0.0009520771659592444,4,4,Internal
CAG,XEL,0.40845045825690035,62,0.0010834807105207054,4,4,Internal
CAH,CI,0.6605754459535372,62,6.926891279454459e-09,6,6,Internal
CAH,CNC,0.4687971831904585,62,0.0001386134643554062,6,6,Internal
CAH,COR,0.7446781019081732,62,5.982143864773523e-12,6,6,Internal
CAH,ELV,0.47331244183214316,62,0.00011697473466319869,6,6,Internal
CAH,GILD,0.45963841555004276,62,0.0001941840632560807,6,4,External
CAH,HUM,0.43536636905622855,62,0.0004537999395296629,6,6,Internal
CAH,JNJ,0.5028597884190013,62,3.626121425718836e-05,6,4,External
CAH,MCHP,-0.4055390934902418,62,0.0011853938297791693,6,1,External
CAH,MCK,0.6570552283749107,62,8.865409332215219e-09,6,6,Internal
CAH,MOH,0.4699178907244459,62,0.0001329245067265855,6,6,Internal
CAH,MRK,0.5581648508530656,62,2.955533360065794e-06,6,6,Internal
CAH,UNH,0.4792841679229362,62,9.311302684636918e-05,6,6,Internal
CAH,VRTX,0.5326483142873671,62,9.927111649622864e-06,6,6,Internal
CARR,CAT,0.503707336953076,62,3.500672461194196e-05,5,5,Internal
CARR,CMI,0.4299419997387185,62,0.0005439578112685932,5,5,Internal
CARR,DE,0.4603460997006457,62,0.00018925499559561924,5,5,Internal
CARR,DOV,0.5211380827370755,62,1.6615061932019777e-05,5,5,Internal
CARR,ETN,0.45911798197940196,62,0.0001978835906590531,5,5,Internal
CARR,GD,0.4051872443017742,62,0.0011982773518863317,5,2,External
CARR,GL,0.4786423794483503,62,9.54435826451557e-05,5,5,Internal
CARR,GWW,0.42453040651848634,62,0.0006498107775990916,5,5,Internal
CARR,HON,0.41086627389122043,62,0.001004983294557957,5,5,Internal
CARR,HUBB,0.4067203301351017,62,0.0011430476882435341,5,5,Internal
CARR,HWM,0.46641596569908406,62,0.00015144974420475382,5,5,Internal
CARR,IEX,0.41764590130528106,62,0.0008113198079431721,5,5,Internal
CARR,IR,0.5520856385562164,62,3.980609569808833e-06,5,5,Internal
CARR,ITW,0.4142503971715828,62,0.0009036398001914515,5,5,Internal
CARR,JCI,0.6795945415602782,62,1.7224953218555897e-09,5,5,Internal
CARR,MAS,0.4992103622065627,62,4.215242661380028e-05,5,5,Internal
CARR,MHK,0.41288434860202516,62,0.0009433821242029904,5,5,Internal
CARR,MLM,0.42699641047001835,62,0.0005994551908554254,5,7,External
CARR,NDSN,0.5020745750708501,62,3.7460410568040615e-05,5,5,Internal
CARR,NUE,0.4163386898981516,62,0.0008458012270133573,5,5,Internal
CARR,OTIS,0.550290067543635,62,4.3416990238882435e-06,5,5,Internal
CARR,PCAR,0.501241051386068,62,3.8773431603066684e-05,5,5,Internal
CARR,PH,0.5406325357424077,62,6.8673041773903175e-06,5,5,Internal
CARR,PNR,0.41345517576104585,62,0.0009265871591133885,5,5,Internal
CARR,ROK,0.4447776026586616,62,0.00032898352966483004,5,5,Internal
CARR,SNA,0.5443313379624112,62,5.770995171548852e-06,5,5,Internal
CARR,TDY,0.40736487724877174,62,0.001120520254128774,5,5,Internal
CARR,TEL,0.4873460453699586,62,6.796949357335509e-05,5,5,Internal
CARR,TT,0.5196018361181725,62,1.777234048658126e-05,5,5,Internal
CARR,TXT,0.5549082678280794,62,3.469165217337939e-06,5,5,Internal
CARR,WAB,0.49655513311391425,62,4.6981434649813066e-05,5,5,Internal
CAT,CF,0.5765487549341531,62,1.1577058196606774e-06,5,2,External
CAT,CFG,0.40969292863455953,62,0.0010424446273652576,5,2,External
CAT,CMI,0.6980848084292612,62,4.017651370807716e-10,5,5,Internal
CAT,CTRA,0.4812955042161562,62,8.614400686582764e-05,5,2,External
CAT,CTVA,0.4630705724374021,62,0.0001713292422447827,5,2,External
CAT,CVX,0.4440748138720837,62,0.0003370897116552923,5,2,External
CAT,DD,0.5161881711778114,62,2.061671840249459e-05,5,2,External
CAT,DE,0.7471557752886626,62,4.663827585393436e-12,5,5,Internal
CAT,DOV,0.7277711901072899,62,3.040630190884548e-11,5,5,Internal
CAT,DOW,0.655552293329529,62,9.84063075829665e-09,5,2,External
CAT,DVN,0.47676557677650305,62,0.00010257022480161102,5,2,External
CAT,EMR,0.6975227151037576,62,4.206189162208468e-10,5,5,Internal
CAT,EOG,0.4643415868015635,62,0.0001635107389015374,5,2,External
CAT,ETN,0.4996023036094807,62,4.14797839119893e-05,5,5,Internal
CAT,FCX,0.41174452988225735,62,0.000977742368529716,5,2,External
CAT,FITB,0.4561356270672919,62,0.00022035667983030279,5,2,External
CAT,FRT,0.417357516057923,62,0.0008188156443769192,5,4,External
CAT,FTV,0.49017705967417735,62,6.0742940803345936e-05,5,5,Internal
CAT,GD,0.4195069640409861,62,0.0007644194336794277,5,2,External
CAT,GL,0.5524045801328539,62,3.919478957322492e-06,5,5,Internal
CAT,GM,0.5655172039125166,62,2.0454345858948525e-06,5,5,Internal
CAT,GOOG,-0.47337370855142946,62,0.00011670374442227183,5,11,External
CAT,GOOGL,-0.47603667912720743,62,0.00010546750651217676,5,11,External
CAT,GPC,0.4305809502787329,62,0.0005325528610125551,5,5,Internal
CAT,GS,0.4378216019664229,62,0.00041764706494082203,5,2,External
CAT,GWW,0.45413514560785473,62,0.00023671362575426445,5,5,Internal
CAT,HAL,0.5471498740143456,62,5.04761727735196e-06,5,2,External
CAT,HBAN,0.4079788918173844,62,0.001099432657409351,5,2,External
CAT,HD,0.433090369892095,62,0.0004898304687211656,5,5,Internal
CAT,HII,0.457461246545896,62,0.00021009427017483026,5,2,External
CAT,HON,0.40832413400178413,62,0.0010877333756697382,5,5,Internal
CAT,HPQ,0.40422456290082653,62,0.0012341739836917562,5,5,Internal
CAT,HWM,0.4645065148369699,62,0.000162520530498763,5,5,Internal
CAT,IEX,0.6884254753889809,62,8.710181117241443e-10,5,5,Internal
CAT,IP,0.6391783600648443,62,2.9572055743581018e-08,5,2,External
CAT,IR,0.5043625933375903,62,3.406450094686764e-05,5,5,Internal
CAT,IRM,0.4199699455348659,62,0.0007531394539835412,5,4,External
CAT,ITW,0.5607218687230583,62,2.6030168541760984e-06,5,5,Internal
CAT,IVZ,0.5145616460836873,62,2.2115531715249213e-05,5,2,External
CAT,JCI,0.5659880243061363,62,1.9971832025041345e-06,5,5,Internal
CAT,KEY,0.42123547298448255,62,0.0007230704858818235,5,2,External
CAT,KMI,0.492006911018056,62,5.645634101862405e-05,5,2,External
CAT,LKQ,0.5608536764281327,62,2.58595649271878e-06,5,5,Internal
CAT,LOW,0.4494667738943248,62,0.0002792885519483067,5,5,Internal
CAT,LULU,0.4323011764922853,62,0.0005029181757161761,5,5,Internal
CAT,LUV,0.41663324003508123,62,0.0008379181024967581,5,2,External
CAT,LYB,0.5627470250133493,62,2.3521438101712538e-06,5,2,External
CAT,MAS,0.6368716245818768,62,3.4351072449503164e-08,5,5,Internal
CAT,MET,0.4808941379304078,62,8.74951144511534e-05,5,2,External
CAT,META,-0.5183231505511593,62,1.8792163681690166e-05,5,6,External
CAT,MHK,0.6090768933124225,62,1.9026503149685076e-07,5,5,Internal
CAT,MMM,0.6644249408558232,62,5.26891720796608e-09,5,5,Internal
CAT,MO,0.4211417163367235,62,0.0007252603074871108,5,2,External
CAT,MOS,0.6094842766411122,62,1.8577038526411037e-07,5,2,External
CAT,MPC,0.5276282038819963,62,1.2456127785151771e-05,5,2,External
CAT,MS,0.45866034991060367,62,0.00020118986722574082,5,2,External
CAT,MSFT,-0.4177493815676218,62,0.0008086452604180235,5,1,External
CAT,NDSN,0.549974938845062,62,4.408140649344168e-06,5,5,Internal
CAT,NUE,0.5866164317151951,62,6.760658892826039e-07,5,5,Internal
CAT,OTIS,0.6021890022627122,62,2.836076331725421e-07,5,5,Internal
CAT,PCAR,0.6865175309709406,62,1.0113086485405747e-09,5,5,Internal
CAT,PFG,0.5555862474714651,62,3.355814586020441e-06,5,2,External
CAT,PH,0.644395725669617,62,2.0975535245970334e-08,5,5,Internal
CAT,POOL,0.4280488733133064,62,0.0005790624258050982,5,5,Internal
CAT,PPG,0.456309912660834,62,0.00021898175243845728,5,2,External
CAT,PRU,0.4787131740288014,62,9.518389583027866e-05,5,2,External
CAT,PSX,0.6130715894523744,62,1.5028543473395229e-07,5,2,External
CAT,RF,0.4346927950904329,62,0.00046420357386506647,5,2,External
CAT,RJF,0.5662502511546564,62,1.9707730151536597e-06,5,2,External
CAT,RL,0.5468609264750405,62,5.117684683365919e-06,5,5,Internal
CAT,ROK,0.5010043168459676,62,3.915403470353425e-05,5,5,Internal
CAT,RTX,0.41049377312444546,62,0.0010167424383987866,5,2,External
CAT,SLB,0.5484325564342589,62,4.74724218238178e-06,5,2,External
CAT,SNA,0.45224524359856494,62,0.00025317821598957226,5,5,Internal
CAT,SWK,0.6013671892007894,62,2.9725552545527256e-07,5,5,Internal
CAT,SYF,0.4911657434383173,62,5.8390955297952724e-05,5,2,External
CAT,TEL,0.5920474014795307,62,5.019541279969289e-07,5,5,Internal
CAT,TMUS,-0.4145604780526217,62,0.0008948318609401855,5,6,External
CAT,TPL,0.5493477233206258,62,4.543215038585563e-06,5,2,External
CAT,TRGP,0.5429679880329611,62,6.1545577289555805e-06,5,2,External
CAT,TRMB,0.5511072844830396,62,4.173725154500337e-06,5,5,Internal
CAT,TXT,0.6980888666269413,62,4.016319829946221e-10,5,5,Internal
CAT,URI,0.7860455138906312,62,6.169304918439641e-14,5,5,Internal
CAT,VLO,0.5242560850020611,62,1.4478131054424528e-05,5,2,External
CAT,VTR,0.439768730533934,62,0.00039086094202445007,5,4,External
CAT,WAB,0.7113635996430949,62,1.3177625783206748e-10,5,5,Internal
CAT,WFC,0.43126712993851973,62,0.00052054695306101,5,2,External
CAT,WMB,0.43705571748851263,62,0.0004286329617678929,5,2,External
CB,CINF,0.5784590777698445,62,1.0468172518803735e-06,6,4,External
CB,EG,0.6731558418204849,62,2.790724443263029e-09,6,6,Internal
CB,GD,0.4201179449679759,62,0.000749565515247647,6,2,External
CB,GL,0.5041386359962379,62,3.4383868173775464e-05,6,5,External
CB,HIG,0.6814584302057005,62,1.4945440146976834e-09,6,4,External
CB,HWM,0.4032188069897574,62,0.0012727072943051955,6,5,External
CB,KO,0.42070531055714205,62,0.0007355323784661587,6,6,Internal
CB,L,0.46989007966959456,62,0.00013306304932857063,6,5,External
CB,PPG,0.435292851344967,62,0.00045492505673695705,6,2,External
CB,RTX,0.432537324193592,62,0.0004989690773895763,6,2,External
CB,TRV,0.6887972749210727,62,8.459239389713963e-10,6,0,External
CB,WM,0.4277586734199727,62,0.0005846216357768209,6,6,Internal
CB,WRB,0.5077099330101811,62,2.9606672171829638e-05,6,2,External
CBOE,CME,0.46662735489447427,62,0.00015026762894122163,0,0,Internal
CBOE,EW,0.46440546480465467,62,0.00016312656878835621,0,0,Internal
CBOE,ICE,0.4278120141008866,62,0.0005835961997260775,0,0,Internal
CBOE,MRK,0.40803268406416254,62,0.0010976023677973135,0,6,External
CBOE,PG,0.4126045000406107,62,0.0009517157962062503,0,6,External
CBOE,SYK,0.4964474011058383,62,4.718774540485834e-05,0,0,Internal
CBOE,ZBH,0.5485122717233708,62,4.729136330570725e-06,0,0,Internal
CBRE,CHRW,0.4352084837330891,62,0.0004562193451875373,4,5,External
CBRE,CMCSA,0.5624908417869607,62,2.382580771341483e-06,4,6,External
CBRE,EFX,0.40408707331380234,62,0.0012393789048319205,4,5,External
CBRE,FRT,0.5390735048147819,62,7.385112155053503e-06,4,4,Internal
CBRE,FTNT,-0.45667140911563453,62,0.00021615490972114233,4,0,External
CBRE,GL,0.4497134066784675,62,0.00027687518011965313,4,5,External
CBRE,GWW,0.4814717983033053,62,8.555664436640093e-05,4,5,External
CBRE,HAS,0.5841657718118746,62,7.719304787463309e-07,4,6,External
CBRE,HON,0.5354372124641912,62,8.737448122002684e-06,4,5,External
CBRE,IR,0.509150237602127,62,2.786012058990894e-05,4,5,External
CBRE,IRM,0.40286880040295336,62,0.001286368653050023,4,4,Internal
CBRE,ITW,0.47025520025912604,62,0.00013125468370052588,4,5,External
CBRE,KIM,0.4906901662164991,62,5.951161919056021e-05,4,4,Internal
CBRE,MAA,0.4512520470305661,62,0.00026224400184583074,4,4,Internal
CBRE,MAS,0.4629503460949913,62,0.00017208625582566749,4,5,External
CBRE,MHK,0.4033309479291508,62,0.0012683579195318178,4,5,External
CBRE,MLM,0.40684829071618517,62,0.001138543189606948,4,7,External
CBRE,MTB,0.40788665199226604,62,0.0011025775318632034,4,2,External
CBRE,NDSN,0.40964234833366314,62,0.001044087436177136,4,5,External
CBRE,OTIS,0.573872934080974,62,1.3316329289053583e-06,4,5,External
CBRE,PANW,-0.41605223831065213,62,0.0008535318084424249,4,0,External
CBRE,PH,0.4444772852871129,62,0.00033242548874789536,4,5,External
CBRE,PNR,0.7127793805033587,62,1.1657980925693596e-10,4,5,External
CBRE,REG,0.4714778742890641,62,0.00012536200468357564,4,4,Internal
CBRE,ROK,0.4176607444603869,62,0.0008109356817278575,4,5,External
CBRE,ROP,0.4099081609035044,62,0.0010354800699744384,4,6,External
CBRE,SPG,0.5325857998205474,62,9.955428321487258e-06,4,4,Internal
CBRE,SWK,0.5211668771204528,62,1.6594054231736144e-05,4,5,External
CBRE,VTR,0.47997968754154274,62,9.064653950994782e-05,4,4,Internal
CBRE,WELL,0.4831211016814813,62,8.023745075598607e-05,4,4,Internal
CBRE,WTW,-0.4039361582827262,62,0.001245114795165908,4,0,External
CCI,CMS,0.4058687382443527,62,0.0011734366150750698,4,4,Internal
CCI,D,0.42341893516395174,62,0.0006737351720097647,4,4,Internal
CCI,DOC,0.41141437221263966,62,0.0009879037723701742,4,4,Internal
CCI,DUK,0.4189321309865234,62,0.0007786370562449504,4,4,Internal
CCI,EQIX,0.41395284182028047,62,0.0009121654595141673,4,4,Internal
CCI,ESS,0.45816971664747047,62,0.0002047906555477681,4,4,Internal
CCI,EVRG,0.4127158664657306,62,0.000948391466611773,4,4,Internal
CCI,EXR,0.466013020554208,62,0.00015372671287163778,4,4,Internal
CCI,FRT,0.4460297677246211,62,0.00031497966652397626,4,4,Internal
CCI,KIM,0.416302058321152,62,0.0008467862777501667,4,4,Internal
CCI,LNT,0.4191861960249714,62,0.0007723239175585785,4,4,Internal
CCI,NI,0.5150049863622034,62,2.1697291196278844e-05,4,4,Internal
CCI,O,0.4182182560083637,62,0.0007966263270398719,4,4,Internal
CCI,PLD,0.4420211965093846,62,0.0003618309368884124,4,4,Internal
CCI,PSA,0.42878057897905053,62,0.0005652577088449629,4,4,Internal
CCI,SBAC,0.6903133776399429,62,7.50525921596305e-10,4,4,Internal
CCI,SPG,0.4025452410119182,62,0.0012991148617875338,4,4,Internal
CCI,SRE,0.4972116887182706,62,4.574200763975748e-05,4,4,Internal
CCI,USB,0.4024571842972416,62,0.0013026033422360262,4,2,External
CCL,DAL,0.48683137869546805,62,6.936542171304827e-05,7,2,External
CCL,GIS,-0.46416681426001005,62,0.00016456608378574093,7,6,External
CCL,HSY,-0.43458013766711084,62,0.0004659646218774122,7,6,External
CCL,NCLH,0.7848108076282853,62,7.173757364309911e-14,7,7,Internal
CCL,RCL,0.5313703451692251,62,1.0521137298994713e-05,7,7,Internal
CDNS,CPRT,0.4428842137724262,62,0.0003512388590663615,1,1,Internal
CDNS,DLTR,-0.5147822753496605,62,2.1906468106897022e-05,1,9,External
CDNS,FISV,-0.5829132330542656,62,8.257155451687589e-07,1,4,External
CDNS,FRT,-0.4371891248219183,62,0.00042670065635349566,1,4,External
CDNS,KMI,-0.4175447068893102,62,0.0008139430050548871,1,2,External
CDNS,LHX,-0.5882874679610847,62,6.172322138603933e-07,1,2,External
CDNS,LRCX,0.414153202346259,62,0.0009064167154202639,1,1,Internal
CDNS,MMM,-0.41160966821901873,62,0.0009818816187830742,1,5,External
CDNS,MPWR,0.5941182581062996,62,4.4743017194274673e-07,1,1,Internal
CDNS,NOW,0.5319159264843349,62,1.0263607851071496e-05,1,1,Internal
CDNS,NVDA,0.7225291374648874,62,4.913009810581429e-11,1,1,Internal
CDNS,ORCL,0.4077567428835777,62,0.0011070204659500314,1,1,Internal
CDNS,PM,-0.5299854632375545,62,1.1202075192110636e-05,1,2,External
CDNS,PODD,-0.5192820340905415,62,1.8022469641334825e-05,1,0,External
CDNS,PPL,-0.416396942393856,62,0.0008442369053644262,1,4,External
CDNS,REG,-0.5146446773382953,62,2.2036636971442504e-05,1,4,External
CDNS,SNPS,0.8996963001760225,62,6.590989621509181e-23,1,1,Internal
CDNS,TRGP,-0.42042002112394333,62,0.000742318451541977,1,2,External
CDNS,UDR,-0.4036706255079209,62,0.0012552650014853312,1,4,External
CDW,CSCO,0.5692852991852847,62,1.6879516614194612e-06,1,1,Internal
CDW,FFIV,0.49729292986520396,62,4.559076063216178e-05,1,1,Internal
CDW,HPE,0.5229666833610882,62,1.5328828240724424e-05,1,1,Internal
CDW,HPQ,0.4231655416392038,62,0.0006792998986070817,1,5,External
CDW,ISRG,-0.7477888931153925,62,4.374377250982771e-12,1,0,External
CDW,IT,0.42716390528661197,62,0.0005961668162342096,1,1,Internal
CDW,TDY,0.40760717656422096,62,0.001112155648674164,1,5,External
CDW,TRV,-0.5095794139622282,62,2.735844358192423e-05,1,0,External
CDW,UAL,-0.40881036096648804,62,0.001071446710209719,1,2,External
CEG,DG,-0.5480850729607444,62,4.826924450283741e-06,8,9,External
CEG,MTCH,0.42608651563995065,62,0.0006176079171458301,8,8,Internal
CF,CMI,0.4117226670118321,62,0.0009784123253022648,2,5,External
CF,CTRA,0.516782318441465,62,2.009312374230398e-05,2,2,Internal
CF,CTVA,0.5812574091964717,62,9.022233670488926e-07,2,2,Internal
CF,DE,0.43421330378842526,62,0.0004717410802709319,2,5,External
CF,DOV,0.45466423750867624,62,0.00023228289113531235,2,5,External
CF,DOW,0.49319039522156144,62,5.3834430064253605e-05,2,2,Internal
CF,HII,0.4426134393808685,62,0.0003545313435806269,2,2,Internal
CF,HWM,0.40960456114022553,62,0.001045316257221829,2,5,External
CF,IP,0.43997262308319085,62,0.0003881484771599882,2,2,Internal
CF,LH,0.4741536943687265,62,0.00011330380305047254,2,0,External
CF,LKQ,0.41456543746494723,62,0.0008946916193582397,2,5,External
CF,MAS,0.4366764187498689,62,0.0004341703772506146,2,5,External
CF,MET,0.4463761754056989,62,0.00031120271240351916,2,2,Internal
CF,MHK,0.5314566004948169,62,1.0480026444281465e-05,2,5,External
CF,MOS,0.8304636324247747,62,1.2618625731269308e-16,2,2,Internal
CF,PFG,0.4277055458789738,62,0.0005856445982106197,2,2,Internal
CF,PKG,0.4110658750051632,62,0.0009987328561445407,2,2,Internal
CF,POOL,0.4632812489594034,62,0.00017001005565596753,2,5,External
CF,RL,0.4234831926403521,62,0.0006723306030541403,2,5,External
CF,TAP,0.40104996424205797,62,0.0013595066029047454,2,6,External
CF,TEL,0.4624867701095986,62,0.00017503396902255244,2,5,External
CF,TPL,0.533456576074228,62,9.567682385042432e-06,2,2,Internal
CF,TSCO,0.4096139738602404,62,0.0010450100383238,2,5,External
CF,TXT,0.5462517301105165,62,5.268392045114422e-06,2,5,External
CF,URI,0.4197171628349767,62,0.0007592793948754667,2,5,External
CFG,CMI,0.4565879516826977,62,0.0002168045538033106,2,5,External
CFG,COF,0.591575286713841,62,5.152290092297107e-07,2,2,Internal
CFG,CTAS,-0.41884146257582555,62,0.0007809013043616608,2,6,External
CFG,DD,0.4460517362305708,62,0.00031473890370944637,2,2,Internal
CFG,DOC,0.44096750299398507,62,0.00037515732456056954,2,4,External
CFG,FITB,0.7652366002818375,62,6.922390115320487e-13,2,2,Internal
CFG,FOX,0.4347530885602826,62,0.0004632635600458175,2,2,Internal
CFG,FOXA,0.4498264588299392,62,0.0002757753082987002,2,2,Internal
CFG,FRT,0.43067246213227006,62,0.0005309373091910171,2,4,External
CFG,GL,0.47788439367632807,62,9.826513492030084e-05,2,5,External
CFG,GPN,0.48651424245677255,62,7.023869361789497e-05,2,2,Internal
CFG,HAL,0.4058808947358574,62,0.0011729977453272722,2,2,Internal
CFG,HBAN,0.7781604371349127,62,1.5899145953036839e-13,2,2,Internal
CFG,HD,0.4141003987585022,62,0.0009079285732825461,2,5,External
CFG,HIG,0.4052880034667046,62,0.001194575078978854,2,4,External
CFG,IVZ,0.6022990007004376,62,2.8182625258922056e-07,2,2,Internal
CFG,JCI,0.44083187475922525,62,0.00037690473749504323,2,5,External
CFG,KEY,0.8455504244159543,62,1.0107923789131148e-17,2,2,Internal
CFG,KIM,0.4699795665439216,62,0.0001326177367522911,2,4,External
CFG,LDOS,0.402516455594612,62,0.0013002543081163602,2,2,Internal
CFG,MET,0.5132892847438868,62,2.3357723819862436e-05,2,2,Internal
CFG,MHK,0.4448505927317475,62,0.0003281519071927574,2,5,External
CFG,MS,0.5920551440543789,62,5.017391240788772e-07,2,2,Internal
CFG,MTB,0.7586666713602258,62,1.4113748948586967e-12,2,2,Internal
CFG,ORCL,-0.4633887838892411,62,0.00016934030077581994,2,1,External
CFG,PCAR,0.49577790156641943,62,4.848873096767304e-05,2,5,External
CFG,PFG,0.615292013930312,62,1.3163118988455756e-07,2,2,Internal
CFG,PH,0.4474850692156869,62,0.0002993882297586975,2,5,External
CFG,PM,0.4386310432147699,62,0.00040631531468651245,2,2,Internal
CFG,PNC,0.7495219894685237,62,3.6671040871073545e-12,2,2,Internal
CFG,PRU,0.6029954059949584,62,2.707901263982461e-07,2,2,Internal
CFG,RF,0.7904522741069132,62,3.571644347973767e-14,2,2,Internal
CFG,RJF,0.4530435416913785,62,0.00024609997919162774,2,2,Internal
CFG,SCHW,0.5817896378620754,62,8.769352041299476e-07,2,2,Internal
CFG,SLB,0.42833229911699916,62,0.0005736793031635455,2,2,Internal
CFG,SYF,0.597879151763199,62,3.6235252739710934e-07,2,2,Internal
CFG,TFC,0.7416007766366868,62,8.11763856645279e-12,2,2,Internal
CFG,URI,0.473697502634736,62,0.00011528111555474964,2,5,External
CFG,USB,0.8110065661145726,62,2.3218636269766846e-15,2,2,Internal
CFG,WELL,0.4248543947088203,62,0.0006429832840370445,2,4,External
CFG,WFC,0.5834191647032689,62,8.03580638948336e-07,2,2,Internal
CHD,CL,0.4064124131528158,62,0.0011539528884385042,6,6,Internal
CHD,CLX,0.4875076112127737,62,6.753664770635117e-05,6,6,Internal
CHD,CMCSA,0.5310437040286811,62,1.0678183597034143e-05,6,6,Internal
CHD,CMS,0.40972445866894075,62,0.001041421735587635,6,4,External
CHD,CNP,0.4187289434675408,62,0.0007837195042249942,6,4,External
CHD,DUK,0.4259866838540297,62,0.0006196296266383647,6,4,External
CHD,ETR,0.4220353229799757,62,0.0007046306813419622,6,4,External
CHD,GIS,0.40335528054297043,62,0.0012674159482585743,6,6,Internal
CHD,HAS,0.46068959285796357,62,0.0001869040707772443,6,6,Internal
CHD,HSY,0.6608905988745797,62,6.774473704667272e-09,6,6,Internal
CHD,IQV,-0.40972000438572864,62,0.00104156618575594,6,0,External
CHD,JBL,-0.4276262196317587,62,0.0005871750339309759,6,1,External
CHD,K,0.47518994817107535,62,0.00010892750647883132,6,6,Internal
CHD,KMB,0.6035288313365271,62,2.62613063134968e-07,6,6,Internal
CHD,LW,0.41378969950269795,62,0.0009168706254473742,6,6,Internal
CHD,MDLZ,0.5022546152644624,62,3.71822533961612e-05,6,6,Internal
CHD,MOH,0.4357389743174206,62,0.00044813637593523825,6,6,Internal
CHD,MRK,0.48209462160657396,62,8.351095740770482e-05,6,6,Internal
CHD,NEE,0.4011734407968629,62,0.001354425706434492,6,4,External
CHD,PEP,0.48162347146655643,62,8.505426381547857e-05,6,6,Internal
CHD,PG,0.5270004315486544,62,1.281144338558594e-05,6,6,Internal
CHD,PPL,0.4023605401964685,62,0.0013064417142633687,6,4,External
CHD,RJF,-0.46827876076770497,62,0.00014131992265211765,6,2,External
CHD,ROL,0.5585926394961948,62,2.8936082526763757e-06,6,6,Internal
CHD,ROP,0.5143629164321615,62,2.230542540410487e-05,6,6,Internal
CHD,SJM,0.4189424004092568,62,0.0007783809741722101,6,4,External
CHD,VRTX,0.5369636461200331,62,8.143901632634139e-06,6,6,Internal
CHRW,DOV,0.6041864150034948,62,2.5285224556715164e-07,5,5,Internal
CHRW,EPAM,0.41947583386375675,62,0.0007651833365108855,5,7,External
CHRW,EXPD,0.6168548641677571,62,1.198337034390989e-07,5,5,Internal
CHRW,GPC,0.4847927944610592,62,7.515821718395653e-05,5,5,Internal
CHRW,HAS,0.4098869632921913,62,0.0010361641225069408,5,6,External
CHRW,HD,0.4144632051717978,62,0.0008975865454690514,5,5,Internal
CHRW,HON,0.565320375894018,62,2.0659276402522556e-06,5,5,Internal
CHRW,IR,0.4401557654946554,62,0.00038572667869085723,5,5,Internal
CHRW,ITW,0.4611309263645216,62,0.00018392275747441806,5,5,Internal
CHRW,JBHT,0.6411318815178162,62,2.6023110907429327e-08,5,5,Internal
CHRW,LKQ,0.4314790846201431,62,0.0005168884224868419,5,5,Internal
CHRW,MHK,0.41533587274934247,62,0.0008731448143905945,5,5,Internal
CHRW,MMM,0.41718149734489063,62,0.0008234215021826975,5,5,Internal
CHRW,NDSN,0.5171256168453251,62,1.979623951029963e-05,5,5,Internal
CHRW,NKE,0.4789060647653913,62,9.447963290488341e-05,5,5,Internal
CHRW,ODFL,0.4915705144990172,62,5.7452509396413626e-05,5,5,Internal
CHRW,OTIS,0.540650648544135,62,6.861492114865504e-06,5,5,Internal
CHRW,PNR,0.5716529871129691,62,1.4941993715718014e-06,5,5,Internal
CHRW,ROP,0.4061514273200587,62,0.0011632692151767729,5,6,External
CHRW,SNA,0.4196398654850714,62,0.0007611659192245427,5,5,Internal
CHRW,SWK,0.54935760151259,62,4.541058111211191e-06,5,5,Internal
CHRW,UNP,0.4002059666335685,62,0.0013946970383207293,5,5,Internal
CHRW,UPS,0.4182599931018077,62,0.0007955643225045429,5,0,External
CHRW,VTR,0.4537918411543114,62,0.00023962971005427717,5,4,External
CHRW,WAB,0.4583282828082678,62,0.0002036205311328805,5,5,Internal
CHTR,CMCSA,0.6926334515253731,62,6.240670063459654e-10,6,6,Internal
CHTR,CPT,0.4319710603793559,62,0.0005084862852691361,6,4,External
CHTR,DOC,0.519013295367582,62,1.8235181723303717e-05,6,4,External
CHTR,ESS,0.44086560502026134,62,0.000376469471172714,6,4,External
CHTR,FRT,0.42476685045155843,62,0.0006448216913091785,6,4,External
CHTR,HAS,0.4696280277531041,62,0.0001343750004589638,6,6,Internal
CHTR,MHK,0.5667257474322419,62,1.9237148241754395e-06,6,5,External
CHTR,SWK,0.4748046275634559,62,0.00011053631752913807,6,5,External
CHTR,VZ,0.46370583922517294,62,0.00016737964510478003,6,6,Internal
CI,CNC,0.6189742347134074,62,1.0541958160486766e-07,6,6,Internal
CI,COR,0.5106241976915206,62,2.6171926184389268e-05,6,6,Internal
CI,CVS,0.643096036488577,62,2.286319426555961e-08,6,6,Internal
CI,DVN,0.4680019006090994,62,0.0001427850647866849,6,2,External
CI,ELV,0.6236408196356039,62,7.923252527834948e-08,6,6,Internal
CI,EPAM,-0.41894034812253533,62,0.0007784321446532186,6,7,External
CI,FANG,0.44568959246191536,62,0.0003187292983929334,6,2,External
CI,HUM,0.5234270629598946,62,1.5019898825782876e-05,6,6,Internal
CI,LYV,0.4233876350312397,62,0.0006744203063747136,6,6,Internal
CI,MCK,0.5108868968065727,62,2.5881183110353488e-05,6,6,Internal
CI,MOH,0.555867513904618,62,3.3098129465502095e-06,6,6,Internal
CI,MPC,0.40873737076084743,62,0.0010738774893380605,6,2,External
CI,MPWR,-0.4066105927555548,62,0.0011469234635671616,6,1,External
CI,PGR,0.4311844016547981,62,0.0005219812853065547,6,2,External
CI,SNPS,-0.4140346591752567,62,0.0009098139920837424,6,1,External
CI,UNH,0.6031903674844759,62,2.6777411928998584e-07,6,6,Internal
CINF,CPT,0.5658510942613002,62,2.011105338362984e-06,4,4,Internal
CINF,CTRA,0.4915317281316846,62,5.7541827607052744e-05,4,2,External
CINF,DD,0.4006532743268216,62,0.0013759459637797057,4,2,External
CINF,DOC,0.5391707499551976,62,7.351779193375892e-06,4,4,Internal
CINF,DOV,0.4688387764750487,62,0.0001383983979643163,4,5,External
CINF,DOW,0.4500928554764787,62,0.00027319931895788307,4,2,External
CINF,EG,0.4154292725602696,62,0.000870564802695819,4,6,External
CINF,EOG,0.4581778972756763,62,0.0002047301371656563,4,2,External
CINF,EQR,0.40502635739768444,62,0.0012042103555844291,4,4,Internal
CINF,ESS,0.5013821656654345,62,3.854818914524201e-05,4,4,Internal
CINF,ETR,0.4182784516255302,62,0.000795095051830226,4,4,Internal
CINF,FRT,0.47436347866792117,62,0.00011240501636358809,4,4,Internal
CINF,GD,0.40336567698909687,62,0.0012670136698487552,4,2,External
CINF,GL,0.6045732592952214,62,2.4727063495591246e-07,4,5,External
CINF,GRMN,0.5076502569218763,62,2.9681177847131667e-05,4,5,External
CINF,HAL,0.4261113210511143,62,0.000617106506979154,4,2,External
CINF,HIG,0.708127224828559,62,1.7390009035693335e-10,4,4,Internal
CINF,IFF,0.4573126966768393,62,0.00021122212690899417,4,4,Internal
CINF,IP,0.45009198455838734,62,0.0002732077046093552,4,2,External
CINF,IRM,0.4416527663655399,62,0.00036644075693904844,4,4,Internal
CINF,L,0.5070314188405467,62,3.0464096069912867e-05,4,5,External
CINF,LNT,0.4022278441873697,62,0.0013117285085578556,4,4,Internal
CINF,LYB,0.42618954251616004,62,0.0006155277736782667,4,2,External
CINF,MAA,0.4567839208011712,62,0.0002152819210945498,4,4,Internal
CINF,MAS,0.4003888755356358,62,0.0013870019605723444,4,5,External
CINF,MHK,0.44734859696303075,62,0.00030081983008859093,4,5,External
CINF,PAYX,0.46717960224569777,62,0.0001472192014870644,4,4,Internal
CINF,PEG,0.4141912684360384,62,0.0009053282276864815,4,4,Internal
CINF,PKG,0.4105292571237287,62,0.0010156169541586924,4,2,External
CINF,PPG,0.42484927273495765,62,0.0006430907132685832,4,2,External
CINF,PRU,0.4514609658776086,62,0.00026031275449868717,4,2,External
CINF,PSA,0.42631650673388155,62,0.0006129730635052628,4,4,Internal
CINF,PSX,0.40667916522449526,62,0.001144500192741139,4,2,External
CINF,REG,0.42864416959930063,62,0.0005678084106772351,4,4,Internal
CINF,SHW,0.4216702498979327,62,0.000712993642191475,4,5,External
CINF,SPG,0.40691977456833356,62,0.0011360337626624098,4,4,Internal
CINF,TRV,0.5431630147204098,62,6.0982700891970876e-06,4,0,External
CINF,TXT,0.4529394043430959,62,0.00024701296019426645,4,5,External
CINF,VTR,0.4379891208260742,62,0.00041527856802669154,4,4,Internal
CINF,WAB,0.4524845593502794,62,0.00025103701098787485,4,5,External
CINF,WRB,0.40937953578184805,62,0.0010526610044628599,4,2,External
CL,CLX,0.4680727317636683,62,0.00014240890631154262,6,6,Internal
CL,COF,-0.4853093323896208,62,7.36497282681197e-05,6,2,External
CL,ECL,0.46238055259492383,62,0.00017571584774096673,6,6,Internal
CL,K,0.4410900151050728,62,0.0003735852418772539,6,6,Internal
CL,KMB,0.5179444293114106,62,1.910447684335575e-05,6,6,Internal
CL,KO,0.5526341787761754,62,3.876016126146751e-06,6,6,Internal
CL,KVUE,0.4529085038265189,39,0.004299471061969683,6,6,Internal
CL,MCD,0.5168708800326917,62,2.0016143064921746e-05,6,6,Internal
CL,MDLZ,0.5462499002724143,62,5.268850893147334e-06,6,6,Internal
CL,MMC,0.43480933327775867,62,0.00046238822878870764,6,6,Internal
CL,MRK,0.5066729125008084,62,3.092635745794966e-05,6,6,Internal
CL,PEP,0.5698002919379148,62,1.6439086612815961e-06,6,6,Internal
CL,PG,0.5574583310384533,62,3.060524638089431e-06,6,6,Internal
CL,RMD,0.4937466616562614,62,5.264130123985831e-05,6,6,Internal
CL,ROL,0.4213609181909771,62,0.0007201498905708405,6,6,Internal
CL,RSG,0.5209231078430949,62,1.6772684369258703e-05,6,6,Internal
CL,SJM,0.4274484036898495,62,0.000590618808453004,6,4,External
CL,VRTX,0.5146762768400551,62,2.2006680316134637e-05,6,6,Internal
CL,WM,0.4995998501066845,62,4.1483963539874315e-05,6,6,Internal
CL,YUM,0.4110860444087243,62,0.0009981032126136487,6,6,Internal
CLX,EL,-0.45084102877443777,62,0.00026608169880830315,6,6,Internal
CLX,K,0.4547825068568536,62,0.00023130290168041454,6,6,Internal
CLX,KMB,0.5313762031008107,62,1.0518340562595316e-05,6,6,Internal
CLX,LLY,0.6023731571827644,62,2.8063126148473405e-07,6,6,Internal
CLX,LW,0.46081270702978283,62,0.0001860679866365456,6,6,Internal
CLX,MNST,0.4063526115723397,62,0.0011560816535115107,6,6,Internal
CLX,MRK,0.44547416263921313,62,0.0003211249061942049,6,6,Internal
CLX,PEP,0.4415434942965996,62,0.0003678182229507251,6,6,Internal
CLX,PG,0.43672273125335775,62,0.0004334907881299626,6,6,Internal
CLX,VRSK,0.53993419537865,62,7.094917414181205e-06,6,6,Internal
CMCSA,DGX,-0.45209079472697283,62,0.00025456894394709713,6,0,External
CMCSA,HAS,0.6575723233355618,62,8.551571293606336e-09,6,6,Internal
CMCSA,HSY,0.4221584578056304,62,0.0007018300415906551,6,6,Internal
CMCSA,KDP,-0.495319230210652,62,4.939906134472416e-05,6,0,External
CMCSA,META,0.4820948685682374,62,8.351015525954759e-05,6,6,Internal
CMCSA,PNR,0.5301823720985377,62,1.1102819424247609e-05,6,5,External
CMCSA,ROL,0.43455782759774314,62,0.00046631408971078866,6,6,Internal
CMCSA,SWK,0.4169663498837744,62,0.0008290830276947754,6,5,External
CMCSA,VZ,0.5991649247162777,62,3.369364353154303e-07,6,6,Internal
CMCSA,WTW,-0.4231487951262198,62,0.0006796691275299092,6,0,External
CME,ICE,0.5600254224092288,62,2.6949204467338533e-06,0,0,Internal
CME,LRCX,-0.4038945654836981,62,0.0012466998215062634,0,1,External
CME,NDAQ,0.4564194228758434,62,0.0002181218516958907,0,0,Internal
CME,TER,-0.40423573096771204,62,0.0012337520607052616,0,1,External
CMG,CSGP,0.470492030810551,62,0.00013009380145637795,1,6,External
CMG,DTE,-0.4062987909044389,62,0.0011580005372004915,1,4,External
CMG,ETR,-0.42646900115854974,62,0.0006099173532228635,1,4,External
CMG,FTV,-0.4144906837040088,62,0.0008968076021440785,1,5,External
CMG,GD,-0.4368893462714565,62,0.0004310538734995688,1,2,External
CMG,HII,-0.4023014124108987,62,0.0013087950772314874,1,2,External
CMG,MSFT,0.6658370526976604,62,4.761029284265113e-09,1,1,Internal
CMG,NEE,-0.5100470505337323,62,2.6821341192557876e-05,1,4,External
CMG,NOC,-0.4659985002613678,62,0.0001538093471803645,1,2,External
CMG,ODFL,-0.46121093746402125,62,0.0001833869491831162,1,5,External
CMG,PNW,-0.4344337862642318,62,0.000468261436462841,1,4,External
CMG,WAB,-0.45033048881852633,62,0.000270920020315881,1,5,External
CMI,CRM,-0.4080957719706205,62,0.0010954592894089267,5,19,External
CMI,CTRA,0.458773164007306,62,0.000200370152338529,5,2,External
CMI,DD,0.42828967515014266,62,0.0005744859520942604,5,2,External
CMI,DE,0.6388934264136731,62,3.0126388668657946e-08,5,5,Internal
CMI,DOV,0.6573535410970188,62,8.683050310579587e-09,5,5,Internal
CMI,DOW,0.4851579411095991,62,7.408893398534188e-05,5,2,External
CMI,DVN,0.4132909754405526,62,0.000931390420664381,5,2,External
CMI,EMR,0.6745839054028507,62,2.5100807260954017e-09,5,5,Internal
CMI,ETN,0.44976634300054213,62,0.00027635967100140445,5,5,Internal
CMI,EXPD,0.44862940450125927,62,0.00028762641412683523,5,5,Internal
CMI,FAST,0.4692171214793876,62,0.00013645610070207542,5,5,Internal
CMI,FRT,0.41353212805232925,62,0.0009243438192611135,5,4,External
CMI,FTV,0.48465253158247873,62,7.557272326459886e-05,5,5,Internal
CMI,GD,0.4101271252782333,62,0.0010284378145750095,5,2,External
CMI,GL,0.5195650366839867,62,1.780095781064978e-05,5,5,Internal
CMI,GM,0.49440154022330696,62,5.126795695131796e-05,5,5,Internal
CMI,GPC,0.47279494181089393,62,0.0001192868657867725,5,5,Internal
CMI,GWW,0.5575072135289844,62,3.053149804637682e-06,5,5,Internal
CMI,HAL,0.46778474809954507,62,0.00014394397010907348,5,2,External
CMI,HD,0.45845181481081415,62,0.00020271318078268985,5,5,Internal
CMI,HON,0.41706453781635505,62,0.0008264948998502839,5,5,Internal
CMI,IEX,0.6183913227260375,62,1.0921203660379158e-07,5,5,Internal
CMI,IP,0.4310308693941201,62,0.0005246527191227937,5,2,External
CMI,IR,0.4993397369559558,62,4.1929289710805365e-05,5,5,Internal
CMI,IRM,0.4773576579020168,62,0.00010027082480786861,5,4,External
CMI,ITW,0.6651673059849607,62,4.995840688534596e-09,5,5,Internal
CMI,IVZ,0.4361269301417274,62,0.00044230783452658734,5,2,External
CMI,J,0.48842596098893554,62,6.512420734660407e-05,5,5,Internal
CMI,JCI,0.583150495910006,62,8.152648536536215e-07,5,5,Internal
CMI,LKQ,0.6524997442318967,62,1.2142372583141111e-08,5,5,Internal
CMI,LOW,0.4568411010499883,62,0.00021483949114157945,5,5,Internal
CMI,LYB,0.4545185542501382,62,0.00023349525062700346,5,2,External
CMI,MAS,0.5478544653933682,62,4.880492394583858e-06,5,5,Internal
CMI,MET,0.41230864009267154,62,0.0009605984538288834,5,2,External
CMI,MHK,0.49639012443028463,62,4.729777267517554e-05,5,5,Internal
CMI,MMM,0.5087935611275235,62,2.8283517163227692e-05,5,5,Internal
CMI,MO,0.44842138709824964,62,0.0002897326053930329,5,2,External
CMI,MOS,0.44508412455678614,62,0.0003255039870925832,5,2,External
CMI,MS,0.40405551701243003,62,0.001240576309117739,5,2,External
CMI,MSFT,-0.4318016226488414,62,0.0005113658982322295,5,1,External
CMI,NDSN,0.5209290357131239,62,1.6768319433299466e-05,5,5,Internal
CMI,NUE,0.5921465611239771,62,4.992070890083974e-07,5,5,Internal
CMI,OTIS,0.5219737407463735,62,1.601531443919811e-05,5,5,Internal
CMI,OXY,0.45619452599648497,62,0.00021989114952521805,5,2,External
CMI,PCAR,0.8724501493649475,62,5.3135875501102403e-20,5,5,Internal
CMI,PFG,0.5070287645239898,62,3.046749494470729e-05,5,2,External
CMI,PH,0.6738412102059927,62,2.652514820183511e-09,5,5,Internal
CMI,PNR,0.41693963394349204,62,0.0008297884972680083,5,5,Internal
CMI,PRU,0.46468889024843224,62,0.00016143197060573648,5,2,External
CMI,RJF,0.4051927656363398,62,0.0011980742100773853,5,2,External
CMI,RL,0.4381858222062469,62,0.0004125130694313896,5,5,Internal
CMI,ROK,0.6146421970531217,62,1.3685145810125319e-07,5,5,Internal
CMI,RTX,0.4909931170855309,62,5.879546693918283e-05,5,2,External
CMI,SCHW,0.43713056277081946,62,0.0004275479061974193,5,2,External
CMI,SLB,0.46013478512863193,62,0.0001907146851913875,5,2,External
CMI,SNA,0.5471356629387998,62,5.051042322492333e-06,5,5,Internal
CMI,SPG,0.40480829095513066,62,0.0012122941540167321,5,4,External
CMI,SWK,0.5829783838012516,62,8.228334134382512e-07,5,5,Internal
CMI,SYF,0.40009148387777965,62,0.001399532881208738,5,2,External
CMI,TDY,0.40008435043301704,62,0.0013998347014461839,5,5,Internal
CMI,TEL,0.5631403080238638,62,2.3061247217241908e-06,5,5,Internal
CMI,TPR,0.46737612737852985,62,0.00014614813027724686,5,5,Internal
CMI,TRGP,0.4363987918895324,62,0.0004382646215730192,5,2,External
CMI,TT,0.472291582787308,62,0.00012157601248002616,5,5,Internal
CMI,TXT,0.555110287315129,62,3.435021332309292e-06,5,5,Internal
CMI,URI,0.6833594906792749,62,1.2917085361758286e-09,5,5,Internal
CMI,VTR,0.4700463683614162,62,0.00013228620360331578,5,4,External
CMI,WAB,0.742384517258187,62,7.513514327874703e-12,5,5,Internal
CMI,WMB,0.40717686722166546,62,0.0011270496871690764,5,2,External
CMS,CNP,0.7410854939556146,62,8.539772370861073e-12,4,4,Internal
CMS,CPT,0.5923164148399506,62,4.945343740234801e-07,4,4,Internal
CMS,D,0.7116930200311721,62,1.2808072884637184e-10,4,4,Internal
CMS,DOC,0.46964933614463533,62,0.000134267879254529,4,4,Internal
CMS,DTE,0.7853170866291546,62,6.744297196237489e-14,4,4,Internal
CMS,DUK,0.8423414930982428,62,1.767662542814544e-17,4,4,Internal
CMS,ED,0.8028789339716726,62,7.10917125053641e-15,4,4,Internal
CMS,EIX,0.7565194622075031,62,1.7727196058464915e-12,4,4,Internal
CMS,EQR,0.5967963737623911,62,3.8514251951112985e-07,4,4,Internal
CMS,ES,0.772168930617576,62,3.1823358428902673e-13,4,4,Internal
CMS,ESS,0.5204827900545099,62,1.7099872943253314e-05,4,4,Internal
CMS,ETR,0.8440344886585789,62,1.3182974399901155e-17,4,4,Internal
CMS,EVRG,0.8324606949999125,62,9.165898065008938e-17,4,4,Internal
CMS,EXC,0.698508734567401,62,3.8807995350876605e-10,4,4,Internal
CMS,FE,0.7481116770313387,62,4.233483971215831e-12,4,4,Internal
CMS,FRT,0.45573992932894836,62,0.0002235076676756735,4,4,Internal
CMS,INVH,0.48250125427182206,62,8.219975254871212e-05,4,4,Internal
CMS,IRM,0.43386904350640765,62,0.00047722118266512093,4,4,Internal
CMS,JBL,-0.4070617213070108,62,0.0011310655079911221,4,1,External
CMS,JNJ,0.46552738083810236,62,0.0001565126638589325,4,4,Internal
CMS,KIM,0.4444567227282411,62,0.0003326623540275114,4,4,Internal
CMS,KMI,0.47601540257284036,62,0.0001055531971436952,4,2,External
CMS,LHX,0.43747912216991114,62,0.00042252756218836554,4,2,External
CMS,LNT,0.8703258092982338,62,8.384545482439877e-20,4,4,Internal
CMS,MAA,0.527456485538471,62,1.2552398388937095e-05,4,4,Internal
CMS,NEE,0.5551928819233167,62,3.4211523705260004e-06,4,4,Internal
CMS,NI,0.7562010874839826,62,1.8332942490295073e-12,4,4,Internal
CMS,NVDA,-0.43134161268387006,62,0.0005192586427557695,4,1,External
CMS,O,0.6097938829368319,62,1.8242155119932626e-07,4,4,Internal
CMS,PCG,0.49814558608433307,62,4.403099347697367e-05,4,4,Internal
CMS,PEG,0.7184902047538732,62,7.058437810902974e-11,4,4,Internal
CMS,PNW,0.8080205523901727,62,3.5241693904216027e-15,4,4,Internal
CMS,PODD,0.4020613772962189,62,0.0013183879737624167,4,0,External
CMS,PPL,0.7754940765865653,62,2.1708582464098236e-13,4,4,Internal
CMS,REG,0.45489389945564024,62,0.00023038335105682537,4,4,Internal
CMS,SBAC,0.40063290725906225,62,0.0013767948019890316,4,4,Internal
CMS,SJM,0.5869053776321214,62,6.655301838900575e-07,4,4,Internal
CMS,SO,0.6453097072839497,62,1.973736092925799e-08,4,4,Internal
CMS,SPG,0.4359043964578596,62,0.0004456426337630463,4,4,Internal
CMS,SRE,0.7111182737747788,62,1.345940541579957e-10,4,4,Internal
CMS,UDR,0.5316716518717933,62,1.037817868156235e-05,4,4,Internal
CMS,VICI,0.4401784596885475,62,0.00038542753995704715,4,4,Internal
CMS,WEC,0.8587125549474254,62,8.87444978531248e-19,4,4,Internal
CMS,WELL,0.5281574612939182,62,1.2163708928011783e-05,4,4,Internal
CMS,XEL,0.7152772297790588,62,9.37475234904338e-11,4,4,Internal
CMS,XYL,0.43898487285049476,62,0.0004014503396368042,4,5,External
CNC,COR,0.5019293228945991,62,3.768622206638719e-05,6,6,Internal
CNC,CVS,0.6939484128651565,62,5.616692571839298e-10,6,6,Internal
CNC,ELV,0.7859591447230767,62,6.234946924050623e-14,6,6,Internal
CNC,HUM,0.7239559026677734,62,4.316188945887177e-11,6,6,Internal
CNC,MO,0.5409337964886104,62,6.771228798424298e-06,6,2,External
CNC,MOH,0.7144279582487092,62,1.0098522514057117e-10,6,6,Internal
CNC,MRK,0.5220138260484618,62,1.598705690936431e-05,6,6,Internal
CNC,MSFT,-0.4103655503007479,62,0.0010208187993590463,6,1,External
CNC,NOW,-0.44593878542677834,62,0.0003159785717862365,6,1,External
CNC,NVDA,-0.40633630377554675,62,0.0011566627775635243,6,1,External
CNC,RTX,0.4797671929531118,62,9.139364604182378e-05,6,2,External
CNC,UNH,0.7375380605747551,62,1.2067740556055462e-11,6,6,Internal
CNP,CPT,0.4762076629384115,62,0.00010478119277061177,4,4,Internal
CNP,D,0.6480457679171514,62,1.6430758776301172e-08,4,4,Internal
CNP,DTE,0.8247523330242065,62,3.0783665330923496e-16,4,4,Internal
CNP,DUK,0.7871496198208336,62,5.386287044147092e-14,4,4,Internal
CNP,ED,0.7646854466446744,62,7.355196965929843e-13,4,4,Internal
CNP,EIX,0.724569595268019,62,4.0813101226279114e-11,4,4,Internal
CNP,EQR,0.4615572339574911,62,0.00018108435442595663,4,4,Internal
CNP,ES,0.7565608526526255,62,1.7649863783690916e-12,4,4,Internal
CNP,ESS,0.4263479535854416,62,0.000612341792578731,4,4,Internal
CNP,ETR,0.785405346025922,62,6.671992564485191e-14,4,4,Internal
CNP,EVRG,0.8382440037871459,62,3.544981439171818e-17,4,4,Internal
CNP,EXC,0.7599384245189065,62,1.2317516807778102e-12,4,4,Internal
CNP,EXR,0.43375484538179115,62,0.00047905177929718926,4,4,Internal
CNP,FDS,0.4177555807943792,62,0.000808485288692482,4,4,Internal
CNP,FE,0.7169206814199747,62,8.11198416760008e-11,4,4,Internal
CNP,HOLX,0.4216732510398635,62,0.0007129245285039888,4,4,Internal
CNP,JNJ,0.4350002595611359,62,0.0004594280606413183,4,4,Internal
CNP,KMI,0.5209810060268139,62,1.6730096655243373e-05,4,2,External
CNP,LHX,0.41731401062474155,62,0.000819951873788932,4,2,External
CNP,LNT,0.8210089181923829,62,5.428488236834548e-16,4,4,Internal
CNP,MAA,0.4559247057198033,62,0.00022203117973638677,4,4,Internal
CNP,MOH,0.4578015811863763,62,0.00020753103672846977,4,6,External
CNP,NEE,0.5783889919099777,62,1.0507031650333726e-06,4,4,Internal
CNP,NI,0.8096131178832471,62,2.8235806206049233e-15,4,4,Internal
CNP,NOW,-0.41833100526013445,62,0.0007937603519487141,4,1,External
CNP,O,0.4656353084436305,62,0.00015588954983785465,4,4,Internal
CNP,OKE,0.4196238340013411,62,0.0007615577150879816,4,2,External
CNP,PCG,0.46909591101436166,62,0.0001370756147808635,4,4,Internal
CNP,PEG,0.7123133740087588,62,1.2138744871457753e-10,4,4,Internal
CNP,PNW,0.7107870819639999,62,1.3848913221156754e-10,4,4,Internal
CNP,PPL,0.7986024642412726,62,1.254792291583103e-14,4,4,Internal
CNP,PSA,0.4675170571753155,62,0.00014538446141854002,4,4,Internal
CNP,SJM,0.46167780172981554,62,0.00018028890928470354,4,4,Internal
CNP,SO,0.7167751485554485,62,8.216916630276588e-11,4,4,Internal
CNP,SRE,0.7864369938212505,62,5.879973148140376e-14,4,4,Internal
CNP,UDR,0.4147910749325086,62,0.0008883320254608345,4,4,Internal
CNP,VZ,0.4010139563707844,62,0.0013609915008618214,4,6,External
CNP,WEC,0.8022464458582852,62,7.739114204543017e-15,4,4,Internal
CNP,WMB,0.4092723012638875,62,0.0010561774366761951,4,2,External
CNP,XEL,0.722497316656735,62,4.927176733629173e-11,4,4,Internal
COF,CTAS,-0.5079018200086955,62,2.936827269911103e-05,2,6,External
COF,DD,0.4647171942888045,62,0.00016126363011095655,2,2,Internal
COF,FITB,0.5033033456557933,62,3.559959432815392e-05,2,2,Internal
COF,GPN,0.40328278964419056,62,0.0012702240934474535,2,2,Internal
COF,HBAN,0.6494116955415489,62,1.4983152754611936e-08,2,2,Internal
COF,KEY,0.569860076436154,62,1.6388660672748462e-06,2,2,Internal
COF,LLY,-0.4176566372761162,62,0.0008110419551537035,2,6,External
COF,MCD,-0.4997610992882234,62,4.121009607081633e-05,2,6,External
COF,MHK,0.4732450310143006,62,0.00011727356873206845,2,5,External
COF,MMC,-0.4295553600978563,62,0.0005509663192321899,2,6,External
COF,MRK,-0.49611086749513583,62,4.783762063268409e-05,2,6,External
COF,MS,0.48216459242297005,62,8.328397090201018e-05,2,2,Internal
COF,MTB,0.5894419297743183,62,5.794308188517556e-07,2,2,Internal
COF,NTRS,0.43756367019750847,62,0.0004213179148888393,2,2,Internal
COF,ORLY,-0.511100647342136,62,2.5646824641281203e-05,2,6,External
COF,PEP,-0.4382764599353239,62,0.0004112444072025231,2,6,External
COF,PFG,0.46241522689231174,62,0.00017549298404112261,2,2,Internal
COF,PNC,0.5847222909603548,62,7.49103282485332e-07,2,2,Internal
COF,PRU,0.572706930099199,62,1.4148317612956745e-06,2,2,Internal
COF,RF,0.5987843179078414,62,3.4427974971343145e-07,2,2,Internal
COF,RJF,0.41104804458759175,62,0.0009992897800450349,2,2,Internal
COF,SYF,0.8585775315225715,62,9.109905788328939e-19,2,2,Internal
COF,TFC,0.5719741563115326,62,1.4695826084753793e-06,2,2,Internal
COF,TROW,0.41328475364682504,62,0.0009315728644237301,2,2,Internal
COF,UAL,0.40865263661319295,62,0.001076705606399531,2,2,Internal
COF,USB,0.4747705632671581,62,0.00011067958982453766,2,2,Internal
COF,VRTX,-0.49076057397957434,62,5.9344466801183665e-05,2,6,External
COO,EW,0.5174569919686945,62,1.951353002503955e-05,0,0,Internal
COO,HPE,-0.40003556313670346,62,0.0014019004883164187,0,1,External
COO,IDXX,0.4603093502678942,62,0.00018950811128638157,0,0,Internal
COP,CTRA,0.5746210001248415,62,1.280692704361408e-06,2,2,Internal
COP,CVX,0.8223697747985304,62,4.4236982017024443e-16,2,2,Internal
COP,DLR,-0.44750856444035036,62,0.0002991423917733166,2,4,External
COP,DOW,0.4561317993655693,62,0.0002203869647053894,2,2,Internal
COP,DVN,0.7946911616339091,62,2.0851419737913928e-14,2,2,Internal
COP,EOG,0.8301101644612919,62,1.334742954212219e-16,2,2,Internal
COP,FANG,0.8371188765318744,62,4.276935891794616e-17,2,2,Internal
COP,FICO,-0.4481589362256621,62,0.0002924100154771277,2,10,External
COP,GD,0.5585453693318355,62,2.9003908434054795e-06,2,2,Internal
COP,HAL,0.7770196298566375,62,1.8174857077737075e-13,2,2,Internal
COP,KMI,0.5779049521060943,62,1.0779121442959873e-06,2,2,Internal
COP,LHX,0.426886377105191,62,0.0006016243828661899,2,2,Internal
COP,LMT,0.47924941702851165,62,9.32378665473062e-05,2,2,Internal
COP,LYB,0.5669819611373341,62,1.8987961634046445e-06,2,2,Internal
COP,MNST,-0.40415392798974903,62,0.00123684553693358,2,6,External
COP,MPC,0.4895727771831393,62,6.222316978644158e-05,2,2,Internal
COP,MRNA,0.466005275873543,62,0.00015377078242132853,2,2,Internal
COP,NOC,0.47237145879243175,62,0.00012121008493800211,2,2,Internal
COP,OKE,0.41478612313329905,62,0.0008884711527586789,2,2,Internal
COP,OXY,0.7174224783043742,62,7.759871557864259e-11,2,2,Internal
COP,PPG,0.47600774545207203,62,0.00010558405160398303,2,2,Internal
COP,PSA,0.40703949965293273,62,0.001131841990454184,2,4,External
COP,PSX,0.5195440060685174,62,1.7817331602168842e-05,2,2,Internal
COP,RTX,0.44296284624845633,62,0.0003502879594008446,2,2,Internal
COP,SLB,0.7606079692460695,62,1.146177635014918e-12,2,2,Internal
COP,TPL,0.6793885753783835,62,1.7496171264006514e-09,2,2,Internal
COP,TRGP,0.7048076219674129,62,2.302417710316057e-10,2,2,Internal
COP,VLO,0.42979693514122397,62,0.0005465778179385642,2,2,Internal
COP,WMB,0.4411973763507952,62,0.0003722125100357414,2,2,Internal
COP,XOM,0.7921380270202509,62,2.8877718851760824e-14,2,2,Internal
COR,ELV,0.4845149552659165,62,7.598133438051303e-05,6,6,Internal
COR,EXPD,-0.4110664770413839,62,0.0009987140567393536,6,5,External
COR,GILD,0.4660700287863721,62,0.00015340267512600249,6,4,External
COR,JNJ,0.508609427936622,62,2.8504418642540197e-05,6,4,External
COR,MCK,0.6052164180447681,62,2.382465253093757e-07,6,6,Internal
COR,MDLZ,0.4548463187125016,62,0.000230775722489864,6,6,Internal
COR,MOH,0.45167643039219046,62,0.0002583346119433286,6,6,Internal
COR,MRK,0.6114166379559212,62,1.6577887511006575e-07,6,6,Internal
COR,UNH,0.5021356925668586,62,3.736577073606036e-05,6,6,Internal
COR,VRTX,0.4512402704152935,62,0.00026235325352628975,6,6,Internal
COR,YUM,0.4425654351060238,62,0.00035511797757424666,6,6,Internal
COST,MET,-0.44436521921047706,62,0.00033371827248920947,15,2,External
CPAY,CTRA,0.41833453919472696,62,0.0007936706736555096,7,2,External
CPAY,CTSH,0.680520117705493,62,1.6054624586804186e-09,7,7,Internal
CPAY,GRMN,0.41111814516632206,62,0.0009971018371813408,7,5,External
CPAY,HST,0.7066213992880801,62,1.9760441875583308e-10,7,7,Internal
CPAY,MLM,0.4879503191237036,62,6.636358660080043e-05,7,7,Internal
CPAY,PSKY,-0.5590310115823771,62,2.831410306729925e-06,7,2,External
CPAY,RCL,0.4822243090345808,62,8.309069850496015e-05,7,7,Internal
CPAY,TROW,0.4106665440801943,62,0.001011273048154241,7,2,External
CPAY,VMC,0.5398504240695634,62,7.122688441911071e-06,7,7,Internal
CPAY,ZBRA,0.4242735628967387,62,0.00065526990940658,7,2,External
CPB,GIS,0.6239967048491194,62,7.751072923864172e-08,6,6,Internal
CPB,HSY,0.4122463065725995,62,0.0009624794163444467,6,6,Internal
CPB,K,0.4219244330232271,62,0.0007071614703545888,6,6,Internal
CPB,KHC,0.558774371130981,62,2.867670133557692e-06,6,6,Internal
CPB,KMB,0.40107235907271754,62,0.0013585838159100398,6,6,Internal
CPB,LW,0.4577276576295641,62,0.00020808534799449517,6,6,Internal
CPB,MDLZ,0.4082530333719608,62,0.0010901335635589043,6,6,Internal
CPB,PEP,0.5252649807098597,62,1.3843305954817548e-05,6,6,Internal
CPB,ZTS,0.40496073718544273,62,0.0012066378025855345,6,0,External
CPRT,SNPS,0.5525961778352318,62,3.883178465826855e-06,1,1,Internal
CPRT,TTWO,0.6976082252028155,62,4.1769749326588494e-10,1,1,Internal
CPT,D,0.6688978213926412,62,3.8148000086718676e-09,4,4,Internal
CPT,DOC,0.6969483044160382,62,4.407525922556528e-10,4,4,Internal
CPT,DOV,0.4542387978634329,62,0.00023583958222070842,4,5,External
CPT,DOW,0.40486333236120453,62,0.0012102491565769652,4,2,External
CPT,DTE,0.4674277252451058,62,0.00014586810644699554,4,4,Internal
CPT,DUK,0.542822182914145,62,6.196955159625289e-06,4,4,Internal
CPT,ED,0.502358971270925,62,3.7021901742812755e-05,4,4,Internal
CPT,EIX,0.548958818040933,62,4.628896966075806e-06,4,4,Internal
CPT,EQR,0.8439470194612014,62,1.3385413064898857e-17,4,4,Internal
CPT,ES,0.5296056962725895,62,1.1395838014546065e-05,4,4,Internal
CPT,ESS,0.8402199927618883,62,2.5405761918675375e-17,4,4,Internal
CPT,ETR,0.623722206697236,62,7.88356179972285e-08,4,4,Internal
CPT,EVRG,0.5501589743051589,62,4.369224354331377e-06,4,4,Internal
CPT,EXC,0.5415713284320358,62,6.572026892058246e-06,4,4,Internal
CPT,EXR,0.4777972688128736,62,9.859431945982141e-05,4,4,Internal
CPT,FOXA,0.4104445117036277,62,0.001018306780144003,4,2,External
CPT,FRT,0.6652872614282797,62,4.952993840400604e-09,4,4,Internal
CPT,GL,0.47087963794672966,62,0.0001282141676348934,4,5,External
CPT,GOOG,-0.4112324940336853,62,0.0009935421091954507,4,11,External
CPT,HIG,0.47881824024536923,62,9.479969237628606e-05,4,4,Internal
CPT,IFF,0.44571798111055183,62,0.00031841483092883105,4,4,Internal
CPT,INVH,0.635226038190251,62,3.819645478057868e-08,4,4,Internal
CPT,IP,0.46142602510440145,62,0.00018195365488659658,4,2,External
CPT,IRM,0.49945297332930677,62,4.173488345428332e-05,4,4,Internal
CPT,KIM,0.572291616049284,62,1.445623750124595e-06,4,4,Internal
CPT,KMI,0.4153381969285309,62,0.0008730805291874829,4,2,External
CPT,L,0.5392116819868359,62,7.337790760930137e-06,4,5,External
CPT,LNT,0.6062873453305744,62,2.2390439817785734e-07,4,4,Internal
CPT,MAA,0.8657348337607957,62,2.1874172060172954e-19,4,4,Internal
CPT,MHK,0.4379857796405047,62,0.0004153256883365565,4,5,External
CPT,MTB,0.4405945101220979,62,0.00037998074869736287,4,2,External
CPT,NDSN,0.408126069637172,62,0.00109443142663301,4,5,External
CPT,NI,0.5441906870108514,62,5.809509347747231e-06,4,4,Internal
CPT,O,0.6672762876670862,62,4.2913263583058884e-09,4,4,Internal
CPT,PAYX,0.4558767363530825,62,0.00022241362776589455,4,4,Internal
CPT,PEG,0.5327384168839354,62,9.88643039226399e-06,4,4,Internal
CPT,PKG,0.5035257479895201,62,3.527207298790945e-05,4,2,External
CPT,PLD,0.5951549525085396,62,4.2227340106101447e-07,4,4,Internal
CPT,PNW,0.48236179364398407,62,8.264729888935392e-05,4,4,Internal
CPT,PPL,0.5607847001504472,62,2.5948712700550856e-06,4,4,Internal
CPT,PRU,0.5068417903409274,62,3.070780202929086e-05,4,2,External
CPT,PSA,0.42564027473023797,62,0.0006266914141755845,4,4,Internal
CPT,REG,0.6010598359627946,62,3.025165970549291e-07,4,4,Internal
CPT,SJM,0.4295787930895574,62,0.0005505392349137248,4,4,Internal
CPT,SO,0.4823024514457837,62,8.283841470439491e-05,4,4,Internal
CPT,SPG,0.6905194044852759,62,7.383795663233185e-10,4,4,Internal
CPT,SRE,0.6110857355933289,62,1.690519265572861e-07,4,4,Internal
CPT,SWK,0.4507683775678696,62,0.000266765355586623,4,5,External
CPT,UDR,0.7522906318829004,62,2.7584610930274113e-12,4,4,Internal
CPT,UNP,0.4339106826515888,62,0.0004765552896673511,4,5,External
CPT,USB,0.4498755082531826,62,0.00027529935366548916,4,2,External
CPT,VICI,0.645391707914377,62,1.9629718224907497e-08,4,4,Internal
CPT,VTR,0.5631468913872709,62,2.3053615983190623e-06,4,4,Internal
CPT,VTRS,0.40726665763843,62,0.0011239270779390082,4,4,Internal
CPT,WBD,0.48857786009634974,62,6.473292171149179e-05,4,4,Internal
CPT,WEC,0.46282105363488546,62,0.00017290377332752045,4,4,Internal
CPT,WELL,0.5689244201881041,62,1.7194700589513176e-06,4,4,Internal
CRL,DHR,0.5761833235548075,62,1.1801343381142723e-06,0,0,Internal
CRL,IP,0.43092038459067666,62,0.0005265828073485445,0,2,External
CRL,IQV,0.6478624924157029,62,1.663476681587901e-08,0,0,Internal
CRL,MHK,0.407056716306446,62,0.0011312403538797243,0,5,External
CRL,NTRS,0.41573855525826475,62,0.0008620704647079255,0,2,External
CRL,PKG,0.4010305566636591,62,0.0013603067545605654,0,2,External
CRL,TECH,0.4524265348804122,62,0.0002515546426173177,0,0,Internal
CRL,UPS,0.4098325129584717,62,0.0010379231166016997,0,0,Internal
CRM,DOV,-0.4674481120287355,62,0.00014575760218503452,19,5,External
CRM,EMR,-0.4132571914199174,62,0.0009323814688789037,19,5,External
CRM,HAL,-0.41024629270514423,62,0.0010246233633499345,19,2,External
CRM,IEX,-0.4011436818336541,62,0.0013556486852413553,19,5,External
CRM,LYB,-0.4228141467625471,62,0.0006870856924064431,19,2,External
CRM,NTAP,-0.4597291398396,62,0.0001935456629058481,19,1,External
CRM,PPG,-0.48427504055886444,62,7.669876886062654e-05,19,2,External
CRM,WAB,-0.42979255983715503,62,0.000546657017745772,19,5,External
CRM,WAT,-0.4376584412804332,62,0.0004199657489471214,19,0,External
CSCO,FFIV,0.5846136000152645,62,7.535111742403909e-07,1,1,Internal
CSCO,HPE,0.4662476637029433,62,0.0001523970004662761,1,1,Internal
CSCO,ISRG,-0.46832471648256785,62,0.0001410780642060066,1,0,External
CSCO,STX,0.4104428524864598,62,0.0010183595078665747,1,1,Internal
CSGP,HAS,0.4021031580626563,62,0.001316713694658183,6,6,Internal
CSGP,KDP,-0.4583589622426071,62,0.0002033948425820315,6,0,External
CSGP,META,0.44725243179074414,62,0.00030183235456642064,6,6,Internal
CSX,DOV,0.41416706322896263,62,0.0009060202311900713,5,5,Internal
CSX,EMR,0.42719656688570873,62,0.0005955274897980595,5,5,Internal
CSX,IRM,0.4086435553909958,62,0.0010770091022943705,5,4,External
CSX,NDSN,0.4264567169861443,62,0.0006101629933250243,5,5,Internal
CSX,NSC,0.678311839978892,62,1.898123602318459e-09,5,5,Internal
CSX,SNA,0.41313177596112277,62,0.000936068838350632,5,5,Internal
CSX,TDY,0.41877601085947697,62,0.0007825395180964243,5,5,Internal
CSX,UNP,0.6201057515445135,62,9.840942297223196e-08,5,5,Internal
CSX,XYL,0.4381322983150132,62,0.000413263917894879,5,5,Internal
CTAS,MMC,0.43393945312650184,62,0.000476095685660474,6,6,Internal
CTAS,PNC,-0.5007770854306557,62,3.952260496354415e-05,6,2,External
CTAS,SYF,-0.43661955253619106,62,0.0004350061564355719,6,2,External
CTRA,CTVA,0.4351321908251811,62,0.00045739263995723026,2,2,Internal
CTRA,CVX,0.6267952924516395,62,6.514924196516842e-08,2,2,Internal
CTRA,DD,0.49652395805872923,62,4.7041050214670515e-05,2,2,Internal
CTRA,DOV,0.4404883872058378,62,0.00038136337565245105,2,5,External
CTRA,DOW,0.605897869238328,62,2.2902367655985637e-07,2,2,Internal
CTRA,DVN,0.6780190606861765,62,1.940526529510759e-09,2,2,Internal
CTRA,EOG,0.696152840816581,62,4.701510773298142e-10,2,2,Internal
CTRA,EQT,0.6931793960516659,62,5.974009431036741e-10,2,2,Internal
CTRA,ES,0.46358127159456797,62,0.00016814747146097053,2,4,External
CTRA,FANG,0.6641929848932739,62,5.357100451733061e-09,2,2,Internal
CTRA,FRT,0.4403114070049303,62,0.00038367936105704835,2,4,External
CTRA,GD,0.5240698115307306,62,1.459825597242855e-05,2,2,Internal
CTRA,GL,0.551132726989553,62,4.168594274608259e-06,2,5,External
CTRA,HAL,0.672992243138417,62,2.824710290010657e-09,2,2,Internal
CTRA,HBAN,0.42296386795572277,62,0.0006837585216973059,2,2,Internal
CTRA,HIG,0.4523810135337582,62,0.000251961417180994,2,4,External
CTRA,HII,0.5128743672138444,62,2.3776581605428183e-05,2,2,Internal
CTRA,IP,0.4732084310888713,62,0.00011743611078546708,2,2,Internal
CTRA,KEY,0.41299410910107154,62,0.0009401315607417692,2,2,Internal
CTRA,KIM,0.42394582385199125,62,0.0006622962163553604,2,4,External
CTRA,KMI,0.65715685050862,62,8.802884307037397e-09,2,2,Internal
CTRA,LDOS,0.4754111552682921,62,0.00010801366121554549,2,2,Internal
CTRA,LHX,0.48686527005874264,62,6.927269199632893e-05,2,2,Internal
CTRA,LKQ,0.4691072837666104,62,0.00013701737843478583,2,5,External
CTRA,LYB,0.6241091604699094,62,7.697403869790818e-08,2,2,Internal
CTRA,MMM,0.43131238792106336,62,0.000519763791057872,2,5,External
CTRA,MO,0.4349587928521991,62,0.00046006950261617504,2,2,Internal
CTRA,MOS,0.5520664519406563,62,3.9843152414405035e-06,2,2,Internal
CTRA,MPC,0.4443433040164024,62,0.00033397161911814257,2,2,Internal
CTRA,MSFT,-0.43889283730416745,62,0.00040271065390661605,2,1,External
CTRA,NTRS,0.402592930861945,62,0.0012972290749887034,2,2,Internal
CTRA,NVDA,-0.41470593578686243,62,0.0008907268621441978,2,1,External
CTRA,NWS,0.42362740660443066,62,0.0006691879579778942,2,2,Internal
CTRA,NWSA,0.44097988219504713,62,0.0003749982007980954,2,2,Internal
CTRA,OXY,0.5685296577926284,62,1.7545781062404586e-06,2,2,Internal
CTRA,PCAR,0.4327654842550602,62,0.0004951803271924472,2,5,External
CTRA,PFG,0.5325237889214501,62,9.983591107276664e-06,2,2,Internal
CTRA,PKG,0.42625384477138206,62,0.0006142327124178158,2,2,Internal
CTRA,PM,0.40937895116659195,62,0.0010526801465154823,2,2,Internal
CTRA,PRU,0.4430012705371988,62,0.00034982414943976096,2,2,Internal
CTRA,PSX,0.5688081466665642,62,1.7297418913401085e-06,2,2,Internal
CTRA,RF,0.4657183017847669,62,0.0001554119400621932,2,2,Internal
CTRA,RTX,0.4414315499479388,62,0.0003692342634465055,2,2,Internal
CTRA,SLB,0.5570479025993911,62,3.1231051222907665e-06,2,2,Internal
CTRA,TPL,0.60010853673845,62,3.193605711846412e-07,2,2,Internal
CTRA,TRGP,0.6886248502954381,62,8.574749649710025e-10,2,2,Internal
CTRA,TROW,0.4269426227518789,62,0.0006005146716632594,2,2,Internal
CTRA,USB,0.4503833804359633,62,0.0002704150698109209,2,2,Internal
CTRA,VLO,0.47191457625290173,62,0.00012331688534803718,2,2,Internal
CTRA,WAB,0.5120300960692719,62,2.4650444584662128e-05,2,5,External
CTRA,WMB,0.5883208120679104,62,6.16108683426251e-07,2,2,Internal
CTRA,XOM,0.5817594129781976,62,8.783533137459225e-07,2,2,Internal
CTRA,ZBRA,0.40896052214120276,62,0.0010664615058162841,2,2,Internal
CTSH,DRI,0.4086570148319828,62,0.0010765593131615736,7,5,External
CTSH,EPAM,0.40507286509433993,62,0.0012024925875490852,7,7,Internal
CTSH,FRT,0.4322022426325879,62,0.0005045810667025299,7,4,External
CTSH,HST,0.5998574290711465,62,3.239516327102545e-07,7,7,Internal
CTSH,INTC,0.40468521340778596,62,0.0012168782060135094,7,7,Internal
CTSH,MLM,0.416908554006054,62,0.0008306098864597826,7,7,Internal
CTSH,PSKY,-0.4821776731307272,62,8.324159992354113e-05,7,2,External
CTSH,REG,0.463673799115759,62,0.00016757683065873985,7,4,External
CTSH,TRMB,0.47437102432605777,62,0.00011237281059662956,7,5,External
CTSH,VMC,0.5195796433340566,62,1.778959373872492e-05,7,7,Internal
CTVA,DE,0.4103800347852992,62,0.0010203575827751124,2,5,External
CTVA,DOV,0.45461149298135933,62,0.00023272115902655426,2,5,External
CTVA,DOW,0.4537758833752438,62,0.00023976605308455968,2,2,Internal
CTVA,DVN,0.4632242263287499,62,0.00017036619090333443,2,2,Internal
CTVA,GD,0.45284052123206636,62,0.00024788273991945746,2,2,Internal
CTVA,HBAN,0.40607672057575994,62,0.0011659484333391285,2,2,Internal
CTVA,HII,0.4984601029768213,62,4.346820182390312e-05,2,2,Internal
CTVA,HON,0.40177284705214106,62,0.0013300025692079109,2,5,External
CTVA,HWM,0.5131560438033731,62,2.349147878051374e-05,2,5,External
CTVA,ITW,0.41791902365606914,62,0.0008042779327400747,2,5,External
CTVA,LH,0.4271321994317613,62,0.0005967880298498174,2,0,External
CTVA,MET,0.407109402689893,62,0.0011294010149725767,2,2,Internal
CTVA,MOS,0.7083639434411768,62,1.7042916430297207e-10,2,2,Internal
CTVA,NRG,0.42072342367981136,62,0.0007351034292707003,2,2,Internal
CTVA,PM,0.4226639547996873,62,0.0006904380452046001,2,2,Internal
CTVA,PPG,0.4293856125129892,62,0.0005540690867855733,2,2,Internal
CTVA,PSKY,0.4329990698740981,62,0.0004913285677319019,2,2,Internal
CTVA,PWR,0.42422836599104763,62,0.000656234842685039,2,5,External
CTVA,RTX,0.5465190265694769,62,5.2017639029721774e-06,2,2,Internal
CTVA,TDY,0.41726879727700966,62,0.0008211342184261737,2,5,External
CTVA,TPL,0.415492063092076,62,0.0008688341928568749,2,2,Internal
CTVA,TRGP,0.5106612976536627,62,2.613068304658391e-05,2,2,Internal
CTVA,URI,0.4263163568460216,62,0.000612976073798659,2,5,External
CTVA,WAB,0.4073310319548844,62,0.001121693152905567,2,5,External
CVS,DVN,0.43323794650740555,62,0.00048741772503583863,6,2,External
CVS,ELV,0.7384822489325994,62,1.1012592804961791e-11,6,6,Internal
CVS,FANG,0.4094029129619971,62,0.001051895822669039,6,2,External
CVS,HUM,0.6769722714473208,62,2.0995986185040196e-09,6,6,Internal
CVS,MO,0.5429962395363667,62,6.14637404117429e-06,6,2,External
CVS,MOH,0.5914922295990968,62,5.175982313366932e-07,6,6,Internal
CVS,RTX,0.44320479748279373,62,0.00034737674377391023,6,2,External
CVS,UNH,0.6833863446225934,62,1.2890398757620162e-09,6,6,Internal
CVX,DD,0.4726320173346166,62,0.0001200234345810738,2,2,Internal
CVX,DOW,0.5306954602842007,62,1.0848015297633574e-05,2,2,Internal
CVX,DVN,0.8133576304668209,62,1.6629723032410154e-15,2,2,Internal
CVX,EOG,0.8278478075225126,62,1.9061764749239154e-16,2,2,Internal
CVX,FANG,0.7998408521140139,62,1.065928943130108e-14,2,2,Internal
CVX,FICO,-0.5150133208814537,62,2.1689499226775965e-05,2,10,External
CVX,FITB,0.4557087064405124,62,0.0002237580443973008,2,2,Internal
CVX,GD,0.46686239624410486,62,0.00014896318527265546,2,2,Internal
CVX,HAL,0.8332159493330208,62,8.11323026025485e-17,2,2,Internal
CVX,HII,0.4604266783493143,62,0.00018870108435355457,2,2,Internal
CVX,HON,0.41763576260845303,62,0.0008115822819389465,2,5,External
CVX,INCY,0.44059160143019344,62,0.0003800185838070149,2,4,External
CVX,IP,0.4909183652390646,62,5.8971431979051754e-05,2,2,Internal
CVX,ITW,0.4239626277686131,62,0.0006619343088207695,2,5,External
CVX,KEY,0.4223486416647,62,0.0006975242007395,2,2,Internal
CVX,KMI,0.6852979619953479,62,1.1119474269600188e-09,2,2,Internal
CVX,LDOS,0.5209964347467563,62,1.671876482050254e-05,2,2,Internal
CVX,LHX,0.43458039622295264,62,0.00046596057322049865,2,2,Internal
CVX,LMT,0.4259359704487894,62,0.0006206589275497844,2,2,Internal
CVX,LOW,0.47098370079261037,62,0.00012771379520626285,2,5,External
CVX,LYB,0.6072911395225999,62,2.1120233085729845e-07,2,2,Internal
CVX,MNST,-0.4293959266001497,62,0.0005538801071295131,2,6,External
CVX,MO,0.5346435607033413,62,9.06173072672991e-06,2,2,Internal
CVX,MPC,0.5220782840624559,62,1.5941715238071066e-05,2,2,Internal
CVX,MRNA,0.4819585257056231,62,8.395408650600833e-05,2,2,Internal
CVX,MSFT,-0.5162468316017665,62,2.0564466334733753e-05,2,1,External
CVX,NOC,0.5083108403298484,62,2.8866027110157165e-05,2,2,Internal
CVX,NTRS,0.4011656244885248,62,0.0013547468305770618,2,2,Internal
CVX,OKE,0.5217815969345875,62,1.615140825046168e-05,2,2,Internal
CVX,OXY,0.7611718253782569,62,1.078544270108137e-12,2,2,Internal
CVX,PCAR,0.47998331409438566,62,9.063383787204168e-05,2,5,External
CVX,PFG,0.4681184874247622,62,0.00014216639814120378,2,2,Internal
CVX,PKG,0.44464177883584755,62,0.00033053617249025123,2,2,Internal
CVX,PM,0.43391123091659806,62,0.000476546527449893,2,2,Internal
CVX,PPG,0.4488724643905769,62,0.00028518312045322134,2,2,Internal
CVX,PRU,0.4810529804916379,62,8.69580928226244e-05,2,2,Internal
CVX,PSA,0.4145665182067832,62,0.0008946610609222608,2,4,External
CVX,PSX,0.544120618093039,62,5.828785462437519e-06,2,2,Internal
CVX,RF,0.4911500488463431,62,5.842762573755149e-05,2,2,Internal
CVX,RTX,0.474729671676133,62,0.00011085180263840293,2,2,Internal
CVX,SLB,0.7273670535368629,62,3.156452205530706e-11,2,2,Internal
CVX,TPL,0.6250531613069281,62,7.260498025600022e-08,2,2,Internal
CVX,TRGP,0.7606950650540276,62,1.1354725292651293e-12,2,2,Internal
CVX,USB,0.4429216194854812,62,0.00035078622027349114,2,2,Internal
CVX,VLO,0.42539971831481876,62,0.000631638144554747,2,2,Internal
CVX,WMB,0.5993951590279342,62,3.32566097541125e-07,2,2,Internal
CVX,XOM,0.8607838817898947,62,5.918273193273131e-19,2,2,Internal
D,DOC,0.5313204505842342,62,1.0544986380678008e-05,4,4,Internal
D,DTE,0.7140045779314408,62,1.0478901586361336e-10,4,4,Internal
D,DUK,0.7428368074590768,62,7.184650851843357e-12,4,4,Internal
D,ED,0.6438551040910349,62,2.1742099390981103e-08,4,4,Internal
D,EIX,0.6287055403935246,62,5.780647695948523e-08,4,4,Internal
D,EQR,0.5962026284793424,62,3.9820450751387143e-07,4,4,Internal
D,ES,0.7143357249078368,62,1.0180251478513186e-10,4,4,Internal
D,ESS,0.5041016339087167,62,3.443689964371974e-05,4,4,Internal
D,ETR,0.6995383369389183,62,3.5666288058104293e-10,4,4,Internal
D,EVRG,0.7382826416990151,62,1.1228047541159787e-11,4,4,Internal
D,EXC,0.6201030242951254,62,9.842577825785051e-08,4,4,Internal
D,FE,0.5745095356598784,62,1.2881654593130733e-06,4,4,Internal
D,FRT,0.6144063850986001,62,1.3879359708997468e-07,4,4,Internal
D,IFF,0.4331852259885751,62,0.00048827841543273685,4,4,Internal
D,INVH,0.43923978242544537,62,0.0003979783785664561,4,4,Internal
D,IRM,0.48530065272126716,62,7.367484415719177e-05,4,4,Internal
D,KIM,0.5232989117142557,62,1.5105306594091053e-05,4,4,Internal
D,KMI,0.48226125580028667,62,8.297132737615151e-05,4,2,External
D,LDOS,0.41502166436437676,62,0.0008818750585080394,4,2,External
D,LHX,0.514500318339041,62,2.2173972214855086e-05,4,2,External
D,LNT,0.7146956444294493,62,9.864843553616746e-11,4,4,Internal
D,MAA,0.594473337229804,62,4.386593253220412e-07,4,4,Internal
D,NEE,0.5370995426820288,62,8.09292064849847e-06,4,4,Internal
D,NI,0.6982930747156013,62,3.949855639958259e-10,4,4,Internal
D,NOC,0.400753722919897,62,0.0013717664415457101,4,2,External
D,O,0.6485622467706684,62,1.5868505688854814e-08,4,4,Internal
D,PCG,0.4196596036357776,62,0.0007606837859666308,4,4,Internal
D,PEG,0.626621095204047,62,6.586090624953853e-08,4,4,Internal
D,PKG,0.43796746297917766,62,0.00041558409228068584,4,2,External
D,PLD,0.42522898943785786,62,0.0006351703996970619,4,4,Internal
D,PNW,0.7446279861191324,62,6.012165474682868e-12,4,4,Internal
D,PPL,0.7512103783662005,62,3.0839412077254256e-12,4,4,Internal
D,REG,0.5576709039298673,62,3.028574756586668e-06,4,4,Internal
D,SBAC,0.42577532351854547,62,0.0006239297235812667,4,4,Internal
D,SNPS,-0.4072995508282503,62,0.0011227851145445668,4,1,External
D,SO,0.6552456207000489,62,1.0051715509502945e-08,4,4,Internal
D,SPG,0.5055880907448156,62,3.236497592871314e-05,4,4,Internal
D,SRE,0.7221862913134554,62,5.0677117232115006e-11,4,4,Internal
D,UDR,0.5201371265499068,62,1.7360865881580998e-05,4,4,Internal
D,VICI,0.590150176101487,62,5.573274565095161e-07,4,4,Internal
D,VTR,0.4262192183739722,62,0.0006149297883059872,4,4,Internal
D,VTRS,0.48003095480576724,62,9.046713302108556e-05,4,4,Internal
D,VZ,0.4369337207513446,62,0.00043040695567707137,4,6,External
D,WBD,0.40985768362621977,62,0.001037109654987629,4,4,Internal
D,WEC,0.6698140598613634,62,3.5681798688864867e-09,4,4,Internal
D,WELL,0.497017140486824,62,4.610608460458466e-05,4,4,Internal
D,XEL,0.6234390782794135,62,8.022451384265327e-08,4,4,Internal
DAL,FOX,0.5223872933607263,62,1.5726002189340023e-05,2,2,Internal
DAL,FOXA,0.49138692370054027,62,5.7876419826707794e-05,2,2,Internal
DAL,GM,0.42311768764329505,62,0.0006803554709897791,2,5,External
DAL,LUV,0.5990380825244009,62,3.3936717536127334e-07,2,2,Internal
DAL,MMC,-0.4702920614956832,62,0.00013107337692977997,2,6,External
DAL,NCLH,0.5505361724686474,62,4.290461444793613e-06,2,7,External
DAL,NXPI,0.4164390978318473,62,0.0008431064873437758,2,1,External
DAL,SCHW,0.43519250482220556,62,0.00045646485523797485,2,2,Internal
DAL,UAL,0.7557359090957899,62,1.925364135505576e-12,2,2,Internal
DAY,PAYC,0.7225312299525173,62,4.912079575820155e-11,0,0,Internal
DAY,PSKY,0.42779824094476865,62,0.0005838608223784188,0,2,External
DD,DOV,0.4044732326345283,62,0.0012248100534234317,2,5,External
DD,DOW,0.5009827196258576,62,3.918892835310178e-05,2,2,Internal
DD,EOG,0.460840382904444,62,0.00018588050825486482,2,2,Internal
DD,FANG,0.41027470098103974,62,0.0010237159225823158,2,2,Internal
DD,FITB,0.4450952075051209,62,0.0003253788076354408,2,2,Internal
DD,GL,0.4771500419637819,62,0.00010107166845649129,2,5,External
DD,HAL,0.5335279429868831,62,9.53653471304211e-06,2,2,Internal
DD,HBAN,0.4671472615102062,62,0.0001473961482222312,2,2,Internal
DD,HII,0.4444177507874655,62,0.0003331117036982906,2,2,Internal
DD,IP,0.4918467546277787,62,5.6820066411522096e-05,2,2,Internal
DD,ITW,0.4089641951235879,62,0.001066339828697828,2,5,External
DD,KEY,0.45900628169645386,62,0.00019868597750248647,2,2,Internal
DD,KMI,0.4841270818329161,62,7.714432523744695e-05,2,2,Internal
DD,LDOS,0.5166558550477357,62,2.0203525974918035e-05,2,2,Internal
DD,LYB,0.4973537775329229,62,4.547778293858079e-05,2,2,Internal
DD,MHK,0.41833021083319477,62,0.0007937805128505649,2,5,External
DD,MMM,0.5303846832462118,62,1.1001692634132652e-05,2,5,External
DD,MTB,0.42371088089904496,62,0.0006673750085422867,2,2,Internal
DD,NTRS,0.44395181203663797,62,0.0003385270270257532,2,2,Internal
DD,OXY,0.42203450380620555,62,0.0007046493468614033,2,2,Internal
DD,PCAR,0.4366114558425056,62,0.000435125274789097,2,5,External
DD,PFG,0.5207599752357085,62,1.689322029825182e-05,2,2,Internal
DD,PRU,0.45489123364203427,62,0.0002304053183750512,2,2,Internal
DD,PSX,0.4615716948364843,62,0.000180988779540857,2,2,Internal
DD,RF,0.49486046162226066,62,5.032534553620261e-05,2,2,Internal
DD,RJF,0.5315445055125868,62,1.043828305808467e-05,2,2,Internal
DD,SCHW,0.441555299695923,62,0.00036766917913558223,2,2,Internal
DD,SLB,0.4604760023974449,62,0.00018836275521312332,2,2,Internal
DD,SYF,0.5818412286474806,62,8.745195945307998e-07,2,2,Internal
DD,TRGP,0.4813147758698249,62,8.607961894102659e-05,2,2,Internal
DD,TROW,0.45450678368011116,62,0.00023359345604842522,2,2,Internal
DD,WAB,0.49707525606862474,62,4.599704793324941e-05,2,5,External
DD,WMB,0.5018882898658288,62,3.775024030386027e-05,2,2,Internal
DD,ZBRA,0.528591561233717,62,1.1928641648814036e-05,2,2,Internal
DE,DOV,0.6197305400524615,62,1.0068379129436105e-07,5,5,Internal
DE,DOW,0.4580986446122237,62,0.00020531711910659947,5,2,External
DE,EMR,0.6804861975048112,62,1.6096148921324289e-09,5,5,Internal
DE,ETN,0.5145758936886418,62,2.2101975325441552e-05,5,5,Internal
DE,FCX,0.408269047370497,62,0.0010895925532081198,5,2,External
DE,FTV,0.4462200015666973,62,0.0003129003653319979,5,5,Internal
DE,GM,0.5048309806737515,62,3.340542340175496e-05,5,5,Internal
DE,GOOG,-0.413552436261563,62,0.0009237526054284875,5,11,External
DE,GOOGL,-0.4098116446684132,62,0.0010385979706766073,5,11,External
DE,GPC,0.48288249468289735,62,8.098766541857571e-05,5,5,Internal
DE,GWW,0.45672162463759214,62,0.00021576488357103138,5,5,Internal
DE,HD,0.5131472597948483,62,2.3500321567290762e-05,5,5,Internal
DE,HWM,0.4079482307506847,62,0.0011004771346950829,5,5,Internal
DE,IEX,0.5453440165014355,62,5.500641695459878e-06,5,5,Internal
DE,IP,0.42986059010256683,62,0.000545426741211511,5,2,External
DE,IR,0.4175439004058001,62,0.0008139639417559654,5,5,Internal
DE,ITW,0.5084860246703237,62,2.865335627920615e-05,5,5,Internal
DE,JCI,0.5605289127829534,62,2.628181668669633e-06,5,5,Internal
DE,LKQ,0.5520224251889372,62,3.9928306707953925e-06,5,5,Internal
DE,LOW,0.49487574936292567,62,5.0294222085126985e-05,5,5,Internal
DE,MAS,0.6035400075818972,62,2.6244424873994423e-07,5,5,Internal
DE,MCHP,0.4018154713190584,62,0.001328280988520467,5,1,External
DE,MHK,0.4120305796106458,62,0.0009690148218410501,5,5,Internal
DE,MMM,0.4161996638191131,62,0.0008495452430424452,5,5,Internal
DE,MOS,0.44063916899718564,62,0.00037940027414987024,5,2,External
DE,MS,0.41598114616718534,62,0.0008554602593484644,5,2,External
DE,NDSN,0.5206863225487197,62,1.6947904019355325e-05,5,5,Internal
DE,NUE,0.4939433928543244,62,5.2225210476322225e-05,5,5,Internal
DE,NXPI,0.4286764449775866,62,0.0005672039563543467,5,1,External
DE,OTIS,0.5051848496826721,62,3.291533193664554e-05,5,5,Internal
DE,PCAR,0.5913359389635994,62,5.22084216027164e-07,5,5,Internal
DE,PH,0.620559017972264,62,9.572649211709739e-08,5,5,Internal
DE,RL,0.44812458482813583,62,0.0002927621192700716,5,5,Internal
DE,ROK,0.411771242851223,62,0.000976924349010277,5,5,Internal
DE,SNA,0.4524485956156583,62,0.0002513577258039219,5,5,Internal
DE,SWK,0.4817965943830258,62,8.448415496416377e-05,5,5,Internal
DE,TDG,0.4345898940580094,62,0.0004658118713104353,5,5,Internal
DE,TEL,0.5717222648229012,62,1.4888569886319705e-06,5,5,Internal
DE,TRMB,0.4262679797323884,62,0.0006139483625855278,5,5,Internal
DE,TSCO,0.42779975888070526,62,0.0005838316530508852,5,5,Internal
DE,TT,0.4297775159033146,62,0.0005469294158066861,5,5,Internal
DE,TXT,0.5799709501988527,62,9.661998537274185e-07,5,5,Internal
DE,URI,0.6457209212948589,62,1.9203118527541173e-08,5,5,Internal
DE,WAB,0.544764700973001,62,5.653819310426264e-06,5,5,Internal
DG,DLTR,0.4776531905846551,62,9.914091697623128e-05,9,9,Internal
DG,HRL,-0.44774644471502667,62,0.00029666372512276816,9,6,External
DG,MTCH,-0.4493391402269205,62,0.00028054500842088545,9,8,External
DG,NTAP,-0.4840440101331972,62,7.73955272671693e-05,9,1,External
DG,ROST,0.4992216348947946,62,4.213294068711703e-05,9,9,Internal
DGX,DPZ,0.44798878329259073,62,0.0002941578835464674,0,0,Internal
DGX,GOOG,-0.40808609774025756,62,0.0010957876754021639,0,11,External
DGX,GOOGL,-0.41233229044549774,62,0.0009598856542883911,0,11,External
DGX,HAS,-0.4266293660259651,62,0.0006067188346358407,0,6,External
DGX,IP,0.4034507862854655,62,0.0012637247795646326,0,2,External
DGX,KDP,0.48342603676591167,62,7.928800441727208e-05,0,0,Internal
DGX,META,-0.44463813648302625,62,0.00033057790112056676,0,6,External
DGX,MPC,0.4342283198136843,62,0.0004715033545969846,0,2,External
DGX,RJF,0.4356511056077829,62,0.00044946615109400914,0,2,External
DGX,URI,0.4471725798408363,62,0.0003026754782009756,0,5,External
DGX,VLO,0.4421813647331342,62,0.0003598434246539022,0,2,External
DGX,WTW,0.41557955114669204,62,0.0008664280594639616,0,0,Internal
DHI,EXPE,0.4040293330228993,62,0.0012415706507903621,5,6,External
DHI,HWM,0.4320224087874136,62,0.0005076165252108694,5,5,Internal
DHI,LEN,0.8592692161077052,62,7.964010323306297e-19,5,5,Internal
DHI,LKQ,0.4352924834445063,62,0.0004549306934666718,5,5,Internal
DHI,MAS,0.5048106003111051,62,3.3433853778427314e-05,5,5,Internal
DHI,NUE,0.4778353603107995,62,9.84502735122995e-05,5,5,Internal
DHI,NVR,0.6612817207210916,62,6.589729248823693e-09,5,5,Internal
DHI,PHM,0.7569218074944624,62,1.6988984955766635e-12,5,5,Internal
DHI,SNA,0.4357919595015607,62,0.00044733624574491167,5,5,Internal
DHR,DOW,0.41617476821915117,62,0.0008502172677405877,0,2,External
DHR,HUBB,-0.42025086889259605,62,0.0007463687091625157,0,5,External
DHR,IQV,0.6402357078219788,62,2.75980681714755e-08,0,0,Internal
DHR,LH,0.5342062591266911,62,9.245160988034761e-06,0,0,Internal
DHR,MSCI,0.5762340174306237,62,1.1769988422351484e-06,0,0,Internal
DHR,MTD,0.7073732368299702,62,1.854092105763341e-10,0,0,Internal
DHR,NTRS,0.474637197765098,62,0.00011124216003136503,0,2,External
DHR,PKG,0.4967262204258367,62,4.665550732961417e-05,0,2,External
DHR,RVTY,0.6339985588391619,62,4.132571447188855e-08,0,0,Internal
DHR,TECH,0.549373619562244,62,4.537562561322508e-06,0,0,Internal
DHR,TMO,0.6496055107904576,62,1.4787796650226866e-08,0,0,Internal
DHR,UPS,0.5793300778583712,62,9.99635004369984e-07,0,0,Internal
DHR,WAT,0.6189867829365879,62,1.053393234193421e-07,0,0,Internal
DHR,WST,0.5485634780042075,62,4.7175397720807595e-06,0,0,Internal
DIS,STE,-0.5593926434874643,62,2.7810432705737905e-06,4,21,External
DIS,WBD,0.46696565054387834,62,0.00014839342921940145,4,4,Internal
DLR,EQIX,0.6390627210992722,62,2.9795857291911964e-08,4,4,Internal
DLR,PLD,0.4052378215967652,62,0.0011964176620410359,4,4,Internal
DLR,VTR,0.4143918347846559,62,0.000899612560591274,4,4,Internal
DLTR,FISV,0.47235554497720456,62,0.0001212829084482334,9,4,External
DLTR,LHX,0.47779244597725534,62,9.861257120096021e-05,9,2,External
DLTR,NVDA,-0.6031435574772422,62,2.6849536318544687e-07,9,1,External
DLTR,SNPS,-0.46289923323661153,62,0.0001724090187740217,9,1,External
DOC,DOV,0.4994012590975682,62,4.182356381702848e-05,4,5,External
DOC,EQR,0.6691383051492836,62,3.748551168985482e-09,4,4,Internal
DOC,ES,0.4080246258890453,62,0.0010978763735625275,4,4,Internal
DOC,ESS,0.7403220073348621,62,9.203922746886624e-12,4,4,Internal
DOC,ETR,0.4769360039778536,62,0.00010190343655758563,4,4,Internal
DOC,EVRG,0.4276516497219039,62,0.0005866840185005212,4,4,Internal
DOC,FISV,0.4078355217579235,62,0.0011043242822674347,4,4,Internal
DOC,FRT,0.74964493816218,62,3.6213124792234786e-12,4,4,Internal
DOC,GEN,0.4057612823260707,62,0.0011773223860747821,4,4,Internal
DOC,GRMN,0.43525850517171405,62,0.0004554515600532118,4,5,External
DOC,HD,0.4740125098140013,62,0.00011391239703493298,4,5,External
DOC,HIG,0.4222125645518017,62,0.0007006026004044409,4,4,Internal
DOC,IFF,0.4497699702511702,62,0.00027632437988601126,4,4,Internal
DOC,INVH,0.42062524307979243,62,0.0007374312252423601,4,4,Internal
DOC,IRM,0.545639070668809,62,5.424121572741339e-06,4,4,Internal
DOC,JBHT,0.42824614785747955,62,0.0005753107577720839,4,5,External
DOC,KIM,0.6701983741409723,62,3.4693008470037474e-09,4,4,Internal
DOC,LNT,0.4762445028614437,62,0.00010463385916566899,4,4,Internal
DOC,MAA,0.6717397817628181,62,3.098205228733446e-09,4,4,Internal
DOC,MHK,0.612279603842579,62,1.5752145612930004e-07,4,5,External
DOC,MTB,0.5035059214425051,62,3.530115705586781e-05,4,2,External
DOC,NI,0.4129034848808316,62,0.0009428146733110464,4,4,Internal
DOC,O,0.6582676354688553,62,8.146115887032228e-09,4,4,Internal
DOC,PAYX,0.44508152737625106,62,0.00032553332802253256,4,4,Internal
DOC,PEG,0.42389377229272107,62,0.0006634183933115047,4,4,Internal
DOC,PFG,0.4073679458234389,62,0.0011204139681991825,4,2,External
DOC,PLD,0.5993075235060611,62,3.3422328742828357e-07,4,4,Internal
DOC,PNW,0.4311644178164921,62,0.0005223283000724949,4,4,Internal
DOC,POOL,0.41197358108394416,62,0.0009707482533648142,4,5,External
DOC,PPL,0.4979617843118713,62,4.436299407343683e-05,4,4,Internal
DOC,PRU,0.43719702214476536,62,0.00042658651829805656,4,2,External
DOC,PSA,0.4399769080720111,62,0.0003880916565042802,4,4,Internal
DOC,REG,0.7054269270048733,62,2.1856091301295036e-10,4,4,Internal
DOC,RF,0.4213102558780828,62,0.0007213281149482903,4,2,External
DOC,SBAC,0.41853606741214877,62,0.0007885717560776111,4,4,Internal
DOC,SPG,0.6562845794915737,62,9.353432289073947e-09,4,4,Internal
DOC,SRE,0.4228656583144361,62,0.0006859393295099485,4,4,Internal
DOC,SWK,0.49401460789719254,62,5.207533891645515e-05,4,5,External
DOC,TRMB,0.48297376674334586,62,8.06999336086148e-05,4,5,External
DOC,TROW,0.4652925409458602,62,0.00015787639536978394,4,2,External
DOC,UDR,0.6353160583453179,62,3.797599681395452e-08,4,4,Internal
DOC,USB,0.48203528499515497,62,8.370389241385934e-05,4,2,External
DOC,VICI,0.5767489020410932,62,1.1455916007140415e-06,4,4,Internal
DOC,VTR,0.7372709154332479,62,1.2383348853719752e-11,4,4,Internal
DOC,WELL,0.6281676493730456,62,5.979095080821974e-08,4,4,Internal
DOV,DOW,0.5438909563238226,62,5.8923846545488944e-06,5,2,External
DOV,EMR,0.6232629379838226,62,8.110018266604206e-08,5,5,Internal
DOV,ESS,0.44081308474259767,62,0.00037714740868058654,5,4,External
DOV,ETN,0.5084695738543035,62,2.867326540211599e-05,5,5,Internal
DOV,EXPD,0.64433918196876,62,2.1054497758482827e-08,5,5,Internal
DOV,F,0.43983593586001607,62,0.0003899649822848183,5,5,Internal
DOV,FAST,0.43200926381378074,62,0.0005078390513377459,5,5,Internal
DOV,FISV,0.40418194799015755,62,0.0012357851427592082,5,4,External
DOV,FRT,0.5048039628517993,62,3.344311779058176e-05,5,4,External
DOV,FTV,0.6267618499690667,62,6.52853025717852e-08,5,5,Internal
DOV,GD,0.4728265364342037,62,0.00011914451043707249,5,2,External
DOV,GE,0.45233981368441356,62,0.00025233009314981175,5,5,Internal
DOV,GL,0.554457494839572,62,3.5464974062619385e-06,5,5,Internal
DOV,GM,0.5662352448162496,62,1.9722755224713883e-06,5,5,Internal
DOV,GOOG,-0.5170702632429903,62,1.9843832521262292e-05,5,11,External
DOV,GOOGL,-0.5161805351593928,62,2.0623529272850176e-05,5,11,External
DOV,GPC,0.5487907981744944,62,4.666378667059071e-06,5,5,Internal
DOV,GRMN,0.42521217257914373,62,0.0006355192946521126,5,5,Internal
DOV,GS,0.4599074239504231,62,0.00019229672307373728,5,2,External
DOV,GWW,0.5058145000798373,62,3.2059710255545295e-05,5,5,Internal
DOV,HAL,0.4527843505858213,62,0.0002483780643718295,5,2,External
DOV,HBAN,0.4079711327992837,62,0.0010996968859685635,5,2,External
DOV,HD,0.6031064544928127,62,2.6906833978386146e-07,5,5,Internal
DOV,HIG,0.49109076932642964,62,5.856632415205383e-05,5,4,External
DOV,HII,0.4898243460794059,62,6.160294057959305e-05,5,2,External
DOV,HON,0.6306906367721934,62,5.1007512351076746e-08,5,5,Internal
DOV,HPQ,0.4701304152075847,62,0.00013187016502236903,5,5,Internal
DOV,HWM,0.521728863793933,62,1.6188945984727938e-05,5,5,Internal
DOV,IEX,0.7145563316873093,62,9.9858080776182e-11,5,5,Internal
DOV,IFF,0.42109298877631796,62,0.0007264007781782736,5,4,External
DOV,IP,0.5284177802565835,62,1.2022233436113746e-05,5,2,External
DOV,IR,0.6318748527717417,62,4.731867799516777e-08,5,5,Internal
DOV,IRM,0.5151730017785272,62,2.1540713078153532e-05,5,4,External
DOV,ITW,0.6860244876783602,62,1.0509064842836934e-09,5,5,Internal
DOV,IVZ,0.4110695117546617,62,0.0009986192985209875,5,2,External
DOV,J,0.42890141174743934,62,0.000563006958249305,5,5,Internal
DOV,JBHT,0.5863975962246305,62,6.841491180493286e-07,5,5,Internal
DOV,JCI,0.613175777113519,62,1.4935715808038983e-07,5,5,Internal
DOV,KIM,0.43198904557067314,62,0.0005081814909831505,5,4,External
DOV,KMI,0.45112791621960574,62,0.00026339765535596097,5,2,External
DOV,L,0.4931582131544547,62,5.3904214757158885e-05,5,5,Internal
DOV,LHX,0.413202365433742,62,0.0009339918049022825,5,2,External
DOV,LKQ,0.5474859393798405,62,4.967249836820271e-06,5,5,Internal
DOV,LOW,0.54270660260574,62,6.230756991778966e-06,5,5,Internal
DOV,LYB,0.5199922693043288,62,1.747133544595136e-05,5,2,External
DOV,MAS,0.5927754003332919,62,4.821121921187764e-07,5,5,Internal
DOV,MCHP,0.4063754613625739,62,0.0011552678493989025,5,1,External
DOV,MET,0.448006998256314,62,0.0002939703187914514,5,2,External
DOV,MHK,0.6323436521389884,62,4.592915092771845e-08,5,5,Internal
DOV,MMM,0.6184303402037769,62,1.0895422501885775e-07,5,5,Internal
DOV,MO,0.40554115148585057,62,0.0011853188411301183,5,2,External
DOV,MOS,0.5752891169471773,62,1.2367453915354357e-06,5,2,External
DOV,MPC,0.4000362284519477,62,0.0014018722986532815,5,2,External
DOV,MS,0.46124906958970063,62,0.00018313209398720232,5,2,External
DOV,MSFT,-0.5651158645798178,62,2.0874239776134036e-06,5,1,External
DOV,NDSN,0.7684580824645055,62,4.840219506577681e-13,5,5,Internal
DOV,NOW,-0.4617920386277323,62,0.00017953818553015764,5,1,External
DOV,NSC,0.5358930703553481,62,8.556103589560748e-06,5,5,Internal
DOV,NUE,0.5964570197991229,62,3.925579200381907e-07,5,5,Internal
DOV,ODFL,0.47159385484824484,62,0.00012481584085109943,5,5,Internal
DOV,OTIS,0.6985928308452458,62,3.854183382518777e-10,5,5,Internal
DOV,PAYX,0.4818240856084524,62,8.439394824124556e-05,5,4,External
DOV,PCAR,0.6555279116324003,62,9.8572581274192e-09,5,5,Internal
DOV,PEG,0.42561440130116995,62,0.0006272217775610085,5,4,External
DOV,PFG,0.6055591144578587,62,2.3356561346529885e-07,5,2,External
DOV,PH,0.6867643613931071,62,9.920209862746065e-10,5,5,Internal
DOV,PKG,0.4274175907810997,62,0.0005912174226287821,5,2,External
DOV,PNR,0.5684536135221174,62,1.761417667965882e-06,5,5,Internal
DOV,POOL,0.4878795321040945,62,6.654988360708815e-05,5,5,Internal
DOV,PPG,0.4905862733470462,62,5.975906050084143e-05,5,2,External
DOV,PRU,0.5318133279369954,62,1.031158506883164e-05,5,2,External
DOV,PSX,0.4591660641880803,62,0.00019753911121945869,5,2,External
DOV,PWR,0.4456385682438869,62,0.0003192952170923262,5,5,Internal
DOV,REG,0.4695989374989117,62,0.00013452136913679117,5,4,External
DOV,RL,0.4008448420158056,62,0.0013679849761396472,5,5,Internal
DOV,ROK,0.6704865632408041,62,3.396863377173374e-09,5,5,Internal
DOV,RTX,0.40139746018329164,62,0.0013452511467947818,5,2,External
DOV,SLB,0.4223411422693496,62,0.0006976935362086138,5,2,External
DOV,SNA,0.577525675213963,62,1.099692073539286e-06,5,5,Internal
DOV,SPG,0.45517717991907836,62,0.00022805989356210248,5,4,External
DOV,SWK,0.6830369813231372,62,1.3241708292201709e-09,5,5,Internal
DOV,TDY,0.6052259908183214,62,2.381145806466568e-07,5,5,Internal
DOV,TEL,0.6688804201099617,62,3.8196365380783765e-09,5,5,Internal
DOV,TPL,0.43633579531490047,62,0.0004391985233414452,5,2,External
DOV,TRGP,0.42171671056313426,62,0.0007119243728952656,5,2,External
DOV,TRMB,0.5390582693031982,62,7.390347204262811e-06,5,5,Internal
DOV,TT,0.42864948945322945,62,0.0005677087400826425,5,5,Internal
DOV,TXT,0.712324407060558,62,1.212714755809535e-10,5,5,Internal
DOV,UNP,0.4661646468672416,62,0.00015286624295317828,5,5,Internal
DOV,URI,0.5631895918212177,62,2.300417623802922e-06,5,5,Internal
DOV,VLO,0.40701697616025445,62,0.001132629509747127,5,2,External
DOV,VTR,0.5649353224194253,62,2.106574583200166e-06,5,4,External
DOV,WAB,0.8286388724126088,62,1.6838510508977422e-16,5,5,Internal
DOV,WELL,0.4057165142022243,62,0.0011789446849937667,5,4,External
DOV,WFC,0.4361811233242982,62,0.00044149916053609715,5,2,External
DOV,WMB,0.4188827829393714,62,0.0007798686800406095,5,2,External
DOV,XYL,0.4221418704039239,62,0.0007022067255410059,5,5,Internal
DOW,DVN,0.5570111248655988,62,3.128770809199071e-06,2,2,Internal
DOW,EMR,0.4172830521911068,62,0.0008207612813081698,2,5,External
DOW,EOG,0.5303902102966485,62,1.0998941951528098e-05,2,2,Internal
DOW,ESS,0.41398805605801786,62,0.0009111527149084802,2,4,External
DOW,EXR,0.4224852894092876,62,0.0006944452185851368,2,4,External
DOW,FANG,0.4927608687703709,62,5.477273553743738e-05,2,2,Internal
DOW,FICO,-0.4173551873516266,62,0.000818876427030341,2,10,External
DOW,FITB,0.5020283344832872,62,3.7532160872401045e-05,2,2,Internal
DOW,FRT,0.4391453989014122,62,0.00039926071796481425,2,4,External
DOW,GL,0.544201445119232,62,5.8065550354408155e-06,2,5,External
DOW,GM,0.5040265538919243,62,3.454473705821304e-05,2,5,External
DOW,HAL,0.5457999730099237,62,5.382812069503413e-06,2,2,Internal
DOW,HIG,0.4575508624156523,62,0.00020941653349688046,2,4,External
DOW,IFF,0.4823916153697176,62,8.255140918753282e-05,2,4,External
DOW,IP,0.6422776456944681,62,2.4133005049871887e-08,2,2,Internal
DOW,IR,0.4673356960183631,62,0.00014636789741973504,2,5,External
DOW,IRM,0.4090161724621863,62,0.0010646192844149971,2,4,External
DOW,JBHT,0.4241090827965701,62,0.0006587876683068508,2,5,External
DOW,KMI,0.6328931332725637,62,4.434951521277361e-08,2,2,Internal
DOW,LH,0.4889729883963687,62,6.372521637159339e-05,2,0,External
DOW,LKQ,0.40261618685354006,62,0.0012963103625970509,2,5,External
DOW,LYB,0.8210747449550868,62,5.37522025421954e-16,2,2,Internal
DOW,MAS,0.4944904398525952,62,5.1084096684246025e-05,2,5,External
DOW,MHK,0.4911666924061382,62,5.838873871383913e-05,2,5,External
DOW,MMM,0.486181864205257,62,7.116479907450024e-05,2,5,External
DOW,MOS,0.4883570437174559,62,6.530245328517199e-05,2,2,Internal
DOW,MPC,0.435754717899424,62,0.00044789849608016296,2,2,Internal
DOW,MTB,0.414940158747605,62,0.0008841525206213962,2,2,Internal
DOW,NDSN,0.45676085846702197,62,0.00021546060070738471,2,5,External
DOW,NTRS,0.5186000793867843,62,1.856679893415435e-05,2,2,Internal
DOW,NUE,0.4751297309386313,62,0.00010917750174170321,2,5,External
DOW,OKE,0.41291835122458465,62,0.0009423740520282975,2,2,Internal
DOW,OTIS,0.4983619392723381,62,4.364313694049313e-05,2,5,External
DOW,OXY,0.4385374234645648,62,0.00040761148098259744,2,2,Internal
DOW,PFG,0.6050117790892527,62,2.4108363521911354e-07,2,2,Internal
DOW,PH,0.5075595089383834,62,2.979480951809576e-05,2,5,External
DOW,PKG,0.587629560104659,62,6.397976069319799e-07,2,2,Internal
DOW,PLD,0.4498317626708877,62,0.000275723805898863,2,4,External
DOW,POOL,0.4307709666869031,62,0.0005292032803746117,2,5,External
DOW,PRU,0.4894619615265048,62,6.249820212107247e-05,2,2,Internal
DOW,PSX,0.5121666672233478,62,2.4507098398090244e-05,2,2,Internal
DOW,RJF,0.43776807514053845,62,0.00041840645043325484,2,2,Internal
DOW,RVTY,0.4067763468878092,62,0.0011410738023038608,2,0,External
DOW,SLB,0.541658222013159,62,6.54530308143162e-06,2,2,Internal
DOW,SPG,0.4534051402712149,62,0.0002429537002987234,2,4,External
DOW,SWK,0.590150229301766,62,5.573258263438911e-07,2,5,External
DOW,TPL,0.48501786817431547,62,7.449745117021249e-05,2,2,Internal
DOW,TRGP,0.5334283117110448,62,9.580044344373855e-06,2,2,Internal
DOW,TRMB,0.4471239881465501,62,0.00030318958854141974,2,5,External
DOW,UPS,0.4161320676108781,62,0.000851371034040654,2,0,External
DOW,URI,0.42889620489290764,62,0.0005631037784038153,2,5,External
DOW,USB,0.4054854687953823,62,0.0011873492966160526,2,2,Internal
DOW,VLO,0.4199314995278861,62,0.000754070379289245,2,2,Internal
DOW,WAB,0.5034834003967787,62,3.533422065788437e-05,2,5,External
DOW,WMB,0.5543208883651117,62,3.5702488028310553e-06,2,2,Internal
DOW,XOM,0.4615915261396387,62,0.00018085778554310472,2,2,Internal
DPZ,HAS,-0.4101700310893448,62,0.0010270629626023188,0,6,External
DPZ,KDP,0.5062095613728368,62,3.153342468202356e-05,0,0,Internal
DPZ,KLAC,-0.400183145920984,62,0.0013956598039692224,0,1,External
DPZ,KVUE,0.45192372141103887,39,0.0043948891472452975,0,6,External
DPZ,META,-0.4357304288789414,62,0.00044826554251648214,0,6,External
DPZ,ROP,-0.40886522505865713,62,0.0010696228467112904,0,6,External
DPZ,WTW,0.4886542558553071,62,6.45369496293084e-05,0,0,Internal
DRI,SWK,0.4297012390842732,62,0.0005483124440859537,5,5,Internal
DRI,TRMB,0.4615152316756674,62,0.00018136221817010212,5,5,Internal
DTE,DUK,0.8082786015079654,62,3.4003278362841983e-15,4,4,Internal
DTE,ED,0.7588538424692682,62,1.3834524929946195e-12,4,4,Internal
DTE,EIX,0.7486522747279417,62,4.0071642730757635e-12,4,4,Internal
DTE,EQR,0.48118298052964986,62,8.652084201711831e-05,4,4,Internal
DTE,ES,0.7931807761940873,62,2.52953197131792e-14,4,4,Internal
DTE,ETR,0.80209565528882,62,7.897003759860015e-15,4,4,Internal
DTE,EVRG,0.8183259449876764,62,8.08645958237648e-16,4,4,Internal
DTE,EXC,0.7337590425150425,62,1.7337517937848192e-11,4,4,Internal
DTE,FE,0.7293404974047627,62,2.6281180390907522e-11,4,4,Internal
DTE,JNJ,0.47281103851369743,62,0.00011921431964348333,4,4,Internal
DTE,KHC,0.432209717289853,62,0.0005044552577132919,4,6,External
DTE,KMI,0.5624589748927479,62,2.386392501631212e-06,4,2,External
DTE,KO,0.4168079529262806,62,0.000833273639889597,4,6,External
DTE,LHX,0.47928798726096333,62,9.309931557369615e-05,4,2,External
DTE,LNT,0.8314951826287375,62,1.0703463153225579e-16,4,4,Internal
DTE,MAA,0.46361307800089835,62,0.00016795111274215416,4,4,Internal
DTE,NEE,0.5929761220113638,62,4.767723962807621e-07,4,4,Internal
DTE,NI,0.7629462634784988,62,8.896911336431991e-13,4,4,Internal
DTE,NOW,-0.41098828985718605,62,0.0010011582307358892,4,1,External
DTE,O,0.4812345857941722,62,8.634783112208023e-05,4,4,Internal
DTE,PCG,0.5928492651093257,62,4.801406707639755e-07,4,4,Internal
DTE,PEG,0.7502368870059175,62,3.4083763184252478e-12,4,4,Internal
DTE,PNW,0.800470844444379,62,9.806158712621563e-15,4,4,Internal
DTE,PPL,0.8237677636503664,62,3.5783022677439583e-16,4,4,Internal
DTE,SJM,0.5002387827050799,62,4.0408568420214296e-05,4,4,Internal
DTE,SO,0.6837440320109168,62,1.2539892534780299e-09,4,4,Internal
DTE,SRE,0.7352354509344032,62,1.5060023001973793e-11,4,4,Internal
DTE,UDR,0.44042218570065206,62,0.00038222820287486564,4,4,Internal
DTE,WEC,0.8509548080522689,62,3.829581428214203e-18,4,4,Internal
DTE,WELL,0.4213272876467326,62,0.0007209318223664299,4,4,Internal
DTE,WMT,0.453460929479233,62,0.00024247156298070453,4,4,Internal
DTE,XEL,0.7018326314302843,62,2.9512311065135077e-10,4,4,Internal
DTE,XYL,0.4606879952837059,62,0.00018691494267898944,4,5,External
DUK,ED,0.862230331451335,62,4.442659656113524e-19,4,4,Internal
DUK,EIX,0.8003957088642629,62,9.904362931234554e-15,4,4,Internal
DUK,EQR,0.512750708295518,62,2.3902754623055063e-05,4,4,Internal
DUK,ES,0.8503004529333303,62,4.315835452125387e-18,4,4,Internal
DUK,ESS,0.45002719580512085,62,0.00027383218366959207,4,4,Internal
DUK,ETR,0.8550728119794971,62,1.78098060154779e-18,4,4,Internal
DUK,EVRG,0.8750786421164942,62,2.9876665240620217e-20,4,4,Internal
DUK,EXC,0.7422292130073642,62,7.629711780302308e-12,4,4,Internal
DUK,EXR,0.5343845185093865,62,9.169975236334663e-06,4,4,Internal
DUK,FE,0.7220231465822139,62,5.1429455461553966e-11,4,4,Internal
DUK,FRT,0.40913508663984954,62,0.0010606924139390805,4,4,Internal
DUK,INVH,0.44463834755386317,62,0.00033057548285558326,4,4,Internal
DUK,IRM,0.46114616871617053,62,0.00018382057401414021,4,4,Internal
DUK,JNJ,0.473059948772424,62,0.00011809765272759362,4,4,Internal
DUK,KMI,0.46709224513823056,62,0.0001476976089445025,4,2,External
DUK,KO,0.40973478874454833,62,0.0010410868059156436,4,6,External
DUK,LHX,0.40028892409021316,62,0.0013912022332604516,4,2,External
DUK,LNT,0.9061082292285804,62,1.0299593413514075e-23,4,4,Internal
DUK,MAA,0.5168109003545955,62,2.0068249439052053e-05,4,4,Internal
DUK,NEE,0.6676412216970841,62,4.1794035418330565e-09,4,4,Internal
DUK,NI,0.839515406196124,62,2.8625015648674215e-17,4,4,Internal
DUK,O,0.5861015672256229,62,6.952280540304345e-07,4,4,Internal
DUK,PCG,0.5606245237175501,62,2.615684053642427e-06,4,4,Internal
DUK,PEG,0.7634690464835241,62,8.403708609201342e-13,4,4,Internal
DUK,PNW,0.7682669989749632,62,4.944833340098004e-13,4,4,Internal
DUK,PPL,0.8388937662295441,62,3.178726005961244e-17,4,4,Internal
DUK,PSA,0.4519433969168508,62,0.0002559026846294738,4,4,Internal
DUK,SBAC,0.48009893256772834,62,9.022975295113862e-05,4,4,Internal
DUK,SJM,0.5529419626493853,62,3.818458394289638e-06,4,4,Internal
DUK,SO,0.7777995060569449,62,1.6587910191855297e-13,4,4,Internal
DUK,SRE,0.740928036096034,62,8.672887389926186e-12,4,4,Internal
DUK,UDR,0.4775950849471932,62,9.936214288310528e-05,4,4,Internal
DUK,VICI,0.4702541556284109,62,0.0001312598252044554,4,4,Internal
DUK,WEC,0.8989434131305389,62,8.12882114845645e-23,4,4,Internal
DUK,WELL,0.4099057538415089,62,0.0010355577260096954,4,4,Internal
DUK,XEL,0.7970633048461807,62,1.5344040342008335e-14,4,4,Internal
DVA,MCK,0.46860684471770736,62,0.00013960156506260488,6,6,Internal
DVA,PYPL,-0.461687314857392,62,0.00018022628288355446,6,4,External
DVA,TDG,0.5439259370209838,62,5.882656034501334e-06,6,5,External
DVN,EOG,0.8413138907037968,62,2.1085897740111224e-17,2,2,Internal
DVN,EQT,0.4259913053488548,62,0.000619535903765385,2,2,Internal
DVN,FANG,0.8650098836883153,62,2.5368224139828187e-19,2,2,Internal
DVN,FICO,-0.40236406717419826,62,0.0013063014562480504,2,10,External
DVN,FITB,0.43563312592594,62,0.00044973869116070477,2,2,Internal
DVN,GD,0.5975004623836689,62,3.701749381672025e-07,2,2,Internal
DVN,GL,0.4097412085019623,62,0.0010408787085142977,2,5,External
DVN,HAL,0.798209300143015,62,1.3211758638446094e-14,2,2,Internal
DVN,HBAN,0.4368009289020012,62,0.0004323455119328131,2,2,Internal
DVN,HII,0.4705537700906258,62,0.00012979272395803037,2,2,Internal
DVN,IFF,0.4398222064552206,62,0.00039014786620265494,2,4,External
DVN,INCY,0.4171912380205441,62,0.0008231660085761648,2,4,External
DVN,IP,0.49401828083728355,62,5.206762001479931e-05,2,2,Internal
DVN,KEY,0.4186827859502901,62,0.0007848782418196096,2,2,Internal
DVN,KMI,0.6634372289923084,62,5.654215659086465e-09,2,2,Internal
DVN,LDOS,0.4067250548862133,62,0.0011428810815563009,2,2,Internal
DVN,LHX,0.44806714378340046,62,0.00029335175761324586,2,2,Internal
DVN,LMT,0.42217444561421075,62,0.0007014671469391612,2,2,Internal
DVN,LYB,0.6062282492278374,62,2.2467416746914922e-07,2,2,Internal
DVN,MO,0.5664694868142381,62,1.948943813065171e-06,2,2,Internal
DVN,MOS,0.488875868351679,62,6.39715545298659e-05,2,2,Internal
DVN,MPC,0.5442973173727036,62,5.780289080649961e-06,2,2,Internal
DVN,MSFT,-0.5165881941869938,62,2.026282448041022e-05,2,1,External
DVN,NOC,0.4883621836885414,62,6.528914388711943e-05,2,2,Internal
DVN,NTRS,0.40414206215408877,62,0.00123729483649765,2,2,Internal
DVN,OKE,0.4567001879220671,62,0.000215931304674814,2,2,Internal
DVN,OXY,0.6418108462816914,62,2.4886838465365944e-08,2,2,Internal
DVN,PCAR,0.4214821079760408,62,0.0007173385118173375,2,5,External
DVN,PFG,0.5023783673037584,62,3.6992168689762585e-05,2,2,Internal
DVN,PKG,0.47993092510024243,62,9.08174841927579e-05,2,2,Internal
DVN,PM,0.46492492056443296,62,0.00016003307654193082,2,2,Internal
DVN,PPG,0.464500983443781,62,0.00016255365106430624,2,2,Internal
DVN,PRU,0.5136405629199855,62,2.300846609042734e-05,2,2,Internal
DVN,PSX,0.606711037745645,62,2.1845773281647e-07,2,2,Internal
DVN,RF,0.5253211402896515,62,1.3808740060479306e-05,2,2,Internal
DVN,RTX,0.518401898794055,62,1.87278215023794e-05,2,2,Internal
DVN,SLB,0.7408823761493404,62,8.711856926505244e-12,2,2,Internal
DVN,TFC,0.44663188628307865,62,0.00030844119140282914,2,2,Internal
DVN,TPL,0.6845045002707503,62,1.1824513054261882e-09,2,2,Internal
DVN,TRGP,0.7701093461799892,62,4.0201644467507313e-13,2,2,Internal
DVN,USB,0.44040406182319125,62,0.0003824652762968104,2,2,Internal
DVN,VLO,0.4645433153351988,62,0.00016230033593923394,2,2,Internal
DVN,WFC,0.40968294225486,62,0.0010427687924995895,2,2,Internal
DVN,WMB,0.5320448331583875,62,1.0203622691087063e-05,2,2,Internal
DVN,XOM,0.7991799403683285,62,1.16304857490891e-14,2,2,Internal
DXCM,EW,0.4702725055229632,62,0.00013116953687162015,0,0,Internal
DXCM,FDX,-0.40168379262833653,62,0.0013336059227356937,0,5,External
DXCM,ISRG,0.46480870999837814,62,0.00016072043372836466,0,0,Internal
DXCM,KLAC,-0.44411128287831125,62,0.0003366646299437274,0,1,External
DXCM,MCO,0.4099195078165474,62,0.0010351140693804553,0,0,Internal
DXCM,PODD,0.46448688629093776,62,0.00016263808917786163,0,0,Internal
DXCM,PTC,0.45834649447496784,62,0.0002034865321803749,0,0,Internal
EA,TTWO,0.4010389585542553,62,0.0013599603025565721,1,1,Internal
ECL,HWM,0.405606173282643,62,0.0011829517929635236,6,5,External
ECL,MAR,0.41212146379240994,62,0.000966256639338142,6,6,Internal
ECL,MCD,0.42615026691869845,62,0.0006163200096210568,6,6,Internal
ECL,NEM,0.48771638898296554,62,6.698108013296012e-05,6,6,Internal
ECL,ROL,0.44704944629983806,62,0.00030397980524364814,6,6,Internal
ECL,SHW,0.4155586704787153,62,0.000867001780974897,6,5,External
ECL,SJM,0.4203677092281145,62,0.0007435689023832653,6,4,External
ECL,TAP,0.5497646615253255,62,4.453001842138414e-06,6,6,Internal
ECL,UBER,0.41815199982752893,62,0.0007983148544498417,6,6,Internal
ECL,YUM,0.47323879498210736,62,0.00011730124864284395,6,6,Internal
ED,EIX,0.801338350356303,62,8.73774503766003e-15,4,4,Internal
ED,EQR,0.4607070650301639,62,0.00018678520595756374,4,4,Internal
ED,ES,0.8066886855691836,62,4.235184178681082e-15,4,4,Internal
ED,ETR,0.8276948838906122,62,1.9522856018780124e-16,4,4,Internal
ED,EVRG,0.8412385110523205,62,2.1359406290958163e-17,4,4,Internal
ED,EXC,0.7749543178696149,62,2.310934996134766e-13,4,4,Internal
ED,EXR,0.4216911219909623,62,0.0007125131015838712,4,4,Internal
ED,FE,0.6748114690898215,62,2.4679105823362973e-09,4,4,Internal
ED,GIS,0.4544509380208907,62,0.00023405990792341286,4,6,External
ED,HSY,0.41540519620508853,62,0.0008712292117626624,4,6,External
ED,INVH,0.45158947813673234,62,0.00025913124743968187,4,4,Internal
ED,JNJ,0.42583053689723055,62,0.0006228038132002987,4,4,Internal
ED,LNT,0.8189427365444998,62,7.38280615415437e-16,4,4,Internal
ED,MAA,0.45557827447449384,62,0.00022480675557043692,4,4,Internal
ED,NEE,0.5780462458439993,62,1.0699022229004944e-06,4,4,Internal
ED,NI,0.7738139701621073,62,2.6358187083953567e-13,4,4,Internal
ED,O,0.5001616345508467,62,4.053703567076064e-05,4,4,Internal
ED,PCG,0.5961510610118916,62,3.993583864370145e-07,4,4,Internal
ED,PEG,0.668346875678726,62,3.970782404783822e-09,4,4,Internal
ED,PEP,0.4136234120837821,62,0.0009216890327472554,4,6,External
ED,PNW,0.7736531695062395,62,2.685001330345398e-13,4,4,Internal
ED,PPL,0.7622906025632047,62,9.554624024339022e-13,4,4,Internal
ED,SJM,0.5656185966237659,62,2.0349522809501394e-06,4,4,Internal
ED,SO,0.7429005017740246,62,7.139456086246431e-12,4,4,Internal
ED,SRE,0.7254407242654414,62,3.7687142833305206e-11,4,4,Internal
ED,WEC,0.8395576176006858,62,2.842160728648533e-17,4,4,Internal
ED,WMT,0.40549297088622493,62,0.001187075552399893,4,4,Internal
ED,XEL,0.8019315180739249,62,8.072373207129697e-15,4,4,Internal
EFX,MAS,0.43857540293364405,62,0.0004070852020467259,5,5,Internal
EFX,SNA,0.4916717388935655,62,5.7220009417451354e-05,5,5,Internal
EG,GL,0.40958607225859883,62,0.001045917981405716,6,5,External
EG,HIG,0.4749321149845281,62,0.00011000162441160065,6,4,External
EG,TRV,0.5565281431052115,62,3.204071660089217e-06,6,0,External
EIX,EQR,0.49740178078772185,62,4.5388836385464115e-05,4,4,Internal
EIX,ES,0.7825339602856068,62,9.45005595248598e-14,4,4,Internal
EIX,ESS,0.4592278557976571,62,0.0001970972181875794,4,4,Internal
EIX,ETR,0.8304852245267844,62,1.2575365462539525e-16,4,4,Internal
EIX,EVRG,0.7508761308155708,62,3.1918618968781416e-12,4,4,Internal
EIX,EXC,0.7449922766905314,62,5.797171995292684e-12,4,4,Internal
EIX,EXR,0.4702352521293118,62,0.00013135289712188833,4,4,Internal
EIX,FE,0.5806695404083033,62,9.309491437126137e-07,4,4,Internal
EIX,FRT,0.41395218345612966,62,0.0009121844034240484,4,4,Internal
EIX,GD,0.4303805682906206,62,0.0005361060000899051,4,2,External
EIX,GOOG,-0.41549584731797223,62,0.0008687299927372719,4,11,External
EIX,HIG,0.4125458938295714,62,0.0009534694324658724,4,4,Internal
EIX,INVH,0.4579013743344702,62,0.00020678488649898157,4,4,Internal
EIX,KMI,0.5077337484042712,62,2.9576986981221885e-05,4,2,External
EIX,KO,0.40645894662216914,62,0.001152298872206764,4,6,External
EIX,LHX,0.4548924257719204,62,0.00023039549453463096,4,2,External
EIX,LNT,0.7689074335182138,62,4.602479032945591e-13,4,4,Internal
EIX,MAA,0.5142360915009896,62,2.2427400257743e-05,4,4,Internal
EIX,NEE,0.6103944079785419,62,1.7608737632970228e-07,4,4,Internal
EIX,NI,0.758232270210209,62,1.4782678426301357e-12,4,4,Internal
EIX,NOC,0.4056131060935064,62,0.0011826996626388066,4,2,External
EIX,O,0.6061911468308083,62,2.25158724475215e-07,4,4,Internal
EIX,PCG,0.675077445577649,62,2.4194735194766177e-09,4,4,Internal
EIX,PEG,0.655045041824135,62,1.0192085084758044e-08,4,4,Internal
EIX,PNW,0.6990744569309105,62,3.705060848908287e-10,4,4,Internal
EIX,PPL,0.7660663494747805,62,6.316393577355294e-13,4,4,Internal
EIX,PSA,0.4866690694130386,62,6.981110168221271e-05,4,4,Internal
EIX,SBAC,0.41430314424806247,62,0.0009021360013020276,4,4,Internal
EIX,SBUX,0.40215730065810473,62,0.001314546883591488,4,6,External
EIX,SJM,0.5247239714899946,62,1.4180435193839407e-05,4,4,Internal
EIX,SO,0.6708235528231068,62,3.313977848289763e-09,4,4,Internal
EIX,SPG,0.5387077524936602,62,7.511746279283612e-06,4,4,Internal
EIX,SRE,0.7050759558815888,62,2.2510959798162307e-10,4,4,Internal
EIX,UDR,0.4683508192154699,62,0.00014094085835072352,4,4,Internal
EIX,VICI,0.4665230021091659,62,0.0001508501214934483,4,4,Internal
EIX,WEC,0.800746833104682,62,9.453374680320206e-15,4,4,Internal
EIX,WELL,0.47939088913244127,62,9.273060025528081e-05,4,4,Internal
EIX,XEL,0.7263666255900141,62,3.461517540807753e-11,4,4,Internal
EL,GNRC,-0.43853208983018266,62,0.00040768543834375953,6,5,External
EL,KVUE,0.43225013446119853,39,0.006725370230720583,6,6,Internal
EL,LLY,-0.5029051038253852,62,3.6193102982074613e-05,6,6,Internal
EL,SBUX,0.6651354095367941,62,5.007292724037214e-09,6,6,Internal
EL,TT,0.5290285821667213,62,1.169626341420627e-05,6,5,External
EL,VRSK,-0.6570157502888778,62,8.889812174369164e-09,6,6,Internal
ELV,HUM,0.834749828285434,62,6.320843857492124e-17,6,6,Internal
ELV,ISRG,-0.4083415741911003,62,0.0010871453640177902,6,0,External
ELV,MO,0.4279356522373284,62,0.0005812256148651334,6,2,External
ELV,MOH,0.804594156380119,62,5.638365959131297e-15,6,6,Internal
ELV,MRK,0.5385073549408199,62,7.58198430460903e-06,6,6,Internal
ELV,RTX,0.41876812656496604,62,0.0007827370663960697,6,2,External
ELV,TMUS,0.41175209004549534,62,0.0009775107943095502,6,6,Internal
ELV,UNH,0.8344422864801999,62,6.646628250208553e-17,6,6,Internal
EMR,EXPD,0.4788034200911272,62,9.485379979283856e-05,5,5,Internal
EMR,FCX,0.5230360617991722,62,1.5281898607082355e-05,5,2,External
EMR,FTV,0.5173646162033435,62,1.9591960718759276e-05,5,5,Internal
EMR,GL,0.41913295250962174,62,0.0007736430930713293,5,5,Internal
EMR,GM,0.45415651068638074,62,0.0002365332237330882,5,5,Internal
EMR,GNRC,0.45067530734127936,62,0.0002676435011289087,5,5,Internal
EMR,GOOG,-0.40360792602201556,62,0.001257672574652016,5,11,External
EMR,GPC,0.41655388184001646,62,0.0008400354274338746,5,5,Internal
EMR,GRMN,0.40278561915100525,62,0.001289634688821716,5,5,Internal
EMR,GWW,0.4052815263813149,62,0.001194812761643848,5,5,Internal
EMR,HAL,0.45821663247514277,62,0.00020444380528128237,5,2,External
EMR,HD,0.48963078472276833,62,6.207964680733406e-05,5,5,Internal
EMR,HON,0.48656361313191915,62,7.010208326136112e-05,5,5,Internal
EMR,IEX,0.6707356677761804,62,3.335407220691755e-09,5,5,Internal
EMR,IP,0.4769577662990577,62,0.0001018185800323403,5,2,External
EMR,ITW,0.4951375833055814,62,4.976391977839315e-05,5,5,Internal
EMR,IVZ,0.525997218634332,62,1.339886193019599e-05,5,2,External
EMR,J,0.4374358939979346,62,0.00042314725684204396,5,5,Internal
EMR,JCI,0.49066902308346927,62,5.956189900689446e-05,5,5,Internal
EMR,KMI,0.4095395669392723,62,0.0010474328863484864,5,2,External
EMR,LKQ,0.5315099835701219,62,1.0454657992379619e-05,5,5,Internal
EMR,LOW,0.5112350306546736,62,2.550049334434218e-05,5,5,Internal
EMR,MAS,0.45268754167765163,62,0.0002492338681019973,5,5,Internal
EMR,MMM,0.4820484984156236,62,8.366089305485933e-05,5,5,Internal
EMR,MSFT,-0.41101027744985963,62,0.0010004703420338043,5,1,External
EMR,NDSN,0.5585070569865924,62,2.9058990111053234e-06,5,5,Internal
EMR,NOW,-0.4476294175463244,62,0.0002978807745974479,5,1,External
EMR,NSC,0.42669656592972816,62,0.000605383041953324,5,5,Internal
EMR,NUE,0.5308011495981249,62,1.079620906688934e-05,5,5,Internal
EMR,OTIS,0.45522247058432713,62,0.00022769041349382133,5,5,Internal
EMR,PCAR,0.6140998566850976,62,1.413569729098635e-07,5,5,Internal
EMR,PH,0.5514853541773522,62,4.0980849147308724e-06,5,5,Internal
EMR,PPG,0.41602182174853236,62,0.0008543564092560519,5,2,External
EMR,ROK,0.47759133771767914,62,9.93764252979093e-05,5,5,Internal
EMR,SNA,0.4630104851935455,62,0.00017170720360414028,5,5,Internal
EMR,SWK,0.506807991944257,62,3.075142790855429e-05,5,5,Internal
EMR,TEL,0.5086143535079605,62,2.8498488783478336e-05,5,5,Internal
EMR,TRGP,0.4808610607481888,62,8.760732638633878e-05,5,2,External
EMR,TRMB,0.501876483851157,62,3.77686782350629e-05,5,5,Internal
EMR,TXT,0.5889279814942975,62,5.959827810554653e-07,5,5,Internal
EMR,UNP,0.4242251629201746,62,0.0006563032755983048,5,5,Internal
EMR,URI,0.6069215640922409,62,2.1579796320117298e-07,5,5,Internal
EMR,VTR,0.4245231688817594,62,0.0006499640454588712,5,4,External
EMR,WAB,0.7152540622604984,62,9.39382391608631e-11,5,5,Internal
EMR,WY,0.41770554036496965,62,0.0008097774042965938,5,4,External
EMR,XYL,0.43717343058314057,62,0.0004269275637539378,5,5,Internal
EOG,ESS,0.4406809418711383,62,0.000378858042605711,2,4,External
EOG,FANG,0.8304780442979317,62,1.2589735404158978e-16,2,2,Internal
EOG,FICO,-0.4138245802361138,62,0.0009158627975991468,2,10,External
EOG,FITB,0.4261198944407922,62,0.0006169332925113765,2,2,Internal
EOG,FRT,0.43363468994805177,62,0.00048098475715772037,2,4,External
EOG,GD,0.5862416233977963,62,6.89965612397141e-07,2,2,Internal
EOG,HAL,0.8137714642449392,62,1.5673276111311457e-15,2,2,Internal
EOG,HII,0.4797262503097167,62,9.1538244906039e-05,2,2,Internal
EOG,IP,0.5272032677970424,62,1.2695622253285516e-05,2,2,Internal
EOG,ITW,0.41470050142724385,62,0.0008908799202759013,2,5,External
EOG,KEY,0.4143232708316137,62,0.0009015627958963852,2,2,Internal
EOG,KMI,0.6735120014703789,62,2.7180718773203534e-09,2,2,Internal
EOG,LDOS,0.5504261855962445,62,4.3132899241108446e-06,2,2,Internal
EOG,LHX,0.41782081313748515,62,0.0008068036941904831,2,2,Internal
EOG,LMT,0.4011080343968705,62,0.001357114963767286,2,2,Internal
EOG,LYB,0.6429425734886147,62,2.3096390744276918e-08,2,2,Internal
EOG,MAA,0.42254920080137964,62,0.0006930093780558289,2,4,External
EOG,MNST,-0.44333018114700395,62,0.000345876784835938,2,6,External
EOG,MO,0.4814407288169554,62,8.56598909034932e-05,2,2,Internal
EOG,MOS,0.4017456452477209,62,0.001331102289516526,2,2,Internal
EOG,MPC,0.504201872140868,62,3.429341282531851e-05,2,2,Internal
EOG,MSFT,-0.4523768254215729,62,0.0002519988719330261,2,1,External
EOG,NOC,0.4801659686167306,62,8.999622268307108e-05,2,2,Internal
EOG,NTRS,0.40018245120257506,62,0.001395689122275414,2,2,Internal
EOG,OKE,0.48211348103384466,62,8.34497211188368e-05,2,2,Internal
EOG,OXY,0.6827528091107145,62,1.3534144627405288e-09,2,2,Internal
EOG,PCAR,0.4425381565091142,62,0.0003554517282504402,2,5,External
EOG,PFG,0.46683402594601664,62,0.0001491200831824538,2,2,Internal
EOG,PGR,0.4381170962757647,62,0.00041347740304714057,2,2,Internal
EOG,PKG,0.5054079352046591,62,3.260979702564881e-05,2,2,Internal
EOG,PPG,0.49279940081515106,62,5.468794978022198e-05,2,2,Internal
EOG,PRU,0.4711023805499058,62,0.00012714532758916603,2,2,Internal
EOG,PSA,0.42579044842687835,62,0.0006236211133842155,2,4,External
EOG,PSX,0.6108272857524404,62,1.7165054057391454e-07,2,2,Internal
EOG,REG,0.4075823012522195,62,0.0011130117908809648,2,4,External
EOG,RF,0.5273333805303638,62,1.2621839886300675e-05,2,2,Internal
EOG,RTX,0.461612420659223,62,0.00018071986249212297,2,2,Internal
EOG,SLB,0.7634864478594883,62,8.387749585968334e-13,2,2,Internal
EOG,SPG,0.40945906248058633,62,0.001050059984371312,2,4,External
EOG,TPL,0.7216873619315287,62,5.301152226815169e-11,2,2,Internal
EOG,TRGP,0.7655204897639276,62,6.709061397393307e-13,2,2,Internal
EOG,TROW,0.4198632615701014,62,0.0007557252454180156,2,2,Internal
EOG,USB,0.49052136333227675,62,5.991413770220593e-05,2,2,Internal
EOG,VICI,0.4909912131180064,62,5.879994284125047e-05,2,4,External
EOG,VLO,0.4377146979720758,62,0.00041916496323300505,2,2,Internal
EOG,WMB,0.5660492532962713,62,1.9909870615561924e-06,2,2,Internal
EOG,XOM,0.7914993402349151,62,3.1306495667392035e-14,2,2,Internal
EOG,ZBRA,0.432392418835352,62,0.0005013889775252543,2,2,Internal
EPAM,TXN,0.4163527993616752,62,0.0008454220891389658,7,1,External
EQIX,FDS,0.40882649058036274,62,0.0010709102180109118,4,4,Internal
EQIX,MOS,-0.43882915950531975,62,0.00040358474956620556,4,2,External
EQIX,O,0.4678339049815076,62,0.00014368087546172656,4,4,Internal
EQIX,PLD,0.42337915755291383,62,0.0006746059800065929,4,4,Internal
EQR,ES,0.49825760608757524,62,4.382977936577396e-05,4,4,Internal
EQR,ESS,0.8471118917642428,62,7.665622508112375e-18,4,4,Internal
EQR,ETR,0.5920686811726543,62,5.013634189819584e-07,4,4,Internal
EQR,EVRG,0.5402454531307673,62,6.992613405362894e-06,4,4,Internal
EQR,EXC,0.5070960785658337,62,3.038140706742276e-05,4,4,Internal
EQR,FRT,0.6584993725561783,62,8.01507589187446e-09,4,4,Internal
EQR,INVH,0.6280841472923091,62,6.010472362382167e-08,4,4,Internal
EQR,IRM,0.5023029185133709,62,3.7107951790284766e-05,4,4,Internal
EQR,KIM,0.6713321547864907,62,3.1925034887300506e-09,4,4,Internal
EQR,LNT,0.5889562355224502,62,5.95061437344961e-07,4,4,Internal
EQR,MAA,0.8352927355165067,62,5.782766017556706e-17,4,4,Internal
EQR,NI,0.5280407758879472,62,1.222762481236345e-05,4,4,Internal
EQR,O,0.6658881648819398,62,4.743545641624887e-09,4,4,Internal
EQR,PAYX,0.41651677064884146,62,0.0008410272344084206,4,4,Internal
EQR,PEG,0.5329124962781706,62,9.808272540409527e-06,4,4,Internal
EQR,PLD,0.487172178376001,62,6.843814995454509e-05,4,4,Internal
EQR,PNW,0.439524679099716,62,0.0003941303352657701,4,4,Internal
EQR,PPL,0.5497980645691461,62,4.445847194756465e-06,4,4,Internal
EQR,REG,0.6513755481496064,62,1.3111772408638842e-08,4,4,Internal
EQR,SJM,0.4275378580198725,62,0.0005888840573150016,4,4,Internal
EQR,SO,0.44757490155507584,62,0.0002984492791239763,4,4,Internal
EQR,SPG,0.6747496704311408,62,2.479295650926894e-09,4,4,Internal
EQR,SRE,0.5433579925134567,62,6.042476424134013e-06,4,4,Internal
EQR,UDR,0.865852084686774,62,2.135439984518114e-19,4,4,Internal
EQR,UNP,0.4168410529077272,62,0.0008323963552684086,4,5,External
EQR,VICI,0.629134911278123,62,5.626714651572705e-08,4,4,Internal
EQR,VTR,0.590227540106804,62,5.549615886936836e-07,4,4,Internal
EQR,WEC,0.4580927642636761,62,0.0002053607329923277,4,4,Internal
EQR,WELL,0.6574857055921054,62,8.603398004643556e-09,4,4,Internal
EQT,FANG,0.47169938257972344,62,0.00012432079942465137,2,2,Internal
EQT,HAL,0.4247933757358057,62,0.0006442641648456014,2,2,Internal
EQT,HBAN,0.4101213105689393,62,0.001028624265761493,2,2,Internal
EQT,LYB,0.40216128921289646,62,0.001314387386659605,2,2,Internal
EQT,MOS,0.40954904866824643,62,0.0010471238598163842,2,2,Internal
EQT,NWS,0.4747289428705504,62,0.00011085487419718318,2,2,Internal
EQT,NWSA,0.5026152120808258,62,3.663087519267598e-05,2,2,Internal
EQT,RL,0.4093272716127239,62,0.001054373529842138,2,5,External
EQT,TFC,0.4128738444804746,62,0.0009436937354571957,2,2,Internal
EQT,TRGP,0.4186056040963938,62,0.0007868192748326794,2,2,Internal
EQT,USB,0.4472655094867796,62,0.00030169447692969943,2,2,Internal
EQT,WMB,0.45601875933686264,62,0.00022128305804448002,2,2,Internal
ES,ESS,0.424074837733058,62,0.0006595222201160228,4,4,Internal
ES,ETR,0.8406849837926543,62,2.3474738114454612e-17,4,4,Internal
ES,EVRG,0.8227115445408529,62,4.2008954507444404e-16,4,4,Internal
ES,EXC,0.731590772855315,62,2.12854071534157e-11,4,4,Internal
ES,EXR,0.42296107126670635,62,0.000683820537023226,4,4,Internal
ES,FE,0.6880294868424831,62,8.985213715617828e-10,4,4,Internal
ES,FRT,0.4353173138263649,62,0.00045455040104296735,4,4,Internal
ES,HSIC,0.41775568189449663,62,0.0008084826800299392,4,0,External
ES,INCY,0.4024451730691828,62,0.001303079834656007,4,4,Internal
ES,IRM,0.4602284488090593,62,0.00019006642123071247,4,4,Internal
ES,JNJ,0.4347809710299827,62,0.0004628294397363126,4,4,Internal
ES,KIM,0.40294484803436087,62,0.0012833892219647632,4,4,Internal
ES,KMB,0.4100010608408522,62,0.0010324869631578983,4,6,External
ES,KMI,0.5499662038977662,62,4.409995763638086e-06,4,2,External
ES,KO,0.45816387187588387,62,0.00020483390383044795,4,6,External
ES,LH,0.4384804853135109,62,0.0004084016288255826,4,0,External
ES,LHX,0.4093705355103253,62,0.0010529557350446301,4,2,External
ES,LNT,0.8358776350143999,62,5.252313802266678e-17,4,4,Internal
ES,MAA,0.4827058341609891,62,8.154726605802302e-05,4,4,Internal
ES,NEE,0.6706721763919806,62,3.350970226641591e-09,4,4,Internal
ES,NI,0.7860003507934449,62,6.203546720148274e-14,4,4,Internal
ES,O,0.5362664369776179,62,8.410190991219052e-06,4,4,Internal
ES,PAYX,0.40983857173259985,62,0.0010377272575696254,4,4,Internal
ES,PCG,0.5169026232972659,62,1.9988617417208816e-05,4,4,Internal
ES,PEG,0.7535051559827165,62,2.4317049748055454e-12,4,4,Internal
ES,PG,0.4137212985173311,62,0.0009188498787841505,4,6,External
ES,PNW,0.7164117844705684,62,8.48457900199133e-11,4,4,Internal
ES,PPL,0.7859023183581177,62,6.27849973861837e-14,4,4,Internal
ES,SBAC,0.44098494021955187,62,0.00037493320201911024,4,4,Internal
ES,SJM,0.5054970120046695,62,3.248853338300589e-05,4,4,Internal
ES,SO,0.6902883251819432,62,7.520157661051706e-10,4,4,Internal
ES,SRE,0.6977510997770623,62,4.1285920654909705e-10,4,4,Internal
ES,UDR,0.4620953335935146,62,0.0001775589087857572,4,4,Internal
ES,WEC,0.7781518764094255,62,1.5915161026676788e-13,4,4,Internal
ES,WELL,0.43037732975797094,62,0.0005361636014469184,4,4,Internal
ES,WMB,0.4853098490413622,62,7.364823350951797e-05,4,2,External
ES,XEL,0.7356849996724802,62,1.4425214803504508e-11,4,4,Internal
ESS,ETR,0.5677996139557085,62,1.8212781877299885e-06,4,4,Internal
ESS,EVRG,0.4536540836852478,62,0.00024080904561274926,4,4,Internal
ESS,EXC,0.4624838064292326,62,0.00017505296188124922,4,4,Internal
ESS,EXR,0.4327001684416704,62,0.0004962622616594208,4,4,Internal
ESS,FDS,0.40311528154865994,62,0.0012767344186558399,4,4,Internal
ESS,FRT,0.6747812108777291,62,2.473478796868651e-09,4,4,Internal
ESS,GL,0.42252438900543815,62,0.0006935664831907914,4,5,External
ESS,GOOG,-0.520376299823676,62,1.717988759514672e-05,4,11,External
ESS,GOOGL,-0.5057026875086483,62,3.221013160013988e-05,4,11,External
ESS,HIG,0.42725229088244737,62,0.0005944381689378485,4,4,Internal
ESS,IFF,0.4437169590198425,62,0.0003412868811952903,4,4,Internal
ESS,INVH,0.6684496948448677,62,3.9412212647950754e-09,4,4,Internal
ESS,IP,0.4027352889575653,62,0.0012916144762662066,4,2,External
ESS,IRM,0.47559688913546705,62,0.00010725180910926035,4,4,Internal
ESS,KIM,0.6128705009927294,62,1.5209244669457013e-07,4,4,Internal
ESS,KMI,0.4532405456584538,62,0.0002443812566965509,4,2,External
ESS,LNT,0.5489221288724957,62,4.637057500216092e-06,4,4,Internal
ESS,LYB,0.40584230610046285,62,0.0011743913699241854,4,2,External
ESS,MAA,0.8166890620724269,62,1.027933027708922e-15,4,4,Internal
ESS,MHK,0.4335606993052896,62,0.0004821785900359755,4,5,External
ESS,MMM,0.42858782466703993,62,0.0005688650409152723,4,5,External
ESS,MO,0.404677183626629,62,0.0012171778183070034,4,2,External
ESS,MTB,0.49561220439265113,62,4.8815789739582336e-05,4,2,External
ESS,NDSN,0.4178100142176623,62,0.0008070818560256852,4,5,External
ESS,NI,0.46350766470578436,62,0.0001686026948069074,4,4,Internal
ESS,O,0.631747659429571,62,4.770246794553492e-08,4,4,Internal
ESS,PAYX,0.41064867521874526,62,0.0010118374881137092,4,4,Internal
ESS,PEG,0.4417291126704009,62,0.00036548113731884983,4,4,Internal
ESS,PKG,0.42296944905375233,62,0.0006836347785694678,4,2,External
ESS,PLD,0.5690746230244736,62,1.706285336670919e-06,4,4,Internal
ESS,PPL,0.49647384137723943,62,4.713703398923283e-05,4,4,Internal
ESS,PRU,0.4792962624807103,62,9.306961423252358e-05,4,2,External
ESS,PSA,0.4789539857914029,62,9.43054133842008e-05,4,4,Internal
ESS,REG,0.629364297651421,62,5.5460709904477523e-08,4,4,Internal
ESS,RF,0.42533328606431936,62,0.0006330104580757936,4,2,External
ESS,SO,0.4142240169799555,62,0.0009043927379073302,4,4,Internal
ESS,SPG,0.6654661901063608,62,4.8897286943379196e-09,4,4,Internal
ESS,SRE,0.5024604823891583,62,3.686653521910983e-05,4,4,Internal
ESS,SWK,0.42686751844525056,62,0.0006019968750144387,4,5,External
ESS,TROW,0.4601942308292233,62,0.00019030301609130766,4,2,External
ESS,UDR,0.7535143267080572,62,2.4293843442133704e-12,4,4,Internal
ESS,USB,0.5089635439265561,62,2.8080999723179347e-05,4,2,External
ESS,VICI,0.577595359124829,62,1.0956598113642665e-06,4,4,Internal
ESS,VTR,0.5816290262521222,62,8.844955601770008e-07,4,4,Internal
ESS,WEC,0.4228280895818689,62,0.0006867752311036839,4,4,Internal
ESS,WELL,0.5084791650498902,62,2.8661656379663593e-05,4,4,Internal
ETN,FAST,0.4625051380961869,62,0.00017491629917365517,5,5,Internal
ETN,FTV,0.65714681059616,62,8.809042931623917e-09,5,5,Internal
ETN,GPC,0.442106105109262,62,0.0003607760723840328,5,5,Internal
ETN,GWW,0.5581661561965061,62,2.9553425342698882e-06,5,5,Internal
ETN,HON,0.46344899602672607,62,0.00016896634084700757,5,5,Internal
ETN,HPQ,0.45293729546533607,62,0.00024703148082988035,5,5,Internal
ETN,HUBB,0.6353288388929409,62,3.7944795016596007e-08,5,5,Internal
ETN,HWM,0.5267070471629095,62,1.298070621509198e-05,5,5,Internal
ETN,IEX,0.5212210982564676,62,1.6554562681037192e-05,5,5,Internal
ETN,IR,0.6524000399292841,62,1.2225528613194778e-08,5,5,Internal
ETN,ITW,0.4063342481186819,62,0.0011567360490162314,5,5,Internal
ETN,JCI,0.6161985646825117,62,1.246611164603333e-07,5,5,Internal
ETN,MAS,0.528582252111605,62,1.193363796908762e-05,5,5,Internal
ETN,MS,0.4109848957939287,62,0.0010012644530551628,5,2,External
ETN,NDSN,0.5898791102960596,62,5.656918381445791e-07,5,5,Internal
ETN,NUE,0.4446510176906169,62,0.00033043034904479946,5,5,Internal
ETN,NXPI,0.40818966029141657,62,0.0010922769082488228,5,1,External
ETN,OTIS,0.6435518045929044,62,2.218367342712368e-08,5,5,Internal
ETN,PCAR,0.505404119920881,62,3.261500025733726e-05,5,5,Internal
ETN,PH,0.721398883335852,62,5.4407607348208966e-11,5,5,Internal
ETN,PNR,0.4930138932348623,62,5.421819073855365e-05,5,5,Internal
ETN,PWR,0.4788824039425279,62,9.456576224365132e-05,5,5,Internal
ETN,ROK,0.6832642625012042,62,1.3012143347166014e-09,5,5,Internal
ETN,SNA,0.4888959424640501,62,6.392056609864678e-05,5,5,Internal
ETN,TT,0.5376327902526802,62,7.895731581092325e-06,5,5,Internal
ETN,TXT,0.4846691581851938,62,7.552347842366794e-05,5,5,Internal
ETN,URI,0.5445333786644663,62,5.716087083679241e-06,5,5,Internal
ETN,WAB,0.4061513253597824,62,0.0011632728680121402,5,5,Internal
ETR,EVRG,0.8359542581873987,62,5.1863835180847305e-17,4,4,Internal
ETR,EXC,0.7554154901130873,62,1.991332285966169e-12,4,4,Internal
ETR,EXR,0.4866108084430307,62,6.997172112619469e-05,4,4,Internal
ETR,FE,0.6519527606842149,62,1.2605245168703095e-08,4,4,Internal
ETR,FRT,0.4442569033807726,62,0.00033497214675673687,4,4,Internal
ETR,GD,0.44038123985312927,62,0.00038276399456988234,4,2,External
ETR,GIS,0.4142350804980996,62,0.0009040768964405252,4,6,External
ETR,HSY,0.46904215890276474,62,0.0001373511701739709,4,6,External
ETR,INVH,0.4499452354091701,62,0.00027462404172343423,4,4,Internal
ETR,IRM,0.44436484944303034,62,0.0003337225456656002,4,4,Internal
ETR,JNJ,0.40834206319237776,62,0.0010871288810284656,4,4,Internal
ETR,KIM,0.42671154079802126,62,0.0006050857365660837,4,4,Internal
ETR,KMI,0.4762102979515249,62,0.00010477064825575416,4,2,External
ETR,KO,0.43668817950035127,62,0.00043399770842840875,4,6,External
ETR,LHX,0.4848138702642947,62,7.509611505814955e-05,4,2,External
ETR,LNT,0.8999895839835358,62,6.071231203862643e-23,4,4,Internal
ETR,MAA,0.5592038119337238,62,2.8072377802458753e-06,4,4,Internal
ETR,NEE,0.7066804438408422,62,1.9661973938173907e-10,4,4,Internal
ETR,NI,0.7867440556284236,62,5.662163115565151e-14,4,4,Internal
ETR,NOC,0.464726124014081,62,0.000161210553266783,4,2,External
ETR,O,0.6207893852424361,62,9.438949485861999e-08,4,4,Internal
ETR,PAYX,0.4036160566443809,62,0.0012573601358729064,4,4,Internal
ETR,PCG,0.6141676320684053,62,1.4078638416258262e-07,4,4,Internal
ETR,PEG,0.7999003054940488,62,1.0575836490601328e-14,4,4,Internal
ETR,PNW,0.7917179335727027,62,3.045403079879862e-14,4,4,Internal
ETR,PPL,0.8444138430480058,62,1.2338504551782438e-17,4,4,Internal
ETR,PSA,0.5007492926941655,62,3.956790433440085e-05,4,4,Internal
ETR,REG,0.4286201639194854,62,0.0005682583686625371,4,4,Internal
ETR,SJM,0.662202804636876,62,6.1733248532345726e-09,4,4,Internal
ETR,SO,0.7575012499589887,62,1.5977218190311667e-12,4,4,Internal
ETR,SPG,0.47362897594675873,62,0.00011558086019956654,4,4,Internal
ETR,SRE,0.7575145377918702,62,1.5954705133136797e-12,4,4,Internal
ETR,UDR,0.5160128288489242,62,2.077364035323925e-05,4,4,Internal
ETR,VICI,0.4770022905591429,62,0.00010164517160436195,4,4,Internal
ETR,WEC,0.8593071638788051,62,7.905326961103119e-19,4,4,Internal
ETR,WELL,0.4736800764469216,62,0.0001153572721874685,4,4,Internal
ETR,XEL,0.7496739627179191,62,3.6105823143361058e-12,4,4,Internal
ETR,XYL,0.4315827933994521,62,0.0005151068339856651,4,5,External
EVRG,EXC,0.7733984946963707,62,2.7646955539251464e-13,4,4,Internal
EVRG,FE,0.7205653047616133,62,5.864111157885786e-11,4,4,Internal
EVRG,FRT,0.4325006032021289,62,0.000499581307569164,4,4,Internal
EVRG,INVH,0.41867715220558094,62,0.0007850197772742748,4,4,Internal
EVRG,JNJ,0.4603780579886894,62,0.00018903513106681045,4,4,Internal
EVRG,KIM,0.4001660517776246,62,0.0013963813667641255,4,4,Internal
EVRG,KMI,0.4394957370686737,62,0.0003945196985044914,4,2,External
EVRG,LHX,0.4089942442183351,62,0.001065344843800955,4,2,External
EVRG,LNT,0.9080911987146033,62,5.646139986478632e-24,4,4,Internal
EVRG,MAA,0.5139840670359185,62,2.26716237890272e-05,4,4,Internal
EVRG,NEE,0.6381568772417425,62,3.160516192620013e-08,4,4,Internal
EVRG,NI,0.8752436894720964,62,2.880336146593151e-20,4,4,Internal
EVRG,O,0.5749732758481053,62,1.2573416594278942e-06,4,4,Internal
EVRG,PCG,0.5154239385264265,62,2.1308808002428505e-05,4,4,Internal
EVRG,PEG,0.7839850798679415,62,7.930839886470726e-14,4,4,Internal
EVRG,PNW,0.8595896552744626,62,7.481345494861613e-19,4,4,Internal
EVRG,PPL,0.8612682841730287,62,5.378236968610637e-19,4,4,Internal
EVRG,REG,0.4190693773978976,62,0.0007752209157008679,4,4,Internal
EVRG,SBAC,0.42929114790649514,62,0.0005558026360943235,4,4,Internal
EVRG,SJM,0.49985453386967593,62,4.105217124469427e-05,4,4,Internal
EVRG,SO,0.74195497011541,62,7.839095147058678e-12,4,4,Internal
EVRG,SRE,0.7693836708389918,62,4.3627083766818115e-13,4,4,Internal
EVRG,UDR,0.5007390636251263,62,3.9584588768623955e-05,4,4,Internal
EVRG,VICI,0.4296243614313998,62,0.0005497095767022388,4,4,Internal
EVRG,WEC,0.8767314528455687,62,2.0663054142792682e-20,4,4,Internal
EVRG,WELL,0.48701699086724726,62,6.885896929675181e-05,4,4,Internal
EVRG,XEL,0.8231471631760132,62,3.932472633735116e-16,4,4,Internal
EW,HPE,-0.4340761777176705,62,0.00047391703054274175,0,1,External
EW,HPQ,-0.45880474185838366,62,0.00020014125360283023,0,5,External
EW,IDXX,0.4287047294256824,62,0.0005666747242421584,0,0,Internal
EW,ISRG,0.4987490084280032,62,4.295710233484083e-05,0,0,Internal
EW,KLAC,-0.41094516199824804,62,0.001002508738121875,0,1,External
EW,MDT,0.5940501604973435,62,4.491309724447491e-07,0,0,Internal
EW,NDSN,-0.4474536507293579,62,0.0002997172593456069,0,5,External
EW,PODD,0.4057538686442322,62,0.001177590902796247,0,0,Internal
EW,RMD,0.4158625704036514,62,0.0008586855130059426,0,6,External
EW,SYK,0.5349626943380354,62,8.930010867154421e-06,0,0,Internal
EW,WST,0.4090959189459057,62,0.0010619843940358129,0,0,Internal
EW,ZBH,0.46454558575630384,62,0.0001622867599085115,0,0,Internal
EW,ZTS,0.4402994906094464,62,0.0003838357596310735,0,0,Internal
EXC,FE,0.5733440189322966,62,1.3687883929585062e-06,4,4,Internal
EXC,GEN,0.486150371266797,62,7.125312878636668e-05,4,4,Internal
EXC,GOOG,-0.40156637488461056,62,0.0013383703333214561,4,11,External
EXC,INVH,0.4054663785125436,62,0.0011880461392652596,4,4,Internal
EXC,KHC,0.42558738407440944,62,0.0006277760210222267,4,6,External
EXC,KLAC,-0.4026064364455725,62,0.001296695474705405,4,1,External
EXC,KMI,0.46682254116915356,62,0.00014918364119024673,4,2,External
EXC,LHX,0.4519262659377256,62,0.00025605810892447483,4,2,External
EXC,LNT,0.7615033784691363,62,1.0405727935010779e-12,4,4,Internal
EXC,MAA,0.48845256336425386,62,6.505552366823096e-05,4,4,Internal
EXC,NEE,0.47192615672247945,62,0.0001232630721894242,4,4,Internal
EXC,NI,0.7334600618444094,62,1.7837063264246938e-11,4,4,Internal
EXC,O,0.5003800529633285,62,4.0174299793699826e-05,4,4,Internal
EXC,OKE,0.4353100687290708,62,0.00045466133425467784,4,2,External
EXC,PCG,0.5133367555269651,62,2.3310240668906332e-05,4,4,Internal
EXC,PEG,0.6768334224975554,62,2.1216045442481103e-09,4,4,Internal
EXC,PKG,0.4114884394232274,62,0.0009856159235858317,4,2,External
EXC,PNW,0.6992588400097962,62,3.6494363249588036e-10,4,4,Internal
EXC,PPL,0.7083042193844863,62,1.7129861023215421e-10,4,4,Internal
EXC,PSA,0.4261516741495646,62,0.0006162916081296956,4,4,Internal
EXC,SJM,0.4793526944236683,62,9.286730149955546e-05,4,4,Internal
EXC,SO,0.7726022719533606,62,3.028698763736392e-13,4,4,Internal
EXC,SRE,0.7855290946983019,62,6.571861690348188e-14,4,4,Internal
EXC,UDR,0.4777508802645607,62,9.877000304496675e-05,4,4,Internal
EXC,VICI,0.4269362680356534,62,0.000600639955422117,4,4,Internal
EXC,WEC,0.7686164597909877,62,4.755117552867014e-13,4,4,Internal
EXC,XEL,0.7083180705145768,62,1.710965944781911e-10,4,4,Internal
EXPD,FTV,0.4564181074334486,62,0.00021813216251888155,5,5,Internal
EXPD,GNRC,0.43586071976988155,62,0.0004462998320423956,5,5,Internal
EXPD,GPC,0.5501364343733268,62,4.373973381816134e-06,5,5,Internal
EXPD,GRMN,0.5068609306464147,62,3.068312175201334e-05,5,5,Internal
EXPD,HD,0.4057150425279555,62,0.0011789980493928532,5,5,Internal
EXPD,HON,0.5437894036378491,62,5.920712899524925e-06,5,5,Internal
EXPD,IEX,0.46425744183240075,62,0.0001640180624567873,5,5,Internal
EXPD,IR,0.42701143195323543,62,0.0005991596088350044,5,5,Internal
EXPD,IRM,0.40276822931213574,62,0.001290318426455582,5,4,External
EXPD,ITW,0.5080418883546317,62,2.9195375835055058e-05,5,5,Internal
EXPD,JBHT,0.590963055854066,62,5.32934904718421e-07,5,5,Internal
EXPD,L,0.44133962727688497,62,0.00037040074952968187,5,5,Internal
EXPD,LKQ,0.4074483990672896,62,0.0011176305544728514,5,5,Internal
EXPD,MAS,0.41648921605476436,62,0.0008417643228994775,5,5,Internal
EXPD,MCK,-0.4310993589010265,62,0.0005234594844199889,5,6,External
EXPD,MET,0.4003070610817675,62,0.0013904392126133905,5,2,External
EXPD,MHK,0.46630452978504094,62,0.00015207633445666916,5,5,Internal
EXPD,NDSN,0.48269839227899297,62,8.157091736325993e-05,5,5,Internal
EXPD,NSC,0.40691966230343835,62,0.0011360376997923039,5,5,Internal
EXPD,ODFL,0.5424699127055506,62,6.3005145654360766e-06,5,5,Internal
EXPD,OTIS,0.46117876366851673,62,0.00018360223457200025,5,5,Internal
EXPD,PAYX,0.41494528216150606,62,0.00088400920389019,5,4,External
EXPD,PCAR,0.4551923533174137,62,0.00022793604836361783,5,5,Internal
EXPD,PFG,0.4123883203453606,62,0.0009581988694256104,5,2,External
EXPD,PH,0.43902128531253465,62,0.0004009527071631528,5,5,Internal
EXPD,PNR,0.4548807707255037,62,0.00023049155529353976,5,5,Internal
EXPD,ROK,0.4929508887657287,62,5.435578889938566e-05,5,5,Internal
EXPD,SBUX,-0.40513918636062596,62,0.0012000468166485244,5,6,External
EXPD,SNA,0.40740038707514653,62,0.0011192908589088282,5,5,Internal
EXPD,SWK,0.6041201503771948,62,2.5382015760489314e-07,5,5,Internal
EXPD,TRMB,0.4470519485891676,62,0.00030395324807926696,5,5,Internal
EXPD,UNP,0.4464870650489691,62,0.0003100024151695762,5,5,Internal
EXPD,UPS,0.4477569401534181,62,0.0002965547974952841,5,0,External
EXPD,VTR,0.4068630502361807,62,0.0011380246509758586,5,4,External
EXPD,WAB,0.5526353569485475,62,3.875794263833842e-06,5,5,Internal
EXPE,HLT,0.48682499421200676,62,6.938290301279935e-05,6,6,Internal
EXPE,MAR,0.4852933753224376,62,7.369590845471387e-05,6,6,Internal
EXPE,PHM,0.4220153720314697,62,0.0007050854067174431,6,5,External
EXR,GM,0.4261807354197645,62,0.0006157053430592273,4,5,External
EXR,INVH,0.4146116496126887,62,0.0008933857922248168,4,4,Internal
EXR,LNT,0.4598158588429856,62,0.00019293724284614853,4,4,Internal
EXR,LYB,0.4243851390577445,62,0.0006528933094917381,4,2,External
EXR,MAA,0.4961954453436503,62,4.76735205909867e-05,4,4,Internal
EXR,NI,0.4651575594084661,62,0.00015866516334108388,4,4,Internal
EXR,O,0.5009117830162366,62,3.930373977715198e-05,4,4,Internal
EXR,PAYX,0.45157119413117763,62,0.00025929904628649547,4,4,Internal
EXR,PEG,0.46668066309842193,62,0.00014997086151796038,4,4,Internal
EXR,PLD,0.4653683491979567,62,0.00015743498572184822,4,4,Internal
EXR,PPL,0.4358139878219285,62,0.00044700397806994694,4,4,Internal
EXR,PRU,0.4092866137104426,62,0.001055707491851762,4,2,External
EXR,PSA,0.6373047856921334,62,3.340140306820411e-08,4,4,Internal
EXR,SBAC,0.4345467899012496,62,0.0004664870736791907,4,4,Internal
EXR,SPG,0.4301696029655647,62,0.0005398700384028401,4,4,Internal
EXR,SRE,0.5053780346621287,62,3.265059556025214e-05,4,4,Internal
EXR,VICI,0.4171852674672148,62,0.0008233226050452814,4,4,Internal
EXR,WEC,0.4367756653338725,62,0.0004327152187964338,4,4,Internal
EXR,WMB,0.40181748895899755,62,0.0013281995463496538,4,2,External
EXR,ZBRA,0.4206634741971023,62,0.000736523999518044,4,2,External
F,GM,0.7682897042228499,62,4.932290566165744e-13,5,5,Internal
F,HPE,0.5433509524395586,62,6.044482662825801e-06,5,1,External
F,IP,0.42659137955353643,62,0.000607475107265987,5,2,External
F,MCHP,0.4578716281049261,62,0.00020700704096501926,5,1,External
F,MOS,0.41411720346634134,62,0.0009074471787225189,5,2,External
F,NXPI,0.413631415838486,62,0.0009214565903888745,5,1,External
F,PCAR,0.41093426192223126,62,0.001002850323464519,5,5,Internal
F,PFG,0.423202422946133,62,0.0006784873759517289,5,2,External
F,PRU,0.4309849388866139,62,0.0005254543100284744,5,2,External
F,RJF,0.40355495972276245,62,0.0012597096420676759,5,2,External
F,TROW,0.424186259992744,62,0.0006571349443571553,5,2,External
F,TXT,0.43915275155249206,62,0.0003991606864730824,5,5,Internal
F,URI,0.4652438804500848,62,0.0001581603289299084,5,5,Internal
FANG,FICO,-0.4043766428925004,62,0.0012284396269961833,2,10,External
FANG,FITB,0.45297998924972194,62,0.00024665678151258885,2,2,Internal
FANG,GD,0.5965998344747413,62,3.894210015014458e-07,2,2,Internal
FANG,HAL,0.7968797578665052,62,1.5714788550275777e-14,2,2,Internal
FANG,HBAN,0.45424421354381245,62,0.00023579399589598938,2,2,Internal
FANG,HII,0.4790247080205622,62,9.404883860079164e-05,2,2,Internal
FANG,IP,0.42433665751760624,62,0.0006539250174022735,2,2,Internal
FANG,KEY,0.46206831264688675,62,0.0001777344307957518,2,2,Internal
FANG,KMI,0.6058691175704397,62,2.294059206521383e-07,2,2,Internal
FANG,LDOS,0.4469920674844035,62,0.0003045893560224324,2,2,Internal
FANG,LHX,0.4388678735035353,62,0.00040305312278276654,2,2,Internal
FANG,LMT,0.4590901061901348,62,0.00019808355519717916,2,2,Internal
FANG,LYB,0.6140874549479164,62,1.4146161633534602e-07,2,2,Internal
FANG,MO,0.5017375501996415,62,3.79862829494083e-05,2,2,Internal
FANG,MOS,0.47835452787891175,62,9.650619721830793e-05,2,2,Internal
FANG,MPC,0.6147343654457939,62,1.3609934291096978e-07,2,2,Internal
FANG,MSFT,-0.5141151861594053,62,2.254425726803144e-05,2,1,External
FANG,NOC,0.4888118952033132,62,6.413429717590683e-05,2,2,Internal
FANG,NTRS,0.4144691315198295,62,0.0008974184976154785,2,2,Internal
FANG,OKE,0.4324769449193821,62,0.0004999761112049957,2,2,Internal
FANG,ORCL,-0.43471974701796995,62,0.00046378316201657615,2,1,External
FANG,OXY,0.7259410996450791,62,3.599613301930133e-11,2,2,Internal
FANG,PFG,0.42926203467645907,62,0.00055633789312614,2,2,Internal
FANG,PGR,0.40541421833866254,62,0.0011899519919979324,2,2,Internal
FANG,PKG,0.41133917237105466,62,0.0009902315057118182,2,2,Internal
FANG,PPG,0.4643515068903953,62,0.00016345102394576202,2,2,Internal
FANG,PRU,0.4426159260136117,62,0.0003545009798636434,2,2,Internal
FANG,PSX,0.5741208418340426,62,1.3145448687252328e-06,2,2,Internal
FANG,RF,0.5279739109944552,62,1.2264391430293917e-05,2,2,Internal
FANG,RTX,0.5132186007503743,62,2.3428592352818807e-05,2,2,Internal
FANG,SLB,0.7731766163296858,62,2.8359652786580296e-13,2,2,Internal
FANG,TFC,0.4607070567331399,62,0.00018678526238656456,2,2,Internal
FANG,TPL,0.7269312150362954,62,3.286065411589397e-11,2,2,Internal
FANG,TRGP,0.8138934496338193,62,1.5401556504318421e-15,2,2,Internal
FANG,USB,0.4731827230670858,62,0.00011755040504916958,2,2,Internal
FANG,VLO,0.5093576767242872,62,2.7616584753706676e-05,2,2,Internal
FANG,WMB,0.5512435562697595,62,4.146312404726475e-06,2,2,Internal
FANG,XOM,0.817361142125658,62,9.317618756872888e-16,2,2,Internal
FAST,FTV,0.45631988603481943,62,0.0002189033109773446,5,5,Internal
FAST,GPC,0.5446596052793704,62,5.682030370581311e-06,5,5,Internal
FAST,GWW,0.52902052327266,62,1.1700510236403031e-05,5,5,Internal
FAST,HON,0.44809514190563443,62,0.0002930642187378211,5,5,Internal
FAST,IEX,0.47573110679035213,62,0.00010670434582533058,5,5,Internal
FAST,IR,0.4229340829764701,62,0.0006844192520154793,5,5,Internal
FAST,ITW,0.42352111494371203,62,0.0006715029249681375,5,5,Internal
FAST,JCI,0.4409826378818148,62,0.00037496278722723257,5,5,Internal
FAST,JPM,0.4090844866804803,62,0.0010623617644281323,5,2,External
FAST,LKQ,0.5198167448621378,62,1.7606066101830085e-05,5,5,Internal
FAST,NDSN,0.42689409855415833,62,0.0006014719307849912,5,5,Internal
FAST,NUE,0.41298778639428446,62,0.0009403185333745475,5,5,Internal
FAST,OTIS,0.41950144365927355,62,0.0007645548478927665,5,5,Internal
FAST,PCAR,0.42145224351439137,62,0.000718030388300545,5,5,Internal
FAST,PWR,0.41055168445465595,62,0.0010149061817964042,5,5,Internal
FAST,ROK,0.5720884604532472,62,1.460913502197924e-06,5,5,Internal
FAST,SNA,0.4977513404659719,62,4.474595697382257e-05,5,5,Internal
FAST,TDY,0.41988347890571154,62,0.0007552346045793551,5,5,Internal
FAST,WAB,0.5279911972540752,62,1.2254876498443717e-05,5,5,Internal
FCX,IVZ,0.4474091626028386,62,0.0003001837247676414,2,2,Internal
FCX,SLB,0.41315125423983945,62,0.0009354952910510593,2,2,Internal
FCX,STT,0.44906129775043646,62,0.0002832980142140321,2,2,Internal
FCX,TRGP,0.4222817597498773,62,0.0006990357010581899,2,2,Internal
FCX,URI,0.41672189577918684,62,0.0008355584164905992,2,5,External
FDS,GD,0.47112183160387827,62,0.0001270523802744806,4,2,External
FDS,INVH,0.4324198361158782,62,0.0005009302967223029,4,4,Internal
FDS,IRM,0.4037634759522462,62,0.0012517072873594755,4,4,Internal
FDS,ITW,0.41474537925367416,62,0.0008896166526879217,4,5,External
FDS,LHX,0.44960403403660265,62,0.000277943063641121,4,2,External
FDS,NSC,0.44459134325600835,62,0.0003311144151791216,4,5,External
FDS,SRE,0.45227983376717673,62,0.0002528677030972029,4,4,Internal
FDS,UDR,0.43684251493300613,62,0.0004317375677979091,4,4,Internal
FDS,XYL,0.48309251371986134,62,8.032699681843876e-05,4,5,External
FDX,ODFL,0.45336510725998275,62,0.000243300210241499,5,5,Internal
FE,GILD,0.4060686581444884,62,0.0011662379092388158,4,4,Internal
FE,JNJ,0.48583408505139114,62,7.214584973429829e-05,4,4,Internal
FE,KMI,0.5110190581319355,62,2.5736047011327115e-05,4,2,External
FE,LHX,0.4058785552088129,62,0.0011730821946980613,4,2,External
FE,LNT,0.7254950319646142,62,3.750001473181444e-11,4,4,Internal
FE,MPWR,-0.40575128362799406,62,0.0011776845426612083,4,1,External
FE,MU,-0.420622419798883,62,0.0007374982618654735,4,1,External
FE,NI,0.6516304487455223,62,1.2885757996487175e-08,4,4,Internal
FE,O,0.4005635283759718,62,0.001379689837294107,4,4,Internal
FE,PEG,0.6694739887885999,62,3.6578974635529076e-09,4,4,Internal
FE,PNW,0.6657168564555302,62,4.802384981440616e-09,4,4,Internal
FE,PPL,0.7222030441994884,62,5.060045774715256e-11,4,4,Internal
FE,SJM,0.4058129086039167,62,0.0011754540574428225,4,4,Internal
FE,SO,0.5393976163485019,62,7.274559569051412e-06,4,4,Internal
FE,SRE,0.6040400145416214,62,2.549953387586119e-07,4,4,Internal
FE,WEC,0.7288443274774478,62,2.7524010629799922e-11,4,4,Internal
FE,XEL,0.6291480854357102,62,5.622053324339937e-08,4,4,Internal
FFIV,STX,0.4155016657763525,62,0.0008685698012595442,1,1,Internal
FICO,HAL,-0.40891299273126475,62,0.001068037170287783,10,2,External
FICO,IP,-0.44500284193457923,62,0.0003264233988886725,10,2,External
FICO,KMI,-0.41839073495678564,62,0.000792245861741908,10,2,External
FICO,KO,-0.4057654055927455,62,0.001177173069006614,10,6,External
FICO,LYB,-0.5472626125619121,62,5.020522536671701e-06,10,2,External
FICO,OXY,-0.43568231191873363,62,0.00044899347521244125,10,2,External
FICO,PRU,-0.46768425020521653,62,0.00014448322483735188,10,2,External
FICO,UNP,-0.41189222661554176,62,0.0009732272400439451,10,5,External
FICO,USB,-0.4242534722972779,62,0.0006556986757397563,10,2,External
FICO,VRSN,0.4179711921123156,62,0.0008029391818473807,10,10,Internal
FICO,WMB,-0.4051376068135588,62,0.0012001050145200535,10,2,External
FICO,XOM,-0.47594676010591497,62,0.00010583008887750603,10,2,External
FIS,FISV,0.4480474747353184,62,0.0002935539113461009,2,4,External
FIS,GPN,0.48513450876531033,62,7.415712945328512e-05,2,2,Internal
FISV,FRT,0.413984077596892,62,0.0009112670826635186,4,4,Internal
FISV,HIG,0.40496767751015605,62,0.001206380855493311,4,4,Internal
FISV,J,0.4021106051315783,62,0.001316415469309356,4,5,External
FISV,MSFT,-0.4336069135997606,62,0.0004814326110492906,4,1,External
FISV,NOW,-0.5555237721157202,62,3.3661132618351334e-06,4,1,External
FISV,NVDA,-0.5002377645415752,62,4.0410261414998644e-05,4,1,External
FISV,PCAR,0.4033194820755425,62,0.0012688020072040699,4,5,External
FISV,PM,0.45791384895530524,62,0.0002066917869251632,4,2,External
FISV,REG,0.45583370127136963,62,0.00022275724843700162,4,4,Internal
FISV,SNPS,-0.5093723770119181,62,2.7599401471109918e-05,4,1,External
FISV,VTR,0.44986309856710743,62,0.00027541970104424284,4,4,Internal
FISV,WAB,0.4569808267247988,62,0.00021376186573734076,4,5,External
FISV,WELL,0.4609703104346881,62,0.0001850026794006761,4,4,Internal
FITB,FOX,0.4174198598621845,62,0.0008171898945561032,2,2,Internal
FITB,FOXA,0.4499003106245507,62,0.0002750589676126282,2,2,Internal
FITB,GL,0.5516622254896201,62,4.063139358305783e-06,2,5,External
FITB,GM,0.4476928242558583,62,0.00029722079854836714,2,5,External
FITB,GS,0.40079693293176333,62,0.0013699720459928993,2,2,Internal
FITB,HAL,0.4560283735142408,62,0.0002212067149055892,2,2,Internal
FITB,HBAN,0.8060769589057855,62,4.606014259840852e-15,2,2,Internal
FITB,HD,0.41952478771913265,62,0.0007639823693363193,2,5,External
FITB,HII,0.4269714220871583,62,0.0005999471872932072,2,2,Internal
FITB,IP,0.5831742243249919,62,8.142265422421335e-07,2,2,Internal
FITB,IVZ,0.5582950673364253,62,2.9365538459269024e-06,2,2,Internal
FITB,JCI,0.45224773626889886,62,0.00025315582786813,2,5,External
FITB,KEY,0.8694940736027273,62,1.0002092308374434e-19,2,2,Internal
FITB,KMI,0.4180420162962352,62,0.0008011249098143817,2,2,Internal
FITB,LOW,0.4107990906380669,62,0.0010070950350694813,2,5,External
FITB,LYB,0.424915534374767,62,0.0006417021840867655,2,2,Internal
FITB,MAS,0.42081687003258333,62,0.0007328940561607067,2,5,External
FITB,MET,0.4892726658158809,62,6.29706073903039e-05,2,2,Internal
FITB,MNST,-0.40750971579568185,62,0.0011155133837911463,2,6,External
FITB,MS,0.6004863078018127,62,3.125687745323137e-07,2,2,Internal
FITB,MSI,-0.4067452764221631,62,0.0011421682660172775,2,0,External
FITB,MTB,0.7996089897594646,62,1.0990811718962125e-14,2,2,Internal
FITB,NTRS,0.5254698233053173,62,1.3717613254242827e-05,2,2,Internal
FITB,ORCL,-0.46918356376101805,62,0.00013662735857015567,2,1,External
FITB,PCAR,0.4034886757015136,62,0.0012622630850112459,2,5,External
FITB,PFG,0.7107959010865177,62,1.3838403685955547e-10,2,2,Internal
FITB,PH,0.48098037020518464,62,8.720319926410383e-05,2,5,External
FITB,PNC,0.6439365064108631,62,2.1625007346980693e-08,2,2,Internal
FITB,PRU,0.6425724589261105,62,2.366808420967492e-08,2,2,Internal
FITB,PSX,0.42421405079242536,62,0.0006565407339066675,2,2,Internal
FITB,RF,0.8345105345808365,62,6.57297002514e-17,2,2,Internal
FITB,RJF,0.5771785495315088,62,1.1199865201585634e-06,2,2,Internal
FITB,SCHW,0.5845423683555565,62,7.56413113448318e-07,2,2,Internal
FITB,SLB,0.5018306056620407,62,3.7840407131040026e-05,2,2,Internal
FITB,SYF,0.5283969850473467,62,1.2033478547976741e-05,2,2,Internal
FITB,TFC,0.7730242048709901,62,2.88593523855185e-13,2,2,Internal
FITB,TRGP,0.43775031848740725,62,0.00041865864150328113,2,2,Internal
FITB,TROW,0.43616494078101653,62,0.0004417404965546588,2,2,Internal
FITB,URI,0.5181749262008094,62,1.8913828725218444e-05,2,5,External
FITB,USB,0.8295879001131944,62,1.4498604450954985e-16,2,2,Internal
FITB,VLO,0.4050992930262192,62,0.0012015174510924631,2,2,Internal
FITB,WFC,0.6303415047098823,62,5.214582400470686e-08,2,2,Internal
FITB,WMB,0.449725879556756,62,0.000276753636665923,2,2,Internal
FOX,FOXA,0.9853313631538468,62,5.193375530831209e-47,2,2,Internal
FOX,FRT,0.48747980863291845,62,6.761095127409167e-05,2,4,External
FOX,GOOG,-0.5129796633278303,62,2.3669631521091284e-05,2,11,External
FOX,GOOGL,-0.5012150091702529,62,3.881513216671103e-05,2,11,External
FOX,HBAN,0.502326748063642,62,3.707134700404133e-05,2,2,Internal
FOX,IBM,0.40183790506788303,62,0.0013273757011890406,2,4,External
FOX,IVZ,0.41217591123679287,62,0.0009646076450518375,2,2,Internal
FOX,KEY,0.48677668924843187,62,6.951529803116053e-05,2,2,Internal
FOX,KIM,0.5231773349757501,62,1.518674935395442e-05,2,4,External
FOX,LUV,0.4331878441126031,62,0.0004882356406157545,2,2,Internal
FOX,MET,0.4570550020969426,62,0.00021319180392103713,2,2,Internal
FOX,MOS,0.4520812171882246,62,0.0002546554138015071,2,2,Internal
FOX,PRU,0.4534239631411643,62,0.00024279093287113193,2,2,Internal
FOX,PSKY,0.556347451592431,62,3.2326755035282726e-06,2,2,Internal
FOX,REG,0.4264971833534811,62,0.0006093541474527271,2,4,External
FOX,RF,0.45739233502805887,62,0.00021061679028570429,2,2,Internal
FOX,SCHW,0.41426294247294726,62,0.0009032819335049233,2,2,Internal
FOX,SPG,0.4249347759673749,62,0.0006412994809253933,2,4,External
FOX,TFC,0.4575929646909582,62,0.00020909881823171454,2,2,Internal
FOX,WBD,0.5184207277662839,62,1.8712467372890257e-05,2,4,External
FOXA,FRT,0.47149730561579734,62,0.000125270347925267,2,4,External
FOXA,GOOG,-0.5211768119528671,62,1.658681173565024e-05,2,11,External
FOXA,GOOGL,-0.5123490861686582,62,2.431683460811878e-05,2,11,External
FOXA,HBAN,0.5060621316316342,62,3.1728882740963895e-05,2,2,Internal
FOXA,HD,0.4123454279010056,62,0.0009594899098389664,2,5,External
FOXA,IBM,0.4019575944880618,62,0.001322555141729299,2,4,External
FOXA,INVH,0.41187360283805613,62,0.000973795535724719,2,4,External
FOXA,IVZ,0.447923466644023,62,0.0002948313660731596,2,2,Internal
FOXA,KEY,0.498461066061094,62,4.346648874872523e-05,2,2,Internal
FOXA,KIM,0.4982665370017566,62,4.381377397423428e-05,2,4,External
FOXA,LUV,0.41593812662709495,62,0.0008566291212180124,2,2,Internal
FOXA,MET,0.4530227974555409,62,0.00024628159939463706,2,2,Internal
FOXA,MOS,0.4588108752585291,62,0.00020009682211512956,2,2,Internal
FOXA,PRU,0.478588360619404,62,9.564217119682073e-05,2,2,Internal
FOXA,PSKY,0.5849939686031004,62,7.3819112795469e-07,2,2,Internal
FOXA,REG,0.43207239168963685,62,0.0005067711923450397,2,4,External
FOXA,RF,0.4613613704113509,62,0.00018238341676665932,2,2,Internal
FOXA,SPG,0.40954022328104,62,0.0010474114923468695,2,4,External
FOXA,TFC,0.46280243059664056,62,0.00017302181966285702,2,2,Internal
FOXA,TXT,0.4174727393866819,62,0.0008158132335051343,2,5,External
FOXA,WBD,0.5183752580556176,62,1.8749565721972932e-05,2,4,External
FOXA,WFC,0.4273995423494052,62,0.000591568311855179,2,2,Internal
FRT,GD,0.4628047724801117,62,0.0001730069710482693,4,2,External
FRT,GOOG,-0.45997578252251536,62,0.00019181980816042956,4,11,External
FRT,GOOGL,-0.44637167884148615,62,0.00031125147363063023,4,11,External
FRT,HBAN,0.4217491978286225,62,0.0007111775569340588,4,2,External
FRT,HD,0.4391408206333679,62,0.00039932301599980135,4,5,External
FRT,HII,0.47779269441428324,62,9.861163092957351e-05,4,2,External
FRT,HON,0.41406763960355114,62,0.0009088676682763165,4,5,External
FRT,IBM,0.4084088095817713,62,0.0010848811415687298,4,4,Internal
FRT,IEX,0.40567184727881,62,0.0011805653215671316,4,5,External
FRT,IFF,0.4817427405856263,62,8.466112221539938e-05,4,4,Internal
FRT,INVH,0.4958077530080279,62,4.8430024691690846e-05,4,4,Internal
FRT,IP,0.45103797141336893,62,0.0002642364827333305,4,2,External
FRT,IRM,0.5644033808156755,62,2.1639587843866938e-06,4,4,Internal
FRT,KIM,0.8676625355758836,62,1.4687946308175814e-19,4,4,Internal
FRT,KMI,0.5032867346175596,62,3.562416914360467e-05,4,2,External
FRT,LHX,0.4489623565864239,62,0.0002842843118703608,4,2,External
FRT,LNT,0.43739699016618416,62,0.0004237056668183563,4,4,Internal
FRT,MAA,0.6688953144150996,62,3.815496442460868e-09,4,4,Internal
FRT,MAS,0.4057631098713748,62,0.0011772562025361521,4,5,External
FRT,MHK,0.4818980832511044,62,8.415158066868761e-05,4,5,External
FRT,MMM,0.4767417865654156,62,0.00010266362120906892,4,5,External
FRT,MTB,0.46382071718374385,62,0.00016667439403704904,4,2,External
FRT,NDSN,0.4501888131907915,62,0.00027227682608570695,4,5,External
FRT,NI,0.4340565878931149,62,0.0004742286300653751,4,4,Internal
FRT,NVDA,-0.41456622779518,62,0.000894669272341512,4,1,External
FRT,O,0.6966979845696635,62,4.498100720610602e-10,4,4,Internal
FRT,PEG,0.4582447153048378,62,0.00020423644522656048,4,4,Internal
FRT,PFG,0.4270852568145135,62,0.0005977088554685888,4,2,External
FRT,PLD,0.6096705175343038,62,1.83749056032427e-07,4,4,Internal
FRT,PNW,0.4036131727981973,62,0.001257470946629869,4,4,Internal
FRT,PPL,0.49492121923792515,62,5.020175751154501e-05,4,4,Internal
FRT,PSA,0.4072138885194,62,0.0011257612654340496,4,4,Internal
FRT,REG,0.9315102404453056,62,1.3468699632417808e-27,4,4,Internal
FRT,RF,0.4951428872839548,62,4.9753230969390026e-05,4,2,External
FRT,SBAC,0.45754166743032826,62,0.0002094859800939956,4,4,Internal
FRT,SPG,0.7937866139957727,62,2.341361046399309e-14,4,4,Internal
FRT,SRE,0.41800646993857277,62,0.0008020350215427836,4,4,Internal
FRT,SWK,0.5723965066365827,62,1.4377883262138727e-06,4,5,External
FRT,TEL,0.4256300608213541,62,0.0006269007341944933,4,5,External
FRT,TPL,0.4139498365356631,62,0.0009122519371014418,4,2,External
FRT,TRMB,0.5350721041189384,62,8.885264521413366e-06,4,5,External
FRT,TROW,0.4433796318948172,62,0.00034528683226627693,4,2,External
FRT,TXT,0.4699135731079129,62,0.0001329460065337149,4,5,External
FRT,UDR,0.6823140044825831,62,1.3997777071237717e-09,4,4,Internal
FRT,USB,0.5180264447747794,62,1.9036437025057587e-05,4,2,External
FRT,VICI,0.6453179046007457,62,1.972657521547475e-08,4,4,Internal
FRT,VTR,0.6972916538323813,62,4.2861046655411007e-10,4,4,Internal
FRT,WAB,0.4590086849007354,62,0.0001986686830521768,4,5,External
FRT,WBD,0.48262175763701765,62,8.181484020103505e-05,4,4,Internal
FRT,WELL,0.6134122983744614,62,1.4726983634292206e-07,4,4,Internal
FRT,WMB,0.4029262018828832,62,0.0012841191752152653,4,2,External
FRT,WY,0.4574098380627397,62,0.00021048396139918132,4,4,Internal
FRT,ZBRA,0.4136219916697965,62,0.000921730289462569,4,2,External
FTNT,MAS,-0.400286169095493,62,0.001391318168394401,0,5,External
FTNT,MMM,-0.4303309757568341,62,0.0005369886811704118,0,5,External
FTNT,PANW,0.49808729573259347,62,4.413603380027857e-05,0,0,Internal
FTNT,PTC,0.4363197111861248,62,0.00043943725460365737,0,0,Internal
FTV,GPC,0.4105297446215625,62,0.0010156014994897266,5,5,Internal
FTV,HON,0.41335760145513994,62,0.0009294387440511259,5,5,Internal
FTV,HPE,0.5016453300870324,62,3.813136202504662e-05,5,1,External
FTV,IEX,0.7071674141371492,62,1.886746497120825e-10,5,5,Internal
FTV,IR,0.5700933509724413,62,1.6193283806131938e-06,5,5,Internal
FTV,ITW,0.46458093907365955,62,0.00016207549823250278,5,5,Internal
FTV,JCI,0.5361042608598681,62,8.473282943400495e-06,5,5,Internal
FTV,MCHP,0.4368162896428489,62,0.0004321208634116199,5,1,External
FTV,NDSN,0.5711200777178727,62,1.5358990199890062e-06,5,5,Internal
FTV,NSC,0.4163189216670032,62,0.0008463326809963752,5,5,Internal
FTV,NUE,0.4440061742202647,62,0.00033789110040694425,5,5,Internal
FTV,NXPI,0.45712128068979063,62,0.0002126836080868978,5,1,External
FTV,ODFL,0.41066807592687166,62,0.0010112246735361782,5,5,Internal
FTV,OTIS,0.5194468896130897,62,1.7893124922494152e-05,5,5,Internal
FTV,PCAR,0.48469030227111315,62,7.546089634481773e-05,5,5,Internal
FTV,PH,0.6413450931898974,62,2.566111826316075e-08,5,5,Internal
FTV,ROK,0.6450260665974895,62,2.0114016511339052e-08,5,5,Internal
FTV,SNA,0.5056749800873143,62,3.224750719364681e-05,5,5,Internal
FTV,TDY,0.661017552527314,62,6.713976862227074e-09,5,5,Internal
FTV,TEL,0.6158900107320481,62,1.2699345915632014e-07,5,5,Internal
FTV,TER,0.4261370184485785,62,0.0006165874555443907,5,1,External
FTV,TRMB,0.43459136629647194,62,0.00046578882521618864,5,5,Internal
FTV,TXN,0.41580307379128806,62,0.0008603079519310404,5,1,External
FTV,TXT,0.5083963218250556,62,2.8762072123354093e-05,5,5,Internal
FTV,URI,0.5383102273513986,62,7.651672478094071e-06,5,5,Internal
FTV,WAB,0.6143821409519346,62,1.3899473595098734e-07,5,5,Internal
GD,GL,0.47755990829847517,62,9.949629159893715e-05,2,5,External
GD,GOOG,-0.40012546815398303,62,0.001398095788911747,2,11,External
GD,HAL,0.6058659053460089,62,2.2944866338692796e-07,2,2,Internal
GD,HBAN,0.4274066257374125,62,0.0005914305774101505,2,2,Internal
GD,HIG,0.4001158842370105,62,0.001398500929537484,2,4,External
GD,HII,0.7198429621721644,62,6.256160579161389e-11,2,2,Internal
GD,HON,0.5317031882770733,62,1.0363320752734185e-05,2,5,External
GD,HWM,0.41096285254465054,62,0.00100195457709958,2,5,External
GD,IEX,0.4004117853085094,62,0.0013860408264131608,2,5,External
GD,ITW,0.49345544343880826,62,5.326285321201154e-05,2,5,External
GD,KIM,0.4525480350847264,62,0.000250471863625797,2,4,External
GD,KMI,0.4831356527961539,62,8.019190760724456e-05,2,2,Internal
GD,LDOS,0.49774634274954016,62,4.47550887616053e-05,2,2,Internal
GD,LHX,0.664840574117952,62,5.114333587089474e-09,2,2,Internal
GD,LMT,0.6602254036058588,62,7.099986503992631e-09,2,2,Internal
GD,LYB,0.46538961456995037,62,0.00015731136691737334,2,2,Internal
GD,MOS,0.4028267116395055,62,0.001288020299200588,2,2,Internal
GD,MPC,0.4421213394156657,62,0.00036058710515730295,2,2,Internal
GD,MSFT,-0.6089925443688041,62,1.912083508785546e-07,2,1,External
GD,NEE,0.4633293411719463,62,0.0001697102257265279,2,4,External
GD,NI,0.40100302459479853,62,0.001361442595339008,2,4,External
GD,NOC,0.7776007487468102,62,1.697928471871884e-13,2,2,Internal
GD,NSC,0.4088044527334276,62,0.0010716432864139526,2,5,External
GD,OXY,0.4141630718741779,62,0.0009061343860201634,2,2,Internal
GD,PCAR,0.44814592214209226,62,0.00029254336509275316,2,5,External
GD,PEG,0.4291132079165967,62,0.000559081438759564,2,4,External
GD,PGR,0.4722925364333471,62,0.00012157163766493146,2,2,Internal
GD,PPG,0.5141421112437489,62,2.2518184989683965e-05,2,2,Internal
GD,PSX,0.4184426472409164,62,0.0007909317101565759,2,2,Internal
GD,REG,0.4800062866157872,62,9.055341694737882e-05,2,4,External
GD,RF,0.45758799685967855,62,0.00020913628388470224,2,2,Internal
GD,RTX,0.7512034832989464,62,3.0861318586229594e-12,2,2,Internal
GD,SLB,0.5949055561666913,62,4.282009721947355e-07,2,2,Internal
GD,SPG,0.503686619107178,62,3.503690515567074e-05,2,4,External
GD,TDY,0.4714427083273599,62,0.00012552803761238366,2,5,External
GD,TEL,0.47700343488354713,62,0.00010164071839028073,2,5,External
GD,TPL,0.534805209545006,62,8.994787159934586e-06,2,2,Internal
GD,TRGP,0.5591702473618956,62,2.811917884725191e-06,2,2,Internal
GD,TXT,0.49657122037417906,62,4.695069853493119e-05,2,5,External
GD,USB,0.4663966082970424,62,0.00015155841829432983,2,2,Internal
GD,VICI,0.40478660903059943,62,0.0012131005731447597,2,4,External
GD,WAB,0.5610753762697115,62,2.557496583601167e-06,2,5,External
GD,WFC,0.41602869324230507,62,0.0008541700583971421,2,2,Internal
GD,WMB,0.4671876670680666,62,0.00014717510656493387,2,2,Internal
GD,WRB,0.4061443852600406,62,0.0011635215287407663,2,2,Internal
GD,XOM,0.4574015967628403,62,0.00021054649430139003,2,2,Internal
GE,HWM,0.4572564980985275,62,0.00021165025348412136,5,5,Internal
GE,ITW,0.41128913988268084,62,0.0009917829487312577,5,5,Internal
GE,JPM,0.4172283485388928,62,0.0008221932723777323,5,2,External
GE,MO,0.406556326801111,62,0.0011488444322164362,5,2,External
GE,NUE,0.42198616906873654,62,0.0007057514845019119,5,5,Internal
GE,PH,0.42882924329705435,62,0.0005643502593304906,5,5,Internal
GE,PPG,0.5076191816357506,62,2.9720044066157238e-05,5,2,External
GE,RTX,0.5053305978899114,62,3.271541874357682e-05,5,2,External
GE,TEL,0.4891826180624792,62,6.319648361342847e-05,5,5,Internal
GE,TXT,0.5162923199857872,62,2.0524031890891317e-05,5,5,Internal
GE,WAB,0.44223648242479197,62,0.0003591617775429473,5,5,Internal
GE,WFC,0.42119244414462265,62,0.0007240747425108345,5,2,External
GEN,KIM,0.4565751160845209,62,0.0002169046261338455,4,4,Internal
GEN,REG,0.4103157903815309,62,0.00102240469259134,4,4,Internal
GEN,UDR,0.4081291064385144,62,0.0010943284496203528,4,4,Internal
GILD,JNJ,0.4342785087032029,62,0.0004707095806871173,4,4,Internal
GILD,MPWR,-0.46567181206361474,62,0.00015567931342625718,4,1,External
GILD,MRK,0.4845603287645051,62,7.584634764769638e-05,4,6,External
GILD,PG,0.448167667123547,62,0.0002923205848760456,4,6,External
GILD,VRTX,0.41643451634178896,62,0.0008432292759006142,4,6,External
GILD,WMT,0.4485607052220438,62,0.00028832044909002423,4,4,Internal
GIS,HRL,0.40155261560223543,62,0.0013389296380479547,6,6,Internal
GIS,HSY,0.7192605991183015,62,6.590277355183556e-11,6,6,Internal
GIS,K,0.47221873792242763,62,0.0001219106131213493,6,6,Internal
GIS,KHC,0.4727492066509927,62,0.00011949321063820033,6,6,Internal
GIS,KMB,0.5166901953682561,62,2.017349145404772e-05,6,6,Internal
GIS,KO,0.5295355997045073,62,1.1431941195321768e-05,6,6,Internal
GIS,LW,0.540635337477339,62,6.866404852835314e-06,6,6,Internal
GIS,MDLZ,0.5339777103109419,62,9.342396876821937e-06,6,6,Internal
GIS,MNST,0.4141750301667687,62,0.0009057924114292809,6,6,Internal
GIS,MRK,0.4654028131890685,62,0.00015723468611661688,6,6,Internal
GIS,PEP,0.6316937725679711,62,4.78659491538164e-08,6,6,Internal
GIS,SJM,0.6024520627800566,62,2.7936497410479023e-07,6,4,External
GIS,TRMB,-0.45305118809825257,62,0.00024603306414264063,6,5,External
GIS,WY,-0.4637396338195019,62,0.00016717189225795448,6,4,External
GL,GM,0.45914474714553916,62,0.00019769176693675158,5,5,Internal
GL,GOOG,-0.4213918670463807,62,0.0007194309879657957,5,11,External
GL,GOOGL,-0.4055049465985042,62,0.0011866386876611674,5,11,External
GL,GPC,0.48894919543085213,62,6.378548454292433e-05,5,5,Internal
GL,GWW,0.4991623091019657,62,4.223558447336851e-05,5,5,Internal
GL,HAL,0.46250715063044284,62,0.00017490341078866308,5,2,External
GL,HBAN,0.5399893120232785,62,7.07670073528851e-06,5,2,External
GL,HIG,0.6295771314198375,62,5.4722230339104465e-08,5,4,External
GL,HII,0.47020942644651237,62,0.00013148014850816947,5,2,External
GL,HON,0.49853581951946685,62,4.3333712030938354e-05,5,5,Internal
GL,HWM,0.442955030893099,62,0.0003503823651313143,5,5,Internal
GL,IEX,0.43706699654676945,62,0.0004284692856182363,5,5,Internal
GL,IP,0.44682623218237144,62,0.00030635734219873646,5,2,External
GL,IR,0.5266201408492314,62,1.3031242734279167e-05,5,5,Internal
GL,ITW,0.4969063969483413,62,4.631452318762355e-05,5,5,Internal
GL,J,0.5485417833753217,62,4.72244965830825e-06,5,5,Internal
GL,JCI,0.5655159225834019,62,2.045567376404559e-06,5,5,Internal
GL,KEY,0.5313954297061761,62,1.0509166114175772e-05,5,2,External
GL,KMI,0.4379074968770284,62,0.0004164310929551059,5,2,External
GL,L,0.675080133977219,62,2.4189885673806228e-09,5,5,Internal
GL,LKQ,0.4388853506669733,62,0.00040281333242450624,5,5,Internal
GL,LOW,0.4239883073873078,62,0.0006613815904567992,5,5,Internal
GL,LYB,0.5283308126992264,62,1.2069326654343187e-05,5,2,External
GL,MAA,0.43901556772152867,62,0.00040103080969704024,5,4,External
GL,MAS,0.5133454612577051,62,2.3301542382948893e-05,5,5,Internal
GL,MET,0.5105503674100562,62,2.6254180976804377e-05,5,2,External
GL,MMM,0.5171357666466162,62,1.978752420789073e-05,5,5,Internal
GL,MO,0.5303471164441056,62,1.1020405699920754e-05,5,2,External
GL,MOS,0.43546051399545327,62,0.0004523628361309882,5,2,External
GL,MPC,0.4997311663718193,62,4.1260807848092994e-05,5,2,External
GL,MS,0.40715811818866293,62,0.0011277027007327474,5,2,External
GL,MTB,0.5855722551182697,62,7.154583612787348e-07,5,2,External
GL,NDSN,0.47440798969605785,62,0.00011221516045538182,5,5,Internal
GL,NOW,-0.463513841846926,62,0.00016856444878940663,5,1,External
GL,NUE,0.5284826799769137,62,1.1987201367626667e-05,5,5,Internal
GL,OTIS,0.5248238702626405,62,1.4117614980743466e-05,5,5,Internal
GL,PCAR,0.5580617584956018,62,2.9706406541641968e-06,5,5,Internal
GL,PFG,0.684154945350679,62,1.2148394082079692e-09,5,2,External
GL,PGR,0.4980226357521987,62,4.425282309742951e-05,5,2,External
GL,PH,0.5776252016343174,62,1.093937214245576e-06,5,5,Internal
GL,PRU,0.6564389981106866,62,9.253652645822183e-09,5,2,External
GL,PSX,0.48241887390267335,62,8.246385085113339e-05,5,2,External
GL,RF,0.5258980742310125,62,1.3458253351937674e-05,5,2,External
GL,ROK,0.4267563339599353,62,0.0006041972199375441,5,5,Internal
GL,RTX,0.4958726400436362,62,4.830264320519025e-05,5,2,External
GL,SCHW,0.4223948111980903,62,0.0006964825173963458,5,2,External
GL,SLB,0.49477561340761095,62,5.04984066570479e-05,5,2,External
GL,SPG,0.46899446171259274,62,0.00013759611104517458,5,4,External
GL,SWK,0.4753765912910337,62,0.00010815598506346165,5,5,Internal
GL,TFC,0.44117423683193624,62,0.00037250798540898055,5,2,External
GL,TRV,0.44026016969384413,62,0.0003843522448517922,5,0,External
GL,TT,0.4372883606062833,62,0.00042526844230519,5,5,Internal
GL,TXT,0.6117872670020292,62,1.6218374143772408e-07,5,5,Internal
GL,URI,0.45251672060693804,62,0.00025075052230028397,5,5,Internal
GL,USB,0.5195968707309111,62,1.7776199359942326e-05,5,2,External
GL,VLO,0.5021064167952275,62,3.741107635692933e-05,5,2,External
GL,VTR,0.4073141022220506,62,0.0011222802626080419,5,4,External
GL,WAB,0.6112634892890089,62,1.6728622585842996e-07,5,5,Internal
GL,WFC,0.49942298607948554,62,4.178628486469158e-05,5,2,External
GL,WRB,0.5148805467928071,62,2.181393921144668e-05,5,2,External
GLW,VLO,0.4394357408507639,62,0.000395327955498802,2,2,Internal
GM,HD,0.4273651457414343,62,0.0005922375576233688,5,5,Internal
GM,HPE,0.40951242052776093,62,0.0010483180911270555,5,1,External
GM,HPQ,0.430242390607472,62,0.0005385686617390658,5,5,Internal
GM,IEX,0.46243883438357236,62,0.0001753413987044038,5,5,Internal
GM,IP,0.5037169590041436,62,3.499271595027235e-05,5,2,External
GM,JCI,0.41365443474901314,62,0.0009207883777852025,5,5,Internal
GM,KMI,0.4120581187750775,62,0.0009681783053435446,5,2,External
GM,LLY,-0.43538922907884076,62,0.00045345060494392616,5,6,External
GM,LOW,0.4481306567720643,62,0.00029269985336540075,5,5,Internal
GM,LUV,0.4008566269993568,62,0.0013674965809596666,5,2,External
GM,LW,-0.40825970042219945,62,0.0010899082972756192,5,6,External
GM,MCHP,0.43598263525071995,62,0.00044446758249165396,5,1,External
GM,MMC,-0.4250260495198728,62,0.000639392353572241,5,6,External
GM,MOS,0.47100180361249583,62,0.00012762693345468276,5,2,External
GM,MTB,0.45014134200010325,62,0.0002727328360410548,5,2,External
GM,NCLH,0.43004938402632553,62,0.0005420256937115434,5,7,External
GM,NDSN,0.5222924377667812,62,1.579192894526793e-05,5,5,Internal
GM,NTRS,0.4093103436935371,62,0.0010549287402989624,5,2,External
GM,NXPI,0.47416388474748344,62,0.00011325999191779253,5,1,External
GM,OMC,0.4159164680487102,62,0.0008572181411622013,5,6,External
GM,PCAR,0.46512571569419014,62,0.00015885176869076122,5,5,Internal
GM,PFG,0.5830930554786279,62,8.177834840825947e-07,5,2,External
GM,PH,0.5170850266434645,62,1.9831128587707116e-05,5,5,Internal
GM,POOL,0.40630162083809535,62,0.0011578995693917636,5,5,Internal
GM,PRU,0.5721844807090162,62,1.4536681210377417e-06,5,2,External
GM,RJF,0.4870636664730214,62,6.873214979075568e-05,5,2,External
GM,SWK,0.45517290539719124,62,0.00022809479329139254,5,5,Internal
GM,TEL,0.5347604740020006,62,9.01326726736737e-06,5,5,Internal
GM,TRMB,0.4061845477166676,62,0.0011620831880374384,5,5,Internal
GM,TXT,0.5646727013750535,62,2.1347250632485987e-06,5,5,Internal
GM,URI,0.5906284950041848,62,5.428503088354868e-07,5,5,Internal
GM,WAB,0.5091999628375865,62,2.780156207661954e-05,5,5,Internal
GM,WFC,0.4098773403254701,62,0.0010364747926016643,5,2,External
GM,WY,0.40560787359894074,62,0.0011828899519085475,5,4,External
GNRC,HWM,0.45629426145129914,62,0.0002191049023948365,5,5,Internal
GNRC,IEX,0.4140141712304954,62,0.0009104023106603437,5,5,Internal
GNRC,MAS,0.4347458345985774,62,0.0004633765623386076,5,5,Internal
GNRC,ODFL,0.4516073670124841,62,0.00025896717082354647,5,5,Internal
GNRC,PH,0.4114104517261531,62,0.000988025004935373,5,5,Internal
GNRC,PNR,0.4009710546218618,62,0.0013627625919026142,5,5,Internal
GNRC,SBUX,-0.49785651403311276,62,4.455418343341442e-05,5,6,External
GNRC,TXT,0.4029299065682689,62,0.0012839741157317918,5,5,Internal
GNRC,WAB,0.4002213126215083,62,0.0013940499536356696,5,5,Internal
GNRC,WY,0.4107366040388978,62,0.0010090627382222405,5,4,External
GOOG,GOOGL,0.9954935327299622,62,4.531312236891259e-62,11,11,Internal
GOOG,HAL,-0.4051828965029142,62,0.0011984373385983615,11,2,External
GOOG,HIG,-0.4152994595702708,62,0.0008741525362359195,11,4,External
GOOG,HWM,-0.44716137381368565,62,0.0003027939697292965,11,5,External
GOOG,INVH,-0.419857046381069,62,0.0007558761355627947,11,4,External
GOOG,IVZ,-0.41877502582849535,62,0.0007825641964953593,11,2,External
GOOG,KIM,-0.45087536802827355,62,0.0002657591193113458,11,4,External
GOOG,LOW,-0.4208373860204986,62,0.000732409797103542,11,5,External
GOOG,LYB,-0.42179837559095085,62,0.0007100484094502836,11,2,External
GOOG,MO,-0.45710098399173554,62,0.00021283911663875837,11,2,External
GOOG,MOS,-0.4327150112033548,62,0.0004960162079692699,11,2,External
GOOG,MTB,-0.4428359696735362,62,0.00035182343659603073,11,2,External
GOOG,NDSN,-0.48402797976721407,62,7.744408839977508e-05,11,5,External
GOOG,PFG,-0.41073835253666663,62,0.0010090076309144406,11,2,External
GOOG,PH,-0.42559551401308443,62,0.0006276091931647311,11,5,External
GOOG,PSA,-0.4157264746700936,62,0.0008624008436514077,11,4,External
GOOG,REG,-0.4579369328243013,62,0.00020651961040154453,11,4,External
GOOG,SPG,-0.4954836922983169,62,4.9070852454811055e-05,11,4,External
GOOG,TEL,-0.4164260987954259,62,0.0008434549167484977,11,5,External
GOOG,TXT,-0.47554862184824814,62,0.00010744931782226957,11,5,External
GOOG,VICI,-0.4047994037538682,62,0.001212624638697525,11,4,External
GOOGL,HAL,-0.41411085153676236,62,0.0009076291116118986,11,2,External
GOOGL,HIG,-0.40815965472494686,62,0.0010932930519069895,11,4,External
GOOGL,HWM,-0.4721523753296933,62,0.00012221617439340482,11,5,External
GOOGL,INVH,-0.405066157701398,62,0.0012027401898648607,11,4,External
GOOGL,IVZ,-0.4324259371951743,62,0.0005008282798056633,11,2,External
GOOGL,KIM,-0.4421374517958229,62,0.00036038734434876043,11,4,External
GOOGL,LOW,-0.4190022162902201,62,0.0007768908965542805,11,5,External
GOOGL,LYB,-0.41735013761337453,62,0.0008190082466214055,11,2,External
GOOGL,MO,-0.4566744899534751,62,0.00021613096216594168,11,2,External
GOOGL,MOS,-0.4364100444892581,62,0.00043809799598536794,11,2,External
GOOGL,MTB,-0.45250274173226945,62,0.00025087500775415806,11,2,External
GOOGL,NDSN,-0.4710233884872845,62,0.0001275234348352372,11,5,External
GOOGL,PFG,-0.4092197688834868,62,0.0010579039377054049,11,2,External
GOOGL,PH,-0.4262848411651573,62,0.0006136093209896213,11,5,External
GOOGL,PSA,-0.4153406531176661,62,0.0008730125973252203,11,4,External
GOOGL,REG,-0.44870566165921266,62,0.0002868578111814014,11,4,External
GOOGL,RJF,-0.4003374160358792,62,0.0013891630250463236,11,2,External
GOOGL,SPG,-0.4746401024833082,62,0.00011122987924191895,11,4,External
GOOGL,TEL,-0.4043618687177951,62,0.0012289956517399186,11,5,External
GOOGL,TXT,-0.4787480446644134,62,9.505622329775555e-05,11,5,External
GPC,GRMN,0.41309584640144326,62,0.0009371276341335138,5,5,Internal
GPC,GWW,0.5286142848790378,62,1.1916453753559094e-05,5,5,Internal
GPC,HON,0.4993647583188373,62,4.188626070062468e-05,5,5,Internal
GPC,HPQ,0.4144380168183986,62,0.0008983011048473329,5,5,Internal
GPC,HWM,0.41666619197896126,62,0.000837040342235802,5,5,Internal
GPC,IEX,0.48855872482673984,62,6.478209376089773e-05,5,5,Internal
GPC,IR,0.5008349371302996,62,3.942846619973975e-05,5,5,Internal
GPC,IRM,0.40645195422679736,62,0.0011525472781601489,5,4,External
GPC,ITW,0.5242484964929518,62,1.4483006776123198e-05,5,5,Internal
GPC,J,0.4570724405660305,62,0.0002130579856592377,5,5,Internal
GPC,JBHT,0.46052098941807645,62,0.00018805465943444734,5,5,Internal
GPC,JCI,0.5139671438850477,62,2.2688111110352615e-05,5,5,Internal
GPC,L,0.47137814720790805,62,0.0001258333827807113,5,5,Internal
GPC,LKQ,0.4834286972582956,62,7.927976641591829e-05,5,5,Internal
GPC,MAS,0.47445584149819225,62,0.0001120113835643935,5,5,Internal
GPC,NDSN,0.4311889714155106,62,0.0005219019618672986,5,5,Internal
GPC,ORLY,0.5174286676515125,62,1.9537547483970725e-05,5,6,External
GPC,OTIS,0.5598940525691728,62,2.7125925259026394e-06,5,5,Internal
GPC,PCAR,0.5472232696645783,62,5.029962469588094e-06,5,5,Internal
GPC,PFG,0.40549326251746487,62,0.0011870649121981224,5,2,External
GPC,PH,0.5022510006862921,62,3.718781898444403e-05,5,5,Internal
GPC,PNR,0.44923968173238815,62,0.0002815276757990255,5,5,Internal
GPC,PWR,0.507883753899089,62,2.9390641933316045e-05,5,5,Internal
GPC,ROK,0.4602549547135807,62,0.00018988333541529483,5,5,Internal
GPC,SNA,0.5096892739780772,62,2.7231376644454876e-05,5,5,Internal
GPC,TDY,0.4043463531020578,62,0.0012295798242759359,5,5,Internal
GPC,TT,0.40843282571016265,62,0.0010840734035871297,5,5,Internal
GPC,TXT,0.4178808463366916,62,0.0008052589201665649,5,5,Internal
GPC,UNP,0.41227603046667266,62,0.0009615820606365692,5,5,Internal
GPC,WAB,0.5583474347609636,62,2.928953262859157e-06,5,5,Internal
GPN,KEY,0.4512487486563543,62,0.00026227459667985006,2,2,Internal
GPN,MS,0.4125371655016036,62,0.0009537308539338533,2,2,Internal
GPN,PNC,0.45793838755695904,62,0.00020650876432855015,2,2,Internal
GPN,USB,0.4601531379278147,62,0.00019058750279919853,2,2,Internal
GRMN,HST,0.5316577258344307,62,1.0384746039608526e-05,5,7,External
GRMN,IEX,0.4915720783546368,62,5.7448910794500024e-05,5,5,Internal
GRMN,J,0.4013687375044387,62,0.0013464243347554937,5,5,Internal
GRMN,PWR,0.4483874147708124,62,0.00029007791141244695,5,5,Internal
GRMN,TRMB,0.5371536556956943,62,8.072703224597872e-06,5,5,Internal
GRMN,VRSK,0.4112793502958619,62,0.0009920867675071976,5,6,External
GRMN,WAB,0.46819529041241303,62,0.00014176018842402532,5,5,Internal
GRMN,ZBRA,0.4969612771568841,62,4.6211120566033315e-05,5,2,External
GS,HBAN,0.5427433604007057,62,6.219988470248273e-06,2,2,Internal
GS,HII,0.41479898445661056,62,0.0008881098378053749,2,2,Internal
GS,IP,0.41728772283848964,62,0.0008206391211101293,2,2,Internal
GS,JPM,0.4366795164046517,62,0.00043412489208699844,2,2,Internal
GS,MET,0.4920086966433336,62,5.645229788488567e-05,2,2,Internal
GS,MOS,0.42719737927838747,62,0.0005955115957434048,2,2,Internal
GS,MS,0.6340616024839304,62,4.115926882103378e-08,2,2,Internal
GS,MTB,0.4378652833252394,62,0.0004170282864167745,2,2,Internal
GS,PCAR,0.46412964281132674,62,0.00016479134290218607,2,5,External
GS,PFG,0.455924364376416,62,0.00022203389905820658,2,2,Internal
GS,PH,0.40112067139164637,62,0.0013565950059543541,2,5,External
GS,PRU,0.4924390544422906,62,5.5485605668361494e-05,2,2,Internal
GS,RF,0.5419188966167768,62,6.465739722382596e-06,2,2,Internal
GS,TXT,0.4153745691068209,62,0.0008720750563728495,2,5,External
GS,URI,0.41967227545254027,62,0.0007603744038690615,2,5,External
GS,WFC,0.538343918789012,62,7.639719844780952e-06,2,2,Internal
GWW,HON,0.4650404744801295,62,0.0001593522757716702,5,5,Internal
GWW,HUBB,0.4342666204936014,62,0.0004708974915717939,5,5,Internal
GWW,HWM,0.5248834032927367,62,1.4080301330131244e-05,5,5,Internal
GWW,IEX,0.41965622750279324,62,0.000760766233376265,5,5,Internal
GWW,IR,0.6171821623211355,62,1.1749260668577643e-07,5,5,Internal
GWW,ITW,0.6592013851746334,62,7.630180278147702e-09,5,5,Internal
GWW,JCI,0.5628117394730453,62,2.344512850762529e-06,5,5,Internal
GWW,LEN,0.4372015462737903,62,0.00042652114468961323,5,5,Internal
GWW,LKQ,0.5857649715163228,62,7.080296459585932e-07,5,5,Internal
GWW,MAS,0.5713042403967301,62,1.5213668078606949e-06,5,5,Internal
GWW,MO,0.42851752182187847,62,0.0005701859231839417,5,2,External
GWW,NDSN,0.4260757552572128,62,0.0006178255395456577,5,5,Internal
GWW,NOW,-0.4302131576753468,62,0.0005390909774326921,5,1,External
GWW,NUE,0.5524880973408806,62,3.903616848830532e-06,5,5,Internal
GWW,NVR,0.4126992058333327,62,0.0009488881253414199,5,5,Internal
GWW,OTIS,0.6555322384959398,62,9.854305435732695e-09,5,5,Internal
GWW,PCAR,0.58381082280617,62,7.868287721669886e-07,5,5,Internal
GWW,PH,0.6257031960617838,62,6.973360004475015e-08,5,5,Internal
GWW,PHM,0.4259863503840753,62,0.0006196363898308734,5,5,Internal
GWW,PNR,0.6295389763129129,62,5.4853932687999e-08,5,5,Internal
GWW,PWR,0.4156486074986468,62,0.0008645330943546869,5,5,Internal
GWW,ROK,0.611889986505536,62,1.6120042154886928e-07,5,5,Internal
GWW,RTX,0.4545391607768937,62,0.000233323415006104,5,2,External
GWW,SNA,0.47883379516646896,62,9.474293290783887e-05,5,5,Internal
GWW,SWK,0.47530394046947877,62,0.00010845570082164577,5,5,Internal
GWW,TDG,0.46296788274760753,62,0.00017197564452483123,5,5,Internal
GWW,TT,0.5616378852940183,62,2.486594842469819e-06,5,5,Internal
GWW,URI,0.435376823092879,62,0.00045364015621333876,5,5,Internal
GWW,WAB,0.5322104841421472,62,1.0127017707314896e-05,5,5,Internal
HAL,HBAN,0.45229795583252563,62,0.000252705161819216,2,2,Internal
HAL,HD,0.4507809845020087,62,0.0002666466079001522,2,5,External
HAL,HIG,0.41769921887329403,62,0.0008099407669878474,2,4,External
HAL,HII,0.5091156617284637,62,2.790090587588032e-05,2,2,Internal
HAL,HON,0.5125560479054322,62,2.4102630267615385e-05,2,5,External
HAL,IP,0.5229474618549366,62,1.5341853889691953e-05,2,2,Internal
HAL,ITW,0.510054955682847,62,2.681234628034338e-05,2,5,External
HAL,KEY,0.4511189592643583,62,0.0002634810789800421,2,2,Internal
HAL,KMI,0.6591147192190416,62,7.6767322145755e-09,2,2,Internal
HAL,LDOS,0.5575784549554916,62,3.0424314325665786e-06,2,2,Internal
HAL,LHX,0.4789518285313966,62,9.43132498656251e-05,2,2,Internal
HAL,LMT,0.447001613555295,62,0.00030448786826623586,2,2,Internal
HAL,LOW,0.4944913459251717,62,5.108222590201854e-05,2,5,External
HAL,LYB,0.637697861209412,62,3.256112663515026e-08,2,2,Internal
HAL,MNST,-0.4492050919653531,62,0.00028187016432443235,2,6,External
HAL,MO,0.495439995975922,62,4.915785809233528e-05,2,2,Internal
HAL,MOS,0.41846276262246995,62,0.0007904230223227674,2,2,Internal
HAL,MPC,0.5578416415458591,62,3.0031386811859747e-06,2,2,Internal
HAL,MSFT,-0.5420183306596768,62,6.4356285018502066e-06,2,1,External
HAL,MTB,0.4022784987307211,62,0.001309708095639293,2,2,Internal
HAL,NOC,0.48989224310593243,62,6.143652389001111e-05,2,2,Internal
HAL,NTRS,0.48561816192560947,62,7.276120081080503e-05,2,2,Internal
HAL,NWS,0.4066331463772553,62,0.0011461259356243738,2,2,Internal
HAL,NWSA,0.40321187203717496,62,0.0012729767055490483,2,2,Internal
HAL,OKE,0.4584693792785202,62,0.00020258446949205606,2,2,Internal
HAL,OXY,0.6136912431551412,62,1.448434287959942e-07,2,2,Internal
HAL,PCAR,0.5241605491537007,62,1.4539625512985229e-05,2,5,External
HAL,PFG,0.5577994901728697,62,3.0093996700435432e-06,2,2,Internal
HAL,PH,0.42608971542120194,62,0.0006175432168584683,2,5,External
HAL,PKG,0.5171271379566226,62,1.9794933155030627e-05,2,2,Internal
HAL,PPG,0.5124265461969992,62,2.4236458177756274e-05,2,2,Internal
HAL,PRU,0.49808355326632164,62,4.414278569760212e-05,2,2,Internal
HAL,PSX,0.6061130001263378,62,2.2618253795793425e-07,2,2,Internal
HAL,RF,0.5456065803486309,62,5.432498809415646e-06,2,2,Internal
HAL,RJF,0.4394792039865752,62,0.0003947422786155463,2,2,Internal
HAL,RTX,0.5662005119006129,62,1.9757572617271275e-06,2,2,Internal
HAL,SLB,0.8774817708061606,62,1.744770694424325e-20,2,2,Internal
HAL,SYF,0.4374161552898867,62,0.0004234304946227104,2,2,Internal
HAL,TFC,0.41349740308978195,62,0.000925355525763774,2,2,Internal
HAL,TPL,0.6745139321282431,62,2.5231843053140966e-09,2,2,Internal
HAL,TRGP,0.7600006685514988,62,1.223546048310639e-12,2,2,Internal
HAL,TXT,0.4204293921537233,62,0.0007420946497471084,2,5,External
HAL,USB,0.45272181242226966,62,0.0002489306025898558,2,2,Internal
HAL,VLO,0.45632334254519713,62,0.00021887613121638466,2,2,Internal
HAL,WAB,0.49288703270053397,62,5.449557562407323e-05,2,5,External
HAL,WFC,0.43784861554583693,62,0.00041726429928858863,2,2,Internal
HAL,WMB,0.5240469038346259,62,1.4613092540467436e-05,2,2,Internal
HAL,XOM,0.8143442727646175,62,1.4435997104984604e-15,2,2,Internal
HAS,KDP,-0.4895357718394777,62,6.231488864589142e-05,6,0,External
HAS,META,0.5848491592715844,62,7.439888159915275e-07,6,6,Internal
HAS,PNR,0.6656262742992742,62,4.8337760287104e-09,6,5,External
HAS,PTC,-0.4588619406352861,62,0.00019972724532309953,6,0,External
HAS,ROL,0.4283002960799878,62,0.0005742848572279058,6,6,Internal
HAS,ROP,0.40058132493102755,62,0.0013789467033634524,6,6,Internal
HAS,VZ,0.45524765267890016,62,0.00022748521542030145,6,6,Internal
HAS,WTW,-0.7163349834892507,62,8.542204927425664e-11,6,0,External
HBAN,HIG,0.41973172966164757,62,0.0007589243498488279,2,4,External
HBAN,HII,0.48810125396490517,62,6.59679609399953e-05,2,2,Internal
HBAN,IP,0.42629934803662,62,0.0006133177596027894,2,2,Internal
HBAN,IVZ,0.5352288075909772,62,8.821539363874809e-06,2,2,Internal
HBAN,KEY,0.8225009820894147,62,4.336855242854166e-16,2,2,Internal
HBAN,KIM,0.45310273080018304,62,0.00024558243842066023,2,4,External
HBAN,LDOS,0.46586126772165626,62,0.00015459234480275766,2,2,Internal
HBAN,MAS,0.4035927390623423,62,0.0012582563572384224,2,5,External
HBAN,MCD,-0.4450227963621453,62,0.0003261974694730766,2,6,External
HBAN,MDLZ,-0.441233797950222,62,0.00037174786412891254,2,6,External
HBAN,MET,0.6803095299849338,62,1.6314073670966278e-09,2,2,Internal
HBAN,MHK,0.42193479172779763,62,0.0007069247106538482,2,5,External
HBAN,MNST,-0.44888803030833896,62,0.0002850272954970408,2,6,External
HBAN,MOS,0.49278827115637514,62,5.4712426990663144e-05,2,2,Internal
HBAN,MS,0.6362980375636402,62,3.5647895913148646e-08,2,2,Internal
HBAN,MTB,0.7492892420290489,62,3.755306899531814e-12,2,2,Internal
HBAN,NTRS,0.43829031347501696,62,0.00041105081134290767,2,2,Internal
HBAN,PCAR,0.41821836007999186,62,0.000796623677333799,2,5,External
HBAN,PEP,-0.5022368057803434,62,3.720968320707504e-05,2,6,External
HBAN,PFG,0.6890961263499692,62,8.262524893074282e-10,2,2,Internal
HBAN,PGR,0.4012835593981017,62,0.0013499088726142282,2,2,Internal
HBAN,PH,0.42451115838991693,62,0.0006502184579782638,2,5,External
HBAN,PNC,0.6324789141523262,62,4.553544853128423e-08,2,2,Internal
HBAN,PRU,0.7142454702485524,62,1.0260836130920364e-10,2,2,Internal
HBAN,PSKY,0.49517164109479767,62,4.9695321914426266e-05,2,2,Internal
HBAN,PSX,0.4785904299143931,62,9.563455688660608e-05,2,2,Internal
HBAN,RF,0.8826057671494658,62,5.3320071196881405e-21,2,2,Internal
HBAN,RJF,0.4954283759904197,62,4.9181019109469875e-05,2,2,Internal
HBAN,SCHW,0.5245278643846435,62,1.4304510709373087e-05,2,2,Internal
HBAN,SLB,0.48696908140732675,62,6.898936545968995e-05,2,2,Internal
HBAN,SPG,0.4065142218911096,62,0.0011503369054236675,2,4,External
HBAN,SYF,0.6584332012501276,62,8.052288699635955e-09,2,2,Internal
HBAN,TFC,0.7925985611722058,62,2.723943902101661e-14,2,2,Internal
HBAN,TRGP,0.4541577259629065,62,0.00023652296598343495,2,2,Internal
HBAN,TXT,0.40034149252868345,62,0.0013889917206820956,2,5,External
HBAN,URI,0.45428065115449473,62,0.00023548749272729475,2,5,External
HBAN,USB,0.76359952530231,62,8.284747877312347e-13,2,2,Internal
HBAN,WFC,0.7012513530658547,62,3.096822039701476e-10,2,2,Internal
HCA,PG,0.5372749793226178,62,8.027545680124155e-06,0,6,External
HCA,UHS,0.4442860612653214,62,0.0003346341906814194,0,0,Internal
HD,HII,0.4025552059653034,62,0.0012987206167803344,5,2,External
HD,HON,0.4710990338508717,62,0.0001271613261609596,5,5,Internal
HD,HWM,0.4477943271991655,62,0.00029616706989917614,5,5,Internal
HD,IP,0.45438050203119207,62,0.00023464943976986356,5,2,External
HD,ITW,0.4599541383933694,62,0.00019197069475469704,5,5,Internal
HD,JBHT,0.40495392830884575,62,0.0012068899310129584,5,5,Internal
HD,LHX,0.40824529872210985,62,0.001090394954451818,5,2,External
HD,LKQ,0.42701938222887914,62,0.0005990032224668087,5,5,Internal
HD,LOW,0.8226122967767623,62,4.264462446793758e-16,5,5,Internal
HD,MAS,0.5393168657238109,62,7.301958053916884e-06,5,5,Internal
HD,MHK,0.5142171163651587,62,2.2445702819853252e-05,5,5,Internal
HD,MSFT,-0.5245214212076962,62,1.4308604316462337e-05,5,1,External
HD,MTB,0.41606557311167847,62,0.0008531705252986326,5,2,External
HD,NDSN,0.5488939650508252,62,4.643330899641957e-06,5,5,Internal
HD,NUE,0.40393236591240633,62,0.0012452592404025471,5,5,Internal
HD,ODFL,0.4145915946376603,62,0.0008939522787039653,5,5,Internal
HD,ORCL,-0.42629926802590645,62,0.0006133193673262775,5,1,External
HD,PCAR,0.48568574826888655,62,7.256807119341107e-05,5,5,Internal
HD,PH,0.4346360891806926,62,0.0004650892367381337,5,5,Internal
HD,PNR,0.4080258950088312,62,0.0010978332150220907,5,5,Internal
HD,PPG,0.45795513822664136,62,0.0002063839136403552,5,2,External
HD,REG,0.4631252322137465,62,0.00017098608296358097,5,4,External
HD,RF,0.42840733098026856,62,0.0005722618375322138,5,2,External
HD,SHW,0.490804919071997,62,5.9239411161805855e-05,5,5,Internal
HD,SNA,0.4355305051998534,62,0.0004512971169479999,5,5,Internal
HD,SWK,0.524634354468621,62,1.4237010671326826e-05,5,5,Internal
HD,TSCO,0.40619330142743215,62,0.0011617699033519007,5,5,Internal
HD,TXT,0.4948664462314883,62,5.031315968987805e-05,5,5,Internal
HD,WAB,0.4455054824317745,62,0.00032077560926156197,5,5,Internal
HD,XOM,0.4074428661867002,62,0.001117821774074894,5,2,External
HIG,HII,0.4144805631602182,62,0.0008970944216263957,4,2,External
HIG,HWM,0.5109861094955991,62,2.5772159621572924e-05,4,5,External
HIG,IP,0.48094640723023185,62,8.731806424742585e-05,4,2,External
HIG,IRM,0.43284138326135607,62,0.0004939257771506616,4,4,Internal
HIG,JCI,0.43834220860792533,62,0.00041032634122672757,4,5,External
HIG,KEY,0.4184217374554042,62,0.0007914608009854383,4,2,External
HIG,L,0.5338723118099159,62,9.387558402618073e-06,4,5,External
HIG,LYB,0.42432985132153345,62,0.0006540699743177653,4,2,External
HIG,MO,0.4228097173525398,62,0.0006871843475732831,4,2,External
HIG,MOS,0.41128943339658286,62,0.000991773840854571,4,2,External
HIG,MTB,0.43226244604348935,62,0.0005035685675914683,4,2,External
HIG,PANW,-0.4138224180549569,62,0.0009159252415824763,4,0,External
HIG,PFG,0.4734746110466123,62,0.00011625869684521845,4,2,External
HIG,PGR,0.44579276471505286,62,0.0003175877897202712,4,2,External
HIG,PPG,0.4315243449408158,62,0.0005161102193392179,4,2,External
HIG,PRU,0.5190688369008145,62,1.8191029463347183e-05,4,2,External
HIG,PSA,0.47108883450647043,62,0.00012721009454114577,4,4,Internal
HIG,RTX,0.41789728712907287,62,0.000804836332362698,4,2,External
HIG,SPG,0.5312926104249299,62,1.0558315523393115e-05,4,4,Internal
HIG,TFC,0.4579733690181337,62,0.00020624810938302292,4,2,External
HIG,TRV,0.6166687324062039,62,1.2118459667999355e-07,4,0,External
HIG,TXT,0.46082074368166975,62,0.00018601352794482987,4,5,External
HIG,USB,0.4166366155003807,62,0.0008378281500311379,4,2,External
HIG,VTR,0.42711649023659615,62,0.0005970960378800695,4,4,Internal
HIG,WAB,0.424191386881603,62,0.0006570252868825912,4,5,External
HIG,WFC,0.4732822604973499,62,0.00011710844279931546,4,2,External
HIG,WRB,0.4658338713693257,62,0.0001547490950570575,4,2,External
HII,HON,0.49705796960270515,62,4.602945595495173e-05,2,5,External
HII,IEX,0.46284945899273067,62,0.00017272386162888646,2,5,External
HII,IP,0.5146477742978709,62,2.2033699351701347e-05,2,2,Internal
HII,ITW,0.4849974131659745,62,7.455728070144558e-05,2,5,External
HII,KEY,0.42077457403203017,62,0.0007338933246652904,2,2,Internal
HII,KIM,0.4322654607016053,62,0.0005035179157043053,2,4,External
HII,KMI,0.5319824636175732,62,1.0232604768277755e-05,2,2,Internal
HII,LDOS,0.5234204889608862,62,1.5024269203236599e-05,2,2,Internal
HII,LHX,0.7061084904393459,62,2.063576856911746e-10,2,2,Internal
HII,LMT,0.5994790689561829,62,3.3098659946590706e-07,2,2,Internal
HII,MOS,0.5340897695688173,62,9.294603088179478e-06,2,2,Internal
HII,MSFT,-0.555681051545196,62,3.3402429120800595e-06,2,1,External
HII,NOC,0.6798318781742625,62,1.6917372325126085e-09,2,2,Internal
HII,NRG,0.4067473750749301,62,0.0011420943107760032,2,2,Internal
HII,NVDA,-0.429052563023192,62,0.0005602029119726891,2,1,External
HII,OXY,0.4072206339624443,62,0.0011255266522422333,2,2,Internal
HII,PFG,0.4665801714780011,62,0.0001505307487280436,2,2,Internal
HII,PSX,0.4683989580782834,62,0.0001406881432417595,2,2,Internal
HII,REG,0.47171905865188096,62,0.00012422869658436884,2,4,External
HII,RF,0.522690619914925,62,1.5516894464178816e-05,2,2,Internal
HII,RTX,0.5683179796947628,62,1.7736787997746912e-06,2,2,Internal
HII,SPG,0.4139042371685636,62,0.0009135649751626549,2,4,External
HII,TEL,0.438555809358337,62,0.0004073566316441616,2,5,External
HII,TPL,0.5351584057439454,62,8.850116232930654e-06,2,2,Internal
HII,TRGP,0.5601079464393748,62,2.683874269494728e-06,2,2,Internal
HII,TXT,0.48296054616835493,62,8.074155261513343e-05,2,5,External
HII,UDR,0.4197565993182167,62,0.0007583185354671846,2,4,External
HII,USB,0.4504232204202347,62,0.00027003528934076924,2,2,Internal
HII,VLO,0.44349293855269095,62,0.00034393852764567727,2,2,Internal
HII,WAB,0.5805587084484644,62,9.364600333715091e-07,2,5,External
HII,WFC,0.5727159616572003,62,1.4141690225664973e-06,2,2,Internal
HII,WMB,0.4588528027741193,62,0.0001997933330838793,2,2,Internal
HLT,LVS,0.42971805720664136,62,0.0005480072305467154,6,6,Internal
HLT,MAR,0.8534260724556259,62,2.4256841307097028e-18,6,6,Internal
HLT,MGM,0.5102676556896109,62,2.6571370853450088e-05,6,6,Internal
HOLX,INCY,0.5659411606955836,62,2.0019378030772366e-06,4,4,Internal
HOLX,KLAC,-0.4108134106920365,62,0.0010066445841239344,4,1,External
HOLX,LDOS,0.4657034535914397,62,0.00015549728973835244,4,2,External
HOLX,MOH,0.402765681481554,62,0.0012904186300062024,4,6,External
HOLX,XEL,0.5407080175460808,62,6.843113690819522e-06,4,4,Internal
HON,HWM,0.431887697968658,62,0.0005099011934789733,5,5,Internal
HON,IEX,0.4320572864016164,62,0.0005070265247508683,5,5,Internal
HON,IR,0.5142898768257035,62,2.2375596503556146e-05,5,5,Internal
HON,IRM,0.49088561989307483,62,5.904866705289422e-05,5,4,External
HON,ITW,0.5045753851167752,62,3.376360030001106e-05,5,5,Internal
HON,JBHT,0.5016453968414986,62,3.8131256823068107e-05,5,5,Internal
HON,JCI,0.5081609700669782,62,2.904912594370251e-05,5,5,Internal
HON,L,0.4395460949919242,62,0.0003938424479313626,5,5,Internal
HON,LHX,0.429441140713237,62,0.0005530523623442645,5,2,External
HON,LOW,0.4577134749111169,62,0.00020819185096856405,5,5,Internal
HON,MET,0.4302833597827204,62,0.0005378374230559854,5,2,External
HON,MMM,0.4870052896351098,62,6.88907958032846e-05,5,5,Internal
HON,MO,0.40750426786203475,62,0.0011157013460984199,5,2,External
HON,MSFT,-0.4609238788435832,62,0.00018531594818068953,5,1,External
HON,NDSN,0.5351421784942112,62,8.856715254049984e-06,5,5,Internal
HON,NOC,0.48719607557968664,62,6.837355929129377e-05,5,2,External
HON,NOW,-0.4351288103624991,62,0.00045744469087425173,5,1,External
HON,OTIS,0.648347244368954,62,1.6100316185868668e-08,5,5,Internal
HON,PCAR,0.5159383612581042,62,2.084061929150148e-05,5,5,Internal
HON,PFG,0.44790492024692524,62,0.000295022854970354,5,2,External
HON,PH,0.5259152119590152,62,1.3447969722031907e-05,5,5,Internal
HON,PNR,0.5663487792486358,62,1.9609344690314035e-06,5,5,Internal
HON,PRU,0.42126584776119663,62,0.0007223623234423359,5,2,External
HON,REG,0.40219636980406465,62,0.0013129853102380646,5,4,External
HON,ROK,0.5212826076646272,62,1.6509868392633166e-05,5,5,Internal
HON,RTX,0.5550398480130999,62,3.4468906850043245e-06,5,2,External
HON,SLB,0.4235046499173926,62,0.0006718621711007956,5,2,External
HON,SWK,0.518994977346305,62,1.8249765264383632e-05,5,5,Internal
HON,TDY,0.4744390875581978,62,0.0001120826915037417,5,5,Internal
HON,TT,0.49047285380277594,62,6.003027456189198e-05,5,5,Internal
HON,TXT,0.5247758846055033,62,1.4147757886730479e-05,5,5,Internal
HON,UNP,0.42111625948242115,62,0.0007258559239988773,5,5,Internal
HON,VTR,0.4959415502238397,62,4.8167702549997034e-05,5,4,External
HON,WAB,0.5761604770132387,62,1.1815499892833044e-06,5,5,Internal
HON,XYL,0.40329809016112134,62,0.0012696309181454105,5,5,Internal
HPE,HPQ,0.6814651815220089,62,1.493772938641751e-09,1,5,External
HPE,IBM,0.43935517551757897,62,0.00039641568603549545,1,4,External
HPE,ISRG,-0.4833440671663526,62,7.954220326346067e-05,1,0,External
HPE,JBL,0.4784985591049052,62,9.597314820921073e-05,1,1,Internal
HPE,NTAP,0.45511067895676127,62,0.00022860339999411814,1,1,Internal
HPE,PH,0.40174305546694045,62,0.0013312070323172418,1,5,External
HPE,WDC,0.4915230486009278,62,5.756183257706307e-05,1,1,Internal
HPQ,IR,0.45445315650929957,62,0.0002340413617331292,5,5,Internal
HPQ,ISRG,-0.40113215114629774,62,0.0013561228187504335,5,0,External
HPQ,MAS,0.41558870319230856,62,0.0008661767040827548,5,5,Internal
HPQ,MMM,0.4726801967540886,62,0.00011980518543809166,5,5,Internal
HPQ,NTAP,0.45434025201452977,62,0.00023498693150432584,5,1,External
HPQ,OTIS,0.4264477038366637,62,0.0006103432815425836,5,5,Internal
HPQ,PFG,0.42038833852408025,62,0.0007430755573277699,5,2,External
HPQ,PH,0.48065640655229436,62,8.830455033032802e-05,5,5,Internal
HPQ,PPG,0.40165558245459404,62,0.001334749201856138,5,2,External
HPQ,TXT,0.44874395322925154,62,0.0002864725741761711,5,5,Internal
HPQ,WFC,0.4432846982944572,62,0.00034642021066859634,5,2,External
HRL,HSY,0.46701572413418463,62,0.00014811784389273696,6,6,Internal
HRL,KHC,0.4097323701978471,62,0.0010411652131947502,6,6,Internal
HRL,KO,0.40548383209214006,62,0.0011874090259218156,6,6,Internal
HRL,NEM,0.4192730789606303,62,0.0007701756500442659,6,6,Internal
HSIC,IFF,0.44377998918331,62,0.0003405441820939522,0,4,External
HSIC,INCY,0.4433529819714873,62,0.0003456046546159664,0,4,External
HSIC,IQV,0.4022181951501581,62,0.001312113688680929,0,0,Internal
HSIC,LH,0.41419305020286745,62,0.0009052773075519213,0,0,Internal
HST,MLM,0.4713189930526091,62,0.00012611375388879735,7,7,Internal
HST,PSKY,-0.4102909084956315,62,0.0010231985333255876,7,2,External
HST,RCL,0.4662277714925304,62,0.00015250931827916737,7,7,Internal
HST,TRMB,0.41975580444775873,62,0.0007583378914090782,7,5,External
HST,VMC,0.49966170536021615,62,4.137870963650104e-05,7,7,Internal
HSY,IQV,-0.5306134084613362,62,1.0888394314235928e-05,6,0,External
HSY,K,0.542225370262548,62,6.373350295000582e-06,6,6,Internal
HSY,KHC,0.49218210628230824,62,5.6060922203656974e-05,6,6,Internal
HSY,KMB,0.5192875880541231,62,1.8018097948805235e-05,6,6,Internal
HSY,KO,0.4527668212319961,62,0.00024853282688521203,6,6,Internal
HSY,LW,0.4751756040601703,62,0.00010898700909676236,6,6,Internal
HSY,MDLZ,0.5246351075443971,62,1.4236534380270662e-05,6,6,Internal
HSY,MKC,0.4043907418770216,62,0.0012279092240135737,6,6,Internal
HSY,MNST,0.4143383572456816,62,0.0009011333502199623,6,6,Internal
HSY,MOH,0.41412509851458573,62,0.0009072210934934149,6,6,Internal
HSY,MRK,0.4230394356396772,62,0.0006820847686650083,6,6,Internal
HSY,PEP,0.5612348647900149,62,2.537204182506523e-06,6,6,Internal
HSY,RJF,-0.5035028915474389,62,3.530560363952474e-05,6,2,External
HSY,ROP,0.4187818342275747,62,0.0007823936371615625,6,6,Internal
HSY,SJM,0.577710577313575,62,1.089023085449552e-06,6,4,External
HSY,SO,0.409280730629773,62,0.0010559006381994783,6,4,External
HSY,SYF,-0.4052449828851896,62,0.001196154556761839,6,2,External
HSY,URI,-0.4184555829423457,62,0.0007906045517116083,6,5,External
HUBB,IR,0.43705616862339225,62,0.0004286264140287267,5,5,Internal
HUBB,JCI,0.509147552465112,62,2.786328596713376e-05,5,5,Internal
HUBB,MSCI,-0.6050164750276805,62,2.4101817607019513e-07,5,0,External
HUBB,NTRS,-0.454231949372274,62,0.00023589724071974153,5,2,External
HUBB,OTIS,0.5012473658604552,62,3.876332667827855e-05,5,5,Internal
HUBB,PCAR,0.48296949949746504,62,8.071336494496304e-05,5,5,Internal
HUBB,PH,0.4174677574471758,62,0.0008159428434050361,5,5,Internal
HUBB,ROK,0.4631638436895929,62,0.0001707440560640878,5,5,Internal
HUBB,TT,0.5738356507155982,62,1.3342207625842492e-06,5,5,Internal
HUBB,UPS,-0.4199401322179799,62,0.0007538612581817226,5,0,External
HUM,LUV,-0.43644160718078173,62,0.0004376309311384969,6,2,External
HUM,MO,0.5086292506147817,62,2.8480561216384517e-05,6,2,External
HUM,MOH,0.7305439797707158,62,2.3484913658236054e-11,6,6,Internal
HUM,MRK,0.4762837260422041,62,0.00010447720353040593,6,6,Internal
HUM,NKE,-0.4274614877049002,62,0.0005903647865520725,6,5,External
HUM,UNH,0.8618180785260952,62,4.822640762742204e-19,6,6,Internal
HWM,IEX,0.43140289339103377,62,0.0005182008561897437,5,5,Internal
HWM,IR,0.5842085107072039,62,7.701545535205466e-07,5,5,Internal
HWM,ITW,0.42109580607677266,62,0.0007263347949640628,5,5,Internal
HWM,JCI,0.5196287724669979,62,1.775142032221154e-05,5,5,Internal
HWM,LEN,0.40112548341491394,62,0.001356397059021356,5,5,Internal
HWM,LKQ,0.4608016315439077,62,0.00018614306127213428,5,5,Internal
HWM,MAS,0.6098639516388938,62,1.816715842220973e-07,5,5,Internal
HWM,MHK,0.42750267069467673,62,0.0005895658786806668,5,5,Internal
HWM,MOS,0.48803808917078056,62,6.61332612439087e-05,5,2,External
HWM,NUE,0.4481307913384411,62,0.00029269847356574427,5,5,Internal
HWM,NVR,0.44465030851646964,62,0.0003304384709541592,5,5,Internal
HWM,OTIS,0.5445002265377572,62,5.725063227351938e-06,5,5,Internal
HWM,PH,0.5782525338795925,62,1.0583079016501593e-06,5,5,Internal
HWM,PHM,0.40065161562731577,62,0.0013760150758032337,5,5,Internal
HWM,PNR,0.5329224135383467,62,9.803837258330336e-06,5,5,Internal
HWM,PPG,0.5726586228514251,62,1.418381503987137e-06,5,2,External
HWM,PWR,0.4659303065038259,62,0.0001541979796843955,5,5,Internal
HWM,ROK,0.43543875424325307,62,0.00045269462626112435,5,5,Internal
HWM,RTX,0.578226183058643,62,1.0597823490753417e-06,5,2,External
HWM,SHW,0.4361443281901641,62,0.00044204807313216434,5,5,Internal
HWM,TDG,0.6501304676868768,62,1.4270692800358383e-08,5,5,Internal
HWM,TEL,0.4013501531169095,62,0.0013471839104380319,5,5,Internal
HWM,TT,0.44143089586357703,62,0.0003692425518569014,5,5,Internal
HWM,TXT,0.5526610555692579,62,3.8709578900565015e-06,5,5,Internal
HWM,URI,0.42961164729215584,62,0.0005499409475745985,5,5,Internal
HWM,WAB,0.4550927606354994,62,0.0002287500472019393,5,5,Internal
IBM,KIM,0.46041121100267135,62,0.00018880729426758584,4,4,Internal
IBM,NDSN,0.4156699119637726,62,0.000863949237710647,4,5,External
IBM,REG,0.41394867289491893,62,0.0009122854230535811,4,4,Internal
IBM,RF,0.4022513110340288,62,0.0013107921591624455,4,2,External
IBM,SWKS,0.4128427013585878,62,0.0009446181613747534,4,1,External
IBM,UDR,0.4237337872543128,62,0.0006668782916992384,4,4,Internal
ICE,NDAQ,0.499578805005393,62,4.1519830595883664e-05,0,0,Internal
ICE,NEE,0.42187979080829674,62,0.0007081826391255642,0,4,External
ICE,SPGI,0.5071476657471795,62,3.0315584703562735e-05,0,0,Internal
ICE,TER,-0.46492712846400114,62,0.0001600200434744681,0,1,External
IDXX,VRSK,0.43656254813093737,62,0.0004358454347164094,0,6,External
IDXX,ZTS,0.40241206438174976,62,0.0013043940869453875,0,0,Internal
IEX,IP,0.475153455950945,62,0.000109078943131526,5,2,External
IEX,IR,0.48757935992432627,62,6.734524381121301e-05,5,5,Internal
IEX,IRM,0.48873675139678946,62,6.432594451801349e-05,5,4,External
IEX,ITW,0.48979249954729354,62,6.16811400520954e-05,5,5,Internal
IEX,JBHT,0.40482029554188376,62,0.0012118478730763725,5,5,Internal
IEX,JCI,0.5509254744762937,62,4.210561875632129e-06,5,5,Internal
IEX,KIM,0.4380221605909368,62,0.00041481287422651586,5,4,External
IEX,KMI,0.418309559367798,62,0.000794304766506469,5,2,External
IEX,LKQ,0.5038978961190373,62,3.473025469828649e-05,5,5,Internal
IEX,MAS,0.4197665964740223,62,0.0007580751322284696,5,5,Internal
IEX,MCHP,0.44066020708418596,62,0.00037912710164078275,5,1,External
IEX,META,-0.46296290843822496,62,0.00017200701304023608,5,6,External
IEX,MMM,0.5495274735400649,62,4.50411528392969e-06,5,5,Internal
IEX,NDSN,0.5690048128939055,62,1.7124014187872508e-06,5,5,Internal
IEX,NSC,0.4811783116588559,62,8.653651051636459e-05,5,5,Internal
IEX,NUE,0.5715045438006064,62,1.5057071351987313e-06,5,5,Internal
IEX,NXPI,0.42330338520981786,62,0.0006762676019849644,5,1,External
IEX,ODFL,0.45790153843212233,62,0.00020678366156978652,5,5,Internal
IEX,OTIS,0.5585227596476112,62,2.903640257845356e-06,5,5,Internal
IEX,PCAR,0.6096037552913911,62,1.844712547434396e-07,5,5,Internal
IEX,PFG,0.41409530607743045,62,0.000908074505826475,5,2,External
IEX,PH,0.5725696360343464,62,1.4249423284495108e-06,5,5,Internal
IEX,PPG,0.44414230138142036,62,0.0003363034636584156,5,2,External
IEX,PWR,0.4532402997943565,62,0.0002443833948373166,5,5,Internal
IEX,RJF,0.40802205861347096,62,0.0010979636827341552,5,2,External
IEX,ROK,0.5669981905985758,62,1.8972279441770584e-06,5,5,Internal
IEX,SNA,0.5133464011267406,62,2.330060349757362e-05,5,5,Internal
IEX,SWK,0.42576399421849503,62,0.0006241609784483561,5,5,Internal
IEX,TDY,0.6332629808989103,62,4.3315313904385275e-08,5,5,Internal
IEX,TEL,0.6463571403974511,62,1.8403409453847616e-08,5,5,Internal
IEX,TRMB,0.5552116304600353,62,3.418011480478322e-06,5,5,Internal
IEX,TXT,0.6294537736959167,62,5.514911226614458e-08,5,5,Internal
IEX,UDR,0.40575329460154963,62,0.001177611696392094,5,4,External
IEX,URI,0.6345983885877143,62,3.9767477470943256e-08,5,5,Internal
IEX,VTR,0.46458098807976667,62,0.00016207520556053243,5,4,External
IEX,WAB,0.8033746774394481,62,6.650057805457399e-15,5,5,Internal
IFF,INVH,0.40039176493236206,62,0.0013868807086701677,4,4,Internal
IFF,IP,0.4043743472644592,62,0.0012285260078995852,4,2,External
IFF,MMM,0.40523309345183023,62,0.0011965914023260155,4,5,External
IFF,PFG,0.4531865733362684,62,0.0002448510335791669,4,2,External
IFF,PRU,0.4925647672894511,62,5.520611893393103e-05,4,2,External
IFF,PYPL,0.5456792454047171,62,5.413779655900752e-06,4,4,Internal
IFF,REG,0.44217014712384756,62,0.0003599822984007829,4,4,Internal
IFF,SPG,0.4767107684842031,62,0.00010278551044396104,4,4,Internal
IFF,SWK,0.41902904103955835,62,0.0007762235014430988,4,5,External
IFF,VICI,0.4396493674790726,62,0.0003924568720310389,4,4,Internal
IFF,VTR,0.4077954301830768,62,0.0011056956645478394,4,4,Internal
IFF,VTRS,0.4130279374573851,62,0.000939131771506991,4,4,Internal
IFF,WAT,0.5259004927706585,62,1.3456801645384844e-05,4,0,External
INCY,LDOS,0.568476342699187,62,1.7593707542193382e-06,4,2,External
INCY,LH,0.5073156252480548,62,3.010219110086747e-05,4,0,External
INCY,PM,0.41211629787340326,62,0.000966413226272983,4,2,External
INCY,SBAC,0.45173653900062344,62,0.0002577852196550654,4,4,Internal
INTC,SWKS,0.4161531847172685,62,0.0008508002752143916,7,1,External
INVH,KIM,0.5477891660258015,62,4.895761242233075e-06,4,4,Internal
INVH,LNT,0.41208118832067464,62,0.0009674780573290494,4,4,Internal
INVH,MAA,0.579727237294224,62,9.7878919089477e-07,4,4,Internal
INVH,NDAQ,0.47568229329417044,62,0.00010690315437558946,4,0,External
INVH,NI,0.4379511337959541,62,0.0004158145809980396,4,4,Internal
INVH,O,0.5740912291807292,62,1.3165751872053287e-06,4,4,Internal
INVH,PLD,0.657411110091391,62,8.648269468138994e-09,4,4,Internal
INVH,PPL,0.4158817590234978,62,0.0008581628399334777,4,4,Internal
INVH,REG,0.502653972820429,62,3.657205948292095e-05,4,4,Internal
INVH,SPG,0.5286512560952142,62,1.1896648863894426e-05,4,4,Internal
INVH,SRE,0.4635340536958354,62,0.00016843936186360233,4,4,Internal
INVH,UDR,0.6031349522167629,62,2.686281508156008e-07,4,4,Internal
INVH,VICI,0.4844920096405302,62,7.604968211036127e-05,4,4,Internal
INVH,WEC,0.40771948396116714,62,0.001108297705591551,4,4,Internal
INVH,WELL,0.4233725222483649,62,0.0006747513386621293,4,4,Internal
INVH,WY,0.40885639620837966,62,0.00106991615783389,4,4,Internal
IP,IQV,0.5275978712056544,62,1.247308316670751e-05,2,0,External
IP,KDP,0.4391736234339755,62,0.0003988768525373679,2,0,External
IP,KEY,0.47992021176841343,62,9.085508123802578e-05,2,2,Internal
IP,KMI,0.5457419009366655,62,5.39768734301743e-06,2,2,Internal
IP,L,0.4191463872179497,62,0.0007733100391045441,2,5,External
IP,LH,0.4015286744390065,62,0.0013399033294965177,2,0,External
IP,LHX,0.4319942707801172,62,0.000508092970682004,2,2,Internal
IP,LOW,0.43663850919323893,62,0.0004347273825487878,2,5,External
IP,LUV,0.5565015172781703,62,3.2082716809131833e-06,2,2,Internal
IP,LYB,0.5572039829036602,62,3.0991670949444123e-06,2,2,Internal
IP,MAA,0.45167088622704865,62,0.00025838533940270356,2,4,External
IP,MAS,0.4031758697667263,62,0.0012743761575562203,2,5,External
IP,MCHP,0.42488151667824947,62,0.0006424146937517145,2,1,External
IP,META,-0.6205281076348081,62,9.590724066430586e-08,2,6,External
IP,MHK,0.4169743613381824,62,0.0008288715803484709,2,5,External
IP,MMM,0.42359910573582843,62,0.0006698036264449759,2,5,External
IP,MNST,-0.42297615979151715,62,0.0006834860161150671,2,6,External
IP,MOS,0.49402163759394574,62,5.206056651495495e-05,2,2,Internal
IP,MPC,0.48970699711560395,62,6.189154511225578e-05,2,2,Internal
IP,MTB,0.4390632894037357,62,0.0004003793537301327,2,2,Internal
IP,NDSN,0.4109324278846743,62,0.0010029078086389199,2,5,External
IP,NSC,0.507653169877891,62,2.9677536992311146e-05,2,5,External
IP,NTRS,0.5836607699526762,62,7.932076958885521e-07,2,2,Internal
IP,NUE,0.46032710865321674,62,0.00018938575981945993,2,5,External
IP,PFG,0.5953590933226816,62,4.1747891190933807e-07,2,2,Internal
IP,PKG,0.7005258378719857,62,3.2881286688906175e-10,2,2,Internal
IP,PPG,0.45182954542118225,62,0.0002569372442403831,2,2,Internal
IP,PRU,0.5521025998515743,62,3.977336371913285e-06,2,2,Internal
IP,PSX,0.5769747731717615,62,1.13206308566095e-06,2,2,Internal
IP,REG,0.42399759132921255,62,0.0006611818693172938,2,4,External
IP,RF,0.5442639189257944,62,5.789426599029728e-06,2,2,Internal
IP,RJF,0.6141333478278191,62,1.4107474536002755e-07,2,2,Internal
IP,SLB,0.4483485788325803,62,0.0002904731127566765,2,2,Internal
IP,SPG,0.4407507064280167,62,0.00037795403872413827,2,4,External
IP,SWK,0.41106056629508986,62,0.0009988986416981428,2,5,External
IP,SYF,0.41188543803118083,62,0.0009734343557971211,2,2,Internal
IP,TEL,0.4674914968951846,62,0.00014552269491158507,2,5,External
IP,TFC,0.46394317275262953,62,0.0001659256219563504,2,2,Internal
IP,TPL,0.5113356686351326,62,2.539141456504273e-05,2,2,Internal
IP,TRGP,0.5381988010839162,62,7.69132705362395e-06,2,2,Internal
IP,TRMB,0.44244585561497357,62,0.0003565831398289392,2,5,External
IP,TXT,0.4570809568497282,62,0.00021299266184525946,2,5,External
IP,UDR,0.46099851685974075,62,0.00018481261060853175,2,4,External
IP,UNP,0.42968048423981475,62,0.0005486893134719437,2,5,External
IP,UPS,0.47692609490701116,62,0.00010194209594515313,2,0,External
IP,URI,0.6083313954365386,62,1.9875628146515457e-07,2,5,External
IP,USB,0.4349501978731685,62,0.0004602025587852722,2,2,Internal
IP,VLO,0.5167255551618685,62,2.0142608559883755e-05,2,2,Internal
IP,WAB,0.5070062641121983,62,3.0496321013309543e-05,2,5,External
IP,WFC,0.5601432410693609,62,2.67916287062436e-06,2,2,Internal
IP,WMB,0.4228313300961249,62,0.0006867030935677665,2,2,Internal
IP,WTW,0.41257461553453206,62,0.0009526096472668503,2,0,External
IP,ZBRA,0.40818309469788483,62,0.0010924991804569066,2,2,Internal
IQV,LH,0.448163564301651,62,0.00029236260697874537,0,0,Internal
IQV,META,-0.4790612266761452,62,9.391660325147228e-05,0,6,External
IQV,MTD,0.4686858458786024,62,0.00013919066595907467,0,0,Internal
IQV,NTRS,0.449507502256753,62,0.0002788886944634348,0,2,External
IQV,PKG,0.4363606221953513,62,0.0004388302578688874,0,2,External
IQV,RJF,0.46428123767682195,62,0.0001638744473995394,0,2,External
IQV,RVTY,0.5014792094954945,62,3.839399326016427e-05,0,0,Internal
IQV,TECH,0.44092784446181826,62,0.0003756675142257613,0,0,Internal
IQV,TMO,0.43144704238302806,62,0.0005174399986140588,0,0,Internal
IQV,WAT,0.5245249189695007,62,1.430638191400814e-05,0,0,Internal
IR,ITW,0.5952062183704316,62,4.2106452114633005e-07,5,5,Internal
IR,J,0.520425317290879,62,1.7143013779463815e-05,5,5,Internal
IR,JCI,0.6930142922591331,62,6.053489012822585e-10,5,5,Internal
IR,L,0.41531209941288194,62,0.0008738026141087221,5,5,Internal
IR,MAS,0.5493433621105769,62,4.544167623569545e-06,5,5,Internal
IR,MLM,0.5127691674465993,62,2.3883880869170044e-05,5,7,External
IR,MMM,0.4612827238210048,62,0.00018290743615714849,5,5,Internal
IR,NDSN,0.5704634745103401,62,1.5887758513385261e-06,5,5,Internal
IR,NOW,-0.46370466692657064,62,0.00016738685607404574,5,1,External
IR,NUE,0.5025993615453502,62,3.665495204893627e-05,5,5,Internal
IR,OTIS,0.8244623884742348,62,3.218172163703032e-16,5,5,Internal
IR,PCAR,0.5040696746490471,62,3.4482764603853816e-05,5,5,Internal
IR,PH,0.7782147128963086,62,1.5797966910793508e-13,5,5,Internal
IR,PNR,0.691790798814294,62,6.67455453763209e-10,5,5,Internal
IR,PWR,0.40512721647394967,62,0.001200487906336022,5,5,Internal
IR,ROK,0.7369364684919301,62,1.2789568571655162e-11,5,5,Internal
IR,RTX,0.4347219206949685,62,0.0004637492708212603,5,2,External
IR,SNA,0.5070739228046938,62,3.04097171659448e-05,5,5,Internal
IR,SWK,0.49624208755139115,62,4.7583246745653926e-05,5,5,Internal
IR,TDY,0.43490674951058556,62,0.0004608757046381421,5,5,Internal
IR,TEL,0.44922077492989676,62,0.00028171483328987544,5,5,Internal
IR,TT,0.6125990352613015,62,1.5456434938483293e-07,5,5,Internal
IR,VMC,0.46581723952285486,62,0.00015484432646065282,5,7,External
IR,WAB,0.6280861972708467,62,6.009700192693236e-08,5,5,Internal
IR,XYL,0.4855752927095766,62,7.288394592911256e-05,5,5,Internal
IRM,JCI,0.4329324344887034,62,0.0004924245822011795,4,5,External
IRM,KIM,0.572844637024634,62,1.404758300251203e-06,4,4,Internal
IRM,KMI,0.4037004786133077,62,0.0012541201410235347,4,2,External
IRM,LKQ,0.5042330510585314,62,3.42488944012697e-05,4,5,External
IRM,LNT,0.4022939377994525,62,0.0013090928476710588,4,4,Internal
IRM,MAA,0.5431409899091182,62,6.1046026659452005e-06,4,4,Internal
IRM,MHK,0.40742201224192676,62,0.0011185427634983302,4,5,External
IRM,NI,0.4266830536209275,62,0.0006056514238829454,4,4,Internal
IRM,O,0.5340869211016005,62,9.295815149466495e-06,4,4,Internal
IRM,OTIS,0.4816312023940445,62,8.502872985962235e-05,4,5,External
IRM,PCAR,0.471437014915242,62,0.00012555493752657793,4,5,External
IRM,PH,0.4343964864325831,62,0.0004688484565853322,4,5,External
IRM,PLD,0.51687501999953,62,2.0012551168786254e-05,4,4,Internal
IRM,PNR,0.40542496969168773,62,0.001189558929082815,4,5,External
IRM,PPL,0.45047366065701905,62,0.0002695551589735478,4,4,Internal
IRM,PSA,0.47927093381322833,62,9.316055114749522e-05,4,4,Internal
IRM,REG,0.5569952786718186,62,3.131214906809657e-06,4,4,Internal
IRM,ROK,0.4220855322637328,62,0.0007034874772614165,4,5,External
IRM,SPG,0.5408076718726376,62,6.811297936880657e-06,4,4,Internal
IRM,UDR,0.5481402374039887,62,4.814191813485574e-06,4,4,Internal
IRM,UNP,0.49063883708664885,62,5.963375127007679e-05,4,5,External
IRM,VICI,0.5150437399972451,62,2.166108230184021e-05,4,4,Internal
IRM,VTR,0.6980508045573943,62,4.0288249227466013e-10,4,4,Internal
IRM,WAB,0.4984536783479896,62,4.3479631155231786e-05,4,5,External
IRM,WELL,0.5646996225687211,62,2.1318232655438384e-06,4,4,Internal
IRM,XYL,0.4349074077271629,62,0.000460865500211017,4,5,External
ISRG,MDT,0.47073032680863963,62,0.00012893525431898338,0,0,Internal
ISRG,OMC,-0.4938214916244861,62,5.2482675009695135e-05,0,6,External
ISRG,SYK,0.5103205980827101,62,2.651170310088739e-05,0,0,Internal
ISRG,TRV,0.4804931277966222,62,8.886447252539911e-05,0,0,Internal
ISRG,ZBH,0.4096845462985715,62,0.0010427167179521742,0,0,Internal
IT,JBL,0.4321019833955856,62,0.0005062713269973698,1,1,Internal
ITW,J,0.405660109412878,62,0.0011809915355908416,5,5,Internal
ITW,JCI,0.4969732826539239,62,4.6188528833298284e-05,5,5,Internal
ITW,KMI,0.40700397356864315,62,0.001133084361523673,5,2,External
ITW,L,0.5195852864540706,62,1.778520515642171e-05,5,5,Internal
ITW,LDOS,0.5660626927683543,62,1.9896294469446267e-06,5,2,External
ITW,LHX,0.4538905550330766,62,0.0002387878736446886,5,2,External
ITW,LKQ,0.5591339039792481,62,2.816993675692877e-06,5,5,Internal
ITW,LOW,0.42015096183511236,62,0.0007487703091089755,5,5,Internal
ITW,MAA,0.44844004405574406,62,0.0002895431294696483,5,4,External
ITW,MAS,0.5628722962563597,62,2.3373931233104494e-06,5,5,Internal
ITW,MHK,0.40935136389726756,62,0.0010535837930129794,5,5,Internal
ITW,MMM,0.4683945709025018,62,0.00014071115741838788,5,5,Internal
ITW,MO,0.4285004437229157,62,0.0005705072140674867,5,2,External
ITW,MPC,0.45368468656557037,62,0.00024054659842033023,5,2,External
ITW,MSFT,-0.4363093749400871,62,0.0004395907342618685,5,1,External
ITW,NDSN,0.5318183043223772,62,1.0309253202619838e-05,5,5,Internal
ITW,NOW,-0.4783448841870005,62,9.654198488404977e-05,5,1,External
ITW,NSC,0.50102227950858,62,3.912503512245887e-05,5,5,Internal
ITW,NUE,0.6051405073212379,62,2.3929526542584625e-07,5,5,Internal
ITW,OTIS,0.6634546543731089,62,5.647192724066085e-09,5,5,Internal
ITW,PCAR,0.6596573318075398,62,7.389641029191075e-09,5,5,Internal
ITW,PFG,0.4593870002397033,62,0.00019596328373503317,5,2,External
ITW,PH,0.628346785215536,62,5.912302425612517e-08,5,5,Internal
ITW,PKG,0.4002216804953016,62,0.0013940344450415665,5,2,External
ITW,PNR,0.5357118961453546,62,8.627752796380254e-06,5,5,Internal
ITW,PWR,0.4195268340623078,62,0.000763932204281055,5,5,Internal
ITW,ROK,0.5751107981265746,62,1.2483345343396603e-06,5,5,Internal
ITW,RTX,0.5064912130672572,62,3.116311319263597e-05,5,2,External
ITW,SLB,0.472862906540735,62,0.00011898083145864945,5,2,External
ITW,SNA,0.6130220131267345,62,1.5072904803285775e-07,5,5,Internal
ITW,SPG,0.4093817550063613,62,0.0010525883432680998,5,4,External
ITW,SWK,0.5727724376240987,62,1.4100313852304542e-06,5,5,Internal
ITW,TDY,0.41972588130733457,62,0.0007590668768590496,5,5,Internal
ITW,TEL,0.4873537982612319,62,6.794866479339013e-05,5,5,Internal
ITW,TRGP,0.427126483555225,62,0.0005969000835802314,5,2,External
ITW,TT,0.5412630794445156,62,6.667649913529108e-06,5,5,Internal
ITW,TXT,0.4238263598664706,62,0.0006648742937051647,5,5,Internal
ITW,URI,0.5162881852404876,62,2.0527704201274284e-05,5,5,Internal
ITW,VLO,0.45027082487205977,62,0.00027149065861788033,5,2,External
ITW,VTR,0.4218075684722334,62,0.0007098375161178609,5,4,External
ITW,WAB,0.6559139950971172,62,9.59706037693455e-09,5,5,Internal
ITW,ZBRA,0.42833628489326275,62,0.0005736039257959924,5,2,External
IVZ,JCI,0.4092969853768759,62,0.001055367059109279,2,5,External
IVZ,KEY,0.5290993204629052,62,1.1659047658224014e-05,2,2,Internal
IVZ,MAS,0.49478981011643175,62,5.046941204574752e-05,2,5,External
IVZ,MET,0.41988131788109306,62,0.0007552870352677229,2,2,Internal
IVZ,MS,0.5677714817942511,62,1.8238953363166273e-06,2,2,Internal
IVZ,MTB,0.5034168291504304,62,3.543212278106389e-05,2,2,Internal
IVZ,PCAR,0.4547435526877736,62,0.0002316252609141617,2,5,External
IVZ,PFG,0.5976951590384476,62,3.6613357134763163e-07,2,2,Internal
IVZ,PNC,0.5661719196913304,62,1.9786277507782307e-06,2,2,Internal
IVZ,PRU,0.5003481420117206,62,4.0227107741802045e-05,2,2,Internal
IVZ,RF,0.4961794127992575,62,4.770458734751272e-05,2,2,Internal
IVZ,RJF,0.47245570381729135,62,0.00012082523816301856,2,2,Internal
IVZ,SWK,0.4490316184292394,62,0.00028359354493982195,2,5,External
IVZ,SYF,0.4445847896939297,62,0.00033118961925639954,2,2,Internal
IVZ,TFC,0.47461024075888864,62,0.00011135619036389116,2,2,Internal
IVZ,TROW,0.4636340168405807,62,0.00016782196028987685,2,2,Internal
IVZ,URI,0.5129019355549188,62,2.374853703708759e-05,2,5,External
IVZ,USB,0.4514952065007413,62,0.00025999747561378315,2,2,Internal
J,JCI,0.49680927117167956,62,4.649804675130649e-05,5,5,Internal
J,L,0.43432108706842726,62,0.0004700371250143763,5,5,Internal
J,MAS,0.4189438086949008,62,0.0007783458625858275,5,5,Internal
J,NOW,-0.4321497633682151,62,0.0005054651690666686,5,1,External
J,NUE,0.40847715858114175,62,0.001082583772703394,5,5,Internal
J,OTIS,0.44563090749891365,62,0.0003193802628346505,5,5,Internal
J,OXY,0.4403513387588735,62,0.00038315569339454213,5,2,External
J,PCAR,0.5128637900795038,62,2.3787349597158942e-05,5,5,Internal
J,PH,0.5695286004631688,62,1.6670083017761814e-06,5,5,Internal
J,ROK,0.4633657747563401,62,0.00016948340388792465,5,5,Internal
J,SNA,0.43945420261806833,62,0.0003950790819098703,5,5,Internal
J,WAB,0.5643822733074929,62,2.1662656739459577e-06,5,5,Internal
JBHT,JCI,0.4047888619203319,62,0.0012130167586090613,5,5,Internal
JBHT,LYB,0.41114006833186334,62,0.0009964184700436147,5,2,External
JBHT,MHK,0.49587815939526764,62,4.829182230615138e-05,5,5,Internal
JBHT,NDSN,0.5976477321115993,62,3.671141861038662e-07,5,5,Internal
JBHT,NSC,0.46566530039963633,62,0.00015571679719345879,5,5,Internal
JBHT,ODFL,0.6443619305776126,62,2.102269591562356e-08,5,5,Internal
JBHT,OTIS,0.41577032108093004,62,0.0008612022810104424,5,5,Internal
JBHT,PCAR,0.40765953290847257,62,0.0011103556200010255,5,5,Internal
JBHT,PFG,0.4631811866376728,62,0.00017063544807680462,5,2,External
JBHT,PKG,0.43119203925935884,62,0.0005218487153440955,5,2,External
JBHT,PLD,0.4045073674229341,62,0.0012235296721948194,5,4,External
JBHT,PRU,0.453026251333105,62,0.0002462513514662891,5,2,External
JBHT,PWR,0.4001706704796474,62,0.0013961863731874803,5,5,Internal
JBHT,RL,0.4117000058180681,62,0.000979107182556376,5,5,Internal
JBHT,SCHW,0.4044083196975262,62,0.0012272482359747833,5,2,External
JBHT,SWK,0.4823439326416915,62,8.27047787917149e-05,5,5,Internal
JBHT,TXT,0.47694340786872813,62,0.0001018745597120539,5,5,Internal
JBHT,UNP,0.6442615115951399,62,2.1163421498054487e-08,5,5,Internal
JBHT,UPS,0.4122405497310244,62,0.0009626533010182422,5,0,External
JBHT,VTR,0.5111744097392924,62,2.5566408031543458e-05,5,4,External
JBHT,WAB,0.5053373244007511,62,3.2706219608821066e-05,5,5,Internal
JBL,MRK,-0.4230316694077038,62,0.0006822566121912329,1,6,External
JBL,PPL,-0.4133724534971874,62,0.0009290041864112835,1,4,External
JBL,SO,-0.4374687034480684,62,0.0004226768435533567,1,4,External
JBL,TER,0.40134904474078836,62,0.0013472292238296127,1,1,Internal
JCI,KEY,0.41516972878800656,62,0.0008777513325368613,5,2,External
JCI,L,0.4087338648388261,62,0.0010739943713692676,5,5,Internal
JCI,LKQ,0.5051594717138634,62,3.2950256534873024e-05,5,5,Internal
JCI,MAS,0.5741156105343179,62,1.3149033264789382e-06,5,5,Internal
JCI,MHK,0.4141368412923057,62,0.0009068849174619389,5,5,Internal
JCI,MLM,0.41296152231530275,62,0.0009410955637726896,5,7,External
JCI,MS,0.4747313637896917,62,0.00011084467150958136,5,2,External
JCI,MTB,0.40548670225334044,62,0.001187304284996838,5,2,External
JCI,NDSN,0.5411851379477138,62,6.692032890713411e-06,5,5,Internal
JCI,NOW,-0.43374506184251505,62,0.00047920890579886,5,1,External
JCI,NUE,0.4355589071600694,62,0.000450865306628875,5,5,Internal
JCI,OTIS,0.6538180134560168,62,1.1092002536804912e-08,5,5,Internal
JCI,PCAR,0.6474555782565765,62,1.7096306339360446e-08,5,5,Internal
JCI,PFG,0.4138186300380597,62,0.0009160346491099518,5,2,External
JCI,PH,0.8026558193539899,62,7.325564537588996e-15,5,5,Internal
JCI,PNR,0.5570119826094274,62,3.128638562690988e-06,5,5,Internal
JCI,PRU,0.42579205569700995,62,0.0006235883266104496,5,2,External
JCI,PWR,0.4916325180624849,62,5.7309991648707075e-05,5,5,Internal
JCI,ROK,0.6526762401544403,62,1.199648066291365e-08,5,5,Internal
JCI,SNA,0.49533917424303264,62,4.9359152319072e-05,5,5,Internal
JCI,TEL,0.5796465299607015,62,9.829920217679638e-07,5,5,Internal
JCI,TT,0.6024440890343643,62,2.7949269334925016e-07,5,5,Internal
JCI,TXT,0.5675237824771404,62,1.8470913000919004e-06,5,5,Internal
JCI,URI,0.5804132965951571,62,9.437367297452419e-07,5,5,Internal
JCI,WAB,0.5986877482543385,62,3.4616671723930744e-07,5,5,Internal
JKHY,PSKY,0.4174813746944388,62,0.0008155886218277736,2,2,Internal
JNJ,KO,0.45021229766885884,62,0.00027205149079312764,4,6,External
JNJ,LNT,0.4937848487236348,62,5.256029624285088e-05,4,4,Internal
JNJ,MRK,0.5771879495282132,62,1.119432363796088e-06,4,6,External
JNJ,NTAP,-0.42802361797162686,62,0.0005795443178289419,4,1,External
JNJ,PEP,0.47927229595627624,62,9.315565859886582e-05,4,6,External
JNJ,PPL,0.48732574696272807,62,6.802405478654146e-05,4,4,Internal
JNJ,SJM,0.41034313483342183,62,0.0010215329256918002,4,4,Internal
JNJ,TYL,-0.4771619032598551,62,0.00010102575758910103,4,3,External
JNJ,VRTX,0.4690151354515568,62,0.000137489895380803,4,6,External
JNJ,WEC,0.5698673643301901,62,1.6382523522462562e-06,4,4,Internal
JNJ,XEL,0.5587835163385012,62,2.866370618938417e-06,4,4,Internal
JPM,PFG,0.42357111435756883,62,0.0006704130666650623,2,2,Internal
JPM,PRU,0.43747277210757896,62,0.00042261854134277577,2,2,Internal
JPM,TXT,0.42111672547780493,62,0.0007258450170835591,2,5,External
JPM,WFC,0.4265766877267135,62,0.0006077678359172593,2,2,Internal
K,KHC,0.45353525879532813,62,0.00024183055806527393,6,6,Internal
K,KMB,0.5377134633564505,62,7.8662921087622e-06,6,6,Internal
K,KO,0.45930370266399084,62,0.00019655604797274543,6,6,Internal
K,MDLZ,0.5181300819540682,62,1.8950781359272158e-05,6,6,Internal
K,MRK,0.45934453966701816,62,0.000196265237958639,6,6,Internal
K,PEP,0.5426613577837875,62,6.24403571556291e-06,6,6,Internal
K,PG,0.42545494149808716,62,0.0006304994330320186,6,6,Internal
K,SJM,0.6400231645441806,62,2.7984589075596218e-08,6,4,External
KDP,META,-0.6215144740933067,62,9.029521530000517e-08,0,6,External
KDP,ROP,-0.4168350421473009,62,0.0008325556029138289,0,6,External
KDP,WTW,0.5284362033869404,62,1.2012279197785887e-05,0,0,Internal
KEY,KIM,0.40625194104492013,62,0.0011596732224136673,2,4,External
KEY,LDOS,0.4064937122890513,62,0.0011510645318187653,2,2,Internal
KEY,MAS,0.40623392422521115,62,0.001160317057570869,2,5,External
KEY,MCD,-0.44402181527036,62,0.0003377083338158511,2,6,External
KEY,MET,0.5296394402045059,62,1.1378496050548462e-05,2,2,Internal
KEY,MHK,0.4464845569615657,62,0.00031002951660356794,2,5,External
KEY,MS,0.5409617064188897,62,6.762391680997148e-06,2,2,Internal
KEY,MSI,-0.4453516029701038,62,0.0003224951004557492,2,0,External
KEY,MTB,0.6987464593270594,62,3.806007833509703e-10,2,2,Internal
KEY,NTRS,0.4547254450277026,62,0.0002317752478370235,2,2,Internal
KEY,NWSA,0.4036944433299346,62,0.0012543515171356007,2,2,Internal
KEY,ORCL,-0.49509455709301925,62,4.985070646573521e-05,2,1,External
KEY,PFG,0.6664969252847721,62,4.539932163204524e-09,2,2,Internal
KEY,PH,0.4361779346492815,62,0.00044154670489434056,2,5,External
KEY,PNC,0.7050232798711585,62,2.2610842359852707e-10,2,2,Internal
KEY,PRU,0.647806756264694,62,1.6697281357801025e-08,2,2,Internal
KEY,PSX,0.46084064104248595,62,0.00018587876042343583,2,2,Internal
KEY,RF,0.825884516782121,62,2.5861918448285424e-16,2,2,Internal
KEY,RJF,0.5035629081669429,62,3.52176214599579e-05,2,2,Internal
KEY,SCHW,0.5922474366021816,62,4.964270062572808e-07,2,2,Internal
KEY,SLB,0.5034701374428591,62,3.535370566603468e-05,2,2,Internal
KEY,SYF,0.5986146162050365,62,3.476021782738544e-07,2,2,Internal
KEY,TFC,0.8177520105941066,62,8.798616683828491e-16,2,2,Internal
KEY,TRGP,0.4416550108171266,62,0.00036641251304856765,2,2,Internal
KEY,URI,0.4336444814257041,62,0.00048082697383372493,2,5,External
KEY,USB,0.8307297962512777,62,1.209518558575727e-16,2,2,Internal
KEY,WFC,0.6683779012845765,62,3.961840292969351e-09,2,2,Internal
KEYS,TER,0.4148743668386106,62,0.0008859947764369351,1,1,Internal
KEYS,TRMB,0.4447079240369566,62,0.0003297792144930597,1,5,External
KHC,KO,0.40611798480849615,62,0.0011644678826064942,6,6,Internal
KHC,LW,0.4026512048778947,62,0.0012949281024784108,6,6,Internal
KHC,PEP,0.5049391593312531,62,3.325488945474729e-05,6,6,Internal
KHC,ZTS,0.4447040240819725,62,0.00032982380125257745,6,0,External
KIM,KMI,0.4069329057534877,62,0.0011355733367517562,4,2,External
KIM,MAA,0.6578325680030213,62,8.397628815821139e-09,4,4,Internal
KIM,MTB,0.48802824996122335,62,6.61590444893886e-05,4,2,External
KIM,NI,0.4236397853901606,62,0.0006689188260420147,4,4,Internal
KIM,O,0.7332847987890665,62,1.8136243829607988e-11,4,4,Internal
KIM,PLD,0.5805730210658171,62,9.357466523465614e-07,4,4,Internal
KIM,PPL,0.4226336870310085,62,0.0006911154256505953,4,4,Internal
KIM,REG,0.8963607019931428,62,1.6485633339483423e-22,4,4,Internal
KIM,RF,0.5424839993911058,62,6.296342635646162e-06,4,2,External
KIM,SCHW,0.4203794589179646,62,0.0007432878748370564,4,2,External
KIM,SPG,0.7878339959800463,62,4.949674499916141e-14,4,4,Internal
KIM,TEL,0.45282727746138846,62,0.00024799944487421266,4,5,External
KIM,TRMB,0.4531071652397179,62,0.0002455437044097365,4,5,External
KIM,TXT,0.4056337835075077,62,0.0011819479600507854,4,5,External
KIM,UDR,0.7586412831927483,62,1.41520352065189e-12,4,4,Internal
KIM,USB,0.5043782124193487,62,3.404233053250008e-05,4,2,External
KIM,VICI,0.6318498374703861,62,4.7393927550738494e-08,4,4,Internal
KIM,VTR,0.6709934204171343,62,3.272927650749627e-09,4,4,Internal
KIM,WAB,0.4232810891821104,62,0.0006767572397971158,4,5,External
KIM,WBD,0.43403636078941565,62,0.0004745505615951003,4,4,Internal
KIM,WELL,0.6467272793871469,62,1.795275127189206e-08,4,4,Internal
KIM,WY,0.4065036297831207,62,0.0011507126336558796,4,4,Internal
KLAC,LRCX,0.8452024878753983,62,1.0745985754124002e-17,1,1,Internal
KLAC,MDT,-0.46195951072605174,62,0.00017844279302441812,1,0,External
KLAC,MPWR,0.4567079718948001,62,0.0002158708612631661,1,1,Internal
KLAC,MU,0.4366574797510832,62,0.0004344485668787415,1,1,Internal
KLAC,PM,-0.6112614341965492,62,1.6730654036217607e-07,1,2,External
KLAC,SNA,0.4050809574682364,62,0.0012021939199397143,1,5,External
KLAC,SNPS,0.4139378769538365,62,0.0009125961494774251,1,1,Internal
KLAC,TER,0.43292397961634455,62,0.0004925638060319744,1,1,Internal
KLAC,TXN,0.4055904473732701,62,0.0011835238873087696,1,1,Internal
KMB,KO,0.5493091391340693,62,4.551649151073685e-06,6,6,Internal
KMB,LW,0.4621036614767439,62,0.00017750484473640213,6,6,Internal
KMB,MCD,0.5665736293270375,62,1.9386538229556685e-06,6,6,Internal
KMB,MDLZ,0.4426526452833277,62,0.0003540528847395948,6,6,Internal
KMB,MRK,0.4973458822491153,62,4.5492427735327705e-05,6,6,Internal
KMB,MTCH,-0.43775533929248955,62,0.00041858731887886824,6,8,External
KMB,PCG,0.4033598388353868,62,0.0012672395562892222,6,4,External
KMB,PEP,0.6694086261242981,62,3.675384593260413e-09,6,6,Internal
KMB,PG,0.7400057716904722,62,9.493195145511617e-12,6,6,Internal
KMB,SJM,0.47987767574285833,62,9.100449722072767e-05,6,4,External
KMB,YUM,0.504945881414374,62,3.3245556209564705e-05,6,6,Internal
KMI,LDOS,0.4274413356749803,62,0.0005907560728902264,2,2,Internal
KMI,LHX,0.5532884228445447,62,3.75462289255185e-06,2,2,Internal
KMI,LNT,0.49681891004555373,62,4.6479803688930876e-05,2,4,External
KMI,LYB,0.6146588077016274,62,1.367156228753633e-07,2,2,Internal
KMI,MAA,0.4974331443530671,62,4.533080878849936e-05,2,4,External
KMI,MMM,0.42902524140222775,62,0.0005607088224255316,2,5,External
KMI,MO,0.5006650608092905,62,3.970548714625282e-05,2,2,Internal
KMI,MPC,0.5086907410456177,62,2.8406672469770802e-05,2,2,Internal
KMI,MSFT,-0.47923830762666536,62,9.327780861479758e-05,2,1,External
KMI,NI,0.4639090477429199,62,0.00016613397380649896,2,4,External
KMI,NOW,-0.4161145726294532,62,0.0008518441550575554,2,1,External
KMI,NVDA,-0.42886509570252646,62,0.0005636825607683502,2,1,External
KMI,O,0.454936750604513,62,0.00023003050391389156,2,4,External
KMI,OKE,0.6555749758373148,62,9.825186004148241e-09,2,2,Internal
KMI,OXY,0.5115292457110765,62,2.5182815927103778e-05,2,2,Internal
KMI,PCAR,0.4735299305698577,62,0.00011601536284141118,2,5,External
KMI,PEG,0.48536637187179277,62,7.348487230602241e-05,2,4,External
KMI,PFG,0.5459716405508398,62,5.339062284781668e-06,2,2,Internal
KMI,PKG,0.4514858529402996,62,0.0002600835661641832,2,2,Internal
KMI,PNW,0.4227568778553303,62,0.000688362218215428,2,4,External
KMI,PPL,0.47290467238502876,62,0.00011879312440871633,2,4,External
KMI,PRU,0.4868741420174952,62,6.924843641801963e-05,2,2,Internal
KMI,PSA,0.4153969736962939,62,0.0008714562243058178,2,4,External
KMI,PSX,0.61104115653022,62,1.6949749254568868e-07,2,2,Internal
KMI,REG,0.4710542655717825,62,0.00012737551437319111,2,4,External
KMI,RF,0.44565357848492154,62,0.0003191286407960459,2,2,Internal
KMI,SLB,0.5248741724960354,62,1.4086080930347805e-05,2,2,Internal
KMI,SPG,0.41095452753855155,62,0.0010022153256887623,2,4,External
KMI,SRE,0.5367137535389847,62,8.238428868721211e-06,2,4,External
KMI,TPL,0.6265643416357722,62,6.609434613874112e-08,2,2,Internal
KMI,TRGP,0.7486752411934352,62,3.997809767778399e-12,2,2,Internal
KMI,TROW,0.43393183019363235,62,0.0004762174216328453,2,2,Internal
KMI,UDR,0.48919532013395306,62,6.316457648661954e-05,2,4,External
KMI,VICI,0.41326755422693706,62,0.000932077376646653,2,4,External
KMI,VLO,0.4981626654060983,62,4.400025998879633e-05,2,2,Internal
KMI,WAB,0.5421780771294376,62,6.387526539553744e-06,2,5,External
KMI,WEC,0.5078238272923306,62,2.9464955299461668e-05,2,4,External
KMI,WMB,0.7648367107239471,62,7.233906595128114e-13,2,2,Internal
KMI,XOM,0.6297009693299469,62,5.4296824056907726e-08,2,2,Internal
KMI,ZBRA,0.42103983350078317,62,0.0007276467301708653,2,2,Internal
KO,KVUE,0.5058546265647891,39,0.0011955366257795357,6,6,Internal
KO,LNT,0.4155018505756812,62,0.0008685647138752068,6,4,External
KO,LULU,0.4325726551881882,62,0.000498380665178449,6,5,External
KO,LW,0.4363683192341493,62,0.00043871614213082606,6,6,Internal
KO,MCD,0.44747723809679485,62,0.00029947021018044236,6,6,Internal
KO,MDLZ,0.529098191951342,62,1.1659640508541624e-05,6,6,Internal
KO,MKC,0.4518014730439756,62,0.0002571929221104906,6,6,Internal
KO,MRK,0.41370626810193195,62,0.0009192853158968541,6,6,Internal
KO,PEP,0.6861101114414598,62,1.0439258068658148e-09,6,6,Internal
KO,PG,0.6462319403185369,62,1.8558250709314175e-08,6,6,Internal
KO,PPL,0.41423393563430294,62,0.0009041095754081949,6,4,External
KO,SJM,0.5659474758720943,62,2.001296473007034e-06,6,4,External
KO,SO,0.42724148588817756,62,0.000594649249133314,6,4,External
KR,LVS,0.40876078631458557,62,0.001073097144758895,6,6,Internal
KR,ULTA,0.42381540841315335,62,0.0006651110843400988,6,5,External
KVUE,MCD,0.4564148164774328,39,0.00397417950907076,6,6,Internal
KVUE,PG,0.5497468244230622,39,0.0003500722843406404,6,6,Internal
KVUE,TSLA,-0.42373354547108016,39,0.008025102515123549,6,7,External
L,MAA,0.4777119642521725,62,9.891760847878797e-05,5,4,External
L,MO,0.42736436312638115,62,0.0005922527927430955,5,2,External
L,MOS,0.4034790276169981,62,0.0012626351436034594,5,2,External
L,MPC,0.4039015139161646,62,0.0012464349031090902,5,2,External
L,NDSN,0.43576162585112865,62,0.0004477941556558129,5,5,Internal
L,NOW,-0.4007444836447543,62,0.0013721503976958738,5,1,External
L,NSC,0.5296942254753235,62,1.1350392589115886e-05,5,5,Internal
L,OTIS,0.4908294044018984,62,5.918147777483916e-05,5,5,Internal
L,PCAR,0.4626681411704191,62,0.0001738752315417859,5,5,Internal
L,PFG,0.427527399454546,62,0.0005890866372024156,5,2,External
L,PH,0.4646452026387832,62,0.00016169212224584597,5,5,Internal
L,PKG,0.4984498495713934,62,4.348644381936557e-05,5,2,External
L,PRU,0.4568511469674415,62,0.00021476184718474851,5,2,External
L,SPG,0.40722764103946546,62,0.0011252829857886456,5,4,External
L,SWK,0.43170525424573225,62,0.0005130102876937743,5,5,Internal
L,TRV,0.43679465803576795,62,0.00043243725293112085,5,0,External
L,TT,0.4380877281890207,62,0.0004138901088650442,5,5,Internal
L,TXT,0.4526741312971064,62,0.00024935262985399485,5,5,Internal
L,UNP,0.45946225457407086,62,0.00019542916420064906,5,5,Internal
L,WAB,0.4979871894939324,62,4.431696745133472e-05,5,5,Internal
L,WFC,0.41014584566950774,62,0.0010278377439951185,5,2,External
L,WRB,0.47040207367548564,62,0.00013053363358914746,5,2,External
LDOS,LHX,0.5182788364717352,62,1.8828461128118146e-05,2,2,Internal
LDOS,LMT,0.4146980207437341,62,0.0008909497963438043,2,2,Internal
LDOS,MAR,-0.4054512291545536,62,0.001188599390296189,2,6,External
LDOS,NI,0.4468193711609713,62,0.00030643068943019366,2,4,External
LDOS,NOC,0.5519734535313868,62,4.0023224721224725e-06,2,2,Internal
LDOS,OKE,0.41605044745028436,62,0.000853580339201133,2,2,Internal
LDOS,PCAR,0.4302248252860419,62,0.0005388824527843821,2,5,External
LDOS,PGR,0.4425232142300884,62,0.00035563466651150757,2,2,Internal
LDOS,RF,0.5283530984760008,62,1.2057242521674e-05,2,2,Internal
LDOS,SBAC,0.4794748792404351,62,9.243064522131725e-05,2,4,External
LDOS,SLB,0.4954895031718076,62,4.905929288997387e-05,2,2,Internal
LDOS,SRE,0.41975405509534974,62,0.0007583804915765459,2,4,External
LDOS,TAP,-0.5287119298925455,62,1.1864213171465011e-05,2,6,External
LDOS,TRGP,0.49806478084549755,62,4.417666799281327e-05,2,2,Internal
LDOS,UBER,-0.4778147819626092,62,9.852806807855374e-05,2,6,External
LDOS,USB,0.5024711801679081,62,3.6850197036602096e-05,2,2,Internal
LDOS,WMB,0.4791106963323863,62,9.373774459866676e-05,2,2,Internal
LDOS,XOM,0.4310563587311011,62,0.0005242083518234573,2,2,Internal
LDOS,ZBRA,0.5779973333708577,62,1.072668729838611e-06,2,2,Internal
LEN,LKQ,0.4309504976170817,62,0.0005260561170159001,5,5,Internal
LEN,MAS,0.4902829805931082,62,6.048685028601388e-05,5,5,Internal
LEN,NVR,0.7433141320350007,62,6.852492632378218e-12,5,5,Internal
LEN,PHM,0.824088074387275,62,3.4076809860545644e-16,5,5,Internal
LH,MOS,0.5043579341096607,62,3.4071117046626805e-05,0,2,External
LH,MTD,0.47499386457596143,62,0.00010974349662136356,0,0,Internal
LH,NRG,0.4361395094488279,62,0.0004421200054118406,0,2,External
LH,PFE,0.4506458586234969,62,0.00026792190781315344,0,4,External
LH,PKG,0.49942849256557914,62,4.177684176559184e-05,0,2,External
LH,RVTY,0.46122017325305137,62,0.00018332519221156592,0,0,Internal
LH,UPS,0.4132791636717409,62,0.0009317368086565416,0,0,Internal
LH,WAT,0.4086765776164132,62,0.001075905863571043,0,0,Internal
LHX,LMT,0.6860621325962617,62,1.0478319542068128e-09,2,2,Internal
LHX,MSFT,-0.515122369161521,62,2.1587788357281564e-05,2,1,External
LHX,NI,0.41851175320709594,62,0.0007891853610616273,2,4,External
LHX,NOC,0.6976383856480355,62,4.166716792731635e-10,2,2,Internal
LHX,NOW,-0.42627418625684,62,0.0006138235450290813,2,1,External
LHX,NVDA,-0.567990314763324,62,1.8036296310027266e-06,2,1,External
LHX,PEG,0.4828237285762901,62,8.117342289644919e-05,2,4,External
LHX,PM,0.40790374435164806,62,0.001101994164803744,2,2,Internal
LHX,PNW,0.5023932899896779,62,3.6969308061989124e-05,2,4,External
LHX,PPL,0.4444773867537926,62,0.0003324243203089593,2,4,External
LHX,REG,0.5094994191903051,62,2.7451312819896263e-05,2,4,External
LHX,RTX,0.5770008218372916,62,1.1305125689923193e-06,2,2,Internal
LHX,SLB,0.4178653228972013,62,0.0008056581127582746,2,2,Internal
LHX,SNPS,-0.602249990278032,62,2.8261865316376785e-07,2,1,External
LHX,SRE,0.5168607194842098,62,2.002496104068841e-05,2,4,External
LHX,TPL,0.4338456140745889,62,0.0004775962375691804,2,2,Internal
LHX,TRGP,0.4830602744557027,62,8.042809023214253e-05,2,2,Internal
LHX,UDR,0.43940379863929724,62,0.00039575888902661964,2,4,External
LHX,WAB,0.5206846292893174,62,1.6949163115959694e-05,2,5,External
LHX,WEC,0.41740554339779,62,0.00081756296914484,2,4,External
LHX,WFC,0.4101917525837797,62,0.0010263675620219353,2,2,Internal
LHX,WMB,0.4094420595964819,62,0.0010506155976329533,2,2,Internal
LHX,XOM,0.4040095356242569,62,0.0012423229363967892,2,2,Internal
LHX,XYL,0.4628463930951006,62,0.00017274327191937457,2,5,External
LIN,WTW,0.42001375993528306,62,0.0007520798067629723,6,0,External
LIN,YUM,0.5235058717869386,62,1.4967598741168195e-05,6,6,Internal
LIN,ZBH,0.421797806852063,62,0.0007100614587171783,6,0,External
LKQ,LULU,0.42018578601442025,62,0.0007479324011311021,5,5,Internal
LKQ,MAS,0.6123534300902633,62,1.5683332111871951e-07,5,5,Internal
LKQ,MGM,0.46356380997601376,62,0.00016825536120320615,5,6,External
LKQ,MHK,0.5297732220385192,62,1.1309982938793352e-05,5,5,Internal
LKQ,MOS,0.46212168144104204,62,0.00017738791196177808,5,2,External
LKQ,NDSN,0.44512904928509917,62,0.0003249968437318282,5,5,Internal
LKQ,NKE,0.4228040105097203,62,0.0006873114735952303,5,5,Internal
LKQ,NUE,0.6404846677942925,62,2.715173569791338e-08,5,5,Internal
LKQ,NVR,0.45609919046294484,62,0.00022064512155325536,5,5,Internal
LKQ,OTIS,0.44398581968732687,62,0.00033812907930033485,5,5,Internal
LKQ,PCAR,0.5850810330807095,62,7.347257833124485e-07,5,5,Internal
LKQ,PH,0.5138886777717979,62,2.2764701768549875e-05,5,5,Internal
LKQ,PHM,0.40686971581392123,62,0.0011377905423685666,5,5,Internal
LKQ,PNR,0.4973166968762112,62,4.554660089195703e-05,5,5,Internal
LKQ,POOL,0.4866680735103245,62,6.981384442618341e-05,5,5,Internal
LKQ,PWR,0.5149660271011509,62,2.1733748766508716e-05,5,5,Internal
LKQ,RL,0.5344383677829627,62,9.147374974805327e-06,5,5,Internal
LKQ,ROK,0.4614223675089135,62,0.00018197794227690385,5,5,Internal
LKQ,SNA,0.5448498067515148,62,5.6310699212286115e-06,5,5,Internal
LKQ,SWK,0.5084011499489226,62,2.875621094246605e-05,5,5,Internal
LKQ,TDG,0.49002999343314074,62,6.110016860160401e-05,5,5,Internal
LKQ,TEL,0.45995804185152117,62,0.00019194347475223595,5,5,Internal
LKQ,TPR,0.4094711258065204,62,0.0010496659445722362,5,5,Internal
LKQ,TRGP,0.41957701939323305,62,0.0007627028685979164,5,2,External
LKQ,TXT,0.5071702678391604,62,3.0286787300428025e-05,5,5,Internal
LKQ,ULTA,0.4042190873402663,62,0.0012343808945596596,5,5,Internal
LKQ,URI,0.5142098964527516,62,2.2452670457761207e-05,5,5,Internal
LKQ,VTR,0.5081955292893044,62,2.9006809278089786e-05,5,4,External
LKQ,WAB,0.6339607510381498,62,4.142583790915541e-08,5,5,Internal
LKQ,WELL,0.4433753801869014,62,0.00034533751953491984,5,4,External
LLY,MNST,0.40642442082942765,62,0.0011535258751986736,6,6,Internal
LLY,MRK,0.5643368351191733,62,2.1712395279282943e-06,6,6,Internal
LLY,MS,-0.40413045133864,62,0.0012377346218402467,6,2,External
LLY,NXPI,-0.4064033706384717,62,0.0011542745494351272,6,1,External
LLY,PG,0.41245188337239935,62,0.0009562885371935393,6,6,Internal
LLY,PNC,-0.4356646188221245,62,0.0004492614135812392,6,2,External
LLY,RJF,-0.4962883429662569,62,4.749387743465764e-05,6,2,External
LLY,SBUX,-0.4106838715884268,62,0.0010107259795522831,6,6,Internal
LLY,SCHW,-0.4048972093345421,62,0.001208992041896307,6,2,External
LLY,TFC,-0.4245517520830881,62,0.0006493589437638837,6,2,External
LLY,VRSK,0.6301099312618167,62,5.291402441603696e-08,6,6,Internal
LLY,VRTX,0.4223753206510284,62,0.0006969220939066136,6,6,Internal
LMT,MSFT,-0.41732894366780054,62,0.0008195617076826689,2,1,External
LMT,NOC,0.859067675405832,62,8.282757713123572e-19,2,2,Internal
LMT,OXY,0.4034957098251917,62,0.0012619918906067557,2,2,Internal
LMT,RTX,0.6500454634168363,62,1.4353248582499321e-08,2,2,Internal
LMT,XOM,0.4182082860851356,62,0.000796880202292728,2,2,Internal
LNT,MAA,0.5704790027765151,62,1.5875059129540845e-06,4,4,Internal
LNT,NEE,0.653449579712343,62,1.1376565453426756e-08,4,4,Internal
LNT,NI,0.8440442774740914,62,1.3160502877070186e-17,4,4,Internal
LNT,NRG,0.4006796519128806,62,0.0013748473239796135,4,2,External
LNT,NVDA,-0.4066346137838723,62,0.0011460740633565003,4,1,External
LNT,O,0.5592713214664985,62,2.797846565984771e-06,4,4,Internal
LNT,OKE,0.41286457973999857,62,0.0009439686567887934,4,2,External
LNT,PAYX,0.42197088536758487,62,0.0007061003108371871,4,4,Internal
LNT,PCG,0.5716102592384973,62,1.4975032943419679e-06,4,4,Internal
LNT,PEG,0.8353587539423221,62,5.720413986229713e-17,4,4,Internal
LNT,PNW,0.8208790292567113,62,5.535084402810857e-16,4,4,Internal
LNT,PPL,0.8842562343885442,62,3.596993400417203e-21,4,4,Internal
LNT,SBAC,0.49514902238507064,62,4.9740869889247984e-05,4,4,Internal
LNT,SJM,0.5753390437561196,62,1.2335186972344226e-06,4,4,Internal
LNT,SO,0.7524383082365781,62,2.7166004098844818e-12,4,4,Internal
LNT,SRE,0.7486472208172826,62,4.009225590646679e-12,4,4,Internal
LNT,UDR,0.5126701576845435,62,2.3985276295078455e-05,4,4,Internal
LNT,VICI,0.44909815996799757,62,0.0002829313514009894,4,4,Internal
LNT,WEC,0.9059225919611752,62,1.0888380125625956e-23,4,4,Internal
LNT,WELL,0.4329752682929517,62,0.0004917197999488661,4,4,Internal
LNT,XEL,0.8000853509135328,62,1.0320078302553103e-14,4,4,Internal
LOW,MAS,0.5022992310863706,62,3.711361906492954e-05,5,5,Internal
LOW,MSFT,-0.4560608433208539,62,0.00022094906043382118,5,1,External
LOW,MTB,0.40276434572843917,62,0.0012904711665948235,5,2,External
LOW,NDSN,0.5048221433799435,62,3.341774857971369e-05,5,5,Internal
LOW,PCAR,0.4530008033279849,62,0.0002464742964073671,5,5,Internal
LOW,PH,0.4506833690977646,62,0.0002675673317588017,5,5,Internal
LOW,PPG,0.412467369806942,62,0.0009558236265732936,5,2,External
LOW,SHW,0.40285654449749136,62,0.0012868494023400338,5,5,Internal
LOW,SWK,0.5158467275551196,62,2.0923312862431884e-05,5,5,Internal
LOW,TXT,0.47971434363780374,62,9.158033568678341e-05,5,5,Internal
LOW,WAB,0.43857359847575883,62,0.0004071101923020848,5,5,Internal
LOW,XOM,0.41945489879281833,62,0.00076569745000829,5,2,External
LRCX,MDT,-0.41674577205162794,62,0.0008349239460474912,1,0,External
LRCX,MPWR,0.46903740807494904,62,0.0001373755492967771,1,1,Internal
LRCX,MU,0.528593043742724,62,1.1927846147504356e-05,1,1,Internal
LRCX,PM,-0.662098372055791,62,6.219252956807309e-09,1,2,External
LRCX,SNA,0.4782683506567084,62,9.682643327740715e-05,1,5,External
LRCX,SNPS,0.490003346251499,62,6.116510224815665e-05,1,1,Internal
LRCX,SWKS,0.42461976398649176,62,0.0006479211941365515,1,1,Internal
LRCX,T,-0.45041009250888947,62,0.0002701603792462731,1,6,External
LRCX,TER,0.565585286270575,62,2.0383904574523065e-06,1,1,Internal
LRCX,TXN,0.5027404962553682,62,3.644108335082675e-05,1,1,Internal
LULU,LVS,0.49775494094297207,62,4.473937927747145e-05,5,6,External
LULU,MMM,0.5362705426544594,62,8.40859943499252e-06,5,5,Internal
LULU,NKE,0.43017184697905964,62,0.0005398298748921474,5,5,Internal
LULU,TMUS,-0.4402352190281526,62,0.0003846803030122174,5,6,External
LUV,MCHP,0.4392771301874327,62,0.00039747198995985404,2,1,External
LUV,MET,0.41782416387329424,62,0.0008067174025429958,2,2,Internal
LUV,MHK,0.4237487189162929,62,0.0006665546837639583,2,5,External
LUV,NKE,0.4080394424104063,62,0.001097372608200034,2,5,External
LUV,POOL,0.42953959500011224,62,0.0005512538194083988,2,5,External
LUV,PSKY,0.4434028583006284,62,0.00034501005539995815,2,2,Internal
LUV,RJF,0.44840081224052003,62,0.0002899416902620805,2,2,Internal
LUV,TEL,0.42002388813155517,62,0.0007518350492527691,2,5,External
LUV,UAL,0.47956176117662513,62,9.212130191552219e-05,2,2,Internal
LUV,URI,0.48276320995134614,62,8.136512990735539e-05,2,5,External
LUV,WFC,0.4519117240955065,62,0.0002561901104000033,2,2,Internal
LUV,WY,0.4738783627339063,62,0.00011449343590724753,2,4,External
LVS,MGM,0.5814362982495566,62,8.936483747446806e-07,6,6,Internal
LVS,TMUS,-0.45437351688986977,62,0.0002347079775834777,6,6,Internal
LVS,WYNN,0.7323610876982323,62,1.9793737767559007e-11,6,6,Internal
LW,MNST,0.4275576951100073,62,0.0005884999911902222,6,6,Internal
LW,PEP,0.5485864573490199,62,4.712344324691068e-06,6,6,Internal
LYB,MHK,0.43803519446315003,62,0.0004146292931710713,2,5,External
LYB,MMM,0.4180696371864075,62,0.0008004183625612816,2,5,External
LYB,MOS,0.4116175191722283,62,0.0009816402203238787,2,2,Internal
LYB,MPC,0.5058138356343125,62,3.206060221042069e-05,2,2,Internal
LYB,NSC,0.41750938739348287,62,0.0008148603724421843,2,5,External
LYB,NTRS,0.46425143655837814,62,0.00016405432430820753,2,2,Internal
LYB,OXY,0.5045271129131433,62,3.3831643734296996e-05,2,2,Internal
LYB,PCAR,0.40924106187882997,62,0.0010572038272549107,2,5,External
LYB,PFG,0.5709723273211764,62,1.5476517957892411e-06,2,2,Internal
LYB,PH,0.4367875405287872,62,0.0004325414014924945,2,5,External
LYB,PKG,0.49065320635495374,62,5.9599537882393895e-05,2,2,Internal
LYB,PRU,0.5485860826665323,62,4.71242899460661e-06,2,2,Internal
LYB,PSA,0.4321654587498508,62,0.0005052006063720636,2,4,External
LYB,PSX,0.5288435309290626,62,1.1794142683754564e-05,2,2,Internal
LYB,RF,0.4002717207846388,62,0.001391926321420237,2,2,Internal
LYB,RJF,0.4951618584723577,62,4.9715016747425665e-05,2,2,Internal
LYB,SLB,0.6478092916243582,62,1.6694432842785288e-08,2,2,Internal
LYB,SPG,0.4475871798524933,62,0.0002983211521005279,2,4,External
LYB,SWK,0.40686763736635495,62,0.001137863537008811,2,5,External
LYB,TPL,0.4605695935808317,62,0.000187722310018239,2,2,Internal
LYB,TRGP,0.6249848705902163,62,7.291302732769056e-08,2,2,Internal
LYB,TXT,0.4423756943938812,62,0.0003574453597782122,2,5,External
LYB,UNP,0.5015428468102286,62,3.8293187771546515e-05,2,5,External
LYB,UPS,0.43399993607164905,62,0.00047513079270030946,2,0,External
LYB,USB,0.4457537161664349,62,0.0003180193878241566,2,2,Internal
LYB,VLO,0.416286878085514,62,0.0008471947893842672,2,2,Internal
LYB,WAB,0.4332478783774137,62,0.0004872557363472103,2,5,External
LYB,WMB,0.5858351818196587,62,7.053412528342081e-07,2,2,Internal
LYB,XOM,0.5466324538874652,62,5.1737283918520816e-06,2,2,Internal
LYV,MPWR,-0.5109706935254477,62,2.5789072061439166e-05,6,1,External
MA,V,0.7089884860386899,62,1.6158513854065296e-10,0,0,Internal
MAA,MHK,0.4084718492371891,62,0.001082762074962863,4,5,External
MAA,MTB,0.4600285266753678,62,0.00019145257006969484,4,2,External
MAA,NDSN,0.40928477014838077,62,0.0010557680140755757,4,5,External
MAA,NI,0.5401500653441422,62,7.0238184455101776e-06,4,4,Internal
MAA,NSC,0.43572497037351865,62,0.0004483480669942762,4,5,External
MAA,O,0.698937773880107,62,3.746814266659076e-10,4,4,Internal
MAA,PEG,0.4942247974561752,62,5.16353081185561e-05,4,4,Internal
MAA,PFG,0.4118361442725373,62,0.0009749394725569613,4,2,External
MAA,PKG,0.5329102148557957,62,9.809293121721218e-06,4,2,External
MAA,PLD,0.5630547389441981,62,2.3160651392943723e-06,4,4,Internal
MAA,PNW,0.44625325187063114,62,0.00031253821933117465,4,4,Internal
MAA,PPL,0.5281253050284872,62,1.2181291857511212e-05,4,4,Internal
MAA,PRU,0.5190862105890022,62,1.8177238779128742e-05,4,2,External
MAA,PSA,0.4690245092906049,62,0.00013744176011147872,4,4,Internal
MAA,REG,0.612681602385313,62,1.5380853804935443e-07,4,4,Internal
MAA,RF,0.4124501517556489,62,0.0009563405338861827,4,2,External
MAA,SPG,0.7341085488552724,62,1.677045446467793e-11,4,4,Internal
MAA,SRE,0.5159967878194122,62,2.078805136610444e-05,4,4,Internal
MAA,TROW,0.46027670754958316,62,0.00018973320138459092,4,2,External
MAA,UDR,0.8287693698024241,62,1.6496523455652502e-16,4,4,Internal
MAA,UNP,0.43658112710118757,62,0.00043557173414841344,4,5,External
MAA,USB,0.4580862618016306,62,0.00020540897089261966,4,2,External
MAA,VICI,0.641936021430225,62,2.468253902231327e-08,4,4,Internal
MAA,VTR,0.6525926662022768,62,1.2065355146383585e-08,4,4,Internal
MAA,WEC,0.4140444882914041,62,0.0009095318673752961,4,4,Internal
MAA,WELL,0.5903066248064869,62,5.525528479758085e-07,4,4,Internal
MAR,MGM,0.49733690846158274,62,4.550907831495893e-05,6,6,Internal
MAR,TAP,0.48237525485770366,62,8.260400259748326e-05,6,6,Internal
MAR,TMUS,-0.4149560870127902,62,0.0008837070296598754,6,6,Internal
MAS,MET,0.4070947504742269,62,0.0011299122692170539,5,2,External
MAS,MGM,0.40684640960038254,62,0.0011386092931645125,5,6,External
MAS,MHK,0.6635435698137873,62,5.61148565688072e-09,5,5,Internal
MAS,MMM,0.4353871886935727,62,0.00045348177507752174,5,5,Internal
MAS,MOS,0.48196022167512087,62,8.39485511275322e-05,5,2,External
MAS,MS,0.5751956276119616,62,1.2428087416862496e-06,5,2,External
MAS,MTB,0.44902885926230046,62,0.0002836210335298709,5,2,External
MAS,NDSN,0.47629282324029065,62,0.00010444090053922321,5,5,Internal
MAS,NUE,0.5933942862017395,62,4.658258676281622e-07,5,5,Internal
MAS,NVR,0.4540602770462636,62,0.00023734679225659766,5,5,Internal
MAS,OTIS,0.6614358974789137,62,6.518223911277416e-09,5,5,Internal
MAS,PCAR,0.510107162137093,62,2.6753013025593482e-05,5,5,Internal
MAS,PFG,0.4717687355365886,62,0.00012399643992388795,5,2,External
MAS,PH,0.6693169923992038,62,3.7000337111883383e-09,5,5,Internal
MAS,PHM,0.499957963047231,62,4.0878005710918504e-05,5,5,Internal
MAS,PNR,0.6397067492617438,62,2.8569491881614825e-08,5,5,Internal
MAS,POOL,0.4772282062630146,62,0.00010076947513349373,5,5,Internal
MAS,PPG,0.42356006456852197,62,0.000670653785594402,5,2,External
MAS,PRU,0.40119563612699927,62,0.0013535142093573033,5,2,External
MAS,RL,0.47230477910200575,62,0.00012151548772444909,5,5,Internal
MAS,ROK,0.5055114853949663,62,3.2468869654122175e-05,5,5,Internal
MAS,SNA,0.5911144446398662,62,5.285042920386729e-07,5,5,Internal
MAS,SWK,0.7211602194671956,62,5.5589006545690714e-11,5,5,Internal
MAS,SYF,0.4151862200254094,62,0.0008772931163361426,5,2,External
MAS,TDG,0.45438088463045895,62,0.00023464623384591372,5,5,Internal
MAS,TEL,0.40904214403675027,62,0.0010637605157680658,5,5,Internal
MAS,TMUS,-0.427112760676899,62,0.0005971691840112038,5,6,External
MAS,TRMB,0.510329411704759,62,2.6501781927325696e-05,5,5,Internal
MAS,TSCO,0.42272795250195533,62,0.0006890077810636642,5,5,Internal
MAS,TT,0.42054661024250073,62,0.0007393003640630608,5,5,Internal
MAS,TXT,0.5684612073861653,62,1.7607335421696813e-06,5,5,Internal
MAS,URI,0.5179869339871496,62,1.906918696419439e-05,5,5,Internal
MAS,VTR,0.4193502816065918,62,0.0007682712731301423,5,4,External
MAS,WAB,0.48127894278215944,62,8.619937516750617e-05,5,5,Internal
MCD,MRK,0.5406351655578969,62,6.866460033831184e-06,6,6,Internal
MCD,MSI,0.43664795834910775,62,0.0004345884852926608,6,0,External
MCD,ORLY,0.6191370209109814,62,1.0438286524571264e-07,6,6,Internal
MCD,PEP,0.5827211636397001,62,8.342674858623197e-07,6,6,Internal
MCD,PG,0.5686041532850887,62,1.7479019500001428e-06,6,6,Internal
MCD,RF,-0.4369613335546765,62,0.00043000484541926644,6,2,External
MCD,SYF,-0.46634991223076083,62,0.0001518208682933154,6,2,External
MCD,TFC,-0.40368239918511656,62,0.0012548133711769915,6,2,External
MCD,VRTX,0.4464783188354308,62,0.0003100969327811518,6,6,Internal
MCD,WM,0.40605247709999165,62,0.0011668190734325133,6,6,Internal
MCD,YUM,0.6173997119442215,62,1.1596043126059418e-07,6,6,Internal
MCHP,MCK,-0.42268725821456427,62,0.00068991693377203,1,6,External
MCHP,MPWR,0.5215407272069802,62,1.6323530637648675e-05,1,1,Internal
MCHP,MTD,0.4042563940647848,62,0.0012329717631849252,1,0,External
MCHP,NXPI,0.8282635259786657,62,1.7860481858445123e-16,1,1,Internal
MCHP,ON,0.7235922030533669,62,4.461404427179125e-11,1,1,Internal
MCHP,SWK,0.40386316850098253,62,0.0012478975055406044,1,5,External
MCHP,SWKS,0.6380975448385175,62,3.172722078969502e-08,1,1,Internal
MCHP,TEL,0.48279969336276995,62,8.124951026736475e-05,1,5,External
MCHP,TER,0.675161738892899,62,2.4043118910415162e-09,1,1,Internal
MCHP,TRMB,0.5750913000397525,62,1.2496078884882178e-06,1,5,External
MCHP,TXN,0.6414761712762592,62,2.544093987365751e-08,1,1,Internal
MCHP,TXT,0.44567536079381226,62,0.00031888705232496577,1,5,External
MCHP,URI,0.4242468730642135,62,0.0006558395696300804,1,5,External
MCHP,VRTX,-0.4025663046427378,62,0.001298281644686401,1,6,External
MCK,MRK,0.41883335485703493,62,0.0007811040668624364,6,6,Internal
MCK,SWKS,-0.4456223403282542,62,0.00031947539572216137,6,1,External
MCO,SPGI,0.7185943718988655,62,6.993335076532228e-11,0,0,Internal
MDLZ,MKC,0.406810012097024,62,0.0011398890041557546,6,6,Internal
MDLZ,MRK,0.4782051417722814,62,9.70619395153712e-05,6,6,Internal
MDLZ,PEP,0.6326025823762879,62,4.5178281260915155e-08,6,6,Internal
MDLZ,PG,0.41807659069218234,62,0.0008002405794292431,6,6,Internal
MDLZ,RJF,-0.41262308803203934,62,0.000951160207767751,6,2,External
MDLZ,RMD,0.5448936678378126,62,5.6193788846049314e-06,6,6,Internal
MDLZ,RSG,0.4589267364648102,62,0.00019925919593378018,6,6,Internal
MDT,TRV,0.45793897006764395,62,0.00020650442144065588,0,0,Internal
MDT,UHS,0.4161700274379985,62,0.0008503452934474811,0,0,Internal
MET,MHK,0.4759360339333215,62,0.00010587341664545678,2,5,External
MET,MMM,0.48532791946816634,62,7.359597036569969e-05,2,5,External
MET,MOS,0.6017026126713669,62,2.91612192359844e-07,2,2,Internal
MET,MPC,0.45407207880670264,62,0.00023724688163323323,2,2,Internal
MET,MS,0.5189094098008135,62,1.831803166458865e-05,2,2,Internal
MET,MTB,0.4916614407198402,62,5.724362333434901e-05,2,2,Internal
MET,NFLX,-0.4552698179117057,62,0.00022730474036469916,2,1,External
MET,NTRS,0.40236588087898323,62,0.0013062293355644,2,2,Internal
MET,NUE,0.42539735705426157,62,0.0006316868756708408,2,5,External
MET,PCAR,0.44155990762851194,62,0.00036761101865807986,2,5,External
MET,PFG,0.626850411147713,62,6.492557530494523e-08,2,2,Internal
MET,PNC,0.46666984925451027,62,0.0001500310188315627,2,2,Internal
MET,PRU,0.7533264921275069,62,2.4773398223472996e-12,2,2,Internal
MET,PSKY,0.46274742441476613,62,0.00017337091997468847,2,2,Internal
MET,PSX,0.5277322743475533,62,1.23981170756769e-05,2,2,Internal
MET,RF,0.5546314629447717,62,3.516463603245618e-06,2,2,Internal
MET,RJF,0.47483809837116153,62,0.0001103957074092479,2,2,Internal
MET,RL,0.4616258182952217,62,0.00018063147645729945,2,5,External
MET,SCHW,0.4299810187108985,62,0.0005432550386171508,2,2,Internal
MET,TFC,0.4804352052158847,62,8.906388669023729e-05,2,2,Internal
MET,TRGP,0.4111397605328163,62,0.0009964280615257306,2,2,Internal
MET,TXT,0.5345222211384254,62,9.112285322881212e-06,2,5,External
MET,URI,0.5214736627084336,62,1.637175619589739e-05,2,5,External
MET,USB,0.4843697667104425,62,7.641476029243811e-05,2,2,Internal
MET,WFC,0.5835047633741332,62,7.998911277820226e-07,2,2,Internal
META,RJF,-0.5600505000508292,62,2.6915592165965217e-06,6,2,External
META,URI,-0.5275596682250681,62,1.249446841465718e-05,6,5,External
META,WTW,-0.6131624676214761,62,1.4947543959423793e-07,6,0,External
MGM,WYNN,0.6371422808016934,62,3.375473750483562e-08,6,6,Internal
MHK,MMM,0.4270809394000954,62,0.0005977936104504569,5,5,Internal
MHK,MOS,0.5399189209924019,62,7.099973496432049e-06,5,2,External
MHK,MS,0.4134524447784715,62,0.0009266668638736813,5,2,External
MHK,MTB,0.4798579010442911,62,9.107403660304242e-05,5,2,External
MHK,NDSN,0.4606742265608272,62,0.0001870086663632836,5,5,Internal
MHK,NTRS,0.41348363519185594,62,0.0009257569279741691,5,2,External
MHK,OTIS,0.4175703735770065,62,0.0008132769396367605,5,5,Internal
MHK,PCAR,0.4449529847439481,62,0.00032698851904635967,5,5,Internal
MHK,PFG,0.4981104783136917,62,4.409423065417455e-05,5,2,External
MHK,PH,0.47794919413429277,62,9.80209545478831e-05,5,5,Internal
MHK,PLD,0.43583930713021685,62,0.0004466223474100253,5,4,External
MHK,PNR,0.515780961110699,62,2.0982850301594163e-05,5,5,Internal
MHK,POOL,0.6581624235597628,62,8.206276907332733e-09,5,5,Internal
MHK,PRU,0.5557266271657192,62,3.3327811073848823e-06,5,2,External
MHK,PSX,0.4075132326259446,62,0.0011153920627457047,5,2,External
MHK,REG,0.4445107165265707,62,0.00033204071400690983,5,4,External
MHK,RJF,0.41958192588837384,62,0.0007625827755650894,5,2,External
MHK,RL,0.4775481523210121,62,9.954116098882809e-05,5,5,Internal
MHK,SHW,0.4224527836523883,62,0.0006951765292858319,5,5,Internal
MHK,SPG,0.43521263797719284,62,0.0004561555364257518,5,4,External
MHK,SWK,0.7355561375640972,62,1.4604524359677696e-11,5,5,Internal
MHK,SYF,0.4924787748489073,62,5.539715789217356e-05,5,2,External
MHK,TMUS,-0.4178592323773769,62,0.0008058147822078487,5,6,External
MHK,TRMB,0.49226201174026707,62,5.588142397664989e-05,5,5,Internal
MHK,TROW,0.4386583980017296,62,0.00040593729601323426,5,2,External
MHK,TXT,0.5944542723092542,62,4.391261170239425e-07,5,5,Internal
MHK,URI,0.4221699600699523,62,0.0007015689436232965,5,5,Internal
MHK,USB,0.43435471547638066,62,0.00046950663640190244,5,2,External
MHK,VTR,0.5464417254554959,62,5.220951299370663e-06,5,4,External
MHK,WAB,0.45467981844539357,62,0.0002321535695317541,5,5,Internal
MLM,OTIS,0.4486795300027178,62,0.0002871209832218951,7,5,External
MLM,PH,0.4192789630776136,62,0.0007700303549271758,7,5,External
MLM,PNR,0.4336327021988872,62,0.0004810167941920343,7,5,External
MLM,PSKY,-0.47299139638009857,62,0.0001184042315826553,7,2,External
MLM,RCL,0.5564903964542551,62,3.2100274278957545e-06,7,7,Internal
MLM,TT,0.40557572707118655,62,0.0011840596241929492,7,5,External
MLM,UNP,0.4129373398665798,62,0.0009418115208295594,7,5,External
MLM,VMC,0.9300371710969355,62,2.4708333445955233e-27,7,7,Internal
MLM,XYL,0.5349389092653052,62,8.93976617962661e-06,7,5,External
MMC,MRK,0.40124535734775074,62,0.0013514743048435459,6,6,Internal
MMC,SNA,0.4060913693610329,62,0.0011654226445637853,6,5,External
MMC,SPGI,0.4138495647594622,62,0.0009151415210463849,6,0,External
MMC,STX,-0.44965146402511574,62,0.000277479509850499,6,1,External
MMC,UAL,-0.43442913156067603,62,0.0004683346551194638,6,2,External
MMC,V,0.4523205627475247,62,0.0002525025286075693,6,0,External
MMM,NDSN,0.4636231903873661,62,0.00016788872736079328,5,5,Internal
MMM,OTIS,0.5876000720520761,62,6.408269156855713e-07,5,5,Internal
MMM,PCAR,0.5223525963710542,62,1.5750087676747142e-05,5,5,Internal
MMM,PFG,0.546043888224843,62,5.320749149433558e-06,5,2,External
MMM,PH,0.44008502327715504,62,0.00038666050898981193,5,5,Internal
MMM,PRU,0.43528935895752907,62,0.00045497856736717346,5,2,External
MMM,PSX,0.462660638730962,62,0.00017392302322100212,5,2,External
MMM,REG,0.45219355101287956,62,0.00025364290498457973,5,4,External
MMM,RF,0.4012672959170078,62,0.001350575113406038,5,2,External
MMM,ROK,0.41298619007484977,62,0.0009403657444187128,5,5,Internal
MMM,SWK,0.5136577064488136,62,2.299154567251279e-05,5,5,Internal
MMM,TDY,0.4499992965873695,62,0.00027410149687473234,5,5,Internal
MMM,TRMB,0.42671608349540063,62,0.0006049955737349212,5,5,Internal
MMM,TXT,0.4715041314487138,62,0.00012523816536064405,5,5,Internal
MMM,URI,0.4020200871518975,62,0.001320044471963583,5,5,Internal
MMM,VTR,0.47739424082028376,62,0.00010013031838880815,5,4,External
MMM,WAB,0.6104800375907815,62,1.7520122885623052e-07,5,5,Internal
MMM,WFC,0.4029274908225631,62,0.001284068704231395,5,2,External
MMM,WMB,0.4592953186780481,62,0.00019661580110166016,5,2,External
MNST,MTB,-0.43621786614155067,62,0.00044095164687146376,6,2,External
MNST,NTRS,-0.5065251259834568,62,3.1118797487787324e-05,6,2,External
MNST,PEP,0.49641290410228284,62,4.725398506851786e-05,6,6,Internal
MNST,PFG,-0.450614744367463,62,0.00026821634766113897,6,2,External
MNST,PRU,-0.4377408726357106,62,0.0004187928537174468,6,2,External
MNST,RF,-0.4872431015614835,62,6.824661892022483e-05,6,2,External
MNST,RJF,-0.476301152078998,62,0.00010440767390609596,6,2,External
MNST,SLB,-0.45162687907240096,62,0.000258788314564768,6,2,External
MNST,TROW,-0.42594690222140397,62,0.0006204369207060365,6,2,External
MNST,UPS,-0.4654424997648408,62,0.00015700432301573602,6,0,External
MNST,USB,-0.4067003713121456,62,0.0011437517282070475,6,2,External
MNST,XOM,-0.42217447664823876,62,0.0007014664426874456,6,2,External
MNST,ZTS,0.4395142130556164,62,0.00039427109677510347,6,0,External
MO,MSFT,-0.4181065159941091,62,0.0007994758742649438,2,1,External
MO,NOW,-0.4426359990475536,62,0.0003542559592595177,2,1,External
MO,OXY,0.400507009937074,62,0.0013820522740468292,2,2,Internal
MO,PCAR,0.5205224112552165,62,1.7070190737935318e-05,2,5,External
MO,PM,0.5048695184099357,62,3.335172481438877e-05,2,2,Internal
MO,PRU,0.4156578364268486,62,0.0008642801284705679,2,2,Internal
MO,RTX,0.5256604505216682,62,1.3601596328996419e-05,2,2,Internal
MO,SLB,0.40550247625398317,62,0.0011867287920751177,2,2,Internal
MO,TRGP,0.4766219302770324,62,0.00010313534723971525,2,2,Internal
MO,UNH,0.41725495421068376,62,0.0008214965273381016,2,6,External
MO,WAB,0.40157207220144503,62,0.001338138803051556,2,5,External
MO,WMB,0.46835390820386613,62,0.0001409246295599538,2,2,Internal
MO,XOM,0.52699524971782,62,1.281441507369213e-05,2,2,Internal
MOH,MRK,0.5229236645899031,62,1.535799458603304e-05,6,6,Internal
MOH,NVDA,-0.45116478397000664,62,0.00026305452902644817,6,1,External
MOH,ROL,0.4669797703799213,62,0.00014831567163885268,6,6,Internal
MOH,SNPS,-0.4711441857042524,62,0.00012694563772125972,6,1,External
MOH,TMUS,0.480233712983698,62,8.976078991604254e-05,6,6,Internal
MOH,UNH,0.7242274439075314,62,4.2107166589029436e-11,6,6,Internal
MOH,VRTX,0.40666013560544173,62,0.0011451722146522516,6,6,Internal
MOH,XEL,0.40276295998182177,62,0.001290525671513368,6,4,External
MOS,MPC,0.48024852241554583,62,8.970939806519821e-05,2,2,Internal
MOS,MSFT,-0.41423225197051394,62,0.0009041576358085351,2,1,External
MOS,NRG,0.4451762657746854,62,0.0003244646057235055,2,2,Internal
MOS,NTRS,0.40676895864648005,62,0.001141333969055252,2,2,Internal
MOS,NUE,0.43068694418092573,62,0.0005306820509355637,2,5,External
MOS,PCAR,0.40324281691096164,62,0.0012717749452498134,2,5,External
MOS,PFG,0.5383180251560156,62,7.64890452136656e-06,2,2,Internal
MOS,PKG,0.4332707107204892,62,0.0004868835265064954,2,2,Internal
MOS,PPG,0.47426872026467437,62,0.00011281017905762674,2,2,Internal
MOS,PRU,0.5259565460119533,62,1.3423196923558562e-05,2,2,Internal
MOS,PSKY,0.5191640168806102,62,1.8115597513575746e-05,2,2,Internal
MOS,PSX,0.525039228009027,62,1.39830679503862e-05,2,2,Internal
MOS,RF,0.40374094658974347,62,0.0012525697018111305,2,2,Internal
MOS,RJF,0.4056424020805757,62,0.0011816347691513717,2,2,Internal
MOS,RL,0.4706525927028932,62,0.00012931213692473639,2,5,External
MOS,RTX,0.4332556756820053,62,0.00048712859666522263,2,2,Internal
MOS,SLB,0.4147141320596364,62,0.0008904960599467897,2,2,Internal
MOS,SWK,0.4140366569593771,62,0.0009097566433743877,2,5,External
MOS,TEL,0.4518405635574491,62,0.0002568369566053177,2,5,External
MOS,TPL,0.5465296232920084,62,5.199138754306473e-06,2,2,Internal
MOS,TRGP,0.5312464134810923,62,1.0580467991767572e-05,2,2,Internal
MOS,TXT,0.5723482446314297,62,1.4413885904339953e-06,2,5,External
MOS,URI,0.4804293329714643,62,8.908412645094259e-05,2,5,External
MOS,VLO,0.447084124539674,62,0.0003036119484950104,2,2,Internal
MOS,WAB,0.45868953361176057,62,0.00020097752276389998,2,5,External
MOS,WFC,0.45178904707709355,62,0.00025730616962797254,2,2,Internal
MPC,NTRS,0.4052671142101596,62,0.0011953417823607191,2,2,Internal
MPC,NUE,0.43332533918755856,62,0.00048599402845821697,2,5,External
MPC,PFG,0.5001107907594269,62,4.0621907090566054e-05,2,2,Internal
MPC,PRU,0.469053991191195,62,0.0001372904694171448,2,2,Internal
MPC,PSX,0.783557397037364,62,8.352429312790478e-14,2,2,Internal
MPC,RF,0.4165497336693233,62,0.0008401462359753691,2,2,Internal
MPC,RJF,0.47859341005983175,62,9.562359193241442e-05,2,2,Internal
MPC,SLB,0.5777662798493378,62,1.0858280692068591e-06,2,2,Internal
MPC,TFC,0.4298365867123464,62,0.0005458605374498937,2,2,Internal
MPC,TPL,0.606474361881907,62,2.214846918213061e-07,2,2,Internal
MPC,TRGP,0.5907942142642739,62,5.379174253229432e-07,2,2,Internal
MPC,TXT,0.4045673766890353,62,0.001221281669407873,2,5,External
MPC,URI,0.5292461205702931,62,1.158216640128748e-05,2,5,External
MPC,VLO,0.8794249475459243,62,1.1200689963316392e-20,2,2,Internal
MPC,WFC,0.41999464279691556,62,0.0007525419870379465,2,2,Internal
MPC,XOM,0.5634145234674763,62,2.2745376608738286e-06,2,2,Internal
MPWR,NVDA,0.6168144626563582,62,1.2012571539449466e-07,1,1,Internal
MPWR,NXPI,0.46685137087420436,62,0.0001490241415247422,1,1,Internal
MPWR,PODD,-0.4608907972483212,62,0.00018553944223668588,1,0,External
MPWR,SNPS,0.5474075045595752,62,4.98589943653672e-06,1,1,Internal
MPWR,SWKS,0.4413202273466773,62,0.00037064736040731634,1,1,Internal
MPWR,TER,0.46453798050359685,62,0.00016233223977308312,1,1,Internal
MRK,MS,-0.4980647600351624,62,4.4176705566662094e-05,6,2,External
MRK,MTB,-0.458025533997931,62,0.00020585997511713298,6,2,External
MRK,PEP,0.5406834027110009,62,6.850993542862204e-06,6,6,Internal
MRK,PG,0.48684303879860585,62,6.933350575828215e-05,6,6,Internal
MRK,PNC,-0.4017771055643856,62,0.0013298304791175947,6,2,External
MRK,RF,-0.42993747514676506,62,0.0005440393572753752,6,2,External
MRK,RJF,-0.4719986174045392,62,0.00012292684468274823,6,2,External
MRK,SWKS,-0.4191790780141782,62,0.0007725001574202221,6,1,External
MRK,TFC,-0.401955287727795,62,0.0013226478989028768,6,2,External
MRK,TRMB,-0.47661492215671386,62,0.0001031629911054767,6,5,External
MRK,UNH,0.5888167463613632,62,5.996231080777121e-07,6,6,Internal
MRK,VRTX,0.6104977896589376,62,1.750180457429715e-07,6,6,Internal
MRK,WM,0.40331231261355593,62,0.0012690797609926296,6,6,Internal
MRNA,OXY,0.4330082802904156,62,0.0004911772498307366,2,2,Internal
MS,MTB,0.6394737318565815,62,2.9007594667382166e-08,2,2,Internal
MS,NDSN,0.4122498324188269,62,0.0009623729325958705,2,5,External
MS,NUE,0.4146016162260525,62,0.0008936691615682589,2,5,External
MS,OTIS,0.4041051747359982,62,0.0012386925154252144,2,5,External
MS,PCAR,0.4732622038386458,62,0.00011719737462593209,2,5,External
MS,PFG,0.5647063747979791,62,2.1310960311200325e-06,2,2,Internal
MS,PH,0.5380248518490697,62,7.753615123563705e-06,2,5,External
MS,PNC,0.556507667759982,62,3.207301032909937e-06,2,2,Internal
MS,PRU,0.5328256805270362,62,9.847178789915767e-06,2,2,Internal
MS,RF,0.5723971935208623,62,1.4377371466315534e-06,2,2,Internal
MS,RJF,0.4927469034154022,62,5.480349478225574e-05,2,2,Internal
MS,SCHW,0.531920877860688,62,1.026129774412981e-05,2,2,Internal
MS,SYF,0.43642209904702295,62,0.0004379195591174958,2,2,Internal
MS,TFC,0.4768412234938239,62,0.00010227376717441921,2,2,Internal
MS,URI,0.500280102608707,62,4.033991727468241e-05,2,5,External
MS,USB,0.4700130629660078,62,0.0001324514009550333,2,2,Internal
MS,WFC,0.4975052684451219,62,4.519762758828809e-05,2,2,Internal
MSCI,NTRS,0.5048968246779681,62,3.3313724535397896e-05,0,2,External
MSCI,PKG,0.4864814804513713,62,7.032948256260413e-05,0,2,External
MSCI,UPS,0.6318382290967735,62,4.742888552943514e-08,0,0,Internal
MSFT,NEE,-0.44448779020674994,62,0.00033230453927463174,1,4,External
MSFT,NOC,-0.5114271644941484,62,2.529261995750199e-05,1,2,External
MSFT,NOW,0.48759584929907557,62,6.730132584840994e-05,1,1,Internal
MSFT,NSC,-0.41391181575172076,62,0.0009133466310149672,1,5,External
MSFT,ODFL,-0.4556335535914022,62,0.00022436174783530872,1,5,External
MSFT,OXY,-0.44636543053636285,62,0.00031131924249251566,1,2,External
MSFT,PCAR,-0.483438649010846,62,7.924895859883571e-05,1,5,External
MSFT,PPG,-0.5056958610768347,62,3.221933631041148e-05,1,2,External
MSFT,RTX,-0.5467854721215353,62,5.136130516653151e-06,1,2,External
MSFT,SHW,-0.4387142017876383,62,0.0004051671296998168,1,5,External
MSFT,SLB,-0.45942970112587433,62,0.00019566004938504215,1,2,External
MSFT,TEL,-0.5470939990623118,62,5.061096328220804e-06,1,5,External
MSFT,TPL,-0.5196705679109227,62,1.771900504380024e-05,1,2,External
MSFT,TRGP,-0.5170813669757143,62,1.9834277035281668e-05,1,2,External
MSFT,TXT,-0.46283519198048106,62,0.00017281420350109735,1,5,External
MSFT,WAB,-0.6263455625683552,62,6.700155573831792e-08,1,5,External
MSFT,WFC,-0.43203522327356153,62,0.0005073996790096896,1,2,External
MSFT,WMB,-0.4725762301580031,62,0.00012027660240860969,1,2,External
MSFT,XOM,-0.43359209134654486,62,0.00048167175367168884,1,2,External
MSI,MTD,0.43196536468489416,62,0.0005085828445672906,0,0,Internal
MSI,TFC,-0.4423409982303325,62,0.0003578724466127834,0,2,External
MSI,USB,-0.4011768008126586,62,0.0013542876850267133,0,2,External
MTB,PFG,0.7035896612063715,62,2.549676186671359e-10,2,2,Internal
MTB,PH,0.4669224512285967,62,0.00014863155896627063,2,5,External
MTB,PLD,0.4095140718467644,62,0.0010482642247756717,2,4,External
MTB,PNC,0.7191980138897447,62,6.627178283526992e-11,2,2,Internal
MTB,PRU,0.6884097656703335,62,8.720938290661422e-10,2,2,Internal
MTB,REG,0.4430857352566802,62,0.00034880656306184575,2,4,External
MTB,RF,0.7826143310224429,62,9.359095874582748e-14,2,2,Internal
MTB,RJF,0.5382604594636965,62,7.669360377445663e-06,2,2,Internal
MTB,SCHW,0.5748491697761291,62,1.2655223037609087e-06,2,2,Internal
MTB,SPG,0.5045313107614564,62,3.3825721507753766e-05,2,4,External
MTB,SYF,0.5593400848052544,62,2.788311121748781e-06,2,2,Internal
MTB,TFC,0.660811843047856,62,6.812261995616532e-09,2,2,Internal
MTB,TROW,0.4548625660362445,62,0.00023064167138832118,2,2,Internal
MTB,TXT,0.44131979481427963,62,0.0003706528604395582,2,5,External
MTB,USB,0.7267401980149759,62,3.344455470275549e-11,2,2,Internal
MTB,WFC,0.5968004767933845,62,3.8505367272808935e-07,2,2,Internal
MTCH,ORLY,-0.44133745790928225,62,0.00037042831899318713,8,6,External
MTCH,PCG,-0.41163622974440045,62,0.0009810651297543084,8,4,External
MTD,RVTY,0.5812213413120239,62,9.039615890528631e-07,0,0,Internal
MTD,TECH,0.49204836791313467,62,5.636254037178958e-05,0,0,Internal
MTD,TMO,0.5375647010574897,62,7.920658685125092e-06,0,0,Internal
MTD,WAT,0.6066469448754298,62,2.1927358079315836e-07,0,0,Internal
MTD,WST,0.591416988926103,62,5.197533150260622e-07,0,0,Internal
MU,PEG,-0.4146039771235594,62,0.0008936024762859143,1,4,External
MU,PODD,-0.41728044631525646,62,0.0008208294448069544,1,0,External
MU,SPGI,-0.40159523741988684,62,0.0013371977745689967,1,0,External
MU,TER,0.41806777977474663,62,0.0008004658578082703,1,1,Internal
MU,WDC,0.6255180281019174,62,7.054043620767445e-08,1,1,Internal
NCLH,RCL,0.5095289002603195,62,2.7417053111910027e-05,7,7,Internal
NCLH,UAL,0.4546119063014974,62,0.00023271772170661457,7,2,External
NDAQ,TROW,0.5363378737597941,62,8.382538650390019e-06,0,2,External
NDSN,NOW,-0.42501932770463347,62,0.0006395326279562898,5,1,External
NDSN,NSC,0.47579465342977123,62,0.00010644604094805769,5,5,Internal
NDSN,NUE,0.5035513850796891,62,3.523449814112005e-05,5,5,Internal
NDSN,NXPI,0.430536389101185,62,0.0005333411589522154,5,1,External
NDSN,ODFL,0.4107484577244841,62,0.0010086891994235613,5,5,Internal
NDSN,OTIS,0.6172738992968295,62,1.1684420322844753e-07,5,5,Internal
NDSN,PCAR,0.5284279450998743,62,1.2016740301660798e-05,5,5,Internal
NDSN,PFG,0.484317464295737,62,7.657145376047566e-05,5,2,External
NDSN,PH,0.5929474677088189,62,4.775312726649622e-07,5,5,Internal
NDSN,PNR,0.5209538017769096,62,1.6750094557031178e-05,5,5,Internal
NDSN,PRU,0.42800475347787686,62,0.0005799045046410532,5,2,External
NDSN,PSA,0.4290304885307985,62,0.0005606116299702517,5,4,External
NDSN,REG,0.4297162608877881,62,0.0005480398225998347,5,4,External
NDSN,RL,0.4114525314545602,62,0.0009867244809381845,5,5,Internal
NDSN,ROK,0.6236152165916415,62,7.935777492836156e-08,5,5,Internal
NDSN,SCHW,0.42037329877820007,62,0.0007434352002703296,5,2,External
NDSN,SNA,0.5676595456705845,62,1.834343704981759e-06,5,5,Internal
NDSN,SPG,0.4179881088871317,62,0.0008025054949751297,5,4,External
NDSN,SWK,0.5878265778777713,62,6.329602238786589e-07,5,5,Internal
NDSN,TDY,0.4483800157077727,62,0.0002901531677273451,5,5,Internal
NDSN,TEL,0.5371833151371717,62,8.061641975471738e-06,5,5,Internal
NDSN,TRMB,0.45489144376793295,62,0.0002304035867882016,5,5,Internal
NDSN,TT,0.430340150192421,62,0.0005368252890668558,5,5,Internal
NDSN,TXT,0.5989999925430856,62,3.4010032448652767e-07,5,5,Internal
NDSN,UNP,0.48219935049863005,62,8.317142636104632e-05,5,5,Internal
NDSN,UPS,0.4200733058144438,62,0.0007506418569717398,5,0,External
NDSN,URI,0.4488156490618866,62,0.000285752538791194,5,5,Internal
NDSN,VTR,0.52430556707436,62,1.4446375500548387e-05,5,4,External
NDSN,WAB,0.586970634754198,62,6.631721655340841e-07,5,5,Internal
NDSN,WMB,0.42669874042965433,62,0.0006053398620351516,5,2,External
NDSN,XYL,0.45237279649732987,62,0.0002520349078492347,5,5,Internal
NEE,NI,0.6240970812908102,62,7.703151773699709e-08,4,4,Internal
NEE,NOC,0.48593938091705635,62,7.184751336661605e-05,4,2,External
NEE,PAYX,0.4273181194074766,62,0.0005931536475149112,4,4,Internal
NEE,PCG,0.4916642800860321,62,5.723711171383552e-05,4,4,Internal
NEE,PEG,0.5948108408204412,62,4.304725462641481e-07,4,4,Internal
NEE,PNW,0.5993879804733133,62,3.327015532172239e-07,4,4,Internal
NEE,PPL,0.5929885886421212,62,4.7644258554413916e-07,4,4,Internal
NEE,SO,0.586339534597928,62,6.863089391382411e-07,4,4,Internal
NEE,SRE,0.572658852603403,62,1.4183646014918408e-06,4,4,Internal
NEE,WEC,0.6644528157906425,62,5.258412952311433e-09,4,4,Internal
NEE,XEL,0.6017663249311473,62,2.905517146475407e-07,4,4,Internal
NFLX,TTWO,0.4530854169437148,62,0.00024573372521767073,1,1,Internal
NI,O,0.5820378878370988,62,8.653686229419992e-07,4,4,Internal
NI,PAYX,0.40180322924844714,62,0.0013287752367596892,4,4,Internal
NI,PCG,0.5022513072921949,62,3.7187346854584607e-05,4,4,Internal
NI,PEG,0.7543423464442672,62,2.2283468926679705e-12,4,4,Internal
NI,PKG,0.4031055546726576,62,0.0012771133809274535,4,2,External
NI,PLD,0.4602119635655853,62,0.0001901803722296723,4,4,Internal
NI,PNW,0.7635107324375716,62,8.365526270745775e-13,4,4,Internal
NI,PPL,0.7872317521833584,62,5.3320063615529656e-14,4,4,Internal
NI,PSA,0.4818646765341655,62,8.426091964964452e-05,4,4,Internal
NI,REG,0.4015456497657905,62,0.0013392128742667844,4,4,Internal
NI,SBAC,0.4921203600883883,62,5.619999195182454e-05,4,4,Internal
NI,SO,0.6676348629526623,62,4.181329827564881e-09,4,4,Internal
NI,SRE,0.769815217695731,62,4.155785658324758e-13,4,4,Internal
NI,UDR,0.5347373809281746,62,9.022820761654124e-06,4,4,Internal
NI,VICI,0.44799507726173937,62,0.00029409306038197513,4,4,Internal
NI,VZ,0.42113472164680643,62,0.0007254239188522525,4,6,External
NI,WEC,0.7961924115969199,62,1.7180817961817864e-14,4,4,Internal
NI,WELL,0.47909030692789184,62,9.381142495986909e-05,4,4,Internal
NI,XEL,0.7087911055199553,62,1.6433190637136216e-10,4,4,Internal
NKE,POOL,0.4578410592791762,62,0.00020723556630910974,5,5,Internal
NKE,UHS,0.41570920291735747,62,0.0008628733887759444,5,0,External
NOC,PGR,0.4297095031828975,62,0.0005481624488123928,2,2,Internal
NOC,RTX,0.693830244692675,62,5.670246043891823e-10,2,2,Internal
NOC,SLB,0.4250763414999377,62,0.0006383437182214719,2,2,Internal
NOC,SNPS,-0.4008807616033736,62,0.001366496879716144,2,1,External
NOC,SO,0.41051633506210317,62,0.00101602668699948,2,4,External
NOC,SRE,0.45475369462881293,62,0.00023154129332497389,2,4,External
NOC,USB,0.40700769230537187,62,0.001132954257280901,2,2,Internal
NOC,XOM,0.4443994231392755,62,0.00033332321417530727,2,2,Internal
NOW,NVDA,0.40750867729029344,62,0.001115549211665494,1,1,Internal
NOW,OTIS,-0.45225664529776255,62,0.00025307582548145984,1,5,External
NOW,PCAR,-0.4394610104033525,62,0.0003949873456480515,1,5,External
NOW,PEG,-0.43485050838145295,62,0.00046174837778028736,1,4,External
NOW,PPL,-0.42703367556341426,62,0.0005987221576512577,1,4,External
NOW,ROK,-0.42002402404187855,62,0.0007518317653403104,1,5,External
NOW,SNPS,0.47848925042122425,62,9.600751695020833e-05,1,1,Internal
NOW,WAB,-0.5370753793972506,62,8.10196362418229e-06,1,5,External
NOW,XYL,-0.43796462310018935,62,0.0004156241692213399,1,5,External
NRG,NWS,0.4283463198313907,62,0.0005734141889339782,2,2,Internal
NRG,NWSA,0.4098990422967926,62,0.0010357742799215542,2,2,Internal
NRG,PSKY,0.45354090687749626,62,0.00024178191320679314,2,2,Internal
NRG,SBAC,0.4501465282402607,62,0.0002726829829305137,2,4,External
NRG,VLO,0.4327722230725825,62,0.0004950688229555199,2,2,Internal
NSC,ODFL,0.4211110478755614,62,0.00072597791504258,5,5,Internal
NSC,PCAR,0.4063334365520851,62,0.0011567649774962244,5,5,Internal
NSC,PKG,0.4992258751675757,62,4.212561312198314e-05,5,2,External
NSC,RJF,0.4026031622362144,62,0.0012968248193021457,5,2,External
NSC,TDY,0.5231013773639644,62,1.5237839168804723e-05,5,5,Internal
NSC,TXT,0.4016008879119573,62,0.0013369683278466275,5,5,Internal
NSC,UDR,0.4282828605169983,62,0.0005746150128235619,5,4,External
NSC,UNP,0.7645418741002872,62,7.472115043341121e-13,5,5,Internal
NSC,UPS,0.4401978628352513,62,0.0003851719489440369,5,0,External
NSC,WAB,0.5181670842823315,62,1.892028581047475e-05,5,5,Internal
NSC,WMB,0.42582667968814664,62,0.0006228824094851341,5,2,External
NSC,WTW,0.4063243540803251,62,0.0011570887687467498,5,0,External
NSC,ZBRA,0.41450573383453115,62,0.0008963812296838539,5,2,External
NTAP,ON,0.4579698410043926,62,0.00020627438377425895,1,1,Internal
NTAP,ROST,-0.4205605057305585,62,0.00073896975043983,1,9,External
NTAP,STX,0.41948117853798883,62,0.0007650521345805931,1,1,Internal
NTAP,TRMB,0.4087576361337169,62,0.0010732020976418168,1,5,External
NTRS,OXY,0.42044301112805754,62,0.0007417695060601463,2,2,Internal
NTRS,PEP,-0.54409390663791,62,5.83614952503627e-06,2,6,External
NTRS,PFG,0.5695698304900221,62,1.663483414758694e-06,2,2,Internal
NTRS,PKG,0.6139898748780794,62,1.4228752682726604e-07,2,2,Internal
NTRS,PRU,0.5133347787166794,62,2.3312216207875743e-05,2,2,Internal
NTRS,PSX,0.4787829151791416,62,9.492870872467576e-05,2,2,Internal
NTRS,RF,0.5016398992176282,62,3.8139921725238223e-05,2,2,Internal
NTRS,RJF,0.530881278902293,62,1.0757085136659137e-05,2,2,Internal
NTRS,RVTY,0.42714278971136815,62,0.0005965804689892743,2,0,External
NTRS,SLB,0.4501984420514096,62,0.00027218441586015867,2,2,Internal
NTRS,STT,0.6229489666529522,62,8.268345930098897e-08,2,2,Internal
NTRS,SYF,0.4398885275393127,62,0.00038926515122053774,2,2,Internal
NTRS,TFC,0.4504958239834817,62,0.00026934443735038315,2,2,Internal
NTRS,TPL,0.5387479522227542,62,7.497729703155643e-06,2,2,Internal
NTRS,TRGP,0.42997681052951087,62,0.0005433307927234253,2,2,Internal
NTRS,TROW,0.4660202078011441,62,0.00015368582564598396,2,2,Internal
NTRS,UPS,0.6488594425749498,62,1.555326810175286e-08,2,0,External
NTRS,USB,0.4376369924185996,62,0.0004202714289448104,2,2,Internal
NUE,NVR,0.45084012043330546,62,0.00026609023652503867,5,5,Internal
NUE,OTIS,0.5101190934137042,62,2.6739470070038222e-05,5,5,Internal
NUE,PCAR,0.4567951738927528,62,0.00021519478493311114,5,5,Internal
NUE,PH,0.5521296969484676,62,3.972112374757736e-06,5,5,Internal
NUE,PKG,0.4291825647802609,62,0.0005578013567154909,5,2,External
NUE,PNR,0.42784382826953093,62,0.0005829853721124628,5,5,Internal
NUE,PPG,0.43267018809084024,62,0.0004967595946214659,5,2,External
NUE,RL,0.4270657400885392,62,0.0005980920742070923,5,5,Internal
NUE,ROK,0.47608331087834577,62,0.0001052799222357089,5,5,Internal
NUE,SNA,0.7066101461073383,62,1.9779261804047014e-10,5,5,Internal
NUE,SWK,0.45293402959235307,62,0.00024706016495970986,5,5,Internal
NUE,TDY,0.40049678976953407,62,0.0013824798586651366,5,5,Internal
NUE,TEL,0.5765274612953453,62,1.1590016907770825e-06,5,5,Internal
NUE,TT,0.40091013616950594,62,0.0013652810152275754,5,5,Internal
NUE,TXT,0.5231211092903444,62,1.522455196536106e-05,5,5,Internal
NUE,URI,0.6035505516054396,62,2.6228507746633736e-07,5,5,Internal
NUE,VLO,0.41372659429158803,62,0.0009186965024549549,5,2,External
NUE,WAB,0.676265983821681,62,2.213831167934668e-09,5,5,Internal
NVDA,ORCL,0.4059260796038883,62,0.0011713677906029837,1,1,Internal
NVDA,PEG,-0.42357241571032017,62,0.0006703847219315177,1,4,External
NVDA,PODD,-0.503373713407102,62,3.549566417208624e-05,1,0,External
NVDA,PPL,-0.43857964007336236,62,0.0004070265266382648,1,4,External
NVDA,REG,-0.4247569005401821,62,0.0006450309380167171,1,4,External
NVDA,SNPS,0.7068742097039045,62,1.9342100518426973e-10,1,1,Internal
NVDA,VZ,-0.41041490440857453,62,0.0010192480307454497,1,6,External
NVR,PHM,0.6101915840093737,62,1.7820318369239668e-07,5,5,Internal
NVR,ROP,0.4361302170020422,62,0.00044225874946026816,5,6,External
NWS,NWSA,0.9951246285412845,62,4.592718974322248e-61,2,2,Internal
NWS,RF,0.4423727308994483,62,0.00035748182029372784,2,2,Internal
NWS,TFC,0.42459080406272204,62,0.0006485330446453857,2,2,Internal
NWS,USB,0.4154473338312285,62,0.0008700666858220116,2,2,Internal
NWSA,RF,0.44540160518273336,62,0.0003219354426478653,2,2,Internal
NWSA,TFC,0.42980039084230637,62,0.000546515271734895,2,2,Internal
NWSA,TPL,0.4119313700638459,62,0.0009720337714570021,2,2,Internal
NWSA,USB,0.4270286924131511,62,0.0005988201329781756,2,2,Internal
NXPI,ON,0.6728729810885087,62,2.8497325509601807e-09,1,1,Internal
NXPI,QCOM,0.555475051254567,62,3.3741650699389424e-06,1,1,Internal
NXPI,SWKS,0.713734408056108,62,1.0728715131395873e-10,1,1,Internal
NXPI,TEL,0.5759021784608971,62,1.1976661310037818e-06,1,5,External
NXPI,TER,0.7073135634983738,62,1.8635037149028794e-10,1,1,Internal
NXPI,TRMB,0.42263690856980757,62,0.00069104330031339,1,5,External
NXPI,TXN,0.6563046524220463,62,9.340404563293661e-09,1,1,Internal
NXPI,TXT,0.48311338442305146,62,8.02616144615436e-05,1,5,External
NXPI,URI,0.5069592144308227,62,3.05566796100171e-05,1,5,External
NXPI,VRTX,-0.4860523472008649,62,7.152870834893178e-05,1,6,External
NXPI,WDC,0.4136092345200141,62,0.0009221009027006147,1,1,Internal
O,PEG,0.45227756563504623,62,0.00025288805325701636,4,4,Internal
O,PLD,0.6087969609188983,62,1.9341262915556649e-07,4,4,Internal
O,PNW,0.5450026756139167,62,5.590421123936495e-06,4,4,Internal
O,PPL,0.5617166323543402,62,2.476817040106272e-06,4,4,Internal
O,PSA,0.510508921326088,62,2.6300461196469485e-05,4,4,Internal
O,REG,0.720585847169477,62,5.853311408170529e-11,4,4,Internal
O,SBAC,0.4446680888379186,62,0.0003302348944050264,4,4,Internal
O,SO,0.44168662061091607,62,0.0003660149499767637,4,4,Internal
O,SPG,0.6768368527945566,62,2.1210582572113275e-09,4,4,Internal
O,SRE,0.55848677445274,62,2.908818987125705e-06,4,4,Internal
O,UDR,0.7198091977042368,62,6.275083350104947e-11,4,4,Internal
O,VICI,0.7605638942473687,62,1.1516316340587523e-12,4,4,Internal
O,VTR,0.5992232792433556,62,3.358236632617546e-07,4,4,Internal
O,WBD,0.413423645039202,62,0.0009275077719444847,4,4,Internal
O,WEC,0.5408792830057806,62,6.7885204303201065e-06,4,4,Internal
O,WELL,0.5706823779374194,62,1.570960888704435e-06,4,4,Internal
O,XEL,0.4459255647771185,62,0.00031612396295664224,4,4,Internal
ODFL,PWR,0.41407364843245087,62,0.0009086953496864112,5,5,Internal
ODFL,TXN,0.4980590949878624,62,4.418693512229729e-05,5,1,External
ODFL,UNP,0.46668899643051664,62,0.00014992451835917694,5,5,Internal
ODFL,UPS,0.4156813352516431,62,0.000863636325032927,5,0,External
ODFL,WAB,0.466847248115866,62,0.00014904694100208158,5,5,Internal
OKE,OXY,0.4024194405700244,62,0.001304101185375788,2,2,Internal
OKE,PEG,0.41350793626073806,62,0.0009250485378835915,2,4,External
OKE,PKG,0.4425904275625572,62,0.00035481244818099766,2,2,Internal
OKE,SRE,0.46318793739947295,62,0.0001705931894124639,2,4,External
OKE,TPL,0.42176452748953747,62,0.0007108254055832224,2,2,Internal
OKE,TRGP,0.48282381603864727,62,8.117314613998006e-05,2,2,Internal
OKE,WMB,0.5661027433133159,62,1.985588796471583e-06,2,2,Internal
OKE,XOM,0.5617508493909916,62,2.472579618082812e-06,2,2,Internal
ON,SWKS,0.5076644109965454,62,2.9663490782359137e-05,1,1,Internal
ON,TER,0.6193731769922898,62,1.0289595353949872e-07,1,1,Internal
ON,TXN,0.4041026698586128,62,0.0012387874776997254,1,1,Internal
ORCL,RF,-0.4041670062770987,62,0.0012363504979468532,1,2,External
ORCL,SNPS,0.40331459874002196,62,0.0012689911877000856,1,1,Internal
ORLY,SYF,-0.43123565407654707,62,0.0005210922552388294,6,2,External
OTIS,PCAR,0.5587426413190691,62,2.8721831421828412e-06,5,5,Internal
OTIS,PFG,0.41748807045791875,62,0.0008154144978128959,5,2,External
OTIS,PH,0.695981111690832,62,4.767377822855812e-10,5,5,Internal
OTIS,PNR,0.7238111615671124,62,4.373432561701904e-11,5,5,Internal
OTIS,ROK,0.6166167583598468,62,1.21564364624099e-07,5,5,Internal
OTIS,RTX,0.4212328548458835,62,0.0007231315549854705,5,2,External
OTIS,SNA,0.5756420646191032,62,1.214103478585287e-06,5,5,Internal
OTIS,SWK,0.5830782433772707,62,8.184341430392697e-07,5,5,Internal
OTIS,TDY,0.4622642745012622,62,0.00017646510085622246,5,5,Internal
OTIS,TEL,0.43279830938980307,62,0.0004946373991564753,5,5,Internal
OTIS,TT,0.7360724770825089,62,1.3898601043231999e-11,5,5,Internal
OTIS,TXT,0.47479990957639795,62,0.00011055615091525663,5,5,Internal
OTIS,VMC,0.41072937585150066,62,0.0010092905774046915,5,7,External
OTIS,VTR,0.533708226334773,62,9.458270753002036e-06,5,4,External
OTIS,WAB,0.6218143729582281,62,8.865124599637278e-08,5,5,Internal
OTIS,XYL,0.444849360097436,62,0.00032816593546011275,5,5,Internal
OXY,PCAR,0.40415157114051503,62,0.0012369347672873848,2,5,External
OXY,PPG,0.47726794448872467,62,0.00010061616070897175,2,2,Internal
OXY,RTX,0.46361761616798636,62,0.00016792311323413512,2,2,Internal
OXY,SLB,0.5459324454278889,62,5.349021926007125e-06,2,2,Internal
OXY,TPL,0.5867463394745728,62,6.713099043900095e-07,2,2,Internal
OXY,TPR,0.4153438522990674,62,0.0008729241233692544,2,5,External
OXY,TRGP,0.6560287841204728,62,9.520961564620846e-09,2,2,Internal
OXY,TSN,0.487603849094678,62,6.728002862477213e-05,2,2,Internal
OXY,WMB,0.551764524978024,62,4.04305456510711e-06,2,2,Internal
OXY,XOM,0.6565616113827644,62,9.175142824872928e-09,2,2,Internal
PANW,PPG,-0.41618718287435963,62,0.0008498820900874638,0,2,External
PANW,TXT,-0.4975323913904014,62,4.514763712363228e-05,0,5,External
PANW,VTR,-0.41560098921555416,62,0.0008658393794573923,0,4,External
PAYX,PEG,0.4835841334939909,62,7.879983633068327e-05,4,4,Internal
PAYX,SO,0.4121769766558893,62,0.0009645754031288218,4,4,Internal
PAYX,SRE,0.44937610662327127,62,0.0002801805726632225,4,4,Internal
PAYX,TRMB,0.4197009800337484,62,0.0007596740030557142,4,5,External
PCAR,PFG,0.5429946287191203,62,6.146840378122e-06,5,2,External
PCAR,PH,0.6984227149657138,62,3.908205057375925e-10,5,5,Internal
PCAR,PRU,0.5137081935957246,62,2.2941782547091613e-05,5,2,External
PCAR,PWR,0.44655977831319826,62,0.00030921764208709365,5,5,Internal
PCAR,RF,0.4075132236975834,62,0.001115392370734752,5,2,External
PCAR,RJF,0.4267892921369245,62,0.0006035442173984375,5,2,External
PCAR,ROK,0.6117695189913402,62,1.6235421186397374e-07,5,5,Internal
PCAR,RTX,0.5206977210562636,62,1.693943042257127e-05,5,2,External
PCAR,SCHW,0.41448703194709585,62,0.0008969110845666965,5,2,External
PCAR,SLB,0.4970289877238312,62,4.608383742148138e-05,5,2,External
PCAR,SNA,0.4989823848824212,62,4.254829889872047e-05,5,5,Internal
PCAR,SWK,0.45473932391575,62,0.0002316602801647421,5,5,Internal
PCAR,TEL,0.4533364633936831,62,0.00024354841731504697,5,5,Internal
PCAR,TRGP,0.45448385066418445,62,0.000233784901566706,5,2,External
PCAR,TT,0.5479075529025329,62,4.8681117706943275e-06,5,5,Internal
PCAR,TXT,0.5411305262515599,62,6.7091669097347005e-06,5,5,Internal
PCAR,URI,0.689114054494376,62,8.250863126811067e-10,5,5,Internal
PCAR,VTR,0.47056136309307434,62,0.0001297557401537426,5,4,External
PCAR,WAB,0.708648096912887,62,1.6634971128298394e-10,5,5,Internal
PCAR,WFC,0.42942992983899964,62,0.0005532574975929607,5,2,External
PCAR,WMB,0.4720587557084571,62,0.0001226484344015986,5,2,External
PCG,PEG,0.5472369979458883,62,5.026666627784456e-06,4,4,Internal
PCG,PNW,0.5188237093243321,62,1.838664152213077e-05,4,4,Internal
PCG,PPL,0.5840541106011133,62,7.765884710745399e-07,4,4,Internal
PCG,SJM,0.4024779386540263,62,0.0013017803739495569,4,4,Internal
PCG,SO,0.499015178049996,62,4.249114431257169e-05,4,4,Internal
PCG,SRE,0.431379549095485,62,0.000518603578913628,4,4,Internal
PCG,WEC,0.6008460780774504,62,3.0622704476037865e-07,4,4,Internal
PCG,XEL,0.5187335833251573,62,1.8459051491643798e-05,4,4,Internal
PEG,PKG,0.42252679239631297,62,0.0006935125015572904,4,2,External
PEG,PNW,0.6884895424293721,62,8.666441743385891e-10,4,4,Internal
PEG,PPL,0.8566416266137342,62,1.3221698496503634e-18,4,4,Internal
PEG,REG,0.4006606163900473,62,0.001375640083947132,4,4,Internal
PEG,ROL,0.42457300620852373,62,0.0006489093282713883,4,6,External
PEG,SJM,0.46030247351864895,62,0.00018955551004664858,4,4,Internal
PEG,SO,0.6469526639677944,62,1.768346918660579e-08,4,4,Internal
PEG,SRE,0.6678392555140101,62,4.119831306975148e-09,4,4,Internal
PEG,UDR,0.48058281129424535,62,8.855652313808656e-05,4,4,Internal
PEG,WAB,0.468638924710081,62,0.00013943457730372245,4,5,External
PEG,WEC,0.7781864594242618,62,1.5850559009776278e-13,4,4,Internal
PEG,WELL,0.42399528040889717,62,0.0006612315779681389,4,4,Internal
PEG,XEL,0.6153890690538371,62,1.308677947201208e-07,4,4,Internal
PEG,XYL,0.41277523335024013,62,0.000946623627394741,4,5,External
PEP,PG,0.5726852131796731,62,1.4164265467192846e-06,6,6,Internal
PEP,RF,-0.4423853040100616,62,0.0003573271538826181,6,2,External
PEP,SJM,0.623523946652668,62,7.98057864983696e-08,6,4,External
PEP,SWKS,-0.4268394157640442,62,0.0006025523409874605,6,1,External
PEP,SYF,-0.42375839976271784,62,0.0006663449506529452,6,2,External
PEP,UPS,-0.43548173510077537,62,0.00045203947214558587,6,0,External
PEP,VRTX,0.4243156591363865,62,0.0006543723300845935,6,6,Internal
PEP,WM,0.45078833335549073,62,0.00026657740958471255,6,6,Internal
PEP,YUM,0.43434291132275765,62,0.00046969278509321815,6,6,Internal
PFG,PGR,0.4122321628374567,62,0.0009629066768002427,2,2,Internal
PFG,PH,0.5021403935865975,62,3.735850041767875e-05,2,5,External
PFG,PKG,0.47234879557911164,62,0.00012131380662794527,2,2,Internal
PFG,PNC,0.5962929381198306,62,3.9619127290526774e-07,2,2,Internal
PFG,PRU,0.8191706762014405,62,7.137932150518415e-16,2,2,Internal
PFG,PSX,0.5405142300616795,62,6.905379223209715e-06,2,2,Internal
PFG,RF,0.695068792555646,62,5.132257517133429e-10,2,2,Internal
PFG,RJF,0.6053354818259227,62,2.3661031171098552e-07,2,2,Internal
PFG,SCHW,0.4542229546194281,62,0.0002359729884978181,2,2,Internal
PFG,SLB,0.5595082914867154,62,2.765113668547333e-06,2,2,Internal
PFG,SPG,0.4087291119361705,62,0.0010741528441139462,2,4,External
PFG,SWK,0.5138940656709536,62,2.2759434995268803e-05,2,5,External
PFG,SYF,0.4881829236427114,62,6.575479845102456e-05,2,2,Internal
PFG,TFC,0.5701663594110433,62,1.6132585640375328e-06,2,2,Internal
PFG,TRGP,0.4633573084500738,62,0.00016953608715160418,2,2,Internal
PFG,TRMB,0.4255039781188028,62,0.0006294898491122899,2,5,External
PFG,TROW,0.48196704925256517,62,8.392627038355773e-05,2,2,Internal
PFG,TXT,0.5025401543096382,62,3.674501691758735e-05,2,5,External
PFG,URI,0.50306031364078,62,3.5960710571872394e-05,2,5,External
PFG,USB,0.6086228816323318,62,1.953946445048598e-07,2,2,Internal
PFG,VLO,0.5103228404956431,62,2.650917857205563e-05,2,2,Internal
PFG,VTR,0.47564741859705745,62,0.00010704540114163838,2,4,External
PFG,WAB,0.5346715874558913,62,9.05009089710716e-06,2,5,External
PFG,WFC,0.6043138067182083,62,2.5100120903030996e-07,2,2,Internal
PG,SJM,0.42550463950470396,62,0.0006294762422748605,6,4,External
PG,TFC,-0.4057133998175971,62,0.0011790576183014993,6,2,External
PG,VRTX,0.40731257175909297,62,0.0011223333514866311,6,6,Internal
PGR,PRU,0.4525304296656215,62,0.00025062849443359744,2,2,Internal
PGR,PSA,0.4177546992842747,62,0.0008085080344126468,2,4,External
PGR,RF,0.41285396844562633,62,0.0009442836244637029,2,2,Internal
PGR,SLB,0.4221117601621722,62,0.0007028909678227267,2,2,Internal
PGR,USB,0.4462715087034892,62,0.0003123395374491638,2,2,Internal
PH,PNR,0.5684953504878696,62,1.7576606856259897e-06,5,5,Internal
PH,PRU,0.43267412829495433,62,0.0004966942062053022,5,2,External
PH,PWR,0.42103170832602477,62,0.0007278373533862882,5,5,Internal
PH,ROK,0.7434928282866368,62,6.731952017265327e-12,5,5,Internal
PH,RTX,0.47043501826960366,62,0.00013037239771387222,5,2,External
PH,SCHW,0.440931515903565,62,0.00037562025621391723,5,2,External
PH,SLB,0.4777062142301888,62,9.893943505877065e-05,5,2,External
PH,SNA,0.4855333816632215,62,7.300413194569877e-05,5,5,Internal
PH,SWK,0.51956419443577,62,1.7801613290778575e-05,5,5,Internal
PH,TDG,0.4591539146842734,62,0.00019762610308391695,5,5,Internal
PH,TDY,0.4276773641766069,62,0.0005861878910593493,5,5,Internal
PH,TEL,0.5737090309099269,62,1.3430446309211672e-06,5,5,Internal
PH,TRMB,0.4243312970060203,62,0.0006540391820028349,5,5,Internal
PH,TT,0.5635136814044653,62,2.2632155275427866e-06,5,5,Internal
PH,TXT,0.5813909187304095,62,8.958163650649949e-07,5,5,Internal
PH,UNP,0.4174169362017865,62,0.0008172660700946288,5,5,Internal
PH,URI,0.6545651731415351,62,1.0535472740949148e-08,5,5,Internal
PH,VTR,0.4073901276589027,62,0.0011196459280651985,5,4,External
PH,WAB,0.6413715185971113,62,2.561658580867758e-08,5,5,Internal
PH,WFC,0.41227923663925603,62,0.0009614853123316707,5,2,External
PKG,PRU,0.4223196603497779,62,0.0006981788014277802,2,2,Internal
PKG,PSX,0.4030027692740715,62,0.001281124119700786,2,2,Internal
PKG,SLB,0.42210639526064436,62,0.0007030129462253946,2,2,Internal
PKG,TPL,0.5020373411361536,62,3.7518175529575604e-05,2,2,Internal
PKG,TRGP,0.43822396282442083,62,0.0004119787794395307,2,2,Internal
PKG,UNP,0.4436049007618365,62,0.0003426109353625847,2,5,External
PKG,UPS,0.6611051317370233,62,6.6725415457568785e-09,2,0,External
PKG,WMB,0.4028234371125144,62,0.0012881488780086697,2,2,Internal
PLD,PSA,0.42296704610120783,62,0.0006836880539265011,4,4,Internal
PLD,REG,0.5567857214574441,62,3.1637049505579968e-06,4,4,Internal
PLD,SPG,0.5944923407643782,62,4.3819450050089553e-07,4,4,Internal
PLD,UDR,0.541354137057205,62,6.63926856867031e-06,4,4,Internal
PLD,VICI,0.45385340405983815,62,0.0002391043811324434,4,4,Internal
PLD,VTR,0.5255899501879774,62,1.3644396642644615e-05,4,4,Internal
PLD,WELL,0.43019329832664993,62,0.0005394460740033244,4,4,Internal
PM,RTX,0.4417891803309455,62,0.0003647277381393598,2,2,Internal
PM,SNPS,-0.5085209905886077,62,2.8611082294404694e-05,2,1,External
PM,T,0.5374758310711389,62,7.953303755760443e-06,2,6,External
PM,TRGP,0.4531347280345298,62,0.0002453030736269657,2,2,Internal
PM,USB,0.44650123732585056,62,0.00030984931555370687,2,2,Internal
PM,XOM,0.45434096963632475,62,0.00023498091044621647,2,2,Internal
PNC,PRU,0.6199144465549113,62,9.956291047465696e-08,2,2,Internal
PNC,RF,0.7055892985669318,62,2.155929270263537e-10,2,2,Internal
PNC,RJF,0.42608463355814646,62,0.0006176459761273449,2,2,Internal
PNC,ROP,-0.4890202808366663,62,6.360557929872758e-05,2,6,External
PNC,SYF,0.5144076903092493,62,2.226251084956247e-05,2,2,Internal
PNC,TFC,0.6866902604019081,62,9.97774348244953e-10,2,2,Internal
PNC,USB,0.6849753860128966,62,1.1401149106793312e-09,2,2,Internal
PNC,VRTX,-0.4058220219923796,62,0.0011751245258322073,2,6,External
PNC,WFC,0.46827269510955655,62,0.00014135187375438615,2,2,Internal
PNR,PTC,-0.4517429136305408,62,0.0002577270182073939,5,0,External
PNR,ROK,0.5569890475862613,62,3.1321764702800827e-06,5,5,Internal
PNR,ROL,0.42825748934227265,62,0.0005750957427499779,5,6,External
PNR,ROP,0.4670811285653137,62,0.0001477585905293326,5,6,External
PNR,SNA,0.4926826735248681,62,5.4945168980347716e-05,5,5,Internal
PNR,SWK,0.62600772742077,62,6.842555812341207e-08,5,5,Internal
PNR,TDY,0.4121633406937821,62,0.0009649881307200695,5,5,Internal
PNR,TT,0.5147292584389667,62,2.1956537904937543e-05,5,5,Internal
PNR,VTR,0.5173346670358878,62,1.9617451446635847e-05,5,4,External
PNR,WAB,0.4961512360847669,62,4.7759231538997354e-05,5,5,Internal
PNR,WTW,-0.4291258116135569,62,0.0005588486211977404,5,0,External
PNW,PPL,0.7503935922217005,62,3.35403874281135e-12,4,4,Internal
PNW,REG,0.40225983912149865,62,0.001310452029276236,4,4,Internal
PNW,SJM,0.4779240343188346,62,9.811569515072166e-05,4,4,Internal
PNW,SO,0.6329004022348275,62,4.432896643158671e-08,4,4,Internal
PNW,SRE,0.7054219759428256,62,2.1865202089238035e-10,4,4,Internal
PNW,UDR,0.43452736963430616,62,0.00046679157176085257,4,4,Internal
PNW,WEC,0.7987061613210408,62,1.2378230910308604e-14,4,4,Internal
PNW,XEL,0.7224073825126087,62,4.967426887724601e-11,4,4,Internal
PODD,SNPS,-0.5177839622326312,62,1.9238252823055356e-05,0,1,External
PODD,ZTS,0.516994945324153,62,1.990876128569419e-05,0,0,Internal
POOL,SWK,0.5115358907222819,62,2.5175683528326166e-05,5,5,Internal
POOL,TXT,0.4035935602103119,62,0.0012582247863033085,5,5,Internal
POOL,VTR,0.45137571652168124,62,0.0002610992260639803,5,4,External
POOL,WAB,0.401070162613861,62,0.0013586742968828185,5,5,Internal
PPG,PRU,0.40232422289196607,62,0.0013078867392267751,2,2,Internal
PPG,RTX,0.5083459851645116,62,2.882324505486371e-05,2,2,Internal
PPG,SHW,0.4082425879038063,62,0.0010904865793574816,2,5,External
PPG,SLB,0.4885191080397146,62,6.488400677827718e-05,2,2,Internal
PPG,TEL,0.4469719126950721,62,0.00030480373027078756,2,5,External
PPG,TPL,0.5323127073535509,62,1.0080012039479123e-05,2,2,Internal
PPG,TRGP,0.4828434781918832,62,8.111095138202352e-05,2,2,Internal
PPG,TXT,0.5596906349394662,62,2.7401703963391946e-06,2,5,External
PPG,WAB,0.5088673932915015,62,2.8195388002328593e-05,2,5,External
PPG,XOM,0.47945757320335586,62,9.249237740811711e-05,2,2,Internal
PPL,REG,0.45459888428448,62,0.0002328260398189582,4,4,Internal
PPL,ROL,0.4127405061541199,62,0.0009476573796442031,4,6,External
PPL,SBAC,0.45912257470208573,62,0.00019785066289530702,4,4,Internal
PPL,SJM,0.5581808641557701,62,2.953193199714447e-06,4,4,Internal
PPL,SNPS,-0.4596198181321687,62,0.00019431516565337272,4,1,External
PPL,SO,0.7069512980548115,62,1.9216222387736042e-10,4,4,Internal
PPL,SPG,0.4272001409416914,62,0.0005954575680640675,4,4,Internal
PPL,SRE,0.7202051520951894,62,6.05656408888907e-11,4,4,Internal
PPL,UDR,0.46020455094802876,62,0.00019023163086836852,4,4,Internal
PPL,VICI,0.4369645372863659,62,0.0004299582133401069,4,4,Internal
PPL,VTR,0.45680085685128075,62,0.00021515079229032102,4,4,Internal
PPL,WEC,0.8377456470031773,62,3.85298972053464e-17,4,4,Internal
PPL,WELL,0.48331347273330083,62,7.963727289014364e-05,4,4,Internal
PPL,XEL,0.7107369570094207,62,1.3908790277391866e-10,4,4,Internal
PPL,XYL,0.42569338907705484,62,0.00062560392935571,4,5,External
PRU,PSX,0.4926818180415247,62,5.49470582293255e-05,2,2,Internal
PRU,RF,0.6604423017912141,62,6.992254552549886e-09,2,2,Internal
PRU,RJF,0.6060629291251638,62,2.268408272581445e-07,2,2,Internal
PRU,SCHW,0.4760253391634466,62,0.00010551316988704084,2,2,Internal
PRU,SLB,0.47507607546253705,62,0.00010940069956556703,2,2,Internal
PRU,SPG,0.5122375774383942,62,2.4432975443304393e-05,2,4,External
PRU,SWK,0.44052455791574974,62,0.00038089161036925124,2,5,External
PRU,SYF,0.5317889438620905,62,1.0323018205637985e-05,2,2,Internal
PRU,TFC,0.6332095592841843,62,4.346327649200052e-08,2,2,Internal
PRU,TRGP,0.46560535592900837,62,0.00015606225062869732,2,2,Internal
PRU,TXT,0.5370252819598071,62,8.120742289456923e-06,2,5,External
PRU,UDR,0.4190612831799694,62,0.0007754220086537466,2,4,External
PRU,URI,0.48060923217105705,62,8.846598826750478e-05,2,5,External
PRU,USB,0.5972023292163277,62,3.7644468977800576e-07,2,2,Internal
PRU,VRSN,-0.40532800199464875,62,0.0011931082383103684,2,10,External
PRU,VTR,0.44448647863332447,62,0.000332319638018687,2,4,External
PRU,VTRS,0.4181526084901511,62,0.0007982993280745654,2,4,External
PRU,WAB,0.4371905522449401,62,0.00042668002410517367,2,5,External
PRU,WFC,0.589872732676314,62,5.658900464223374e-07,2,2,Internal
PRU,WMB,0.4025296709400526,62,0.0012997310783669056,2,2,Internal
PRU,XOM,0.4381801053981627,62,0.0004125932072101389,2,2,Internal
PSA,SPG,0.42405201561030115,62,0.0006600121632909803,4,4,Internal
PSA,SRE,0.45549328519200216,62,0.0002254925102660945,4,4,Internal
PSA,VICI,0.4443400130516266,62,0.0003340096788541688,4,4,Internal
PSA,VTR,0.40092393400120097,62,0.0013647102345090332,4,4,Internal
PSA,WEC,0.40375121768026767,62,0.0012521764625562442,4,4,Internal
PSA,WMB,0.4233682468533399,62,0.0006748450141459511,4,2,External
PSA,ZBRA,0.4029555751468434,62,0.0012829694496627154,4,2,External
PSKY,QCOM,0.4974078926649923,62,4.53775230585007e-05,2,1,External
PSKY,TFC,0.40525527485331797,62,0.0011957765216970705,2,2,Internal
PSKY,VMC,-0.5253201583890194,62,1.3809343725355883e-05,2,7,External
PSKY,WFC,0.47426610724400214,62,0.0001128213706506887,2,2,Internal
PSX,RF,0.49212559934017,62,5.6188179341560304e-05,2,2,Internal
PSX,RJF,0.4289965658772919,62,0.0005612402486770934,2,2,Internal
PSX,SLB,0.6024466728698689,62,2.7945130082541183e-07,2,2,Internal
PSX,STT,0.45081869731575014,62,0.00026629167009134823,2,2,Internal
PSX,SYF,0.43636502345377415,62,0.00043876500182765454,2,2,Internal
PSX,TFC,0.44634214716628995,62,0.00031157189148074536,2,2,Internal
PSX,TPL,0.7301499398403485,62,2.436765828483894e-11,2,2,Internal
PSX,TRGP,0.6602800366501785,62,7.0727035159732634e-09,2,2,Internal
PSX,TROW,0.40680973065975085,62,0.0011398989043387923,2,2,Internal
PSX,TXT,0.41333299368706916,62,0.0009301591494174113,2,5,External
PSX,URI,0.4840202837658978,62,7.746741202939854e-05,2,5,External
PSX,USB,0.41900749208326676,62,0.0007767595947636719,2,2,Internal
PSX,VLO,0.7997941903426644,62,1.0725228389426217e-14,2,2,Internal
PSX,WAB,0.4364688759441546,62,0.00043722777246922795,2,5,External
PSX,WFC,0.46452369367238366,62,0.00016241770745823188,2,2,Internal
PSX,WMB,0.4366845977582754,62,0.00043405028818525106,2,2,Internal
PSX,XOM,0.6042602321172946,62,2.5177810425060846e-07,2,2,Internal
PTC,ZTS,0.43939298330855847,62,0.0003959048958950416,0,0,Internal
PWR,RL,0.42231016598577975,62,0.0006983933714374796,5,5,Internal
PWR,ROK,0.4536429049184585,62,0.00024090497880900312,5,5,Internal
PWR,TEL,0.4106356952242937,62,0.0010122476770836727,5,5,Internal
PWR,WAB,0.4413166524750358,62,0.0003706928202953698,5,5,Internal
PYPL,TDG,-0.5035482100356731,62,3.5239149615906374e-05,4,5,External
QCOM,SWKS,0.6067825380641527,62,2.1755096488701077e-07,1,1,Internal
QCOM,TER,0.5748933399551868,62,1.2626050602498166e-06,1,1,Internal
QCOM,TXN,0.44900124420863524,62,0.0002838962863860766,1,1,Internal
RCL,TSLA,0.40884066122087803,62,0.00107043908359988,7,7,Internal
RCL,VMC,0.535288221041217,62,8.797489641432359e-06,7,7,Internal
REG,RF,0.4579146212885245,62,0.00020668602417156357,4,2,External
REG,SBAC,0.4042162190579053,62,0.0012344892938693634,4,4,Internal
REG,SNPS,-0.4275209271859083,62,0.0005892120351351477,4,1,External
REG,SPG,0.7622754462915178,62,9.570363497355718e-13,4,4,Internal
REG,SRE,0.43372533070373337,62,0.00047952593610102055,4,4,Internal
REG,SWK,0.5096597071527735,62,2.7265520541056684e-05,4,5,External
REG,TEL,0.415337952359761,62,0.0008730872935907682,4,5,External
REG,TRMB,0.5189203980302769,62,1.8309251937492875e-05,4,5,External
REG,TXT,0.46330518320999836,62,0.0001698607774451056,4,5,External
REG,UDR,0.7296764841618573,62,2.5470146559409567e-11,4,4,Internal
REG,USB,0.48028840208133,62,8.95711417897135e-05,4,2,External
REG,VICI,0.6612641146965497,62,6.597941799920305e-09,4,4,Internal
REG,VTR,0.6861873942634388,62,1.037662954567779e-09,4,4,Internal
REG,WAB,0.4371278911483724,62,0.000427586594514424,4,5,External
REG,WBD,0.46255369912344124,62,0.0001746055541883897,4,4,Internal
REG,WELL,0.6384296103046844,62,3.1049777210130526e-08,4,4,Internal
REGN,VMC,-0.40422041582609486,62,0.001234330690776815,18,7,External
RF,RJF,0.5148629679940296,62,2.1830464129333835e-05,2,2,Internal
RF,SCHW,0.5308750460891614,62,1.0760123634607969e-05,2,2,Internal
RF,SLB,0.5587249927242363,62,2.8746962161484523e-06,2,2,Internal
RF,SPG,0.4507200318207435,62,0.00026722118334702435,2,4,External
RF,SYF,0.5740246962773295,62,1.3211475688709437e-06,2,2,Internal
RF,TFC,0.8282796888488483,62,1.7815274943279162e-16,2,2,Internal
RF,TPL,0.41927040257591974,62,0.0007702417455851099,2,2,Internal
RF,TRGP,0.5118653333716486,62,2.4824414656972978e-05,2,2,Internal
RF,TROW,0.4617418280855574,62,0.00017986779781029456,2,2,Internal
RF,UDR,0.4174862664618317,62,0.0008154614076090053,2,4,External
RF,URI,0.431144783148934,62,0.0005226694555223489,2,5,External
RF,USB,0.8431103174034932,62,1.547878797791197e-17,2,2,Internal
RF,VLO,0.4261225772315868,62,0.0006168790991776831,2,2,Internal
RF,WFC,0.6543992265186612,62,1.0656748305555145e-08,2,2,Internal
RF,XOM,0.4364523592531554,62,0.000437471925344276,2,2,Internal
RJF,RL,0.4024793082248706,62,0.001301726083079311,2,5,External
RJF,SCHW,0.6262529895120978,62,6.738895309447907e-08,2,2,Internal
RJF,SLB,0.402250213047757,62,0.0013108359564521113,2,2,Internal
RJF,SYF,0.46479681945864204,62,0.0001607909157489155,2,2,Internal
RJF,TFC,0.5134941569254723,62,2.3153437554073137e-05,2,2,Internal
RJF,TRGP,0.41157528290679185,62,0.0009829395176622739,2,2,Internal
RJF,TROW,0.4534113430958041,62,0.00024290005146254364,2,2,Internal
RJF,TXT,0.4841268105090125,62,7.714514447519354e-05,2,5,External
RJF,URI,0.6468143085190505,62,1.7848315498382778e-08,2,5,External
RJF,USB,0.40562799275446887,62,0.0011821584325713693,2,2,Internal
RJF,VLO,0.45286476484991084,62,0.0002476692335882012,2,2,Internal
RJF,VRTX,-0.46071051868274937,62,0.00018676171863016741,2,6,External
RJF,WFC,0.46452840627181075,62,0.0001623895108580597,2,2,Internal
RL,SCHW,0.4123233644815737,62,0.0009601546184213579,5,2,External
RL,TMUS,-0.4149725298437753,62,0.0008832473596509699,5,6,External
RL,TPR,0.49900522529776076,62,4.250848327239611e-05,5,5,Internal
RL,ULTA,0.4616314113094367,62,0.00018059459029216388,5,5,Internal
RL,URI,0.40644402743317193,62,0.001152828937063424,5,5,Internal
RL,WAB,0.4287790111747353,62,0.0005652869658799843,5,5,Internal
RMD,RSG,0.6179445741971272,62,1.1220523401454804e-07,6,6,Internal
RMD,WM,0.4371253760591439,62,0.00042762301895100924,6,6,Internal
ROK,SNA,0.5051921654211668,62,3.290527054065933e-05,5,5,Internal
ROK,SWK,0.5033662675079458,62,3.550664815610633e-05,5,5,Internal
ROK,TDY,0.4454390227992025,62,0.00032151721932763283,5,5,Internal
ROK,TEL,0.5072272317195682,62,3.0214321704646313e-05,5,5,Internal
ROK,TT,0.42840634274485195,62,0.0005722804861347275,5,5,Internal
ROK,TXT,0.4743275572055917,62,0.00011255844974649309,5,5,Internal
ROK,URI,0.48873479150574944,62,6.433095009617502e-05,5,5,Internal
ROK,WAB,0.6309380076275276,62,5.021522090965158e-08,5,5,Internal
ROL,ROP,0.45541624443362366,62,0.00022611578252950028,6,6,Internal
ROL,VRTX,0.49935795334546484,62,4.1897959110092754e-05,6,6,Internal
ROP,VRTX,0.4151763225666494,62,0.0008775680956052458,6,6,Internal
ROST,TJX,0.5041240093662837,62,3.4404822055792576e-05,9,9,Internal
RSG,WM,0.8405701410134103,62,2.3938122185052358e-17,6,6,Internal
RTX,SLB,0.5517832431943772,62,4.0393895997347146e-06,2,2,Internal
RTX,TDG,0.4442965815913335,62,0.0003345123305673547,2,5,External
RTX,TPL,0.40810242269108915,62,0.0010952335860837867,2,2,Internal
RTX,TRGP,0.41004743588556936,62,0.0010309957439644602,2,2,Internal
RTX,TT,0.4275951824731385,62,0.0005877748180451332,2,5,External
RTX,TXT,0.46345747910457213,62,0.00016891371578894328,2,5,External
RTX,WAB,0.4520031060499353,62,0.0002553616346838346,2,5,External
RTX,WFC,0.45697732052857326,62,0.0002137888464697199,2,2,Internal
RTX,XOM,0.44781851946684187,62,0.0002959164271040738,2,2,Internal
RVTY,TECH,0.5328148751970541,62,9.852031202995111e-06,0,0,Internal
RVTY,TMO,0.5887731119946736,62,6.010567953344018e-07,0,0,Internal
RVTY,UPS,0.4001598365580133,62,0.0013966438011457339,0,0,Internal
RVTY,WAT,0.6391215921917784,62,2.9681722124710995e-08,0,0,Internal
SBAC,SRE,0.4357185706177598,62,0.00044844483936473315,4,4,Internal
SBAC,VICI,0.5088140411893404,62,2.825904577801433e-05,4,4,Internal
SBAC,WEC,0.415610577882558,62,0.0008655761957915004,4,4,Internal
SBAC,WMB,0.4479582211194115,62,0.0002944728363932841,4,2,External
SBAC,XEL,0.4249536776335304,62,0.0006409041149552379,4,4,Internal
SBUX,TECH,-0.4204969790213361,62,0.0007404823264092861,6,0,External
SBUX,TT,0.44990841566244555,62,0.0002749804546524293,6,5,External
SBUX,VRSK,-0.5126360334324004,62,2.4020315104257893e-05,6,6,Internal
SBUX,YUM,0.5992724507145917,62,3.34888687101791e-07,6,6,Internal
SCHW,SPG,0.422167065005508,62,0.0007016346524408159,2,4,External
SCHW,TFC,0.5353628428660165,62,8.767370227766934e-06,2,2,Internal
SCHW,TPR,0.40912338123463693,62,0.0010610783783261304,2,5,External
SCHW,URI,0.40765519758904334,62,0.001110504570031206,2,5,External
SCHW,USB,0.5384996432982309,62,7.584699364995255e-06,2,2,Internal
SCHW,WFC,0.48390219954270114,62,7.782609203712293e-05,2,2,Internal
SJM,SO,0.4781898329746641,62,9.711905683843144e-05,4,4,Internal
SJM,WEC,0.5397536318930873,62,7.154902076399594e-06,4,4,Internal
SJM,XYL,0.458399882085628,62,0.0002030941782534107,4,5,External
SLB,SYF,0.4186186140383373,62,0.0007864917862531856,2,2,Internal
SLB,TFC,0.45566166313432344,62,0.0002241357695349256,2,2,Internal
SLB,TPL,0.6181620990741609,62,1.1073829943765416e-07,2,2,Internal
SLB,TRGP,0.7037290583407597,62,2.5201477634848867e-10,2,2,Internal
SLB,USB,0.5090721383473464,62,2.7952324130283258e-05,2,2,Internal
SLB,VLO,0.4734925278969557,62,0.00011617983470959234,2,2,Internal
SLB,WAB,0.43350633354975315,62,0.0004830574919209984,2,5,External
SLB,WMB,0.4451790852313666,62,0.0003244328491421087,2,2,Internal
SLB,WRB,0.43351955168909806,62,0.00048284366757799803,2,2,Internal
SLB,XOM,0.724935636116867,62,3.947065076984281e-11,2,2,Internal
SNA,SWK,0.5114906616179886,62,2.5224267028225104e-05,5,5,Internal
SNA,TDY,0.45154219150956,62,0.000259565417253455,5,5,Internal
SNA,TEL,0.4373225246226691,62,0.00042477638495292964,5,5,Internal
SNA,TT,0.45376679747591814,62,0.00023984371454368174,5,5,Internal
SNA,TXT,0.478529981797451,62,9.585721552524479e-05,5,5,Internal
SNA,URI,0.43291182795777633,62,0.0004927639663447508,5,5,Internal
SNA,WAB,0.5586314320739895,62,2.8880531483890535e-06,5,5,Internal
SNPS,TGT,-0.5069676035528397,62,3.0545909368997536e-05,1,22,External
SNPS,TTWO,0.4233361358217287,62,0.0006755489551699773,1,1,Internal
SO,SRE,0.7359669613705483,62,1.4040160753173139e-11,4,4,Internal
SO,WEC,0.7664716662654729,62,6.039133701751287e-13,4,4,Internal
SO,XEL,0.6439118052580591,62,2.1660475244191488e-08,4,4,Internal
SPG,TEL,0.5057999669518162,62,3.207922483899018e-05,4,5,External
SPG,TXT,0.47438969389673297,62,0.00011229316307994221,4,5,External
SPG,UDR,0.6909389035253926,62,7.142224468415867e-10,4,4,Internal
SPG,USB,0.4843379631626768,62,7.651000571871028e-05,4,2,External
SPG,VICI,0.6437497199314924,62,2.1894577940210574e-08,4,4,Internal
SPG,VTR,0.6137548820698774,62,1.4429516346576144e-07,4,4,Internal
SPG,WAB,0.41008322011527454,62,0.0010298464065537358,4,5,External
SPG,WELL,0.6035775052705579,62,2.61878600871407e-07,4,4,Internal
SRE,UDR,0.47598059228271367,62,0.00010569353245707964,4,4,Internal
SRE,UNP,0.4497066529444428,62,0.0002769410130205313,4,5,External
SRE,VICI,0.4697437378591295,62,0.00013379424642445816,4,4,Internal
SRE,VZ,0.42452613971668113,62,0.000649901129592628,4,6,External
SRE,WBD,0.4101463881051565,62,0.0010278203612617335,4,4,Internal
SRE,WEC,0.7301951349339925,62,2.4264827995258537e-11,4,4,Internal
SRE,WMB,0.4323885915647996,62,0.000501453036652245,4,2,External
SRE,XEL,0.6304261355835191,62,5.186771256041446e-08,4,4,Internal
STT,TPL,0.40735339275338506,62,0.0011209181220971207,2,2,Internal
STX,WDC,0.6336843692653721,62,4.216474446925635e-08,1,1,Internal
SWK,TDY,0.44504008687886076,62,0.00032600181685683887,5,5,Internal
SWK,TRMB,0.6139216030884267,62,1.4286807199013543e-07,5,5,Internal
SWK,TROW,0.41401618058164086,62,0.0009103445962472711,5,2,External
SWK,TXT,0.5782405568303461,62,1.0589778331554211e-06,5,5,Internal
SWK,VTR,0.5436286415228594,62,5.965817329417711e-06,5,4,External
SWK,WAB,0.5589094762178698,62,2.8485278757367466e-06,5,5,Internal
SWKS,TER,0.6112731357727145,62,1.6719090179528645e-07,1,1,Internal
SWKS,TRMB,0.47651066495223926,62,0.00010357504380656853,1,5,External
SWKS,TXN,0.5996683554598577,62,3.274493783085605e-07,1,1,Internal
SWKS,VRTX,-0.4749379259293956,62,0.00010997730953983592,1,6,External
SYF,TFC,0.5622252594995817,62,2.4145228933760677e-06,2,2,Internal
SYF,TPR,0.4568621447873601,62,0.0002146768754905142,2,5,External
SYF,TROW,0.44657005766724484,62,0.0003091068463006191,2,2,Internal
SYF,URI,0.46383675116580037,62,0.00016657617611817005,2,5,External
SYF,USB,0.461579896266106,62,0.00018093459515801613,2,2,Internal
SYF,WFC,0.5044464276708721,62,3.3945659148907786e-05,2,2,Internal
SYK,UHS,0.45402564733886625,62,0.00023764018031248343,0,0,Internal
SYK,ZBH,0.563763602732189,62,2.2349121722227774e-06,0,0,Internal
T,VZ,0.7132165593143349,62,1.1223471485636673e-10,6,6,Internal
TAP,UBER,0.458739496419061,62,0.00020061446281281075,6,6,Internal
TAP,ZBH,0.45548068598590147,62,0.0002255943323415435,6,0,External
TDG,WYNN,0.406865003828025,62,0.0011379560323758586,5,6,External
TDY,TEL,0.4830884008635761,62,8.033988708453616e-05,5,5,Internal
TDY,TRMB,0.4788236443652255,62,9.477996935103258e-05,5,5,Internal
TDY,TXT,0.5689696132118909,62,1.715493046129803e-06,5,5,Internal
TDY,WAB,0.5734299271415595,62,1.362688161997347e-06,5,5,Internal
TECH,TMO,0.6213342824463755,62,9.129675617375953e-08,0,0,Internal
TECH,WAT,0.44832273546626444,62,0.00029073637157027074,0,0,Internal
TECH,WST,0.4285007649022229,62,0.0005705011701949891,0,0,Internal
TEL,TER,0.430021429758595,62,0.0005425280618610805,5,1,External
TEL,TXN,0.42494681823035246,62,0.0006410475674898987,5,1,External
TEL,TXT,0.632108263447494,62,4.662195986748162e-08,5,5,Internal
TEL,URI,0.6118221348451279,62,1.6184932490754447e-07,5,5,Internal
TEL,WAB,0.701366606143325,62,3.067423033807449e-10,5,5,Internal
TEL,WY,0.4281980787239663,62,0.0005762228753694712,5,4,External
TER,TXN,0.6823690653545957,62,1.3938784762494308e-09,1,1,Internal
TER,WDC,0.44059664785654834,62,0.00037995294408265214,1,1,Internal
TFC,TRGP,0.422395901120242,62,0.0006964579434469276,2,2,Internal
TFC,URI,0.433931360532426,62,0.0004762249229075535,2,5,External
TFC,USB,0.8045643013179578,62,5.661270651221853e-15,2,2,Internal
TFC,VRTX,-0.4027348205202121,62,0.0012916329155357104,2,6,External
TFC,WFC,0.5658787408047128,62,2.008287128513576e-06,2,2,Internal
TMO,WAT,0.5457947803115628,62,5.384140631544959e-06,0,0,Internal
TMUS,UNH,0.4012294111083125,62,0.0013521282275161257,6,6,Internal
TMUS,VZ,0.5042868390461988,62,3.417221954004259e-05,6,6,Internal
TPL,TRGP,0.7735981777917776,62,2.70202151373869e-13,2,2,Internal
TPL,TROW,0.4615743382805782,62,0.00018097131347685045,2,2,Internal
TPL,TXT,0.4366484353244845,62,0.00043458147509395904,2,5,External
TPL,VLO,0.5825951145144856,62,8.399249232239704e-07,2,2,Internal
TPL,WAB,0.41604559412058334,62,0.0008537118727470893,2,5,External
TPL,WMB,0.4996637502565025,62,4.1375234225615204e-05,2,2,Internal
TPL,XOM,0.638244805766988,62,3.1425090387438224e-08,2,2,Internal
TRGP,URI,0.4608781110690731,62,0.00018562521351293053,2,5,External
TRGP,USB,0.44531246935176344,62,0.00032293372834768167,2,2,Internal
TRGP,VLO,0.5146862242709248,62,2.199725786357416e-05,2,2,Internal
TRGP,WAB,0.4940082745662744,62,5.2088651268112295e-05,2,5,External
TRGP,WFC,0.4110620392030254,62,0.0009988526418114269,2,2,Internal
TRGP,WMB,0.6739526017233816,62,2.6306743273278774e-09,2,2,Internal
TRGP,XOM,0.753983033819615,62,2.313553629049669e-12,2,2,Internal
TRMB,TXN,0.4336742704783759,62,0.0004803472316388111,5,1,External
TRMB,TXT,0.45179180194235063,62,0.00025728105846601284,5,5,Internal
TRMB,VTR,0.4419540125850945,62,0.0003626675882209326,5,4,External
TRMB,WAB,0.43887963305488625,62,0.0004028917649740016,5,5,Internal
TRMB,WDC,0.4196130106642079,62,0.0007618223313937249,5,1,External
TRMB,WY,0.41608458400552667,62,0.0008526556971891401,5,4,External
TRMB,XYZ,0.40979167477548195,62,0.0010392441420370513,5,2,External
TRMB,ZBRA,0.5394230691926606,62,7.265943347900281e-06,5,2,External
TROW,UDR,0.41334634713578744,62,0.0009297681576668581,2,4,External
TROW,USB,0.43080155213697396,62,0.0005286659149876984,2,2,Internal
TROW,WY,0.40267015813941937,62,0.001294180516652746,2,4,External
TROW,XYZ,0.4172982900315586,62,0.0008203627981364214,2,2,Internal
TROW,ZBRA,0.4742978360728865,62,0.00011268554474616365,2,2,Internal
TT,VRSK,-0.4522643369466929,62,0.00025300677364870495,5,6,External
TT,XYL,0.40379798364299596,62,0.0012503873830133165,5,5,Internal
TT,YUM,0.42174550684477274,62,0.0007112623694069239,5,6,External
TXN,WDC,0.41553643900256665,62,0.000867612994677709,1,1,Internal
TXT,UNP,0.413192267794796,62,0.0009342886639426691,5,5,Internal
TXT,URI,0.6281018197081293,62,6.003818730064402e-08,5,5,Internal
TXT,VTR,0.436083794046041,62,0.0004429524762975729,5,4,External
TXT,WAB,0.6495459901949429,62,1.484753267015924e-08,5,5,Internal
TXT,WFC,0.48748522748353845,62,6.759646325884633e-05,5,2,External
UDR,UNP,0.4039385410892489,62,0.001245024045638451,4,5,External
UDR,USB,0.4122337240074075,62,0.0009628595078609049,4,2,External
UDR,VICI,0.626034164954794,62,6.831310041830597e-08,4,4,Internal
UDR,VTR,0.6252024225063546,62,7.193595755592835e-08,4,4,Internal
UDR,WAB,0.42461908213817434,62,0.0006479355938671064,4,5,External
UDR,WBD,0.40250308045713906,62,0.0013007840572484383,4,4,Internal
UDR,WELL,0.6291488037851206,62,5.6217992601779995e-08,4,4,Internal
UDR,WY,0.43057178464434315,62,0.0005327149168472101,4,4,Internal
UDR,ZBRA,0.4363931785632899,62,0.0004383477637972155,4,2,External
UNP,UPS,0.44738029269058077,62,0.00030048678482469247,5,0,External
UNP,WAB,0.4227588916191634,62,0.0006883172949557076,5,5,Internal
UNP,WRB,0.40609591355717056,62,0.001165259583135157,5,2,External
UNP,XYL,0.41851676126134624,62,0.0007890589401064493,5,5,Internal
URI,VLO,0.5064667272238483,62,3.119514636945262e-05,5,2,External
URI,WAB,0.5762465243686197,62,1.1762264697150644e-06,5,5,Internal
URI,WFC,0.53933307305178,62,7.296451251467032e-06,5,2,External
USB,WELL,0.42294016328953543,62,0.0006842843234235043,2,4,External
USB,WFC,0.5092165732045989,62,2.7782026422902412e-05,2,2,Internal
USB,WMB,0.4653767947594267,62,0.0001573858797474788,2,2,Internal
V,WTW,0.40530398732341993,62,0.0011939887185596074,0,0,Internal
V,ZTS,0.4136058811487577,62,0.0009221983451982409,0,0,Internal
VICI,VTR,0.5371926757450891,62,8.058153942612101e-06,4,4,Internal
VICI,VTRS,0.4005696895117978,62,0.0013794325249372953,4,4,Internal
VICI,WEC,0.40931119971271557,62,0.0010549006578251417,4,4,Internal
VICI,WELL,0.517051532888762,62,1.9859960888067164e-05,4,4,Internal
VICI,ZBRA,0.46681657821228933,62,0.00014921665064007123,4,2,External
VLO,WAB,0.41521825054083933,62,0.0008764037517245399,2,5,External
VLO,WFC,0.4161754866321344,62,0.0008501978683791374,2,2,Internal
VLO,XOM,0.4099764103289122,62,0.0010332804072755429,2,2,Internal
VMC,XYL,0.5176256813972526,62,1.937105695906514e-05,7,5,External
VTR,WAB,0.5327579105689316,62,9.877649436543465e-06,4,5,External
VTR,WELL,0.6531043468327955,62,1.1649465453264618e-08,4,4,Internal
VZ,XEL,0.42561182781920964,62,0.0006272745520061728,6,4,External
WAB,WFC,0.43294043229183843,62,0.0004922929176889159,5,2,External
WAB,WMB,0.4072233615285493,62,0.0011254317972934221,5,2,External
WAB,XYL,0.44627611502468634,62,0.0003122894268788834,5,5,Internal
WAB,ZBRA,0.4213992608982459,62,0.0007192593343172181,5,2,External
WAT,WST,0.5061416114266815,62,3.162337189925102e-05,0,0,Internal
WEC,WMT,0.4104034268183982,62,0.0010196131277116882,4,4,Internal
WEC,XEL,0.8260613627576255,62,2.5164810650286276e-16,4,4,Internal
WELL,WY,0.4468818702715707,62,0.0003057631385559541,4,4,Internal
WM,WTW,0.513834530529481,62,2.281769447868217e-05,6,0,External
WMB,XOM,0.5078818540662036,62,2.9392995199268747e-05,2,2,Internal
WMB,ZBRA,0.4367971561116923,62,0.00043240070466616087,2,2,Internal
WY,ZBRA,0.4020495490099928,62,0.0013188623156694535,4,2,External
