ticker1,ticker2,Correlation,n,pval,Source_Cluster,Target_Cluster,Edge_Type
A,BXP,-0.408770962867522,63,0.0009718690266444508,10,15,External
A,HPE,-0.46622014875475903,63,0.0001339401587253297,10,5,External
A,SPG,-0.40926399713867884,63,0.0009568609189583593,10,15,External
AAPL,ADBE,0.5296767059940738,63,9.560535722812305e-06,1,1,Internal
AAPL,ADM,-0.5696825982102154,63,1.3486293967226212e-06,1,5,External
AAPL,AES,-0.4381207424852117,63,0.0003688691784251626,1,5,External
AAPL,AFL,-0.5120558668226309,63,2.0987758601634097e-05,1,5,External
AAPL,AIG,-0.4739767769996878,63,9.967984950785115e-05,1,5,External
AAPL,AIZ,-0.5018579528218391,63,3.2442804096731425e-05,1,5,External
AAPL,ALB,-0.4564171107097824,63,0.00019263576084078865,1,15,External
AAPL,AMD,0.4827551193450418,63,7.073686479482909e-05,1,1,Internal
AAPL,AMP,-0.41688753568170933,63,0.0007499357388215432,1,5,External
AAPL,AMZN,0.5677306931589557,63,1.4928202684252099e-06,1,1,Internal
AAPL,AVY,-0.40579615355731163,63,0.0010670186916121578,1,15,External
AAPL,AXP,-0.45247298298358896,63,0.00022228238398683953,1,5,External
AAPL,BAC,-0.5975891231085633,63,2.929999800530443e-07,1,5,External
AAPL,BG,-0.4640026777924546,63,0.0001455558445908031,1,5,External
AAPL,BK,-0.503473401841754,63,3.030790002902418e-05,1,5,External
AAPL,BRK-B,-0.4805310742647828,63,7.72270864788774e-05,1,5,External
AAPL,C,-0.5791731878971892,63,8.152674070390229e-07,1,5,External
AAPL,CAT,-0.4961601548592902,63,4.113440479949459e-05,1,20,External
AAPL,CBRE,-0.5375165395725131,63,6.642149070217135e-06,1,5,External
AAPL,CF,-0.5116072352989346,63,2.140006647901993e-05,1,5,External
AAPL,CFG,-0.6144222908494362,63,1.0853537854221478e-07,1,5,External
AAPL,CMI,-0.42164647494099133,63,0.0006422372721233021,1,20,External
AAPL,COF,-0.44341981875482667,63,0.0003067496564858338,1,5,External
AAPL,COP,-0.4518302596247951,63,0.00022749115890104827,1,11,External
AAPL,DD,-0.5100658458914754,63,2.2874601402672e-05,1,5,External
AAPL,DE,-0.5304252151957077,63,9.237415878847983e-06,1,5,External
AAPL,DOV,-0.525428225692239,63,1.1602848195679872e-05,1,20,External
AAPL,DOW,-0.5419339170973225,63,5.387973744746786e-06,1,5,External
AAPL,EA,0.4606453954828983,63,0.0001649098571554247,1,1,Internal
AAPL,EMR,-0.5864556265614996,63,5.480633888080082e-07,1,20,External
AAPL,EOG,-0.48121330348768826,63,7.518011915086337e-05,1,11,External
AAPL,ETN,-0.4539048542782367,63,0.00021106817014377553,1,20,External
AAPL,F,-0.43857231517923806,63,0.00036316012014665306,1,5,External
AAPL,FANG,-0.459440311605228,63,0.000172413507938017,1,11,External
AAPL,FITB,-0.561344025874342,63,2.0720227796203372e-06,1,5,External
AAPL,FTV,-0.4589470919852421,63,0.00017557387117449528,1,20,External
AAPL,GD,-0.5588084708182,63,2.3556153499587566e-06,1,5,External
AAPL,GL,-0.4775367652073849,63,8.683289975287949e-05,1,5,External
AAPL,GM,-0.40183604560640473,63,0.0012066978268264318,1,15,External
AAPL,GOOG,0.5360121642920376,63,7.127999900525611e-06,1,1,Internal
AAPL,GOOGL,0.5338100538301284,63,7.899178306449377e-06,1,1,Internal
AAPL,HAL,-0.4680979411257762,63,0.00012477601149934195,1,11,External
AAPL,HBAN,-0.5203358608320346,63,1.4583738508925358e-05,1,5,External
AAPL,HIG,-0.5667942504012697,63,1.5670101515694735e-06,1,5,External
AAPL,HON,-0.5670039608743013,63,1.5501017968909236e-06,1,20,External
AAPL,HSIC,-0.49968704489054355,63,3.553133757249579e-05,1,20,External
AAPL,HUBB,-0.401261944464848,63,0.0012282587976257863,1,20,External
AAPL,HWM,-0.46712787586875243,63,0.0001294357104661607,1,5,External
AAPL,IEX,-0.622538181229299,63,6.583673324585378e-08,1,20,External
AAPL,IP,-0.4920900485529403,63,4.8610548456976534e-05,1,5,External
AAPL,IR,-0.4016516109839288,63,0.0012135870212743695,1,15,External
AAPL,IT,-0.45733467743088796,63,0.00018627971975097632,1,5,External
AAPL,ITW,-0.4294939117627009,63,0.0004948793005148879,1,20,External
AAPL,JCI,-0.4766820970247093,63,8.976987340366433e-05,1,5,External
AAPL,JPM,-0.5864914388518104,63,5.46980992019583e-07,1,5,External
AAPL,KEY,-0.5780281863743714,63,8.67038305997734e-07,1,5,External
AAPL,KMI,-0.4992730570061258,63,3.615034876058083e-05,1,11,External
AAPL,L,-0.6013378061888761,63,2.360278916926665e-07,1,5,External
AAPL,MET,-0.5594063901346635,63,2.285644369977554e-06,1,5,External
AAPL,META,0.4611131537444448,63,0.00016207884262063236,1,1,Internal
AAPL,MLM,-0.4734498016076552,63,0.0001017236051181202,1,5,External
AAPL,MSFT,0.6870443994714477,63,6.995636656533511e-10,1,1,Internal
AAPL,MTB,-0.5294731342205073,63,9.650216724133849e-06,1,5,External
AAPL,NFLX,0.5906108070745624,63,4.3503382303117017e-07,1,1,Internal
AAPL,NOW,0.42252773107072766,63,0.0006239061794198063,1,1,Internal
AAPL,NTRS,-0.4273184625187719,63,0.0005322958446038643,1,5,External
AAPL,NUE,-0.48770367701249023,63,5.805912950818614e-05,1,5,External
AAPL,NVDA,0.4805025302939861,63,7.7313838807756e-05,1,1,Internal
AAPL,OMC,-0.43562419890453535,63,0.00040193418160434924,1,5,External
AAPL,PCAR,-0.4074028785028356,63,0.001014632968843027,1,20,External
AAPL,PFG,-0.42639996997662666,63,0.0005488506840082088,1,5,External
AAPL,PH,-0.4622919755671187,63,0.00015514076882950243,1,15,External
AAPL,PKG,-0.4936175239654156,63,4.5668846321407605e-05,1,20,External
AAPL,PNC,-0.6240423353148409,63,5.991674606537482e-08,1,5,External
AAPL,PNR,-0.40893609987263774,63,0.0009668187129421222,1,20,External
AAPL,PPG,-0.46342117105775044,63,0.00014875125196427242,1,5,External
AAPL,PRU,-0.5451046594468107,63,4.627990515664724e-06,1,5,External
AAPL,PSKY,-0.44649753848921236,63,0.000275211535712796,1,5,External
AAPL,PWR,-0.48918505465760653,63,5.469354166816584e-05,1,20,External
AAPL,RF,-0.5528774776480554,63,3.166919023442289e-06,1,5,External
AAPL,RJF,-0.4350061201531592,63,0.0004105263864877586,1,5,External
AAPL,RL,-0.476454870556114,63,9.056595325830535e-05,1,15,External
AAPL,ROK,-0.553322220356572,63,3.098020705814571e-06,1,20,External
AAPL,RSG,-0.4672725900325569,63,0.00012873058458679103,1,7,External
AAPL,SCHW,-0.43743379355659034,63,0.0003777109357536172,1,5,External
AAPL,SLB,-0.4567656912907804,63,0.00019019809139238691,1,11,External
AAPL,SNA,-0.4985017119808096,63,3.733038505592221e-05,1,15,External
AAPL,STT,-0.4140620771672166,63,0.0008213622267144309,1,5,External
AAPL,SWK,-0.5506442894340194,63,3.5350568883085404e-06,1,5,External
AAPL,SYF,-0.46458134537214224,63,0.00014243867477282463,1,5,External
AAPL,TAP,-0.4694750802722992,63,0.00011842523175909796,1,5,External
AAPL,TDG,-0.4422768305622467,63,0.0003192781553641255,1,5,External
AAPL,TEL,-0.4272404634577576,63,0.0005336838690149085,1,15,External
AAPL,TFC,-0.5874134814674349,63,5.197946577655297e-07,1,5,External
AAPL,TPR,-0.4008423006978559,63,0.001244237646372761,1,15,External
AAPL,TROW,-0.45078725193888197,63,0.0002361819705272296,1,5,External
AAPL,TRV,-0.5875832982175184,63,5.149281506892597e-07,1,5,External
AAPL,TXT,-0.6530315050481108,63,8.795967042690602e-09,1,5,External
AAPL,USB,-0.5926531082221204,63,3.8788618830912394e-07,1,5,External
AAPL,VMC,-0.4302542920792113,63,0.0004823757227629367,1,5,External
AAPL,WAB,-0.44800229158554966,63,0.0002608959786022752,1,15,External
AAPL,WBD,-0.47408643171574516,63,9.925935468079756e-05,1,15,External
AAPL,WFC,-0.4987575796463795,63,3.693505543319626e-05,1,5,External
AAPL,WRB,-0.48972453933687166,63,5.351328542182673e-05,1,5,External
AAPL,XOM,-0.47379265664031694,63,0.00010038958625294215,1,11,External
AAPL,XYL,-0.41285812412505396,63,0.0008536239393248161,1,20,External
ABBV,AMGN,0.4185635412710974,63,0.0007102716370994825,1,1,Internal
ABBV,BEN,-0.4110387848203663,63,0.0009045519274505779,1,5,External
ABBV,BMY,0.5112813344567682,63,2.1704277903392827e-05,1,1,Internal
ABBV,LLY,0.49626873310736114,63,4.095037150101631e-05,1,1,Internal
ABBV,MOH,0.4317666335519302,63,0.00045835664164726694,1,1,Internal
ABBV,MRK,0.49237862397430165,63,4.8041724481669436e-05,1,1,Internal
ABBV,MSCI,0.4172616962814914,63,0.000740911074037897,1,1,Internal
ABBV,NCLH,-0.41709890576881103,63,0.0007448253930010131,1,15,External
ABBV,RMD,0.43350847221002653,63,0.00043204358160726784,1,1,Internal
ABBV,SYY,-0.4353793430076454,63,0.000405318263725443,1,15,External
ABBV,WST,0.47680898185545906,63,8.93281444616468e-05,1,1,Internal
ABBV,WY,-0.4104764508735149,63,0.0009208392497038786,1,15,External
ABT,AES,-0.526666900805327,63,1.0968991366560808e-05,1,5,External
ABT,AKAM,0.5748694789166379,63,1.0263046461272126e-06,1,1,Internal
ABT,AMGN,0.48153747116370926,63,7.42251103015788e-05,1,1,Internal
ABT,AXP,-0.4962815620935867,63,4.0928677535883645e-05,1,5,External
ABT,BAC,-0.5039884552409261,63,2.9655073006080944e-05,1,5,External
ABT,BAX,0.581426904762314,63,7.217264582130849e-07,1,1,Internal
ABT,BDX,0.43440797175515794,63,0.00041900037817815475,1,1,Internal
ABT,BLDR,-0.4180248711176104,63,0.0007228075211122494,1,5,External
ABT,BXP,-0.4116866347212804,63,0.0008861106072477647,1,15,External
ABT,C,-0.5015090918073828,63,3.292175162252901e-05,1,5,External
ABT,CFG,-0.43881000810572557,63,0.00036018751239499274,1,5,External
ABT,CHD,0.4353711574729563,63,0.00040543184031899574,1,1,Internal
ABT,COF,-0.5110121884581365,63,2.195853036898729e-05,1,5,External
ABT,DOC,-0.4476938613015068,63,0.0002637735808184414,1,15,External
ABT,DOV,-0.4532139029501768,63,0.00021641330977235966,1,20,External
ABT,DTE,-0.4488805907849576,63,0.00025285800640780247,1,7,External
ABT,DXCM,0.4587809198896868,63,0.00017665053601941886,1,1,Internal
ABT,EA,0.5794669001464873,63,8.024627180838022e-07,1,1,Internal
ABT,EW,0.514919520739663,63,1.852479263141198e-05,1,1,Internal
ABT,EXPE,-0.43687991568359524,63,0.0003849800266928707,1,15,External
ABT,FITB,-0.5050351037760287,63,2.836838308577412e-05,1,5,External
ABT,FRT,-0.5700506285870018,63,1.322948710015995e-06,1,15,External
ABT,FTV,-0.5270733051474211,63,1.0768146150923467e-05,1,20,External
ABT,GEN,0.46325264923036963,63,0.00014968924253941208,1,1,Internal
ABT,GL,-0.403445900873857,63,0.001148043294583989,1,5,External
ABT,GM,-0.4700677546591873,63,0.00011578462067227878,1,15,External
ABT,HBAN,-0.4954644343262507,63,4.233187246572643e-05,1,5,External
ABT,HST,-0.46663741112120133,63,0.00013185198506276884,1,15,External
ABT,ICE,0.4578429284608641,63,0.00018284227570026493,1,1,Internal
ABT,IDXX,0.48454867031686005,63,6.587330371090493e-05,1,1,Internal
ABT,INCY,0.41845535217069585,63,0.0007127734905584143,1,1,Internal
ABT,INTU,0.41944895206643523,63,0.0006900935837857462,1,1,Internal
ABT,IP,-0.506918752820003,63,2.618213925599502e-05,1,5,External
ABT,ISRG,0.4478663501093874,63,0.000262160736013602,1,1,Internal
ABT,JBL,-0.5887136043826552,63,4.83610935605079e-07,1,15,External
ABT,JCI,-0.4250307661152611,63,0.000574397833567476,1,5,External
ABT,JPM,-0.4378458576102322,63,0.0003723843545199026,1,5,External
ABT,KEY,-0.4252389096005119,63,0.0005704459319138152,1,5,External
ABT,KIM,-0.6117262643200929,63,1.2774449156149432e-07,1,15,External
ABT,L,-0.43315854149163235,63,0.0004372167783439165,1,5,External
ABT,LKQ,-0.43814703146547773,63,0.0003685345887057762,1,15,External
ABT,LYB,-0.5224837881058741,63,1.3248840637052369e-05,1,5,External
ABT,LYV,-0.4148273162959961,63,0.0008014337513411729,1,15,External
ABT,MAR,-0.4103160516739557,63,0.0009255333114097407,1,15,External
ABT,MET,-0.42227536375600905,63,0.0006291066075938497,1,5,External
ABT,MHK,-0.4940889612145672,63,4.479470275360033e-05,1,15,External
ABT,MLM,-0.42034053485402423,63,0.0006703009026783637,1,5,External
ABT,MPC,-0.4301179268715243,63,0.0004845967409290314,1,11,External
ABT,MTB,-0.47983903528103794,63,7.93558410940842e-05,1,5,External
ABT,NUE,-0.4024921434552916,63,0.0011824750252434925,1,5,External
ABT,PANW,0.4757794575076118,63,9.29707601137704e-05,1,1,Internal
ABT,PFG,-0.4356790155516797,63,0.00040118010929639713,1,5,External
ABT,PH,-0.6040498391639981,63,2.014994662480265e-07,1,15,External
ABT,PKG,-0.4492242177438263,63,0.00024977529680606284,1,20,External
ABT,PODD,0.5242186667421751,63,1.2254534539240218e-05,1,1,Internal
ABT,REG,-0.5156603492267409,63,1.793282972394469e-05,1,15,External
ABT,REGN,0.4925306574449908,63,4.774452365154176e-05,1,1,Internal
ABT,RF,-0.4868219424026451,63,6.0152062229515977e-05,1,5,External
ABT,RJF,-0.5001530989131626,63,3.484621779030033e-05,1,5,External
ABT,RL,-0.5268476265595504,63,1.0879250175862052e-05,1,15,External
ABT,SJM,0.486735179769175,63,6.036172456837419e-05,1,1,Internal
ABT,SNA,-0.4177780672601383,63,0.000728617748216476,1,15,External
ABT,SPG,-0.49479161265845706,63,4.352050266430356e-05,1,15,External
ABT,SYF,-0.5007215429772827,63,3.4027131921040164e-05,1,5,External
ABT,SYY,-0.48164258902259766,63,7.391783806159463e-05,1,15,External
ABT,TECH,0.4351818095693295,63,0.00040806719516808625,1,1,Internal
ABT,TEL,-0.48339475702854007,63,6.896561796351281e-05,1,15,External
ABT,TFC,-0.4062680855480104,63,0.0010513844681989475,1,5,External
ABT,TJX,-0.45170213353252237,63,0.0002285427727347965,1,15,External
ABT,TMO,0.45431128457750486,63,0.0002079807718501522,1,1,Internal
ABT,TT,-0.4738030628857349,63,0.00010034934924349512,1,20,External
ABT,TTWO,0.43580609185516406,63,0.00039943696510901395,1,1,Internal
ABT,TXT,-0.5157551218606029,63,1.785838114948669e-05,1,5,External
ABT,URI,-0.5696431711269826,63,1.3514080959385162e-06,1,15,External
ABT,USB,-0.5185335835518686,63,1.5799136118541537e-05,1,5,External
ABT,VLO,-0.4284386468224788,63,0.0005127200338676166,1,11,External
ABT,VRSN,0.4850836510956135,63,6.448346838425117e-05,1,1,Internal
ABT,VRTX,0.4482090674186061,63,0.00025898288600581407,1,1,Internal
ABT,VTR,-0.4900975977924626,63,5.2710928788154034e-05,1,15,External
ABT,WAB,-0.44429280765794704,63,0.0002974846384998122,1,15,External
ABT,WELL,-0.5118581199792972,63,2.1168578095904227e-05,1,15,External
ABT,WFC,-0.4602432689030171,63,0.00016737981050647132,1,5,External
ACGL,AIG,0.6151576450392583,63,1.0378937310650396e-07,5,5,Internal
ACGL,AIZ,0.42974680656147474,63,0.0004906884273245522,5,5,Internal
ACGL,AMGN,-0.472996979574157,63,0.00010351048567482308,5,1,External
ACGL,AMP,0.5215523971440851,63,1.3813088790157277e-05,5,5,Internal
ACGL,AMZN,-0.40569124639727167,63,0.0010705224145159166,5,1,External
ACGL,AVY,0.48587457252239086,63,6.247820803938508e-05,5,15,External
ACGL,AXP,0.5436168537102933,63,4.971195428381956e-06,5,5,Internal
ACGL,BAC,0.5205474682093966,63,1.4446882689559695e-05,5,5,Internal
ACGL,BDX,-0.4851587785806135,63,6.42904737307564e-05,5,1,External
ACGL,BLDR,0.433637229037439,63,0.00043015416480787403,5,5,Internal
ACGL,BRO,0.4170008872255806,63,0.0007471912792067246,5,7,External
ACGL,BXP,0.4528963668814781,63,0.00021891103529064388,5,15,External
ACGL,C,0.45659546162373255,63,0.00019138497804248902,5,5,Internal
ACGL,CB,0.5599126173108021,63,2.22792845871049e-06,5,5,Internal
ACGL,CBRE,0.56964058831875,63,1.3515903113808574e-06,5,5,Internal
ACGL,CF,0.4787837894224908,63,8.270608191184759e-05,5,5,Internal
ACGL,CFG,0.4997468030203112,63,3.5442799246117176e-05,5,5,Internal
ACGL,CHD,-0.4389399188230269,63,0.0003585722248775897,5,1,External
ACGL,COF,0.4411534700369426,63,0.00033204459800450283,5,5,Internal
ACGL,DD,0.43343929007549337,63,0.00043306189665604585,5,5,Internal
ACGL,DHR,-0.4438408116759824,63,0.00030224928827085585,5,1,External
ACGL,DIS,0.4624539465705844,63,0.00015420905559968787,5,5,Internal
ACGL,DOC,0.4736754546407458,63,0.00010084378791593546,5,15,External
ACGL,EA,-0.4192824184402794,63,0.0006938486840247629,5,1,External
ACGL,EG,0.6674834936694106,63,3.1226702288444394e-09,5,5,Internal
ACGL,F,0.6083316755493527,63,1.5650047746981645e-07,5,5,Internal
ACGL,FITB,0.5179355243189309,63,1.6222800060033348e-05,5,5,Internal
ACGL,FRT,0.5724663872855092,63,1.1654239447938115e-06,5,15,External
ACGL,GD,0.47756048717410116,63,8.675265826097508e-05,5,5,Internal
ACGL,GL,0.49417917596401906,63,4.462919857555321e-05,5,5,Internal
ACGL,GLW,0.4274609685611716,63,0.0005297683554496055,5,15,External
ACGL,GM,0.5473806727536878,63,4.145492224473145e-06,5,15,External
ACGL,HBAN,0.48390348092817137,63,6.758618151927799e-05,5,5,Internal
ACGL,HIG,0.6777039835436807,63,1.4495185266092285e-09,5,5,Internal
ACGL,HON,0.5755702628279249,63,9.88767025010084e-07,5,20,External
ACGL,HPQ,0.4020709715992449,63,0.0011979736158615228,5,5,Internal
ACGL,HUBB,0.40840567568351177,63,0.0009831251229243572,5,20,External
ACGL,IP,0.4571708564882219,63,0.00018740023769580862,5,5,Internal
ACGL,IRM,0.505124975893177,63,2.826034576887199e-05,5,15,External
ACGL,IT,0.4016303760619215,63,0.001214382478730037,5,5,Internal
ACGL,JCI,0.5487720397037503,63,3.8741104942542616e-06,5,5,Internal
ACGL,JNJ,-0.635110198379674,63,2.94880046373413e-08,5,1,External
ACGL,JPM,0.5422691391959265,63,5.302442406878031e-06,5,5,Internal
ACGL,KEY,0.5520416140792653,63,3.300299306291819e-06,5,5,Internal
ACGL,KIM,0.6296212053732559,63,4.2059333121847744e-08,5,15,External
ACGL,L,0.49028740578263624,63,5.23069759003576e-05,5,5,Internal
ACGL,LLY,-0.41852695152366454,63,0.0007111168771482436,5,1,External
ACGL,LUV,0.4760544523533269,63,9.198463672092084e-05,5,5,Internal
ACGL,MET,0.517055191061857,63,1.686565370868306e-05,5,5,Internal
ACGL,MHK,0.4266696699867396,63,0.0005439418119575457,5,15,External
ACGL,MLM,0.47904877427740267,63,8.185276475891412e-05,5,5,Internal
ACGL,MOS,0.5110631265879165,63,2.1910200056592384e-05,5,5,Internal
ACGL,MSFT,-0.462111822917967,63,0.00015618313211481204,5,1,External
ACGL,MTB,0.5767235138818632,63,9.297827838334167e-07,5,5,Internal
ACGL,NCLH,0.40316598697503486,63,0.0011580536583483674,5,15,External
ACGL,O,0.40615900607812777,63,0.0010549795991077503,5,15,External
ACGL,OMC,0.4383273325458655,63,0.0003662472702103473,5,5,Internal
ACGL,PFG,0.5471281028199878,63,4.196619572914453e-06,5,5,Internal
ACGL,PNC,0.5171659257505584,63,1.6783510149801216e-05,5,5,Internal
ACGL,PPG,0.47482234480605423,63,9.64792901621374e-05,5,5,Internal
ACGL,PRU,0.44586852473439,63,0.00028140550598563954,5,5,Internal
ACGL,PSKY,0.46543606306206137,63,0.00013794642647121705,5,5,Internal
ACGL,REG,0.48756753521632645,63,5.837783370138665e-05,5,15,External
ACGL,RF,0.5420564170579284,63,5.356569975163977e-06,5,5,Internal
ACGL,RJF,0.5997162793970593,63,2.5925654191817525e-07,5,5,Internal
ACGL,RL,0.6004519199302428,63,2.4846379730558757e-07,5,15,External
ACGL,SNA,0.4123367203211177,63,0.0008679477139314489,5,15,External
ACGL,SPG,0.4805075619790303,63,7.729853973202011e-05,5,15,External
ACGL,SWK,0.5224982298895419,63,1.3240262767075204e-05,5,5,Internal
ACGL,SYF,0.48821258229711406,63,5.688196151080754e-05,5,5,Internal
ACGL,T,0.520217530806528,63,1.4660791898865679e-05,5,5,Internal
ACGL,TFC,0.5447445630482664,63,4.708966818931249e-06,5,5,Internal
ACGL,TPR,0.5625508418166245,63,1.948573263333918e-06,5,15,External
ACGL,TRMB,0.49136938834171034,63,5.0058352525135115e-05,5,5,Internal
ACGL,TRV,0.6172410430580523,63,9.13830995366547e-08,5,5,Internal
ACGL,TXT,0.4676594296268433,63,0.00012686297455954523,5,5,Internal
ACGL,UAL,0.45405585103970875,63,0.0002099162783408471,5,5,Internal
ACGL,UDR,0.4181231152141214,63,0.0007205063658749515,5,15,External
ACGL,USB,0.5783984178384777,63,8.4997024539343e-07,5,5,Internal
ACGL,VICI,0.5486617276885224,63,3.8950054710047315e-06,5,5,Internal
ACGL,VRSN,-0.43820417207741835,63,0.00036780829212438204,5,1,External
ACGL,VRTX,-0.4191513694979645,63,0.0006968166549322747,5,1,External
ACGL,VTR,0.46478046113719135,63,0.00014138032422900148,5,15,External
ACGL,WAB,0.46456389922162433,63,0.00014253175102946954,5,15,External
ACGL,WELL,0.45442512917775124,63,0.00020712340627049552,5,15,External
ACGL,WFC,0.5165958852064219,63,1.721037059928411e-05,5,5,Internal
ACGL,WRB,0.6341853593824307,63,3.132145808319258e-08,5,5,Internal
ACGL,WST,-0.439029940841227,63,0.00035745678154949166,5,1,External
ACN,AMP,0.44127529885966554,63,0.0003306379129566415,9,5,External
ACN,FDS,0.514048711807353,63,1.9243788867946564e-05,9,9,Internal
ADBE,ADM,-0.5164328978104639,63,1.7334259814645987e-05,1,5,External
ADBE,AFL,-0.43031872801026777,63,0.00048132945895571004,1,5,External
ADBE,AIG,-0.4448648948728357,63,0.00029155237806100393,1,5,External
ADBE,AMZN,0.5019929164119431,63,3.2259250604453575e-05,1,1,Internal
ADBE,AOS,-0.44171500313186857,63,0.0003256059904627753,1,20,External
ADBE,AVY,-0.543989122593439,63,4.883160972020546e-06,1,15,External
ADBE,AXP,-0.5339836758793314,63,7.835662858502766e-06,1,5,External
ADBE,BAC,-0.637768704186656,63,2.476595413959302e-08,1,5,External
ADBE,BKR,-0.5143462096924547,63,1.8995293077733838e-05,1,11,External
ADBE,BLDR,-0.486172380133158,63,6.173818773955754e-05,1,5,External
ADBE,BRK-B,-0.4813526224345595,63,7.476830195092008e-05,1,5,External
ADBE,BXP,-0.4654510291955679,63,0.0001378689386845232,1,15,External
ADBE,C,-0.5095219158014032,63,2.3417042276683744e-05,1,5,External
ADBE,CAT,-0.40183001404518687,63,0.0012069225659795248,1,20,External
ADBE,CBRE,-0.5104593831626683,63,2.2489431477157268e-05,1,5,External
ADBE,CDNS,0.5467600567690661,63,4.272177377528234e-06,1,1,Internal
ADBE,CFG,-0.5302736793213854,63,9.301999201697338e-06,1,5,External
ADBE,CMI,-0.6123953112301982,63,1.2269909918291197e-07,1,20,External
ADBE,COF,-0.5318489313102902,63,8.65069589499339e-06,1,5,External
ADBE,CRM,0.522874588533557,63,1.3018531933022637e-05,1,1,Internal
ADBE,CSX,-0.527893051090323,63,1.0373395181573814e-05,1,20,External
ADBE,CTAS,-0.40767977877122863,63,0.001005842990050313,1,15,External
ADBE,DE,-0.4792840706861106,63,8.110185609656067e-05,1,5,External
ADBE,DOC,-0.435304647759586,63,0.00040635575586169204,1,15,External
ADBE,DOV,-0.5556458409074485,63,2.7602645197469257e-06,1,20,External
ADBE,DOW,-0.5979474566965366,63,2.870404359684728e-07,1,5,External
ADBE,DTE,-0.4932575893560814,63,4.634682263308715e-05,1,7,External
ADBE,EA,0.44320545431427844,63,0.00030906460455968845,1,1,Internal
ADBE,EMR,-0.5595852767595053,63,2.2650912280918947e-06,1,20,External
ADBE,EOG,-0.43788671901200354,63,0.00037185990300449344,1,11,External
ADBE,ETN,-0.4088798586175301,63,0.000968536049023943,1,20,External
ADBE,EXPE,-0.4091016766993254,63,0.0009617787403689864,1,15,External
ADBE,EXR,-0.45754973236063595,63,0.00018481808254466685,1,7,External
ADBE,F,-0.44437331947602654,63,0.0002966431633064834,1,5,External
ADBE,FITB,-0.5537029185915047,63,3.040159360155456e-06,1,5,External
ADBE,FRT,-0.41540195311622635,63,0.0007867575702983385,1,15,External
ADBE,FTV,-0.49614045336951473,63,4.116787943368887e-05,1,20,External
ADBE,GD,-0.6454713095038801,63,1.479467759360603e-08,1,5,External
ADBE,GE,-0.4535437352885055,63,0.00021384649469356355,1,5,External
ADBE,GOOG,0.4878223566626103,63,5.778261444809142e-05,1,1,Internal
ADBE,GOOGL,0.4893122386559814,63,5.441315037725009e-05,1,1,Internal
ADBE,GS,-0.572388768039396,63,1.1701993000472801e-06,1,5,External
ADBE,HAL,-0.42614189824386367,63,0.0005535855235637091,1,11,External
ADBE,HBAN,-0.509171401142415,63,2.377289036240273e-05,1,5,External
ADBE,HIG,-0.5564297325494872,63,2.6543140296177387e-06,1,5,External
ADBE,HII,-0.42576741316624156,63,0.0005605221498890147,1,20,External
ADBE,HON,-0.6557562807678471,63,7.2666968980748074e-09,1,20,External
ADBE,HUBB,-0.43955696339338574,63,0.00035098976115308073,1,20,External
ADBE,HUM,0.44211288448434233,63,0.0003211129815089359,1,1,Internal
ADBE,HWM,-0.422218369386142,63,0.0006302864928455589,1,5,External
ADBE,IDXX,0.44977085453383625,63,0.0002449420835808308,1,1,Internal
ADBE,IEX,-0.458624492748213,63,0.00017766958594433822,1,20,External
ADBE,INTU,0.5670950153070318,63,1.5428136730707116e-06,1,1,Internal
ADBE,IP,-0.5987786990652262,63,2.736519632923352e-07,1,5,External
ADBE,IRM,-0.4260590468053119,63,0.0005551134417550542,1,15,External
ADBE,ITW,-0.5151612102329833,63,1.832970503403365e-05,1,20,External
ADBE,J,-0.498628953594681,63,3.713330309851005e-05,1,20,External
ADBE,JCI,-0.4919259795904102,63,4.893671976751545e-05,1,5,External
ADBE,JPM,-0.6091145065374014,63,1.4937347675826924e-07,1,5,External
ADBE,KEY,-0.5526688644649816,63,3.199727772456886e-06,1,5,External
ADBE,KMI,-0.42177262206717914,63,0.0006395836813622351,1,11,External
ADBE,KO,-0.4040465189591347,63,0.0011268263995843496,1,7,External
ADBE,L,-0.44357658712067244,63,0.0003050667236254946,1,5,External
ADBE,LKQ,-0.44185812985438133,63,0.00032398319506707433,1,15,External
ADBE,LUV,-0.446149862129593,63,0.0002786195788488348,1,5,External
ADBE,LYB,-0.5160552167554248,63,1.7624530167722795e-05,1,5,External
ADBE,MET,-0.5109082145145782,63,2.2057488311728698e-05,1,5,External
ADBE,MHK,-0.528185148961341,63,1.0236019040018028e-05,1,15,External
ADBE,MLM,-0.434105776273392,63,0.00042334184158467856,1,5,External
ADBE,MMM,-0.48471182982397276,63,6.544652885401673e-05,1,20,External
ADBE,MO,-0.4350536391968623,63,0.0004098599170713037,1,15,External
ADBE,MOS,-0.41182701853440906,63,0.000882159575844303,1,5,External
ADBE,MS,-0.5396744674289305,63,5.998904799397066e-06,1,5,External
ADBE,MSCI,0.5053001824421713,63,2.8050820931457257e-05,1,1,Internal
ADBE,MSFT,0.7012988951015775,63,2.1812609505502176e-10,1,1,Internal
ADBE,MTB,-0.5210874111726922,63,1.4103065985903072e-05,1,5,External
ADBE,NFLX,0.4832901471373189,63,6.925247210998395e-05,1,1,Internal
ADBE,NOW,0.5904554294257661,63,4.388329106922168e-07,1,1,Internal
ADBE,NSC,-0.4949091472358027,63,4.3310663215071746e-05,1,20,External
ADBE,NTRS,-0.5179312325217449,63,1.6225878132303744e-05,1,5,External
ADBE,NVDA,0.5658554830263048,63,1.6448394970148158e-06,1,1,Internal
ADBE,OKE,-0.4439988858819285,63,0.00030057511055586766,1,11,External
ADBE,OXY,-0.4132949446025788,63,0.0008417886380843314,1,11,External
ADBE,PCAR,-0.5123950377421874,63,2.0680953493248633e-05,1,20,External
ADBE,PEG,-0.5217762303126176,63,1.3675485251509644e-05,1,7,External
ADBE,PFG,-0.4704801209122162,63,0.00011397939656124534,1,5,External
ADBE,PKG,-0.5606792616384595,63,2.143112327772658e-06,1,20,External
ADBE,PNC,-0.4509657505140498,63,0.00023467343577479832,1,5,External
ADBE,PNR,-0.47497911526295045,63,9.589639172433329e-05,1,20,External
ADBE,PRU,-0.5584135123991887,63,2.4029284716972813e-06,1,5,External
ADBE,PSKY,-0.4260886414412574,63,0.0005545672286019542,1,5,External
ADBE,PWR,-0.4694396775588943,63,0.00011858470348411169,1,20,External
ADBE,PYPL,0.441199474859542,63,0.0003315127676278982,1,1,Internal
ADBE,REG,-0.4082524393181644,63,0.0009878819285908177,1,15,External
ADBE,RF,-0.6009134432277241,63,2.419100616828918e-07,1,5,External
ADBE,RJF,-0.5222739261271124,63,1.337407501926569e-05,1,5,External
ADBE,RL,-0.5057186332198599,63,2.755621559759467e-05,1,15,External
ADBE,ROK,-0.45704862506137267,63,0.00018824030557733107,1,20,External
ADBE,SLB,-0.4706650336610511,63,0.00011317833160866744,1,11,External
ADBE,SNA,-0.40753250699616955,63,0.0010105094259553488,1,15,External
ADBE,SNPS,0.4776874271650563,63,8.63244322056401e-05,1,1,Internal
ADBE,SPG,-0.4902542978763106,63,5.237723030499582e-05,1,15,External
ADBE,STT,-0.41056471867518823,63,0.0009182652841773138,1,5,External
ADBE,SWK,-0.44679564987962594,63,0.0002723197084975129,1,5,External
ADBE,SYF,-0.47437407785686864,63,9.816405516056434e-05,1,5,External
ADBE,TAP,-0.4504286638760499,63,0.00023923931564966418,1,5,External
ADBE,TDG,-0.4783732715437457,63,8.404424091407817e-05,1,5,External
ADBE,TECH,0.4380955142329406,63,0.00036919052806117083,1,1,Internal
ADBE,TFC,-0.5184593322633478,63,1.5851171072523292e-05,1,5,External
ADBE,TPR,-0.4687367325212164,63,0.00012179226170806202,1,15,External
ADBE,TROW,-0.4412634860000023,63,0.0003307740707272632,1,5,External
ADBE,TRV,-0.4934934297908808,63,4.5901549255691716e-05,1,5,External
ADBE,TT,-0.4944881896955837,63,4.40665684338604e-05,1,20,External
ADBE,TTWO,0.43463986029810103,63,0.00041569648992376975,1,1,Internal
ADBE,TXT,-0.537728554452336,63,6.576213583006188e-06,1,5,External
ADBE,TYL,0.4255996555447843,63,0.0005636550498318377,1,1,Internal
ADBE,USB,-0.5483414518699231,63,3.956269064328322e-06,1,5,External
ADBE,VMC,-0.40135343548163493,63,0.001224799697483543,1,5,External
ADBE,VRTX,0.5210674081203137,63,1.4115666406209164e-05,1,1,Internal
ADBE,VTR,-0.41052104623135915,63,0.0009195379972859389,1,15,External
ADBE,WAB,-0.5190691836822364,63,1.5428463731312074e-05,1,15,External
ADBE,WBD,-0.46608760747538536,63,0.0001346097833775266,1,15,External
ADBE,WFC,-0.5668686284199632,63,1.5609935952333766e-06,1,5,External
ADBE,XOM,-0.5078869543187362,63,2.512017015714416e-05,1,11,External
ADBE,XYL,-0.46698527539137025,63,0.00013013400514249733,1,20,External
ADI,AMAT,0.5124146922135351,63,2.0663302748168157e-05,0,0,Internal
ADI,AVGO,0.6056740141930143,63,1.8316004077931975e-07,0,0,Internal
ADI,INTC,0.5808580408530029,63,7.443370159269478e-07,0,0,Internal
ADI,KLAC,0.5063685210618347,63,2.6804048047672008e-05,0,0,Internal
ADI,LRCX,0.5542299082653318,63,2.961728884914194e-06,0,0,Internal
ADI,MCHP,0.5691207003256852,63,1.3887404278352676e-06,0,0,Internal
ADI,MPWR,0.5839053297329826,63,6.305319467187735e-07,0,0,Internal
ADI,MU,0.5199838487354237,63,1.481407177047031e-05,0,0,Internal
ADI,NSC,0.4359726008400675,63,0.0003971633481760383,0,20,External
ADI,NXPI,0.6457304193589042,63,1.4536812523572304e-08,0,0,Internal
ADI,ON,0.593151874382518,63,3.771250934658839e-07,0,0,Internal
ADI,QCOM,0.5406423582241807,63,5.729690137630854e-06,0,0,Internal
ADI,SWKS,0.6663494271009675,63,3.393998199073941e-09,0,0,Internal
ADI,TER,0.564022610323995,63,1.8073373961848357e-06,0,0,Internal
ADI,TXN,0.7437777105817053,63,4.338732048146319e-12,0,0,Internal
ADM,AIG,0.5165152064552212,63,1.7271592636604004e-05,5,5,Internal
ADM,ALB,0.470491943073079,63,0.00011392802597953181,5,15,External
ADM,AMD,-0.5007536710941113,63,3.398137397984093e-05,5,1,External
ADM,AME,0.4694787943209023,63,0.00011840851323145852,5,20,External
ADM,AOS,0.4385014388642796,63,0.0003640508218424572,5,20,External
ADM,AXP,0.40378337400367703,63,0.0011360781517294977,5,5,Internal
ADM,BAC,0.5921658360601616,63,3.9867752558694596e-07,5,5,Internal
ADM,BG,0.5149835286732032,63,1.847293977830293e-05,5,5,Internal
ADM,BK,0.5713533065176359,63,1.2356837377523032e-06,5,5,Internal
ADM,BLDR,0.45418092897621465,63,0.00020896647019858064,5,5,Internal
ADM,BRK-B,0.6115242087308466,63,1.29306257962827e-07,5,5,Internal
ADM,BXP,0.44490135242878326,63,0.0002911780166198068,5,15,External
ADM,C,0.5135939217971299,63,1.9629505273545746e-05,5,5,Internal
ADM,CARR,0.46471018918802154,63,0.0001417530105091933,5,15,External
ADM,CAT,0.6311203104472979,63,3.819826774616698e-08,5,20,External
ADM,CB,0.4616440100881997,63,0.000158919964360327,5,5,Internal
ADM,CF,0.5094080172870933,63,2.353212856116716e-05,5,5,Internal
ADM,CFG,0.48768971982779563,63,5.80917288704463e-05,5,5,Internal
ADM,CMI,0.4606094498429698,63,0.00016512927579346117,5,20,External
ADM,COF,0.4376549993717982,63,0.0003748429338602338,5,5,Internal
ADM,DAL,0.5484056183765965,63,3.943923432679487e-06,5,5,Internal
ADM,DD,0.40365146430637944,63,0.0011407415841853548,5,5,Internal
ADM,DE,0.4776117106878983,63,8.657962334338674e-05,5,5,Internal
ADM,DOW,0.5485571645495407,63,3.9149086269736425e-06,5,5,Internal
ADM,EA,-0.4735728755727764,63,0.00010124287055455878,5,1,External
ADM,EL,0.4214143087666035,63,0.0006471471433491504,5,15,External
ADM,ETN,0.47166371768043724,63,0.00010894063703373132,5,20,External
ADM,F,0.4583542427948747,63,0.00017944283852860124,5,5,Internal
ADM,FITB,0.45702612728244074,63,0.0001883953028508515,5,5,Internal
ADM,FRT,0.41571962644433996,63,0.000778748971260069,5,15,External
ADM,FTV,0.4823797206434382,63,7.1795827135418e-05,5,20,External
ADM,GD,0.5526618699787813,63,3.2008332840509414e-06,5,5,Internal
ADM,GM,0.42141515256814327,63,0.0006471292371311283,5,15,External
ADM,HBAN,0.4314261493230564,63,0.00046366732245353264,5,5,Internal
ADM,HIG,0.5570281215195694,63,2.576008550271242e-06,5,5,Internal
ADM,HII,0.4131563831915517,63,0.0008455266865271372,5,20,External
ADM,HON,0.5901709771263547,63,4.458688773683243e-07,5,20,External
ADM,HPE,0.4561724769074382,63,0.00019436356546023159,5,5,Internal
ADM,HUM,-0.45838993372440423,63,0.00017920772580720396,5,1,External
ADM,HWM,0.5386171740359965,63,6.30643917273293e-06,5,5,Internal
ADM,IDXX,-0.46496701406363866,63,0.00014039530152246097,5,1,External
ADM,IEX,0.43307961230776476,63,0.000438391387491256,5,20,External
ADM,INTU,-0.5617226497792221,63,2.032525515195892e-06,5,1,External
ADM,IP,0.43237048146840484,63,0.00044907400567194055,5,5,Internal
ADM,J,0.46142726672217516,63,0.00016020281994650376,5,20,External
ADM,JBL,0.4758607217834399,63,9.267834088261265e-05,5,15,External
ADM,JCI,0.4814006991086054,63,7.462667373823319e-05,5,5,Internal
ADM,JPM,0.48736518989851557,63,5.885450233121599e-05,5,5,Internal
ADM,KEY,0.5474045784418736,63,4.1406832797268034e-06,5,5,Internal
ADM,KIM,0.4263851380079425,63,0.0005491218070764669,5,15,External
ADM,L,0.5726717023102471,63,1.1528802986608495e-06,5,5,Internal
ADM,LUV,0.5036823813653588,63,3.004143182954109e-05,5,5,Internal
ADM,LW,0.5314511028840222,63,8.811049347563453e-06,5,15,External
ADM,LYB,0.4937170516373049,63,4.5482999080141015e-05,5,5,Internal
ADM,LYV,0.4142882196853826,63,0.0008154268553905489,5,15,External
ADM,MET,0.47113617191128815,63,0.00011116063325308183,5,5,Internal
ADM,META,-0.43045938660018324,63,0.0004790527089162602,5,1,External
ADM,MLM,0.4803240537773045,63,7.785831289715979e-05,5,5,Internal
ADM,MO,0.5100752634306674,63,2.2865313101277898e-05,5,15,External
ADM,MOH,-0.4432251310851947,63,0.0003088514501895978,5,1,External
ADM,MOS,0.44277996357900495,63,0.0003137068147319247,5,5,Internal
ADM,MS,0.4585597077601833,63,0.00017809320509733768,5,5,Internal
ADM,MSCI,-0.4787156308112045,63,8.292689027609167e-05,5,1,External
ADM,MSFT,-0.49669504517212504,63,4.023513692923938e-05,5,1,External
ADM,MTB,0.4959656834086456,63,4.1465934194446054e-05,5,5,Internal
ADM,NCLH,0.4243115595205364,63,0.000588244967262261,5,15,External
ADM,NFLX,-0.5053049677450627,63,2.8045118555897755e-05,5,1,External
ADM,NOW,-0.44015829051929717,63,0.0003437413265911523,5,1,External
ADM,NTRS,0.544790245578059,63,4.698621272925772e-06,5,5,Internal
ADM,NUE,0.48460162296541653,63,6.573451547011996e-05,5,5,Internal
ADM,NVDA,-0.553625126094702,63,3.0519000945674592e-06,5,1,External
ADM,NWS,0.43646821575857153,63,0.0003904654685199466,5,15,External
ADM,NWSA,0.40838946212013727,63,0.0009836274492884944,5,15,External
ADM,OMC,0.43424302579772917,63,0.0004213650106020089,5,5,Internal
ADM,OTIS,0.41293821770904543,63,0.0008514426733946812,5,15,External
ADM,PCAR,0.5508876768127978,63,3.4930757256015514e-06,5,20,External
ADM,PFG,0.5065466694399832,63,2.6601210175687755e-05,5,5,Internal
ADM,PKG,0.4338379112101292,63,0.0004272242794077601,5,20,External
ADM,PNC,0.4345550061868878,63,0.00041690270885891745,5,5,Internal
ADM,PNR,0.43928444502829755,63,0.00035432036016365523,5,20,External
ADM,PRU,0.5130950918577314,63,2.0060814824040632e-05,5,5,Internal
ADM,PWR,0.45724381466724945,63,0.00018690045118348152,5,20,External
ADM,RF,0.5489197859682273,63,3.8462887935675885e-06,5,5,Internal
ADM,RJF,0.4186242009343288,63,0.0007088723748606305,5,5,Internal
ADM,SCHW,0.45777315486687414,63,0.00018331070751709846,5,5,Internal
ADM,SLB,0.4094121745915056,63,0.0009523914166135389,5,11,External
ADM,SNPS,-0.4227218373464863,63,0.0006199328638552993,5,1,External
ADM,STT,0.5436096942027389,63,4.972902937872147e-06,5,5,Internal
ADM,SWK,0.4708847215330445,63,0.00011223334367719341,5,5,Internal
ADM,SYF,0.4238935568978426,63,0.0005964313831005813,5,5,Internal
ADM,T,0.4615521628167245,63,0.00015946243330854746,5,5,Internal
ADM,TAP,0.5663389303841009,63,1.604317742633763e-06,5,5,Internal
ADM,TECH,-0.4237229682930407,63,0.0005998018818026355,5,1,External
ADM,TFC,0.5095189827983391,63,2.34199993085294e-05,5,5,Internal
ADM,TMO,-0.4802621494893515,63,7.804798642920886e-05,5,1,External
ADM,TRV,0.534112065090573,63,7.789001064125805e-06,5,5,Internal
ADM,TSN,0.40616353425109913,63,0.001054830135628712,5,5,Internal
ADM,TT,0.4576325566607473,63,0.00018425796859253008,5,20,External
ADM,TTWO,-0.4257566249707218,63,0.0005607231446441368,5,1,External
ADM,TXT,0.6450104688270324,63,1.5264031463108475e-08,5,5,Internal
ADM,UAL,0.49873384707856167,63,3.6971559942020264e-05,5,5,Internal
ADM,USB,0.4744939599920352,63,9.771085917224404e-05,5,5,Internal
ADM,VRSN,-0.4482053995327387,63,0.0002590167093674332,5,1,External
ADM,VRTX,-0.4485010982574571,63,0.00025630284285935276,5,1,External
ADM,VTRS,0.44888512342233755,63,0.0002528171184123569,5,5,Internal
ADM,WAB,0.5065859719514658,63,2.6556652675865845e-05,5,15,External
ADM,WFC,0.4800275395170922,63,7.877069707836948e-05,5,5,Internal
ADM,WRB,0.4274187746784837,63,0.0005305155686790457,5,5,Internal
ADM,WY,0.42456026832469895,63,0.0005834226062189022,5,15,External
ADP,PAYX,0.5652229870615953,63,1.699302383076602e-06,20,20,Internal
ADSK,NOW,0.41636204049877695,63,0.0007627785521156433,1,1,Internal
ADSK,PTC,0.4576393103953652,63,0.00018421236390809043,1,1,Internal
ADSK,T,-0.4291853252386229,63,0.0005000371190997401,1,5,External
ADSK,VZ,-0.4062509146642211,63,0.0010519496667172146,1,1,Internal
AEE,AEP,0.747330116950329,63,3.0200846355048186e-12,7,7,Internal
AEE,AMT,0.40750333511717657,63,0.0010114360765850928,7,7,Internal
AEE,ATO,0.5788221112678774,63,8.308244677787789e-07,7,7,Internal
AEE,AWK,0.8009018859852522,63,5.499936685727828e-15,7,7,Internal
AEE,CMS,0.7831516013451835,63,5.410418735778713e-14,7,7,Internal
AEE,D,0.5190109002092863,63,1.546840463409809e-05,7,7,Internal
AEE,DTE,0.5087857342943594,63,2.417021410717941e-05,7,7,Internal
AEE,DUK,0.7307688359404929,63,1.557002463912652e-11,7,7,Internal
AEE,ED,0.6325632574371497,63,3.4800042724021986e-08,7,7,Internal
AEE,EIX,0.4315398712398232,63,0.00046188736220390876,7,7,Internal
AEE,ES,0.7128058082440644,63,8.091958241504659e-11,7,7,Internal
AEE,ETR,0.6993424280888061,63,2.569891633441192e-10,7,7,Internal
AEE,EVRG,0.6273873896013796,63,4.850250575899287e-08,7,7,Internal
AEE,EXC,0.6170069291112896,63,9.270402857603676e-08,7,7,Internal
AEE,FE,0.6643253758031255,63,3.9346730010430096e-09,7,7,Internal
AEE,LNT,0.7893807920043633,63,2.4868489989399937e-14,7,7,Internal
AEE,META,-0.40027723664122583,63,0.0012660491827302517,7,1,External
AEE,NEE,0.6976577281637358,63,2.956493306476742e-10,7,7,Internal
AEE,NI,0.7427661492021396,63,4.80504579710646e-12,7,7,Internal
AEE,PEG,0.5519941941385396,63,3.30802133550473e-06,7,7,Internal
AEE,PLD,0.43503095200937353,63,0.0004101779890054173,7,7,Internal
AEE,PNW,0.7196164862315922,63,4.3971873464002673e-11,7,7,Internal
AEE,PPL,0.4415226048733733,63,0.0003277991156471078,7,7,Internal
AEE,SO,0.6482502819701126,63,1.2241272084161965e-08,7,7,Internal
AEE,WEC,0.8058924633473422,63,2.773970645918638e-15,7,7,Internal
AEE,WM,0.43982512597883877,63,0.00034774027493725577,7,7,Internal
AEE,XEL,0.7698612800217166,63,2.6170890761864336e-13,7,7,Internal
AEP,AMT,0.4127131612463069,63,0.0008575846991076972,7,7,Internal
AEP,ATO,0.617471051812203,63,9.01026342448224e-08,7,7,Internal
AEP,AWK,0.6824812530315766,63,1.0019562912170213e-09,7,7,Internal
AEP,CCI,0.4155106115318603,63,0.0007840099291580885,7,7,Internal
AEP,CMS,0.7850180085001776,63,4.297884715633139e-14,7,7,Internal
AEP,CNP,0.4897650499190482,63,5.342561461035509e-05,7,7,Internal
AEP,D,0.6037425056478332,63,2.0515873583149295e-07,7,7,Internal
AEP,DTE,0.49724171468613154,63,3.933487734695243e-05,7,7,Internal
AEP,DUK,0.7740070599536271,63,1.618993029047459e-13,7,7,Internal
AEP,ECL,0.40483638842779157,63,0.001099462105278812,7,7,Internal
AEP,ED,0.6032898096521325,63,2.10662876968482e-07,7,7,Internal
AEP,EIX,0.5600422497001151,63,2.213369675692046e-06,7,7,Internal
AEP,ES,0.7231334892573038,63,3.186681156251139e-11,7,7,Internal
AEP,ESS,0.4187574979175898,63,0.0007058063218596258,7,15,External
AEP,ETR,0.7861517230053171,63,3.732861310987221e-14,7,7,Internal
AEP,EVRG,0.7598485530110336,63,8.019621909218015e-13,7,7,Internal
AEP,EXC,0.6324684739087129,63,3.5014195535330525e-08,7,7,Internal
AEP,FE,0.6622091701846792,63,4.586749367266049e-09,7,7,Internal
AEP,LNT,0.8224246542919933,63,2.475341040607511e-16,7,7,Internal
AEP,MMC,0.4180656680215645,63,0.0007218511353858596,7,7,Internal
AEP,MU,-0.4763416253074106,63,9.09651253998967e-05,7,0,External
AEP,NEE,0.7237268948458138,63,3.01671587166604e-11,7,7,Internal
AEP,NI,0.7607071840870097,63,7.300929520875303e-13,7,7,Internal
AEP,PCG,0.47638293468088316,63,9.081932896349707e-05,7,7,Internal
AEP,PEG,0.4778884849445045,63,8.565015397333794e-05,7,7,Internal
AEP,PLD,0.45702956422759733,63,0.0001883716166345155,7,7,Internal
AEP,PNW,0.7469281124834906,63,3.1474217306147503e-12,7,7,Internal
AEP,PPL,0.5482841708932168,63,3.967320397154949e-06,7,7,Internal
AEP,SBAC,0.40376318746003087,63,0.001136790696187256,7,7,Internal
AEP,SO,0.7137425484222376,63,7.448606035305152e-11,7,7,Internal
AEP,SRE,0.4203061515044465,63,0.0006710545574892858,7,7,Internal
AEP,WEC,0.719855537460078,63,4.302662066439262e-11,7,7,Internal
AEP,WM,0.43509516214235644,63,0.000409278351228279,7,7,Internal
AEP,XEL,0.7341146508998202,63,1.1288909201901922e-11,7,7,Internal
AES,AIZ,0.4081093000344865,63,0.0009923440466728867,5,5,Internal
AES,AMCR,0.42377731824564663,63,0.0005987261620397578,5,5,Internal
AES,AMD,-0.47431880398555,63,9.837366016692535e-05,5,1,External
AES,AMZN,-0.5789620286762838,63,8.245912996631325e-07,5,1,External
AES,AXP,0.49074209478073205,63,5.135089565138527e-05,5,5,Internal
AES,BBY,0.43359103449617165,63,0.00043083117106988564,5,15,External
AES,C,0.45162555264596554,63,0.00022917344259046612,5,5,Internal
AES,CF,0.41756213509120743,63,0.0007337358391774998,5,5,Internal
AES,CFG,0.446570112919795,63,0.0002745049569544959,5,5,Internal
AES,COF,0.43558779408385917,63,0.0004024356887320182,5,5,Internal
AES,DD,0.509930022286018,63,2.3008950766750496e-05,5,5,Internal
AES,DE,0.43209494217893574,63,0.0004532883073839536,5,5,Internal
AES,DOC,0.4844025639573677,63,6.625764930976286e-05,5,15,External
AES,DOV,0.509399314441533,63,2.3540943692028525e-05,5,20,External
AES,DOW,0.49015544727602217,63,5.258750831885576e-05,5,5,Internal
AES,DTE,0.6260849669034759,63,5.2678108118040405e-08,5,7,External
AES,EA,-0.48479669025739985,63,6.522556953713184e-05,5,1,External
AES,EMR,0.4168139228573809,63,0.0007517229298551962,5,20,External
AES,EXC,0.4791364787874359,63,8.157212530030378e-05,5,7,External
AES,F,0.41453509421101126,63,0.0008089916479118947,5,5,Internal
AES,FDX,0.4589924990592796,63,0.00017528071683610105,5,20,External
AES,FITB,0.5010887456561794,63,3.350753178651838e-05,5,5,Internal
AES,FRT,0.5060703110287345,63,2.7146796911013467e-05,5,15,External
AES,GD,0.41673810221108876,63,0.0007535677515103706,5,5,Internal
AES,GE,0.40948602114169913,63,0.0009501710138608014,5,5,Internal
AES,GL,0.4852591608546789,63,6.40334335798668e-05,5,5,Internal
AES,HBAN,0.4310336120061298,63,0.00046985928539307044,5,5,Internal
AES,HON,0.48969935406090775,63,5.3567856970858775e-05,5,20,External
AES,HPE,0.4496258336721126,63,0.00024621591650129645,5,5,Internal
AES,HST,0.41029804887250887,63,0.0009260615073599796,5,15,External
AES,HWM,0.5270912036921003,63,1.0759379834752196e-05,5,5,Internal
AES,IBM,0.45138351580405667,63,0.00023117717829441612,5,5,Internal
AES,IDXX,-0.4172284122403506,63,0.0007417098755907515,5,1,External
AES,IP,0.6293521340680522,63,4.2790241488737106e-08,5,5,Internal
AES,IR,0.49384958949152363,63,4.5236597095706265e-05,5,15,External
AES,JBL,0.4641750523613553,63,0.00014462081294904514,5,15,External
AES,JCI,0.41836643822068575,63,0.0007148355801093173,5,5,Internal
AES,JPM,0.4444967604950262,63,0.0002953572284852864,5,5,Internal
AES,KEY,0.4465583139091608,63,0.00027461971826670293,5,5,Internal
AES,KIM,0.5262424463350924,63,1.1182473355438541e-05,5,15,External
AES,L,0.44159171724218044,63,0.0003270097662253241,5,5,Internal
AES,LYB,0.4790952186484575,63,8.170404013019428e-05,5,5,Internal
AES,MET,0.46057248346469715,63,0.00016535520432476794,5,5,Internal
AES,MLM,0.43065163753566477,63,0.00047595669874848776,5,5,Internal
AES,MOS,0.4284949659483849,63,0.0005117533178874808,5,5,Internal
AES,MPC,0.4617112257294641,63,0.0001585240478390982,5,11,External
AES,MSFT,-0.517838243711055,63,1.629270293619363e-05,5,1,External
AES,MTB,0.5268411419747892,63,1.0882458312515133e-05,5,5,Internal
AES,NFLX,-0.47147752365426715,63,0.00010971947392022428,5,1,External
AES,NRG,0.47406961444533385,63,9.932373804279479e-05,5,7,External
AES,NUE,0.4844011071616432,63,6.626149192925552e-05,5,5,Internal
AES,NVDA,-0.4437806624587545,63,0.0003028885657689326,5,1,External
AES,NWSA,0.40900582573628735,63,0.0009646934378669996,5,15,External
AES,OMC,0.4440820631203689,63,0.00029969757538540233,5,5,Internal
AES,PEG,0.45752096712819085,63,0.00018501297711887208,5,7,External
AES,PH,0.5065795280002925,63,2.6563953480120927e-05,5,15,External
AES,PKG,0.4889686923306373,63,5.517360290748033e-05,5,20,External
AES,PNC,0.5361942189177595,63,7.0674908290561746e-06,5,5,Internal
AES,PPL,0.5659062720328507,63,1.640537822936322e-06,5,7,External
AES,PSKY,0.4490898772028715,63,0.00025097636560212754,5,5,Internal
AES,PWR,0.4349732378314765,63,0.00041098814860387377,5,20,External
AES,REG,0.5408931910355879,63,5.6617839493522825e-06,5,15,External
AES,RF,0.4578578048236361,63,0.00018274254372512241,5,5,Internal
AES,RJF,0.4432061052073613,63,0.00030905755142420356,5,5,Internal
AES,RL,0.543623564852733,63,4.9695953486399794e-06,5,15,External
AES,RTX,0.47291315564279673,63,0.00010384441261872306,5,15,External
AES,SNA,0.5294479972787376,63,9.661344635498068e-06,5,15,External
AES,SWK,0.6009748975942812,63,2.410497720307089e-07,5,5,Internal
AES,SYF,0.4937986485195722,63,4.533115547555005e-05,5,5,Internal
AES,TECH,-0.4349112595434612,63,0.00041185978703443175,5,1,External
AES,TEL,0.6044272267714362,63,1.9709013966261585e-07,5,15,External
AES,TFC,0.4771292152273728,63,8.822218573029033e-05,5,5,Internal
AES,TRV,0.44042429856970505,63,0.0003405785998816686,5,5,Internal
AES,TXT,0.6178006031272774,63,8.829747313135855e-08,5,5,Internal
AES,UAL,0.42284406601788965,63,0.0006174426549481284,5,5,Internal
AES,USB,0.4993644921230706,63,3.601277908004898e-05,5,5,Internal
AES,VLO,0.42408859803083765,63,0.0005925988063752273,5,11,External
AES,VMC,0.46332807848728247,63,0.00014926873537014518,5,5,Internal
AES,VRTX,-0.45717593950287905,63,0.0001873653778128973,5,1,External
AES,VTR,0.5570367924241235,63,2.5748899158073033e-06,5,15,External
AES,WAB,0.47729346565272285,63,8.765983375131102e-05,5,15,External
AES,WBD,0.4090046308350557,63,0.0009647298234451527,5,15,External
AES,WELL,0.5086988533425322,63,2.426056652225577e-05,5,15,External
AES,WFC,0.48921746288163986,63,5.462196777455895e-05,5,5,Internal
AFL,AIG,0.625308136584603,63,5.5327858126693344e-08,5,5,Internal
AFL,AIZ,0.5433711710350206,63,5.030103411618904e-06,5,5,Internal
AFL,AMD,-0.4467461836805939,63,0.00027279762629441544,5,1,External
AFL,AMP,0.5756246278279041,63,9.859094332052145e-07,5,5,Internal
AFL,AMZN,-0.5050715693237999,63,2.8324500981241326e-05,5,1,External
AFL,AXP,0.5943671007782241,63,3.5206928475965917e-07,5,5,Internal
AFL,BAC,0.5285942699386498,63,1.0046450198100347e-05,5,5,Internal
AFL,BKR,0.47686306494385233,63,8.914047183612524e-05,5,11,External
AFL,BRK-B,0.42314027523925685,63,0.0006114454578125103,5,5,Internal
AFL,BXP,0.6057925686723656,63,1.8188487409016016e-07,5,15,External
AFL,C,0.5451796156898272,63,4.6112990550767e-06,5,5,Internal
AFL,CARR,0.43466644500622237,63,0.00041531923668498795,5,15,External
AFL,CBRE,0.5607488416103188,63,2.1355659324850606e-06,5,5,Internal
AFL,CCL,0.46090856532296615,63,0.00016331154536791624,5,15,External
AFL,CDNS,-0.4955161630689054,63,4.2241740523284875e-05,5,1,External
AFL,CF,0.5074916892936945,63,2.554879861109104e-05,5,5,Internal
AFL,CFG,0.5868983072695724,63,5.348238963739106e-07,5,5,Internal
AFL,CMI,0.4530248777279279,63,0.0002178970144841759,5,20,External
AFL,COF,0.5945013722495888,63,3.49398986038413e-07,5,5,Internal
AFL,CTVA,0.4132772516091121,63,0.0008422651184812258,5,15,External
AFL,DAL,0.5748308203541534,63,1.0284138021365708e-06,5,5,Internal
AFL,DD,0.4023573689644936,63,0.0011874147980090411,5,5,Internal
AFL,DE,0.46414282816535435,63,0.00014479519046669195,5,5,Internal
AFL,DOC,0.45649107675629447,63,0.00019211612801414257,5,15,External
AFL,DOV,0.4763947082112859,63,9.077781511427653e-05,5,20,External
AFL,DOW,0.5299860631378424,63,9.425736268928496e-06,5,5,Internal
AFL,DRI,0.46263020102294944,63,0.0001532010120972275,5,15,External
AFL,ETN,0.43831494688435374,63,0.000366403981306037,5,20,External
AFL,EXPE,0.482601717693815,63,7.116784376406967e-05,5,15,External
AFL,F,0.45784658273847256,63,0.00018281777259836505,5,5,Internal
AFL,FITB,0.5403569734716029,63,5.807873691238759e-06,5,5,Internal
AFL,FOX,0.43833346941989737,63,0.0003661696452886601,5,15,External
AFL,FOXA,0.4100983723562491,63,0.00093193822504815,5,15,External
AFL,FRT,0.5151408952292998,63,1.8346029252744555e-05,5,15,External
AFL,GD,0.5181388933444626,63,1.6077564127833892e-05,5,5,Internal
AFL,GE,0.43938587495825254,63,0.0003530773778973641,5,5,Internal
AFL,GL,0.5681412514168511,63,1.4613424747247184e-06,5,5,Internal
AFL,GM,0.4925922564428092,63,4.762459181363791e-05,5,15,External
AFL,GS,0.4541765552860508,63,0.00020899961635032228,5,5,Internal
AFL,HBAN,0.5531191593304353,63,3.1293027158007554e-06,5,5,Internal
AFL,HIG,0.5598807765135683,63,2.231518121972624e-06,5,5,Internal
AFL,HON,0.4475009076250585,63,0.00026558851912833324,5,20,External
AFL,HPE,0.42185629975367644,63,0.0006378289509878336,5,5,Internal
AFL,HST,0.473746335982338,63,0.00010056887080144323,5,15,External
AFL,HWM,0.5081776051260991,63,2.480924913703748e-05,5,5,Internal
AFL,IP,0.5750466360020129,63,1.0166909878970341e-06,5,5,Internal
AFL,IR,0.5190193376202252,63,1.5462616647125064e-05,5,15,External
AFL,IRM,0.5734803589170521,63,1.1046961011377686e-06,5,15,External
AFL,IT,0.5221195817967079,63,1.3466880646870268e-05,5,5,Internal
AFL,JPM,0.44125813368473193,63,0.000330835779588893,5,5,Internal
AFL,KEY,0.635964295275662,63,2.7885294702645427e-08,5,5,Internal
AFL,KIM,0.5621046918955146,63,1.9933866619310832e-06,5,15,External
AFL,KMI,0.4086437483881796,63,0.0009757757932526485,5,11,External
AFL,L,0.4961632985090712,63,4.112906577951597e-05,5,5,Internal
AFL,LUV,0.4938791359065682,63,4.5181835578943696e-05,5,5,Internal
AFL,LYB,0.5439218879369642,63,4.898952257608813e-06,5,5,Internal
AFL,MAR,0.4583234455101891,63,0.00017964594164933043,5,15,External
AFL,MET,0.8021561858382474,63,4.639187460797524e-15,5,5,Internal
AFL,MGM,0.4677825287698112,63,0.00012627390819706916,5,15,External
AFL,MHK,0.4841970087822418,63,6.680188211041242e-05,5,15,External
AFL,MOS,0.5123680768233387,63,2.0705188564413845e-05,5,5,Internal
AFL,MS,0.4795781446130328,63,8.017228976717978e-05,5,5,Internal
AFL,MSFT,-0.5649468406256839,63,1.7236063731492176e-06,5,1,External
AFL,MTB,0.608722980924621,63,1.5289886410215628e-07,5,5,Internal
AFL,NCLH,0.4251625524534092,63,0.0005718928070452424,5,15,External
AFL,NFLX,-0.5024206029289294,63,3.1683918169040345e-05,5,1,External
AFL,NTRS,0.4549590063587609,63,0.00020314575793535245,5,5,Internal
AFL,NUE,0.40452718243121044,63,0.0011101021104299074,5,5,Internal
AFL,NVDA,-0.4514004472577227,63,0.00023103648943689328,5,1,External
AFL,OMC,0.4429879515677331,63,0.0003114297247802159,5,5,Internal
AFL,ORLY,-0.4727886664213086,63,0.00010434216514208428,5,1,External
AFL,PCAR,0.41718120525972385,63,0.0007428441579970632,5,20,External
AFL,PFG,0.6359207282764984,63,2.7965014497379868e-08,5,5,Internal
AFL,PH,0.43239609311912697,63,0.00044868409784725404,5,15,External
AFL,PNC,0.43173779085144925,63,0.00045880436012782296,5,5,Internal
AFL,PNR,0.5515758402893438,63,3.3768827584370132e-06,5,20,External
AFL,PRU,0.7489523666197571,63,2.554457974167729e-12,5,5,Internal
AFL,PSKY,0.539658084339978,63,6.003561564302429e-06,5,5,Internal
AFL,REG,0.5378280499737815,63,6.5454818026463845e-06,5,15,External
AFL,RF,0.590554772334556,63,4.3640033222331463e-07,5,5,Internal
AFL,RJF,0.5090667261773325,63,2.388012616347427e-05,5,5,Internal
AFL,SLB,0.44171279083133935,63,0.00032563113198077586,5,11,External
AFL,SNPS,-0.42661602735853554,63,0.0005449149864710891,5,1,External
AFL,SPG,0.5489874515861062,63,3.833609259431216e-06,5,15,External
AFL,STT,0.47526504134506486,63,9.484160789500717e-05,5,5,Internal
AFL,SWK,0.5684526729687347,63,1.4378814210797766e-06,5,5,Internal
AFL,SYF,0.5539095090231109,63,3.0091845444535563e-06,5,5,Internal
AFL,TECH,-0.4658157429666812,63,0.00013599292385169548,5,1,External
AFL,TEL,0.5099223001039682,63,2.301661106889475e-05,5,15,External
AFL,TFC,0.5567933457185402,63,2.6064703035681057e-06,5,5,Internal
AFL,TPR,0.5939635637065618,63,3.6021051545536034e-07,5,15,External
AFL,TRV,0.5169740942335225,63,1.692604838268984e-05,5,5,Internal
AFL,TSN,0.5053677459192752,63,2.7970408729723296e-05,5,5,Internal
AFL,TXT,0.6091818175933358,63,1.4877516102190584e-07,5,5,Internal
AFL,UAL,0.49994732855185625,63,3.5147187937044976e-05,5,5,Internal
AFL,USB,0.5917943514641637,63,4.0709349386825996e-07,5,5,Internal
AFL,VRSN,-0.4054655532394321,63,0.0010780953681621091,5,1,External
AFL,VRTX,-0.4214847349757925,63,0.0006456541810128399,5,1,External
AFL,WAB,0.6588789754170054,63,5.824206307026302e-09,5,15,External
AFL,WBD,0.5260008474281307,63,1.1305706512129912e-05,5,15,External
AFL,WFC,0.5141395076981411,63,1.9167630328972162e-05,5,5,Internal
AFL,WRB,0.46920205304076223,63,0.00011966020165024842,5,5,Internal
AIG,AIZ,0.49988537319484605,63,3.523827701536597e-05,5,5,Internal
AIG,ALB,0.4240852582408947,63,0.0005926642451275226,5,15,External
AIG,AMD,-0.43278246622838135,63,0.0004428392504790425,5,1,External
AIG,AMGN,-0.43905516433008446,63,0.0003571448103833889,5,1,External
AIG,AMP,0.6249528898206764,63,5.658107341771045e-08,5,5,Internal
AIG,AXP,0.5903992493680712,63,4.4021420908039975e-07,5,5,Internal
AIG,BAC,0.599851774506562,63,2.572360915106983e-07,5,5,Internal
AIG,BG,0.5043100275917535,63,2.9254111241159064e-05,5,5,Internal
AIG,BKNG,0.4234789218297882,63,0.0006046538046764567,5,15,External
AIG,BKR,0.45367818792750875,63,0.00021280817589949333,5,11,External
AIG,BLDR,0.4774470946523027,63,8.713683545305423e-05,5,5,Internal
AIG,BXP,0.49315593532250157,63,4.653997635937331e-05,5,15,External
AIG,C,0.5955871711104689,63,3.2849443500484857e-07,5,5,Internal
AIG,CB,0.6026337259341956,63,2.188871355103448e-07,5,5,Internal
AIG,CBRE,0.5735329215355619,63,1.1016304122585352e-06,5,5,Internal
AIG,CCL,0.536702398089774,63,6.901111682606818e-06,5,15,External
AIG,CDNS,-0.48638690442860477,63,6.121013708011782e-05,5,1,External
AIG,CF,0.6041247549011164,63,2.0061684332751309e-07,5,5,Internal
AIG,CFG,0.611177641118008,63,1.3202699191094083e-07,5,5,Internal
AIG,CHD,-0.43472053194438315,63,0.00041455267167460596,5,1,External
AIG,COF,0.6280872511874639,63,4.638984776195281e-08,5,5,Internal
AIG,COST,-0.4919965464990019,63,4.879618483360139e-05,5,1,External
AIG,CPRT,0.42442388765183714,63,0.0005860625112239348,5,15,External
AIG,DAL,0.6642954900732655,63,3.943236738749215e-09,5,5,Internal
AIG,DD,0.5229772806606259,63,1.2958633315871824e-05,5,5,Internal
AIG,DG,-0.45428003486180507,63,0.00020821668147564854,5,1,External
AIG,DHR,-0.4958938873506403,63,4.1588953153592256e-05,5,1,External
AIG,DIS,0.4414044766735023,63,0.00032915231108773064,5,5,Internal
AIG,DOC,0.4411696745696564,63,0.0003318571797643513,5,15,External
AIG,DOW,0.6460438551731035,63,1.423056499388426e-08,5,5,Internal
AIG,DPZ,-0.44745355923645325,63,0.00026603562164496844,5,1,External
AIG,DRI,0.4264592023115585,63,0.0005477691494088331,5,15,External
AIG,EA,-0.4307896846020436,63,0.0004737448188694873,5,1,External
AIG,EG,0.5097754475047429,63,2.3162737729915466e-05,5,5,Internal
AIG,EQIX,-0.4266362144783893,63,0.0005445485701832379,5,7,External
AIG,EXPE,0.43948826381027645,63,0.00035182667623522706,5,15,External
AIG,F,0.6099591892301167,63,1.4202687552248965e-07,5,5,Internal
AIG,FITB,0.5697645306950627,63,1.342872160223362e-06,5,5,Internal
AIG,FRT,0.655762666695666,63,7.263428399183363e-09,5,15,External
AIG,GD,0.5806578075039195,63,7.524526236055448e-07,5,5,Internal
AIG,GL,0.5280390506309655,63,1.0304517330620208e-05,5,5,Internal
AIG,GM,0.6148865238805624,63,1.0551595788007239e-07,5,15,External
AIG,GS,0.49554524746098794,63,4.219114194724049e-05,5,5,Internal
AIG,HBAN,0.5759178899078726,63,9.706277790036039e-07,5,5,Internal
AIG,HIG,0.7908393023313189,63,2.0652180174093727e-14,5,5,Internal
AIG,HON,0.5172391952314435,63,1.6729362862593785e-05,5,20,External
AIG,HPE,0.4242216930133388,63,0.0005899963157690272,5,5,Internal
AIG,HSIC,0.41282516799496577,63,0.0008545229310009476,5,20,External
AIG,HST,0.4988666544285927,63,3.6767709238246904e-05,5,15,External
AIG,HWM,0.41080136345479346,63,0.000911396545080174,5,5,Internal
AIG,IDXX,-0.4074402906375352,63,0.0010134413160168033,5,1,External
AIG,INCY,-0.41671020703604683,63,0.0007542475101421048,5,1,External
AIG,INTC,-0.4114814596902983,63,0.0008919139135939346,5,0,External
AIG,IP,0.5183405002796222,63,1.593477929219453e-05,5,5,Internal
AIG,IR,0.43355104431705815,63,0.00043141803171032705,5,15,External
AIG,IRM,0.5517540115157713,63,3.3473934883504082e-06,5,15,External
AIG,IT,0.4730644476290194,63,0.00010324243273983413,5,5,Internal
AIG,JBL,0.4533882137274803,63,0.00021505330053862062,5,15,External
AIG,JCI,0.5562809120157737,63,2.674131434252395e-06,5,5,Internal
AIG,JNJ,-0.5427942360165897,63,5.171006811333488e-06,5,1,External
AIG,JPM,0.5672309101125138,63,1.531996134041134e-06,5,5,Internal
AIG,KEY,0.6552233246447476,63,7.544443236291476e-09,5,5,Internal
AIG,KEYS,-0.502148363756378,63,3.20490302349042e-05,5,0,External
AIG,KIM,0.6791054077166835,63,1.3016282977884084e-09,5,15,External
AIG,KMI,0.5064916909887361,63,2.666365581704551e-05,5,11,External
AIG,L,0.5543518819225366,63,2.943847413614757e-06,5,5,Internal
AIG,LKQ,0.42098706480589454,63,0.0006562715321153381,5,15,External
AIG,LUV,0.6323987969923939,63,3.517241615020842e-08,5,5,Internal
AIG,LVS,0.42477057089760345,63,0.0005793729430226186,5,15,External
AIG,LW,0.42765890980917826,63,0.000526275747313626,5,15,External
AIG,LYB,0.6631594903695,63,4.282176041870793e-09,5,5,Internal
AIG,LYV,0.5054665612432955,63,2.7853185913728842e-05,5,15,External
AIG,MET,0.788908546216792,63,2.6402055446374465e-14,5,5,Internal
AIG,MGM,0.40973395082600966,63,0.0009427504537134469,5,15,External
AIG,MHK,0.5824361922293383,63,6.831889848544609e-07,5,15,External
AIG,MLM,0.4434292277939493,63,0.00030664841051841535,5,5,Internal
AIG,MOS,0.5930197905175714,63,3.799472065559355e-07,5,5,Internal
AIG,MSFT,-0.5840063609775797,63,6.270545460007036e-07,5,1,External
AIG,MTB,0.5684197702017822,63,1.4403433886540575e-06,5,5,Internal
AIG,NCLH,0.5456477029101586,63,4.508328475972502e-06,5,15,External
AIG,NFLX,-0.4347110277849067,63,0.0004146872791900181,5,1,External
AIG,NTRS,0.42228426814086445,63,0.0006289224518879326,5,5,Internal
AIG,NVDA,-0.4574534320487365,63,0.00018547129113364563,5,1,External
AIG,NWS,0.42643039751525386,63,0.0005482948598361929,5,15,External
AIG,NWSA,0.42806457364189787,63,0.0005191832007196333,5,15,External
AIG,O,0.5534546209417461,63,3.0777817560440503e-06,5,15,External
AIG,OMC,0.49086625145373575,63,5.109264925874957e-05,5,5,Internal
AIG,ORLY,-0.40645025535249846,63,0.0010454049885546576,5,1,External
AIG,PFG,0.7666640200164543,63,3.764737453816111e-13,5,5,Internal
AIG,PH,0.43478468138282755,63,0.00041364516200001884,5,15,External
AIG,PNC,0.48722076128524805,63,5.919692929927348e-05,5,5,Internal
AIG,PNR,0.4099173605284066,63,0.0009372946933191152,5,20,External
AIG,PRU,0.8165372758326832,63,6.017383680059056e-16,5,5,Internal
AIG,PSKY,0.6226546620384849,63,6.535926918457363e-08,5,5,Internal
AIG,RCL,0.4756440431804677,63,9.345991831840273e-05,5,15,External
AIG,REG,0.7044584759497802,63,1.6691612020864262e-10,5,15,External
AIG,RF,0.6624533035866895,63,4.5066030982056206e-09,5,5,Internal
AIG,RJF,0.5153744874205458,63,1.8159136987199365e-05,5,5,Internal
AIG,RL,0.4967403674765808,63,4.015978174563863e-05,5,15,External
AIG,SLB,0.4292957943444161,63,0.0004981851153286117,5,11,External
AIG,SNA,0.5208511151337788,63,1.425258450225486e-05,5,15,External
AIG,SNPS,-0.41763655884106965,63,0.0007319681609636448,5,1,External
AIG,SPG,0.5904353568195503,63,4.393259672667031e-07,5,15,External
AIG,STT,0.4735172265807108,63,0.00010145997957584548,5,5,Internal
AIG,SWK,0.4909234886465083,63,5.097400002833623e-05,5,5,Internal
AIG,SYF,0.5941874306564469,63,3.55672467830429e-07,5,5,Internal
AIG,T,0.505049573529966,63,2.8350962865482514e-05,5,5,Internal
AIG,TDG,0.4171037672292487,63,0.0007447082279693081,5,5,Internal
AIG,TECH,-0.4491461667855876,63,0.0002504724687536993,5,1,External
AIG,TFC,0.6080189549561317,63,1.5943608661522673e-07,5,5,Internal
AIG,TMO,-0.4875927213609172,63,5.8318752198490635e-05,5,1,External
AIG,TPR,0.5627896271077897,63,1.924977669981749e-06,5,15,External
AIG,TRGP,0.5356231381884702,63,7.258921038166482e-06,5,11,External
AIG,TRMB,0.50426571564716,63,2.930906299180087e-05,5,5,Internal
AIG,TRV,0.6565926702558214,63,6.850259314555989e-09,5,5,Internal
AIG,TSN,0.562549891189164,63,1.9486677383438396e-06,5,5,Internal
AIG,TXT,0.544683168952673,63,4.722903987041076e-06,5,5,Internal
AIG,UAL,0.6550114779954774,63,7.657613863648598e-09,5,5,Internal
AIG,UDR,0.4078848170963089,63,0.000999378541993615,5,15,External
AIG,USB,0.5840936243140874,63,6.240655251307206e-07,5,5,Internal
AIG,VICI,0.508560364030695,63,2.4405236920052537e-05,5,5,Internal
AIG,VRSN,-0.6023138788856682,63,2.2300524474150666e-07,5,1,External
AIG,VRTX,-0.4910245440976463,63,5.076513921346512e-05,5,1,External
AIG,VTR,0.510205882151808,63,2.2736846974582656e-05,5,15,External
AIG,VTRS,0.5320799421619967,63,8.558833275463085e-06,5,5,Internal
AIG,WAB,0.5791186549582829,63,8.176658287012535e-07,5,15,External
AIG,WBD,0.47555708231773136,63,9.377529534381663e-05,5,15,External
AIG,WELL,0.43089506969076563,63,0.00047206256428005116,5,15,External
AIG,WFC,0.5723370481714168,63,1.1733914280932394e-06,5,5,Internal
AIG,WMB,0.47099737415773096,63,0.00011175158616687386,5,11,External
AIG,WMT,-0.49066548973405416,63,5.151083520862657e-05,5,1,External
AIG,WRB,0.5623559188234762,63,1.9680349897175193e-06,5,5,Internal
AIG,WY,0.41569576873159514,63,0.0007793478570575927,5,15,External
AIZ,ALB,0.4941958257140213,63,4.459871548740769e-05,5,15,External
AIZ,AMZN,-0.42222135566211355,63,0.000630224621832298,5,1,External
AIZ,AVY,0.4623921667821333,63,0.00015456382717293307,5,15,External
AIZ,BAC,0.4853945638845308,63,6.368822023390275e-05,5,5,Internal
AIZ,BK,0.4362801689367059,63,0.0003929945814674107,5,5,Internal
AIZ,BLDR,0.46629555920155935,63,0.0001335605366555257,5,5,Internal
AIZ,BXP,0.4765506759224962,63,9.02295136204241e-05,5,15,External
AIZ,C,0.47345466451807455,63,0.00010170457051873936,5,5,Internal
AIZ,CAH,0.43799711073965264,63,0.00037044640020510454,5,1,External
AIZ,CB,0.4438349774243866,63,0.00030231124185690336,5,5,Internal
AIZ,CBRE,0.44610259815294073,63,0.00027908584035777945,5,5,Internal
AIZ,CDW,0.482468200157252,63,7.154492740807525e-05,5,15,External
AIZ,CF,0.5351960183522028,63,7.405240517870929e-06,5,5,Internal
AIZ,CFG,0.48375558032152105,63,6.798457701441595e-05,5,5,Internal
AIZ,CINF,0.42394180304045354,63,0.0005954812547180381,5,5,Internal
AIZ,DD,0.415145667427957,63,0.0007932727879153392,5,5,Internal
AIZ,DE,0.4557482595149895,63,0.0001973934117724677,5,5,Internal
AIZ,DOC,0.47233093969266116,63,0.00010619124461132731,5,15,External
AIZ,DOV,0.5163224439126549,63,1.741868764301816e-05,5,20,External
AIZ,DOW,0.4695643351370037,63,0.00011802405694023556,5,5,Internal
AIZ,EA,-0.4529395297597232,63,0.00021856997610069143,5,1,External
AIZ,EG,0.4959351453326802,63,4.1518218489463776e-05,5,5,Internal
AIZ,EMR,0.4052123723609888,63,0.00108664809265914,5,20,External
AIZ,ETN,0.5121269298867668,63,2.09231293267236e-05,5,20,External
AIZ,EXPE,0.4319914498037551,63,0.0004548804649641641,5,15,External
AIZ,EXR,0.4761038092562472,63,9.180866658701836e-05,5,7,External
AIZ,F,0.5511241258534253,63,3.452737745204786e-06,5,5,Internal
AIZ,FITB,0.416199896450366,63,0.0007667812469794561,5,5,Internal
AIZ,FRT,0.4875700703518195,63,5.837188429716223e-05,5,15,External
AIZ,FTV,0.41152090953749276,63,0.000890795429237797,5,20,External
AIZ,GD,0.46393096968655095,63,0.00014594645049253823,5,5,Internal
AIZ,GE,0.4118792889642387,63,0.0008806925220365715,5,5,Internal
AIZ,GL,0.5802799407020239,63,7.679945577018947e-07,5,5,Internal
AIZ,GLW,0.4948855396851655,63,4.335273556922198e-05,5,15,External
AIZ,GM,0.42752356985384354,63,0.0005286615072527392,5,15,External
AIZ,GOOG,-0.5313737847211671,63,8.842533549396126e-06,5,1,External
AIZ,GOOGL,-0.5340073167021399,63,7.82705132347664e-06,5,1,External
AIZ,HAS,0.4037926882545266,63,0.0011357495130486597,5,20,External
AIZ,HBAN,0.4435254337421175,63,0.00030561493479400084,5,5,Internal
AIZ,HIG,0.5423900999585762,63,5.271891692055729e-06,5,5,Internal
AIZ,HON,0.5571033733776547,63,2.566315422360345e-06,5,20,External
AIZ,HPE,0.4602703895951234,63,0.00016721216857707694,5,5,Internal
AIZ,HST,0.4736747832071071,63,0.00010084639540932647,5,15,External
AIZ,HUBB,0.4817364495483792,63,7.364446345248502e-05,5,20,External
AIZ,HWM,0.46141135536399047,63,0.00016029736883487928,5,5,Internal
AIZ,IP,0.49473373948697547,63,4.362417097892384e-05,5,5,Internal
AIZ,IR,0.5772214815064638,63,9.053480968222627e-07,5,15,External
AIZ,IRM,0.4291086816394659,63,0.0005013257147043979,5,15,External
AIZ,J,0.40943164598415366,63,0.0009518055006116532,5,20,External
AIZ,JNJ,-0.40414562590931524,63,0.001123359593556105,5,1,External
AIZ,JPM,0.5127863102994746,63,2.0332189157446415e-05,5,5,Internal
AIZ,KEY,0.4978643637652612,63,3.83322036099215e-05,5,5,Internal
AIZ,KIM,0.5138196056912491,63,1.9437210447148278e-05,5,15,External
AIZ,L,0.4348124367108465,63,0.0004132530734488411,5,5,Internal
AIZ,LYB,0.4594980073642907,63,0.00017204724179759788,5,5,Internal
AIZ,MAA,0.4794051519542498,63,8.071792312155602e-05,5,15,External
AIZ,MET,0.5286220406294524,63,1.0033701618783341e-05,5,5,Internal
AIZ,MLM,0.41381127140514246,63,0.0008279905730481733,5,5,Internal
AIZ,MNST,-0.44081123247003,63,0.0003360254593168251,5,1,External
AIZ,MOS,0.5536673175243477,63,3.0455271576174083e-06,5,5,Internal
AIZ,MSFT,-0.4784238299294105,63,8.387836677884074e-05,5,1,External
AIZ,MTB,0.5390341687755293,63,6.183433742949355e-06,5,5,Internal
AIZ,NFLX,-0.5461446697066904,63,4.40135631525887e-06,5,1,External
AIZ,NUE,0.46344457806707884,63,0.00014862139617831968,5,5,Internal
AIZ,NVDA,-0.40735144220118147,63,0.0010162733833933195,5,1,External
AIZ,O,0.41879037595710356,63,0.0007050519207381727,5,15,External
AIZ,ORLY,-0.44231911582263067,63,0.0003188064677052748,5,1,External
AIZ,OTIS,0.4452058241220817,63,0.0002880686659848601,5,15,External
AIZ,PCAR,0.40170264105272613,63,0.001211677358963763,5,20,External
AIZ,PFG,0.5189672296785395,63,1.5498394397907694e-05,5,5,Internal
AIZ,PHM,0.42714084879596875,63,0.0005354613303268646,5,15,External
AIZ,PPG,0.49280012799410844,63,4.7221921931664387e-05,5,5,Internal
AIZ,PRU,0.5950505625397593,63,3.386740427124004e-07,5,5,Internal
AIZ,PWR,0.4029796532029307,63,0.0011647608948878619,5,20,External
AIZ,REG,0.465064764425815,63,0.00013988168604101595,5,15,External
AIZ,RF,0.48927634001236003,63,5.44921582177036e-05,5,5,Internal
AIZ,RJF,0.4732672313217321,63,0.00010244060417583152,5,5,Internal
AIZ,RL,0.44401516349357534,63,0.0003004031944356725,5,15,External
AIZ,SNA,0.5316547397988979,63,8.728626475789097e-06,5,15,External
AIZ,SPG,0.4185818401575106,63,0.0007098492657073478,5,15,External
AIZ,SWK,0.5057244608129451,63,2.754938483163598e-05,5,5,Internal
AIZ,SYF,0.40104212181577503,63,0.001236605839988537,5,5,Internal
AIZ,TEL,0.4149833403293634,63,0.0007974246201331516,5,15,External
AIZ,TFC,0.5326319921058688,63,8.342973963790487e-06,5,5,Internal
AIZ,TRV,0.6135004633008436,63,1.1477410470202189e-07,5,5,Internal
AIZ,TXT,0.5224966372498836,63,1.324120848111669e-05,5,5,Internal
AIZ,UDR,0.4263988351680679,63,0.0005488714236077972,5,15,External
AIZ,USB,0.5309455756127806,63,9.018806405815756e-06,5,5,Internal
AIZ,VICI,0.4021606024576127,63,0.0011946600785957,5,5,Internal
AIZ,WAB,0.5686237050185654,63,1.4251472351313122e-06,5,15,External
AIZ,WELL,0.4236482920010631,63,0.0006012827690217103,5,15,External
AIZ,WFC,0.49435756213676735,63,4.430360108065759e-05,5,5,Internal
AIZ,WRB,0.5766946117815812,63,9.312197982903919e-07,5,5,Internal
AIZ,WY,0.4501910893185609,63,0.00024128477350213198,5,15,External
AJG,AMP,0.416045405921675,63,0.0007706126761645898,7,5,External
AJG,AON,0.4995056983109908,63,3.5801277103459385e-05,7,7,Internal
AJG,BRO,0.7593608142455266,63,8.457476804523447e-13,7,7,Internal
AJG,INVH,0.43822986743436143,63,0.0003674821116795475,7,15,External
AJG,MMC,0.4967799821092844,63,4.009402333347727e-05,7,7,Internal
AJG,WM,0.4002535327504634,63,0.0012669716276742776,7,7,Internal
AJG,WTW,0.5667227071385711,63,1.57281788667945e-06,7,7,Internal
AKAM,AMD,0.40333978222051864,63,0.0011518291312277837,1,1,Internal
AKAM,AXP,-0.48727247283562825,63,5.907411525646128e-05,1,5,External
AKAM,BAC,-0.49078219048936716,63,5.126736492997475e-05,1,5,External
AKAM,BAX,0.48684048666881125,63,6.0107337160342e-05,1,1,Internal
AKAM,BKNG,-0.4047939420592738,63,0.001100917252862832,1,15,External
AKAM,BLDR,-0.427270659354358,63,0.0005331461315793038,1,5,External
AKAM,C,-0.49048217153927504,63,5.189544480376916e-05,1,5,External
AKAM,CBOE,0.4132645398243734,63,0.0008426076031263437,1,1,Internal
AKAM,CDNS,0.4686993171045476,63,0.00012196520292705195,1,1,Internal
AKAM,CFG,-0.40848202395132366,63,0.0009807628215054412,1,5,External
AKAM,CHD,0.46673156885896955,63,0.0001313849291318466,1,1,Internal
AKAM,CL,0.4262613800063143,63,0.0005513888028700723,1,1,Internal
AKAM,CLX,0.41671567458577297,63,0.0007541142314211512,1,1,Internal
AKAM,COF,-0.5006608207342477,63,3.411377034451267e-05,1,5,External
AKAM,EA,0.4273907951275905,63,0.0005310115873005061,1,1,Internal
AKAM,FITB,-0.4497026276313365,63,0.0002455406221306174,1,5,External
AKAM,FRT,-0.4512825808146399,63,0.00023201750630137582,1,15,External
AKAM,GEN,0.41319902867864755,63,0.0008443746204200705,1,1,Internal
AKAM,GM,-0.452222488620197,63,0.00022429933227975627,1,15,External
AKAM,HBAN,-0.49288515985153875,63,4.705811430004424e-05,1,5,External
AKAM,JBL,-0.49557345453300083,63,4.214212318289821e-05,1,15,External
AKAM,JNJ,0.4230092994393472,63,0.0006140907129473758,1,1,Internal
AKAM,JPM,-0.48292738523768247,63,7.025575559188731e-05,1,5,External
AKAM,KEY,-0.4549702262170543,63,0.00020306291979622373,1,5,External
AKAM,KIM,-0.4711344013490977,63,0.00011116815357283255,1,15,External
AKAM,MHK,-0.40530635663483083,63,0.0010834660907942315,1,15,External
AKAM,MLM,-0.434769552685656,63,0.00041385902166884416,1,5,External
AKAM,MPC,-0.4746110778534911,63,9.726997261047255e-05,1,11,External
AKAM,MTB,-0.4524208962991632,63,0.0002227004078546888,1,5,External
AKAM,PFG,-0.4253359516381831,63,0.000568611896884268,1,5,External
AKAM,PNC,-0.4522338516413033,63,0.0002242074774481316,1,5,External
AKAM,RCL,-0.4046582437156602,63,0.0011055809180955055,1,15,External
AKAM,REGN,0.4283676482312149,63,0.0005139410859948136,1,1,Internal
AKAM,RF,-0.4639203180148128,63,0.0001460045538821253,1,5,External
AKAM,ROL,0.4841446712184932,63,6.694110912388687e-05,1,1,Internal
AKAM,SJM,0.4467346620276466,63,0.00027290905270543664,1,1,Internal
AKAM,SNPS,0.42437154094787033,63,0.0005870786549762711,1,1,Internal
AKAM,SPG,-0.5072043452400102,63,2.5864640606123203e-05,1,15,External
AKAM,SYF,-0.49605466161723877,63,4.1313941308049745e-05,1,5,External
AKAM,TFC,-0.4546062242363277,63,0.0002057662397793979,1,5,External
AKAM,TRGP,-0.4067989070671718,63,0.001034046398671437,1,11,External
AKAM,TYL,0.40634182366818794,63,0.0010489604082704663,1,1,Internal
AKAM,URI,-0.42978536968919434,63,0.0004900522159200943,1,15,External
AKAM,USB,-0.45928809345199884,63,0.0001733832566886751,1,5,External
AKAM,VLO,-0.40309380884262025,63,0.001160647630597025,1,11,External
AKAM,VMC,-0.43626018750903794,63,0.00039326419405984864,1,5,External
AKAM,VRSK,0.42927906995612636,63,0.0004984650971180972,1,1,Internal
AKAM,VRSN,0.5116521081389526,63,2.1358491170552e-05,1,1,Internal
AKAM,VRTX,0.4159776818000551,63,0.0007722977164392638,1,1,Internal
AKAM,VTR,-0.40152141701194055,63,0.001218471457958105,1,15,External
AKAM,WFC,-0.43211357986217924,63,0.00045300211880004395,1,5,External
AKAM,WMT,0.4012319668360792,63,0.001229394105319461,1,1,Internal
ALB,AVB,0.4304323287302381,63,0.00047948991536957527,15,15,Internal
ALB,AVY,0.528910198282468,63,9.902303839072167e-06,15,15,Internal
ALB,BK,0.4160103281047409,63,0.0007714850297748039,15,5,External
ALB,CF,0.46340339472648495,63,0.00014884993979853242,15,5,External
ALB,CMI,0.4046096717003378,63,0.0011072545573468898,15,20,External
ALB,CTVA,0.4701339609052114,63,0.00011549302885093825,15,15,Internal
ALB,DD,0.4254955623581421,63,0.0005656069874236582,15,5,External
ALB,DOW,0.41747114910061517,63,0.0007359021451867359,15,5,External
ALB,EQR,0.4842339814213069,63,6.670368945433445e-05,15,15,Internal
ALB,EXR,0.49996753562645707,63,3.511752589244085e-05,15,7,External
ALB,F,0.430322217348655,63,0.00048127286053011845,15,5,External
ALB,GD,0.42001162121715285,63,0.0006775419427404395,15,5,External
ALB,GLW,0.4029279756884567,63,0.0011666272557775514,15,15,Internal
ALB,GOOG,-0.40095014466855233,63,0.001240113492490635,15,1,External
ALB,HIG,0.41011316797488395,63,0.0009315016201161564,15,5,External
ALB,HPE,0.4257255020395884,63,0.0005613033622581107,15,5,External
ALB,IP,0.45542136387131105,63,0.00019975759957644622,15,5,External
ALB,IR,0.42112290052830953,63,0.0006533580099030303,15,15,Internal
ALB,IRM,0.40162951426488175,63,0.0012144147714444396,15,15,Internal
ALB,L,0.42934566764315935,63,0.0004973510381758156,15,5,External
ALB,LYB,0.45081791058763804,63,0.000235922237822339,15,5,External
ALB,MAA,0.40631639953636134,63,0.0010497956289365212,15,15,Internal
ALB,MET,0.42348598436154017,63,0.000604512894804802,15,5,External
ALB,MSFT,-0.4567702060895642,63,0.0001901667049744119,15,1,External
ALB,NFLX,-0.49591519184293775,63,4.1552413810045046e-05,15,1,External
ALB,NWS,0.41271665386369594,63,0.0008574890768780485,15,15,Internal
ALB,NWSA,0.4270033989105853,63,0.0005379227251734815,15,15,Internal
ALB,O,0.43465606066115114,63,0.00041546655978156065,15,15,Internal
ALB,REG,0.40024895896567597,63,0.0012671496876380526,15,15,Internal
ALB,RL,0.4459793344159503,63,0.00028030519749070994,15,15,Internal
ALB,SNA,0.4483139995465338,63,0.0002580169632501623,15,15,Internal
ALB,TEL,0.4195871749686061,63,0.0006869908404848376,15,15,Internal
ALB,TRV,0.4089908842437907,63,0.0009651485058610019,15,5,External
ALB,TSN,0.4161103007232403,63,0.0007690011534290703,15,5,External
ALB,TXT,0.4816556662115043,63,7.38796939494254e-05,15,5,External
ALB,UDR,0.476963996332386,63,8.879120223825286e-05,15,15,Internal
ALB,WAB,0.46875668890595784,63,0.00012170011162773825,15,15,Internal
ALB,WY,0.5405423385602668,63,5.756978959859906e-06,15,15,Internal
ALGN,CCL,0.4742894056311765,63,9.848530982745104e-05,15,15,Internal
ALGN,CHD,-0.4270402567742134,63,0.0005372616840013691,15,1,External
ALGN,CLX,-0.5134304303498671,63,1.9769909734013988e-05,15,1,External
ALGN,DOC,0.4909606911435843,63,5.089701800330915e-05,15,15,Internal
ALGN,GLW,0.4438282234576655,63,0.00030238297631820794,15,15,Internal
ALGN,GM,0.41254391494375137,63,0.0008622299533963526,15,15,Internal
ALGN,HST,0.4011696766360389,63,0.001231756169939717,15,15,Internal
ALGN,KIM,0.4189033484391703,63,0.0007024652790085261,15,15,Internal
ALGN,L,0.4092128567523233,63,0.0009584078643731513,15,5,External
ALGN,MPC,0.4867273187552283,63,6.038075402115296e-05,15,11,External
ALGN,NCLH,0.4461689593392469,63,0.00027843138577088186,15,15,Internal
ALGN,PAYX,0.4313518889487376,63,0.0004648329994152369,15,20,External
ALGN,PTC,0.4360428138130063,63,0.00039620815346599154,15,1,External
ALGN,RCL,0.4207868462322655,63,0.0006605874632400676,15,15,Internal
ALGN,SYY,0.4368730642094738,63,0.0003850707377190634,15,15,Internal
ALGN,VLO,0.4104032494418535,63,0.0009229788067890284,15,11,External
ALGN,VZ,-0.45003029868827377,63,0.00024267819928454042,15,1,External
ALLE,APH,0.4437967220074955,63,0.00030271776115440587,20,15,External
ALLE,CPAY,0.4768672302067718,63,8.912603310509695e-05,20,20,Internal
ALLE,DOV,0.43942983436650596,63,0.00035253990879625344,20,20,Internal
ALLE,ETN,0.40472434945455765,63,0.0011033067843042638,20,20,Internal
ALLE,IR,0.4365287321541505,63,0.00038965471840324864,20,15,External
ALLE,MCHP,0.4183794128928992,63,0.0007145343357136427,20,0,External
ALLE,PAYX,0.41585840971813753,63,0.0007752734254406739,20,20,Internal
ALLE,PKG,0.4039668800473667,63,0.0011296191864207312,20,20,Internal
ALLE,UNP,0.41839202184196866,63,0.0007142416927675761,20,20,Internal
AMAT,AVGO,0.4071157495585965,63,0.0010238207675170835,0,0,Internal
AMAT,CDNS,0.40987354687318417,63,0.0009385953898179428,0,1,External
AMAT,GL,-0.40304239368859707,63,0.0011624986032193955,0,5,External
AMAT,INTC,0.5869671551558303,63,5.3279202242697e-07,0,0,Internal
AMAT,KLAC,0.7035347164518756,63,1.8056378866815014e-10,0,0,Internal
AMAT,LRCX,0.8250711925033166,63,1.6427466707196935e-16,0,0,Internal
AMAT,MCHP,0.4428322665873181,63,0.00031313276689736607,0,0,Internal
AMAT,MPWR,0.49903730881486275,63,3.65072922004731e-05,0,0,Internal
AMAT,MU,0.5771370517529575,63,9.094481050875023e-07,0,0,Internal
AMAT,NXPI,0.46024843906907725,63,0.00016734784012647098,0,0,Internal
AMAT,ON,0.43612691039175344,63,0.0003950668358702971,0,0,Internal
AMAT,QCOM,0.42405929978667883,63,0.0005931730901057207,0,0,Internal
AMAT,STX,0.4187208117022796,63,0.0007066489660449173,0,0,Internal
AMAT,SWKS,0.5603714432589617,63,2.1767975434659746e-06,0,0,Internal
AMAT,TER,0.674648047362894,63,1.8291954552447435e-09,0,0,Internal
AMAT,TXN,0.44474290374461883,63,0.00029280823093952096,0,0,Internal
AMCR,AMZN,-0.449587341558085,63,0.00024655503857051866,5,1,External
AMCR,BRK-B,0.40493231883229297,63,0.0010961797998846183,5,5,Internal
AMCR,CB,0.47758421583649874,63,8.667246242086478e-05,5,5,Internal
AMCR,DD,0.4003102426319718,63,0.001264765749861246,5,5,Internal
AMCR,ECL,0.4346847101427218,63,0.00041506022385493006,5,7,External
AMCR,HIG,0.4542375558609272,63,0.0002085377556837713,5,5,Internal
AMCR,IP,0.4201554293087712,63,0.0006743673314126723,5,5,Internal
AMCR,JPM,0.4067577155529495,63,0.001035382538316669,5,5,Internal
AMCR,L,0.43953273309686364,63,0.00035128473318519164,5,5,Internal
AMCR,LYB,0.4109473993501091,63,0.000907180963061851,5,5,Internal
AMCR,MSFT,-0.47444014874988116,63,9.791404568316882e-05,5,1,External
AMCR,PNC,0.4384348753823052,63,0.000364889136218738,5,5,Internal
AMCR,TRV,0.44113458664499255,63,0.0003322631211354682,5,5,Internal
AMCR,VICI,0.4421615522159482,63,0.00032056730837076003,5,5,Internal
AMCR,WRB,0.42134652320059646,63,0.0006485870811365808,5,5,Internal
AMD,AME,-0.4182538206322865,63,0.0007174551565458931,1,20,External
AMD,AMZN,0.5909725288000599,63,4.2630888362081833e-07,1,1,Internal
AMD,AVB,-0.4355884110296437,63,0.00040242718504025966,1,15,External
AMD,AXP,-0.47572699751828273,63,9.315998147926762e-05,1,5,External
AMD,BA,-0.4011770174392697,63,0.0012314775921478396,1,15,External
AMD,BAC,-0.5138408398618245,63,1.941920805323434e-05,1,5,External
AMD,BRK-B,-0.49443100817278735,63,4.417018361307672e-05,1,5,External
AMD,BXP,-0.45177445777719477,63,0.0002279486155989394,1,15,External
AMD,C,-0.49597712135825883,63,4.144636693463024e-05,1,5,External
AMD,CAT,-0.5279795258797954,63,1.0332547637501414e-05,1,20,External
AMD,CBRE,-0.4345100733264425,63,0.0004175427279943818,1,5,External
AMD,CDNS,0.5105144922980248,63,2.243597671507092e-05,1,1,Internal
AMD,CF,-0.41388678751113184,63,0.0008259897478808704,1,5,External
AMD,CFG,-0.4503708299756038,63,0.0002397357859716877,1,5,External
AMD,COST,0.4107367123938667,63,0.0009132684544383714,1,1,Internal
AMD,CPT,-0.40088157390171225,63,0.0012427343393135715,1,15,External
AMD,CTSH,-0.4036131365263124,63,0.0011420998239242083,1,5,External
AMD,DAL,-0.5041017713898142,63,2.9513204365274686e-05,1,5,External
AMD,DE,-0.5535230624396357,63,3.067368199821884e-06,1,5,External
AMD,DOW,-0.4847767027487232,63,6.527755092072197e-05,1,5,External
AMD,DPZ,0.43380423012917685,63,0.00042771473921139955,1,1,Internal
AMD,DVN,-0.42981981691452265,63,0.000489484542314606,1,11,External
AMD,EA,0.48719050822351967,63,5.92688889912328e-05,1,1,Internal
AMD,EOG,-0.4275793812410912,63,0.0005276764819601617,1,11,External
AMD,ETN,-0.4194043197975195,63,0.000691098169220229,1,20,External
AMD,FANG,-0.4422140189892761,63,0.00031997998705481713,1,11,External
AMD,FITB,-0.44301314834425715,63,0.0003111548924429648,1,5,External
AMD,FRT,-0.5241234133700867,63,1.230727446851626e-05,1,15,External
AMD,GD,-0.42201386080647285,63,0.0006345367180401255,1,5,External
AMD,GE,-0.4121914697319656,63,0.000871976465329214,1,5,External
AMD,HIG,-0.4130665432964152,63,0.0008479583579792006,1,5,External
AMD,HON,-0.4754415914964671,63,9.419565468690234e-05,1,20,External
AMD,HPE,-0.42979669448762936,63,0.000489865522743882,1,5,External
AMD,HWM,-0.5174079541394522,63,1.6605263881912846e-05,1,5,External
AMD,INTC,0.4756961256548079,63,9.327150080422298e-05,1,0,External
AMD,INTU,0.47520927788070383,63,9.504647801652663e-05,1,1,Internal
AMD,IP,-0.4208345987692491,63,0.000659555775838493,1,5,External
AMD,IR,-0.42017127325940934,63,0.0006740183963507629,1,15,External
AMD,IT,-0.4659124501191497,63,0.00013549942757452125,1,5,External
AMD,JBL,-0.4295873087916192,63,0.0004933277887271888,1,15,External
AMD,JPM,-0.5652535366421881,63,1.6966334794911218e-06,1,5,External
AMD,KEY,-0.4746586290371793,63,9.70914906204248e-05,1,5,External
AMD,KIM,-0.45978945963877377,63,0.00017020791047946986,1,15,External
AMD,L,-0.49374586540525817,63,4.5429325952887906e-05,1,5,External
AMD,LUV,-0.44489622874183854,63,0.0002912306022676934,1,5,External
AMD,LYB,-0.4323826878423227,63,0.00044888813929739853,1,5,External
AMD,MET,-0.5599874829480495,63,2.2195095398199233e-06,1,5,External
AMD,MLM,-0.4331978689855728,63,0.0004366325833245415,1,5,External
AMD,MSFT,0.4859576970484351,63,6.227083349929095e-05,1,1,Internal
AMD,MTB,-0.5198441052234456,63,1.4906444224036537e-05,1,5,External
AMD,NCLH,-0.405762767898245,63,0.001068132593426869,1,15,External
AMD,NFLX,0.5348371779801766,63,7.530288542483009e-06,1,1,Internal
AMD,NUE,-0.43615880727309436,63,0.00039463473059863605,1,5,External
AMD,NVDA,0.7070459534109247,63,1.3371966579127282e-10,1,1,Internal
AMD,O,-0.44227734098178234,63,0.00031927245789399404,1,15,External
AMD,OMC,-0.41688104627811534,63,0.000750093135538447,1,5,External
AMD,ORLY,0.4148511412107385,63,0.0008008203790246897,1,1,Internal
AMD,PFG,-0.5602228784911754,63,2.193231946162871e-06,1,5,External
AMD,PH,-0.4691329559175676,63,0.00011997461566734427,1,15,External
AMD,PNC,-0.5093865919295819,63,2.35538358607729e-05,1,5,External
AMD,PRU,-0.4975649654214862,63,3.881134714352716e-05,1,5,External
AMD,RCL,-0.43554851059816097,63,0.000402977490843531,1,15,External
AMD,REG,-0.4876067873033339,63,5.8285780414934785e-05,1,15,External
AMD,RF,-0.4451466409515735,63,0.0002886706773017972,1,5,External
AMD,RL,-0.44659489882322717,63,0.0002742640231999041,1,15,External
AMD,SNA,-0.45142154940267737,63,0.00023086125457999913,1,15,External
AMD,SNPS,0.5267842430602103,63,1.0910645834204316e-05,1,1,Internal
AMD,SPG,-0.46638850009872107,63,0.00013309402398118872,1,15,External
AMD,SYF,-0.47235214835947814,63,0.00010610490657191278,1,5,External
AMD,TDG,-0.49945677939294303,63,3.587441856490433e-05,1,5,External
AMD,TEL,-0.4966051890359582,63,4.0384923047555685e-05,1,15,External
AMD,TFC,-0.5598223175354655,63,2.2381227527193027e-06,1,5,External
AMD,TRV,-0.46387253882064144,63,0.0001462654439679914,1,5,External
AMD,TXT,-0.5277124289677494,63,1.045919962930137e-05,1,5,External
AMD,UAL,-0.4678411177555393,63,0.0001259944256066714,1,5,External
AMD,UDR,-0.4504962043730686,63,0.00023866070982054332,1,15,External
AMD,USB,-0.4752398615216751,63,9.493406601122473e-05,1,5,External
AMD,VMC,-0.4111774027624066,63,0.0009005772115836933,1,5,External
AMD,VRSN,0.48508067707392993,63,6.44911193181563e-05,1,1,Internal
AMD,VRTX,0.5329404754271687,63,8.224571623086748e-06,1,1,Internal
AMD,VTR,-0.4788094362069137,63,8.262313623291179e-05,1,15,External
AMD,WAB,-0.5333010864568215,63,8.088146053298392e-06,1,15,External
AMD,WFC,-0.4680710398135494,63,0.00012490312659003595,1,5,External
AME,AOS,0.4559867749837442,63,0.00019568460660684237,20,20,Internal
AME,APH,0.5076904153768997,63,2.5332458403968383e-05,20,15,External
AME,BLDR,0.45365420609929386,63,0.00021299303833021915,20,5,External
AME,CF,0.4244968569611819,63,0.0005846487078217336,20,5,External
AME,CLX,-0.4069910950548013,63,0.0010278328775680547,20,1,External
AME,CPAY,0.5035304489856249,63,3.0234943299294493e-05,20,20,Internal
AME,CPRT,0.4049451903680748,63,0.0010957400666389617,20,15,External
AME,DE,0.45184405899895114,63,0.00022737816289430463,20,5,External
AME,EA,-0.40798498623257534,63,0.0009962340586601069,20,1,External
AME,EL,0.49336318863050627,63,4.6146957098815365e-05,20,15,External
AME,FTV,0.4785568902936731,63,8.344325625091816e-05,20,20,Internal
AME,HON,0.40383356808674675,63,0.0011343081450703712,20,20,Internal
AME,HWM,0.44227666915580266,63,0.0003192799570550501,20,5,External
AME,J,0.44093445318245955,63,0.00033458718670122004,20,20,Internal
AME,JBL,0.4292553389236132,63,0.000498862622000423,20,15,External
AME,LKQ,0.4306318118079141,63,0.000476275129176721,20,15,External
AME,LMT,0.4194680181735515,63,0.0006896648461788512,20,20,Internal
AME,MSCI,-0.4261717573401131,63,0.0005530358086740736,20,1,External
AME,PFG,0.40786716878651197,63,0.0009999334799702516,20,5,External
AME,PNR,0.4060010942125512,63,0.00106020382716811,20,20,Internal
AME,PPG,0.4258415045785818,63,0.0005591435193128327,20,5,External
AME,TEL,0.47967781001387355,63,7.985948124606139e-05,20,15,External
AME,TT,0.441672707170779,63,0.000326086966387769,20,20,Internal
AME,URI,0.40931475457646105,63,0.0009553277861796915,20,15,External
AME,WDC,0.4124018908378037,63,0.0008661455803108894,20,0,External
AMGN,AMP,-0.401248015641291,63,0.001228786190265806,1,5,External
AMGN,APH,-0.4408041592905813,63,0.00033610819061562414,1,15,External
AMGN,AXP,-0.581339504963378,63,7.251578975315511e-07,1,5,External
AMGN,BA,-0.5183242227139901,63,1.5946263759945894e-05,1,15,External
AMGN,BAX,0.5233414482980009,63,1.2748279255922628e-05,1,1,Internal
AMGN,BIIB,0.5029206014410766,63,3.102336017742015e-05,1,1,Internal
AMGN,BKNG,-0.5959271692841859,63,3.221942519349124e-07,1,15,External
AMGN,BKR,-0.4027796362968101,63,0.00117199958220275,1,11,External
AMGN,BLDR,-0.4271020824957907,63,0.0005361545034934605,1,5,External
AMGN,BXP,-0.5320192904218807,63,8.582863404045406e-06,1,15,External
AMGN,CF,-0.4616208550845854,63,0.00015905656282510982,1,5,External
AMGN,CHD,0.4687948668904326,63,0.00012152400041962711,1,1,Internal
AMGN,COF,-0.49629724495746036,63,4.090217206490115e-05,1,5,External
AMGN,CPT,-0.46853902359558236,63,0.00012270866675540828,1,15,External
AMGN,DAL,-0.48558698748666007,63,6.320058397102502e-05,1,5,External
AMGN,DHR,0.4659165393814921,63,0.00013547859635597263,1,1,Internal
AMGN,DIS,-0.4600650782178584,63,0.00016848510296969103,1,5,External
AMGN,DOC,-0.47105790316201335,63,0.00011149352039598779,1,15,External
AMGN,DRI,-0.4753595713185624,63,9.449524099270894e-05,1,15,External
AMGN,DTE,-0.4881063540134586,63,5.712584750503556e-05,1,7,External
AMGN,EA,0.4266913581853643,63,0.0005435487968566968,1,1,Internal
AMGN,EQIX,0.440118371164249,63,0.000344218254940845,1,7,External
AMGN,EXPE,-0.5893731353715966,63,4.6617352321326354e-07,1,15,External
AMGN,FRT,-0.5129189560539752,63,2.0215198117262418e-05,1,15,External
AMGN,GILD,0.4224684069404698,63,0.000625125130569214,1,1,Internal
AMGN,GM,-0.5069730882048775,63,2.612145674835633e-05,1,15,External
AMGN,HLT,-0.4234705641597719,63,0.0006048205933068273,1,15,External
AMGN,HST,-0.5746646417654302,63,1.0375266416225832e-06,1,15,External
AMGN,HWM,-0.43476695897068085,63,0.0004138956965968152,1,5,External
AMGN,IT,-0.4964485500229958,63,4.064726661859312e-05,1,5,External
AMGN,JNJ,0.4825304486861614,63,7.136889496417494e-05,1,1,Internal
AMGN,KIM,-0.6203326578431244,63,7.552289950088847e-08,1,15,External
AMGN,LLY,0.47383621261848136,63,0.00010022127065704491,1,1,Internal
AMGN,LUV,-0.5112357290336477,63,2.1747166659009384e-05,1,5,External
AMGN,LYB,-0.4369063209197507,63,0.0003846306129615452,1,5,External
AMGN,LYV,-0.4011852600422458,63,0.0012311648593357565,1,15,External
AMGN,MAR,-0.4808826159288699,63,7.616599100237084e-05,1,15,External
AMGN,MET,-0.44947962916006784,63,0.00024750627327495717,1,5,External
AMGN,MGM,-0.4000318458654732,63,0.0012756279645574319,1,15,External
AMGN,MHK,-0.5125778433264309,63,2.0517323067465484e-05,1,15,External
AMGN,MOH,0.45459503051547223,63,0.00020584989141129195,1,1,Internal
AMGN,MOS,-0.5438454938189212,63,4.91695263339996e-06,1,5,External
AMGN,MRK,0.5672827495665906,63,1.5278883448897426e-06,1,1,Internal
AMGN,NCLH,-0.4795086784259865,63,8.039098244539989e-05,1,15,External
AMGN,NSC,-0.4314705400518048,63,0.0004629717839526905,1,20,External
AMGN,ON,-0.4391614874220466,63,0.0003558325020531676,1,0,External
AMGN,PFG,-0.47543218984818403,63,9.422995067482545e-05,1,5,External
AMGN,PRU,-0.4206031246628094,63,0.0006645703940174738,1,5,External
AMGN,REG,-0.5657096934898408,63,1.6572461750746586e-06,1,15,External
AMGN,REGN,0.48879712239274337,63,5.555704130094336e-05,1,1,Internal
AMGN,RF,-0.40259105142960866,63,0.0011788616177964755,1,5,External
AMGN,RL,-0.4090434240869747,63,0.0009635491742269797,1,15,External
AMGN,RTX,-0.4097327985697042,63,0.0009427848195076569,1,15,External
AMGN,SNA,-0.40204144731480757,63,0.001199066900832348,1,15,External
AMGN,SPG,-0.5384404916340235,63,6.35924193371343e-06,1,15,External
AMGN,SYF,-0.5989154555115932,63,2.7150638335521283e-07,1,5,External
AMGN,SYY,-0.47616238618988393,63,9.16002267135862e-05,1,15,External
AMGN,TEL,-0.4618632663261203,63,0.00015763182638884246,1,15,External
AMGN,TMO,0.4298538411369556,63,0.0004889244262787001,1,1,Internal
AMGN,TPR,-0.43068840866850966,63,0.000475366612390887,1,15,External
AMGN,TXT,-0.5012519024930856,63,3.327902585448504e-05,1,5,External
AMGN,UAL,-0.5004765419830524,63,3.4377950497795346e-05,1,5,External
AMGN,VRTX,0.5979387714177538,63,2.8718352479866983e-07,1,1,Internal
AMGN,VTR,-0.5087634885018117,63,2.4193319007741976e-05,1,15,External
AMGN,WAB,-0.5261790727336508,63,1.1214677083959352e-05,1,15,External
AMGN,WELL,-0.4334360860187583,63,0.0004331091111044121,1,15,External
AMGN,WST,0.5148829723407401,63,1.855446106171707e-05,1,1,Internal
AMP,AMZN,-0.44512867041233334,63,0.00028885370084292714,5,1,External
AMP,AXP,0.6118122465847227,63,1.2708530785375246e-07,5,5,Internal
AMP,BAC,0.6152332675159933,63,1.0331255754335133e-07,5,5,Internal
AMP,BG,0.4743037346232499,63,9.8430876339729e-05,5,5,Internal
AMP,BKR,0.4138412163499459,63,0.0008271966478018083,5,11,External
AMP,BLDR,0.42987940135536173,63,0.0004885040301960495,5,5,Internal
AMP,BRO,0.4559065529204233,63,0.00019625782683954968,5,7,External
AMP,BXP,0.47365442478531844,63,0.00010092548621217062,5,15,External
AMP,C,0.6709640126806482,63,2.4126188188581913e-09,5,5,Internal
AMP,CB,0.45542528464315213,63,0.0001997290906787171,5,5,Internal
AMP,CBRE,0.41777533900127084,63,0.0007286822121523491,5,5,Internal
AMP,CDNS,-0.4429106208158371,63,0.000312274588812436,5,1,External
AMP,CF,0.42200764657713086,63,0.0006346662717989904,5,5,Internal
AMP,CFG,0.6554418129186387,63,7.429385011336827e-09,5,5,Internal
AMP,CNP,0.5992396407560442,63,2.6648328282911654e-07,5,7,External
AMP,COF,0.6207047790570255,63,7.379949750043362e-08,5,5,Internal
AMP,COST,-0.5076925507727352,63,2.5330142984449143e-05,5,1,External
AMP,CPT,0.48084622741069466,63,7.62751997189871e-05,5,15,External
AMP,DD,0.48666770101475054,63,6.052525319719593e-05,5,5,Internal
AMP,DHR,-0.43710797281760155,63,0.0003819717151048351,5,1,External
AMP,DOC,0.42723947121430966,63,0.0005337015475333895,5,15,External
AMP,DOW,0.5128521434494574,63,2.0274047278970868e-05,5,5,Internal
AMP,EA,-0.4283429774589287,63,0.0005143659983105713,5,1,External
AMP,EQR,0.4106401435281299,63,0.0009160709799822994,5,15,External
AMP,EXR,0.42269633787224326,63,0.0006204535205004717,5,7,External
AMP,FCX,0.40255061748835697,63,0.001180337588733498,5,5,Internal
AMP,FITB,0.6393282054384597,63,2.2338641978892975e-08,5,5,Internal
AMP,FRT,0.5072747724398662,63,2.5786895649897974e-05,5,15,External
AMP,GD,0.5334569957394282,63,8.029817914833215e-06,5,5,Internal
AMP,GE,0.4229257865630727,63,0.0006157827957221456,5,5,Internal
AMP,GL,0.5773091435559846,63,9.011094752073085e-07,5,5,Internal
AMP,GM,0.47948763390056864,63,8.045734294882287e-05,5,15,External
AMP,GS,0.46585084533788756,63,0.00013581360613289277,5,5,Internal
AMP,HBAN,0.5383971284648995,63,6.372264156290833e-06,5,5,Internal
AMP,HIG,0.5501575438740234,63,3.6204317686306814e-06,5,5,Internal
AMP,HST,0.5017324882720946,63,3.261430533163822e-05,5,15,External
AMP,INTC,-0.4863573517211943,63,6.128263264466729e-05,5,0,External
AMP,INVH,0.4756939442250459,63,9.327938549112502e-05,5,15,External
AMP,IP,0.4958662173359016,63,4.1636454351993236e-05,5,5,Internal
AMP,IRM,0.5994940740484823,63,2.6260233878121986e-07,5,15,External
AMP,IT,0.5970064756693594,63,3.02939277603599e-07,5,5,Internal
AMP,JNJ,-0.4947251061518469,63,4.363965543655895e-05,5,1,External
AMP,JPM,0.6105343085310059,63,1.3722108177978794e-07,5,5,Internal
AMP,KEY,0.6220802032003007,63,6.774612256510797e-08,5,5,Internal
AMP,KEYS,-0.47997042346210506,63,7.894757238116296e-05,5,0,External
AMP,KIM,0.5120448477417864,63,2.099779662281298e-05,5,15,External
AMP,L,0.4597580999663966,63,0.00017040494987225087,5,5,Internal
AMP,LKQ,0.4876261018693921,63,5.824053343215134e-05,5,15,External
AMP,LUV,0.43665077505847383,63,0.0003880243466626112,5,5,Internal
AMP,LYB,0.49817851215284503,63,3.7835341117550886e-05,5,5,Internal
AMP,MAA,0.426068216618227,63,0.0005549441469904945,5,15,External
AMP,MET,0.6975197618700664,63,2.990492132961538e-10,5,5,Internal
AMP,MHK,0.44531183916715184,63,0.0002869931453767253,5,15,External
AMP,MLM,0.492622758018675,63,4.7565309026069466e-05,5,5,Internal
AMP,MOS,0.49045814345704325,63,5.19460528679266e-05,5,5,Internal
AMP,MS,0.4896851472041109,63,5.359866310172196e-05,5,5,Internal
AMP,MSFT,-0.5496084507032676,63,3.7190525508500646e-06,5,1,External
AMP,MTB,0.6176186288666328,63,8.929000018004567e-08,5,5,Internal
AMP,MTCH,-0.40165272405594105,63,0.001213545338679209,5,1,External
AMP,NCLH,0.4436476536317806,63,0.00030430659249139683,5,15,External
AMP,NTRS,0.42001610541345935,63,0.0006774427484798729,5,5,Internal
AMP,O,0.48418368298591324,63,6.6837305684397e-05,5,15,External
AMP,PFG,0.6282748797028531,63,4.5838406732273794e-08,5,5,Internal
AMP,PH,0.5581783881879598,63,2.431515169077368e-06,5,15,External
AMP,PNC,0.6641020605487251,63,3.99909259967594e-09,5,5,Internal
AMP,PRU,0.6004207135379938,63,2.4891291233131196e-07,5,5,Internal
AMP,PSA,0.4146153363463901,63,0.0008069099097256918,5,7,External
AMP,PSKY,0.5428905517538487,63,5.147230653796144e-06,5,5,Internal
AMP,REG,0.5397840280861235,63,5.967849506085265e-06,5,15,External
AMP,RF,0.6376009494554635,63,2.5041422306453024e-08,5,5,Internal
AMP,RJF,0.5341954591721808,63,7.758831111085719e-06,5,5,Internal
AMP,SNA,0.4749072403230662,63,9.616323119618113e-05,5,15,External
AMP,SNPS,-0.4008740142953255,63,0.001243023580250176,5,1,External
AMP,SWK,0.450602765679952,63,0.00023775042179108313,5,5,Internal
AMP,SYF,0.6137294377991893,63,1.1319364770201133e-07,5,5,Internal
AMP,SYY,0.40805645330324036,63,0.0009939960422519476,5,15,External
AMP,TECH,-0.41360782486447123,63,0.0008334027805775913,5,1,External
AMP,TEL,0.41946628332263025,63,0.0006897038476148129,5,15,External
AMP,TFC,0.6470091154098605,63,1.3325335078228976e-08,5,5,Internal
AMP,TRMB,0.5791599429455824,63,8.158493276310384e-07,5,5,Internal
AMP,TRV,0.5155365633379076,63,1.8030503568364008e-05,5,5,Internal
AMP,TSN,0.40057533005859325,63,0.0012545002454974368,5,5,Internal
AMP,TXT,0.4901040514298199,63,5.269714686752295e-05,5,5,Internal
AMP,UDR,0.5478461879569482,63,4.052779114964946e-06,5,15,External
AMP,USB,0.6689041017388175,63,2.8117503030901694e-09,5,5,Internal
AMP,VTRS,0.4386278829243059,63,0.0003624631901751402,5,5,Internal
AMP,WAB,0.4775539441732733,63,8.677478367558449e-05,5,15,External
AMP,WFC,0.5908263071144962,63,4.298158434161135e-07,5,5,Internal
AMP,WMT,-0.400294953393487,63,0.0012653601239447396,5,1,External
AMP,WRB,0.45781978812214347,63,0.0001829975089435025,5,5,Internal
AMP,WY,0.4034191786469776,63,0.0011489955662213086,5,15,External
AMT,CCI,0.7583049218486,63,9.484950849401715e-13,7,7,Internal
AMT,DLR,0.4013802094687615,63,0.0012237890840305983,7,7,Internal
AMT,EQIX,0.758378592742375,63,9.409555364817224e-13,7,7,Internal
AMT,ICE,0.4773682262061692,63,8.740496693936512e-05,7,1,External
AMT,LNT,0.4119575459050974,63,0.000878500234932179,7,7,Internal
AMT,NEE,0.4443269577246708,63,0.00029712745086872555,7,7,Internal
AMT,SBAC,0.6694448739552751,63,2.701300108749343e-09,7,7,Internal
AMT,XEL,0.44618274784404877,63,0.00027829557938923225,7,7,Internal
AMZN,AVY,-0.5141767691862811,63,1.913645684825737e-05,1,15,External
AMZN,AXP,-0.4890707882883841,63,5.494659145924616e-05,1,5,External
AMZN,BAC,-0.5106434210209064,63,2.231137835344255e-05,1,5,External
AMZN,BLDR,-0.4280489847707823,63,0.0005194541414180684,1,5,External
AMZN,BRK-B,-0.4001972882771811,63,0.0012691628204729289,1,5,External
AMZN,C,-0.44078072515933575,63,0.00033638242016106683,1,5,External
AMZN,CB,-0.42194617200553597,63,0.0006359491812466472,1,5,External
AMZN,CDNS,0.5427182313111324,63,5.1898413452882184e-06,1,1,Internal
AMZN,CF,-0.416643417929299,63,0.0007558773039293234,1,5,External
AMZN,CFG,-0.456373163424659,63,0.00019294511242345686,1,5,External
AMZN,COF,-0.4842523640471193,63,6.665491806978559e-05,1,5,External
AMZN,CPRT,-0.4303800528855649,63,0.0004803356262403183,1,15,External
AMZN,CSX,-0.4928016572284167,63,4.7218971328010585e-05,1,20,External
AMZN,DE,-0.4414952742593115,63,0.0003281117444761321,1,5,External
AMZN,DOC,-0.44262126735999774,63,0.0003154544541838327,1,15,External
AMZN,DOV,-0.506945861557012,63,2.6151847534488857e-05,1,20,External
AMZN,DOW,-0.442744669175645,63,0.0003140947282074333,1,5,External
AMZN,DTE,-0.44785590431700656,63,0.0002622581518003106,1,7,External
AMZN,EA,0.4972491454892085,63,3.932276959168714e-05,1,1,Internal
AMZN,ECL,-0.45748992551100826,63,0.00018522350618340193,1,7,External
AMZN,ETN,-0.5113292719985156,63,2.1659280529053028e-05,1,20,External
AMZN,ETR,-0.40564150578557645,63,0.0010721872891056694,1,7,External
AMZN,EXR,-0.4875808960274524,63,5.8346485117960756e-05,1,7,External
AMZN,F,-0.44557892925862674,63,0.00028429975372778376,1,5,External
AMZN,FITB,-0.4736493667947168,63,0.00010094514493790927,1,5,External
AMZN,GD,-0.5612055028454415,63,2.0866518133038886e-06,1,5,External
AMZN,GL,-0.4677314756168448,63,0.00012651790730447223,1,5,External
AMZN,GOOG,0.4245139548175343,63,0.000584317879232753,1,1,Internal
AMZN,GOOGL,0.40929828414173375,63,0.0009558250338943602,1,1,Internal
AMZN,HIG,-0.4533404347627863,63,0.0002154253019127208,1,5,External
AMZN,HON,-0.5346670650570249,63,7.590253992842438e-06,1,20,External
AMZN,HUBB,-0.4477975329517852,63,0.00026280312280574646,1,20,External
AMZN,HWM,-0.40650362145570623,63,0.0010436591344817382,1,5,External
AMZN,IEX,-0.4045128222039135,63,0.0011105985033933229,1,20,External
AMZN,IP,-0.5758870744410175,63,9.722230410655631e-07,1,5,External
AMZN,ITW,-0.43828193957735645,63,0.00036682190868163095,1,20,External
AMZN,JCI,-0.4777624804294623,63,8.607215992588738e-05,1,5,External
AMZN,JPM,-0.5613432263345907,63,2.0721069407390377e-06,1,5,External
AMZN,KEY,-0.4538269150622977,63,0.0002116649968758634,1,5,External
AMZN,KIM,-0.409777114988637,63,0.0009414639062991968,1,15,External
AMZN,KO,-0.5371148435594807,63,6.768767232817698e-06,1,7,External
AMZN,LEN,-0.4073981237170966,63,0.0010147845089596979,1,15,External
AMZN,LYB,-0.41226428421815725,63,0.0008699547349343628,1,5,External
AMZN,MAA,-0.40255534784155655,63,0.001180164829484057,1,15,External
AMZN,MET,-0.5006868484979901,63,3.407660899411754e-05,1,5,External
AMZN,MLM,-0.46422808947936123,63,0.00014433422824349784,1,5,External
AMZN,MOS,-0.4240847341575631,63,0.0005926745144399739,1,5,External
AMZN,MSFT,0.6024176257646,63,2.2166155357991858e-07,1,1,Internal
AMZN,MTB,-0.49318432502387316,63,4.648595812016723e-05,1,5,External
AMZN,NFLX,0.700406802718915,63,2.350968014667844e-10,1,1,Internal
AMZN,NOW,0.4456237350235417,63,0.00028385019031795187,1,1,Internal
AMZN,NSC,-0.49811112672926744,63,3.794141447849166e-05,1,20,External
AMZN,NUE,-0.4183349747772347,63,0.0007155665721842465,1,5,External
AMZN,NVDA,0.45703113698612213,63,0.00018836077864597703,1,1,Internal
AMZN,NVR,-0.412793767693787,63,0.0008553802779906073,1,15,External
AMZN,PFG,-0.43527177697419184,63,0.0004068130856345434,1,5,External
AMZN,PH,-0.4592553562190517,63,0.0001735924705103959,1,15,External
AMZN,PKG,-0.46977984651689103,63,0.00011706053786717558,1,20,External
AMZN,PNC,-0.5708831988451163,63,1.26653402628462e-06,1,5,External
AMZN,PNR,-0.4265895450669515,63,0.0005453960057947076,1,20,External
AMZN,PPL,-0.43887993391739394,63,0.0003593172447870201,1,7,External
AMZN,PRU,-0.4329057381851811,63,0.00044098908262189915,1,5,External
AMZN,RF,-0.4444760874033204,63,0.0002955722330851683,1,5,External
AMZN,RJF,-0.48337046724165106,63,6.903212595313857e-05,1,5,External
AMZN,RL,-0.5300248222949878,63,9.408972606447854e-06,1,15,External
AMZN,ROK,-0.4414548652546023,63,0.0003285744723402883,1,20,External
AMZN,RSG,-0.45687187184801425,63,0.00018946118988945456,1,7,External
AMZN,SNA,-0.4227857586728631,63,0.0006186294379694454,1,15,External
AMZN,SNPS,0.5358380183337319,63,7.186331803206668e-06,1,1,Internal
AMZN,SWK,-0.5316144140852619,63,8.744891247558047e-06,1,5,External
AMZN,SYF,-0.49954061836287983,63,3.5749150567263314e-05,1,5,External
AMZN,TAP,-0.4719503888464742,63,0.00010775144296393573,1,5,External
AMZN,TDG,-0.4883465570802877,63,5.657574352261608e-05,1,5,External
AMZN,TDY,-0.40314927302466996,63,0.001158653867296874,1,20,External
AMZN,TEL,-0.46300733513477915,63,0.0001510643589884746,1,15,External
AMZN,TFC,-0.5092217210946298,63,2.3721498398839437e-05,1,5,External
AMZN,TPR,-0.5325665814736859,63,8.368283045942777e-06,1,15,External
AMZN,TRV,-0.5185878661199799,63,1.5761195588333138e-05,1,5,External
AMZN,TSLA,0.47184114971571256,63,0.00010820318353361522,1,1,Internal
AMZN,TT,-0.42718240911856437,63,0.0005347191016405724,1,20,External
AMZN,TXT,-0.6514074532735962,63,9.847487484313215e-09,1,5,External
AMZN,UDR,-0.4399505554226368,63,0.00034622980444209457,1,15,External
AMZN,USB,-0.5203118026026754,63,1.459937405309534e-05,1,5,External
AMZN,VMC,-0.4378994772601277,63,0.00037169629021533774,1,5,External
AMZN,WAB,-0.47952225867661225,63,8.034818609090092e-05,1,15,External
AMZN,WFC,-0.4867376242535225,63,6.0355808240902226e-05,1,5,External
AMZN,WRB,-0.42609019857266445,63,0.0005545385029328726,1,5,External
AON,BRO,0.45454315567718273,63,0.00020623796303356016,7,7,Internal
AON,DVN,-0.4071570482098849,63,0.0010224946541221476,7,11,External
AON,MMC,0.710379334114572,63,1.0013661783727654e-10,7,7,Internal
AON,WTW,0.958239886683546,63,2.55732451955269e-34,7,7,Internal
AOS,APH,0.41533963496132287,63,0.000788337334343268,20,15,External
AOS,AVY,0.4623803917707871,63,0.00015463153026922715,20,15,External
AOS,BAC,0.4078325438375865,63,0.0010010230435615487,20,5,External
AOS,BLDR,0.4788934534702627,63,8.235194762291784e-05,20,5,External
AOS,CBRE,0.49034522294316674,63,5.2184497500134276e-05,20,5,External
AOS,CMI,0.5090047962618377,63,2.394378213578273e-05,20,20,Internal
AOS,COF,0.4547902256695246,63,0.000204395633196631,20,5,External
AOS,CPAY,0.4007158220496278,63,0.001249090147611308,20,20,Internal
AOS,CPRT,0.42328310684222836,63,0.0006085725386248111,20,15,External
AOS,CSX,0.4899959314688612,63,5.292847965914355e-05,20,20,Internal
AOS,DOV,0.5635204085817718,63,1.8544163195938431e-06,20,20,Internal
AOS,DRI,0.4329560697790672,63,0.0004402356878961453,20,15,External
AOS,EA,-0.4395899618265655,63,0.00035058841163623956,20,1,External
AOS,EMR,0.43093096743099024,63,0.00047149077234714335,20,20,Internal
AOS,ETN,0.47466594850451255,63,9.706404398627932e-05,20,20,Internal
AOS,EXPE,0.47586414776083447,63,9.266603154995131e-05,20,15,External
AOS,F,0.4053102724569619,63,0.0010833336962299733,20,5,External
AOS,FOX,0.5045468576652329,63,2.896202988941633e-05,20,15,External
AOS,FOXA,0.4814305674374197,63,7.45388097074156e-05,20,15,External
AOS,FTV,0.44086781967748145,63,0.00033536425635463565,20,20,Internal
AOS,GL,0.4184022143399077,63,0.0007140052129103,20,5,External
AOS,GM,0.4570808325239688,63,0.00018801861722252195,20,15,External
AOS,GPC,0.469456527012772,63,0.00011850878043187717,20,15,External
AOS,HBAN,0.47338404461148054,63,0.0001019813157042409,20,5,External
AOS,HIG,0.429429276141514,63,0.000495955622227204,20,5,External
AOS,HII,0.4743011932675448,63,9.844052851320259e-05,20,20,Internal
AOS,HON,0.5606780918281482,63,2.1432394142286816e-06,20,20,Internal
AOS,HSIC,0.4493757643265634,63,0.0002484267048202281,20,20,Internal
AOS,HUBB,0.4330632235928948,63,0.0004386356408459536,20,20,Internal
AOS,IEX,0.49084255931280746,63,5.11418362216923e-05,20,20,Internal
AOS,IP,0.43053055078114716,63,0.00047790455307845643,20,5,External
AOS,ITW,0.5449663129452311,63,4.658946066577179e-06,20,20,Internal
AOS,JBHT,0.4101245983460277,63,0.0009311644469630067,20,20,Internal
AOS,JBL,0.43776065653890456,63,0.0003734800685988303,20,15,External
AOS,JCI,0.49970121013854296,63,3.551033169399377e-05,20,5,External
AOS,KEY,0.468060598747846,63,0.00012495249513950926,20,5,External
AOS,LKQ,0.5009363933364539,63,3.372221593163606e-05,20,15,External
AOS,LVS,0.4217263180525985,63,0.000640556561209313,20,15,External
AOS,LW,0.42228344562817305,63,0.00062893946060484,20,15,External
AOS,LYV,0.5103822166978309,63,2.256447989449326e-05,20,15,External
AOS,MHK,0.5545139360142919,63,2.92024617776049e-06,20,15,External
AOS,MMM,0.5888672500765372,63,4.794947705301699e-07,20,20,Internal
AOS,MSCI,-0.5226312512694332,63,1.3161495525384189e-05,20,1,External
AOS,MTB,0.4252698804013179,63,0.0005698600203804987,20,5,External
AOS,NEM,-0.4169207887285711,63,0.0007491296743574671,20,1,External
AOS,NOW,-0.4245398687453586,63,0.0005838167911211751,20,1,External
AOS,NSC,0.409501410221356,63,0.0009497088869865714,20,20,Internal
AOS,NTRS,0.4572603008934748,63,0.0001867876845822158,20,5,External
AOS,OMC,0.5068182087200119,63,2.629477293676193e-05,20,5,External
AOS,ON,0.4005689827643474,63,0.0012547451656125116,20,0,External
AOS,PCAR,0.5692532073128708,63,1.3791819615095028e-06,20,20,Internal
AOS,PFG,0.41348386502287365,63,0.0008367160934005101,20,5,External
AOS,PH,0.4017080282655972,63,0.0012114759150311182,20,15,External
AOS,PHM,0.44483917708199056,63,0.00029181672331965973,20,15,External
AOS,PKG,0.4776023025335013,63,8.661138059547406e-05,20,20,Internal
AOS,PNR,0.614848716551653,63,1.0575886716691689e-07,20,20,Internal
AOS,PWR,0.40360674779873673,63,0.001142326365892828,20,20,Internal
AOS,RCL,0.433076708371507,63,0.0004384346580180619,20,15,External
AOS,RF,0.4452840734015138,63,0.0002872744736355734,20,5,External
AOS,RJF,0.45928206130818633,63,0.00017342178893291565,20,5,External
AOS,RL,0.4926915652557589,63,4.7431825725860334e-05,20,15,External
AOS,ROK,0.41957919201774535,63,0.0006871696924924467,20,20,Internal
AOS,SCHW,0.46085087794829804,63,0.00016366067826210166,20,5,External
AOS,SPG,0.42539274788864656,63,0.0005675409665650033,20,15,External
AOS,STT,0.4124329784703084,63,0.0008652871184115196,20,5,External
AOS,SWK,0.487087051895235,63,5.95155797899306e-05,20,5,External
AOS,SYY,0.4397177017774406,63,0.0003490386915812259,20,15,External
AOS,T,0.4331682326530961,63,0.00043707275383173645,20,5,External
AOS,TAP,0.4133874862359454,63,0.000839300417123007,20,5,External
AOS,TDY,0.41790273893718616,63,0.000725677479039857,20,20,Internal
AOS,TEL,0.48251701030851374,63,7.140686349140636e-05,20,15,External
AOS,TPR,0.5891390799086967,63,4.7229297655841235e-07,20,15,External
AOS,TT,0.46790675882799176,63,0.00012568197788828087,20,20,Internal
AOS,TXT,0.49999461329781,63,3.5077814786643655e-05,20,5,External
AOS,ULTA,0.44781290991344624,63,0.00026265945900894895,20,15,External
AOS,USB,0.4168681272350016,63,0.000750406568430747,20,5,External
AOS,WBD,0.4909483993936059,63,5.0922441072720426e-05,20,15,External
AOS,WYNN,0.41934761195783604,63,0.0006923764627223502,20,15,External
AOS,ZBRA,0.42312934086803844,63,0.0006116658980725955,20,15,External
APA,CLX,-0.4677194040974057,63,0.00012657566416349433,11,1,External
APA,COP,0.665048096330927,63,3.732867284930805e-09,11,11,Internal
APA,CPAY,0.4146093354603097,63,0.0008070654241950933,11,20,External
APA,CVX,0.557943920729453,63,2.4603385187305195e-06,11,11,Internal
APA,DOW,0.4108294438573601,63,0.0009105845838750385,11,5,External
APA,DVN,0.8780949292200922,63,7.205039200971981e-21,11,11,Internal
APA,EOG,0.7107736709883679,63,9.674267528014813e-11,11,11,Internal
APA,FANG,0.7914847310763875,63,1.901329186932541e-14,11,11,Internal
APA,FAST,-0.44745653744871033,63,0.00026600747865892897,11,1,External
APA,HAL,0.6807977404648828,63,1.1421076719988365e-09,11,11,Internal
APA,L,0.47540653783704456,63,9.43235843222914e-05,11,5,External
APA,MPC,0.46859423640351594,63,0.0001224521132601685,11,11,Internal
APA,NCLH,0.4500157974941197,63,0.00024280422885024464,11,15,External
APA,NVDA,-0.43035469489161604,63,0.00048074635224694493,11,1,External
APA,OKE,0.501801176207218,63,3.252031007024705e-05,11,11,Internal
APA,OXY,0.7502741021238423,63,2.226591883537235e-12,11,11,Internal
APA,POOL,-0.5306233107462949,63,9.153618604168876e-06,11,1,External
APA,PSX,0.5007651754405577,63,3.396500295506495e-05,11,11,Internal
APA,ROL,-0.40310383938114913,63,0.001160286835505975,11,1,External
APA,SLB,0.684163507313778,63,8.783271180621542e-10,11,11,Internal
APA,TPL,0.5339176130069412,63,7.859774092692932e-06,11,11,Internal
APA,TRGP,0.46706907432057865,63,0.00012972323550453064,11,11,Internal
APA,TSCO,-0.44694044157825674,63,0.00027092519486900373,11,1,External
APA,VLO,0.47639758244537433,63,9.07676831245657e-05,11,11,Internal
APA,VRTX,-0.41076487538872647,63,0.0009124525955874823,11,1,External
APA,XOM,0.6754019784429057,63,1.7276047773567318e-09,11,11,Internal
APD,CPRT,0.5161431065816654,63,1.755658156812055e-05,7,15,External
APD,ECL,0.43044796147461184,63,0.0004792372741543015,7,7,Internal
APD,ETR,0.40211775798864957,63,0.0011962429525341823,7,7,Internal
APD,KR,-0.4210189562563954,63,0.000655586441053064,7,1,External
APD,LIN,0.4156429214095625,63,0.0007806759353968927,7,15,External
APD,LNT,0.40998112837556283,63,0.0009354045241863165,7,7,Internal
APD,RSG,0.4819245803536584,63,7.309932406928718e-05,7,7,Internal
APH,CF,0.4476482862619337,63,0.00026420123839445027,15,5,External
APH,CLX,-0.4505633571852633,63,0.0002380866938876355,15,1,External
APH,CPAY,0.43104861741621175,63,0.0004696212119494623,15,20,External
APH,CPB,-0.4289043200594494,63,0.0005047763714988118,15,1,External
APH,CPRT,0.46704570262788264,63,0.0001298376801029415,15,15,Internal
APH,DHI,0.415113064037169,63,0.0007941051107782299,15,15,Internal
APH,DOC,0.41320205465377685,63,0.0008442929277576943,15,15,Internal
APH,DOV,0.5219457471315836,63,1.3572122139234953e-05,15,20,External
APH,EXPE,0.4724606415496279,63,0.00010566425203420984,15,15,Internal
APH,GLW,0.4618970782843282,63,0.00015743403431177683,15,15,Internal
APH,GM,0.490327487199975,63,5.22220402606594e-05,15,15,Internal
APH,GPN,0.4101628930316468,63,0.0009300356329568892,15,15,Internal
APH,HST,0.4309222373390309,63,0.0004716297703772004,15,15,Internal
APH,HWM,0.4275651902885412,63,0.0005279267825125995,15,5,External
APH,IR,0.42114672947005,63,0.0006528481163243291,15,15,Internal
APH,LEN,0.4802367321919518,63,7.812598773110252e-05,15,15,Internal
APH,LRCX,0.41956430184116744,63,0.0006875034084000058,15,0,External
APH,MCHP,0.5072841117945742,63,2.5776602166158515e-05,15,0,External
APH,NSC,0.47640907034195135,63,9.072719742470832e-05,15,20,External
APH,NXPI,0.43734158422588515,63,0.00037891234957449426,15,0,External
APH,ON,0.5107991221956405,63,2.2161762213521442e-05,15,0,External
APH,PHM,0.42737265781704153,63,0.0005313333486254034,15,15,Internal
APH,PPG,0.46865512334444975,63,0.00012216976553725017,15,5,External
APH,RTX,0.4389788726166318,63,0.00035808916813525037,15,15,Internal
APH,SNA,0.45964689506426076,63,0.00017110535996441554,15,15,Internal
APH,SWK,0.4221826949299183,63,0.0006310260382551442,15,5,External
APH,TEL,0.6282815281554334,63,4.581898091753439e-08,15,15,Internal
APH,TT,0.459730405723515,63,0.00017057913242036937,15,20,External
APH,TXT,0.4258304025805781,63,0.0005593498997208934,15,5,External
APH,VRTX,-0.48703288563840746,63,5.964511633886544e-05,15,1,External
APH,WAB,0.4642734233082601,63,0.00014408968124582843,15,15,Internal
APH,WDC,0.4301258737031494,63,0.00048446705407941465,15,0,External
APH,ZBRA,0.5592919247898098,63,2.2988872361593337e-06,15,15,Internal
APTV,AVY,0.4201487648525198,63,0.0006745141531943872,15,15,Internal
APTV,AXP,0.42848233351338666,63,0.0005119700090744648,15,5,External
APTV,DAY,0.4435911755133897,63,0.00030491054423164893,15,15,Internal
APTV,DOW,0.4709104481204314,63,0.00011212315636482114,15,5,External
APTV,EXPE,0.4731256226971347,63,0.0001029999340540084,15,15,Internal
APTV,FRT,0.4607744395928942,63,0.00016412434909398498,15,15,Internal
APTV,GIS,-0.4648465093054271,63,0.0001410308587183265,15,1,External
APTV,GM,0.47211455826626464,63,0.00010707580742958874,15,15,Internal
APTV,HBAN,0.4007326375995183,63,0.0012484440193691658,15,5,External
APTV,HLT,0.4540433171306957,63,0.0002100116749336696,15,15,Internal
APTV,HSIC,0.4028942561515499,63,0.0011678465063146733,15,20,External
APTV,MAR,0.481083579870311,63,7.556545131046416e-05,15,15,Internal
APTV,MAS,0.4032881848458247,63,0.001153673953459971,15,15,Internal
APTV,MGM,0.4105842459537342,63,0.0009176967302289791,15,15,Internal
APTV,NVR,0.4102974011454906,63,0.0009260805165175823,15,15,Internal
APTV,PHM,0.49970637044732774,63,3.550268224327874e-05,15,15,Internal
APTV,PPL,0.4261040629849279,63,0.000554282794389719,15,7,External
APTV,REG,0.4634030565416113,63,0.0001488518178621189,15,15,Internal
APTV,SNA,0.4157127346003127,63,0.0007789219302958548,15,15,Internal
APTV,TEL,0.41367349774762674,63,0.0008316522257295956,15,15,Internal
APTV,WBD,0.4125670913857201,63,0.0008615924955744757,15,15,Internal
APTV,WYNN,0.41823875426782026,63,0.0007178062707747138,15,15,Internal
ARE,AVB,0.40853961299535474,63,0.0009789843418076627,15,15,Internal
ARE,BR,0.4212053515740579,63,0.0006515952504216437,15,15,Internal
ARE,DLR,0.52949252662536,63,9.641640023213433e-06,15,7,External
ARE,EQR,0.4950175327552426,63,4.311798717222281e-05,15,15,Internal
ARE,INTC,-0.4663714965485843,63,0.00013317926056482832,15,0,External
ARE,MAA,0.4384201270527288,63,0.00036507511761928597,15,15,Internal
ARE,O,0.5452602899273942,63,4.5933970826485275e-06,15,15,Internal
ARE,PLD,0.46488112426214706,63,0.00014084802532774276,15,7,External
ARE,SPGI,0.42965106803059977,63,0.0004922711600714761,15,1,External
ARE,STZ,0.4021910223775171,63,0.0011935373702746347,15,15,Internal
ARE,TXN,-0.40736686005284656,63,0.0010157814239791145,15,0,External
ARE,UDR,0.44726975902576055,63,0.00026777773734405216,15,15,Internal
ARE,WELL,0.4276961262899552,63,0.0005256214149338193,15,15,Internal
ATO,AWK,0.6588797001143911,63,5.823905474494283e-09,7,7,Internal
ATO,CL,0.44499575689246723,63,0.0002902106703739963,7,1,External
ATO,CMS,0.7301492349432079,63,1.651663165992462e-11,7,7,Internal
ATO,D,0.5603147742969825,63,2.183052688092795e-06,7,7,Internal
ATO,DUK,0.6616158348215071,63,4.7872035902955225e-09,7,7,Internal
ATO,ED,0.6113753507210418,63,1.3046833183331277e-07,7,7,Internal
ATO,EQIX,0.4023351871581863,63,0.00118822958684427,7,7,Internal
ATO,ES,0.6838721847982406,63,8.986439708625231e-10,7,7,Internal
ATO,ETR,0.5630330841575866,63,1.9011959601346063e-06,7,7,Internal
ATO,EVRG,0.6308105109092894,63,3.89676389500683e-08,7,7,Internal
ATO,EXC,0.44934241581486367,63,0.00024872289618952314,7,7,Internal
ATO,FE,0.4934332491713182,63,4.6014794761335834e-05,7,7,Internal
ATO,LNT,0.61872403010195,63,8.341924389179027e-08,7,7,Internal
ATO,NEE,0.5557030269007981,63,2.7524035431438088e-06,7,7,Internal
ATO,NI,0.605301460585249,63,1.8722222579834867e-07,7,7,Internal
ATO,PNW,0.626085300117489,63,5.2676997681325766e-08,7,7,Internal
ATO,SO,0.5747740809814025,63,1.031516782888636e-06,7,7,Internal
ATO,WEC,0.7021555184651661,63,2.029317858751398e-10,7,7,Internal
ATO,WMT,0.43502518518585204,63,0.0004102588750572678,7,1,External
ATO,XEL,0.6449761875519926,63,1.529950318574043e-08,7,7,Internal
AVB,AVY,0.45274573001625673,63,0.00022010513766611628,15,15,Internal
AVB,BXP,0.5705815414895921,63,1.2867085605333242e-06,15,15,Internal
AVB,CNP,0.4472363745678556,63,0.00026809528166012403,15,7,External
AVB,CPT,0.7125676021221375,63,8.263805190133552e-11,15,15,Internal
AVB,CSCO,-0.4073315837690847,63,0.001016907351423127,15,16,External
AVB,DOC,0.6306953314718544,63,3.925739583419296e-08,15,15,Internal
AVB,DOV,0.42514387282949756,63,0.0005722472698095864,15,20,External
AVB,DTE,0.4983537201396465,63,3.756082354468366e-05,15,7,External
AVB,DUK,0.4502075401019684,63,0.00024114262280344718,15,7,External
AVB,EA,-0.4322973902147108,63,0.0004501884308293571,15,1,External
AVB,ED,0.4237908359096082,63,0.0005984588859682279,15,7,External
AVB,EIX,0.42594157467076926,63,0.0005572863846748116,15,7,External
AVB,EQR,0.8038084429109189,63,3.7005475871570204e-15,15,15,Internal
AVB,ESS,0.7811239470755782,63,6.930063961900433e-14,15,15,Internal
AVB,F,0.4444428426179447,63,0.0002959182855938276,15,5,External
AVB,FRT,0.5116865881028724,63,2.1326595919794426e-05,15,15,Internal
AVB,GM,0.42338770040687257,63,0.000606476510876678,15,15,Internal
AVB,HCA,0.5091477676434677,63,2.3797062953625974e-05,15,15,Internal
AVB,HLT,0.4193708282080182,63,0.0006918528693275549,15,15,Internal
AVB,HST,0.5418766200317191,63,5.402721142399679e-06,15,15,Internal
AVB,IDXX,-0.4272497697624253,63,0.0005335180871179157,15,1,External
AVB,INTC,-0.4898994317903123,63,5.313574127870421e-05,15,0,External
AVB,INVH,0.44143565955616626,63,0.0003287946074291735,15,15,Internal
AVB,IR,0.48450497319433444,63,6.598803677794943e-05,15,15,Internal
AVB,IRM,0.4192818184747373,63,0.0006938622457985064,15,15,Internal
AVB,KIM,0.45530083162432766,63,0.00020063583899129563,15,15,Internal
AVB,MAA,0.7257637664647802,63,2.496648859589814e-11,15,15,Internal
AVB,MAR,0.46617649810700895,63,0.0001341603518982472,15,15,Internal
AVB,MLM,0.40167591890803295,63,0.001212677025323776,15,5,External
AVB,NVDA,-0.49112458109195084,63,5.055916201189237e-05,15,1,External
AVB,O,0.5329321760324648,63,8.227736513239929e-06,15,15,Internal
AVB,PEG,0.42022338178740604,63,0.0006728719512416536,15,7,External
AVB,PHM,0.4093173791123591,63,0.0009552485721693578,15,15,Internal
AVB,PLD,0.46236187467228823,63,0.00015473805354460676,15,7,External
AVB,PNW,0.43745816599073967,63,0.0003773939627192848,15,7,External
AVB,RCL,0.4696857737563541,63,0.00011748023064481581,15,15,Internal
AVB,REG,0.5071200482911753,63,2.595798202763917e-05,15,15,Internal
AVB,RL,0.46287061290080217,63,0.00015183577967772203,15,15,Internal
AVB,RTX,0.47839182617919696,63,8.398333101150878e-05,15,15,Internal
AVB,SNA,0.5065357137901082,63,2.661364300378143e-05,15,15,Internal
AVB,SPG,0.44345604424186225,63,0.0003063600193946195,15,15,Internal
AVB,UDR,0.8121759313928067,63,1.1386970298812412e-15,15,15,Internal
AVB,VRTX,-0.5826289572541614,63,6.76051940662888e-07,15,1,External
AVB,VTR,0.4610418696384234,63,0.00016250737765236434,15,15,Internal
AVB,WAB,0.4084637957894686,63,0.0009813263554309547,15,15,Internal
AVB,WELL,0.5616954129498968,63,2.0353431159252726e-06,15,15,Internal
AVB,WY,0.4161030585607798,63,0.0007691808456786107,15,15,Internal
AVGO,INTC,0.5580927488823857,63,2.442006096809256e-06,0,0,Internal
AVGO,MCHP,0.4260636350220607,63,0.0005550287273987061,0,0,Internal
AVGO,MPWR,0.4084363699248735,63,0.0009821747920724488,0,0,Internal
AVGO,MU,0.4225742280664115,63,0.0006229522982283358,0,0,Internal
AVGO,QCOM,0.4925714520564715,63,4.766506631633128e-05,0,0,Internal
AVGO,SNPS,0.40808670016375365,63,0.0009930502181196548,0,1,External
AVGO,SWKS,0.46136054756142936,63,0.00016059962294353848,0,0,Internal
AVGO,TXN,0.5819970105793392,63,6.997145086706055e-07,0,0,Internal
AVY,AXP,0.4178443755883064,63,0.0007270525862033808,15,5,External
AVY,BAC,0.5247138971060817,63,1.1983705201272391e-05,15,5,External
AVY,BLDR,0.4045361879541527,63,0.0011097909166544486,15,5,External
AVY,BXP,0.5235570897812981,63,1.2625219275650245e-05,15,15,Internal
AVY,C,0.44731422190425746,63,0.00026735535144871376,15,5,External
AVY,CBRE,0.4177992946019797,63,0.0007281163599569496,15,5,External
AVY,CF,0.4548289149158694,63,0.0002041085066665038,15,5,External
AVY,CFG,0.4895253562018396,63,5.3946282082097774e-05,15,5,External
AVY,CPRT,0.521931272217239,63,1.3580919803140274e-05,15,15,Internal
AVY,CSX,0.5002413558970394,63,3.471786094064086e-05,15,20,External
AVY,DD,0.43414148919135603,63,0.0004228266510227527,15,5,External
AVY,DOC,0.6219263656674432,63,6.83991370549926e-08,15,15,Internal
AVY,DOV,0.5602967442380783,63,2.1850463776708567e-06,15,20,External
AVY,DOW,0.47181719016311935,63,0.00010830249688800526,15,5,External
AVY,DRI,0.4635823358554371,63,0.00014785925790801333,15,15,Internal
AVY,DTE,0.5046652860037344,63,2.8816988017192285e-05,15,7,External
AVY,EA,-0.5258731852658904,63,1.137133249949782e-05,15,1,External
AVY,ECL,0.45920217177322054,63,0.00017393284960862937,15,7,External
AVY,EFX,0.4057432050408989,63,0.001068785788889136,15,15,Internal
AVY,EQR,0.4471502301208199,63,0.0002689162548743739,15,15,Internal
AVY,ESS,0.4173594802260286,63,0.0007385688066194649,15,15,Internal
AVY,ETN,0.4593442154577924,63,0.00017302513535658273,15,20,External
AVY,EXPE,0.47515522268874677,63,9.524546069900275e-05,15,15,Internal
AVY,EXR,0.46975548845972076,63,0.00011716907562635993,15,7,External
AVY,F,0.6046466880879087,63,1.945679375019977e-07,15,5,External
AVY,FITB,0.4259990726094363,63,0.0005562218527755772,15,5,External
AVY,FRT,0.47934720426920074,63,8.090145834694414e-05,15,15,Internal
AVY,FTNT,-0.431702437257037,63,0.0004593536881107976,15,1,External
AVY,FTV,0.43710124843623555,63,0.000382060109493498,15,20,External
AVY,GD,0.5161685684426982,63,1.753694220199677e-05,15,5,External
AVY,GL,0.49983020854460214,63,3.531956592623317e-05,15,5,External
AVY,GLW,0.5591054767129493,63,2.320611796281357e-06,15,15,Internal
AVY,GM,0.5248105605184301,63,1.193149590993951e-05,15,15,Internal
AVY,GOOG,-0.4916519784651277,63,4.948594822627348e-05,15,1,External
AVY,GOOGL,-0.48605661407625156,63,6.202488808762123e-05,15,1,External
AVY,GS,0.43854567029095354,63,0.00036349473291321554,15,5,External
AVY,HBAN,0.5329248025901905,63,8.230549252221983e-06,15,5,External
AVY,HIG,0.5478370099749236,63,4.054588162000682e-06,15,5,External
AVY,HON,0.5444296978051397,63,4.7808534121314945e-06,15,20,External
AVY,HUBB,0.4994426417046172,63,3.5895582364638454e-05,15,20,External
AVY,IFF,0.5300346331126793,63,9.404733748478123e-06,15,15,Internal
AVY,INTC,-0.41018225162390776,63,0.0009294654692352601,15,0,External
AVY,IP,0.5328548293867833,63,8.25728646240439e-06,15,5,External
AVY,IR,0.4054551683614183,63,0.0010784449836740769,15,15,Internal
AVY,IRM,0.41830240502398136,63,0.0007163239800770278,15,15,Internal
AVY,ITW,0.5194091927442533,63,1.5197363073885444e-05,15,20,External
AVY,JCI,0.4658252890704259,63,0.00013594413682336664,15,5,External
AVY,JPM,0.5516344585453927,63,3.3671541156309953e-06,15,5,External
AVY,KEY,0.5116998977473156,63,2.1314295825588153e-05,15,5,External
AVY,KIM,0.5559020812252233,63,2.725203796913649e-06,15,15,Internal
AVY,KO,0.5209602454106848,63,1.4183349196514538e-05,15,7,External
AVY,LEN,0.4053705447496351,63,0.0010812977192288552,15,15,Internal
AVY,LH,0.48647350374633547,63,6.0998156184768224e-05,15,15,Internal
AVY,LUV,0.4583825418648179,63,0.00017925639623075261,15,5,External
AVY,LVS,0.4567264112709367,63,0.00019047136232184538,15,15,Internal
AVY,LW,0.4329006193459713,63,0.0004410657702685967,15,15,Internal
AVY,LYB,0.4331683250684708,63,0.0004370713806149365,15,5,External
AVY,LYV,0.42696655209153545,63,0.0005385843063164087,15,15,Internal
AVY,MAA,0.4258686405437971,63,0.0005586393666178103,15,15,Internal
AVY,MAS,0.4442121549885007,63,0.0002983297695358339,15,15,Internal
AVY,MET,0.4686828695482979,63,0.00012204129803947158,15,5,External
AVY,MHK,0.5594402820658221,63,2.2817370172249004e-06,15,15,Internal
AVY,MLM,0.43066306584601466,63,0.00047577323116897396,15,5,External
AVY,MO,0.4592216359774622,63,0.00017380820830054515,15,15,Internal
AVY,MOS,0.4360343812801313,63,0.0003963227611149366,15,5,External
AVY,MSFT,-0.5904835565637733,63,4.381428802390525e-07,15,1,External
AVY,MTB,0.5138665955244889,63,1.9397393089513702e-05,15,5,External
AVY,NFLX,-0.5733634649256337,63,1.1115425811900675e-06,15,1,External
AVY,NSC,0.451548858268619,63,0.00022980664189465526,15,20,External
AVY,NVDA,-0.522563242512677,63,1.320171162994426e-05,15,1,External
AVY,NVR,0.4408549902895561,63,0.0003355140594716391,15,15,Internal
AVY,O,0.5403897703697215,63,5.798838375299488e-06,15,15,Internal
AVY,PFG,0.4393934221055579,63,0.0003529850497373349,15,5,External
AVY,PH,0.40296764179441924,63,0.001165194453260272,15,15,Internal
AVY,PHM,0.5698988571039477,63,1.3334831046884666e-06,15,15,Internal
AVY,PKG,0.5433860639249919,63,5.026514041969223e-06,15,20,External
AVY,PLD,0.4446246716092178,63,0.0002940300963857176,15,7,External
AVY,PNR,0.40354002365494057,63,0.0011446948000440858,15,20,External
AVY,PNW,0.42956801875960426,63,0.0004936478721602431,15,7,External
AVY,PPG,0.48956636423639294,63,5.38568727463612e-05,15,5,External
AVY,PPL,0.4315458519757589,63,0.00046179392471379995,15,7,External
AVY,PRU,0.4751093384142976,63,9.541466609263312e-05,15,5,External
AVY,PYPL,-0.4374838024404234,63,0.00037706081215075027,15,1,External
AVY,RCL,0.4583707517485616,63,0.00017933405128061532,15,15,Internal
AVY,REG,0.4971458731609759,63,3.9491350895965555e-05,15,15,Internal
AVY,RF,0.5248831340880689,63,1.1892436988224388e-05,15,5,External
AVY,RJF,0.47083014282872954,63,0.00011246743461796306,15,5,External
AVY,RL,0.6451599642390857,63,1.5110252181981394e-08,15,15,Internal
AVY,RTX,0.45471499409522836,63,0.00020495501190972399,15,15,Internal
AVY,SNA,0.5748336882468983,63,1.0282571945315078e-06,15,15,Internal
AVY,SNPS,-0.4330291011718179,63,0.0004391445902134368,15,1,External
AVY,SPG,0.4990888713974654,63,3.6428944491821664e-05,15,15,Internal
AVY,STZ,0.4980850748193467,63,3.7982497225726e-05,15,15,Internal
AVY,SWK,0.4016961639200987,63,0.001211919598161212,15,5,External
AVY,SYF,0.4030770875214071,63,0.0011612493155110585,15,5,External
AVY,SYY,0.411501321412589,63,0.000891350634425374,15,15,Internal
AVY,TDG,0.47479754763350784,63,9.657178816427455e-05,15,5,External
AVY,TEL,0.4759910264403891,63,9.221122225523882e-05,15,15,Internal
AVY,TFC,0.5362587011255244,63,7.046174065228221e-06,15,5,External
AVY,TPR,0.5109406322115895,63,2.2026590253178588e-05,15,15,Internal
AVY,TRV,0.4758247169539813,63,9.280779512533045e-05,15,5,External
AVY,TT,0.4093317952269414,63,0.0009548135692386992,15,20,External
AVY,TXT,0.5070970660947968,63,2.5983484152213307e-05,15,5,External
AVY,UAL,0.4133165210232922,63,0.0008412079049469316,15,5,External
AVY,UDR,0.5452219254926695,63,4.601902217443933e-06,15,15,Internal
AVY,USB,0.463925060279268,63,0.0001459786828676179,15,5,External
AVY,VICI,0.43427664041677255,63,0.0004208821352038696,15,5,External
AVY,VRSN,-0.4798996216771624,63,7.916733708904314e-05,15,1,External
AVY,VRTX,-0.5069612350856652,63,2.6134683350254242e-05,15,1,External
AVY,VTR,0.4788181266388379,63,8.259504741004654e-05,15,15,Internal
AVY,WAB,0.47851769795687626,63,8.357119967961798e-05,15,15,Internal
AVY,WBD,0.4318470081859891,63,0.00045711110026265393,15,15,Internal
AVY,WELL,0.5694871161141178,63,1.3624590936644173e-06,15,15,Internal
AVY,WFC,0.4470834816284117,63,0.0002695539591833755,15,5,External
AVY,WY,0.47206878021490206,63,0.00010726381325202531,15,15,Internal
AVY,WYNN,0.4901348159067549,63,5.263149420020469e-05,15,15,Internal
AWK,BRO,0.43101525151988124,63,0.0004701507391976099,7,7,Internal
AWK,CMS,0.7190128783427476,63,4.6447498488273247e-11,7,7,Internal
AWK,D,0.5646165053846429,63,1.7531070661353482e-06,7,7,Internal
AWK,DUK,0.7324240767742412,63,1.3288247564507011e-11,7,7,Internal
AWK,ED,0.6889130949649567,63,6.027199863884457e-10,7,7,Internal
AWK,EQIX,0.42220723099448904,63,0.0006305173116455752,7,7,Internal
AWK,ES,0.8136458203984105,63,9.201534268512664e-16,7,7,Internal
AWK,ETR,0.6363066785348531,63,2.7266229472662418e-08,7,7,Internal
AWK,EVRG,0.5933157719502884,63,3.736506425425108e-07,7,7,Internal
AWK,EXC,0.5164973664477027,63,1.728515756810117e-05,7,7,Internal
AWK,FE,0.6473780992245621,63,1.2993917966992803e-08,7,7,Internal
AWK,LNT,0.7482390929428235,63,2.7500484675710553e-12,7,7,Internal
AWK,NEE,0.5985467070721157,63,2.773282251271862e-07,7,7,Internal
AWK,NI,0.7488030757312863,63,2.5942631229627605e-12,7,7,Internal
AWK,PCG,0.41602362739200643,63,0.0007711541834212462,7,7,Internal
AWK,PEG,0.426504099064586,63,0.0005469506603562968,7,7,Internal
AWK,PNW,0.66814865231723,63,2.9732378463937826e-09,7,7,Internal
AWK,SBAC,0.43984597495275324,63,0.0003474887879413103,7,7,Internal
AWK,SO,0.5960939646240386,63,3.191452426409948e-07,7,7,Internal
AWK,WEC,0.868023298786347,63,6.708829453953025e-20,7,7,Internal
AWK,WM,0.47070820681120396,63,0.00011299204682768708,7,7,Internal
AWK,XEL,0.7748506437358228,63,1.4664433837078e-13,7,7,Internal
AXP,BA,0.4526183270381668,63,0.0002211197122518023,5,15,External
AXP,BAC,0.7043734293862836,63,1.6813036058388763e-10,5,5,Internal
AXP,BEN,0.43512368475267704,63,0.00040887930195065297,5,5,Internal
AXP,BKNG,0.44571231231042985,63,0.0002829633500532504,5,15,External
AXP,BKR,0.4689700330102504,63,0.00012071897412847362,5,11,External
AXP,BLDR,0.5996668894128966,63,2.599967326612464e-07,5,5,Internal
AXP,BXP,0.5347750190201295,63,7.552148454443657e-06,5,15,External
AXP,C,0.6870319837189602,63,7.002539860794434e-10,5,5,Internal
AXP,CB,0.4226361393687392,63,0.0006216842465309525,5,5,Internal
AXP,CBRE,0.600522813512212,63,2.474463459885386e-07,5,5,Internal
AXP,CCL,0.4556651954910553,63,0.00019799171054453625,5,15,External
AXP,CDNS,-0.4726441317289043,63,0.00010492281854105728,5,1,External
AXP,CF,0.5222450737773753,63,1.3391378331872594e-05,5,5,Internal
AXP,CFG,0.6715838618118615,63,2.3034504634768716e-09,5,5,Internal
AXP,CHD,-0.568525892625728,63,1.4324168606186197e-06,5,1,External
AXP,CL,-0.5453205817638631,63,4.5800604308777474e-06,5,1,External
AXP,CLX,-0.42525372365138164,63,0.0005701656086967403,5,1,External
AXP,CMI,0.5537425549153122,63,3.034193544626247e-06,5,20,External
AXP,COF,0.8528608319549859,63,1.3954728565842825e-18,5,5,Internal
AXP,COST,-0.4641547899644802,63,0.00014473043806749345,5,1,External
AXP,CPB,-0.4269672346986546,63,0.0005385720434571337,5,1,External
AXP,CPRT,0.42455696467958975,63,0.0005834864267836725,5,15,External
AXP,CTAS,0.5307979663223763,63,9.08032432456056e-06,5,15,External
AXP,CTSH,0.46085921404161945,63,0.00016361018467710926,5,5,Internal
AXP,DAL,0.5032404493564228,63,3.060751467199498e-05,5,5,Internal
AXP,DD,0.5365602047489536,63,6.947294540411858e-06,5,5,Internal
AXP,DE,0.5237690762667231,63,1.2505322334210831e-05,5,5,Internal
AXP,DG,-0.4149533134840522,63,0.0007981947655936478,5,1,External
AXP,DHR,-0.5187402172337972,63,1.5655162114534563e-05,5,1,External
AXP,DIS,0.406808655358174,63,0.0010337304185039464,5,5,Internal
AXP,DOC,0.5459278856287872,63,4.447724407593143e-06,5,15,External
AXP,DOV,0.5801959971283227,63,7.714878721395655e-07,5,20,External
AXP,DOW,0.5758772379494741,63,9.727327762816818e-07,5,5,Internal
AXP,DRI,0.5614747944241106,63,2.05830078891254e-06,5,15,External
AXP,DTE,0.4232630757237965,63,0.0006089747057522042,5,7,External
AXP,EA,-0.5481059235543788,63,4.001894708575474e-06,5,1,External
AXP,EMR,0.4994294367617097,63,3.5915360298489175e-05,5,20,External
AXP,EQIX,-0.4178185951993735,63,0.0007276607523754094,5,7,External
AXP,ETN,0.5632817194664937,63,1.8771924650226373e-06,5,20,External
AXP,EXPE,0.4244542835916438,63,0.0005854732038210097,5,15,External
AXP,F,0.4552115942792217,63,0.00020128832872262796,5,5,Internal
AXP,FITB,0.709783456026037,63,1.054810166952831e-10,5,5,Internal
AXP,FOX,0.5068458814763331,63,2.626372806602977e-05,5,15,External
AXP,FOXA,0.5086320483226916,63,2.4330253660129077e-05,5,15,External
AXP,FRT,0.6498685475332887,63,1.0952809186613289e-08,5,15,External
AXP,GD,0.5276272134651508,63,1.0499910057773156e-05,5,5,Internal
AXP,GE,0.49315116451888136,63,4.654905965138848e-05,5,5,Internal
AXP,GIS,-0.48245064500948986,63,7.159464385813734e-05,5,1,External
AXP,GL,0.518575221155262,63,1.577002615517591e-05,5,5,Internal
AXP,GLW,0.4791962697392386,63,8.138131275223635e-05,5,15,External
AXP,GM,0.6631119716524693,63,4.29693880733648e-09,5,15,External
AXP,GPC,0.4836506133088171,63,6.826863595649954e-05,5,15,External
AXP,GS,0.5666387035290517,63,1.5796628572504684e-06,5,5,Internal
AXP,HBAN,0.7259524107853524,63,2.4530685980443172e-11,5,5,Internal
AXP,HIG,0.6192683286744826,63,8.066412770637453e-08,5,5,Internal
AXP,HLT,0.5764174803026547,63,9.451049453830325e-07,5,15,External
AXP,HON,0.5467701416129308,63,4.2700902020987766e-06,5,20,External
AXP,HPE,0.41650714498403235,63,0.0007592125367946822,5,5,Internal
AXP,HST,0.6527989943812156,63,8.939698081239905e-09,5,15,External
AXP,HUBB,0.43133929828913403,63,0.00046503090096937567,5,20,External
AXP,HWM,0.5143485304069645,63,1.899336637704699e-05,5,5,Internal
AXP,ICE,-0.4089271141055002,63,0.0009670929102398829,5,1,External
AXP,INCY,-0.4261542822701219,63,0.0005533574697705353,5,1,External
AXP,INTU,-0.5002882754168023,63,3.464980163362026e-05,5,1,External
AXP,IP,0.6369266271794006,63,2.61782148122573e-08,5,5,Internal
AXP,IR,0.4543765631909721,63,0.00020748876110832722,5,15,External
AXP,IRM,0.4552367731953242,63,0.00020110402791621642,5,15,External
AXP,IT,0.519835896947829,63,1.4911886614878235e-05,5,5,Internal
AXP,JBL,0.47959998962814593,63,8.010363087308472e-05,5,15,External
AXP,JCI,0.5315912830305398,63,8.754233542440814e-06,5,5,Internal
AXP,JKHY,-0.450412494995759,63,0.00023937802131369888,5,1,External
AXP,JNJ,-0.5859634682733157,63,5.63143749241249e-07,5,1,External
AXP,JPM,0.6856966756023021,63,7.783968794124684e-10,5,5,Internal
AXP,KEY,0.6992485694555152,63,2.5901002989007514e-10,5,5,Internal
AXP,KIM,0.6772307647964001,63,1.5029617509476397e-09,5,15,External
AXP,KMB,-0.42564706726678114,63,0.0005627680214105082,5,1,External
AXP,L,0.577772028754908,63,8.790350656815494e-07,5,5,Internal
AXP,LEN,0.42044765640335663,63,0.0006679577999205102,5,15,External
AXP,LKQ,0.664743583479705,63,3.8166702024985705e-09,5,15,External
AXP,LLY,-0.4565391808625669,63,0.00019177887198555546,5,1,External
AXP,LUV,0.5301472563880517,63,9.356200935760276e-06,5,5,Internal
AXP,LVS,0.45052033210579945,63,0.00023845432275162404,5,15,External
AXP,LYB,0.5161453220060878,63,1.7554871945554803e-05,5,5,Internal
AXP,LYV,0.4516853570392272,63,0.0002286807969759256,5,15,External
AXP,MAR,0.5897823359510732,63,4.5565346763808094e-07,5,15,External
AXP,MDLZ,-0.49388785233225413,63,4.5165692204869296e-05,5,1,External
AXP,MET,0.7405781464582951,63,5.982648310109847e-12,5,5,Internal
AXP,MGM,0.5538569953663424,63,3.0170300161382965e-06,5,15,External
AXP,MHK,0.68280227902705,63,9.771559456206597e-10,5,15,External
AXP,MLM,0.5804866284344562,63,7.594564075963445e-07,5,5,Internal
AXP,MOS,0.6502696915013716,63,1.0653881630277918e-08,5,5,Internal
AXP,MS,0.47233646532341284,63,0.00010616874418469868,5,5,Internal
AXP,MSFT,-0.6105801778396666,63,1.368444624482618e-07,5,1,External
AXP,MTB,0.7660565616672461,63,4.031392070812955e-13,5,5,Internal
AXP,NCLH,0.5334653183441235,63,8.026715338177648e-06,5,15,External
AXP,NFLX,-0.4438963937522467,63,0.000301659646072733,5,1,External
AXP,NSC,0.505844868024839,63,2.7408601053950432e-05,5,20,External
AXP,NTRS,0.4590039656761524,63,0.00017520675774603518,5,5,Internal
AXP,NUE,0.4031408885491407,63,0.001158955064841087,5,5,Internal
AXP,NVDA,-0.5478657753111681,63,4.0489208251413376e-06,5,1,External
AXP,NWS,0.4093535998296487,63,0.0009541559601263016,5,15,External
AXP,NWSA,0.4007015405294519,63,0.0012496391434475074,5,15,External
AXP,O,0.4410905943008123,63,0.00033277271977878996,5,15,External
AXP,OMC,0.6208678001724315,63,7.305624670059585e-08,5,5,Internal
AXP,ON,0.543698983767877,63,4.951646880753125e-06,5,0,External
AXP,PEP,-0.47670150438561393,63,8.970217983906415e-05,5,1,External
AXP,PFG,0.7008115867058667,63,2.2724636347575284e-10,5,5,Internal
AXP,PH,0.6248346700360228,63,5.7004029456654174e-08,5,15,External
AXP,PHM,0.48570352652909354,63,6.290692979532264e-05,5,15,External
AXP,PKG,0.5862707799824226,63,5.536822874309348e-07,5,20,External
AXP,PNC,0.639213672670347,63,2.250896019690445e-08,5,5,Internal
AXP,PNR,0.402139325965929,63,0.0011954458952939725,5,20,External
AXP,PPG,0.4960241869187055,63,4.136594020160296e-05,5,5,Internal
AXP,PPL,0.42271210897126477,63,0.0006201314542614323,5,7,External
AXP,PRU,0.6465935713606266,63,1.3708144775359798e-08,5,5,Internal
AXP,PSKY,0.5970556821556737,63,3.020877644277646e-07,5,5,Internal
AXP,RCL,0.4520066976228743,63,0.00022605026080987185,5,15,External
AXP,REG,0.6340909610674719,63,3.151454004805615e-08,5,15,External
AXP,REGN,-0.401402376662668,63,0.001222952927044597,5,1,External
AXP,RF,0.7335987313784287,63,1.1866421056023556e-11,5,5,Internal
AXP,RJF,0.7018590660345573,63,2.0807240556704888e-10,5,5,Internal
AXP,RL,0.5366547370186208,63,6.916559509389693e-06,5,15,External
AXP,RMD,-0.5437375529230583,63,4.942491445349214e-06,5,1,External
AXP,RTX,0.46464494528776457,63,0.00014209983752833469,5,15,External
AXP,SJM,-0.40183625949472496,63,0.0012066898579264724,5,1,External
AXP,SLB,0.4480283763086962,63,0.0002606539328271178,5,11,External
AXP,SNA,0.5899366187027861,63,4.517452756409862e-07,5,15,External
AXP,SPG,0.5886330904283091,63,4.857811369623336e-07,5,15,External
AXP,STT,0.4359514029121643,63,0.0003974521418188043,5,5,Internal
AXP,SWK,0.5831904011562116,63,6.556614507111934e-07,5,5,Internal
AXP,SYF,0.8851080616434603,63,1.3518132734038898e-21,5,5,Internal
AXP,SYY,0.5043914158652428,63,2.915342921580618e-05,5,15,External
AXP,T,0.5029816835619134,63,3.094354329647734e-05,5,5,Internal
AXP,TDG,0.5430634736399479,63,5.104799514595583e-06,5,5,Internal
AXP,TECH,-0.46597176336279683,63,0.00013519756621424564,5,1,External
AXP,TEL,0.5739690466019778,63,1.0764995229994488e-06,5,15,External
AXP,TFC,0.668527008921897,63,2.8912899809787103e-09,5,5,Internal
AXP,TMO,-0.49640772987031473,63,4.0715891743867136e-05,5,1,External
AXP,TPR,0.6451446264405815,63,1.512596175526474e-08,5,15,External
AXP,TRMB,0.4558442191274741,63,0.00019670428886965478,5,5,Internal
AXP,TROW,0.48825703996230047,63,5.678017816919089e-05,5,5,Internal
AXP,TRV,0.49480302205643584,63,4.3500091878833006e-05,5,5,Internal
AXP,TXT,0.6186540711762178,63,8.377972961959666e-08,5,5,Internal
AXP,UAL,0.5092941487576923,63,2.3647708538969696e-05,5,5,Internal
AXP,UDR,0.4038967078350881,63,0.0011320851603219754,5,15,External
AXP,ULTA,0.41263634405548394,63,0.0008596902680642391,5,15,External
AXP,URI,0.47415333177651947,63,9.90036139356779e-05,5,15,External
AXP,USB,0.7659466547803845,63,4.081527943420619e-13,5,5,Internal
AXP,VICI,0.49373647849187874,63,4.5446805086123586e-05,5,5,Internal
AXP,VLO,0.4518594032983984,63,0.00022725257656276842,5,11,External
AXP,VMC,0.5558755767995279,63,2.7288109300739647e-06,5,5,Internal
AXP,VRSN,-0.5488002062399094,63,3.868792073646493e-06,5,1,External
AXP,VRTX,-0.536388913037023,63,7.00331066102591e-06,5,1,External
AXP,VTR,0.5877166227607364,63,5.111374433749469e-07,5,15,External
AXP,WAB,0.6939189922404247,63,4.0213044888399214e-10,5,15,External
AXP,WBD,0.5424189053318044,63,5.264640648368026e-06,5,15,External
AXP,WELL,0.5433239627321069,63,5.0414970041280685e-06,5,15,External
AXP,WFC,0.6864960220523766,63,7.306783558915234e-10,5,5,Internal
AXP,WMT,-0.48741632166515236,63,5.873371235089475e-05,5,1,External
AXP,WRB,0.4562648960067375,63,0.00019370916500590507,5,5,Internal
AXP,WST,-0.41689155850406223,63,0.0007498381826084094,5,1,External
AXP,WY,0.4192463868078031,63,0.0006946635780758404,5,15,External
AXP,WYNN,0.45029681660586174,63,0.0002403725216228868,5,15,External
AZO,DE,-0.4389812123195118,63,0.0003580601729233488,1,5,External
AZO,FANG,-0.403837482148219,63,0.0011341702269991882,1,11,External
AZO,HAL,-0.40831683298172033,63,0.0009858804786807335,1,11,External
AZO,HWM,-0.41913653467118733,63,0.0006971533546224489,1,5,External
AZO,ORLY,0.6900407969785531,63,5.505927673852869e-10,1,1,Internal
BA,BAX,-0.44322024643309427,63,0.00030890435209142186,15,1,External
BA,BKNG,0.5194649693795489,63,1.5159760725767991e-05,15,15,Internal
BA,BXP,0.4473501235168731,63,0.00026701473957851355,15,15,Internal
BA,C,0.5191449877320257,63,1.5376659523436203e-05,15,5,External
BA,CB,0.41817881619195685,63,0.0007192046392851988,15,5,External
BA,CBRE,0.41972990610401784,63,0.0006838001650457318,15,5,External
BA,CCL,0.5754143092538104,63,9.970075849368052e-07,15,15,Internal
BA,CDNS,-0.4254961330474077,63,0.0005655962692536405,15,1,External
BA,CDW,0.4114600161054499,63,0.000892522415397016,15,15,Internal
BA,CLX,-0.41175513685876286,63,0.0008841806565333555,15,1,External
BA,COST,-0.42597359997384904,63,0.000556693231898211,15,1,External
BA,CPT,0.4854804853519934,63,6.347005244059543e-05,15,15,Internal
BA,DAL,0.6107595436621224,63,1.3538107339360235e-07,15,5,External
BA,DE,0.4265593746185299,63,0.0005459444858225371,15,5,External
BA,DOC,0.41299579339353965,63,0.0008498777726348579,15,15,Internal
BA,EA,-0.455016921124144,63,0.0002027184953114448,15,1,External
BA,EQR,0.4017338209175728,63,0.0012105118685938278,15,15,Internal
BA,EXPE,0.4121823437735289,63,0.0008722301512381137,15,15,Internal
BA,F,0.42086728722730704,63,0.0006588503879663344,15,5,External
BA,FITB,0.4029327496505525,63,0.0011664547287622558,15,5,External
BA,FRT,0.47758570091398833,63,8.666744556967975e-05,15,15,Internal
BA,GD,0.44315241752988244,63,0.0003096398096560651,15,5,External
BA,GE,0.6330229304483741,63,3.377889978184083e-08,15,5,External
BA,HLT,0.4210011409948688,63,0.00065596906795819,15,15,Internal
BA,HST,0.5461304592427939,63,4.4043819272619304e-06,15,15,Internal
BA,HWM,0.4455766903836092,63,0.00028432223476259233,15,5,External
BA,INTU,-0.4421757182496227,63,0.00032040863473497416,15,1,External
BA,IP,0.4327492768482423,63,0.0004433385891686143,15,5,External
BA,IR,0.48665179221285415,63,6.0563866226924163e-05,15,15,Internal
BA,IRM,0.4023076965390575,63,0.0011892400791194825,15,15,Internal
BA,KEY,0.413539099702266,63,0.000835238262063381,15,5,External
BA,KIM,0.5148160661168054,63,1.8608886969127013e-05,15,15,Internal
BA,L,0.42714688877124835,63,0.0005353534039241725,15,5,External
BA,LUV,0.5202190155706805,63,1.4659822720785827e-05,15,5,External
BA,MAA,0.40053816210504395,63,0.0012559350399649798,15,15,Internal
BA,MAR,0.4635774364643424,63,0.00014788630193892199,15,15,Internal
BA,MET,0.4636324458318193,63,0.00014758291746527449,15,5,External
BA,MHK,0.4166161743573068,63,0.0007565430185859815,15,15,Internal
BA,MNST,-0.40889710730871714,63,0.000968009064910818,15,1,External
BA,MOS,0.48472606497064163,63,6.540941530707676e-05,15,5,External
BA,MSFT,-0.4087370302334645,63,0.0009729097176394565,15,1,External
BA,MTB,0.4819018193485037,63,7.316507943253314e-05,15,5,External
BA,NCLH,0.6137773181721349,63,1.1286576556181976e-07,15,15,Internal
BA,NVDA,-0.48116262752976097,63,7.533043144599563e-05,15,1,External
BA,PFG,0.5352019870597896,63,7.403177007252798e-06,15,5,External
BA,PH,0.42454162092186604,63,0.0005837829240024178,15,15,Internal
BA,PNC,0.4286764820807156,63,0.0005086488561817403,15,5,External
BA,PRU,0.4122419499471553,63,0.0008705744062841659,15,5,External
BA,RCL,0.5001591678533446,63,3.483737736579629e-05,15,15,Internal
BA,REG,0.5035038606891871,63,3.026892641129023e-05,15,15,Internal
BA,RTX,0.4829742646208633,63,7.012535260689064e-05,15,15,Internal
BA,SPG,0.6023654774386896,63,2.2233600391854913e-07,15,15,Internal
BA,SYF,0.4600775176387659,63,0.00016840772626132598,15,5,External
BA,TDG,0.5252365451888579,63,1.1703925565592938e-05,15,5,External
BA,TFC,0.46005697239486676,63,0.00016853554101064946,15,5,External
BA,TMO,-0.44184761629475355,63,0.0003241021481149847,15,1,External
BA,TPR,0.41157839266963986,63,0.0008891679322078192,15,15,Internal
BA,TRV,0.41476543984699393,63,0.0008030287452941208,15,5,External
BA,TXT,0.6206116309022661,63,7.422737816331317e-08,15,5,External
BA,UAL,0.6297604609652743,63,4.1685703806043205e-08,15,5,External
BA,UDR,0.42938565028839537,63,0.0004966832880966334,15,15,Internal
BA,USB,0.44589604613434286,63,0.00028113185884787655,15,5,External
BA,VRTX,-0.4470559666268384,63,0.00026981723487940406,15,1,External
BA,VTR,0.45441556279180945,63,0.00020719532619500395,15,15,Internal
BA,WFC,0.4620491870254315,63,0.00015654704555671274,15,5,External
BAC,BDX,-0.42028933039067407,63,0.0006714235420930822,5,1,External
BAC,BEN,0.45504530423448875,63,0.00020250940116201037,5,5,Internal
BAC,BG,0.4466267833769671,63,0.00027395437035248064,5,5,Internal
BAC,BK,0.6330297564523103,63,3.376395164497136e-08,5,5,Internal
BAC,BLDR,0.49577857874669834,63,4.178723499766237e-05,5,5,Internal
BAC,BRK-B,0.4991971004388593,63,3.626499955466117e-05,5,5,Internal
BAC,BXP,0.5270610457291305,63,1.0774154379892671e-05,5,15,External
BAC,C,0.9007915253124433,63,2.086003293178489e-23,5,5,Internal
BAC,CAT,0.42771000916903434,63,0.0005253775183248968,5,20,External
BAC,CB,0.5248725982515768,63,1.189809996281388e-05,5,5,Internal
BAC,CBRE,0.5189252974044893,63,1.552724127060322e-05,5,5,Internal
BAC,CDNS,-0.7053825929666395,63,1.542489181643808e-10,5,1,External
BAC,CF,0.49069365153455313,63,5.145198430520702e-05,5,5,Internal
BAC,CFG,0.8367432826977216,63,2.4722741339257507e-17,5,5,Internal
BAC,CHD,-0.4205118451754162,63,0.000666557337210233,5,1,External
BAC,CL,-0.4614691402400638,63,0.00015995424234913964,5,1,External
BAC,CLX,-0.41500483309829866,63,0.0007968737742184221,5,1,External
BAC,CMI,0.511713391825023,63,2.130183200532397e-05,5,20,External
BAC,COF,0.7186355696761588,63,4.806183052976882e-11,5,5,Internal
BAC,COP,0.4407615256787395,63,0.00033660724723758923,5,11,External
BAC,COST,-0.5358679172803787,63,7.176285333440851e-06,5,1,External
BAC,CSX,0.4062487057488053,63,0.0010520223954812026,5,20,External
BAC,CTSH,0.4283704690216312,63,0.0005138925229693321,5,5,Internal
BAC,CVX,0.42066350838625227,63,0.000663258931067987,5,11,External
BAC,DAL,0.5176859591258665,63,1.6402691880492944e-05,5,5,Internal
BAC,DD,0.44762148505394345,63,0.0002644530256721713,5,5,Internal
BAC,DE,0.565551269241286,63,1.6708273869894905e-06,5,5,Internal
BAC,DHR,-0.41610298989698846,63,0.0007691825495436738,5,1,External
BAC,DIS,0.40633020652824325,63,0.0010493419742825497,5,5,Internal
BAC,DOC,0.40381616658632424,63,0.0011349214970473272,5,15,External
BAC,DOV,0.43899168574359965,63,0.00035793040525034767,5,20,External
BAC,DOW,0.625528710827147,63,5.456296619874645e-08,5,5,Internal
BAC,DPZ,-0.42495602097366647,63,0.000575823028063195,5,1,External
BAC,DVN,0.46564261535141543,63,0.0001368805163795984,5,11,External
BAC,EA,-0.6197578464033464,63,7.82598212252866e-08,5,1,External
BAC,ELV,-0.42119927592266065,63,0.0006517249973640644,5,1,External
BAC,EMR,0.5837047319420933,63,6.374900670569207e-07,5,20,External
BAC,EOG,0.48647788083004107,63,6.098745980604856e-05,5,11,External
BAC,ETN,0.5948865790176273,63,3.4184355533230873e-07,5,20,External
BAC,F,0.6220720494884661,63,6.778058554346474e-08,5,5,Internal
BAC,FITB,0.8352681608894927,63,3.166324472076405e-17,5,5,Internal
BAC,FRT,0.5698198405880287,63,1.3389986703869747e-06,5,15,External
BAC,FTV,0.5904693092683555,63,4.3849227520376526e-07,5,20,External
BAC,GD,0.5494932570711736,63,3.7400579817166017e-06,5,5,Internal
BAC,GE,0.538407058073286,63,6.369280042174708e-06,5,5,Internal
BAC,GL,0.6585398879809964,63,5.9665932824541244e-09,5,5,Internal
BAC,GM,0.578323842154532,63,8.533827025730395e-07,5,15,External
BAC,GOOG,-0.4543199134327785,63,0.0002079156742105846,5,1,External
BAC,GOOGL,-0.48285362273540916,63,7.046139118504749e-05,5,1,External
BAC,GS,0.7325281535839547,63,1.3155988186157078e-11,5,5,Internal
BAC,HAL,0.41010401969862886,63,0.000931771555434059,5,11,External
BAC,HBAN,0.8394222856208092,63,1.5674222239467548e-17,5,5,Internal
BAC,HIG,0.7009224027903287,63,2.2514105225653063e-10,5,5,Internal
BAC,HON,0.6791180896797759,63,1.3003578354348718e-09,5,20,External
BAC,HPE,0.44545122756769523,63,0.0002855846313692962,5,5,Internal
BAC,HST,0.48738074559965294,63,5.8817730431873795e-05,5,15,External
BAC,HUBB,0.44664854702930473,63,0.00027374319193166214,5,20,External
BAC,HUM,-0.4927249784601068,63,4.7367130348397104e-05,5,1,External
BAC,HWM,0.48806030745232154,63,5.723186380317442e-05,5,5,Internal
BAC,IDXX,-0.47437429436591744,63,9.816323494127004e-05,5,1,External
BAC,INTU,-0.5870006378269004,63,5.318064875381569e-07,5,1,External
BAC,IP,0.6726159853689214,63,2.13200004809917e-09,5,5,Internal
BAC,IR,0.40803438894186395,63,0.0009946865109514203,5,15,External
BAC,IRM,0.4110003335084451,63,0.0009056572796596462,5,15,External
BAC,IT,0.4239891743145558,63,0.0005945496914319664,5,5,Internal
BAC,JBL,0.4734787313726278,63,0.00010161041528527866,5,15,External
BAC,JCI,0.5380021884897439,63,6.492016545553429e-06,5,5,Internal
BAC,JKHY,-0.44497358650718793,63,0.0002904375825350224,5,1,External
BAC,JNJ,-0.48758558013253206,63,5.833549844108884e-05,5,1,External
BAC,JPM,0.9035065627910626,63,9.443342684487008e-24,5,5,Internal
BAC,KEY,0.8549619218491878,63,9.355713447438819e-19,5,5,Internal
BAC,KIM,0.6118563406780383,63,1.2674850494070645e-07,5,15,External
BAC,KMI,0.40871350821508207,63,0.0009736317121501087,5,11,External
BAC,L,0.6261584231029597,63,5.243384890308593e-08,5,5,Internal
BAC,LKQ,0.46093010558108133,63,0.00016318135558774602,5,15,External
BAC,LUV,0.5562535645877202,63,2.677788115874998e-06,5,5,Internal
BAC,LVS,0.4320370153962059,63,0.00045417884472906167,5,15,External
BAC,LYB,0.6207771283134926,63,7.346876438782605e-08,5,5,Internal
BAC,LYV,0.4067153902205574,63,0.0010367570775637578,5,15,External
BAC,MET,0.7436963369134958,63,4.374585415241992e-12,5,5,Internal
BAC,MHK,0.5553211338395275,63,2.8052992531875375e-06,5,15,External
BAC,MLM,0.6166234697933306,63,9.490657404588524e-08,5,5,Internal
BAC,MMM,0.4562808316617372,63,0.00019359653209134755,5,20,External
BAC,MOS,0.5198646782601974,63,1.489281164611124e-05,5,5,Internal
BAC,MS,0.6785670337785701,63,1.3566619703026917e-09,5,5,Internal
BAC,MSFT,-0.7584125970407252,63,9.374948530722706e-13,5,1,External
BAC,MTB,0.8186441626162029,63,4.394952481697895e-16,5,5,Internal
BAC,NCLH,0.5002821851472539,63,3.4658628921572454e-05,5,15,External
BAC,NFLX,-0.4580082551459787,63,0.0001817367131447704,5,1,External
BAC,NOW,-0.4631761008581503,63,0.00015011709942817464,5,1,External
BAC,NTRS,0.713102902429276,63,7.88239413643473e-11,5,5,Internal
BAC,NUE,0.5500810779804567,63,3.6340175947924505e-06,5,5,Internal
BAC,NVDA,-0.6358135617762509,63,2.8162027549604812e-08,5,1,External
BAC,O,0.42090468538249753,63,0.0006580442075136764,5,15,External
BAC,OMC,0.49561269614076153,63,4.207401596713731e-05,5,5,Internal
BAC,OXY,0.40055079571729996,63,0.0012554471790851439,5,11,External
BAC,PCAR,0.5445731926131282,63,4.747966171112749e-06,5,20,External
BAC,PFG,0.7117627638300672,63,8.870504626093121e-11,5,5,Internal
BAC,PH,0.5801086197739934,63,7.751399186521451e-07,5,15,External
BAC,PKG,0.5924740369041455,63,3.918196607477402e-07,5,20,External
BAC,PNC,0.7493309037895048,63,2.4561265525765396e-12,5,5,Internal
BAC,PNR,0.4646567843274023,63,0.00014203684515027304,5,20,External
BAC,PPG,0.44961676836095166,63,0.00024629574503016435,5,5,Internal
BAC,PRU,0.7318494531449963,63,1.4041604268208432e-11,5,5,Internal
BAC,PSKY,0.4743266375655786,63,9.834392929284294e-05,5,5,Internal
BAC,PYPL,-0.420423285955284,63,0.0006684902092025107,5,1,External
BAC,RCL,0.4612603127447638,63,0.00016119744987441847,5,15,External
BAC,REG,0.549455673085922,63,3.7469353184776877e-06,5,15,External
BAC,RF,0.8643417000290007,63,1.4493893726636467e-19,5,5,Internal
BAC,RJF,0.7371593413206093,63,8.389862288568478e-12,5,5,Internal
BAC,RL,0.5517584739439338,63,3.3466580060444434e-06,5,15,External
BAC,RMD,-0.40284595487113545,63,0.0011695950112060533,5,1,External
BAC,SCHW,0.5229418561601138,63,1.2979266835292618e-05,5,5,Internal
BAC,SLB,0.4318557825615819,63,0.00045697531292149745,5,11,External
BAC,SNA,0.49985265605029017,63,3.528646706664038e-05,5,15,External
BAC,SNPS,-0.6469512101917696,63,1.3378065473884613e-08,5,1,External
BAC,SPG,0.5400033489077389,63,5.906132250517099e-06,5,15,External
BAC,STT,0.7077431009968869,63,1.259130869681162e-10,5,5,Internal
BAC,SWK,0.5081690435734665,63,2.4818356559135867e-05,5,5,Internal
BAC,SYF,0.6696768781309975,63,2.6551869913346847e-09,5,5,Internal
BAC,SYY,0.478679840855633,63,8.304305357850685e-05,5,15,External
BAC,T,0.5566265547064772,63,2.6283154381921433e-06,5,5,Internal
BAC,TAP,0.4810129939570702,63,7.577588401153083e-05,5,5,Internal
BAC,TDG,0.575237877049156,63,1.0064078620090249e-06,5,5,Internal
BAC,TECH,-0.44610273831855246,63,0.00027908445656423106,5,1,External
BAC,TEL,0.430537085632567,63,0.00047779924592302744,5,15,External
BAC,TFC,0.8355325944071432,63,3.029493699391909e-17,5,5,Internal
BAC,TMO,-0.41779672193453343,63,0.0007281771095363237,5,1,External
BAC,TPR,0.5180993725314389,63,1.6105693024185967e-05,5,15,External
BAC,TROW,0.4813441137201146,63,7.47933934016404e-05,5,5,Internal
BAC,TRV,0.6884450562066536,63,6.257035440158572e-10,5,5,Internal
BAC,TT,0.42854439095874064,63,0.0005109063035911468,5,20,External
BAC,TTWO,-0.4365217913365264,63,0.0003897476280199965,5,1,External
BAC,TXT,0.6687630325651966,63,2.841259729816284e-09,5,5,Internal
BAC,TYL,-0.4562807257134234,63,0.00019359728073399494,5,1,External
BAC,UAL,0.5187448837923386,63,1.5651924761380912e-05,5,5,Internal
BAC,UDR,0.40310326058884877,63,0.0011603076517235282,5,15,External
BAC,USB,0.8841392671442141,63,1.714261496397697e-21,5,5,Internal
BAC,VICI,0.4868185419585617,63,6.016026675263482e-05,5,5,Internal
BAC,VMC,0.552494799309843,63,3.2273459152832057e-06,5,5,Internal
BAC,VRSN,-0.5595619564092494,63,2.2677607795414957e-06,5,1,External
BAC,VRTX,-0.44591504231492,63,0.00028094312030067776,5,1,External
BAC,VTR,0.44283145099534865,63,0.0003131417110070841,5,15,External
BAC,VTRS,0.4824009322620169,63,7.173560394389724e-05,5,5,Internal
BAC,WAB,0.5475217545805973,63,4.117186992811179e-06,5,15,External
BAC,WBD,0.4823801023378447,63,7.179474303210279e-05,5,15,External
BAC,WELL,0.42190171055673886,63,0.0006368785091860151,5,15,External
BAC,WFC,0.8636882730727319,63,1.6578221486334123e-19,5,5,Internal
BAC,WMB,0.41615079777345687,63,0.0007679970420060925,5,11,External
BAC,WMT,-0.46168201833428807,63,0.00015869597526355135,5,1,External
BAC,WRB,0.5113975439689384,63,2.159534524917681e-05,5,5,Internal
BAC,WST,-0.4164174166150714,63,0.0007614158720140174,5,1,External
BAC,WY,0.5095737418930434,63,2.3364848661533262e-05,5,15,External
BAC,XOM,0.485617176356889,63,6.312439318815528e-05,5,11,External
BAC,XYL,0.41352413461874094,63,0.0008356384271099264,5,20,External
BALL,VMC,0.45476195048213425,63,0.00020460570710823038,5,5,Internal
BAX,BIIB,0.48321261519593317,63,6.946578421088574e-05,1,1,Internal
BAX,BKNG,-0.42490960929878463,63,0.0005767095913305335,1,15,External
BAX,BXP,-0.44781312872640805,63,0.00026265741520221106,1,15,External
BAX,CCL,-0.47328201805577164,63,0.00010238236046648026,1,15,External
BAX,CPB,0.4070841869073981,63,0.0010248353002817753,1,1,Internal
BAX,DAL,-0.40557714565718556,63,0.0010743449592461823,1,5,External
BAX,DHR,0.4074247976919989,63,0.0010139346447097218,1,1,Internal
BAX,DRI,-0.40165085158514585,63,0.0012136154601668015,1,15,External
BAX,EW,0.47274170472695326,63,0.00010453050407399471,1,1,Internal
BAX,EXPE,-0.4840990869562805,63,6.70625891322784e-05,1,15,External
BAX,FRT,-0.47434059202469464,63,9.829098825424563e-05,1,15,External
BAX,GE,-0.4407597089231677,63,0.00033662852864886384,1,5,External
BAX,GM,-0.4225448577297005,63,0.0006235546737863923,1,15,External
BAX,GPC,-0.42313148289034935,63,0.0006116227085738432,1,15,External
BAX,HBAN,-0.44415846764538836,63,0.00029889355454888587,1,5,External
BAX,HST,-0.4853892388192518,63,6.370176412738239e-05,1,15,External
BAX,ICE,0.42260813590959956,63,0.0006222575161626293,1,1,Internal
BAX,IDXX,0.41583517635324474,63,0.0007758542782657839,1,1,Internal
BAX,JBL,-0.4551556390542979,63,0.00020169845502257332,1,15,External
BAX,KIM,-0.496529451862548,63,4.0511573754441926e-05,1,15,External
BAX,LKQ,-0.41584756347102847,63,0.0007755445413729308,1,15,External
BAX,LUV,-0.4248352155735957,63,0.0005781332561870957,1,5,External
BAX,LYB,-0.4519639685843035,63,0.00022639844359479569,1,5,External
BAX,LYV,-0.49307639467341174,63,4.6691630618669775e-05,1,15,External
BAX,MAR,-0.5382182110516488,63,6.42625746598926e-06,1,15,External
BAX,MCO,0.4215513474052785,63,0.000644244940234041,1,1,Internal
BAX,MGM,-0.5054790293968052,63,2.7838427548690032e-05,1,15,External
BAX,MHK,-0.553791185758294,63,3.0268888771232564e-06,1,15,External
BAX,MKC,0.4157085498401305,63,0.0007790269687931416,1,1,Internal
BAX,MRK,0.4848131546181685,63,6.518277945766914e-05,1,1,Internal
BAX,MSCI,0.4269241411669275,63,0.0005393467049070207,1,1,Internal
BAX,NCLH,-0.48574593116442694,63,6.28003915835822e-05,1,15,External
BAX,PFG,-0.4122649599853676,63,0.0008699359917745473,1,5,External
BAX,PH,-0.40130061296129693,63,0.0012267957444917078,1,15,External
BAX,PODD,0.446191029670331,63,0.00027821403872071407,1,1,Internal
BAX,PRU,-0.411434356893446,63,0.0008932510363166071,1,5,External
BAX,RCL,-0.4572470675273068,63,0.0001868781965233942,1,15,External
BAX,REG,-0.5318326398007193,63,8.657208825868795e-06,1,15,External
BAX,REGN,0.5499500802731173,63,3.657402908833411e-06,1,1,Internal
BAX,RMD,0.4098091880939889,63,0.0009405089646727465,1,1,Internal
BAX,SPG,-0.5718065599802507,63,1.206607525848076e-06,1,15,External
BAX,TMO,0.4434620041920039,63,0.000306295958148014,1,1,Internal
BAX,UAL,-0.4516319818639592,63,0.00022912043463764256,1,5,External
BAX,URI,-0.49433375540891594,63,4.434692675358654e-05,1,15,External
BAX,VLO,-0.4374160550261553,63,0.000377941784725548,1,11,External
BAX,VRSN,0.5163728139600068,63,1.7380138966404227e-05,1,1,Internal
BAX,VRTX,0.5549413422357331,63,2.8588451931032368e-06,1,1,Internal
BAX,WAB,-0.4109692244430017,63,0.0009065524583548389,1,15,External
BAX,WDC,-0.4461191462023372,63,0.00027892251201873283,1,0,External
BAX,WST,0.465488754484133,63,0.00013767379166724765,1,1,Internal
BBY,BLDR,0.4267408209727842,63,0.0005426534385121894,15,5,External
BBY,EQIX,-0.4087053950214196,63,0.0009738808539810318,15,7,External
BBY,EXPE,0.45159758154826984,63,0.00022940419072816617,15,15,Internal
BBY,FCX,0.5300934525238145,63,9.379357508772469e-06,15,5,External
BBY,FRT,0.4119119008435196,63,0.0008797783340618317,15,15,Internal
BBY,IR,0.4494154335667805,63,0.0002480747944991722,15,15,Internal
BBY,IT,0.4134277243320816,63,0.0008382205871995581,15,5,External
BBY,LYV,0.4367321021907772,63,0.00038694134883207913,15,15,Internal
BBY,MPC,0.41555027682457973,63,0.0007830090790409285,15,11,External
BBY,NVR,0.4159585803467767,63,0.0007727735809814355,15,15,Internal
BBY,PHM,0.4279128337268779,63,0.000521825964422614,15,15,Internal
BBY,SWK,0.430024678091948,63,0.0004861208561306481,15,5,External
BBY,TEL,0.4325804556868581,63,0.00044588646311987756,15,15,Internal
BBY,VLO,0.418892806928926,63,0.0007027062756040428,15,11,External
BDX,CHTR,0.4326554230413362,63,0.0004447534053387007,1,1,Internal
BDX,CNC,0.46468967549967005,63,0.00014186197445083493,1,1,Internal
BDX,COO,0.4097405774773508,63,0.0009425528372277292,1,1,Internal
BDX,DHR,0.4729900677621309,63,0.00010353798265678572,1,1,Internal
BDX,DIS,-0.41824986299454503,63,0.000717547372289495,1,5,External
BDX,ELV,0.43936317273334763,63,0.0003533552386616307,1,1,Internal
BDX,FRT,-0.4488181074617745,63,0.0002534222718870716,1,15,External
BDX,HUM,0.44064452094490786,63,0.0003379803438786653,1,1,Internal
BDX,INTU,0.4237740205015704,63,0.0005987913826375441,1,1,Internal
BDX,JNJ,0.4419648846911316,63,0.000322777596978284,1,1,Internal
BDX,KIM,-0.4843199720192715,63,6.647582845442796e-05,1,15,External
BDX,LYV,-0.4143663202113061,63,0.0008133860439637376,1,15,External
BDX,MRK,0.40571765093267276,63,0.0010696395720652652,1,1,Internal
BDX,MTB,-0.41887959646216993,63,0.000703008394725285,1,5,External
BDX,RJF,-0.40622500766941183,63,0.0010528029424274857,1,5,External
BDX,TMO,0.5197661650104844,63,1.495819598391093e-05,1,1,Internal
BDX,WST,0.40935207564056947,63,0.0009542019151379571,1,1,Internal
BEN,C,0.49159478659755457,63,4.9601303727693856e-05,5,5,Internal
BEN,CBRE,0.45701086559134935,63,0.00018850051400804126,5,5,Internal
BEN,CFG,0.4887273554440088,63,5.5713664414110406e-05,5,5,Internal
BEN,CMI,0.5035284013203728,63,3.02375592110564e-05,5,20,External
BEN,DAL,0.4631361947021454,63,0.0001503405941601635,5,5,Internal
BEN,EA,-0.42294179893618317,63,0.0006154580363678568,5,1,External
BEN,EMR,0.4892541404075152,63,5.454106939047767e-05,5,20,External
BEN,FITB,0.48386308531906635,63,6.769477975902737e-05,5,5,Internal
BEN,FRT,0.4202198893925261,63,0.0006729487325128607,5,15,External
BEN,FTV,0.43863324326869496,63,0.0003623960252926218,5,20,External
BEN,GE,0.46183343179932146,63,0.00015780654064307005,5,5,Internal
BEN,HAL,0.40033168797407676,63,0.0012639324785266779,5,11,External
BEN,HBAN,0.5432188689713529,63,5.066947611763753e-06,5,5,Internal
BEN,HON,0.43844421166178227,63,0.00036477144721632474,5,20,External
BEN,HWM,0.4261153700100277,63,0.0005540743323045937,5,5,Internal
BEN,IP,0.40422654090120913,63,0.0011205362794185813,5,5,Internal
BEN,IR,0.4808546497491938,63,7.624990988917882e-05,5,15,External
BEN,IVZ,0.5444110951933151,63,4.78513243265348e-06,5,5,Internal
BEN,KEY,0.46223610963080325,63,0.00015546332461185947,5,5,Internal
BEN,KIM,0.4067729008521312,63,0.0010348897878140917,5,15,External
BEN,LUV,0.4115013682295444,63,0.0008913493070745135,5,5,Internal
BEN,MET,0.48789466815672755,63,5.761473023835314e-05,5,5,Internal
BEN,MGM,0.4907364505285956,63,5.136266431374085e-05,5,15,External
BEN,MTB,0.4990305581926012,63,3.6517561089236125e-05,5,5,Internal
BEN,NCLH,0.49712429085007487,63,3.952666609101757e-05,5,15,External
BEN,NEM,-0.40843667736930156,63,0.0009821652774153933,5,1,External
BEN,NTRS,0.42607588275470515,63,0.0005548026493438264,5,5,Internal
BEN,OMC,0.41055484579928664,63,0.0009185528627209719,5,5,Internal
BEN,PFG,0.5073415329913973,63,2.571339832355276e-05,5,5,Internal
BEN,PH,0.5428544364028903,63,5.156133982844154e-06,5,15,External
BEN,PKG,0.47988901360823377,63,7.920031242903581e-05,5,20,External
BEN,PNC,0.4141235031614848,63,0.00081974617887887,5,5,Internal
BEN,PRU,0.46660102011130994,63,0.0001320329055310331,5,5,Internal
BEN,PSKY,0.40599010538837593,63,0.001060568239043702,5,5,Internal
BEN,REG,0.43566824780541813,63,0.00040132813153761164,5,15,External
BEN,RF,0.43801252333946594,63,0.0003702494405836556,5,5,Internal
BEN,RJF,0.4874117422282294,63,5.8744521147118466e-05,5,5,Internal
BEN,SCHW,0.5142327826650286,63,1.9089683704120726e-05,5,5,Internal
BEN,SPG,0.4095149138564577,63,0.0009493035462669654,5,15,External
BEN,STT,0.43548476550558973,63,0.00040385808325458893,5,5,Internal
BEN,SYF,0.5200074587699577,63,1.4798517816513063e-05,5,5,Internal
BEN,TFC,0.4460994471284184,63,0.00027911695069320666,5,5,Internal
BEN,TMO,-0.4298334150811822,63,0.0004892606156665077,5,1,External
BEN,TROW,0.4693348691054466,63,0.00011905797121502093,5,5,Internal
BEN,TXT,0.40377670960899853,63,0.0011363133469789108,5,5,Internal
BEN,UAL,0.4187477668354464,63,0.0007060297459776561,5,5,Internal
BEN,USB,0.5203676162228953,63,1.4563124367849604e-05,5,5,Internal
BEN,VLO,0.4208691308737692,63,0.0006588106240871558,5,11,External
BEN,WBD,0.41619264912145487,63,0.0007669605977241742,5,15,External
BEN,WFC,0.4793041413018139,63,8.103809870983929e-05,5,5,Internal
BEN,WMT,-0.4209665059789995,63,0.0006567135199916574,5,1,External
BEN,XOM,0.4168988524417253,63,0.0007496613288848028,5,11,External
BF-B,ECL,0.4076301094575684,63,0.0010074146289172417,1,7,External
BF-B,FAST,0.4624640645320468,63,0.00015415102424777568,1,1,Internal
BF-B,HRL,0.46115731489486517,63,0.00016181388131083984,1,1,Internal
BF-B,IFF,0.40158232414294776,63,0.0012161842303469194,1,15,External
BF-B,KDP,0.5651188781022819,63,1.7084272103724961e-06,1,1,Internal
BF-B,PEP,0.44301784593424576,63,0.0003111036782394887,1,1,Internal
BF-B,STZ,0.42031537446337786,63,0.0006708523224873719,1,15,External
BG,BK,0.4408690281418188,63,0.0003353501487916077,5,5,Internal
BG,C,0.4266466738337783,63,0.0005443588104720553,5,5,Internal
BG,CFG,0.4164534008301236,63,0.000760531563560598,5,5,Internal
BG,COF,0.41093683467323255,63,0.0009074853390244784,5,5,Internal
BG,GD,0.4170325553128296,63,0.0007464261598523688,5,5,Internal
BG,JPM,0.4401226095039003,63,0.0003441675896358134,5,5,Internal
BG,KEY,0.4409742359821863,63,0.0003341240288746534,5,5,Internal
BG,L,0.4023348378393935,63,0.0011882424221532773,5,5,Internal
BG,MET,0.4403847475478911,63,0.0003410471601194244,5,5,Internal
BG,MLM,0.4019242042668016,63,0.001203417285214371,5,5,Internal
BG,MSFT,-0.4551950353159363,63,0.00020140961877409037,5,1,External
BG,PRU,0.4933393201023027,63,4.619206277585088e-05,5,5,Internal
BG,RF,0.4647425228196165,63,0.00014158141771523507,5,5,Internal
BG,STT,0.42506176488638925,63,0.0005738077075736977,5,5,Internal
BG,SYF,0.4166138399546274,63,0.0007566000859260385,5,5,Internal
BG,TECH,-0.5184724002413943,63,1.5842001568510023e-05,5,1,External
BG,TFC,0.40418834221906624,63,0.0011218683235252604,5,5,Internal
BG,TRV,0.41743962178648775,63,0.0007366541356069263,5,5,Internal
BG,USB,0.4273164806995107,63,0.000532331071242921,5,5,Internal
BIIB,VRTX,0.4016864316728019,63,0.001212283657813516,1,1,Internal
BK,BRK-B,0.5441148494453456,63,4.8537591031712535e-06,5,5,Internal
BK,C,0.5482692190928273,63,3.970209818294952e-06,5,5,Internal
BK,CAT,0.4491368005223775,63,0.00025055625011679704,5,20,External
BK,CBRE,0.4342476360822036,63,0.00042129875385814124,5,5,Internal
BK,CDNS,-0.43429062474847063,63,0.00042068139806138806,5,1,External
BK,CFG,0.5198437505726023,63,1.4906679332537019e-05,5,5,Internal
BK,CMI,0.41017376054576404,63,0.0009297155159451617,5,20,External
BK,CSX,0.4162854987193424,63,0.0007646657038983866,5,20,External
BK,DE,0.45080059415603096,63,0.0002360689063541179,5,5,Internal
BK,ETN,0.48884167841185444,63,5.545722815908357e-05,5,20,External
BK,EXR,0.4377440830347644,63,0.0003736935502738296,5,7,External
BK,F,0.40783914715271036,63,0.0010008151705519878,5,5,Internal
BK,FITB,0.452997614297213,63,0.000218111778020533,5,5,Internal
BK,FTV,0.4454824255604461,63,0.00028527024258597524,5,20,External
BK,GD,0.41123159943006066,63,0.0008990274766298475,5,5,Internal
BK,GE,0.42236100602079935,63,0.0006273374245152275,5,5,Internal
BK,GL,0.41274206412019926,63,0.0008567936750511295,5,5,Internal
BK,GOOG,-0.40972329099372806,63,0.0009430684240641352,5,1,External
BK,GOOGL,-0.4383424605623308,63,0.00036605594397939585,5,1,External
BK,GS,0.5193817977185284,63,1.5215863401597468e-05,5,5,Internal
BK,HBAN,0.4601335728544695,63,0.00016805945094447482,5,5,Internal
BK,HON,0.5142743579756298,63,1.9055035539020474e-05,5,20,External
BK,HUBB,0.43702416469570216,63,0.0003830747344487842,5,20,External
BK,IDXX,-0.4077985110430123,63,0.0010020950171132721,5,1,External
BK,INTU,-0.49627184960245263,63,4.094510049410901e-05,5,1,External
BK,IP,0.4167821279292362,63,0.0007524960464627416,5,5,Internal
BK,ITW,0.4628506188189326,63,0.0001519488936038059,5,20,External
BK,JPM,0.5666860604482642,63,1.5758005915322917e-06,5,5,Internal
BK,KEY,0.5499515970337967,63,3.6571313388306162e-06,5,5,Internal
BK,L,0.5064536940153447,63,2.6706892895866878e-05,5,5,Internal
BK,MET,0.4042494754561007,63,0.0011197372026316415,5,5,Internal
BK,MS,0.5916145415184636,63,4.112267922471925e-07,5,5,Internal
BK,MSFT,-0.4544463350462293,63,0.00020696406237096047,5,1,External
BK,MTB,0.5252915451143879,63,1.1674839433313074e-05,5,5,Internal
BK,NOW,-0.4141917670094106,63,0.0008179536079521443,5,1,External
BK,NTRS,0.6548502267223509,63,7.74483160740011e-09,5,5,Internal
BK,NVDA,-0.417914753055504,63,0.000725394705074504,5,1,External
BK,PCAR,0.6510707154093306,63,1.0079922619679823e-08,5,20,External
BK,PFG,0.42285458731348363,63,0.0006172287253402228,5,5,Internal
BK,PNC,0.42668610406419133,63,0.0005436439839052982,5,5,Internal
BK,PRU,0.42801819892149184,63,0.0005199895888245272,5,5,Internal
BK,PWR,0.42077750474170095,63,0.000660789455866545,5,20,External
BK,RF,0.5362761389896941,63,7.040419692928592e-06,5,5,Internal
BK,RJF,0.4937631384380856,63,4.539717850843645e-05,5,5,Internal
BK,SCHW,0.6120072787070264,63,1.2560195560100276e-07,5,5,Internal
BK,SNPS,-0.4700042360984159,63,0.00011606501089340352,5,1,External
BK,STT,0.7803621661481357,63,7.600341943058753e-14,5,5,Internal
BK,T,0.4119477603762028,63,0.0008787740964095992,5,5,Internal
BK,TFC,0.513111491995266,63,2.004649588879169e-05,5,5,Internal
BK,TRV,0.4595278072130466,63,0.00017185834480933272,5,5,Internal
BK,TT,0.4292712051353973,63,0.0004985968109381001,5,20,External
BK,TXT,0.4675173521273098,63,0.00012754599493165316,5,5,Internal
BK,USB,0.5570617776866796,63,2.5716691037941795e-06,5,5,Internal
BK,WFC,0.5371490697344458,63,6.757891795042456e-06,5,5,Internal
BK,WRB,0.4461575450085437,63,0.0002785438541083421,5,5,Internal
BK,XYZ,-0.4854889312193146,63,6.344864433872384e-05,5,1,External
BKNG,BLDR,0.5429520323386205,63,5.132107148504596e-06,15,5,External
BKNG,C,0.43682239009756296,63,0.00038574224914636235,15,5,External
BKNG,CBRE,0.4602469910923233,63,0.0001673567933106884,15,5,External
BKNG,CCL,0.45164256110374595,63,0.0002290332347738298,15,15,Internal
BKNG,CDW,0.41800797054457023,63,0.0007232040505074722,15,15,Internal
BKNG,CHD,-0.5767356477337617,63,9.29180107989907e-07,15,1,External
BKNG,CLX,-0.4802069753849385,63,7.821739748919512e-05,15,1,External
BKNG,COF,0.439772903984407,63,0.0003483709217062897,15,5,External
BKNG,CPB,-0.4287007598734797,63,0.0005082349339475068,15,1,External
BKNG,CPT,0.43824218976737067,63,0.0003673257837790913,15,15,Internal
BKNG,CSX,0.4068751189970912,63,0.0010315783922070847,15,20,External
BKNG,DAL,0.539374238014354,63,6.084779662723408e-06,15,5,External
BKNG,DE,0.41877941110148936,63,0.0007053034329974247,15,5,External
BKNG,DHR,-0.5330857433951756,63,8.169358424925459e-06,15,1,External
BKNG,DIS,0.6202226166143195,63,7.603976210081364e-08,15,5,External
BKNG,DPZ,-0.43623905938133056,63,0.0003935494624437242,15,1,External
BKNG,EA,-0.43852684233120365,63,0.000363731348214202,15,1,External
BKNG,EQIX,-0.4148332297032658,63,0.0008012814710731727,15,7,External
BKNG,EXPE,0.6306478330824272,63,3.9377479200620726e-08,15,15,Internal
BKNG,FOX,0.44522810153503695,63,0.00028784235716839497,15,15,Internal
BKNG,FOXA,0.46797770326437294,63,0.00012534508680711362,15,15,Internal
BKNG,FRT,0.5202452609971767,63,1.4642700871916427e-05,15,15,Internal
BKNG,GE,0.43090974834664136,63,0.0004718286813089004,15,5,External
BKNG,GL,0.44832472978842747,63,0.00025791837481607514,15,5,External
BKNG,GM,0.43186582823583936,63,0.00045681989670732424,15,15,Internal
BKNG,HBAN,0.41017979659290466,63,0.0009295377591640472,15,5,External
BKNG,HIG,0.41923332451027273,63,0.0006949592099639716,15,5,External
BKNG,HLT,0.4360814133720693,63,0.00039568392694229763,15,15,Internal
BKNG,HON,0.45828552062489053,63,0.00017989633951833695,15,20,External
BKNG,HST,0.6347857356295367,63,3.0119369451725505e-08,15,15,Internal
BKNG,IR,0.4606876404931151,63,0.00016465232770335994,15,15,Internal
BKNG,IRM,0.41768585130332847,63,0.000730799512409729,15,15,Internal
BKNG,IT,0.47175538314484156,63,0.00010855907663948935,15,5,External
BKNG,JBL,0.4390819337231312,63,0.0003568139904557545,15,15,Internal
BKNG,JNJ,-0.5001336322251135,63,3.4874588281429096e-05,15,1,External
BKNG,KEY,0.42579594598317533,63,0.0005599908704197168,15,5,External
BKNG,KIM,0.5410048239417944,63,5.631804365666698e-06,15,15,Internal
BKNG,KMB,-0.4310017776857724,63,0.00047036472698288104,15,1,External
BKNG,LKQ,0.4214635595446903,63,0.0006461027495814948,15,15,Internal
BKNG,LLY,-0.4050837347634066,63,0.0010910169972358132,15,1,External
BKNG,LUV,0.48631994631628517,63,6.137450519162157e-05,15,5,External
BKNG,LYB,0.49104776379396337,63,5.0717260675273734e-05,15,5,External
BKNG,LYV,0.5259423436344748,63,1.1335737111240193e-05,15,15,Internal
BKNG,MAR,0.5479427620731099,63,4.0337892863879425e-06,15,15,Internal
BKNG,MET,0.46706253673229714,63,0.00012975523889823044,15,5,External
BKNG,MGM,0.48322239548338214,63,6.943884255456866e-05,15,15,Internal
BKNG,MHK,0.5196164837293418,63,1.5058051712066717e-05,15,15,Internal
BKNG,MOH,-0.4193880200752505,63,0.0006914653742788211,15,1,External
BKNG,MTB,0.5349280208195081,63,7.498447159845415e-06,15,5,External
BKNG,NCLH,0.5220401306155944,63,1.3514886832996866e-05,15,15,Internal
BKNG,PFG,0.477520981980019,63,8.68863256590502e-05,15,5,External
BKNG,PH,0.409291795919349,63,0.0009560209795438073,15,15,Internal
BKNG,PRU,0.4263632166658213,63,0.0005495227439865096,15,5,External
BKNG,RCL,0.4191498533434331,63,0.000696851059682468,15,15,Internal
BKNG,REG,0.5017477097781635,63,3.259345396296147e-05,15,15,Internal
BKNG,REGN,-0.4085562462105624,63,0.0009784712125072894,15,1,External
BKNG,RJF,0.4393448474169842,63,0.00035357967419753767,15,5,External
BKNG,RL,0.5056788517590418,63,2.7602887044477985e-05,15,15,Internal
BKNG,RTX,0.42318440665681617,63,0.0006105564869384834,15,15,Internal
BKNG,SBAC,-0.4209797375303786,63,0.0006564290280246914,15,7,External
BKNG,SNA,0.4838147559454903,63,6.782491825436184e-05,15,15,Internal
BKNG,SPG,0.5099449164577546,63,2.299418262224963e-05,15,15,Internal
BKNG,SYY,0.4873518909670703,63,5.888595630395837e-05,15,15,Internal
BKNG,T,0.4107552702274023,63,0.0009127307752381747,15,5,External
BKNG,TPR,0.485410540811024,63,6.364760008896495e-05,15,15,Internal
BKNG,TRMB,0.42545362948787036,63,0.0005663950372390507,15,5,External
BKNG,TSCO,-0.4052204797110076,63,0.0010863732725749093,15,1,External
BKNG,TT,0.4818367579150117,63,7.33533392688524e-05,15,20,External
BKNG,TXT,0.5146022854383768,63,1.8783784895531968e-05,15,5,External
BKNG,UAL,0.47381587701967104,63,0.00010029982222131986,15,5,External
BKNG,USB,0.5138104903439407,63,1.9444943215949012e-05,15,5,External
BKNG,VRSN,-0.40397260010099323,63,0.0011294183872335374,15,1,External
BKNG,VRTX,-0.5558048782296889,63,2.7384545337130614e-06,15,1,External
BKNG,WAB,0.43827541062793646,63,0.00036690462746692183,15,15,Internal
BKNG,WRB,0.48114930183768756,63,7.537000335250281e-05,15,5,External
BKR,CBRE,0.47129557474014416,63,0.00011048549566312687,11,5,External
BKR,CF,0.41072156099227675,63,0.0009137076506022687,11,5,External
BKR,CFG,0.42629881088595,63,0.0005507022504657167,11,5,External
BKR,CMI,0.4172057705723064,63,0.0007422537105019153,11,20,External
BKR,COF,0.4640990162096722,63,0.00014503258328694665,11,5,External
BKR,CVX,0.4910160214058054,63,5.078272329922949e-05,11,11,Internal
BKR,DE,0.4019888503352979,63,0.0012010167939650834,11,5,External
BKR,DOW,0.4879505286260648,63,5.7485348369292766e-05,11,5,External
BKR,EMR,0.4339113982653307,63,0.00042615594564406024,11,20,External
BKR,EOG,0.4543433342509907,63,0.00020773907732449405,11,11,Internal
BKR,EQIX,-0.41510891681217643,63,0.0007942110407321957,11,7,External
BKR,FANG,0.5167272989125514,63,1.7111080204199296e-05,11,11,Internal
BKR,FITB,0.4968600031975299,63,3.996149570136736e-05,11,5,External
BKR,GD,0.4439456601831384,63,0.0003011378811666597,11,5,External
BKR,GE,0.4193612768219698,63,0.0006920682371920707,11,5,External
BKR,HAL,0.5842328730403346,63,6.193235464632581e-07,11,11,Internal
BKR,HIG,0.4108578933408008,63,0.0009097626167544976,11,5,External
BKR,IDXX,-0.43206121283563387,63,0.0004538066521037806,11,1,External
BKR,IP,0.4792645441219897,63,8.116392955570957e-05,11,5,External
BKR,IT,0.5283559186303297,63,1.0156490699832595e-05,11,5,External
BKR,JKHY,-0.43181595556823493,63,0.00045759194798484143,11,1,External
BKR,KEY,0.4621504995443692,63,0.00015595880920716695,11,5,External
BKR,LYB,0.4918388505551458,63,4.91107541582195e-05,11,5,External
BKR,MET,0.47212599946559863,63,0.0001070288669300505,11,5,External
BKR,MGM,0.4025028875323376,63,0.0011820820293688818,11,15,External
BKR,MHK,0.48870875309845124,63,5.575549446467501e-05,11,15,External
BKR,MS,0.4386087292250663,63,0.00036270327787924324,11,5,External
BKR,MSFT,-0.4876862833922717,63,5.809975783703099e-05,11,1,External
BKR,MTB,0.4155129300725513,63,0.0007839513950080938,11,5,External
BKR,NTRS,0.44111511417689503,63,0.00033248859852493163,11,5,External
BKR,OKE,0.45373409419443006,63,0.00021237779585754326,11,11,Internal
BKR,OXY,0.41871543832181585,63,0.0007067724634579071,11,11,Internal
BKR,PRU,0.48844688689821597,63,5.634742289952522e-05,11,5,External
BKR,PSKY,0.47968580220577417,63,7.983444581082053e-05,11,5,External
BKR,PSX,0.42010429118716563,63,0.0006754946751398841,11,11,Internal
BKR,RF,0.45297277201655833,63,0.00021830763792432385,11,5,External
BKR,SLB,0.6911202121128318,63,5.047327631009529e-10,11,11,Internal
BKR,SWK,0.4389958400095036,63,0.0003578789449950368,11,5,External
BKR,SYF,0.4074887849459017,63,0.001011898552159936,11,5,External
BKR,TMO,-0.5334062580070082,63,8.048756564460682e-06,11,1,External
BKR,TPR,0.4437619753267627,63,0.00030308742728659034,11,15,External
BKR,TRGP,0.4890645051260477,63,5.496053720074814e-05,11,11,Internal
BKR,TSN,0.47541838526296243,63,9.428032882519441e-05,11,5,External
BKR,TXT,0.41236770079145363,63,0.000867090601619863,11,5,External
BKR,VLO,0.4360927960364641,63,0.0003955294578523303,11,11,Internal
BKR,WAB,0.40730764095929384,63,0.001017672184963453,11,15,External
BKR,XOM,0.439652550278332,63,0.0003498283169548739,11,11,Internal
BLDR,C,0.480443210717368,63,7.749441320802024e-05,5,5,Internal
BLDR,CB,0.4486914875955453,63,0.0002545692626616552,5,5,Internal
BLDR,CBRE,0.4439712927427566,63,0.0003008667408229249,5,5,Internal
BLDR,CDNS,-0.4389056247201875,63,0.0003589979893316411,5,1,External
BLDR,CF,0.42019162021430706,63,0.000673570530472106,5,5,Internal
BLDR,CFG,0.48508658948798944,63,6.447590993203736e-05,5,5,Internal
BLDR,CHD,-0.4056073750771732,63,0.0010733310324376832,5,1,External
BLDR,CMI,0.4479323260683898,63,0.0002615462181944601,5,20,External
BLDR,CNC,-0.4056530348741426,63,0.0010718011897937916,5,1,External
BLDR,COF,0.6239209832467291,63,6.037506582959861e-08,5,5,Internal
BLDR,CPRT,0.5417153114066456,63,5.444442002650578e-06,5,15,External
BLDR,CSX,0.46430596394530277,63,0.00014391437980167755,5,20,External
BLDR,DD,0.46896998751361646,63,0.0001207191825837238,5,5,Internal
BLDR,DE,0.4373482049393642,63,0.00037882597112806404,5,5,Internal
BLDR,DHI,0.46842529678416966,63,0.0001232386698760969,5,15,External
BLDR,DHR,-0.5318902974080707,63,8.634179274904327e-06,5,1,External
BLDR,DIS,0.5924473278586954,63,3.924095538948301e-07,5,5,Internal
BLDR,DOV,0.43375295309864925,63,0.0004284624128258077,5,20,External
BLDR,DOW,0.507881974683381,63,2.512552840594557e-05,5,5,Internal
BLDR,EA,-0.41131467137607103,63,0.0008966567383769781,5,1,External
BLDR,ELV,-0.41721078262982475,63,0.0007421332937623106,5,1,External
BLDR,EMR,0.4020531156120618,63,0.00119863471619738,5,20,External
BLDR,EXPE,0.4943028900025546,63,4.44031567526113e-05,5,15,External
BLDR,FITB,0.5465176191187304,63,4.322640230123685e-06,5,5,Internal
BLDR,FRT,0.5680085028146473,63,1.4714517372608382e-06,5,15,External
BLDR,GD,0.4305272407133714,63,0.00047795790186907084,5,5,Internal
BLDR,GL,0.548808799692488,63,3.867170811219576e-06,5,5,Internal
BLDR,GM,0.4534516028991691,63,0.00021456066713126275,5,15,External
BLDR,HBAN,0.4696267140527441,63,0.00011774442348640335,5,5,Internal
BLDR,HIG,0.5631952665193354,63,1.8855063611491431e-06,5,5,Internal
BLDR,HON,0.583665776107611,63,6.388496575852466e-07,5,20,External
BLDR,HST,0.5374390455597603,63,6.666402677862627e-06,5,15,External
BLDR,HUBB,0.43673437581727714,63,0.00038691111153525584,5,20,External
BLDR,HWM,0.40591034770744727,63,0.0010632165528656396,5,5,Internal
BLDR,IP,0.4667350337540622,63,0.0001313677710326936,5,5,Internal
BLDR,IT,0.44559359894423944,63,0.00028415249234914645,5,5,Internal
BLDR,J,0.44861377458603974,63,0.0002552755760757086,5,20,External
BLDR,JBL,0.4991554163689916,63,3.632806143195354e-05,5,15,External
BLDR,JCI,0.40617465886751974,63,0.0010544630213848237,5,5,Internal
BLDR,JNJ,-0.5581762886029309,63,2.43177186616919e-06,5,1,External
BLDR,JPM,0.47153722865793085,63,0.00010946917622664476,5,5,Internal
BLDR,KEY,0.5242947094372851,63,1.2212582110735822e-05,5,5,Internal
BLDR,KIM,0.5182279897537269,63,1.6014317145397024e-05,5,15,External
BLDR,L,0.4758245801854144,63,9.280828718955085e-05,5,5,Internal
BLDR,LEN,0.5024204867884288,63,3.16840731058353e-05,5,15,External
BLDR,LKQ,0.6273053323850579,63,4.875607638754587e-08,5,15,External
BLDR,LLY,-0.41958937077556924,63,0.0006869416524765077,5,1,External
BLDR,LYB,0.47147268627309397,63,0.00010973977640436037,5,5,Internal
BLDR,LYV,0.47473530179002277,63,9.680433615194663e-05,5,15,External
BLDR,MAR,0.47268338927175196,63,0.00010476481214539437,5,15,External
BLDR,MET,0.5039171254287254,63,2.9744699549872414e-05,5,5,Internal
BLDR,MHK,0.5343995388080287,63,7.685458586487083e-06,5,15,External
BLDR,MLM,0.5489469107046588,63,3.8412013240965566e-06,5,5,Internal
BLDR,MOH,-0.5245703073544061,63,1.2061652362858436e-05,5,1,External
BLDR,MOS,0.4528599619841436,63,0.0002191990735212702,5,5,Internal
BLDR,MPC,0.48068257706807627,63,7.676813059251602e-05,5,11,External
BLDR,MRK,-0.4747933785523942,63,9.658734761106164e-05,5,1,External
BLDR,MSFT,-0.41483354263974764,63,0.0008012734131570011,5,1,External
BLDR,MTB,0.5646888660957232,63,1.7466047211930843e-06,5,5,Internal
BLDR,NCLH,0.4631483064277173,63,0.00015027273010710952,5,15,External
BLDR,NSC,0.43681997951129914,63,0.0003857742197495827,5,20,External
BLDR,NUE,0.4031537073603818,63,0.001158494600085827,5,5,Internal
BLDR,O,0.41747555690421434,63,0.0007357970655071134,5,15,External
BLDR,OMC,0.5686133577546915,63,1.4259146278845042e-06,5,5,Internal
BLDR,PAYC,0.40724324780628374,63,0.0010197317466654604,5,15,External
BLDR,PFG,0.48617715438189313,63,6.172639036757321e-05,5,5,Internal
BLDR,PH,0.45467794511217785,63,0.00020523100147322012,5,15,External
BLDR,PHM,0.6046687176168287,63,1.943164442379114e-07,5,15,External
BLDR,PKG,0.5035307102813954,63,3.02346095065492e-05,5,20,External
BLDR,PNC,0.5135021144411164,63,1.9708233988718546e-05,5,5,Internal
BLDR,PRU,0.46338242476097946,63,0.0001489664347700268,5,5,Internal
BLDR,PSKY,0.5023107626626604,63,3.183076393108929e-05,5,5,Internal
BLDR,RCL,0.45730712267550994,63,0.00018646776102109098,5,15,External
BLDR,REG,0.46908482903332643,63,0.00012019405663886507,5,15,External
BLDR,RF,0.5492859350278027,63,3.7781423577653926e-06,5,5,Internal
BLDR,RJF,0.5335190727314723,63,8.006703165328262e-06,5,5,Internal
BLDR,RL,0.48619298101675,63,6.168729695076559e-05,5,15,External
BLDR,ROK,0.4122239653848637,63,0.0008710736834459184,5,20,External
BLDR,SNA,0.4880057936928842,63,5.7357609460661924e-05,5,15,External
BLDR,SPG,0.44288463100348396,63,0.0003125590052409584,5,15,External
BLDR,SWK,0.5127829264088053,63,2.0335181884892257e-05,5,5,Internal
BLDR,SYF,0.5840010245826683,63,6.272377683562459e-07,5,5,Internal
BLDR,SYY,0.4752945652389165,63,9.473330426460901e-05,5,15,External
BLDR,T,0.5785316430618119,63,8.439059261394218e-07,5,5,Internal
BLDR,TDG,0.4196474734236765,63,0.0006856412604472383,5,5,Internal
BLDR,TEL,0.487651807010594,63,5.8180365937072536e-05,5,15,External
BLDR,TFC,0.5201192109200221,63,1.4725102743989518e-05,5,5,Internal
BLDR,TPR,0.5334922460068425,63,8.0166846465772e-06,5,15,External
BLDR,TRMB,0.42155644058004804,63,0.0006441373047438803,5,5,Internal
BLDR,TRV,0.4297967083993985,63,0.0004898652934433608,5,5,Internal
BLDR,TT,0.4972715753512156,63,3.9286243260012085e-05,5,20,External
BLDR,TXT,0.44451359986437633,63,0.00029518220092883445,5,5,Internal
BLDR,URI,0.5002896112754713,63,3.464786570705429e-05,5,15,External
BLDR,USB,0.562021916125293,63,2.0018064035038005e-06,5,5,Internal
BLDR,VLO,0.40697851955019715,63,0.0010282384171403686,5,11,External
BLDR,VRSN,-0.4213151612696942,63,0.000649254270289542,5,1,External
BLDR,VRTX,-0.44015294265779803,63,0.0003438051841121616,5,1,External
BLDR,WAB,0.6120039164314465,63,1.2562738919183914e-07,5,15,External
BLDR,WBD,0.47321443846835237,63,0.00010264879952039573,5,15,External
BLDR,WFC,0.44468730396503275,63,0.00029338224624840466,5,5,Internal
BLDR,WRB,0.5837404900579156,63,6.362444712760928e-07,5,5,Internal
BLK,PLD,0.4034457498930067,63,0.0011480486729307812,7,7,Internal
BMY,CBRE,-0.40567901878267726,63,0.00107093147044668,1,5,External
BMY,LLY,0.4796011011488868,63,8.010013881121421e-05,1,1,Internal
BMY,MRK,0.48381189574244376,63,6.783262726581291e-05,1,1,Internal
BMY,VICI,-0.43788500283316123,63,0.00037188191642398554,1,5,External
BR,MSI,0.4155552589225101,63,0.0007828834505375808,15,15,Internal
BRK-B,BXP,0.4987335190733725,63,3.697206470053506e-05,5,15,External
BRK-B,C,0.4636494983344398,63,0.00014748898649976684,5,5,Internal
BRK-B,CAT,0.5450992694525538,63,4.6291929447949196e-06,5,20,External
BRK-B,CB,0.4139738985511717,63,0.0008236871409726045,5,5,Internal
BRK-B,CDNS,-0.4091559186182721,63,0.0009601328412488856,5,1,External
BRK-B,CRM,-0.4547681086317301,63,0.0002045599375669565,5,1,External
BRK-B,CSGP,-0.45968541732652857,63,0.00017086243419731084,5,17,External
BRK-B,CSX,0.4220585718147797,63,0.000633605293019879,5,20,External
BRK-B,DAL,0.5338317398514748,63,7.89121887175153e-06,5,5,Internal
BRK-B,DE,0.5319856790226458,63,8.596207228791732e-06,5,5,Internal
BRK-B,DOW,0.443749241420878,63,0.0003032230050308381,5,5,Internal
BRK-B,ETN,0.43615584224476545,63,0.0003946748795228994,5,20,External
BRK-B,EXR,0.4091017347129692,63,0.0009617769786623688,5,7,External
BRK-B,F,0.526981790761978,63,1.0813071830509805e-05,5,5,Internal
BRK-B,GD,0.5030967835950337,63,3.079365690688253e-05,5,5,Internal
BRK-B,GOOG,-0.44323010702691484,63,0.00030879756809970923,5,1,External
BRK-B,GOOGL,-0.4472836844088219,63,0.0002676453842785727,5,1,External
BRK-B,GS,0.40035455319941937,63,0.0012630445808965369,5,5,Internal
BRK-B,HII,0.422887590354425,63,0.0006165581101708418,5,20,External
BRK-B,HON,0.49861664896815694,63,3.7152319362652764e-05,5,20,External
BRK-B,HWM,0.5149354260569222,63,1.8511895128949722e-05,5,5,Internal
BRK-B,IEX,0.4454144210429269,63,0.00028595594524207646,5,20,External
BRK-B,INTU,-0.5683763897553209,63,1.4435953901149405e-06,5,1,External
BRK-B,IP,0.40896854143185396,63,0.0009658293548151914,5,5,Internal
BRK-B,JKHY,-0.46913171444155966,63,0.00011998027171518127,5,1,External
BRK-B,JPM,0.47987083779015677,63,7.925684164209726e-05,5,5,Internal
BRK-B,KEY,0.4929143632300072,63,4.7001977356038216e-05,5,5,Internal
BRK-B,KO,0.40679038552110897,63,0.001034322686594688,5,7,External
BRK-B,L,0.4942933619661271,63,4.4420528049836894e-05,5,5,Internal
BRK-B,LUV,0.5525545558080709,63,3.217839606280654e-06,5,5,Internal
BRK-B,MLM,0.41670178190031354,63,0.0007544529256443013,5,5,Internal
BRK-B,MS,0.4960820986393517,63,4.1267177296561015e-05,5,5,Internal
BRK-B,MSFT,-0.5584996205090622,63,2.3925382116173864e-06,5,1,External
BRK-B,MTB,0.42754885775581536,63,0.000528214989786236,5,5,Internal
BRK-B,NFLX,-0.4704067961103914,63,0.00011429848902981542,5,1,External
BRK-B,NOW,-0.41929836518884556,63,0.0006934883076431842,5,1,External
BRK-B,NTRS,0.4625539662033147,63,0.00015363627410499276,5,5,Internal
BRK-B,NVDA,-0.526672710508768,63,1.0966095819529904e-05,5,1,External
BRK-B,ORLY,-0.4117342483405441,63,0.0008847687581426935,5,1,External
BRK-B,PCAR,0.4971178225839062,63,3.95372558192933e-05,5,20,External
BRK-B,PNC,0.4108325893569952,63,0.000910493670620166,5,5,Internal
BRK-B,PRU,0.452801109768195,63,0.00021966545000300984,5,5,Internal
BRK-B,RF,0.41522749193473973,63,0.000791187386723737,5,5,Internal
BRK-B,SCHW,0.49275020541714687,63,4.731833938296659e-05,5,5,Internal
BRK-B,SNPS,-0.47745109877260633,63,8.712324274191773e-05,5,1,External
BRK-B,SPG,0.420886259105679,63,0.0006584413052770899,5,15,External
BRK-B,STT,0.4613936435036392,63,0.0001604026768918566,5,5,Internal
BRK-B,TFC,0.45431498275674453,63,0.00020795286983552361,5,5,Internal
BRK-B,TRV,0.4971701582150148,63,3.9451648083881285e-05,5,5,Internal
BRK-B,TXT,0.5226282436869487,63,1.3163271611312713e-05,5,5,Internal
BRK-B,UAL,0.5223004415551634,63,1.3358191530364254e-05,5,5,Internal
BRK-B,UNP,0.44965225360004935,63,0.0002459833992494552,5,20,External
BRK-B,VRSN,-0.41873271729165684,63,0.0007063754072551857,5,1,External
BRK-B,VRTX,-0.4713319872923869,63,0.00011033180310162182,5,1,External
BRK-B,WAB,0.42796229378866707,63,0.0005209632089094383,5,15,External
BRK-B,WFC,0.47826445980966836,63,8.440226023494794e-05,5,5,Internal
BRK-B,WM,0.40975058348070587,63,0.0009422545143600435,5,7,External
BRK-B,XYL,0.42920098216832664,63,0.000499774252303809,5,20,External
BRO,CB,0.41729521847426426,63,0.0007401073440428621,7,5,External
BRO,EG,0.4610334929494046,63,0.0001625578035192813,7,5,External
BRO,INVH,0.4546638723485218,63,0.0002053359230447003,7,15,External
BRO,MMC,0.4931489693250092,63,4.6553239704375774e-05,7,7,Internal
BRO,O,0.4322003872991912,63,0.0004516713219394986,7,15,External
BRO,PAYC,0.41936906702878013,63,0.0006918925764241556,7,15,External
BRO,TRMB,0.4144880386382627,63,0.0008102146780790358,7,5,External
BRO,WM,0.4101948304600284,63,0.0009290951571378167,7,7,Internal
BRO,WRB,0.42194206915214255,63,0.0006360348870905069,7,5,External
BRO,WTW,0.4914527885813463,63,4.988878719305469e-05,7,7,Internal
BSX,EW,0.49008051502131633,63,5.274742558249299e-05,1,1,Internal
BSX,MDT,0.4221233069840179,63,0.0006322589185390541,1,1,Internal
BSX,SYK,0.486746455780964,63,6.033443796240151e-05,1,1,Internal
BSX,ZBH,0.468351997553131,63,0.00012358138117394144,1,1,Internal
BXP,C,0.5292902601626059,63,9.73144657921057e-06,15,5,External
BXP,CBRE,0.5059214451202917,63,2.7319411839634407e-05,15,5,External
BXP,CCL,0.5216568944841856,63,1.3748688718211772e-05,15,15,Internal
BXP,CDNS,-0.4099219256055621,63,0.0009371592634741546,15,1,External
BXP,CDW,0.43716147485100987,63,0.00038126907520186904,15,15,Internal
BXP,CF,0.46335874251657116,63,0.0001490980978996442,15,5,External
BXP,CFG,0.5032345535167745,63,3.061513313919446e-05,15,5,External
BXP,CMI,0.4711966778814731,63,0.0001109039199108579,15,20,External
BXP,COF,0.5592115496968032,63,2.308228948012457e-06,15,5,External
BXP,CPT,0.591908800346366,63,4.044830247600526e-07,15,15,Internal
BXP,CTVA,0.43735374704868457,63,0.00037875367869479547,15,15,Internal
BXP,DAL,0.5963721860013179,63,3.1411967879562356e-07,15,5,External
BXP,DOC,0.6355599247517885,63,2.863354872334571e-08,15,15,Internal
BXP,DOV,0.5070786118699242,63,2.600397863133236e-05,15,20,External
BXP,DOW,0.49890250017510973,63,3.6712866805223834e-05,15,5,External
BXP,DRI,0.4097807835727982,63,0.0009413546339019891,15,15,Internal
BXP,DTE,0.4298156928491732,63,0.0004895524734125773,15,7,External
BXP,DXCM,-0.5414448523156254,63,5.515068509878874e-06,15,1,External
BXP,EA,-0.6049668141442295,63,1.9094327086675112e-07,15,1,External
BXP,EQR,0.6040560461768302,63,2.0142619938855098e-07,15,15,Internal
BXP,ESS,0.5039203316607405,63,2.974066551236537e-05,15,15,Internal
BXP,ETN,0.4214630086679824,63,0.0006461144228162949,15,20,External
BXP,EXPE,0.5080720321563909,63,2.492176997266412e-05,15,15,Internal
BXP,EXR,0.5304591441859119,63,9.223012933592685e-06,15,7,External
BXP,F,0.5749493871996993,63,1.0219578148342288e-06,15,5,External
BXP,FITB,0.48620123382489405,63,6.166692072695154e-05,15,5,External
BXP,FRT,0.6825707670634772,63,9.949815796830836e-10,15,15,Internal
BXP,FTV,0.4376901043474994,63,0.0003743896152385035,15,20,External
BXP,GD,0.46775599474297974,63,0.00012640066868109298,15,5,External
BXP,GE,0.5201588720589165,63,1.469912899657632e-05,15,5,External
BXP,GL,0.5045160749495088,63,2.8999840737664808e-05,15,5,External
BXP,GLW,0.4892782603015161,63,5.448792925317859e-05,15,15,Internal
BXP,GM,0.4545851320989211,63,0.0002059238890547203,15,15,Internal
BXP,GS,0.47845543313721145,63,8.377483477994382e-05,15,5,External
BXP,GWW,0.41744285229833994,63,0.000736577049373006,15,1,External
BXP,HAS,0.48054665698086196,63,7.717976452536858e-05,15,20,External
BXP,HBAN,0.5041081195002634,63,2.950527533162203e-05,15,5,External
BXP,HIG,0.48742824977599464,63,5.8705567172686313e-05,15,5,External
BXP,HON,0.503206390126362,63,3.0651549451292626e-05,15,20,External
BXP,HPE,0.43589772401583127,63,0.00039818430082446234,15,5,External
BXP,HST,0.6205088671690648,63,7.470214343303501e-08,15,15,Internal
BXP,HUBB,0.493226297677617,63,4.640620117302851e-05,15,20,External
BXP,HUM,-0.4296577836129538,63,0.0004921599881255455,15,1,External
BXP,HWM,0.4727435175636599,63,0.00010452322793173397,15,5,External
BXP,INTC,-0.41428340449700607,63,0.0008155528304081227,15,0,External
BXP,INTU,-0.4564793897702451,63,0.00019219814698530433,15,1,External
BXP,IP,0.5394516468318812,63,6.062529361952295e-06,15,5,External
BXP,IR,0.47967645363560824,63,7.986373080072623e-05,15,15,Internal
BXP,IRM,0.5969073990934348,63,3.0466064150950554e-07,15,15,Internal
BXP,IVZ,0.5217555519710654,63,1.368814384160776e-05,15,5,External
BXP,JCI,0.4769619520471854,63,8.879826389995712e-05,15,5,External
BXP,JKHY,-0.4273256190159375,63,0.0005321686562049079,15,1,External
BXP,JPM,0.513169291760565,63,1.9996106568901205e-05,15,5,External
BXP,KEY,0.5727051761523549,63,1.1508472648939221e-06,15,5,External
BXP,KEYS,-0.42754530904383053,63,0.000528277629988912,15,0,External
BXP,KIM,0.7309717187730169,63,1.5271474890080328e-11,15,15,Internal
BXP,LKQ,0.48083780706227974,63,7.63004912985211e-05,15,15,Internal
BXP,LUV,0.6469880853485224,63,1.3344462958582996e-08,15,5,External
BXP,LVS,0.4039885270122438,63,0.0011288594516017962,15,15,Internal
BXP,LYB,0.5216848632138302,63,1.37314994273284e-05,15,5,External
BXP,LYV,0.45572444631040915,63,0.00019756476553966902,15,15,Internal
BXP,MAA,0.5271546803738352,63,1.0728343839284074e-05,15,15,Internal
BXP,MAR,0.4943279141613272,63,4.4357563173985096e-05,15,15,Internal
BXP,MET,0.6538281151732166,63,8.319940215185549e-09,15,5,External
BXP,MGM,0.48051480308361144,63,7.727652770701793e-05,15,15,Internal
BXP,MHK,0.4981717232611209,63,3.784601527144625e-05,15,15,Internal
BXP,MLM,0.556611267052291,63,2.6303262510052216e-06,15,5,External
BXP,MOS,0.5626128980582393,63,1.9424152717996015e-06,15,5,External
BXP,MS,0.504520845153298,63,2.8993978436455644e-05,15,5,External
BXP,MSCI,-0.4372913925317602,63,0.00037956776915710913,15,1,External
BXP,MSFT,-0.5641813690425896,63,1.7926888855893653e-06,15,1,External
BXP,MTB,0.5730743450807755,63,1.128647583249756e-06,15,5,External
BXP,NCLH,0.5684421333647471,63,1.4386696232522035e-06,15,15,Internal
BXP,NFLX,-0.44260568261229705,63,0.0003156265590039469,15,1,External
BXP,NTRS,0.4316085725552588,63,0.0004608150710221103,15,5,External
BXP,NVDA,-0.6470150823975912,63,1.3319912534912382e-08,15,1,External
BXP,NVR,0.4182436083489149,63,0.0007176931318141592,15,15,Internal
BXP,O,0.5792070998225891,63,8.137792518582727e-07,15,15,Internal
BXP,ORLY,-0.4503846794489791,63,0.00023961681061848375,15,1,External
BXP,PCAR,0.41271053611484787,63,0.0008576565773152958,15,20,External
BXP,PFG,0.6258292640395394,63,5.353678507550339e-08,15,5,External
BXP,PH,0.4662835928385867,63,0.00013362071024540975,15,15,Internal
BXP,PKG,0.41582796826328494,63,0.0007760345663187643,15,20,External
BXP,PNR,0.4789359501271531,63,8.221509048180056e-05,15,20,External
BXP,PRU,0.6548028973468228,63,7.770609229046742e-09,15,5,External
BXP,PSA,0.4272148307296617,63,0.0005341407306162586,15,7,External
BXP,PWR,0.41557567956826746,63,0.0007823687143534943,15,20,External
BXP,RCL,0.5189182387679648,63,1.553210208778465e-05,15,15,Internal
BXP,REG,0.7325583953689578,63,1.3117793356635148e-11,15,15,Internal
BXP,REGN,-0.502058532829247,63,3.217035855392286e-05,15,1,External
BXP,RF,0.5920582794712695,63,4.010972406947521e-07,15,5,External
BXP,RJF,0.4431991354793625,63,0.00030913308365194535,15,5,External
BXP,RL,0.5085919199475103,63,2.4372202420434567e-05,15,15,Internal
BXP,RTX,0.45812867365425475,63,0.00018093531634462632,15,15,Internal
BXP,SNA,0.4593536909079313,63,0.00017296473829119492,15,15,Internal
BXP,SNPS,-0.4529466526286787,63,0.0002185137402338316,15,1,External
BXP,SPG,0.6986054219265482,63,2.732697443942858e-10,15,15,Internal
BXP,STT,0.5049299196658771,63,2.8495313150655015e-05,15,5,External
BXP,STZ,0.48046811305671044,63,7.741856086571011e-05,15,15,Internal
BXP,SYF,0.5584461607572627,63,2.3989839906728783e-06,15,5,External
BXP,SYY,0.44278357607311736,63,0.0003136671352240594,15,15,Internal
BXP,TDG,0.426307666388264,63,0.0005505399375265801,15,5,External
BXP,TECH,-0.5291631088580621,63,9.788299788851651e-06,15,1,External
BXP,TEL,0.414142245967735,63,0.0008192536497550863,15,15,Internal
BXP,TFC,0.6028399200918758,63,2.1627039895831974e-07,15,5,External
BXP,TPR,0.5553080312026738,63,2.8071308409967035e-06,15,15,Internal
BXP,TRV,0.484345318420359,63,6.640880173289481e-05,15,5,External
BXP,TTWO,-0.47132277213167745,63,0.00011037068048836354,15,1,External
BXP,TXT,0.5613045297304623,63,2.076184047075261e-06,15,5,External
BXP,UAL,0.6727485187198005,63,2.1108826693642866e-09,15,5,External
BXP,UDR,0.6168306459194088,63,9.371052360048533e-08,15,15,Internal
BXP,USB,0.5170097462199771,63,1.6899472835470134e-05,15,5,External
BXP,VICI,0.43858508666901025,63,0.00036299983230339,15,5,External
BXP,VMC,0.47415406677053756,63,9.900080762263584e-05,15,5,External
BXP,VRSN,-0.5219341986052204,63,1.3579140755405317e-05,15,1,External
BXP,VRTX,-0.6366295744325803,63,2.6694320525619195e-08,15,1,External
BXP,VTR,0.5258229223103543,63,1.1397267738186638e-05,15,15,Internal
BXP,VTRS,0.42321117814494896,63,0.000610017780932902,15,5,External
BXP,WAB,0.6465540280248576,63,1.3745110391429726e-08,15,15,Internal
BXP,WBD,0.4121517883814859,63,0.0008730800239429529,15,15,Internal
BXP,WELL,0.5949598327509373,63,3.4042425819480245e-07,15,15,Internal
BXP,WFC,0.6066719474930626,63,1.726840109942852e-07,15,5,External
BXP,WM,0.42564875798654944,63,0.0005627364130519249,15,7,External
BXP,WST,-0.45206193319043536,63,0.00022560089283892512,15,1,External
BXP,WY,0.49691322844642993,63,3.987357067909308e-05,15,15,Internal
BXP,XYL,0.4334567220862172,63,0.00043280510346844055,15,20,External
C,CB,0.4815365133932091,63,7.422791538405037e-05,5,5,Internal
C,CBRE,0.4987305396984008,63,3.697664987386451e-05,5,5,Internal
C,CCL,0.45374009458488845,63,0.00021233165075438846,5,15,External
C,CDNS,-0.6182087228774702,63,8.610920563780332e-08,5,1,External
C,CF,0.49231449496192153,63,4.81675980408438e-05,5,5,Internal
C,CFG,0.8485707039840366,63,3.0978676549819033e-18,5,5,Internal
C,CHD,-0.4857865811993489,63,6.269841793158729e-05,5,1,External
C,CL,-0.5062489532253951,63,2.6940989398801995e-05,5,1,External
C,CLX,-0.4871873771832998,63,5.927634106575363e-05,5,1,External
C,CMI,0.4232894491252362,63,0.0006084452540731515,5,20,External
C,COF,0.7034952367013714,63,1.8117009703475071e-10,5,5,Internal
C,COP,0.4208407671203158,63,0.0006594226159442323,5,11,External
C,COST,-0.6185447251838969,63,8.434611426886501e-08,5,1,External
C,CTSH,0.41677511853648913,63,0.0007526665816700075,5,5,Internal
C,CVX,0.4171037720939924,63,0.0007447081107335025,5,11,External
C,DAL,0.6036754323393273,63,2.059656185452771e-07,5,5,Internal
C,DE,0.5688728329457986,63,1.4067873346252664e-06,5,5,Internal
C,DIS,0.47329040141020234,63,0.00010234935266397682,5,5,Internal
C,DOC,0.4202129610121896,63,0.000673101078372328,5,15,External
C,DOV,0.4139767566417104,63,0.0008236116914616122,5,20,External
C,DOW,0.5861659696797237,63,5.568922637570713e-07,5,5,Internal
C,DVN,0.48899882409906914,63,5.510651471159406e-05,5,11,External
C,EA,-0.611480000671108,63,1.29650350018096e-07,5,1,External
C,EMR,0.5804844965265099,63,7.595440189823884e-07,5,20,External
C,EOG,0.4513795771701974,63,0.0002312099168917617,5,11,External
C,ETN,0.5325131155613103,63,8.389023489728512e-06,5,20,External
C,EXPE,0.4115337222647388,63,0.000890432434723304,5,15,External
C,F,0.5605757243934605,63,2.154387807714605e-06,5,5,Internal
C,FCX,0.4430058947718404,63,0.00031123398766155536,5,5,Internal
C,FDX,0.4413400538421965,63,0.000329892439502242,5,20,External
C,FITB,0.8492807740708976,63,2.719453241399969e-18,5,5,Internal
C,FRT,0.6115780619117818,63,1.2888825612684338e-07,5,15,External
C,FTV,0.5580009808063615,63,2.453294785287439e-06,5,20,External
C,GD,0.5404080571771329,63,5.793806181408609e-06,5,5,Internal
C,GE,0.6100501348978724,63,1.4125650688567032e-07,5,5,Internal
C,GL,0.6940749158100988,63,3.9704143830053976e-10,5,5,Internal
C,GLW,0.42072355811813406,63,0.0006619570480623766,5,15,External
C,GM,0.5699985557416478,63,1.32655424505955e-06,5,15,External
C,GOOGL,-0.4140805775825944,63,0.0008208751990364608,5,1,External
C,GS,0.6732458094689994,63,2.0334020465032076e-09,5,5,Internal
C,HBAN,0.8078656782180136,63,2.10472417530018e-15,5,5,Internal
C,HIG,0.6395785331911055,63,2.1970619623266294e-08,5,5,Internal
C,HON,0.5730622739228722,63,1.1293670793143003e-06,5,20,External
C,HPE,0.5271236683825083,63,1.074349627883399e-05,5,5,Internal
C,HST,0.5865100865779024,63,5.464181752223151e-07,5,15,External
C,HWM,0.594190153876075,63,3.55617597351049e-07,5,5,Internal
C,IBM,0.4047286292624451,63,0.0011031596980688072,5,5,Internal
C,IDXX,-0.42207092833867954,63,0.0006333480991374446,5,1,External
C,INCY,-0.4001490517331864,63,0.0012710447526063991,5,1,External
C,INTU,-0.5568726042113118,63,2.5961491892962884e-06,5,1,External
C,IP,0.7056906867205643,63,1.5023307153732808e-10,5,5,Internal
C,IR,0.453609157848421,63,0.0002133406872891938,5,15,External
C,IT,0.5219762551033595,63,1.355359713601309e-05,5,5,Internal
C,JBL,0.5068549763911065,63,2.625353229171401e-05,5,15,External
C,JCI,0.4421938794120635,63,0.00032020531648484007,5,5,Internal
C,JKHY,-0.5141301457407135,63,1.917547007729318e-05,5,1,External
C,JNJ,-0.48725988221528566,63,5.910399609082705e-05,5,1,External
C,JPM,0.8444727832557049,63,6.487148468512331e-18,5,5,Internal
C,KEY,0.8359321556609485,63,2.8334557718365063e-17,5,5,Internal
C,KEYS,-0.5010462926829574,63,3.3567226039297095e-05,5,0,External
C,KIM,0.6531772063456903,63,8.707017114602557e-09,5,15,External
C,KMB,-0.534096704083762,63,7.794570207499746e-06,5,1,External
C,L,0.6209957543053003,63,7.247782732550371e-08,5,5,Internal
C,LKQ,0.41739143369732773,63,0.0007378048633752299,5,15,External
C,LUV,0.5848339678761756,63,5.992394259035674e-07,5,5,Internal
C,LVS,0.4126619576670862,63,0.0008589876771389533,5,15,External
C,LYB,0.6066859902867408,63,1.725407025455736e-07,5,5,Internal
C,LYV,0.4393049039083855,63,0.00035406932436469584,5,15,External
C,MET,0.7571058347192284,63,1.079632516786487e-12,5,5,Internal
C,MGM,0.43175153440905834,63,0.00045859097253015925,5,15,External
C,MHK,0.5850906644707584,63,5.908502953168135e-07,5,15,External
C,MLM,0.6033259969238729,63,2.102178297592187e-07,5,5,Internal
C,MNST,-0.4258564861611865,63,0.0005588651289899011,5,1,External
C,MOS,0.5219023781581213,63,1.3598497086626568e-05,5,5,Internal
C,MPC,0.4367138470751122,63,0.0003871842043432544,5,11,External
C,MS,0.6132058061789657,63,1.168385431144007e-07,5,5,Internal
C,MSFT,-0.6998543050468322,63,2.462292340718556e-10,5,1,External
C,MTB,0.787062374943202,63,3.3312295326968875e-14,5,5,Internal
C,NCLH,0.5843097114881523,63,6.167213952605244e-07,5,15,External
C,NTRS,0.6215804053447774,63,6.988944338468797e-08,5,5,Internal
C,NUE,0.5960685248792975,63,3.196085192643626e-07,5,5,Internal
C,NVDA,-0.5784357826684242,63,8.482653119226752e-07,5,1,External
C,NWS,0.4236182149955161,63,0.0006018801549376933,5,15,External
C,NWSA,0.43250791131537397,63,0.00044698539877318846,5,15,External
C,OMC,0.5246239601692309,63,1.2032472129946549e-05,5,5,Internal
C,PCAR,0.4607359527938499,63,0.00016435826345416503,5,20,External
C,PEP,-0.40794199392900093,63,0.0009975825667538566,5,1,External
C,PFG,0.7107069401543827,63,9.730920357245621e-11,5,5,Internal
C,PH,0.6018256216207074,63,2.294325643549938e-07,5,15,External
C,PKG,0.5641965739111421,63,1.7912917951376857e-06,5,20,External
C,PNC,0.7649198314499759,63,4.579638904369016e-13,5,5,Internal
C,PNR,0.4342901137332287,63,0.00042068873186114586,5,20,External
C,PPG,0.41303389817267977,63,0.000848843518892926,5,5,Internal
C,PRU,0.7379951147110562,63,7.727914144149775e-12,5,5,Internal
C,PSKY,0.5130792323009352,63,2.007467080393593e-05,5,5,Internal
C,RCL,0.4854066813393909,63,6.365741031841304e-05,5,15,External
C,REG,0.6361990821524184,63,2.7459361483749745e-08,5,15,External
C,REGN,-0.4048215601341437,63,0.001099970252141839,5,1,External
C,RF,0.844735241742548,63,6.191178757824104e-18,5,5,Internal
C,RJF,0.6755734503964309,63,1.7052587022978442e-09,5,5,Internal
C,RL,0.47793439368661395,63,8.549687354382e-05,5,15,External
C,RMD,-0.4230520018584317,63,0.0006132271348348229,5,1,External
C,SCHW,0.4605226559420701,63,0.00016566018512752568,5,5,Internal
C,SLB,0.4060551641213342,63,0.0010584124021965865,5,11,External
C,SNA,0.5319583980350987,63,8.607052061088798e-06,5,15,External
C,SNPS,-0.5598946259962475,63,2.2299560965595815e-06,5,1,External
C,SPG,0.5607185911866921,63,2.1388437252421683e-06,5,15,External
C,STT,0.6082466769784217,63,1.5729330705022715e-07,5,5,Internal
C,SWK,0.4829716266662568,63,7.0132684598216e-05,5,5,Internal
C,SYF,0.7095463519497595,63,1.0768220572053056e-10,5,5,Internal
C,SYY,0.48896542533368015,63,5.518088138452372e-05,5,15,External
C,T,0.4718323651953052,63,0.00010823958601508316,5,5,Internal
C,TAP,0.4392954663779157,63,0.00035418510517986007,5,5,Internal
C,TDG,0.5840041748198996,63,6.271296005150026e-07,5,5,Internal
C,TECH,-0.46465074365788284,63,0.0001420689827419048,5,1,External
C,TEL,0.4780484706516387,63,8.511708546551978e-05,5,15,External
C,TFC,0.8374085850225279,63,2.2094378864123218e-17,5,5,Internal
C,TPR,0.4442981129844293,63,0.00029742912251353625,5,15,External
C,TROW,0.44038180068843963,63,0.00034108209502344916,5,5,Internal
C,TRV,0.6248109354648267,63,5.7089303802053436e-08,5,5,Internal
C,TSN,0.44405344711425004,63,0.0002999992153370516,5,5,Internal
C,TTWO,-0.4170033976990957,63,0.000747130598817435,5,1,External
C,TXT,0.7088833813198246,63,1.1407144468256055e-10,5,5,Internal
C,UAL,0.5958929396445641,63,3.2282334630867955e-07,5,5,Internal
C,USB,0.8720747856576532,63,2.7970627110179625e-20,5,5,Internal
C,VICI,0.49808846649206795,63,3.797714637433498e-05,5,5,Internal
C,VLO,0.43242865652198453,63,0.00044818880221250663,5,11,External
C,VMC,0.5288813223252146,63,9.915398504521083e-06,5,5,Internal
C,VRSN,-0.5125421844783927,63,2.054914692510981e-05,5,1,External
C,VRTX,-0.4690444171509859,63,0.00012037860478656487,5,1,External
C,VTR,0.47995806175443173,63,7.898590187865516e-05,5,15,External
C,VTRS,0.4718429557209038,63,0.0001081957009605431,5,5,Internal
C,WAB,0.5446377856950383,63,4.73323124532023e-06,5,15,External
C,WBD,0.48079025130020836,63,7.644347614163994e-05,5,15,External
C,WELL,0.41241282641371707,63,0.0008658435147950906,5,15,External
C,WFC,0.8269686499220525,63,1.2191605253324387e-16,5,5,Internal
C,WMT,-0.5194170279989297,63,1.5192075636995417e-05,5,1,External
C,WRB,0.47944742360879755,63,8.058427991880419e-05,5,5,Internal
C,WST,-0.4687413726924533,63,0.00012177082965713119,5,1,External
C,WY,0.5384806026845831,63,6.347218432928491e-06,5,15,External
C,XOM,0.45716130013459455,63,0.0001874657923210208,5,11,External
CAG,CPB,0.6771340760563976,63,1.514109054590354e-09,1,1,Internal
CAG,GIS,0.6613236218496986,63,4.888950404542469e-09,1,1,Internal
CAG,HRL,0.4186038298224726,63,0.0007093420053385487,1,1,Internal
CAG,HSY,0.5839359917645112,63,6.294746792978816e-07,1,1,Internal
CAG,K,0.618669608575598,63,8.369954150309714e-08,1,1,Internal
CAG,MDLZ,0.43143062603667376,63,0.0004635971357782747,1,1,Internal
CAG,SJM,0.47115510685766615,63,0.00011108023783609991,1,1,Internal
CAH,COR,0.6014403643973456,63,2.346266513573036e-07,1,1,Internal
CAH,CVS,0.445315524121543,63,0.00028695582759749583,1,1,Internal
CAH,MCK,0.6997197777741634,63,2.490147972759566e-10,1,1,Internal
CAH,STE,0.4059991087657548,63,0.001060269660286236,1,1,Internal
CARR,CCL,0.5072045648810444,63,2.5864397805938938e-05,15,15,Internal
CARR,CLX,-0.4156459954012079,63,0.0007805986284828484,15,1,External
CARR,DAL,0.491732766619613,63,4.9323421411632425e-05,15,5,External
CARR,EL,0.4338886497931474,63,0.0004264863963607191,15,15,Internal
CARR,EXPE,0.45694991738893553,63,0.00018892121596973856,15,15,Internal
CARR,IR,0.5171757393758916,63,1.6776248301370086e-05,15,15,Internal
CARR,KIM,0.45837987859074764,63,0.0001792739350667988,15,15,Internal
CARR,LUV,0.40610084985493794,63,0.0010569008863553545,15,5,External
CARR,LW,0.46305091908642937,63,0.0001508192043098644,15,15,Internal
CARR,LYV,0.4763235644930762,63,9.102893651381474e-05,15,15,Internal
CARR,MO,0.44502462563791084,63,0.0002899154435826672,15,15,Internal
CARR,MOS,0.41584284373308333,63,0.0007756625440884479,15,5,External
CARR,NWS,0.4506979846960603,63,0.00023693971076699797,15,15,Internal
CARR,NWSA,0.4177600383322889,63,0.0007290438356017467,15,15,Internal
CARR,OTIS,0.6616029258028735,63,4.791655739700051e-09,15,15,Internal
CARR,PFG,0.4840507981250028,63,6.719149839107262e-05,15,5,External
CARR,PNR,0.44463435227582637,63,0.00029392987725886056,15,20,External
CARR,PRU,0.4125890000732321,63,0.0008609902983770011,15,5,External
CARR,SPG,0.4518569095265891,63,0.0002272729826680611,15,15,Internal
CARR,TMO,-0.4246720053004958,63,0.0005812677719120231,15,1,External
CARR,TXT,0.42449015947980473,63,0.0005847783445501481,15,5,External
CARR,UAL,0.41396179714656833,63,0.0008240066700288373,15,5,External
CAT,CBRE,0.4320958630121694,63,0.00045327416378573707,20,5,External
CAT,CMCSA,0.4082864879968351,63,0.0009868231892179427,20,7,External
CAT,CMI,0.4295768280413621,63,0.000493501674547833,20,20,Internal
CAT,CRM,-0.448008237656578,63,0.0002608407856629355,20,1,External
CAT,DE,0.5535824451586696,63,3.058359650298032e-06,20,5,External
CAT,DOW,0.4007400556138664,63,0.001248159081867823,20,5,External
CAT,EMR,0.436156707237836,63,0.00039466316642048813,20,20,Internal
CAT,ETN,0.4582493389525219,63,0.0001801355258963096,20,20,Internal
CAT,FTV,0.4139713276465511,63,0.0008237550145236991,20,20,Internal
CAT,HAL,0.4625605910673778,63,0.0001535984045513995,20,11,External
CAT,HII,0.40769820715331007,63,0.0010052604410695854,20,20,Internal
CAT,HON,0.5338675907993272,63,7.878076855965765e-06,20,20,Internal
CAT,HPE,0.4105537595619627,63,0.0009185845077630324,20,5,External
CAT,HWM,0.47416482649791986,63,9.895973380907019e-05,20,5,External
CAT,IEX,0.48521132380143217,63,6.415580730699675e-05,20,20,Internal
CAT,INTU,-0.512962680846488,63,2.0176770753926934e-05,20,1,External
CAT,ITW,0.5061547788274245,63,2.704930360921579e-05,20,20,Internal
CAT,JBL,0.44068670710515856,63,0.0003374846850850434,20,15,External
CAT,KEY,0.4089146092942461,63,0.0009674746066354064,20,5,External
CAT,L,0.43451993307298326,63,0.00041740221023015635,20,5,External
CAT,LUV,0.42634397282967507,63,0.0005498749288696402,20,5,External
CAT,MMM,0.42776665509779926,63,0.000524383418579755,20,20,Internal
CAT,MSCI,-0.4080775427225805,63,0.0009933364870187635,20,1,External
CAT,NOW,-0.4812308737193584,63,7.51280678325789e-05,20,1,External
CAT,NTRS,0.4087780488431902,63,0.0009716518313904539,20,5,External
CAT,NUE,0.45638837868885035,63,0.00019283795843061304,20,5,External
CAT,NVDA,-0.42758785814751704,63,0.0005275270173865156,20,1,External
CAT,PCAR,0.44661016440444157,63,0.00027411572877139025,20,20,Internal
CAT,SCHW,0.45237551557423833,63,0.00022306519883560469,20,5,External
CAT,SLB,0.452807372768146,63,0.00021961577550978564,20,11,External
CAT,SNPS,-0.4147691718722006,63,0.0008029324633086014,20,1,External
CAT,STT,0.43004720259035856,63,0.00048575230340125713,20,5,External
CAT,SWK,0.4320524118720857,63,0.00045394199191241865,20,5,External
CAT,TAP,0.4280032647439689,63,0.0005202495142267033,20,5,External
CAT,TSLA,-0.44412005969068585,63,0.0002992974831158663,20,1,External
CAT,TXT,0.43951072007352193,63,0.00035155290867969506,20,5,External
CAT,URI,0.40427005231416385,63,0.0011190207088016316,20,15,External
CAT,VRSN,-0.44133933843889295,63,0.00032990066700091066,20,1,External
CB,CBRE,0.43215896968402795,63,0.00045230582838566634,5,5,Internal
CB,CDNS,-0.5521089517041978,63,3.2893627478159188e-06,5,1,External
CB,CFG,0.44901178277517295,63,0.00025167699088081885,5,5,Internal
CB,CINF,0.4602207045117723,63,0.00016751940584107343,5,5,Internal
CB,COF,0.45665915167730775,63,0.0001909401221524745,5,5,Internal
CB,DAL,0.5100917608085175,63,2.2849050547000468e-05,5,5,Internal
CB,DE,0.4117550819362322,63,0.0008841822023756069,5,5,Internal
CB,DOC,0.40420669204866944,63,0.0011212282600793066,5,15,External
CB,DOW,0.4453721815763933,63,0.000286382611176524,5,5,Internal
CB,EG,0.5749949668847611,63,1.0194861204587067e-06,5,5,Internal
CB,ELV,-0.4089979218150755,63,0.0009649341407969768,5,1,External
CB,ETN,0.4379236811700227,63,0.00037138607755327855,5,20,External
CB,F,0.5717568370545282,63,1.2097656492704805e-06,5,5,Internal
CB,FITB,0.5281140757415084,63,1.026928866567822e-05,5,5,Internal
CB,FRT,0.4786317766630306,63,8.319929107101579e-05,5,15,External
CB,GD,0.5518868350288483,63,3.325566489044568e-06,5,5,Internal
CB,GE,0.4352687303464781,63,0.0004068554969456358,5,5,Internal
CB,GL,0.5237332962970684,63,1.2525484499046032e-05,5,5,Internal
CB,HBAN,0.4185882159201291,63,0.0007097021550093169,5,5,Internal
CB,HIG,0.746070875576094,63,3.4362898758145213e-12,5,5,Internal
CB,HON,0.5268556770830997,63,1.0875268542097107e-05,5,20,External
CB,IP,0.4715476820459073,63,0.00010942540715322779,5,5,Internal
CB,IRM,0.4519209125386072,63,0.0002267497871426959,5,15,External
CB,JCI,0.5001588675755841,63,3.483781472167544e-05,5,5,Internal
CB,JNJ,-0.4241314109313054,63,0.0005917605247308059,5,1,External
CB,JPM,0.509231827624424,63,2.371118898928346e-05,5,5,Internal
CB,KEY,0.5384152739934799,63,6.366811922329082e-06,5,5,Internal
CB,KIM,0.47943881017919737,63,8.061149501065668e-05,5,15,External
CB,L,0.5776252011266114,63,8.859815468865218e-07,5,5,Internal
CB,LUV,0.40202681764877796,63,0.0011996089704732359,5,5,Internal
CB,LYB,0.42719355481162546,63,0.0005345202088574341,5,5,Internal
CB,MET,0.5489176823156209,63,3.846683613893563e-06,5,5,Internal
CB,MLM,0.42792045995830136,63,0.0005216928518608047,5,5,Internal
CB,MSFT,-0.5699698640340489,63,1.3285447973023792e-06,5,1,External
CB,MTB,0.5437916753356412,63,4.92967065331292e-06,5,5,Internal
CB,O,0.42375667860314764,63,0.0005991344652738957,5,15,External
CB,PFG,0.5465097586676307,63,4.324285640559618e-06,5,5,Internal
CB,PNC,0.55921058694402,63,2.3083410602695948e-06,5,5,Internal
CB,PRU,0.514126124212516,63,1.9178838637970092e-05,5,5,Internal
CB,PSKY,0.4208737001472679,63,0.0006587120830916433,5,5,Internal
CB,REG,0.4361900761160705,63,0.00039421155106584866,5,15,External
CB,RF,0.44165128130079767,63,0.00032633086159132596,5,5,Internal
CB,RJF,0.45210054440133113,63,0.0002252872573922976,5,5,Internal
CB,RL,0.4125570339369899,63,0.0008618690689458803,5,15,External
CB,SPG,0.46749821218116605,63,0.00012763826558454523,5,15,External
CB,T,0.5345575295297892,63,7.629100800532968e-06,5,5,Internal
CB,TDG,0.4444895373215643,63,0.00029543233481251396,5,5,Internal
CB,TECH,-0.4473873014555692,63,0.0002666624365523502,5,1,External
CB,TFC,0.5209940333128382,63,1.4161976646633682e-05,5,5,Internal
CB,TPR,0.469983149641844,63,0.0001161582307843044,5,15,External
CB,TRV,0.7783955540721808,63,9.629711091040397e-14,5,5,Internal
CB,TSN,0.43298560011789644,63,0.0004397942045094281,5,5,Internal
CB,TXT,0.4502110609753646,63,0.00024111220899613366,5,5,Internal
CB,UAL,0.5321051386419695,63,8.548868898570167e-06,5,5,Internal
CB,USB,0.5045411973515035,63,2.896897910549572e-05,5,5,Internal
CB,VICI,0.4002645450967479,63,0.001266543003307041,5,5,Internal
CB,VRSN,-0.41604098948508533,63,0.0007707224598235594,5,1,External
CB,VTR,0.43428290510772444,63,0.0004207921983466322,5,15,External
CB,WAB,0.4179192864416529,63,0.0007252880295708199,5,15,External
CB,WFC,0.5158549885447146,63,1.7780241479296366e-05,5,5,Internal
CB,WRB,0.7807824526571805,63,7.223227644039183e-14,5,5,Internal
CBRE,CCL,0.4361123020876571,63,0.00039526487753979337,5,15,External
CBRE,CF,0.5721673402428307,63,1.1839231533518787e-06,5,5,Internal
CBRE,CFG,0.456032169999896,63,0.00019536091978440112,5,5,Internal
CBRE,CHD,-0.5013479081005839,63,3.3145242103303966e-05,5,1,External
CBRE,CINF,0.437647452907468,63,0.0003749404483587918,5,5,Internal
CBRE,CLX,-0.407222354953605,63,0.0010204007946050385,5,1,External
CBRE,CMI,0.5702915416975175,63,1.3063870267742693e-06,5,20,External
CBRE,COF,0.5183702824005698,63,1.591378670842268e-05,5,5,Internal
CBRE,CPAY,0.4106821676665414,63,0.0009148504441854761,5,20,External
CBRE,CPB,-0.5055624761951016,63,2.7739839169679078e-05,5,1,External
CBRE,CPT,0.4018592454771268,63,0.0012058337384925678,5,15,External
CBRE,CTAS,0.4002013696911446,63,0.0012690037006019542,5,15,External
CBRE,DAL,0.5069748573500941,63,2.6119483135156426e-05,5,5,Internal
CBRE,DE,0.5909503050016417,63,4.268401572811263e-07,5,5,Internal
CBRE,DHR,-0.40664370683748924,63,0.0010390887902393823,5,1,External
CBRE,DIS,0.44481720049664153,63,0.0002920427872154885,5,5,Internal
CBRE,DOC,0.41368416524897356,63,0.0008313681903351612,5,15,External
CBRE,DOV,0.6264113191631471,63,5.160106198486574e-08,5,20,External
CBRE,DOW,0.5492100585911541,63,3.792170914436906e-06,5,5,Internal
CBRE,EA,-0.44761196749871096,63,0.0002645424922584518,5,1,External
CBRE,EG,0.41191345572191734,63,0.0008797347685693311,5,5,Internal
CBRE,EMR,0.5366856177058226,63,6.906546841512583e-06,5,20,External
CBRE,EQIX,-0.4515396298135781,63,0.0002298829410333237,5,7,External
CBRE,ETN,0.4808183145191117,63,7.635906926284278e-05,5,20,External
CBRE,F,0.4446637556905212,63,0.00029362566947242557,5,5,Internal
CBRE,FITB,0.43954999235975173,63,0.0003510746011910876,5,5,Internal
CBRE,FRT,0.6028667918492863,63,2.1593155615555978e-07,5,15,External
CBRE,FTV,0.4216265954225228,63,0.0006426563603442362,5,20,External
CBRE,GD,0.5112046710363257,63,2.1776419541405434e-05,5,5,Internal
CBRE,GIS,-0.5089466021392257,63,2.4003741517437585e-05,5,1,External
CBRE,GL,0.4640660972550636,63,0.00014521118786456618,5,5,Internal
CBRE,GLW,0.42276525227367195,63,0.0006190473149494701,5,15,External
CBRE,GM,0.5371252175755528,63,6.7654691462636606e-06,5,15,External
CBRE,GPC,0.4371998077771785,63,0.0003807663746179503,5,15,External
CBRE,GS,0.49261349768453216,63,4.758330017770419e-05,5,5,Internal
CBRE,HAS,0.4518939624913553,63,0.00022696995711023947,5,20,External
CBRE,HBAN,0.5183962024055244,63,1.5895537330492078e-05,5,5,Internal
CBRE,HIG,0.667685337626863,63,3.076588127433062e-09,5,5,Internal
CBRE,HLT,0.42835142817223204,63,0.0005142204131520201,5,15,External
CBRE,HON,0.5909965439733539,63,4.257354847131064e-07,5,20,External
CBRE,HPE,0.43761408471056495,63,0.00037537190520781864,5,5,Internal
CBRE,HSIC,0.5365976867637816,63,6.9350929142382325e-06,5,20,External
CBRE,HST,0.5721759303781992,63,1.1833879453170188e-06,5,15,External
CBRE,HUBB,0.47665353039257874,63,8.986960038062209e-05,5,20,External
CBRE,HWM,0.48316806850198013,63,6.958861847290443e-05,5,5,Internal
CBRE,IEX,0.4314423143198532,63,0.00046341393042465657,5,20,External
CBRE,INTU,-0.46833679290373803,63,0.0001236525802063894,5,1,External
CBRE,IP,0.5009290092454651,63,3.3732653345968874e-05,5,5,Internal
CBRE,IR,0.46183039275504373,63,0.00015782434758135848,5,15,External
CBRE,IRM,0.5558725568467333,63,2.7292222152368934e-06,5,15,External
CBRE,IT,0.54008628589699,63,5.882949118287986e-06,5,5,Internal
CBRE,ITW,0.40287995984426217,63,0.0011683637867828307,5,20,External
CBRE,JCI,0.4934958394618065,63,4.5897020199194345e-05,5,5,Internal
CBRE,JPM,0.44817860850871466,63,0.00025926388487776007,5,5,Internal
CBRE,KEY,0.5665995822829545,63,1.5828601351879857e-06,5,5,Internal
CBRE,KIM,0.49148919583700756,63,4.981493219124493e-05,5,15,External
CBRE,L,0.5202948477496343,63,1.4610402437535091e-05,5,5,Internal
CBRE,LKQ,0.5218463610593241,63,1.3632634524887505e-05,5,15,External
CBRE,LUV,0.5200438655549706,63,1.4774563279283988e-05,5,5,Internal
CBRE,LVS,0.4957698940322383,63,4.1802204353153605e-05,5,15,External
CBRE,LYB,0.4967699316254665,63,4.0110697227852026e-05,5,5,Internal
CBRE,MAR,0.5194008182202025,63,1.52030163139901e-05,5,15,External
CBRE,MET,0.6217534702146277,63,6.914013658994389e-08,5,5,Internal
CBRE,MGM,0.6270984620506486,63,4.9400907478875755e-08,5,15,External
CBRE,MHK,0.5580332208237293,63,2.449323286587734e-06,5,15,External
CBRE,MKC,-0.44363134938286647,63,0.0003044808306615818,5,1,External
CBRE,MLM,0.508116093987305,63,2.4874750999596376e-05,5,5,Internal
CBRE,MOS,0.4107051049364647,63,0.0009141848810667693,5,5,Internal
CBRE,MS,0.4101425871376345,63,0.0009306340366506793,5,5,Internal
CBRE,MSCI,-0.4050735567295062,63,0.0010913633476037602,5,1,External
CBRE,MSFT,-0.5057962992998204,63,2.7465308689234038e-05,5,1,External
CBRE,MTB,0.5424715409852611,63,5.251414944769469e-06,5,5,Internal
CBRE,NCLH,0.5342211531046179,63,7.749557629304434e-06,5,15,External
CBRE,NFLX,-0.4243928020634764,63,0.000586665745854677,5,1,External
CBRE,NSC,0.437455747484136,63,0.0003774254055111302,5,20,External
CBRE,NTRS,0.4883428084164974,63,5.658429088368556e-05,5,5,Internal
CBRE,NVDA,-0.4747409610305676,63,9.678317218372584e-05,5,1,External
CBRE,O,0.44617824352956875,63,0.00027833993683862074,5,15,External
CBRE,OMC,0.4129290566778223,63,0.0008516919092161756,5,5,Internal
CBRE,PCAR,0.43673896487594327,63,0.0003868500875163792,5,20,External
CBRE,PFG,0.5595768416044127,63,2.2660564864085567e-06,5,5,Internal
CBRE,PKG,0.4395226519565409,63,0.0003514075243685005,5,20,External
CBRE,PNR,0.44281163391186806,63,0.00031335910476228856,5,20,External
CBRE,PPG,0.46392100228858035,63,0.00014600082062593366,5,5,Internal
CBRE,PRU,0.5707344483690195,63,1.276444966705004e-06,5,5,Internal
CBRE,PSKY,0.4297872944160849,63,0.0004900204815789231,5,5,Internal
CBRE,RCL,0.530312148107107,63,9.285564439025465e-06,5,15,External
CBRE,REG,0.558008999799218,63,2.4523064002989096e-06,5,15,External
CBRE,RF,0.5121677677097694,63,2.0886072390436882e-05,5,5,Internal
CBRE,RJF,0.5351060877909443,63,7.436396381337956e-06,5,5,Internal
CBRE,RL,0.5850693256020657,63,5.915434478916593e-07,5,15,External
CBRE,RMD,-0.4415643368803142,63,0.00032732227652493826,5,1,External
CBRE,RTX,0.41600007318935944,63,0.0007717402289728859,5,15,External
CBRE,SLB,0.48877309617016595,63,5.5610932961240596e-05,5,11,External
CBRE,SNA,0.5761869373353642,63,9.568035797868126e-07,5,15,External
CBRE,SPG,0.5098684664973033,63,2.3070079031378726e-05,5,15,External
CBRE,STT,0.48492848859175963,63,6.488375711283695e-05,5,5,Internal
CBRE,SWK,0.49057237655783587,63,5.170586056243622e-05,5,5,Internal
CBRE,SYF,0.5442990616977939,63,4.810978333031197e-06,5,5,Internal
CBRE,T,0.4043860622347209,63,0.001114988924330303,5,5,Internal
CBRE,TDG,0.4383596876692895,63,0.0003658381811402153,5,5,Internal
CBRE,TFC,0.4528606301944404,63,0.0002191937834699679,5,5,Internal
CBRE,TJX,0.4044483883745145,63,0.0011128282640046816,5,15,External
CBRE,TMO,-0.42255577407937633,63,0.0006233307215511047,5,1,External
CBRE,TPR,0.5917583361129192,63,4.0791823971818884e-07,5,15,External
CBRE,TRMB,0.5426467342475443,63,5.207617251711897e-06,5,5,Internal
CBRE,TRV,0.5595775953458616,63,2.265970218019001e-06,5,5,Internal
CBRE,TT,0.44082551929465463,63,0.0003358584103885174,5,20,External
CBRE,TTWO,-0.4764785976959901,63,9.048252328016355e-05,5,1,External
CBRE,TXT,0.511884519834362,63,2.1144354799771634e-05,5,5,Internal
CBRE,UAL,0.5065918914766311,63,2.654994766909022e-05,5,5,Internal
CBRE,ULTA,0.4118071286903375,63,0.0008827183959892348,5,15,External
CBRE,URI,0.4522386114500063,63,0.00022416901098555014,5,15,External
CBRE,USB,0.5423499997826663,63,5.282001437234012e-06,5,5,Internal
CBRE,VICI,0.43840474350226477,63,0.0003652692013936886,5,5,Internal
CBRE,VMC,0.4708882384435559,63,0.00011221827483237398,5,5,Internal
CBRE,VRSN,-0.6176041369159591,63,8.936949309492232e-08,5,1,External
CBRE,VRTX,-0.5946449897776876,63,3.4656390419537077e-07,5,1,External
CBRE,WAB,0.5323407650546352,63,8.456207851590369e-06,5,15,External
CBRE,WBD,0.4705621541274669,63,0.00011362337759014353,5,15,External
CBRE,WFC,0.4622096047394799,63,0.00015561657217561095,5,5,Internal
CBRE,WMT,-0.4296100012322728,63,0.0004929514898621171,5,1,External
CBRE,WRB,0.5423806549823222,63,5.2742712597808615e-06,5,5,Internal
CBRE,WY,0.4546968678986758,63,0.000205089997193331,5,15,External
CBRE,WYNN,0.4454768435793155,63,0.00028532647017182224,5,15,External
CBRE,XOM,0.4310195813604262,63,0.000470081992634312,5,11,External
CBRE,XYL,0.40609288216592765,63,0.0010571643577357826,5,20,External
CCI,CHD,0.4295281482218525,63,0.0004943100503177558,7,1,External
CCI,DLR,0.4634674918380864,63,0.00014849437749019055,7,7,Internal
CCI,EQIX,0.7247469605550656,63,2.7445507834034968e-11,7,7,Internal
CCI,EW,0.4376556756262729,63,0.0003748341965097504,7,1,External
CCI,GPC,-0.40200250552735267,63,0.0012005102898747923,7,15,External
CCI,GRMN,0.4256931556518939,63,0.0005619069658954491,7,7,Internal
CCI,HLT,-0.4038576983995029,63,0.001133458116290807,7,15,External
CCI,ICE,0.46036507981262886,63,0.00016662806324050606,7,1,External
CCI,KLAC,-0.413549677954027,63,0.0008349555050269994,7,0,External
CCI,LNT,0.49563278150794804,63,4.203919545217662e-05,7,7,Internal
CCI,MAR,-0.4010558056787498,63,0.0012360847541012217,7,15,External
CCI,MU,-0.4151075150281315,63,0.0007942468485083107,7,0,External
CCI,NEE,0.43581763356956577,63,0.00039927898599489937,7,7,Internal
CCI,OMC,-0.42680129366183467,63,0.0005415606020591125,7,5,External
CCI,ON,-0.41636947690350123,63,0.0007625954309585914,7,0,External
CCI,PGR,0.4168075193974673,63,0.0007518785767713225,7,7,Internal
CCI,SBAC,0.7579780052739363,63,9.826540514172172e-13,7,7,Internal
CCI,WM,0.40568922408675245,63,0.001070590058063325,7,7,Internal
CCI,XEL,0.47952585609929715,63,8.033685280779034e-05,7,7,Internal
CCL,CDNS,-0.40067343015878054,63,0.001250720368367568,15,1,External
CCL,CHD,-0.4662693860580517,63,0.00013369218222816437,15,1,External
CCL,CLX,-0.5020252020940699,63,3.221548408197159e-05,15,1,External
CCL,COF,0.5199874465599786,63,1.4811700594505379e-05,15,5,External
CCL,COST,-0.41339814764998756,63,0.0008390141849421103,15,1,External
CCL,CPT,0.42721227670094053,63,0.0005341862714648243,15,15,Internal
CCL,DAL,0.7113230624660776,63,9.2196356026917e-11,15,5,External
CCL,DOC,0.48921235186747475,63,5.463324975568992e-05,15,15,Internal
CCL,DOW,0.44468923804053634,63,0.00029336226151114225,15,5,External
CCL,DPZ,-0.5293122752480525,63,9.721634233555659e-06,15,1,External
CCL,DRI,0.5245804244983086,63,1.2056144908165863e-05,15,15,Internal
CCL,EQR,0.40210870511842167,63,0.001196577649193631,15,15,Internal
CCL,ESS,0.40011942849500404,63,0.001272201736972386,15,15,Internal
CCL,EXPE,0.5048101154714224,63,2.864052660045593e-05,15,15,Internal
CCL,F,0.5160682751472032,63,1.7614419162109232e-05,15,5,External
CCL,FRT,0.6177121708582328,63,8.877849506489122e-08,15,15,Internal
CCL,GE,0.4934586207080674,63,4.5967020169228276e-05,15,5,External
CCL,GM,0.5005779963336954,63,3.423227325592098e-05,15,15,Internal
CCL,GPC,0.45445813206931834,63,0.00020687546644613102,15,15,Internal
CCL,HIG,0.44431789036460884,63,0.00029722225140870395,15,5,External
CCL,HLT,0.48829317238071385,63,5.669757886832543e-05,15,15,Internal
CCL,HST,0.6023380920439616,63,2.226909607405894e-07,15,15,Internal
CCL,IDXX,-0.4039280826709325,63,0.0011309819950774587,15,1,External
CCL,INTU,-0.4011081589324026,63,0.0012340929492160424,15,1,External
CCL,IR,0.4089796684167117,63,0.0009654902298110606,15,15,Internal
CCL,IRM,0.4791819193246142,63,8.14270721049032e-05,15,15,Internal
CCL,JBL,0.435855134353405,63,0.0003987660804422824,15,15,Internal
CCL,JCI,0.4384083566837875,63,0.00036522360789912586,15,5,External
CCL,KEY,0.4342016337833457,63,0.00042196030116971463,15,5,External
CCL,KEYS,-0.43784620418906134,63,0.00037237990338759026,15,0,External
CCL,KIM,0.6208572978016611,63,7.310391579479088e-08,15,15,Internal
CCL,L,0.4915466794479357,63,4.969852769851257e-05,15,5,External
CCL,LUV,0.5391521907632706,63,6.149027837818719e-06,15,5,External
CCL,LW,0.48443126122039376,63,6.618199584041653e-05,15,15,Internal
CCL,LYB,0.4434940882193667,63,0.00030595130904822944,15,5,External
CCL,LYV,0.6162709262950421,63,9.69749987836949e-08,15,15,Internal
CCL,MAR,0.5269691400883246,63,1.0819295921409138e-05,15,15,Internal
CCL,MET,0.5653726154927854,63,1.6862678116560658e-06,15,5,External
CCL,MGM,0.41424824558642603,63,0.000816473191716647,15,15,Internal
CCL,MHK,0.6012293084582833,63,2.375188543642428e-07,15,15,Internal
CCL,MTB,0.42182808929520443,63,0.0006384200392258221,15,5,External
CCL,NCLH,0.8363707838116584,63,2.632282643749282e-17,15,15,Internal
CCL,OMC,0.45355247360524575,63,0.00021377887191288076,15,5,External
CCL,OTIS,0.4156319584533654,63,0.0007809516959623582,15,15,Internal
CCL,PFG,0.6327982737176483,63,3.427437521490403e-08,15,5,External
CCL,PH,0.4727780285792652,63,0.00010438480063567826,15,15,Internal
CCL,PNR,0.5102133486296432,63,2.2729523805082756e-05,15,20,External
CCL,PRU,0.551060627114883,63,3.46352761316616e-06,15,5,External
CCL,PSKY,0.49541706693201365,63,4.241456110790416e-05,15,5,External
CCL,RCL,0.8382370712309036,63,1.9194930645863726e-17,15,15,Internal
CCL,REG,0.6049370784119018,63,1.912772595429568e-07,15,15,Internal
CCL,REGN,-0.5028241550470101,63,3.1149776266082104e-05,15,1,External
CCL,RMD,-0.4001687510425299,63,0.0012702758877730402,15,1,External
CCL,SPG,0.7369428533814036,63,8.569949023417141e-12,15,15,Internal
CCL,STZ,0.4327904595060199,63,0.0004427190670044473,15,15,Internal
CCL,SYF,0.48230530744323336,63,7.200746684122429e-05,15,5,External
CCL,SYY,0.47806270182868926,63,8.506981578746523e-05,15,15,Internal
CCL,TDG,0.44939406505461205,63,0.00024826430033622767,15,5,External
CCL,TFC,0.4315067854580006,63,0.0004624045745300072,15,5,External
CCL,TMO,-0.4755076201472811,63,9.395511418656284e-05,15,1,External
CCL,TPR,0.6276092584247381,63,4.782311418439614e-08,15,15,Internal
CCL,TSN,0.4120522793521738,63,0.0008758529729463596,15,5,External
CCL,TXT,0.48981828382354087,63,5.3310610289638916e-05,15,5,External
CCL,UAL,0.7087140754596382,63,1.1576002902368908e-10,15,5,External
CCL,UDR,0.47614781434010395,63,9.165203837600022e-05,15,15,Internal
CCL,UHS,0.40979656579634205,63,0.0009408846753769201,15,15,Internal
CCL,VLO,0.44920031603170185,63,0.00024998860463400815,15,11,External
CCL,VRSK,-0.44524513802955207,63,0.00028766939863287324,15,1,External
CCL,VRTX,-0.4626763971793582,63,0.0001529378062284261,15,1,External
CCL,VTR,0.5054665408960838,63,2.785321000433865e-05,15,15,Internal
CCL,WAB,0.4648220053206091,63,0.0001411604184216218,15,15,Internal
CCL,WELL,0.4252630208202908,63,0.0005699897441441108,15,15,Internal
CCL,WFC,0.4081614556212621,63,0.0009907160855607698,15,5,External
CCL,WMT,-0.4797941850236226,63,7.949565107018396e-05,15,1,External
CCL,WST,-0.4318783133568353,63,0.0004566268069017412,15,1,External
CCL,WYNN,0.43487950669598796,63,0.00041230699818171993,15,15,Internal
CDNS,CFG,-0.559495271073445,63,2.2754107037078525e-06,1,5,External
CDNS,COF,-0.5235091473337286,63,1.2652482700153597e-05,1,5,External
CDNS,COST,0.4789960746682382,63,8.202182190969758e-05,1,1,Internal
CDNS,DAL,-0.45245620141842074,63,0.00022241698669996215,1,5,External
CDNS,DE,-0.440767129880375,63,0.0003365416075434024,1,5,External
CDNS,DOW,-0.45468534560235924,63,0.00020517584571411282,1,5,External
CDNS,DPZ,0.508770348887425,63,2.4186191499088588e-05,1,1,Internal
CDNS,EA,0.44217687486751256,63,0.0003203956826305897,1,1,Internal
CDNS,ELV,0.43045095728377664,63,0.00047918887261656393,1,1,Internal
CDNS,ETN,-0.4291222225273973,63,0.0005010978348948955,1,20,External
CDNS,F,-0.5007215918373689,63,3.4027062289594284e-05,1,5,External
CDNS,FITB,-0.5952758456085391,63,3.34364758125734e-07,1,5,External
CDNS,FRT,-0.463707534640218,63,0.00014716971370618717,1,15,External
CDNS,GD,-0.45039812552683184,63,0.0002395013523248684,1,5,External
CDNS,GE,-0.5526185898384077,63,3.207681855910671e-06,1,5,External
CDNS,GEN,0.4273651259594042,63,0.000531467018054538,1,1,Internal
CDNS,GL,-0.5819229127096954,63,7.025393873576386e-07,1,5,External
CDNS,GS,-0.548134817059249,63,3.996271247978781e-06,1,5,External
CDNS,HBAN,-0.5292917082085262,63,9.730800887446336e-06,1,5,External
CDNS,HIG,-0.4768143039472055,63,8.93096602582244e-05,1,5,External
CDNS,HON,-0.4852413154434839,63,6.407905938518387e-05,1,20,External
CDNS,INTC,0.4641625711938486,63,0.00014468833046941593,1,0,External
CDNS,INTU,0.5688716918926398,63,1.406870918987522e-06,1,1,Internal
CDNS,IP,-0.5468581057986087,63,4.2519253140001965e-06,1,5,External
CDNS,JPM,-0.6498753735519842,63,1.0947656774819603e-08,1,5,External
CDNS,KEY,-0.645591675203151,63,1.4674356500578648e-08,1,5,External
CDNS,KIM,-0.48449881792191646,63,6.60042131279375e-05,1,15,External
CDNS,L,-0.4320944375540689,63,0.0004532960583727951,1,5,External
CDNS,LYB,-0.4780935450914239,63,8.496745105522934e-05,1,5,External
CDNS,MET,-0.5816859172131197,63,7.116465553906634e-07,1,5,External
CDNS,MHK,-0.4205221565571938,63,0.0006663326129335849,1,15,External
CDNS,MLM,-0.43261604631394524,63,0.00044534821888593144,1,5,External
CDNS,MPWR,0.40910321886918477,63,0.0009617319101198429,1,0,External
CDNS,MS,-0.5069980258167169,63,2.6093649736432092e-05,1,5,External
CDNS,MSFT,0.5730925457376008,63,1.1275635534419583e-06,1,1,Internal
CDNS,MTB,-0.5979320087905963,63,2.8729498465712244e-07,1,5,External
CDNS,MTCH,0.41784368871877153,63,0.0007270687836685349,1,1,Internal
CDNS,NOW,0.446718546998674,63,0.00027306497158687747,1,1,Internal
CDNS,NTRS,-0.4385307517915151,63,0.0003636822055856438,1,5,External
CDNS,NVDA,0.5025849453598277,63,3.146537913075726e-05,1,1,Internal
CDNS,OXY,-0.4448450539075654,63,0.00029175629796024605,1,11,External
CDNS,PCAR,-0.4323958597284466,63,0.0004486876495605115,1,20,External
CDNS,PFG,-0.5874665524950818,63,5.182691579912491e-07,1,5,External
CDNS,PH,-0.43426236542944263,63,0.0004210871344401692,1,15,External
CDNS,PKG,-0.45610109141968264,63,0.0001948704162787726,1,20,External
CDNS,PNC,-0.568854190132668,63,1.4081535400409307e-06,1,5,External
CDNS,PNR,-0.4338237874728721,63,0.000427429885217449,1,20,External
CDNS,PRU,-0.5662937327155767,63,1.60806614413244e-06,1,5,External
CDNS,PYPL,0.4405228372199905,63,0.0003394137656972384,1,1,Internal
CDNS,RF,-0.5565986282940004,63,2.6319897358597623e-06,1,5,External
CDNS,RJF,-0.4853332550213632,63,6.384431547124782e-05,1,5,External
CDNS,SNPS,0.7758909026754486,63,1.2972085606187658e-13,1,1,Internal
CDNS,SPG,-0.5367052161651255,63,6.900199300263538e-06,1,15,External
CDNS,STT,-0.4276743968069063,63,0.0005260033683470423,1,5,External
CDNS,T,-0.4880416418167519,63,5.7274890731852135e-05,1,5,External
CDNS,TDG,-0.4749483938036142,63,9.601036327354018e-05,1,5,External
CDNS,TFC,-0.591540278132507,63,4.129453706186255e-07,1,5,External
CDNS,TPR,-0.5090723264813996,63,2.3874377514576215e-05,1,15,External
CDNS,TROW,-0.416439862090779,63,0.0007608641676093232,1,5,External
CDNS,TRV,-0.5209871594290302,63,1.4166322297976865e-05,1,5,External
CDNS,TSN,-0.40309117446440745,63,0.0011607424050455247,1,5,External
CDNS,TXT,-0.5110856183237583,63,2.18888912163145e-05,1,5,External
CDNS,TYL,0.4878590637812848,63,5.769733589731231e-05,1,1,Internal
CDNS,UAL,-0.4495506364313285,63,0.0002468788145885086,1,5,External
CDNS,USB,-0.6100811131299406,63,1.4099500138680993e-07,1,5,External
CDNS,VRSN,0.49214590447080037,63,4.849996514635255e-05,1,1,Internal
CDNS,WAB,-0.40713048161868143,63,0.0010233475383060046,1,15,External
CDNS,WFC,-0.6324144386191914,63,3.513683884567619e-08,1,5,External
CDNS,WRB,-0.4320539041413814,63,0.00045391904145021316,1,5,External
CDW,CPRT,0.41359596137659127,63,0.0008337193647915341,15,15,Internal
CDW,CTVA,0.4051971410729182,63,0.0010871645669233048,15,15,Internal
CDW,DHR,-0.4956728538596195,63,4.1969804562359604e-05,15,1,External
CDW,EQR,0.40690309924376483,63,0.001030673628884245,15,15,Internal
CDW,EXPE,0.4655151705452222,63,0.0001375372964783819,15,15,Internal
CDW,F,0.45434515413323795,63,0.0002077253608577125,15,5,External
CDW,FRT,0.4133036656458557,63,0.0008415538660597614,15,15,Internal
CDW,GM,0.4274335845430804,63,0.0005302531912352072,15,15,Internal
CDW,HPE,0.4709794968161523,63,0.00011182791128157971,15,5,External
CDW,HST,0.5905927642091732,63,4.3547339158655225e-07,15,15,Internal
CDW,HWM,0.4513908515249597,63,0.00023111621382988619,15,5,External
CDW,IDXX,-0.4186729581191762,63,0.0007077494821442708,15,1,External
CDW,KIM,0.4306414125633758,63,0.0004761209027098694,15,15,Internal
CDW,LUV,0.41898717355480225,63,0.0007005515587080877,15,5,External
CDW,MAR,0.40108060035479026,63,0.001235141068296363,15,15,Internal
CDW,MLM,0.5024885113677902,63,3.159344518445405e-05,15,5,External
CDW,MOS,0.46169620702361425,63,0.00015861243312520373,15,5,External
CDW,NCLH,0.43065471089833485,63,0.00047590735333977955,15,15,Internal
CDW,NVDA,-0.509354582653321,63,2.358630094364618e-05,15,1,External
CDW,PRU,0.45901729310567396,63,0.00017512083244527291,15,5,External
CDW,SNA,0.43801972306281184,63,0.0003701574670761388,15,15,Internal
CDW,SPG,0.48673698209115696,63,6.0357362399425334e-05,15,15,Internal
CDW,STZ,0.4755055349081329,63,9.396270200210973e-05,15,15,Internal
CDW,UAL,0.4337690814903624,63,0.00042822711563684026,15,5,External
CDW,VRSN,-0.40255176328609693,63,0.0011802957404751224,15,1,External
CDW,VRTX,-0.47054245696206254,63,0.00011370876867813537,15,1,External
CDW,WAB,0.44682315839567777,63,0.0002720542658985567,15,15,Internal
CDW,WBD,0.43341728066804047,63,0.00043338631804770207,15,15,Internal
CDW,ZBRA,0.46333558491172605,63,0.00014922694748781336,15,15,Internal
CF,CFG,0.5357980612708243,63,7.199778402921111e-06,5,5,Internal
CF,COF,0.45893779563798026,63,0.00017563394505598794,5,5,Internal
CF,CTVA,0.49557085283404967,63,4.214664225776967e-05,5,15,External
CF,DAL,0.43296661793891267,63,0.0004400779449249935,5,5,Internal
CF,DD,0.43711752593448727,63,0.0003818461680072938,5,5,Internal
CF,DE,0.4256683915586157,63,0.0005623694773016342,5,5,Internal
CF,DOC,0.41131417033433354,63,0.0008966710203506773,5,15,External
CF,DOV,0.4678459883793834,63,0.00012597121723712505,5,20,External
CF,DOW,0.575083571469718,63,1.0146973045799442e-06,5,5,Internal
CF,EA,-0.4300714082446643,63,0.0004853565261768035,5,1,External
CF,EG,0.42388680138549756,63,0.0005965645314929629,5,5,Internal
CF,F,0.4919003810514002,63,4.8987791938250455e-05,5,5,Internal
CF,FCX,0.47708702289986304,63,8.836717673548676e-05,5,5,Internal
CF,FITB,0.45499659289104233,63,0.0002028683718175835,5,5,Internal
CF,FRT,0.5901030144492982,63,4.4756556334105647e-07,5,15,External
CF,GD,0.5060031519485892,63,2.722454459161109e-05,5,5,Internal
CF,GL,0.4477112436516552,63,0.0002636106386018942,5,5,Internal
CF,GM,0.6402051771893741,63,2.1074326767882233e-08,5,15,External
CF,HBAN,0.4397741696613925,63,0.0003483556247339567,5,5,Internal
CF,HIG,0.6082178657758686,63,1.5756290286507965e-07,5,5,Internal
CF,HON,0.418488140553247,63,0.000712014423757034,5,20,External
CF,HPE,0.5252186090905013,63,1.1713425444810225e-05,5,5,Internal
CF,HSIC,0.4244947773315512,63,0.0005846889584282279,5,20,External
CF,HST,0.44118288218183344,63,0.0003317044946378694,5,15,External
CF,HUBB,0.46523248045409676,63,0.00013900446201404662,5,20,External
CF,HWM,0.47621071471072574,63,9.142858274181259e-05,5,5,Internal
CF,IEX,0.41779879600903463,63,0.0007281281331029954,5,20,External
CF,IP,0.4418110227979952,63,0.0003245164867725847,5,5,Internal
CF,IR,0.4732657889705415,63,0.00010244628710750017,5,15,External
CF,IRM,0.532379111739584,63,8.441216646848958e-06,5,15,External
CF,IT,0.49359078020898917,63,4.571890419964926e-05,5,5,Internal
CF,JBL,0.4676921673694444,63,0.00012670606877900243,5,15,External
CF,JCI,0.46940332605997254,63,0.00011874865431514182,5,5,Internal
CF,JPM,0.42084115777050624,63,0.0006594141835645801,5,5,Internal
CF,KEY,0.5320726510491935,63,8.561718686990011e-06,5,5,Internal
CF,KIM,0.6450245361905621,63,1.524949812489016e-08,5,15,External
CF,L,0.40959571851852333,63,0.0009468812816257128,5,5,Internal
CF,LUV,0.5422744299559509,63,5.30110268822876e-06,5,5,Internal
CF,LW,0.43028154566653176,63,0.00048193294684199155,5,15,External
CF,LYB,0.5875290023932705,63,5.164794537461298e-07,5,5,Internal
CF,LYV,0.42785841199615804,63,0.000522776767970553,5,15,External
CF,MET,0.5830518236756325,63,6.606399326753342e-07,5,5,Internal
CF,MHK,0.4699411910952888,63,0.00011634392758171011,5,15,External
CF,MLM,0.45598252042216214,63,0.0001957149686936638,5,5,Internal
CF,MOS,0.6987053955313007,63,2.7100518057749285e-10,5,5,Internal
CF,MSFT,-0.49108421850464457,63,5.064217593345437e-05,5,1,External
CF,MTB,0.473238805993558,63,0.00010255265477193653,5,5,Internal
CF,NFLX,-0.46674264066400933,63,0.0001313301089659488,5,1,External
CF,NUE,0.5536506022173843,63,3.04805048449757e-06,5,5,Internal
CF,NVDA,-0.5357828406003045,63,7.204906721014981e-06,5,1,External
CF,NWS,0.41086853329936696,63,0.0009094553775425777,5,15,External
CF,O,0.4622863204821669,63,0.00015517339191529973,5,15,External
CF,PFG,0.5333034796160429,63,8.087247760110326e-06,5,5,Internal
CF,PHM,0.4157666153715156,63,0.0007775706538012101,5,15,External
CF,PPG,0.653159828840775,63,8.71758108468122e-09,5,5,Internal
CF,PRU,0.5888208781365972,63,4.807335926324373e-07,5,5,Internal
CF,REG,0.5812476231943409,63,7.287818123590411e-07,5,15,External
CF,RF,0.5416292326648487,63,5.466828181819497e-06,5,5,Internal
CF,RL,0.49170743008802614,63,4.937433942603721e-05,5,15,External
CF,SLB,0.42363598377898043,63,0.0006015271684325157,5,11,External
CF,SNA,0.47897924962788585,63,8.207586330291305e-05,5,15,External
CF,SPG,0.514832991705412,63,1.8595104602906537e-05,5,15,External
CF,SWK,0.581464462485211,63,7.202565758594556e-07,5,5,Internal
CF,SYF,0.49419419738364817,63,4.460169585652703e-05,5,5,Internal
CF,TEL,0.5622055949324343,63,1.983167885818671e-06,5,15,External
CF,TFC,0.4872853888099465,63,5.904347675691978e-05,5,5,Internal
CF,TMO,-0.40076941081298717,63,0.0012470320767943817,5,1,External
CF,TPR,0.5464782534880868,63,4.330886418254904e-06,5,15,External
CF,TRMB,0.42923909322877146,63,0.0004991349240532732,5,5,Internal
CF,TRV,0.5053216173051028,63,2.802528658099716e-05,5,5,Internal
CF,TT,0.4041665655376151,63,0.0011226283467130327,5,20,External
CF,TXT,0.5848321303270646,63,5.992998802708004e-07,5,5,Internal
CF,UAL,0.43621529561597155,63,0.00039387054188712024,5,5,Internal
CF,USB,0.45267371856165356,63,0.0002206780769084075,5,5,Internal
CF,VICI,0.40938397418994554,63,0.0009532405754883398,5,5,Internal
CF,VLO,0.43069387821685284,63,0.0004752788964129819,5,11,External
CF,VRSN,-0.564124436585692,63,1.7979291570376728e-06,5,1,External
CF,VRTX,-0.4207294699861963,63,0.0006618290035723213,5,1,External
CF,VTR,0.4342790936598235,63,0.0004208469139895251,5,15,External
CF,WAB,0.6675196366093091,63,3.1143707732526175e-09,5,15,External
CF,WRB,0.4063342286434264,63,0.0010492098533839633,5,5,Internal
CF,ZBH,0.41827238353510005,63,0.0007170227710251324,5,1,External
CF,ZBRA,0.4101193960191496,63,0.0009313178915653425,5,15,External
CFG,CHD,-0.42947834582025696,63,0.000495138312635921,5,1,External
CFG,CL,-0.5125925481664025,63,2.050421300389116e-05,5,1,External
CFG,CLX,-0.40280646619482646,63,0.0011710262512623878,5,1,External
CFG,COF,0.7254730384830529,63,2.5652603884888164e-11,5,5,Internal
CFG,COST,-0.5596413328405466,63,2.2586863395811287e-06,5,1,External
CFG,CSX,0.4164833092368595,63,0.0007597972747819285,5,20,External
CFG,DAL,0.48305936752007855,63,6.988919441997321e-05,5,5,Internal
CFG,DD,0.5219064807369278,63,1.359600005481643e-05,5,5,Internal
CFG,DE,0.5799343922651331,63,7.824704542341769e-07,5,5,Internal
CFG,DIS,0.4233202788371209,63,0.0006078268702390176,5,5,Internal
CFG,DOC,0.43387661599878063,63,0.0004266612969207184,5,15,External
CFG,DOV,0.4811188099137864,63,7.546062408256523e-05,5,20,External
CFG,DOW,0.5270679546170736,63,1.0770768013565815e-05,5,5,Internal
CFG,DRI,0.40986470566843863,63,0.0009388580562748793,5,15,External
CFG,EA,-0.593706770415053,63,3.65483044847165e-07,5,1,External
CFG,ELV,-0.4384146385079394,63,0.0003651443520652709,5,1,External
CFG,EMR,0.5532513400824212,63,3.1089066187682293e-06,5,20,External
CFG,EOG,0.41952063091603137,63,0.0006884829999473794,5,11,External
CFG,ETN,0.4925694258031506,63,4.766901004794215e-05,5,20,External
CFG,EXPE,0.40158184752073567,63,0.0012162021137878426,5,15,External
CFG,F,0.5022584318084549,63,3.19009465666181e-05,5,5,Internal
CFG,FCX,0.43176144580735515,63,0.00045843714047761426,5,5,Internal
CFG,FDX,0.4090157297258585,63,0.0009643919021320143,5,20,External
CFG,FITB,0.902896190379593,63,1.1307956692057725e-23,5,5,Internal
CFG,FRT,0.5474004403271845,63,4.141515343188041e-06,5,15,External
CFG,FTV,0.48538905702213964,63,6.370222656122912e-05,5,20,External
CFG,GD,0.5149190799187391,63,1.8525150208542063e-05,5,5,Internal
CFG,GE,0.5319269128322828,63,8.619584002619542e-06,5,5,Internal
CFG,GL,0.6854621497462725,63,7.929497220565662e-10,5,5,Internal
CFG,GM,0.5770673423226302,63,9.128463967807522e-07,5,15,External
CFG,GS,0.6630804879947162,63,4.306746474630596e-09,5,5,Internal
CFG,HBAN,0.8483578383784643,63,3.2208358917519908e-18,5,5,Internal
CFG,HIG,0.6178486933559216,63,8.80369221488919e-08,5,5,Internal
CFG,HON,0.6219715586575465,63,6.820668686172449e-08,5,20,External
CFG,HPE,0.40500602517950823,63,0.0010936639034682524,5,5,Internal
CFG,HST,0.4616059343173399,63,0.00015914464203949924,5,15,External
CFG,HUM,-0.4069066325533804,63,0.0010305594274408426,5,1,External
CFG,HWM,0.4917956085790718,63,4.919733920317827e-05,5,5,Internal
CFG,INTU,-0.4496088726084545,63,0.0002463652937784091,5,1,External
CFG,IP,0.5841619475725147,63,6.217345998185908e-07,5,5,Internal
CFG,IR,0.46291023719971686,63,0.00015161183853185133,5,15,External
CFG,IRM,0.4410169610069964,63,0.0003336272682853823,5,15,External
CFG,IT,0.5395850652158647,63,6.024357697489662e-06,5,5,Internal
CFG,JBL,0.4047762892457565,63,0.0011015229379300775,5,15,External
CFG,JCI,0.46632909728143185,63,0.0001333920209163433,5,5,Internal
CFG,JNJ,-0.46563041800731036,63,0.00013694324993705602,5,1,External
CFG,JPM,0.8347390147538609,63,3.458159327359829e-17,5,5,Internal
CFG,KEY,0.8973292931734201,63,5.547560128341795e-23,5,5,Internal
CFG,KIM,0.6018242912626943,63,2.2945031272222246e-07,5,15,External
CFG,KMB,-0.4893298028486279,63,5.437453261212729e-05,5,1,External
CFG,KMI,0.4215157067894203,63,0.0006449985996462922,5,11,External
CFG,L,0.48015306091770066,63,7.838326804093714e-05,5,5,Internal
CFG,LKQ,0.5119698188889168,63,2.1066263933700607e-05,5,15,External
CFG,LUV,0.5391605643346914,63,6.146593558268382e-06,5,5,Internal
CFG,LVS,0.4147384597557804,63,0.0008037251114500862,5,15,External
CFG,LYB,0.5690618785861984,63,1.3930034271942605e-06,5,5,Internal
CFG,LYV,0.43785043165067183,63,0.00037232561375024405,5,15,External
CFG,MET,0.7999049741654796,63,6.2911872691408485e-15,5,5,Internal
CFG,MGM,0.4076502042579888,63,0.0010067785216273928,5,15,External
CFG,MHK,0.5958269255276865,63,3.2403985992886803e-07,5,15,External
CFG,MLM,0.4545822052724338,63,0.00020594577380992195,5,5,Internal
CFG,MOS,0.5875739214849756,63,5.151957431915389e-07,5,5,Internal
CFG,MPC,0.40231415133347864,63,0.0011890027461597427,5,11,External
CFG,MS,0.5612729449307635,63,2.0795174106450342e-06,5,5,Internal
CFG,MSFT,-0.6978569697972997,63,2.9080425864804765e-10,5,1,External
CFG,MTB,0.8315527655955913,63,5.842407120384593e-17,5,5,Internal
CFG,NCLH,0.42739185316915734,63,0.0005309928227889857,5,15,External
CFG,NFLX,-0.4046790598761583,63,0.0011048643566106432,5,1,External
CFG,NTRS,0.6523823577218376,63,9.202829576072896e-09,5,5,Internal
CFG,NUE,0.5530816536624963,63,3.1351127469621614e-06,5,5,Internal
CFG,NVDA,-0.5805261968839955,63,7.578320509883256e-07,5,1,External
CFG,NWS,0.44155567547677904,63,0.00032742119158147144,5,15,External
CFG,NWSA,0.4550622841231703,63,0.00020238440725075355,5,15,External
CFG,OMC,0.4635334662377617,63,0.00014812921533931492,5,5,Internal
CFG,PCAR,0.4921344710947878,63,4.8522581963050125e-05,5,20,External
CFG,PFG,0.6613855053290425,63,4.8672333777561155e-09,5,5,Internal
CFG,PH,0.6325785564369399,63,3.476559254509406e-08,5,15,External
CFG,PKG,0.466722185186429,63,0.00013143140724517042,5,20,External
CFG,PNC,0.8305425027740138,63,6.88358177347087e-17,5,5,Internal
CFG,PNR,0.4796487372362233,63,7.995061234817945e-05,5,20,External
CFG,PPG,0.4846264622983206,63,6.566950484122804e-05,5,5,Internal
CFG,PRU,0.7124510768615053,63,8.349129331450424e-11,5,5,Internal
CFG,PSKY,0.4964463663535733,63,4.065093500267916e-05,5,5,Internal
CFG,REG,0.5530254760384713,63,3.143834125822524e-06,5,15,External
CFG,RF,0.8902748066693802,63,3.669907440834041e-22,5,5,Internal
CFG,RJF,0.6725476006253803,63,2.1429744629322727e-09,5,5,Internal
CFG,RL,0.5461038116721011,63,4.410060812512518e-06,5,15,External
CFG,SCHW,0.5163873224771248,63,1.7369050161416385e-05,5,5,Internal
CFG,SLB,0.45812968555016176,63,0.0001809285958186585,5,11,External
CFG,SNA,0.4897091644728701,63,5.3546593628020314e-05,5,15,External
CFG,SNPS,-0.4987864371737341,63,3.6890712832711784e-05,5,1,External
CFG,SPG,0.5186087546544872,63,1.5746618212580203e-05,5,15,External
CFG,STT,0.5555934355434444,63,2.7674867617127235e-06,5,5,Internal
CFG,SWK,0.49163630801766284,63,4.951753071247796e-05,5,5,Internal
CFG,SYF,0.7034562812190895,63,1.8177025231034441e-10,5,5,Internal
CFG,SYY,0.49752879304293496,63,3.886960930166885e-05,5,15,External
CFG,T,0.49836673692577543,63,3.75405024204015e-05,5,5,Internal
CFG,TDG,0.45997723854301525,63,0.0001690324187302411,5,5,Internal
CFG,TECH,-0.4400201874295869,63,0.00034539385250971516,5,1,External
CFG,TEL,0.5228608441636131,63,1.3026568296147134e-05,5,15,External
CFG,TFC,0.8842788663119678,63,1.6567951716029382e-21,5,5,Internal
CFG,TMO,-0.4013721589724661,63,0.001224092879887324,5,1,External
CFG,TPR,0.44498548720600245,63,0.00029031575968522665,5,15,External
CFG,TRV,0.5508655248793123,63,3.4968772931598364e-06,5,5,Internal
CFG,TSN,0.44202238571125346,63,0.00032212992635102154,5,5,Internal
CFG,TTWO,-0.44125985019626773,63,0.00033081598813653146,5,1,External
CFG,TXT,0.6857131472019112,63,7.773843742051399e-10,5,5,Internal
CFG,UAL,0.4673225059926369,63,0.000128488186365621,5,5,Internal
CFG,USB,0.8509282630902587,63,2.004832570280502e-18,5,5,Internal
CFG,VICI,0.40725000104602604,63,0.0010195155735558028,5,5,Internal
CFG,VLO,0.4088929858587734,63,0.0009681349604167538,5,11,External
CFG,VMC,0.42653317270032165,63,0.0005464212266531126,5,5,Internal
CFG,VRSN,-0.4253292055658496,63,0.0005687392202425856,5,1,External
CFG,VRTX,-0.4397799169233451,63,0.0003482861710263986,5,1,External
CFG,VTRS,0.4487225683299704,63,0.00025428727820682,5,5,Internal
CFG,WAB,0.6016885005909008,63,2.3126871555013522e-07,5,15,External
CFG,WBD,0.46156275201073643,63,0.00015939980486112554,5,15,External
CFG,WFC,0.7699473781526419,63,2.591379766714761e-13,5,5,Internal
CFG,WMT,-0.47311684904700685,63,0.00010303468069950524,5,1,External
CFG,WRB,0.4300357694843841,63,0.0004859393436295648,5,5,Internal
CFG,WY,0.4000946907048936,63,0.0012731686379912034,5,15,External
CHD,CHTR,0.5260331470908093,63,1.1289158483795298e-05,1,1,Internal
CHD,CL,0.6146475730718003,63,1.0706008761797109e-07,1,1,Internal
CHD,CLX,0.6657088524927292,63,3.5569854349687423e-09,1,1,Internal
CHD,COF,-0.5861580055784974,63,5.571368897417463e-07,1,5,External
CHD,CPB,0.5571332913373566,63,2.5624711996437042e-06,1,1,Internal
CHD,CPRT,-0.44451089490547047,63,0.0002952103097517167,1,15,External
CHD,CTAS,-0.4436612584471914,63,0.0003041612719236074,1,15,External
CHD,DAL,-0.4607788327816977,63,0.00016409766766867825,1,5,External
CHD,DD,-0.5516884564102691,63,3.35821547863192e-06,1,5,External
CHD,DG,0.5085186655365173,63,2.4448952898452768e-05,1,1,Internal
CHD,DOC,-0.40525267459580405,63,0.0010852825599680577,1,15,External
CHD,DOV,-0.4153711690077991,63,0.000787537588630045,1,20,External
CHD,DOW,-0.4137174689989583,63,0.0008304820010340179,1,5,External
CHD,DRI,-0.42562850541475644,63,0.0005631151450698797,1,15,External
CHD,EA,0.5229280799363849,63,1.2987299243260752e-05,1,1,Internal
CHD,EMR,-0.5426879287860772,63,5.1973683662074225e-06,1,20,External
CHD,EQIX,0.496159191114717,63,4.1136041704145576e-05,1,7,External
CHD,EXPE,-0.45675164848375627,63,0.00019029574587588164,1,15,External
CHD,F,-0.40824695483606144,63,0.0009880525636788901,1,5,External
CHD,FCX,-0.40540294225023854,63,0.0010802047687399566,1,5,External
CHD,FITB,-0.4139331215614721,63,0.0008247642760743782,1,5,External
CHD,FRT,-0.5372590224460454,63,6.72306418781252e-06,1,15,External
CHD,GIS,0.46301845207855036,63,0.0001510017927627589,1,1,Internal
CHD,GL,-0.4155290501826146,63,0.0007835445340949893,1,5,External
CHD,GLW,-0.4522759054791153,63,0.0002238678276338891,1,15,External
CHD,GM,-0.5944130440609533,63,3.51153444130119e-07,1,15,External
CHD,HBAN,-0.560999672963717,63,2.1085675305594443e-06,1,5,External
CHD,HIG,-0.5040083698935602,63,2.963009476571662e-05,1,5,External
CHD,HRL,0.4726628455422527,63,0.00010484747061576803,1,1,Internal
CHD,HST,-0.5548523094530151,63,2.8715352107948125e-06,1,15,External
CHD,HSY,0.5057283506612427,63,2.754482625052646e-05,1,1,Internal
CHD,IP,-0.4371668332526508,63,0.00038119876843735104,1,5,External
CHD,IR,-0.46414675092897456,63,0.0001447739525753844,1,15,External
CHD,JBL,-0.4318076910262401,63,0.000457720001340933,1,15,External
CHD,JNJ,0.5018408619708975,63,3.246611687480553e-05,1,1,Internal
CHD,JPM,-0.40675550097104096,63,0.001035454417358531,1,5,External
CHD,KEY,-0.48049167946536675,63,7.73468407591992e-05,1,5,External
CHD,KIM,-0.5440786924555489,63,4.862197633722486e-06,1,15,External
CHD,KMB,0.6338915206352315,63,3.192617937614789e-08,1,1,Internal
CHD,KR,0.4554680756780937,63,0.0001994181886044219,1,1,Internal
CHD,L,-0.4723680780099744,63,0.00010604010125074663,1,5,External
CHD,LKQ,-0.4090716367977265,63,0.0009626913566315935,1,15,External
CHD,LUV,-0.4263614045688171,63,0.0005495558987624159,1,5,External
CHD,LYB,-0.44970086373331514,63,0.0002455561141059228,1,5,External
CHD,LYV,-0.4280105753257101,63,0.0005201222607482977,1,15,External
CHD,MAR,-0.42476534050601455,63,0.0005794733512979356,1,15,External
CHD,MDLZ,0.5809760520161489,63,7.395924861134929e-07,1,1,Internal
CHD,MET,-0.4992712080976573,63,3.615313556390009e-05,1,5,External
CHD,MGM,-0.4580352191033712,63,0.00018155698337809074,1,15,External
CHD,MHK,-0.5277096320941828,63,1.0460533459467777e-05,1,15,External
CHD,MKC,0.40490426530211965,63,0.0010971387502022591,1,1,Internal
CHD,MTB,-0.537780149614268,63,6.560260326313579e-06,1,5,External
CHD,NCLH,-0.5033988925151105,63,3.040343438830374e-05,1,15,External
CHD,OMC,-0.43892032034743833,63,0.0003588154853858069,1,5,External
CHD,ON,-0.4528592684799039,63,0.00021920456394181536,1,0,External
CHD,PEP,0.5550545690609638,63,2.842782475157119e-06,1,1,Internal
CHD,PFG,-0.4852177311405417,63,6.413940395592741e-05,1,5,External
CHD,PG,0.6212953538115618,63,7.114033875070857e-08,1,1,Internal
CHD,PHM,-0.4082842909446459,63,0.0009868914753658389,1,15,External
CHD,PKG,-0.44310589139181156,63,0.0003101452082463852,1,20,External
CHD,PPG,-0.4235458382503266,63,0.0006033199001218905,1,5,External
CHD,PRU,-0.40742860281575816,63,0.0010138134613253667,1,5,External
CHD,REG,-0.5059802692156017,63,2.7251082203157964e-05,1,15,External
CHD,REGN,0.4405348926933237,63,0.00033927150651041145,1,1,Internal
CHD,RF,-0.48702059424368116,63,5.967454693307648e-05,1,5,External
CHD,RJF,-0.5201855087451138,63,1.468170875483373e-05,1,5,External
CHD,RL,-0.5583081755327952,63,2.415696368942208e-06,1,15,External
CHD,RMD,0.41242814666764605,63,0.0008654204945745655,1,1,Internal
CHD,ROL,0.410137771938098,63,0.0009307759889539654,1,1,Internal
CHD,RTX,-0.43276390964180383,63,0.0004431183737333488,1,15,External
CHD,SJM,0.5980573547335096,63,2.8523566396967466e-07,1,1,Internal
CHD,SNA,-0.5935444962399334,63,3.6885221261541115e-07,1,15,External
CHD,SPG,-0.45468807294567826,63,0.00020515552228081159,1,15,External
CHD,SYF,-0.6084625999132345,63,1.5528663335908654e-07,1,5,External
CHD,SYY,-0.4742108481647995,63,9.878422913419572e-05,1,15,External
CHD,TFC,-0.427112882449898,63,0.0005359613096488106,1,5,External
CHD,TPR,-0.43834377635445654,63,0.0003660393072698387,1,15,External
CHD,TTWO,0.40353674712016,63,0.0011448112174806512,1,1,Internal
CHD,TXT,-0.4161101326429517,63,0.0007690053234000317,1,5,External
CHD,TYL,0.4409455219316457,63,0.0003344582637793289,1,1,Internal
CHD,UAL,-0.45483783461569316,63,0.00020404236282398958,1,5,External
CHD,URI,-0.42489384294867,63,0.0005770110443952089,1,15,External
CHD,USB,-0.5397366893688633,63,5.981249367962201e-06,1,5,External
CHD,VICI,-0.4886262721941221,63,5.594131409762151e-05,1,5,External
CHD,VLO,-0.40518588557900975,63,0.0010875463690397083,1,11,External
CHD,VRSK,0.4201496725978633,63,0.0006744941533420043,1,1,Internal
CHD,VRSN,0.4103984937153987,63,0.0009231179639923318,1,1,Internal
CHD,VRTX,0.5581620041776686,63,2.433518965360321e-06,1,1,Internal
CHD,WAB,-0.4256501976334958,63,0.0005627094998221773,1,15,External
CHD,WBD,-0.4011522771547093,63,0.0012324166933130702,1,15,External
CHD,WDC,-0.4770137006294293,63,8.861966556255379e-05,1,0,External
CHD,WELL,-0.43384184465353653,63,0.0004271670344661555,1,15,External
CHD,WFC,-0.46288155159067507,63,0.00015177392815155609,1,5,External
CHD,WMT,0.4218358109995792,63,0.0006382581985251593,1,1,Internal
CHD,WY,-0.49663648169990654,63,4.0332701176450546e-05,1,15,External
CHRW,EXR,0.4518326199435718,63,0.00022747182781927784,1,7,External
CHRW,GOOG,-0.40717012066098923,63,0.0010220752163003996,1,1,Internal
CHRW,GOOGL,-0.4121242812310317,63,0.0008738457522308806,1,1,Internal
CHRW,NOC,0.42279518643523173,63,0.0006184374059810036,1,20,External
CHRW,SJM,0.442250880855176,63,0.00031956793673849817,1,1,Internal
CHRW,XYZ,-0.43526982830217875,63,0.0004068402121263808,1,1,Internal
CHTR,CLX,0.523602690120041,63,1.2599338426227044e-05,1,1,Internal
CHTR,JNJ,0.5063757323867165,63,2.679580955613927e-05,1,1,Internal
CHTR,LW,-0.4036799618106443,63,0.001139732647914093,1,15,External
CHTR,VRTX,0.44346303660093295,63,0.000306284862417598,1,1,Internal
CHTR,WY,-0.4421077190051518,63,0.00032117094768384336,1,15,External
CI,CNC,0.46394719156341,63,0.00014585800316609308,1,1,Internal
CI,CVS,0.6780006718636908,63,1.4169372673936007e-09,1,1,Internal
CI,ELV,0.689258282871078,63,5.862856166026855e-10,1,1,Internal
CI,GPC,0.4117866599088399,63,0.0008832938156983691,1,15,External
CI,UNH,0.5061273651267539,63,2.7080909073097607e-05,1,1,Internal
CINF,GD,0.4617485874079354,63,0.00015830436975353414,5,5,Internal
CINF,HIG,0.5122459434179852,63,2.0815304189998314e-05,5,5,Internal
CINF,IQV,-0.4080328277572685,63,0.0009947353821005876,5,1,External
CINF,MOS,0.4079118758177393,63,0.000998528240186791,5,5,Internal
CINF,MTB,0.4036819438110336,63,0.001139662506340283,5,5,Internal
CINF,PPG,0.40533599862553704,63,0.001082464252945955,5,5,Internal
CINF,PRU,0.4562638978716103,63,0.00019371622180304183,5,5,Internal
CINF,ROP,-0.5174742316602429,63,1.6556760086789328e-05,5,20,External
CINF,RTX,0.4009498890564819,63,0.0012401232530093688,5,15,External
CINF,T,0.4684969061254978,63,0.0001229047029487698,5,5,Internal
CINF,TRV,0.581152349442816,63,7.325574565213357e-07,5,5,Internal
CINF,WRB,0.5083531157971795,63,2.4623229509287746e-05,5,5,Internal
CL,CLX,0.48317231654984855,63,6.957689615954028e-05,1,1,Internal
CL,COF,-0.5602009148178496,63,2.1956714191211827e-06,1,5,External
CL,CTAS,-0.46428916604641784,63,0.00014400484822804825,1,15,External
CL,DD,-0.40416391195443835,63,0.001122720990539224,1,5,External
CL,EA,0.4737208652755759,63,0.00010066758086378962,1,1,Internal
CL,EQIX,0.4219691150467904,63,0.0006354701094905028,1,7,External
CL,ES,0.42337689499607667,63,0.0006066927448395183,1,7,External
CL,FITB,-0.4129620245134008,63,0.0008507952915734141,1,5,External
CL,GIS,0.4372084268657849,63,0.0003806534264684385,1,1,Internal
CL,GM,-0.5607482421048833,63,2.135630846381292e-06,1,15,External
CL,GS,-0.4215634292949087,63,0.0006439896368005734,1,5,External
CL,HBAN,-0.5523081459205622,63,3.2572087814925614e-06,1,5,External
CL,HRL,0.46553507500571595,63,0.00013743452964319988,1,1,Internal
CL,JNJ,0.44057977622688294,63,0.00033874234149443126,1,1,Internal
CL,JPM,-0.46190160958920695,63,0.00015740754453589934,1,5,External
CL,KEY,-0.4621407761264144,63,0.00015601517682514737,1,5,External
CL,KIM,-0.479725358640113,63,7.971064220673824e-05,1,15,External
CL,KMB,0.6778913627075334,63,1.428859482196603e-09,1,1,Internal
CL,LW,-0.42217490688171677,63,0.0006311875921107916,1,15,External
CL,LYB,-0.4250109004955193,63,0.000574776306385195,1,5,External
CL,MDLZ,0.4865341123053524,63,6.085019949754747e-05,1,1,Internal
CL,MET,-0.5007474400180489,63,3.399024403361343e-05,1,5,External
CL,MHK,-0.45058402270005143,63,0.0002379103011697669,1,15,External
CL,MTB,-0.49209881382006276,63,4.85931796253262e-05,1,5,External
CL,NSC,-0.44784282080977605,63,0.0002623802131446218,1,20,External
CL,NWS,-0.4031964086792246,63,0.001156961913609803,1,15,External
CL,OMC,-0.4065234935189059,63,0.0010430096987119504,1,5,External
CL,ON,-0.45564740904617435,63,0.00019812003949624103,1,0,External
CL,PEP,0.6058634815359151,63,1.8112613928308884e-07,1,1,Internal
CL,PFG,-0.44609559014057826,63,0.00027915503537546683,1,5,External
CL,PG,0.6317780949373364,63,3.661201074491784e-08,1,1,Internal
CL,PH,-0.42640199680335755,63,0.0005488136437815049,1,15,External
CL,PPG,-0.5538553778511716,63,3.017271974015774e-06,1,5,External
CL,PRU,-0.43295819192367335,63,0.0004402039480488581,1,5,External
CL,RF,-0.537800027361397,63,6.554123746040073e-06,1,5,External
CL,RJF,-0.4975450633099255,63,3.884339309230443e-05,1,5,External
CL,SJM,0.4118534438300536,63,0.000881417631647444,1,1,Internal
CL,SNA,-0.5375790236658495,63,6.6226530950451984e-06,1,15,External
CL,SYF,-0.5170918489546481,63,1.683841945247632e-05,1,5,External
CL,TEL,-0.43336629656675557,63,0.00043413867949267505,1,15,External
CL,TFC,-0.42683394601307967,63,0.0005409713538769112,1,5,External
CL,USB,-0.5017450107321512,63,3.259715038430139e-05,1,5,External
CL,VRTX,0.4340961666862553,63,0.0004234805659076037,1,1,Internal
CL,WAB,-0.4079715869239463,63,0.0009966541684426023,1,15,External
CL,WEC,0.45911597933704557,63,0.0001744857780510557,1,7,External
CL,WFC,-0.4779658305581997,63,8.539205763146138e-05,1,5,External
CL,WMT,0.5053659813908887,63,2.797250610467229e-05,1,1,Internal
CLX,COF,-0.4378974249574318,63,0.0003717226046815594,1,5,External
CLX,CPAY,-0.4441438175645987,63,0.00029904756770883435,1,20,External
CLX,CPB,0.4006815635353708,63,0.0012504074432388406,1,1,Internal
CLX,CTAS,-0.41465244036504545,63,0.0008059489513744723,1,15,External
CLX,DAL,-0.4674202238314693,63,0.00012801486922844362,1,5,External
CLX,DE,-0.42227273744450433,63,0.0006291609328928739,1,5,External
CLX,DOC,-0.4313626587174442,63,0.0004646637796153811,1,15,External
CLX,DOV,-0.40302381948560906,63,0.001163167937711462,1,20,External
CLX,DVN,-0.47170304572374133,63,0.00010877678205200344,1,11,External
CLX,EA,0.5321432250932443,63,8.533827466068773e-06,1,1,Internal
CLX,EMR,-0.47783168407570853,63,8.584015128781873e-05,1,20,External
CLX,EXPE,-0.46362648549120483,63,0.00014761576198448108,1,15,External
CLX,F,-0.44106118787512105,63,0.000333113755317639,1,5,External
CLX,FANG,-0.40132269055775716,63,0.0012259611247756653,1,11,External
CLX,FRT,-0.4753536569385166,63,9.45168776682341e-05,1,15,External
CLX,FTV,-0.41178496618651855,63,0.0008833414449065564,1,20,External
CLX,GE,-0.407935618517829,63,0.0009977826797563465,1,5,External
CLX,GIS,0.4131500889053622,63,0.0008456968466805721,1,1,Internal
CLX,GLW,-0.4287673661777444,63,0.0005071009060781583,1,15,External
CLX,GM,-0.5614788219766892,63,2.05787951703655e-06,1,15,External
CLX,HAL,-0.41549507261667507,63,0.0007844023284762445,1,11,External
CLX,HBAN,-0.5015677383152349,63,3.284078154401246e-05,1,5,External
CLX,HPE,-0.4011492884151698,63,0.0012325301846516537,1,5,External
CLX,HST,-0.5388416635981589,63,6.239938443439051e-06,1,15,External
CLX,HWM,-0.5008810613209328,63,3.380050052046229e-05,1,5,External
CLX,IR,-0.5946836487019566,63,3.4580446098397993e-07,1,15,External
CLX,JBL,-0.4129575537758829,63,0.0008509168310384645,1,15,External
CLX,JNJ,0.41267107968748706,63,0.0008587375820476751,1,1,Internal
CLX,KEY,-0.5106039186836081,63,2.234948556357651e-05,1,5,External
CLX,KIM,-0.4670154017320062,63,0.00012998619307896502,1,15,External
CLX,KMB,0.48736077670846706,63,5.886493847018977e-05,1,1,Internal
CLX,L,-0.43546400095860405,63,0.0004041453084907108,1,5,External
CLX,LW,-0.47000722338531814,63,0.00011605181013132901,1,15,External
CLX,LYV,-0.4061761987081578,63,0.0010544122154578146,1,15,External
CLX,MAR,-0.4396948015509447,63,0.0003493160531885682,1,15,External
CLX,MET,-0.41375198515434786,63,0.0008295644517012504,1,5,External
CLX,MHK,-0.40081520358500433,63,0.0012452758285942127,1,15,External
CLX,MKC,0.42493408135389454,63,0.000576241967968782,1,1,Internal
CLX,MSFT,0.4123572732190076,63,0.0008673790076404118,1,1,Internal
CLX,MTB,-0.47275329947039557,63,0.00010448397454702174,1,5,External
CLX,NCLH,-0.5048289442560476,63,2.8617659116495667e-05,1,15,External
CLX,OMC,-0.43374156301595246,63,0.00042862865366453007,1,5,External
CLX,ON,-0.43085559080509256,63,0.00047269212573917795,1,0,External
CLX,PEP,0.5314938782220812,63,8.793675968827066e-06,1,1,Internal
CLX,PFG,-0.4568160055833966,63,0.00018984857960962912,1,5,External
CLX,PNC,-0.4000340245498576,63,0.001275542633966566,1,5,External
CLX,RCL,-0.4805240493197206,63,7.724842873555207e-05,1,15,External
CLX,REG,-0.453503464000309,63,0.00021415839315626315,1,15,External
CLX,REGN,0.47403024114607223,63,9.947462535554169e-05,1,1,Internal
CLX,RF,-0.41201443827980194,63,0.0008769095503739318,1,5,External
CLX,RTX,-0.41279009472574657,63,0.0008554806146765813,1,15,External
CLX,SJM,0.40209419466625784,63,0.00119711429579088,1,1,Internal
CLX,SNA,-0.502565985396026,63,3.149052027811702e-05,1,15,External
CLX,SPG,-0.4462195408377829,63,0.0002779334921244877,1,15,External
CLX,SYF,-0.4374891020121822,63,0.00037699197662266693,1,5,External
CLX,SYY,-0.5234790002833771,63,1.2669654438036147e-05,1,15,External
CLX,TDG,-0.40280003371178147,63,0.0011712595415354194,1,5,External
CLX,TEL,-0.46711367620603816,63,0.00012950508966004051,1,15,External
CLX,TFC,-0.43068076352681234,63,0.00047548924334937543,1,5,External
CLX,TXT,-0.44643311493647325,63,0.0002758401493920073,1,5,External
CLX,UAL,-0.4097018482223487,63,0.0009437083301642216,1,5,External
CLX,USB,-0.4953293761655242,63,4.256803592879052e-05,1,5,External
CLX,VICI,-0.4070090705815835,63,0.0010272534465285053,1,5,External
CLX,VLO,-0.4105443038060474,63,0.0009188600211907518,1,11,External
CLX,VRSK,0.4194505230496514,63,0.0006900582481224565,1,1,Internal
CLX,VRTX,0.564045971923538,63,1.805174835754286e-06,1,1,Internal
CLX,WAB,-0.41494997658073657,63,0.0007982803938895571,1,15,External
CLX,WDC,-0.4542867099849638,63,0.00020816626923206476,1,0,External
CLX,WFC,-0.4098013829164544,63,0.0009407412747532329,1,5,External
CLX,WMT,0.4551169283945249,63,0.00020198263403257356,1,1,Internal
CLX,WY,-0.5232246397113938,63,1.2815403032661026e-05,1,15,External
CLX,XOM,-0.43626069986298893,63,0.0003932572786828607,1,11,External
CMCSA,DPZ,-0.4388136426183543,63,0.00036014223148255587,7,1,External
CMCSA,FOX,0.40843709862552413,63,0.0009821522406952502,7,15,External
CMCSA,KO,0.4419869521224499,63,0.0003225288971300435,7,7,Internal
CMCSA,NOW,-0.4595817740168134,63,0.00017151674067763763,7,1,External
CMCSA,OMC,0.4298225973472156,63,0.000489438748203303,7,5,External
CMCSA,PEG,0.41822548777959373,63,0.0007181155685676243,7,7,Internal
CMCSA,PSKY,0.4344214848190813,63,0.0004188071937847941,7,5,External
CMCSA,SWK,0.48106492778350723,63,7.562100502757544e-05,7,5,External
CMCSA,T,0.4624894927207897,63,0.00015400526982755947,7,5,External
CMCSA,TPR,0.4353557316051238,63,0.00040564595731501713,7,15,External
CME,EXR,0.4122038252160221,63,0.0008716331104048162,1,7,External
CME,ICE,0.7057377997081419,63,1.4962781824529927e-10,1,1,Internal
CME,MCO,0.47329243909449964,63,0.0001023413311631559,1,1,Internal
CME,NDAQ,0.6013753747579598,63,2.3551368526803537e-07,1,1,Internal
CME,RMD,0.48380009703503296,63,6.786443647553719e-05,1,1,Internal
CME,SPGI,0.5061796298135094,63,2.7020682254062072e-05,1,1,Internal
CMG,ETR,0.46429817878058616,63,0.0001439563018686888,7,7,Internal
CMG,FDX,-0.5250591623270521,63,1.1798192424639983e-05,7,20,External
CMG,HII,-0.4652896323250698,63,0.00013870668955245176,7,20,External
CMG,INTU,0.48095501038699634,63,7.594915006118936e-05,7,1,External
CMG,MCD,0.4688725811700829,63,0.00012116623538446284,7,7,Internal
CMG,YUM,0.5264492693455017,63,1.1077972269009793e-05,7,7,Internal
CMI,COF,0.5575725409929077,63,2.506647380323239e-06,20,5,External
CMI,CSX,0.4062993626450217,63,0.0010503556517327873,20,20,Internal
CMI,CTAS,0.4762667731997006,63,9.122985579806873e-05,20,15,External
CMI,DAL,0.4118551709890073,63,0.0008813691577621578,20,5,External
CMI,DD,0.46837215753192724,63,0.0001234870358163628,20,5,External
CMI,DE,0.445782773478777,63,0.00028225969672971167,20,5,External
CMI,DOV,0.5696862648014059,63,1.3483712589360155e-06,20,20,Internal
CMI,DOW,0.5446992578749487,63,4.719247898594886e-06,20,5,External
CMI,DXCM,-0.41950443333937026,63,0.0006888466524291555,20,1,External
CMI,EA,-0.4679445189295619,63,0.00012550256458194548,20,1,External
CMI,EMR,0.593412152217159,63,3.716215606058383e-07,20,20,Internal
CMI,ETN,0.4923409927574107,63,4.811555081037762e-05,20,20,Internal
CMI,FFIV,0.44512845696123626,63,0.0002888558754027782,20,20,Internal
CMI,FOX,0.4237192432377597,63,0.0005998756739956326,20,15,External
CMI,FRT,0.4087697966425837,63,0.0009719047772996723,20,15,External
CMI,FTV,0.44227036280458043,63,0.0003193503586282901,20,20,Internal
CMI,GD,0.4469976764507084,63,0.000270375757056145,20,5,External
CMI,GLW,0.4084899990405909,63,0.0009805163589561734,20,15,External
CMI,GPC,0.4060864383994242,63,0.0010573774801518369,20,15,External
CMI,GS,0.45195620230322875,63,0.00022646178073901975,20,5,External
CMI,HAS,0.4223133630654487,63,0.0006283210669577828,20,20,Internal
CMI,HBAN,0.5037408413667861,63,2.9967279212919725e-05,20,5,External
CMI,HON,0.5433986192965374,63,5.023489899683474e-06,20,20,Internal
CMI,HST,0.4158004407375068,63,0.0007767234309420326,20,15,External
CMI,HUBB,0.5104866532958461,63,2.2462965248203577e-05,20,20,Internal
CMI,IEX,0.4367895577719272,63,0.0003861778980694882,20,20,Internal
CMI,INTU,-0.4473867138810956,63,0.00026666800118122,20,1,External
CMI,IP,0.5568941078584966,63,2.593355562572039e-06,20,5,External
CMI,IR,0.4047163852437897,63,0.0011035805412459856,20,15,External
CMI,ITW,0.5778931355197464,63,8.733439348327163e-07,20,20,Internal
CMI,J,0.4686074834620776,63,0.00012239063241799557,20,20,Internal
CMI,JBL,0.4008266726321499,63,0.0012448363154244245,20,15,External
CMI,JPM,0.4365726841094531,63,0.0003890668466649554,20,5,External
CMI,KEY,0.4632354297933772,63,0.00014978539064011085,20,5,External
CMI,L,0.4250987976950826,63,0.0005731034323603684,20,5,External
CMI,LKQ,0.5327186031042006,63,8.309571579393e-06,20,15,External
CMI,LUV,0.4304506685785597,63,0.00047919353686454505,20,5,External
CMI,LYB,0.4842122706187295,63,6.676133328494208e-05,20,5,External
CMI,MET,0.5129710036291384,63,2.01694639909902e-05,20,5,External
CMI,MGM,0.4784874194772179,63,8.367016747657605e-05,20,15,External
CMI,MHK,0.49384649306799194,63,4.5242339576353613e-05,20,15,External
CMI,MMM,0.47149515804078546,63,0.00010964549165056074,20,20,Internal
CMI,MS,0.4825963048972541,63,7.11830950255872e-05,20,5,External
CMI,MSCI,-0.4063981291946175,63,0.0010471128201754228,20,1,External
CMI,MSFT,-0.5067144173279149,63,2.641151521640792e-05,20,1,External
CMI,MTB,0.5042650747482165,63,2.93098584788077e-05,20,5,External
CMI,NSC,0.4121365314180993,63,0.0008735046636358649,20,20,Internal
CMI,NTRS,0.5016616772792183,63,3.271146907895056e-05,20,5,External
CMI,OMC,0.44834199175645495,63,0.0002577598457323359,20,5,External
CMI,PCAR,0.620218548260047,63,7.60589349421105e-08,20,20,Internal
CMI,PFG,0.4772982970993647,63,8.764334217139591e-05,20,5,External
CMI,PH,0.448739282269443,63,0.0002541357566220919,20,15,External
CMI,PKG,0.6477432088712123,63,1.2673669413142759e-08,20,20,Internal
CMI,PNR,0.5192871133820482,63,1.5279966582974386e-05,20,20,Internal
CMI,PRU,0.4622530384318245,63,0.00015536551710585447,20,5,External
CMI,PWR,0.538395590286483,63,6.372726536801803e-06,20,20,Internal
CMI,PYPL,-0.41318105710973047,63,0.0008448599485463849,20,1,External
CMI,REG,0.424213089210994,63,0.0005901642373995059,20,15,External
CMI,RF,0.4740798154567687,63,9.928467983325541e-05,20,5,External
CMI,RJF,0.6190639641290697,63,8.168835436377293e-08,20,5,External
CMI,RL,0.43998468931967843,63,0.0003458197871884648,20,15,External
CMI,ROK,0.5613145299397966,63,2.075129698014244e-06,20,20,Internal
CMI,SNA,0.45891933823242403,63,0.00017575327439547694,20,15,External
CMI,STT,0.5667184089547734,63,1.5731674455536385e-06,20,5,External
CMI,SWK,0.4500282411764921,63,0.0002426960774338135,20,5,External
CMI,SYF,0.5319551437089631,63,8.608346582176484e-06,20,5,External
CMI,TEL,0.40788256988138794,63,0.000999449188555012,20,15,External
CMI,TPR,0.4094903631644278,63,0.0009500406043941772,20,15,External
CMI,TROW,0.6362832121262745,63,2.730824112054286e-08,20,5,External
CMI,TSN,0.4246895895875769,63,0.0005809293193897939,20,5,External
CMI,TXT,0.45610217440697676,63,0.00019486271782611248,20,5,External
CMI,URI,0.5156613308240607,63,1.7932057156534104e-05,20,15,External
CMI,USB,0.552477522871711,63,3.2300992083948125e-06,20,5,External
CMI,VRTX,-0.44575590698557804,63,0.00028252780757282575,20,1,External
CMI,WAB,0.4860674615898685,63,6.199797162867068e-05,20,15,External
CMI,WBD,0.49069749803593393,63,5.144395093006064e-05,20,15,External
CMI,WDC,0.45776701872879394,63,0.0001833519556254667,20,0,External
CMI,WFC,0.5085592648069529,63,2.4406388396708136e-05,20,5,External
CMI,WY,0.4404026087213758,63,0.00034083548639802114,20,15,External
CMI,XYL,0.42203596975735835,63,0.0006340759867371733,20,20,Internal
CMS,CNP,0.4165851956453597,63,0.0007573006484531234,7,7,Internal
CMS,D,0.6001216815004335,63,2.53255417210977e-07,7,7,Internal
CMS,DTE,0.5532213095116056,63,3.1135295373238946e-06,7,7,Internal
CMS,DUK,0.760350595341321,63,7.591592739014923e-13,7,7,Internal
CMS,ED,0.6357905736573374,63,2.820445904218777e-08,7,7,Internal
CMS,EIX,0.5325034140650065,63,8.392792011720293e-06,7,7,Internal
CMS,ES,0.7299393194061765,63,1.6849597722166724e-11,7,7,Internal
CMS,ETR,0.6865789624629018,63,7.258894139744673e-10,7,7,Internal
CMS,EVRG,0.6888822513822721,63,6.042095615676267e-10,7,7,Internal
CMS,EXC,0.5937224914309437,63,3.6515818400449997e-07,7,7,Internal
CMS,FE,0.663411320410396,63,4.204738480287182e-09,7,7,Internal
CMS,LNT,0.7697225162554883,63,2.6590386613669655e-13,7,7,Internal
CMS,NEE,0.6444515170424354,63,1.5852219390139215e-08,7,7,Internal
CMS,NI,0.7797685006652365,63,8.165264110405042e-14,7,7,Internal
CMS,PCG,0.46839246511110766,63,0.0001233920666075634,7,7,Internal
CMS,PEG,0.5076475496997571,63,2.537897936569746e-05,7,7,Internal
CMS,PNW,0.7253919703364005,63,2.5847105483996355e-11,7,7,Internal
CMS,PPL,0.5076816415627474,63,2.5341973949868983e-05,7,7,Internal
CMS,SBAC,0.45053511206433094,63,0.00023832797654831507,7,7,Internal
CMS,SO,0.7018072623637512,63,2.0898332569293937e-10,7,7,Internal
CMS,WEC,0.8001110688183466,63,6.119155505106542e-15,7,7,Internal
CMS,XEL,0.74566210785229,63,3.582785971393984e-12,7,7,Internal
CNC,DIS,-0.4600227445614171,63,0.0001687486744840278,1,5,External
CNC,ELV,0.6096180276050889,63,1.4495215692366259e-07,1,1,Internal
CNC,HUM,0.6558997958177256,63,7.1935769142105234e-09,1,1,Internal
CNC,JNJ,0.45544662692648363,63,0.0001995739709930468,1,1,Internal
CNC,MOH,0.5658058854926011,63,1.6490504486521144e-06,1,1,Internal
CNC,MPC,-0.5299696565150284,63,9.432840642773305e-06,1,11,External
CNC,MTB,-0.409002626080054,63,0.0009647908724192605,1,5,External
CNC,NTRS,-0.4435692020103093,63,0.0003051458144501518,1,5,External
CNC,ON,-0.407915439714857,63,0.0009984162958163235,1,0,External
CNC,SJM,0.4032012355515254,63,0.0011567887767130873,1,1,Internal
CNC,UNH,0.6925653340012206,63,4.489935308054069e-10,1,1,Internal
CNC,VLO,-0.4007680043362827,63,0.0012470860533680013,1,11,External
CNP,CPT,0.5152712480070452,63,1.8241517697058955e-05,7,15,External
CNP,D,0.4374095641903387,63,0.00037802628847737394,7,7,Internal
CNP,DD,0.4028897547770752,63,0.001168009356409277,7,5,External
CNP,DTE,0.4508269963287021,63,0.00023584531578998622,7,7,Internal
CNP,DUK,0.5173546449963887,63,1.6644372756357744e-05,7,7,Internal
CNP,EIX,0.4409953441708184,63,0.00033387852135371374,7,7,Internal
CNP,EQR,0.4627648809080185,63,0.00015243482167890974,7,15,External
CNP,ES,0.40242842204855883,63,0.0011848082400003894,7,7,Internal
CNP,ESS,0.4408223312050253,63,0.0003358956806137981,7,15,External
CNP,ETR,0.5413546060361693,63,5.538824533931291e-06,7,7,Internal
CNP,EVRG,0.5238914782976273,63,1.2436576218195997e-05,7,7,Internal
CNP,EXC,0.6374775260197731,63,2.524594126345412e-08,7,7,Internal
CNP,FE,0.42589225612884174,63,0.0005582009540375802,7,7,Internal
CNP,INVH,0.4614248402674071,63,0.00016021723518411593,7,15,External
CNP,IRM,0.5451771414947015,63,4.611849117744344e-06,7,15,External
CNP,LKQ,0.4145343737279874,63,0.0008090103615288187,7,15,External
CNP,LNT,0.45352845346846776,63,0.000213964802408342,7,7,Internal
CNP,MAA,0.4301070487562525,63,0.0004847743154745612,7,15,External
CNP,MCD,0.42619389703701355,63,0.0005526285301894513,7,7,Internal
CNP,MET,0.40782790884155745,63,0.0010011689769574832,7,5,External
CNP,NI,0.4816486960527659,63,7.3900022552825e-05,7,7,Internal
CNP,O,0.49550096603217847,63,4.2268201355285096e-05,7,15,External
CNP,PLD,0.40022178306375383,63,0.0012682081248637418,7,7,Internal
CNP,PNW,0.514301596083892,63,1.9032367409535094e-05,7,7,Internal
CNP,PPL,0.5169821129068968,63,1.6920067758273273e-05,7,7,Internal
CNP,PSA,0.42159990827422694,63,0.0006432193527102763,7,7,Internal
CNP,PSKY,0.5166770965699878,63,1.7148947929317922e-05,7,5,External
CNP,SO,0.5814168630018351,63,7.22119935537815e-07,7,7,Internal
CNP,SRE,0.5733846171462912,63,1.1103007553892638e-06,7,7,Internal
CNP,TRMB,0.4944394091969006,63,4.415494652805723e-05,7,5,External
CNP,UDR,0.5705471562582942,63,1.289027232481483e-06,7,15,External
CNP,YUM,0.4642052761011514,63,0.00014445743581817833,7,7,Internal
COF,COST,-0.44140180152514,63,0.00032918301464950094,5,1,External
COF,CPRT,0.5177061031785242,63,1.638810318499079e-05,5,15,External
COF,CSX,0.4059207422771526,63,0.0010628710688556405,5,20,External
COF,CTAS,0.453685745218614,63,0.0002127499514217238,5,15,External
COF,CTSH,0.42970481898955043,63,0.0004913819883754662,5,5,Internal
COF,DAL,0.5164348009092363,63,1.7332808474982304e-05,5,5,Internal
COF,DD,0.6120673540263963,63,1.2514833912537627e-07,5,5,Internal
COF,DE,0.46029634702654154,63,0.00016705186131224642,5,5,Internal
COF,DHR,-0.4205596618848145,63,0.0006655158078301842,5,1,External
COF,DOC,0.527181063801654,63,1.0715468567362648e-05,5,15,External
COF,DOV,0.5437722009956175,63,4.934280255639682e-06,5,20,External
COF,DOW,0.567534158468177,63,1.5081124778241839e-06,5,5,Internal
COF,DPZ,-0.40707834766309875,63,0.0010250230931481998,5,1,External
COF,DRI,0.5523616040994979,63,3.2486296741701435e-06,5,15,External
COF,DTE,0.4119230958105463,63,0.0008794647104246088,5,7,External
COF,EA,-0.5857523133155796,63,5.697325382814328e-07,5,1,External
COF,EMR,0.4698434210007868,63,0.00011677768961864867,5,20,External
COF,EQIX,-0.4476693521747561,63,0.0002640034858001555,5,7,External
COF,ETN,0.4624568000501873,63,0.00015419268750004497,5,20,External
COF,EXPE,0.5066818923613609,63,2.644819729944189e-05,5,15,External
COF,F,0.45321160720931186,63,0.00021643127400968593,5,5,Internal
COF,FITB,0.734192602419535,63,1.1204018008944199e-11,5,5,Internal
COF,FOX,0.4488265660511518,63,0.0002533458179811383,5,15,External
COF,FOXA,0.439503602396685,63,0.0003516396602839913,5,15,External
COF,FRT,0.6206370127208868,63,7.411055411241835e-08,5,15,External
COF,FTV,0.41800860477091334,63,0.0007231891664273453,5,20,External
COF,GD,0.4089757626928782,63,0.0009656092550820014,5,5,Internal
COF,GL,0.5673726178898088,63,1.5207915598524507e-06,5,5,Internal
COF,GLW,0.43102431476598524,63,0.0004700068489680579,5,15,External
COF,GM,0.6297123850598932,63,4.181433798670901e-08,5,15,External
COF,GPC,0.48247486605372597,63,7.15260578230301e-05,5,15,External
COF,GS,0.643091033977169,63,1.737475295894128e-08,5,5,Internal
COF,HBAN,0.7586100242063152,63,9.176413481741324e-13,5,5,Internal
COF,HIG,0.6563438592393721,63,6.9717184125172965e-09,5,5,Internal
COF,HLT,0.4720546600704318,63,0.00010732186447239448,5,15,External
COF,HON,0.5280740296870086,63,1.0288078655291173e-05,5,20,External
COF,HST,0.6505309384352352,63,1.0463374177284127e-08,5,15,External
COF,HWM,0.4275660714940154,63,0.0005279112366383122,5,5,Internal
COF,INTU,-0.4619771266995008,63,0.00015696667665583198,5,1,External
COF,IP,0.6238135674338807,63,6.078351024488515e-08,5,5,Internal
COF,IT,0.49804744062201023,63,3.804191739844603e-05,5,5,Internal
COF,JBL,0.4530629904930077,63,0.00021759711123381264,5,15,External
COF,JCI,0.5573620292835639,63,2.5332576478595827e-06,5,5,Internal
COF,JNJ,-0.5147269411773193,63,1.8681617203363138e-05,5,1,External
COF,JPM,0.6695279581108303,63,2.684699695560409e-09,5,5,Internal
COF,KEY,0.7568418547492315,63,1.1107440170658676e-12,5,5,Internal
COF,KIM,0.6458121688873297,63,1.4456342196645042e-08,5,15,External
COF,KMB,-0.49962773456271475,63,3.561941473889463e-05,5,1,External
COF,L,0.5066480103738074,63,2.6486460047018974e-05,5,5,Internal
COF,LKQ,0.6558773339354899,63,7.204974911225908e-09,5,15,External
COF,LUV,0.48623299810019766,63,6.158855250074183e-05,5,5,Internal
COF,LYB,0.5452434444727104,63,4.597129797397793e-06,5,5,Internal
COF,LYV,0.4287832157227651,63,0.0005068313931634227,5,15,External
COF,MAR,0.5194586769573948,63,1.5163998492502374e-05,5,15,External
COF,MDLZ,-0.46707384816422665,63,0.00012969987073225598,5,1,External
COF,MET,0.7883280833724458,63,2.8411294945081728e-14,5,5,Internal
COF,MGM,0.5184829110147031,63,1.583462997218277e-05,5,15,External
COF,MHK,0.7275929701933429,63,2.1034564593780266e-11,5,15,External
COF,MLM,0.5945236348120149,63,3.489580883002506e-07,5,5,Internal
COF,MOS,0.532411530838311,63,8.428562074530822e-06,5,5,Internal
COF,MS,0.5179317207712653,63,1.6225527932939675e-05,5,5,Internal
COF,MSFT,-0.6470010319525626,63,1.3332684310449989e-08,5,1,External
COF,MTB,0.7230326374990039,63,3.216459961582345e-11,5,5,Internal
COF,NCLH,0.5647866910762159,63,1.7378500451343547e-06,5,15,External
COF,NSC,0.47464195910490176,63,9.715402640080292e-05,5,20,External
COF,NTRS,0.5197237918057005,63,1.4986401489583914e-05,5,5,Internal
COF,NVDA,-0.5160427600646339,63,1.7634180302312496e-05,5,1,External
COF,NWSA,0.4046130045672802,63,0.0011071396442975793,5,15,External
COF,O,0.4336897577923398,63,0.00042938550336033216,5,15,External
COF,OMC,0.5347082314540833,63,7.575702018914213e-06,5,5,Internal
COF,ON,0.43920712561936814,63,0.00035527055508128495,5,0,External
COF,PFG,0.6713152425255269,63,2.3501717042441435e-09,5,5,Internal
COF,PG,-0.4549547464919548,63,0.0002031772173640735,5,1,External
COF,PH,0.6195503955718364,63,7.927035944635604e-08,5,15,External
COF,PHM,0.4620187326886998,63,0.00015672426554260772,5,15,External
COF,PKG,0.5559527040860701,63,2.7183266386991716e-06,5,20,External
COF,PNC,0.6378490706596784,63,2.4635002506243908e-08,5,5,Internal
COF,PNR,0.5340720555436034,63,7.803514303947801e-06,5,20,External
COF,PRU,0.665571680121576,63,3.5928391923046783e-09,5,5,Internal
COF,PSKY,0.5061495027946181,63,2.705538373054757e-05,5,5,Internal
COF,RCL,0.5187018589526463,63,1.5681796158304578e-05,5,15,External
COF,REG,0.6241043106027288,63,5.968394789159616e-08,5,15,External
COF,REGN,-0.42468951092369456,63,0.0005809308330699781,5,1,External
COF,RF,0.8076918207772669,63,2.1568271574672024e-15,5,5,Internal
COF,RJF,0.6956920805503265,63,3.477474975875633e-10,5,5,Internal
COF,RL,0.5385704079239227,63,6.320375631505605e-06,5,15,External
COF,RMD,-0.4957309666679162,63,4.186936219858436e-05,5,1,External
COF,ROK,0.4728170262469695,63,0.00010422857980762659,5,20,External
COF,SNA,0.5285295889970362,63,1.0076201478675196e-05,5,15,External
COF,SNPS,-0.447392541212657,63,0.00026661281808025333,5,1,External
COF,SPG,0.5765050850538508,63,9.406948239039858e-07,5,15,External
COF,STT,0.5012616881695109,63,3.3265366681099866e-05,5,5,Internal
COF,SWK,0.5053253139181021,63,2.8020885156145107e-05,5,5,Internal
COF,SYF,0.8669275603362042,63,8.457718819998908e-20,5,5,Internal
COF,SYY,0.5886748122676997,63,4.846554122115484e-07,5,15,External
COF,T,0.47025338639923714,63,0.00011496874976056399,5,5,Internal
COF,TAP,0.4279173760079042,63,0.0005217466771630529,5,5,Internal
COF,TDG,0.5002452190179009,63,3.4712252604581074e-05,5,5,Internal
COF,TECH,-0.5627086003683116,63,1.9329541936142858e-06,5,1,External
COF,TEL,0.47556874814855926,63,9.373293060336549e-05,5,15,External
COF,TFC,0.7246476426193111,63,2.7699846526225445e-11,5,5,Internal
COF,TMO,-0.4449806832563084,63,0.00029036493024441404,5,1,External
COF,TPR,0.6297042126530195,63,4.183624171370891e-08,5,15,External
COF,TROW,0.4635790512375359,63,0.00014787738808992313,5,5,Internal
COF,TRV,0.47245110621948433,63,0.00010570291305215522,5,5,Internal
COF,TTWO,-0.47322778968295626,63,0.00010259611057382752,5,1,External
COF,TXT,0.6055012353344739,63,1.8503352559007768e-07,5,5,Internal
COF,UAL,0.5232252646871476,63,1.2815043019210561e-05,5,5,Internal
COF,URI,0.4665033390484721,63,0.00013251966145912334,5,15,External
COF,USB,0.7573483068795815,63,1.0517908651029577e-12,5,5,Internal
COF,VICI,0.47128357362248263,63,0.0001105361938974325,5,5,Internal
COF,VLO,0.42331276993447287,63,0.0006079774316397937,5,11,External
COF,VMC,0.543306375852456,63,5.045747701007591e-06,5,5,Internal
COF,VRSN,-0.5102524012596957,63,2.2691256357800456e-05,5,1,External
COF,VRTX,-0.49674069762973455,63,4.015923329519726e-05,5,1,External
COF,VTR,0.4678865872157453,63,0.00012577791777124302,5,15,External
COF,VTRS,0.41362251687222273,63,0.0008330108662574139,5,5,Internal
COF,WAB,0.6806321274309242,63,1.1568583010210243e-09,5,15,External
COF,WBD,0.562139360678487,63,1.989870098378324e-06,5,15,External
COF,WELL,0.5555980499182286,63,2.766850123329837e-06,5,15,External
COF,WFC,0.7462124422236437,63,3.3869012571645335e-12,5,5,Internal
COF,WMT,-0.45540175710179964,63,0.00019990022113155107,5,1,External
COF,WRB,0.43524733446293457,63,0.0004071534568692175,5,5,Internal
COF,WY,0.40895630877256023,63,0.0009662023022989308,5,15,External
COP,CVX,0.786759122208031,63,3.460143956073989e-14,11,11,Internal
COP,DE,0.47388225488723923,63,0.00010004362941649041,11,5,External
COP,DVN,0.7900150708694823,63,2.2942453306101676e-14,11,11,Internal
COP,EMR,0.465848023333889,63,0.00013582801409211978,11,20,External
COP,EOG,0.8470227536487178,63,4.105960108497632e-18,11,11,Internal
COP,FANG,0.7821853165160203,63,6.089840779326169e-14,11,11,Internal
COP,FAST,-0.4357729004681623,63,0.0003998915948651969,11,1,External
COP,HAL,0.7934243265113491,63,1.4804181286595712e-14,11,11,Internal
COP,HUM,-0.4523367264671192,63,0.00022337743656649934,11,1,External
COP,IT,0.4192209015084408,63,0.0006952404787324499,11,5,External
COP,KMI,0.41654826608937323,63,0.0007582047119423061,11,11,Internal
COP,MPC,0.4776199395949447,63,8.655185543348695e-05,11,11,Internal
COP,OKE,0.5265655723267159,63,1.1019607836661521e-05,11,11,Internal
COP,OXY,0.7216798974263456,63,3.642427970714259e-11,11,11,Internal
COP,PSX,0.5921521849943848,63,3.9898387340443225e-07,11,11,Internal
COP,SLB,0.6414561650453678,63,1.938741442109124e-08,11,11,Internal
COP,VLO,0.49811846266039816,63,3.792985344745017e-05,11,11,Internal
COP,XOM,0.8190102891345936,63,4.159700841848447e-16,11,11,Internal
COR,MCK,0.7062339067617127,63,1.43393690631337e-10,1,1,Internal
COST,DAL,-0.40359832461128464,63,0.0011426251109378414,1,5,External
COST,DOW,-0.46394727712390843,63,0.00014585753679085116,1,5,External
COST,DVN,-0.44192068496041614,63,0.0003232762538219083,1,11,External
COST,EOG,-0.501084182347404,63,3.3513943659949595e-05,1,11,External
COST,FANG,-0.4239093395415648,63,0.0005961204186755008,1,11,External
COST,FITB,-0.5388652967643142,63,6.232975736356663e-06,1,5,External
COST,FRT,-0.5071890836399712,63,2.5881516576393056e-05,1,15,External
COST,GE,-0.4070204892859155,63,0.0010268855240162776,1,5,External
COST,GL,-0.4843706461809806,63,6.634188655945017e-05,1,5,External
COST,GM,-0.4128373370238341,63,0.000854190879338702,1,15,External
COST,HBAN,-0.47502436293844535,63,9.572875697753399e-05,1,5,External
COST,HIG,-0.44035360801009954,63,0.00034141648306879746,1,5,External
COST,INTC,0.4866587904229405,63,6.0546877730592126e-05,1,0,External
COST,IT,-0.5363490943532735,63,7.0163923903381745e-06,1,5,External
COST,JPM,-0.5685248867949374,63,1.4324917962348866e-06,1,5,External
COST,KEY,-0.5490123725319224,63,3.828949287262642e-06,1,5,External
COST,KIM,-0.5413895248601218,63,5.529621362797872e-06,1,15,External
COST,KMI,-0.5097692678079363,63,2.316890569752112e-05,1,11,External
COST,L,-0.403460783349586,63,0.0011475132518565863,1,5,External
COST,LUV,-0.4297726601734464,63,0.0004902618136329551,1,5,External
COST,LYB,-0.4022454191107946,63,0.00119153211729191,1,5,External
COST,LYV,-0.4076436304378383,63,0.0010069865781028111,1,15,External
COST,MET,-0.5557195898506877,63,2.7501306570099428e-06,1,5,External
COST,MOS,-0.4061076086879934,63,0.0010566774352046202,1,5,External
COST,MPC,-0.47107170993306735,63,0.00011143473192462086,1,11,External
COST,MSFT,0.5139814973536233,63,1.9300348348009467e-05,1,1,Internal
COST,MTB,-0.4755338521929061,63,9.385970857282744e-05,1,5,External
COST,OTIS,-0.4494040439204356,63,0.0002481757866833845,1,15,External
COST,OXY,-0.4514176827640027,63,0.00023089335453404172,1,11,External
COST,PFG,-0.5731613454068687,63,1.1234746618771994e-06,1,5,External
COST,PH,-0.43682633573567275,63,0.0003856899249956975,1,15,External
COST,PNC,-0.5337553305374008,63,7.919296688320323e-06,1,5,External
COST,PRU,-0.5763495027449553,63,9.485403654056509e-07,1,5,External
COST,RCL,-0.4062851566334765,63,0.0010508228260932841,1,15,External
COST,REG,-0.45877716587139517,63,0.00017667492884380296,1,15,External
COST,RF,-0.5285110485869936,63,1.0084744613905932e-05,1,5,External
COST,SPG,-0.4337300374241416,63,0.0004287969320242835,1,15,External
COST,SYF,-0.43500431155431074,63,0.00041055177212603606,1,5,External
COST,TDG,-0.5037948238773595,63,2.9898956552190427e-05,1,5,External
COST,TFC,-0.5805124073146729,63,7.583977673143312e-07,1,5,External
COST,TRGP,-0.4498556850477889,63,0.00024419974554927565,1,11,External
COST,TRV,-0.45006360171430304,63,0.0002423889897424877,1,5,External
COST,UAL,-0.4355469042168815,63,0.0004029996603543774,1,5,External
COST,USB,-0.5139885145983807,63,1.9294436287745476e-05,1,5,External
COST,VTR,-0.40471496394238105,63,0.001103629402633175,1,15,External
COST,WFC,-0.5131518714584277,63,2.0011281047304687e-05,1,5,External
COST,WMB,-0.40170863375773913,63,0.00121145327576145,1,11,External
COST,WMT,0.5349994787385238,63,7.473488586854473e-06,1,1,Internal
CPAY,CTAS,0.4336273280839788,63,0.0004302991871468638,20,15,External
CPAY,CTSH,0.47946455429637785,63,8.053017875095522e-05,20,5,External
CPAY,DVN,0.4341557196574883,63,0.0004226215229156163,20,11,External
CPAY,FISV,0.4275145483812303,63,0.0005288208855334707,20,1,External
CPAY,IT,0.430743505598473,63,0.00047448368666111094,20,5,External
CPAY,PAYX,0.44828468495938933,63,0.0002582864784276479,20,20,Internal
CPAY,SJM,-0.40821721235097586,63,0.0009889783853175064,20,1,External
CPAY,USB,0.4282589637898356,63,0.0005158153863289869,20,5,External
CPB,CPT,-0.4195375024901353,63,0.0006881044004181072,1,15,External
CPB,DE,-0.42552091459599767,63,0.0005651310223519154,1,5,External
CPB,DOV,-0.5256610124559181,63,1.1481186314425512e-05,1,20,External
CPB,FICO,-0.41795798625278024,63,0.0007243779588683463,1,1,Internal
CPB,GIS,0.7145267780110531,63,6.947751638351329e-11,1,1,Internal
CPB,GLW,-0.49915293893860097,63,3.633181261246782e-05,1,15,External
CPB,GM,-0.4378025525468207,63,0.0003729409055358248,1,15,External
CPB,GPC,-0.41060888327569317,63,0.0009169798464194242,1,15,External
CPB,GPN,-0.41098026370480967,63,0.0009062347067220443,1,15,External
CPB,HLT,-0.43743681859829137,63,0.00037767158072707553,1,15,External
CPB,HRL,0.560851422848095,63,2.1244856746819315e-06,1,1,Internal
CPB,HST,-0.4392680531482985,63,0.00035452160984264573,1,15,External
CPB,HSY,0.5531403930523745,63,3.126017846539313e-06,1,1,Internal
CPB,K,0.6113266151883161,63,1.308509239298766e-07,1,1,Internal
CPB,KMB,0.4156947135052501,63,0.0007793743553878466,1,1,Internal
CPB,KR,0.4010841336068438,63,0.0012350066454549407,1,1,Internal
CPB,LKQ,-0.4296524714386248,63,0.0004922479257102685,1,15,External
CPB,MAR,-0.4644794032531532,63,0.0001429833323681914,1,15,External
CPB,MCHP,-0.5030097639838349,63,3.0906914040261874e-05,1,0,External
CPB,MDLZ,0.6063376674911152,63,1.7612865872199588e-07,1,1,Internal
CPB,MGM,-0.41814435047989273,63,0.0007200098483433031,1,15,External
CPB,MHK,-0.40048661752108605,63,0.0012579272591814808,1,15,External
CPB,MKC,0.5873580347020207,63,5.213929518147586e-07,1,1,Internal
CPB,NSC,-0.41165143194828074,63,0.0008871038751154749,1,20,External
CPB,PEP,0.4005377118498211,63,0.0012559524302149384,1,1,Internal
CPB,RL,-0.4203142238021041,63,0.0006708775504188974,1,15,External
CPB,RTX,-0.4875779706690154,63,5.835334758246988e-05,1,15,External
CPB,SJM,0.5212735006753002,63,1.3986343468841948e-05,1,1,Internal
CPB,SNA,-0.5047030048967633,63,2.877093428363847e-05,1,15,External
CPB,TJX,-0.4558376616488819,63,0.00019675131043345477,1,15,External
CPB,UNP,-0.4192851527573943,63,0.0006937868798652825,1,20,External
CPB,V,-0.43118763418044626,63,0.00046742080269596874,1,1,Internal
CPB,VRSN,0.46192169870615774,63,0.00015729015381265405,1,1,Internal
CPRT,CSX,0.4109727643166188,63,0.0009064505564696656,15,20,External
CPRT,DD,0.46917239470001987,63,0.00011979506373826838,15,5,External
CPRT,DHI,0.4318020131327376,63,0.000457807995251701,15,15,Internal
CPRT,DOV,0.44717992379896343,63,0.00026863300939665744,15,20,External
CPRT,DRI,0.4517435143056679,63,0.00022820264884922613,15,15,Internal
CPRT,DTE,0.4723449806383143,63,0.00010613407831563971,15,7,External
CPRT,EA,-0.4114418566686057,63,0.0008930380165846224,15,1,External
CPRT,ECL,0.47450639880830925,63,9.766394652727472e-05,15,7,External
CPRT,EXPE,0.5203988321432634,63,1.4542886815995422e-05,15,15,Internal
CPRT,GM,0.4755248342446592,63,9.389249667478175e-05,15,15,Internal
CPRT,GPN,0.4410425686901651,63,0.0003333298525836388,15,15,Internal
CPRT,HBAN,0.40398495578084953,63,0.0011289847579569906,15,5,External
CPRT,HIG,0.4817316134159266,63,7.365852619041378e-05,15,5,External
CPRT,HON,0.4073530267527064,63,0.0010162228129377004,15,20,External
CPRT,IFF,0.44150490715636603,63,0.00032800152488928256,15,15,Internal
CPRT,JNJ,-0.4088605703215686,63,0.0009691256540284953,15,1,External
CPRT,LEN,0.42666077711664313,63,0.0005441030355555448,15,15,Internal
CPRT,LKQ,0.5112828830586397,63,2.1702822928206105e-05,15,15,Internal
CPRT,NFLX,-0.5155473988101156,63,1.802193410684982e-05,15,1,External
CPRT,O,0.4600607982366586,63,0.00016851173319464127,15,15,Internal
CPRT,PHM,0.57801312621434,63,8.677393547418684e-07,15,15,Internal
CPRT,PKG,0.4171570459074872,63,0.0007434252624845512,15,20,External
CPRT,RL,0.45759085306706043,63,0.00018453980185197466,15,15,Internal
CPRT,ROK,0.4366085301643128,63,0.0003885879920715028,15,20,External
CPRT,SNA,0.44549387487505254,63,0.00028515494469903246,15,15,Internal
CPRT,STZ,0.5126001791498745,63,2.049741268283856e-05,15,15,Internal
CPRT,SYF,0.43617117371803604,63,0.0003944673188504008,15,5,External
CPRT,TPR,0.42239622341596167,63,0.0006266112193791031,15,15,Internal
CPRT,VRSN,-0.4713432698141752,63,0.0001102842209690519,15,1,External
CPRT,VRTX,-0.4808493433423186,63,7.626584258316706e-05,15,1,External
CPRT,WELL,0.40477570196772533,63,0.0011015430931663784,15,15,Internal
CPT,CSCO,-0.40983430238381174,63,0.0009397618247009421,15,16,External
CPT,DOC,0.6063878635548544,63,1.7560730769901642e-07,15,15,Internal
CPT,DOV,0.4196168736273332,63,0.0006863258345372261,15,20,External
CPT,DRI,0.4351008021649399,63,0.0004091994156547129,15,15,Internal
CPT,DTE,0.40061393361790987,63,0.0012530115939323842,15,7,External
CPT,EA,-0.4630255327539125,63,0.00015096195507238855,15,1,External
CPT,EQR,0.7791167555530959,63,8.83167610573918e-14,15,15,Internal
CPT,ESS,0.7961454169513923,63,1.037438646703007e-14,15,15,Internal
CPT,EXPE,0.48080962656220566,63,7.638519120071655e-05,15,15,Internal
CPT,EXR,0.4355890095323557,63,0.0004024189357154906,15,7,External
CPT,FRT,0.5358847200967222,63,7.170645094521634e-06,15,15,Internal
CPT,GD,0.4054441465269471,63,0.0010788161546410316,15,5,External
CPT,GM,0.43157016542117455,63,0.0004614142508390209,15,15,Internal
CPT,GPN,0.4584445866601892,63,0.00017884824851240413,15,15,Internal
CPT,HLT,0.4809665363366886,63,7.591467926688552e-05,15,15,Internal
CPT,HST,0.6477545853488231,63,1.266381178616855e-08,15,15,Internal
CPT,INTC,-0.49753013041626143,63,3.8867453780843365e-05,15,0,External
CPT,INVH,0.5684661984884026,63,1.436870510476747e-06,15,15,Internal
CPT,IR,0.4281150522317489,63,0.0005183067435120761,15,15,Internal
CPT,IRM,0.5029731311158765,63,3.095470744116718e-05,15,15,Internal
CPT,KIM,0.5054810029434444,63,2.7836092155523107e-05,15,15,Internal
CPT,LKQ,0.4453035244300607,63,0.0002870773655525021,15,15,Internal
CPT,MAA,0.8343162130740822,63,3.709733118725344e-17,15,15,Internal
CPT,MAR,0.5574400602499558,63,2.523363282156146e-06,15,15,Internal
CPT,MET,0.46607386945799967,63,0.00013467936604878155,15,5,External
CPT,MHK,0.4058752951379783,63,0.0010643823405745607,15,15,Internal
CPT,MOS,0.40446911403494606,63,0.0011121106038531425,15,5,External
CPT,MTB,0.4109115362088457,63,0.0009082145809387221,15,5,External
CPT,NCLH,0.4553775862072863,63,0.000200076170875336,15,15,Internal
CPT,NFLX,-0.4156970455378902,63,0.0007793157956091627,15,1,External
CPT,NVDA,-0.41880095806672574,63,0.0007048092649380177,15,1,External
CPT,NVR,0.43236322049311876,63,0.0004491846016923595,15,15,Internal
CPT,O,0.514266059128944,63,1.9061946992856666e-05,15,15,Internal
CPT,PFG,0.46011149032184756,63,0.00016819657250860632,15,5,External
CPT,PH,0.5068225607813369,63,2.628988829473353e-05,15,15,Internal
CPT,PNW,0.46375154763144844,63,0.0001469280097403175,15,7,External
CPT,PRU,0.4060912465575182,63,0.0010572184505059196,15,5,External
CPT,RCL,0.46081937000530626,63,0.00016385165801403306,15,15,Internal
CPT,REG,0.6064311955952638,63,1.7515841762821455e-07,15,15,Internal
CPT,RTX,0.4904931338772415,63,5.1872371001150436e-05,15,15,Internal
CPT,SNA,0.5405765673682745,63,5.747626545351875e-06,15,15,Internal
CPT,SPG,0.44132708385156755,63,0.0003300416299913078,15,15,Internal
CPT,SYY,0.4324649436834049,63,0.00044763745333525174,15,15,Internal
CPT,TEL,0.4262925684640064,63,0.0005508166942277471,15,15,Internal
CPT,TXT,0.4592374572817795,63,0.00017370695504200642,15,5,External
CPT,UAL,0.4393678497843606,63,0.0003532979782441518,15,5,External
CPT,UDR,0.8125381353962683,63,1.0806328306257886e-15,15,15,Internal
CPT,VRTX,-0.4810124708361342,63,7.577744556796131e-05,15,1,External
CPT,VTR,0.4794936148615717,63,8.043847782646738e-05,15,15,Internal
CPT,WAB,0.4480676015855544,63,0.000260290339231503,15,15,Internal
CPT,WELL,0.5150314338516399,63,1.8434219949855807e-05,15,15,Internal
CPT,WY,0.4400872114721643,63,0.0003445909481029455,15,15,Internal
CRL,FTNT,0.6033315001942079,63,2.1015022567474839e-07,1,1,Internal
CRL,IQV,0.44325782832026056,63,0.0003084975444469327,1,1,Internal
CRL,LW,-0.40537130685969847,63,0.0010812719975125838,1,15,External
CRL,PANW,0.4226916504424279,63,0.0006205492731118739,1,1,Internal
CRL,PYPL,0.5465118155707591,63,4.323855017212551e-06,1,1,Internal
CRL,TYL,0.44029001668248735,63,0.00034217182540032117,1,1,Internal
CRL,XYZ,0.44746393550215274,63,0.0002659375816037296,1,1,Internal
CRM,DOV,-0.4232516831916135,63,0.0006092035424675883,1,20,External
CRM,EMR,-0.43807893550184385,63,0.0003694018416344392,1,20,External
CRM,ETN,-0.40742297095737995,63,0.0010139928261409677,1,20,External
CRM,FTNT,0.42901648768805606,63,0.0005028797526382419,1,1,Internal
CRM,HON,-0.4692899397159179,63,0.00011926138300995418,1,20,External
CRM,IDXX,0.4185622034765837,63,0.0007103025247408703,1,1,Internal
CRM,INTU,0.45977816375375974,63,0.00017027886081644284,1,1,Internal
CRM,JKHY,0.4098329635040785,63,0.0009398016423063071,1,1,Internal
CRM,MMM,-0.4142036919528176,63,0.0008176408294174681,1,20,External
CRM,MSFT,0.47479090450451217,63,9.659658210696957e-05,1,1,Internal
CRM,NOW,0.45229853559813693,63,0.0002236852492467032,1,1,Internal
CRM,TYL,0.43123767252005213,63,0.0004666310741200237,1,1,Internal
CRM,UNP,-0.4019509962795288,63,0.0012024218984460757,1,20,External
CRM,XOM,-0.4110258466990366,63,0.000904923720957872,1,11,External
CSCO,ESS,-0.48910355801946737,63,5.487391060103438e-05,16,15,External
CSCO,UDR,-0.44229507215134245,63,0.0003190745943265092,16,15,External
CSGP,J,-0.4408380281032295,63,0.00033571221311480656,17,20,External
CSGP,LMT,-0.45367095985934625,63,0.00021286387755028042,17,20,External
CSGP,NOC,-0.42563424290655655,63,0.0005630078279670164,17,20,External
CSGP,TRV,-0.43518699886105505,63,0.0004079947629972313,17,5,External
CSX,DE,0.5405923419543648,63,5.743321190779241e-06,20,5,External
CSX,DHI,0.4234098001730731,63,0.0006060344760144791,20,15,External
CSX,DIS,0.41028628456961047,63,0.0009264068149548856,20,5,External
CSX,DOV,0.5113701864863036,63,2.1620943915591092e-05,20,20,Internal
CSX,DOW,0.4204336096634756,63,0.0006682646252676444,20,5,External
CSX,EA,-0.42717311629994376,63,0.000534884981597737,20,1,External
CSX,ETN,0.4065658718502033,63,0.0010416259561900436,20,20,Internal
CSX,EXPE,0.4682881643867342,63,0.0001238805467130344,20,15,External
CSX,EXR,0.4767604364427318,63,8.94969105876128e-05,20,7,External
CSX,FTV,0.41707076840551455,63,0.0007455038534267874,20,20,Internal
CSX,GS,0.4885993438747949,63,5.6002104051883995e-05,20,5,External
CSX,HON,0.5283214878704758,63,1.0172478862484649e-05,20,20,Internal
CSX,INTU,-0.44339292552008785,63,0.00030703920934919656,20,1,External
CSX,IP,0.46602819272264034,63,0.00013491095490860737,20,5,External
CSX,ITW,0.6322089776157661,63,3.560688694546516e-08,20,20,Internal
CSX,JBHT,0.41485977497006493,63,0.0008005982077516438,20,20,Internal
CSX,KEY,0.4288048860097799,63,0.0005064631122746283,20,5,External
CSX,KO,0.4363244165497911,63,0.00039239814027355375,20,7,External
CSX,LEN,0.41633629638999475,63,0.0007634128070525562,20,15,External
CSX,LKQ,0.4109729390683127,63,0.0009064455261831584,20,15,External
CSX,LUV,0.4105521645871008,63,0.0009186309754947013,20,5,External
CSX,LYB,0.44809778267800454,63,0.0002600108950350284,20,5,External
CSX,MCHP,0.43348971371668144,63,0.00043231947868361983,20,0,External
CSX,MHK,0.4374987276469725,63,0.0003768669796344529,20,15,External
CSX,MMM,0.4906746103467453,63,5.149176867693628e-05,20,20,Internal
CSX,MS,0.5900812570668419,63,4.4811001652625507e-07,20,5,External
CSX,MSFT,-0.4614104372177127,63,0.0001603028262288151,20,1,External
CSX,MTB,0.4065487541566698,63,0.0010421846858273544,20,5,External
CSX,NFLX,-0.4800034359595958,63,7.884529569169523e-05,20,1,External
CSX,NOW,-0.4388538884141551,63,0.00035964117212388465,20,1,External
CSX,NSC,0.7545922203618903,63,1.4129563085893219e-12,20,20,Internal
CSX,NTRS,0.4625889149438382,63,0.00015343659397977857,20,5,External
CSX,PCAR,0.47079007810506024,63,0.00011263955987095547,20,20,Internal
CSX,PHM,0.4316026714642558,63,0.00046090708640130856,20,15,External
CSX,PNR,0.527738934439088,63,1.0446567012317801e-05,20,20,Internal
CSX,REGN,-0.4022418847642449,63,0.0011916623134136228,20,1,External
CSX,RF,0.43766184091364385,63,0.0003747545482512881,20,5,External
CSX,RJF,0.48872439229287545,63,5.572032554560731e-05,20,5,External
CSX,RL,0.440921140242273,63,0.0003347423087933322,20,15,External
CSX,SCHW,0.4201198110432347,63,0.0006751523584331163,20,5,External
CSX,SWK,0.5092856600605217,63,2.365634586662532e-05,20,5,External
CSX,TEL,0.4228469410737891,63,0.0006173841897331078,20,15,External
CSX,TT,0.4211462396277271,63,0.0006528585943776354,20,20,Internal
CSX,TXT,0.46981123216386644,63,0.00011692082188803742,20,5,External
CSX,UNP,0.6277984216280851,63,4.725097793642232e-08,20,20,Internal
CSX,VRSN,-0.44997299702298116,63,0.00024317655581017493,20,1,External
CSX,WAB,0.4401374374183173,63,0.000343990389561543,20,15,External
CTAS,DD,0.4287795272274222,63,0.0005068941024052684,15,5,External
CTAS,DOC,0.43005435421994914,63,0.00048563533937564715,15,15,Internal
CTAS,DOV,0.44144543805414826,63,0.00032868250980374794,15,20,External
CTAS,EA,-0.40301313938673733,63,0.0011635529597404286,15,1,External
CTAS,FOX,0.4419852471638803,63,0.0003225481057733616,15,15,Internal
CTAS,FOXA,0.4602942620007447,63,0.00016706473275753962,15,15,Internal
CTAS,FRT,0.43900366790304746,63,0.00035778199662925937,15,15,Internal
CTAS,GIS,-0.41390885216014095,63,0.0008254059631540953,15,1,External
CTAS,GM,0.41986323664456365,63,0.0006808317672319649,15,15,Internal
CTAS,HIG,0.49031357415705135,63,5.225150863934515e-05,15,5,External
CTAS,HLT,0.44712867911516824,63,0.00026912199890266847,15,15,Internal
CTAS,HON,0.42282636915457295,63,0.0006178026370985704,15,20,External
CTAS,IR,0.5233538116008378,63,1.2741193873681136e-05,15,15,Internal
CTAS,JCI,0.5770511423191615,63,9.136378407769763e-07,15,5,External
CTAS,JPM,0.40372515998002834,63,0.0011381340835124488,15,5,External
CTAS,KIM,0.4457252680432427,63,0.00028283384888992463,15,15,Internal
CTAS,KR,-0.44059822939375026,63,0.00033852500188875353,15,1,External
CTAS,LYV,0.4024425130170528,63,0.0011842919302423203,15,15,Internal
CTAS,MAS,0.4099933884993099,63,0.0009350415114641983,15,15,Internal
CTAS,MET,0.40815793580207144,63,0.000990825875749041,15,5,External
CTAS,MTB,0.40239628429074287,63,0.001185986563808748,15,5,External
CTAS,OMC,0.406943607157,63,0.001029365041597452,15,5,External
CTAS,PFG,0.4031094311695964,63,0.0011600857446142016,15,5,External
CTAS,PKG,0.4520158278833167,63,0.00022597592530617462,15,20,External
CTAS,PRU,0.41989359632014817,63,0.0006801574898258807,15,5,External
CTAS,RJF,0.42656547932565075,63,0.000545833465643423,15,5,External
CTAS,RL,0.5384040900344312,63,6.370171881070744e-06,15,15,Internal
CTAS,SJM,-0.40778088072835217,63,0.001002650748322881,15,1,External
CTAS,SNA,0.5306332546741804,63,9.149430889778776e-06,15,15,Internal
CTAS,SPG,0.41780854443125726,63,0.0007278979773849608,15,15,Internal
CTAS,SYF,0.45475772413769544,63,0.00020463712421572104,15,5,External
CTAS,TPR,0.49040398748227937,63,5.206028359781255e-05,15,15,Internal
CTAS,TT,0.4383099876479594,63,0.0003664667457766074,15,20,External
CTAS,URI,0.40627481128543913,63,0.0010511631577965299,15,15,Internal
CTAS,USB,0.484230473609903,63,6.671299985057551e-05,15,5,External
CTAS,VRTX,-0.45513587446617854,63,0.00020184350317177573,15,1,External
CTAS,WBD,0.5690401210780176,63,1.394583367103542e-06,15,15,Internal
CTAS,WELL,0.43439825639304186,63,0.0004191393202743037,15,15,Internal
CTRA,EQT,0.6098048138354694,63,1.433436048556021e-07,18,18,Internal
CTRA,FDS,-0.40087177207322056,63,0.0012431093823997786,18,9,External
CTRA,NVDA,-0.4222252273448841,63,0.0006301444147580953,18,1,External
CTSH,ETN,0.5060629109203486,63,2.7155353657822127e-05,5,20,External
CTSH,GIS,-0.4261836262028523,63,0.0005528174370198709,5,1,External
CTSH,GL,0.476932795906254,63,8.889903548634562e-05,5,5,Internal
CTSH,IP,0.42408187624925914,63,0.0005927305174456072,5,5,Internal
CTSH,IT,0.425245316950533,63,0.0005703246716113747,5,5,Internal
CTSH,JPM,0.49182768889752365,63,4.9133090080519065e-05,5,5,Internal
CTSH,MET,0.43879372287596574,63,0.00036039046714586017,5,5,Internal
CTSH,MS,0.4314564525025985,63,0.00046319241264306573,5,5,Internal
CTSH,MTB,0.47115634845872545,63,0.00011107496802080745,5,5,Internal
CTSH,OMC,0.4214665442389743,63,0.0006460395063803588,5,5,Internal
CTSH,PFG,0.40398775831194644,63,0.001128886422481717,5,5,Internal
CTSH,REGN,-0.42035318718602993,63,0.0006700237670133633,5,1,External
CTSH,RJF,0.4126219321823547,63,0.0008600858193859442,5,5,Internal
CTSH,SWK,0.40749157453450413,63,0.0010118098706195441,5,5,Internal
CTSH,TFC,0.43612654263129075,63,0.0003950718204118354,5,5,Internal
CTSH,TPR,0.42327653380457175,63,0.0006087044797189851,5,15,External
CTSH,USB,0.5033454203447394,63,3.0472167110548793e-05,5,5,Internal
CTSH,WFC,0.4614212487114928,63,0.00016023857431225806,5,5,Internal
CTVA,DG,-0.4320281797981271,63,0.0004543148185469695,15,1,External
CTVA,IRM,0.43732827509391703,63,0.0003790860440742189,15,15,Internal
CTVA,LYB,0.42051311378372885,63,0.00066652968569999,15,5,External
CTVA,MET,0.44781001173000884,63,0.00026268653065365685,15,5,External
CTVA,TECH,-0.40953942957018813,63,0.0009485680533689929,15,1,External
CTVA,VRTX,-0.40935745045080674,63,0.0009540398710009165,15,1,External
CTVA,WAB,0.5456833812423761,63,4.5005685847026385e-06,15,15,Internal
CVS,HSIC,0.40782115642383127,63,0.0010013816119731178,1,20,External
CVS,MA,-0.44428890420635897,63,0.0002975254910286002,1,1,Internal
CVS,MO,0.47189524624726426,63,0.00010797925899101855,1,15,External
CVS,STZ,0.40561072155542793,63,0.001073218841055801,1,15,External
CVS,V,-0.4471567724674942,63,0.0002688538245637751,1,1,Internal
CVX,DE,0.4329822010741657,63,0.00043984500025027513,11,5,External
CVX,DVN,0.6427426124122947,63,1.7786360781352663e-08,11,11,Internal
CVX,EMR,0.4454940726876928,63,0.0002851529530428606,11,20,External
CVX,EOG,0.7096332767646877,63,1.068701981229738e-10,11,11,Internal
CVX,FANG,0.7029210765530638,63,1.9020965222563366e-10,11,11,Internal
CVX,FAST,-0.43740303543440034,63,0.00037811130326914513,11,1,External
CVX,FITB,0.41501033851839686,63,0.0007967327292009412,11,5,External
CVX,HAL,0.6515324565071379,63,9.762502012272753e-09,11,11,Internal
CVX,MCK,-0.41719143503119005,63,0.0007425982253917899,11,1,External
CVX,OKE,0.43672554322352136,63,0.000387028589571442,11,11,Internal
CVX,OXY,0.6487706987371495,63,1.181203686816785e-08,11,11,Internal
CVX,PSX,0.6021944856251468,63,2.245610698685677e-07,11,11,Internal
CVX,SLB,0.6370611252544268,63,2.5947650200574983e-08,11,11,Internal
CVX,TYL,-0.4659515436708308,63,0.00013530040034550063,11,1,External
CVX,UNP,0.43772978070906776,63,0.00037387786646952335,11,20,External
CVX,VLO,0.501118849251308,63,3.3465261875775675e-05,11,11,Internal
CVX,XOM,0.7578494942475171,63,9.96401197618089e-13,11,11,Internal
D,DTE,0.5339990109490643,63,7.830075817340898e-06,7,7,Internal
D,DUK,0.7578185472845212,63,9.997390207637898e-13,7,7,Internal
D,ECL,0.40343988875057324,63,0.0011482574802406389,7,7,Internal
D,ED,0.6339909021379502,63,3.172042784002961e-08,7,7,Internal
D,EIX,0.44557623965198273,63,0.00028432676085391546,7,7,Internal
D,ES,0.57653408985503,63,9.39238947877176e-07,7,7,Internal
D,ETR,0.6072442606223999,63,1.669333765718495e-07,7,7,Internal
D,EVRG,0.6070620021812598,63,1.6874484885345973e-07,7,7,Internal
D,EXC,0.4881907381260993,63,5.6932034192932173e-05,7,7,Internal
D,FE,0.5842399813521097,63,6.190823898496415e-07,7,7,Internal
D,LNT,0.5898490154118986,63,4.5396050378566244e-07,7,7,Internal
D,NEE,0.5772912178323254,63,9.019747000151048e-07,7,7,Internal
D,NI,0.4920507698703049,63,4.868845165555593e-05,7,7,Internal
D,PCG,0.48550670753161335,63,6.340360771737388e-05,7,7,Internal
D,PEG,0.46226694989777734,63,0.00015528518474290523,7,7,Internal
D,PNW,0.6155390489201391,63,1.0140551992153957e-07,7,7,Internal
D,SO,0.6635853964073053,63,4.151988184595379e-09,7,7,Internal
D,SRE,0.48989318147210487,63,5.3149191492108414e-05,7,7,Internal
D,STT,-0.4063273532878711,63,0.0010494357083619937,7,5,External
D,WEC,0.5869819457669826,63,5.323564616048604e-07,7,7,Internal
D,XEL,0.7013263953821407,63,2.1762193149704604e-10,7,7,Internal
DAL,DE,0.5100359870894776,63,2.2904073585179335e-05,5,5,Internal
DAL,DG,-0.5165979521622218,63,1.720880476670184e-05,5,1,External
DAL,DIS,0.43715362782321526,63,0.00038137205615935196,5,5,Internal
DAL,DOC,0.4294169172905834,63,0.0004961616656745149,5,15,External
DAL,DOW,0.522864689978827,63,1.302431917507626e-05,5,5,Internal
DAL,DPZ,-0.46680414182479246,63,0.00013102597856036596,5,1,External
DAL,EA,-0.5472249226856507,63,4.1769512892215e-06,5,1,External
DAL,ETN,0.41355573428522996,63,0.0008347936580381711,5,20,External
DAL,EXPE,0.5613568231788741,63,2.0706761455632952e-06,5,15,External
DAL,F,0.5655707714952243,63,1.669149913032388e-06,5,5,Internal
DAL,FITB,0.4908837667918893,63,5.105631397130533e-05,5,5,Internal
DAL,FRT,0.6055708351295039,63,1.8427667732529906e-07,5,15,External
DAL,GD,0.4459761507109705,63,0.00028033675587966486,5,5,Internal
DAL,GE,0.6158512373336316,63,9.949279752129628e-08,5,5,Internal
DAL,GL,0.4427478558197105,63,0.00031405968650021653,5,5,Internal
DAL,GM,0.5061270533080844,63,2.7081268767932616e-05,5,15,External
DAL,GS,0.437334020165288,63,0.00037901105754085246,5,5,Internal
DAL,HAL,0.4004667300342643,63,0.0012586966785284029,5,11,External
DAL,HBAN,0.5156693016156869,63,1.7925784878869175e-05,5,5,Internal
DAL,HIG,0.5599287706658559,63,2.2261094302705523e-06,5,5,Internal
DAL,HON,0.5529708608113443,63,3.1523346792228247e-06,5,20,External
DAL,HPE,0.4816736865651195,63,7.382716111960653e-05,5,5,Internal
DAL,HSIC,0.4076493357319381,63,0.0010068060076018092,5,20,External
DAL,HST,0.5451817844948594,63,4.61081693704715e-06,5,15,External
DAL,HWM,0.5333288125650735,63,8.077744512805216e-06,5,5,Internal
DAL,IDXX,-0.47350599966068263,63,0.00010150383216649445,5,1,External
DAL,INCY,-0.5198761498735721,63,1.4885215093183032e-05,5,1,External
DAL,INTU,-0.6151128944627887,63,1.0407251124332449e-07,5,1,External
DAL,IP,0.5260976043653817,63,1.125620252078523e-05,5,5,Internal
DAL,IR,0.4738347851852629,63,0.0001002267826436949,5,15,External
DAL,IRM,0.4370157996972115,63,0.00038318498732272874,5,15,External
DAL,IVZ,0.40288824754584046,63,0.0011680638893795902,5,5,Internal
DAL,JBL,0.5220202384611154,63,1.352693098982148e-05,5,15,External
DAL,JKHY,-0.4852722582361715,63,6.399996624712786e-05,5,1,External
DAL,JPM,0.4653412010465219,63,0.0001384385090031971,5,5,Internal
DAL,KEY,0.5789446916486124,63,8.253612568668351e-07,5,5,Internal
DAL,KEYS,-0.42325327357697545,63,0.0006091715924232432,5,0,External
DAL,KIM,0.6672144593799617,63,3.185110622782905e-09,5,15,External
DAL,L,0.5620451616552213,63,1.9994385723459037e-06,5,5,Internal
DAL,LUV,0.8024500280651301,63,4.457071302210771e-15,5,5,Internal
DAL,LW,0.5466526928238142,63,4.294456710761035e-06,5,15,External
DAL,LYB,0.6285506565403209,63,4.503912137631439e-08,5,5,Internal
DAL,LYV,0.5309617097353165,63,9.012105893646827e-06,5,15,External
DAL,MAR,0.4730305686658204,63,0.00010337695514314285,5,15,External
DAL,MET,0.6736586373855129,63,1.9711388271043602e-09,5,5,Internal
DAL,MGM,0.47339595461720857,63,0.00010193459429188018,5,15,External
DAL,MHK,0.46639654421932814,63,0.00013305371730649274,5,15,External
DAL,MLM,0.45264057623604237,63,0.00022094222284200997,5,5,Internal
DAL,MO,0.4041725837874534,63,0.001122418258720927,5,15,External
DAL,MOS,0.4588340092338096,63,0.00017630590283812135,5,5,Internal
DAL,MS,0.4025238336582593,63,0.0011813162019992836,5,5,Internal
DAL,MSFT,-0.5207357472766455,63,1.4326118494220744e-05,5,1,External
DAL,MTB,0.5723948590131646,63,1.1698239039873272e-06,5,5,Internal
DAL,NCLH,0.7219815570142861,63,3.5430193720659914e-11,5,15,External
DAL,NVDA,-0.49949350874258513,63,3.581948950407346e-05,5,1,External
DAL,O,0.487221911016421,63,5.919419614859898e-05,5,15,External
DAL,OMC,0.4599154486563947,63,0.00016941839805351304,5,5,Internal
DAL,ORLY,-0.5342693207081327,63,7.732200740040753e-06,5,1,External
DAL,OTIS,0.4290589144259376,63,0.0005021640570700391,5,15,External
DAL,PFG,0.7140375620831982,63,7.256287807049483e-11,5,5,Internal
DAL,PH,0.4857366613905283,63,6.282366691501963e-05,5,15,External
DAL,PKG,0.42488550627750477,63,0.0005771704995657308,5,20,External
DAL,PNC,0.4259880147855602,63,0.0005564264367628522,5,5,Internal
DAL,PNR,0.444922537994103,63,0.0002909606759986107,5,20,External
DAL,PRU,0.6441217618194478,63,1.6209211743060034e-08,5,5,Internal
DAL,PSKY,0.4514491445070955,63,0.00023063228477406166,5,5,Internal
DAL,RCL,0.5803725710963974,63,7.641569710660631e-07,5,15,External
DAL,REG,0.6912752531077812,63,4.984517982783027e-10,5,15,External
DAL,REGN,-0.477284896173789,63,8.768909169601205e-05,5,1,External
DAL,RF,0.5017019053458129,63,3.265623706453892e-05,5,5,Internal
DAL,RJF,0.43410259035847665,63,0.0004233878289767076,5,5,Internal
DAL,RTX,0.40910423134426077,63,0.0009617011659486435,5,15,External
DAL,SLB,0.42471815374106686,63,0.0005803799136424885,5,11,External
DAL,SNA,0.4053162068856248,63,0.0010831330800552008,5,15,External
DAL,SNPS,-0.4224111044243032,63,0.000626304592628408,5,1,External
DAL,SPG,0.6200764920164744,63,7.673126723678232e-08,5,15,External
DAL,STT,0.45810050146038467,63,0.0001811225143522878,5,5,Internal
DAL,SWK,0.4214545369239041,63,0.0006462939655683613,5,5,Internal
DAL,SYF,0.5595354186850248,63,2.2708022138903034e-06,5,5,Internal
DAL,SYY,0.40772700490034713,63,0.0010043507102307414,5,15,External
DAL,TAP,0.41335026056260504,63,0.0008403005251900855,5,5,Internal
DAL,TDG,0.6362837586139304,63,2.730726205439145e-08,5,5,Internal
DAL,TECH,-0.4032109905737127,63,0.0011564389413905214,5,1,External
DAL,TFC,0.5716149632635612,63,1.2188193248670846e-06,5,5,Internal
DAL,TMO,-0.5360342084474341,63,7.120647534412723e-06,5,1,External
DAL,TPR,0.4957565577811078,63,4.1825200953223144e-05,5,15,External
DAL,TRV,0.5551402011711117,63,2.8306905053245377e-06,5,5,Internal
DAL,TSCO,-0.43303221151876764,63,0.00043909817592103004,5,1,External
DAL,TSN,0.5466225700986855,63,4.30072700182349e-06,5,5,Internal
DAL,TXT,0.6827271334331334,63,9.829083864966245e-10,5,5,Internal
DAL,UAL,0.927871105108799,63,2.1780162804662405e-27,5,5,Internal
DAL,USB,0.5388771189493116,63,6.229495450899041e-06,5,5,Internal
DAL,VICI,0.5630953832491711,63,1.8951547171062427e-06,5,5,Internal
DAL,VRSN,-0.6191297668471442,63,8.135723523509332e-08,5,1,External
DAL,VRTX,-0.6014692029065026,63,2.3423404689617702e-07,5,1,External
DAL,VTR,0.5290018423599965,63,9.860851604896797e-06,5,15,External
DAL,VTRS,0.42349855613378945,63,0.0006042621396296486,5,5,Internal
DAL,WAB,0.5387899331531917,63,6.2552043708615335e-06,5,15,External
DAL,WELL,0.433243400278638,63,0.00043595712022537355,5,15,External
DAL,WFC,0.552137740099704,63,3.2846974568388097e-06,5,5,Internal
DAL,WMT,-0.5188858947080798,63,1.5554393389796792e-05,5,1,External
DAL,WRB,0.46857184591083934,63,0.00012255609414435462,5,5,Internal
DAL,WST,-0.4681475394718921,63,0.00012454195898447415,5,1,External
DAL,WY,0.4349737636067182,63,0.000410980761493822,5,15,External
DAY,EPAM,0.49137784078803176,63,5.004114321247573e-05,15,1,External
DAY,EQR,0.4151286785878663,63,0.0007937063927687529,15,15,Internal
DAY,FRT,0.4061413663258697,63,0.0010555620245822823,15,15,Internal
DAY,GIS,-0.4294202258226301,63,0.0004961064990932442,15,1,External
DAY,INVH,0.4368078123834329,63,0.00038593562413790966,15,15,Internal
DAY,IT,0.4168322064915169,63,0.0007512786756949408,15,5,External
DAY,O,0.45668289866846296,63,0.00019077449905978249,15,15,Internal
DAY,PAYC,0.7044198528210062,63,1.6746651860030222e-10,15,15,Internal
DAY,REG,0.42141792473646794,63,0.0006470704124183534,15,15,Internal
DAY,SNA,0.40831433467941153,63,0.000985958061322352,15,15,Internal
DAY,VICI,0.41059177004329594,63,0.0009174777445756578,15,5,External
DAY,VZ,-0.518979400090325,63,1.5490031215053023e-05,15,1,External
DAY,WMT,-0.47607327244500136,63,9.191750164106421e-05,15,1,External
DAY,XYZ,0.47888768274068416,63,8.237054797437273e-05,15,1,External
DD,DHR,-0.4362189043178468,63,0.0003938217682662694,5,1,External
DD,DOC,0.4994566065566601,63,3.5874677227190914e-05,5,15,External
DD,DOV,0.4762938581864592,63,9.11339822234814e-05,5,20,External
DD,DOW,0.5613928758145756,63,2.0668868030508768e-06,5,5,Internal
DD,DRI,0.46706587052208315,63,0.00012973891812301247,5,15,External
DD,EA,-0.5014317514522066,63,3.3028813822839166e-05,5,1,External
DD,EMR,0.4330586290869976,63,0.00043870413843956037,5,20,External
DD,EXPE,0.4034867673417968,63,0.0011465883544885885,5,15,External
DD,F,0.45285790424357797,63,0.00021921536486467467,5,5,Internal
DD,FITB,0.4698445725102297,63,0.00011677257225144384,5,5,Internal
DD,FRT,0.5415037580973698,63,5.499613712843295e-06,5,15,External
DD,GL,0.4949840029524251,63,4.317750801989676e-05,5,5,Internal
DD,GM,0.5224917042706672,63,1.3244138096894604e-05,5,15,External
DD,HBAN,0.5459135252914481,63,4.450811995544414e-06,5,5,Internal
DD,HIG,0.5829789842002545,63,6.632709438016454e-07,5,5,Internal
DD,HON,0.5050936906794311,63,2.8297911116909184e-05,5,20,External
DD,IFF,0.45746799105435415,63,0.00018537240136201676,5,15,External
DD,IP,0.44598527727445375,63,0.0002802462977466654,5,5,Internal
DD,IR,0.42871093596422827,63,0.0005080615285509703,5,15,External
DD,IRM,0.4179537416600601,63,0.0007244777248634498,5,15,External
DD,JCI,0.43130303567388956,63,0.00046560130937467627,5,5,Internal
DD,JPM,0.41839365785250043,63,0.0007142037303141461,5,5,Internal
DD,KEY,0.5242210119953615,63,1.2253238673021687e-05,5,5,Internal
DD,KIM,0.5013927446452014,63,3.308293308792363e-05,5,15,External
DD,L,0.507566172810739,63,2.5467513410369054e-05,5,5,Internal
DD,LIN,0.4106942171120124,63,0.0009145007549035371,5,15,External
DD,LKQ,0.5376353200678106,63,6.605133461087018e-06,5,15,External
DD,LUV,0.40206519037904415,63,0.0011981876238994903,5,5,Internal
DD,LYB,0.4693866101473788,63,0.00011882411552602509,5,5,Internal
DD,MAS,0.4563325178826523,63,0.00019323162740762865,5,15,External
DD,MET,0.547075571956504,63,4.207327001937262e-06,5,5,Internal
DD,MHK,0.4680820108486506,63,0.00012485127148697574,5,15,External
DD,MOS,0.4213650644765239,63,0.0006481929290655769,5,5,Internal
DD,MSFT,-0.5427091406394732,63,5.192098361767322e-06,5,1,External
DD,MTB,0.5312769558576763,63,8.882110296088214e-06,5,5,Internal
DD,NDSN,0.4525485434440817,63,0.000221677246147528,5,5,Internal
DD,NFLX,-0.42750829234239024,63,0.000528931433763815,5,1,External
DD,NWS,0.4219110873303146,63,0.0006366824146039516,5,15,External
DD,NWSA,0.4431842002938263,63,0.0003092949957300686,5,15,External
DD,O,0.5043096842312539,63,2.9254536679375973e-05,5,15,External
DD,PFG,0.4992128276684806,63,3.624123289080507e-05,5,5,Internal
DD,PG,-0.4274781476920358,63,0.0005294644033651319,5,1,External
DD,PH,0.5055320008512565,63,2.777580676933512e-05,5,15,External
DD,PKG,0.43809391171800677,63,0.00036921094901059604,5,20,External
DD,PNC,0.5443993079609425,63,4.7878456115388905e-06,5,5,Internal
DD,PPG,0.4227041260612592,63,0.0006202944566584487,5,5,Internal
DD,PPL,0.4395345286617231,63,0.00035126286679304963,5,7,External
DD,PRU,0.43060872758294083,63,0.00047664613987446515,5,5,Internal
DD,PSKY,0.4125035866555219,63,0.0008633401812509667,5,5,Internal
DD,PWR,0.4044601619309101,63,0.001112420534031099,5,20,External
DD,REG,0.4786370277435581,63,8.318220874402278e-05,5,15,External
DD,RF,0.5353624108142296,63,7.347915355058714e-06,5,5,Internal
DD,RJF,0.510722907795128,63,2.2234881400413512e-05,5,5,Internal
DD,RL,0.5961907197530855,63,3.173890225247485e-07,5,15,External
DD,ROK,0.48794145333554284,63,5.7506349948844074e-05,5,20,External
DD,RTX,0.40669954727195645,63,0.0010372720094515072,5,15,External
DD,SNA,0.6197415233475084,63,7.833889178405992e-08,5,15,External
DD,SPG,0.4349435542095644,63,0.0004114053977455958,5,15,External
DD,SWK,0.49621689891377885,63,4.1038132026399324e-05,5,5,Internal
DD,SYF,0.5866528052102924,63,5.421286865754755e-07,5,5,Internal
DD,SYY,0.41905491847334325,63,0.0006990083990122448,5,15,External
DD,TEL,0.45696078817991803,63,0.00018884611613267284,5,15,External
DD,TFC,0.47647595857556285,63,9.049179952536941e-05,5,5,Internal
DD,TMO,-0.4258604385710126,63,0.0005587917056118619,5,1,External
DD,TPR,0.46326680812900595,63,0.0001496102259765937,5,15,External
DD,TROW,0.4385143133757499,63,0.00036388888023604755,5,5,Internal
DD,TRV,0.42475099635529207,63,0.0005797487982149407,5,5,Internal
DD,TTWO,-0.4172064629606557,63,0.0007422370745349151,5,1,External
DD,TXT,0.4662058582439903,63,0.00013401220982413032,5,5,Internal
DD,USB,0.49536716231197975,63,4.250184045245625e-05,5,5,Internal
DD,VRTX,-0.4364582278099751,63,0.00039059942662944205,5,1,External
DD,VTR,0.40092518012337097,63,0.0012410670873027566,5,15,External
DD,WAB,0.5309497528698236,63,9.017071143291553e-06,5,15,External
DD,WBD,0.40298204672332366,63,0.0011646745168198038,5,15,External
DD,WELL,0.48538747024866147,63,6.370626293811962e-05,5,15,External
DD,WFC,0.4696202568735335,63,0.00011777334158536744,5,5,Internal
DD,WRB,0.43471006823039793,63,0.00041470087158167434,5,5,Internal
DD,WY,0.4122375421175122,63,0.0008706967500107112,5,15,External
DE,DOV,0.5395878174834022,63,6.02357262429954e-06,5,20,External
DE,DOW,0.4686549398508967,63,0.00012217061554277176,5,5,Internal
DE,EA,-0.5008737118078603,63,3.381091136934286e-05,5,1,External
DE,EG,0.41575183444321034,63,0.0007779411336382815,5,5,Internal
DE,ELV,-0.4228129281877448,63,0.0006180761747389153,5,1,External
DE,EMR,0.6241393702726771,63,5.955263137381814e-08,5,20,External
DE,EOG,0.46687645600583916,63,0.00013066920382021361,5,11,External
DE,ETN,0.5036707768767993,63,3.0056171546966256e-05,5,20,External
DE,EXR,0.4088725059167354,63,0.0009687607683316207,5,7,External
DE,FANG,0.451988015101315,63,0.00022620243731506402,5,11,External
DE,FDX,0.5779940344663539,63,8.686288378079033e-07,5,20,External
DE,FITB,0.5863327398391646,63,5.517928535777015e-07,5,5,Internal
DE,GD,0.4344761824572353,63,0.0004180260575406665,5,5,Internal
DE,GE,0.5863105501583901,63,5.524688193038493e-07,5,5,Internal
DE,GS,0.47648982404363893,63,9.044307356658216e-05,5,5,Internal
DE,HAL,0.580167293205456,63,7.726858040211487e-07,5,11,External
DE,HBAN,0.5695090007925404,63,1.3609042475287112e-06,5,5,Internal
DE,HON,0.6649347673197388,63,3.763849892730024e-09,5,20,External
DE,HPE,0.4459555808776283,63,0.0002805407320017061,5,5,Internal
DE,HST,0.42372745097452746,63,0.0005997130921841086,5,15,External
DE,HUM,-0.4737273619542455,63,0.00010064239494676972,5,1,External
DE,HWM,0.5565617268241418,63,2.636852254788325e-06,5,5,Internal
DE,INTU,-0.5009812881311579,63,3.365882143107462e-05,5,1,External
DE,IP,0.47237683018640897,63,0.00010600451096555974,5,5,Internal
DE,IT,0.4778688070702431,63,8.571593203291611e-05,5,5,Internal
DE,ITW,0.41509136673110897,63,0.0007946594528782359,5,20,External
DE,J,0.5293093983194721,63,9.722915986405069e-06,5,20,External
DE,JPM,0.5580330131530709,63,2.4493488493234675e-06,5,5,Internal
DE,KEY,0.6287662528703505,63,4.4423443367875745e-08,5,5,Internal
DE,L,0.47007666455319297,63,0.00011574533951472674,5,5,Internal
DE,LKQ,0.4065059582992075,63,0.0010435827455532228,5,15,External
DE,LUV,0.5181250400369747,63,1.6087419006874224e-05,5,5,Internal
DE,LYB,0.43970492178564247,63,0.00034919345476612913,5,5,Internal
DE,MET,0.5159099939881634,63,1.7737338699355922e-05,5,5,Internal
DE,MOH,-0.4709426837596677,63,0.00011198523105200078,5,1,External
DE,MS,0.480610428298091,63,7.698638055507371e-05,5,5,Internal
DE,MSFT,-0.5639166442753837,63,1.8171770548121116e-06,5,1,External
DE,MTB,0.5651676946081484,63,1.7041428975428357e-06,5,5,Internal
DE,NEM,-0.43631144989587695,63,0.0003925728404585356,5,1,External
DE,NFLX,-0.48034081919043775,63,7.780701712517107e-05,5,1,External
DE,NSC,0.479971261292036,63,7.89449751724562e-05,5,20,External
DE,NTRS,0.48682615132527757,63,6.014190845531512e-05,5,5,Internal
DE,NVDA,-0.497766174659252,63,3.848873473617975e-05,5,1,External
DE,ORLY,-0.41933152949497216,63,0.0006927393790285276,5,1,External
DE,PAYX,0.4017354370403059,63,0.0012104514861170713,5,20,External
DE,PFG,0.43777162677400444,63,0.00037333882319196394,5,5,Internal
DE,PH,0.40791549647503994,63,0.0009984145130329627,5,15,External
DE,PNC,0.5586001916113933,63,2.380455976681483e-06,5,5,Internal
DE,PRU,0.45016160771786323,63,0.00024153971475435936,5,5,Internal
DE,RF,0.5241223248210205,63,1.230787839465926e-05,5,5,Internal
DE,RJF,0.48122110850160166,63,7.515699291547606e-05,5,5,Internal
DE,SCHW,0.4914873386158375,63,4.981869726587643e-05,5,5,Internal
DE,SLB,0.5609140876858971,63,2.1177434571219012e-06,5,11,External
DE,SNPS,-0.4238381049888657,63,0.0005975251155275562,5,1,External
DE,STT,0.4352609408924127,63,0.00040696395020783905,5,5,Internal
DE,SWK,0.476623455037114,63,8.997470454455324e-05,5,5,Internal
DE,SYF,0.5512004363076951,63,3.439812424189164e-06,5,5,Internal
DE,TDG,0.47468067131046837,63,9.700885783467861e-05,5,5,Internal
DE,TDY,0.42101819003205165,63,0.0006556028934570783,5,20,External
DE,TFC,0.5384086194164874,63,6.3688109351328625e-06,5,5,Internal
DE,TRMB,0.448682611214169,63,0.00025464984735479643,5,5,Internal
DE,TRV,0.4880404180994759,63,5.7277712615650124e-05,5,5,Internal
DE,TSLA,-0.46791918396529897,63,0.00012562291511625327,5,1,External
DE,TXT,0.5559696272049953,63,2.716031239945828e-06,5,5,Internal
DE,UAL,0.44062517097522796,63,0.00033820791486240587,5,5,Internal
DE,UNP,0.5746726414287582,63,1.0370862299697815e-06,5,20,External
DE,URI,0.4073810705962668,63,0.0010153281781232445,5,15,External
DE,USB,0.577693039157222,63,8.827657239658936e-07,5,5,Internal
DE,VMC,0.4404393374889734,63,0.0003404005881363579,5,5,Internal
DE,VRSN,-0.5250648036180362,63,1.1795183625659406e-05,5,1,External
DE,VRTX,-0.43258754395709237,63,0.00044577921861891105,5,1,External
DE,WAB,0.4994291588550129,63,3.5915776646403206e-05,5,15,External
DE,WDC,0.4139681462083052,63,0.0008238390135590738,5,0,External
DE,WFC,0.5226825782818196,63,1.3131219391099297e-05,5,5,Internal
DE,WRB,0.438658900483061,63,0.0003620746985285649,5,5,Internal
DE,XOM,0.5125535162446724,63,2.0539028892166973e-05,5,11,External
DE,XYL,0.412050132407712,63,0.0008759128879472428,5,20,External
DG,GIS,0.44050197885742687,63,0.00033966003078807953,1,1,Internal
DG,GM,-0.5110398344045426,63,2.193228752360791e-05,1,15,External
DG,HBAN,-0.40075056285279104,63,0.0012477555825814836,1,5,External
DG,IT,-0.4049312737314377,63,0.0010962155108860368,1,5,External
DG,KIM,-0.44721032944034905,63,0.00026834325497492983,1,15,External
DG,KR,0.4464731018095905,63,0.00027544982277199836,1,1,Internal
DG,LUV,-0.4050756281603901,63,0.001091292850433896,1,5,External
DG,MET,-0.46735544677843355,63,0.000128328451395693,1,5,External
DG,PEP,0.4269721957870428,63,0.0005384829264113722,1,1,Internal
DG,PFG,-0.572149499022323,63,1.1850354749210492e-06,1,5,External
DG,REG,-0.4022839612731034,63,0.0011901131555316852,1,15,External
DG,ROL,0.43333943112362844,63,0.0004345356049125896,1,1,Internal
DG,SJM,0.4671881636547478,63,0.00012914152578307213,1,1,Internal
DG,SNA,-0.41513532081934573,63,0.0007935368380932908,1,15,External
DG,SYF,-0.4637995109108796,63,0.0001466650269279172,1,5,External
DG,UAL,-0.48168106275145084,63,7.380566803485725e-05,1,5,External
DG,VICI,-0.46205088152066887,63,0.0001565371903434278,1,5,External
DG,VRSN,0.4049128977297041,63,0.0010968435885128005,1,1,Internal
DG,VRTX,0.41764613222044356,63,0.0007317410585646356,1,1,Internal
DG,WMT,0.5070185489225455,63,2.6070785756770928e-05,1,1,Internal
DGX,EFX,0.41436776183965673,63,0.0008133484168397546,15,15,Internal
DGX,LH,0.7392918562399025,63,6.798543389235044e-12,15,15,Internal
DGX,MAS,0.4251147425574564,63,0.000572800440949544,15,15,Internal
DGX,POOL,0.4003921954539676,63,0.0012615840871140925,15,1,External
DGX,YUM,0.4603580261080722,63,0.0001666715101048631,15,7,External
DHI,DOC,0.45585784996373674,63,0.00019660657946117527,15,15,Internal
DHI,FFIV,0.4940926160761338,63,4.478798668966276e-05,15,20,External
DHI,GLW,0.4129992037456414,63,0.0008497851612381584,15,15,Internal
DHI,GPN,0.41403068543697313,63,0.0008221892189733102,15,15,Internal
DHI,IFF,0.5042396991507393,63,2.934137087265484e-05,15,15,Internal
DHI,IP,0.4524041056941411,63,0.00022283531475197218,15,5,External
DHI,ITW,0.44039624979632574,63,0.00034091083262487073,15,20,External
DHI,LEN,0.8518959080913598,63,1.6732768393720258e-18,15,15,Internal
DHI,MAA,0.4689572882939207,63,0.00012077738045627232,15,15,Internal
DHI,MMM,0.4050834101427516,63,0.0010910280422879507,15,20,External
DHI,NVR,0.6942896835689486,63,3.9013204273402416e-10,15,15,Internal
DHI,PHM,0.7598213483450929,63,8.043462682274211e-13,15,15,Internal
DHI,PWR,0.4077506479377013,63,0.001003604373721005,15,20,External
DHI,ROK,0.4264907971104758,63,0.0005471930454555335,15,20,External
DHI,RTX,0.4202172361239384,63,0.0006730070706653984,15,15,Internal
DHI,STZ,0.42548510832214187,63,0.0005658033582971727,15,15,Internal
DHI,ULTA,0.4399684016929001,63,0.00034601537934013594,15,15,Internal
DHI,WAB,0.42874700765478513,63,0.0005074472827380828,15,15,Internal
DHI,WELL,0.4935965139367332,63,4.5708167772894505e-05,15,15,Internal
DHI,ZBRA,0.4494026242035776,63,0.0002481883779701044,15,15,Internal
DHR,DIS,-0.45665052942812223,63,0.0001910002905000962,1,5,External
DHR,EA,0.45433751932144884,63,0.00020778291005016524,1,1,Internal
DHR,EQIX,0.44070376047100823,63,0.00033728450776327075,1,7,External
DHR,EXPE,-0.43373935588633644,63,0.00042866087400846904,1,15,External
DHR,FRT,-0.5408559190655585,63,5.671826622604365e-06,1,15,External
DHR,GM,-0.5131280029268551,63,2.0032089798894917e-05,1,15,External
DHR,HBAN,-0.42470015321939597,63,0.0005807260824920731,1,5,External
DHR,HIG,-0.4302932796554084,63,0.00048174242415414297,1,5,External
DHR,HON,-0.4342890043251034,63,0.00042070465385528154,1,20,External
DHR,HPE,-0.4358910827126935,63,0.00039827497089243004,1,5,External
DHR,HST,-0.5051748626081697,63,2.820054043367863e-05,1,15,External
DHR,HWM,-0.4761049524251981,63,9.180459456727415e-05,1,5,External
DHR,IDXX,0.40947155185965106,63,0.0009506057047822059,1,1,Internal
DHR,IR,-0.43133703433839454,63,0.0004650664941532115,1,15,External
DHR,JBL,-0.4448874886657588,63,0.0002913203238054844,1,15,External
DHR,JNJ,0.5731439080803185,63,1.1245096773431422e-06,1,1,Internal
DHR,KEY,-0.4285831058130816,63,0.0005102437227814763,1,5,External
DHR,KIM,-0.4726415591540608,63,0.0001049331804597428,1,15,External
DHR,L,-0.5170048983412049,63,1.690308424261745e-05,1,5,External
DHR,LKQ,-0.41521784226584874,63,0.000791433062591744,1,15,External
DHR,LUV,-0.4474491210557611,63,0.0002660775658305322,1,5,External
DHR,LYB,-0.4225499953703384,63,0.0006234492644394865,1,5,External
DHR,LYV,-0.41490213838674034,63,0.0007995088836652229,1,15,External
DHR,MAR,-0.5043758040979496,63,2.9172716968538448e-05,1,15,External
DHR,MGM,-0.47152977295528725,63,0.0001095004036125129,1,15,External
DHR,MHK,-0.4496166643725971,63,0.0002462966608819469,1,15,External
DHR,MOS,-0.5095998562736834,63,2.3338589977467328e-05,1,5,External
DHR,MPC,-0.43991288383938787,63,0.0003466828308309151,1,11,External
DHR,MRK,0.4257150124178992,63,0.0005614990405928576,1,1,Internal
DHR,MTB,-0.4714561991340096,63,0.00010980899885836435,1,5,External
DHR,NCLH,-0.5543345934666679,63,2.9463757675231912e-06,1,15,External
DHR,NWS,-0.44172193228321555,63,0.0003255272561144818,1,15,External
DHR,NWSA,-0.41372398838776836,63,0.0008303086246717195,1,15,External
DHR,PFG,-0.41289327608641097,63,0.0008526659909354316,1,5,External
DHR,PRU,-0.4018972314811208,63,0.0012044201373890566,1,5,External
DHR,PSKY,-0.44592084678838406,63,0.0002808854724269567,1,5,External
DHR,REG,-0.5224845122242793,63,1.3248410415295747e-05,1,15,External
DHR,RF,-0.4306627736066012,63,0.00047577792191518025,1,5,External
DHR,RJF,-0.43024147662912765,63,0.00048258405699272866,1,5,External
DHR,RL,-0.41496716812186524,63,0.0007978393304858165,1,15,External
DHR,RMD,0.40892476535111627,63,0.0009671645931637053,1,1,Internal
DHR,SNA,-0.4683626218651723,63,0.0001235316529062749,1,15,External
DHR,SYF,-0.4399066458132033,63,0.00034675789945672443,1,5,External
DHR,SYY,-0.4220809382610138,63,0.0006331398177982626,1,15,External
DHR,T,-0.45446800733799286,63,0.00020680132963478572,1,5,External
DHR,TMO,0.5841248855726904,63,6.229979954871348e-07,1,1,Internal
DHR,UAL,-0.40050047073825085,63,0.001257391547468861,1,5,External
DHR,USB,-0.4212324755372049,63,0.0006510162973919645,1,5,External
DHR,VLO,-0.40142804511192903,63,0.0012219853435432783,1,11,External
DHR,VRSN,0.4541153135363737,63,0.00020946424459477038,1,1,Internal
DHR,VTRS,-0.5038555788697369,63,2.9822234884739442e-05,1,5,External
DHR,WAB,-0.4804101247511799,63,7.7595298733869e-05,1,15,External
DHR,WRB,-0.5054205474286934,63,2.790771452673759e-05,1,5,External
DHR,WY,-0.453559286505916,63,0.00021372616282998237,1,15,External
DIS,EA,-0.42015039339372495,63,0.0006744782728270873,5,1,External
DIS,ELV,-0.422028559897106,63,0.0006342303679810809,5,1,External
DIS,EXPE,0.5105024584006037,63,2.244763929049726e-05,5,15,External
DIS,FITB,0.49661779409282136,63,4.036387994218037e-05,5,5,Internal
DIS,FOX,0.508092704677507,63,2.489969979852488e-05,5,15,External
DIS,FOXA,0.5375883086657359,63,6.6197605916170224e-06,5,15,External
DIS,FRT,0.4739340740479111,63,9.98440460931953e-05,5,15,External
DIS,GD,0.43150513057998086,63,0.00046243045817547765,5,5,Internal
DIS,GL,0.4514887080046825,63,0.00023030436978604076,5,5,Internal
DIS,HIG,0.47231843494662823,63,0.00010624218025866313,5,5,Internal
DIS,HON,0.5111303915796684,63,2.18465298962673e-05,5,20,External
DIS,HST,0.45724606716828975,63,0.00018688504028819747,5,15,External
DIS,HWM,0.46950514965526996,63,0.00011828993883562303,5,5,Internal
DIS,IP,0.41437583106656517,63,0.0008131378355823088,5,5,Internal
DIS,IT,0.4419052501776454,63,0.00032345055291547895,5,5,Internal
DIS,JBL,0.4968934193940117,63,3.990627316311805e-05,5,15,External
DIS,JNJ,-0.4342977421631746,63,0.00042057926507254304,5,1,External
DIS,KEY,0.4016921206189777,63,0.001212070836250058,5,5,Internal
DIS,KIM,0.4735885154885321,63,0.0001011819299428896,5,15,External
DIS,LUV,0.4480519999224663,63,0.00026043490127791854,5,5,Internal
DIS,LYB,0.4296372334296553,63,0.0004925002545086343,5,5,Internal
DIS,LYV,0.5074034813473165,63,2.564537248191126e-05,5,15,External
DIS,MAR,0.4611490144154397,63,0.0001618636528071512,5,15,External
DIS,MET,0.4088054891351531,63,0.0009708111605340715,5,5,Internal
DIS,MGM,0.560986585054697,63,2.109968321886442e-06,5,15,External
DIS,MOH,-0.5344745654136092,63,7.658647229946757e-06,5,1,External
DIS,MRK,-0.41805101686710705,63,0.0007221944647038914,5,1,External
DIS,MTB,0.4625798229543383,63,0.00015348851826965846,5,5,Internal
DIS,NCLH,0.43931681559137714,63,0.00035392323957688515,5,15,External
DIS,NUE,0.4447218437241767,63,0.0002930255350759421,5,5,Internal
DIS,NWSA,0.4080339243745065,63,0.0009947010534899717,5,15,External
DIS,OMC,0.46406816938771206,63,0.00014519993938395925,5,5,Internal
DIS,PRU,0.42793616294615466,63,0.0005214188601389717,5,5,Internal
DIS,PSKY,0.45098881655155876,63,0.00023447914324206817,5,5,Internal
DIS,REG,0.4019424046817542,63,0.0012027410159031267,5,15,External
DIS,REGN,-0.4359914515676758,63,0.00039690669252745236,5,1,External
DIS,RF,0.42783813704112095,63,0.0005231313943473187,5,5,Internal
DIS,RJF,0.4383405628649551,63,0.00036607993943879607,5,5,Internal
DIS,RL,0.46965729211949786,63,0.00011760756998901244,5,15,External
DIS,SBAC,-0.40528829877101047,63,0.0010840768187356487,5,7,External
DIS,SNA,0.42434484936551536,63,0.0005875974016702024,5,15,External
DIS,SWK,0.4440600319139724,63,0.00029992978074629546,5,5,Internal
DIS,T,0.4668992432184079,63,0.0001305569640690573,5,5,Internal
DIS,TFC,0.40950396385830223,63,0.0009496322220916331,5,5,Internal
DIS,TPR,0.44772930824352475,63,0.00026344139849270433,5,15,External
DIS,TT,0.4007142675910539,63,0.0012491498920170923,5,20,External
DIS,TXT,0.49484309486379496,63,4.342847391972893e-05,5,5,Internal
DIS,UNH,-0.4565800096204875,63,0.0001914930486178116,5,1,External
DIS,USB,0.46451597038468356,63,0.0001427877416122897,5,5,Internal
DIS,VRTX,-0.4247292817040479,63,0.0005801660049369288,5,1,External
DIS,WAB,0.40519126126164184,63,0.0010873640032827074,5,15,External
DIS,WBD,0.4262634555838505,63,0.000551350712555358,5,15,External
DIS,WRB,0.43443634095740374,63,0.0004185949021813271,5,5,Internal
DLR,EQIX,0.4497581313106045,63,0.0002450536001567985,7,7,Internal
DLR,EXR,0.4132114115756886,63,0.0008440403628592484,7,7,Internal
DLR,PLD,0.4330301966063763,63,0.0004391282430328299,7,7,Internal
DLR,WM,0.428785794993223,63,0.0005067875463817848,7,7,Internal
DLTR,FE,0.42418157382993965,63,0.0005907796978836164,7,7,Internal
DLTR,PSA,0.41688294858199754,63,0.0007500469931651443,7,7,Internal
DOC,DOV,0.5363705961053471,63,7.009325541814472e-06,15,20,External
DOC,DOW,0.47515645766133247,63,9.524091036354827e-05,15,5,External
DOC,DRI,0.5795178591104895,63,8.00260412051111e-07,15,15,Internal
DOC,DTE,0.6182718324823684,63,8.577542421343237e-08,15,7,External
DOC,DUK,0.4280823473549531,63,0.0005188744432131684,15,7,External
DOC,EA,-0.4927815420921386,63,4.7257796392387446e-05,15,1,External
DOC,EFX,0.43306412039043923,63,0.00043862227199606305,15,15,Internal
DOC,EIX,0.4448882252609642,63,0.0002913127612897143,15,7,External
DOC,EQR,0.5945123795787226,63,3.491809265452229e-07,15,15,Internal
DOC,ESS,0.5370737391653589,63,6.7818497964719174e-06,15,15,Internal
DOC,EXPE,0.4773334176250859,63,8.752354816713334e-05,15,15,Internal
DOC,F,0.6029465861873067,63,2.1492832229985166e-07,15,5,External
DOC,FITB,0.4228180884833548,63,0.0006179711443771405,15,5,External
DOC,FRT,0.6669213816960353,63,3.2544780020043723e-09,15,15,Internal
DOC,GD,0.4325960322055517,63,0.00044565082351934025,15,5,External
DOC,GE,0.4236126187006436,63,0.0006019913672617652,15,5,External
DOC,GIS,-0.4092520832968327,63,0.0009572210992314964,15,1,External
DOC,GL,0.4711532454039352,63,0.00011108813896654697,15,5,External
DOC,GLW,0.49621535218013885,63,4.104075347256498e-05,15,15,Internal
DOC,GM,0.5770157100846958,63,9.153711108355116e-07,15,15,Internal
DOC,GOOG,-0.41920813002366986,63,0.0006955297449653049,15,1,External
DOC,HBAN,0.4642753844017643,63,0.00014407911098579887,15,5,External
DOC,HCA,0.42551207825330895,63,0.0005652968753188184,15,15,Internal
DOC,HIG,0.5448775608182458,63,4.678906319166287e-06,15,5,External
DOC,HLT,0.5038688422126617,63,2.9805510141047454e-05,15,15,Internal
DOC,HON,0.4608292111103879,63,0.00016379198598781566,15,20,External
DOC,HST,0.5308448503379305,63,9.060742651381592e-06,15,15,Internal
DOC,HUBB,0.41483234295057964,63,0.0008013043047911564,15,20,External
DOC,INCY,-0.4109926523741023,63,0.000905878233831808,15,1,External
DOC,INTC,-0.4070951178375356,63,0.0010244838397963155,15,0,External
DOC,INVH,0.4392795252616151,63,0.0003543807511729321,15,15,Internal
DOC,IP,0.5236762024108526,63,1.2557719746233222e-05,15,5,External
DOC,IR,0.4914509882320942,63,4.9892441966899625e-05,15,15,Internal
DOC,IRM,0.48183364477252877,63,7.336235854730868e-05,15,15,Internal
DOC,IVZ,0.42662679852265784,63,0.0005447194512942015,15,5,External
DOC,JCI,0.5556478619488467,63,2.7599863432538845e-06,15,5,External
DOC,JPM,0.43158466444475846,63,0.00046118797211933116,15,5,External
DOC,KEY,0.4630499093932606,63,0.0001508248795849646,15,5,External
DOC,KIM,0.7227985627375697,63,3.2866013475463485e-11,15,15,Internal
DOC,LEN,0.5874253192448492,63,5.194540218071141e-07,15,15,Internal
DOC,LKQ,0.45853558203614164,63,0.00017825119587311738,15,15,Internal
DOC,LUV,0.45163395945062446,63,0.000229104131982814,15,5,External
DOC,LW,0.40164309888226896,63,0.0012139058271711833,15,15,Internal
DOC,LYB,0.45705259635454654,63,0.00018821295769135094,15,5,External
DOC,LYV,0.42810302877778295,63,0.0005185153841237067,15,15,Internal
DOC,MAA,0.6364989602740582,63,2.692428331517479e-08,15,15,Internal
DOC,MAR,0.503714513027624,63,3.0000653953445805e-05,15,15,Internal
DOC,MAS,0.4255876823080727,63,0.0005638792583381525,15,15,Internal
DOC,MET,0.5570428525640098,63,2.5741083661161758e-06,15,5,External
DOC,MHK,0.5122129889902577,63,2.084510887063406e-05,15,15,Internal
DOC,MLM,0.4208144597547548,63,0.000659990698482473,15,5,External
DOC,MOS,0.4758955057087611,63,9.255343420046547e-05,15,5,External
DOC,MSFT,-0.5217383388974609,63,1.3698689414768407e-05,15,1,External
DOC,MTB,0.4948691516380616,63,4.3381963846916895e-05,15,5,External
DOC,NCLH,0.4418799904531469,63,0.0003237359862371933,15,15,Internal
DOC,NFLX,-0.4543099587893741,63,0.00020799077548786052,15,1,External
DOC,NI,0.48818442930477607,63,5.6946503268039445e-05,15,7,External
DOC,NVDA,-0.4211124126013621,63,0.0006535825457500456,15,1,External
DOC,NVR,0.6042678916450717,63,1.989405837071195e-07,15,15,Internal
DOC,O,0.6516031503482846,63,9.714747537643734e-09,15,15,Internal
DOC,PFG,0.5545770906681179,63,2.911096447092474e-06,15,5,External
DOC,PH,0.5277234356088336,63,1.0453952094145407e-05,15,15,Internal
DOC,PHM,0.6009624237518489,63,2.412241580760277e-07,15,15,Internal
DOC,PLD,0.4248280687332108,63,0.0005782701922601643,15,7,External
DOC,PNR,0.41718207120930595,63,0.0007428233369602846,15,20,External
DOC,PNW,0.4854977685954246,63,6.342625099334832e-05,15,7,External
DOC,PPL,0.48492952400530026,63,6.488107837146507e-05,15,7,External
DOC,PRU,0.490916417080016,63,5.098864516790344e-05,15,5,External
DOC,RCL,0.5092499152975212,63,2.3692748590675098e-05,15,15,Internal
DOC,REG,0.7370005412158662,63,8.521603923960361e-12,15,15,Internal
DOC,REGN,-0.4003550416344881,63,0.001263025620212003,15,1,External
DOC,RF,0.4762272045131514,63,9.137008518892494e-05,15,5,External
DOC,RJF,0.41934376612526336,63,0.0006924632319793123,15,5,External
DOC,RL,0.5625480321587758,63,1.948852504405849e-06,15,15,Internal
DOC,RTX,0.5739893853488413,63,1.0753407615040639e-06,15,15,Internal
DOC,SNA,0.5691978769811779,63,1.3831657262561152e-06,15,15,Internal
DOC,SPG,0.6287361486080592,63,4.4508932054654003e-08,15,15,Internal
DOC,SRE,0.4737338604874793,63,0.0001006172076385648,15,7,External
DOC,STZ,0.5009718435588386,63,3.3672148640695115e-05,15,15,Internal
DOC,SWK,0.5075722773261112,63,2.5460862080977253e-05,15,5,External
DOC,SYF,0.5122535325467643,63,2.080844602414311e-05,15,5,External
DOC,SYY,0.4388106904904972,63,0.0003601790104455197,15,15,Internal
DOC,TDG,0.5274115033473409,63,1.0603622208939606e-05,15,5,External
DOC,TECH,-0.46023087578528327,63,0.00016745646772379426,15,1,External
DOC,TEL,0.4996000521125492,63,3.566059290533097e-05,15,15,Internal
DOC,TFC,0.4909935759704594,63,5.082905981771765e-05,15,5,External
DOC,TJX,0.43464045792367967,63,0.00041568800582649727,15,15,Internal
DOC,TPR,0.5605245819834124,63,2.159977808804538e-06,15,15,Internal
DOC,TRV,0.4242982357265427,63,0.000588504327677499,15,5,External
DOC,TTWO,-0.41900825552072,63,0.0007000710028359777,15,1,External
DOC,TXT,0.5032435136242662,63,3.0603555789491014e-05,15,5,External
DOC,UAL,0.5467770559437655,63,4.268659751227246e-06,15,5,External
DOC,UDR,0.6651619206882232,63,3.7019927385404623e-09,15,15,Internal
DOC,UHS,0.4363586284963079,63,0.00039193754124786947,15,15,Internal
DOC,USB,0.44871325895114234,63,0.0002543717089337094,15,5,External
DOC,VICI,0.5220989839755968,63,1.3479311071079217e-05,15,5,External
DOC,VRTX,-0.5435727029528921,63,4.9817339013496265e-06,15,1,External
DOC,VTR,0.7468158439666329,63,3.1838890698877455e-12,15,15,Internal
DOC,WAB,0.532069415045029,63,8.562999605254052e-06,15,15,Internal
DOC,WBD,0.40684036309405885,63,0.001032703249149625,15,15,Internal
DOC,WELL,0.8713730532020346,63,3.261571300456389e-20,15,15,Internal
DOC,WFC,0.47293065298732306,63,0.00010377462725623901,15,5,External
DOC,WRB,0.420537390490901,63,0.0006660007331286147,15,5,External
DOC,WY,0.45400374767322055,63,0.00021031310166607162,15,15,Internal
DOV,DOW,0.447606667132613,63,0.0002645923285586862,20,5,External
DOV,DRI,0.4084456413173623,63,0.0009818879015930167,20,15,External
DOV,DTE,0.4403551722204247,63,0.00034139792243699496,20,7,External
DOV,DXCM,-0.46583476771997234,63,0.00013589571042895438,20,1,External
DOV,EA,-0.5402631765705216,63,5.833786595631362e-06,20,1,External
DOV,EMR,0.6449856958952948,63,1.528965684904379e-08,20,20,Internal
DOV,ETN,0.638957674432618,63,2.2894097042774338e-08,20,20,Internal
DOV,EXR,0.42039749430911016,63,0.0006690540854558339,20,7,External
DOV,F,0.46734438610744766,63,0.00012838206595364358,20,5,External
DOV,FDX,0.506470948238108,63,2.6687251123578164e-05,20,20,Internal
DOV,FITB,0.47629324112333493,63,9.113616542847097e-05,20,5,External
DOV,FOX,0.41130713467247687,63,0.0008968715904898343,20,15,External
DOV,FRT,0.4684603542004855,63,0.00012307506739174157,20,15,External
DOV,FTV,0.5182036595557292,63,1.603156548017653e-05,20,20,Internal
DOV,GD,0.4814874505999006,63,7.437173940403203e-05,20,5,External
DOV,GE,0.4831526166095896,63,6.96312726916892e-05,20,5,External
DOV,GIS,-0.4614753665778068,63,0.00015991731059001503,20,1,External
DOV,GL,0.5240825541880617,63,1.232996201265135e-05,20,5,External
DOV,GLW,0.5541352335602205,63,2.9756782274766683e-06,20,15,External
DOV,GM,0.4292900960301285,63,0.0004982804943483802,20,15,External
DOV,GOOG,-0.49011826035098915,63,5.2666815050289454e-05,20,1,External
DOV,GOOGL,-0.46244583226087765,63,0.0001542556095273436,20,1,External
DOV,GPC,0.5145854643824025,63,1.879761105227576e-05,20,15,External
DOV,HAS,0.5485283002876873,63,3.920419522052506e-06,20,20,Internal
DOV,HBAN,0.49606001188785176,63,4.1304818394745896e-05,20,5,External
DOV,HIG,0.43938146425780766,63,0.0003531313464687785,20,5,External
DOV,HLT,0.5169192770570246,63,1.6966985672041478e-05,20,15,External
DOV,HON,0.6166742469240307,63,9.46121075578171e-08,20,20,Internal
DOV,HPE,0.46236178574245723,63,0.00015473856529342106,20,5,External
DOV,HRL,-0.4389148030325707,63,0.0003588839946106297,20,1,External
DOV,HSIC,0.4430459082401426,63,0.00031079789670581054,20,20,Internal
DOV,HST,0.585403124650548,63,5.807875739305711e-07,20,15,External
DOV,HUBB,0.5852280346197192,63,5.864063143701557e-07,20,20,Internal
DOV,HWM,0.40749639896453344,63,0.001011656517638262,20,5,External
DOV,IEX,0.5081947360225731,63,2.479103530443506e-05,20,20,Internal
DOV,IP,0.6160765521604414,63,9.813352537331961e-08,20,5,External
DOV,IR,0.5506492991854496,63,3.5341880408048242e-06,20,15,External
DOV,IT,0.45647523762403025,63,0.00019222729436104541,20,5,External
DOV,ITW,0.6039743727578589,63,2.023922723394871e-07,20,20,Internal
DOV,J,0.49053358540523734,63,5.178730956485742e-05,20,20,Internal
DOV,JBHT,0.4023723813499447,63,0.0011868636439934283,20,20,Internal
DOV,JCI,0.4711054234170849,63,0.00011129130147754707,20,5,External
DOV,JPM,0.46218079241444565,63,0.00015578331815196178,20,5,External
DOV,KEY,0.5237346705157803,63,1.252470956320167e-05,20,5,External
DOV,KIM,0.4527183792532692,63,0.0002203225859879486,20,15,External
DOV,LEN,0.43287476262326835,63,0.00044145332696036646,20,15,External
DOV,LKQ,0.6194003408685387,63,8.000896681902646e-08,20,15,External
DOV,LVS,0.42441322683381283,63,0.0005862693274120943,20,15,External
DOV,MAR,0.5038193071471776,63,2.9868017012155227e-05,20,15,External
DOV,MAS,0.44522436554006645,63,0.00028788029856564276,20,15,External
DOV,MCHP,0.4453278283018653,63,0.0002868312544306368,20,0,External
DOV,MET,0.5443083555167586,63,4.808829322866132e-06,20,5,External
DOV,MGM,0.4735446099702852,63,0.0001013530925415166,20,15,External
DOV,MHK,0.5564182639030686,63,2.655836333074955e-06,20,15,External
DOV,MLM,0.4142711987230076,63,0.0008158722368582964,20,5,External
DOV,MMM,0.5196404088196286,63,1.5042049279454113e-05,20,20,Internal
DOV,MOS,0.40116639991608166,63,0.0012318805372293336,20,5,External
DOV,MSFT,-0.6069449771027267,63,1.6991770777257594e-07,20,1,External
DOV,MTB,0.5645967701000659,63,1.754884411437536e-06,20,5,External
DOV,NFLX,-0.5230769935694731,63,1.2900717664640233e-05,20,1,External
DOV,NSC,0.5637410925469539,63,1.8335886458133245e-06,20,20,Internal
DOV,NUE,0.42654974019983477,63,0.000546119739027898,20,5,External
DOV,NVDA,-0.4776289225358236,63,8.652155244636637e-05,20,1,External
DOV,NVR,0.5293673714947612,63,9.697117624876792e-06,20,15,External
DOV,O,0.4414309523689926,63,0.0003288485815723941,20,15,External
DOV,OMC,0.4716631884553454,63,0.00010894284352507066,20,5,External
DOV,ON,0.41172439262099664,63,0.0008850463617083678,20,0,External
DOV,PAYX,0.42666892956581015,63,0.0005439552337891956,20,20,Internal
DOV,PCAR,0.4874885982103051,63,5.8563361660500553e-05,20,20,Internal
DOV,PEG,0.41066171717024097,63,0.0009154442183809383,20,7,External
DOV,PFG,0.44545711061951226,63,0.00028552532241947335,20,5,External
DOV,PH,0.5155532011602394,63,1.8017346750464168e-05,20,15,External
DOV,PHM,0.5283343133641625,63,1.0166520520259914e-05,20,15,External
DOV,PKG,0.564026387884933,63,1.8069875467627544e-06,20,20,Internal
DOV,PNC,0.45529442561037897,63,0.00020068261418914075,20,5,External
DOV,PNR,0.456290056319594,63,0.00019353135978890013,20,20,Internal
DOV,PPG,0.4069565482239764,63,0.0010289473030135493,20,5,External
DOV,PPL,0.45534664444656403,63,0.000200301615416666,20,7,External
DOV,PRU,0.45949938198162543,63,0.00017203852410984903,20,5,External
DOV,PWR,0.5997862175467144,63,2.582117941320031e-07,20,20,Internal
DOV,REG,0.46970924560300586,63,0.00011737538495011999,20,15,External
DOV,RF,0.4879869611162591,63,5.740110936316784e-05,20,5,External
DOV,RJF,0.5074561898666983,63,2.558762431968845e-05,20,5,External
DOV,RL,0.6511093333102702,63,1.0053005099825095e-08,20,15,External
DOV,ROK,0.5371056056206372,63,6.771705401172634e-06,20,20,Internal
DOV,RTX,0.5663077237648599,63,1.6069049416802901e-06,20,15,External
DOV,SNA,0.6213091335042188,63,7.107938639289099e-08,20,15,External
DOV,SPG,0.40562316614212285,63,0.0010728017264328756,20,15,External
DOV,SWK,0.5460543296006594,63,4.420624110221846e-06,20,5,External
DOV,SYF,0.5802758439790596,63,7.68164697840832e-07,20,5,External
DOV,SYY,0.49003952285454244,63,5.2835099227311783e-05,20,15,External
DOV,TEL,0.5737643862652158,63,1.0882249982578627e-06,20,15,External
DOV,TFC,0.4876923524090925,63,5.808557873993639e-05,20,5,External
DOV,TJX,0.446891639907716,63,0.0002713944817106946,20,15,External
DOV,TPR,0.5371831406562976,63,6.747081865807179e-06,20,15,External
DOV,TRV,0.417336557432776,63,0.0007391172854641359,20,5,External
DOV,TT,0.47253006175661655,63,0.00010538317931649029,20,20,Internal
DOV,TTWO,-0.42605351500327576,63,0.0005552155935653878,20,1,External
DOV,TXT,0.5759619978241785,63,9.683486615948654e-07,20,5,External
DOV,UDR,0.42211449457045314,63,0.000632442048179932,20,15,External
DOV,UHS,0.4290097564818434,63,0.0005029933863243451,20,15,External
DOV,ULTA,0.5167518802613119,63,1.709256677246387e-05,20,15,External
DOV,UNP,0.5092418588009515,63,2.3700960553241063e-05,20,20,Internal
DOV,URI,0.4277132110356496,63,0.0005253212820147333,20,15,External
DOV,USB,0.5444904631085941,63,4.766900889743128e-06,20,5,External
DOV,VRSN,-0.4820897839648355,63,7.26236891960011e-05,20,1,External
DOV,VRTX,-0.5288490761675211,63,9.93004053267696e-06,20,1,External
DOV,WAB,0.5916153294441655,63,4.1120859442923323e-07,20,15,External
DOV,WBD,0.4492758626336638,63,0.0002493149663885747,20,15,External
DOV,WELL,0.4964903112791628,63,4.057717003437622e-05,20,15,External
DOV,WFC,0.4344047640320815,63,0.0004190462480826148,20,5,External
DOV,WYNN,0.43077793225048727,63,0.00047393275816114285,20,15,External
DOV,XYL,0.5325896681569867,63,8.359342052245885e-06,20,20,Internal
DOW,DPZ,-0.40558564603111125,63,0.0010740597604676095,5,1,External
DOW,DRI,0.4344385960947447,63,0.00041856268522776785,5,15,External
DOW,DTE,0.4495909090196747,63,0.0002465235906862344,5,7,External
DOW,DVN,0.4049792669572302,63,0.0010945766677262895,5,11,External
DOW,DXCM,-0.43024220652691775,63,0.00048257218922114197,5,1,External
DOW,EA,-0.47294260776267827,63,0.0001037269723471817,5,1,External
DOW,EMR,0.49777805430083644,63,3.846976506133506e-05,5,20,External
DOW,EOG,0.44313177764715694,63,0.00030986392131048955,5,11,External
DOW,ETN,0.42411591582506997,63,0.0005920637964526733,5,20,External
DOW,EXPE,0.4769169719732458,63,8.895377138067868e-05,5,15,External
DOW,F,0.5292386111504132,63,9.754503255193191e-06,5,5,Internal
DOW,FANG,0.47450817922275107,63,9.765723343985176e-05,5,11,External
DOW,FITB,0.5440342820868753,63,4.872581119835937e-06,5,5,Internal
DOW,FRT,0.6388760936600961,63,2.3018134736604277e-08,5,15,External
DOW,FTV,0.42398327716948037,63,0.000594665587601535,5,20,External
DOW,GD,0.5370376682756216,63,6.793349723890902e-06,5,5,Internal
DOW,GE,0.5601296315849987,63,2.203606244028055e-06,5,5,Internal
DOW,GL,0.5160752071640148,63,1.7609053946661713e-05,5,5,Internal
DOW,GM,0.531239641761047,63,8.897405615680029e-06,5,15,External
DOW,GOOG,-0.4712680277343649,63,0.00011060189866350499,5,1,External
DOW,GOOGL,-0.46799131894055557,63,0.0001252805255217347,5,1,External
DOW,GS,0.4705703401754682,63,0.00011358790680108177,5,5,Internal
DOW,HAL,0.4698731620776704,63,0.0001166455847950094,5,11,External
DOW,HBAN,0.566561899476916,63,1.5859455827458725e-06,5,5,Internal
DOW,HIG,0.6323404484958349,63,3.53054318878588e-08,5,5,Internal
DOW,HON,0.5604632269995391,63,2.166701977449657e-06,5,20,External
DOW,HPE,0.4721793868755837,63,0.00010681008120225723,5,5,Internal
DOW,HSIC,0.4276120876015431,63,0.000527100016308785,5,20,External
DOW,HST,0.48714069630066387,63,5.938754711164647e-05,5,15,External
DOW,HWM,0.4208753810127851,63,0.0006586758368904258,5,5,Internal
DOW,INTU,-0.4712982306604923,63,0.00011047427872454736,5,1,External
DOW,IP,0.5706869763831125,63,1.2796231954763884e-06,5,5,Internal
DOW,IR,0.45673564886813645,63,0.00019040706407957855,5,15,External
DOW,IRM,0.47104560864057865,63,0.0001115458937858997,5,15,External
DOW,IT,0.4606615526849368,63,0.000164811317795141,5,5,Internal
DOW,JBL,0.5627899400235488,63,1.924946925389687e-06,5,15,External
DOW,JCI,0.5426552946763052,63,5.205485932024092e-06,5,5,Internal
DOW,JPM,0.5455000230632707,63,4.5405812547609195e-06,5,5,Internal
DOW,KEY,0.5993985763471863,63,2.640527158283216e-07,5,5,Internal
DOW,KIM,0.5768354459777517,63,9.242371143876846e-07,5,15,External
DOW,KMI,0.4670305155868605,63,0.00012991209645602062,5,11,External
DOW,L,0.590152373137928,63,4.463327234974212e-07,5,5,Internal
DOW,LKQ,0.45793044236753205,63,0.00018225629287714446,5,15,External
DOW,LUV,0.6560938687778156,63,7.095805822271127e-09,5,5,Internal
DOW,LW,0.44613980639400724,63,0.0002787187195745348,5,15,External
DOW,LYB,0.8449793144820974,63,5.92761419997578e-18,5,5,Internal
DOW,LYV,0.4541433896415324,63,0.00020925111988325624,5,15,External
DOW,MET,0.6432865720884873,63,1.7147718092156882e-08,5,5,Internal
DOW,MGM,0.41288963391044636,63,0.0008527652010453965,5,15,External
DOW,MHK,0.537947001244515,63,6.508916306048413e-06,5,15,External
DOW,MLM,0.4615310880769031,63,0.00015958714433542424,5,5,Internal
DOW,MMM,0.4461728947336096,63,0.0002783926189319752,5,20,External
DOW,MOS,0.5426498282187646,63,5.206846841022648e-06,5,5,Internal
DOW,MS,0.4910674819691976,63,5.0676634948932754e-05,5,5,Internal
DOW,MSFT,-0.6369293758921665,63,2.6173483482217155e-08,5,1,External
DOW,MTB,0.5334381976632802,63,8.03682974451774e-06,5,5,Internal
DOW,NCLH,0.4709903809635457,63,0.00011178143704701585,5,15,External
DOW,NFLX,-0.6220770094824909,63,6.775961935830673e-08,5,1,External
DOW,NTRS,0.45688647487555695,63,0.00018936004850943444,5,5,Internal
DOW,NUE,0.4412815760778531,63,0.00033056558107533965,5,5,Internal
DOW,NVDA,-0.5011472495754675,63,3.342542885836223e-05,5,1,External
DOW,O,0.5560260425522185,63,2.7083923227372504e-06,5,15,External
DOW,OKE,0.42247126419608755,63,0.0006250663722034154,5,11,External
DOW,OXY,0.40809802208134377,63,0.0009926963888697887,5,11,External
DOW,PFG,0.5619130362413312,63,2.0129320768321935e-06,5,5,Internal
DOW,PH,0.5418223082302915,63,5.4167349300956745e-06,5,15,External
DOW,PKG,0.44999890397629116,63,0.0002429511254997764,5,20,External
DOW,PNC,0.42939122202951663,63,0.0004965902991566068,5,5,Internal
DOW,PNR,0.45671348323410976,63,0.0001905613812361928,5,20,External
DOW,PRU,0.6665426480872443,63,3.346242302317704e-09,5,5,Internal
DOW,PSKY,0.4746967991221392,63,9.694843836853472e-05,5,5,Internal
DOW,PSX,0.40186427061520397,63,0.0012056466486511396,5,11,External
DOW,PWR,0.45333124186938045,63,0.00021549694419962435,5,20,External
DOW,RCL,0.4499769624970995,63,0.0002431420377012538,5,15,External
DOW,REG,0.617162165656219,63,9.182614986255018e-08,5,15,External
DOW,RF,0.6397728587018459,63,2.1688889994336494e-08,5,5,Internal
DOW,RJF,0.49552448016705253,63,4.222726541233805e-05,5,5,Internal
DOW,RL,0.4574060823864545,63,0.0001857932405530212,5,15,External
DOW,ROK,0.4046546647348169,63,0.001105704160703156,5,20,External
DOW,SLB,0.46803530787431186,63,0.00012507215241470707,5,11,External
DOW,SNA,0.5609250780458007,63,2.116563051005328e-06,5,15,External
DOW,SNPS,-0.46841073389856724,63,0.00012330668922060217,5,1,External
DOW,SPG,0.564605910746413,63,1.754061001879622e-06,5,15,External
DOW,STT,0.4770614532808313,63,8.845515167225739e-05,5,5,Internal
DOW,SWK,0.563400241372773,63,1.8658503600767693e-06,5,5,Internal
DOW,SYF,0.5354810182378118,63,7.307305681628805e-06,5,5,Internal
DOW,TAP,0.43329806376363694,63,0.0004351474355378139,5,5,Internal
DOW,TDG,0.46051084286565974,63,0.00016573256535503498,5,5,Internal
DOW,TEL,0.4309679552400539,63,0.00047090227605337725,5,15,External
DOW,TFC,0.49581737529727576,63,4.17204240555581e-05,5,5,Internal
DOW,TMO,-0.42212412551785355,63,0.0006322419111320494,5,1,External
DOW,TPR,0.4968134074086687,63,4.003861638160319e-05,5,15,External
DOW,TRGP,0.47496224279256266,63,9.595897038912626e-05,5,11,External
DOW,TROW,0.4744452931745585,63,9.789460399824733e-05,5,5,Internal
DOW,TRV,0.5814585671672579,63,7.204871126244252e-07,5,5,Internal
DOW,TSN,0.46249356717540674,63,0.00015398192680031274,5,5,Internal
DOW,TTWO,-0.4073373632945997,63,0.0010167228068924368,5,1,External
DOW,TXT,0.535803604713066,63,7.197911489618322e-06,5,5,Internal
DOW,UAL,0.533803145437717,63,7.90171546837328e-06,5,5,Internal
DOW,USB,0.5398109123684312,63,5.960252015307269e-06,5,5,Internal
DOW,VLO,0.4016776876572514,63,0.0012126108340793928,5,11,External
DOW,VRSN,-0.5002558336861798,63,3.4696846937738645e-05,5,1,External
DOW,VRTX,-0.538989279936602,63,6.196566838139934e-06,5,1,External
DOW,VTR,0.5866056953674579,63,5.435410899173792e-07,5,15,External
DOW,WAB,0.5659626421632044,63,1.635775780572628e-06,5,15,External
DOW,WELL,0.5202358345618593,63,1.4648848299287028e-05,5,15,External
DOW,WFC,0.5964315804961681,63,3.130565103257683e-07,5,5,Internal
DOW,WRB,0.45865563930599607,63,0.00017746625217591753,5,5,Internal
DOW,WY,0.5400644157576797,63,5.889054162180637e-06,5,15,External
DOW,XOM,0.4365329851283846,63,0.0003895977981587905,5,11,External
DPZ,F,-0.45581459652039275,63,0.00019691678480585994,1,5,External
DPZ,FRT,-0.45207471149088796,63,0.0002254970516491197,1,15,External
DPZ,GL,-0.4485702219512643,63,0.00025567219726221354,1,5,External
DPZ,HIG,-0.4644208458705668,63,0.00014329705703213546,1,5,External
DPZ,HON,-0.46541014354940424,63,0.0001380807204144141,1,20,External
DPZ,HST,-0.47043383331673544,63,0.00011418073397255183,1,15,External
DPZ,INTC,0.44726075897483347,63,0.0002678633096544801,1,0,External
DPZ,INTU,0.4415250536869961,63,0.00032777111747596903,1,1,Internal
DPZ,JCI,-0.4652058344050713,63,0.00013914349360798873,1,5,External
DPZ,KIM,-0.4656397762418751,63,0.00013689511617303058,1,15,External
DPZ,LYB,-0.403637641352386,63,0.0011412312669219831,1,5,External
DPZ,MET,-0.5046822753266172,63,2.8796236075598313e-05,1,5,External
DPZ,MLM,-0.4099324966114239,63,0.0009368457265842022,1,5,External
DPZ,MSFT,0.41033236128063993,63,0.0009250550280750327,1,1,Internal
DPZ,NCLH,-0.4708337181019979,63,0.00011245208635704802,1,15,External
DPZ,PFG,-0.5418729598250102,63,5.403664502466466e-06,1,5,External
DPZ,PNR,-0.41546514611053376,63,0.0007851585536543965,1,20,External
DPZ,PRU,-0.4250067219515545,63,0.0005748559433364472,1,5,External
DPZ,RCL,-0.5401973953120213,63,5.852024002009302e-06,1,15,External
DPZ,REGN,0.42223498610800786,63,0.0006299422900166426,1,1,Internal
DPZ,SNPS,0.4582824032671185,63,0.0001799169359912686,1,1,Internal
DPZ,SPG,-0.4006634870220248,63,0.0012511030182950785,1,15,External
DPZ,TPR,-0.45882589087995607,63,0.00017635856376410026,1,15,External
DPZ,TRMB,-0.43845672822748843,63,0.00036461372319794577,1,5,External
DPZ,TXT,-0.4405952043723084,63,0.0003385606215827012,1,5,External
DPZ,UAL,-0.4380928230042124,63,0.0003692248231465501,1,5,External
DPZ,UDR,-0.46491182538518405,63,0.00014068604654797297,1,15,External
DPZ,USB,-0.4632976601877094,63,0.00014943818241169228,1,5,External
DPZ,VRSN,0.4715947196259389,63,0.0001092286564835629,1,1,Internal
DPZ,VRTX,0.4721392312082007,63,0.0001069746038543597,1,1,Internal
DPZ,WFC,-0.4348041660983891,63,0.0004133698737280692,1,5,External
DRI,EA,-0.44313062469417397,63,0.0003098764446500094,15,1,External
DRI,EXPE,0.6094452154557127,63,1.4645550024022877e-07,15,15,Internal
DRI,FOX,0.44817826742131434,63,0.00025926703315840244,15,15,Internal
DRI,FRT,0.46067019989451147,63,0.0001647586024700774,15,15,Internal
DRI,GIS,-0.42732419207051625,63,0.0005321940143004339,15,1,External
DRI,GM,0.5911171510434414,63,4.22866751579225e-07,15,15,Internal
DRI,GPC,0.5302236704831211,63,9.323404624219735e-06,15,15,Internal
DRI,HBAN,0.5025405375893504,63,3.152429361864131e-05,15,5,External
DRI,HIG,0.4071617238819926,63,0.0010223446144091918,15,5,External
DRI,HLT,0.5026140433276555,63,3.142683100619064e-05,15,15,Internal
DRI,IFF,0.44351088569523933,63,0.00030577101042727627,15,15,Internal
DRI,IRM,0.4842963845861699,63,6.65382597447408e-05,15,15,Internal
DRI,IT,0.42726945334135663,63,0.0005331675991786121,15,5,External
DRI,KIM,0.5057112460861712,63,2.7564876621496336e-05,15,15,Internal
DRI,LEN,0.4724197827657991,63,0.0001058300056295055,15,15,Internal
DRI,LH,0.4812786515191506,63,7.49866953158655e-05,15,15,Internal
DRI,LIN,0.4217688096966579,63,0.0006396637313161777,15,15,Internal
DRI,LKQ,0.5411871278493716,63,5.583163835227048e-06,15,15,Internal
DRI,LYV,0.5078223031861457,63,2.5189819324378547e-05,15,15,Internal
DRI,MAR,0.46979880436881133,63,0.00011697612697983206,15,15,Internal
DRI,MAS,0.43586616482020163,63,0.00039861532880119,15,15,Internal
DRI,MDLZ,-0.4061621260389542,63,0.0010548766150863082,15,1,External
DRI,MET,0.46831522603601244,63,0.00012375363632098738,15,5,External
DRI,MHK,0.6413088980341342,63,1.957915292658443e-08,15,15,Internal
DRI,MOS,0.4196395618178781,63,0.0006858181984050227,15,5,External
DRI,MTB,0.4030622820712789,63,0.001161782295917416,15,5,External
DRI,NVR,0.4093799550829147,63,0.0009533616528077333,15,15,Internal
DRI,PFG,0.5035705191503491,63,3.018379543982647e-05,15,5,External
DRI,PG,-0.41613544304232314,63,0.0007683776179593694,15,1,External
DRI,PH,0.5560683114656435,63,2.702682071258958e-06,15,15,Internal
DRI,PHM,0.46359469561658345,63,0.00014779105372027582,15,15,Internal
DRI,PNR,0.4430353362568577,63,0.00031091306234697834,15,20,External
DRI,PPG,0.41697959060474615,63,0.0007477062170011983,15,5,External
DRI,PRU,0.44652862018988404,63,0.000274908723701755,15,5,External
DRI,PSKY,0.4164651134591413,63,0.0007602439274169882,15,5,External
DRI,RCL,0.4606224754049053,63,0.0001650497345238206,15,15,Internal
DRI,REG,0.5190817297507014,63,1.5419878614142822e-05,15,15,Internal
DRI,RF,0.4137784272453812,63,0.0008288621567692515,15,5,External
DRI,SNA,0.41338338620034365,63,0.0008394105162744678,15,15,Internal
DRI,SPG,0.5560672665983655,63,2.702823090147541e-06,15,15,Internal
DRI,STZ,0.4171269316010588,63,0.0007441501774002372,15,15,Internal
DRI,SWK,0.48049631976319596,63,7.733272606620724e-05,15,5,External
DRI,SYF,0.5228816140561182,63,1.3014425874797729e-05,15,5,External
DRI,SYY,0.5761408595172207,63,9.591579705814319e-07,15,15,Internal
DRI,TEL,0.4795023767090271,63,8.041084859968873e-05,15,15,Internal
DRI,TFC,0.430290824773128,63,0.00048178227797685295,15,5,External
DRI,TPR,0.5589970577131421,63,2.333332713113053e-06,15,15,Internal
DRI,TXT,0.42198391325544454,63,0.0006351612828917537,15,5,External
DRI,UDR,0.45096718885429293,63,0.00023466131587750487,15,15,Internal
DRI,VLO,0.4318310184094139,63,0.0004573586434781166,15,11,External
DRI,VTR,0.4477860854796917,63,0.0002629101207983644,15,15,Internal
DRI,WAB,0.4734641381824197,63,0.0001016674977281618,15,15,Internal
DRI,WELL,0.4955427465077753,63,4.2195490692236164e-05,15,15,Internal
DRI,WYNN,0.41715924547916755,63,0.0007433723392060493,15,15,Internal
DTE,DUK,0.6104258346896794,63,1.381156180073603e-07,7,7,Internal
DTE,ECL,0.5696832711433604,63,1.3485820169677022e-06,7,7,Internal
DTE,ED,0.42869732178584974,63,0.0005082935327359419,7,7,Internal
DTE,EIX,0.4787740847636805,63,8.273748827721971e-05,7,7,Internal
DTE,ETR,0.5268525683042037,63,1.0876805923521916e-05,7,7,Internal
DTE,EVRG,0.5268049852551979,63,1.0900362366595071e-05,7,7,Internal
DTE,EXC,0.5096324501367798,63,2.330585439331264e-05,7,7,Internal
DTE,FRT,0.4221043489918857,63,0.0006326529416977007,7,15,External
DTE,GILD,-0.413317107525389,63,0.0008411921241971854,7,1,External
DTE,GOOG,-0.40817563799355816,63,0.0009902738202594223,7,1,External
DTE,IFF,0.4161783313652366,63,0.0007673150329668989,7,15,External
DTE,INCY,-0.4046870171844125,63,0.001104590550180924,7,1,External
DTE,IP,0.45947533789347517,63,0.00017219106775427938,7,5,External
DTE,JPM,0.4211482444778253,63,0.0006528157102642667,7,5,External
DTE,KIM,0.48043744161833235,63,7.751199560663427e-05,7,15,External
DTE,LNT,0.5383724121460145,63,6.379697734842216e-06,7,7,Internal
DTE,MHK,0.4124664234036194,63,0.0008643644199497675,7,15,External
DTE,MSFT,-0.43931930765747623,63,0.00035389268384663185,7,1,External
DTE,NEE,0.42859309512101046,63,0.0005100728886829562,7,7,Internal
DTE,NFLX,-0.44551589878433123,63,0.0002849332772324296,7,1,External
DTE,NI,0.5476619678828435,63,4.0892348794532e-06,7,7,Internal
DTE,O,0.44988885970974946,63,0.00024390999929196872,7,15,External
DTE,PCG,0.409631198220867,63,0.0009458194777694321,7,7,Internal
DTE,PEG,0.5575194518460443,63,2.5133334877657912e-06,7,7,Internal
DTE,PHM,0.4053588823265941,63,0.0010816914024859594,7,15,External
DTE,PNW,0.6162461964633392,63,9.712167645268167e-08,7,7,Internal
DTE,PPL,0.5853288488901464,63,5.83164922986903e-07,7,7,Internal
DTE,REG,0.4812907225522437,63,7.495101644357539e-05,7,15,External
DTE,SO,0.5479185475973116,63,4.03854287427218e-06,7,7,Internal
DTE,SPG,0.4249512521939415,63,0.0005759140650213139,7,15,External
DTE,SRE,0.5784181891562035,63,8.490676926250325e-07,7,7,Internal
DTE,TECH,-0.46429173339216,63,0.00014399101789912334,7,1,External
DTE,TEL,0.4033749342686688,63,0.0011505738204806433,7,15,External
DTE,UDR,0.45909122726487417,63,0.00017464486117614646,7,15,External
DTE,VRTX,-0.4861325233396611,63,6.183675676916339e-05,7,1,External
DTE,VTR,0.5947546176203198,63,3.4441436906621396e-07,7,15,External
DTE,WAB,0.4246633575001187,63,0.0005814342855531534,7,15,External
DTE,WEC,0.45515983601783544,63,0.00020166766667617669,7,7,Internal
DTE,WELL,0.6578872707109295,63,6.2499676831418575e-09,7,15,External
DTE,XEL,0.4564172563920862,63,0.00019263473611677904,7,7,Internal
DUK,ECL,0.498416120984003,63,3.7463499059151816e-05,7,7,Internal
DUK,ED,0.7812056988568993,63,6.861590690958965e-14,7,7,Internal
DUK,EIX,0.6625415287639241,63,4.4779676673287e-09,7,7,Internal
DUK,ES,0.7972160227489857,63,9.006696936659315e-15,7,7,Internal
DUK,ESS,0.45856913300201196,63,0.00017803151740716002,7,15,External
DUK,ETR,0.7273038156105118,63,2.161413856807521e-11,7,7,Internal
DUK,EVRG,0.7889754718292643,63,2.617934350119781e-14,7,7,Internal
DUK,EXC,0.7182252418818676,63,4.987806534370605e-11,7,7,Internal
DUK,FE,0.7635547268781946,63,5.332420273589457e-13,7,7,Internal
DUK,GOOG,-0.40508247556235255,63,0.0010910598414718483,7,1,External
DUK,KO,0.40925160120175746,63,0.0009572356765463245,7,7,Internal
DUK,LHX,0.42314576452799657,63,0.0006113348192408474,7,7,Internal
DUK,LNT,0.8009019907055897,63,5.499858811622794e-15,7,7,Internal
DUK,MAA,0.41645695974079233,63,0.0007604441542095971,7,15,External
DUK,MMC,0.4638587465688157,63,0.00014634083370827138,7,7,Internal
DUK,MU,-0.4353531025330513,63,0.00040568246011458514,7,0,External
DUK,NEE,0.6704033960787429,63,2.515566199159186e-09,7,7,Internal
DUK,NI,0.759929537173418,63,7.94905060282447e-13,7,7,Internal
DUK,NRG,0.4366842918622362,63,0.00038757768411478224,7,7,Internal
DUK,PCG,0.5656538479627901,63,1.662021795123162e-06,7,7,Internal
DUK,PEG,0.651595776966047,63,9.719717989329901e-09,7,7,Internal
DUK,PLD,0.4373459530437631,63,0.0003788553489159966,7,7,Internal
DUK,PNW,0.8105104898271122,63,1.4464257413656374e-15,7,7,Internal
DUK,PPL,0.583157364286494,63,6.568451129736014e-07,7,7,Internal
DUK,SO,0.7607281956038735,63,7.284138658759289e-13,7,7,Internal
DUK,SRE,0.47282060279595517,63,0.00010421426327207816,7,7,Internal
DUK,WEC,0.7856059131340728,63,3.9953784466443346e-14,7,7,Internal
DUK,WELL,0.43051091425421706,63,0.00047822111672769855,7,15,External
DUK,WM,0.46899708650569755,63,0.00012059507969891893,7,7,Internal
DUK,XEL,0.7904548192758378,63,2.1691871194802174e-14,7,7,Internal
DUK,YUM,0.4385094163061048,63,0.0003639504701242586,7,7,Internal
DVA,EPAM,0.4027094720966226,63,0.001174548433100821,20,1,External
DVA,MTD,0.4466711524151062,63,0.0002735240033680262,20,20,Internal
DVA,TPL,-0.4139185837551601,63,0.0008251486039479655,20,11,External
DVN,EMR,0.4121291124733926,63,0.0008737112189641605,11,20,External
DVN,EOG,0.7883980408763367,63,2.8161600201931323e-14,11,11,Internal
DVN,FANG,0.8360813408779251,63,2.7634313920823634e-17,11,11,Internal
DVN,FAST,-0.43955456518582864,63,0.000351018946110581,11,1,External
DVN,FITB,0.4211562903719484,63,0.0006526436327839659,11,5,External
DVN,HAL,0.7889436411589388,63,2.6285042880954733e-14,11,11,Internal
DVN,HWM,0.44017251156713705,63,0.00034357156909797614,11,5,External
DVN,IR,0.42215619804042875,63,0.0006315758381492822,11,15,External
DVN,IT,0.45018563606443773,63,0.00024133191180164733,11,5,External
DVN,L,0.47044343691690765,63,0.00011413893428625048,11,5,External
DVN,MPC,0.5079097877882967,63,2.5095614164345753e-05,11,11,Internal
DVN,OKE,0.5230031739547343,63,1.2943570681345148e-05,11,11,Internal
DVN,OXY,0.75439381055553,63,1.4430881534374585e-12,11,11,Internal
DVN,POOL,-0.45215678591667446,63,0.00022483112605745857,11,1,External
DVN,PSX,0.5395922279253041,63,6.022314762482234e-06,11,11,Internal
DVN,SLB,0.7159760358509877,63,6.105379842201681e-11,11,11,Internal
DVN,TPL,0.5285763467292047,63,1.0054686135479924e-05,11,11,Internal
DVN,TRGP,0.45245114661535163,63,0.00022245754521563196,11,11,Internal
DVN,TSCO,-0.4020629794964507,63,0.0011982694750010629,11,1,External
DVN,USB,0.4373686645103785,63,0.0003785591546299999,11,5,External
DVN,VLO,0.47645115506404967,63,9.057902417680166e-05,11,11,Internal
DVN,XOM,0.7235694681161369,63,3.06094471758483e-11,11,11,Internal
DXCM,EA,0.4241424871108698,63,0.0005915438270438601,1,1,Internal
DXCM,F,-0.40999239396956116,63,0.0009350709539749968,1,5,External
DXCM,FTNT,0.4331530806108029,63,0.00043729795385553336,1,1,Internal
DXCM,FTV,-0.4409244190648884,63,0.0003347040979378132,1,20,External
DXCM,GE,-0.5081126786183419,63,2.4878392644063636e-05,1,5,External
DXCM,GOOG,0.4554462672838711,63,0.00019957658402856588,1,1,Internal
DXCM,GOOGL,0.4382630903404922,63,0.00036706076613432606,1,1,Internal
DXCM,GPC,-0.49884145306282424,63,3.680631159244913e-05,1,15,External
DXCM,HBAN,-0.4369466294448941,63,0.00038409777749964623,1,5,External
DXCM,HII,-0.43684073918703437,63,0.00038549897187738756,1,20,External
DXCM,HON,-0.40136161420136984,63,0.0012244909031005802,1,20,External
DXCM,ICE,0.4537641515291467,63,0.00021214673654753268,1,1,Internal
DXCM,IP,-0.41612664048533055,63,0.0007685958713994674,1,5,External
DXCM,ISRG,0.476341042987655,63,9.096718216588853e-05,1,1,Internal
DXCM,ITW,-0.4448348522226008,63,0.0002918611987018665,1,20,External
DXCM,KIM,-0.40816317371314814,63,0.0009906624988311199,1,15,External
DXCM,LUV,-0.41013321521788315,63,0.0009309103392783554,1,5,External
DXCM,MGM,-0.42454610299341194,63,0.0005836962999454815,1,15,External
DXCM,MHK,-0.46494118913721283,63,0.0001405312836947669,1,15,External
DXCM,MMM,-0.4834799567184705,63,6.873279897960949e-05,1,20,External
DXCM,MRNA,0.4246077868441453,63,0.0005825053330961662,1,1,Internal
DXCM,MSCI,0.5200610707459355,63,1.4763255336037806e-05,1,1,Internal
DXCM,NVDA,0.4457352788183424,63,0.0002827338216007851,1,1,Internal
DXCM,NVR,-0.4433767200833498,63,0.00030721380970665624,1,15,External
DXCM,PANW,0.43953526644857827,63,0.00035125388238297354,1,1,Internal
DXCM,PNR,-0.4105344835367495,63,0.0009191462344752478,1,20,External
DXCM,PODD,0.5695038422122244,63,1.3612706006280113e-06,1,1,Internal
DXCM,PWR,-0.49930117483845493,63,3.6107992095827506e-05,1,20,External
DXCM,PYPL,0.5011345794474441,63,3.34431939854297e-05,1,1,Internal
DXCM,REG,-0.40390718405446346,63,0.0011317167000074327,1,15,External
DXCM,RF,-0.4233037216476878,63,0.0006081589042454278,1,5,External
DXCM,RL,-0.43686474388038216,63,0.0003851809220228674,1,15,External
DXCM,SPG,-0.4450756560508545,63,0.00028939425062466127,1,15,External
DXCM,STT,-0.42523501060952895,63,0.0005705197324998556,1,5,External
DXCM,VMC,-0.40714198987853256,63,0.0010229780025746286,1,5,External
DXCM,VTR,-0.40693954941863203,63,0.0010294960571824883,1,15,External
DXCM,WELL,-0.44352682556817524,63,0.0003056000066942016,1,15,External
DXCM,XYL,-0.48327614689211956,63,6.929094597638523e-05,1,20,External
EA,ECL,-0.41448822327226525,63,0.0008102098759568294,1,7,External
EA,EMR,-0.4180914957641824,63,0.0007212462581770765,1,20,External
EA,EQR,-0.4165979709582483,63,0.0007569881262822021,1,15,External
EA,ETN,-0.5086781119189536,63,2.42821829467859e-05,1,20,External
EA,EXPE,-0.5721459976410269,63,1.1852538855835553e-06,1,15,External
EA,F,-0.5225865697601212,63,1.318790450956693e-05,1,5,External
EA,FITB,-0.5227962407488118,63,1.3064403870176347e-05,1,5,External
EA,FRT,-0.6063336753288836,63,1.7617018500334404e-07,1,15,External
EA,FTV,-0.576216505323645,63,9.552956309224619e-07,1,20,External
EA,GD,-0.4419837572962062,63,0.0003225648919837275,1,5,External
EA,GE,-0.5414535746473134,63,5.51277752594984e-06,1,5,External
EA,GL,-0.4588153327803787,63,0.00017642707202983253,1,5,External
EA,GLW,-0.4876310416939841,63,5.8228966431316164e-05,1,15,External
EA,GM,-0.6083496421205944,63,1.5633337579487548e-07,1,15,External
EA,GS,-0.4412269416088289,63,0.0003311956137039914,1,5,External
EA,HBAN,-0.6320406662612663,63,3.5996365202464314e-08,1,5,External
EA,HIG,-0.4928056698243965,63,4.7211229975417506e-05,1,5,External
EA,HON,-0.6179187408761344,63,8.765870443672418e-08,1,20,External
EA,HPE,-0.49875318267964297,63,3.694181615820692e-05,1,5,External
EA,HST,-0.4734425578003441,63,0.00010175196519534727,1,15,External
EA,HUBB,-0.4395328704071237,63,0.0003512830609767853,1,20,External
EA,HUM,0.47843983737377693,63,8.382591173079956e-05,1,1,Internal
EA,HWM,-0.5275445073386127,63,1.0539562606474388e-05,1,5,External
EA,IDXX,0.47095790255706427,63,0.00011192016921344729,1,1,Internal
EA,IEX,-0.41640721435034006,63,0.0007616667608667291,1,20,External
EA,IFF,-0.41273300183629874,63,0.0008570416238483316,1,15,External
EA,INCY,0.40459470313333046,63,0.0011077707872039644,1,1,Internal
EA,INTC,0.4142147151069009,63,0.0008173518000406642,1,0,External
EA,IP,-0.5987904930667453,63,2.7346629982398e-07,1,5,External
EA,IR,-0.612117795758048,63,1.2476865680292674e-07,1,15,External
EA,ISRG,0.40051675865896186,63,0.0012567619469671032,1,1,Internal
EA,IT,-0.4009844210988297,63,0.0012388052768035074,1,5,External
EA,ITW,-0.4968751589668413,63,3.9936441010725746e-05,1,20,External
EA,JBL,-0.4717869510771318,63,0.00010842795880043019,1,15,External
EA,JCI,-0.42348124445927743,63,0.000604607460865272,1,5,External
EA,JKHY,0.40075034742388527,63,0.0012477638543096456,1,1,Internal
EA,JPM,-0.5749500420446892,63,1.0219222641600875e-06,1,5,External
EA,KEY,-0.6124065784141214,63,1.2261576206864509e-07,1,5,External
EA,KIM,-0.6241784628028809,63,5.94065312872397e-08,1,15,External
EA,KMB,0.41136232500200726,63,0.0008952993315156605,1,1,Internal
EA,L,-0.4432031949161701,63,0.0003090890887387635,1,5,External
EA,LKQ,-0.47794520454532036,63,8.546081493332107e-05,1,15,External
EA,LUV,-0.4866543905393553,63,6.055755814938088e-05,1,5,External
EA,LVS,-0.4397900662174729,63,0.0003481635510803706,1,15,External
EA,LYB,-0.5354607419657276,63,7.314233167593003e-06,1,5,External
EA,MAA,-0.44726224606867754,63,0.00026784916867246783,1,15,External
EA,MAR,-0.45513658110293326,63,0.00020183831566796993,1,15,External
EA,MET,-0.5354404896457692,63,7.321158577929318e-06,1,5,External
EA,MGM,-0.43223722598760816,63,0.0004511076436875221,1,15,External
EA,MHK,-0.5097223231581394,63,2.3215810994390872e-05,1,15,External
EA,MLM,-0.5360137389677063,63,7.1274744659356385e-06,1,5,External
EA,MOS,-0.42942563128579886,63,0.0004960163801989734,1,5,External
EA,MSFT,0.5514346324528975,63,3.4004264070823878e-06,1,1,Internal
EA,MTB,-0.6351356349922689,63,2.943904047551063e-08,1,5,External
EA,NCLH,-0.5326997221142571,63,8.316842585960238e-06,1,15,External
EA,NFLX,0.4937505863617177,63,4.542053752760727e-05,1,1,Internal
EA,NSC,-0.43899304428511143,63,0.0003579135758087699,1,20,External
EA,NTRS,-0.42682539914467965,63,0.0005411255354050259,1,5,External
EA,NUE,-0.4521115905055749,63,0.00022519760426330831,1,5,External
EA,NVDA,0.5767503711540558,63,9.284493030203196e-07,1,1,Internal
EA,NVR,-0.453941382023943,63,0.00021078898592386311,1,15,External
EA,NWS,-0.4680587973534636,63,0.00012496101449532235,1,15,External
EA,NWSA,-0.48127315845949853,63,7.500293656957825e-05,1,15,External
EA,O,-0.5179950861591787,63,1.618013831899395e-05,1,15,External
EA,PFG,-0.5694411064775325,63,1.365733381125761e-06,1,5,External
EA,PH,-0.6142437480858081,63,1.0971818114810903e-07,1,15,External
EA,PHM,-0.4057890512272299,63,0.0010672555708472488,1,15,External
EA,PKG,-0.5909875986413974,63,4.2594898339722625e-07,1,20,External
EA,PNC,-0.5362090438657434,63,7.062584630539822e-06,1,5,External
EA,PNR,-0.430872050711849,63,0.0004724295503665734,1,20,External
EA,PRU,-0.4597087272956989,63,0.00017071559243262417,1,5,External
EA,PWR,-0.4631173379713905,63,0.0001504463075840707,1,20,External
EA,RCL,-0.47358571204411504,63,0.0001011928510242811,1,15,External
EA,REG,-0.6269356798396165,63,4.991396451722667e-08,1,15,External
EA,REGN,0.4445320094873709,63,0.0002949909605619934,1,1,Internal
EA,RF,-0.5698036092104908,63,1.3401343075579138e-06,1,5,External
EA,RJF,-0.5848334256381384,63,5.992572646447153e-07,1,5,External
EA,RL,-0.6433197814250844,63,1.7109439351666238e-08,1,15,External
EA,RTX,-0.5162117800532344,63,1.750365868463394e-05,1,15,External
EA,SCHW,-0.46792520844942875,63,0.00012559428696615782,1,5,External
EA,SNA,-0.604327595568788,63,1.9824530208428382e-07,1,15,External
EA,SNPS,0.4281409911113452,63,0.000517856890952679,1,1,Internal
EA,SPG,-0.5534140091506533,63,3.083976558188078e-06,1,15,External
EA,STT,-0.4130968535009083,63,0.0008471372545269703,1,5,External
EA,SWK,-0.4757270637440581,63,9.31597423819338e-05,1,5,External
EA,SYF,-0.5846931068892829,63,6.038903201179122e-07,1,5,External
EA,SYY,-0.5768452677027255,63,9.237519810978621e-07,1,15,External
EA,TAP,-0.40814457895215234,63,0.0009912426024422634,1,5,External
EA,TDG,-0.5381663888382401,63,6.441975728593488e-06,1,5,External
EA,TEL,-0.5195992937730405,63,1.5069559074158961e-05,1,15,External
EA,TFC,-0.6237250877280308,63,6.112190824012777e-08,1,5,External
EA,TJX,-0.45235037389093224,63,0.00022326753437836502,1,15,External
EA,TMO,0.4313247970301966,63,0.0004652589284818348,1,1,Internal
EA,TPR,-0.5240107333479743,63,1.236993565888434e-05,1,15,External
EA,TRV,-0.4520014702701727,63,0.00022609283022156557,1,5,External
EA,TT,-0.4121471935940265,63,0.0008732078888117168,1,20,External
EA,TTWO,0.6010515574462227,63,2.399806590516041e-07,1,1,Internal
EA,TXT,-0.6983488218992642,63,2.7916481673615e-10,1,5,External
EA,UAL,-0.568578330931565,63,1.4285152254746813e-06,1,5,External
EA,UDR,-0.4845670887679494,63,6.582499855757332e-05,1,15,External
EA,URI,-0.44836049534531075,63,0.00025759001282359904,1,15,External
EA,USB,-0.6108845232733953,63,1.3437013521545886e-07,1,5,External
EA,VICI,-0.408591610126407,63,0.000977381053619025,1,5,External
EA,VMC,-0.43782144936721756,63,0.0003726979529538688,1,5,External
EA,VRSN,0.5274010461899741,63,1.060867408840408e-05,1,1,Internal
EA,VRTX,0.5670653848841986,63,1.5451818033676648e-06,1,1,Internal
EA,VTR,-0.42872587374941057,63,0.0005078070789853752,1,15,External
EA,WAB,-0.5804292106238049,63,7.618193245229944e-07,1,15,External
EA,WDC,-0.45450476834291065,63,0.00020652556666334837,1,0,External
EA,WELL,-0.49126575527650096,63,5.026979588764135e-05,1,15,External
EA,WFC,-0.5919151064812205,63,4.043396462444583e-07,1,5,External
EA,WY,-0.5263340411622781,63,1.1136080794854314e-05,1,15,External
EBAY,HAL,-0.40546511715809014,63,0.001078110047146137,19,11,External
ECL,ED,0.4067349941266665,63,0.0010361202251087526,7,7,Internal
ECL,GOOG,-0.543086052173943,63,5.099283399988114e-06,7,1,External
ECL,GOOGL,-0.523154163525855,63,1.2856060771087856e-05,7,1,External
ECL,GWW,0.4049345639692408,63,0.0010961030873041454,7,1,External
ECL,IFF,0.4362446050830026,63,0.0003934745670923078,7,15,External
ECL,IP,0.44509579540740674,63,0.00028918879523907366,7,5,External
ECL,LNT,0.48310401281440524,63,6.976559836144174e-05,7,7,Internal
ECL,META,-0.4035008019207083,63,0.0011460890745227529,7,1,External
ECL,MSFT,-0.406001741838875,63,0.0010601823540781613,7,1,External
ECL,NFLX,-0.40455370023855847,63,0.0011091859892983602,7,1,External
ECL,NI,0.4347671177083698,63,0.00041389345197327107,7,7,Internal
ECL,NRG,0.42664297715110366,63,0.0005444258709797234,7,7,Internal
ECL,PCG,0.4797030565483632,63,7.978042146043925e-05,7,7,Internal
ECL,PKG,0.4175077370846862,63,0.000735030318645944,7,20,External
ECL,PNW,0.48487456390350786,63,6.502340793664947e-05,7,7,Internal
ECL,RL,0.40956150368341443,63,0.0009479062507660134,7,15,External
ECL,ROK,0.4923443948650156,63,4.8108872121841034e-05,7,20,External
ECL,RSG,0.5245082635495426,63,1.2095478254295999e-05,7,7,Internal
ECL,WM,0.48789040311866844,63,5.7624619789552975e-05,7,7,Internal
ECL,XEL,0.4253804986886491,63,0.0005677717782804752,7,7,Internal
ED,EIX,0.507193707919373,63,2.5876402064079473e-05,7,7,Internal
ED,EQR,0.41528883865968796,63,0.0007896271414828563,7,15,External
ED,ES,0.7448340911613152,63,3.898010844762218e-12,7,7,Internal
ED,ESS,0.42325770530359724,63,0.0006090825692747084,7,15,External
ED,ETR,0.4792892799851872,63,8.108530352173872e-05,7,7,Internal
ED,EVRG,0.5584193121215155,63,2.4022273230763233e-06,7,7,Internal
ED,EXC,0.4837362421652332,63,6.803682739153884e-05,7,7,Internal
ED,FE,0.6123159821480559,63,1.232873652934051e-07,7,7,Internal
ED,GOOG,-0.42594840233810827,63,0.0005571598787701886,7,1,External
ED,KO,0.4150562777563936,63,0.0007955566779560845,7,7,Internal
ED,LHX,0.47358579526555294,63,0.00010119252681172848,7,7,Internal
ED,LNT,0.7020081674330565,63,2.0547162804771224e-10,7,7,Internal
ED,META,-0.514292195726905,63,1.9040187755784126e-05,7,1,External
ED,NEE,0.5007780954179243,63,3.394662614746895e-05,7,7,Internal
ED,NI,0.6024089197019517,63,2.2177401768487452e-07,7,7,Internal
ED,PCG,0.4074753338233409,63,0.0010123262642676041,7,7,Internal
ED,PEG,0.6588227654262786,63,5.847584811895172e-09,7,7,Internal
ED,PNW,0.6995609296906535,63,2.5234254844249316e-10,7,7,Internal
ED,PPL,0.4688089180080453,63,0.00012145924298777362,7,7,Internal
ED,PSA,0.4059388279588988,63,0.0010622701968156306,7,7,Internal
ED,SO,0.5195207663590197,63,1.5122231153957895e-05,7,7,Internal
ED,WEC,0.732435791365421,63,1.3273297732712265e-11,7,7,Internal
ED,WM,0.4677609317004025,63,0.00012637707460563352,7,7,Internal
ED,XEL,0.708673427478862,63,1.1616896215403837e-10,7,7,Internal
EFX,ESS,0.41596229606992413,63,0.0007726809923324913,15,15,Internal
EFX,HLT,0.4998998504316587,63,3.521697250540718e-05,15,15,Internal
EFX,LH,0.4592222133330305,63,0.00017380451238696243,15,15,Internal
EFX,O,0.4476728230818675,63,0.00026397091624130156,15,15,Internal
EG,F,0.40844303650765457,63,0.0009819684962052138,5,5,Internal
EG,HIG,0.5398108396801318,63,5.960272544836136e-06,5,5,Internal
EG,L,0.47130193032351536,63,0.00011045865541754647,5,5,Internal
EG,SWK,0.5276490233210688,63,1.0489476711904654e-05,5,5,Internal
EG,TJX,0.41771174189524185,63,0.0007301863630334215,5,15,External
EG,TRMB,0.4798976871464628,63,7.917334966344668e-05,5,5,Internal
EG,TRV,0.5257402247135969,63,1.1440058718565604e-05,5,5,Internal
EG,UNH,-0.4285697964977039,63,0.0005104714153918509,5,1,External
EG,WRB,0.6366256324473648,63,2.670123363686786e-08,5,5,Internal
EIX,ES,0.4496342313067279,63,0.000246141988589811,7,7,Internal
EIX,ETR,0.5009885442313615,63,3.3648585684639724e-05,7,7,Internal
EIX,EVRG,0.5267229658375705,63,1.0941078303428177e-05,7,7,Internal
EIX,EXC,0.5290155640260031,63,9.85465897098034e-06,7,7,Internal
EIX,FE,0.4684401408163122,63,0.00012316937284422564,7,7,Internal
EIX,GOOG,-0.48275864193652834,63,7.072699645885361e-05,7,1,External
EIX,GOOGL,-0.46734966884166496,63,0.0001283564563104251,7,1,External
EIX,LNT,0.5694326424603201,63,1.3663365273671384e-06,7,7,Internal
EIX,NEE,0.43880766678921734,63,0.00036021668465101997,7,7,Internal
EIX,NI,0.6579592950400383,63,6.218079022921654e-09,7,7,Internal
EIX,PCG,0.40832878474755424,63,0.000985509403018042,7,7,Internal
EIX,PEG,0.43018761084046486,63,0.00048346062016266163,7,7,Internal
EIX,PNW,0.6661768695274402,63,3.437192610484026e-09,7,7,Internal
EIX,PPL,0.5684878613343644,63,1.435252795169295e-06,7,7,Internal
EIX,SO,0.49452506345116215,63,4.399987091841612e-05,7,7,Internal
EIX,WEC,0.4645532230893157,63,0.00014258873635922048,7,7,Internal
EIX,WELL,0.4062894861588773,63,0.0010506804268582805,7,15,External
EIX,WM,0.40294024806078205,63,0.0011661837888480352,7,7,Internal
EIX,XEL,0.4130718989697501,63,0.0008478132204868322,7,7,Internal
EL,EXPE,0.5037249567793851,63,2.9987410965046122e-05,15,15,Internal
EL,MSCI,-0.4635409108257182,63,0.00014808806200745947,15,1,External
EL,SYY,0.4005167477271952,63,0.0012567623694333117,15,15,Internal
EL,UPS,-0.40027403530582006,63,0.0012661737284801742,15,20,External
ELV,FITB,-0.4746205226492347,63,9.723449783831767e-05,1,5,External
ELV,HUM,0.7580731714314355,63,9.725908812939237e-13,1,1,Internal
ELV,JPM,-0.4685289816886444,63,0.0001227553808176999,1,5,External
ELV,MOH,0.5818641875630094,63,7.047858025315943e-07,1,1,Internal
ELV,NTRS,-0.42046953359108474,63,0.0006674801869513763,1,5,External
ELV,PNC,-0.40445983603526087,63,0.0011124318183100286,1,5,External
ELV,TFC,-0.4236744190363378,63,0.0006007642734733868,1,5,External
ELV,UNH,0.6108190708157233,63,1.348986781127872e-07,1,1,Internal
ELV,UNP,-0.4194884974751343,63,0.0006892045989681326,1,20,External
ELV,USB,-0.4542960824076251,63,0.00020809550514370084,1,5,External
EMR,ETN,0.5520180361491873,63,3.3041367112808076e-06,20,20,Internal
EMR,FANG,0.44646333636051583,63,0.0002755451003439923,20,11,External
EMR,FDX,0.5173158994264934,63,1.667285109661192e-05,20,20,Internal
EMR,FITB,0.6051887517029089,63,1.8846777949698518e-07,20,5,External
EMR,FTV,0.5393538388650929,63,6.090655833428479e-06,20,20,Internal
EMR,GD,0.4361546035345244,63,0.00039469165378061295,20,5,External
EMR,GE,0.467614038878109,63,0.00012708081904066765,20,5,External
EMR,GL,0.45313234294345917,63,0.0002170523565485316,20,5,External
EMR,GLW,0.4363163429962985,63,0.00039250690722583253,20,15,External
EMR,GOOG,-0.43903418451012705,63,0.00035740427729591244,20,1,External
EMR,GOOGL,-0.43238331346460046,63,0.00044887861483624105,20,1,External
EMR,GS,0.4034348914088947,63,0.0011484355410595233,20,5,External
EMR,HAL,0.5506974575431455,63,3.5258460458716603e-06,20,11,External
EMR,HAS,0.4873578503551118,63,5.887185953751121e-05,20,20,Internal
EMR,HBAN,0.6339129637812448,63,3.1881678789374446e-08,20,5,External
EMR,HII,0.41239796856895317,63,0.0008662539455100148,20,20,Internal
EMR,HON,0.584356336256987,63,6.151474453508597e-07,20,20,Internal
EMR,HSIC,0.5225841042327137,63,1.3189363191305547e-05,20,20,Internal
EMR,HWM,0.4276303388958209,63,0.0005267785769667713,20,5,External
EMR,IBM,0.5372372184078865,63,6.7299573081513035e-06,20,5,External
EMR,IEX,0.4683566069710224,63,0.00012355980402575868,20,20,Internal
EMR,IP,0.5805920334106904,63,7.55136565841775e-07,20,5,External
EMR,IR,0.49570663117971553,63,4.19113966589801e-05,20,15,External
EMR,IT,0.4422821929909568,63,0.00031921830280813736,20,5,External
EMR,ITW,0.4292990224554911,63,0.000498131090206399,20,20,Internal
EMR,JKHY,-0.4075075330117032,63,0.0010113026824193215,20,1,External
EMR,JPM,0.5347824558666744,63,7.549529972473807e-06,20,5,External
EMR,KEY,0.5986974627214514,63,2.74934027006023e-07,20,5,External
EMR,L,0.4833492968656443,63,6.909014088895842e-05,20,5,External
EMR,MET,0.48081058061200055,63,7.638232227243888e-05,20,5,External
EMR,MHK,0.46254225415615535,63,0.00015370324435642573,20,15,External
EMR,MMC,-0.4008768956810113,63,0.00124291332732727,20,7,External
EMR,MMM,0.5559696285313135,63,2.7160310601192304e-06,20,20,Internal
EMR,MSFT,-0.5941026888417409,63,3.5738392435612625e-07,20,1,External
EMR,MTB,0.602389722066091,63,2.2202220078269914e-07,20,5,External
EMR,NTRS,0.5003012593890483,63,3.4630989500121236e-05,20,5,External
EMR,NUE,0.48647246332667565,63,6.100069893646171e-05,20,5,External
EMR,NVDA,-0.4130151155931121,63,0.0008493531802342196,20,1,External
EMR,OMC,0.4947136015990214,63,4.366029750819579e-05,20,5,External
EMR,OXY,0.43465191774666656,63,0.0004155253487373481,20,11,External
EMR,PCAR,0.4990883162143172,63,3.64297872459501e-05,20,20,Internal
EMR,PH,0.4297890878867333,63,0.0004899909130335764,20,15,External
EMR,PKG,0.5707499107285225,63,1.2754113666326667e-06,20,20,Internal
EMR,PNC,0.5746458700096071,63,1.0385607862915684e-06,20,5,External
EMR,PNR,0.41300326460527476,63,0.0008496748965792124,20,20,Internal
EMR,PRU,0.4745177501426226,63,9.762115337368336e-05,20,5,External
EMR,PSX,0.49476753358073766,63,4.3563607867020936e-05,20,11,External
EMR,PWR,0.401527101074625,63,0.001218257842334605,20,20,Internal
EMR,RF,0.559217080966649,63,2.307584932079031e-06,20,5,External
EMR,RJF,0.5705150334451553,63,1.2911968815414216e-06,20,5,External
EMR,RL,0.5109524320463509,63,2.201535352507694e-05,20,15,External
EMR,RMD,-0.4223246156189453,63,0.0006280886192854128,20,1,External
EMR,ROK,0.5646071236682505,63,1.7539517663964387e-06,20,20,Internal
EMR,SLB,0.5079155779627114,63,2.5089390724919683e-05,20,11,External
EMR,SNA,0.46689475899347416,63,0.00013057904438292566,20,15,External
EMR,STT,0.4266002725576633,63,0.0005452011072580578,20,5,External
EMR,SWK,0.4278381025234381,63,0.0005231319982774807,20,5,External
EMR,SYF,0.573138596670289,63,1.1248251206385384e-06,20,5,External
EMR,SYY,0.42174266221698686,63,0.0006402130057763034,20,15,External
EMR,T,0.42769035672334277,63,0.0005257228058323306,20,5,External
EMR,TEL,0.45280510070664354,63,0.00021963379499955268,20,15,External
EMR,TFC,0.5515950012769072,63,3.373699798800564e-06,20,5,External
EMR,TROW,0.4939996945842154,63,4.4959025676197904e-05,20,5,External
EMR,TRV,0.4890714689351105,63,5.4945080931490564e-05,20,5,External
EMR,TXT,0.4828442206464349,63,7.048764222038026e-05,20,5,External
EMR,TYL,-0.5174912412026498,63,1.654433324724516e-05,20,1,External
EMR,UNP,0.45746491217296853,63,0.00018539331015515658,20,20,Internal
EMR,URI,0.41151474965928564,63,0.000890969990947417,20,15,External
EMR,USB,0.6332955574163055,63,3.318671525221142e-08,20,5,External
EMR,VLO,0.49365069080778656,63,4.560683632348404e-05,20,11,External
EMR,WAB,0.4310155185534926,63,0.0004701464991366038,20,15,External
EMR,WBD,0.44682839467229196,63,0.00027200376538547434,20,15,External
EMR,WFC,0.5250690358653608,63,1.1792926812712512e-05,20,5,External
EMR,WY,0.4196538479975954,63,0.0006854987272962545,20,15,External
EMR,XOM,0.59636852392295,63,3.1418534145087047e-07,20,11,External
EMR,XYL,0.5672852903515021,63,1.5276872770305674e-06,20,20,Internal
EOG,FANG,0.82805543680399,63,1.026063021921802e-16,11,11,Internal
EOG,FITB,0.4061061393619675,63,0.0010567260083972146,11,5,External
EOG,HAL,0.7953233094320687,63,1.1557440510717105e-14,11,11,Internal
EOG,HBAN,0.40054559852256155,63,0.0012556478538469655,11,5,External
EOG,HUM,-0.517870195737664,63,1.626971239520445e-05,11,1,External
EOG,HWM,0.4182934528775702,63,0.0007165322889031142,11,5,External
EOG,IT,0.47961230039457925,63,8.006496199274821e-05,11,5,External
EOG,KEY,0.41521063919264917,63,0.0007916164942980863,11,5,External
EOG,KMI,0.49370907844735573,63,4.549786156484647e-05,11,11,Internal
EOG,L,0.43811171590211895,63,0.00036898412694666096,11,5,External
EOG,MPC,0.514287002634482,63,1.9044509272573158e-05,11,11,Internal
EOG,MSFT,-0.41761008223924334,63,0.0007325965786272874,11,1,External
EOG,NVDA,-0.41760452923850605,63,0.0007327284400975642,11,1,External
EOG,OKE,0.5520142720741081,63,3.304749715734073e-06,11,11,Internal
EOG,OXY,0.6974249921723352,63,3.014061148011459e-10,11,11,Internal
EOG,POOL,-0.40779273074073946,63,0.0010022771893829206,11,1,External
EOG,PSX,0.6214814951752708,63,7.032112195007415e-08,11,11,Internal
EOG,SLB,0.7039073809575294,63,1.7493494535388595e-10,11,11,Internal
EOG,TPL,0.41320702145093247,63,0.0008441588539447178,11,11,Internal
EOG,TRV,0.40813945624301373,63,0.0009914024702242054,11,5,External
EOG,VLO,0.5286915836766932,63,1.0001842793021837e-05,11,11,Internal
EOG,XOM,0.7894958191715198,63,2.450808000614411e-14,11,11,Internal
EPAM,FICO,0.6306362690062532,63,3.940676746956684e-08,1,1,Internal
EPAM,GOOG,0.48166661944814365,63,7.384775903365362e-05,1,1,Internal
EPAM,GOOGL,0.4766562465283857,63,8.986011388322847e-05,1,1,Internal
EPAM,PAYC,0.5042719110590465,63,2.930137424609352e-05,1,15,External
EPAM,TAP,-0.41178309010866343,63,0.0008833942048476419,1,5,External
EQIX,GPC,-0.41039382389211715,63,0.0009232546260192219,7,15,External
EQIX,HAS,-0.4680205215171823,63,0.0001251421590128699,7,20,External
EQIX,ICE,0.5407969638663401,63,5.687745618045279e-06,7,1,External
EQIX,KMB,0.42294581308255225,63,0.0006153766467040684,7,1,External
EQIX,MGM,-0.43871317091387335,63,0.0003613958796700794,7,15,External
EQIX,MHK,-0.438537587038812,63,0.00036359629981614814,7,15,External
EQIX,NEE,0.46278464206528797,63,0.00015232269713192945,7,7,Internal
EQIX,PEP,0.4269389977963046,63,0.0005390795237670301,7,1,External
EQIX,PG,0.42493244577648903,63,0.0005762732106074217,7,1,External
EQIX,PGR,0.4292268469031924,63,0.0004993402799809817,7,7,Internal
EQIX,SBAC,0.6869472246234264,63,7.049839420523135e-10,7,7,Internal
EQIX,SYF,-0.4296626528134768,63,0.0004920793960564345,7,5,External
EQIX,TMO,0.4621563419969248,63,0.0001559249489140697,7,1,External
EQIX,WBD,-0.4103042986767228,63,0.0009258781094368225,7,15,External
EQIX,XEL,0.4645281249245941,63,0.00014272278363798495,7,7,Internal
EQR,ESS,0.8124931322551081,63,1.0876896255572312e-15,15,15,Internal
EQR,EXPE,0.4291419349445833,63,0.0005007662625486793,15,15,Internal
EQR,EXR,0.41549952313009775,63,0.0007842899229161541,15,7,External
EQR,FRT,0.4829373414329713,63,7.022804205853881e-05,15,15,Internal
EQR,HST,0.48982598268137295,63,5.329399692714867e-05,15,15,Internal
EQR,IFF,0.43252692440033086,63,0.00044669714182852497,15,15,Internal
EQR,INTC,-0.461485024013515,63,0.00015986004261213174,15,0,External
EQR,INVH,0.4880917349184713,63,5.715948644223157e-05,15,15,Internal
EQR,IR,0.49350472255923145,63,4.588032768931964e-05,15,15,Internal
EQR,IRM,0.48213229762148185,63,7.250175116882507e-05,15,15,Internal
EQR,KIM,0.4365961870123576,63,0.0003887528191944165,15,15,Internal
EQR,MAA,0.7786704049138851,63,9.317765385732205e-14,15,15,Internal
EQR,MET,0.4500162377554211,63,0.0002428004016682542,15,5,External
EQR,NCLH,0.422129965012741,63,0.0006321205907751721,15,15,Internal
EQR,NFLX,-0.4452022975917114,63,0.00028810450572032485,15,1,External
EQR,NVDA,-0.4516754206537995,63,0.00022876258195012983,15,1,External
EQR,O,0.542833663530742,63,5.161261517024057e-06,15,15,Internal
EQR,ORLY,-0.4010913240805378,63,0.0012347331240001344,15,1,External
EQR,PFG,0.409823097694378,63,0.0009400950934558317,15,5,External
EQR,PNW,0.4481045712010826,63,0.0002599480784434207,15,7,External
EQR,PRU,0.43180585176247216,63,0.00045774850389197156,15,5,External
EQR,PSA,0.4065874436220037,63,0.0010409222280146494,15,7,External
EQR,RCL,0.4488423777698042,63,0.0002532029585185486,15,15,Internal
EQR,REG,0.5026022679617572,63,3.1442425391926465e-05,15,15,Internal
EQR,RTX,0.4776697569515106,63,8.638392500982937e-05,15,15,Internal
EQR,SNA,0.4594353503628149,63,0.00017244503640514677,15,15,Internal
EQR,SPG,0.44390704031773115,63,0.0003015468218984053,15,15,Internal
EQR,SYY,0.4071088815574678,63,0.0010240414516842172,15,15,Internal
EQR,TFC,0.42993061766995305,63,0.0004876626495154619,15,5,External
EQR,TXT,0.40883181916641165,63,0.0009700051211938541,15,5,External
EQR,UAL,0.41930995780699565,63,0.0006932264355322809,15,5,External
EQR,UDR,0.8440176980435571,63,7.032835011709038e-18,15,15,Internal
EQR,VRTX,-0.5214221049194745,63,1.38937785251335e-05,15,1,External
EQR,VTR,0.40059505671573975,63,0.001253739336647438,15,15,Internal
EQR,WAB,0.42584231506492654,63,0.0005591284554975776,15,15,Internal
EQR,WELL,0.4797710787083551,63,7.956776801871632e-05,15,15,Internal
EQR,WY,0.43212959171582177,63,0.000452756382042629,15,15,Internal
EQR,YUM,0.41470934335197585,63,0.0008044772292471584,15,7,External
EQT,IVZ,0.421107161548968,63,0.0006536949917089178,18,5,External
EQT,POOL,-0.5073772135140737,63,2.567419694682367e-05,18,1,External
ES,ETR,0.5788828205362324,63,8.281145262996361e-07,7,7,Internal
ES,EVRG,0.6935617670811401,63,4.140242935443332e-10,7,7,Internal
ES,EXC,0.5367665968624498,63,6.88035450392745e-06,7,7,Internal
ES,FE,0.696856970564652,63,3.159071765698841e-10,7,7,Internal
ES,LNT,0.7153029932054995,63,6.4837078020457e-11,7,7,Internal
ES,MU,-0.4562470507929329,63,0.00019383536586630029,7,0,External
ES,NEE,0.6195400780523697,63,7.932093826368023e-08,7,7,Internal
ES,NEM,0.4068964184813306,63,0.0010308895915390952,7,1,External
ES,NI,0.7333576768019555,63,1.2145812076360836e-11,7,7,Internal
ES,PCG,0.4208860022687729,63,0.0006584468418067909,7,7,Internal
ES,PEG,0.490332865413324,63,5.2210653103855167e-05,7,7,Internal
ES,PLD,0.40016027447110436,63,0.001270606677394064,7,7,Internal
ES,PNW,0.6315348597587392,63,3.7191182751810295e-08,7,7,Internal
ES,PPL,0.48575919840055254,63,6.27670929249531e-05,7,7,Internal
ES,SO,0.6365576409834961,63,2.6820737794931313e-08,7,7,Internal
ES,SPGI,0.43297504962846173,63,0.0004399518897886892,7,1,External
ES,WEC,0.8720879257393991,63,2.7890033088209707e-20,7,7,Internal
ES,WM,0.43266423934637754,63,0.00044462032780646715,7,7,Internal
ES,XEL,0.788862111059911,63,2.6557644948272977e-14,7,7,Internal
ESS,ETR,0.4769499417885784,63,8.883976189118889e-05,15,7,External
ESS,EVRG,0.4019796067370276,63,0.0012013597705602943,15,7,External
ESS,HCA,0.4213177290025849,63,0.0006491996213444317,15,15,Internal
ESS,HLT,0.43083304324303695,63,0.00047305202929312685,15,15,Internal
ESS,HST,0.4495874186285853,63,0.00024655435913996,15,15,Internal
ESS,INTC,-0.4523340797413274,63,0.000223398756277563,15,0,External
ESS,INVH,0.4665247673161667,63,0.00013241274108968958,15,15,Internal
ESS,IRM,0.4461281415267722,63,0.0002788337652833996,15,15,Internal
ESS,LNT,0.41321801559172655,63,0.0008438621463474817,15,7,External
ESS,MAA,0.748531786236118,63,2.6681173446935235e-12,15,15,Internal
ESS,MAR,0.4181442424997511,63,0.0007200123723234621,15,15,Internal
ESS,NI,0.41155450097125995,63,0.0008898440418736762,15,7,External
ESS,O,0.4481023108640299,63,0.00025996899259719125,15,15,Internal
ESS,PLD,0.49446096777436965,63,4.411586758279941e-05,15,7,External
ESS,PNW,0.5085293013265612,63,2.4437795629906796e-05,15,7,External
ESS,RCL,0.4087530832968085,63,0.0009724172557371146,15,15,Internal
ESS,UDR,0.8108121512690912,63,1.3853348990592434e-15,15,15,Internal
ESS,WELL,0.4106247905790302,63,0.0009165172527982458,15,15,Internal
ETN,F,0.5010500846384535,63,3.356189006960422e-05,20,5,External
ETN,FDX,0.44769903339957,63,0.000263725087938314,20,20,Internal
ETN,FITB,0.5132361798437968,63,1.9937940831993102e-05,20,5,External
ETN,FRT,0.4058638432562528,63,0.0010647634599833045,20,15,External
ETN,FTV,0.43460494389778276,63,0.0004161924487514244,20,20,Internal
ETN,GD,0.5706199432161875,63,1.2841236675738757e-06,20,5,External
ETN,GE,0.5243555466993106,63,1.2179114652883893e-05,20,5,External
ETN,GL,0.6057142444185226,63,1.8272638555766194e-07,20,5,External
ETN,GLW,0.4573651878286043,63,0.00018607171101054235,20,15,External
ETN,GOOG,-0.4188481078630422,63,0.0007037290032445516,20,1,External
ETN,GOOGL,-0.4302322094809171,63,0.0004827347592356859,20,1,External
ETN,GPC,0.40902137383021453,63,0.0009642201004296921,20,15,External
ETN,HBAN,0.5344179168375849,63,7.678882977251147e-06,20,5,External
ETN,HIG,0.4350481753823709,63,0.0004099364986344028,20,5,External
ETN,HII,0.42911023853539476,63,0.000501299508889495,20,20,Internal
ETN,HON,0.6093571700414444,63,1.4722706979705478e-07,20,20,Internal
ETN,HST,0.45302201814272053,63,0.00021791953134688688,20,15,External
ETN,HUBB,0.628832792722082,63,4.4235036412369954e-08,20,20,Internal
ETN,HWM,0.43768052459464596,63,0.0003745132712188209,20,5,External
ETN,IEX,0.4731951729481466,63,0.00010272487241935158,20,20,Internal
ETN,INTU,-0.4661933152019208,63,0.00013407547970940465,20,1,External
ETN,IP,0.6248996776687649,63,5.677108311253869e-08,20,5,External
ETN,IR,0.4309976364855059,63,0.0004704305141906167,20,15,External
ETN,IRM,0.4020527814748111,63,0.0011986470904299378,20,15,External
ETN,ITW,0.5359541086486085,63,7.147397004866186e-06,20,20,Internal
ETN,J,0.4109457527973534,63,0.0009072283953686501,20,20,Internal
ETN,JBL,0.4065954338436821,63,0.001040661674710286,20,15,External
ETN,JPM,0.523337991752179,63,1.2750260850002758e-05,20,5,External
ETN,KEY,0.5798577202893521,63,7.857169590469482e-07,20,5,External
ETN,KIM,0.42097143756957384,63,0.0006566074726622063,20,15,External
ETN,LEN,0.4033296901479464,63,0.0011521897559190401,20,15,External
ETN,LKQ,0.5185040780590411,63,1.5819794403771774e-05,20,15,External
ETN,LYB,0.4226418638324935,63,0.0006215671177870173,20,5,External
ETN,MAR,0.40084981776678474,63,0.0012439497800263131,20,15,External
ETN,MET,0.48875969838530303,63,5.5641005614759415e-05,20,5,External
ETN,MHK,0.41261381964800226,63,0.0008603085500595791,20,15,External
ETN,MMM,0.4682352731336449,63,0.00012412893483045332,20,20,Internal
ETN,MOS,0.4587868709150688,63,0.0001766118738267479,20,5,External
ETN,MS,0.4856696852617355,63,6.299207282360344e-05,20,5,External
ETN,MSFT,-0.6392183633587203,63,2.250196077035389e-08,20,1,External
ETN,MTB,0.6902275316520299,63,5.423857362917832e-10,20,5,External
ETN,NFLX,-0.43334580830322783,63,0.0004344413549432979,20,1,External
ETN,NSC,0.5123901718812645,63,2.068532545079255e-05,20,20,Internal
ETN,NTRS,0.4527758003024672,63,0.00021986629476520051,20,5,External
ETN,NUE,0.5225700759096613,63,1.3197665632651448e-05,20,5,External
ETN,NVDA,-0.46143375159570776,63,0.00016016430003153032,20,1,External
ETN,NVR,0.482585351320822,63,7.121396737536076e-05,20,15,External
ETN,OMC,0.4885083762214584,63,5.620791225725214e-05,20,5,External
ETN,PCAR,0.5244032889941393,63,1.2152910667755852e-05,20,20,Internal
ETN,PFG,0.5614070620049606,63,2.0653975314347225e-06,20,5,External
ETN,PH,0.4154974712861666,63,0.0007843417440404621,20,15,External
ETN,PHM,0.4067737177378978,63,0.0010348632865362784,20,15,External
ETN,PKG,0.56952836627032,63,1.3595297702767327e-06,20,20,Internal
ETN,PNC,0.5442557715867081,63,4.821000121525114e-06,20,5,External
ETN,PRU,0.41553529467631717,63,0.0007833869785373078,20,5,External
ETN,PWR,0.4847145589487359,63,6.543941203839451e-05,20,20,Internal
ETN,PYPL,-0.41817627160372156,63,0.0007192640596274952,20,1,External
ETN,RF,0.49321821902153185,63,4.6421542500856956e-05,20,5,External
ETN,RJF,0.6916505501072384,63,4.835540126688788e-10,20,5,External
ETN,RL,0.46360436360926754,63,0.00014773772349090038,20,15,External
ETN,RTX,0.46624015769902016,63,0.00013383933570610505,20,15,External
ETN,SCHW,0.5633345821428193,63,1.8721257540478377e-06,20,5,External
ETN,SNA,0.5537502730013089,63,3.0330331392871226e-06,20,15,External
ETN,STT,0.5488073168399854,63,3.867450524607862e-06,20,5,External
ETN,SWK,0.5237302725411223,63,1.2527189782594032e-05,20,5,External
ETN,SYF,0.4964961483596911,63,4.056738135842234e-05,20,5,External
ETN,T,0.46293820382746637,63,0.000151453964442099,20,5,External
ETN,TDG,0.49244074106377417,63,4.7920089743039804e-05,20,5,External
ETN,TEL,0.5291311470440107,63,9.802639423289028e-06,20,15,External
ETN,TFC,0.5411664215503952,63,5.5886686958612995e-06,20,5,External
ETN,TPR,0.5037205893677238,63,2.9992948314462788e-05,20,15,External
ETN,TROW,0.4166776268837386,63,0.0007550421362673232,20,5,External
ETN,TRV,0.4835168450243128,63,6.86322219543858e-05,20,5,External
ETN,TT,0.41442526941480395,63,0.0008118487272465925,20,20,Internal
ETN,TXT,0.6173932641218487,63,9.053377486168415e-08,20,5,External
ETN,UAL,0.40050958832643463,63,0.0012570390772178536,20,5,External
ETN,USB,0.6045065801534046,63,1.9617462321179599e-07,20,5,External
ETN,VICI,0.4023976489610393,63,0.00118593650702974,20,5,External
ETN,VRSN,-0.430244422198987,63,0.0004825361651305146,20,1,External
ETN,WAB,0.5581401105944372,63,2.4361990040174305e-06,20,15,External
ETN,WFC,0.5479193673174885,63,4.038381868009959e-06,20,5,External
ETN,WRB,0.4823798555190786,63,7.179544405464845e-05,20,5,External
ETN,XYL,0.46925044010812306,63,0.00011944047590127334,20,20,Internal
ETR,EVRG,0.6858571196788722,63,7.685875239423692e-10,7,7,Internal
ETR,EXC,0.6935122448071437,63,4.1569929907440165e-10,7,7,Internal
ETR,FE,0.7190812800366947,63,4.616042571140181e-11,7,7,Internal
ETR,LH,0.4289268129017433,63,0.0005043955246542155,7,15,External
ETR,LNT,0.7428532105793332,63,4.7631021840222e-12,7,7,Internal
ETR,MMC,0.4340823445916901,63,0.0004236801746680792,7,7,Internal
ETR,NEE,0.6854916007082786,63,7.911081369187715e-10,7,7,Internal
ETR,NI,0.731050024316459,63,1.5157711960770242e-11,7,7,Internal
ETR,PEG,0.5132219522255224,63,1.9950299978461766e-05,7,7,Internal
ETR,PLD,0.4146388689359292,63,0.0008063003182166364,7,7,Internal
ETR,PNW,0.7242143030864648,63,2.8836086515036848e-11,7,7,Internal
ETR,PPL,0.546819816300554,63,4.259823334419581e-06,7,7,Internal
ETR,SO,0.7595004632848672,63,8.329830188634933e-13,7,7,Internal
ETR,SRE,0.5052210875341223,63,2.8145229599899307e-05,7,7,Internal
ETR,UDR,0.40903728776664156,63,0.0009637358425665239,7,15,External
ETR,WEC,0.5471101680333501,63,4.200272378572825e-06,7,7,Internal
ETR,XEL,0.6647729895833709,63,3.808500398471726e-09,7,7,Internal
ETR,YUM,0.40262750559077737,63,0.0011775323466748555,7,7,Internal
EVRG,EXC,0.6476221537456696,63,1.2779013445682916e-08,7,7,Internal
EVRG,FE,0.6060392399653158,63,1.7925843393777687e-07,7,7,Internal
EVRG,LNT,0.713188146717491,63,7.823225293253799e-11,7,7,Internal
EVRG,MCD,0.4061609444750908,63,0.0010549156152141802,7,7,Internal
EVRG,NEE,0.625910700106183,63,5.3261890568280475e-08,7,7,Internal
EVRG,NI,0.6552724983360608,63,7.518401623261969e-09,7,7,Internal
EVRG,PCG,0.45744757704746647,63,0.00018551107393773483,7,7,Internal
EVRG,PEG,0.4203239529211914,63,0.000670664269250449,7,7,Internal
EVRG,PNW,0.7006129039855761,63,2.3106795653260567e-10,7,7,Internal
EVRG,PPL,0.5351688230889677,63,7.4146492903202886e-06,7,7,Internal
EVRG,SO,0.6967481447034464,63,3.1876008636355617e-10,7,7,Internal
EVRG,WEC,0.69689513362172,63,3.1491248090406445e-10,7,7,Internal
EVRG,XEL,0.6530966092671868,63,8.756115417667674e-09,7,7,Internal
EW,GPC,-0.5991124010831661,63,2.684442870070847e-07,1,15,External
EW,MAR,-0.40876154179950214,63,0.0009721578636579634,1,15,External
EW,MGM,-0.4479752262047913,63,0.00026114734117590213,1,15,External
EW,ON,-0.413491327662659,63,0.0008365162887585135,1,0,External
EW,PODD,0.49744795808640124,63,3.900010108845746e-05,1,1,Internal
EW,SYK,0.43893107367675294,63,0.0003586819941282741,1,1,Internal
EXC,FE,0.5876650256707366,63,5.126013408128872e-07,7,7,Internal
EXC,GD,0.5128132068821208,63,2.0308416231750854e-05,7,5,External
EXC,GRMN,0.421751160726486,63,0.0006400344325448924,7,7,Internal
EXC,KO,0.4314360140354222,63,0.0004635126746295994,7,7,Internal
EXC,LNT,0.6862415719644623,63,7.455581843626217e-10,7,7,Internal
EXC,MCD,0.40862215495994414,63,0.0009764403342776515,7,7,Internal
EXC,NEE,0.6436299122883609,63,1.6755847938785514e-08,7,7,Internal
EXC,NI,0.6320964103921853,63,3.5866927797567976e-08,7,7,Internal
EXC,PEG,0.5784678667031083,63,8.468038986595832e-07,7,7,Internal
EXC,PNW,0.6947496963177784,63,3.757154222552329e-10,7,7,Internal
EXC,PPL,0.655757501010544,63,7.266072235623598e-09,7,7,Internal
EXC,PSKY,0.43866551058655895,63,0.00036199195673939093,7,5,External
EXC,SO,0.6710690454491577,63,2.393781379511442e-09,7,7,Internal
EXC,SRE,0.46397858173058104,63,0.00014568699268360598,7,7,Internal
EXC,WEC,0.5715737439919484,63,1.2214616139276015e-06,7,7,Internal
EXC,XEL,0.5893605866700894,63,4.6649971371653955e-07,7,7,Internal
EXPD,IEX,0.5016943118587219,63,3.266665609680087e-05,20,20,Internal
EXPD,NSC,0.4388163347081477,63,0.00036010869517642065,20,20,Internal
EXPE,F,0.40001920962831816,63,0.001276122978079103,15,5,External
EXPE,FRT,0.5379578931705665,63,6.505577672355865e-06,15,15,Internal
EXPE,FTV,0.44873978550788124,63,0.0002541311957526422,15,20,External
EXPE,GM,0.6523963796044016,63,9.193855900087936e-09,15,15,Internal
EXPE,HBAN,0.4993370629049425,63,3.605399706143575e-05,15,5,External
EXPE,HIG,0.4413892567540853,63,0.00032932702997594444,15,5,External
EXPE,HLT,0.48635622231289505,63,6.128540476000171e-05,15,15,Internal
EXPE,HON,0.5004885521437038,63,3.436067534607252e-05,15,20,External
EXPE,HST,0.5609462826349734,63,2.1142873376963538e-06,15,15,Internal
EXPE,HUM,-0.42799891054528666,63,0.00052032532011612,15,1,External
EXPE,HWM,0.4471684456288313,63,0.0002687424663622377,15,5,External
EXPE,IR,0.46272510983537174,63,0.0001526607117656064,15,15,Internal
EXPE,IRM,0.41071512853547126,63,0.000913894166954149,15,15,Internal
EXPE,IT,0.46812112528460814,63,0.00012466655618440512,15,5,External
EXPE,JBL,0.5127154859414484,63,2.0394911825996688e-05,15,15,Internal
EXPE,KEY,0.4387805186131577,63,0.00036055510182514373,15,5,External
EXPE,KIM,0.5629562595959446,63,1.9086705813045612e-06,15,15,Internal
EXPE,LKQ,0.42576563778737153,63,0.000560555222457994,15,15,Internal
EXPE,LUV,0.5703867625838007,63,1.2998947540823696e-06,15,5,External
EXPE,LVS,0.4043079910791202,63,0.0011177007497902866,15,15,Internal
EXPE,LYB,0.4943345517657813,63,4.434547683733386e-05,15,5,External
EXPE,LYV,0.6820332279740414,63,1.0375686995988546e-09,15,15,Internal
EXPE,MAR,0.5822558403648437,63,6.899304264905114e-07,15,15,Internal
EXPE,MET,0.4340018818303651,63,0.0004248438608347843,15,5,External
EXPE,MGM,0.4833763461433331,63,6.901602348091469e-05,15,15,Internal
EXPE,MHK,0.56668400426012,63,1.5759681032641975e-06,15,15,Internal
EXPE,MLM,0.483329916688508,63,6.914328939878566e-05,15,5,External
EXPE,MO,0.5314870590336059,63,8.796443471464747e-06,15,15,Internal
EXPE,MSCI,-0.4010751088385996,63,0.001235350019581726,15,1,External
EXPE,NCLH,0.5418877206143806,63,5.399861083084704e-06,15,15,Internal
EXPE,NFLX,-0.4070337626671637,63,0.0010264579912620893,15,1,External
EXPE,O,0.43276663102366675,63,0.00044307742941841624,15,15,Internal
EXPE,ORLY,-0.40594602367212235,63,0.0010620312142602816,15,1,External
EXPE,OTIS,0.4059941569652201,63,0.00106043386733212,15,15,Internal
EXPE,PFG,0.49400367082351004,63,4.4951694336540016e-05,15,5,External
EXPE,PH,0.43229371567256825,63,0.0004502445230579974,15,15,Internal
EXPE,PHM,0.4733373710474295,63,0.00010216459995193929,15,15,Internal
EXPE,PNR,0.5168254002256764,63,1.7037306180455995e-05,15,20,External
EXPE,PRU,0.4745883802619221,63,9.735527374763028e-05,15,5,External
EXPE,PWR,0.40009464271343176,63,0.0012731705144273535,15,20,External
EXPE,RCL,0.5229496126492928,63,1.2974746344809605e-05,15,15,Internal
EXPE,REG,0.5793441456426416,63,8.077912014595053e-07,15,15,Internal
EXPE,RF,0.4434703434088979,63,0.00030620634358024087,15,5,External
EXPE,SNA,0.4966806712365987,63,4.025906306429243e-05,15,15,Internal
EXPE,SPG,0.5233348584328937,63,1.275205738982261e-05,15,15,Internal
EXPE,STZ,0.5706921560327691,63,1.27927606010786e-06,15,15,Internal
EXPE,SYF,0.4327386678064666,63,0.00044349831161176456,15,5,External
EXPE,SYY,0.5601483278221175,63,2.201522498811316e-06,15,15,Internal
EXPE,TDG,0.4300350011225566,63,0.0004859519160140147,15,5,External
EXPE,TEL,0.48964422238301747,63,5.368749587783991e-05,15,15,Internal
EXPE,TFC,0.4153813663200665,63,0.0007872791281806953,15,5,External
EXPE,TMO,-0.4370390464121221,63,0.0003828786609409876,15,1,External
EXPE,TPR,0.4292430754890456,63,0.0004990681629455354,15,15,Internal
EXPE,TXT,0.5741686932937317,63,1.0651755128922307e-06,15,5,External
EXPE,UAL,0.5462126420643544,63,4.386910839278808e-06,15,5,External
EXPE,URI,0.4308660935536935,63,0.00047252456615139025,15,15,Internal
EXPE,VICI,0.4282305576905388,63,0.0005163062815528787,15,5,External
EXPE,VRSN,-0.4509254716778534,63,0.00023501307017353588,15,1,External
EXPE,VRTX,-0.5853843691383376,63,5.813870223637561e-07,15,1,External
EXPE,WAB,0.5293906105409157,63,9.686794028584398e-06,15,15,Internal
EXPE,WBD,0.4395776438637349,63,0.00035073818217221933,15,15,Internal
EXPE,WELL,0.46034496108757594,63,0.00016675201073635505,15,15,Internal
EXPE,WY,0.4389182908629421,63,0.00035884068437616227,15,15,Internal
EXR,GD,0.5651759097528504,63,1.7034228964497467e-06,7,5,External
EXR,GOOG,-0.5138388864928599,63,1.942086347892592e-05,7,1,External
EXR,GOOGL,-0.5138710738162646,63,1.9393602312307216e-05,7,1,External
EXR,HAS,0.48051657826867367,63,7.727113225462258e-05,7,20,External
EXR,HON,0.4419998271243318,63,0.00032238387666294,7,20,External
EXR,HUBB,0.47304702755236194,63,0.0001033115821088195,7,20,External
EXR,INVH,0.405648150209028,63,0.0010719647577447041,7,15,External
EXR,IRM,0.4155373098303301,63,0.0007833361400651395,7,15,External
EXR,ITW,0.4107930988291079,63,0.0009116356460585534,7,20,External
EXR,J,0.43474156982026285,63,0.0004142548534305068,7,20,External
EXR,JPM,0.4679316437575652,63,0.00012556371321309652,7,5,External
EXR,KO,0.47840869295792016,63,8.392799716402859e-05,7,7,Internal
EXR,MAA,0.4580850532703406,63,0.00018122523947363287,7,15,External
EXR,MOS,0.4074057240464752,63,0.0010145422880817186,7,5,External
EXR,MS,0.504949843522181,63,2.847122988867653e-05,7,5,External
EXR,MSFT,-0.4646996750127365,63,0.0001418088497641755,7,1,External
EXR,NFLX,-0.5067715770187253,63,2.6347163969575616e-05,7,1,External
EXR,PCAR,0.4282018606344432,63,0.0005168026357414773,7,20,External
EXR,PLD,0.429620411070695,63,0.0004927789553270028,7,7,Internal
EXR,PNW,0.41044119447432675,63,0.0009218691763864777,7,7,Internal
EXR,PSA,0.7385106479585779,63,7.344776732392807e-12,7,7,Internal
EXR,RSG,0.4777789921819676,63,8.60167510787087e-05,7,7,Internal
EXR,SBUX,0.4160162603254464,63,0.0007713374380655213,7,7,Internal
EXR,TXT,0.4517395223854424,63,0.00022823543973133866,7,5,External
EXR,UDR,0.4657832772782945,63,0.00013615896572217543,7,15,External
EXR,WM,0.5555837953694576,63,2.7688172440416456e-06,7,7,Internal
F,FITB,0.4968214762809804,63,4.0025251747963646e-05,5,5,Internal
F,FRT,0.607158210511756,63,1.677863368010852e-07,5,15,External
F,GD,0.5509217881047542,63,3.4872293217269963e-06,5,5,Internal
F,GE,0.5294300277366624,63,9.669306918684847e-06,5,5,Internal
F,GL,0.5874307490351639,63,5.192978479576175e-07,5,5,Internal
F,GLW,0.4652095164641752,63,0.00013912427406161462,5,15,External
F,GM,0.5890408890603347,63,4.74882614029925e-07,5,15,External
F,GOOG,-0.5663374170033256,63,1.604443120103466e-06,5,1,External
F,GOOGL,-0.5688159839038147,63,1.4109573004978746e-06,5,1,External
F,GS,0.4189478639056397,63,0.0007014484059968363,5,5,Internal
F,HAS,0.42319980890536063,63,0.0006102465043913613,5,20,External
F,HBAN,0.5391643697180453,63,6.145487592868315e-06,5,5,Internal
F,HIG,0.6784147241917431,63,1.3726278108595042e-09,5,5,Internal
F,HON,0.5958039237733473,63,3.2446475004738393e-07,5,20,External
F,HPE,0.47719355894923565,63,8.80014945942898e-05,5,5,Internal
F,HST,0.5033801537937839,63,3.0427504642777495e-05,5,15,External
F,HUBB,0.47815843617437104,63,8.47524563041161e-05,5,20,External
F,HWM,0.4227325100775635,63,0.0006197150621524585,5,5,Internal
F,IDXX,-0.523911091374564,63,1.2425593408742841e-05,5,1,External
F,INCY,-0.4361337379529115,63,0.00039497430706044774,5,1,External
F,INTU,-0.44889241328866525,63,0.0002527513706913097,5,1,External
F,IP,0.6003899975575859,63,2.493557154126637e-07,5,5,Internal
F,IR,0.5209399743842639,63,1.4196186022437362e-05,5,15,External
F,IRM,0.4179965406633839,63,0.0007234723355124257,5,15,External
F,JCI,0.5935641958686648,63,3.6844165340258094e-07,5,5,Internal
F,JPM,0.560127227579934,63,2.203874310614164e-06,5,5,Internal
F,KEY,0.6567388394914146,63,6.77984315232902e-09,5,5,Internal
F,KIM,0.6973017349335437,63,3.044979312121418e-10,5,15,External
F,L,0.46950243163038435,63,0.00011830216236200803,5,5,Internal
F,LUV,0.5498866817553556,63,3.668771025512649e-06,5,5,Internal
F,LVS,0.4601190540996097,63,0.00016814959366070792,5,15,External
F,LW,0.5232824958863967,63,1.2782115160186312e-05,5,15,External
F,LYB,0.49130197021589894,63,5.019581268088386e-05,5,5,Internal
F,LYV,0.4971652645457453,63,3.945964560711526e-05,5,15,External
F,MET,0.5466021025219832,63,4.304992370296346e-06,5,5,Internal
F,MLM,0.4761284125715986,63,9.172106515846181e-05,5,5,Internal
F,MMM,0.4129130320036135,63,0.0008521280364584142,5,20,External
F,MO,0.4195521059434642,63,0.000687776849971059,5,15,External
F,MOS,0.5224654391816275,63,1.3259746650656006e-05,5,5,Internal
F,MSFT,-0.6791432696795039,63,1.297838824624978e-09,5,1,External
F,MTB,0.5452446277820462,63,4.596867500349149e-06,5,5,Internal
F,NCLH,0.4593381409984501,63,0.00017306386447690206,5,15,External
F,NFLX,-0.4298863311506426,63,0.0004883901105259715,5,1,External
F,NVDA,-0.43019590247555134,63,0.0004833255954244175,5,1,External
F,O,0.456922210898352,63,0.00018911274736997964,5,15,External
F,OKE,0.4301156180521457,63,0.0004846344251945119,5,11,External
F,OMC,0.44339948217072256,63,0.000306968592519897,5,5,Internal
F,OXY,0.41672458839462334,63,0.0007538969912920182,5,11,External
F,PFG,0.6292894233090455,63,4.296230501412696e-08,5,5,Internal
F,PHM,0.42506772283622896,63,0.0005736943486729138,5,15,External
F,PKG,0.4725226812587226,63,0.00010541302922647675,5,20,External
F,PNC,0.4756781004953263,63,9.333667039939473e-05,5,5,Internal
F,PNR,0.4057888270584543,63,0.0010672630481692604,5,20,External
F,PRU,0.5967231464964182,63,3.0788635095398635e-07,5,5,Internal
F,PSKY,0.4488943666090527,63,0.00025273375623767274,5,5,Internal
F,PWR,0.46849095486600084,63,0.00012293242633265044,5,20,External
F,PYPL,-0.5413369852735216,63,5.543474066473783e-06,5,1,External
F,RCL,0.5152294194455806,63,1.8274993769024748e-05,5,15,External
F,REG,0.5920175025491032,63,4.02018208282253e-07,5,15,External
F,RF,0.5674959323570185,63,1.5111038146359001e-06,5,5,Internal
F,RJF,0.4653390577856275,63,0.00013844964543811017,5,5,Internal
F,RL,0.5465841696479846,63,4.308732761390024e-06,5,15,External
F,RTX,0.468860683265619,63,0.00012122094570804884,5,15,External
F,SNA,0.5081212682127645,63,2.486923491186984e-05,5,15,External
F,SNPS,-0.4534190880508672,63,0.00021481322942699442,5,1,External
F,SPG,0.6266400944838905,63,5.085847678890513e-08,5,15,External
F,STT,0.45521501007577275,63,0.0002012633172318685,5,5,Internal
F,STZ,0.4314932529729744,63,0.00046261627232353585,5,15,External
F,SWK,0.5121133047702562,63,2.0935506552074936e-05,5,5,Internal
F,T,0.4926219438063111,63,4.7566890641170933e-05,5,5,Internal
F,TDG,0.4641969390764119,63,0.0001445024854281778,5,5,Internal
F,TFC,0.5756343722115962,63,9.85398057615125e-07,5,5,Internal
F,TMO,-0.412044493783261,63,0.0008760702632567482,5,1,External
F,TPR,0.6084916011828297,63,1.5501895532633905e-07,5,15,External
F,TRV,0.6389397605336152,63,2.2921279567987638e-08,5,5,Internal
F,TSN,0.4860106210367014,63,6.213913262855805e-05,5,5,Internal
F,TXT,0.6096270719058062,63,1.448738796736533e-07,5,5,Internal
F,UAL,0.6515593146677233,63,9.744332907660071e-09,5,5,Internal
F,UDR,0.5112656737202297,63,2.171899689418412e-05,5,15,External
F,UHS,0.4160355668909217,63,0.0007708572738720704,5,15,External
F,USB,0.5527734189701367,63,3.183244910344271e-06,5,5,Internal
F,VICI,0.5242854206217894,63,1.2217699540905217e-05,5,5,Internal
F,VRSN,-0.5463419746015732,63,4.359547243237425e-06,5,1,External
F,VRTX,-0.4815063162275718,63,7.4316405824652e-05,5,1,External
F,VTR,0.5570959401920963,63,2.5672713643425277e-06,5,15,External
F,WAB,0.5402746108562454,63,5.830621929775801e-06,5,15,External
F,WBD,0.4657711363952843,63,0.00013622110660822977,5,15,External
F,WELL,0.5651978335280954,63,1.701502821995403e-06,5,15,External
F,WFC,0.5900650944445948,63,4.485148701881492e-07,5,5,Internal
F,WRB,0.5311992168691251,63,8.914003744437065e-06,5,5,Internal
F,WY,0.465798856700448,63,0.00013607926342433014,5,15,External
F,WYNN,0.41132982017852804,63,0.0008962250254544046,5,15,External
FANG,FAST,-0.4668559615474052,63,0.00013077022614853934,11,1,External
FANG,HAL,0.8926622565357142,63,1.9650190322388867e-22,11,11,Internal
FANG,HWM,0.43823614226547986,63,0.00036740249814488213,11,5,External
FANG,IT,0.46589233092007104,63,0.00013560196014267476,11,5,External
FANG,KMI,0.48466481784222076,63,6.55692354264012e-05,11,11,Internal
FANG,L,0.4621400860517248,63,0.0001560191779665312,11,5,External
FANG,LYB,0.4231725280379111,63,0.000610795651146193,11,5,External
FANG,MPC,0.4900416214700642,63,5.28306074631555e-05,11,11,Internal
FANG,NCLH,0.42977467640950007,63,0.0004902285576411957,11,15,External
FANG,OKE,0.5192900278408414,63,1.527798969994449e-05,11,11,Internal
FANG,OXY,0.7543223961448194,63,1.4540830958702376e-12,11,11,Internal
FANG,POOL,-0.424255212995321,63,0.0005893425148156599,11,1,External
FANG,PSX,0.6109839446728192,63,1.335710176504602e-07,11,11,Internal
FANG,SLB,0.7915436970583207,63,1.8869936743643803e-14,11,11,Internal
FANG,TMO,-0.43934542049774183,63,0.00035357265354161755,11,1,External
FANG,TPL,0.48560449734431466,63,6.315638220223936e-05,11,11,Internal
FANG,TRGP,0.4626005394378045,63,0.00015337023004281304,11,11,Internal
FANG,TSCO,-0.4332273339073373,63,0.0004361953584805909,11,1,External
FANG,VLO,0.5568839616363777,63,2.5946733493217574e-06,11,11,Internal
FANG,XOM,0.7668887665511095,63,3.670423028413372e-13,11,11,Internal
FAST,GWW,0.4278044575926886,63,0.0005237209597388353,1,1,Internal
FAST,HAL,-0.4699923253977916,63,0.00011611765776539964,1,11,External
FAST,MPC,-0.43061073515236553,63,0.00047661386370204345,1,11,External
FAST,OXY,-0.4076932657178587,63,0.0010054166174325826,1,11,External
FAST,PSX,-0.4463903924999114,63,0.00027625773693972243,1,11,External
FAST,ROL,0.506075721305526,63,2.71405425877517e-05,1,1,Internal
FAST,SLB,-0.4310430778982182,63,0.0004697090882862187,1,11,External
FCX,GM,0.42320322164220914,63,0.0006101778396558101,5,15,External
FCX,IT,0.4334163999573273,63,0.0004333993044322274,5,5,Internal
FCX,LYB,0.4634516297212205,63,0.00014858229588983016,5,5,Internal
FCX,MET,0.41825167409886205,63,0.0007175051709531093,5,5,Internal
FCX,MHK,0.420860362430827,63,0.0006589997618245554,5,15,External
FCX,NUE,0.4438305465770231,63,0.0003023583005153835,5,5,Internal
FCX,PPG,0.4206222656205594,63,0.0006641544209574928,5,5,Internal
FCX,PRU,0.4326321544840903,63,0.00044510480609252713,5,5,Internal
FCX,RF,0.401519001277001,63,0.0012185622551188658,5,5,Internal
FDX,FITB,0.48622936939797484,63,6.159750051636574e-05,20,5,External
FDX,GD,0.40757717723410575,63,0.001009091950966167,20,5,External
FDX,GE,0.6231711498232745,63,6.328123996736483e-08,20,5,External
FDX,GL,0.4152701811218312,63,0.0007901013681523104,20,5,External
FDX,HBAN,0.46635056107662465,63,0.00013328427620186797,20,5,External
FDX,HON,0.4786303234825535,63,8.320401899331784e-05,20,20,Internal
FDX,HSIC,0.430233990650257,63,0.0004827057905631535,20,20,Internal
FDX,INTU,-0.5281971568287548,63,1.0230408028261259e-05,20,1,External
FDX,IP,0.5143233507722,63,1.9014280676420658e-05,20,5,External
FDX,JKHY,-0.4381414119867734,63,0.0003686060866767186,20,1,External
FDX,KEY,0.5142067429640282,63,1.9111414520841863e-05,20,5,External
FDX,MAR,0.40136332788094387,63,0.0012244262105793001,20,15,External
FDX,MGM,0.4172146980750265,63,0.0007420392358854368,20,15,External
FDX,MKC,-0.4755194301705784,63,9.391215024447641e-05,20,1,External
FDX,MMM,0.45898341881545424,63,0.00017533930423898583,20,20,Internal
FDX,MSFT,-0.5272927502251318,63,1.066112398341572e-05,20,1,External
FDX,MTB,0.43800041269290024,63,0.0003704041960819462,20,5,External
FDX,PNC,0.41449680857275967,63,0.0008099866103916132,20,5,External
FDX,RF,0.4116240145200802,63,0.0008878781713028257,20,5,External
FDX,RTX,0.4115358209696873,63,0.0008903729895194051,20,15,External
FDX,SCHW,0.40069793902251644,63,0.0012497776232318824,20,5,External
FDX,TFC,0.40958487694258394,63,0.0009472059528996724,20,5,External
FDX,UPS,0.5167960443280784,63,1.7059351341390528e-05,20,20,Internal
FDX,WY,0.42613907023962716,63,0.0005536376136708095,20,15,External
FE,LHX,0.41662807428238574,63,0.0007562521708346813,7,7,Internal
FE,LNT,0.6245805137849713,63,5.7923452865461566e-08,7,7,Internal
FE,MMC,0.4926230807260379,63,4.756468217745516e-05,7,7,Internal
FE,NEE,0.562001360161419,63,2.003902456779601e-06,7,7,Internal
FE,NI,0.6640999402128955,63,3.999709016144918e-09,7,7,Internal
FE,PCG,0.405160581135567,63,0.0010884051724977333,7,7,Internal
FE,PEG,0.5875169158354256,63,5.168253795067004e-07,7,7,Internal
FE,PNW,0.6140090632292595,63,1.1129140241708378e-07,7,7,Internal
FE,PPL,0.47484122558506525,63,9.640891606094414e-05,7,7,Internal
FE,SO,0.6066892389064997,63,1.7250756593556995e-07,7,7,Internal
FE,WEC,0.5955061467959623,63,3.3001282049056214e-07,7,7,Internal
FE,WM,0.4414161329916505,63,0.00032901855815062575,7,7,Internal
FE,XEL,0.7058234716095239,63,1.4853314626019718e-10,7,7,Internal
FE,YUM,0.43225989934107906,63,0.0004507610309944983,7,7,Internal
FFIV,GOOG,-0.4097964827384165,63,0.0009408871480974802,20,1,External
FFIV,IEX,0.47067063986600555,63,0.00011315412585318564,20,20,Internal
FFIV,KDP,0.42558647104776803,63,0.0005639019446711024,20,1,External
FFIV,ROK,0.45440843595668623,63,0.00020724892047437897,20,20,Internal
FICO,FISV,0.4388059343089921,63,0.00036023827233532863,1,1,Internal
FICO,GOOGL,0.4145603068235323,63,0.000808337029298092,1,1,Internal
FICO,GPN,0.47789770404070736,63,8.561935290232877e-05,1,15,External
FICO,KHC,-0.5370205662856322,63,6.798808437150594e-06,1,1,Internal
FICO,MA,0.45872716639534095,63,0.0001770001094086189,1,1,Internal
FICO,MPC,0.4389125645540708,63,0.00035891179349166653,1,11,External
FICO,NOW,0.4631117320088454,63,0.0001504777485275576,1,1,Internal
FICO,PAYC,0.47740489626339105,63,8.728020427750777e-05,1,15,External
FICO,ROST,0.40056740507990457,63,0.0012548060496701812,1,15,External
FICO,TJX,0.42016132126347355,63,0.0006742375523958935,1,15,External
FICO,UPS,-0.4087851617093803,63,0.000971433855958793,1,20,External
FICO,V,0.5654521702130445,63,1.6793757450672593e-06,1,1,Internal
FIS,FISV,0.6120333889181993,63,1.2540461267130794e-07,1,1,Internal
FIS,GPN,0.46159930304576063,63,0.0001591838016455377,1,15,External
FISV,GPN,0.621620726154356,63,6.971418768475484e-08,1,15,External
FISV,V,0.4323452762777614,63,0.0004494580264441403,1,1,Internal
FITB,FOX,0.41030408063944995,63,0.0009258845070983911,5,15,External
FITB,FOXA,0.4236432060605946,63,0.0006013837475733746,5,15,External
FITB,FRT,0.52357754169799,63,1.261360551464819e-05,5,15,External
FITB,FTV,0.48048974163418234,63,7.735273588772375e-05,5,20,External
FITB,GD,0.5499563187505754,63,3.656286054683716e-06,5,5,Internal
FITB,GE,0.5750667598753719,63,1.0156042970034028e-06,5,5,Internal
FITB,GL,0.6888322229112824,63,6.066331023703734e-10,5,5,Internal
FITB,GM,0.47607383010064624,63,9.191551305846682e-05,5,15,External
FITB,GS,0.657321929827116,63,6.505707469804612e-09,5,5,Internal
FITB,HAL,0.40406805021625397,63,0.0011260724079326483,5,11,External
FITB,HBAN,0.8116129682428121,63,1.2349228295971617e-15,5,5,Internal
FITB,HIG,0.598355775448251,63,2.8038862818581323e-07,5,5,Internal
FITB,HON,0.6468345058439646,63,1.3484940885760042e-08,5,20,External
FITB,HST,0.5121076516554718,63,2.0940643905189008e-05,5,15,External
FITB,HUBB,0.41121746099142015,63,0.0008994315279915946,5,20,External
FITB,HUM,-0.40048621606393864,63,0.0012579427868169581,5,1,External
FITB,HWM,0.4521464148240923,63,0.00022491517437456008,5,5,Internal
FITB,IBM,0.4444463662671475,63,0.00029588158961817303,5,5,Internal
FITB,INTU,-0.5011138265246753,63,3.347231109663275e-05,5,1,External
FITB,IP,0.644393752767056,63,1.591421269972816e-08,5,5,Internal
FITB,IT,0.5102072713326559,63,2.2735484291429453e-05,5,5,Internal
FITB,JCI,0.5106948001126457,63,2.2261903997528146e-05,5,5,Internal
FITB,JKHY,-0.509632946944293,63,2.330535575519028e-05,5,1,External
FITB,JNJ,-0.5010242054623529,63,3.35983223774282e-05,5,1,External
FITB,JPM,0.822296472486006,63,2.524553599653599e-16,5,5,Internal
FITB,KEY,0.8740002990238148,63,1.8263273919500745e-20,5,5,Internal
FITB,KEYS,-0.429621368668545,63,0.0004927630866843424,5,0,External
FITB,KIM,0.6030141200490583,63,2.1408266621882673e-07,5,15,External
FITB,KMB,-0.4512979849322561,63,0.0002318890799154341,5,1,External
FITB,KMI,0.4293056540590931,63,0.0004980201215077839,5,11,External
FITB,L,0.5174826592243129,63,1.6550601990074376e-05,5,5,Internal
FITB,LKQ,0.4756678569298553,63,9.337372447084833e-05,5,15,External
FITB,LUV,0.5138451195292829,63,1.9415581612173048e-05,5,5,Internal
FITB,LYB,0.5307885945440239,63,9.084243282106549e-06,5,5,Internal
FITB,MET,0.7666233634231435,63,3.782044557353852e-13,5,5,Internal
FITB,MGM,0.44413004398534867,63,0.00029919243244881124,5,15,External
FITB,MHK,0.5984825944766393,63,2.7835235052580216e-07,5,15,External
FITB,MLM,0.4670906557900894,63,0.00012961763939400292,5,5,Internal
FITB,MOH,-0.44137435700447186,63,0.00032949815535648235,5,1,External
FITB,MOS,0.5533050017803546,63,3.1006618833909228e-06,5,5,Internal
FITB,MPC,0.42085632924186683,63,0.0006590867753449662,5,11,External
FITB,MS,0.6392241636564466,63,2.2493308434810368e-08,5,5,Internal
FITB,MSFT,-0.7156364328410774,63,6.293568287321633e-11,5,1,External
FITB,MTB,0.8445832751938401,63,6.36092895479742e-18,5,5,Internal
FITB,NCLH,0.4536137981941087,63,0.00021330485257313458,5,15,External
FITB,NOW,-0.4223932812795396,63,0.0006266718589184207,5,1,External
FITB,NSC,0.40748803857875987,63,0.0010119222804990324,5,20,External
FITB,NTRS,0.6398609200173045,63,2.1562348141983203e-08,5,5,Internal
FITB,NUE,0.5240590325838743,63,1.2343040291664753e-05,5,5,Internal
FITB,NVDA,-0.542807763215133,63,5.167661362362411e-06,5,1,External
FITB,OMC,0.5316537837451784,63,8.72901175952729e-06,5,5,Internal
FITB,PCAR,0.45577018797300894,63,0.00019723574051863714,5,20,External
FITB,PFG,0.6090506696732503,63,1.4994300482091593e-07,5,5,Internal
FITB,PH,0.6123262098642777,63,1.232113725115165e-07,5,15,External
FITB,PKG,0.49093337217024147,63,5.095353786366385e-05,5,20,External
FITB,PNC,0.8700944695918372,63,4.305303034396271e-20,5,5,Internal
FITB,PRU,0.662315819361347,63,4.5515728658245254e-09,5,5,Internal
FITB,PSKY,0.5738471381653272,63,1.0834695998670376e-06,5,5,Internal
FITB,REG,0.5304606919282738,63,9.222356411727648e-06,5,15,External
FITB,RF,0.8770702880381912,63,9.121479881058364e-21,5,5,Internal
FITB,RJF,0.6966673286032635,63,3.208945442196843e-10,5,5,Internal
FITB,RL,0.5480612879977901,63,4.010596526000693e-06,5,15,External
FITB,SCHW,0.5597460182183381,63,2.2467704779005872e-06,5,5,Internal
FITB,SLB,0.5093598996153802,63,2.3580905397321777e-05,5,11,External
FITB,SNA,0.42270198152528193,63,0.0006203382523853723,5,15,External
FITB,SNPS,-0.4586291729654086,63,0.00017763901850614843,5,1,External
FITB,SPG,0.5122273063943611,63,2.0832155047711777e-05,5,15,External
FITB,STT,0.5360428319351638,63,7.117773274181567e-06,5,5,Internal
FITB,SWK,0.534226432933131,63,7.74765330715296e-06,5,5,Internal
FITB,SYF,0.7423129148986876,63,5.029157323918354e-12,5,5,Internal
FITB,SYY,0.5174155449785833,63,1.6599702004558337e-05,5,15,External
FITB,T,0.5682380779182352,63,1.454009877865904e-06,5,5,Internal
FITB,TAP,0.47158251635730347,63,0.00010927966953677647,5,5,Internal
FITB,TDG,0.5260956887778448,63,1.1257180638196998e-05,5,5,Internal
FITB,TECH,-0.5231006350802487,63,1.2887021441128145e-05,5,1,External
FITB,TEL,0.48269632615256763,63,7.090175799941717e-05,5,15,External
FITB,TFC,0.8799731941348007,63,4.650119329763719e-21,5,5,Internal
FITB,TPR,0.48601737548492707,63,6.21223427463401e-05,5,15,External
FITB,TRMB,0.4191214155466859,63,0.000697496658493545,5,5,Internal
FITB,TRV,0.617334061396983,63,9.08632108040243e-08,5,5,Internal
FITB,TSN,0.45471296010760726,63,0.00020497015490750703,5,5,Internal
FITB,TT,0.40175732257048147,63,0.0012096340536868764,5,20,External
FITB,TXT,0.6745974513407025,63,1.8362123311195733e-09,5,5,Internal
FITB,UAL,0.4997697364671702,63,3.54088750263232e-05,5,5,Internal
FITB,USB,0.8524751878451091,63,1.5007230029800274e-18,5,5,Internal
FITB,VLO,0.4193507556624871,63,0.0006923055421142668,5,11,External
FITB,VMC,0.4795327805332196,63,8.031504228761257e-05,5,5,Internal
FITB,VTR,0.477964499942933,63,8.539649173154006e-05,5,15,External
FITB,VTRS,0.4571127095961003,63,0.00018779943847208714,5,5,Internal
FITB,WAB,0.5890601365696179,63,4.743739406758867e-07,5,15,External
FITB,WBD,0.448092762020421,63,0.0002600573618667978,5,15,External
FITB,WFC,0.811056823541698,63,1.3376097664208526e-15,5,5,Internal
FITB,WRB,0.4746710444122646,63,9.704493949991562e-05,5,5,Internal
FITB,XOM,0.428475826193281,63,0.0005120816652794101,5,11,External
FITB,XYL,0.4679610845830842,63,0.00012542392881656844,5,20,External
FOX,FOXA,0.981748143033063,63,5.881090704126973e-45,15,15,Internal
FOX,GD,0.4122128119256824,63,0.0008713834493803749,15,5,External
FOX,GM,0.4213906852663093,63,0.0006476486373122583,15,15,Internal
FOX,GPC,0.4531086379027801,63,0.00021723841611207142,15,15,Internal
FOX,HBAN,0.4027779125446674,63,0.0011720621411192126,15,5,External
FOX,HLT,0.5885232693890078,63,4.88756046906902e-07,15,15,Internal
FOX,IP,0.4748055772399788,63,9.65418273307361e-05,15,5,External
FOX,LEN,0.42598230720580266,63,0.0005565320610638963,15,15,Internal
FOX,LLY,-0.4974800710729154,63,3.8948212698810395e-05,15,1,External
FOX,MAR,0.4852779524982048,63,6.398542090828821e-05,15,15,Internal
FOX,MET,0.4139575936440473,63,0.0008241176867699397,15,5,External
FOX,MGM,0.5677487555095395,63,1.4914221631600965e-06,15,15,Internal
FOX,MHK,0.5104207273695798,63,2.2526997273800586e-05,15,15,Internal
FOX,MTB,0.46228364148571877,63,0.00015518884872122972,15,5,External
FOX,NOW,-0.45504186555122006,63,0.00020253472291516416,15,1,External
FOX,NWSA,0.4013547668096356,63,0.0012247494273093429,15,15,Internal
FOX,OMC,0.6091927049169326,63,1.4867859797335293e-07,15,5,External
FOX,ON,0.4266512191068272,63,0.0005442763661977444,15,0,External
FOX,PH,0.477291261920145,63,8.766735688422176e-05,15,15,Internal
FOX,PHM,0.46734805355446124,63,0.0001283642864030578,15,15,Internal
FOX,PKG,0.48450184159714405,63,6.599626630808165e-05,15,20,External
FOX,PSKY,0.6437318859557383,63,1.664110215932093e-08,15,5,External
FOX,REGN,-0.4853830116886007,63,6.371760572433931e-05,15,1,External
FOX,RJF,0.5087195511652572,63,2.4239013321184108e-05,15,5,External
FOX,RL,0.5022869670465291,63,3.186265927719586e-05,15,15,Internal
FOX,RTX,0.41988025975755405,63,0.0006804536155174861,15,15,Internal
FOX,SPG,0.4421363450439834,63,0.00032084983096095776,15,15,Internal
FOX,SWK,0.4842756938324052,63,6.659306860453407e-05,15,5,External
FOX,SYF,0.40110892150625604,63,0.0012340639580802767,15,5,External
FOX,SYY,0.487965891601481,63,5.7449812279202815e-05,15,15,Internal
FOX,T,0.4022101231828422,63,0.0011928329022248751,15,5,External
FOX,TAP,0.4042633015844044,63,0.0011192557261723141,15,5,External
FOX,TEL,0.4596993313281319,63,0.00017077476865706446,15,15,Internal
FOX,TPR,0.5540890815035069,63,2.9825004994052155e-06,15,15,Internal
FOX,TROW,0.4631295534024587,63,0.00015037781842283646,15,5,External
FOX,TXT,0.4850410134073851,63,6.459323768162415e-05,15,5,External
FOX,ULTA,0.4499537842786981,63,0.00024334385967975027,15,15,Internal
FOX,USB,0.44730087990386325,63,0.0002674820330600807,15,5,External
FOX,WBD,0.6551423214160444,63,7.587527636662696e-09,15,15,Internal
FOX,WYNN,0.5001248810557289,63,3.488734908143047e-05,15,15,Internal
FOXA,GD,0.4109011835859911,63,0.000908513153460072,15,5,External
FOXA,GM,0.4136005980021714,63,0.0008335956207477168,15,15,Internal
FOXA,GPC,0.41012008489178636,63,0.0009312975716946224,15,15,Internal
FOXA,HBAN,0.4078012414440354,63,0.001002008976058309,15,5,External
FOXA,HLT,0.5926039862619424,63,3.8896148809737047e-07,15,15,Internal
FOXA,IP,0.4745000730543245,63,9.768780134012832e-05,15,5,External
FOXA,IR,0.40828069622964985,63,0.000987003211191956,15,15,Internal
FOXA,JCI,0.40024857045699275,63,0.0012671648135327014,15,5,External
FOXA,LLY,-0.49441691678047045,63,4.4195752330885753e-05,15,1,External
FOXA,MAR,0.49267380346558426,63,4.746624971474413e-05,15,15,Internal
FOXA,MET,0.4073689706507477,63,0.001015714094835865,15,5,External
FOXA,MGM,0.571045790984153,63,1.2557833611121522e-06,15,15,Internal
FOXA,MHK,0.4908859124590081,63,5.105186446043009e-05,15,15,Internal
FOXA,MTB,0.4660401863696593,63,0.00013485010969853056,15,5,External
FOXA,NOW,-0.4436053398591548,63,0.0003047589743827759,15,1,External
FOXA,NWSA,0.41101687343165566,63,0.000905181660352734,15,15,Internal
FOXA,OMC,0.6027211491190761,63,2.1777406059769973e-07,15,5,External
FOXA,ON,0.4140707243284322,63,0.0008211345557045807,15,0,External
FOXA,PH,0.47896504809756824,63,8.212150359969337e-05,15,15,Internal
FOXA,PHM,0.42775496800580826,63,0.0005245883795788104,15,15,Internal
FOXA,PKG,0.4905245081908923,63,5.180638590662839e-05,15,20,External
FOXA,PNC,0.4007120164815092,63,0.0012492364162191066,15,5,External
FOXA,PSKY,0.6688121571591827,63,2.8309504710119044e-09,15,5,External
FOXA,REGN,-0.4573298519055824,63,0.00018631263791932294,15,1,External
FOXA,RJF,0.49437374358422365,63,4.427417492889269e-05,15,5,External
FOXA,RL,0.4921059129732847,63,4.8579116486733417e-05,15,15,Internal
FOXA,RTX,0.40817255869576946,63,0.0009903698304175714,15,15,Internal
FOXA,SPG,0.44178628563592026,63,0.0003247968528401687,15,15,Internal
FOXA,SWK,0.43675399703871,63,0.00038665025539333186,15,5,External
FOXA,SYY,0.4596065261752105,63,0.00017136027041460177,15,15,Internal
FOXA,T,0.4141476519464944,63,0.0008191116395357777,15,5,External
FOXA,TEL,0.4409989107807905,63,0.00033383705466896496,15,15,Internal
FOXA,TPR,0.5363664699436654,63,7.010681147487487e-06,15,15,Internal
FOXA,TROW,0.45586211714910974,63,0.0001965760002923081,15,5,External
FOXA,TXT,0.49682797830568,63,4.001448531659377e-05,15,5,External
FOXA,USB,0.45984357135422443,63,0.00016986840621579423,15,5,External
FOXA,WBD,0.6711863465752076,63,2.3729085768335705e-09,15,15,Internal
FOXA,WYNN,0.5370687079362608,63,6.783452736360128e-06,15,15,Internal
FRT,FTV,0.4047778238629353,63,0.0011014702718181641,15,20,External
FRT,GD,0.41818286621719747,63,0.0007191100736659181,15,5,External
FRT,GE,0.5110197735316048,63,2.1951327359615412e-05,15,5,External
FRT,GIS,-0.40705444682970576,63,0.0010257920788352434,15,1,External
FRT,GL,0.6809943961046254,63,1.1248240928271926e-09,15,5,External
FRT,GLW,0.4202336353814629,63,0.00067264656898515,15,15,Internal
FRT,GM,0.6565562416302383,63,6.867916122794268e-09,15,15,Internal
FRT,HBAN,0.5410969463862687,63,5.607175982461781e-06,15,5,External
FRT,HIG,0.6979655403366489,63,2.8819596854855707e-10,15,5,External
FRT,HLT,0.5134823133818942,63,1.9725252604894963e-05,15,15,Internal
FRT,HON,0.5380696929132789,63,6.471400559735576e-06,15,20,External
FRT,HPE,0.5872497585129207,63,5.245274121515564e-07,15,5,External
FRT,HST,0.69404134337129,63,3.9813197119991594e-10,15,15,Internal
FRT,HUBB,0.440385612204773,63,0.0003410369102647682,15,20,External
FRT,HWM,0.5446011476828696,63,4.7415838350761715e-06,15,5,External
FRT,IDXX,-0.4312869556967275,63,0.0004658544498079711,15,1,External
FRT,INCY,-0.4743511686609488,63,9.825087961586372e-05,15,1,External
FRT,INTC,-0.45045951975169984,63,0.0002389748206502938,15,0,External
FRT,INTU,-0.4997759069151196,63,3.539975254379586e-05,15,1,External
FRT,IP,0.6137397796367188,63,1.131227514387957e-07,15,5,External
FRT,IR,0.5924122732295455,63,3.9318503366837075e-07,15,15,Internal
FRT,IRM,0.5489018688966376,63,3.849652739357042e-06,15,15,Internal
FRT,IT,0.48741925884896503,63,5.87267807132366e-05,15,5,External
FRT,JBL,0.5786961592160285,63,8.364732773176367e-07,15,15,Internal
FRT,JCI,0.5366198432458572,63,6.9278896467696575e-06,15,5,External
FRT,JNJ,-0.48146044035606955,63,7.445102753321638e-05,15,1,External
FRT,JPM,0.5198697020721174,63,1.4889484412551e-05,15,5,External
FRT,KEY,0.5829912256099252,63,6.628280892312988e-07,15,5,External
FRT,KEYS,-0.43966656630925643,63,0.0003496583076542503,15,0,External
FRT,KIM,0.880481349124476,63,4.125416442524308e-21,15,15,Internal
FRT,KMB,-0.48046998936002583,63,7.741284843157548e-05,15,1,External
FRT,L,0.5748374689692829,63,1.0280507740234138e-06,15,5,External
FRT,LEN,0.4400054428898882,63,0.0003455707111780983,15,15,Internal
FRT,LKQ,0.6122112242205996,63,1.2406827296537084e-07,15,15,Internal
FRT,LUV,0.6291000031972227,63,4.3486005409760825e-08,15,5,External
FRT,LVS,0.5475113023516921,63,4.119277817362943e-06,15,15,Internal
FRT,LW,0.435466031325445,63,0.00040411721527639063,15,15,Internal
FRT,LYB,0.7084351833536062,63,1.1859357024483197e-10,15,5,External
FRT,LYV,0.6542978510029293,63,8.050786910108523e-09,15,15,Internal
FRT,MAA,0.49599642018189427,63,4.1413371182397865e-05,15,15,Internal
FRT,MAR,0.6269128879658522,63,4.998620017562334e-08,15,15,Internal
FRT,MET,0.6869936598019112,63,7.023888943348792e-10,15,5,External
FRT,MGM,0.5591845138440825,63,2.311379202171559e-06,15,15,Internal
FRT,MHK,0.6059730222266071,63,1.7995996030556567e-07,15,15,Internal
FRT,MLM,0.5906819606501391,63,4.3330440846337467e-07,15,5,External
FRT,MOS,0.5992879650935297,63,2.657420511697193e-07,15,5,External
FRT,MPC,0.5335144082374276,63,8.008437862611771e-06,15,11,External
FRT,MSFT,-0.5456959282358405,63,4.4978426292208485e-06,15,1,External
FRT,MTB,0.6147437803159318,63,1.0643584003341441e-07,15,5,External
FRT,NCLH,0.6727579867995532,63,2.109381680226836e-09,15,15,Internal
FRT,NUE,0.5075220416588611,63,2.5515645546889665e-05,15,5,External
FRT,NVDA,-0.5587197553041092,63,2.366166301695068e-06,15,1,External
FRT,NWS,0.4922517372123437,63,4.829107495603274e-05,15,15,Internal
FRT,NWSA,0.4942606067421551,63,4.44802945424992e-05,15,15,Internal
FRT,O,0.6088492098243038,63,1.517537972129007e-07,15,15,Internal
FRT,OMC,0.5123423335451155,63,2.0728353688351934e-05,15,5,External
FRT,PAYC,0.44027758248016696,63,0.0003423196976841541,15,15,Internal
FRT,PFG,0.7116285574172145,63,8.975709480176167e-11,15,5,External
FRT,PH,0.621808761261692,63,6.89023489900523e-08,15,15,Internal
FRT,PHM,0.47341666583693043,63,0.00010185339373608368,15,15,Internal
FRT,PKG,0.47349807481415557,63,0.00010153479728218382,15,20,External
FRT,PNC,0.4255515110618465,63,0.0005645570857638125,15,5,External
FRT,PNR,0.42071652684505095,63,0.0006621093668455508,15,20,External
FRT,PRU,0.6342404999720139,63,3.120919147767059e-08,15,5,External
FRT,PSKY,0.5328003118806807,63,8.278173988854246e-06,15,5,External
FRT,PSX,0.4077290974198057,63,0.0010042846357665699,15,11,External
FRT,PWR,0.4164187233525537,63,0.0007613837427999299,15,20,External
FRT,RCL,0.6593832512843822,63,5.618395465904241e-09,15,15,Internal
FRT,REG,0.879371076033199,63,5.355152561029956e-21,15,15,Internal
FRT,REGN,-0.4966437681245112,63,4.032055039978374e-05,15,1,External
FRT,RF,0.6046325720641168,63,1.9472924977159992e-07,15,5,External
FRT,RJF,0.5246792402392382,63,1.2002475550185554e-05,15,5,External
FRT,RL,0.6142527698951141,63,1.0965812350542386e-07,15,15,Internal
FRT,RTX,0.44646225477306634,63,0.00027555565481028133,15,15,Internal
FRT,SJM,-0.4242368144830393,63,0.0005897012929268263,15,1,External
FRT,SNA,0.6129847778635984,63,1.1841004141568752e-07,15,15,Internal
FRT,SNPS,-0.42348749871456837,63,0.0006044826846887773,15,1,External
FRT,SPG,0.7990134889294541,63,7.090180664249251e-15,15,15,Internal
FRT,STT,0.413725022598587,63,0.0008302811239182772,15,5,External
FRT,SWK,0.5247380275812161,63,1.1970652127020314e-05,15,5,External
FRT,SYF,0.5789517187342091,63,8.25049094708176e-07,15,5,External
FRT,TDG,0.4971855620861174,63,3.942648395218794e-05,15,5,External
FRT,TECH,-0.4225495326159158,63,0.0006234587581435636,15,1,External
FRT,TEL,0.5439526818725146,63,4.891713835190694e-06,15,15,Internal
FRT,TFC,0.5593563026642633,63,2.2914303456756384e-06,15,5,External
FRT,TJX,0.47011543300257247,63,0.00011557456311731969,15,15,Internal
FRT,TMO,-0.5264222598612085,63,1.1091567543143266e-05,15,1,External
FRT,TPR,0.6511535104274455,63,1.0022296136651179e-08,15,15,Internal
FRT,TRGP,0.4317421051289689,63,0.00045873736532675504,15,11,External
FRT,TRV,0.5454680989436695,63,4.547581624347773e-06,15,5,External
FRT,TT,0.4008181951192467,63,0.0012451611745129066,15,20,External
FRT,TTWO,-0.5256458130151374,63,1.1489093685454053e-05,15,1,External
FRT,TXT,0.5774182037028673,63,8.958621997286723e-07,15,5,External
FRT,UAL,0.6698114915115219,63,2.628774585790569e-09,15,5,External
FRT,UDR,0.5362659048241721,63,7.0437963643475674e-06,15,15,Internal
FRT,URI,0.49514235085166136,63,4.2897080793824904e-05,15,15,Internal
FRT,USB,0.5729960395802659,63,1.1333226065612191e-06,15,5,External
FRT,VICI,0.5566545650022479,63,2.6246349222805776e-06,15,5,External
FRT,VLO,0.4869115779865593,63,5.9936163208975757e-05,15,11,External
FRT,VMC,0.4600093540688431,63,0.00016883212302325643,15,5,External
FRT,VRSN,-0.6264260235861621,63,5.1553026507774553e-08,15,1,External
FRT,VRTX,-0.6680091318395751,63,3.004008596510244e-09,15,1,External
FRT,VTR,0.7300040613603394,63,1.6746228051345815e-11,15,15,Internal
FRT,VTRS,0.44640303673577475,63,0.00027613408660975467,15,5,External
FRT,WAB,0.6790771426348222,63,1.3044640977607699e-09,15,15,Internal
FRT,WBD,0.4956467374835765,63,4.20150166980434e-05,15,15,Internal
FRT,WELL,0.7089456928356028,63,1.1345589947741079e-10,15,15,Internal
FRT,WFC,0.5798215140287396,63,7.872544226817104e-07,15,5,External
FRT,WMT,-0.47916280509132225,63,8.148805871084778e-05,15,1,External
FRT,WRB,0.6025329461229461,63,2.2017691198763938e-07,15,5,External
FRT,WY,0.5469491135249603,63,4.2332078692782495e-06,15,15,Internal
FRT,WYNN,0.4794866135552246,63,8.046056172475409e-05,15,15,Internal
FTNT,IBM,-0.4094404019289093,63,0.0009515421305027262,1,5,External
FTNT,ISRG,0.44273194360296714,63,0.0003142346996373633,1,1,Internal
FTNT,JKHY,0.43615216270281537,63,0.0003947247087211478,1,1,Internal
FTNT,JPM,-0.4240264529174028,63,0.000593817531726771,1,5,External
FTNT,LW,-0.40508828283306103,63,0.001090862262082941,1,15,External
FTNT,NVDA,0.42074984627151035,63,0.00066138784784808,1,1,Internal
FTNT,PANW,0.590291493181129,63,4.428750512687898e-07,1,1,Internal
FTNT,PYPL,0.7024307948915076,63,1.9826674355154658e-10,1,1,Internal
FTNT,TMUS,0.48270947066553677,63,7.086486177056561e-05,1,1,Internal
FTNT,VTR,-0.5089976154456155,63,2.395117325796723e-05,1,15,External
FTNT,WELL,-0.44312344834217005,63,0.0003099544043458064,1,15,External
FTNT,WFC,-0.4714417593898508,63,0.00010986965814613151,1,5,External
FTV,GD,0.4176155433763191,63,0.0007324669195002476,20,5,External
FTV,GLW,0.42264501465675586,63,0.0006215026570391346,20,15,External
FTV,GOOG,-0.4623496196297697,63,0.00015480859011050428,20,1,External
FTV,GOOGL,-0.4726499106128147,63,0.00010489954555455672,20,1,External
FTV,HAS,0.46934088554341696,63,0.00011903075681194333,20,20,Internal
FTV,HBAN,0.5726898432876361,63,1.1517780889305106e-06,20,5,External
FTV,HIG,0.4591647329483045,63,0.00017417282383528046,20,5,External
FTV,HON,0.6281219264839919,63,4.6287467332476846e-08,20,20,Internal
FTV,HSIC,0.44104690966653165,63,0.00033327945908753537,20,20,Internal
FTV,HUBB,0.4605738704822381,63,0.00016534672213344018,20,20,Internal
FTV,HUM,-0.540233885365238,63,5.84190082756941e-06,20,1,External
FTV,HWM,0.5204359936808924,63,1.4518828738882871e-05,20,5,External
FTV,IEX,0.40972378883936805,63,0.0009430535717550373,20,20,Internal
FTV,IP,0.49286144765354545,63,4.7103741242498357e-05,20,5,External
FTV,ISRG,-0.4203000509049949,63,0.0006711883577871452,20,1,External
FTV,ITW,0.49985527181601647,63,3.5282611986243236e-05,20,20,Internal
FTV,J,0.48352172579633085,63,6.861892455824782e-05,20,20,Internal
FTV,JBL,0.45802892549044016,63,0.00018159891923281543,20,15,External
FTV,JCI,0.4161927407425007,63,0.0007669583301274359,20,5,External
FTV,JKHY,-0.4074533251423131,63,0.0010130264370783674,20,1,External
FTV,JPM,0.4605276646862361,63,0.00016562950466170412,20,5,External
FTV,KEY,0.5174496711483134,63,1.6574718811307573e-05,20,5,External
FTV,MLM,0.5959503572111334,63,3.217687445417572e-07,20,5,External
FTV,MMM,0.596163008151164,63,3.1789108981952934e-07,20,20,Internal
FTV,MSCI,-0.47813689399373105,63,8.482377345920263e-05,20,1,External
FTV,MSFT,-0.45792000497753726,63,0.00018232608993981993,20,1,External
FTV,MTB,0.46465260991142454,63,0.00014205905318083153,20,5,External
FTV,NTRS,0.5978670532191511,63,2.883676401097074e-07,20,5,External
FTV,NUE,0.5721844418385424,63,1.1828578628094433e-06,20,5,External
FTV,NVDA,-0.4032764383115848,63,0.0011540943129722484,20,1,External
FTV,PCAR,0.49626868304663424,63,4.0950456175108415e-05,20,20,Internal
FTV,PH,0.41804238136169186,63,0.0007223968949380169,20,15,External
FTV,PKG,0.4448482486037758,63,0.00029172345497352963,20,20,Internal
FTV,PNR,0.4456721890898651,63,0.0002833647518535183,20,20,Internal
FTV,PODD,-0.4240521270349838,63,0.0005933137622804339,20,1,External
FTV,PWR,0.528323489940653,63,1.0171548546357009e-05,20,20,Internal
FTV,REG,0.4009882177041004,63,0.0012386604496187838,20,15,External
FTV,RF,0.5600304673167334,63,2.214689247725029e-06,20,5,External
FTV,RJF,0.48322693953312146,63,6.942632838564696e-05,20,5,External
FTV,RL,0.5357196396428913,63,7.22623752264272e-06,20,15,External
FTV,SCHW,0.4498831019419416,63,0.0002439602648715191,20,5,External
FTV,SNA,0.5112571850756393,63,2.1726978949457967e-05,20,15,External
FTV,STT,0.4643145638805718,63,0.0001438680833276074,20,5,External
FTV,SYF,0.45669581920334495,63,0.00019068444022777084,20,5,External
FTV,SYY,0.4770699955694718,63,8.842575207439173e-05,20,15,External
FTV,TAP,0.4576569673036825,63,0.0001840931842434874,20,5,External
FTV,TEL,0.43286523119241166,63,0.00044159626811212944,20,15,External
FTV,TFC,0.46429252177170793,63,0.0001439867711316306,20,5,External
FTV,TT,0.5737902361152817,63,1.0867374202369085e-06,20,20,Internal
FTV,TXT,0.4812439287732108,63,7.508941410743348e-05,20,5,External
FTV,URI,0.5181244077799546,63,1.608786891174451e-05,20,15,External
FTV,USB,0.5698555743386396,63,1.336501716002786e-06,20,5,External
FTV,VMC,0.5444688200700648,63,4.771866056810682e-06,20,5,External
FTV,VRSN,-0.44733405621904343,63,0.0002671671269388416,20,1,External
FTV,VRTX,-0.41098465259921885,63,0.0009061084057183364,20,1,External
FTV,WBD,0.45330107322434016,63,0.00021573220842753174,20,15,External
FTV,WFC,0.4881374876295361,63,5.705426908244627e-05,20,5,External
FTV,WY,0.44197091332572574,63,0.00032270963693562524,20,15,External
FTV,XOM,0.49780521832246444,63,3.842642143727062e-05,20,11,External
FTV,XYL,0.5192836324649968,63,1.528232800711622e-05,20,20,Internal
GD,GE,0.5748250416868469,63,1.0287294269410062e-06,5,5,Internal
GD,GL,0.49324349862512223,63,4.637355226316259e-05,5,5,Internal
GD,GLW,0.4012807436297836,63,0.001227547320326796,5,15,External
GD,GM,0.40870070706391337,63,0.000974024839091035,5,15,External
GD,GOOG,-0.5263329922614471,63,1.1136611045767682e-05,5,1,External
GD,GOOGL,-0.5415070033792349,63,5.498763440615334e-06,5,1,External
GD,GRMN,0.41638981567053546,63,0.0007620947928195546,5,7,External
GD,GS,0.40505618794984344,63,0.0010919546221586447,5,5,Internal
GD,HAS,0.43125282261487574,63,0.00046639220756043834,5,20,External
GD,HBAN,0.4999520666573746,63,3.514023077337334e-05,5,5,Internal
GD,HCA,0.40083147324527074,63,0.00124465238930514,5,15,External
GD,HIG,0.5965862682739563,63,3.1030344437942626e-07,5,5,Internal
GD,HII,0.44889112671718234,63,0.00025276297321741466,5,20,External
GD,HON,0.5999922297488377,63,2.551573234194713e-07,5,20,External
GD,HPE,0.4292398099937232,63,0.0004991229071574988,5,5,Internal
GD,HSIC,0.418068892696865,63,0.0007217755894725039,5,20,External
GD,HST,0.466317225445123,63,0.00013345164991955164,5,15,External
GD,HUBB,0.45017570608559654,63,0.00024141776883738366,5,20,External
GD,HWM,0.46881948796765566,63,0.00012141055007542662,5,5,Internal
GD,IDXX,-0.42777899494897764,63,0.0005241670888280741,5,1,External
GD,INTU,-0.4131118471054052,63,0.0008467313434970362,5,1,External
GD,IP,0.6122473568812291,63,1.2379840044625772e-07,5,5,Internal
GD,IR,0.4671199814705705,63,0.00012947427808241945,5,15,External
GD,IRM,0.5627975034271259,63,1.9242039458261273e-06,5,15,External
GD,IVZ,0.40560142448078274,63,0.0010735305535375902,5,5,Internal
GD,J,0.46551099380954547,63,0.00013755886993847515,5,20,External
GD,JCI,0.512008569098256,63,2.1030876753505954e-05,5,5,Internal
GD,JPM,0.5005065726608824,63,3.4334770098427695e-05,5,5,Internal
GD,KEY,0.5714173655525285,63,1.231534878650657e-06,5,5,Internal
GD,KIM,0.4571481575959813,63,0.0001875559817454008,5,15,External
GD,KO,0.4566173727267078,63,0.00019123182858503187,5,7,External
GD,L,0.4812702928994145,63,7.501141041801555e-05,5,5,Internal
GD,LKQ,0.41442462282559706,63,0.000811865575171516,5,15,External
GD,LUV,0.49769755335218846,63,3.8598480184190504e-05,5,5,Internal
GD,LYB,0.4550373296861051,63,0.00020256812852186175,5,5,Internal
GD,MET,0.5344861070702941,63,7.654530468064303e-06,5,5,Internal
GD,META,-0.49773263208696844,63,3.854234296797109e-05,5,1,External
GD,MHK,0.47630227872989656,63,9.11041946640646e-05,5,15,External
GD,MLM,0.40005299937393224,63,0.0012747996810160607,5,5,Internal
GD,MOH,-0.43114015626664093,63,0.00046817124465243213,5,1,External
GD,MOS,0.5700669166188157,63,1.3218228098554442e-06,5,5,Internal
GD,MS,0.45138943051598324,63,0.00023112802216187294,5,5,Internal
GD,MSFT,-0.6964489422245715,63,3.267306059845156e-10,5,1,External
GD,MTB,0.605639212912559,63,1.8353595719034542e-07,5,5,Internal
GD,NFLX,-0.49307598625427485,63,4.669241049803767e-05,5,1,External
GD,NOW,-0.45954849799373765,63,0.00017172730072986375,5,1,External
GD,NTRS,0.4786363896711469,63,8.318428428946864e-05,5,5,Internal
GD,NVDA,-0.5057350407050073,63,2.7536987705892022e-05,5,1,External
GD,NWSA,0.4189851512113033,63,0.0007005976730039821,5,15,External
GD,O,0.42006684195343047,63,0.0006763213289566379,5,15,External
GD,OMC,0.4386767164418897,63,0.0003618517271128993,5,5,Internal
GD,PCAR,0.45270811517596876,63,0.00022040423976538273,5,20,External
GD,PFG,0.5552333485900479,63,2.8175919176371536e-06,5,5,Internal
GD,PHM,0.41868132563441124,63,0.0007075569377430359,5,15,External
GD,PKG,0.48621603212988,63,6.163039918718909e-05,5,20,External
GD,PNC,0.522259375989047,63,1.3382798419599793e-05,5,5,Internal
GD,PNW,0.4022720251853596,63,0.001190552429815903,5,7,External
GD,PPL,0.49075914869898074,63,5.131535216007562e-05,5,7,External
GD,PRU,0.6052800263242939,63,1.8745849881159986e-07,5,5,Internal
GD,PSA,0.4496317156503752,63,0.0002461641328424188,5,7,External
GD,PSKY,0.5919087408124852,63,4.0448437857113566e-07,5,5,Internal
GD,PWR,0.44054876619072936,63,0.0003391078612213207,5,20,External
GD,REG,0.47923498370316375,63,8.125798314029541e-05,5,15,External
GD,RF,0.5208746673983182,63,1.4237615765130553e-05,5,5,Internal
GD,RJF,0.564957274601255,63,1.72268218038179e-06,5,5,Internal
GD,RL,0.5148241745336813,63,1.8602283169997564e-05,5,15,External
GD,RTX,0.4892520713038466,63,5.4545630197303014e-05,5,15,External
GD,SCHW,0.43653410336045456,63,0.0003895828334088084,5,5,Internal
GD,SNA,0.5775742065327834,63,8.884061481699783e-07,5,15,External
GD,SNPS,-0.4177328787697791,63,0.0007296861380476173,5,1,External
GD,SPG,0.46785302041845256,63,0.00012593771671858773,5,15,External
GD,STT,0.46698655621308166,63,0.00013012771777079683,5,5,Internal
GD,SWK,0.5761190779644012,63,9.60272810448031e-07,5,5,Internal
GD,SYF,0.4828294173493802,63,7.052899193193068e-05,5,5,Internal
GD,T,0.5558838898097216,63,2.7276790865736644e-06,5,5,Internal
GD,TAP,0.4349439676026452,63,0.0004113995842211262,5,5,Internal
GD,TDG,0.45101569472872627,63,0.00023425292541992237,5,5,Internal
GD,TECH,-0.4484325853174394,63,0.00025692931861061834,5,1,External
GD,TEL,0.47318841261579286,63,0.00010275157892854855,5,15,External
GD,TFC,0.5434326107411888,63,5.015311087014744e-06,5,5,Internal
GD,TPR,0.5216941644666632,63,1.372578740084213e-05,5,15,External
GD,TRMB,0.47122706532658626,63,0.00011077519843451178,5,5,Internal
GD,TROW,0.4548197695980098,63,0.00020417634395185336,5,5,Internal
GD,TRV,0.5942822619006007,63,3.537663821846503e-07,5,5,Internal
GD,TSN,0.501687555954104,63,3.267592846776096e-05,5,5,Internal
GD,TT,0.48347103634551336,63,6.875714102686088e-05,5,20,External
GD,TXT,0.6409414119247416,63,2.0065462917114772e-08,5,5,Internal
GD,UAL,0.4643698057517388,63,0.00014357102262084958,5,5,Internal
GD,UHS,0.4018226936517673,63,0.0012071953783166162,5,15,External
GD,USB,0.5397124002903947,63,5.988135603779893e-06,5,5,Internal
GD,VMC,0.41116295508138717,63,0.0009009907451596603,5,5,Internal
GD,VRSN,-0.401551191137024,63,0.00121735287568936,5,1,External
GD,VRTX,-0.4218527321366001,63,0.0006379036751623186,5,1,External
GD,VTR,0.41123354717807864,63,0.0008989718263155984,5,15,External
GD,WAB,0.5653743506633021,63,1.6861172064642465e-06,5,15,External
GD,WBD,0.4489027527005806,63,0.00025265814574184324,5,15,External
GD,WFC,0.48049153082987905,63,7.734729291256911e-05,5,5,Internal
GD,WRB,0.543675620295341,63,4.957200528302181e-06,5,5,Internal
GE,GL,0.47606716210311684,63,9.193929352316862e-05,5,5,Internal
GE,GOOG,-0.45100551313360454,63,0.00023433859443218103,5,1,External
GE,GOOGL,-0.4488837589241211,63,0.00025282942663616887,5,1,External
GE,GS,0.432893094531229,63,0.00044117852494659473,5,5,Internal
GE,HBAN,0.5230057369498914,63,1.2942080622607254e-05,5,5,Internal
GE,HII,0.4508441735581855,63,0.00023569995196051603,5,20,External
GE,HLT,0.41352770181167325,63,0.0008355430249493617,5,15,External
GE,HON,0.533843823572342,63,7.886787017359752e-06,5,20,External
GE,HPE,0.44674318157769943,63,0.00027282665575970754,5,5,Internal
GE,HST,0.4791547971993683,63,8.151362150009782e-05,5,15,External
GE,HWM,0.4040451511416887,63,0.0011268743138183087,5,5,Internal
GE,INTU,-0.5712189160362838,63,1.2444302997765768e-06,5,1,External
GE,IP,0.5678616753623775,63,1.4827094344307577e-06,5,5,Internal
GE,IR,0.5105461307341571,63,2.240534132563816e-05,5,15,External
GE,IRM,0.4384911822236414,63,0.0003641798816405913,5,15,External
GE,J,0.5090964172404524,63,2.384966324867853e-05,5,20,External
GE,JPM,0.46647551576103274,63,0.00013265860926660414,5,5,Internal
GE,KEY,0.594430485370791,63,3.5080635331135243e-07,5,5,Internal
GE,KEYS,-0.43799789411142614,63,0.0003704363870931435,5,0,External
GE,KIM,0.5336602299780798,63,7.954372882802422e-06,5,15,External
GE,L,0.4007438811943173,63,0.0012480121582286148,5,5,Internal
GE,LKQ,0.44466078925907776,63,0.0002936563471386585,5,15,External
GE,LUV,0.6316431999093859,63,3.693215102200372e-08,5,5,Internal
GE,LYB,0.5398180264785536,63,5.958243079288475e-06,5,5,Internal
GE,LYV,0.46121364194776565,63,0.0001614765024720682,5,15,External
GE,MAR,0.49645844309037646,63,4.0630650917571446e-05,5,15,External
GE,MET,0.4620926489018571,63,0.0001562944503296619,5,5,Internal
GE,MHK,0.4747998810017937,63,9.656308079632501e-05,5,15,External
GE,MKC,-0.4008026381760838,63,0.0012457575164888342,5,1,External
GE,MOS,0.4987247757341327,63,3.6985521944176904e-05,5,5,Internal
GE,MS,0.46357303391987414,63,0.0001479106073092368,5,5,Internal
GE,MSCI,-0.4222488920350481,63,0.0006296543702384448,5,1,External
GE,MSFT,-0.5980662088100053,63,2.850907258361793e-07,5,1,External
GE,MTB,0.5386962114923017,63,6.282950847140512e-06,5,5,Internal
GE,NCLH,0.4738880081317222,63,0.00010002145249673063,5,15,External
GE,NEM,-0.4150137649982939,63,0.0007966449565786979,5,1,External
GE,NVDA,-0.5125504670843919,63,2.0541751005565602e-05,5,1,External
GE,NVR,0.4049195619164803,63,0.0010966157742565855,5,15,External
GE,PFG,0.5496948955212172,63,3.703361859285504e-06,5,5,Internal
GE,PH,0.5671137838896941,63,1.5413154045439944e-06,5,15,External
GE,PKG,0.4614323076972319,63,0.00016017287600137703,5,20,External
GE,PNC,0.5031885309030004,63,3.06746628687225e-05,5,5,Internal
GE,PNR,0.4299206968286825,63,0.000487825525997087,5,20,External
GE,PRU,0.4975031497870096,63,3.8910961387927274e-05,5,5,Internal
GE,PSKY,0.43572677299293944,63,0.0004005241953614063,5,5,Internal
GE,PWR,0.5739729708886437,63,1.076275853106336e-06,5,20,External
GE,PYPL,-0.4056774682675902,63,0.0010709833505954257,5,1,External
GE,REG,0.5400672295405504,63,5.888268364390679e-06,5,15,External
GE,RF,0.4967676315101193,63,4.0114514053142334e-05,5,5,Internal
GE,RJF,0.42291606942132215,63,0.0006159799523619437,5,5,Internal
GE,SNPS,-0.40635568123919225,63,0.001048505418722655,5,1,External
GE,SPG,0.5332336186403425,63,8.113508958782251e-06,5,15,External
GE,STT,0.4168807316081377,63,0.0007501007684359754,5,5,Internal
GE,SWK,0.42799780515280966,63,0.0005203445664156165,5,5,Internal
GE,SYF,0.4475564323382839,63,0.00026506508352193203,5,5,Internal
GE,TDG,0.544677466956217,63,4.724200357783503e-06,5,5,Internal
GE,TFC,0.5314252802478718,63,8.821552780491588e-06,5,5,Internal
GE,TMO,-0.46636046786787716,63,0.0001332345726983344,5,1,External
GE,TPR,0.4524764679705691,63,0.00022225444071331528,5,15,External
GE,TRV,0.4737362127141533,63,0.00010060809220156494,5,5,Internal
GE,TSN,0.5086244508419427,63,2.4338190653438356e-05,5,5,Internal
GE,TXT,0.5812229633755757,63,7.297573110613602e-07,5,5,Internal
GE,UAL,0.5992100099405667,63,2.6693874212499694e-07,5,5,Internal
GE,USB,0.5018773037763339,63,3.24164271297025e-05,5,5,Internal
GE,VRSN,-0.4538882982828062,63,0.00021119482023121406,5,1,External
GE,VTR,0.4621777481098404,63,0.00015580094606740773,5,15,External
GE,WAB,0.49106993672648636,63,5.067157947057031e-05,5,15,External
GE,WFC,0.5065030106009374,63,2.6650787678695856e-05,5,5,Internal
GE,WRB,0.4154472279299598,63,0.0007856116510865792,5,5,Internal
GE,WY,0.41652801175564375,63,0.0007587009679530823,5,15,External
GE,XYL,0.44040644510624827,63,0.00034079003682423853,5,20,External
GEN,KEYS,0.4295535111695579,63,0.0004938887238792337,1,0,External
GEN,KIM,-0.4042171185727054,63,0.001120864717375304,1,15,External
GEN,REGN,0.46832854903345245,63,0.0001236911996489387,1,1,Internal
GILD,MAR,-0.41929038660040197,63,0.0006936685924715626,1,15,External
GILD,MAS,-0.44554467404895076,63,0.00028464389540490447,1,15,External
GILD,STZ,-0.4329709903561072,63,0.0004400125724731564,1,15,External
GIS,GM,-0.5124082627639817,63,2.0669075192101018e-05,1,15,External
GIS,HBAN,-0.4823622026121355,63,7.184559877009121e-05,1,5,External
GIS,HLT,-0.4758715055644847,63,9.263960048509054e-05,1,15,External
GIS,HRL,0.6539806017104716,63,8.231646744811693e-09,1,1,Internal
GIS,HST,-0.416031356494108,63,0.0007709619655394531,1,15,External
GIS,HSY,0.5761661520528368,63,9.57864952112961e-07,1,1,Internal
GIS,IT,-0.435762388456956,63,0.0004000356783977922,1,5,External
GIS,K,0.639082784384741,63,2.270510335997722e-08,1,1,Internal
GIS,KIM,-0.45072028303689926,63,0.00023675022450374915,1,15,External
GIS,KMB,0.4425304436452786,63,0.0003164586403276471,1,1,Internal
GIS,LKQ,-0.4551766222537811,63,0.0002015445681719032,1,15,External
GIS,LVS,-0.449476815566832,63,0.00024753116570357743,1,15,External
GIS,MAR,-0.4758619860627111,63,9.267379822733869e-05,1,15,External
GIS,MDLZ,0.5335099406052685,63,8.010099676336866e-06,1,1,Internal
GIS,MGM,-0.427039954951619,63,0.0005372670941553059,1,15,External
GIS,MHK,-0.40802076341901805,63,0.0009951131158660795,1,15,External
GIS,MKC,0.5285853666775057,63,1.0050540572189837e-05,1,1,Internal
GIS,ON,-0.4430733173754812,63,0.0003104994971922928,1,0,External
GIS,PEP,0.5469882402578289,63,4.225184392088191e-06,1,1,Internal
GIS,PG,0.4526548838966717,63,0.00022082815463645767,1,1,Internal
GIS,PH,-0.40836336793236155,63,0.0009844363821014627,1,15,External
GIS,REG,-0.43196565917558655,63,0.0004552780264396718,1,15,External
GIS,SJM,0.5846407463676738,63,6.05627765168374e-07,1,1,Internal
GIS,SNA,-0.44104872023292374,63,0.00033325844265008685,1,15,External
GIS,SYF,-0.4014808449384496,63,0.001219997196951844,1,5,External
GIS,TJX,-0.47898230303958933,63,8.206605342514222e-05,1,15,External
GIS,TRMB,-0.4299948285441632,63,0.0004866096550907011,1,5,External
GIS,URI,-0.4063675822044249,63,0.0010481148130093844,1,15,External
GIS,VICI,-0.5306042794104094,63,9.161638300020059e-06,1,5,External
GIS,VRSN,0.47765186685641337,63,8.644419657441198e-05,1,1,Internal
GIS,WMT,0.48961414858609925,63,5.375286168202672e-05,1,1,Internal
GL,GM,0.4185503645921222,63,0.0007105759195947718,5,15,External
GL,GOOG,-0.410133408457378,63,0.0009309046414502065,5,1,External
GL,GOOGL,-0.4236847622768115,63,0.0006005591221424674,5,1,External
GL,GS,0.4095934168020039,63,0.0009469502024316964,5,5,Internal
GL,HBAN,0.601351184413353,63,2.358446609861109e-07,5,5,Internal
GL,HIG,0.6421759267556525,63,1.847557505338032e-08,5,5,Internal
GL,HON,0.5831567283721132,63,6.5686791651391e-07,5,20,External
GL,HPE,0.4297512327239296,63,0.0004906153667383543,5,5,Internal
GL,HST,0.5566017353221725,63,2.6315807046560345e-06,5,15,External
GL,HUBB,0.48042132007516414,63,7.756114848420431e-05,5,20,External
GL,INTC,-0.4663097498844837,63,0.00013348921018216335,5,0,External
GL,IP,0.7077989337376593,63,1.2530700642290611e-10,5,5,Internal
GL,IR,0.5091523212302639,63,2.379240372567581e-05,5,15,External
GL,IRM,0.4426612030584657,63,0.0003150138286689576,5,15,External
GL,IT,0.4817851126342687,63,7.350309624086186e-05,5,5,Internal
GL,JBL,0.4245181556736967,63,0.0005842366223289531,5,15,External
GL,JCI,0.44426277489890104,63,0.00029779908557475015,5,5,Internal
GL,JPM,0.642668781087083,63,1.7874757683288116e-08,5,5,Internal
GL,KEY,0.6927199606161804,63,4.433888537521645e-10,5,5,Internal
GL,KIM,0.6429675095823681,63,1.7519636572461577e-08,5,15,External
GL,L,0.4419907529063439,63,0.00032248607996093856,5,5,Internal
GL,LKQ,0.5483777114023327,63,3.949288305439424e-06,5,15,External
GL,LUV,0.44114726634545864,63,0.0003321163741481995,5,5,Internal
GL,LYB,0.6014946755495183,63,2.3388777933658098e-07,5,5,Internal
GL,LYV,0.4277779885651115,63,0.0005241847286930448,5,15,External
GL,MAA,0.41606292400553313,63,0.000770177351462359,5,15,External
GL,MAR,0.41633930136620817,63,0.0007633387491747266,5,15,External
GL,MET,0.7153224043499989,63,6.472490512059434e-11,5,5,Internal
GL,MGM,0.40656625417821,63,0.0010416134799070204,5,15,External
GL,MHK,0.5112324659447085,63,2.1750238380376338e-05,5,15,External
GL,MLM,0.44679869855358884,63,0.00027229027875915395,5,5,Internal
GL,MMM,0.40908154844553085,63,0.0009623901530744577,5,20,External
GL,MOS,0.4937819758713774,63,4.536214346792004e-05,5,5,Internal
GL,MS,0.4539036897027148,63,0.00021107707664289805,5,5,Internal
GL,MSFT,-0.660199496600013,63,5.29979600476424e-09,5,1,External
GL,MTB,0.7680397264926176,63,3.2217754374828176e-13,5,5,Internal
GL,NCLH,0.4176650557853601,63,0.0007312923360682266,5,15,External
GL,NTRS,0.439705371353527,63,0.0003491880095263079,5,5,Internal
GL,NUE,0.5701498246589933,63,1.3161057458813058e-06,5,5,Internal
GL,NVDA,-0.4087225964644692,63,0.0009733526963855029,5,1,External
GL,OMC,0.5125389392944993,63,2.0552045372450984e-05,5,5,Internal
GL,PFG,0.639966128382175,63,2.141208163116006e-08,5,5,Internal
GL,PH,0.548582515810495,63,3.910074417628315e-06,5,15,External
GL,PKG,0.5618372533066471,63,2.0207099312227054e-06,5,20,External
GL,PNC,0.6617814080898301,63,4.730446071965144e-09,5,5,Internal
GL,PNR,0.401876510430662,63,0.0012051910600333643,5,20,External
GL,PRU,0.6288094089989601,63,4.430116103770649e-08,5,5,Internal
GL,PSKY,0.49415638051070937,63,4.467096471326779e-05,5,5,Internal
GL,PWR,0.40597035504477524,63,0.001061223484701975,5,20,External
GL,QCOM,-0.4008059043127886,63,0.0012456322948483655,5,0,External
GL,RCL,0.4327728196486888,63,0.0004429843318073576,5,15,External
GL,REG,0.5918648537722582,63,4.054835374075753e-07,5,15,External
GL,RF,0.6720664789057572,63,2.221713838236654e-09,5,5,Internal
GL,RJF,0.6531177755385514,63,8.74319597983939e-09,5,5,Internal
GL,RL,0.5838097235326859,63,6.338392896157388e-07,5,15,External
GL,SNA,0.5080166017672956,63,2.4981037487644906e-05,5,15,External
GL,SNPS,-0.4426516519735341,63,0.00031511915825270444,5,1,External
GL,SPG,0.5295554285258715,63,9.61386913036588e-06,5,15,External
GL,STT,0.5164245039485762,63,1.7340662481249695e-05,5,5,Internal
GL,SWK,0.5122022937588909,63,2.0854790369653416e-05,5,5,Internal
GL,SYF,0.503267827680445,63,3.0572160034048294e-05,5,5,Internal
GL,SYY,0.4019091169616652,63,0.001203978140778396,5,15,External
GL,T,0.5440897309359993,63,4.8596199577522266e-06,5,5,Internal
GL,TDG,0.452029523828897,63,0.00022586445945702683,5,5,Internal
GL,TEL,0.5070224348587491,63,2.6066458680022984e-05,5,15,External
GL,TFC,0.6841220645640873,63,8.811904817979265e-10,5,5,Internal
GL,TPR,0.5898632007005543,63,4.536011085070729e-07,5,15,External
GL,TROW,0.42657442932614065,63,0.000545670738020672,5,5,Internal
GL,TRV,0.6137326483409146,63,1.131716340356612e-07,5,5,Internal
GL,TSN,0.4704783762855828,63,0.0001139869792522374,5,5,Internal
GL,TT,0.4391473518980712,63,0.000356006718180144,5,20,External
GL,TTWO,-0.43765391687700783,63,0.0003748569203074699,5,1,External
GL,TXT,0.6270090952974072,63,4.968195394625863e-08,5,5,Internal
GL,UAL,0.4769848642499768,63,8.871914686476605e-05,5,5,Internal
GL,UDR,0.4409505107404126,63,0.0003344001715892829,5,15,External
GL,USB,0.7369537234948296,63,8.560819399007823e-12,5,5,Internal
GL,VICI,0.4563639738194653,63,0.00019300985692458872,5,5,Internal
GL,VRSN,-0.402866385004905,63,0.0011688551534900335,5,1,External
GL,VTR,0.43187714380851255,63,0.00045664489150966186,5,15,External
GL,VTRS,0.41103012026745356,63,0.0009048008992269699,5,5,Internal
GL,WAB,0.5336486606021486,63,7.958649905562085e-06,5,15,External
GL,WBD,0.4457955333916425,63,0.00028213244214388177,5,15,External
GL,WELL,0.4286956840315464,63,0.0005083214487893551,5,15,External
GL,WFC,0.67488762770291,63,1.7963135238001955e-09,5,5,Internal
GL,WRB,0.6215888353049459,63,6.985276795531336e-08,5,5,Internal
GL,WY,0.4166597387219241,63,0.0007554787485340111,5,15,External
GLW,GM,0.4823493288933623,63,7.188219541244417e-05,15,15,Internal
GLW,HAS,0.416975220167297,63,0.0007478119309120288,15,20,External
GLW,HBAN,0.48195047605926994,63,7.302457895184913e-05,15,5,External
GLW,HON,0.4168729831881789,63,0.0007502887427522515,15,20,External
GLW,HST,0.48526896501420175,63,6.400837979649722e-05,15,15,Internal
GLW,INCY,-0.4744034381412629,63,9.805288467073926e-05,15,1,External
GLW,IP,0.45110294244590304,63,0.00023351998724720276,15,5,External
GLW,IR,0.47844714083265455,63,8.380198894729205e-05,15,15,Internal
GLW,JNJ,-0.4134879629894302,63,0.0008366063691457793,15,1,External
GLW,JPM,0.40062147905711576,63,0.0012527208083549172,15,5,External
GLW,KEY,0.4905061525543775,63,5.1844981270090154e-05,15,5,External
GLW,KIM,0.48855796879332813,63,5.609562600584101e-05,15,15,Internal
GLW,LKQ,0.4129346836426685,63,0.0008515388137049491,15,15,Internal
GLW,MHK,0.4485914520803583,63,0.0002554787903576242,15,15,Internal
GLW,MTB,0.44634087388826194,63,0.0002767424755694261,15,5,External
GLW,NVR,0.4089092287066468,63,0.0009676388853247348,15,15,Internal
GLW,O,0.4521174867542868,63,0.00022514976209553905,15,15,Internal
GLW,ON,0.4280639357163347,63,0.0005191942855970494,15,0,External
GLW,PFG,0.43821651501968173,63,0.00036765157618756303,15,5,External
GLW,PHM,0.4842645500862593,63,6.662260512377668e-05,15,15,Internal
GLW,REG,0.4415511037952982,63,0.000327473412139652,15,15,Internal
GLW,RF,0.4269658250938363,63,0.0005385973669196772,15,5,External
GLW,RJF,0.4401566507833099,63,0.0003437609051326438,15,5,External
GLW,RL,0.4037581772933043,63,0.00113696760736131,15,15,Internal
GLW,RTX,0.5026309453076394,63,3.1404459843592044e-05,15,15,Internal
GLW,SNA,0.5531215068124608,63,3.12893940041637e-06,15,15,Internal
GLW,SWK,0.41355152240576726,63,0.0008349062116279883,15,5,External
GLW,SYF,0.5232023332580489,63,1.282825868649618e-05,15,5,External
GLW,SYY,0.41306980027016765,63,0.0008478700920782625,15,15,Internal
GLW,TEL,0.4183141938975102,63,0.0007160497466702859,15,15,Internal
GLW,TFC,0.4210693029087465,63,0.0006545062150671916,15,5,External
GLW,UDR,0.4487299392391658,63,0.0002542204464540859,15,15,Internal
GLW,USB,0.43678615473857413,63,0.0003862230782047267,15,5,External
GLW,VRSN,-0.4815826937913448,63,7.409277510023312e-05,15,1,External
GLW,VRTX,-0.5455003730545286,63,4.540504563912179e-06,15,1,External
GLW,WAB,0.46589938691998106,63,0.00013556599286149084,15,15,Internal
GLW,WELL,0.45128996180188785,63,0.00023195596181506788,15,15,Internal
GLW,WMT,-0.41135081766828446,63,0.0008956269462038248,15,1,External
GLW,WY,0.5094095024436193,63,2.3530624548672012e-05,15,15,Internal
GM,GS,0.4418414914693105,63,0.00032417146428514836,15,5,External
GM,HBAN,0.6706280716520441,63,2.473817912788289e-09,15,5,External
GM,HIG,0.6772100264038546,63,1.5053461103426765e-09,15,5,External
GM,HLT,0.5686887045958546,63,1.4203354592616436e-06,15,15,Internal
GM,HON,0.46714908459419224,63,0.00012933214872745018,15,20,External
GM,HPE,0.479803635609528,63,7.946617226963684e-05,15,5,External
GM,HRL,-0.43263649553272554,63,0.00044503922860705553,15,1,External
GM,HST,0.5896415843297312,63,4.5924659162110677e-07,15,15,Internal
GM,HWM,0.49139354402849716,63,5.000918567467388e-05,15,5,External
GM,IDXX,-0.41988933249797844,63,0.0006802521512453048,15,1,External
GM,IFF,0.4257153173670017,63,0.0005614933510552705,15,15,Internal
GM,IP,0.44520748224581613,63,0.0002880518160647901,15,5,External
GM,IR,0.5233029780754918,63,1.2770349896664942e-05,15,15,Internal
GM,IRM,0.4747155782232284,63,9.687813002897815e-05,15,15,Internal
GM,IT,0.4279662037496815,63,0.0005208950608756327,15,5,External
GM,JBL,0.5724228356397739,63,1.1681011110594306e-06,15,15,Internal
GM,JCI,0.48397182354116225,63,6.740281716579414e-05,15,5,External
GM,JNJ,-0.45602177593711773,63,0.00019543499080752392,15,1,External
GM,JPM,0.4731405437166712,63,0.00010294086647646157,15,5,External
GM,KEY,0.6349918578628003,63,2.9716817687736327e-08,15,5,External
GM,KIM,0.6903787730962561,63,5.358239887633163e-10,15,15,Internal
GM,KMB,-0.4876431488161701,63,5.8200625585190806e-05,15,1,External
GM,L,0.4982431741506612,63,3.773381273388111e-05,15,5,External
GM,LKQ,0.4466720166724772,63,0.00027351562645291027,15,15,Internal
GM,LUV,0.5710158216999343,63,1.2577584924663474e-06,15,5,External
GM,LVS,0.4932126526191708,63,4.643211579792032e-05,15,15,Internal
GM,LW,0.544274883053073,63,4.8165733613204444e-06,15,15,Internal
GM,LYB,0.5080444012065538,63,2.4951297343454826e-05,15,5,External
GM,LYV,0.5749375992451956,63,1.0225979657631848e-06,15,15,Internal
GM,MAR,0.5859622317086843,63,5.63182125296178e-07,15,15,Internal
GM,MET,0.6117555566465782,63,1.275195606701456e-07,15,5,External
GM,MGM,0.46825456839751084,63,0.0001240382673794736,15,15,Internal
GM,MHK,0.5653365138523025,63,1.6894041345004735e-06,15,15,Internal
GM,MLM,0.49642768690710115,63,4.0682327439467414e-05,15,5,External
GM,MOS,0.5534024283181523,63,3.085745198091158e-06,15,5,External
GM,MSFT,-0.5194510757985664,63,1.5169119123630012e-05,15,1,External
GM,MTB,0.6016635893174036,63,2.3160377682521748e-07,15,5,External
GM,NCLH,0.5123663231961174,63,2.0706765805677194e-05,15,15,Internal
GM,NFLX,-0.42349955035290104,63,0.0006042423130712109,15,1,External
GM,NVDA,-0.4777420726608303,63,8.61406881260737e-05,15,1,External
GM,NWS,0.5067247225612009,63,2.6399902677577426e-05,15,15,Internal
GM,NWSA,0.47459431960130083,63,9.733294612584553e-05,15,15,Internal
GM,O,0.5807744509596846,63,7.477149366225566e-07,15,15,Internal
GM,OMC,0.43460631351067064,63,0.0004161729843807981,15,5,External
GM,ON,0.4167943064989129,63,0.0007521998307790074,15,0,External
GM,PEP,-0.40548054448582943,63,0.001077590855635204,15,1,External
GM,PFG,0.6202287894592314,63,7.601068018118684e-08,15,5,External
GM,PG,-0.46265216098247347,63,0.00015307584190805268,15,1,External
GM,PH,0.49811081301716426,63,3.794190894447672e-05,15,15,Internal
GM,PHM,0.5638333255158483,63,1.8249489539436187e-06,15,15,Internal
GM,PNC,0.46180643343882427,63,0.0001579647990433995,15,5,External
GM,PNR,0.422480418608554,63,0.0006248781489426571,15,20,External
GM,PPG,0.6511215664316724,63,1.0044492549419777e-08,15,5,External
GM,PRU,0.547391548297453,63,4.143303819136718e-06,15,5,External
GM,PSKY,0.4801813320538717,63,7.829625011276411e-05,15,5,External
GM,RCL,0.5657049790718705,63,1.6576488305449271e-06,15,15,Internal
GM,REG,0.6793218106042577,63,1.2801099914770174e-09,15,15,Internal
GM,RF,0.604966055836368,63,1.9095178127491235e-07,15,5,External
GM,RJF,0.50289453008141,63,3.105748600581927e-05,15,5,External
GM,RL,0.5355496030087553,63,7.283918648839299e-06,15,15,Internal
GM,RMD,-0.4146069818538872,63,0.0008071264258957086,15,1,External
GM,ROL,-0.4205380057813345,63,0.0006659873318281277,15,1,External
GM,RTX,0.5228213128118304,63,1.3049708076854779e-05,15,15,Internal
GM,SLB,0.40312196618424795,63,0.0011596350767105236,15,11,External
GM,SNA,0.6345934762299938,63,3.0499487738857066e-08,15,15,Internal
GM,SPG,0.5699683392249132,63,1.3286506626742218e-06,15,15,Internal
GM,STZ,0.4676774564727253,63,0.00012677655324841019,15,15,Internal
GM,SWK,0.5080308289947084,63,2.496581294195133e-05,15,5,External
GM,SYF,0.5793076612788742,63,8.093812903111075e-07,15,5,External
GM,SYY,0.47784731391568747,63,8.578783124966845e-05,15,15,Internal
GM,TDG,0.46668809908665415,63,0.00013160036559333634,15,5,External
GM,TEL,0.6162045860179568,63,9.73689487124769e-08,15,15,Internal
GM,TFC,0.6014766142039372,63,2.3413325017926648e-07,15,5,External
GM,TMO,-0.5414863954711632,63,5.5041648492193015e-06,15,1,External
GM,TPR,0.5522092778368982,63,3.273131196294128e-06,15,15,Internal
GM,TRV,0.4571431424125097,63,0.00018759040844119036,15,5,External
GM,TXT,0.5912505367272025,63,4.1971523074090407e-07,15,5,External
GM,UAL,0.5531290555738857,63,3.1277713599623085e-06,15,5,External
GM,UDR,0.470492503488018,63,0.00011392559134887445,15,15,Internal
GM,USB,0.5491544661242905,63,3.8024800935214086e-06,15,5,External
GM,VICI,0.5785681963831968,63,8.422491551085837e-07,15,5,External
GM,VLO,0.489872480190104,63,5.319376153962923e-05,15,11,External
GM,VRSN,-0.608613944888419,63,1.5389451570752792e-07,15,1,External
GM,VRTX,-0.5986924382087279,63,2.750135086356447e-07,15,1,External
GM,VTR,0.5540755800729462,63,2.9844990650706924e-06,15,15,Internal
GM,VTRS,0.43270865808705805,63,0.00044395040079208954,15,5,External
GM,WAB,0.6166447958784719,63,9.478279480945355e-08,15,15,Internal
GM,WBD,0.5071599837836454,63,2.5913722892678037e-05,15,15,Internal
GM,WELL,0.5933781332019104,63,3.7233657287139543e-07,15,15,Internal
GM,WFC,0.4686523806206558,63,0.00012218247134758754,15,5,External
GM,WMT,-0.5794090711866943,63,8.049688146114881e-07,15,1,External
GM,WY,0.5795943843283111,63,7.969638536207214e-07,15,15,Internal
GM,WYNN,0.5291938494061786,63,9.774526493543344e-06,15,15,Internal
GM,ZBH,0.43465919035807943,63,0.00041542215364656626,15,1,External
GNRC,SWK,0.4564505435740958,63,0.0001924007261250471,5,5,Internal
GOOG,GOOGL,0.9937699695426072,63,6.896641263655335e-59,1,1,Internal
GOOG,GRMN,-0.413478502635881,63,0.0008368596925306216,1,7,External
GOOG,GWW,-0.4238112716938324,63,0.0005980550278233208,1,1,Internal
GOOG,HAS,-0.5098179536342828,63,2.312035351165817e-05,1,20,External
GOOG,HON,-0.4547808008178039,63,0.0002044656343216356,1,20,External
GOOG,IEX,-0.5825587438032366,63,6.786434211131955e-07,1,20,External
GOOG,IP,-0.5376763382178421,63,6.592395686132285e-06,1,5,External
GOOG,ITW,-0.4165778116692599,63,0.0007574813357197424,1,20,External
GOOG,JPM,-0.44172592232820496,63,0.0003254819260320057,1,5,External
GOOG,LNT,-0.45037414628596334,63,0.00023970729194301477,1,7,External
GOOG,META,0.6688823756673911,63,2.8162760366411163e-09,1,1,Internal
GOOG,MMM,-0.5526782915619806,63,3.19823833973997e-06,1,20,External
GOOG,MS,-0.4604657171958772,63,0.0001660093230722209,1,5,External
GOOG,MSFT,0.5610035448311755,63,2.1081532936512056e-06,1,1,Internal
GOOG,NFLX,0.46208192401920095,63,0.00015635674730219703,1,1,Internal
GOOG,NI,-0.4618629743670838,63,0.00015763353527309986,1,7,External
GOOG,NOW,0.4913412495503805,63,5.0115682939226754e-05,1,1,Internal
GOOG,NVR,-0.46786388705869697,63,0.00012588596431505593,1,15,External
GOOG,PCAR,-0.4736049396758346,63,0.000101117969753458,1,20,External
GOOG,PEG,-0.4156978350723983,63,0.0007792959704737976,1,7,External
GOOG,PKG,-0.47108420124126327,63,0.00011138156917373081,1,20,External
GOOG,PNW,-0.451575592135286,63,0.00022958574199484272,1,7,External
GOOG,PWR,-0.53626545035615,63,7.043946346998464e-06,1,20,External
GOOG,ROK,-0.4476672169234721,63,0.0002640235239401966,1,20,External
GOOG,RSG,-0.4399030417781995,63,0.0003468012772930906,1,7,External
GOOG,SWK,-0.5149526278754759,63,1.849795568474128e-05,1,5,External
GOOG,TAP,-0.4706267379712356,63,0.00011334380717843843,1,5,External
GOOG,TFC,-0.4060909522518158,63,0.0010572281840362096,1,5,External
GOOG,TRV,-0.493107097131626,63,4.663303849333147e-05,1,5,External
GOOG,TXT,-0.4279170255861945,63,0.0005217527935190539,1,5,External
GOOG,WFC,-0.4286712546853254,63,0.0005087380202883623,1,5,External
GOOG,WM,-0.5145153513855182,63,1.8855342598120607e-05,1,7,External
GOOG,XYL,-0.514463367795943,63,1.8898252441840843e-05,1,20,External
GOOGL,GRMN,-0.4190383985287659,63,0.0006993844223080724,1,7,External
GOOGL,GWW,-0.402718072848261,63,0.0011742357258792062,1,1,Internal
GOOGL,HAS,-0.4926092972554175,63,4.759146292287876e-05,1,20,External
GOOGL,HON,-0.4503600672224038,63,0.00023982828182247034,1,20,External
GOOGL,IEX,-0.5610821663446582,63,2.0997583200649727e-06,1,20,External
GOOGL,IP,-0.5361064119568153,63,7.096615016707481e-06,1,5,External
GOOGL,JPM,-0.458516876352601,63,0.00017837378110758604,1,5,External
GOOGL,LNT,-0.43024298100772046,63,0.0004825595968422109,1,7,External
GOOGL,META,0.6399528157725768,63,2.1431040834072425e-08,1,1,Internal
GOOGL,MMM,-0.5664050958073148,63,1.598845166229045e-06,1,20,External
GOOGL,MS,-0.4679810396909241,63,0.0001253292636880842,1,5,External
GOOGL,MSFT,0.5718436114029388,63,1.2042592518258912e-06,1,1,Internal
GOOGL,NFLX,0.4373314038655078,63,0.0003790452046579514,1,1,Internal
GOOGL,NI,-0.4354874332186613,63,0.0004038211956333486,1,7,External
GOOGL,NOW,0.49421841347186934,63,4.4557391594197777e-05,1,1,Internal
GOOGL,NTRS,-0.4149791756330642,63,0.0007975313984556248,1,5,External
GOOGL,NVR,-0.43417304951302993,63,0.00042237184028303483,1,15,External
GOOGL,PCAR,-0.49751970665878137,63,3.888425727245335e-05,1,20,External
GOOGL,PEG,-0.4002774755483208,63,0.0012660398886561821,1,7,External
GOOGL,PKG,-0.45613917064998216,63,0.00019459989594329484,1,20,External
GOOGL,PNW,-0.429073777678821,63,0.0005019135482017817,1,7,External
GOOGL,PWR,-0.5230908002307745,63,1.2892717416308599e-05,1,20,External
GOOGL,ROK,-0.41080039320527373,63,0.0009114246120933451,1,20,External
GOOGL,RSG,-0.42399942362120235,63,0.0005943483112911862,1,7,External
GOOGL,STT,-0.4148339158700429,63,0.0008012638028091474,1,5,External
GOOGL,SWK,-0.4958211641662568,63,4.171390459847414e-05,1,5,External
GOOGL,TAP,-0.4675611980500866,63,0.0001273348515317919,1,5,External
GOOGL,TFC,-0.41793596118839144,63,0.0007248957768309936,1,5,External
GOOGL,TRV,-0.5012660379684397,63,3.325929675280839e-05,1,5,External
GOOGL,TXT,-0.43117855370830094,63,0.0004675642451625198,1,5,External
GOOGL,WFC,-0.44962995174780473,63,0.0002461796608123398,1,5,External
GOOGL,WM,-0.5020194076214988,63,3.2223335028704127e-05,1,7,External
GOOGL,WY,-0.40345611042950696,63,0.0011476796552135368,1,15,External
GOOGL,XYL,-0.49673343246738877,63,4.017130378418427e-05,1,20,External
GPC,HLT,0.5797446413125479,63,7.905281126685807e-07,15,15,Internal
GPC,HST,0.48891024595601257,63,5.5303948396898594e-05,15,15,Internal
GPC,ICE,-0.43279247681799937,63,0.0004426887402606268,15,1,External
GPC,IP,0.40388391057723444,63,0.0011325354007858052,15,5,External
GPC,JBL,0.4800165135111497,63,7.880481362684527e-05,15,15,Internal
GPC,LEN,0.4424045398275804,63,0.0003178555104395528,15,15,Internal
GPC,LKQ,0.5897747483856544,63,4.558464882963515e-07,15,15,Internal
GPC,MAR,0.6276522305880741,63,4.7692570797992384e-08,15,15,Internal
GPC,MCHP,0.45528726244089657,63,0.00020073492978013555,15,0,External
GPC,MGM,0.6091846386763844,63,1.4875013429184813e-07,15,15,Internal
GPC,MHK,0.6013149851904713,63,2.3634076166314508e-07,15,15,Internal
GPC,MMM,0.4403977397808533,63,0.00034089317659459235,15,20,External
GPC,MSCI,-0.4208427468922713,63,0.000659379882584028,15,1,External
GPC,NVR,0.43500844137691463,63,0.00041049380769874936,15,15,Internal
GPC,OMC,0.45289726988121337,63,0.00021890389509333314,15,5,External
GPC,ON,0.4363726134292117,63,0.00039174940242016717,15,0,External
GPC,PFE,-0.4128996410585567,63,0.0008524926389658143,15,1,External
GPC,PGR,-0.4030884694211814,63,0.0011608397289928866,15,7,External
GPC,PHM,0.5288046439608227,63,9.95024885191654e-06,15,15,Internal
GPC,PNR,0.4040220233666276,63,0.001127684750783203,15,20,External
GPC,PODD,-0.41840403418140826,63,0.0007139629975642946,15,1,External
GPC,RCL,0.4149465320810818,63,0.0007983687919294243,15,15,Internal
GPC,REG,0.43600084117017124,63,0.000396778907948348,15,15,Internal
GPC,RJF,0.4020615047336813,63,0.0011983240763378568,15,5,External
GPC,RL,0.4389722383943308,63,0.0003581713956293197,15,15,Internal
GPC,RMD,-0.5356316940040741,63,7.256017763939096e-06,15,1,External
GPC,ROST,0.4013431568799617,63,0.0012251878740516817,15,15,Internal
GPC,RTX,0.5552174587574717,63,2.819822363557935e-06,15,15,Internal
GPC,SNA,0.40245957088563195,63,0.0011836671808222038,15,15,Internal
GPC,SPG,0.40360415378489994,63,0.0011424183602387011,15,15,Internal
GPC,SYF,0.4662291992919328,63,0.00013389454536235113,15,5,External
GPC,SYY,0.40969910137104243,63,0.0009437903314153247,15,15,Internal
GPC,TJX,0.47862435889129845,63,8.32234273813792e-05,15,15,Internal
GPC,TPR,0.5249586514960816,63,1.1851919958786039e-05,15,15,Internal
GPC,UHS,0.41428575341239954,63,0.0008154913758565518,15,15,Internal
GPC,ULTA,0.6047790294128136,63,1.9306170101795425e-07,15,15,Internal
GPC,URI,0.4279910640027837,63,0.0005204619524712523,15,15,Internal
GPC,WAB,0.4221331055437709,63,0.0006320553523617652,15,15,Internal
GPC,WBD,0.4293303806031481,63,0.0004976065624851222,15,15,Internal
GPC,WYNN,0.4905124149832072,63,5.1831810630610135e-05,15,15,Internal
GPN,HLT,0.4088962016794041,63,0.0009680367273698003,15,15,Internal
GPN,LDOS,0.43122836853106306,63,0.0004667778221728953,15,15,Internal
GPN,LEN,0.5163302314159667,63,1.741272260975996e-05,15,15,Internal
GPN,MAA,0.5053667898144187,63,2.7971545168491792e-05,15,15,Internal
GPN,NVR,0.4180296482223812,63,0.0007226954740625492,15,15,Internal
GPN,PHM,0.41163525548800045,63,0.0008875606410716908,15,15,Internal
GPN,ROST,0.4322453352991006,63,0.0004509836469717553,15,15,Internal
GPN,SYK,0.42569363402363647,63,0.0005618980348923301,15,1,External
GPN,TJX,0.44436531613852276,63,0.00029672671342842905,15,15,Internal
GPN,UDR,0.40422577468336224,63,0.0011205629845479962,15,15,Internal
GPN,V,0.4286728724038042,63,0.000508710425216219,15,1,External
GRMN,J,0.46173217389132926,63,0.00015840084305557736,7,20,External
GRMN,KO,0.42516677787734963,63,0.0005718126534393589,7,7,Internal
GRMN,LNT,0.49908742599465933,63,3.643113861476606e-05,7,7,Internal
GRMN,NI,0.4959804268112936,63,4.144071378241849e-05,7,7,Internal
GRMN,PKG,0.4006441352227756,63,0.0012518480515721145,7,20,External
GRMN,PWR,0.5028281399077371,63,3.1144543720535e-05,7,20,External
GRMN,PYPL,-0.47510192739393975,63,9.5442021311358e-05,7,1,External
GRMN,XEL,0.4853587046860203,63,6.377947664647984e-05,7,7,Internal
GS,HBAN,0.687494509809686,63,6.749694687189195e-10,5,5,Internal
GS,HIG,0.4838929866286891,63,6.761437859692167e-05,5,5,Internal
GS,HON,0.491457991858919,63,4.987822574210609e-05,5,20,External
GS,INTU,-0.5376870572440257,63,6.589070775559452e-06,5,1,External
GS,IP,0.4598050679275196,63,0.000170109918184755,5,5,Internal
GS,JPM,0.6734993174697699,63,1.9949501842446897e-09,5,5,Internal
GS,KEY,0.701013156034858,63,2.2343073220090788e-10,5,5,Internal
GS,KMB,-0.42216001755350274,63,0.0006314965579975292,5,1,External
GS,LUV,0.5336945350730644,63,7.941703391720016e-06,5,5,Internal
GS,LYB,0.4680698866946546,63,0.0001249085780083658,5,5,Internal
GS,MET,0.5631222780668631,63,1.8925522403682705e-06,5,5,Internal
GS,MHK,0.5147805678880691,63,1.863782368179943e-05,5,15,External
GS,MLM,0.4215335113650134,63,0.0006446220027888732,5,5,Internal
GS,MMM,0.42997606361813884,63,0.0004869171673013255,5,20,External
GS,MOS,0.41882103987207286,63,0.0007043489818333519,5,5,Internal
GS,MS,0.752181039273151,63,1.8235322952468676e-12,5,5,Internal
GS,MSFT,-0.5657587623210069,63,1.6530606711241651e-06,5,1,External
GS,MTB,0.5534715938341344,63,3.0751962087943602e-06,5,5,Internal
GS,NOW,-0.4646319126256587,63,0.00014216921049859725,5,1,External
GS,NSC,0.41589290628489306,63,0.0007744117091857924,5,20,External
GS,NTRS,0.5543700241514445,63,2.941196380279237e-06,5,5,Internal
GS,NVDA,-0.4473942668744982,63,0.0002665964785766397,5,1,External
GS,PCAR,0.4992770568272477,63,3.614432063226826e-05,5,20,External
GS,PFG,0.44587146389675886,63,0.0002813762701001576,5,5,Internal
GS,PNC,0.4977973238311373,63,3.843901343622077e-05,5,5,Internal
GS,PNR,0.4326638131247822,63,0.00044462676056620745,5,20,External
GS,PRU,0.5043138749864754,63,2.9249344547782934e-05,5,5,Internal
GS,REG,0.44012418103823436,63,0.0003441488051705742,5,15,External
GS,RF,0.7438297374714372,63,4.3159560983114944e-12,5,5,Internal
GS,RJF,0.5826858759697757,63,6.739579711855948e-07,5,5,Internal
GS,RL,0.4419830790281588,63,0.0003225725342351533,5,15,External
GS,ROK,0.4002407742885302,63,0.0012674683778254403,5,20,External
GS,SCHW,0.44663968091320166,63,0.00027382920422632564,5,5,Internal
GS,SNPS,-0.5014411900352709,63,3.301573075617537e-05,5,1,External
GS,STT,0.626346166004298,63,5.181440905692701e-08,5,5,Internal
GS,SYF,0.5402046291905312,63,5.850015859791336e-06,5,5,Internal
GS,TDG,0.42604620747493327,63,0.0005553505625936581,5,5,Internal
GS,TFC,0.6450334633338438,63,1.524028206538597e-08,5,5,Internal
GS,TPR,0.4077160469016919,63,0.0010046967896447348,5,15,External
GS,TRMB,0.4120931212891609,63,0.0008747138977810769,5,5,Internal
GS,TRV,0.43874846813274754,63,0.00036095500185150304,5,5,Internal
GS,TXT,0.45826021173293524,63,0.00018006361854310237,5,5,Internal
GS,UAL,0.4810056860627584,63,7.579770132724654e-05,5,5,Internal
GS,USB,0.5940859131773426,63,3.577236446862794e-07,5,5,Internal
GS,VMC,0.40713002279579746,63,0.0010233622738238424,5,5,Internal
GS,VRSN,-0.49137507733120667,63,5.004676905241794e-05,5,1,External
GS,WAB,0.4679735757946577,63,0.00012536466401487787,5,15,External
GS,WFC,0.6614627154019026,63,4.840265907078949e-09,5,5,Internal
GWW,ITW,0.4737185277678867,63,0.00010067664418531235,1,20,External
GWW,IVZ,0.5263569162263796,63,1.1124522601160237e-05,1,5,External
GWW,KDP,0.4072030725616781,63,0.0010210186223579604,1,1,Internal
GWW,MSCI,-0.4038575255998543,63,0.0011334642013936696,1,1,Internal
GWW,NVR,0.42301336601081235,63,0.0006140084265144307,1,15,External
GWW,STZ,0.48411308602543224,63,6.702526063286131e-05,1,15,External
HAL,HON,0.4486735449859534,63,0.0002547321796456881,11,20,External
HAL,HPE,0.48465555836294455,63,6.559342870589371e-05,11,5,External
HAL,HWM,0.5445550440845212,63,4.752113896667918e-06,11,5,External
HAL,IR,0.4052486168209199,63,0.0010854199766851854,11,15,External
HAL,IT,0.4612227227875362,63,0.00016142217191137802,11,5,External
HAL,KMI,0.45252765483126745,63,0.00022184438498951446,11,11,Internal
HAL,L,0.4904174095542225,63,5.203195093802266e-05,11,5,External
HAL,LYB,0.42915363014186125,63,0.0005005696379280515,11,5,External
HAL,MPC,0.5302628614336299,63,9.30662573111336e-06,11,11,Internal
HAL,NUE,0.41563761746411115,63,0.000780809339049158,11,5,External
HAL,OKE,0.4960011117208952,63,4.140535359395404e-05,11,11,Internal
HAL,OXY,0.716347147786172,63,5.905863161414768e-11,11,11,Internal
HAL,PRU,0.41238829039914837,63,0.000866521388259654,11,5,External
HAL,PSX,0.5946917196547203,63,3.456461070723137e-07,11,11,Internal
HAL,SLB,0.8452116322770481,63,5.68677796017182e-18,11,11,Internal
HAL,SYF,0.401480205028397,63,0.0012200212749509639,11,5,External
HAL,TMO,-0.5048488555378416,63,2.8593495342823415e-05,11,1,External
HAL,TPL,0.41333120490568154,63,0.0008408128927921433,11,11,Internal
HAL,TRGP,0.4575570969137004,63,0.0001847682153524633,11,11,Internal
HAL,TSCO,-0.40564902288767285,63,0.0010719355335669228,11,1,External
HAL,TXT,0.4018913615976178,63,0.0012046384801814292,11,5,External
HAL,VLO,0.5611827703590283,63,2.089061740061953e-06,11,11,Internal
HAL,XOM,0.7773477488510646,63,1.0913109694589001e-13,11,11,Internal
HAS,HON,0.4350879940464373,63,0.00040937869312592873,20,20,Internal
HAS,IR,0.4027919938165271,63,0.0011715511875263547,20,15,External
HAS,IVZ,0.5135007064949799,63,1.9709443640307786e-05,20,5,External
HAS,LUV,0.460477786262375,63,0.00016593526148302534,20,5,External
HAS,MMM,0.43818287830979985,63,0.00036807879802217155,20,20,Internal
HAS,PAYX,0.40017204369773474,63,0.0012701474161302161,20,20,Internal
HAS,PCAR,0.4701254343541062,63,0.00011553054439781157,20,20,Internal
HAS,PRU,0.44527128790213905,63,0.0002874041034963731,20,5,External
HAS,RL,0.5071145047060992,63,2.5964131326486836e-05,20,15,External
HAS,RTX,0.40445346989570424,63,0.0011126522693549062,20,15,External
HAS,SBUX,0.435519964909404,63,0.00040337161257670667,20,7,External
HAS,SYY,0.4582637927444088,63,0.00018003994120908978,20,15,External
HAS,WBD,0.40002370978394286,63,0.0012759466686153404,20,15,External
HAS,WM,0.4820590751420652,63,7.271188604199054e-05,20,7,External
HAS,XYL,0.4279727592049399,63,0.0005207808217938368,20,20,Internal
HBAN,HIG,0.6428841255810559,63,1.7618084178487557e-08,5,5,Internal
HBAN,HON,0.6507411051229514,63,1.0312461003174582e-08,5,20,External
HBAN,HST,0.4965142820756784,63,4.053698537839034e-05,5,15,External
HBAN,HUM,-0.41671949591242835,63,0.0007540210942072515,5,1,External
HBAN,HWM,0.4447019251837656,63,0.0002932311964936122,5,5,Internal
HBAN,IDXX,-0.4411979138180226,63,0.0003315308010254872,5,1,External
HBAN,INTU,-0.46168965902338305,63,0.00015865098233906432,5,1,External
HBAN,IP,0.596348411912584,63,3.1454618873037243e-07,5,5,Internal
HBAN,IR,0.4303828737982487,63,0.00048028995534972,5,15,External
HBAN,IT,0.46813082780289805,63,0.00012462077556436776,5,5,Internal
HBAN,IVZ,0.492278809703787,63,4.8237773561595096e-05,5,5,Internal
HBAN,JBL,0.47493062845442024,63,9.607632664851327e-05,5,15,External
HBAN,JCI,0.4849608777520027,63,6.480001068664573e-05,5,5,Internal
HBAN,JKHY,-0.44006497611311235,63,0.00034485712444267633,5,1,External
HBAN,JNJ,-0.5360617304094768,63,7.1114780795166005e-06,5,1,External
HBAN,JPM,0.752413482224276,63,1.7794614734300189e-12,5,5,Internal
HBAN,KEY,0.8863532899470673,63,9.93009865500923e-22,5,5,Internal
HBAN,KIM,0.5852101387952128,63,5.86983468183799e-07,5,15,External
HBAN,KMB,-0.474988865498944,63,9.586024598733655e-05,5,1,External
HBAN,L,0.5299900750713717,63,9.42399978484088e-06,5,5,Internal
HBAN,LKQ,0.5656050041923717,63,1.6662092223417687e-06,5,15,External
HBAN,LUV,0.5616374136475036,63,2.041355222412988e-06,5,5,Internal
HBAN,LVS,0.4304534244183586,63,0.00047914901590136405,5,15,External
HBAN,LW,0.4190173039664061,63,0.000699864838330512,5,15,External
HBAN,LYB,0.5460547054159269,63,4.4205437932723925e-06,5,5,Internal
HBAN,LYV,0.4992937969618239,63,3.611910167375671e-05,5,15,External
HBAN,MAR,0.42866195350477,63,0.0005088967063877029,5,15,External
HBAN,MET,0.7361658456342668,63,9.24716176565774e-12,5,5,Internal
HBAN,MGM,0.5044789063936626,63,2.904555633343831e-05,5,15,External
HBAN,MHK,0.6429530188070646,63,1.753670771570969e-08,5,15,External
HBAN,MLM,0.5083871087880328,63,2.4587350925689207e-05,5,5,Internal
HBAN,MMM,0.431730367338636,63,0.0004589196579047546,5,20,External
HBAN,MOS,0.4434948596949306,63,0.0003059430261565344,5,5,Internal
HBAN,MS,0.4860875896194068,63,6.194805552248083e-05,5,5,Internal
HBAN,MSFT,-0.67958145839653,63,1.254737214645021e-09,5,1,External
HBAN,MTB,0.819084222336597,63,4.113684382382075e-16,5,5,Internal
HBAN,NCLH,0.4604868205421329,63,0.0001658798426269677,5,15,External
HBAN,NFLX,-0.41019535398773294,63,0.0009290797477379318,5,1,External
HBAN,NTRS,0.6100759261590913,63,1.4103875584428677e-07,5,5,Internal
HBAN,NUE,0.47071519654740335,63,0.00011296191382782013,5,5,Internal
HBAN,NVDA,-0.5144529900614947,63,1.8906829585297655e-05,5,1,External
HBAN,O,0.4938975727705553,63,4.514769562222087e-05,5,15,External
HBAN,OMC,0.4546106394592477,63,0.0002057332529990653,5,5,Internal
HBAN,ON,0.4477818765900196,63,0.00026294947073328016,5,0,External
HBAN,PCAR,0.44912743228690144,63,0.00025064007474135216,5,20,External
HBAN,PEP,-0.4215681860318763,63,0.0006438891469495894,5,1,External
HBAN,PFG,0.6471526284515556,63,1.3195493867374238e-08,5,5,Internal
HBAN,PH,0.61817227924639,63,8.630251052880543e-08,5,15,External
HBAN,PKG,0.5326963195682143,63,8.318153525051318e-06,5,20,External
HBAN,PNC,0.7106549809751627,63,9.775250983631795e-11,5,5,Internal
HBAN,PNR,0.4719855962245116,63,0.00010760621850687735,5,20,External
HBAN,PPG,0.42094436761860077,63,0.0006571897673866513,5,5,Internal
HBAN,PRU,0.7040756250641819,63,1.7244880451764628e-10,5,5,Internal
HBAN,PSKY,0.49907125029775184,63,3.64557016807261e-05,5,5,Internal
HBAN,RCL,0.4375430210600722,63,0.00037629227869324065,5,15,External
HBAN,REG,0.5985835512281029,63,2.7674128694474406e-07,5,15,External
HBAN,RF,0.8563557982919193,63,7.151024543271378e-19,5,5,Internal
HBAN,RJF,0.7199811506231173,63,4.253771426047998e-11,5,5,Internal
HBAN,RL,0.5621989040692454,63,1.983843970528478e-06,5,15,External
HBAN,RMD,-0.44330188391223196,63,0.0003080212841529882,5,1,External
HBAN,RTX,0.4295286957301163,63,0.0004943009517240251,5,15,External
HBAN,SCHW,0.5067822502125217,63,2.6335164035150383e-05,5,5,Internal
HBAN,SLB,0.4351677219215297,63,0.00040826388967975507,5,11,External
HBAN,SNA,0.5649230880169928,63,1.7257119997257993e-06,5,15,External
HBAN,SNPS,-0.5014671523254608,63,3.297976848657344e-05,5,1,External
HBAN,SPG,0.5393479207760926,63,6.092361585632176e-06,5,15,External
HBAN,STT,0.5895233136858415,63,4.62286386945175e-07,5,5,Internal
HBAN,SWK,0.45992519619785793,63,0.00016935745502852614,5,5,Internal
HBAN,SYF,0.7530410447933474,63,1.665499792321455e-12,5,5,Internal
HBAN,SYY,0.579127691863133,63,8.172679180791273e-07,5,15,External
HBAN,T,0.4746154778559815,63,9.72534446643369e-05,5,5,Internal
HBAN,TDG,0.5186824249610936,63,1.569530619328067e-05,5,5,Internal
HBAN,TECH,-0.4015590964978303,63,0.001217056035007072,5,1,External
HBAN,TEL,0.4976250225372902,63,3.8714792633278385e-05,5,15,External
HBAN,TFC,0.8094462301413248,63,1.683255565714055e-15,5,5,Internal
HBAN,TMO,-0.42831624950185726,63,0.0005148267022575428,5,1,External
HBAN,TPR,0.45809804093405365,63,0.00018113887242893073,5,15,External
HBAN,TROW,0.4770892590490394,63,8.835948686265895e-05,5,5,Internal
HBAN,TRV,0.5841681544979421,63,6.215232490802094e-07,5,5,Internal
HBAN,TTWO,-0.4358968422066266,63,0.0003981963385996537,5,1,External
HBAN,TXT,0.5931539827968065,63,3.770802051498894e-07,5,5,Internal
HBAN,TYL,-0.427820738871756,63,0.0005234358774319523,5,1,External
HBAN,UAL,0.5117091392127214,63,2.130575920579658e-05,5,5,Internal
HBAN,URI,0.4595336340477292,63,0.00017182143156028404,5,15,External
HBAN,USB,0.8273526976042749,63,1.1472470708214976e-16,5,5,Internal
HBAN,VICI,0.5525865082211193,63,3.212767227674315e-06,5,5,Internal
HBAN,VLO,0.46639077769001447,63,0.00013308261051705756,5,11,External
HBAN,VMC,0.545474130395588,63,4.5462582670748814e-06,5,5,Internal
HBAN,VRSN,-0.5560686869464572,63,2.7026313967546307e-06,5,1,External
HBAN,VRTX,-0.49680945554671974,63,4.004516343440407e-05,5,1,External
HBAN,VTRS,0.4291808615226798,63,0.0005001120841772567,5,5,Internal
HBAN,WAB,0.5515744805116807,63,3.377108746773069e-06,5,15,External
HBAN,WBD,0.5628814047304589,63,1.9159800112741985e-06,5,15,External
HBAN,WDC,0.4053029311460372,63,0.0010835819190696263,5,0,External
HBAN,WELL,0.44874155199826216,63,0.0002541151865740291,5,15,External
HBAN,WFC,0.7679666247231249,63,3.2486364596680206e-13,5,5,Internal
HBAN,WMT,-0.5189846619174087,63,1.5486416725743116e-05,5,1,External
HBAN,WRB,0.42329959273546214,63,0.0006082417301057904,5,5,Internal
HBAN,WY,0.5265089527362893,63,1.1047985475184612e-05,5,15,External
HBAN,WYNN,0.4751969124345906,63,9.509196271494455e-05,5,15,External
HBAN,XOM,0.43860446704555595,63,0.00036275672313394817,5,11,External
HCA,HLT,0.5029204212494565,63,3.1023595918126684e-05,15,15,Internal
HCA,MAR,0.49581984011690156,63,4.1716182765742555e-05,15,15,Internal
HCA,NVDA,-0.41066713467140414,63,0.0009152868889389507,15,1,External
HCA,PHM,0.4894298686198196,63,5.415500382467928e-05,15,15,Internal
HCA,PSKY,0.41509054965062464,63,0.0007946803352145555,15,5,External
HCA,RCL,0.4954717702118811,63,4.2319079640623204e-05,15,15,Internal
HCA,RTX,0.42362742551350047,63,0.0006016971595654747,15,15,Internal
HCA,TJX,0.40427083795426877,63,0.0011189933607106408,15,15,Internal
HCA,TPR,0.42878684963042335,63,0.0005067696188757033,15,15,Internal
HCA,UHS,0.8104503699348913,63,1.4589057418147402e-15,15,15,Internal
HCA,WAB,0.4421746857364551,63,0.0003204201974862456,15,15,Internal
HCA,WYNN,0.43045454414071566,63,0.00047913092771000016,15,15,Internal
HCA,ZBH,0.44093594512024686,63,0.00033456980675913796,15,1,External
HD,LOW,0.5793166915649777,63,8.089874523543914e-07,8,8,Internal
HIG,HON,0.6736985921281604,63,1.9652097762939624e-09,5,20,External
HIG,HPE,0.4608602118675775,63,0.00016360414157895028,5,5,Internal
HIG,HSIC,0.44898990717483117,63,0.00025187356836580966,5,20,External
HIG,HST,0.5166842462253811,63,1.7143550182929924e-05,5,15,External
HIG,HUBB,0.4488682733951632,63,0.0002529691495904598,5,20,External
HIG,HWM,0.4650702981911525,63,0.00013985266129512976,5,5,Internal
HIG,IDXX,-0.4454182722741153,63,0.00028591707237581206,5,1,External
HIG,INCY,-0.41549316360496447,63,0.0007844505483972172,5,1,External
HIG,INTU,-0.4286155301929084,63,0.0005096894002943047,5,1,External
HIG,IP,0.6181685540063797,63,8.632229304643248e-08,5,5,Internal
HIG,IR,0.40778384620791996,63,0.0010025572529764415,5,15,External
HIG,IRM,0.568943463251116,63,1.4016225746281003e-06,5,15,External
HIG,IT,0.4501333020816892,63,0.0002417847185821889,5,5,Internal
HIG,JBL,0.43722833505525915,63,0.0003803926578435522,5,15,External
HIG,JCI,0.6690152274814464,63,2.7887094902566373e-09,5,5,Internal
HIG,JNJ,-0.49684818490751625,63,3.9981043138555827e-05,5,1,External
HIG,JPM,0.6269939517891192,63,4.9729727575151205e-08,5,5,Internal
HIG,KEY,0.6889792200342412,63,5.995382611731717e-10,5,5,Internal
HIG,KIM,0.6694407504630927,63,2.7021265229800156e-09,5,15,External
HIG,L,0.6532801972767106,63,8.644656221389753e-09,5,5,Internal
HIG,LKQ,0.4554368199151591,63,0.00019964523647424256,5,15,External
HIG,LUV,0.5705540193057781,63,1.2885641295355237e-06,5,5,Internal
HIG,LW,0.42780267309755354,63,0.0005237522145049722,5,15,External
HIG,LYB,0.6150370156208463,63,1.0455426368732386e-07,5,5,Internal
HIG,LYV,0.49772962739262777,63,3.854714848313272e-05,5,15,External
HIG,MAR,0.42103100053241843,63,0.0006553278749691652,5,15,External
HIG,MET,0.7247352852030186,63,2.7475290839982364e-11,5,5,Internal
HIG,MGM,0.42796730153019696,63,0.0005208759287432591,5,15,External
HIG,MHK,0.5712262214932854,63,1.2439533498603154e-06,5,15,External
HIG,MLM,0.6728369472542406,63,2.0969033363567505e-09,5,5,Internal
HIG,MO,0.4283884792637436,63,0.0005135825549942833,5,15,External
HIG,MOS,0.4826451944750083,63,7.104545146440297e-05,5,5,Internal
HIG,MSFT,-0.6477865008637431,63,1.2636195964594863e-08,5,1,External
HIG,MTB,0.6461354705424998,63,1.4142210128826853e-08,5,5,Internal
HIG,NCLH,0.5383030448130225,63,6.4006035715523185e-06,5,15,External
HIG,NFLX,-0.48323153528599383,63,6.941367394267914e-05,5,1,External
HIG,NTRS,0.4560402014549326,63,0.0001953037029764643,5,5,Internal
HIG,NUE,0.42438880958241254,63,0.0005867432631678907,5,5,Internal
HIG,NVDA,-0.539999942874379,63,5.907086147615336e-06,5,1,External
HIG,NWS,0.4001760605287509,63,0.0012699907046833752,5,15,External
HIG,O,0.5737622814880768,63,1.0883462056115337e-06,5,15,External
HIG,OKE,0.4053440185055506,63,0.0010821933411786296,5,11,External
HIG,OMC,0.5121924601479109,63,2.0863695596269397e-05,5,5,Internal
HIG,PAYC,0.41006296138773957,63,0.000932983920137643,5,15,External
HIG,PFG,0.6947443188232514,63,3.7588098612126596e-10,5,5,Internal
HIG,PHM,0.4631409781477338,63,0.0001503137883445234,5,15,External
HIG,PKG,0.5143560414778708,63,1.898713178850988e-05,5,20,External
HIG,PNC,0.5488887719144037,63,3.852113447203977e-06,5,5,Internal
HIG,PPG,0.5353517772829853,63,7.351566392936717e-06,5,5,Internal
HIG,PPL,0.40874785954396037,63,0.0009725774807832087,5,7,External
HIG,PRU,0.7378352168786071,63,7.850572213389453e-12,5,5,Internal
HIG,PSKY,0.5607094060365895,63,2.1398399159162274e-06,5,5,Internal
HIG,RCL,0.5356129093848294,63,7.262393433675064e-06,5,15,External
HIG,REG,0.6433955298120551,63,1.702243019770544e-08,5,15,External
HIG,RF,0.6827169334444434,63,9.836916762781457e-10,5,5,Internal
HIG,RJF,0.5780604873889904,63,8.655364889562934e-07,5,5,Internal
HIG,RL,0.6688034878272267,63,2.83276723023297e-09,5,15,External
HIG,RTX,0.448571089732217,63,0.0002556642891383398,5,15,External
HIG,SJM,-0.43918479782355047,63,0.00035554537798653137,5,1,External
HIG,SNA,0.6185806161454619,63,8.415981118143987e-08,5,15,External
HIG,SPG,0.62551798230076,63,5.459993769995076e-08,5,15,External
HIG,STT,0.4630016651148647,63,0.00015109627905103492,5,5,Internal
HIG,SWK,0.5185160230798733,63,1.5811428070997745e-05,5,5,Internal
HIG,SYF,0.5916941188179166,63,4.0939270375018574e-07,5,5,Internal
HIG,T,0.6013405788009046,63,2.3598990646853242e-07,5,5,Internal
HIG,TAP,0.4497502517172225,63,0.00024512268652819867,5,5,Internal
HIG,TDG,0.45749239629800115,63,0.00018520674088788125,5,5,Internal
HIG,TECH,-0.4715512737987254,63,0.00010941037194458492,5,1,External
HIG,TEL,0.4011974116725454,63,0.0012307039443766434,5,15,External
HIG,TFC,0.6348662857605635,63,2.996144740974961e-08,5,5,Internal
HIG,TJX,0.42142415727384874,63,0.000646938177242526,5,15,External
HIG,TMO,-0.4349799364073332,63,0.00041089404305974595,5,1,External
HIG,TPR,0.6748260188688319,63,1.8047152233606574e-09,5,15,External
HIG,TRMB,0.4361729742053086,63,0.0003944429500018327,5,5,Internal
HIG,TRV,0.7847988522615867,63,4.4161649766993616e-14,5,5,Internal
HIG,TSN,0.4569055278629736,63,0.0001892281608092787,5,5,Internal
HIG,TT,0.5178155459506681,63,1.6309053050678978e-05,5,20,External
HIG,TTWO,-0.5194912868434153,63,1.5142048585190467e-05,5,1,External
HIG,TXT,0.5768715846896572,63,9.22453259660189e-07,5,5,Internal
HIG,UAL,0.5583669120248279,63,2.408569104964814e-06,5,5,Internal
HIG,USB,0.664120196054534,63,3.993823988125302e-09,5,5,Internal
HIG,VICI,0.5239897261171388,63,1.238165050323336e-05,5,5,Internal
HIG,VMC,0.5585191045400242,63,2.390193002727115e-06,5,5,Internal
HIG,VRSN,-0.5978216360082449,63,2.891198822012112e-07,5,1,External
HIG,VRTX,-0.5724016950915574,63,1.1694027204260047e-06,5,1,External
HIG,VTR,0.5261881084671832,63,1.1210080247407741e-05,5,15,External
HIG,VTRS,0.4274855339813365,63,0.0005293337656969978,5,5,Internal
HIG,WAB,0.543008046618779,63,5.118364390822127e-06,5,15,External
HIG,WBD,0.5913874469812624,63,4.165034016660809e-07,5,15,External
HIG,WELL,0.5489390416351239,63,3.84267658592442e-06,5,15,External
HIG,WFC,0.6065585222202678,63,1.7384564636657902e-07,5,5,Internal
HIG,WMB,0.46620689819094385,63,0.00013400696533185432,5,11,External
HIG,WMT,-0.4680058491025734,63,0.0001252116617202988,5,1,External
HIG,WRB,0.7255117155055893,63,2.5560300927178175e-11,5,5,Internal
HIG,WY,0.4922783768870835,63,4.823862528062608e-05,5,15,External
HII,HOLX,-0.4089966509817694,63,0.0009649728473160544,20,1,External
HII,HON,0.463881863618406,63,0.0001462144939426062,20,20,Internal
HII,IEX,0.4031673512772948,63,0.0011580046777211691,20,20,Internal
HII,IP,0.41775793743821177,63,0.000729093501836304,20,5,External
HII,J,0.4113079254965826,63,0.0008968490439369471,20,20,Internal
HII,LHX,0.40989862164066787,63,0.0009378507956077381,20,7,External
HII,LMT,0.42879719038586817,63,0.0005065938695538861,20,20,Internal
HII,META,-0.4290277885730913,63,0.0005026890278037865,20,1,External
HII,NOW,-0.4545027695273615,63,0.000206540552137248,20,1,External
HII,OMC,0.41895138560270917,63,0.0007013680163080215,20,5,External
HII,PCAR,0.4374490094346015,63,0.00037751301888612373,20,20,Internal
HII,PNR,0.4119059052195767,63,0.0008799463412095134,20,20,Internal
HII,PYPL,-0.528235861133899,63,1.0212341832885392e-05,20,1,External
HII,T,0.43506981487750146,63,0.0004096332728780506,20,5,External
HLT,HST,0.6293833295984587,63,4.270489091102568e-08,15,15,Internal
HLT,IR,0.40078254416058384,63,0.0012465281577449586,15,15,Internal
HLT,JBL,0.4217171564714781,63,0.000640749211339947,15,15,Internal
HLT,KIM,0.46267140593621264,63,0.0001529662241895604,15,15,Internal
HLT,LEN,0.42378436049442686,63,0.0005985869066792746,15,15,Internal
HLT,LKQ,0.5034504629188292,63,3.0337282197170736e-05,15,15,Internal
HLT,LVS,0.44504033886585187,63,0.000289754867198455,15,15,Internal
HLT,LYV,0.5263619867927892,63,1.1121962083005938e-05,15,15,Internal
HLT,MAR,0.819984866704704,63,3.590889761735401e-16,15,15,Internal
HLT,MAS,0.414150438830068,63,0.0008190384392953235,15,15,Internal
HLT,MDLZ,-0.491561531485461,63,4.966849314365066e-05,15,1,External
HLT,MGM,0.608948578100173,63,1.5085808063470268e-07,15,15,Internal
HLT,MHK,0.5215683793919883,63,1.380322105602059e-05,15,15,Internal
HLT,MTB,0.40405512602453986,63,0.0011265249387820509,15,5,External
HLT,NCLH,0.46527915308136125,63,0.0001387612445947805,15,15,Internal
HLT,NVR,0.4122482434826242,63,0.0008703997498252055,15,15,Internal
HLT,PEP,-0.4153952123516328,63,0.0007869283103309105,15,1,External
HLT,PH,0.4672319066903098,63,0.00012892845858722705,15,15,Internal
HLT,PHM,0.5117809669383849,63,2.1239517805452563e-05,15,15,Internal
HLT,PSKY,0.49714026591763727,63,3.950052323709871e-05,15,5,External
HLT,PWR,0.400455760165859,63,0.0012591212687379004,15,20,External
HLT,RCL,0.4962559316235116,63,4.097202955614485e-05,15,15,Internal
HLT,REG,0.488058783882814,63,5.723537472785456e-05,15,15,Internal
HLT,RL,0.466730690434309,63,0.0001313892794021684,15,15,Internal
HLT,RMD,-0.5323438107692529,63,8.45501625800224e-06,15,1,External
HLT,ROST,0.41425547674231444,63,0.0008162838237363844,15,15,Internal
HLT,RTX,0.5678957026788805,63,1.48009329987062e-06,15,15,Internal
HLT,SNA,0.5272031977237855,63,1.0704678169923812e-05,15,15,Internal
HLT,SPG,0.4625293934046989,63,0.0001537768138172818,15,15,Internal
HLT,STZ,0.44800493787859585,63,0.0002608714137215538,15,15,Internal
HLT,SYF,0.4455377263644719,63,0.00028471374102658116,15,5,External
HLT,SYY,0.4531885038798932,63,0.00021661213418590504,15,15,Internal
HLT,TEL,0.4828775593894397,63,7.039459969289097e-05,15,15,Internal
HLT,TJX,0.5558575391138351,63,2.731268330145244e-06,15,15,Internal
HLT,TMO,-0.41553164857783137,63,0.0007834789701968477,15,1,External
HLT,TPR,0.5723851315681734,63,1.1704234751772304e-06,15,15,Internal
HLT,TXT,0.43035946216328436,63,0.0004806691119070136,15,5,External
HLT,UHS,0.5309409361512073,63,9.02073403579602e-06,15,15,Internal
HLT,URI,0.4153804242407924,63,0.0007873030028469574,15,15,Internal
HLT,VLO,0.4380895897677072,63,0.0003692660290275951,15,11,External
HLT,VRTX,-0.4820653021966954,63,7.269399374156263e-05,15,1,External
HLT,WAB,0.5171308522348786,63,1.680948757782726e-05,15,15,Internal
HLT,WBD,0.5144099773849419,63,1.894241787059011e-05,15,15,Internal
HLT,WELL,0.4571795882377869,63,0.0001873403580429693,15,15,Internal
HLT,WYNN,0.5993687822323244,63,2.6450675611086593e-07,15,15,Internal
HOLX,HWM,-0.46938175000002647,63,0.00011884606412010348,1,5,External
HOLX,WST,0.4350618570005503,63,0.0004097447597440903,1,1,Internal
HON,HPE,0.4281187597073732,63,0.0005182424238060404,20,5,External
HON,HSIC,0.4793202219066562,63,8.098704951792585e-05,20,20,Internal
HON,HST,0.4721675579324116,63,0.00010685852163213951,20,15,External
HON,HUBB,0.6534991025101158,63,8.513511312467727e-09,20,20,Internal
HON,HUM,-0.5360322032764762,63,7.121316024891111e-06,20,1,External
HON,HWM,0.5985010319085161,63,2.780574697399578e-07,20,5,External
HON,IDXX,-0.4002732641491927,63,0.0012662037314452588,20,1,External
HON,IEX,0.4209022289617613,63,0.0006580971323735296,20,20,Internal
HON,INTU,-0.5490477636087727,63,3.8223405934520615e-06,20,1,External
HON,IP,0.654267625778223,63,8.067854377760389e-09,20,5,External
HON,IR,0.49685031385061224,63,3.9977521216506716e-05,20,15,External
HON,ITW,0.5331162520844384,63,8.157806683984072e-06,20,20,Internal
HON,J,0.5888442201312032,63,4.801096379978895e-07,20,20,Internal
HON,JCI,0.5449438396563622,63,4.663992756471512e-06,20,5,External
HON,JKHY,-0.4823745800055524,63,7.181042924536498e-05,20,1,External
HON,JNJ,-0.4204626591848649,63,0.0006676302325615127,20,1,External
HON,JPM,0.6612920400566492,63,4.900068895129923e-09,20,5,External
HON,KEY,0.6932247953066506,63,4.2554971732342706e-10,20,5,External
HON,KIM,0.5487527385486222,63,3.8777588903163966e-06,20,15,External
HON,L,0.46930726163567427,63,0.0001191829225458105,20,5,External
HON,LKQ,0.5089393078558888,63,2.4011266874435353e-05,20,15,External
HON,LUV,0.6363625668219117,63,2.7166419161687053e-08,20,5,External
HON,LVS,0.453310566475407,63,0.00021565815185382712,20,15,External
HON,LYB,0.5316507095519454,63,8.7302507477142e-06,20,5,External
HON,LYV,0.46581930390259557,63,0.00013597472318836615,20,15,External
HON,MET,0.5604636406084317,63,2.1666565826931882e-06,20,5,External
HON,MGM,0.440249195233027,63,0.0003426575080129377,20,15,External
HON,MHK,0.4627299678632167,63,0.00015263310288818308,20,15,External
HON,MLM,0.5728956878295988,63,1.139340383981947e-06,20,5,External
HON,MMM,0.5656088457614716,63,1.6658795230313408e-06,20,20,Internal
HON,MOH,-0.4540608429083643,63,0.0002098782958692369,20,1,External
HON,MOS,0.45463427353396835,63,0.000205556761632331,20,5,External
HON,MS,0.4565768928061663,63,0.00019151485424090885,20,5,External
HON,MSFT,-0.6766195659840759,63,1.5747593360046781e-09,20,1,External
HON,MTB,0.6997917888755991,63,2.475200065472002e-10,20,5,External
HON,NCLH,0.4246080422097215,63,0.000582500407186699,20,15,External
HON,NFLX,-0.4838025358945212,63,6.785786020477633e-05,20,1,External
HON,NOW,-0.44029747957741006,63,0.00034208310176871886,20,1,External
HON,NRG,0.43709782386067036,63,0.0003821051339190388,20,7,External
HON,NSC,0.4628979162780194,63,0.00015168143911657153,20,20,Internal
HON,NTRS,0.5353559754178525,63,7.350124755559171e-06,20,5,External
HON,NUE,0.5193135491158335,63,1.526204386768934e-05,20,5,External
HON,NVDA,-0.5215411322038924,63,1.3820047910081823e-05,20,1,External
HON,O,0.44039808403286845,63,0.0003408890973929323,20,15,External
HON,OMC,0.5072817133650397,63,2.5779245261096187e-05,20,5,External
HON,PCAR,0.48698895608448983,63,5.9750363187494275e-05,20,20,Internal
HON,PEG,0.4295655349779731,63,0.0004936890997658634,20,7,External
HON,PFG,0.5643229948845212,63,1.7797150850267672e-06,20,5,External
HON,PH,0.446295116813824,63,0.00027719108277974485,20,15,External
HON,PKG,0.568924319596324,63,1.4030206747076249e-06,20,20,Internal
HON,PNC,0.586463020332475,63,5.478397535426101e-07,20,5,External
HON,PNR,0.4476639526904302,63,0.0002640541596287457,20,20,Internal
HON,PPL,0.40587533724013214,63,0.0010643809396389333,20,7,External
HON,PRU,0.5471628777253654,63,4.189545363070241e-06,20,5,External
HON,PWR,0.5447695727523607,63,4.703300337546061e-06,20,20,Internal
HON,PYPL,-0.4965886525527692,63,4.041254472863903e-05,20,1,External
HON,REG,0.5256129226847669,63,1.1506221923102577e-05,20,15,External
HON,RF,0.6743817826068372,63,1.86640971654845e-09,20,5,External
HON,RJF,0.6286114123223635,63,4.486481066475194e-08,20,5,External
HON,RL,0.6781401568313696,63,1.4018609093412138e-09,20,15,External
HON,RTX,0.4737220274658953,63,0.00010066307493140462,20,15,External
HON,SCHW,0.5565032010615192,63,2.6445814429253783e-06,20,5,External
HON,SLB,0.43467609898147674,63,0.0004151823180198466,20,11,External
HON,SNA,0.5307981081100502,63,9.080265045886842e-06,20,15,External
HON,SNPS,-0.45770268434276773,63,0.00018378493391497046,20,1,External
HON,SPG,0.4428684480993842,63,0.00031273622030122267,20,15,External
HON,STT,0.5032135226208279,63,3.064232307979206e-05,20,5,External
HON,SWK,0.5236937011052558,63,1.2547831783776122e-05,20,5,External
HON,SYF,0.5723269376250606,63,1.1740163996453061e-06,20,5,External
HON,SYY,0.456224515454123,63,0.00019399484273079103,20,15,External
HON,T,0.61311341180116,63,1.1749305518839055e-07,20,5,External
HON,TAP,0.4234943512194905,63,0.000604345999882533,20,5,External
HON,TDG,0.5780028688499916,63,8.682171382832258e-07,20,5,External
HON,TEL,0.4823634590121873,63,7.184202807065242e-05,20,15,External
HON,TFC,0.6443587629731857,63,1.5951875628728842e-08,20,5,External
HON,TMO,-0.4362700506496244,63,0.00039313108808802446,20,1,External
HON,TPR,0.5079074985361602,63,2.5098075110434263e-05,20,15,External
HON,TRV,0.633766108550822,63,3.218762260714868e-08,20,5,External
HON,TT,0.5999970796036249,63,2.550858276376785e-07,20,20,Internal
HON,TTWO,-0.43417561208164035,63,0.0004223349310647431,20,1,External
HON,TXT,0.6552538209431883,63,7.528282833240536e-09,20,5,External
HON,TYL,-0.4042281392741637,63,0.0011204805728821992,20,1,External
HON,UAL,0.5483191969789794,63,3.96055932562226e-06,20,5,External
HON,UNP,0.43850718731306865,63,0.0003639785070616731,20,20,Internal
HON,URI,0.49665029710480524,63,4.030966560584347e-05,20,15,External
HON,USB,0.6916016974396273,63,4.854690254091257e-10,20,5,External
HON,VICI,0.4447890473168617,63,0.0002923326207049482,20,5,External
HON,VMC,0.493881296233579,63,4.517783401916584e-05,20,5,External
HON,VRSN,-0.5295636558175466,63,9.610242330384694e-06,20,1,External
HON,VRTX,-0.5627309149482482,63,1.9307543959895687e-06,20,1,External
HON,VTR,0.4729222475525488,63,0.00010380814560519083,20,15,External
HON,WAB,0.5417178687351651,63,5.443778237419156e-06,20,15,External
HON,WBD,0.5028368223876806,63,3.113314552001582e-05,20,15,External
HON,WELL,0.4648506003556769,63,0.00014100923877853432,20,15,External
HON,WFC,0.6729511799193375,63,2.0789747203378456e-09,20,5,External
HON,WRB,0.6307109299193852,63,3.921803602368705e-08,20,5,External
HON,WY,0.4795446979995806,63,8.027751752899865e-05,20,15,External
HON,XOM,0.48178049271620077,63,7.351650644078211e-05,20,11,External
HON,XYL,0.4961876404451104,63,4.108774631651804e-05,20,20,Internal
HPE,HST,0.5163160075142207,63,1.7423619195536386e-05,5,15,External
HPE,HWM,0.6309761872443594,63,3.855438791106093e-08,5,5,Internal
HPE,IDXX,-0.41932242863756736,63,0.0006929448249904655,5,1,External
HPE,IP,0.5525456231402128,63,3.21925898646464e-06,5,5,Internal
HPE,IR,0.6242761006196148,63,5.9043106777661454e-08,5,15,External
HPE,JBL,0.47196625026434896,63,0.0001076859950186827,5,15,External
HPE,KEY,0.46357904961307134,63,0.00014787739705702214,5,5,Internal
HPE,KIM,0.5090230740165772,63,2.3924978616362046e-05,5,15,External
HPE,L,0.4610724859987071,63,0.00016232319572409364,5,5,Internal
HPE,LUV,0.4894971961771282,63,5.4007758389467585e-05,5,5,Internal
HPE,LVS,0.4395933922821407,63,0.0003505467121006213,5,15,External
HPE,LW,0.40084615731281803,63,0.001244089949716991,5,15,External
HPE,LYB,0.4530001213032585,63,0.00021809202137879814,5,5,Internal
HPE,MET,0.4779184197998271,63,8.555017859413706e-05,5,5,Internal
HPE,MOS,0.45523082953649835,63,0.00020114751947306628,5,5,Internal
HPE,MPC,0.41339895361391127,63,0.0008389925504233554,5,11,External
HPE,MSFT,-0.409800320573593,63,0.0009407728978922938,5,1,External
HPE,MTB,0.4127436999721415,63,0.0008567489241995101,5,5,Internal
HPE,NCLH,0.44682208604585977,63,0.0002720646090777793,5,15,External
HPE,NTAP,0.523320647171284,63,1.2760208603445334e-05,5,5,Internal
HPE,NUE,0.5721768825861957,63,1.183328632001147e-06,5,5,Internal
HPE,NVDA,-0.5059340496899938,63,2.7304757116038325e-05,5,1,External
HPE,NWS,0.4263127162160515,63,0.0005504473984276377,5,15,External
HPE,NWSA,0.41650631796924825,63,0.0007592328182808957,5,15,External
HPE,OMC,0.42956900877118165,63,0.0004936314401033999,5,5,Internal
HPE,PFG,0.4890255599645825,63,5.504705053098076e-05,5,5,Internal
HPE,PRU,0.5340060879625902,63,7.827498693564918e-06,5,5,Internal
HPE,PSKY,0.4492580471627322,63,0.000249473674735113,5,5,Internal
HPE,REG,0.5733536116354498,63,1.1121215024848353e-06,5,15,External
HPE,RF,0.45627660606928055,63,0.00019362639265641595,5,5,Internal
HPE,SLB,0.40700115461719283,63,0.0010275085768963114,5,11,External
HPE,SNA,0.5365924127602931,63,6.936808567341249e-06,5,15,External
HPE,SPG,0.43037324514935843,63,0.0004804458605058354,5,15,External
HPE,STT,0.40513876292996653,63,0.0010891461477547692,5,5,Internal
HPE,SWK,0.5148438069373724,63,1.8586302811013024e-05,5,5,Internal
HPE,SYF,0.4179463808789865,63,0.000724650764038252,5,5,Internal
HPE,TEL,0.4877580508738513,63,5.793229109691689e-05,5,15,External
HPE,TFC,0.4406785433391265,63,0.0003375805520560933,5,5,Internal
HPE,TMO,-0.4853642927284505,63,6.376524796827639e-05,5,1,External
HPE,TRV,0.4178956235558612,63,0.0007258449994334538,5,5,Internal
HPE,TXT,0.51970460127828,63,1.4999191814213503e-05,5,5,Internal
HPE,UAL,0.505344931213471,63,2.799753825826535e-05,5,5,Internal
HPE,USB,0.4160088468516695,63,0.0007715218868524353,5,5,Internal
HPE,VLO,0.41054554762211176,63,0.0009188237757198963,5,11,External
HPE,VRSN,-0.48035448579627127,63,7.77652255581214e-05,5,1,External
HPE,VRTX,-0.4979336107497688,63,3.822216570746919e-05,5,1,External
HPE,VTR,0.45665161610072036,63,0.00019099270645358144,5,15,External
HPE,VTRS,0.4919361100143362,63,4.891652193727684e-05,5,5,Internal
HPE,WAB,0.5216465898400763,63,1.3755026885107909e-05,5,15,External
HPE,WY,0.46162493665037063,63,0.00015903247660339602,5,15,External
HPE,XOM,0.42696404461808835,63,0.0005386293546004685,5,11,External
HPE,ZBRA,0.40171393301446634,63,0.0012112551535172046,5,15,External
HPQ,LW,0.4003351495653934,63,0.001263798022675949,5,15,External
HPQ,NTAP,0.4654757114467515,63,0.00013774123256455006,5,5,Internal
HPQ,OMC,0.4284787856471074,63,0.0005120308825883347,5,5,Internal
HPQ,ON,0.4553952810235257,63,0.00019994734923392253,5,0,External
HPQ,SWK,0.49651129366931057,63,4.054199313591171e-05,5,5,Internal
HPQ,VICI,0.4579226525615132,63,0.0001823083826610774,5,5,Internal
HRL,HSY,0.6703331380232587,63,2.5287578408679434e-09,1,1,Internal
HRL,K,0.5350970544344746,63,7.4395326698454154e-06,1,1,Internal
HRL,KIM,-0.41558108731199794,63,0.0007822324544991796,1,15,External
HRL,KMB,0.4597965367775388,63,0.00017016347222494286,1,1,Internal
HRL,MDLZ,0.49471052625025697,63,4.366581698854458e-05,1,1,Internal
HRL,MET,-0.4125307781376089,63,0.0008625914646758756,1,5,External
HRL,MHK,-0.4437067651407816,63,0.00030367564977184586,1,15,External
HRL,MKC,0.4512581029604801,63,0.00023222171556038182,1,1,Internal
HRL,MRNA,0.4174042088129739,63,0.0007374996362365965,1,1,Internal
HRL,PEP,0.441511599392667,63,0.00032792497221432505,1,1,Internal
HRL,PG,0.43129824470612593,63,0.0004656767185169452,1,1,Internal
HRL,REG,-0.424457470167938,63,0.000585411454575288,1,15,External
HRL,SJM,0.5134402619712017,63,1.9761440194317493e-05,1,1,Internal
HRL,TJX,-0.42426657417082303,63,0.0005891210663986979,1,15,External
HRL,VRSN,0.41159631885824327,63,0.0008886609448812782,1,1,Internal
HSIC,HUBB,0.4381196559690434,63,0.00036888301287769286,20,20,Internal
HSIC,HWM,0.40253328231528385,63,0.001180970888646295,20,5,External
HSIC,LUV,0.44240287266404205,63,0.00031787404485729046,20,5,External
HSIC,LYV,0.4459026113359874,63,0.00028106661650931133,20,15,External
HSIC,MAR,0.42548193287120584,63,0.0005658630189044418,20,15,External
HSIC,MLM,0.5236532201945588,63,1.2570717279858684e-05,20,5,External
HSIC,MMM,0.4792776529748584,63,8.112225268611188e-05,20,20,Internal
HSIC,MSFT,-0.46928118045654743,63,0.000119301076558367,20,1,External
HSIC,PHM,0.4251694939013641,63,0.0005717611375727449,20,15,External
HSIC,PRU,0.4319471766624576,63,0.00045556312794592146,20,5,External
HSIC,PSKY,0.4115558330486416,63,0.0008898063332787768,20,5,External
HSIC,REG,0.41989532348755587,63,0.0006801191482553123,20,15,External
HSIC,SNA,0.4686855355905848,63,0.00012202896055375807,20,15,External
HSIC,SWK,0.42212392977366026,63,0.0006322459782458771,20,5,External
HSIC,TEL,0.4129840998582616,63,0.0008501953911152546,20,15,External
HSIC,VICI,0.4250474936017055,63,0.0005740793227501537,20,5,External
HSIC,VMC,0.4519543125955754,63,0.00022647719451587665,20,5,External
HSIC,VRSN,-0.43342051179621477,63,0.000433338676975365,20,1,External
HSIC,WAT,0.4782612332507428,63,8.441289787208891e-05,20,20,Internal
HSIC,WBD,0.5037021270980782,63,3.0016366701226298e-05,20,15,External
HSIC,WRB,0.46705328805738366,63,0.00012980052623212145,20,5,External
HSIC,WY,0.4123729266327199,63,0.0008669460977873319,20,15,External
HSIC,XYL,0.4186595892864132,63,0.0007080572100285007,20,20,Internal
HST,HSY,-0.4176840916742607,63,0.0007308412014241817,15,1,External
HST,HWM,0.4886804638716113,63,5.581916242700421e-05,15,5,External
HST,IDXX,-0.462667425158233,63,0.00015298889247466964,15,1,External
HST,INCY,-0.451917887375194,63,0.00022677449165332597,15,1,External
HST,INTU,-0.4563306392597408,63,0.00019324487944625315,15,1,External
HST,IP,0.4757583718405999,63,9.304677283375591e-05,15,5,External
HST,IR,0.4864600010989752,63,6.10311638159256e-05,15,15,Internal
HST,IRM,0.4477159614130873,63,0.0002635664301566854,15,15,Internal
HST,IT,0.4452316733023875,63,0.00028780608787527074,15,5,External
HST,JBL,0.47551075423211064,63,9.394371086811217e-05,15,15,Internal
HST,JCI,0.4038299899816172,63,0.0011344342384137843,15,5,External
HST,JKHY,-0.41001809660252225,63,0.0009343103101916018,15,1,External
HST,JNJ,-0.45211145870469727,63,0.00022519867380200068,15,1,External
HST,JPM,0.4534034270021549,63,0.00021493497520979208,15,5,External
HST,KEY,0.5615945482254899,63,2.045809252890303e-06,15,5,External
HST,KIM,0.6445766473990014,63,1.5718710579993486e-08,15,15,Internal
HST,KMB,-0.5471018277514175,63,4.201972067614302e-06,15,1,External
HST,L,0.44597472379874237,63,0.00028035090116115596,15,5,External
HST,LKQ,0.5582383773837692,63,2.4241915356003743e-06,15,15,Internal
HST,LUV,0.5238601731969301,63,1.2454124956355237e-05,15,5,External
HST,LVS,0.4699936357753403,63,0.00011611186464916356,15,15,Internal
HST,LYB,0.44552709983793376,63,0.0002848206006084286,15,5,External
HST,LYV,0.5125862953838644,63,2.0509786706649694e-05,15,15,Internal
HST,MAA,0.482819678458961,63,7.055620754470476e-05,15,15,Internal
HST,MAR,0.7775687366164579,63,1.062951240597435e-13,15,15,Internal
HST,MET,0.6389591660150272,63,2.289183509274864e-08,15,5,External
HST,MGM,0.5998700571370995,63,2.569646052934381e-07,15,15,Internal
HST,MHK,0.6302892545157716,63,4.029528307673094e-08,15,15,Internal
HST,MLM,0.5417839636934768,63,5.426649179333102e-06,15,5,External
HST,MNST,-0.41664220764611737,63,0.0007559068667425058,15,1,External
HST,MOH,-0.41593486258230705,63,0.0007733648184422965,15,1,External
HST,MOS,0.5160236082899831,63,1.764902665284209e-05,15,5,External
HST,MSFT,-0.5360889935261832,63,7.102405712694755e-06,15,1,External
HST,MTB,0.6049051109677215,63,1.91636928093263e-07,15,5,External
HST,NCLH,0.6772900817904357,63,1.4961616607576355e-09,15,15,Internal
HST,NVDA,-0.4834250088980847,63,6.888286776743181e-05,15,1,External
HST,O,0.4701153079764458,63,0.00011557511348947733,15,15,Internal
HST,OMC,0.47471647804449285,63,9.687476230565958e-05,15,5,External
HST,ON,0.42594036941737096,63,0.0005573087188259987,15,0,External
HST,PCAR,0.41305371365777066,63,0.0008483061295132111,15,20,External
HST,PEP,-0.4914699390068852,63,4.985398360652094e-05,15,1,External
HST,PFG,0.5901713370274884,63,4.458599085591115e-07,15,5,External
HST,PH,0.45220391135105187,63,0.0002244495788034442,15,15,Internal
HST,PHM,0.46271134597164965,63,0.00015273895867763836,15,15,Internal
HST,PNC,0.4092066253751205,63,0.0009585965114867768,15,5,External
HST,PODD,-0.40229727093148465,63,0.0011896235029150862,15,1,External
HST,PRU,0.5843897247166329,63,6.140226426903184e-07,15,5,External
HST,PSKY,0.5050967067194596,63,2.82942876291562e-05,15,5,External
HST,RCL,0.6371285504130225,63,2.5832789608719506e-08,15,15,Internal
HST,REG,0.667643967545695,63,3.085980282277588e-09,15,15,Internal
HST,REGN,-0.4724738446764635,63,0.00010561074139212564,15,1,External
HST,RF,0.554162364120362,63,2.9716745544499584e-06,15,5,External
HST,RJF,0.44290961735797735,63,0.0003122855656508537,15,5,External
HST,RL,0.4742683878475612,63,9.856520303613089e-05,15,15,Internal
HST,RMD,-0.5245341709733626,63,1.2081342978076299e-05,15,1,External
HST,RTX,0.5822957608655286,63,6.884328635694089e-07,15,15,Internal
HST,SNA,0.6809614440168106,63,1.127702743924804e-09,15,15,Internal
HST,SPG,0.5703275602471146,63,1.3039276747879775e-06,15,15,Internal
HST,STZ,0.4285685866650935,63,0.000510492117496841,15,15,Internal
HST,SWK,0.4199129463879596,63,0.0006797280475318746,15,5,External
HST,SYF,0.6198273126161278,63,7.792416096169228e-08,15,5,External
HST,SYY,0.5636762748678327,63,1.8396831719354295e-06,15,15,Internal
HST,TDG,0.4031733855154205,63,0.0011577880613236392,15,5,External
HST,TECH,-0.5205457358917384,63,1.4447998194977825e-05,15,1,External
HST,TEL,0.4854582021078549,63,6.352656671596673e-05,15,15,Internal
HST,TFC,0.5598495416772973,63,2.235044727345031e-06,15,5,External
HST,TPR,0.5403709009342308,63,5.804035170171143e-06,15,15,Internal
HST,TRMB,0.43825113282007455,63,0.0003672123652347632,15,5,External
HST,TRV,0.43030010882739134,63,0.0004816315716220259,15,5,External
HST,TSN,0.40697756339306573,63,0.0010282692575553805,15,5,External
HST,TXT,0.5722927340302335,63,1.1761329686598198e-06,15,5,External
HST,UAL,0.6169381747731242,63,9.309536510013552e-08,15,5,External
HST,UDR,0.516517344204966,63,1.7269967828111883e-05,15,15,Internal
HST,URI,0.4417995830184931,63,0.0003246461155085691,15,15,Internal
HST,USB,0.5641261491233787,63,1.7977713198389243e-06,15,5,External
HST,VICI,0.4314125827746536,63,0.00046388008010576833,15,5,External
HST,VMC,0.43695006183330953,63,0.00038405243608046104,15,5,External
HST,VRSN,-0.4959510418095842,63,4.149099450180414e-05,15,1,External
HST,VRTX,-0.6736091388984025,63,1.9785076545577037e-09,15,1,External
HST,VTR,0.5819033408944777,63,7.032873209344755e-07,15,15,Internal
HST,VTRS,0.4460597239848704,63,0.0002795094123832427,15,5,External
HST,WAB,0.684161688455336,63,8.784526010479868e-10,15,15,Internal
HST,WBD,0.5263514803650864,63,1.1127268193734336e-05,15,15,Internal
HST,WDC,0.40098944354622806,63,0.0012386136912921944,15,0,External
HST,WELL,0.5520499928683642,63,3.2989366270837494e-06,15,15,Internal
HST,WFC,0.5854467520550711,63,5.793954349608293e-07,15,5,External
HST,WRB,0.4859754065960858,63,6.22267348110186e-05,15,5,External
HST,WY,0.5216140023745027,63,1.3775088617087738e-05,15,15,Internal
HST,WYNN,0.4346993761224848,63,0.00041485235608957,15,15,Internal
HSY,K,0.619998995111367,63,7.710040889103237e-08,1,1,Internal
HSY,KMB,0.4139339498997317,63,0.0008247423826320276,1,1,Internal
HSY,LKQ,-0.4459661745420153,63,0.00028043566539494313,1,15,External
HSY,LVS,-0.4466220095672335,63,0.0002740007117717068,1,15,External
HSY,MDLZ,0.5937494249756711,63,3.646022571020219e-07,1,1,Internal
HSY,MGM,-0.4251632412771133,63,0.000571879739801987,1,15,External
HSY,MHK,-0.41704525575285717,63,0.0007461195091129677,1,15,External
HSY,PEP,0.4365644129959605,63,0.00038917741377453356,1,1,Internal
HSY,PG,0.4406289573909478,63,0.0003381633726210384,1,1,Internal
HSY,SJM,0.42411559437352664,63,0.0005920700894259352,1,1,Internal
HSY,TJX,-0.40582123344164034,63,0.00106618259825701,1,15,External
HSY,WYNN,-0.44768614196306505,63,0.0002638459714257733,1,15,External
HUBB,IP,0.5030136732829212,63,3.090181777471915e-05,20,5,External
HUBB,ITW,0.5269650086205133,63,1.0821329312181169e-05,20,20,Internal
HUBB,J,0.4551493106364319,63,0.00020174488756011637,20,20,Internal
HUBB,JCI,0.5124759968492671,63,2.060833770861632e-05,20,5,External
HUBB,JPM,0.45030028284747453,63,0.00024034266713608772,20,5,External
HUBB,KIM,0.44778946230663613,63,0.0002628785539102666,20,15,External
HUBB,LKQ,0.48253332016859657,63,7.136078434762524e-05,20,15,External
HUBB,LUV,0.43925946215770645,63,0.00035462712647750397,20,5,External
HUBB,MLM,0.4423272952908092,63,0.0003187152999957527,20,5,External
HUBB,MMM,0.4788680594272602,63,8.243382725171409e-05,20,20,Internal
HUBB,MOS,0.41511814449649004,63,0.0007939753612232436,20,5,External
HUBB,MSFT,-0.4845743798125945,63,6.58058857246283e-05,20,1,External
HUBB,MTB,0.43247518386292766,63,0.0004474819751952443,20,5,External
HUBB,OMC,0.40423396859159266,63,0.0011202774305011044,20,5,External
HUBB,PCAR,0.40435876393569636,63,0.0011159364642841937,20,20,Internal
HUBB,PFG,0.4443987162098432,63,0.00029637817854144766,20,5,External
HUBB,PKG,0.4463090962187937,63,0.0002770539568106541,20,20,Internal
HUBB,PWR,0.4813882662134675,63,7.46632758630811e-05,20,20,Internal
HUBB,PYPL,-0.42645968423821806,63,0.0005477603577574432,20,1,External
HUBB,REG,0.43013255787828947,63,0.0004843579973428685,20,15,External
HUBB,RF,0.43811865791138666,63,0.00036889572141738844,20,5,External
HUBB,RJF,0.5400108650559294,63,5.904027778743122e-06,20,5,External
HUBB,RL,0.5292984869313798,63,9.727778747246384e-06,20,15,External
HUBB,SCHW,0.4935798143468439,63,4.5739444308212465e-05,20,5,External
HUBB,SNA,0.4952589397933754,63,4.269168401230582e-05,20,15,External
HUBB,STT,0.48732891891472413,63,5.894032520320586e-05,20,5,External
HUBB,SWK,0.44204878089015015,63,0.00032183301776014296,20,5,External
HUBB,SYF,0.49414617749118706,63,4.468967052322961e-05,20,5,External
HUBB,T,0.4331820360484044,63,0.0004368676901600783,20,5,External
HUBB,TEL,0.4422356405196859,63,0.00031973823795098305,20,15,External
HUBB,TFC,0.41884397794153033,63,0.0007038235650407505,20,5,External
HUBB,TPR,0.4448160237787045,63,0.0002920548961259725,20,15,External
HUBB,TRV,0.40815127578560706,63,0.0009910336449973647,20,5,External
HUBB,TT,0.5347514596508733,63,7.560449194676061e-06,20,20,Internal
HUBB,TXT,0.4596641176338302,63,0.00017099671338282935,20,5,External
HUBB,USB,0.4681737624318703,63,0.00012441837696752843,20,5,External
HUBB,VICI,0.41652463191984124,63,0.000758783806682276,20,5,External
HUBB,VRSN,-0.41571692797072357,63,0.0007788166885311688,20,1,External
HUBB,WAB,0.5260114690980574,63,1.1300262242904472e-05,20,15,External
HUBB,WELL,0.41406173001603463,63,0.0008213713680454575,20,15,External
HUBB,WFC,0.4495410373255984,63,0.0002469635524076405,20,5,External
HUBB,WRB,0.4022689734457368,63,0.0011906647639773555,20,5,External
HUBB,XYL,0.4457474287796681,63,0.00028261246303416153,20,20,Internal
HUBB,YUM,0.4053134080601297,63,0.0010832276915054913,20,7,External
HUM,HWM,-0.4215479014681412,63,0.000644317773435146,1,5,External
HUM,J,-0.43460117240671636,63,0.00041624605190101956,1,20,External
HUM,JPM,-0.427767791863906,63,0.0005243634865595111,1,5,External
HUM,KEY,-0.4370718342702361,63,0.00038244698821255507,1,5,External
HUM,KIM,-0.4070690090099381,63,0.0010253234931735136,1,15,External
HUM,MOH,0.5287812772251167,63,9.960891682582409e-06,1,1,Internal
HUM,NTRS,-0.4740888126355805,63,9.925024265273149e-05,1,5,External
HUM,NVDA,0.40879143139154067,63,0.000971241756690952,1,1,Internal
HUM,ORLY,0.4255133114311466,63,0.0005652737266426184,1,1,Internal
HUM,OXY,-0.40246861801918843,63,0.0011833359473617103,1,11,External
HUM,TAP,-0.4290706578036482,63,0.0005019661219175951,1,5,External
HUM,TFC,-0.4459272575932172,63,0.0002808218152479352,1,5,External
HUM,TXT,-0.4211462563445523,63,0.0006528582367911084,1,5,External
HUM,UNH,0.5174684383159,63,1.6560994569479762e-05,1,1,Internal
HUM,UNP,-0.478129227613906,63,8.484916696678049e-05,1,20,External
HUM,USB,-0.4227695918709852,63,0.0006189588618038124,1,5,External
HUM,XOM,-0.5048919877360383,63,2.8541216111215288e-05,1,11,External
HWM,INCY,-0.4116170985009016,63,0.00088807358315066,5,1,External
HWM,INTU,-0.463724066918389,63,0.0001470788814652406,5,1,External
HWM,IP,0.6071380029189802,63,1.6798723618580956e-07,5,5,Internal
HWM,IR,0.544204232996123,63,4.832956858950115e-06,5,15,External
HWM,IT,0.446156617241352,63,0.00027855299745996266,5,5,Internal
HWM,JBL,0.4741040902175722,63,9.919179206324176e-05,5,15,External
HWM,JKHY,-0.40159211085422153,63,0.001215817073448185,5,1,External
HWM,JPM,0.44640071534790915,63,0.00027615678410417975,5,5,Internal
HWM,KEY,0.5187223366881635,63,1.566757222572066e-05,5,5,Internal
HWM,KIM,0.5505976545232932,63,3.5431544189995826e-06,5,15,External
HWM,KMB,-0.40045627836987996,63,0.0012591012086830076,5,1,External
HWM,L,0.506945806360368,63,2.615190917906278e-05,5,5,Internal
HWM,LUV,0.500123045648934,63,3.48900259871261e-05,5,5,Internal
HWM,LYB,0.4413255535942571,63,0.0003300592362074115,5,5,Internal
HWM,MAR,0.422651923264889,63,0.0006213613393499976,5,15,External
HWM,MET,0.46372236779066406,63,0.0001470882145021559,5,5,Internal
HWM,MGM,0.43486200438916073,63,0.00041255369180536995,5,15,External
HWM,MLM,0.5650579295012369,63,1.7137904360439903e-06,5,5,Internal
HWM,MOH,-0.49166401781174085,63,4.9461696561614533e-05,5,1,External
HWM,MOS,0.5054972415327714,63,2.7816883136871693e-05,5,5,Internal
HWM,MPC,0.41817386638486187,63,0.0007193202295505776,5,11,External
HWM,MSFT,-0.45578157978506145,63,0.00019715387597957082,5,1,External
HWM,MTB,0.5062718286644451,63,2.691474005933188e-05,5,5,Internal
HWM,NCLH,0.4441269476405735,63,0.000299225007322546,5,15,External
HWM,NFLX,-0.4374711841216827,63,0.00037722475612543706,5,1,External
HWM,NSC,0.4891199057005368,63,5.48376858334404e-05,5,20,External
HWM,NUE,0.613262169711174,63,1.1644095912018535e-07,5,5,Internal
HWM,NVDA,-0.5275172183618718,63,1.0552676546487818e-05,5,1,External
HWM,NWS,0.4424049375972368,63,0.00031785108844617065,5,15,External
HWM,NWSA,0.4275255167856681,63,0.0005286271174109258,5,15,External
HWM,OMC,0.5067031102267082,63,2.6424262164161653e-05,5,5,Internal
HWM,ORLY,-0.4145454539835562,63,0.0008087226094621577,5,1,External
HWM,OXY,0.4205360366497335,63,0.0006660302212542759,5,11,External
HWM,PEP,-0.4152008088145755,63,0.0007918668943583553,5,1,External
HWM,PFG,0.5244499844727971,63,1.212733196154536e-05,5,5,Internal
HWM,PNC,0.42046609208904356,63,0.0006675552997683385,5,5,Internal
HWM,PRU,0.5056785988019721,63,2.7603184046837974e-05,5,5,Internal
HWM,PWR,0.4150146136372704,63,0.000796623219215387,5,20,External
HWM,REG,0.5802911424208701,63,7.675295220051195e-07,5,15,External
HWM,RF,0.5204853836307333,63,1.448691131796675e-05,5,5,Internal
HWM,RJF,0.4130781695592813,63,0.0008476433175132112,5,5,Internal
HWM,RL,0.41237736544133496,63,0.0008668233739030696,5,15,External
HWM,RTX,0.40847798774402166,63,0.0009808875779577732,5,15,External
HWM,SCHW,0.42845774842891143,63,0.0005123919696717573,5,5,Internal
HWM,SLB,0.47909454380802835,63,8.170619932795058e-05,5,11,External
HWM,SNA,0.5279214819803946,63,1.0359948914246845e-05,5,15,External
HWM,SPG,0.4377215634389097,63,0.00037398380110474383,5,15,External
HWM,SWK,0.4610385787817329,63,0.0001625271861914562,5,5,Internal
HWM,SYF,0.5217608960786044,63,1.368487131436558e-05,5,5,Internal
HWM,TDG,0.41224251590933025,63,0.0008705586985624256,5,5,Internal
HWM,TEL,0.5351581121630723,63,7.418358016230999e-06,5,15,External
HWM,TFC,0.5039746731820799,63,2.9672370768128052e-05,5,5,Internal
HWM,TMO,-0.41471418301535456,63,0.0008043521698253459,5,1,External
HWM,TXT,0.6065981397930102,63,1.7343907253780387e-07,5,5,Internal
HWM,UAL,0.4870348045315383,63,5.9640522937656046e-05,5,5,Internal
HWM,USB,0.5220245931221311,63,1.3524293508812244e-05,5,5,Internal
HWM,VLO,0.40259577581745215,63,0.0011786892706891123,5,11,External
HWM,VMC,0.48349505697773226,63,6.869161127324713e-05,5,5,Internal
HWM,VRSN,-0.4485640554361221,63,0.0002557283994089006,5,1,External
HWM,VRTX,-0.5996416475453609,63,2.6037579125109004e-07,5,1,External
HWM,VTR,0.4223661013651715,63,0.0006272323080765124,5,15,External
HWM,WAB,0.5818363856778398,63,7.058516590299983e-07,5,15,External
HWM,WBD,0.4652646251509859,63,0.00013883690971709322,5,15,External
HWM,WFC,0.46964584411093263,63,0.00011765878893426302,5,5,Internal
HWM,WMT,-0.4487052692733758,63,0.0002544441911555654,5,1,External
HWM,WRB,0.4101359556796838,63,0.0009308295374128524,5,5,Internal
HWM,WY,0.40679704532911587,63,0.0010341067547749152,5,15,External
HWM,XOM,0.49781683433415297,63,3.840790041537326e-05,5,11,External
IBM,IP,0.4378313089553393,63,0.0003725712474784536,5,5,Internal
IBM,MMM,0.4007388209931214,63,0.001248206501516612,5,20,External
IBM,MSFT,-0.40646199930665833,63,0.0010450205632152115,5,1,External
IBM,PNC,0.43071788580869774,63,0.000474894057005031,5,5,Internal
IBM,TAP,0.403154638850848,63,0.0011584611464220994,5,5,Internal
IBM,WFC,0.41217733042044735,63,0.0008723695421866473,5,5,Internal
ICE,MCO,0.46973029191398946,63,0.00011728144692780442,1,1,Internal
ICE,MHK,-0.431480830119472,63,0.00046281068897713947,1,15,External
ICE,MSCI,0.460680011711187,63,0.00016469880616057242,1,1,Internal
ICE,NDAQ,0.653151527145528,63,8.722632056334603e-09,1,1,Internal
ICE,PSKY,-0.40798681622983635,63,0.0009961766949857414,1,5,External
ICE,REGN,0.4127574471603717,63,0.000856372935488803,1,1,Internal
ICE,RMD,0.46637959098082726,63,0.00013313867798117441,1,1,Internal
ICE,SPGI,0.42987143933300215,63,0.0004886349485721918,1,1,Internal
ICE,TMO,0.4636243696092916,63,0.0001476274231866874,1,1,Internal
IDXX,INTU,0.5545686133711966,63,2.9123230633342066e-06,1,1,Internal
IDXX,IP,-0.5344245704808807,63,7.676503614157161e-06,1,5,External
IDXX,JBL,-0.4280291466930343,63,0.0005197991206912881,1,15,External
IDXX,KEY,-0.4950433448095166,63,4.307221825704166e-05,1,5,External
IDXX,KIM,-0.43261753722126656,63,0.0004453256844952973,1,15,External
IDXX,L,-0.4737397201352899,63,0.0001005945015224075,1,5,External
IDXX,LVS,-0.41000366356641704,63,0.0009347373726968913,1,15,External
IDXX,LW,-0.5126731628112237,63,2.043247919696866e-05,1,15,External
IDXX,LYB,-0.450512714499682,63,0.00023851946562945044,1,5,External
IDXX,MET,-0.4426099198106903,63,0.00031557975847936414,1,5,External
IDXX,MHK,-0.4281348127140998,63,0.0005179640094165321,1,15,External
IDXX,MO,-0.523777713706093,63,1.2500459623823036e-05,1,15,External
IDXX,MSCI,0.41920939130359713,63,0.0006955011729048714,1,1,Internal
IDXX,MSFT,0.5483143125289717,63,3.961501523066985e-06,1,1,Internal
IDXX,MTB,-0.4503802375482896,63,0.00023965496335059461,1,5,External
IDXX,NCLH,-0.43707338568859827,63,0.0003824265738033405,1,15,External
IDXX,NOW,0.4645536391615579,63,0.00014258651512472032,1,1,Internal
IDXX,OXY,-0.40296732339420893,63,0.001165205948067484,1,11,External
IDXX,PFG,-0.4232799890040934,63,0.0006086351199974938,1,5,External
IDXX,PKG,-0.4074342435959739,63,0.001013633841052735,1,20,External
IDXX,PRU,-0.4750021315383065,63,9.581108671624641e-05,1,5,External
IDXX,PWR,-0.43930343477411365,63,0.00035408734562227716,1,20,External
IDXX,PYPL,0.4351491256577144,63,0.0004085236665233564,1,1,Internal
IDXX,REG,-0.4568729303077168,63,0.00018945385727598275,1,15,External
IDXX,RF,-0.42658981551829256,63,0.0005453910914201913,1,5,External
IDXX,RL,-0.4083410905800259,63,0.000985127466061642,1,15,External
IDXX,SWK,-0.40910032265648993,63,0.000961819859562026,1,5,External
IDXX,TECH,0.4316073392459465,63,0.0004608343005639084,1,1,Internal
IDXX,TFC,-0.40405645931421164,63,0.001126478247069146,1,5,External
IDXX,TMO,0.5125564583791238,63,2.0536402642455176e-05,1,1,Internal
IDXX,TRV,-0.4286728201751311,63,0.0005087113161126617,1,5,External
IDXX,TXT,-0.5469063349476131,63,4.241996483952291e-06,1,5,External
IDXX,UAL,-0.5488556358582366,63,3.858345728942924e-06,1,5,External
IDXX,UHS,-0.43339186920451755,63,0.000433761161165534,1,15,External
IDXX,VRSN,0.4229800250466962,63,0.0006146833708326273,1,1,Internal
IDXX,VRTX,0.4750051368315671,63,9.57999533805636e-05,1,1,Internal
IDXX,VTR,-0.42819227781621455,63,0.0005169684799779815,1,15,External
IDXX,WAB,-0.4035671795404088,63,0.0011437303439378983,1,15,External
IDXX,WBD,-0.4218715370275992,63,0.0006375098937310658,1,15,External
IDXX,WELL,-0.4732460847633543,63,0.0001025239516544548,1,15,External
IDXX,WFC,-0.4161457793418906,63,0.0007681214079900066,1,5,External
IDXX,WY,-0.40292455965773866,63,0.0011667507223884052,1,15,External
IDXX,WYNN,-0.4398838760786854,63,0.0003470320370046174,1,15,External
IDXX,XOM,-0.4655169407324501,63,0.00013752815413553142,1,11,External
IDXX,ZTS,0.4056706201607459,63,0.001071212514972432,1,1,Internal
IEX,ITW,0.6206546464870782,63,7.402949390863146e-08,20,20,Internal
IEX,META,-0.5599462267510865,63,2.2241452635733477e-06,20,1,External
IEX,MMM,0.4092933700050856,63,0.0009559734385002258,20,20,Internal
IEX,NFLX,-0.46138891451853065,63,0.00016043080438562558,20,1,External
IEX,NSC,0.42446639127587055,63,0.0005852386134120024,20,20,Internal
IEX,NTRS,0.42088215899033515,63,0.0006585296948503955,20,5,External
IEX,NUE,0.4026652250059022,63,0.0011761583600236102,20,5,External
IEX,NVR,0.43578107401952165,63,0.00039977959622874515,20,15,External
IEX,PCAR,0.5084656818080061,63,2.4504604833203847e-05,20,20,Internal
IEX,PNR,0.4895395410495396,63,5.3915339535047784e-05,20,20,Internal
IEX,PWR,0.4222143282753782,63,0.0006303702271696739,20,20,Internal
IEX,ROK,0.47208196730715446,63,0.00010720962410093999,20,20,Internal
IEX,RSG,0.4130224436343535,63,0.0008491543024852717,20,7,External
IEX,SWK,0.4886115914470513,63,5.597444793258863e-05,20,5,External
IEX,TXT,0.43561752131184994,63,0.00040202612844847244,20,5,External
IEX,WM,0.4659402025683142,63,0.00013535811081359273,20,7,External
IEX,XYL,0.4781094419491638,63,8.491473577870904e-05,20,20,Internal
IFF,LEN,0.5375206061813034,63,6.640878601564873e-06,15,15,Internal
IFF,MAA,0.4855446494304867,63,6.330757981753235e-05,15,15,Internal
IFF,MAS,0.48331522624177964,63,6.918360182780125e-05,15,15,Internal
IFF,NVR,0.4317823714673356,63,0.000458112513234202,15,15,Internal
IFF,O,0.4105316210521178,63,0.0009192296771893054,15,15,Internal
IFF,PHM,0.570469966285619,63,1.2942465906710473e-06,15,15,Internal
IFF,RL,0.4245654819031819,63,0.0005833219020118164,15,15,Internal
IFF,RTX,0.4217802932345057,63,0.0006394226341397059,15,15,Internal
IFF,SNA,0.43340103545060765,63,0.0004336259163735829,15,15,Internal
IFF,STZ,0.5365187246224405,63,6.960821001988979e-06,15,15,Internal
IFF,UDR,0.44042424694031296,63,0.00034057921115139924,15,15,Internal
IFF,WAB,0.40374291602262496,63,0.0011375066423350364,15,15,Internal
IFF,WELL,0.4377025902276365,63,0.00037422850263310793,15,15,Internal
IFF,WY,0.41666520489231856,63,0.0007553453066202867,15,15,Internal
IFF,YUM,0.5642850330942641,63,1.7831839691288095e-06,15,7,External
INCY,IP,-0.47133766250943776,63,0.00011030786647259421,1,5,External
INCY,JCI,-0.402530492149964,63,0.0011810728493770403,1,5,External
INCY,KIM,-0.5255936800661339,63,1.15162538752787e-05,1,15,External
INCY,LYB,-0.4224694482614262,63,0.0006251037156232345,1,5,External
INCY,MET,-0.40060323597582415,63,0.0012534239629660767,1,5,External
INCY,O,-0.4390071347749424,63,0.0003577390671107443,1,15,External
INCY,OMC,-0.4919701342057249,63,4.884874155428066e-05,1,5,External
INCY,ON,-0.45495773646543075,63,0.00020315513572418867,1,0,External
INCY,PFG,-0.4989647074931518,63,3.6617871897583624e-05,1,5,External
INCY,REG,-0.4972058439588531,63,3.9393373638386595e-05,1,15,External
INCY,REGN,0.5565151588635624,63,2.643000519314539e-06,1,1,Internal
INCY,SJM,0.4712854562941435,63,0.00011052823921344267,1,1,Internal
INCY,SPG,-0.418779660789786,63,0.0007052977047342634,1,15,External
INCY,SWK,-0.4319471803916105,63,0.00045556307040560135,1,5,External
INCY,UAL,-0.499746328877472,63,3.544350093742113e-05,1,5,External
INCY,VICI,-0.43381635176222827,63,0.0004275381664867858,1,5,External
INCY,VRTX,0.5566985266172829,63,2.61886814016916e-06,1,1,Internal
INCY,VTR,-0.5076199831370023,63,2.5408938430052885e-05,1,15,External
INCY,WAB,-0.4101824443751879,63,0.0009294597937677537,1,15,External
INCY,WELL,-0.4790793338505419,63,8.17548785617378e-05,1,15,External
INCY,WMT,0.48172249683246726,63,7.368504255887602e-05,1,1,Internal
INTC,JPM,-0.4711393194203629,63,0.0001111472656173241,0,5,External
INTC,KEYS,0.4809149306741489,63,7.606912923312266e-05,0,0,Internal
INTC,KLAC,0.47520260042706164,63,9.5071037681455e-05,0,0,Internal
INTC,LRCX,0.5735218781691064,63,1.102273848570144e-06,0,0,Internal
INTC,MAA,-0.5727675732230371,63,1.147066546805971e-06,0,15,External
INTC,MET,-0.42672439206034246,63,0.0005429506804053158,0,5,External
INTC,MPWR,0.4770949905769839,63,8.833977957681823e-05,0,0,Internal
INTC,MSFT,0.4651009722822499,63,0.0001396918750883804,0,1,External
INTC,MU,0.5913532985813184,63,4.1730233234552374e-07,0,0,Internal
INTC,NVDA,0.5147681425027978,63,1.8647962213956227e-05,0,1,External
INTC,O,-0.4976116429270474,63,3.873628393222128e-05,0,15,External
INTC,PFG,-0.4317416318037364,63,0.0004587447149827124,0,5,External
INTC,PLD,-0.5034879605456551,63,3.028926564616234e-05,0,7,External
INTC,PNC,-0.42525668314092524,63,0.0005701096218720628,0,5,External
INTC,QCOM,0.5852767638553762,63,5.848374598947531e-07,0,0,Internal
INTC,RCL,-0.45735397195894234,63,0.0001861481519679857,0,15,External
INTC,REG,-0.47497124982557376,63,9.592555933899208e-05,0,15,External
INTC,SNPS,0.46447733732303353,63,0.0001429943899767302,0,1,External
INTC,SWKS,0.5245019382952147,63,1.2098931693264297e-05,0,0,Internal
INTC,TDG,-0.4210103382826874,63,0.0006557715081402081,0,5,External
INTC,TER,0.48582177499124357,63,6.261025505695396e-05,0,0,Internal
INTC,TFC,-0.5176521543918643,63,1.6427200998202346e-05,0,5,External
INTC,TRV,-0.43010836030345345,63,0.00048475290262016494,0,5,External
INTC,TXN,0.6275059278628923,63,4.813840031621814e-08,0,0,Internal
INTC,UAL,-0.41963500655504204,63,0.000685920092679866,0,5,External
INTC,UDR,-0.5490420063938217,63,3.8234149314008835e-06,0,15,External
INTC,WFC,-0.4295432476186109,63,0.0004940591815116394,0,5,External
INTU,IP,-0.5518474191782917,63,3.3320298130371607e-06,1,5,External
INTU,JBL,-0.4610672804733792,63,0.0001623544976175221,1,15,External
INTU,JKHY,0.5199623750951278,63,1.4828231485876062e-05,1,1,Internal
INTU,JPM,-0.48348173826145086,63,6.872793843038309e-05,1,5,External
INTU,KEY,-0.5823676239209191,63,6.857447071177989e-07,1,5,External
INTU,KIM,-0.4606838813391014,63,0.00016467522889710603,1,15,External
INTU,L,-0.46134247036527093,63,0.0001607072896291761,1,5,External
INTU,LUV,-0.599513715842463,63,2.623049587895054e-07,1,5,External
INTU,LVS,-0.444319235326842,63,0.00029720818789366073,1,15,External
INTU,LW,-0.44424868964254777,63,0.00029794666459750295,1,15,External
INTU,LYB,-0.4867585044295293,63,6.030529424465929e-05,1,5,External
INTU,LYV,-0.41266911955074087,63,0.0008587913168474541,1,15,External
INTU,MAR,-0.41032452518339996,63,0.0009252847957444637,1,15,External
INTU,MET,-0.46320720943670296,63,0.0001499430870494125,1,5,External
INTU,MGM,-0.4392754724393285,63,0.00035443050733248514,1,15,External
INTU,MHK,-0.41110750130247276,63,0.0009025795824481282,1,15,External
INTU,MLM,-0.44253641616736183,63,0.00031639251608338694,1,5,External
INTU,MMM,-0.41574366182520966,63,0.0007781460465717464,1,20,External
INTU,MO,-0.47540903115931377,63,9.431447957109526e-05,1,15,External
INTU,MS,-0.4911790693800001,63,5.04472950299155e-05,1,5,External
INTU,MSCI,0.4678412929783094,63,0.000125993590607584,1,1,Internal
INTU,MSFT,0.5880280232575155,63,5.023855222166381e-07,1,1,Internal
INTU,MTB,-0.5027462088199615,63,3.1252291760162496e-05,1,5,External
INTU,NCLH,-0.46901613978617085,63,0.00012050789324584582,1,15,External
INTU,NSC,-0.42100592515300306,63,0.0006558662964319193,1,20,External
INTU,NUE,-0.4136884582729728,63,0.0008312539080197127,1,5,External
INTU,NVDA,0.5586388806697439,63,2.375823237287718e-06,1,1,Internal
INTU,OXY,-0.4005506070368871,63,0.0012554544639330426,1,11,External
INTU,PCAR,-0.46431278312213353,63,0.00014387766865402507,1,20,External
INTU,PFG,-0.47580355206061103,63,9.288397047928713e-05,1,5,External
INTU,PRU,-0.40573933514822197,63,0.001068915045609496,1,5,External
INTU,PWR,-0.46425660299111193,63,0.0001441803716945809,1,20,External
INTU,PYPL,0.4603801164279441,63,0.0001665354807760144,1,1,Internal
INTU,RCL,-0.4424624023639741,63,0.0003172128436821423,1,15,External
INTU,REG,-0.446727382012692,63,0.0002729794794778189,1,15,External
INTU,RF,-0.5328566101397811,63,8.256605023361675e-06,1,5,External
INTU,RJF,-0.446778508332803,63,0.0002724852349407466,1,5,External
INTU,RMD,0.43874459316172043,63,0.0003610033779880373,1,1,Internal
INTU,SCHW,-0.5018421562972293,63,3.246435080618501e-05,1,5,External
INTU,SLB,-0.4603631141248155,63,0.00016664016973148737,1,11,External
INTU,SNPS,0.5255667552832364,63,1.1530304503966378e-05,1,1,Internal
INTU,SPG,-0.43710644065154974,63,0.0003819918543347619,1,15,External
INTU,STT,-0.4509850188771406,63,0.00023451112213693315,1,5,External
INTU,SYF,-0.4240699318826799,63,0.0005929646288485982,1,5,External
INTU,TDG,-0.5456021792123268,63,4.518247827042749e-06,1,5,External
INTU,TFC,-0.49022506043728015,63,5.24393440786719e-05,1,5,External
INTU,TMO,0.5792215482561801,63,8.131459866554199e-07,1,1,Internal
INTU,TRV,-0.4339803111593002,63,0.00042515631886202093,1,5,External
INTU,TSN,-0.43508988333408566,63,0.0004093522439425529,1,5,External
INTU,TXT,-0.5781236316335719,63,8.626076794283238e-07,1,5,External
INTU,UAL,-0.6342798941088326,63,3.1129217744419836e-08,1,5,External
INTU,UNP,-0.4714511957970158,63,0.00010983001367070607,1,20,External
INTU,URI,-0.4138524275296603,63,0.0008268995848023616,1,15,External
INTU,USB,-0.46445210231000245,63,0.0001431295202844067,1,5,External
INTU,VRSN,0.6073357227633237,63,1.6603124869581198e-07,1,1,Internal
INTU,VRTX,0.5147333989417784,63,1.8676338504894896e-05,1,1,Internal
INTU,VTR,-0.4863704025194553,63,6.125060805104964e-05,1,15,External
INTU,WAB,-0.5521163893893005,63,3.288156844180857e-06,1,15,External
INTU,WFC,-0.5117950767739168,63,2.1226527817372538e-05,1,5,External
INTU,WY,-0.41663125658792044,63,0.0007561744088038809,1,15,External
INTU,WYNN,-0.40388329216254726,63,0.0011325571622914478,1,15,External
INTU,XOM,-0.42036548455017714,63,0.0006697545060240737,1,11,External
INVH,MAA,0.5130877172779515,63,2.00672566508882e-05,15,15,Internal
INVH,O,0.5205715618727826,63,1.443137615493192e-05,15,15,Internal
INVH,PAYC,0.525359644429073,63,1.1638918972931458e-05,15,15,Internal
INVH,REG,0.5261103990359219,63,1.1249671466001538e-05,15,15,Internal
INVH,TRMB,0.43878947909109417,63,0.00036044337244737834,15,5,External
INVH,UDR,0.5200094401746543,63,1.4797213185677015e-05,15,15,Internal
INVH,VICI,0.44452085851924816,63,0.00029510678403895247,15,5,External
IP,IR,0.5309268371800849,63,9.026594310946582e-06,5,15,External
IP,IT,0.42262812586837406,63,0.000621848245064911,5,5,Internal
IP,J,0.45921379536501483,63,0.00017385840673069889,5,20,External
IP,JBL,0.46487084022567526,63,0.00014090232204617815,5,15,External
IP,JCI,0.4903419162193747,63,5.219149523382101e-05,5,5,Internal
IP,JKHY,-0.5330540596862487,63,8.181371196977874e-06,5,1,External
IP,JPM,0.6202508642933399,63,7.590676558204162e-08,5,5,Internal
IP,KEY,0.6581108308823486,63,6.151489372920538e-09,5,5,Internal
IP,KIM,0.6531437229108387,63,8.727382886746034e-09,5,15,External
IP,L,0.5522992153734992,63,3.2586440408939142e-06,5,5,Internal
IP,LKQ,0.5054954401783633,63,2.7819013396703888e-05,5,15,External
IP,LUV,0.4748971461186782,63,9.620076111746713e-05,5,5,Internal
IP,LVS,0.45849795654938164,63,0.00017849784811740308,5,15,External
IP,LYB,0.6228351561235634,63,6.462585943462758e-08,5,5,Internal
IP,MAR,0.44536130008445796,63,0.00028649262054436395,5,15,External
IP,MCHP,0.4400103189055154,63,0.0003455122149266691,5,0,External
IP,MET,0.643900808057702,63,1.645265667044423e-08,5,5,Internal
IP,MGM,0.5015290571757933,63,3.28941657899453e-05,5,15,External
IP,MHK,0.5391789952618213,63,6.141238671401671e-06,5,15,External
IP,MLM,0.5497236588381982,63,3.6981547230012267e-06,5,5,Internal
IP,MMM,0.5021521206045697,63,3.2043965364300364e-05,5,20,External
IP,MOS,0.49753280394327964,63,3.8863145036338046e-05,5,5,Internal
IP,MPC,0.4184505265774139,63,0.000712885267192081,5,11,External
IP,MS,0.5234154620780131,63,1.270591672988574e-05,5,5,Internal
IP,MSFT,-0.7491380577591326,63,2.5057609592482954e-12,5,1,External
IP,MTB,0.699502058073284,63,2.5358657489884103e-10,5,5,Internal
IP,NCLH,0.4082818560214284,63,0.000986967159717468,5,15,External
IP,NFLX,-0.48923365129069535,63,5.458624789953644e-05,5,1,External
IP,NOW,-0.46409289920973884,63,0.00014506575633261255,5,1,External
IP,NSC,0.5622560266157116,63,1.978078901553662e-06,5,20,External
IP,NTRS,0.47970807530885284,63,7.976471375257223e-05,5,5,Internal
IP,NUE,0.5741866670932451,63,1.0641615335595362e-06,5,5,Internal
IP,NVDA,-0.5167304452874593,63,1.710870947477153e-05,5,1,External
IP,NVR,0.4237420381575076,63,0.0005994242426302953,5,15,External
IP,NWS,0.469703837261914,63,0.0001173995356821698,5,15,External
IP,NWSA,0.5147802016206584,63,1.863812246565098e-05,5,15,External
IP,OMC,0.5988043739669969,63,2.732479358160346e-07,5,5,Internal
IP,ON,0.5044333965033649,63,2.9101622277756286e-05,5,0,External
IP,PFG,0.657389556175596,63,6.474601829644129e-09,5,5,Internal
IP,PH,0.525271179235584,63,1.1685601867797421e-05,5,15,External
IP,PHM,0.4711978565082921,63,0.00011089892467567294,5,15,External
IP,PKG,0.7954906010143756,63,1.1306686880529388e-14,5,20,External
IP,PNC,0.5936469042700213,63,3.667226148514486e-07,5,5,Internal
IP,PNR,0.49116642409229294,63,5.047323600360932e-05,5,20,External
IP,PRU,0.5994425063735697,63,2.6338459230105743e-07,5,5,Internal
IP,PSKY,0.4948944875623648,63,4.3336784606552824e-05,5,5,Internal
IP,PSX,0.4099834257134195,63,0.0009353364921145298,5,11,External
IP,PWR,0.5378998838900024,63,6.523377298998181e-06,5,20,External
IP,PYPL,-0.40444613030006477,63,0.0011129064787579422,5,1,External
IP,REG,0.6560684701841394,63,7.1085292927277364e-09,5,15,External
IP,RF,0.6749432639872728,63,1.7887582177174076e-09,5,5,Internal
IP,RJF,0.7145143963195969,63,6.955403968190776e-11,5,5,Internal
IP,RL,0.6267063363231511,63,5.064535229788482e-08,5,15,External
IP,ROK,0.479683193446772,63,7.984261691897329e-05,5,20,External
IP,RTX,0.43789159227316027,63,0.00037179740017327694,5,15,External
IP,SCHW,0.4504558287434647,63,0.00023900644570205387,5,5,Internal
IP,SNA,0.5210625844275768,63,1.4118706535403968e-05,5,15,External
IP,SNPS,-0.46004243241749276,63,0.00016862604990698516,5,1,External
IP,SPG,0.5375238354895349,63,6.639869879323859e-06,5,15,External
IP,STT,0.5049726958448186,63,2.8443630013570036e-05,5,5,Internal
IP,SWK,0.6195887278807263,63,7.908271214676652e-08,5,5,Internal
IP,SYF,0.6150110413738668,63,1.0471965586136633e-07,5,5,Internal
IP,T,0.4772722644108458,63,8.773223549743261e-05,5,5,Internal
IP,TAP,0.4853013292429351,63,6.392573964212626e-05,5,5,Internal
IP,TDG,0.559981584114591,63,2.2201718038268713e-06,5,5,Internal
IP,TECH,-0.4714773178888185,63,0.00010972033744729554,5,1,External
IP,TEL,0.5959997000992071,63,3.2086504181045023e-07,5,15,External
IP,TFC,0.6158482568963064,63,9.951089620736599e-08,5,5,Internal
IP,TMO,-0.40235853478525363,63,0.0011873719886452475,5,1,External
IP,TPR,0.5816067233112412,63,7.147144067571199e-07,5,15,External
IP,TROW,0.5690824242697544,63,1.3915130245475974e-06,5,5,Internal
IP,TRV,0.5719481568095532,63,1.1976563652897534e-06,5,5,Internal
IP,TSN,0.4687270981326732,63,0.00012183677214750131,5,5,Internal
IP,TT,0.4823453121881487,63,7.189361737947033e-05,5,20,External
IP,TTWO,-0.4534814462615402,63,0.00021432909503580627,5,1,External
IP,TXT,0.6973254020778373,63,3.039019285743652e-10,5,5,Internal
IP,UAL,0.5370822911797228,63,6.779125951163505e-06,5,5,Internal
IP,UNP,0.48140478607606185,63,7.46146454221856e-05,5,20,External
IP,USB,0.6999998576635666,63,2.4324876728913383e-10,5,5,Internal
IP,VICI,0.4356247820687031,63,0.00040192615265779123,5,5,Internal
IP,VLO,0.436697518589034,63,0.00038740154668328875,5,11,External
IP,VMC,0.49696142491563905,63,3.9794107279118354e-05,5,5,Internal
IP,VRSN,-0.47789144907172265,63,8.564024968901853e-05,5,1,External
IP,VRTX,-0.4940634052529152,63,4.484168963374015e-05,5,1,External
IP,VTR,0.4954740696801022,63,4.23150704045295e-05,5,15,External
IP,WAB,0.5937512908615047,63,3.645637734223437e-07,5,15,External
IP,WBD,0.5330215992816855,63,8.193695510018448e-06,5,15,External
IP,WELL,0.5236769808883311,63,1.2557279699141132e-05,5,15,External
IP,WFC,0.6291256820120258,63,4.341465817512654e-08,5,5,Internal
IP,WRB,0.49932250621766616,63,3.607588916952876e-05,5,5,Internal
IP,WY,0.5080703974571056,63,2.492351596603771e-05,5,15,External
IP,WYNN,0.42924702046613333,63,0.000499002034876287,5,15,External
IP,XOM,0.4276833604664148,63,0.0005258457776770517,5,11,External
IP,XYL,0.47942828352133826,63,8.064476665560983e-05,5,20,External
IR,JBL,0.41156461169946734,63,0.0008895578623534878,15,15,Internal
IR,JPM,0.4176881453363776,63,0.0007307451655643585,15,5,External
IR,KEY,0.49595393341728156,63,4.148604416683902e-05,15,5,External
IR,KIM,0.5852820457180878,63,5.846676454930159e-07,15,15,Internal
IR,LUV,0.41695285970539386,63,0.0007483530064876731,15,5,External
IR,LW,0.48530407447818613,63,6.39187343749538e-05,15,15,Internal
IR,LYB,0.4484774758333839,63,0.0002565186862002126,15,5,External
IR,LYV,0.4637862123189583,63,0.00014673789984334426,15,15,Internal
IR,MAA,0.4321439186900274,63,0.0004525366061976482,15,15,Internal
IR,MAR,0.44087069260062695,63,0.0003353307188537391,15,15,Internal
IR,MET,0.5268155120606154,63,1.0895146886393099e-05,15,5,External
IR,MOS,0.5093473735887193,63,2.3593618385647612e-05,15,5,External
IR,MSFT,-0.4333419410956031,63,0.0004344985071748171,15,1,External
IR,MTB,0.5935826825180395,63,3.680567646592066e-07,15,5,External
IR,NCLH,0.42220937351206295,63,0.0006304729067044499,15,15,Internal
IR,NFLX,-0.44289546333482765,63,0.00031244043419738354,15,1,External
IR,NUE,0.4674710983681918,63,0.00012776908192312748,15,5,External
IR,NVDA,-0.4905094745412866,63,5.183799434808582e-05,15,1,External
IR,OMC,0.48068920370984775,63,7.674811361710329e-05,15,5,External
IR,OTIS,0.41647510428048107,63,0.0007599986528397564,15,15,Internal
IR,PFG,0.5336209990908118,63,7.968884631280156e-06,15,5,External
IR,PH,0.44406210022809095,63,0.00029990797406760964,15,15,Internal
IR,PKG,0.4699166284295508,63,0.00011645276162777883,15,20,External
IR,PNC,0.402859636759621,63,0.0011690994880969162,15,5,External
IR,PRU,0.5390031115605967,63,6.192517360535131e-06,15,5,External
IR,PSKY,0.4513296652217509,63,0.00023162516100128506,15,5,External
IR,PWR,0.41668773944578497,63,0.0007547954110164338,15,20,External
IR,REG,0.5544648339005424,63,2.9273785693570576e-06,15,15,Internal
IR,RF,0.4063300023574011,63,0.0010493486814112632,15,5,External
IR,RJF,0.4331419844621119,63,0.00043746293936012203,15,5,External
IR,RL,0.5452213466900965,63,4.602030646517618e-06,15,15,Internal
IR,RTX,0.5069046883196938,63,2.6197867952881324e-05,15,15,Internal
IR,SNA,0.587250152080685,63,5.245159868715606e-07,15,15,Internal
IR,SPG,0.5517915051049157,63,3.3412186151207896e-06,15,15,Internal
IR,SWK,0.505619917764784,63,2.767216278009434e-05,15,5,External
IR,SYF,0.4329610930414146,63,0.0004401605608608975,15,5,External
IR,SYY,0.4949883729821779,63,4.316974620537051e-05,15,15,Internal
IR,TEL,0.5906374314294549,63,4.3438594988558384e-07,15,15,Internal
IR,TFC,0.4866085127531872,63,6.066902696191597e-05,15,5,External
IR,TMO,-0.4888961949241802,63,5.5335326972885255e-05,15,1,External
IR,TPR,0.5290046795878514,63,9.859570857531342e-06,15,15,Internal
IR,TXT,0.6313241360351624,63,3.769992769044166e-08,15,5,External
IR,UAL,0.45238082073637553,63,0.00022302252532440005,15,5,External
IR,UDR,0.49744846738715826,63,3.899927765803574e-05,15,15,Internal
IR,USB,0.5285615419206335,63,1.0061493866701455e-05,15,5,External
IR,VLO,0.46479684429087403,63,0.00014129356577065376,15,11,External
IR,VRSN,-0.4263549244989998,63,0.0005496744752987025,15,1,External
IR,VRTX,-0.5582736999698995,63,2.419888920392286e-06,15,1,External
IR,VTR,0.43026473316629116,63,0.00048220604777289805,15,15,Internal
IR,WAB,0.5754692519794914,63,9.94097100487682e-07,15,15,Internal
IR,WBD,0.4985844386172409,63,3.720214172100906e-05,15,15,Internal
IR,WFC,0.4141750552307215,63,0.0008183921221010027,15,5,External
IR,WY,0.4473554074640383,63,0.0002669646422955533,15,15,Internal
IR,WYNN,0.43518014319557635,63,0.00040809045690747253,15,15,Internal
IR,XOM,0.4059883671486902,63,0.0010606258929684994,15,11,External
IR,ZBRA,0.4617419371370703,63,0.00015834345138379506,15,15,Internal
IRM,IT,0.48117479213504954,63,7.529432421259498e-05,15,5,External
IRM,KEY,0.4621618115394719,63,0.00015589325595442277,15,5,External
IRM,KIM,0.528580432739217,63,1.0052808010419198e-05,15,15,Internal
IRM,L,0.4341529507704738,63,0.0004226614285344797,15,5,External
IRM,LIN,0.4657888845423587,63,0.00013613027475350422,15,15,Internal
IRM,LKQ,0.4309701292176477,63,0.0004708677076655263,15,15,Internal
IRM,LUV,0.5110678693347565,63,2.1905705142412222e-05,15,5,External
IRM,LYB,0.43549774006854775,63,0.00040367870718139356,15,5,External
IRM,LYV,0.49458854484971054,63,4.388526384297096e-05,15,15,Internal
IRM,MAA,0.48509874822273735,63,6.444464259808935e-05,15,15,Internal
IRM,MAR,0.4672588623464959,63,0.00012879732155604928,15,15,Internal
IRM,MET,0.5495340300393458,63,3.732610439781469e-06,15,5,External
IRM,MGM,0.42365261986377767,63,0.0006011968537980306,15,15,Internal
IRM,MHK,0.4624573174845501,63,0.0001541897195691853,15,15,Internal
IRM,MOS,0.48237081406776955,63,7.182112822253409e-05,15,5,External
IRM,MSCI,-0.4081078787722533,63,0.0009923884430773947,15,1,External
IRM,MSFT,-0.5421473746302209,63,5.333362872523968e-06,15,1,External
IRM,MTB,0.4699765980515489,63,0.00011618720833578588,15,5,External
IRM,NCLH,0.4508376979884998,63,0.00023575474242068506,15,15,Internal
IRM,NVDA,-0.43974373837339076,63,0.00034872358694207166,15,1,External
IRM,O,0.5895074764818903,63,4.626948675941441e-07,15,15,Internal
IRM,ORLY,-0.4798693715239196,63,7.926140354490848e-05,15,1,External
IRM,OTIS,0.4715385084984317,63,0.00010946381657963137,15,15,Internal
IRM,PFG,0.620988151192949,63,7.251207625742556e-08,15,5,External
IRM,PH,0.40095158689263566,63,0.001240058422618454,15,15,Internal
IRM,PRU,0.5493907438790095,63,3.758844278340993e-06,15,5,External
IRM,PSA,0.41506128280295074,63,0.000795428642919622,15,7,External
IRM,PSKY,0.5008059117424147,63,3.390709265838849e-05,15,5,External
IRM,RCL,0.47128234533052143,63,0.00011054138397314413,15,15,Internal
IRM,REG,0.5107154819084581,63,2.224201765562996e-05,15,15,Internal
IRM,RF,0.41893182467427753,63,0.000701814638672652,15,5,External
IRM,RJF,0.41791356446223504,63,0.0007254226763161821,15,5,External
IRM,RL,0.41869095754919966,63,0.0007073353570439395,15,15,Internal
IRM,SNA,0.4370006864628777,63,0.00038338425699204094,15,15,Internal
IRM,SPG,0.6196464300631879,63,7.880103388907506e-08,15,15,Internal
IRM,TFC,0.463336771857494,63,0.00014922034080399105,15,5,External
IRM,TPR,0.5541544029621521,63,2.9728488650744003e-06,15,15,Internal
IRM,TRMB,0.5737343043957314,63,1.0899585192018945e-06,15,5,External
IRM,TRV,0.509947681075918,63,2.2991442364228673e-05,15,5,External
IRM,TXT,0.47618605371911293,63,9.151613190129099e-05,15,5,External
IRM,UAL,0.4044833912659052,63,0.0011116164738175138,15,5,External
IRM,UDR,0.5907472548588083,63,4.3172309498030294e-07,15,15,Internal
IRM,VRTX,-0.4167543772173233,63,0.0007531714130278711,15,1,External
IRM,WAB,0.5396229959885348,63,6.013546495979115e-06,15,15,Internal
IRM,WM,0.4796467147039364,63,7.995695571054779e-05,15,7,External
IRM,WRB,0.4276974597676586,63,0.0005255979837241312,15,5,External
ISRG,PANW,0.4292497453050009,63,0.0004989563641434558,1,1,Internal
ISRG,PODD,0.4366437751027834,63,0.0003881176909044387,1,1,Internal
ISRG,PYPL,0.5220944773626774,63,1.3482032154482189e-05,1,1,Internal
ISRG,RL,-0.4469100895777323,63,0.0002712169786960863,1,15,External
ISRG,STT,-0.4137965387436045,63,0.0008283814303795665,1,5,External
ISRG,SYK,0.403531735393275,63,0.0011449893080669633,1,1,Internal
IT,JPM,0.4213409791591449,63,0.0006487049790349403,5,5,Internal
IT,KEY,0.4964014722328984,63,4.07264212856189e-05,5,5,Internal
IT,KIM,0.4697967874401425,63,0.00011698510480711441,5,15,External
IT,LKQ,0.48685212590844457,63,6.007928131145389e-05,5,15,External
IT,LYB,0.46608102210932456,63,0.00013464313395167182,5,5,Internal
IT,LYV,0.4208525915694719,63,0.0006591674225755177,5,15,External
IT,MET,0.5689123210598661,63,1.4038976182033977e-06,5,5,Internal
IT,MHK,0.4374079167851601,63,0.00037804773867187227,5,15,External
IT,MLM,0.4484311387685579,63,0.0002569425607847307,5,5,Internal
IT,MPC,0.505467356022676,63,2.785224492913509e-05,5,11,External
IT,MRK,-0.42103427506445673,63,0.0006552575934131965,5,1,External
IT,MSFT,-0.40077730628192515,63,0.001246729110187472,5,1,External
IT,MTB,0.4886038847223352,63,5.5991848939007816e-05,5,5,Internal
IT,NUE,0.40705990160574185,63,0.0010256165309995597,5,5,Internal
IT,PAYX,0.4034648317875054,63,0.001147369103969567,5,20,External
IT,PEP,-0.42198264812154046,63,0.0006351876798896593,5,1,External
IT,PFG,0.5641663444439373,63,1.7940704140206095e-06,5,5,Internal
IT,PH,0.5021678414023747,63,3.202277909074305e-05,5,15,External
IT,PNC,0.4999153594500143,63,3.5194162862315e-05,5,5,Internal
IT,PPG,0.4134835379008848,63,0.0008367248527481805,5,5,Internal
IT,PRU,0.5041733064051556,63,2.9423968449540542e-05,5,5,Internal
IT,PSKY,0.43881107985748913,63,0.00036017415933700485,5,5,Internal
IT,PSX,0.42279437712355955,63,0.0006184538885488911,5,11,External
IT,REG,0.444443983967851,63,0.0002959063988966681,5,15,External
IT,RF,0.4770769887854944,63,8.84016905442387e-05,5,5,Internal
IT,RJF,0.40893086073298296,63,0.0009669785747845562,5,5,Internal
IT,SLB,0.514447515510546,63,1.8911355728602288e-05,5,11,External
IT,SNA,0.42021622704742767,63,0.0006730292587131788,5,15,External
IT,SPG,0.45318792555991233,63,0.00021661666323130108,5,15,External
IT,SWK,0.4035513116991031,63,0.0011442938100568079,5,5,Internal
IT,SYF,0.5533792275672753,63,3.0892912993318134e-06,5,5,Internal
IT,SYY,0.4096007708576643,63,0.0009467300141974758,5,15,External
IT,TEL,0.5025714938086654,63,3.148321413854691e-05,5,15,External
IT,TFC,0.4992392447753255,63,3.62013443338653e-05,5,5,Internal
IT,TRGP,0.5275994636803314,63,1.0513198890160628e-05,5,11,External
IT,TRMB,0.514924636550879,63,1.8520643348891344e-05,5,5,Internal
IT,TRV,0.4050301444360828,63,0.001092841746306197,5,5,Internal
IT,TXT,0.46380619534606854,63,0.00014662841045726154,5,5,Internal
IT,USB,0.5566920648036514,63,2.619715042399221e-06,5,5,Internal
IT,VLO,0.47034606739912405,63,0.00011456338758506056,5,11,External
IT,VRTX,-0.47101640871897604,63,0.00011167037308042743,5,1,External
IT,WAB,0.4719071458470999,63,0.00010793005957015296,5,15,External
IT,WMT,-0.41678207951377605,63,0.0007524972242680333,5,1,External
IT,XOM,0.41832684153293515,63,0.0007157556423941714,5,11,External
ITW,J,0.4574366027367444,63,0.00018558566181874308,20,20,Internal
ITW,JBHT,0.4824185100832915,63,7.168573296943061e-05,20,20,Internal
ITW,MAS,0.4362477691235186,63,0.00039343184216878785,20,15,External
ITW,MCHP,0.4308888853563576,63,0.00047216113417956516,20,0,External
ITW,MMM,0.524875078618977,63,1.1896766548531669e-05,20,20,Internal
ITW,MS,0.48371611002119497,63,6.809126240355762e-05,20,5,External
ITW,MSFT,-0.42582414221182463,63,0.0005594663072251053,20,1,External
ITW,NOW,-0.4919922852476274,63,4.88046605847536e-05,20,1,External
ITW,NSC,0.5750849619005843,63,1.0146223242812116e-06,20,20,Internal
ITW,NTRS,0.4464383172623102,63,0.00027578933900286075,20,5,External
ITW,NVR,0.5713117800494892,63,1.2383802428059675e-06,20,15,External
ITW,PANW,-0.42644027551517216,63,0.0005481145269070142,20,1,External
ITW,PCAR,0.5904924665448259,63,4.379245084265255e-07,20,20,Internal
ITW,PKG,0.43857803526345784,63,0.0003630883225887727,20,20,Internal
ITW,PNR,0.5196244322729047,63,1.5052733530049147e-05,20,20,Internal
ITW,PWR,0.5005316468869562,63,3.429875491843045e-05,20,20,Internal
ITW,PYPL,-0.4306960238874173,63,0.0004752444899862182,20,1,External
ITW,RJF,0.47234844571288886,63,0.0001061199749675375,20,5,External
ITW,RL,0.5266884754247002,63,1.0958242192360765e-05,20,15,External
ITW,ROK,0.6233992567822426,63,6.238346893492367e-08,20,20,Internal
ITW,SCHW,0.4473045515458559,63,0.00026744716553990847,20,5,External
ITW,STT,0.435556942704334,63,0.0004028611383794156,20,5,External
ITW,SWK,0.48625268194291343,63,6.154003501032755e-05,20,5,External
ITW,TT,0.40231690047590324,63,0.0011889016773298116,20,20,Internal
ITW,TTWO,-0.4038394312005812,63,0.0011341015547285263,20,1,External
ITW,TXT,0.43404432499228246,63,0.00042422966810876404,20,5,External
ITW,UNP,0.46358212677209,63,0.00014786041192945377,20,20,Internal
ITW,XYL,0.5069716219340369,63,2.6123092587369263e-05,20,20,Internal
IVZ,JCI,0.400412350906221,63,0.001260802694107316,5,5,Internal
IVZ,JNJ,-0.5040252545369917,63,2.960893222244354e-05,5,1,External
IVZ,KMI,0.4405174231994509,63,0.0003394776708996906,5,11,External
IVZ,MCD,0.41892958898221677,63,0.0007018657012190424,5,7,External
IVZ,MET,0.47581809691228916,63,9.28316153821693e-05,5,5,Internal
IVZ,MTB,0.48137507421115916,63,7.47021308680106e-05,5,5,Internal
IVZ,NTRS,0.4000919099098718,63,0.0012732773694424154,5,5,Internal
IVZ,O,0.4246104446275665,63,0.0005824540672668178,5,15,External
IVZ,PH,0.4169300699375966,63,0.0007489048348932498,5,15,External
IVZ,PRU,0.4606257738669875,63,0.00016502959786836294,5,5,Internal
IVZ,RJF,0.40758852981334487,63,0.001008731997136409,5,5,Internal
IVZ,SPG,0.41480873118747696,63,0.0008019125198124449,5,15,External
IVZ,SYF,0.4903095347328684,63,5.226006717617513e-05,5,5,Internal
IVZ,SYY,0.5613748999989175,63,2.0687753543601395e-06,5,15,External
IVZ,TECH,-0.4291907721986666,63,0.0004999456549361189,5,1,External
IVZ,TFC,0.43201666517616494,63,0.00045449207626922225,5,5,Internal
IVZ,TRV,0.41165893639854045,63,0.0008868920481286772,5,5,Internal
IVZ,TYL,-0.45409458142335024,63,0.00020962174881202292,5,1,External
IVZ,UAL,0.4454204589499588,63,0.0002858950030469425,5,5,Internal
IVZ,USB,0.45705405922696635,63,0.0001882028846939454,5,5,Internal
IVZ,WFC,0.4884172799329821,63,5.6414710876179704e-05,5,5,Internal
IVZ,WST,-0.596493968413518,63,3.119434044118496e-07,5,1,External
IVZ,XYL,0.40083881923372927,63,0.0012443709894403886,5,20,External
J,LKQ,0.41529667509211504,63,0.0007894280362931008,20,15,External
J,LMT,0.5784066577854059,63,8.495939857637753e-07,20,20,Internal
J,MMM,0.46412192527185137,63,0.00014490840720488915,20,20,Internal
J,MSFT,-0.40580513894394166,63,0.0010667190759727316,20,1,External
J,MTB,0.4070993231369968,63,0.0010243486564196081,20,5,External
J,NOC,0.4066066793517613,63,0.0010402950693376408,20,20,Internal
J,NVDA,-0.40888652644435985,63,0.0009683323020758706,20,1,External
J,PCAR,0.47014713643536965,63,0.00011543508050799569,20,20,Internal
J,PKG,0.49683346227911135,63,4.000540671573346e-05,20,20,Internal
J,PM,0.40768858618973847,63,0.0010055645362712225,20,7,External
J,PWR,0.6799078855876017,63,1.2235158578906112e-09,20,20,Internal
J,TRV,0.4267915648296686,63,0.0005417362823533772,20,5,External
J,TT,0.47972533165091275,63,7.97107266171298e-05,20,20,Internal
J,TXT,0.45396733853459426,63,0.00021059080386035572,20,5,External
J,UNP,0.43208484883447923,63,0.00045344336307864895,20,20,Internal
J,USB,0.42095260904571974,63,0.0006570124386495658,20,5,External
J,WRB,0.4001211774501548,63,0.0012721334023389728,20,5,External
J,XOM,0.4131878807034895,63,0.0008446756454702469,20,11,External
J,XYL,0.42437618594994697,63,0.0005869884225463976,20,20,Internal
J,XYZ,-0.4178507956955088,63,0.000726901205761658,20,1,External
JBHT,NSC,0.46728784398227063,63,0.00012865646495557504,20,20,Internal
JBHT,ODFL,0.42045870704552585,63,0.000667716508560079,20,1,External
JBHT,PCAR,0.42657365560297916,63,0.0005456848040046857,20,20,Internal
JBHT,PWR,0.4158720022922641,63,0.0007749337825787275,20,20,Internal
JBL,KEY,0.4536438448769115,63,0.00021307295261730583,15,5,External
JBL,KIM,0.4818469424337279,63,7.332384020646918e-05,15,15,Internal
JBL,L,0.5336466342228173,63,7.959399247664168e-06,15,5,External
JBL,LEN,0.4043107801351316,63,0.001117603768810431,15,15,Internal
JBL,LKQ,0.4905433809284747,63,5.176673092812541e-05,15,15,Internal
JBL,LUV,0.48407434042668324,63,6.712862261772738e-05,15,5,External
JBL,LVS,0.47466769396683206,63,9.705749988306093e-05,15,15,Internal
JBL,LW,0.44897841939594857,63,0.00025197685548341414,15,15,Internal
JBL,LYB,0.598777980111231,63,2.73663285040327e-07,15,5,External
JBL,LYV,0.5092958825878064,63,2.3645944710453276e-05,15,15,Internal
JBL,MAR,0.5307135600912163,63,9.115676944457661e-06,15,15,Internal
JBL,MGM,0.5006326935364465,63,3.415397134004319e-05,15,15,Internal
JBL,MHK,0.41440762391613434,63,0.0008123086226093225,15,15,Internal
JBL,MLM,0.4060152128542468,63,0.0010597357898410153,15,5,External
JBL,MTB,0.442667136204952,63,0.0003149484139669968,15,5,External
JBL,NCLH,0.46572257173664017,63,0.00013646993635906422,15,15,Internal
JBL,NUE,0.5459075290502309,63,4.452101827608726e-06,15,5,External
JBL,NWS,0.45614255125529624,63,0.00019457589626331,15,15,Internal
JBL,NWSA,0.43261031079595336,63,0.0004454349183189878,15,15,Internal
JBL,OMC,0.5000351397509483,63,3.501845782508013e-05,15,5,External
JBL,PFG,0.525776812961872,63,1.1421108126642454e-05,15,5,External
JBL,PH,0.4848430077938126,63,6.51052585139108e-05,15,15,Internal
JBL,PNR,0.40325300314899254,63,0.0011549333719721602,15,20,External
JBL,PSKY,0.48105962984472805,63,7.563679136665625e-05,15,5,External
JBL,RCL,0.43012709338811167,63,0.0004844471524484871,15,15,Internal
JBL,REG,0.5276777017966309,63,1.047577225269696e-05,15,15,Internal
JBL,RF,0.4707216535490231,63,0.00011293408402877782,15,5,External
JBL,RJF,0.48128759497225754,63,7.49602592646594e-05,15,5,External
JBL,RL,0.42063072023352366,63,0.0006639707596564475,15,15,Internal
JBL,SLB,0.40185816496645355,63,0.0012058739701682876,15,11,External
JBL,SNA,0.558842776473645,63,2.351547184081151e-06,15,15,Internal
JBL,SPG,0.45663109942526936,63,0.00019113594188364084,15,15,Internal
JBL,STT,0.467863298244069,63,0.00012588876804570847,15,5,External
JBL,SWK,0.5011125493587008,63,3.347410377347398e-05,15,5,External
JBL,SYF,0.4446451374857413,63,0.00029381826006393203,15,5,External
JBL,TDG,0.42476947344643073,63,0.0005793940095780893,15,5,External
JBL,TEL,0.5745043065567984,63,1.0463907672035343e-06,15,15,Internal
JBL,TMO,-0.4477201621007606,63,0.0002635270727240243,15,1,External
JBL,TPR,0.4450258556009581,63,0.00028990287143280995,15,15,Internal
JBL,TXT,0.552197141794341,63,3.275090674127238e-06,15,5,External
JBL,UAL,0.4493770856539667,63,0.00024841497583333154,15,5,External
JBL,URI,0.5198593115004738,63,1.4896366774547805e-05,15,15,Internal
JBL,USB,0.4586330254632395,63,0.00017761386068518184,15,5,External
JBL,VICI,0.4073953122911059,63,0.0010148741217229104,15,5,External
JBL,VLO,0.42468848383394414,63,0.0005809505970479105,15,11,External
JBL,VRSN,-0.5503146870123778,63,3.592660676712466e-06,15,1,External
JBL,VRTX,-0.4529409085595694,63,0.0002185590892845073,15,1,External
JBL,WAB,0.516753441436131,63,1.7091391602675095e-05,15,15,Internal
JBL,WBD,0.4670377323799963,63,0.00012987672935763534,15,15,Internal
JBL,WDC,0.4549562562224027,63,0.00020316606738386318,15,0,External
JBL,WY,0.46213890913279115,63,0.00015602600211027905,15,15,Internal
JBL,WYNN,0.48649867611649333,63,6.093666552867455e-05,15,15,Internal
JCI,JPM,0.5003673224890579,63,3.453541872184228e-05,5,5,Internal
JCI,KEY,0.49976943324238277,63,3.5409323374450575e-05,5,5,Internal
JCI,KIM,0.5637514662283962,63,1.8326150096717312e-06,5,15,External
JCI,L,0.4645239265635061,63,0.00014274521803388435,5,5,Internal
JCI,LKQ,0.42678753610910813,63,0.0005418090469126901,5,15,External
JCI,LUV,0.41617329161556393,63,0.0007674398269419091,5,5,Internal
JCI,LVS,0.41258204322679365,63,0.0008611814778006767,5,15,External
JCI,LW,0.4076994427011093,63,0.0010052213944277235,5,15,External
JCI,LYB,0.44357094846376105,63,0.00030512710912141897,5,5,Internal
JCI,MET,0.5684905168713837,63,1.435054605198312e-06,5,5,Internal
JCI,META,-0.44512563282897355,63,0.0002888846480117517,5,1,External
JCI,MHK,0.5071059096951185,63,2.5973668131048364e-05,5,15,External
JCI,MLM,0.46061549042699024,63,0.00016509238428516726,5,5,Internal
JCI,MSFT,-0.5391669380060888,63,6.144741271566761e-06,5,1,External
JCI,MTB,0.5256954004602257,63,1.1463314943896964e-05,5,5,Internal
JCI,NCLH,0.44548746937490713,63,0.00028521944468146474,5,15,External
JCI,NFLX,-0.4162571650357332,63,0.0007653653467315666,5,1,External
JCI,NOW,-0.4025863498660714,63,0.0011790331547937383,5,1,External
JCI,NTRS,0.4430415969078942,63,0.0003108448573977625,5,5,Internal
JCI,O,0.5356011258479911,63,7.266395536439718e-06,5,15,External
JCI,OMC,0.5113605838467251,63,2.1629935871198506e-05,5,5,Internal
JCI,PANW,-0.406839119641481,63,0.0010327435133409722,5,1,External
JCI,PFG,0.5279179035082359,63,1.0361640444698894e-05,5,5,Internal
JCI,PH,0.48285282909148486,63,7.046360672459837e-05,5,15,External
JCI,PKG,0.4834606457869867,63,6.878550495898889e-05,5,20,External
JCI,PNC,0.42762940942101807,63,0.0005267949424491471,5,5,Internal
JCI,PNR,0.4667626617198767,63,0.00013123103142650803,5,20,External
JCI,PPL,0.488288391657839,63,5.6708501309602445e-05,5,7,External
JCI,PRU,0.5266783856179083,63,1.0963268040606707e-05,5,5,Internal
JCI,PSKY,0.5123524628041716,63,2.071923599339889e-05,5,5,Internal
JCI,PWR,0.440227025536064,63,0.00034292154034934203,5,20,External
JCI,RCL,0.5267857901947806,63,1.090987849176467e-05,5,15,External
JCI,REG,0.5268824066585761,63,1.0862058329589838e-05,5,15,External
JCI,RF,0.5155302909754366,63,1.8035465926747233e-05,5,5,Internal
JCI,RJF,0.4925622613747712,63,4.7682956715194157e-05,5,5,Internal
JCI,RL,0.5861644143756665,63,5.569400286754378e-07,5,15,External
JCI,ROK,0.41171013854153604,63,0.0008854479919620607,5,20,External
JCI,SNA,0.5028495334105287,63,3.11164656880757e-05,5,15,External
JCI,SPG,0.5449059201597318,63,4.672519675731582e-06,5,15,External
JCI,SWK,0.5243509585466304,63,1.2181635685765785e-05,5,5,Internal
JCI,SYF,0.5424026039038496,63,5.2687429880658514e-06,5,5,Internal
JCI,T,0.49010170632686917,63,5.270215451468832e-05,5,5,Internal
JCI,TAP,0.42745023187810827,63,0.0005299584011114522,5,5,Internal
JCI,TDG,0.45512735792715936,63,0.00020190603369020515,5,5,Internal
JCI,TECH,-0.4003046720568896,63,0.0012649822786723372,5,1,External
JCI,TFC,0.48079204851947716,63,7.643806799721833e-05,5,5,Internal
JCI,TPR,0.6332792399397071,63,3.322188134654693e-08,5,15,External
JCI,TRV,0.5524495049040973,63,3.2345690127118907e-06,5,5,Internal
JCI,TT,0.5768805752667062,63,9.220099747750156e-07,5,20,External
JCI,TTWO,-0.4343800801424052,63,0.0004193993764957828,5,1,External
JCI,TXT,0.5126458130851216,63,2.0456789829136402e-05,5,5,Internal
JCI,UAL,0.4454406822872841,63,0.00028569096990524245,5,5,Internal
JCI,UDR,0.40786143773963257,63,0.0010001137482646082,5,15,External
JCI,UHS,0.4167882893128956,63,0.0007523461717923323,5,15,External
JCI,USB,0.5685304469643705,63,1.4320776028111864e-06,5,5,Internal
JCI,VICI,0.47797216735186626,63,8.537094400988567e-05,5,5,Internal
JCI,VRTX,-0.4482353845122604,63,0.0002587403216001407,5,1,External
JCI,VTR,0.526328949202005,63,1.1138655153639253e-05,5,15,External
JCI,WAB,0.438417921890765,63,0.000365102932875037,5,15,External
JCI,WBD,0.5660740387504178,63,1.626403247768365e-06,5,15,External
JCI,WELL,0.5797294887564889,63,7.911749024315391e-07,5,15,External
JCI,WFC,0.5187828338685728,63,1.5625620561084236e-05,5,5,Internal
JCI,WRB,0.5007425406678764,63,3.399721985526936e-05,5,5,Internal
JKHY,JPM,-0.4244652235236252,63,0.0005852612352839081,1,5,External
JKHY,KEY,-0.44558644539934766,63,0.00028422429438024275,1,5,External
JKHY,LUV,-0.4953354873354009,63,4.255732364948146e-05,1,5,External
JKHY,MGM,-0.4586742990285284,63,0.00017734453825029057,1,15,External
JKHY,MHK,-0.40513844411680794,63,0.001089156978442799,1,15,External
JKHY,MKC,0.43522004450369073,63,0.0004075337861626178,1,1,Internal
JKHY,MLM,-0.45488697349193197,63,0.0002036783261890256,1,5,External
JKHY,MSFT,0.43990460711698104,63,0.00034678243641080665,1,1,Internal
JKHY,MTB,-0.5165051915914113,63,1.727920637916617e-05,1,5,External
JKHY,NCLH,-0.5265004019148629,63,1.1052277035246889e-05,1,15,External
JKHY,NDAQ,0.4671137891300151,63,0.00012950453778165448,1,1,Internal
JKHY,OMC,-0.4498513735677356,63,0.0002442374249484515,1,5,External
JKHY,PKG,-0.4614502431131932,63,0.00016006637927033432,1,20,External
JKHY,PNC,-0.42657656015640516,63,0.0005456320020625624,1,5,External
JKHY,PRU,-0.44002730731361905,63,0.0003453084800514568,1,5,External
JKHY,REG,-0.44048292782361836,63,0.00033988509990634145,1,15,External
JKHY,REGN,0.40297157930200983,63,0.0011650523107558308,1,1,Internal
JKHY,RF,-0.4913638495231509,63,5.006963261052796e-05,1,5,External
JKHY,RMD,0.4420275411106283,63,0.00032207191574297765,1,1,Internal
JKHY,RTX,-0.47159768480587694,63,0.00010921626451405643,1,15,External
JKHY,SCHW,-0.4017477897430131,63,0.0012099900471204792,1,5,External
JKHY,SYF,-0.5259809456835873,63,1.1315913967790382e-05,1,5,External
JKHY,SYY,-0.4361506592946821,63,0.0003947450698660653,1,15,External
JKHY,TDG,-0.46197728682888045,63,0.00015696574302700558,1,5,External
JKHY,TFC,-0.4862247719458257,63,6.160883909441035e-05,1,5,External
JKHY,TMO,0.45291756719870807,63,0.00021874345640301844,1,1,Internal
JKHY,TRV,-0.41470606126305076,63,0.0008045620501393033,1,5,External
JKHY,TXT,-0.44004835373144624,63,0.00034505623103480923,1,5,External
JKHY,UAL,-0.5340556935069173,63,7.809456795316117e-06,1,5,External
JKHY,USB,-0.4789549147757639,63,8.215408394220644e-05,1,5,External
JKHY,VMC,-0.4737804229230875,63,0.00010043690838155758,1,5,External
JKHY,VTR,-0.43520478422396314,63,0.00040774660355410124,1,15,External
JKHY,WFC,-0.5065130188162672,63,2.66394151298486e-05,1,5,External
JKHY,WYNN,-0.4236601297884973,63,0.0006010477958103852,1,15,External
JKHY,XYL,-0.42802425235610814,63,0.0005198842639971604,1,20,External
JNJ,JPM,-0.5084978910408816,63,2.447075959896152e-05,1,5,External
JNJ,KEY,-0.5122141547564395,63,2.0844053851975138e-05,1,5,External
JNJ,KIM,-0.5482590237963878,63,3.972181176242142e-06,1,15,External
JNJ,L,-0.4521322806327861,63,0.00022502976547334076,1,5,External
JNJ,LKQ,-0.43058463526729474,63,0.0004770336327954801,1,15,External
JNJ,LLY,0.5311039712856402,63,8.953224841608714e-06,1,1,Internal
JNJ,LYB,-0.41063495916452986,63,0.0009162216548495206,1,5,External
JNJ,LYV,-0.4228481006757395,63,0.0006173606102635975,1,15,External
JNJ,MET,-0.5180033413850924,63,1.6174233661925964e-05,1,5,External
JNJ,MHK,-0.4330345550301096,63,0.0004390632077153198,1,15,External
JNJ,MOH,0.5118064068414944,63,2.1216102311841892e-05,1,1,Internal
JNJ,MOS,-0.44274288122694566,63,0.0003141143908215094,1,5,External
JNJ,MPC,-0.4108573086802967,63,0.0009097795021150997,1,11,External
JNJ,MRK,0.5477931595309808,63,4.063241815118442e-06,1,1,Internal
JNJ,MTB,-0.5810799517981576,63,7.3543880116646e-07,1,5,External
JNJ,NTRS,-0.40186278844411244,63,0.0012057018283289115,1,5,External
JNJ,OMC,-0.5605317797735062,63,2.1591902515093505e-06,1,5,External
JNJ,ON,-0.44991839368287717,63,0.00024365231513388005,1,0,External
JNJ,PEP,0.4012748401769113,63,0.001227770703730764,1,1,Internal
JNJ,PFE,0.4212407436776557,63,0.0006508399090983402,1,1,Internal
JNJ,PFG,-0.5326753515400618,63,8.326236372581072e-06,1,5,External
JNJ,PG,0.4377931296283664,63,0.0003730621079842917,1,1,Internal
JNJ,PNC,-0.47947931274953337,63,8.048359626782177e-05,1,5,External
JNJ,PRU,-0.5219466814258242,63,1.3571554469411526e-05,1,5,External
JNJ,PSKY,-0.4814940966972916,63,7.435224182606694e-05,1,5,External
JNJ,REG,-0.46073407988453735,63,0.00016436965438283428,1,15,External
JNJ,RF,-0.5564786629428413,63,2.6478283611995687e-06,1,5,External
JNJ,RJF,-0.5452831467567639,63,4.588336855031086e-06,1,5,External
JNJ,SBAC,0.4465070502627956,63,0.00027511883537472933,1,7,External
JNJ,SNA,-0.42931067998661904,63,0.0004979360360519512,1,15,External
JNJ,SPG,-0.42017968000780287,63,0.0006738333189749083,1,15,External
JNJ,SYF,-0.5505666209482212,63,3.5485525837691557e-06,1,5,External
JNJ,SYY,-0.5122589150917403,63,2.0803583180925633e-05,1,15,External
JNJ,T,-0.4490163113160709,63,0.0002516363142420328,1,5,External
JNJ,TFC,-0.5011189363444354,63,3.346513965574257e-05,1,5,External
JNJ,TRV,-0.4353214280516931,63,0.00040612247288259026,1,5,External
JNJ,USB,-0.609956247537098,63,1.4205185953357903e-07,1,5,External
JNJ,VICI,-0.49572786801796304,63,4.18747123013984e-05,1,5,External
JNJ,VRTX,0.4450547310134343,63,0.00028960786242114957,1,1,Internal
JNJ,VTR,-0.4181910294186495,63,0.000718919502102093,1,15,External
JNJ,VTRS,-0.4614426829625909,63,0.00016011126193732944,1,5,External
JNJ,WAB,-0.4015114999325851,63,0.0012188442374413736,1,15,External
JNJ,WBD,-0.4348255241105442,63,0.00041306831030368026,1,15,External
JNJ,WFC,-0.53484044925113,63,7.529139744224289e-06,1,5,External
JNJ,WMT,0.4247089889478703,63,0.0005805561387950453,1,1,Internal
JNJ,WRB,-0.5212078327507933,63,1.4027430035407798e-05,1,5,External
JNJ,WST,0.47290866310662455,63,0.00010386233734278359,1,1,Internal
JNJ,WY,-0.40598491729166575,63,0.0010607403261773591,1,15,External
JPM,KEY,0.7965572614477413,63,9.826237491515114e-15,5,5,Internal
JPM,KIM,0.5793572307256359,63,8.072216320657951e-07,5,15,External
JPM,KMB,-0.45753105355603607,63,0.00018494461659768465,5,1,External
JPM,KMI,0.44418650998591286,63,0.00029859895331306544,5,11,External
JPM,L,0.5209206136503534,63,1.4208456475504182e-05,5,5,Internal
JPM,LKQ,0.435897805261033,63,0.00039818319174466337,5,15,External
JPM,LUV,0.5231097886332219,63,1.2881722149218388e-05,5,5,Internal
JPM,LYB,0.5243390379655237,63,1.2188187905346518e-05,5,5,Internal
JPM,MET,0.7350814298470902,63,1.0278127320103607e-11,5,5,Internal
JPM,MHK,0.4968445325751224,63,3.9987085880051804e-05,5,15,External
JPM,MLM,0.5533287358935246,63,3.097021828419168e-06,5,5,Internal
JPM,MOS,0.5557923407987955,63,2.7401680185126653e-06,5,5,Internal
JPM,MS,0.6020713926350743,63,2.261757995166571e-07,5,5,Internal
JPM,MSFT,-0.7247990250577554,63,2.7313069095695816e-11,5,1,External
JPM,MTB,0.8019970022499042,63,4.740801475513397e-15,5,5,Internal
JPM,NFLX,-0.4932123070397153,63,4.643277229422098e-05,5,1,External
JPM,NSC,0.40080427830757365,63,0.0012456946334564304,5,20,External
JPM,NTRS,0.574885686721909,63,1.0254215787287745e-06,5,5,Internal
JPM,NUE,0.4463407535693761,63,0.0002767436543186223,5,5,Internal
JPM,NVDA,-0.633038181600771,63,3.374551018951261e-08,5,1,External
JPM,O,0.4440786202032706,63,0.0002997338523565396,5,15,External
JPM,OMC,0.4870878581118585,63,5.951365371549986e-05,5,5,Internal
JPM,PCAR,0.4407276945251338,63,0.0003370037455204115,5,20,External
JPM,PFG,0.6440446146820771,63,1.6293821972657948e-08,5,5,Internal
JPM,PH,0.5514921294258297,63,3.3908214614619396e-06,5,15,External
JPM,PKG,0.5735361148271421,63,1.1014444223377999e-06,5,20,External
JPM,PNC,0.8007523599331822,63,5.612214497292825e-15,5,5,Internal
JPM,PPG,0.4649056592168313,63,0.0001407185654559281,5,5,Internal
JPM,PRU,0.6797450915383697,63,1.2389930465500938e-09,5,5,Internal
JPM,PSKY,0.4165307884957322,63,0.000758632917036499,5,5,Internal
JPM,REG,0.5110354115622087,63,2.1936483940220374e-05,5,15,External
JPM,RF,0.8292034810712985,63,8.540757096731925e-17,5,5,Internal
JPM,RJF,0.6670205705674733,63,3.230842570523904e-09,5,5,Internal
JPM,RL,0.5578659929127112,63,2.4699888113016676e-06,5,15,External
JPM,RSG,0.4378987186370107,63,0.00037170601702447793,5,7,External
JPM,SCHW,0.4235691090958004,63,0.0006028566474647047,5,5,Internal
JPM,SNA,0.4815294857851581,63,7.424850056832821e-05,5,15,External
JPM,SNPS,-0.6144483108159157,63,1.0836400950103886e-07,5,1,External
JPM,SPG,0.49347647499094577,63,4.593342804202077e-05,5,15,External
JPM,STT,0.5427650946693735,63,5.17822070466749e-06,5,5,Internal
JPM,SWK,0.4575243426813145,63,0.0001849900968126502,5,5,Internal
JPM,SYF,0.6750375932456883,63,1.7760173397640897e-09,5,5,Internal
JPM,SYY,0.4831574718477587,63,6.961786744006724e-05,5,15,External
JPM,T,0.5194972924929863,63,1.5138009366767473e-05,5,5,Internal
JPM,TDG,0.5540279443991347,63,2.9915603972062158e-06,5,5,Internal
JPM,TECH,-0.4556434801507562,63,0.0001981483966885954,5,1,External
JPM,TEL,0.419040218651016,63,0.0006993429841134497,5,15,External
JPM,TFC,0.8515980617198444,63,1.7692652092879663e-18,5,5,Internal
JPM,TPR,0.41416244607666935,63,0.0008187231247750084,5,15,External
JPM,TRV,0.6426759233903987,63,1.7866188212996126e-08,5,5,Internal
JPM,TT,0.43246773357991897,63,0.0004475950890606732,5,20,External
JPM,TXT,0.648141302314909,63,1.2333007615536051e-08,5,5,Internal
JPM,TYL,-0.4418892836288652,63,0.000323630947226296,5,1,External
JPM,UAL,0.4860221640265206,63,6.211044215538304e-05,5,5,Internal
JPM,UDR,0.4445848213781534,63,0.00029444297455457453,5,15,External
JPM,USB,0.8844669494049772,63,1.582295002067683e-21,5,5,Internal
JPM,VICI,0.4810203310764128,63,7.575398526721164e-05,5,5,Internal
JPM,VMC,0.4814898231796757,63,7.436477845387491e-05,5,5,Internal
JPM,VRSN,-0.46225516208298756,63,0.0001553532515256122,5,1,External
JPM,VRTX,-0.4627358700501249,63,0.00015259956606564982,5,1,External
JPM,VTR,0.4825476149574623,63,7.132042078735197e-05,5,15,External
JPM,VTRS,0.409712425141564,63,0.0009433926393849109,5,5,Internal
JPM,WAB,0.5183423141362343,63,1.5933500020269576e-05,5,15,External
JPM,WBD,0.4465531467488155,63,0.00027466998967357075,5,15,External
JPM,WELL,0.4386614399917844,63,0.00036204290825947547,5,15,External
JPM,WFC,0.8700637761257112,63,4.333937013319425e-20,5,5,Internal
JPM,WMB,0.41276009148186893,63,0.0008563006297995205,5,11,External
JPM,WMT,-0.43279812641350207,63,0.0004426038185669772,5,1,External
JPM,WRB,0.462439460088751,63,0.00015429217738953087,5,5,Internal
JPM,WY,0.4244851161782681,63,0.0005848759801162108,5,15,External
JPM,XOM,0.4042599530342269,63,0.0011193723178407188,5,11,External
K,KHC,0.4695850913673705,63,0.00011793094282495781,1,1,Internal
K,MDLZ,0.5463180809287314,63,4.364590529818089e-06,1,1,Internal
K,PG,0.40555350601324003,63,0.001075138459482542,1,1,Internal
K,PM,0.40557801290827905,63,0.0010743158586991397,1,7,External
K,SJM,0.4981066961705457,63,3.7948398378194924e-05,1,1,Internal
KDP,STZ,0.4674505981867876,63,0.00012786807112351027,1,15,External
KEY,KIM,0.6205307063015836,63,7.460100822498907e-08,5,15,External
KEY,KMB,-0.5027538505868682,63,3.124222745447524e-05,5,1,External
KEY,L,0.5359869762399248,63,7.136409506455993e-06,5,5,Internal
KEY,LKQ,0.4990093639051885,63,3.6549818711148435e-05,5,15,External
KEY,LUV,0.5904432815236867,63,4.391312454040642e-07,5,5,Internal
KEY,LVS,0.4770354195129515,63,8.854480638889226e-05,5,15,External
KEY,LYB,0.5805402406880176,63,7.572563117573897e-07,5,5,Internal
KEY,LYV,0.47763830020177384,63,8.648992831785128e-05,5,15,External
KEY,MAR,0.4124630301247576,63,0.0008644579951764938,5,15,External
KEY,MET,0.8061983073268827,63,2.6583142903933777e-15,5,5,Internal
KEY,MGM,0.44114785323059236,63,0.0003321095833349717,5,15,External
KEY,MHK,0.602961016953418,63,2.1474735712778636e-07,5,15,External
KEY,MLM,0.5334691262010982,63,8.025296182766037e-06,5,5,Internal
KEY,MOS,0.5488030498556213,63,3.8682555196830745e-06,5,5,Internal
KEY,MS,0.6077944457135878,63,1.615755300793511e-07,5,5,Internal
KEY,MSFT,-0.7574900828919793,63,1.0358307945017017e-12,5,1,External
KEY,MTB,0.8352457355545622,63,3.17819748392849e-17,5,5,Internal
KEY,MTCH,-0.4082458396169775,63,0.0009880872640108866,5,1,External
KEY,NCLH,0.486783316072101,63,6.02453198322273e-05,5,15,External
KEY,NTRS,0.6416525900864356,63,1.913443583016141e-08,5,5,Internal
KEY,NUE,0.5172112732086134,63,1.674997851396294e-05,5,5,Internal
KEY,NVDA,-0.5857493542819611,63,5.69825383011857e-07,5,1,External
KEY,O,0.4401830055166934,63,0.0003434463512064521,5,15,External
KEY,OMC,0.5202195211264696,63,1.4659492733415497e-05,5,5,Internal
KEY,PCAR,0.530715879353054,63,9.114703837621618e-06,5,20,External
KEY,PEP,-0.4304842183739346,63,0.0004786517910581468,5,1,External
KEY,PFG,0.6800056594071353,63,1.2143087046150873e-09,5,5,Internal
KEY,PH,0.5333085666762015,63,8.085338596381483e-06,5,15,External
KEY,PKG,0.4829090475553727,63,7.030682577013387e-05,5,20,External
KEY,PNC,0.7951630600079491,63,1.1802627605685162e-14,5,5,Internal
KEY,PNR,0.495477089746719,63,4.230980530304976e-05,5,20,External
KEY,PPG,0.403638049794272,63,0.0011412167950180829,5,5,Internal
KEY,PRU,0.73766337535859,63,7.984462331824933e-12,5,5,Internal
KEY,PSKY,0.5617709636526601,63,2.027536510467385e-06,5,5,Internal
KEY,RCL,0.47127902159782686,63,0.0001105554293341573,5,15,External
KEY,REG,0.5849461217393948,63,5.95560446864229e-07,5,15,External
KEY,RF,0.9165759231452826,63,1.4523999401148106e-25,5,5,Internal
KEY,RJF,0.674133537116528,63,1.9017517624035895e-09,5,5,Internal
KEY,RL,0.5673226079517674,63,1.5247369606182494e-06,5,15,External
KEY,RTX,0.41741473093240644,63,0.0007372483242416867,5,15,External
KEY,SCHW,0.5446433852556304,63,4.731955889845549e-06,5,5,Internal
KEY,SLB,0.5141114451694488,63,1.919113893507973e-05,5,11,External
KEY,SNA,0.5193883155125594,63,1.521145992856831e-05,5,15,External
KEY,SNPS,-0.55055300214972,63,3.550923943308157e-06,5,1,External
KEY,SPG,0.554776908112917,63,2.8823234725413357e-06,5,15,External
KEY,STT,0.5916085886827329,63,4.1136430254433454e-07,5,5,Internal
KEY,SWK,0.5522875161680499,63,3.260525155218273e-06,5,5,Internal
KEY,SYF,0.692167956811476,63,4.637076313199113e-10,5,5,Internal
KEY,SYY,0.47521577430462414,63,9.502258978128453e-05,5,15,External
KEY,T,0.5451283021178476,63,4.622719623188393e-06,5,5,Internal
KEY,TAP,0.423460090025025,63,0.0006050296777710205,5,5,Internal
KEY,TDG,0.5363262269967134,63,7.023915348607734e-06,5,5,Internal
KEY,TECH,-0.5002159584257565,63,3.475475293240106e-05,5,1,External
KEY,TEL,0.48453785541899985,63,6.590168263446567e-05,5,15,External
KEY,TFC,0.8805713103102668,63,4.038667188713618e-21,5,5,Internal
KEY,TMO,-0.4988134451633179,63,3.684925685854736e-05,5,1,External
KEY,TPR,0.5281395969659022,63,1.0257330529329554e-05,5,15,External
KEY,TRMB,0.43025787950002564,63,0.0004823174185397802,5,5,Internal
KEY,TRV,0.625541468949716,63,5.451903128185062e-08,5,5,Internal
KEY,TSN,0.5461691769885074,63,4.3961429204410085e-06,5,5,Internal
KEY,TT,0.4219948356029133,63,0.0006349334296418966,5,20,External
KEY,TTWO,-0.42824670655563035,63,0.0005160271556375395,5,1,External
KEY,TXT,0.7038192584220544,63,1.7625070277299378e-10,5,5,Internal
KEY,UAL,0.5904551706645155,63,4.3883926350423104e-07,5,5,Internal
KEY,USB,0.8357712639254115,63,2.910883488340001e-17,5,5,Internal
KEY,VICI,0.4856517435264711,63,6.303725648553039e-05,5,5,Internal
KEY,VMC,0.4675174606455588,63,0.00012754547195703068,5,5,Internal
KEY,VRSN,-0.578832490199364,63,8.30360583975272e-07,5,1,External
KEY,VRTX,-0.5097424545446912,63,2.3195685711476103e-05,5,1,External
KEY,VTR,0.43055562203438114,63,0.0004775006521669001,5,15,External
KEY,VTRS,0.5209845683318086,63,1.4167960704403828e-05,5,5,Internal
KEY,WAB,0.6586772926713315,63,5.908502434929841e-09,5,15,External
KEY,WBD,0.5454195463571543,63,4.558247622065792e-06,5,15,External
KEY,WELL,0.4019048112976046,63,0.001204138242711306,5,15,External
KEY,WFC,0.7887611934678771,63,2.6898820680438195e-14,5,5,Internal
KEY,WMT,-0.5168989187971472,63,1.6982212551229426e-05,5,1,External
KEY,WRB,0.5017398108428969,63,3.260427287653503e-05,5,5,Internal
KEY,WY,0.49770859655576744,63,3.858079936922495e-05,5,15,External
KEY,WYNN,0.44681337405536137,63,0.0002721486525058055,5,15,External
KEY,XOM,0.42689689043852486,63,0.0005398370936594973,5,11,External
KEYS,KLAC,0.4522079548697794,63,0.00022441686838757668,0,0,Internal
KEYS,LRCX,0.42413939100763465,63,0.0005916043928832348,0,0,Internal
KEYS,MET,-0.4471140266579151,63,0.0002692619656848379,0,5,External
KEYS,NCLH,-0.4648389524706482,63,0.00014107080226126868,0,15,External
KEYS,PFG,-0.4221859322607931,63,0.0006309588946825217,0,5,External
KEYS,PRU,-0.5093471422965952,63,2.3593853189741983e-05,0,5,External
KEYS,PSKY,-0.41909682260047154,63,0.0006980554076963724,0,5,External
KEYS,RCL,-0.4827505986810966,63,7.074953103252548e-05,0,15,External
KEYS,REG,-0.5024636374726165,63,3.162655635654373e-05,0,15,External
KEYS,SPG,-0.5006197470015039,63,3.417248999651243e-05,0,15,External
KEYS,TER,0.4234229285085741,63,0.000605772024179961,0,0,Internal
KEYS,TFC,-0.4283955606869254,63,0.0005134607256198834,0,5,External
KEYS,TRV,-0.4137847493953575,63,0.0008286943217787806,0,5,External
KEYS,UAL,-0.4250580770200882,63,0.000573877884925693,0,5,External
KHC,MA,-0.5159546903505041,63,1.7702547521899734e-05,1,1,Internal
KHC,NOW,-0.4555637352958242,63,0.00019872476684981298,1,1,Internal
KHC,PYPL,-0.44113797405111055,63,0.00033222391161178046,1,1,Internal
KHC,TAP,0.4700079549718565,63,0.00011604857747513207,1,5,External
KHC,V,-0.4755393502413209,63,9.383972354511257e-05,1,1,Internal
KHC,XYZ,-0.49623159286112883,63,4.101323604555595e-05,1,1,Internal
KIM,KMB,-0.49019680986967545,63,5.249942588578889e-05,15,1,External
KIM,L,0.4976630571845062,63,3.8653758844800986e-05,15,5,External
KIM,LEN,0.4186607608122034,63,0.000708030238646799,15,15,Internal
KIM,LKQ,0.5350768964980638,63,7.446535741892456e-06,15,15,Internal
KIM,LUV,0.6680623312885978,63,2.9922401921163687e-09,15,5,External
KIM,LVS,0.5119237746221325,63,2.1108383942639114e-05,15,15,Internal
KIM,LW,0.49432320765333937,63,4.436613504414297e-05,15,15,Internal
KIM,LYB,0.6854797014700255,63,7.918517132607827e-10,15,5,External
KIM,LYV,0.6724197011147167,63,2.163643850269928e-09,15,15,Internal
KIM,MAA,0.4602528025206997,63,0.00016732086252367747,15,15,Internal
KIM,MAR,0.5314125235557933,63,8.826745903234725e-06,15,15,Internal
KIM,MET,0.7293870245496347,63,1.7756490604968795e-11,15,5,External
KIM,MGM,0.4648619834335796,63,0.00014094909872520308,15,15,Internal
KIM,MHK,0.6116130376317106,63,1.2861746128650002e-07,15,15,Internal
KIM,MLM,0.5538943635185982,63,3.011445304131824e-06,15,5,External
KIM,MOS,0.6861117601696035,63,7.53259818754552e-10,15,5,External
KIM,MPC,0.5309290421930174,63,9.025677557663127e-06,15,11,External
KIM,MSFT,-0.5679778730224114,63,1.4737935843251565e-06,15,1,External
KIM,MTB,0.6696391829420956,63,2.6626281317438552e-09,15,5,External
KIM,NCLH,0.6251328127606498,63,5.594304223320684e-08,15,15,Internal
KIM,NFLX,-0.43263746212439486,63,0.00044502462811219596,15,1,External
KIM,NUE,0.4449362504520734,63,0.000290820080203132,15,5,External
KIM,NVDA,-0.5432469154238216,63,5.060143887752611e-06,15,1,External
KIM,NVR,0.41079572873640086,63,0.0009115595549915074,15,15,Internal
KIM,NWS,0.546632123319159,63,4.298737496185337e-06,15,15,Internal
KIM,NWSA,0.5347935156654433,63,7.5456374286312446e-06,15,15,Internal
KIM,O,0.5933094176123404,63,3.73784784972413e-07,15,15,Internal
KIM,OMC,0.48690256909039153,63,5.995782994976118e-05,15,5,External
KIM,ON,0.46974602304331187,63,0.00011721127778807123,15,0,External
KIM,OTIS,0.40304561876401923,63,0.001162382420704321,15,15,Internal
KIM,PFG,0.7967502912660703,63,9.57897650689866e-15,15,5,External
KIM,PH,0.6277125698405349,63,4.750983647103789e-08,15,15,Internal
KIM,PHM,0.465001644178635,63,0.00014021314482455492,15,15,Internal
KIM,PKG,0.49826952614142556,63,3.769250874474636e-05,15,20,External
KIM,PNC,0.4740225192690439,63,9.950424203973899e-05,15,5,External
KIM,PNR,0.5038870677612574,63,2.9782542348325413e-05,15,20,External
KIM,PODD,-0.41739190635911927,63,0.0007377935683523088,15,1,External
KIM,PPG,0.4043675032295711,63,0.0011156330393449132,15,5,External
KIM,PPL,0.41328040619474643,63,0.0008421801461957524,15,7,External
KIM,PRU,0.7005588076875309,63,2.32119021230403e-10,15,5,External
KIM,PSKY,0.4908810010914504,63,5.1062049785432186e-05,15,5,External
KIM,RCL,0.5783212534161895,63,8.535013893750815e-07,15,15,Internal
KIM,REG,0.872598613127566,63,2.4925127259426865e-20,15,15,Internal
KIM,REGN,-0.5661237967618624,63,1.6222330458460896e-06,15,1,External
KIM,RF,0.6499886429394433,63,1.0862493025826369e-08,15,5,External
KIM,RJF,0.5593594460356821,63,2.291066828916219e-06,15,5,External
KIM,RL,0.5965263592920523,63,3.1136696546652814e-07,15,15,Internal
KIM,RTX,0.42334721668798786,63,0.0006072870161771469,15,15,Internal
KIM,SJM,-0.46658682756939196,63,0.00013210352651376594,15,1,External
KIM,SNA,0.5573611533160766,63,2.533368926627305e-06,15,15,Internal
KIM,SNPS,-0.45087595591078494,63,0.00023543120697836904,15,1,External
KIM,SPG,0.7962983685007642,63,1.016747988582157e-14,15,15,Internal
KIM,SWK,0.5429788700121627,63,5.12551840114629e-06,15,5,External
KIM,SYF,0.6372703512483499,63,2.559279439531027e-08,15,5,External
KIM,SYY,0.44200525882700914,63,0.0003223227133031975,15,15,Internal
KIM,T,0.4188434508055465,63,0.000703835635571634,15,5,External
KIM,TDG,0.5547252155294288,63,2.8897414144171325e-06,15,5,External
KIM,TECH,-0.4686586484605765,63,0.00012215343703637452,15,1,External
KIM,TEL,0.5627466367110205,63,1.9292059333095722e-06,15,15,Internal
KIM,TFC,0.6177961748046238,63,8.832150214334394e-08,15,5,External
KIM,TJX,0.4055086771574158,63,0.0010766446584924458,15,15,Internal
KIM,TMO,-0.5112847244778713,63,2.1701092956796175e-05,15,1,External
KIM,TPR,0.6847480652769492,63,8.388685167870037e-10,15,15,Internal
KIM,TRMB,0.4054140674030466,63,0.0010798296843122102,15,5,External
KIM,TRV,0.5215876047534742,63,1.3791359643975488e-05,15,5,External
KIM,TT,0.4333029641331171,63,0.0004350749173032753,15,20,External
KIM,TTWO,-0.4731945919754925,63,0.00010272716728526896,15,1,External
KIM,TXT,0.6421231868999299,63,1.854098730156939e-08,15,5,External
KIM,UAL,0.7167022332373995,63,5.720787897603437e-11,15,5,External
KIM,UDR,0.5530245194838957,63,3.1439828236854093e-06,15,15,Internal
KIM,URI,0.444459193455718,63,0.00029574803983129704,15,15,Internal
KIM,USB,0.6313259049414053,63,3.7695629835793296e-08,15,5,External
KIM,VICI,0.6144126463309975,63,1.0859896278673268e-07,15,5,External
KIM,VLO,0.480164745602538,63,7.834729204494366e-05,15,11,External
KIM,VMC,0.4252553283714477,63,0.0005701352504163307,15,5,External
KIM,VRSN,-0.6190359157494778,63,8.182987979203319e-08,15,1,External
KIM,VRTX,-0.6348246545295841,63,3.0042969292227095e-08,15,1,External
KIM,VTR,0.7485486430114361,63,2.663470463605112e-12,15,15,Internal
KIM,VTRS,0.4151706474089585,63,0.0007926356148903043,15,5,External
KIM,WAB,0.6754562971278775,63,1.720496114377001e-09,15,15,Internal
KIM,WBD,0.42150349173101676,63,0.0006452570840917252,15,15,Internal
KIM,WELL,0.7069744398101612,63,1.3454601853559294e-10,15,15,Internal
KIM,WFC,0.6062433347347154,63,1.7711237246861937e-07,15,5,External
KIM,WMT,-0.4944972240797088,63,4.405021833776968e-05,15,1,External
KIM,WRB,0.5173156954827515,63,1.6673001116719396e-05,15,5,External
KIM,WST,-0.4505499229742861,63,0.00023820142715918992,15,1,External
KIM,WY,0.48316719387717916,63,6.959103219007244e-05,15,15,Internal
KIM,WYNN,0.4139441409440901,63,0.0008244730706366067,15,15,Internal
KIM,ZBRA,0.40002505665661997,63,0.001275893904390227,15,15,Internal
KLAC,LRCX,0.7774480362275105,63,1.0783523487227774e-13,0,0,Internal
KLAC,MCHP,0.5536648449243251,63,3.0459002958910764e-06,0,0,Internal
KLAC,MPWR,0.5335384125059107,63,7.999514552499027e-06,0,0,Internal
KLAC,MU,0.445168723414702,63,0.000288445920256674,0,0,Internal
KLAC,NXPI,0.41485045427028755,63,0.0008008380583577869,0,0,Internal
KLAC,ON,0.5262250995344929,63,1.1191279690050557e-05,0,0,Internal
KLAC,QCOM,0.4025424821707409,63,0.0011806347554017217,0,0,Internal
KLAC,SWKS,0.6196668647115655,63,7.870150749736901e-08,0,0,Internal
KLAC,TER,0.5680739288592316,63,1.4664611600252733e-06,0,0,Internal
KLAC,TXN,0.4389676642708443,63,0.00035822809936586025,0,0,Internal
KMB,LUV,-0.4235105566279804,63,0.0006040228671089806,1,5,External
KMB,LVS,-0.4491993159562453,63,0.0002499975333095009,1,15,External
KMB,MDLZ,0.5002255911420209,63,3.4740756322929e-05,1,1,Internal
KMB,MET,-0.4698676704815253,63,0.00011666996719217951,1,5,External
KMB,MHK,-0.5251139541655663,63,1.176899921327626e-05,1,15,External
KMB,MNST,0.4162810754889557,63,0.0007647748884676332,1,1,Internal
KMB,MTB,-0.4223967651438771,63,0.0006266000545586414,1,5,External
KMB,NCLH,-0.43749519560689176,63,0.0003769128417693144,1,15,External
KMB,PEP,0.6277307839988474,63,4.745480586120043e-08,1,1,Internal
KMB,PG,0.6171704450225147,63,9.177955010764504e-08,1,1,Internal
KMB,REG,-0.4917443446249775,63,4.9300169615388153e-05,1,15,External
KMB,REGN,0.43782961215901023,63,0.0003725930501964675,1,1,Internal
KMB,RF,-0.5422723474062924,63,5.301629990772685e-06,1,5,External
KMB,RL,-0.4158300355867214,63,0.000775982854748016,1,15,External
KMB,SJM,0.4531277080321939,63,0.00021708872424192386,1,1,Internal
KMB,SNA,-0.5118498034994409,63,2.1176214246400516e-05,1,15,External
KMB,SYF,-0.44792909296766187,63,0.00026157630147159196,1,5,External
KMB,TFC,-0.4624388248022852,63,0.00015429582353163315,1,5,External
KMB,UAL,-0.4440138432726854,63,0.00030041713461408326,1,5,External
KMB,USB,-0.44768886093035226,63,0.0002638204713552748,1,5,External
KMB,VRSN,0.41219712878197357,63,0.000871819186986039,1,1,Internal
KMB,VRTX,0.4723275721194998,63,0.00010620495955498975,1,1,Internal
KMB,VTR,-0.4225945318867893,63,0.0006225361823084667,1,15,External
KMB,WFC,-0.51296156816905,63,2.0177747785211855e-05,1,5,External
KMB,WMT,0.530872903610712,63,9.049044670452095e-06,1,1,Internal
KMI,MET,0.505757452440971,63,2.7510743531469578e-05,11,5,External
KMI,MSFT,-0.42183742501543564,63,0.0006382243747529877,11,1,External
KMI,OKE,0.5065072656838787,63,2.6645951987459668e-05,11,11,Internal
KMI,OXY,0.4622010814684723,63,0.00015566588196513228,11,11,Internal
KMI,PNC,0.4205798608658043,63,0.0006650762828029323,11,5,External
KMI,POOL,-0.4326252795430438,63,0.0004452086794748768,11,1,External
KMI,PRU,0.5554195663025069,63,2.7915752833817216e-06,11,5,External
KMI,PSKY,0.476030131516753,63,9.20714609118127e-05,11,5,External
KMI,TFC,0.43655559139197025,63,0.0003892953712978297,11,5,External
KMI,TRGP,0.4204522985223046,63,0.0006678564293847339,11,11,Internal
KMI,TRV,0.4485894957325768,63,0.00025549660713156726,11,5,External
KMI,UNH,-0.4703861806492008,63,0.0001143883504647423,11,1,External
KMI,WMB,0.5825818615246872,63,6.777891503376602e-07,11,11,Internal
KO,LNT,0.44669772837349486,63,0.00027326651994758546,7,7,Internal
KO,MSFT,-0.4028140856210602,63,0.001170749967630896,7,1,External
KO,NOW,-0.5170856177044778,63,1.6843045953979514e-05,7,1,External
KO,PEG,0.4405708857426874,63,0.00033884709815613803,7,7,Internal
KO,PM,0.5181199118435513,63,1.609106849148853e-05,7,7,Internal
KO,SNPS,-0.40352450086534747,63,0.0011452464293998195,7,1,External
KR,O,-0.427469376321329,63,0.0005296195763142942,1,15,External
KR,PAYC,-0.4942177725680973,63,4.455856362808536e-05,1,15,External
KR,SJM,0.42503048318057435,63,0.0005744032223520918,1,1,Internal
KR,VRTX,0.4753306339494371,63,9.46011464735768e-05,1,1,Internal
KR,WELL,-0.4067463343383275,63,0.0010357519880995693,1,15,External
L,LLY,-0.4104400277502812,63,0.0009219032770571767,5,1,External
L,LUV,0.46585720520307594,63,0.00013578114049403852,5,5,Internal
L,LYB,0.5363913481674807,63,7.002511379630664e-06,5,5,Internal
L,MET,0.5846869961447159,63,6.040928474562462e-07,5,5,Internal
L,MHK,0.45714569153864293,63,0.00018757290925746497,5,15,External
L,MLM,0.5719844480531004,63,1.1953722253590865e-06,5,5,Internal
L,MPC,0.5200528759447621,63,1.4768640285624269e-05,5,11,External
L,MSFT,-0.5316153617796601,63,8.744508685665647e-06,5,1,External
L,MTB,0.5992645708364482,63,2.661006456677278e-07,5,5,Internal
L,NCLH,0.6326693683328747,63,3.456176529279929e-08,5,15,External
L,NFLX,-0.43399815532283753,63,0.00042489782554583567,5,1,External
L,NTRS,0.42944402807164284,63,0.0004957097837937381,5,5,Internal
L,NVDA,-0.47913054693222074,63,8.159107824687199e-05,5,1,External
L,OMC,0.4962796466209583,63,4.093191594744534e-05,5,5,Internal
L,OXY,0.46127529440086135,63,0.00016110796581197663,5,11,External
L,PFG,0.5868933734904971,63,5.34969783716182e-07,5,5,Internal
L,PH,0.44613624591542206,63,0.00027875383048946465,5,15,External
L,PKG,0.5048626177325818,63,2.8576804975588904e-05,5,20,External
L,PNC,0.5508714384084301,63,3.4958620746141765e-06,5,5,Internal
L,PRU,0.5454044802687152,63,4.561562073388219e-06,5,5,Internal
L,PSKY,0.5023691734188362,63,3.1752596170049075e-05,5,5,Internal
L,PSX,0.4225537378474597,63,0.0006233724899349,5,11,External
L,RCL,0.5168683358343378,63,1.700511080484471e-05,5,15,External
L,REG,0.5031268746876474,63,3.075458246765725e-05,5,15,External
L,RF,0.5168666863406057,63,1.7006346637791112e-05,5,5,Internal
L,RJF,0.5416989466982681,63,5.448691318108937e-06,5,5,Internal
L,RL,0.4305098470843503,63,0.0004782383262062981,5,15,External
L,RMD,-0.4515233206250087,63,0.0002300178390038462,5,1,External
L,SLB,0.5031132691920198,63,3.077224403660295e-05,5,11,External
L,SNA,0.5210146989831379,63,1.4148919323033876e-05,5,15,External
L,SNPS,-0.43609301074274304,63,0.0003955265446963102,5,1,External
L,SPG,0.5665152629226213,63,1.5897719575827894e-06,5,15,External
L,STT,0.4728169990317706,63,0.000104228688754033,5,5,Internal
L,SWK,0.5001002902134017,63,3.492323014392873e-05,5,5,Internal
L,SYF,0.5776956713491318,63,8.826411673653207e-07,5,5,Internal
L,SYY,0.41328477091323473,63,0.0008420625904079942,5,15,External
L,T,0.41294168791813746,63,0.0008513482797958068,5,5,Internal
L,TAP,0.41766674940729315,63,0.0007312521884314847,5,5,Internal
L,TDG,0.442776290988937,63,0.00031374715902572625,5,5,Internal
L,TECH,-0.44229428745439586,63,0.00031908334845774373,5,1,External
L,TFC,0.5512121176027177,63,3.437837862497189e-06,5,5,Internal
L,TMO,-0.40749459228485324,63,0.0010117139436690646,5,1,External
L,TPR,0.4175358936878758,63,0.0007343600335848608,5,15,External
L,TROW,0.4525007547931181,63,0.00022205979366587934,5,5,Internal
L,TRV,0.7333781479430549,63,1.2121843616340472e-11,5,5,Internal
L,TXT,0.5751652542990594,63,1.0103012828166277e-06,5,5,Internal
L,UAL,0.5286610079466524,63,1.0015838429870204e-05,5,5,Internal
L,USB,0.6187153482932951,63,8.346390003834871e-08,5,5,Internal
L,VLO,0.4759090637083531,63,9.250479033212018e-05,5,11,External
L,VMC,0.4408506120093003,63,0.00033556519668530337,5,5,Internal
L,VRTX,-0.45867413302230114,63,0.00017734562074096834,5,1,External
L,VTR,0.44135114147123833,63,0.00032976495009819654,5,15,External
L,WAB,0.5275371709384455,63,1.0543086682332104e-05,5,15,External
L,WBD,0.4861200454070691,63,6.186764551822063e-05,5,15,External
L,WELL,0.42358591884784846,63,0.0006025222164877193,5,15,External
L,WFC,0.588031639179244,63,5.022847284718252e-07,5,5,Internal
L,WRB,0.6258414161759707,63,5.349567963721253e-08,5,5,Internal
L,WST,-0.5260198671884366,63,1.1295959423368817e-05,5,1,External
L,WY,0.5364603841436679,63,6.97988707741761e-06,5,15,External
L,XOM,0.4482953171257774,63,0.0002581886977125471,5,11,External
LDOS,LULU,0.4657380924591164,63,0.00013639036782186665,15,15,Internal
LDOS,QCOM,-0.4142679255811253,63,0.0008159579092087435,15,0,External
LEN,LKQ,0.46572205192568933,63,0.00013647260195923789,15,15,Internal
LEN,MAA,0.5049784571976688,63,2.8436675656795717e-05,15,15,Internal
LEN,MAR,0.4258150801044474,63,0.000559634850195367,15,15,Internal
LEN,MAS,0.4107406475422687,63,0.0009131544168382539,15,15,Internal
LEN,NSC,0.41209284197262763,63,0.0008747216833273917,15,20,External
LEN,NVR,0.7201390673674338,63,4.193058439572396e-11,15,15,Internal
LEN,O,0.42392416023612667,63,0.0005958285413693725,15,15,Internal
LEN,OMC,0.41217702034386267,63,0.000872378164197072,15,5,External
LEN,PHM,0.8315921142472427,63,5.805080627865133e-17,15,15,Internal
LEN,REG,0.43571749619232764,63,0.00040065152905763524,15,15,Internal
LEN,RTX,0.4662334741200973,63,0.00013387300582257076,15,15,Internal
LEN,SNA,0.41253663176645194,63,0.0008624303619669015,15,15,Internal
LEN,STZ,0.4689847443928856,63,0.00012065158725144695,15,15,Internal
LEN,SWK,0.5216187657257949,63,1.3772154472293843e-05,15,5,External
LEN,TEL,0.4519927512003564,63,0.00022616385105737218,15,15,Internal
LEN,TJX,0.439103741088398,63,0.00035654469839951295,15,15,Internal
LEN,TPR,0.46516139924370736,63,0.00013937562771208615,15,15,Internal
LEN,UHS,0.4643915296759252,63,0.00014345435745984924,15,15,Internal
LEN,ULTA,0.4775718562262008,63,8.671422571671703e-05,15,15,Internal
LEN,VICI,0.40522705183715163,63,0.0010861505389427094,15,5,External
LEN,VTR,0.47397270936450714,63,9.969547921117913e-05,15,15,Internal
LEN,WAB,0.4782086282132688,63,8.458650557190448e-05,15,15,Internal
LEN,WELL,0.5656335435262356,63,1.663761317385717e-06,15,15,Internal
LEN,ZBRA,0.4828340246551939,63,7.051612005386336e-05,15,15,Internal
LH,MAS,0.4325305635618731,63,0.00044664198786521943,15,15,Internal
LH,YUM,0.43904001189501185,63,0.0003573321901690997,15,7,External
LHX,LMT,0.6693633459945361,63,2.7176841969663645e-09,7,20,External
LHX,NOC,0.618731718882446,63,8.33797143481283e-08,7,20,External
LHX,WM,0.4136173939477648,63,0.0008331475030932879,7,7,Internal
LHX,XEL,0.4732919491074878,63,0.00010234325998187861,7,7,Internal
LKQ,LUV,0.40678363062352,63,0.001034541743052569,15,5,External
LKQ,LVS,0.4317264689047339,63,0.0004589802167118774,15,15,Internal
LKQ,LYB,0.43678696090236296,63,0.0003862123747922735,15,5,External
LKQ,LYV,0.4445442299082558,63,0.00029486407648809574,15,15,Internal
LKQ,MAR,0.5811992104315821,63,7.306980940373114e-07,15,15,Internal
LKQ,MAS,0.4524645177091262,63,0.00022235027351630554,15,15,Internal
LKQ,MDLZ,-0.4210702538461829,63,0.0006544858275059932,15,1,External
LKQ,MET,0.527056985911848,63,1.0776144746575087e-05,15,5,External
LKQ,MGM,0.5664363101441006,63,1.5962694859689697e-06,15,15,Internal
LKQ,MHK,0.6283940424111233,63,4.5491407261983764e-08,15,15,Internal
LKQ,MLM,0.43088884373100955,63,0.00047216179769452184,15,5,External
LKQ,MOS,0.4808373040936458,63,7.63020022728405e-05,15,5,External
LKQ,MSCI,-0.4075599506004029,63,0.0010096383735072926,15,1,External
LKQ,MSFT,-0.4821937687360683,63,7.232577284514869e-05,15,1,External
LKQ,MTB,0.5809426432175648,63,7.409327677139581e-07,15,5,External
LKQ,NVDA,-0.41230174872804864,63,0.0008689161652800733,15,1,External
LKQ,NVR,0.4438119949316721,63,0.00030255540439499826,15,15,Internal
LKQ,O,0.46074432773931573,63,0.00016430733636182659,15,15,Internal
LKQ,PFG,0.6089518912999856,63,1.5082830106429704e-07,15,5,External
LKQ,PH,0.6361856860889684,63,2.7483497292609032e-08,15,15,Internal
LKQ,PHM,0.5475620973269694,63,4.109126270721549e-06,15,15,Internal
LKQ,PKG,0.5349364406954185,63,7.495502264285817e-06,15,20,External
LKQ,PNC,0.4449785362620237,63,0.0002903869081426302,15,5,External
LKQ,PNR,0.5074881695817656,63,2.5552645678862426e-05,15,20,External
LKQ,PPL,0.4169726788219016,63,0.0007478734082228655,15,7,External
LKQ,PRU,0.45616782113019616,63,0.00019439658554840216,15,5,External
LKQ,PSKY,0.4318842523032406,63,0.0004565349836215642,15,5,External
LKQ,PWR,0.46172727655932067,63,0.00015842963841863986,15,20,External
LKQ,REG,0.6038546662091576,63,2.0381610502666027e-07,15,15,Internal
LKQ,RF,0.5423730092313966,63,5.276198264377285e-06,15,5,External
LKQ,RJF,0.5429454018690052,63,5.133736169929796e-06,15,5,External
LKQ,RL,0.5076995005317914,63,2.532260868663505e-05,15,15,Internal
LKQ,RMD,-0.426073980953732,63,0.000554837748763922,15,1,External
LKQ,RTX,0.44671690325042496,63,0.0002730808800323786,15,15,Internal
LKQ,SNA,0.5500558923972065,63,3.6385027756098214e-06,15,15,Internal
LKQ,SPG,0.46888899901708203,63,0.0001210907781850836,15,15,Internal
LKQ,STT,0.40225398931154294,63,0.0011912164665952949,15,5,External
LKQ,SWK,0.4345964514030051,63,0.0004163131590635505,15,5,External
LKQ,SYF,0.6331384684566786,63,3.352672605982802e-08,15,5,External
LKQ,SYY,0.4849264172318604,63,6.488911628017022e-05,15,15,Internal
LKQ,TDG,0.42156866420930045,63,0.0006438790458574777,15,5,External
LKQ,TEL,0.5200370963034602,63,1.4779014508954875e-05,15,15,Internal
LKQ,TFC,0.4782052763760747,63,8.459757847406931e-05,15,5,External
LKQ,TJX,0.4455312373297392,63,0.0002847789899379667,15,15,Internal
LKQ,TPR,0.5164388348520987,63,1.7329732485707312e-05,15,15,Internal
LKQ,TRMB,0.4621261448245054,63,0.00015610003114458604,15,5,External
LKQ,TROW,0.4837200827995354,63,6.808051728680398e-05,15,5,External
LKQ,TTWO,-0.4383943659985387,63,0.0003654001803809988,15,1,External
LKQ,ULTA,0.4349608328064932,63,0.00041116247351450453,15,15,Internal
LKQ,URI,0.6156239365418912,63,1.0088202491148712e-07,15,15,Internal
LKQ,USB,0.5280200518129541,63,1.0313456209657065e-05,15,5,External
LKQ,VMC,0.46660882508292295,63,0.00013199408337518807,15,5,External
LKQ,VRSN,-0.5027985545189534,63,3.1183411895958824e-05,15,1,External
LKQ,VRTX,-0.46046674668568927,63,0.00016600300444625772,15,1,External
LKQ,WAB,0.6113661740341554,63,1.3054029158833723e-07,15,15,Internal
LKQ,WDC,0.4084053607518293,63,0.0009831348778890558,15,0,External
LKQ,WELL,0.48338130543897767,63,6.900244252744211e-05,15,15,Internal
LKQ,WFC,0.43278682990300676,63,0.00044277363647201185,15,5,External
LKQ,WY,0.41221795935106936,63,0.0008712404771484421,15,15,Internal
LKQ,WYNN,0.4174891876049537,63,0.0007354722028253215,15,15,Internal
LLY,MGM,-0.44041730189617884,63,0.00034066144659490274,1,15,External
LLY,MHK,-0.41096238733997564,63,0.0009067493064479392,1,15,External
LLY,MRK,0.5519183573262219,63,3.32040596458339e-06,1,1,Internal
LLY,MTB,-0.4195543611284953,63,0.0006877262795353655,1,5,External
LLY,ON,-0.4519887143697261,63,0.00022619673981060057,1,0,External
LLY,PSKY,-0.43781241390666825,63,0.0003728141020413898,1,5,External
LLY,RJF,-0.4456083377215301,63,0.0002840046075342089,1,5,External
LLY,RMD,0.4277699445403417,63,0.0005243257434854857,1,1,Internal
LLY,USB,-0.43644934411803793,63,0.00039071860963962987,1,5,External
LLY,VICI,-0.4514048237131958,63,0.00023100013680758558,1,5,External
LLY,WBD,-0.4291318845707592,63,0.0005009352897588417,1,15,External
LMT,NOC,0.7842612652396023,63,4.7196457418919905e-14,20,20,Internal
LMT,PG,0.4096083933784077,63,0.0009465018366144083,20,1,External
LNT,META,-0.4579846041092358,63,0.00018189449462698883,7,1,External
LNT,NEE,0.7213532045877552,63,3.753081928341362e-11,7,7,Internal
LNT,NI,0.766454284832921,63,3.85483902263269e-13,7,7,Internal
LNT,PCG,0.4992698115894522,63,3.61552406098621e-05,7,7,Internal
LNT,PEG,0.62606268168841,63,5.27524238471694e-08,7,7,Internal
LNT,PLD,0.45507173142979285,63,0.00020231489345406525,7,7,Internal
LNT,PNW,0.7778924573560065,63,1.0226773491657075e-13,7,7,Internal
LNT,PPL,0.6328453052408307,63,3.417008336932005e-08,7,7,Internal
LNT,SBAC,0.4641839243975128,63,0.00014457283679178532,7,7,Internal
LNT,SO,0.7239555508959463,63,2.953558627791237e-11,7,7,Internal
LNT,WEC,0.7642086360271403,63,4.958152953652686e-13,7,7,Internal
LNT,WM,0.5287214048582685,63,9.988210073621936e-06,7,7,Internal
LNT,XEL,0.7837966341520555,63,4.997932229168863e-14,7,7,Internal
LOW,SHW,0.5098115583634459,63,2.3126725841221764e-05,8,8,Internal
LOW,TJX,0.42228307371858465,63,0.000628947151449709,8,15,External
LRCX,MCHP,0.4788236207723804,63,8.257729405645472e-05,0,0,Internal
LRCX,MPWR,0.5102830250805586,63,2.2661290053543706e-05,0,0,Internal
LRCX,MU,0.6344259886836919,63,3.083431980631178e-08,0,0,Internal
LRCX,NXPI,0.40132207962483707,63,0.0012259842135585546,0,0,Internal
LRCX,ON,0.4773038086810257,63,8.762453251753444e-05,0,0,Internal
LRCX,SWKS,0.560557173712745,63,2.156413880015214e-06,0,0,Internal
LRCX,TER,0.6385624072113534,63,2.3501016108231238e-08,0,0,Internal
LRCX,TXN,0.4214044508484545,63,0.0006473563703973545,0,0,Internal
LRCX,WDC,0.40028482267728455,63,0.0012657540972237683,0,0,Internal
LUV,LVS,0.4998057730299672,63,3.535562876050568e-05,5,15,External
LUV,LW,0.4840032074071312,63,6.731876751556213e-05,5,15,External
LUV,LYB,0.6500379381749032,63,1.0825625653436389e-08,5,5,Internal
LUV,LYV,0.5567384641464408,63,2.6136395011234918e-06,5,15,External
LUV,MAR,0.44343602347561256,63,0.0003065753045497418,5,15,External
LUV,MET,0.6132654449877942,63,1.1641789482267338e-07,5,5,Internal
LUV,MGM,0.5282148122591077,63,1.0222163232209294e-05,5,15,External
LUV,MHK,0.535293579891826,63,7.371578506549528e-06,5,15,External
LUV,MLM,0.47683499319141287,63,8.923783770397388e-05,5,5,Internal
LUV,MO,0.4067068365268456,63,0.0010370350634382533,5,15,External
LUV,MOS,0.6053552315713729,63,1.866307338317554e-07,5,5,Internal
LUV,MS,0.4654975896845808,63,0.00013762812521607467,5,5,Internal
LUV,MSCI,-0.40225933253458873,63,0.0011910197074330104,5,1,External
LUV,MSFT,-0.5736535852221154,63,1.0946229071572104e-06,5,1,External
LUV,MTB,0.5552710685936924,63,2.812303787114791e-06,5,5,Internal
LUV,NCLH,0.6271679113760538,63,4.9183535918745827e-08,5,15,External
LUV,NTRS,0.4122521259223215,63,0.0008702920212208626,5,5,Internal
LUV,NVDA,-0.5522890729404571,63,3.2602747833922165e-06,5,1,External
LUV,O,0.5486928286698298,63,3.88910378682769e-06,5,15,External
LUV,ORLY,-0.4696423693304506,63,0.0001176743393248975,5,1,External
LUV,PFG,0.6142444085836891,63,1.0971378320163135e-07,5,5,Internal
LUV,PH,0.5189502293329619,63,1.5510083604004683e-05,5,15,External
LUV,PNC,0.40730607618009795,63,0.0010177221886177956,5,5,Internal
LUV,PNR,0.4694427329646215,63,0.00011857093261586486,5,20,External
LUV,PRU,0.6325810775311583,63,3.475991865623711e-08,5,5,Internal
LUV,PSKY,0.43190602933156413,63,0.0004561984281220968,5,5,Internal
LUV,PYPL,-0.4085885672978526,63,0.0009774748113887636,5,1,External
LUV,RCL,0.5477509708017496,63,4.071583812026223e-06,5,15,External
LUV,REG,0.7104920473476177,63,9.91551314426052e-11,5,15,External
LUV,REGN,-0.41769216226360484,63,0.0007306500112644818,5,1,External
LUV,RF,0.6097493289428487,63,1.4381966107327916e-07,5,5,Internal
LUV,RJF,0.40284021521551266,63,0.0011698029432049904,5,5,Internal
LUV,RL,0.44951699705613973,63,0.0002471758888513853,5,15,External
LUV,RTX,0.42432499502708426,63,0.0005879835372595706,5,15,External
LUV,SNA,0.42705058608469204,63,0.0005370765614717484,5,15,External
LUV,SNPS,-0.46678911161992576,63,0.00013110024490490567,5,1,External
LUV,SPG,0.6061481926904925,63,1.7810976496559357e-07,5,15,External
LUV,STT,0.4980102868182855,63,3.8100663412876335e-05,5,5,Internal
LUV,SYF,0.5530783847773126,63,3.1356196097273993e-06,5,5,Internal
LUV,T,0.4537946790489655,63,0.00021191229827602261,5,5,Internal
LUV,TDG,0.5916748472222502,63,4.0983616639621346e-07,5,5,Internal
LUV,TFC,0.5695571455001767,63,1.3574895484431028e-06,5,5,Internal
LUV,TMO,-0.5737470864171801,63,1.0892216165217307e-06,5,1,External
LUV,TPR,0.45256427770913077,63,0.00022155142554755567,5,15,External
LUV,TRV,0.5192109716332636,63,1.5331697951508894e-05,5,5,Internal
LUV,TSCO,-0.4324083969472926,63,0.0004484968957678368,5,1,External
LUV,TSN,0.5055698609342388,63,2.7731130052274657e-05,5,5,Internal
LUV,TXT,0.569168451065248,63,1.3852887709134018e-06,5,5,Internal
LUV,UAL,0.8014974540208006,63,5.073719707155615e-15,5,5,Internal
LUV,USB,0.5074903626759717,63,2.5550248549758182e-05,5,5,Internal
LUV,VICI,0.5675324142462335,63,1.5082488488895504e-06,5,5,Internal
LUV,VMC,0.4010027884989,63,0.0012381047663089816,5,5,Internal
LUV,VRSN,-0.6341670868950895,63,3.135874509503366e-08,5,1,External
LUV,VRTX,-0.5763025598802004,63,9.509195761833865e-07,5,1,External
LUV,VTR,0.5873875741357306,63,5.205408820728244e-07,5,15,External
LUV,WAB,0.5304837844926984,63,9.21256616535663e-06,5,15,External
LUV,WELL,0.49729689414276673,63,3.924505009642977e-05,5,15,External
LUV,WFC,0.5711606420792514,63,1.2482409606086856e-06,5,5,Internal
LUV,WMT,-0.5499662914754866,63,3.654501332093677e-06,5,1,External
LUV,WRB,0.415963645703288,63,0.0007726473645588171,5,5,Internal
LUV,WST,-0.4156933297120683,63,0.0007794091057637298,5,1,External
LUV,WY,0.46509241997442624,63,0.0001397366871626227,5,15,External
LUV,WYNN,0.4348692990158576,63,0.00041245085829899527,5,15,External
LVS,LYV,0.5451983325710279,63,4.607139904195956e-06,15,15,Internal
LVS,MAR,0.5000041553720084,63,3.5063830639705685e-05,15,15,Internal
LVS,MGM,0.5932927325288283,63,3.741372288262825e-07,15,15,Internal
LVS,MHK,0.505064935958949,63,2.8332478793529766e-05,15,15,Internal
LVS,MOS,0.41862998228999704,63,0.0007087391442430568,15,5,External
LVS,MSCI,-0.40990931403809605,63,0.0009375334475148952,15,1,External
LVS,MSFT,-0.47705054676651243,63,8.849270119393959e-05,15,1,External
LVS,NCLH,0.4064802125375639,63,0.0010444246253968974,15,15,Internal
LVS,PEP,-0.410590518505978,63,0.0009175141668026215,15,1,External
LVS,PFG,0.4398816751558703,63,0.00034705854561094973,15,5,External
LVS,PKG,0.41728110252824346,63,0.0007404456925315295,15,20,External
LVS,PSKY,0.444522721434487,63,0.0002950874313229884,15,5,External
LVS,RCL,0.43045359175949255,63,0.00047914631260388555,15,15,Internal
LVS,REG,0.5719714002763406,63,1.1961929707921215e-06,15,15,Internal
LVS,RF,0.48215549543766084,63,7.243529459767191e-05,15,5,External
LVS,RL,0.49446526025038195,63,4.410809048577812e-05,15,15,Internal
LVS,SNA,0.44570407314380545,63,0.00028304573416163936,15,15,Internal
LVS,SPG,0.400761388864871,63,0.0012473399645370092,15,15,Internal
LVS,TDG,0.4960250786484545,63,4.136441778663898e-05,15,5,External
LVS,TMO,-0.5329843834520689,63,8.207846599803814e-06,15,1,External
LVS,TPR,0.4385441175348179,63,0.0003635142414491755,15,15,Internal
LVS,TXT,0.4667928484183954,63,0.00013108177725162378,15,5,External
LVS,UAL,0.4446401135453418,63,0.00029387024850141053,15,5,External
LVS,VICI,0.4364172769008644,63,0.0003911490968113466,15,5,External
LVS,VRSN,-0.5010157411927282,63,3.36102461878213e-05,15,1,External
LVS,VRTX,-0.4615184440928857,63,0.00015966200878184808,15,1,External
LVS,VTR,0.4458862346092385,63,0.00028122938762141313,15,15,Internal
LVS,VTRS,0.4069795449632226,63,0.0010282053438349357,15,5,External
LVS,WBD,0.41691505885764013,63,0.0007492685123203078,15,15,Internal
LVS,WMT,-0.4206016793866351,63,0.0006646018124757666,15,1,External
LVS,WYNN,0.7814982575519803,63,6.62181633839414e-14,15,15,Internal
LW,LYB,0.4560243950117441,63,0.00019541632411993986,15,5,External
LW,LYV,0.548459600634045,63,3.933565122678493e-06,15,15,Internal
LW,MO,0.5224710813516652,63,1.325639223715274e-05,15,15,Internal
LW,NWS,0.4800457870920547,63,7.871426551870303e-05,15,15,Internal
LW,NWSA,0.40802077474528314,63,0.0009951127611806622,15,15,Internal
LW,OMC,0.5054646003486096,63,2.785550765464147e-05,15,5,External
LW,ON,0.4029922853647082,63,0.0011643050868336297,15,0,External
LW,PFG,0.4325883942125382,63,0.00044576635595327716,15,5,External
LW,PHM,0.40349106575126226,63,0.0011464354178172542,15,15,Internal
LW,PRU,0.45993349083887297,63,0.00016930561157045172,15,5,External
LW,PYPL,-0.5161943512301552,63,1.751707608169161e-05,15,1,External
LW,REG,0.45961916441080997,63,0.00017128042853001442,15,15,Internal
LW,SPG,0.4700167488668963,63,0.00011600972642902015,15,15,Internal
LW,TMO,-0.5643194263561454,63,1.780040901882899e-06,15,1,External
LW,TPR,0.44282682280773944,63,0.00031319246998870004,15,15,Internal
LW,TXT,0.41559718129662043,63,0.0007818270585860993,15,5,External
LW,UAL,0.5447032690431791,63,4.71833680173918e-06,15,5,External
LW,VLO,0.4480752035843981,63,0.00026021992712228173,15,11,External
LW,VRSN,-0.47354566797194797,63,0.00010134896486644945,15,1,External
LW,VRTX,-0.47658824759696045,63,9.009788751790623e-05,15,1,External
LW,VTR,0.5255061094757378,63,1.1562010782072037e-05,15,15,Internal
LW,WBD,0.4255134041600363,63,0.0005652719860111463,15,15,Internal
LW,WELL,0.46764328046520176,63,0.0001269404401309767,15,15,Internal
LW,WYNN,0.40426205130573534,63,0.0011192992577850694,15,15,Internal
LW,ZBRA,0.5166543692857215,63,1.71661167371533e-05,15,15,Internal
LYB,LYV,0.48766396317997823,63,5.815193222333903e-05,5,15,External
LYB,MET,0.6725155113803697,63,2.1481426154482717e-09,5,5,Internal
LYB,MHK,0.5183344550393982,63,1.5939043551794574e-05,5,15,External
LYB,MLM,0.43579123863997793,63,0.00039964035467398326,5,5,Internal
LYB,MOS,0.5394523320201118,63,6.062332751392573e-06,5,5,Internal
LYB,MPC,0.4806566132540639,63,7.684660536203547e-05,5,11,External
LYB,MS,0.5341318874551255,63,7.78181993000409e-06,5,5,Internal
LYB,MSFT,-0.5664660253807324,63,1.593821116222166e-06,5,1,External
LYB,MTB,0.5713801159287093,63,1.2339458031967986e-06,5,5,Internal
LYB,NCLH,0.46439757457183395,63,0.0001434219097046857,5,15,External
LYB,NFLX,-0.5367615865267288,63,6.8819723837134235e-06,5,1,External
LYB,NSC,0.4306908522926259,63,0.0004753274218012054,5,20,External
LYB,NTRS,0.5124588465284474,63,2.0623700810599425e-05,5,5,Internal
LYB,NUE,0.5117754523470085,63,2.12445967271227e-05,5,5,Internal
LYB,NVDA,-0.4446079339899037,63,0.00029420344621948176,5,1,External
LYB,O,0.48925440467838965,63,5.454048689866404e-05,5,15,External
LYB,OKE,0.44431850099648984,63,0.00029721586629864136,5,11,External
LYB,ORLY,-0.45380271105531444,63,0.00021185065531543828,5,1,External
LYB,PFG,0.6283087949500102,63,4.573939258680794e-08,5,5,Internal
LYB,PH,0.5945727445288601,63,3.479873466938613e-07,5,15,External
LYB,PKG,0.4629895616572127,63,0.00015116443763023708,5,20,External
LYB,PNR,0.508839292173449,63,2.4114671759480927e-05,5,20,External
LYB,PRU,0.651244792045879,63,9.959124394229557e-09,5,5,Internal
LYB,PSX,0.4122471194206683,63,0.0008704309421597472,5,11,External
LYB,PWR,0.4206645236990606,63,0.0006632368997370714,5,20,External
LYB,REG,0.6900531018170483,63,5.500483550021601e-10,5,15,External
LYB,RF,0.6218974874378801,63,6.852238053122103e-08,5,5,Internal
LYB,RJF,0.5849018448848011,63,5.970103176857673e-07,5,5,Internal
LYB,RL,0.47609288284917695,63,9.184759533350621e-05,5,15,External
LYB,SJM,-0.4593026427739081,63,0.00017329035053283224,5,1,External
LYB,SLB,0.4311979648187844,63,0.0004672576602449536,5,11,External
LYB,SNA,0.500769549378578,63,3.395878062741042e-05,5,15,External
LYB,SNPS,-0.4524300432727182,63,0.00022262694642096606,5,1,External
LYB,SPG,0.5597936190829794,63,2.2413717604814437e-06,5,15,External
LYB,STT,0.5087332405919087,63,2.4224767905607626e-05,5,5,Internal
LYB,SWK,0.5465789689793983,63,4.309818070343035e-06,5,5,Internal
LYB,SYF,0.4805238817646989,63,7.724893784534548e-05,5,5,Internal
LYB,TDG,0.4530899962733411,63,0.00021738483572451646,5,5,Internal
LYB,TEL,0.4830558253799705,63,6.989900912011616e-05,5,15,External
LYB,TFC,0.4762070505782366,63,9.14415859267514e-05,5,5,Internal
LYB,TMO,-0.45597809253348176,63,0.00019574657228583158,5,1,External
LYB,TPR,0.4926343588050936,63,4.7542779667161765e-05,5,15,External
LYB,TRGP,0.44060785690183596,63,0.0003384116605088978,5,11,External
LYB,TRV,0.5363463196955652,63,7.0173048035202505e-06,5,5,Internal
LYB,TSN,0.44849610317598176,63,0.00025634847018862495,5,5,Internal
LYB,TTWO,-0.5050905571525058,63,2.8301676209371303e-05,5,1,External
LYB,TXT,0.583257859273998,63,6.532507423605429e-07,5,5,Internal
LYB,UAL,0.5982930376159431,63,2.814011556113417e-07,5,5,Internal
LYB,URI,0.4021681217854759,63,0.001194382474248891,5,15,External
LYB,USB,0.5565427606839207,63,2.639354696240202e-06,5,5,Internal
LYB,VICI,0.42145630525715844,63,0.0006462564853225293,5,5,Internal
LYB,VLO,0.4473782382683574,63,0.0002667482813426647,5,11,External
LYB,VRSN,-0.5655556351822963,63,1.6704517162702381e-06,5,1,External
LYB,VRTX,-0.5497394324330104,63,3.695302071273814e-06,5,1,External
LYB,VTR,0.5436094297972693,63,4.972966007832328e-06,5,15,External
LYB,WAB,0.5445075451900793,63,4.7629854643945155e-06,5,15,External
LYB,WDC,0.4171795828307496,63,0.0007428831693729271,5,0,External
LYB,WELL,0.4996971575384208,63,3.5516340187440714e-05,5,15,External
LYB,WFC,0.5691614387608621,63,1.3857951505625825e-06,5,5,Internal
LYB,WRB,0.4621888955186867,63,0.00015573640638772354,5,5,Internal
LYB,WY,0.42988878865260566,63,0.0004883497171790145,5,15,External
LYB,XOM,0.4051248732937623,63,0.0010896180950745451,5,11,External
LYV,MAR,0.535534542546868,63,7.289048200502766e-06,15,15,Internal
LYV,MET,0.4193824649664449,63,0.0006915905618152269,15,5,External
LYV,MGM,0.4466769619030692,63,0.00027346769873591624,15,15,Internal
LYV,MHK,0.5525423220984119,63,3.2197836623744685e-06,15,15,Internal
LYV,MLM,0.4572802714111855,63,0.00018665116872393787,15,5,External
LYV,MO,0.5210459138145371,63,1.4129217863902298e-05,15,15,Internal
LYV,MOS,0.4068619145845664,63,0.0010320056160122689,15,5,External
LYV,MPC,0.47359123761622357,63,0.00010117132667582575,15,11,External
LYV,MSCI,-0.429387076185545,63,0.000496659489241982,15,1,External
LYV,MTB,0.4491553000980366,63,0.00025039079579575885,15,5,External
LYV,NCLH,0.5391822765263208,63,6.140285795207802e-06,15,15,Internal
LYV,NWS,0.48460997994665883,63,6.571263657783708e-05,15,15,Internal
LYV,NWSA,0.4648654086009967,63,0.00014093100719484553,15,15,Internal
LYV,OMC,0.4058735438507587,63,0.0010644406155664772,15,5,External
LYV,PFG,0.5742326088611484,63,1.0615738723245064e-06,15,5,External
LYV,PH,0.43300725829612796,63,0.0004394706672496555,15,15,Internal
LYV,PHM,0.4093453551872605,63,0.0009544045637651574,15,15,Internal
LYV,PNR,0.4572501427531392,63,0.0001868571593917697,15,20,External
LYV,PODD,-0.41042133589434643,63,0.0009224497525016327,15,1,External
LYV,PRU,0.553685053923086,63,3.04285182265831e-06,15,5,External
LYV,PSKY,0.41807323371011657,63,0.0007216739019133005,15,5,External
LYV,RCL,0.5799661315618588,63,7.811302116148818e-07,15,15,Internal
LYV,REG,0.5856721311015994,63,5.72253422440825e-07,15,15,Internal
LYV,RF,0.4711696111395241,63,0.00011101869062239621,15,5,External
LYV,RL,0.4084076497791017,63,0.0009830639775798755,15,15,Internal
LYV,RMD,-0.43521116393792364,63,0.0004076576207932608,15,1,External
LYV,SNA,0.43381026280033286,63,0.00042762685454347885,15,15,Internal
LYV,SPG,0.6493255153193823,63,1.1370136500855633e-08,15,15,Internal
LYV,TEL,0.41934925423721686,63,0.0006923394127937789,15,15,Internal
LYV,TFC,0.41785391803039595,63,0.0007268275941835586,15,5,External
LYV,TMO,-0.5448802958478219,63,4.678290024181848e-06,15,1,External
LYV,TPR,0.48951067796361486,63,5.397831816054949e-05,15,15,Internal
LYV,TXT,0.4678294119618606,63,0.0001260502194075143,15,5,External
LYV,UAL,0.4897085900003655,63,5.354783853989048e-05,15,5,External
LYV,URI,0.5298012123567571,63,9.506068937580223e-06,15,15,Internal
LYV,VICI,0.45197180986428814,63,0.00022633451124228873,15,5,External
LYV,VLO,0.5284349304434873,63,1.0119889371068784e-05,15,11,External
LYV,VRSN,-0.4242624817328214,63,0.0005892008261981111,15,1,External
LYV,VRTX,-0.4871031718396725,63,5.947707970424264e-05,15,1,External
LYV,VTR,0.4640141666387159,63,0.00014549335217545534,15,15,Internal
LYV,WAB,0.48794368984566705,63,5.750117367254439e-05,15,15,Internal
LYV,WBD,0.4816245355694874,63,7.397052697930062e-05,15,15,Internal
LYV,WELL,0.4189263337578849,63,0.0007019400555970726,15,15,Internal
LYV,WMT,-0.4870900476688535,63,5.950842309180107e-05,15,1,External
LYV,WYNN,0.5245173055329463,63,1.209054313724803e-05,15,15,Internal
MA,SJM,-0.4257537749087766,63,0.0005607762550398185,1,1,Internal
MA,V,0.8075369227255197,63,2.2042878020083686e-15,1,1,Internal
MAA,MAR,0.40298604810467825,63,0.0011645301266758738,15,15,Internal
MAA,NVDA,-0.4017680280078633,63,0.001209234382762367,15,1,External
MAA,NVR,0.5492146927720604,63,3.7913127223207432e-06,15,15,Internal
MAA,O,0.5040766084777427,63,2.9544653226126785e-05,15,15,Internal
MAA,PFG,0.4116023983305852,63,0.0008884890649376748,15,5,External
MAA,PHM,0.503336011146697,63,3.048427649838123e-05,15,15,Internal
MAA,PLD,0.4570865351634746,63,0.00018797939010459957,15,7,External
MAA,PNW,0.4853730772359436,63,6.374288613804375e-05,15,7,External
MAA,PSA,0.5120135935496093,63,2.1026292401608075e-05,15,7,External
MAA,REG,0.5102726529668279,63,2.267143535808004e-05,15,15,Internal
MAA,ROST,0.4319854308227534,63,0.000454973219058068,15,15,Internal
MAA,RTX,0.5133623955420138,63,1.9828611299271955e-05,15,15,Internal
MAA,SNA,0.46468041665500764,63,0.0001419111804527083,15,15,Internal
MAA,SPG,0.4220634373686122,63,0.000633504008038774,15,15,Internal
MAA,TJX,0.4159195379029943,63,0.0007737470503102193,15,15,Internal
MAA,UDR,0.7974378267018721,63,8.745805277792673e-15,15,15,Internal
MAA,VTR,0.4045247111759182,63,0.0011101875205808654,15,15,Internal
MAA,WAB,0.46346706742497884,63,0.00014849672924829797,15,15,Internal
MAA,WELL,0.5208488376635043,63,1.4254032732841919e-05,15,15,Internal
MAA,WRB,0.41394276912252537,63,0.0008245093182272539,15,5,External
MAR,MDLZ,-0.4542252124818393,63,0.00020863113707597248,15,1,External
MAR,MET,0.4354383243115701,63,0.00040450073740486327,15,5,External
MAR,MGM,0.7060363187298628,63,1.4584638671630585e-10,15,15,Internal
MAR,MHK,0.5633261968295094,63,1.8729286031708578e-06,15,15,Internal
MAR,MKC,-0.4463200294647789,63,0.00027694675422151215,15,1,External
MAR,MLM,0.4671409071647293,63,0.00012937206991875521,15,5,External
MAR,MOS,0.4168929249926364,63,0.0007498050469324567,15,5,External
MAR,MSFT,-0.40048762246458386,63,0.0012578883905429706,15,1,External
MAR,MTB,0.47739549892124805,63,8.731216125345684e-05,15,5,External
MAR,NCLH,0.5611568343682837,63,2.0918144589224042e-06,15,15,Internal
MAR,NVR,0.42666169106144425,63,0.0005440864641615036,15,15,Internal
MAR,O,0.41147494804541285,63,0.0008920986540566862,15,15,Internal
MAR,PEP,-0.42808568302431416,63,0.0005188165159505505,15,1,External
MAR,PFE,-0.40840167006091715,63,0.0009832492030318368,15,1,External
MAR,PFG,0.44827507445332604,63,0.0002583748923655118,15,5,External
MAR,PH,0.4119966400876038,63,0.0008774068996946012,15,15,Internal
MAR,PHM,0.5686231652996623,63,1.4251872531880934e-06,15,15,Internal
MAR,PSKY,0.5198819392277674,63,1.4881382724271304e-05,15,5,External
MAR,RCL,0.5306862861317366,63,9.127127704413243e-06,15,15,Internal
MAR,REG,0.6161793900483873,63,9.751896551722748e-08,15,15,Internal
MAR,REGN,-0.4387367569418377,63,0.0003611012254299562,15,1,External
MAR,RJF,0.41031971376518994,63,0.0009254259002244678,15,5,External
MAR,RL,0.47218961968448464,63,0.0001067681933528287,15,15,Internal
MAR,RMD,-0.5021188204204509,63,3.208888551509183e-05,15,1,External
MAR,RTX,0.5848414881060796,63,5.989920740964019e-07,15,15,Internal
MAR,SNA,0.5835148338100514,63,6.441434208012062e-07,15,15,Internal
MAR,SPG,0.537650486789372,63,6.600420917311412e-06,15,15,Internal
MAR,STZ,0.4707207113386984,63,0.00011293814458036337,15,15,Internal
MAR,SYF,0.48804309598385526,63,5.7271537599127745e-05,15,5,External
MAR,SYY,0.46447767126197953,63,0.00014299260256100355,15,15,Internal
MAR,TDG,0.4105162891944074,63,0.0009196767241855756,15,5,External
MAR,TEL,0.5143932757974345,63,1.895625335606972e-05,15,15,Internal
MAR,TFC,0.4088338994323075,63,0.0009699414639158058,15,5,External
MAR,TJX,0.4915959172504923,63,4.959902080605212e-05,15,15,Internal
MAR,TPR,0.6060744668025836,63,1.78886282760024e-07,15,15,Internal
MAR,TRMB,0.42896368583610545,63,0.0005037717600525814,15,5,External
MAR,TXT,0.4638878530542952,63,0.00014618177668455397,15,5,External
MAR,UAL,0.5117716607489617,63,2.124808943076838e-05,15,5,External
MAR,UHS,0.44312870023439005,63,0.00030989734910114855,15,15,Internal
MAR,URI,0.48191671507671635,63,7.312204028554616e-05,15,15,Internal
MAR,VMC,0.44970785049105705,63,0.0002454947560022966,15,5,External
MAR,VRSN,-0.4727375848418372,63,0.0001045470416971267,15,1,External
MAR,VRTX,-0.5523651029127852,63,3.248068912367254e-06,15,1,External
MAR,VTR,0.44034769287931635,63,0.0003414866792389763,15,15,Internal
MAR,WAB,0.6458363273525205,63,1.443264255701025e-08,15,15,Internal
MAR,WBD,0.502020981857223,63,3.222120191720741e-05,15,15,Internal
MAR,WELL,0.46200603053498085,63,0.00015679823632016164,15,15,Internal
MAR,WY,0.4643280433792999,63,0.00014379554594605678,15,15,Internal
MAR,WYNN,0.5454481944953177,63,4.551951398985665e-06,15,15,Internal
MAS,PG,-0.43203259858803467,63,0.00045424681176255204,15,1,External
MAS,PHM,0.4632253373066046,63,0.00014984177034885134,15,15,Internal
MAS,PPG,0.4817867767405379,63,7.349826640492666e-05,15,5,External
MAS,RL,0.46474668523663537,63,0.00014155934185344234,15,15,Internal
MAS,ROK,0.4053347133329909,63,0.001082507675846429,15,20,External
MAS,SNA,0.43131856901761695,63,0.0004653568931266257,15,15,Internal
MAS,STZ,0.4104437839177723,63,0.0009217934969565184,15,15,Internal
MAS,WELL,0.4025412752640957,63,0.0011806788469939638,15,15,Internal
MAS,YUM,0.4163210859058445,63,0.0007637877703894957,15,7,External
MCD,NEE,0.40647101792662,63,0.0010447254352101913,7,7,Internal
MCD,SBUX,0.42777482424896085,63,0.0005242401962402798,7,7,Internal
MCD,SO,0.4479236363356029,63,0.0002616270813793039,7,7,Internal
MCD,YUM,0.5413124490801715,63,5.549954414736589e-06,7,7,Internal
MCHP,MPWR,0.40971348700100707,63,0.0009433609511849744,0,0,Internal
MCHP,MU,0.44901101804335,63,0.0002516838605119872,0,0,Internal
MCHP,NSC,0.5062931872977584,63,2.6890252632893593e-05,0,20,External
MCHP,NXPI,0.6010099302309838,63,2.40560645212801e-07,0,0,Internal
MCHP,ON,0.7143551907031582,63,7.05451667828215e-11,0,0,Internal
MCHP,RJF,0.42559788563387213,63,0.0005636881877432148,0,5,External
MCHP,SWKS,0.42949156013495743,63,0.0004949184229242526,0,0,Internal
MCHP,TEL,0.4666158980543416,63,0.0001319589112625224,0,15,External
MCHP,TER,0.48258477891385976,63,7.121558102769594e-05,0,0,Internal
MCHP,TXN,0.4636730966206587,63,0.00014735908961144582,0,0,Internal
MCHP,ULTA,0.43857170865645567,63,0.00036316773387952997,0,15,External
MCHP,UNP,0.4532418379414946,63,0.00021619482694605545,0,20,External
MCHP,WDC,0.5251439198859562,63,1.1753061841337773e-05,0,0,Internal
MCO,MKC,0.5243379353293873,63,1.2188794141521736e-05,1,1,Internal
MCO,NDAQ,0.4870497967855467,63,5.960464606842571e-05,1,1,Internal
MCO,NEM,0.4167007878441704,63,0.0007544771653332827,1,1,Internal
MCO,RMD,0.4385155662918863,63,0.00036387312397797244,1,1,Internal
MCO,SPGI,0.6720422106112705,63,2.225757374612204e-09,1,1,Internal
MDLZ,MHK,-0.41990164514802425,63,0.0006799788297483775,1,15,External
MDLZ,MKC,0.42496097521805487,63,0.000575728464376774,1,1,Internal
MDLZ,NSC,-0.4683960174497291,63,0.00012337546084960723,1,20,External
MDLZ,PEP,0.5040774612173368,63,2.9543586955743993e-05,1,1,Internal
MDLZ,PG,0.4386603744676227,63,0.00036205624647447107,1,1,Internal
MDLZ,RJF,-0.4574761755721964,63,0.00018531683051225937,1,5,External
MDLZ,RMD,0.5015760797617775,63,3.282927994263634e-05,1,1,Internal
MDLZ,SJM,0.49276558349129035,63,4.728861973297888e-05,1,1,Internal
MDLZ,SNA,-0.4347673992512865,63,0.00041388947085487237,1,15,External
MDLZ,STE,0.43450922932683184,63,0.0004175547583906922,1,1,Internal
MDLZ,SYF,-0.41877372896491066,63,0.0007054338020122914,1,5,External
MDLZ,VLO,-0.42091731816452466,63,0.0006577720885838376,1,11,External
MDLZ,VZ,0.4185596061002502,63,0.0007103624976845292,1,1,Internal
MDLZ,WYNN,-0.4446601960686587,63,0.0002936624820314526,1,15,External
MDT,SYK,0.6199736933492251,63,7.722129131659016e-08,1,1,Internal
MDT,ZBH,0.6014694982930713,63,2.342300287350822e-07,1,1,Internal
MET,MGM,0.5114423473044949,63,2.1553483033751755e-05,5,15,External
MET,MHK,0.6538840017943129,63,8.287476879027153e-09,5,15,External
MET,MLM,0.4868214223142305,63,6.0153317021509845e-05,5,5,Internal
MET,MOS,0.6105445846179969,63,1.371366230714693e-07,5,5,Internal
MET,MS,0.5112642058445352,63,2.1720376974785483e-05,5,5,Internal
MET,MSFT,-0.69521892902594,63,3.615325123116509e-10,5,1,External
MET,MTB,0.8256413463646899,63,1.5025157200420656e-16,5,5,Internal
MET,NCLH,0.6103701396396658,63,1.385770427671592e-07,5,15,External
MET,NFLX,-0.5245392247590241,63,1.207858738744026e-05,5,1,External
MET,NTRS,0.5317275901229805,63,8.699314772382558e-06,5,5,Internal
MET,NUE,0.4194138634629034,63,0.0006908832486392944,5,5,Internal
MET,NVDA,-0.6358256695645457,63,2.8139703245831355e-08,5,1,External
MET,NWSA,0.4069669265506687,63,0.0010286124003535603,5,15,External
MET,O,0.5911184562770595,63,4.228358051883264e-07,5,15,External
MET,OMC,0.5427137240254076,63,5.1909602920837355e-06,5,5,Internal
MET,ORLY,-0.40838873305928547,63,0.0009836500423904822,5,1,External
MET,PCAR,0.4433439954554403,63,0.0003075666670836965,5,20,External
MET,PFG,0.7956247527169559,63,1.1109380027312945e-14,5,5,Internal
MET,PH,0.6571587625764567,63,6.581342303848875e-09,5,15,External
MET,PKG,0.48971193956699205,63,5.3540580230668836e-05,5,20,External
MET,PNC,0.6670126598723889,63,3.232721598000335e-09,5,5,Internal
MET,PNR,0.5327168781137513,63,8.310235621697436e-06,5,20,External
MET,PPG,0.4260398963745012,63,0.0005554671517032456,5,5,Internal
MET,PRU,0.8708053047244603,63,3.6908504837978626e-20,5,5,Internal
MET,PSKY,0.6101766156438008,63,1.4019167627089528e-07,5,5,Internal
MET,RCL,0.5372858355442864,63,6.714596526551041e-06,5,15,External
MET,REG,0.7227238613898176,63,3.309291039838816e-11,5,15,External
MET,REGN,-0.40747585175239515,63,0.0010123097923988027,5,1,External
MET,RF,0.7957536654691787,63,1.0922888762498982e-14,5,5,Internal
MET,RJF,0.6326196045824867,63,3.467331975226598e-08,5,5,Internal
MET,RL,0.5476687143248826,63,4.087894425928453e-06,5,15,External
MET,RTX,0.4027925908132559,63,0.001171529529312334,5,15,External
MET,SJM,-0.4296338092468064,63,0.0004925569723094029,5,1,External
MET,SLB,0.43932289046225714,63,0.0003538487585599996,5,11,External
MET,SNA,0.556268256824155,63,2.6758230055489652e-06,5,15,External
MET,SNPS,-0.4954452471680176,63,4.2365349265091476e-05,5,1,External
MET,SPG,0.6441488659148676,63,1.6179584430821666e-08,5,15,External
MET,STT,0.5209335360396655,63,1.420026542562779e-05,5,5,Internal
MET,SWK,0.5298145672821392,63,9.500243849966351e-06,5,5,Internal
MET,SYF,0.7600657975053178,63,7.831647862559074e-13,5,5,Internal
MET,SYY,0.5252689443542002,63,1.1686783461923663e-05,5,15,External
MET,T,0.4632288320862661,63,0.00014982224524083155,5,5,Internal
MET,TDG,0.48923415145336635,63,5.4585144629442754e-05,5,5,Internal
MET,TECH,-0.5767392718033675,63,9.290001752839061e-07,5,1,External
MET,TEL,0.515706897991116,63,1.7896227448050417e-05,5,15,External
MET,TFC,0.7951776433383257,63,1.1780110161916577e-14,5,5,Internal
MET,TMO,-0.4333466174608753,63,0.00043442939752499964,5,1,External
MET,TPR,0.6038588555919394,63,2.0376611616441775e-07,5,15,External
MET,TRGP,0.4365778055144761,63,0.00038899839876608053,5,11,External
MET,TRMB,0.4354073198368155,63,0.00040493029598790266,5,5,Internal
MET,TRV,0.6488809762591033,63,1.1722928819153488e-08,5,5,Internal
MET,TSN,0.5170497835340366,63,1.6869674584396532e-05,5,5,Internal
MET,TTWO,-0.4703145328591647,63,0.00011470116365516673,5,1,External
MET,TXT,0.6735094776577323,63,1.993423569019666e-09,5,5,Internal
MET,UAL,0.6694283880903712,63,2.7046055789369145e-09,5,5,Internal
MET,UDR,0.5063454158470738,63,2.683046013164203e-05,5,15,External
MET,USB,0.8088811292137404,63,1.82368633790322e-15,5,5,Internal
MET,VICI,0.5187084309498922,63,1.567722991127724e-05,5,5,Internal
MET,VLO,0.40275272268828616,63,0.0011729766818664585,5,11,External
MET,VMC,0.43941182264428486,63,0.00035276003863571255,5,5,Internal
MET,VRSN,-0.5511104476100603,63,3.455059330192506e-06,5,1,External
MET,VRTX,-0.5987461085440297,63,2.741656264608964e-07,5,1,External
MET,VTR,0.5191570738733439,63,1.5368414849186913e-05,5,15,External
MET,VTRS,0.4960782439158868,63,4.127374438043591e-05,5,5,Internal
MET,WAB,0.7005601261587827,63,2.3209334999413062e-10,5,15,External
MET,WBD,0.5549363024527987,63,2.8595621212136643e-06,5,15,External
MET,WELL,0.5164345398922151,63,1.73330075248985e-05,5,15,External
MET,WFC,0.7581591211706367,63,9.635869755042177e-13,5,5,Internal
MET,WMT,-0.5115022661665636,63,2.1497615185548605e-05,5,1,External
MET,WRB,0.5443732777305902,63,4.793842322514851e-06,5,5,Internal
MET,WY,0.4675209433656051,63,0.0001275286889667612,5,15,External
MET,WYNN,0.4045142055294261,63,0.001110550676988552,5,15,External
META,NOW,0.46740455182319773,63,0.00012809067196365865,1,1,Internal
META,PEG,-0.420267640737806,63,0.0006718995933160672,1,7,External
META,PNW,-0.400840958569375,63,0.0012442890495237874,1,7,External
META,RSG,-0.41199873929586733,63,0.0008773482265619719,1,7,External
META,SWK,-0.4858389938029349,63,6.25671624201296e-05,1,5,External
META,TAP,-0.4807382401867781,63,7.660013941502836e-05,1,5,External
META,WM,-0.44744787837426636,63,0.00026608931119898916,1,7,External
META,XYL,-0.465866812368785,63,0.00013573211164746125,1,20,External
MGM,MHK,0.6006601221971236,63,2.4548685895135977e-07,15,15,Internal
MGM,MOS,0.4129333437594895,63,0.0008515752662882355,15,5,External
MGM,MSFT,-0.44586134408819816,63,0.00028147694363089447,15,1,External
MGM,MTB,0.5085113977942022,63,2.445657969756641e-05,15,5,External
MGM,NCLH,0.5810637035314506,63,7.360869236873889e-07,15,15,Internal
MGM,OMC,0.41819331246966995,63,0.0007188662120040762,15,5,External
MGM,ON,0.4459610750987335,63,0.0002804862365345298,15,0,External
MGM,PFG,0.4189780683886083,63,0.00070075920007093,15,5,External
MGM,PH,0.47805724045374864,63,8.508795320152827e-05,15,15,Internal
MGM,PKG,0.4447245453533238,63,0.0002929976505599648,15,20,External
MGM,PRU,0.4070189792175743,63,0.0010269341731662268,15,5,External
MGM,PSKY,0.5102418369059102,63,2.270160240829933e-05,15,5,External
MGM,RCL,0.46329382517213297,63,0.0001494595581278142,15,15,Internal
MGM,REG,0.5746806267075781,63,1.0366467850647522e-06,15,15,Internal
MGM,RF,0.4470310125030418,63,0.00027005621004336846,15,5,External
MGM,RJF,0.5085463318778616,63,2.4419939890437392e-05,15,5,External
MGM,RL,0.5022563120221508,63,3.190379249865161e-05,15,15,Internal
MGM,RMD,-0.5159666392861051,63,1.7693257333984825e-05,15,1,External
MGM,RTX,0.4942384312652399,63,4.4520798982945804e-05,15,15,Internal
MGM,SCHW,0.45087113092261916,63,0.0002354719880303409,15,5,External
MGM,SNA,0.499170333805181,63,3.630548189390018e-05,15,15,Internal
MGM,SPG,0.4852729372458607,63,6.399823163467693e-05,15,15,Internal
MGM,STT,0.42596343536967435,63,0.0005568814322808217,15,5,External
MGM,SYF,0.5441530479356521,63,4.844858961711383e-06,15,5,External
MGM,SYY,0.40225521862721386,63,0.0011911711956102563,15,15,Internal
MGM,TMO,-0.42511828235463145,63,0.0005727331958589936,15,1,External
MGM,TPR,0.46763025293764726,63,0.00012700296325780737,15,15,Internal
MGM,TROW,0.41291004895320155,63,0.0008522092453837712,15,5,External
MGM,TXT,0.4634818978057736,63,0.00014841457139686676,15,5,External
MGM,UAL,0.4954984067207591,63,4.227265909373263e-05,15,5,External
MGM,URI,0.4614644848475412,63,0.00015998186109670833,15,15,Internal
MGM,USB,0.44331665779512336,63,0.000307861722260568,15,5,External
MGM,VICI,0.4194382415131633,63,0.0006903345367879074,15,5,External
MGM,VMC,0.48278569029630813,63,7.065126431813332e-05,15,5,External
MGM,VRSN,-0.4363893751935389,63,0.00039152401532294064,15,1,External
MGM,VRTX,-0.5234699932918987,63,1.2674789015853932e-05,15,1,External
MGM,WAB,0.5532589511162893,63,3.1077359923865884e-06,15,15,Internal
MGM,WBD,0.5681635482668816,63,1.459650887912394e-06,15,15,Internal
MGM,WFC,0.4017345167081431,63,0.0012104858717470234,15,5,External
MGM,WY,0.46567259744357126,63,0.0001367264241503602,15,15,Internal
MGM,WYNN,0.6452096741543334,63,1.5059443361921854e-08,15,15,Internal
MHK,MLM,0.45914971445794217,63,0.00017426917413297782,15,5,External
MHK,MMM,0.4049821084922476,63,0.0010944797060096845,15,20,External
MHK,MOS,0.5064662807909194,63,2.669256310674399e-05,15,5,External
MHK,MS,0.4269100960258469,63,0.0005395994028197797,15,5,External
MHK,MSCI,-0.5010677856704991,63,3.3536991888558076e-05,15,1,External
MHK,MSFT,-0.5270407045071098,63,1.0784130307824214e-05,15,1,External
MHK,MTB,0.6073306035329503,63,1.660816201669549e-07,15,5,External
MHK,NCLH,0.5876278895076554,63,5.136573936089623e-07,15,15,Internal
MHK,NSC,0.4446227155677646,63,0.0002940503500974525,15,20,External
MHK,NTRS,0.4198725770231972,63,0.0006806242563421666,15,5,External
MHK,NVDA,-0.4808793973705193,63,7.617564468408224e-05,15,1,External
MHK,NVR,0.40155155994318925,63,0.001217339025830767,15,15,Internal
MHK,NWS,0.42333915811751455,63,0.0006074484701698708,15,15,Internal
MHK,NWSA,0.4178432669008085,63,0.0007270787309621837,15,15,Internal
MHK,O,0.40944865169772837,63,0.0009512940458527096,15,15,Internal
MHK,OMC,0.5444007798660188,63,4.787506730788729e-06,15,5,External
MHK,ON,0.4628772613068806,63,0.0001517981842978053,15,0,External
MHK,PANW,-0.4408162917257304,63,0.0003359662952262514,15,1,External
MHK,PCAR,0.43455012716810515,63,0.00041697216187552394,15,20,External
MHK,PFG,0.5909673362460854,63,4.2643295916872915e-07,15,5,External
MHK,PG,-0.42445927254032706,63,0.0005853765309491371,15,1,External
MHK,PH,0.6008455630435192,63,2.428636634582934e-07,15,15,Internal
MHK,PHM,0.48214364975783225,63,7.24692228113991e-05,15,15,Internal
MHK,PKG,0.524142634640569,63,1.2296615060812085e-05,15,20,External
MHK,PNC,0.4440064381008016,63,0.00030049533657646723,15,5,External
MHK,PNR,0.5573418940910716,63,2.535816682926375e-06,15,20,External
MHK,PODD,-0.48897600385004786,63,5.515731693080048e-05,15,1,External
MHK,PRU,0.6225882356611181,63,6.563115426161189e-08,15,5,External
MHK,PSKY,0.5672198499448048,63,1.5328738861497723e-06,15,5,External
MHK,RCL,0.6022877654257712,63,2.2334466235433427e-07,15,15,Internal
MHK,REG,0.6344074258341462,63,3.0871642737148255e-08,15,15,Internal
MHK,REGN,-0.42704204183366623,63,0.0005372296879170657,15,1,External
MHK,RF,0.6400022555667352,63,2.1360710851110652e-08,15,5,External
MHK,RJF,0.5358746870691565,63,7.174012406254951e-06,15,5,External
MHK,RL,0.5710983002229413,63,1.252329736207099e-06,15,15,Internal
MHK,RMD,-0.4466270240792013,63,0.00027395203394219177,15,1,External
MHK,RTX,0.4214651685837181,63,0.0006460686546793827,15,15,Internal
MHK,SNA,0.5902314614467581,63,4.4436397348694225e-07,15,15,Internal
MHK,SPG,0.6418129331449035,63,1.893024539575213e-08,15,15,Internal
MHK,STT,0.42538304704909824,63,0.0005677237524999373,15,5,External
MHK,SWK,0.47202002467394377,63,0.00010746438104567231,15,5,External
MHK,SYF,0.6564382138687198,63,6.9254202847918096e-09,15,5,External
MHK,SYY,0.6239361216633103,63,6.031771129202914e-08,15,15,Internal
MHK,T,0.4972033141372126,63,3.9397502187627057e-05,15,5,External
MHK,TDG,0.4252650125572202,63,0.0005699520749999357,15,5,External
MHK,TECH,-0.4489858484212692,63,0.000251910056373834,15,1,External
MHK,TEL,0.4681747270634864,63,0.00012441383305734734,15,15,Internal
MHK,TFC,0.5688382053426104,63,1.4093259466672276e-06,15,5,External
MHK,TJX,0.40241991846729147,63,0.0011851199193314912,15,15,Internal
MHK,TMO,-0.4577807443888606,63,0.00018325970128738929,15,1,External
MHK,TPR,0.6583213038008017,63,6.060120988221662e-09,15,15,Internal
MHK,TRV,0.41817875713042896,63,0.0007192060184191421,15,5,External
MHK,TXT,0.5421851441977382,63,5.323753853563955e-06,15,5,External
MHK,UAL,0.501370417128939,63,3.3113947908033465e-05,15,5,External
MHK,ULTA,0.4637112939048429,63,0.00014714905489862803,15,15,Internal
MHK,URI,0.410084691972236,63,0.0009323420848355401,15,15,Internal
MHK,USB,0.570947871902064,63,1.2622475255055303e-06,15,5,External
MHK,VLO,0.4363186740758569,63,0.00039247550009209896,15,11,External
MHK,VMC,0.43192675032981076,63,0.0004558784026395118,15,5,External
MHK,VRSN,-0.4861065082095721,63,6.190117254282938e-05,15,1,External
MHK,VRTX,-0.4698769586831621,63,0.0001166287308046455,15,1,External
MHK,VTR,0.5025371918039124,63,3.1528736508581066e-05,15,15,Internal
MHK,WAB,0.5986382478853827,63,2.7587210809969135e-07,15,15,Internal
MHK,WBD,0.5295853584763847,63,9.600681354056913e-06,15,15,Internal
MHK,WELL,0.49633745977273946,63,4.0834277865191945e-05,15,15,Internal
MHK,WFC,0.5497955173587813,63,3.6851757596045614e-06,15,5,External
MHK,WYNN,0.5069113909510816,63,2.6190371133941598e-05,15,15,Internal
MKC,NDAQ,0.4870444702258183,63,5.9617390388615005e-05,1,1,Internal
MKC,PEP,0.5533026076409672,63,3.1010292898316147e-06,1,1,Internal
MKC,REG,-0.40596467499596584,63,0.001061411995940152,1,15,External
MKC,RTX,-0.41800232492514117,63,0.0007233365546275911,1,15,External
MKC,SJM,0.4484474694565383,63,0.00025679310062479,1,1,Internal
MKC,SPGI,0.48824947405919283,63,5.679748800410792e-05,1,1,Internal
MKC,VLO,-0.43071565014730345,63,0.00047492988247969925,1,11,External
MKC,VRSN,0.445451645511325,63,0.00028558041757315727,1,1,Internal
MLM,MSFT,-0.4710316841345384,63,0.0001116052380511422,5,1,External
MLM,MTB,0.5204240660610795,63,1.4526546550236526e-05,5,5,Internal
MLM,NCLH,0.5773173853397371,63,9.007119285560002e-07,5,15,External
MLM,NFLX,-0.41210644610618097,63,0.0008743425604136396,5,1,External
MLM,NUE,0.511054756270769,63,2.1918135069131612e-05,5,5,Internal
MLM,NVDA,-0.5924684304379871,63,3.9194341539738233e-07,5,1,External
MLM,O,0.44242707266665005,63,0.0003176051019716127,5,15,External
MLM,OMC,0.42279740697704166,63,0.0006183921841254424,5,5,Internal
MLM,PAYC,0.4302235623100918,63,0.0004828754179893073,5,15,External
MLM,PFG,0.5420669470449475,63,5.353878519506999e-06,5,5,Internal
MLM,PH,0.4003666220971978,63,0.0012625761503079558,5,15,External
MLM,PHM,0.4435044840968636,63,0.0003058397116570987,5,15,External
MLM,PKG,0.5568482517290569,63,2.599316317692897e-06,5,20,External
MLM,PNC,0.4367575711615343,63,0.0003866027561347884,5,5,Internal
MLM,PRU,0.5328917267625012,63,8.243177673973728e-06,5,5,Internal
MLM,RCL,0.532661769422546,63,8.331475969600227e-06,5,15,External
MLM,REG,0.543752092207308,63,4.939044252991323e-06,5,15,External
MLM,RF,0.5711623826561079,63,1.2481269822343973e-06,5,5,Internal
MLM,RJF,0.4133866118573741,63,0.0008393238959066555,5,5,Internal
MLM,RL,0.5254957121903194,63,1.1567454729926881e-05,5,15,External
MLM,RMD,-0.4111309883690556,63,0.0009019063326783457,5,1,External
MLM,RTX,0.43717859101587225,63,0.00038104453801277,5,15,External
MLM,SNA,0.5289571332968098,63,9.88105408769252e-06,5,15,External
MLM,SNPS,-0.4581957783561404,63,0.00018049013415470346,5,1,External
MLM,SPG,0.5291769031654423,63,9.782117020180821e-06,5,15,External
MLM,STZ,0.44275038038478676,63,0.00031403192782998866,5,15,External
MLM,SYF,0.581395630593612,63,7.229525713392832e-07,5,5,Internal
MLM,SYY,0.42219584300938534,63,0.0006307533819463499,5,15,External
MLM,T,0.45505140047707143,63,0.00020246451681408336,5,5,Internal
MLM,TAP,0.4023835803453093,63,0.0011864526420817785,5,5,Internal
MLM,TDG,0.4543712828597118,63,0.00020752851980151033,5,5,Internal
MLM,TFC,0.5683832062533374,63,1.4430839384238044e-06,5,5,Internal
MLM,TPR,0.5110451885085575,63,2.1927208517055082e-05,5,15,External
MLM,TRV,0.5822588469665267,63,6.898175315489011e-07,5,5,Internal
MLM,TT,0.4601330087999215,63,0.00016806295216753177,5,20,External
MLM,TXT,0.513378217878012,63,1.9814945110292494e-05,5,5,Internal
MLM,UAL,0.4538723996758999,63,0.00021131650688061592,5,5,Internal
MLM,UDR,0.4248463163657499,63,0.0005779206192931129,5,15,External
MLM,URI,0.42974859111502195,63,0.0004906589693472983,5,15,External
MLM,USB,0.5801650135135412,63,7.727810196549336e-07,5,5,Internal
MLM,VICI,0.40244602030631976,63,0.0011841634505057282,5,5,Internal
MLM,VMC,0.8059303821684578,63,2.759373844420133e-15,5,5,Internal
MLM,VRSN,-0.5611805029571391,63,2.0893022556973972e-06,5,1,External
MLM,VRTX,-0.5214644152081713,63,1.3867527940128668e-05,5,1,External
MLM,VTR,0.40896320708144107,63,0.0009659919717136091,5,15,External
MLM,WAB,0.48046110996167324,63,7.743988532554346e-05,5,15,External
MLM,WBD,0.5222365944454666,63,1.33964675060844e-05,5,15,External
MLM,WELL,0.5037172423227494,63,2.9997192603282543e-05,5,15,External
MLM,WFC,0.549984781503466,63,3.6511945024692533e-06,5,5,Internal
MLM,WMT,-0.43502820385190233,63,0.00041021653313035993,5,1,External
MLM,WRB,0.5078549504979379,63,2.5154625782422236e-05,5,5,Internal
MLM,WY,0.4414155056139019,63,0.00032902575586969663,5,15,External
MLM,XYL,0.4554332531581228,63,0.00019967116112168704,5,20,External
MMC,PCG,0.4338917144204264,63,0.00042644186513663096,7,7,Internal
MMC,PNW,0.4059305833425799,63,0.001062544074923497,7,7,Internal
MMC,WTW,0.7298569184310805,63,1.698204268335849e-11,7,7,Internal
MMM,MS,0.475237385599825,63,9.494316185743471e-05,20,5,External
MMM,MSFT,-0.4729565999911025,63,0.00010367122117157772,20,1,External
MMM,NOW,-0.46897528585794257,63,0.0001206949089957091,20,1,External
MMM,NTRS,0.47350446173239263,63,0.00010150984070480481,20,5,External
MMM,NUE,0.5215290435120806,63,1.3827519541718086e-05,20,5,External
MMM,NVR,0.4321651086027005,63,0.0004522117307032432,20,15,External
MMM,PCAR,0.5774567369918848,63,8.940150873716678e-07,20,20,Internal
MMM,PHM,0.40347382862558634,63,0.0011470488227130068,20,15,External
MMM,PWR,0.4857996540725461,63,6.26656561237656e-05,20,20,Internal
MMM,PYPL,-0.46681201977517045,63,0.00013098706793770334,20,1,External
MMM,RF,0.41142356941781966,63,0.0008935575186809711,20,5,External
MMM,RJF,0.43516112586146366,63,0.0004083560148283399,20,5,External
MMM,RL,0.4257562022710957,63,0.0005607310212878906,20,15,External
MMM,ROK,0.47875966702332595,63,8.27841674685749e-05,20,20,Internal
MMM,STT,0.4912481254783767,63,5.0305848093697755e-05,20,5,External
MMM,SWK,0.48796348709750353,63,5.745537279750427e-05,20,5,External
MMM,TAP,0.457921950902823,63,0.0001823130752637937,20,5,External
MMM,UNP,0.45220804926213526,63,0.00022441610484403722,20,20,Internal
MMM,VMC,0.4082319011034521,63,0.0009885210572519471,20,5,External
MMM,XYL,0.5369426147807731,63,6.823741275290758e-06,20,20,Internal
MMM,XYZ,-0.41845527684532235,63,0.0007127752352202286,20,1,External
MNST,PRU,-0.4175966069875619,63,0.0007329165989355109,1,5,External
MNST,RF,-0.40473926776611646,63,0.0011027941559997776,1,5,External
MNST,WFC,-0.45177086837420666,63,0.0002279780698635634,1,5,External
MO,MSCI,-0.5474691104831272,63,4.127727801704816e-06,15,1,External
MO,PRU,0.4376197026620273,63,0.0003752992324277101,15,5,External
MO,SPG,0.4219406967633909,63,0.0006360635577039235,15,15,Internal
MO,STZ,0.5666955904368128,63,1.575024428506657e-06,15,15,Internal
MO,TAP,0.41030249700063187,63,0.0009259309755129061,15,5,External
MO,TMO,-0.44826189232802827,63,0.00025849620916889183,15,1,External
MO,UAL,0.43257941276278256,63,0.00044590224439012514,15,5,External
MO,WBD,0.4408619956446792,63,0.0003354322534626449,15,15,Internal
MOH,MOS,-0.40529559306037344,63,0.0010838300840864505,1,5,External
MOH,MRK,0.4044977978289023,63,0.001111118068181933,1,1,Internal
MOH,NTRS,-0.40048827058834796,63,0.0012578633233503301,1,5,External
MOH,SBAC,0.44782650372309063,63,0.000262532514590294,1,7,External
MOH,SYF,-0.43451087500330654,63,0.00041753130115990925,1,5,External
MOH,TFC,-0.4281868089044561,63,0.0005170631489028315,1,5,External
MOH,UNH,0.5325737129151861,63,8.365520236410093e-06,1,1,Internal
MOH,USB,-0.41787457074441353,63,0.000726340859612778,1,5,External
MOH,VRTX,0.454281604561765,63,0.00020820482569390138,1,1,Internal
MOH,WAB,-0.4097670234449187,63,0.000941764551958014,1,15,External
MOS,MS,0.40957771239421636,63,0.0009474205638491775,5,5,Internal
MOS,MSFT,-0.5358246777708272,63,7.190818648227963e-06,5,1,External
MOS,MTB,0.6357433447286357,63,2.8291823908145497e-08,5,5,Internal
MOS,NFLX,-0.41674049795751333,63,0.0007535093970466119,5,1,External
MOS,NSC,0.4186193206999353,63,0.0007089848569022107,5,20,External
MOS,NVDA,-0.589231893732485,63,4.6985735421947877e-07,5,1,External
MOS,NWS,0.47100525511974506,63,0.00011171795457684989,5,15,External
MOS,NWSA,0.46898251872108915,63,0.00012066177993204035,5,15,External
MOS,OMC,0.40867823550745874,63,0.0009747152933444652,5,5,Internal
MOS,PFG,0.5543581219978023,63,2.9429353306784334e-06,5,5,Internal
MOS,PH,0.4211102232117393,63,0.0006536294271764696,5,15,External
MOS,PNC,0.45744575686062416,63,0.0001855234431000643,5,5,Internal
MOS,PPG,0.4714174909160722,63,0.00010997167590812168,5,5,Internal
MOS,PRU,0.5872296357472625,63,5.251118880863968e-07,5,5,Internal
MOS,REG,0.5898054077547836,63,4.550670139787685e-07,5,15,External
MOS,RF,0.5999099181029336,63,2.5637362804356544e-07,5,5,Internal
MOS,RJF,0.5063319097345874,63,2.6845910434323015e-05,5,5,Internal
MOS,RL,0.46072201461802426,63,0.00016444305200315543,5,15,External
MOS,SNA,0.4308385109071362,63,0.00047296473172059615,5,15,External
MOS,SPG,0.590060311114625,63,4.486347525778264e-07,5,15,External
MOS,SWK,0.49808034406998664,63,3.798996182770225e-05,5,5,Internal
MOS,SYF,0.5737637993538466,63,1.0882587953255897e-06,5,5,Internal
MOS,T,0.5122700057545637,63,2.0793566680494073e-05,5,5,Internal
MOS,TECH,-0.4612815291884734,63,0.0001610707394190303,5,1,External
MOS,TEL,0.4843082762503826,63,6.650677809683739e-05,5,15,External
MOS,TFC,0.6225080922323425,63,6.596060429520404e-08,5,5,Internal
MOS,TMO,-0.4155274820118821,63,0.0007835841052984953,5,1,External
MOS,TPR,0.5642443566697718,63,1.7869079363398758e-06,5,15,External
MOS,TRV,0.471840745495873,63,0.00010820485834727396,5,5,Internal
MOS,TSN,0.42227012841283224,63,0.0006292149049692388,5,5,Internal
MOS,TXT,0.6159386444928876,63,9.896339628123697e-08,5,5,Internal
MOS,UAL,0.5500672785523477,63,3.6364744293413993e-06,5,5,Internal
MOS,USB,0.5190499601086864,63,1.5441626795236733e-05,5,5,Internal
MOS,VRSN,-0.4183951645656953,63,0.0007141687697289193,5,1,External
MOS,VTR,0.5476684980630453,63,4.087937388722071e-06,5,15,External
MOS,WAB,0.7405998529541744,63,5.969716775500368e-12,5,15,External
MOS,WELL,0.4415894102885568,63,0.0003270360865218707,5,15,External
MOS,WFC,0.5312485161769369,63,8.893765707169673e-06,5,5,Internal
MOS,WRB,0.4308544344814368,63,0.0004727105768879921,5,5,Internal
MPC,MRK,-0.4537052492074081,63,0.00021259975202441675,11,1,External
MPC,MTB,0.4294933064270043,63,0.0004948893707989216,11,5,External
MPC,NCLH,0.4351887514424739,63,0.00040797030309704335,11,15,External
MPC,NWS,0.4169602472666354,63,0.0007481742040548832,11,15,External
MPC,NWSA,0.41442614143423573,63,0.0008118260058741646,11,15,External
MPC,OKE,0.41939196056070654,63,0.0006913765856412778,11,11,Internal
MPC,OXY,0.4342417777344537,63,0.00042138294878518143,11,11,Internal
MPC,PAYC,0.49987656790166474,63,3.525124059986854e-05,11,15,External
MPC,PFG,0.44034987047055485,63,0.00034146083575019363,11,5,External
MPC,PH,0.5112198123640074,63,2.1762153683503728e-05,11,15,External
MPC,PNC,0.4337818370530695,63,0.0004280411079340217,11,5,External
MPC,PSKY,0.41127356997766046,63,0.0008978289987558319,11,5,External
MPC,PSX,0.6981845406545283,63,2.830022663571062e-10,11,11,Internal
MPC,REG,0.5191390223711642,63,1.5380730364298187e-05,11,15,External
MPC,SJM,-0.456810727743734,63,0.00018988521486040927,11,1,External
MPC,SLB,0.4755723291873056,63,9.371992950986895e-05,11,11,Internal
MPC,SYF,0.4267487703204172,63,0.0005425096671145219,11,5,External
MPC,TDG,0.4512037188116644,63,0.00023267600983149672,11,5,External
MPC,TEL,0.4170131303174761,63,0.000746895394887119,11,15,External
MPC,TFC,0.4029931834522619,63,0.001164272687132454,11,5,External
MPC,TMO,-0.4515117165941224,63,0.00023011386334153072,11,1,External
MPC,TRGP,0.41229425331783726,63,0.000869123859052149,11,11,Internal
MPC,UNH,-0.45178195816381617,63,0.00022788707944707866,11,1,External
MPC,USB,0.4232811272672328,63,0.0006086122720575264,11,5,External
MPC,VLO,0.766897767587933,63,3.666693210461281e-13,11,11,Internal
MPC,VTR,0.40211967197529397,63,0.0011961722006955191,11,15,External
MPC,XOM,0.5528577613934095,63,3.1700063087345196e-06,11,11,Internal
MPWR,MU,0.46828269299618747,63,0.00012390622029129534,0,0,Internal
MPWR,NXPI,0.46346982372414347,63,0.00014848145665172157,0,0,Internal
MPWR,ON,0.41549620750469773,63,0.000784373663494989,0,0,Internal
MPWR,QCOM,0.4992302175941642,63,3.621497037128564e-05,0,0,Internal
MPWR,SWKS,0.6448776739395681,63,1.5401872346225214e-08,0,0,Internal
MPWR,TER,0.6606616686579563,63,5.12707059628283e-09,0,0,Internal
MPWR,TXN,0.5336926560921149,63,7.942396846477019e-06,0,0,Internal
MRK,PFE,0.47818600044877535,63,8.466128303378567e-05,1,1,Internal
MRK,TMO,0.40476843676638863,63,0.0011017924605619626,1,1,Internal
MRK,WST,0.4309434069503702,63,0.00047129277820966663,1,1,Internal
MRNA,RL,-0.4374243508143117,63,0.00037783380746949405,1,15,External
MRNA,RMD,0.40610168242089595,63,0.0010568733589155206,1,1,Internal
MRNA,SPG,-0.40439740519673795,63,0.0011145954167147626,1,15,External
MS,MSFT,-0.5639463904101236,63,1.8144098756896854e-06,5,1,External
MS,MTB,0.5396376616390566,63,6.009371276976587e-06,5,5,Internal
MS,NOW,-0.5326259340153152,63,8.345314998585102e-06,5,1,External
MS,NSC,0.49119520675538075,63,5.041420815183941e-05,5,20,External
MS,NTRS,0.7087861416363023,63,1.1503838371445013e-10,5,5,Internal
MS,PCAR,0.5775067117515741,63,8.916248432907249e-07,5,20,External
MS,PFG,0.4042043511314287,63,0.00112130989568766,5,5,Internal
MS,PNC,0.4801936422085831,63,7.825838754965878e-05,5,5,Internal
MS,PNR,0.4391276416818242,63,0.00035624977049207563,5,20,External
MS,PRU,0.42192010288016546,63,0.0006364939258310536,5,5,Internal
MS,REGN,-0.43094461213526064,63,0.0004712735998499662,5,1,External
MS,RF,0.644520570148744,63,1.577841056165552e-08,5,5,Internal
MS,RJF,0.622760063228457,63,6.493003929900636e-08,5,5,Internal
MS,SCHW,0.5279948392487565,63,1.0325329775802291e-05,5,5,Internal
MS,SNPS,-0.48315387012667144,63,6.962781151891586e-05,5,1,External
MS,STT,0.7190559131914943,63,4.62666892128288e-11,5,5,Internal
MS,SWK,0.6092494931225582,63,1.4817588225829937e-07,5,5,Internal
MS,SYF,0.4150629559556738,63,0.0007953858458418557,5,5,Internal
MS,TAP,0.4922118658258714,63,4.836967439704375e-05,5,5,Internal
MS,TDG,0.40792562093346585,63,0.000998096559363786,5,5,Internal
MS,TFC,0.5419405961660214,63,5.386257099299416e-06,5,5,Internal
MS,TXT,0.503495141462881,63,3.0280078353526895e-05,5,5,Internal
MS,UAL,0.42738268357245585,63,0.0005311554668426669,5,5,Internal
MS,USB,0.5844382101235177,63,6.123926865777375e-07,5,5,Internal
MS,WAB,0.4377535268642722,63,0.00037357189161587256,5,15,External
MS,WFC,0.6486183462193978,63,1.193619806501836e-08,5,5,Internal
MS,XYL,0.46720955345841014,63,0.00012903729819183793,5,20,External
MSCI,NVDA,0.400920091803694,63,0.0012412615316942939,1,1,Internal
MSCI,PCAR,-0.46901441108012143,63,0.00012051580129206813,1,20,External
MSCI,PNR,-0.5048832191897143,63,2.855183702531902e-05,1,20,External
MSCI,PODD,0.4838623865564285,63,6.769665970453388e-05,1,1,Internal
MSCI,PWR,-0.43633451429245185,63,0.00039226214206313057,1,20,External
MSCI,RMD,0.41331145263451635,63,0.0008413442889664591,1,1,Internal
MSCI,TMO,0.5008833237696398,63,3.3797296277980945e-05,1,1,Internal
MSCI,TPR,-0.40566763630557096,63,0.0010713123802354656,1,15,External
MSCI,URI,-0.4031178763490814,63,0.0011597821000860968,1,15,External
MSCI,VRSN,0.40000359026215426,63,0.0012767350918812671,1,1,Internal
MSFT,MTB,-0.72227126612474,63,3.449986586838546e-11,1,5,External
MSFT,NCLH,-0.4041590023946276,63,0.0011228924148247545,1,15,External
MSFT,NFLX,0.54671438557356,63,4.2816414896635875e-06,1,1,Internal
MSFT,NOW,0.5174254773151796,63,1.6592427103179378e-05,1,1,Internal
MSFT,NTRS,-0.5006446591965288,63,3.4136863980811746e-05,1,5,External
MSFT,NUE,-0.41393536282273585,63,0.0008247050395011713,1,5,External
MSFT,NVDA,0.6081813708835833,63,1.5790502237447203e-07,1,1,Internal
MSFT,O,-0.46874065823059957,63,0.00012177412939217444,1,15,External
MSFT,OKE,-0.4132226959398541,63,0.0008437358626883087,1,11,External
MSFT,OMC,-0.42021206817674395,63,0.0006731207129076363,1,5,External
MSFT,PCAR,-0.4128160878946691,63,0.0008547707722338277,1,20,External
MSFT,PEG,-0.4639464160204176,63,0.00014586223057708297,1,7,External
MSFT,PFG,-0.6249293316498201,63,5.6665120648108044e-08,1,5,External
MSFT,PH,-0.5298755461233562,63,9.473688583489927e-06,1,15,External
MSFT,PKG,-0.5848445643156813,63,5.988909205146329e-07,1,20,External
MSFT,PNC,-0.7092602265468413,63,1.1039673121018398e-10,1,5,External
MSFT,PNR,-0.45955876605081875,63,0.00017166230248317606,1,20,External
MSFT,PNW,-0.4251448618758716,63,0.0005722284967626271,1,7,External
MSFT,PPL,-0.4507830285701444,63,0.0002362177703739475,1,7,External
MSFT,PRU,-0.656314454943969,63,6.986206390280435e-09,1,5,External
MSFT,PSKY,-0.5620298065800194,63,2.001002373657646e-06,1,5,External
MSFT,PWR,-0.4963235077789009,63,4.085782103904979e-05,1,20,External
MSFT,PYPL,0.41999443056424063,63,0.0006779223366174126,1,1,Internal
MSFT,RCL,-0.4662007216212004,63,0.00013403811677346894,1,15,External
MSFT,REG,-0.5916251875241761,63,4.1098097760922865e-07,1,15,External
MSFT,RF,-0.7206421547768755,63,4.0050972964247257e-11,1,5,External
MSFT,RJF,-0.6770121882342557,63,1.5282734202318383e-09,1,5,External
MSFT,RL,-0.5736471849840099,63,1.0949935469442833e-06,1,15,External
MSFT,ROK,-0.4473119058638547,63,0.00026737733820203654,1,20,External
MSFT,RTX,-0.4508088451756223,63,0.0002359990106062906,1,15,External
MSFT,SCHW,-0.4694477003291315,63,0.00011854854758883935,1,5,External
MSFT,SLB,-0.4140243620118586,63,0.0008223558960661897,1,11,External
MSFT,SNA,-0.5057553637916146,63,2.7513188363335555e-05,1,15,External
MSFT,SNPS,0.5560723272446738,63,2.702140151906303e-06,1,1,Internal
MSFT,SPG,-0.5063897575988192,63,2.677979333941142e-05,1,15,External
MSFT,STT,-0.5445008883257464,63,4.764510943395841e-06,1,5,External
MSFT,SWK,-0.5518470230581078,63,3.332094827476693e-06,1,5,External
MSFT,SYF,-0.5795263912685684,63,7.99892230426057e-07,1,5,External
MSFT,T,-0.4608942779468747,63,0.00016339795109732952,1,5,External
MSFT,TAP,-0.5067772379124602,63,2.634079876267463e-05,1,5,External
MSFT,TDG,-0.6181865062919716,63,8.622699855538033e-08,1,5,External
MSFT,TECH,0.5524852922516157,63,3.228860754609471e-06,1,1,Internal
MSFT,TEL,-0.5138268529063083,63,1.9431064496301004e-05,1,15,External
MSFT,TFC,-0.732964589012505,63,1.2614918182652652e-11,1,5,External
MSFT,TPR,-0.5230849248562756,63,1.2896121329000762e-05,1,15,External
MSFT,TROW,-0.4523065557174396,63,0.00022362057612146106,1,5,External
MSFT,TRV,-0.6758030118674717,63,1.675771618731446e-09,1,5,External
MSFT,TSN,-0.5124859325336498,63,2.0599442270213962e-05,1,5,External
MSFT,TT,-0.4091675925274907,63,0.0009597789445697868,1,20,External
MSFT,TTWO,0.41530585989509744,63,0.0007891947300028866,1,1,Internal
MSFT,TXT,-0.7190688036246389,63,4.621266119012939e-11,1,5,External
MSFT,UAL,-0.5594985850361208,63,2.2750299673871824e-06,1,5,External
MSFT,UDR,-0.4609444631028281,63,0.000163094631276879,1,15,External
MSFT,UHS,-0.4366213652531271,63,0.00038841666325311816,1,15,External
MSFT,UNP,-0.4426191923240062,63,0.0003154773641911742,1,20,External
MSFT,USB,-0.7192181377395153,63,4.5591118645853465e-11,1,5,External
MSFT,VICI,-0.518594338958977,63,1.5756677081291197e-05,1,5,External
MSFT,VMC,-0.42929573551560163,63,0.0004981860999271161,1,5,External
MSFT,VRSN,0.43075924486687045,63,0.00047423173950742,1,1,Internal
MSFT,VRTX,0.4502543782945093,63,0.00024073831466902938,1,1,Internal
MSFT,VTR,-0.4877352095227703,63,5.7985542148725925e-05,1,15,External
MSFT,WAB,-0.639839288505991,63,2.1593367229251315e-08,1,15,External
MSFT,WBD,-0.45855080786532537,63,0.00017815147239771565,1,15,External
MSFT,WELL,-0.4996211304516899,63,3.562923448070401e-05,1,15,External
MSFT,WFC,-0.7186864515762695,63,4.784105336743572e-11,1,5,External
MSFT,WRB,-0.5480435658210842,63,4.0140564077516e-06,1,5,External
MSFT,WY,-0.49198906263921016,63,4.8811071348360235e-05,1,15,External
MSFT,WYNN,-0.4412449025268511,63,0.0003309883716533047,1,15,External
MSFT,XOM,-0.4280627843859422,63,0.00051921429216847,1,11,External
MSFT,XYL,-0.46799438946208344,63,0.00012526597028857843,1,20,External
MTB,NCLH,0.5314976281746758,63,8.792154431807564e-06,5,15,External
MTB,NFLX,-0.44484066113763604,63,0.00029180146322215915,5,1,External
MTB,NSC,0.42801237580523877,63,0.0005200909245877937,5,20,External
MTB,NTRS,0.6315320762378058,63,3.7197860463775766e-08,5,5,Internal
MTB,NUE,0.49611937330735956,63,4.1203724278197725e-05,5,5,Internal
MTB,NVDA,-0.6477572545611255,63,1.2661499986213112e-08,5,1,External
MTB,NWS,0.43334670521031615,63,0.00043442810081574615,5,15,External
MTB,NWSA,0.44807415059001393,63,0.0002602296792497006,5,15,External
MTB,O,0.47589505976603974,63,9.255503456926238e-05,5,15,External
MTB,OMC,0.591425781772609,63,4.156082397161892e-07,5,5,Internal
MTB,ON,0.46505103148263777,63,0.00013995373957840677,5,0,External
MTB,PCAR,0.5243790432430545,63,1.2166211708095004e-05,5,20,External
MTB,PFG,0.7221155320292483,63,3.4997033744996104e-11,5,5,Internal
MTB,PH,0.6460432944904716,63,1.4231107326880789e-08,5,15,External
MTB,PKG,0.6316894977761609,63,3.6821977503947804e-08,5,20,External
MTB,PNC,0.807772572373722,63,2.1324749433695965e-15,5,5,Internal
MTB,PNR,0.44647928295821526,63,0.0002753895313325276,5,20,External
MTB,PPG,0.4350916116924373,63,0.00040932804905978866,5,5,Internal
MTB,PRU,0.6954718557960455,63,3.541002678922714e-10,5,5,Internal
MTB,PSKY,0.5364205033847029,63,6.99294837960491e-06,5,5,Internal
MTB,RCL,0.45253953622352106,63,0.00022174930269038223,5,15,External
MTB,REG,0.6056878500667475,63,1.8301078998937247e-07,5,15,External
MTB,REGN,-0.41471780780221085,63,0.0008042585149605578,5,1,External
MTB,RF,0.7966830660321316,63,9.664404233761812e-15,5,5,Internal
MTB,RJF,0.8048087005335882,63,3.2238795481124617e-15,5,5,Internal
MTB,RL,0.6348104249667944,63,3.007088152268573e-08,5,15,External
MTB,RTX,0.5331305897561937,63,8.15238315666518e-06,5,15,External
MTB,SCHW,0.5598708371966045,63,2.232639766955837e-06,5,5,Internal
MTB,SLB,0.4151046528622546,63,0.0007943199654419788,5,11,External
MTB,SNA,0.587639409201502,63,5.133295859689137e-07,5,15,External
MTB,SNPS,-0.5207138496643818,63,1.434011549524703e-05,5,1,External
MTB,SPG,0.5790865433888285,63,8.190812279520894e-07,5,15,External
MTB,STT,0.585035613339338,63,5.926400830343791e-07,5,5,Internal
MTB,SWK,0.5274512518911423,63,1.0584440001300473e-05,5,5,Internal
MTB,SYF,0.757472839336125,63,1.0377595104198544e-12,5,5,Internal
MTB,SYY,0.6282701980088445,63,4.585209062978011e-08,5,15,External
MTB,T,0.6286746784376377,63,4.468397492109104e-08,5,5,Internal
MTB,TDG,0.5414839494805888,63,5.50480628079796e-06,5,5,Internal
MTB,TECH,-0.5437974085411927,63,4.928314361665469e-06,5,1,External
MTB,TEL,0.6032434625491352,63,2.1123416986493997e-07,5,15,External
MTB,TFC,0.8786324883255856,63,6.361073134613732e-21,5,5,Internal
MTB,TMO,-0.43282400146744276,63,0.0004422150679256071,5,1,External
MTB,TPR,0.5857015112979373,63,5.713285119247206e-07,5,15,External
MTB,TROW,0.4510378432306171,63,0.00023406666449472718,5,5,Internal
MTB,TRV,0.6759099124709967,63,1.6622060256388626e-09,5,5,Internal
MTB,TSN,0.4606658818248894,63,0.0001647849244564676,5,5,Internal
MTB,TT,0.4745401694229979,63,9.753668608054956e-05,5,20,External
MTB,TTWO,-0.44461434995447763,63,0.00029413698569933576,5,1,External
MTB,TXT,0.7448876030283411,63,3.876863488655162e-12,5,5,Internal
MTB,TYL,-0.43036109852276544,63,0.00048064260186637215,5,1,External
MTB,UAL,0.584842941084289,63,5.989442944848233e-07,5,5,Internal
MTB,UDR,0.4739953784661816,63,9.960840293597096e-05,5,15,External
MTB,USB,0.9049863585395643,63,6.070338788546214e-24,5,5,Internal
MTB,VICI,0.5035195410284847,63,3.0248880733493496e-05,5,5,Internal
MTB,VLO,0.4354127762603463,63,0.0004048546686246639,5,11,External
MTB,VMC,0.5074410565638153,63,2.5604192224394402e-05,5,5,Internal
MTB,VRSN,-0.4906954552165347,63,5.144821719131239e-05,5,1,External
MTB,VRTX,-0.5501933559358837,63,3.6140853043414825e-06,5,1,External
MTB,VTR,0.47994925158284724,63,7.901322971879207e-05,5,15,External
MTB,VTRS,0.4491572237416885,63,0.00025037359707137896,5,5,Internal
MTB,WAB,0.6764231695158918,63,1.598512932785374e-09,5,15,External
MTB,WBD,0.5448998505906222,63,4.673885883642098e-06,5,15,External
MTB,WELL,0.45623838079862195,63,0.0001938967069981942,5,15,External
MTB,WFC,0.8233812872316457,63,2.13605341960717e-16,5,5,Internal
MTB,WRB,0.5748688499550768,63,1.0263389288896542e-06,5,5,Internal
MTB,WST,-0.40686803449628567,63,0.0010318075887330203,5,1,External
MTB,WY,0.5310785492522994,63,8.963720489556016e-06,5,15,External
MTB,WYNN,0.4385870219070998,63,0.0003629755498344346,5,15,External
MTB,XYL,0.41604380169660776,63,0.0007706525523108038,5,20,External
MTD,WAT,0.46673714272377126,63,0.00013135732845933538,20,20,Internal
MU,NDAQ,-0.4002000198987706,63,0.0012690563222381868,0,1,External
MU,NI,-0.4540301382517817,63,0.00021011202323292278,0,7,External
MU,ON,0.5130954518378911,63,2.006050042407504e-05,0,0,Internal
MU,PLD,-0.40214527577033876,63,0.0011952261009448898,0,7,External
MU,QCOM,0.43948862176204084,63,0.00035182231086996156,0,0,Internal
MU,SPGI,-0.40263108882309045,63,0.0011774017599255509,0,1,External
MU,SWKS,0.4702333059054123,63,0.0001150567500801811,0,0,Internal
MU,TER,0.5771127639713639,63,9.106307701609634e-07,0,0,Internal
MU,TXN,0.48479697828893087,63,6.52248207344992e-05,0,0,Internal
MU,WDC,0.5979567769107709,63,2.868869612638979e-07,0,0,Internal
MU,XEL,-0.40016635389969557,63,0.0012703694259881683,0,7,External
NCLH,NVDA,-0.5306736301916722,63,9.132445749615523e-06,15,1,External
NCLH,O,0.4412143352694388,63,0.0003313411426121892,15,15,Internal
NCLH,OMC,0.49457446783517306,63,4.39106541547981e-05,15,5,External
NCLH,OTIS,0.43285454501565257,63,0.00044175657683882434,15,15,Internal
NCLH,PFG,0.6522621148022336,63,9.280123440456688e-09,15,5,External
NCLH,PH,0.5247333513992881,63,1.1973180615028613e-05,15,15,Internal
NCLH,PKG,0.4278914376080076,63,0.0005221995890885813,15,20,External
NCLH,PNR,0.4351833599572738,63,0.0004080455536161077,15,20,External
NCLH,PRU,0.5879979483096247,63,5.032245973743867e-07,15,5,External
NCLH,PSKY,0.5243345691138696,63,1.2190645081117035e-05,15,5,External
NCLH,RCL,0.8487303124796335,63,3.0086371079500304e-18,15,15,Internal
NCLH,REG,0.671780900740648,63,2.2697409667038685e-09,15,15,Internal
NCLH,REGN,-0.4896722535450759,63,5.362663585358141e-05,15,1,External
NCLH,RF,0.49095370005948447,63,5.091147624912671e-05,15,5,External
NCLH,RMD,-0.5168432591283496,63,1.702390776838238e-05,15,1,External
NCLH,RTX,0.44522353122744807,63,0.00028788877216278844,15,15,Internal
NCLH,SNA,0.4912745805983114,63,5.0251757434344375e-05,15,15,Internal
NCLH,SPG,0.6863110159290804,63,7.414689005370318e-10,15,15,Internal
NCLH,STZ,0.45436211273750493,63,0.00020759758356884444,15,15,Internal
NCLH,SYF,0.6142931567863598,63,1.0938965009016392e-07,15,5,External
NCLH,SYY,0.5884976607963452,63,4.894522073221979e-07,15,15,Internal
NCLH,TDG,0.5249020391705673,63,1.1882281856991249e-05,15,5,External
NCLH,TFC,0.5384818845120387,63,6.3468345479956136e-06,15,5,External
NCLH,TMO,-0.5307961277583624,63,9.081093025103969e-06,15,1,External
NCLH,TPR,0.540606388304963,63,5.739490054657542e-06,15,15,Internal
NCLH,TRV,0.49399922144382286,63,4.4959898120021585e-05,15,5,External
NCLH,TXT,0.5376886916614246,63,6.588563936667045e-06,15,5,External
NCLH,UAL,0.7377521493893451,63,7.915024437532002e-12,15,5,External
NCLH,UDR,0.43477439535960605,63,0.0004137905545521351,15,15,Internal
NCLH,URI,0.4137510951045479,63,0.0008295881005436171,15,15,Internal
NCLH,USB,0.5212948690141382,63,1.3972998037007021e-05,15,5,External
NCLH,VICI,0.4391871317444311,63,0.000355516641728096,15,5,External
NCLH,VLO,0.45697621217821066,63,0.00018873960780957803,15,11,External
NCLH,VRSN,-0.4492666581039395,63,0.000249396953014822,15,1,External
NCLH,VRTX,-0.5844647702840312,63,6.115015247896139e-07,15,1,External
NCLH,VTR,0.5339523155189171,63,7.847099973297906e-06,15,15,Internal
NCLH,VTRS,0.42461907255769404,63,0.0005822876718379829,15,5,External
NCLH,WAB,0.49303909697843606,63,4.676290050003452e-05,15,15,Internal
NCLH,WBD,0.4877692841736959,63,5.7906118966446616e-05,15,15,Internal
NCLH,WELL,0.4772195675921482,63,8.791243243519497e-05,15,15,Internal
NCLH,WFC,0.5613261853116692,63,2.073901472992135e-06,15,5,External
NCLH,WMT,-0.5545132333541706,63,2.9203481289116996e-06,15,1,External
NCLH,WRB,0.4842289592303135,63,6.671701967131524e-05,15,5,External
NCLH,WST,-0.4933914525447612,63,4.609359784746976e-05,15,1,External
NCLH,WY,0.5453686049657481,63,4.569463487495586e-06,15,15,Internal
NCLH,WYNN,0.4516732670010562,63,0.00022878031188631207,15,15,Internal
NDAQ,ON,-0.47520502654690233,63,9.506211374086534e-05,1,0,External
NDAQ,RMD,0.4001515876696236,63,0.0012709457514318444,1,1,Internal
NDAQ,SJM,0.4347724423757981,63,0.00041381816515824633,1,1,Internal
NDAQ,SPGI,0.5464996284890946,63,4.3264070301981575e-06,1,1,Internal
NEE,NI,0.5893674839449567,63,4.663203996631115e-07,7,7,Internal
NEE,PEG,0.41683344538584777,63,0.000751248581744435,7,7,Internal
NEE,PLD,0.4172717042268513,63,0.0007406710402949829,7,7,Internal
NEE,PNW,0.5943328593892337,63,3.527533182211618e-07,7,7,Internal
NEE,PPL,0.43273566503510663,63,0.00044354352877665567,7,7,Internal
NEE,SO,0.7058717125127053,63,1.4792010696762349e-10,7,7,Internal
NEE,SRE,0.430161434408398,63,0.0004838871140158349,7,7,Internal
NEE,WEC,0.6371454876848395,63,2.580401212737048e-08,7,7,Internal
NEE,WM,0.4771162913187849,63,8.826657456144226e-05,7,7,Internal
NEE,XEL,0.6739062399689745,63,1.9346675712248585e-09,7,7,Internal
NEM,SPGI,0.41384668387490875,63,0.0008270517625617651,1,1,Internal
NEM,VRSN,0.42756459723295376,63,0.0005279372451959521,1,1,Internal
NFLX,NSC,-0.4506855695599834,63,0.00023704527187391075,1,20,External
NFLX,NVDA,0.5276273075169767,63,1.0499865044768097e-05,1,1,Internal
NFLX,O,-0.4919549118374543,63,4.8879055656854794e-05,1,15,External
NFLX,ORLY,0.4494071703473519,63,0.00024814806086258007,1,1,Internal
NFLX,PEG,-0.42835254949266993,63,0.0005142010983514461,1,7,External
NFLX,PFG,-0.46776443927353234,63,0.0001263603141186106,1,5,External
NFLX,PH,-0.4436314058958469,63,0.00030448022656867114,1,15,External
NFLX,PKG,-0.49882904787585314,63,3.6825327084191065e-05,1,20,External
NFLX,PNR,-0.4525893652890423,63,0.00022135094536227307,1,20,External
NFLX,PPG,-0.4109794970862578,63,0.0009062567696477713,1,5,External
NFLX,PPL,-0.4389495505602507,63,0.00035845272876298376,1,7,External
NFLX,PRU,-0.5363542200670958,63,7.0147071510619056e-06,1,5,External
NFLX,PWR,-0.4444021301270333,63,0.00029634257484597215,1,20,External
NFLX,REG,-0.4482794216226034,63,0.00025833489621288915,1,15,External
NFLX,RL,-0.4427904067111026,63,0.00031359212025090083,1,15,External
NFLX,RSG,-0.40821960617151065,63,0.000988903841714462,1,7,External
NFLX,SNA,-0.5373893891760977,63,6.681987197299735e-06,1,15,External
NFLX,SWK,-0.4573010966518572,63,0.00018650890743531338,1,5,External
NFLX,SYF,-0.45132072994427974,63,0.00023169957027143118,1,5,External
NFLX,TEL,-0.44221802667258814,63,0.00031993516479171443,1,15,External
NFLX,TRV,-0.5043346629518102,63,2.922360193531425e-05,1,5,External
NFLX,TXT,-0.53868438569914,63,6.286460036439811e-06,1,5,External
NFLX,UDR,-0.5132336626059559,63,1.994012697091915e-05,1,15,External
NFLX,USB,-0.45172722918113306,63,0.00022833644702987939,1,5,External
NFLX,VRTX,0.4978554390988343,63,3.8346406772225436e-05,1,1,Internal
NFLX,WAB,-0.4420068936993063,63,0.00032230430599480565,1,15,External
NFLX,WELL,-0.46718155783286475,63,0.00012917373005433605,1,15,External
NI,PEG,0.4934246635835203,63,4.6030971805986294e-05,7,7,Internal
NI,PLD,0.4939561648627089,63,4.5039357518910425e-05,7,7,Internal
NI,PNW,0.7668738887571807,63,3.676595990612057e-13,7,7,Internal
NI,PPL,0.5593158054700189,63,2.2961184919473007e-06,7,7,Internal
NI,SO,0.6992085484166649,63,2.598763097220535e-10,7,7,Internal
NI,SRE,0.427337375748411,63,0.0005319597703158554,7,7,Internal
NI,WEC,0.744195832448695,63,4.158886620635234e-12,7,7,Internal
NI,WELL,0.4207382295032284,63,0.0006616393234329404,7,15,External
NI,WM,0.4842230822142138,63,6.67326219382709e-05,7,7,Internal
NI,XEL,0.7272887835987644,63,2.1644680864263455e-11,7,7,Internal
NI,YUM,0.4036997349280474,63,0.0011390330655447825,7,7,Internal
NOC,WMT,0.42333119194864594,63,0.0006076081111499676,20,1,External
NOW,NTRS,-0.5090414330489876,63,2.3906105263014913e-05,1,5,External
NOW,OMC,-0.41148529322225047,63,0.0008918051694533702,1,5,External
NOW,PCAR,-0.41422731113522887,63,0.0008170216426675652,1,20,External
NOW,PEG,-0.41197746900847276,63,0.0008779428977889142,1,7,External
NOW,PKG,-0.4195535313898441,63,0.0006877448852645315,1,20,External
NOW,PM,-0.43366242810480604,63,0.00042978526683686957,1,7,External
NOW,PYPL,0.491170241754341,63,5.046540302380478e-05,1,1,Internal
NOW,RF,-0.40018808405447354,63,0.0012695217263950275,1,5,External
NOW,RJF,-0.4077858812527288,63,0.001002493096835763,1,5,External
NOW,RL,-0.4397835189370497,63,0.0003482426483492446,1,15,External
NOW,STT,-0.4321409230540415,63,0.0004525825512427407,1,5,External
NOW,SWK,-0.4503091142884845,63,0.00024026661789783448,1,5,External
NOW,T,-0.4265505021037592,63,0.0005461058778885464,1,5,External
NOW,TAP,-0.6549914838847228,63,7.668377555173345e-09,1,5,External
NOW,TECH,0.42973488920665803,63,0.0004908851906570756,1,1,Internal
NOW,TPR,-0.48275140441256237,63,7.074727333797848e-05,1,15,External
NOW,TRV,-0.40362383673297114,63,0.0011417204891185737,1,5,External
NOW,TXT,-0.5093118163363582,63,2.3629740989085097e-05,1,5,External
NOW,TYL,0.4123054189360474,63,0.000868814482153906,1,1,Internal
NOW,WFC,-0.4275213888207157,63,0.000528700034581092,1,5,External
NOW,XYZ,0.4587546909826067,63,0.0001768210305262366,1,1,Internal
NRG,PEG,0.5800914601087622,63,7.758590316487211e-07,7,7,Internal
NRG,XEL,0.43265346851163117,63,0.0004447829128521048,7,7,Internal
NSC,NUE,0.40464718728207805,63,0.0011059616875818078,20,5,External
NSC,NXPI,0.4523204777336658,63,0.00022350835153532822,20,0,External
NSC,ON,0.4479713061151941,63,0.00026118376631102344,20,0,External
NSC,PKG,0.4636188877048786,63,0.00014765763938835342,20,20,Internal
NSC,PODD,-0.4145653634807021,63,0.0008082057962649403,20,1,External
NSC,RJF,0.5508382687134364,63,3.501560118605407e-06,20,5,External
NSC,RL,0.46262703580930326,63,0.000153219061326256,20,15,External
NSC,SNA,0.42653066648674076,63,0.0005464668467130694,20,15,External
NSC,SWK,0.4860108356735829,63,6.2138599030142e-05,20,5,External
NSC,SYF,0.45719199062323745,63,0.00018725533642160576,20,5,External
NSC,TDG,0.4039728444058174,63,0.0011294098117695219,20,5,External
NSC,TEL,0.4931769012102517,63,4.650007811580991e-05,20,15,External
NSC,TPR,0.4317746392335621,63,0.0004582324417842984,20,15,External
NSC,TT,0.40457794017238236,63,0.0011083491588187253,20,20,Internal
NSC,TXT,0.501972760277546,63,3.228660219356691e-05,20,5,External
NSC,UNP,0.5945130067252806,63,3.4916850638072244e-07,20,20,Internal
NSC,VRTX,-0.40240123513605325,63,0.0011858049734306628,20,1,External
NSC,WAB,0.44796735058575726,63,0.0002612205254549674,20,15,External
NTAP,SNA,0.44501129137356626,63,0.00029005177261047467,5,15,External
NTRS,ON,0.40237223727865284,63,0.0011868689322292562,5,0,External
NTRS,PCAR,0.6761054077314969,63,1.6376669976147255e-09,5,20,External
NTRS,PFG,0.49823761024758867,63,3.7742538921070936e-05,5,5,Internal
NTRS,PNC,0.4879955110950391,63,5.738135666069405e-05,5,5,Internal
NTRS,PNR,0.497451446640459,63,3.8994461164602436e-05,5,20,External
NTRS,PRU,0.5194486078070992,63,1.5170782067366964e-05,5,5,Internal
NTRS,RF,0.6750762703530834,63,1.7708182303355436e-09,5,5,Internal
NTRS,RJF,0.6370365373060454,63,2.5989656430796364e-08,5,5,Internal
NTRS,SCHW,0.5930919814324781,63,3.7840231959985057e-07,5,5,Internal
NTRS,SLB,0.46029097143172976,63,0.00016708504820664213,5,11,External
NTRS,STT,0.7641452003839747,63,4.993330478990153e-13,5,5,Internal
NTRS,SWK,0.4589773057325518,63,0.00017537875708063225,5,5,Internal
NTRS,SYF,0.4919249308805412,63,4.893881110356662e-05,5,5,Internal
NTRS,T,0.4654028659062369,63,0.0001381184488447276,5,5,Internal
NTRS,TAP,0.44103696240437074,63,0.00033339494507571385,5,5,Internal
NTRS,TECH,-0.4153853759014226,63,0.0007871775225950017,5,1,External
NTRS,TFC,0.5531928049255819,63,3.117923487347804e-06,5,5,Internal
NTRS,TROW,0.41869324462264795,63,0.0007072827525077012,5,5,Internal
NTRS,TRV,0.4217579635926552,63,0.0006398915212158242,5,5,Internal
NTRS,TT,0.4561665556641322,63,0.00019440556147921407,5,20,External
NTRS,TXT,0.5006650661247599,63,3.410770639522603e-05,5,5,Internal
NTRS,TYL,-0.4423870881797739,63,0.0003180495751365522,5,1,External
NTRS,USB,0.6794106037312164,63,1.271378817347414e-09,5,5,Internal
NTRS,WFC,0.640679951663425,63,2.0418395104298407e-08,5,5,Internal
NTRS,XYL,0.426038070322159,63,0.000555500889713089,5,20,External
NUE,NVDA,-0.43000427363612775,63,0.0004864549394327494,5,1,External
NUE,NVR,0.40498416099483975,63,0.0010944096732665332,5,15,External
NUE,OMC,0.4387637627365237,63,0.0003607641177428235,5,5,Internal
NUE,PCAR,0.43572648660263713,63,0.0004005281258137145,5,20,External
NUE,PFG,0.4489836090784725,63,0.00025193019003049675,5,5,Internal
NUE,PH,0.43147162758069285,63,0.0004629547558596986,5,15,External
NUE,PKG,0.4363646854503699,63,0.0003918560471526979,5,20,External
NUE,PNC,0.45933306112808786,63,0.00017309625846496365,5,5,Internal
NUE,PPG,0.4664706235048186,63,0.00013268305472020938,5,5,Internal
NUE,PRU,0.4244001301474052,63,0.0005865234892363948,5,5,Internal
NUE,REG,0.43283303578138727,63,0.0004420794082229788,5,15,External
NUE,RF,0.5812156159422353,63,7.300481993814639e-07,5,5,Internal
NUE,RJF,0.4283632494982891,63,0.0005140168233637224,5,5,Internal
NUE,RL,0.49201288176438,63,4.876370611725371e-05,5,15,External
NUE,SNA,0.4601378788761133,63,0.00016803272462965154,5,15,External
NUE,STT,0.4301543683674923,63,0.00048400229995185635,5,5,Internal
NUE,SWK,0.4641629596818677,63,0.00014468622848735224,5,5,Internal
NUE,SYF,0.4048386609461857,63,0.0010993842476464302,5,5,Internal
NUE,TEL,0.5688609650380873,63,1.4076569094263334e-06,5,15,External
NUE,TFC,0.4908395125297745,63,5.114816478287551e-05,5,5,Internal
NUE,TXT,0.6020517551106708,63,2.2643441250834977e-07,5,5,Internal
NUE,USB,0.49857556388890706,63,3.7215879838211024e-05,5,5,Internal
NUE,VLO,0.46060557882715436,63,0.0001651529211251463,5,11,External
NUE,VMC,0.4613963375654027,63,0.0001603866549247268,5,5,Internal
NUE,WAB,0.4509618762758031,63,0.0002347060841452148,5,15,External
NUE,WFC,0.4078876526335193,63,0.0009992894065464573,5,5,Internal
NUE,ZBRA,0.4161931780132549,63,0.0007669475078750646,5,15,External
NVDA,O,-0.48566562510824796,63,6.300229511617648e-05,1,15,External
NVDA,PCAR,-0.4322119004894599,63,0.0004514950868790086,1,20,External
NVDA,PFG,-0.5717789677798341,63,1.2083590732784649e-06,1,5,External
NVDA,PH,-0.4551330878071772,63,0.00020186396155406984,1,15,External
NVDA,PKG,-0.4541785845986134,63,0.00020898423654142157,1,20,External
NVDA,PNC,-0.508956435104091,63,2.399360051694641e-05,1,5,External
NVDA,PRU,-0.6237452777683176,63,6.104453354003202e-08,1,5,External
NVDA,PYPL,0.4060307083659392,63,0.0010592223232743156,1,1,Internal
NVDA,RCL,-0.5140413973044707,63,1.9249936393984187e-05,1,15,External
NVDA,REG,-0.5795690210187635,63,7.980550415625605e-07,1,15,External
NVDA,RF,-0.5762058463081765,63,9.558389769158226e-07,1,5,External
NVDA,RL,-0.5451674613760353,63,4.614001788724248e-06,1,15,External
NVDA,RTX,-0.4902838129306059,63,5.2314595659181614e-05,1,15,External
NVDA,SNA,-0.49383334909382653,63,4.526672326887501e-05,1,15,External
NVDA,SNPS,0.5287690893496043,63,9.966447088493508e-06,1,1,Internal
NVDA,SPG,-0.6143768666012126,63,1.0883515781101261e-07,1,15,External
NVDA,STT,-0.40409541262857274,63,0.0011251148740292118,1,5,External
NVDA,SYF,-0.5718124831810754,63,1.2062318326095815e-06,1,5,External
NVDA,SYY,-0.4780312298192053,63,8.517438428478915e-05,1,15,External
NVDA,T,-0.4198976562658045,63,0.0006800673657741985,1,5,External
NVDA,TAP,-0.4108335503062909,63,0.0009104658982798755,1,5,External
NVDA,TDG,-0.41626445225566283,63,0.0007651853483156969,1,5,External
NVDA,TECH,0.4890124481150193,63,5.50762056524138e-05,1,1,Internal
NVDA,TEL,-0.4406689026745152,63,0.0003376937941948173,1,15,External
NVDA,TFC,-0.7113588369997189,63,9.190748083351222e-11,1,5,External
NVDA,TMO,0.45200460626389605,63,0.00022606729109787754,1,1,Internal
NVDA,TPR,-0.49535588488224347,63,4.2521586794203006e-05,1,15,External
NVDA,TRV,-0.5639322299367019,63,1.815726682791466e-06,1,5,External
NVDA,TTWO,0.4453535263484064,63,0.0002865712348429619,1,1,Internal
NVDA,TXT,-0.5629623483535686,63,1.908077175450799e-06,1,5,External
NVDA,UAL,-0.540063364524173,63,5.889347762504911e-06,1,5,External
NVDA,UDR,-0.4830038500602845,63,7.004317054748172e-05,1,15,External
NVDA,USB,-0.5434733458234305,63,5.00552602776349e-06,1,5,External
NVDA,VMC,-0.5421418725917521,63,5.334764004625146e-06,1,5,External
NVDA,VRSN,0.528941655544747,63,9.888056920478814e-06,1,1,Internal
NVDA,VRTX,0.5929076486433823,63,3.823588093694534e-07,1,1,Internal
NVDA,VTR,-0.4774808024755339,63,8.702246908194669e-05,1,15,External
NVDA,VTRS,-0.4551153172857228,63,0.00020199446929192972,1,5,External
NVDA,WAB,-0.6342631323569842,63,3.116322194947367e-08,1,15,External
NVDA,WELL,-0.4185955013383416,63,0.0007095340892339061,1,15,External
NVDA,WFC,-0.5921268030434698,63,3.9955406596211177e-07,1,5,External
NVDA,WRB,-0.40209987195913904,63,0.0011969043041088789,1,5,External
NVDA,WST,0.42159533934912713,63,0.0006433157836083898,1,1,Internal
NVDA,WY,-0.48381254305084825,63,6.783088252597888e-05,1,15,External
NVDA,XOM,-0.4074928242576989,63,0.0010117701439607341,1,11,External
NVR,PH,0.4290056707031659,63,0.0005030623722770152,15,15,Internal
NVR,PHM,0.7238433717190442,63,2.9843845865011485e-11,15,15,Internal
NVR,PKG,0.40343546515453677,63,0.0011484150966030978,15,20,External
NVR,PNR,0.46990115953094436,63,0.00011652135035302118,15,20,External
NVR,PWR,0.5449060739746654,63,4.672485058152809e-06,15,20,External
NVR,REG,0.4435845533833554,63,0.00030498142992317303,15,15,Internal
NVR,ROK,0.41483610858934666,63,0.0008012073443441284,15,20,External
NVR,ROST,0.49420711714098076,63,4.4578053601377445e-05,15,15,Internal
NVR,RTX,0.46540003712550937,63,0.00013813311623611692,15,15,Internal
NVR,STZ,0.44917175424839645,63,0.0002502437190179817,15,15,Internal
NVR,SWK,0.4758231869717826,63,9.28132998127299e-05,15,5,External
NVR,TEL,0.42179010412581797,63,0.0006392167194710692,15,15,Internal
NVR,TJX,0.4730309085516592,63,0.0001033756047663345,15,15,Internal
NVR,TPR,0.45626191177827485,63,0.0001937302641469265,15,15,Internal
NVR,ULTA,0.42651251278884156,63,0.000546797397766202,15,15,Internal
NVR,WAB,0.41694209735322696,63,0.0007486135587789812,15,15,Internal
NVR,WELL,0.524106338186685,63,1.2316750940917868e-05,15,15,Internal
NVR,XYL,0.4101240447549388,63,0.0009311807742565897,15,20,External
NWS,NWSA,0.9773857802498095,63,3.4265106532141204e-42,15,15,Internal
NWS,OMC,0.44849399455084266,63,0.0002563677335504277,15,5,External
NWS,PFG,0.4475713751686858,63,0.0002649243773747953,15,5,External
NWS,PH,0.42339303542681256,63,0.0006063697741679935,15,15,Internal
NWS,PKG,0.4459707854139379,63,0.0002803899465812526,15,20,External
NWS,REG,0.5034009268361161,63,3.0400822324383104e-05,15,15,Internal
NWS,RF,0.45537090223177645,63,0.00020012485126175424,15,5,External
NWS,SNA,0.43766470911636357,63,0.0003747174997016403,15,15,Internal
NWS,SPG,0.4311994819914388,63,0.0004672337052660731,15,15,Internal
NWS,SYF,0.4180075242918214,63,0.0007232145233728079,15,5,External
NWS,TEL,0.5149192096642712,63,1.852504496324693e-05,15,15,Internal
NWS,TXT,0.4672193451570334,63,0.0001289896112776641,15,5,External
NWS,UNH,-0.4043711098914766,63,0.001115507839094934,15,1,External
NWS,VLO,0.445051817885683,63,0.0002896376122956229,15,11,External
NWS,VTR,0.4600628909571735,63,0.00016849871171664514,15,15,Internal
NWS,WAB,0.4209328251728683,63,0.000657438196228323,15,15,Internal
NWS,WBD,0.43644806277563714,63,0.0003907358027749475,15,15,Internal
NWS,WDC,0.42995753066256603,63,0.0004872210514075393,15,0,External
NWS,WYNN,0.4213371975802887,63,0.0006487854080822748,15,15,Internal
NWS,ZBRA,0.42334366228074616,63,0.0006073582241637458,15,15,Internal
NWSA,OMC,0.4281221085663142,63,0.0005181843318479628,15,5,External
NWSA,PFG,0.4357165953498857,63,0.0004006638960160817,15,5,External
NWSA,PH,0.421918738073956,63,0.0006365224566867449,15,15,Internal
NWSA,PKG,0.4811784275102243,63,7.528353671212136e-05,15,20,External
NWSA,PNC,0.4165617054380137,63,0.0007578755935429425,15,5,External
NWSA,PSKY,0.40072134568928797,63,0.0012488778716200398,15,5,External
NWSA,REG,0.4968083652167583,63,4.004696995914119e-05,15,15,Internal
NWSA,RF,0.4576133263954116,63,0.0001843878778739722,15,5,External
NWSA,RJF,0.42972565766105475,63,0.000491037658799525,15,5,External
NWSA,SNA,0.42140569148767393,63,0.0006473300353722795,15,15,Internal
NWSA,SPG,0.4048150034548424,63,0.0011001950087215,15,15,Internal
NWSA,SYF,0.40617613338424324,63,0.0010544143707282507,15,5,External
NWSA,TEL,0.5019730047039557,63,3.22862703818417e-05,15,15,Internal
NWSA,TXT,0.5105294958215167,63,2.2421444015227374e-05,15,5,External
NWSA,VLO,0.402796098772316,63,0.0011714022727026898,15,11,External
NWSA,VTR,0.4305228390845251,63,0.0004780288518757647,15,15,Internal
NWSA,WAB,0.43159975007953794,63,0.00046095264557064494,15,15,Internal
NWSA,WBD,0.42647729104200827,63,0.0005474392496421543,15,15,Internal
NWSA,WDC,0.42164821705427163,63,0.0006422005577318365,15,0,External
NWSA,WYNN,0.4116082934563251,63,0.0008883224255539173,15,15,Internal
NXPI,ON,0.6787602005661107,63,1.3366667662209234e-09,0,0,Internal
NXPI,SWKS,0.5051597519032218,63,2.821864310354809e-05,0,0,Internal
NXPI,TEL,0.4502846775047358,63,0.0002404771015466898,0,15,External
NXPI,TER,0.49175971930522966,63,4.926930870795457e-05,0,0,Internal
NXPI,TXN,0.5558142360127309,63,2.7371762628413797e-06,0,0,Internal
O,ORLY,-0.4283489902373619,63,0.0005142624089759677,15,1,External
O,PAYC,0.4584324509128071,63,0.00017892801374707403,15,15,Internal
O,PFG,0.5524911454758151,63,3.2279280327182154e-06,15,5,External
O,PH,0.5319928749827442,63,8.593348787316214e-06,15,15,Internal
O,PHM,0.5470774370949342,63,4.206946392224507e-06,15,15,Internal
O,PNW,0.4134968688698202,63,0.0008363679564368328,15,7,External
O,PRU,0.5147102959750204,63,1.8695229690767528e-05,15,5,External
O,RCL,0.5225789906982842,63,1.3192388993407255e-05,15,15,Internal
O,REG,0.6990875185755143,63,2.6251287382899054e-10,15,15,Internal
O,RF,0.4218208865699092,63,0.0006385710360742333,15,5,External
O,RL,0.5312940177893979,63,8.875124645212328e-06,15,15,Internal
O,RTX,0.5608794189786622,63,2.1214710445892524e-06,15,15,Internal
O,SNA,0.5636252610740498,63,1.8444931080404948e-06,15,15,Internal
O,SPG,0.5527329280598933,63,3.189618805426604e-06,15,15,Internal
O,SRE,0.40613377568652004,63,0.0010558127398531613,15,7,External
O,STZ,0.5122521289189685,63,2.080971430055961e-05,15,15,Internal
O,SYF,0.47158251685214486,63,0.00010927966746775828,15,5,External
O,TDG,0.4392955791788228,63,0.00035418372112037706,15,5,External
O,TEL,0.4016884759654435,63,0.001212207177641566,15,15,Internal
O,TFC,0.4826790379221727,63,7.09503124714476e-05,15,5,External
O,TRMB,0.41520640821892424,63,0.0007917242571694058,15,5,External
O,TRV,0.514440603269412,63,1.891707193393639e-05,15,5,External
O,TTWO,-0.42944559079085615,63,0.0004956837478281237,15,1,External
O,UAL,0.5261465007702628,63,1.1231262291450059e-05,15,5,External
O,UDR,0.6009498242729436,63,2.414004210610607e-07,15,15,Internal
O,USB,0.43626385671588425,63,0.0003932146722459552,15,5,External
O,VICI,0.6138904307111407,63,1.1209472943834402e-07,15,5,External
O,VRSN,-0.5124593877674339,63,2.062321581130455e-05,15,1,External
O,VRTX,-0.5902944294116799,63,4.4280234654013497e-07,15,1,External
O,VTR,0.5045349309658835,63,2.8976674202493843e-05,15,15,Internal
O,WAB,0.4920949034140761,63,4.860092758932339e-05,15,15,Internal
O,WELL,0.6195409865279531,63,7.931648348863183e-08,15,15,Internal
O,WMT,-0.5117284369599797,63,2.1287943520035777e-05,15,1,External
O,WRB,0.41890745470928564,63,0.0007023714230480383,15,5,External
O,WY,0.5198658248960141,63,1.4892052176841143e-05,15,15,Internal
ODFL,POOL,0.46665870041497914,63,0.00013174624940207806,1,1,Internal
ODFL,WST,0.427152848012654,63,0.0005352469394874612,1,1,Internal
OKE,OXY,0.6073692545404792,63,1.6570166315604484e-07,11,11,Internal
OKE,PSX,0.40378347381868646,63,0.0011360746294599463,11,11,Internal
OKE,SLB,0.44491550240142025,63,0.0002910328370197335,11,11,Internal
OKE,TRGP,0.5531122163141076,63,3.130377504148105e-06,11,11,Internal
OKE,TRV,0.4349223831690674,63,0.0004117032249278244,11,5,External
OKE,WMB,0.5054721429274629,63,2.784657806261647e-05,11,11,Internal
OKE,XOM,0.505624435179745,63,2.7666846954350307e-05,11,11,Internal
OMC,ON,0.4645280747551741,63,0.00014272305170459634,5,0,External
OMC,PFG,0.5261857972083706,63,1.1211255909726839e-05,5,5,Internal
OMC,PH,0.40692195522987185,63,0.0010300643094310754,5,15,External
OMC,PHM,0.42950888667770415,63,0.0004946302390933297,5,15,External
OMC,PKG,0.5361053455194978,63,7.096969423574293e-06,5,20,External
OMC,PNC,0.5450228209328273,63,4.646278920175861e-06,5,5,Internal
OMC,PRU,0.49477566117490546,63,4.354905383037868e-05,5,5,Internal
OMC,PSKY,0.624097068867348,63,5.971110595347801e-08,5,5,Internal
OMC,RCL,0.4404808158007302,63,0.00033991005973776315,5,15,External
OMC,REG,0.4685279083617749,63,0.00012276037480554922,5,15,External
OMC,REGN,-0.4590713443308688,63,0.00017477274629796956,5,1,External
OMC,RF,0.5468792939833884,63,4.247560679484615e-06,5,5,Internal
OMC,RJF,0.505943753622312,63,2.729347978546436e-05,5,5,Internal
OMC,RL,0.5428714666758367,63,5.151933809916747e-06,5,15,External
OMC,RTX,0.4232613635832044,63,0.0006090090917789821,5,15,External
OMC,SNA,0.5143835569047212,63,1.8964308738930848e-05,5,15,External
OMC,SPG,0.5027177381972887,63,3.128981436792876e-05,5,15,External
OMC,SWK,0.5662583741340176,63,1.611004271745533e-06,5,5,Internal
OMC,SYF,0.5752718128368128,63,1.0045933382205518e-06,5,5,Internal
OMC,SYY,0.464343875510869,63,0.00014371039117334178,5,15,External
OMC,T,0.6345201079958559,63,3.064573643002587e-08,5,5,Internal
OMC,TAP,0.4341154518913814,63,0.0004232022058176193,5,5,Internal
OMC,TEL,0.5227441994320345,63,1.3094956598553563e-05,5,15,External
OMC,TFC,0.510669235790057,63,2.2286507863546366e-05,5,5,Internal
OMC,TPR,0.6143249005615743,63,1.0917906717110095e-07,5,15,External
OMC,TT,0.41292663558461196,63,0.0008517577887054837,5,20,External
OMC,TXT,0.5210054984703634,63,1.4154731160102383e-05,5,5,Internal
OMC,UAL,0.41565268388444115,63,0.0007804304457057951,5,5,Internal
OMC,USB,0.6016224931903318,63,2.3215752617560632e-07,5,5,Internal
OMC,VRTX,-0.4099720445711875,63,0.0009356735706210842,5,1,External
OMC,VTR,0.4834831288279875,63,6.872414479482449e-05,5,15,External
OMC,VTRS,0.46001920411362507,63,0.00016877073461012468,5,5,Internal
OMC,WAB,0.48333878986960327,63,6.911895076780673e-05,5,15,External
OMC,WBD,0.6937721166063526,63,4.069808222837433e-10,5,15,External
OMC,WFC,0.5033482361597158,63,3.0468544097524492e-05,5,5,Internal
OMC,WRB,0.4403303054976891,63,0.0003416930953439596,5,5,Internal
OMC,WYNN,0.42344312956632313,63,0.0006053683811189053,5,15,External
OMC,ZBRA,0.40539939802073016,63,0.001080324287069969,5,15,External
ON,REGN,-0.4370238991408634,63,0.00038307823408712384,0,1,External
ON,RJF,0.49335341836678726,63,4.6165415584080864e-05,0,5,External
ON,SWK,0.5308065683652139,63,9.076728629453696e-06,0,5,External
ON,SWKS,0.5337469335753573,63,7.922387953875417e-06,0,0,Internal
ON,SYF,0.47353117194336464,63,0.00010140553295506502,0,5,External
ON,TEL,0.5553285028758544,63,2.8042696432787667e-06,0,15,External
ON,TER,0.5001742770891857,63,3.4815377255790786e-05,0,0,Internal
ON,TXN,0.4162768724671259,63,0.0007648786504013312,0,0,Internal
ON,USB,0.4430973456547333,63,0.0003102381196354275,0,5,External
ON,VICI,0.412535577669974,63,0.0008624593706472145,0,5,External
ON,WAB,0.44384592198918577,63,0.0003021950316645571,0,15,External
ON,WDC,0.5512806452510067,63,3.4262755205375693e-06,0,0,Internal
ORLY,PFG,-0.41159087712617415,63,0.000888814819991296,1,5,External
ORLY,PRU,-0.4747716419410373,63,9.666850828590843e-05,1,5,External
ORLY,TRV,-0.43767356929961504,63,0.0003746030738624469,1,5,External
ORLY,TSCO,0.45823545800137205,63,0.00018022736608189552,1,1,Internal
ORLY,UAL,-0.451870179899237,63,0.00022716441276018516,1,5,External
ORLY,VRSN,0.40671925017118865,63,0.0010366316553124468,1,1,Internal
ORLY,VRTX,0.4400445933570749,63,0.00034510128816886106,1,1,Internal
OTIS,PFG,0.5100716109936532,63,2.28689150003248e-05,15,5,External
OTIS,PSA,0.4294298995232285,63,0.0004959452314344812,15,7,External
OTIS,UAL,0.4127127283616949,63,0.0008575965514611841,15,5,External
OTIS,UDR,0.4065491262273028,63,0.0010421725383926465,15,15,Internal
OTIS,VTRS,0.4546023102521865,63,0.00020579548577881923,15,5,External
OTIS,WAB,0.4285410911995819,63,0.0005109628130610739,15,15,Internal
OXY,POOL,-0.43913034194707534,63,0.0003562164638123239,11,1,External
OXY,PRU,0.4338417943781669,63,0.0004271677660992554,11,5,External
OXY,PSX,0.4905624627541673,63,5.172666511640343e-05,11,11,Internal
OXY,SLB,0.6090134112044661,63,1.5027635540935337e-07,11,11,Internal
OXY,SPG,0.40233031165120264,63,0.0011884087429138005,11,15,External
OXY,TPL,0.44781017213004576,63,0.00026268503230615056,11,11,Internal
OXY,TRV,0.4350563631398791,63,0.00040982174278188276,11,5,External
OXY,TYL,-0.5088029285917349,63,2.415236980171899e-05,11,1,External
OXY,VLO,0.4044501956028722,63,0.0011127656691410565,11,11,Internal
OXY,XOM,0.7514844146579753,63,1.9619419306658474e-12,11,11,Internal
PANW,PYPL,0.5255560743917417,63,1.153588271520676e-05,1,1,Internal
PANW,SNPS,0.4106993888233073,63,0.0009143507026980213,1,1,Internal
PANW,TDG,-0.458581284240565,63,0.00017795201710888535,1,5,External
PANW,TTWO,0.48603752699013475,63,6.207227596890433e-05,1,1,Internal
PANW,UAL,-0.4418300619883708,63,0.0003243008507165915,1,5,External
PANW,VRSN,0.4545353710925297,63,0.00020629625665295542,1,1,Internal
PANW,VTR,-0.416844328640308,63,0.000750984263768768,1,15,External
PANW,WELL,-0.46281838846941664,63,0.0001521313953699146,1,15,External
PANW,WFC,-0.435439051065323,63,0.000404490673406379,1,5,External
PAYC,RCL,0.41051768526583976,63,0.0009196360093491146,15,15,Internal
PAYC,REG,0.5107611107169957,63,2.2198202053530598e-05,15,15,Internal
PAYC,SJM,-0.4218034635080674,63,0.0006389364243909642,15,1,External
PAYC,SNA,0.40236258460053514,63,0.0011872232887480672,15,15,Internal
PAYC,TJX,0.4013776621003109,63,0.0012238852049232488,15,15,Internal
PAYC,VICI,0.4231781847280147,63,0.000610681748709063,15,5,External
PAYC,WMT,-0.4577331600697847,63,0.00018357971192256166,15,1,External
PCAR,PNR,0.5583164424649582,63,2.4146920429162343e-06,20,20,Internal
PCAR,PRU,0.40999720612772533,63,0.0009349285004298383,20,5,External
PCAR,PWR,0.47101972646699464,63,0.00011165622309037945,20,20,Internal
PCAR,PYPL,-0.406662717534837,63,0.001038469951118396,20,1,External
PCAR,RF,0.5174915767695257,63,1.654408817578119e-05,20,5,External
PCAR,RJF,0.46612916875673477,63,0.00013439947756351206,20,5,External
PCAR,SCHW,0.478235631041122,63,8.449734952972156e-05,20,5,External
PCAR,SNPS,-0.4539529970721881,63,0.0002107002821041183,20,1,External
PCAR,STT,0.6129880544297522,63,1.183866004342099e-07,20,5,External
PCAR,SYY,0.4052335755164994,63,0.0010859294879104388,20,15,External
PCAR,TFC,0.4791304011674622,63,8.159154403277022e-05,20,5,External
PCAR,TT,0.4540437224756501,63,0.00021000858919982565,20,20,Internal
PCAR,TXT,0.5067336496275519,63,2.638984696225498e-05,20,5,External
PCAR,USB,0.4926481756596056,63,4.751595944651663e-05,20,5,External
PCAR,WAB,0.4574769449257607,63,0.00018531160757675167,20,15,External
PCAR,WBD,0.41456385151219927,63,0.0008082450336495446,20,15,External
PCAR,WFC,0.5195775749590323,63,1.508410984185998e-05,20,5,External
PCAR,XYZ,-0.5129377020826376,63,2.0198714935579896e-05,20,1,External
PCG,PNW,0.4818577108595558,63,7.329266177109225e-05,7,7,Internal
PCG,WEC,0.4381149765550501,63,0.00036894260057835824,7,7,Internal
PCG,WELL,0.41868960513372405,63,0.0007073664653588915,7,15,External
PCG,XEL,0.4544559535061964,63,0.00020689182489345368,7,7,Internal
PEG,PNW,0.5353635151604125,63,7.347536273098871e-06,7,7,Internal
PEG,PPL,0.5527320358408719,63,3.1897593886903285e-06,7,7,Internal
PEG,RSG,0.41425678916222985,63,0.000816249458619473,7,7,Internal
PEG,SO,0.525277315979308,63,1.1682357908867776e-05,7,7,Internal
PEG,SRE,0.45182252273750856,63,0.00022755453477563738,7,7,Internal
PEG,WEC,0.5154254893777495,63,1.8118567135703897e-05,7,7,Internal
PEG,WELL,0.4116374158099638,63,0.000887499628939871,7,15,External
PEG,WM,0.4538228381965398,63,0.0002116962583137634,7,7,Internal
PEG,XEL,0.592340802928702,63,3.9477056714142753e-07,7,7,Internal
PEP,PG,0.4914275220082289,63,4.9940101869875646e-05,1,1,Internal
PEP,PGR,0.4407411204845833,63,0.0003368463434671278,1,7,External
PEP,RF,-0.40891825844005447,63,0.0009673632061974265,1,5,External
PEP,RMD,0.4312899264697715,63,0.00046580767273497666,1,1,Internal
PEP,SNA,-0.41091511474488307,63,0.0009081113955764212,1,15,External
PEP,SYF,-0.41333091039385356,63,0.000840820813827658,1,5,External
PEP,VLO,-0.4074108911726587,63,0.0010143776426524008,1,11,External
PEP,WMT,0.5079119694492293,63,2.5093269086934475e-05,1,1,Internal
PFG,PH,0.6178327358925589,63,8.812329857068371e-08,5,15,External
PFG,PKG,0.5846670011357957,63,6.047559844161315e-07,5,20,External
PFG,PNC,0.5825656495060081,63,6.783881283861044e-07,5,5,Internal
PFG,PNR,0.5614148526214778,63,2.064580096780638e-06,5,20,External
PFG,PRU,0.803640540226,63,3.786910124627987e-15,5,5,Internal
PFG,PSKY,0.548540182490298,63,3.918150041665853e-06,5,5,Internal
PFG,RCL,0.5659958524910146,63,1.6329762973909497e-06,5,15,External
PFG,REG,0.757735379412399,63,1.0087622137273996e-12,5,15,External
PFG,REGN,-0.41494687463884755,63,0.0007983600002895585,5,1,External
PFG,RF,0.6766159133232151,63,1.5751980412133049e-09,5,5,Internal
PFG,RJF,0.6028419329552419,63,2.1624500017271276e-07,5,5,Internal
PFG,RL,0.46137362719817454,63,0.00016052176266409716,5,15,External
PFG,SNA,0.576543494716645,63,9.387673312286397e-07,5,15,External
PFG,SNPS,-0.520090342767841,63,1.4744035062066057e-05,5,1,External
PFG,SPG,0.6809401324691313,63,1.1295682162974974e-09,5,15,External
PFG,STT,0.5658825965848696,63,1.6425417487390299e-06,5,5,Internal
PFG,SWK,0.47041875402744293,63,0.00011424639499384513,5,5,Internal
PFG,SYF,0.6969723853701031,63,3.129080723349975e-10,5,5,Internal
PFG,SYY,0.473997437356589,63,9.960049781793303e-05,5,15,External
PFG,TDG,0.6203363148304615,63,7.550577970364065e-08,5,5,Internal
PFG,TEL,0.5008885509960067,63,3.3789894179331474e-05,5,15,External
PFG,TFC,0.6847888740237089,63,8.361776881252278e-10,5,5,Internal
PFG,TMO,-0.46636587821421144,63,0.00013320743555777386,5,1,External
PFG,TPR,0.6041208339106567,63,2.0066294822652713e-07,5,15,External
PFG,TRGP,0.47974024419863265,63,7.966409924646544e-05,5,11,External
PFG,TRMB,0.5093915327458106,63,2.354882838071764e-05,5,5,Internal
PFG,TROW,0.4439432357340495,63,0.0003011635384464563,5,5,Internal
PFG,TRV,0.5838601263768737,63,6.320936595611221e-07,5,5,Internal
PFG,TSN,0.4675887053322407,63,0.00012720255202435833,5,5,Internal
PFG,TTWO,-0.46795346456027076,63,0.00012546009480231407,5,1,External
PFG,TXT,0.6295815971678669,63,4.2166180158596986e-08,5,5,Internal
PFG,UAL,0.6715478260835617,63,2.3096666201446364e-09,5,5,Internal
PFG,UDR,0.5706896727442486,63,1.2794424768126564e-06,5,15,External
PFG,URI,0.4038185568361977,63,0.001134837230035208,5,15,External
PFG,USB,0.7263857404851611,63,2.3556909671997688e-11,5,5,Internal
PFG,VICI,0.5793685742099216,63,8.067281761870722e-07,5,5,Internal
PFG,VLO,0.4130069007661531,63,0.0008495761747531084,5,11,External
PFG,VMC,0.4339858160224561,63,0.00042507655930346783,5,5,Internal
PFG,VRSN,-0.6127821879280987,63,1.198679239110052e-07,5,1,External
PFG,VRTX,-0.5779700212635183,63,8.697488256072065e-07,5,1,External
PFG,VTR,0.5724897166737231,63,1.1639922290241143e-06,5,15,External
PFG,VTRS,0.5058021658053655,63,2.7458453336308658e-05,5,5,Internal
PFG,WAB,0.6135050902765576,63,1.1474196290214062e-07,5,15,External
PFG,WBD,0.4083188220023916,63,0.0009858187152833886,5,15,External
PFG,WELL,0.5245806907192369,63,1.2056000017452617e-05,5,15,External
PFG,WFC,0.6525861803945182,63,9.073200015797325e-09,5,5,Internal
PFG,WMT,-0.5462178838398345,63,4.385798697909389e-06,5,1,External
PFG,WRB,0.5148578061775263,63,1.857491551031635e-05,5,5,Internal
PFG,WST,-0.4288425143871629,63,0.0005058242053155989,5,1,External
PFG,WY,0.5126823064985017,63,2.0424357533794386e-05,5,15,External
PG,PPG,-0.4533850218066796,63,0.00021507813412306284,1,5,External
PG,SNA,-0.4457399615734228,63,0.00028268704277692556,1,15,External
PG,SYF,-0.41814157471730445,63,0.0007200747329069523,1,5,External
PG,WMT,0.47392417766107064,63,9.98821340588965e-05,1,1,Internal
PGR,ULTA,-0.44670552877947955,63,0.0002731909870885356,7,15,External
PH,PKG,0.5578157408148232,63,2.47623060753971e-06,15,20,External
PH,PNC,0.6099361761048885,63,1.4222243820477155e-07,15,5,External
PH,PNR,0.5966579859976254,63,3.0903478451993714e-07,15,20,External
PH,PRU,0.5204646964346957,63,1.4500272126116254e-05,15,5,External
PH,PSKY,0.5024823975359956,63,3.160158070604145e-05,15,5,External
PH,PSX,0.48840695347865226,63,5.6438197327141366e-05,15,11,External
PH,RCL,0.4803318552475286,63,7.783443949839796e-05,15,15,Internal
PH,REG,0.6540410478550324,63,8.196893128746294e-09,15,15,Internal
PH,RF,0.5749621817547099,63,1.0212634252336518e-06,15,5,External
PH,RJF,0.5471637092684347,63,4.18937633981128e-06,15,5,External
PH,RL,0.49173058983401474,63,4.932779412255969e-05,15,15,Internal
PH,ROK,0.4624819887386369,63,0.0001540482695130058,15,20,External
PH,SNA,0.4599801905373909,63,0.00016901399886680196,15,15,Internal
PH,SPG,0.534430812858746,63,7.674271945279737e-06,15,15,Internal
PH,SWK,0.47568774500864547,63,9.330179564867896e-05,15,5,External
PH,SYF,0.6150059413422188,63,1.0475215949765e-07,15,5,External
PH,SYY,0.5660603686545158,63,1.6275506904525142e-06,15,15,Internal
PH,TDG,0.624974214398454,63,5.6505096336821354e-08,15,5,External
PH,TEL,0.5262128619421905,63,1.1197496147054916e-05,15,15,Internal
PH,TFC,0.5687573700424117,63,1.4152688413742763e-06,15,5,External
PH,TJX,0.4062060394914995,63,0.0010534280761432837,15,15,Internal
PH,TMO,-0.4469835572344823,63,0.00027051120269989536,15,1,External
PH,TPR,0.48857961606481787,63,5.604667774107667e-05,15,15,Internal
PH,TROW,0.4519848835321395,63,0.0002262279543483551,15,5,External
PH,TTWO,-0.4231180784739377,63,0.0006118930267162324,15,1,External
PH,TXT,0.5616898600705652,63,2.035917999630268e-06,15,5,External
PH,UAL,0.4703121147616242,63,0.0001147117347344581,15,5,External
PH,UDR,0.45559475853408204,63,0.00019850035869413174,15,15,Internal
PH,UNH,-0.42841954473156296,63,0.0005130482971778748,15,1,External
PH,URI,0.4506231619385453,63,0.0002375765514075913,15,15,Internal
PH,USB,0.6346981075996244,63,3.0292061213621736e-08,15,5,External
PH,VICI,0.467992724197871,63,0.00012527386396942353,15,5,External
PH,VLO,0.588006588141783,63,5.029834159364632e-07,15,11,External
PH,VMC,0.4238284981725589,63,0.000597714784975536,15,5,External
PH,VRSN,-0.4195607182207055,63,0.0006875837457574656,15,1,External
PH,VTR,0.5474068734661701,63,4.140221879411816e-06,15,15,Internal
PH,WAB,0.4369732896742136,63,0.0003837457273123091,15,15,Internal
PH,WELL,0.556815657312295,63,2.603560993682513e-06,15,15,Internal
PH,WFC,0.5580800900878032,63,2.4435604023266633e-06,15,5,External
PH,WYNN,0.431168621934968,63,0.0004677211812921904,15,15,Internal
PH,XYL,0.4198392128979156,63,0.0006813657550398658,15,20,External
PHM,PKG,0.4406139204873211,63,0.00033834029373626265,15,20,External
PHM,PSKY,0.4143650709349924,63,0.0008134186518892338,15,5,External
PHM,RCL,0.41004152896345847,63,0.0009336173396962097,15,15,Internal
PHM,REG,0.5052614623640199,63,2.8097000985566005e-05,15,15,Internal
PHM,RL,0.5212220805562913,63,1.4018506069789655e-05,15,15,Internal
PHM,ROST,0.4544035082949788,63,0.00020728598424075932,15,15,Internal
PHM,RTX,0.5888782483592193,63,4.792013928084546e-07,15,15,Internal
PHM,SNA,0.5334261912717477,63,8.041311206554951e-06,15,15,Internal
PHM,SPG,0.4316395934395523,63,0.00046033163875062083,15,15,Internal
PHM,STZ,0.5759796824684915,63,9.67436281754135e-07,15,15,Internal
PHM,SWK,0.4665131770048508,63,0.0001324705632880331,15,5,External
PHM,SYF,0.4170709606435357,63,0.0007454992162024687,15,5,External
PHM,TEL,0.4658886581919811,63,0.00013562068498740155,15,15,Internal
PHM,TJX,0.5076061865213388,63,2.5423944757662927e-05,15,15,Internal
PHM,TPR,0.5537803914124606,63,3.0285088371046506e-06,15,15,Internal
PHM,UHS,0.45598388417701224,63,0.00019570523597721117,15,15,Internal
PHM,ULTA,0.44540033591919104,63,0.00028609815623372055,15,15,Internal
PHM,VICI,0.45951769925891006,63,0.00017192239637508355,15,5,External
PHM,VRSN,-0.47973381987587305,63,7.968418322782589e-05,15,1,External
PHM,VTR,0.43825362604176,63,0.0003671807511186105,15,15,Internal
PHM,WAB,0.5412424397266635,63,5.5684837167264975e-06,15,15,Internal
PHM,WBD,0.46801886626983985,63,0.00012514999808710848,15,15,Internal
PHM,WELL,0.5825978253841909,63,6.771998260687073e-07,15,15,Internal
PHM,WRB,0.4040219588272828,63,0.0011276870130872375,15,5,External
PHM,WY,0.4377855784029233,63,0.00037315926164741795,15,15,Internal
PHM,ZBRA,0.442551997248702,63,0.000316220070860108,15,15,Internal
PKG,PNC,0.5128977266006007,63,2.0233880016185846e-05,20,5,External
PKG,PNR,0.45912259875944894,63,0.00017444325711770992,20,20,Internal
PKG,PRU,0.485667124354003,63,6.299852027066604e-05,20,5,External
PKG,PSKY,0.4188847549404264,63,0.0007028904079933856,20,5,External
PKG,PWR,0.5449610821009997,63,4.660120270210741e-06,20,20,Internal
PKG,PYPL,-0.469542291636658,63,0.00011812301981653083,20,1,External
PKG,REG,0.4859597336544102,63,6.22657606636268e-05,20,15,External
PKG,RF,0.5179988069996929,63,1.6177476691946402e-05,20,5,External
PKG,RJF,0.6657593230262012,63,3.54387915440157e-09,20,5,External
PKG,RL,0.5594282285869773,63,2.283125929189794e-06,20,15,External
PKG,ROK,0.5144578241374907,63,1.8902833797288506e-05,20,20,Internal
PKG,SNA,0.48862996990304974,63,5.593297137714984e-05,20,15,External
PKG,SPG,0.44194930720257836,63,0.0003229532605004654,20,15,External
PKG,STT,0.4281346405297363,63,0.0005179669949651359,20,5,External
PKG,SWK,0.4257190021264292,63,0.0005614246073995623,20,5,External
PKG,SYF,0.558064108202937,63,2.4455240537821227e-06,20,5,External
PKG,SYY,0.45031056539549175,63,0.00024025412424067492,20,15,External
PKG,T,0.47163857008071747,63,0.0001090455300160282,20,5,External
PKG,TDG,0.5468291204791407,63,4.257902891731996e-06,20,5,External
PKG,TEL,0.43375565004921635,63,0.0004284230588115333,20,15,External
PKG,TFC,0.49779107042814724,63,3.8448990548630636e-05,20,5,External
PKG,TPR,0.5267233429896498,63,1.094089075489833e-05,20,15,External
PKG,TROW,0.6713870299416334,63,2.3375983769458508e-09,20,5,External
PKG,TRV,0.502991873438033,63,3.093024655946854e-05,20,5,External
PKG,TT,0.44152908933740737,63,0.00032772498118480555,20,20,Internal
PKG,TTWO,-0.42788740670283526,63,0.0005222700050082089,20,1,External
PKG,TXT,0.5849837706454957,63,5.943302137713251e-07,20,5,External
PKG,ULTA,0.4293607742642098,63,0.0004970986467123602,20,15,External
PKG,USB,0.6474420284311051,63,1.293729625489361e-08,20,5,External
PKG,VLO,0.4667452814281376,63,0.00013131703677248506,20,11,External
PKG,VMC,0.5044224254631262,63,2.9115153044944497e-05,20,5,External
PKG,VRTX,-0.4150074680536227,63,0.0007968062656861534,20,1,External
PKG,WAB,0.4233060326122679,63,0.0006081125508271329,20,15,External
PKG,WBD,0.5189648620170357,63,1.5500021879099404e-05,20,15,External
PKG,WELL,0.420075498716577,63,0.0006761301583009762,20,15,External
PKG,WFC,0.5499171415721942,63,3.663305101149665e-06,20,5,External
PKG,WRB,0.4165169739253788,63,0.0007589715320365034,20,5,External
PKG,WY,0.48383086258709096,63,6.778152163178622e-05,20,15,External
PKG,WYNN,0.41392908018412145,63,0.0008248710994679771,20,15,External
PKG,XYL,0.4547874999764801,63,0.00020441587545949225,20,20,Internal
PLD,PNW,0.45843592565776237,63,0.00017890517178725877,7,7,Internal
PLD,PSA,0.43199826711485356,63,0.00045477542915981693,7,7,Internal
PLD,SO,0.47429242548431055,63,9.847383559878551e-05,7,7,Internal
PLD,UDR,0.49211753779708656,63,4.855609629400069e-05,7,15,External
PLD,WELL,0.4188806300797412,63,0.0007029847519832976,7,15,External
PLD,WM,0.46858911181372614,63,0.0001224759045719098,7,7,Internal
PNC,PRU,0.5325701342419573,63,8.366906552934301e-06,5,5,Internal
PNC,PSKY,0.5539045172947002,63,3.009929481218593e-06,5,5,Internal
PNC,REG,0.4205353276884996,63,0.0006660456636690808,5,15,External
PNC,RF,0.7458738075506949,63,3.5061873231088402e-12,5,5,Internal
PNC,RJF,0.6186734892179774,63,8.367952490954554e-08,5,5,Internal
PNC,RL,0.5119519997708386,63,2.108255510904404e-05,5,15,External
PNC,RTX,0.40431002446676195,63,0.001117630044141578,5,15,External
PNC,SCHW,0.5282955414115296,63,1.0184542751682122e-05,5,5,Internal
PNC,SLB,0.40344909839860843,63,0.0011479293954223882,5,11,External
PNC,SNA,0.44723040816308257,63,0.00026815206877305465,5,15,External
PNC,SNPS,-0.4406134540539687,63,0.0003383457830443523,5,1,External
PNC,SPG,0.41711229094182084,63,0.0007445028400334293,5,15,External
PNC,SWK,0.49789113890164455,63,3.82896215038369e-05,5,5,Internal
PNC,SYF,0.6754745144846988,63,1.718118239325642e-09,5,5,Internal
PNC,SYY,0.5177049876425216,63,1.6388910761530273e-05,5,15,External
PNC,T,0.5523165247410716,63,3.2558627290891657e-06,5,5,Internal
PNC,TDG,0.5618866836401505,63,2.01563354893788e-06,5,5,Internal
PNC,TECH,-0.45395688853725474,63,0.00021067057072774454,5,1,External
PNC,TEL,0.4779848636123505,63,8.532865568419678e-05,5,15,External
PNC,TFC,0.849588209495826,63,2.5697675024613682e-18,5,5,Internal
PNC,TPR,0.40323972862647967,63,0.0011554088890079722,5,15,External
PNC,TRV,0.5968003423310714,63,3.065309932909649e-07,5,5,Internal
PNC,TSN,0.4028685837515291,63,0.0011687755531143479,5,5,Internal
PNC,TXT,0.6563240457795713,63,6.981477697499204e-09,5,5,Internal
PNC,UAL,0.41493002875195567,63,0.0007987924485368038,5,5,Internal
PNC,USB,0.8059811366974329,63,2.7399511326693945e-15,5,5,Internal
PNC,VMC,0.41977037616847346,63,0.000682897925028186,5,5,Internal
PNC,VTR,0.4311658738370285,63,0.0004677646136018088,5,15,External
PNC,VTRS,0.4204930171872105,63,0.0006669678479489165,5,5,Internal
PNC,WAB,0.4861984435829642,63,6.167380915312106e-05,5,15,External
PNC,WFC,0.7215824623963301,63,3.67510052671229e-11,5,5,Internal
PNC,WRB,0.48270648424423496,63,7.087324300589326e-05,5,5,Internal
PNC,XYL,0.43802630664750036,63,0.00037007338270570155,5,20,External
PNR,PODD,-0.43639718291392654,63,0.0003914190691108504,20,1,External
PNR,PRU,0.4923789963129568,63,4.804099453686566e-05,20,5,External
PNR,PSX,0.4036022786165905,63,0.0011424848655362237,20,11,External
PNR,PWR,0.46854876537235235,63,0.00012266336447800514,20,20,Internal
PNR,RCL,0.4665341628288594,63,0.00013236588539594884,20,15,External
PNR,REG,0.4761541832109322,63,9.162938990466289e-05,20,15,External
PNR,RF,0.5221569774316401,63,1.3444340262373025e-05,20,5,External
PNR,RL,0.43518918511876664,63,0.000407964250700468,20,15,External
PNR,ROK,0.6246121078446211,63,5.7808402587512646e-08,20,20,Internal
PNR,SNPS,-0.46311203817768976,63,0.00015047603122931867,20,1,External
PNR,SPG,0.5348668986876088,63,7.519857280162893e-06,20,15,External
PNR,STT,0.445657033000252,63,0.0002835165120464076,20,5,External
PNR,SWK,0.4186224306285325,63,0.0007089131758711495,20,5,External
PNR,SYF,0.4404187921087632,63,0.0003406437996392829,20,5,External
PNR,TDG,0.43828777883210074,63,0.0003667479424042575,20,5,External
PNR,TDY,0.46058854731833787,63,0.000165256991592137,20,20,Internal
PNR,TEL,0.44694931593174103,63,0.00027083993695810354,20,15,External
PNR,TFC,0.4003890139416701,63,0.001261707468807587,20,5,External
PNR,TPR,0.541327874354411,63,5.545879562129344e-06,20,15,External
PNR,TROW,0.42293755560029417,63,0.000615544083624462,20,5,External
PNR,TT,0.4133608469460568,63,0.0008400160009711972,20,20,Internal
PNR,TTWO,-0.4806903674424086,63,7.674459884790809e-05,20,1,External
PNR,TXT,0.5057217528330337,63,2.755255877319328e-05,20,5,External
PNR,URI,0.4293801190175344,63,0.0004967756172622013,20,15,External
PNR,USB,0.44649475769617536,63,0.0002752386422985849,20,5,External
PNR,VRSN,-0.41095153922607347,63,0.000907061715394716,20,1,External
PNR,WAB,0.4268163095599311,63,0.0005412895510588028,20,15,External
PNR,WBD,0.4214940352760158,63,0.0006454572578430651,20,15,External
PNR,WDC,0.4404813949355663,63,0.0003399032153710904,20,0,External
PNR,XYL,0.44433203312992475,63,0.00029707439883213137,20,20,Internal
PNR,ZBRA,0.4333434332935082,63,0.00043447645364618864,20,15,External
PNW,PPL,0.6249080550602102,63,5.674112926922621e-08,7,7,Internal
PNW,RTX,0.4096124306120617,63,0.0009463810035003865,7,15,External
PNW,SO,0.6573826951749756,63,6.477751204638317e-09,7,7,Internal
PNW,UDR,0.4098403781976277,63,0.000939581152211189,7,15,External
PNW,VTR,0.41327851029083396,63,0.0008422312135549287,7,15,External
PNW,WEC,0.6592496372930589,63,5.672246098401206e-09,7,7,Internal
PNW,WELL,0.500912577627899,63,3.375589017123407e-05,7,15,External
PNW,WM,0.4058628068207167,63,0.0010647979586993139,7,7,Internal
PNW,XEL,0.6494376099095739,63,1.1282776536231192e-08,7,7,Internal
PODD,RL,-0.471588007204147,63,0.00010925671356175067,1,15,External
PODD,SPG,-0.45171690751074045,63,0.00022842128676239728,1,15,External
PODD,TECH,0.4885228291822899,63,5.617516682675219e-05,1,1,Internal
PODD,VMC,-0.4117475233113732,63,0.0008843949697181599,1,5,External
PODD,VTR,-0.4124385663944419,63,0.0008651328935766089,1,15,External
PODD,WELL,-0.405504088132202,63,0.0010767989518354112,1,15,External
PODD,WST,0.46625622469810935,63,0.00013375842618888346,1,1,Internal
PODD,XYL,-0.4015624661402732,63,0.0012169295271326243,1,20,External
POOL,SBAC,0.41538355802632443,63,0.0007872235873469726,1,7,External
POOL,TPL,-0.49787396768118103,63,3.831692489113779e-05,1,11,External
POOL,TSCO,0.5390481647203822,63,6.179344269338665e-06,1,1,Internal
POOL,WST,0.5454234039616958,63,4.557399333148204e-06,1,1,Internal
PPG,RF,0.48388243257104147,63,6.764274717744931e-05,5,5,Internal
PPG,RJF,0.43696785065196997,63,0.0003838175261101697,5,5,Internal
PPG,RL,0.48515004594896494,63,6.431287955359466e-05,5,15,External
PPG,SNA,0.5338241023893016,63,7.894021201951815e-06,5,15,External
PPG,SWK,0.48338515058286313,63,6.899191435684208e-05,5,5,Internal
PPG,SYF,0.4217122425151121,63,0.0006408525638678162,5,5,Internal
PPG,TEL,0.5879218213291956,63,5.05354387754779e-07,5,15,External
PPG,TFC,0.41533810975757074,63,0.0007883760341734311,5,5,Internal
PPG,TPR,0.4008332604560465,63,0.001244583922060511,5,15,External
PPG,TXT,0.4527271628059508,63,0.00022025273219798165,5,5,Internal
PPG,USB,0.46604169417932434,63,0.00013484246218212288,5,5,Internal
PPG,WAB,0.4157324005328783,63,0.0007784284821637977,5,15,External
PPL,PSKY,0.40764119049049874,63,0.0010070638104745402,7,5,External
PPL,REG,0.427527517866394,63,0.00052859177322115,7,15,External
PPL,RL,0.43307855126455824,63,0.0004384071972702845,7,15,External
PPL,RTX,0.4183902750435812,63,0.0007142822279906596,7,15,External
PPL,SO,0.5356019301262577,63,7.266122309978583e-06,7,7,Internal
PPL,TPR,0.40821543429166746,63,0.000989033757389291,7,15,External
PPL,VTR,0.533562464866838,63,7.990582653723513e-06,7,15,External
PPL,WEC,0.4312901484276558,63,0.00046580417801132595,7,7,Internal
PPL,WELL,0.5326398312086118,63,8.339945598105942e-06,7,15,External
PPL,XEL,0.4101575926651397,63,0.0009301917983700557,7,7,Internal
PRU,PSKY,0.5942851771336574,63,3.537079391391365e-07,5,5,Internal
PRU,RCL,0.5054264822858116,63,2.7900675881159007e-05,5,15,External
PRU,REG,0.6989816809888477,63,2.6483931657671666e-10,5,15,External
PRU,RF,0.7553083872362484,63,1.3091167515239653e-12,5,5,Internal
PRU,RJF,0.49617329565546164,63,4.1112091376520786e-05,5,5,Internal
PRU,RL,0.485891990140246,63,6.243470283156888e-05,5,15,External
PRU,SLB,0.41366331992824495,63,0.000831923304509252,5,11,External
PRU,SNA,0.5650460175386901,63,1.7148404795185826e-06,5,15,External
PRU,SNPS,-0.4905797724733604,63,5.1690344940377526e-05,5,1,External
PRU,SPG,0.6650266295182002,63,3.7387173941748375e-09,5,15,External
PRU,STT,0.5410584403430215,63,5.617458098730048e-06,5,5,Internal
PRU,SWK,0.43237138572524303,63,0.00044906023415897404,5,5,Internal
PRU,SYF,0.6576616061464235,63,6.350886496349946e-09,5,5,Internal
PRU,SYY,0.46860506615206377,63,0.00012240184926508725,5,15,External
PRU,T,0.4795219231155183,63,8.03492433141759e-05,5,5,Internal
PRU,TDG,0.44044672648161237,63,0.0003403131576469618,5,5,Internal
PRU,TECH,-0.5079675020149628,63,2.503364521457678e-05,5,1,External
PRU,TFC,0.7167613278441515,63,5.69052829735098e-11,5,5,Internal
PRU,TMO,-0.4285313820662834,63,0.0005111291181208536,5,1,External
PRU,TPR,0.5833696364209944,63,6.492745419188986e-07,5,15,External
PRU,TRGP,0.4440026024267246,63,0.0003005358503316427,5,11,External
PRU,TRV,0.6645112149103928,63,3.8818153240313515e-09,5,5,Internal
PRU,TSN,0.4887242097828987,63,5.572073585008082e-05,5,5,Internal
PRU,TXT,0.5709253102628877,63,1.2637413541471872e-06,5,5,Internal
PRU,UAL,0.6195713015654287,63,7.916796679470123e-08,5,5,Internal
PRU,UDR,0.45793507653431464,63,0.00018222531105866518,5,15,External
PRU,USB,0.7043255423320891,63,1.688177551166823e-10,5,5,Internal
PRU,VICI,0.48084690282159853,63,7.627317137174028e-05,5,5,Internal
PRU,VLO,0.41288984026212705,63,0.0008527595799034026,5,11,External
PRU,VMC,0.5136802257306777,63,1.9555762178785676e-05,5,5,Internal
PRU,VRSN,-0.5610601788445262,63,2.1021029242577807e-06,5,1,External
PRU,VRTX,-0.5502085190762127,63,3.6114012885633064e-06,5,1,External
PRU,VTR,0.4883378447293646,63,5.659561046398274e-05,5,15,External
PRU,VTRS,0.515437240706968,63,1.8109231395034978e-05,5,5,Internal
PRU,WAB,0.6036908714032617,63,2.0577962445561264e-07,5,15,External
PRU,WBD,0.5654751047614753,63,1.6773937590713553e-06,5,15,External
PRU,WELL,0.4625485850641417,63,0.00015366704048638236,5,15,External
PRU,WFC,0.6827253298938734,63,9.83046842927376e-10,5,5,Internal
PRU,WMB,0.46930041895299235,63,0.0001192139111355637,5,11,External
PRU,WMT,-0.48742105643477496,63,5.872253885417894e-05,5,1,External
PRU,WRB,0.5249513382854591,63,1.1855838063106612e-05,5,5,Internal
PRU,WY,0.4162885942889991,63,0.0007645893001612552,5,15,External
PSA,UDR,0.42185653683522994,63,0.0006378239855669665,7,15,External
PSA,WM,0.45584497564467447,63,0.00019669886479087872,7,7,Internal
PSKY,RCL,0.5025231962196197,63,3.15473276197214e-05,5,15,External
PSKY,REG,0.567413309821928,63,1.5175883361928416e-06,5,15,External
PSKY,REGN,-0.40828134472515104,63,0.0009869830529279518,5,1,External
PSKY,RF,0.5320747532773813,63,8.56088665063641e-06,5,5,Internal
PSKY,RJF,0.45627827987316594,63,0.0001936145640520957,5,5,Internal
PSKY,RTX,0.4237756469638629,63,0.0005987592147384485,5,15,External
PSKY,SLB,0.46143349453757454,63,0.0001601658267859065,5,11,External
PSKY,SNA,0.491611671224343,63,4.956722176969487e-05,5,15,External
PSKY,SPG,0.53047411185767,63,9.216665765255864e-06,5,15,External
PSKY,SWK,0.5629355762351523,63,1.910687656765018e-06,5,5,Internal
PSKY,SYF,0.5317586710001262,63,8.68683713482337e-06,5,5,Internal
PSKY,SYY,0.4810822867392755,63,7.556930158213022e-05,5,15,External
PSKY,T,0.4311713148031579,63,0.0004676786254175787,5,5,Internal
PSKY,TAP,0.4743938879958185,63,9.808903285583107e-05,5,5,Internal
PSKY,TDG,0.47001939773794593,63,0.00011599802617445827,5,5,Internal
PSKY,TECH,-0.42763832296357673,63,0.0005266380186155633,5,1,External
PSKY,TEL,0.5193233998840464,63,1.5255370307981264e-05,5,15,External
PSKY,TFC,0.5190973247304144,63,1.540921335136418e-05,5,5,Internal
PSKY,TMO,-0.4574232005950956,63,0.00018567678792666309,5,1,External
PSKY,TPR,0.5501623024418627,63,3.619587875777346e-06,5,15,External
PSKY,TRGP,0.47865279693648777,63,8.313092928304976e-05,5,11,External
PSKY,TRMB,0.48407870787102125,63,6.711696420148134e-05,5,5,Internal
PSKY,TRV,0.4897756888444967,63,5.3402612419078714e-05,5,5,Internal
PSKY,TSN,0.4112570051640783,63,0.0008983018380266954,5,5,Internal
PSKY,TXT,0.49661514191418327,63,4.036830669384847e-05,5,5,Internal
PSKY,UAL,0.4496107936146736,63,0.00024634837118319005,5,5,Internal
PSKY,UHS,0.4730806484851916,63,0.00010317816129573868,5,15,External
PSKY,USB,0.5521373348482976,63,3.2847630867552167e-06,5,5,Internal
PSKY,VLO,0.41724030422393177,63,0.0007414243840482505,5,11,External
PSKY,VRSN,-0.4294116374548154,63,0.0004962497133894765,5,1,External
PSKY,VRTX,-0.4286024607525672,63,0.000509912767702335,5,1,External
PSKY,VTR,0.47085233716421876,63,0.00011237218785403601,5,15,External
PSKY,VTRS,0.5328194091209355,63,8.270851588239879e-06,5,5,Internal
PSKY,WAB,0.5046234049084302,63,2.8868203676889196e-05,5,15,External
PSKY,WBD,0.6283133278483902,63,4.572617429056263e-08,5,15,External
PSKY,WFC,0.46705346814141346,63,0.00012979964428881942,5,5,Internal
PSKY,WRB,0.506286884908899,63,2.6897476101234338e-05,5,5,Internal
PSKY,WY,0.407512873279987,63,0.0010111330106115852,5,15,External
PSKY,WYNN,0.4937515475050743,63,4.541874847746843e-05,5,15,External
PSX,RMD,-0.4773931297213727,63,8.732021974894285e-05,11,1,External
PSX,ROK,0.40783998012296735,63,0.0010007889513326512,11,20,External
PSX,SLB,0.5410973191518096,63,5.6070765301933576e-06,11,11,Internal
PSX,TMO,-0.4328907335677698,63,0.0004412139079219185,11,1,External
PSX,VLO,0.8561467442929678,63,7.446467397226292e-19,11,11,Internal
PSX,XOM,0.6700155925551352,63,2.589202941173354e-09,11,11,Internal
PWR,PYPL,-0.49787267350885445,63,3.8318983441121874e-05,20,1,External
PWR,REG,0.4022249683270268,63,0.0011922856482855346,20,15,External
PWR,ROK,0.5066953331771904,63,2.643303285189961e-05,20,20,Internal
PWR,SWK,0.45468436683861596,63,0.00020518313964919323,20,5,External
PWR,TROW,0.47782246055189953,63,8.587104031386424e-05,20,5,External
PWR,TRV,0.41146777488137243,63,0.0008923022023455751,20,5,External
PWR,TXT,0.507513171272361,63,2.552533030349607e-05,20,5,External
PWR,USB,0.4275267500353376,63,0.0005286053348223723,20,5,External
PWR,WAB,0.4599743718494906,63,0.00016905030809423504,20,15,External
PWR,WELL,0.41598486936535384,63,0.0007721187250300576,20,15,External
PWR,WRB,0.44704895415656337,63,0.00026988437084156375,20,5,External
PYPL,RL,-0.44720813761359646,63,0.00026836413271457505,1,15,External
PYPL,RTX,-0.4070397462455554,63,0.001026265313991398,1,15,External
PYPL,SNPS,0.40812057580965294,63,0.0009919918853240571,1,1,Internal
PYPL,SPG,-0.40381698213809886,63,0.0011348927445615324,1,15,External
PYPL,T,-0.4918530749487605,63,4.9082302896953506e-05,1,5,External
PYPL,UAL,-0.43989459879226916,63,0.0003469029156679492,1,5,External
PYPL,UBER,0.4672574677409147,63,0.00012880410319068383,1,1,Internal
PYPL,VTR,-0.455984587265094,63,0.00019570021841791547,1,15,External
PYPL,WELL,-0.42995739968012325,63,0.0004872231997344686,1,15,External
PYPL,WFC,-0.47321695574447187,63,0.00010263886349270849,1,5,External
PYPL,XYZ,0.5360174168864157,63,7.12624736605336e-06,1,1,Internal
QCOM,SWKS,0.5789724393223915,63,8.241292748750314e-07,0,0,Internal
QCOM,TER,0.41537572489136826,63,0.0007874221060020081,0,0,Internal
QCOM,TXN,0.549206802539688,63,3.7927740027978824e-06,0,0,Internal
QCOM,UDR,-0.43887308498588296,63,0.00035940239901996587,0,15,External
RCL,REG,0.6268731286033186,63,5.0112448244638186e-08,15,15,Internal
RCL,REGN,-0.5034549094411535,63,3.0331584644471238e-05,15,1,External
RCL,RF,0.41227135580293794,63,0.0008697586146848195,15,5,External
RCL,RL,0.45041486261426084,63,0.00023935770596933073,15,15,Internal
RCL,RMD,-0.45809528707592906,63,0.00018115718223981405,15,1,External
RCL,RTX,0.48960698416624127,63,5.376844447830162e-05,15,15,Internal
RCL,SNA,0.5087574143344948,63,2.419963131021084e-05,15,15,Internal
RCL,SNPS,-0.4003399292707056,63,0.0012636123895191716,15,1,External
RCL,SPG,0.7208651799804843,63,3.9243652611225856e-11,15,15,Internal
RCL,STZ,0.46817878533322227,63,0.00012439471819281813,15,15,Internal
RCL,SYF,0.5094913394727505,63,2.34478861162039e-05,15,5,External
RCL,SYY,0.5206308971726681,63,1.4393254232436165e-05,15,15,Internal
RCL,TDG,0.5473025797554502,63,4.161238026373445e-06,15,5,External
RCL,TFC,0.5037336558941379,63,2.9976384361039174e-05,15,5,External
RCL,TJX,0.41443016698378077,63,0.0008117211234515787,15,15,Internal
RCL,TMO,-0.45043402455161524,63,0.00023919334500979093,15,1,External
RCL,TPR,0.5643621034374978,63,1.7761480191351018e-06,15,15,Internal
RCL,TRV,0.45249242492427494,63,0.00022212653592824276,15,5,External
RCL,TXN,-0.41180448007637876,63,0.000882792834916188,15,0,External
RCL,TXT,0.5005644438436372,63,3.425170002031442e-05,15,5,External
RCL,UAL,0.6250510221779944,63,5.623223617480043e-08,15,5,External
RCL,UDR,0.5011847471172616,63,3.337290370909114e-05,15,15,Internal
RCL,UHS,0.48840693159927756,63,5.6438247099092765e-05,15,15,Internal
RCL,URI,0.4514530454061619,63,0.0002305999339044633,15,15,Internal
RCL,USB,0.42383221801064985,63,0.0005976413369314276,15,5,External
RCL,VICI,0.431201779718245,63,0.00046719742806875956,15,5,External
RCL,VLO,0.4326735193159395,63,0.0004444802906250824,15,11,External
RCL,VRSN,-0.4923752922759301,63,4.804825650749091e-05,15,1,External
RCL,VRTX,-0.5488064172221782,63,3.867620230494896e-06,15,1,External
RCL,VTR,0.5079659087815867,63,2.5035353996674276e-05,15,15,Internal
RCL,WAB,0.49283883986239074,63,4.71472811461575e-05,15,15,Internal
RCL,WBD,0.4631571194125957,63,0.00015022336712288719,15,15,Internal
RCL,WELL,0.4996493616844224,63,3.5587274604431516e-05,15,15,Internal
RCL,WFC,0.4462529013484027,63,0.0002776055565476209,15,5,External
RCL,WMT,-0.5659634856010141,63,1.6357046269244013e-06,15,1,External
RCL,WRB,0.41511679290790365,63,0.0007940098774934215,15,5,External
RCL,WY,0.4256705280396007,63,0.0005623295612849072,15,15,Internal
RCL,WYNN,0.5138712861268943,63,1.9393422613016775e-05,15,15,Internal
REG,REGN,-0.523889546696681,63,1.2437658352213116e-05,15,1,External
REG,RF,0.6172344888642793,63,9.141983717130172e-08,15,5,External
REG,RJF,0.49369725088756494,63,4.551991708319315e-05,15,5,External
REG,RL,0.5650417006783225,63,1.7152211608854287e-06,15,15,Internal
REG,RTX,0.5696973476520111,63,1.3475912781576635e-06,15,15,Internal
REG,SNA,0.6096808512601443,63,1.444092482084944e-07,15,15,Internal
REG,SPG,0.7377374404917824,63,7.926489584853061e-12,15,15,Internal
REG,STT,0.4191928758742727,63,0.0006958753848575263,15,5,External
REG,STZ,0.4107236765016013,63,0.0009136463165318658,15,15,Internal
REG,SWK,0.5065639452423999,63,2.6581615966406538e-05,15,5,External
REG,SYF,0.633130435787398,63,3.354420050239155e-08,15,5,External
REG,SYY,0.45845320236585446,63,0.000178791639409456,15,15,Internal
REG,TDG,0.6123190117025251,63,1.2326485084857349e-07,15,5,External
REG,TECH,-0.4552111162911127,63,0.00020129182892240991,15,1,External
REG,TEL,0.5701749146812857,63,1.314380193167054e-06,15,15,Internal
REG,TFC,0.5905616123254024,63,4.362333106968429e-07,15,5,External
REG,TJX,0.4563318261986196,63,0.00019323650653564134,15,15,Internal
REG,TMO,-0.49400986004762065,63,4.494028492166423e-05,15,1,External
REG,TPR,0.5586843687893164,63,2.3703871455099795e-06,15,15,Internal
REG,TRMB,0.41505404728447465,63,0.0007956137420811532,15,5,External
REG,TRV,0.5123422984247318,63,2.0728385307893097e-05,15,5,External
REG,TSN,0.41558559072686324,63,0.0007821189975583062,15,5,External
REG,TTWO,-0.506925171566038,63,2.6174963913653103e-05,15,1,External
REG,TXT,0.5743142694156422,63,1.0569889146013991e-06,15,5,External
REG,UAL,0.7632164220511287,63,5.536501566287769e-13,15,5,External
REG,UDR,0.5492108110703441,63,3.792031552402667e-06,15,15,Internal
REG,UHS,0.4083483913599251,63,0.00098490093439123,15,15,Internal
REG,URI,0.4176122703046427,63,0.0007325446267595518,15,15,Internal
REG,USB,0.5653279837035241,63,1.6901459868106913e-06,15,5,External
REG,VICI,0.641596777601038,63,1.920599819829036e-08,15,5,External
REG,VLO,0.4693116810951785,63,0.0001191629119877609,15,11,External
REG,VMC,0.4595192555608641,63,0.00017191253305585776,15,5,External
REG,VRSN,-0.6632992703576785,63,4.239028430326973e-09,15,1,External
REG,VRTX,-0.6811146655920267,63,1.114376603588682e-09,15,1,External
REG,VTR,0.7376758049797468,63,7.974705171408755e-12,15,15,Internal
REG,VTRS,0.5074057390477105,63,2.5642896441087664e-05,15,5,External
REG,WAB,0.6397494577049421,63,2.1722634529419856e-08,15,15,Internal
REG,WBD,0.46839678561026343,63,0.0001233718702772312,15,15,Internal
REG,WELL,0.7485241370401663,63,2.6702285391501716e-12,15,15,Internal
REG,WFC,0.570753513978422,63,1.2751706157565579e-06,15,5,External
REG,WMT,-0.5044567111791992,63,2.9072887235478637e-05,15,1,External
REG,WRB,0.5113282022945213,63,2.166028368004508e-05,15,5,External
REG,WST,-0.43806726607512225,63,0.0003695506469678131,15,1,External
REG,WY,0.6131318145819808,63,1.1736241683198264e-07,15,15,Internal
REG,WYNN,0.4906711528037402,63,5.1498995862085017e-05,15,15,Internal
REGN,SPG,-0.5469955268501132,63,4.223691744737643e-06,1,15,External
REGN,SYF,-0.4142988090551629,63,0.0008151498780575892,1,5,External
REGN,SYY,-0.46578307344799413,63,0.00013616000877542673,1,15,External
REGN,TDG,-0.421821856288486,63,0.0006385507051544271,1,5,External
REGN,TPR,-0.4990940125078887,63,3.642114127161662e-05,1,15,External
REGN,UAL,-0.5056342395185783,63,2.7655313044936678e-05,1,5,External
REGN,VRSN,0.4614346113227586,63,0.00016015919392149027,1,1,Internal
REGN,VRTX,0.5657705393053772,63,1.6520575845572277e-06,1,1,Internal
REGN,VTR,-0.4738387440305202,63,0.0001002114963779992,1,15,External
REGN,WELL,-0.41502153222581006,63,0.0007964460238546871,1,15,External
REGN,WFC,-0.4188669326088755,63,0.0007032981233939562,1,5,External
RF,RJF,0.6878200046772887,63,6.576985596421931e-10,5,5,Internal
RF,RL,0.5811116496256077,63,7.341759568131816e-07,5,15,External
RF,RMD,-0.4405003283266646,63,0.00033967952479888193,5,1,External
RF,SCHW,0.4853363050929598,63,6.383654151304555e-05,5,5,Internal
RF,SLB,0.4581077546106382,63,0.0001810743018171842,5,11,External
RF,SNA,0.49229160102837044,63,4.821260840449604e-05,5,15,External
RF,SNPS,-0.5148533018884536,63,1.8578578694874363e-05,5,1,External
RF,SPG,0.546625314783227,63,4.300155319644392e-06,5,15,External
RF,STT,0.6252437500324518,63,5.555303480685281e-08,5,5,Internal
RF,SWK,0.5147038490689796,63,1.8700504459172552e-05,5,5,Internal
RF,SYF,0.7539463151891032,63,1.5133173580408343e-12,5,5,Internal
RF,SYY,0.4905586916479244,63,5.173458097829766e-05,5,15,External
RF,T,0.500148339677196,63,3.4853151864173675e-05,5,5,Internal
RF,TAP,0.47316272373777934,63,0.00010285312038755451,5,5,Internal
RF,TDG,0.5102554641745025,63,2.268825755317678e-05,5,5,Internal
RF,TECH,-0.5272977695759974,63,1.065868768973252e-05,5,1,External
RF,TEL,0.5129076468076766,63,2.0225148250567286e-05,5,15,External
RF,TFC,0.8605617389175527,63,3.1234379376143384e-19,5,5,Internal
RF,TMO,-0.4671841261080432,63,0.0001291612084908379,5,1,External
RF,TPR,0.5043764556150861,63,2.9171911807303674e-05,5,15,External
RF,TRV,0.5846247272476626,63,6.061602541801588e-07,5,5,Internal
RF,TSN,0.45491141545079194,63,0.00020349747377111356,5,5,Internal
RF,TT,0.43588729296306944,63,0.0003983267186879372,5,20,External
RF,TTWO,-0.42062049058918954,63,0.0006641929861761526,5,1,External
RF,TXT,0.6490824295833278,63,1.156178793848609e-08,5,5,Internal
RF,UAL,0.5368460272424006,63,6.854753067820318e-06,5,5,Internal
RF,USB,0.8300142402850085,63,7.496705330131266e-17,5,5,Internal
RF,VICI,0.49103481476987343,63,5.074395615178717e-05,5,5,Internal
RF,VMC,0.5011837588387624,63,3.337428707179058e-05,5,5,Internal
RF,VRSN,-0.5110352161987418,63,2.193666931930083e-05,5,1,External
RF,VRTX,-0.5002132095194574,63,3.47587481280082e-05,5,1,External
RF,VTR,0.511879858316381,63,2.1148630124828748e-05,5,15,External
RF,VTRS,0.5670777942397788,63,1.5441896056154656e-06,5,5,Internal
RF,WAB,0.6414489796879268,63,1.9396728247482047e-08,5,15,External
RF,WBD,0.5698196418322464,63,1.339012570988736e-06,5,15,External
RF,WELL,0.5069803755636201,63,2.6113328044793778e-05,5,15,External
RF,WFC,0.8402838796857565,63,1.3513441026847742e-17,5,5,Internal
RF,WMB,0.40004480012671806,63,0.0012751206720453673,5,11,External
RF,WMT,-0.505119512217573,63,2.8266902881370905e-05,5,1,External
RF,WRB,0.4376664249896083,63,0.0003746953373768617,5,5,Internal
RF,WY,0.5105480983906011,63,2.2403437332511577e-05,5,15,External
RF,WYNN,0.4000831960817238,63,0.0012736181416423981,5,15,External
RJF,RL,0.5986587807644994,63,2.7554648581571174e-07,5,15,External
RJF,ROK,0.4139357524014264,63,0.0008246947433221799,5,20,External
RJF,SCHW,0.584203772392097,63,6.203117351936733e-07,5,5,Internal
RJF,SJM,-0.40679092568507746,63,0.0010343051712730566,5,1,External
RJF,SNA,0.5202758326180388,63,1.4622780150370607e-05,5,15,External
RJF,SNPS,-0.46154774491637873,63,0.00015948856909095852,5,1,External
RJF,SPG,0.4313869898252784,63,0.0004642816836987253,5,15,External
RJF,STT,0.6610658581606723,63,4.980400311348801e-09,5,5,Internal
RJF,SWK,0.6068677719411939,63,1.7069567898888747e-07,5,5,Internal
RJF,SYF,0.672411260918973,63,2.1650144721061143e-09,5,5,Internal
RJF,SYY,0.4629211260582153,63,0.00015155035202460253,5,15,External
RJF,T,0.5054019590774804,63,2.7929770659458595e-05,5,5,Internal
RJF,TAP,0.42529386571081224,63,0.0005694066369979161,5,5,Internal
RJF,TDG,0.4587283621181894,63,0.00017699232641395292,5,5,Internal
RJF,TECH,-0.41032929102205395,63,0.000925145047128174,5,1,External
RJF,TEL,0.5932873808511097,63,3.7425034002615523e-07,5,15,External
RJF,TFC,0.6439424957343173,63,1.640646243306485e-08,5,5,Internal
RJF,TPR,0.5285824580764338,63,1.0051877189864376e-05,5,15,External
RJF,TRMB,0.4104548405930466,63,0.0009214704161600818,5,5,Internal
RJF,TROW,0.5744327691561838,63,1.0503685749251868e-06,5,5,Internal
RJF,TRV,0.5609341275686397,63,2.115591560302788e-06,5,5,Internal
RJF,TT,0.42635322357028876,63,0.0005497056038476146,5,20,External
RJF,TTWO,-0.41141819395021795,63,0.000893710276245773,5,1,External
RJF,TXT,0.6703091086188239,63,2.533284637914857e-09,5,5,Internal
RJF,UAL,0.42103669820229617,63,0.0006552055897998948,5,5,Internal
RJF,USB,0.8111614063604664,63,1.3176946408429052e-15,5,5,Internal
RJF,VICI,0.5066603877213696,63,2.6472476432272682e-05,5,5,Internal
RJF,VMC,0.40721823623902514,63,0.0010205327341462937,5,5,Internal
RJF,VRSN,-0.41799789535849885,63,0.0007234405330669092,5,1,External
RJF,WAB,0.6009920382739574,63,2.408103364767309e-07,5,15,External
RJF,WBD,0.4848483821420536,63,6.509131176166323e-05,5,15,External
RJF,WDC,0.4371371811714882,63,0.000381587977012389,5,0,External
RJF,WFC,0.735193594788883,63,1.0166610227246861e-11,5,5,Internal
RJF,WRB,0.5401884484462003,63,5.854508562808981e-06,5,5,Internal
RJF,WY,0.48132765527712673,63,7.484194992412098e-05,5,15,External
RL,ROK,0.4788268586443939,63,8.256683307226475e-05,15,20,External
RL,RTX,0.6173562307779386,63,9.073971620844076e-08,15,15,Internal
RL,SNA,0.6817431222206057,63,1.0612661377636154e-09,15,15,Internal
RL,SPG,0.59177780237831,63,4.0747227048889965e-07,15,15,Internal
RL,STT,0.4037997714738074,63,0.0011354996501356444,15,5,External
RL,SWK,0.4803651696626777,63,7.773256941199806e-05,15,5,External
RL,SYF,0.5423910462202167,63,5.271653346059228e-06,15,5,External
RL,SYY,0.48364465834373405,63,6.828478387885531e-05,15,15,Internal
RL,T,0.6186479392094442,63,8.381139647915475e-08,15,5,External
RL,TECH,-0.41215618418895533,63,0.000872957712172102,15,1,External
RL,TEL,0.5159158603536236,63,1.773276876630576e-05,15,15,Internal
RL,TFC,0.5578077890395118,63,2.4772196456723313e-06,15,5,External
RL,TJX,0.5556557721425164,63,2.7588978348290957e-06,15,15,Internal
RL,TMO,-0.42499885222221917,63,0.0005750059560802609,15,1,External
RL,TPR,0.7053580343459535,63,1.545733855964851e-10,15,15,Internal
RL,TRV,0.5372226740683717,63,6.734559011860311e-06,15,5,External
RL,TT,0.6549177212864075,63,7.708211215517839e-09,15,20,External
RL,TTWO,-0.6106175056968421,63,1.3653869350985663e-07,15,1,External
RL,TXT,0.6010211903840411,63,2.4040362905593656e-07,15,5,External
RL,UDR,0.4520212954922098,63,0.00022593142058151627,15,15,Internal
RL,URI,0.4158094375419177,63,0.0007764982289103832,15,15,Internal
RL,USB,0.5715293776957413,63,1.224311636143657e-06,15,5,External
RL,VMC,0.506463694809424,63,2.6695506612706915e-05,15,5,External
RL,VRSN,-0.5194527828745148,63,1.5167968987259665e-05,15,1,External
RL,VRTX,-0.5679589336141248,63,1.4752433717316416e-06,15,1,External
RL,VTR,0.4610127899323386,63,0.00016268249278111207,15,15,Internal
RL,WAB,0.547737204904505,63,4.07430920751863e-06,15,15,Internal
RL,WBD,0.609089879211205,63,1.4959295044991104e-07,15,15,Internal
RL,WELL,0.5236359191330652,63,1.2580510101344722e-05,15,15,Internal
RL,WFC,0.5171964626501497,63,1.676092315763281e-05,15,5,External
RL,WRB,0.5132607272698949,63,1.9916633848415456e-05,15,5,External
RL,WYNN,0.5220840330844674,63,1.3488340350491661e-05,15,15,Internal
RL,XYL,0.42506468457032576,63,0.0005737521536835484,15,20,External
RMD,SYF,-0.5270683395655398,63,1.0770579361598481e-05,1,5,External
RMD,TMO,0.4199368851213046,63,0.0006791971074109119,1,1,Internal
RMD,UHS,-0.41553481240225565,63,0.0007833991458298283,1,15,External
RMD,URI,-0.4574594094035122,63,0.00018543068503936043,1,15,External
RMD,VLO,-0.4864677417772925,63,6.1012239477951044e-05,1,11,External
RMD,WAB,-0.43686818183809994,63,0.00038513539041804803,1,15,External
RMD,WBD,-0.4193371886492631,63,0.000692611655105086,1,15,External
RMD,WDC,-0.40599366497286893,63,0.0010604501835811812,1,0,External
RMD,WST,0.44612885366333827,63,0.00027882674053552047,1,1,Internal
RMD,WY,-0.4249168705687314,63,0.0005765708037091411,1,15,External
RMD,WYNN,-0.48003754892505346,63,7.873973785891568e-05,1,15,External
ROK,ROP,0.46139988832917683,63,0.00016036554027093746,20,20,Internal
ROK,SWK,0.49553459847678577,63,4.220966164800397e-05,20,5,External
ROK,TDY,0.4533323846459404,63,0.0002154880370983546,20,20,Internal
ROK,TROW,0.5439615983116154,63,4.889619800929524e-06,20,5,External
ROK,TTWO,-0.4435979658495305,63,0.0003048378736126387,20,1,External
ROK,XYL,0.5045785759999039,63,2.8923117574434496e-05,20,20,Internal
ROL,SJM,0.5243712264358894,63,1.2170502835560001e-05,1,1,Internal
ROL,VRSK,0.45689238025015105,63,0.00018931916160080296,1,1,Internal
ROST,RTX,0.41644060166012214,63,0.0007608459953294168,15,15,Internal
ROST,TJX,0.7688063020274014,63,2.95259323382229e-13,15,15,Internal
ROST,ULTA,0.4747312705948236,63,9.681941428501815e-05,15,15,Internal
RSG,WM,0.7626774737033151,63,5.877120329863574e-13,7,7,Internal
RTX,SNA,0.6326257316258359,63,3.465956653435014e-08,15,15,Internal
RTX,SPG,0.45708935229177683,63,0.00018796001450688027,15,15,Internal
RTX,STZ,0.41847619521940155,63,0.000712290879175823,15,15,Internal
RTX,SYF,0.4992653263025091,63,3.61620023361846e-05,15,5,External
RTX,SYY,0.4749316759110318,63,9.607243624829343e-05,15,15,Internal
RTX,TEL,0.4353666781229492,63,0.00040549400482273396,15,15,Internal
RTX,TFC,0.4611461706404232,63,0.000161880707934287,15,5,External
RTX,TJX,0.49448512085897733,63,4.4072123577534295e-05,15,15,Internal
RTX,TPR,0.4147082937632419,63,0.0008045043534866473,15,15,Internal
RTX,TRV,0.44104470502127224,63,0.00033330505148981176,15,5,External
RTX,TT,0.4105417977486048,63,0.0009189330529774157,15,20,External
RTX,TTWO,-0.4130238931225586,63,0.0008491149694079296,15,1,External
RTX,TXT,0.49999950141560673,63,3.5070650483943194e-05,15,5,External
RTX,UAL,0.5046553459718403,63,2.882913588602878e-05,15,5,External
RTX,UDR,0.4493851376540441,63,0.0002483435118275282,15,15,Internal
RTX,UHS,0.4119789382868789,63,0.0008779018082371812,15,15,Internal
RTX,ULTA,0.44291047983433596,63,0.0003122761309896327,15,15,Internal
RTX,VICI,0.40951484029678054,63,0.000949305753896163,15,5,External
RTX,VMC,0.4173021147117954,63,0.0007399420973620062,15,5,External
RTX,VRSN,-0.4892675281435128,63,5.4511568076992e-05,15,1,External
RTX,VRTX,-0.5839752999531604,63,6.281217156278788e-07,15,1,External
RTX,VTR,0.47816518190163065,63,8.47301353749128e-05,15,15,Internal
RTX,WAB,0.5092590184929919,63,2.3683472905301602e-05,15,15,Internal
RTX,WBD,0.5034800175938531,63,3.0299430895307776e-05,15,15,Internal
RTX,WELL,0.5328511149197084,63,8.258708042531931e-06,15,15,Internal
RTX,WRB,0.4363816254388156,63,0.0003916282077352157,15,5,External
RTX,WY,0.4668661874048957,63,0.00013071981136999428,15,15,Internal
RTX,WYNN,0.4889322803402036,63,5.525477457784737e-05,15,15,Internal
RTX,YUM,0.444770925396085,63,0.00029251932250153864,15,7,External
SBAC,SPG,-0.43284620284987146,63,0.00044188175866393374,7,15,External
SBAC,WBD,-0.4249502521703145,63,0.0005759331573285984,7,15,External
SBAC,XEL,0.4937140375077242,63,4.548861706355807e-05,7,7,Internal
SBUX,YUM,0.4097536183056302,63,0.0009421640497605871,7,7,Internal
SCHW,STT,0.6400116296524295,63,2.1347400494876744e-08,5,5,Internal
SCHW,SWK,0.4056719898149242,63,0.0010711666774630474,5,5,Internal
SCHW,SYF,0.4410259566295899,63,0.0003335227627306016,5,5,Internal
SCHW,T,0.42497412188664613,63,0.0005754775968470036,5,5,Internal
SCHW,TAP,0.47513300886643145,63,9.532734311429107e-05,5,5,Internal
SCHW,TDG,0.4452012269468365,63,0.0002881153873704598,5,5,Internal
SCHW,TFC,0.5403254585224223,63,5.8165682061647475e-06,5,5,Internal
SCHW,TXT,0.5088179324044876,63,2.413680876790461e-05,5,5,Internal
SCHW,USB,0.502756739957635,63,3.123842289771576e-05,5,5,Internal
SCHW,VMC,0.408154451960342,63,0.000990934554538251,5,5,Internal
SCHW,WAB,0.4427013323921722,63,0.00031457163231953525,5,15,External
SCHW,WFC,0.4876715958799756,63,5.8134085620019805e-05,5,5,Internal
SHW,STT,-0.42089781004176874,63,0.0006581923500093452,8,5,External
SJM,SYF,-0.41360822209761394,63,0.0008333921820559643,1,5,External
SJM,USB,-0.45496888684678055,63,0.0002030728069712369,1,5,External
SJM,VICI,-0.43495619947725195,63,0.0004112276018660826,1,5,External
SJM,VRSK,0.4269039825379374,63,0.000539709429282031,1,1,Internal
SJM,WMT,0.41627202987112333,63,0.000764998217589263,1,1,Internal
SLB,SYF,0.4331344288221814,63,0.00043757531444213964,11,5,External
SLB,TDY,0.4597015065258542,63,0.0001707610674922516,11,20,External
SLB,TFC,0.41000631056064135,63,0.0009346590369665729,11,5,External
SLB,TMO,-0.5919795518737178,63,4.0287712917622037e-07,11,1,External
SLB,TRGP,0.4937297674807285,63,4.5459305299153694e-05,11,11,Internal
SLB,TSCO,-0.41020556720256585,63,0.0009287791803653364,11,1,External
SLB,TXT,0.519460162849683,63,1.516299768721505e-05,11,5,External
SLB,USB,0.421858430605842,63,0.0006377843238143612,11,5,External
SLB,VLO,0.5544518552055189,63,2.9292665255945854e-06,11,11,Internal
SLB,XOM,0.6805866487054356,63,1.1609404956434323e-09,11,11,Internal
SNA,SPG,0.5194480099694886,63,1.5171184918514106e-05,15,15,Internal
SNA,STT,0.4053993203751082,63,0.001080326905565173,15,5,External
SNA,STZ,0.4305844817721084,63,0.00047703610247952087,15,15,Internal
SNA,SWK,0.5284325635467317,63,1.012098402355377e-05,15,5,External
SNA,SYF,0.5982818017427985,63,2.8158285444565425e-07,15,5,External
SNA,SYY,0.5200824607044965,63,1.4749208207574968e-05,15,15,Internal
SNA,T,0.4359785752469291,63,0.00039708198932716005,15,5,External
SNA,TEL,0.6090559258233926,63,1.4989603428606833e-07,15,15,Internal
SNA,TFC,0.5159897810776833,63,1.7675277672963425e-05,15,5,External
SNA,TJX,0.42038660934760935,63,0.0006692921899079352,15,15,Internal
SNA,TPR,0.5356017110836915,63,7.266196721366817e-06,15,15,Internal
SNA,TRMB,0.4435899659373492,63,0.0003049234908517448,15,5,External
SNA,TRV,0.43697197176471336,63,0.00038376312349231925,15,5,External
SNA,TT,0.45993250968983795,63,0.0001693117432241215,15,20,External
SNA,TXT,0.5372806941278303,63,6.7162194314807344e-06,15,5,External
SNA,UAL,0.4279505254860372,63,0.0005211683715053468,15,5,External
SNA,UDR,0.5508602757399566,63,3.497778681820508e-06,15,15,Internal
SNA,URI,0.4200260237985935,63,0.0006772233920402431,15,15,Internal
SNA,USB,0.549176427120033,63,3.7984044786354927e-06,15,5,External
SNA,VICI,0.4178333318116321,63,0.0007273130554473878,15,5,External
SNA,VLO,0.4172944383994652,63,0.0007401260381889123,15,11,External
SNA,VMC,0.4422445543111011,63,0.00031963862186302637,15,5,External
SNA,VRSN,-0.5394229414725257,63,6.070771532516808e-06,15,1,External
SNA,VRTX,-0.6845163561669692,63,8.543034601224004e-10,15,1,External
SNA,VTR,0.5085639516566705,63,2.4401479102373706e-05,15,15,Internal
SNA,WAB,0.5841346507181139,63,6.226648806108027e-07,15,15,Internal
SNA,WBD,0.6003969226306669,63,2.492558185441571e-07,15,15,Internal
SNA,WDC,0.4177345905509176,63,0.0007296456406400556,15,0,External
SNA,WELL,0.533125863929957,63,8.154170429178337e-06,15,15,Internal
SNA,WFC,0.4858374904551588,63,6.257092368116552e-05,15,5,External
SNA,WMT,-0.4198500706379314,63,0.0006811243676652862,15,1,External
SNA,WRB,0.48360516397305514,63,6.839196888306146e-05,15,5,External
SNA,WY,0.5332538511168384,63,8.105895279881512e-06,15,15,Internal
SNA,WYNN,0.5069951082144947,63,2.609690162966366e-05,15,15,Internal
SNA,YUM,0.40267017185928355,63,0.0011759782705441579,15,7,External
SNA,ZBRA,0.4220734844730458,63,0.0006332949064976838,15,15,Internal
SNPS,SPG,-0.4855071295427477,63,6.340253890262637e-05,1,15,External
SNPS,STT,-0.5152861320757871,63,1.8229619473677298e-05,1,5,External
SNPS,TDG,-0.41256184078456337,63,0.00086173687372209,1,5,External
SNPS,TECH,0.4000328024928459,63,0.0012755904965527588,1,1,Internal
SNPS,TFC,-0.5820241770239672,63,6.986814993208866e-07,1,5,External
SNPS,TRV,-0.40129393837101845,63,0.0012270481708322027,1,5,External
SNPS,TXT,-0.5187944226117907,63,1.5617596284446898e-05,1,5,External
SNPS,UAL,-0.4656242941881562,63,0.0001369747560032748,1,5,External
SNPS,UDR,-0.4445810156882501,63,0.00029448243201409446,1,15,External
SNPS,USB,-0.5153940350043696,63,1.8143577774252184e-05,1,5,External
SNPS,VRSN,0.4499446918151761,63,0.00024342307319224381,1,1,Internal
SNPS,WAB,-0.4686711316069777,63,0.00012209563064394921,1,15,External
SNPS,WFC,-0.5970619693563048,63,3.019791274196614e-07,1,5,External
SO,SRE,0.5305079259445122,63,9.202341580703922e-06,7,7,Internal
SO,WEC,0.6183237236972409,63,8.55018905056958e-08,7,7,Internal
SO,WM,0.40416962714153937,63,0.0011225214663274593,7,7,Internal
SO,XEL,0.6560463627690678,63,7.119621629491502e-09,7,7,Internal
SPG,STZ,0.46260928041075905,63,0.0001533203453959484,15,15,Internal
SPG,SYF,0.5808101189039604,63,7.462718164288036e-07,15,5,External
SPG,SYY,0.46491361315863233,63,0.00014067661954504507,15,15,Internal
SPG,T,0.4395133510303613,63,0.00035152084701340264,15,5,External
SPG,TDG,0.4274245152273931,63,0.000530413852845448,15,5,External
SPG,TECH,-0.480048014508581,63,7.870737967010237e-05,15,1,External
SPG,TEL,0.41647478066018206,63,0.0007600065965930602,15,15,Internal
SPG,TFC,0.5777892416377061,63,8.782240707306792e-07,15,5,External
SPG,TMO,-0.4652215663255355,63,0.00013906139344431579,15,1,External
SPG,TPR,0.7196124836924187,63,4.398786739398838e-11,15,15,Internal
SPG,TRGP,0.43425895452433133,63,0.0004211361309741468,15,11,External
SPG,TRV,0.5461602054764809,63,4.3980507466219095e-06,15,5,External
SPG,TT,0.42258834416968843,63,0.0006226629695489077,15,20,External
SPG,TTWO,-0.43803386653136483,63,0.00036997685067916496,15,1,External
SPG,TXT,0.5764971154919574,63,9.4109522110428e-07,15,5,External
SPG,UAL,0.6453186966518635,63,1.494857619865056e-08,15,5,External
SPG,UDR,0.5217208572855083,63,1.3709407235535528e-05,15,15,Internal
SPG,URI,0.41545848941286545,63,0.0007853268541141318,15,15,Internal
SPG,USB,0.5199836051943686,63,1.4814232290956008e-05,15,5,External
SPG,VLO,0.455154417737415,63,0.00020170741524322446,15,11,External
SPG,VMC,0.4779734907134065,63,8.536653529606893e-05,15,5,External
SPG,VRSN,-0.5256965560783693,63,1.1462714821257392e-05,15,1,External
SPG,VRTX,-0.6166499193824391,63,9.475308004676063e-08,15,1,External
SPG,VTR,0.5867760550213517,63,5.384498156778245e-07,15,15,Internal
SPG,WAB,0.6269283935192899,63,4.9937046766498815e-08,15,15,Internal
SPG,WBD,0.544589055967014,63,4.744343474360159e-06,15,15,Internal
SPG,WELL,0.5438387792026305,63,4.918537712842695e-06,15,15,Internal
SPG,WFC,0.5473630257153711,63,4.149045504013569e-06,15,5,External
SPG,WMT,-0.445272247576614,63,0.0002873943716774196,15,1,External
SPG,WRB,0.4653311879830346,63,0.00013849054417411255,15,5,External
SPG,WST,-0.512868731078757,63,2.0259421927753183e-05,15,1,External
SPG,WYNN,0.4848696491315953,63,6.503614968264741e-05,15,15,Internal
SPGI,TXN,-0.41184112159681535,63,0.0008817635333588067,1,0,External
STT,SWK,0.46883208908465457,63,0.00012135252361091935,5,5,Internal
STT,SYF,0.4569850270953555,63,0.00018867876230673476,5,5,Internal
STT,T,0.43714425477348573,63,0.00038149509716280675,5,5,Internal
STT,TFC,0.5370044689918637,63,6.8039502000641096e-06,5,5,Internal
STT,TPR,0.40640660381557964,63,0.0010468349913993996,5,15,External
STT,TROW,0.4876175542848398,63,5.8260553305108986e-05,5,5,Internal
STT,TRV,0.4630193473324952,63,0.00015099675530259282,5,5,Internal
STT,TSN,0.4283962781242311,63,0.0005134483842353437,5,5,Internal
STT,TXT,0.47971774988068494,63,7.973444233264892e-05,5,5,Internal
STT,UAL,0.43715890084783676,63,0.00038130285250101474,5,5,Internal
STT,USB,0.6032093446223202,63,2.116556527091677e-07,5,5,Internal
STT,VICI,0.40083840708022944,63,0.0012443867761248633,5,5,Internal
STT,VRSN,-0.43870850572667774,63,0.0003614541866113715,5,1,External
STT,VTRS,0.4041836087760719,63,0.001122033484938705,5,5,Internal
STT,WAB,0.44224634819069,63,0.00031961857778142966,5,15,External
STT,WFC,0.6543480585319967,63,8.022511460473899e-09,5,5,Internal
STT,WY,0.4362914524654312,63,0.00039284240537996513,5,15,External
STX,TER,0.4498406050222079,63,0.0002443315579165018,0,0,Internal
STX,WDC,0.50800079482131,63,2.499796258012235e-05,0,0,Internal
STZ,SYY,0.45958213381399105,63,0.00017151446528956878,15,15,Internal
STZ,TPR,0.458715011408903,63,0.00017707924436646992,15,15,Internal
STZ,UAL,0.4343442249407285,63,0.00041991280439846796,15,5,External
STZ,UDR,0.4121315976027823,63,0.0008736420240583742,15,15,Internal
STZ,VRTX,-0.45248493506132165,63,0.0002221865633926798,15,1,External
STZ,WAB,0.4676713899136205,63,0.00012680563050064436,15,15,Internal
STZ,WBD,0.4942040088763579,63,4.45837404506861e-05,15,15,Internal
STZ,WELL,0.5108897066665639,63,2.207514659100434e-05,15,15,Internal
STZ,WY,0.4038923242066858,63,0.0011322393694890311,15,15,Internal
STZ,ZBRA,0.4013188088968636,63,0.001226107829740034,15,15,Internal
SWK,SYF,0.4626717807406156,63,0.0001529640900486041,5,5,Internal
SWK,TAP,0.5637246976839465,63,1.8351283956753737e-06,5,5,Internal
SWK,TECH,-0.40105659922125897,63,0.0012360545418111388,5,1,External
SWK,TEL,0.6919462136423127,63,4.721164123323591e-10,5,15,External
SWK,TFC,0.46284699912123595,63,0.00015196937983599497,5,5,Internal
SWK,TPR,0.5811273339840298,63,7.335518434718032e-07,5,15,External
SWK,TRMB,0.4360780423276091,63,0.00039572968443243054,5,5,Internal
SWK,TRV,0.413612673083994,63,0.0008332734342451275,5,5,Internal
SWK,TXT,0.6355209382918886,63,2.8706684302768964e-08,5,5,Internal
SWK,UAL,0.42550785928236656,63,0.0005653760785067239,5,5,Internal
SWK,USB,0.5470353562190409,63,4.215541455191724e-06,5,5,Internal
SWK,VICI,0.4184328671716827,63,0.0007132944525193029,5,5,Internal
SWK,VRSN,-0.41014580543511153,63,0.0009305391719916498,5,1,External
SWK,VTR,0.49949929291256506,63,3.581084632318252e-05,5,15,External
SWK,WAB,0.6102177830836361,63,1.3984672575439987e-07,5,15,External
SWK,WBD,0.42951354892721194,63,0.0004945527202381194,5,15,External
SWK,WELL,0.4413663746737738,63,0.00032958986671900893,5,15,External
SWK,WFC,0.4293055991075368,63,0.0004980210409370776,5,5,Internal
SWK,WRB,0.5257419266218627,63,1.143917658059385e-05,5,5,Internal
SWKS,TER,0.4933369923970423,63,4.6196463748500555e-05,0,0,Internal
SWKS,TXN,0.5220646135401266,63,1.3500076772990844e-05,0,0,Internal
SYF,SYY,0.6405623099453512,63,2.0579101376032085e-08,5,15,External
SYF,T,0.46410963340493516,63,0.00014497502179898304,5,5,Internal
SYF,TDG,0.5122186490514088,63,2.083998697757339e-05,5,5,Internal
SYF,TECH,-0.5322366514764717,63,8.497035009436356e-06,5,1,External
SYF,TEL,0.5569053109536375,63,2.5919012366690416e-06,5,15,External
SYF,TFC,0.7404496636828531,63,6.059740383795839e-12,5,5,Internal
SYF,TMO,-0.4385094625942508,63,0.00036394988791904495,5,1,External
SYF,TPR,0.5326619282705929,63,8.331414672772311e-06,5,15,External
SYF,TRMB,0.4308379576747225,63,0.00047297356404909786,5,5,Internal
SYF,TROW,0.4644571457252869,63,0.00014310250406634873,5,5,Internal
SYF,TRV,0.5343036742289454,63,7.719843798552218e-06,5,5,Internal
SYF,TT,0.40183858921726484,63,0.0012066030618378388,5,20,External
SYF,TXT,0.6047037159093531,63,1.9391752642487086e-07,5,5,Internal
SYF,UAL,0.5412627364484167,63,5.563105874510836e-06,5,5,Internal
SYF,URI,0.49525297969761745,63,4.270216192947694e-05,5,15,External
SYF,USB,0.7822350932536654,63,6.052931943648711e-14,5,5,Internal
SYF,VICI,0.48287246898755787,63,7.040879877591146e-05,5,5,Internal
SYF,VLO,0.4576184403524248,63,0.00018435332255698186,5,11,External
SYF,VMC,0.5591885042418375,63,2.310913982759581e-06,5,5,Internal
SYF,VRSN,-0.514306167124625,63,1.9028565745964e-05,5,1,External
SYF,VRTX,-0.5590467874708049,63,2.327489791243119e-06,5,1,External
SYF,VTR,0.49298688846993655,63,4.6862831365255426e-05,5,15,External
SYF,WAB,0.6722860834445403,63,2.185439273825589e-09,5,15,External
SYF,WBD,0.5172322903618181,63,1.673445873715295e-05,5,15,External
SYF,WELL,0.5118240493583273,63,2.119987778171808e-05,5,15,External
SYF,WFC,0.719293076062516,63,4.5282227410765146e-11,5,5,Internal
SYF,WMT,-0.5292886776703067,63,9.732152266966454e-06,5,1,External
SYF,WRB,0.40310394727862026,63,0.0011602829550194818,5,5,Internal
SYF,WST,-0.43388725773737435,63,0.00042650662532317025,5,1,External
SYF,WY,0.4591805528574452,63,0.00017407138487618386,5,15,External
SYF,XYL,0.40014154053269235,63,0.001271338025298601,5,20,External
SYK,ZBH,0.5490169872929023,63,3.828086952973809e-06,1,1,Internal
SYY,TECH,-0.4727690516495372,63,0.00010442079180843588,15,1,External
SYY,TEL,0.5046076970863876,63,2.8887434228164727e-05,15,15,Internal
SYY,TFC,0.6375016826695854,63,2.520578859248042e-08,15,5,External
SYY,TPR,0.44749171087165057,63,0.00026567530870318855,15,15,Internal
SYY,TRV,0.4001841516945004,63,0.0012696750911654602,15,5,External
SYY,TXT,0.49046727464455786,63,5.192681535012335e-05,15,5,External
SYY,UAL,0.40805532510320874,63,0.0009940313369642218,15,5,External
SYY,UDR,0.4283282649683287,63,0.0005146195479370832,15,15,Internal
SYY,USB,0.6253728238966789,63,5.510249743662881e-08,15,5,External
SYY,VRTX,-0.49021493454661463,63,5.246087198157964e-05,15,1,External
SYY,VTRS,0.4272972593871941,63,0.0005326728379916716,15,5,External
SYY,WAB,0.47750060444290976,63,8.695534796975103e-05,15,15,Internal
SYY,WBD,0.5148443634395902,63,1.8585850015803254e-05,15,15,Internal
SYY,WELL,0.420222900163127,63,0.0006728825394133498,15,15,Internal
SYY,WFC,0.5553109751227849,63,2.806719219752145e-06,15,5,External
SYY,WST,-0.4127954042156006,63,0.0008553355755609902,15,1,External
SYY,WY,0.4932746147828801,63,4.63145449779967e-05,15,15,Internal
T,TFC,0.522940293244785,63,1.2980177881282213e-05,5,5,Internal
T,TPR,0.6047450023440893,63,1.9344792643352043e-07,5,15,External
T,TRV,0.513767122843086,63,1.948177202604194e-05,5,5,Internal
T,TSN,0.43370152564827646,63,0.00042921347392792133,5,5,Internal
T,TT,0.5614099476354705,63,2.065094719784124e-06,5,20,External
T,TXT,0.4342079769083372,63,0.000421869026159606,5,5,Internal
T,USB,0.5406989238584086,63,5.714310527729219e-06,5,5,Internal
T,VMC,0.490078425761479,63,5.275189082027506e-05,5,5,Internal
T,VRSN,-0.43324787761554573,63,0.00043589074966661224,5,1,External
T,WBD,0.5166449014612639,63,1.717327369668523e-05,5,15,External
T,WFC,0.4951069050237286,63,4.295970716242004e-05,5,5,Internal
T,WRB,0.5824864863250316,63,6.813200782493378e-07,5,5,Internal
TAP,TECH,-0.5091491357817701,63,2.3795662986248893e-05,5,1,External
TAP,TEL,0.40032668320836945,63,0.0012641268974339166,5,15,External
TAP,TFC,0.46408139393396736,63,0.00014512816935047354,5,5,Internal
TAP,TPR,0.4631747628009112,63,0.00015012458828676125,5,15,External
TAP,TRV,0.43533053999753135,63,0.0004059958478665997,5,5,Internal
TAP,TXT,0.5625417806833422,63,1.9494739488514986e-06,5,5,Internal
TAP,UAL,0.4249409080301705,63,0.0005761115820642767,5,5,Internal
TAP,WAB,0.4255781155860149,63,0.0005640584610866139,5,15,External
TAP,WBD,0.41150747385075953,63,0.0008911762162522194,5,15,External
TAP,WFC,0.44526751669542036,63,0.00028744234927508764,5,5,Internal
TDG,TDY,0.4103400866151085,63,0.0009248285585907813,5,20,External
TDG,TFC,0.5536039981159553,63,3.055096117801316e-06,5,5,Internal
TDG,TMO,-0.41299271749430194,63,0.0008499613094655499,5,1,External
TDG,TPR,0.41932256628942505,63,0.000692941717177953,5,15,External
TDG,TRV,0.4544819459092565,63,0.0002066967296896973,5,5,Internal
TDG,TXT,0.6029897328179863,63,2.1438768009612157e-07,5,5,Internal
TDG,UAL,0.6515377939762252,63,9.758888750388016e-09,5,5,Internal
TDG,URI,0.4127586680586705,63,0.0008563395508545504,5,15,External
TDG,USB,0.5396308502150938,63,6.011310110519032e-06,5,5,Internal
TDG,VICI,0.5676377749798558,63,1.5000319661988333e-06,5,5,Internal
TDG,VRSN,-0.5473056322466314,63,4.160621508889324e-06,5,1,External
TDG,VRTX,-0.41004742597604604,63,0.000933443019114008,5,1,External
TDG,VTR,0.6056407520552661,63,1.8351931633720974e-07,5,15,External
TDG,WELL,0.5313051721772981,63,8.870560480020981e-06,5,15,External
TDG,WFC,0.5424940087930095,63,5.245778927360408e-06,5,5,Internal
TDG,WMT,-0.4675343377262901,63,0.00012746416135434068,5,1,External
TDG,WY,0.41905799843953206,63,0.00069893831376128,5,15,External
TDG,WYNN,0.4259739127740811,63,0.0005566874412334233,5,15,External
TDG,XYL,0.4306089330218401,63,0.000476642836893037,5,20,External
TECH,TFC,-0.5574868180654851,63,2.5174516963650874e-06,1,5,External
TECH,TPR,-0.40884693731279936,63,0.0009695425834711118,1,15,External
TECH,TRV,-0.4872861587251747,63,5.9041650873348266e-05,1,5,External
TECH,TT,-0.4028731623899147,63,0.0011686098101026598,1,20,External
TECH,TXT,-0.4885714182691628,63,5.606520975030649e-05,1,5,External
TECH,UAL,-0.43840236705373636,63,0.00036529919180710544,1,5,External
TECH,USB,-0.4863961704491791,63,6.11874229596583e-05,1,5,External
TECH,VMC,-0.4005426919368517,63,0.001255760095897776,1,5,External
TECH,VTR,-0.4157405568889253,63,0.0007782239097724812,1,15,External
TECH,WAB,-0.5268991553632073,63,1.085378844269101e-05,1,15,External
TECH,WBD,-0.4010765887836714,63,0.0012352937047846206,1,15,External
TECH,WELL,-0.4242434494624102,63,0.0005895718854246137,1,15,External
TECH,WFC,-0.5143825409914061,63,1.896515094936013e-05,1,5,External
TEL,TFC,0.510614611887487,63,2.2339164064366145e-05,15,5,External
TEL,TPR,0.46272058248138487,63,0.00015268644549914175,15,15,Internal
TEL,TRMB,0.40869950719812886,63,0.0009740616946472306,15,5,External
TEL,TXT,0.6313344025847802,63,3.7674989836264165e-08,15,5,External
TEL,UDR,0.4081124018399873,63,0.0009922471608456876,15,15,Internal
TEL,USB,0.5676128885340123,63,1.5019690215647903e-06,15,5,External
TEL,VLO,0.42429205863642294,63,0.000588624605846781,15,11,External
TEL,VRTX,-0.5166601974123919,63,1.716171249111563e-05,15,1,External
TEL,VTR,0.4409123448152572,63,0.00033484482888866,15,15,Internal
TEL,VTRS,0.4587084665707023,63,0.00017712186791815708,15,5,External
TEL,WAB,0.6638944892350283,63,4.059866067993189e-09,15,15,Internal
TEL,WBD,0.4823527850743799,63,7.187236869971318e-05,15,15,Internal
TEL,WDC,0.40732340791689864,63,0.001017168464041324,15,0,External
TEL,WELL,0.4240011636392908,63,0.000594314129260573,15,15,Internal
TEL,WY,0.5069395579439409,63,2.6158888389871988e-05,15,15,Internal
TEL,ZBRA,0.4913935163236155,63,5.00092420400527e-05,15,15,Internal
TER,TXN,0.5749841111150268,63,1.0200742978712952e-06,0,0,Internal
TER,WDC,0.5066041736027096,63,2.6536040790005926e-05,0,0,Internal
TFC,TPR,0.4920551454419039,63,4.8679767680958935e-05,5,15,External
TFC,TRMB,0.40807484692391344,63,0.0009934207740148447,5,5,Internal
TFC,TRV,0.690623826455523,63,5.253520109349235e-10,5,5,Internal
TFC,TSN,0.42679338314755827,63,0.0005417034437906459,5,5,Internal
TFC,TXT,0.7119077776123572,63,8.758147912440418e-11,5,5,Internal
TFC,UAL,0.6153111072028726,63,1.0282391948753266e-07,5,5,Internal
TFC,UDR,0.48332524852428843,63,6.915609707919066e-05,5,15,External
TFC,USB,0.8347243271419806,63,3.466617199541505e-17,5,5,Internal
TFC,VICI,0.48848333644960557,63,5.6264685459806315e-05,5,5,Internal
TFC,VMC,0.5037663491646552,63,2.99349774144964e-05,5,5,Internal
TFC,VRSN,-0.46373497596821805,63,0.00014701897274053532,5,1,External
TFC,VRTX,-0.49419854687346654,63,4.459373529983089e-05,5,1,External
TFC,VTR,0.4648913729231489,63,0.00014079393448590278,5,15,External
TFC,VTRS,0.5595002028032714,63,2.2748441261362033e-06,5,5,Internal
TFC,WAB,0.6806907943221577,63,1.1516124579232497e-09,5,15,External
TFC,WBD,0.49677138440940116,63,4.010828664245825e-05,5,15,External
TFC,WELL,0.4504528552513449,63,0.0002390319257626912,5,15,External
TFC,WFC,0.8226574712361994,63,2.3883004210215405e-16,5,5,Internal
TFC,WMT,-0.48892145078117927,63,5.527893770359472e-05,5,1,External
TFC,WRB,0.4860373312539925,63,6.207276209980179e-05,5,5,Internal
TFC,WST,-0.4319030849642687,63,0.00045624391897931143,5,1,External
TFC,WY,0.5298817455546265,63,9.47099270734554e-06,5,15,External
TFC,WYNN,0.4084690706870715,63,0.0009811632489557765,5,15,External
TFC,XOM,0.40900931158319637,63,0.000964587298467603,5,11,External
TJX,TPR,0.5415444905192047,63,5.488950597327401e-06,15,15,Internal
TJX,TTWO,-0.40995177104101793,63,0.0009362742891916151,15,1,External
TJX,UHS,0.47964035274344696,63,7.99769120467089e-05,15,15,Internal
TJX,ULTA,0.43959468992407214,63,0.00035053093955317733,15,15,Internal
TJX,URI,0.4591123083207389,63,0.00017450936351382675,15,15,Internal
TJX,VRSN,-0.40235362911996364,63,0.0011875521358447074,15,1,External
TJX,WRB,0.4375901428823191,63,0.00037568175600578553,15,5,External
TMO,TPR,-0.41513129777242597,63,0.0007936395295501514,1,15,External
TMO,TXT,-0.4925566212586726,63,4.7693938724748696e-05,1,5,External
TMO,UAL,-0.5242798760937791,63,1.2220755103920463e-05,1,5,External
TMO,VLO,-0.5290429756554065,63,9.842298845922916e-06,1,11,External
TMO,VRSN,0.5877643201373312,63,5.097876816444655e-07,1,1,Internal
TMO,VRTX,0.5073169734768931,63,2.574041352506079e-05,1,1,Internal
TMO,VTR,-0.44777349536619176,63,0.0002630278448621813,1,15,External
TMO,VTRS,-0.45203701915698635,63,0.00022580347925941593,1,5,External
TMO,WAB,-0.4025130196976939,63,0.0011817115236996483,1,15,External
TMO,WYNN,-0.49905893790869577,63,3.647440851758953e-05,1,15,External
TMO,XOM,-0.507565967622993,63,2.546773700584732e-05,1,11,External
TPL,TSCO,-0.49388340400535513,63,4.517393012275742e-05,11,1,External
TPR,TRV,0.4882486194855823,63,5.679944346716087e-05,15,5,External
TPR,TT,0.4753107073799521,63,9.467413756147233e-05,15,20,External
TPR,TTWO,-0.4260751799429619,63,0.0005548156201217644,15,1,External
TPR,TXT,0.6045110977268784,63,1.961226236827894e-07,15,5,External
TPR,UAL,0.49896720419313556,63,3.6614064013401376e-05,15,5,External
TPR,UDR,0.4412552419708588,63,0.0003308691236167085,15,15,Internal
TPR,UHS,0.43896270323740316,63,0.00035828960873123526,15,15,Internal
TPR,ULTA,0.4448682920816309,63,0.0002915174755461049,15,15,Internal
TPR,USB,0.5172337836272732,63,1.673335656764461e-05,15,5,External
TPR,VMC,0.465658869461824,63,0.0001367969590027021,15,5,External
TPR,VRSN,-0.4871930486577284,63,5.926284323176698e-05,15,1,External
TPR,VRTX,-0.4312877911417138,63,0.00046584129466189963,15,1,External
TPR,VTR,0.4932228427423243,63,4.641276150461851e-05,15,15,Internal
TPR,WAB,0.5873765808454605,63,5.208578323747434e-07,15,15,Internal
TPR,WBD,0.5454130189996444,63,4.559683326478553e-06,15,15,Internal
TPR,WELL,0.4711430072885873,63,0.00011113160492795147,15,15,Internal
TPR,WFC,0.46390503596059945,63,0.00014608795243506215,15,5,External
TPR,WRB,0.5377547914419626,63,6.568096575948813e-06,15,5,External
TPR,WYNN,0.47383333749793605,63,0.00010023237312572735,15,15,Internal
TPR,XYL,0.4061510958176224,63,0.0010552407425128902,15,20,External
TPR,ZBRA,0.41507927483470236,63,0.0007949685392673734,15,15,Internal
TRGP,TRMB,0.40798436377571023,63,0.0009962535710695889,11,5,External
TRGP,WMB,0.4024555239494187,63,0.0011838153741867848,11,11,Internal
TRMB,UDR,0.43476426999706536,63,0.00041393372159740526,5,15,External
TRMB,USB,0.43116367429813335,63,0.00046779937885262085,5,5,Internal
TRMB,VRSN,-0.4937604612273862,63,4.540215978175819e-05,5,1,External
TRMB,WAB,0.44138066990492647,63,0.00032942564105325876,5,15,External
TROW,USB,0.505990243363489,63,2.7239512018149157e-05,5,5,Internal
TROW,WDC,0.46197235886648613,63,0.00015699447767521363,5,0,External
TROW,WFC,0.42586565902683843,63,0.000558694739335485,5,5,Internal
TRV,TXT,0.6035480520894676,63,2.0750621674973234e-07,5,5,Internal
TRV,TYL,-0.4094172525637831,63,0.0009522385833699035,5,1,External
TRV,UAL,0.5805107918772431,63,7.584640664739212e-07,5,5,Internal
TRV,UDR,0.4450924307980342,63,0.0002892231106589955,5,15,External
TRV,USB,0.6560438488129129,63,7.120884037976709e-09,5,5,Internal
TRV,VICI,0.46673356120244835,63,0.00013137506283080312,5,5,Internal
TRV,VMC,0.5266401692502662,63,1.0982323498480885e-05,5,5,Internal
TRV,VRSN,-0.4937819317700842,63,4.5362225461085745e-05,5,1,External
TRV,VRTX,-0.4271519797141852,63,0.0005352624508202612,5,1,External
TRV,VTR,0.4050533628158684,63,0.0010920508237306802,5,15,External
TRV,VTRS,0.41063881266689595,63,0.0009161096571058213,5,5,Internal
TRV,WAB,0.5283381965966925,63,1.016471712671105e-05,5,15,External
TRV,WBD,0.400670045864934,63,0.0012508505971136404,5,15,External
TRV,WELL,0.42604240248243863,63,0.0005554208520636689,5,15,External
TRV,WFC,0.6712188829662669,63,2.367149643289299e-09,5,5,Internal
TRV,WM,0.4053277922720008,63,0.001082741527069992,5,7,External
TRV,WRB,0.7335536850296658,63,1.191816129721295e-11,5,5,Internal
TRV,WY,0.502439923840392,63,3.165815294232116e-05,5,15,External
TRV,XOM,0.4842078943408633,63,6.67729581963558e-05,5,11,External
TSCO,VRTX,0.4527990568781347,63,0.00021968173457631313,1,1,Internal
TSLA,UNP,-0.42183658065168766,63,0.0006382420692755181,1,20,External
TSN,TXT,0.42302071539793573,63,0.0006138597381868874,5,5,Internal
TSN,UAL,0.5169062244815993,63,1.6976746834675372e-05,5,5,Internal
TSN,WAB,0.46589164443575665,63,0.00013560545989802877,5,15,External
TSN,WFC,0.4131853760758316,63,0.0008447432904373288,5,5,Internal
TT,TTWO,-0.49164640087759315,63,4.949718725781175e-05,20,1,External
TT,TXT,0.5119035028375278,63,2.1126952760499734e-05,20,5,External
TT,TYL,-0.40199235228888053,63,0.0012008868797001152,20,1,External
TT,URI,0.5217936248323808,63,1.3664845333593978e-05,20,15,External
TT,USB,0.5009699565342581,63,3.3674812001112294e-05,20,5,External
TT,VRTX,-0.4155307383849065,63,0.0007835019360368614,20,1,External
TT,WBD,0.43247617250364706,63,0.00044746696711903133,20,15,External
TT,XYL,0.41645978525414,63,0.0007603747640864027,20,20,Internal
TTWO,TXT,-0.45345765023153745,63,0.00021451372385706614,1,5,External
TTWO,URI,-0.4438178182581199,63,0.00030249352123678196,1,15,External
TTWO,USB,-0.4021317497444467,63,0.0011957258245033399,1,5,External
TTWO,VRSN,0.4742306685283589,63,9.870873197470575e-05,1,1,Internal
TTWO,VRTX,0.4947986333663263,63,4.3507941956732255e-05,1,1,Internal
TTWO,WELL,-0.4401559000678961,63,0.0003437698690568638,1,15,External
TTWO,WFC,-0.40606377183551934,63,0.0010581274664214764,1,5,External
TXT,UAL,0.6655890286991555,63,3.5882858123203545e-09,5,5,Internal
TXT,UDR,0.4838223718794628,63,6.78043952162193e-05,5,15,External
TXT,UNP,0.4162833411619157,63,0.0007647189600401107,5,20,External
TXT,USB,0.7362380548035772,63,9.182136501295245e-12,5,5,Internal
TXT,VICI,0.4173101684494524,63,0.000739749157096762,5,5,Internal
TXT,VLO,0.4096103508415016,63,0.0009464432486299283,5,11,External
TXT,VMC,0.41233425798477474,63,0.0008680158702848984,5,5,Internal
TXT,VRSN,-0.4614416130628581,63,0.00016011761458852657,5,1,External
TXT,VRTX,-0.5137326170456633,63,1.951112147430489e-05,5,1,External
TXT,VTR,0.5016119969171516,63,3.2779798161125455e-05,5,15,External
TXT,VTRS,0.40568891224209375,63,0.001070600489187605,5,5,Internal
TXT,WAB,0.6713153454297789,63,2.3501536350759273e-09,5,15,External
TXT,WBD,0.4980734898213557,63,3.8000779485076754e-05,5,15,External
TXT,WELL,0.4362324503128736,63,0.00039363873564055105,5,15,External
TXT,WFC,0.6614702421126085,63,4.837644611239787e-09,5,5,Internal
TXT,WRB,0.4821123958930466,63,7.255880996311626e-05,5,5,Internal
TXT,WY,0.40640703268267814,63,0.0010468209333494214,5,15,External
TXT,WYNN,0.426999299625269,63,0.0005379962909572258,5,15,External
TXT,XOM,0.40783694363499373,63,0.0010008845331766045,5,11,External
TYL,USB,-0.4734953254261361,63,0.00010154554212170178,1,5,External
TYL,WFC,-0.4518441093589394,63,0.00022737775061618226,1,5,External
TYL,XOM,-0.5094320455283237,63,2.350780619085649e-05,1,11,External
UAL,UDR,0.40363242896596124,63,0.0011414159665998267,5,15,External
UAL,USB,0.5025099598456277,63,3.15649195673307e-05,5,5,Internal
UAL,VICI,0.6016616045424964,63,2.316304920598764e-07,5,5,Internal
UAL,VRSN,-0.6274834260846953,63,4.8207318340376065e-08,5,1,External
UAL,VRTX,-0.6229161908656954,63,6.429911966922544e-08,5,1,External
UAL,VTR,0.6729891420732607,63,2.073048894655255e-09,5,15,External
UAL,VTRS,0.43595628128634994,63,0.0003973856635115159,5,5,Internal
UAL,WAB,0.5773626207548841,63,8.985329030669295e-07,5,15,External
UAL,WELL,0.5819476344549113,63,7.015957172244792e-07,5,15,External
UAL,WFC,0.6164330601195858,63,9.60185117006579e-08,5,5,Internal
UAL,WMT,-0.4780707991564867,63,8.50429308349183e-05,5,1,External
UAL,WRB,0.5039777554050727,63,2.9668501481438133e-05,5,5,Internal
UAL,WST,-0.48010474762882405,63,7.853218151532515e-05,5,1,External
UAL,WY,0.5320632417697194,63,8.565443688223318e-06,5,15,External
UAL,WYNN,0.436342463027517,63,0.0003921551172638702,5,15,External
UDR,USB,0.4376226285369587,63,0.0003752613889269357,15,5,External
UDR,VRTX,-0.49419936347218013,63,4.459224088466435e-05,15,1,External
UDR,VTR,0.465665766463962,63,0.0001367615177893787,15,15,Internal
UDR,WAB,0.46489197350964623,63,0.00014079076527502693,15,15,Internal
UDR,WELL,0.5366861269822617,63,6.906381828419342e-06,15,15,Internal
UDR,WM,0.44837006560199877,63,0.0002575022135254834,15,7,External
UDR,WY,0.49691220748433923,63,3.987525556506231e-05,15,15,Internal
UDR,YUM,0.4012989494161332,63,0.0012268586537358317,15,7,External
UHS,URI,0.4026395589027144,63,0.001177093129532996,15,15,Internal
UHS,VLO,0.41413993137837934,63,0.0008193144587494381,15,11,External
UHS,WAB,0.4099119243238576,63,0.0009374559895099511,15,15,Internal
UHS,WYNN,0.4448749632175666,63,0.0002914489481956055,15,15,Internal
UHS,ZBH,0.45829638825819924,63,0.0001798245536423298,15,1,External
UNP,XOM,0.4421217436349014,63,0.0003210135877661049,20,11,External
URI,VLO,0.46147090352708753,63,0.00015994378255136592,15,11,External
URI,VMC,0.46440207335324796,63,0.00014339776554492492,15,5,External
URI,VRSN,-0.46703688324571646,63,0.00012988089022280001,15,1,External
URI,VRTX,-0.4391563632813503,63,0.0003558956465831986,15,1,External
URI,WAB,0.4042926366768539,63,0.0011182347884395075,15,15,Internal
URI,WDC,0.5179876763118797,63,1.6185440012896207e-05,15,0,External
USB,VICI,0.538870858916724,63,6.23133809096208e-06,5,5,Internal
USB,VMC,0.4914390896784593,63,4.991660267795043e-05,5,5,Internal
USB,VRSN,-0.46628791420487353,63,0.00013359897711945232,5,1,External
USB,VRTX,-0.4929317311693068,63,4.6968620735258646e-05,5,1,External
USB,VTR,0.4116793072118734,63,0.000886317274591549,5,15,External
USB,VTRS,0.4428332044990403,63,0.00031312248166813435,5,5,Internal
USB,WAB,0.5725453188812738,63,1.1605865869938274e-06,5,15,External
USB,WBD,0.5665235997337572,63,1.5890873158360154e-06,5,15,External
USB,WELL,0.41587808568111445,63,0.0007747818182171503,5,15,External
USB,WFC,0.8727499741641523,63,2.4106266256601014e-20,5,5,Internal
USB,WMT,-0.4137310466028496,63,0.0008301209556746258,5,1,External
USB,WRB,0.55416574315673,63,2.9711762607760146e-06,5,5,Internal
USB,WY,0.5083387565085016,63,2.463839988283539e-05,5,15,External
USB,XOM,0.42431586285665596,63,0.0005881612208582783,5,11,External
USB,XYL,0.4111494361461399,63,0.0009013778507173801,5,20,External
VICI,VRSN,-0.5210792103741535,63,1.4108230608224322e-05,5,1,External
VICI,VRTX,-0.4029624611936607,63,0.001165381494740739,5,1,External
VICI,VTR,0.49401437553027094,63,4.4931962624154474e-05,5,15,External
VICI,WAB,0.4094108405352789,63,0.000952431571773426,5,15,External
VICI,WELL,0.638645238319366,63,2.337258561148176e-08,5,15,External
VICI,WFC,0.4549706913072674,63,0.000203059486622913,5,5,Internal
VICI,WMT,-0.5314313195115049,63,8.819095248458966e-06,5,1,External
VICI,WRB,0.4734671138449266,63,0.00010165585579047619,5,5,Internal
VICI,WY,0.47476893529629055,63,9.667861881194015e-05,5,15,External
VICI,WYNN,0.4360329097587699,63,0.00039634276384567605,5,15,External
VLO,VMC,0.4180732045130277,63,0.0007216745858072297,11,5,External
VLO,WMT,-0.40920865325155203,63,0.0009585351163979242,11,1,External
VLO,WYNN,0.40724269129823976,63,0.0010197495624886675,11,15,External
VLO,XOM,0.624203641825838,63,5.931260918974386e-08,11,11,Internal
VMC,VRSN,-0.5762193408671135,63,9.551511371694837e-07,5,1,External
VMC,VRTX,-0.45779592869469765,63,0.00018315769248972307,5,1,External
VMC,WBD,0.4780940707207976,63,8.49657075437771e-05,5,15,External
VMC,WFC,0.4901465146539129,63,5.260654841533782e-05,5,5,Internal
VMC,WRB,0.4119588947451691,63,0.0008784624918359561,5,5,Internal
VMC,WST,-0.42677498596535973,63,0.0005420357776611688,5,1,External
VMC,XYL,0.4663500448020715,63,0.000133286866876921,5,20,External
VRSN,VRTX,0.6186565100921203,63,8.376713764502078e-08,1,1,Internal
VRSN,VTR,-0.47023469504600124,63,0.00011505066034819319,1,15,External
VRSN,WAB,-0.5042076089594767,63,2.9381266638348535e-05,1,15,External
VRSN,WELL,-0.4541529216412962,63,0.00020917880795180815,1,15,External
VRSN,WFC,-0.44235747050269864,63,0.0003183791751087039,1,5,External
VRSN,WMT,0.5242186526209597,63,1.2254542342283079e-05,1,1,Internal
VRSN,WRB,-0.40100936026276757,63,0.0012378542137632005,1,5,External
VRSN,WY,-0.4217022620927692,63,0.0006410625230865062,1,15,External
VRSN,WYNN,-0.4400674718470612,63,0.00034482723902951533,1,15,External
VRSN,ZBH,-0.40786865177506065,63,0.0009998868378017912,1,1,Internal
VRTX,VTR,-0.5597322311434826,63,2.248336428504692e-06,1,15,External
VRTX,WAB,-0.6050340541375022,63,1.9019006185280274e-07,1,15,External
VRTX,WBD,-0.5600353055794351,63,2.2141472958105536e-06,1,15,External
VRTX,WDC,-0.4686996428592112,63,0.00012196369625361195,1,0,External
VRTX,WELL,-0.5872559949000854,63,5.243463972033201e-07,1,15,External
VRTX,WFC,-0.4834845637924481,63,6.872023023869774e-05,1,5,External
VRTX,WMT,0.49611521300139494,63,4.121080193145148e-05,1,1,Internal
VRTX,WST,0.4167102726438655,63,0.0007542459107388275,1,1,Internal
VRTX,WY,-0.5817629755684766,63,7.086733002035837e-07,1,15,External
VRTX,WYNN,-0.4418003298379859,63,0.0003246376515563219,1,15,External
VTR,WAB,0.4770604275414514,63,8.845868251685206e-05,15,15,Internal
VTR,WELL,0.8145063526728221,63,8.115217823508501e-16,15,15,Internal
VTR,WFC,0.527987368059454,63,1.0328850688359385e-05,15,5,External
VTR,WRB,0.43505624106968444,63,0.00040982345344698316,15,5,External
VTR,WST,-0.4163130896418093,63,0.000763984958209606,15,1,External
VTR,WY,0.47650495498809625,63,9.038992803315982e-05,15,15,Internal
VTRS,WAB,0.4141483672130343,63,0.0008190928517917864,5,15,External
VTRS,WBD,0.4189662956534614,63,0.0007010277573907392,5,15,External
VTRS,WFC,0.4684038617523336,63,0.00012333879915309243,5,5,Internal
VTRS,WRB,0.40356436949813657,63,0.0011438301101603307,5,5,Internal
VTRS,WY,0.48394759739637555,63,6.746776376545646e-05,5,15,External
WAB,WBD,0.516803985633969,63,1.705338511136681e-05,15,15,Internal
WAB,WDC,0.44126325708643205,63,0.0003307767097432939,15,0,External
WAB,WELL,0.49813475886569253,63,3.790418316607512e-05,15,15,Internal
WAB,WFC,0.549928235798374,63,3.6613161653727852e-06,15,5,External
WAB,WRB,0.48795240541824075,63,5.748100607487249e-05,15,5,External
WAB,WY,0.4803981205626547,63,7.763193173597248e-05,15,15,Internal
WBD,WELL,0.4256365952336027,63,0.0005629638341542482,15,15,Internal
WBD,WFC,0.5147307682329972,63,1.8678488728746515e-05,15,5,External
WBD,WRB,0.4623753805257543,63,0.00015466035180845966,15,5,External
WBD,WY,0.4069705188953401,63,0.001028496500353492,15,15,Internal
WBD,WYNN,0.5786995038668965,63,8.363228088489853e-07,15,15,Internal
WBD,ZBRA,0.44081812041459245,63,0.00033594491245850304,15,15,Internal
WDC,WY,0.4811704647639473,63,7.530716697729431e-05,0,15,External
WDC,ZBRA,0.4007382295923953,63,0.0012482292167705295,0,15,External
WEC,WMT,0.40985221550941753,63,0.000939229243894599,7,1,External
WEC,XEL,0.819981978794303,63,3.592459430305971e-16,7,7,Internal
WELL,WFC,0.5062178683181011,63,2.6976697037960646e-05,15,5,External
WELL,WRB,0.40446089142071645,63,0.0011123952755023611,15,5,External
WELL,WY,0.5296245296168253,63,9.583447148836576e-06,15,15,Internal
WFC,WRB,0.5445202521457401,63,4.760074819076375e-06,5,5,Internal
WFC,WY,0.5258622537864363,63,1.1376968370500607e-05,5,15,External
WM,XEL,0.41778929261223874,63,0.0007283525672973629,7,7,Internal
WM,XYL,0.471013689107366,63,0.00011168197328501209,7,20,External
WRB,WY,0.4601346424818484,63,0.00016805281169213839,5,15,External
XOM,ZTS,-0.4022945929576174,63,0.0011897220090399834,11,1,External
