ticker1,ticker2,Correlation,n,pval,Source_Cluster,Target_Cluster,Edge_Type
A,DHR,0.612659457637819,63,1.2075933014971356e-07,29,29,Internal
A,IQV,0.4095466935440306,63,0.000948350226595906,29,29,Internal
A,JBHT,0.4310477235820841,63,0.00046963539030697564,29,29,Internal
A,MTD,0.7174565331969274,63,5.345801035608655e-11,29,29,Internal
A,PAYC,-0.46215476612873047,63,0.00015593408129102305,29,1,External
A,RVTY,0.7741528181690911,63,1.5915927289862097e-13,29,29,Internal
A,STE,0.5503785383336527,63,3.5814335198436633e-06,29,9,External
A,TECH,0.6007683543381327,63,2.439526151730701e-07,29,29,Internal
A,TMO,0.7511764171195867,63,2.0262850055456815e-12,29,29,Internal
A,WAT,0.8135038879068298,63,9.393601892764036e-16,29,29,Internal
AAPL,AMGN,-0.4752711481355152,63,9.481919678057771e-05,9,20,External
AAPL,AMZN,-0.45894547838294253,63,0.0001755842970755877,9,20,External
AAPL,BKNG,-0.43580974836985836,63,0.000399386909805413,9,20,External
AAPL,FTNT,0.40752177088849045,63,0.0010108503714881005,9,9,Internal
AAPL,GEN,-0.435149697217854,63,0.00040851567998602113,9,20,External
AAPL,ICE,-0.5110699456050966,63,2.190373763692641e-05,9,15,External
ABBV,CB,0.44963097886934317,63,0.0002461706187571426,23,4,External
ABBV,CBRE,-0.47032241929696567,63,0.00011466669312011883,23,16,External
ABBV,CMCSA,0.4644410034084434,63,0.0001431889905968851,23,23,Internal
ABBV,CMG,-0.4505716747414698,63,0.00023801568412153446,23,9,External
ABBV,ELV,0.4346981013286108,63,0.0004148704205766752,23,9,External
ABBV,JNJ,0.4755535602294758,63,9.378808935305451e-05,23,23,Internal
ABBV,KDP,0.5723315910646969,63,1.173728713992487e-06,23,15,External
ABBV,MCD,0.520831889991979,63,1.4264813957742022e-05,23,23,Internal
ABBV,NOW,-0.4452540521895769,63,0.0002875789377793663,23,9,External
ABBV,TER,-0.47145212029901606,63,0.00010982613033660817,23,12,External
ABBV,TSCO,0.569836254540123,63,1.3378511763105535e-06,23,23,Internal
ABBV,TXT,0.4265327817550778,63,0.0005464283427166364,23,23,Internal
ABBV,TYL,-0.45351236511039583,63,0.0002140894188352909,23,9,External
ABBV,WRB,0.4948134216724271,63,4.348149524589181e-05,23,4,External
ABT,BAX,0.41700805664831186,63,0.0007470179996675997,9,9,Internal
ABT,HOLX,0.5414321058272241,63,5.51841806495858e-06,9,9,Internal
ABT,JNJ,0.5178375473448334,63,1.6293204330512056e-05,9,23,External
ABT,MDT,0.7092294122952381,63,1.1069292655434503e-10,9,9,Internal
ABT,NFLX,-0.47326765123126546,63,0.00010243894976697145,9,9,Internal
ABT,PEP,0.4069810692964157,63,0.0010281561803098431,9,15,External
ABT,RSG,0.5155320955715409,63,1.8034038096749192e-05,9,9,Internal
ABT,STE,0.461516732784263,63,0.00015967214383524298,9,9,Internal
ACGL,AIG,0.4993143845967931,63,3.608810879027399e-05,9,4,External
ACGL,AJG,0.5615713008949933,63,2.0482286222307847e-06,9,9,Internal
ACGL,AON,0.5462063586489644,63,4.38824433108249e-06,9,9,Internal
ACGL,BRO,0.5571498507798339,63,2.5603457572200026e-06,9,9,Internal
ACGL,CB,0.4255944263653763,63,0.00056375296047692,9,4,External
ACGL,EG,0.6566435480532794,63,6.825671004242679e-09,9,9,Internal
ACGL,GL,0.44180431053619956,63,0.00032459254038241705,9,4,External
ACGL,HIG,0.5259953123916071,63,1.130854453085453e-05,9,4,External
ACGL,MMC,0.5424336122043192,63,5.260942143822962e-06,9,9,Internal
ACGL,PFG,0.4256195405900289,63,0.0005632828650936425,9,4,External
ACGL,TRV,0.4514705651864803,63,0.000230454690328274,9,4,External
ACGL,VRSK,0.47303789540328883,63,0.00010334784938557068,9,9,Internal
ACGL,WRB,0.4743992075473995,63,9.806889634813359e-05,9,4,External
ACGL,WTW,0.47820439293380834,63,8.460049717630469e-05,9,9,Internal
ACN,JBL,-0.436147972458959,63,0.0003947814609371436,12,20,External
ACN,MU,0.41160564896108137,63,0.0008883971748452193,12,12,Internal
ACN,PNC,-0.4216008030673514,63,0.0006432004689043555,12,4,External
ADBE,CDNS,0.43214968345265325,63,0.00045244820209017726,12,12,Internal
ADBE,HRL,-0.41768756268632085,63,0.0007307589685029941,12,15,External
ADBE,JPM,-0.40143604967349084,63,0.0012216837490418328,12,4,External
ADBE,KEY,-0.42450863835684016,63,0.0005844207299054996,12,4,External
ADBE,MPWR,0.44449849875423,63,0.00029533915672335184,12,12,Internal
ADBE,MTB,-0.456347398993323,63,0.00019312668361132044,12,4,External
ADBE,NOW,0.45212632366067146,63,0.0002250780768360581,12,9,External
ADBE,ORCL,0.434159272861695,63,0.00042257031862134056,12,12,Internal
ADBE,SNPS,0.5145817593680142,63,1.8800657677654225e-05,12,12,Internal
ADBE,WFC,-0.43667384270433696,63,0.00038771688482857426,12,4,External
ADI,ALGN,0.4888832478441853,63,5.536425476563041e-05,12,12,Internal
ADI,AMAT,0.5459964482744549,63,4.433010427979638e-06,12,12,Internal
ADI,AVB,-0.4046434541066945,63,0.0011060902800701542,12,16,External
ADI,FFIV,0.4809654866930146,63,7.591781785194364e-05,12,23,External
ADI,KLAC,0.6191443812561626,63,8.128386757594209e-08,12,12,Internal
ADI,LRCX,0.5763944473025384,63,9.462676677391016e-07,12,12,Internal
ADI,MCHP,0.7754859179569448,63,1.3607440967824582e-13,12,12,Internal
ADI,MPWR,0.6346686619161247,63,3.035030063321523e-08,12,12,Internal
ADI,NXPI,0.657816317758974,63,6.281533440426901e-09,12,12,Internal
ADI,O,-0.40211831862108155,63,0.0011962222279788368,12,15,External
ADI,ON,0.6749590169056718,63,1.7866244843386031e-09,12,12,Internal
ADI,PTC,0.5585263699990185,63,2.3893190412376263e-06,12,12,Internal
ADI,SNPS,0.4008309248034232,63,0.0012446734005463998,12,12,Internal
ADI,SWKS,0.5495235854831005,63,3.7345169092742547e-06,12,12,Internal
ADI,TER,0.4784666072151385,63,8.373825670761344e-05,12,12,Internal
ADI,TXN,0.7091842144716876,63,1.1112874980018851e-10,12,12,Internal
ADI,WAB,0.4432689089817064,63,0.00030837769442979273,12,23,External
ADM,AMP,0.4108124762631801,63,0.0009110751336026973,4,4,Internal
ADM,BG,0.6382633355721912,63,2.397030522596597e-08,4,4,Internal
ADM,CDNS,-0.40768460221569297,63,0.0010056904842722502,4,12,External
ADM,GL,0.42291787712037593,63,0.0006159432705901227,4,4,Internal
ADM,HIG,0.4155872366059176,63,0.0007820775357608962,4,4,Internal
ADM,JPM,0.4104471634261458,63,0.0009216947354190921,4,4,Internal
ADM,MET,0.4263440841513786,63,0.0005498728909621903,4,4,Internal
ADM,MTB,0.41239513891993657,63,0.0008663321312048448,4,4,Internal
ADM,NOC,0.41434870344655156,63,0.0008138459763016814,4,9,External
ADM,PRU,0.4041227253704226,63,0.0011241598099588866,4,4,Internal
ADM,RF,0.5119238048880005,63,2.1108356230629764e-05,4,4,Internal
ADM,RJF,0.4134236531091665,63,0.0008383297854453193,4,4,Internal
ADP,ALLE,-0.40689797471345246,63,0.0010308392810573215,27,9,External
ADP,APH,0.6012656992591863,63,2.3701779126111844e-07,27,27,Internal
ADP,BA,0.4705091598133678,63,0.0001138532525059515,27,27,Internal
ADP,CB,0.4412129574001703,63,0.0003313570524144272,27,4,External
ADP,CME,0.5770466295354323,63,9.138584254224775e-07,27,27,Internal
ADP,GD,0.41445303081670304,63,0.0008111256572433278,27,9,External
ADP,HII,0.4578856690191035,63,0.00018255587466550977,27,9,External
ADP,ODFL,0.4036582803584512,63,0.0011405001929588646,27,27,Internal
ADP,OTIS,0.40936458368512746,63,0.0009538248508273143,27,27,Internal
ADP,PAYX,0.7511060213970222,63,2.041271614966237e-12,27,27,Internal
ADP,UNP,0.6274277099100333,63,4.837836594449482e-08,27,27,Internal
AEE,AEP,0.8621549378338962,63,2.266173164635094e-19,15,15,Internal
AEE,AES,0.587817700717449,63,5.082810650086373e-07,15,15,Internal
AEE,AMD,-0.5044163008324042,63,2.912270918839812e-05,15,12,External
AEE,ATO,0.7515060374989418,63,1.9574988297771742e-12,15,15,Internal
AEE,AVB,0.44424684256899505,63,0.00029796602235853775,15,16,External
AEE,AWK,0.6881559052196907,63,6.403162131519605e-10,15,15,Internal
AEE,CAG,0.5262324588380726,63,1.1187542853933709e-05,15,15,Internal
AEE,CL,0.4326892107598427,63,0.00044424359387229095,15,15,Internal
AEE,CMS,0.9131687942850719,63,4.59190257039819e-25,15,15,Internal
AEE,CNP,0.8269954045386161,63,1.214013639225896e-16,15,15,Internal
AEE,CPB,0.4415291382696828,63,0.0003277244218184546,15,15,Internal
AEE,D,0.784242082029961,63,4.73083575178172e-14,15,15,Internal
AEE,DTE,0.8946233763302321,63,1.1633197639513559e-22,15,15,Internal
AEE,DUK,0.8268660550321238,63,1.2390918709804763e-16,15,15,Internal
AEE,ED,0.857648840759848,63,5.559046569896855e-19,15,15,Internal
AEE,EIX,0.7083154694036331,63,1.1983000661570564e-10,15,15,Internal
AEE,ES,0.8223407506567029,63,2.5074488050269364e-16,15,15,Internal
AEE,ETR,0.7666033325368662,63,3.790599450310695e-13,15,15,Internal
AEE,EVRG,0.7725781307732489,63,1.9126177126743594e-13,15,15,Internal
AEE,EXC,0.8220930117167168,63,2.6046005322419136e-16,15,15,Internal
AEE,FE,0.7672033005924889,63,3.542215060061783e-13,15,15,Internal
AEE,HRL,0.402375679275974,63,0.0011867425971519305,15,15,Internal
AEE,K,0.4277194523312869,63,0.0005252116780969548,15,15,Internal
AEE,KLAC,-0.4569909940579438,63,0.00018863758518084683,15,12,External
AEE,KO,0.560110328665648,63,2.2057595414961163e-06,15,15,Internal
AEE,LH,0.42813687350319296,63,0.0005179282780817029,15,9,External
AEE,LNT,0.9083816436168655,63,2.1416386463690704e-24,15,15,Internal
AEE,LRCX,-0.40001751977438454,63,0.001276189189725189,15,12,External
AEE,MPWR,-0.4082257718676997,63,0.0009887118651981661,15,12,External
AEE,NEE,0.6573733008646563,63,6.4820657876515095e-09,15,15,Internal
AEE,NFLX,-0.421662892823694,63,0.0006418913468385515,15,9,External
AEE,NI,0.805434823838835,63,2.9560792059943275e-15,15,15,Internal
AEE,PCG,0.629051815613996,63,4.3620191036171147e-08,15,15,Internal
AEE,PEG,0.867453670635842,63,7.569365057209505e-20,15,15,Internal
AEE,PEP,0.5052190741002431,63,2.8147636696826423e-05,15,15,Internal
AEE,PNW,0.7637802547335801,63,5.200387604230312e-13,15,15,Internal
AEE,PPL,0.8611080648287812,63,2.7992792627442e-19,15,15,Internal
AEE,SO,0.746676384574093,63,3.2297505839433253e-12,15,15,Internal
AEE,SRE,0.7854744745498734,63,4.061187246307001e-14,15,15,Internal
AEE,WEC,0.8911220873134885,63,2.9450998829719934e-22,15,15,Internal
AEE,XEL,0.7844472120754783,63,4.6124835861714605e-14,15,15,Internal
AEP,AES,0.5211625504819483,63,1.4055827179066169e-05,15,15,Internal
AEP,AMAT,-0.4676845770318994,63,0.0001267424319451331,15,12,External
AEP,AMD,-0.5155981989209972,63,1.798180815771152e-05,15,12,External
AEP,ATO,0.7680981261741535,63,3.20046937713449e-13,15,15,Internal
AEP,AVB,0.5498482757938881,63,3.6756737198385544e-06,15,16,External
AEP,AWK,0.6617133574926317,63,4.753695775642239e-09,15,15,Internal
AEP,CAG,0.5026411051411102,63,3.139101956301823e-05,15,15,Internal
AEP,CL,0.40884003621901405,63,0.0009697536968399213,15,15,Internal
AEP,CMS,0.8950298546774027,63,1.0421977777329724e-22,15,15,Internal
AEP,CNP,0.8012681246766928,63,5.233950112456508e-15,15,15,Internal
AEP,CPB,0.50567442977916,63,2.760807941307893e-05,15,15,Internal
AEP,CPT,0.40238732003724575,63,0.0011863154243388927,15,16,External
AEP,D,0.754551367045669,63,1.4191110060456795e-12,15,15,Internal
AEP,DAY,-0.488255543809074,63,5.678360079337618e-05,15,0,External
AEP,DOC,0.4162487227361015,63,0.0007655739241627114,15,16,External
AEP,DTE,0.8717586484871932,63,2.9978560218743705e-20,15,15,Internal
AEP,DUK,0.8120216496083806,63,1.1643277427414661e-15,15,15,Internal
AEP,ED,0.8250546109609326,63,1.6470072059239067e-16,15,15,Internal
AEP,EIX,0.7334350425405205,63,1.2055465757280226e-11,15,15,Internal
AEP,EQIX,0.46204112015413223,63,0.00015659397042121434,15,15,Internal
AEP,EQR,0.4286757224798102,63,0.000508661811874293,15,16,External
AEP,ES,0.7926410242304874,63,1.6383639853674055e-14,15,15,Internal
AEP,ETR,0.7739028726741144,63,1.638854550301207e-13,15,15,Internal
AEP,EVRG,0.8117407132545462,63,1.2124268458964454e-15,15,15,Internal
AEP,EXC,0.8481712290762358,63,3.33248207090641e-18,15,15,Internal
AEP,FE,0.7719620062061094,63,2.0543621312620416e-13,15,15,Internal
AEP,GIS,0.4115943124543611,63,0.0008887176768872912,15,15,Internal
AEP,HON,0.47533766019646534,63,9.457542165883963e-05,15,9,External
AEP,HRL,0.48348311532135696,63,6.872418164163568e-05,15,15,Internal
AEP,INVH,0.5126560556020867,63,2.0447682316561113e-05,15,16,External
AEP,K,0.48619200704030585,63,6.168970211310302e-05,15,15,Internal
AEP,KHC,0.4669904735936958,63,0.0001301084896374499,15,15,Internal
AEP,KIM,0.431499724495465,63,0.00046251502293916683,15,16,External
AEP,KLAC,-0.4894769877143313,63,5.405191545140286e-05,15,12,External
AEP,KO,0.5127766618601685,63,2.0340723357256985e-05,15,15,Internal
AEP,LNT,0.9113904226040942,63,8.219312231223526e-25,15,15,Internal
AEP,LRCX,-0.4822988790907203,63,7.202577677148808e-05,15,12,External
AEP,MPWR,-0.42751990616334323,63,0.0005287262267566114,15,12,External
AEP,NEE,0.5642410256918724,63,1.7872132129877549e-06,15,15,Internal
AEP,NFLX,-0.4599443465645636,63,0.00016923778270775175,15,9,External
AEP,NI,0.799125529337037,63,6.98466806519281e-15,15,15,Internal
AEP,NVDA,-0.44022708252315584,63,0.00034292086141789207,15,12,External
AEP,NXPI,-0.40605524554544986,63,0.0010584097065409858,15,12,External
AEP,O,0.49179868304392316,63,4.919117843279401e-05,15,15,Internal
AEP,PCG,0.6276861439927122,63,4.7589784277576444e-08,15,15,Internal
AEP,PEG,0.8649494760048982,63,1.278310770093051e-19,15,15,Internal
AEP,PEP,0.5592745220721185,63,2.3009068874112137e-06,15,15,Internal
AEP,PG,0.4194565904268066,63,0.0006899217917794876,15,15,Internal
AEP,PLD,0.4092785333893303,63,0.0009564216234845232,15,16,External
AEP,PNW,0.7936762392393918,63,1.4327990606340592e-14,15,15,Internal
AEP,PPL,0.8365705192726264,63,2.5452883633091505e-17,15,15,Internal
AEP,SO,0.7783360075857856,63,9.698598914212764e-14,15,15,Internal
AEP,SRE,0.8180342252241416,63,4.815458723710021e-16,15,15,Internal
AEP,T,0.4034923805529797,63,0.001146388641067707,15,15,Internal
AEP,UDR,0.42331830140018395,63,0.0006078665166505652,15,16,External
AEP,WEC,0.8675476458743501,63,7.420433739172307e-20,15,15,Internal
AEP,XEL,0.8263193648905007,63,1.3506828660001845e-16,15,15,Internal
AES,AMD,-0.4106599556691743,63,0.0009154953793264197,15,12,External
AES,ATO,0.42848052151989013,63,0.0005120010980412717,15,15,Internal
AES,CMS,0.48810784641720695,63,5.712241447120441e-05,15,15,Internal
AES,CNP,0.4869293834131427,63,5.989336172213562e-05,15,15,Internal
AES,D,0.6028253112810649,63,2.1645482055392458e-07,15,15,Internal
AES,DTE,0.499713848077604,63,3.549160038630545e-05,15,15,Internal
AES,DUK,0.48317839871205226,63,6.956011585202678e-05,15,15,Internal
AES,ED,0.5069718352061786,63,2.612285464528481e-05,15,15,Internal
AES,EIX,0.5291237533192615,63,9.805959393389635e-06,15,15,Internal
AES,ES,0.5852697407017203,63,5.850633293709024e-07,15,15,Internal
AES,ETR,0.42265682872721544,63,0.0006212610143086362,15,15,Internal
AES,EVRG,0.5087209531328004,63,2.423755405662558e-05,15,15,Internal
AES,EXC,0.5195624510065788,63,1.5094250014437796e-05,15,15,Internal
AES,FE,0.5128681644729769,63,2.025992134387431e-05,15,15,Internal
AES,JBL,-0.43891325520470387,63,0.00035890321633387853,15,20,External
AES,LNT,0.4590964345719657,63,0.00017461138245025153,15,15,Internal
AES,NI,0.5218639046920184,63,1.3621934685074944e-05,15,15,Internal
AES,PEG,0.5591313313156782,63,2.3175878429688886e-06,15,15,Internal
AES,PNW,0.40797197998112134,63,0.0009966418426088969,15,15,Internal
AES,PPL,0.5978917151718719,63,2.879599376392763e-07,15,15,Internal
AES,SO,0.48518293721572736,63,6.422852601271904e-05,15,15,Internal
AES,SRE,0.5441659114737126,63,4.8418652225513325e-06,15,15,Internal
AES,WEC,0.43991965481511947,63,0.0003466013654377618,15,15,Internal
AES,XEL,0.42681867573016574,63,0.0005412468507087745,15,15,Internal
AFL,AIG,0.6383955032293358,63,2.3761831874998584e-08,4,4,Internal
AFL,AIZ,0.641344045429986,63,1.9533229517978416e-08,4,4,Internal
AFL,AMP,0.44508340896442916,63,0.00028931514206776836,4,4,Internal
AFL,BG,0.6609310378789226,63,5.028875483373612e-09,4,4,Internal
AFL,BRK-B,0.4068329191840096,63,0.0010329443112542533,4,4,Internal
AFL,BXP,0.46835485298948193,63,0.00012356801418163553,4,4,Internal
AFL,CDW,0.5101177559082309,63,2.2823447224032413e-05,4,23,External
AFL,CINF,0.4201457300920058,63,0.0006745810202991492,4,4,Internal
AFL,EMR,0.5513973822931519,63,3.40666265776725e-06,4,23,External
AFL,GL,0.6197995482911544,63,7.805815473011257e-08,4,4,Internal
AFL,GNRC,-0.5312202503472241,63,8.905363976895763e-06,4,1,External
AFL,HUM,0.4500507152232691,63,0.00024250086098515658,4,9,External
AFL,JCI,-0.6043081145916492,63,1.9847191580559913e-07,4,1,External
AFL,JPM,0.4063646105342504,63,0.0010482123349353596,4,4,Internal
AFL,L,0.4572093370691417,63,0.0001871364812451136,4,4,Internal
AFL,MET,0.5060289655108057,63,2.7194636772643577e-05,4,4,Internal
AFL,MMC,0.4026296666037913,63,0.0011774535894989492,4,9,External
AFL,NOW,-0.47703716478254743,63,8.853879343956652e-05,4,9,External
AFL,PAYC,-0.7190735344415581,63,4.619284787048456e-11,4,1,External
AFL,PRU,0.44985311778699943,63,0.00024422218101999543,4,4,Internal
AFL,RJF,0.43054353958984315,63,0.00047769526305456244,4,4,Internal
AFL,WAT,0.44259037177466654,63,0.00031579572239866124,4,29,External
AFL,WRB,0.567939333609589,63,1.4767451334950127e-06,4,4,Internal
AIG,AIZ,0.5066804502311097,63,2.6449824845265587e-05,4,4,Internal
AIG,AJG,0.4182679798372603,63,0.0007171253249660735,4,9,External
AIG,ALL,0.4145533532028275,63,0.0008085175247968118,4,4,Internal
AIG,AMP,0.6344463590924504,63,3.079341162278327e-08,4,4,Internal
AIG,AON,0.40183595244104,63,0.0012067012979305992,4,9,External
AIG,AVY,0.4070505792845895,63,0.001025916562174015,4,4,Internal
AIG,BAC,0.4624059089762584,63,0.0001544848476945042,4,4,Internal
AIG,BG,0.4135275580438776,63,0.0008355468697313363,4,4,Internal
AIG,BK,0.5897754496397687,63,4.558286458172499e-07,4,4,Internal
AIG,BRK-B,0.637946776141246,63,2.4476679744856387e-08,4,4,Internal
AIG,C,0.5163723827135052,63,1.7380468667041817e-05,4,4,Internal
AIG,CB,0.6315766668102258,63,3.709102309021547e-08,4,4,Internal
AIG,FITB,0.49462706100285575,63,4.3815862687269406e-05,4,4,Internal
AIG,GL,0.5801878205331242,63,7.718289371945964e-07,4,4,Internal
AIG,GS,0.4707989318782596,63,0.00011260150164229366,4,4,Internal
AIG,HIG,0.7575462598250007,63,1.0295710520282834e-12,4,4,Internal
AIG,JPM,0.5350766016012413,63,7.446638237612977e-06,4,4,Internal
AIG,KEY,0.43881632863367276,63,0.00036010877084508106,4,4,Internal
AIG,L,0.7513365219595326,63,1.9925904334589638e-12,4,4,Internal
AIG,MET,0.6272077983530091,63,4.905910105846809e-08,4,4,Internal
AIG,MSFT,-0.4405916728869561,63,0.00033860220922331296,4,25,External
AIG,MTB,0.40952968030725245,63,0.0009488604781732285,4,4,Internal
AIG,NOW,-0.40220972662569243,63,0.001192847524076391,4,9,External
AIG,PFG,0.6075181420581384,63,1.642456688953803e-07,4,4,Internal
AIG,PNC,0.48968684028971476,63,5.359499095870085e-05,4,4,Internal
AIG,PRU,0.6845071550039519,63,8.549219157430174e-10,4,4,Internal
AIG,RF,0.4560701991398444,63,0.0001950901324280675,4,4,Internal
AIG,RJF,0.4967265348261911,63,4.018276677035725e-05,4,4,Internal
AIG,STT,0.43043446559348136,63,0.0004794553743222551,4,4,Internal
AIG,TRV,0.6363764359267455,63,2.714170400798514e-08,4,4,Internal
AIG,WFC,0.4597992624791285,63,0.00017014636003463124,4,4,Internal
AIG,WRB,0.6929044664421814,63,4.367881704284466e-10,4,4,Internal
AIZ,AVY,0.4778177514376942,63,8.588681479986088e-05,4,4,Internal
AIZ,BG,0.4294887424862103,63,0.0004949653019045797,4,4,Internal
AIZ,BXP,0.42236291798201525,63,0.0006272979790769265,4,4,Internal
AIZ,CB,0.41771866096401544,63,0.0007300225822806552,4,4,Internal
AIZ,CFG,0.42190923648413053,63,0.0006367211166425041,4,4,Internal
AIZ,EA,-0.4147751021075294,63,0.000802779491487872,4,1,External
AIZ,EMR,0.4540453140587535,63,0.00020999647349658087,4,23,External
AIZ,L,0.4228880206890936,63,0.0006165493702219744,4,4,Internal
AIZ,MET,0.4181447811154361,63,0.0007199997825390948,4,4,Internal
AIZ,MTB,0.4510492882310971,63,0.00023397046924145994,4,4,Internal
AIZ,NOW,-0.479844383763756,63,7.933918359961299e-05,4,9,External
AIZ,PAYC,-0.5481283296639525,63,3.997533228512263e-06,4,1,External
AIZ,PNC,0.40566506885162,63,0.0010713983158768263,4,4,Internal
AIZ,USB,0.4161857569289762,63,0.000767131195063595,4,4,Internal
AIZ,WRB,0.4138154771037964,63,0.0008278790265079711,4,4,Internal
AJG,AME,0.5153886220806443,63,1.8147885038372285e-05,9,9,Internal
AJG,AON,0.6760286723630237,63,1.647257725029727e-09,9,9,Internal
AJG,BRO,0.7401798586013049,63,6.2247254415899615e-12,9,9,Internal
AJG,CAH,0.52694285780098,63,1.0832237378691531e-05,9,9,Internal
AJG,COR,0.5231012298458753,63,1.288667705025592e-05,9,9,Internal
AJG,CTAS,0.60897748644632,63,1.5059843436420553e-07,9,9,Internal
AJG,EG,0.46082058212400895,63,0.00016384430719637282,9,9,Internal
AJG,FISV,0.4082964763354736,63,0.0009865127973707386,9,9,Internal
AJG,GL,0.5294176006712021,63,9.674816908689744e-06,9,4,External
AJG,HIG,0.4826813341716783,63,7.094386162674863e-05,9,4,External
AJG,HII,0.43640334056840235,63,0.0003913363200605399,9,9,Internal
AJG,HON,0.46850681738965383,63,0.00012285854500161474,9,9,Internal
AJG,MCK,0.42871848480853264,63,0.0005079329274015096,9,9,Internal
AJG,MLM,0.47489239031544517,63,9.621844770794017e-05,9,27,External
AJG,MMC,0.8721318164010678,63,2.762244780461908e-20,9,9,Internal
AJG,MNST,0.40763800495112107,63,0.0010071646513329065,9,9,Internal
AJG,MSI,0.633491470853021,63,3.2767235460177605e-08,9,9,Internal
AJG,PGR,0.42851213638279556,63,0.000511458917450052,9,4,External
AJG,PLD,0.4012084878824569,63,0.0012302839557309577,9,16,External
AJG,RSG,0.559657054868574,63,2.256893007617404e-06,9,9,Internal
AJG,STE,0.4007123776993177,63,0.0012492225319990307,9,9,Internal
AJG,TRV,0.40078422794227375,63,0.001246463565256821,9,4,External
AJG,VMC,0.4558509979618244,63,0.00019665569085141582,9,27,External
AJG,VRSK,0.6974401896928267,63,3.010269702902975e-10,9,9,Internal
AJG,WM,0.47583891224559993,63,9.275673653905195e-05,9,9,Internal
AJG,WMT,0.48080197587111145,63,7.640820122576004e-05,9,9,Internal
AJG,WRB,0.5124081798900091,63,2.0669149607202476e-05,9,4,External
AJG,WTW,0.5033223009588567,63,3.0501929122585816e-05,9,9,Internal
AKAM,AXON,0.7228996899327498,63,3.256121204781507e-11,19,19,Internal
AKAM,CPAY,0.6794165105111148,63,1.2708000041591766e-09,19,19,Internal
ALB,JBL,0.4423754163267159,63,0.0003181794280380988,20,20,Internal
ALB,JNJ,-0.4270510636307312,63,0.000537068004263495,20,23,External
ALB,MNST,-0.431944925440671,63,0.00045559786519604385,20,9,External
ALB,PEP,-0.4332087927566614,63,0.00043647044090448615,20,15,External
ALGN,AMAT,0.4386523910391278,63,0.0003621561971552683,12,12,Internal
ALGN,BMY,-0.44755391803301264,63,0.0002650887656789783,12,9,External
ALGN,CDNS,0.4133644810611405,63,0.0008399183490021781,12,12,Internal
ALGN,CMCSA,0.4345920406342072,63,0.0004163758652587178,12,23,External
ALGN,CMG,-0.5042585145241705,63,2.931800221199326e-05,12,9,External
ALGN,EBAY,-0.4190632866174448,63,0.000698817995050963,12,9,External
ALGN,GL,-0.42676240473700505,63,0.0005422631564407258,12,4,External
ALGN,HON,-0.42856341878275084,63,0.000510580556534432,12,9,External
ALGN,IEX,0.5068020905717757,63,2.6312870858839775e-05,12,23,External
ALGN,KLAC,0.4544419800361208,63,0.00020699677737594712,12,12,Internal
ALGN,LHX,-0.46400437539752964,63,0.0001455466090894966,12,9,External
ALGN,LRCX,0.5480659915987953,63,4.009678714688132e-06,12,12,Internal
ALGN,MAS,0.47577192486844055,63,9.299790831830745e-05,12,27,External
ALGN,MU,0.40270761362530877,63,0.001174616013489081,12,12,Internal
ALGN,NDSN,0.4300239382377349,63,0.0004861329661610834,12,23,External
ALGN,NRG,-0.446028407234334,63,0.00027981917469343,12,22,External
ALGN,PNR,0.5118721584738645,63,2.115569381443449e-05,12,23,External
ALGN,PTC,0.4472502258729001,63,0.0002679634899075802,12,12,Internal
ALGN,RCL,0.49612564144855287,63,4.1193062826451497e-05,12,23,External
ALGN,STX,0.520727302954395,63,1.4331514618744007e-05,12,12,Internal
ALGN,TXT,0.5691920244303448,63,1.3835877377938472e-06,12,23,External
ALGN,WAB,0.5901645212624135,63,4.460297876068431e-07,12,23,External
ALGN,WDC,0.48242197931256614,63,7.167589401064212e-05,12,12,Internal
ALGN,WTW,-0.48692186348790695,63,5.991143501601177e-05,12,9,External
ALL,BRK-B,0.4106324070313296,63,0.000916295836557456,4,4,Internal
ALL,CB,0.43791642102811035,63,0.00037147910336545625,4,4,Internal
ALL,HIG,0.4963469439348769,63,4.0818281057980276e-05,4,4,Internal
ALL,L,0.5840808414424195,63,6.245025374413635e-07,4,4,Internal
ALL,MET,0.45912378356778155,63,0.00017443564731124464,4,4,Internal
ALL,MPWR,-0.40218126456302616,63,0.0011938973985149322,4,12,External
ALL,PGR,0.6179992612105253,63,8.722583273285071e-08,4,4,Internal
ALL,PRU,0.4808151783941513,63,7.636849764901627e-05,4,4,Internal
ALL,TRV,0.608288575432074,63,1.5690202489880425e-07,4,4,Internal
ALLE,APH,-0.41881794915770443,63,0.0007044198045297172,9,27,External
ALLE,BA,-0.4337299371786471,63,0.00042879839591319154,9,27,External
ALLE,CME,-0.47377092743343524,63,0.0001004736527159695,9,27,External
ALLE,CSGP,0.5711477165383569,63,1.2490876703694726e-06,9,9,Internal
ALLE,DGX,0.5645344940003161,63,1.7605040188993022e-06,9,9,Internal
ALLE,GOOG,-0.564179988610122,63,1.7928157763169793e-06,9,2,External
ALLE,GOOGL,-0.585954575575633,63,5.634197835620301e-07,9,2,External
ALLE,TDY,0.6058433038293882,63,1.8134172745674462e-07,9,9,Internal
ALLE,TXN,0.5126910352759029,63,2.041660719874989e-05,9,12,External
ALLE,UHS,0.5484770368453955,63,3.930224831344301e-06,9,9,Internal
ALLE,UNP,-0.5516020169198949,63,3.3725350846895696e-06,9,27,External
ALLE,WM,0.42995581262146726,63,0.00048724923078396614,9,9,Internal
AMAT,AMD,0.5697379985884097,63,1.3447339937698526e-06,12,12,Internal
AMAT,AVB,-0.5185924267544292,63,1.5758011812326894e-05,12,16,External
AMAT,AXP,-0.4129013224003794,63,0.0008524468524237237,12,4,External
AMAT,CDNS,0.40020164477940007,63,0.0012689929765310956,12,12,Internal
AMAT,CMS,-0.47659913177080726,63,9.005978965697562e-05,12,15,External
AMAT,CNP,-0.4752350009608587,63,9.495192311387781e-05,12,15,External
AMAT,CPT,-0.42148254517227735,63,0.0006457005555051155,12,16,External
AMAT,DUK,-0.4687309059960353,63,0.0001218191782052822,12,15,External
AMAT,EBAY,-0.4531502045030403,63,0.0002169122584784109,12,9,External
AMAT,ED,-0.4175438177568011,63,0.0007341714960955014,12,15,External
AMAT,EIX,-0.41435988716563854,63,0.000813553968423422,12,15,External
AMAT,EQR,-0.48776015229681774,63,5.7927394224286404e-05,12,16,External
AMAT,ES,-0.42435025721948416,63,0.000587492267304003,12,15,External
AMAT,EW,-0.42638484507628543,63,0.0005491271629861819,12,9,External
AMAT,EXC,-0.5163380461988615,63,1.7406738587506644e-05,12,15,External
AMAT,FE,-0.456336598201761,63,0.00019320284719802957,12,15,External
AMAT,HON,-0.4783611484366895,63,8.408405979904337e-05,12,9,External
AMAT,INVH,-0.42835765390232133,63,0.0005141131829675298,12,16,External
AMAT,KIM,-0.4214620748371598,63,0.0006461342113948406,12,16,External
AMAT,KLAC,0.874514047766069,63,1.6280702380473982e-20,12,12,Internal
AMAT,LHX,-0.41368596874753943,63,0.0008313201786262094,12,9,External
AMAT,LNT,-0.45480706179511277,63,0.00020427064096907122,12,15,External
AMAT,LRCX,0.878034299310049,63,7.30672600553687e-21,12,12,Internal
AMAT,LUV,-0.4464127371620319,63,0.0002760392586040574,12,9,External
AMAT,MCHP,0.599370090608711,63,2.6448680201054826e-07,12,12,Internal
AMAT,MPWR,0.5710248450670428,63,1.2571634996402056e-06,12,12,Internal
AMAT,NI,-0.4636497527125623,63,0.00014748758571413723,12,15,External
AMAT,NVDA,0.43170816657649347,63,0.0004592646247379239,12,12,Internal
AMAT,NXPI,0.6466689232459881,63,1.3637965137637164e-08,12,12,Internal
AMAT,O,-0.4333157188894901,63,0.00043488621728345154,12,15,External
AMAT,ON,0.6651195415172344,63,3.7134595748563477e-09,12,12,Internal
AMAT,PEG,-0.4688509286650164,63,0.0001212658173730634,12,15,External
AMAT,PPL,-0.4088157538101269,63,0.0009704968569196703,12,15,External
AMAT,SNPS,0.4605858848877548,63,0.0001652732657181111,12,12,Internal
AMAT,SPGI,-0.4684431930474227,63,0.0001231551284202218,12,9,External
AMAT,SRE,-0.4677287356334043,63,0.00012653101478437713,12,15,External
AMAT,STX,0.4696660174662481,63,0.00011756854612391003,12,12,Internal
AMAT,SWKS,0.4389639750846608,63,0.00035827383881766397,12,12,Internal
AMAT,TER,0.4302042189057708,63,0.0004831902013394245,12,12,Internal
AMAT,UDR,-0.5031346880516738,63,3.074444402509253e-05,12,16,External
AMAT,WDC,0.43066951270754117,63,0.0004756697630354318,12,12,Internal
AMAT,WTW,-0.4583819605353639,63,0.0001792602244078323,12,9,External
AMCR,BALL,0.5647111826658484,63,1.7446039109132675e-06,4,4,Internal
AMCR,CFG,0.5071507181672676,63,2.5923985422334883e-05,4,4,Internal
AMCR,CTVA,0.469586329903073,63,0.00011792538878905333,4,4,Internal
AMCR,DD,0.5436205574152757,63,4.970312326554467e-06,4,23,External
AMCR,DOW,0.46085598426632446,63,0.00016362974645460276,4,23,External
AMCR,HBAN,0.44200598579076816,63,0.0003223145281748128,4,4,Internal
AMCR,IP,0.5781015015299888,63,8.636330766528338e-07,4,23,External
AMCR,LYB,0.40887918279374075,63,0.0009685567021446667,4,23,External
AMCR,MET,0.4000020945016433,63,0.0012767937237147566,4,4,Internal
AMCR,MTB,0.4894742532132161,63,5.4057893108371425e-05,4,4,Internal
AMCR,NOW,-0.43360447947687364,63,0.00043063402758038117,4,9,External
AMCR,PNC,0.4211444723095695,63,0.0006528963997561583,4,4,Internal
AMCR,PRU,0.43953764341812596,63,0.00035122493822635313,4,4,Internal
AMCR,SYF,0.40716530976744075,63,0.0010222295587978814,4,4,Internal
AMD,ATO,-0.4946627979525198,63,4.3751560035655954e-05,12,15,External
AMD,AVB,-0.4079268857689436,63,0.0009980568442434265,12,16,External
AMD,CAG,-0.4305896557695038,63,0.0004769528610715051,12,15,External
AMD,CDNS,0.4232814523648717,63,0.0006086057466342458,12,12,Internal
AMD,CMS,-0.5246326539304834,63,1.2027750026405624e-05,12,15,External
AMD,CNP,-0.5088072810571685,63,2.4147854734344596e-05,12,15,External
AMD,D,-0.6192609465931259,63,8.07009131001456e-08,12,15,External
AMD,DTE,-0.5002130680563864,63,3.475895373859773e-05,12,15,External
AMD,DUK,-0.5320017937718514,63,8.589807217060856e-06,12,15,External
AMD,ED,-0.5989516849412293,63,2.709406353603504e-07,12,15,External
AMD,EIX,-0.6283044767333825,63,4.57519882097166e-08,12,15,External
AMD,EQIX,-0.42855060275531404,63,0.0005107999399172747,12,15,External
AMD,ES,-0.5627922238943088,63,1.924722544489913e-06,12,15,External
AMD,ETR,-0.5000371177068916,63,3.5015563197296006e-05,12,15,External
AMD,EVRG,-0.4963227959365491,63,4.0859022567828394e-05,12,15,External
AMD,EXC,-0.6020524214115447,63,2.2642563321412547e-07,12,15,External
AMD,FE,-0.5728154445825097,63,1.144173856166578e-06,12,15,External
AMD,HRL,-0.5196440429643315,63,1.5039619943702042e-05,12,15,External
AMD,KHC,-0.4699726251076011,63,0.00011620478382204895,12,15,External
AMD,KLAC,0.57320726840561,63,1.1207531132977581e-06,12,12,Internal
AMD,KO,-0.45036966185996635,63,0.00023974582326085288,12,15,External
AMD,LNT,-0.5083709783195938,63,2.4604370106017397e-05,12,15,External
AMD,LRCX,0.532812913740663,63,8.273341416295216e-06,12,12,Internal
AMD,MPWR,0.6064577814494054,63,1.7488354164673596e-07,12,12,Internal
AMD,NEE,-0.4365869884979153,63,0.0003888756950753387,12,15,External
AMD,NI,-0.6178067179965954,63,8.826430269660635e-08,12,15,External
AMD,NVDA,0.4257893898704699,63,0.0005601129044160477,12,12,Internal
AMD,NXPI,0.4884095096806539,63,5.643238267007962e-05,12,12,Internal
AMD,ON,0.5164461080123846,63,1.7324187787160275e-05,12,12,Internal
AMD,PCG,-0.42110514779348873,63,0.0006537381188898523,12,15,External
AMD,PEG,-0.5781418144965181,63,8.617660322541306e-07,12,15,External
AMD,PEP,-0.42866436613696923,63,0.0005088555404994551,12,15,External
AMD,PNW,-0.4789817710731656,63,8.206776242769853e-05,12,15,External
AMD,PPL,-0.5494308132553901,63,3.751490803261812e-06,12,15,External
AMD,SNPS,0.6454313504319596,63,1.4834827807415171e-08,12,12,Internal
AMD,SO,-0.5478176485227007,63,4.058406918354167e-06,12,15,External
AMD,SRE,-0.5762284398240732,63,9.546876105158504e-07,12,15,External
AMD,TER,0.40963863785344995,63,0.0009455969676652614,12,12,Internal
AMD,TXN,0.41600634140887005,63,0.0007715842318173858,12,12,Internal
AMD,VTR,-0.4018615735476403,63,0.0012057470593479329,12,16,External
AMD,WEC,-0.47616670087835006,63,9.158489058260096e-05,12,15,External
AMD,XEL,-0.4184438140563006,63,0.0007130407776826643,12,15,External
AME,AON,0.4059239534297004,63,0.0010627643603365556,9,9,Internal
AME,BRO,0.42657459456112945,63,0.0005456677341559487,9,9,Internal
AME,ETN,0.4024162503306298,63,0.0011852543892848365,9,23,External
AME,FTV,0.40881158458655315,63,0.0009706245071711518,9,27,External
AME,PNR,0.4035369718670256,63,0.0011448032317359792,9,23,External
AME,TDG,0.49292620757270905,63,4.697922690490481e-05,9,23,External
AME,TSN,-0.4137774332372012,63,0.0008288885476373225,9,4,External
AMGN,BKNG,0.5583955330039893,63,2.4051032800185328e-06,20,20,Internal
AMGN,GILD,0.5890941982215285,63,4.734750134566352e-07,20,20,Internal
AMGN,XYZ,-0.46935042610915384,63,0.00011898761329356206,20,9,External
AMP,AXP,0.4236223111636159,63,0.000601798765682069,4,4,Internal
AMP,BAC,0.6137850834359424,63,1.1281267391415278e-07,4,4,Internal
AMP,BK,0.5544501436768449,63,2.9295155794028844e-06,4,4,Internal
AMP,BRK-B,0.4282788303304611,63,0.0005154723180184062,4,4,Internal
AMP,C,0.4698892960803524,63,0.00011657397775850324,4,4,Internal
AMP,CFG,0.44915729016881706,63,0.00025037300318551324,4,4,Internal
AMP,COP,0.4137633916617598,63,0.000829261431937809,4,22,External
AMP,CTRA,0.4115845084138444,63,0.0008889949377624192,4,22,External
AMP,DD,0.4366091201957933,63,0.00038858011454421225,4,23,External
AMP,FANG,0.4257597414835974,63,0.0005606650742082987,4,22,External
AMP,FITB,0.5711433568981241,63,1.2493733774628346e-06,4,4,Internal
AMP,GL,0.5422685278079558,63,5.302597242017092e-06,4,4,Internal
AMP,GS,0.5902196699990376,63,4.446569801352291e-07,4,4,Internal
AMP,HBAN,0.5248288224431675,63,1.1921656169312738e-05,4,4,Internal
AMP,HIG,0.6089340330959386,63,1.5098887900832497e-07,4,4,Internal
AMP,IR,0.4372590065618288,63,0.0003799912236809136,4,23,External
AMP,JPM,0.5252125653560623,63,1.171662813200689e-05,4,4,Internal
AMP,KEY,0.4637783221784514,63,0.00014678115151580822,4,4,Internal
AMP,KMI,0.4684906201045569,63,0.00012293398595806404,4,22,External
AMP,L,0.5361031570567496,63,7.097696762438195e-06,4,4,Internal
AMP,MCK,0.44822785300232887,63,0.00025880971824548027,4,9,External
AMP,MET,0.637600441745613,63,2.5042260390389012e-08,4,4,Internal
AMP,META,-0.40438913317836217,63,0.0011148823754536384,4,24,External
AMP,MOS,0.4472638166515902,63,0.00026783423452171823,4,4,Internal
AMP,MS,0.5718607264895267,63,1.2031759654416372e-06,4,4,Internal
AMP,MTB,0.4836771415659329,63,6.819674274611221e-05,4,4,Internal
AMP,NTAP,0.4133977414734263,63,0.0008390250881453387,4,23,External
AMP,OKE,0.43083893608429175,63,0.00047295794388993933,4,22,External
AMP,PFG,0.6949983106303684,63,3.6813626326716083e-10,4,4,Internal
AMP,PH,0.4237851492588483,63,0.0005985713112646935,4,23,External
AMP,PNC,0.5098488047338333,63,2.3089635945287037e-05,4,4,Internal
AMP,PRU,0.6324437449772133,63,3.507027224593012e-08,4,4,Internal
AMP,REG,0.4123721770222066,63,0.0008669668245182353,4,16,External
AMP,RF,0.6063272092716812,63,1.7623746418483363e-07,4,4,Internal
AMP,RJF,0.7862865270085433,63,3.6706144505796606e-14,4,4,Internal
AMP,SCHW,0.6366162121452694,63,2.6717760998984098e-08,4,4,Internal
AMP,USB,0.40775029178684513,63,0.001003615612573502,4,4,Internal
AMP,WFC,0.5334241210844276,63,8.042084152356384e-06,4,4,Internal
AMP,WTW,0.40361204989072946,63,0.0011421383527723274,4,9,External
AMT,CCI,0.7719905940514001,63,2.0475687369392452e-13,16,16,Internal
AMT,DOC,0.4052719119159646,63,0.0010846313006744371,16,16,Internal
AMT,EQIX,0.4468688990457203,63,0.0002716134159801801,16,15,External
AMT,SBAC,0.8148855015985917,63,7.676645484575213e-16,16,16,Internal
AMT,T,0.4829651188800241,63,7.015077551017908e-05,16,15,External
AMT,TER,-0.44861665911999754,63,0.0002552493273256042,16,12,External
AMZN,COR,-0.41113293585546085,63,0.0009018505289294874,20,9,External
AMZN,EXR,-0.4954270937718582,63,4.239704493672044e-05,20,9,External
AMZN,FTNT,-0.6832715665508856,63,9.41948603990821e-10,20,9,External
AMZN,MSI,-0.4663778642534699,63,0.00013314733422078914,20,9,External
AMZN,RMD,-0.6196626762623653,63,7.872189755704789e-08,20,9,External
AMZN,SYK,0.4005781825034367,63,0.0012543901935342737,20,20,Internal
AMZN,VTR,-0.5021349511065875,63,3.2067118815695336e-05,20,16,External
ANET,CAT,0.6496450062855409,63,1.1122816536527726e-08,23,23,Internal
ANET,ETN,0.595996070724967,63,3.2093143148033915e-07,23,23,Internal
ANET,GPN,0.5676190682583132,63,1.5014877994954942e-06,23,23,Internal
ANET,ITW,-0.43117117617699235,63,0.0004676808160655665,23,23,Internal
ANET,LDOS,0.503178857156536,63,3.068718937435735e-05,23,23,Internal
ANET,NCLH,-0.4455421203020783,63,0.00028466956660573415,23,23,Internal
ANET,NOW,0.40738423858158934,63,0.0010152271599739677,23,9,External
ANET,ROK,-0.44062864636269866,63,0.0003381670312610073,23,23,Internal
ANET,SWK,0.4137835781622364,63,0.0008287254123477487,23,23,Internal
ANET,TAP,-0.4899988003186396,63,5.2922329396065985e-05,23,15,External
ANET,ZBRA,-0.5141311490681302,63,1.9174629743733065e-05,23,23,Internal
AON,ATO,0.42102140244695135,63,0.0006555339188419274,9,15,External
AON,BRO,0.6171231568439162,63,9.204600824435648e-08,9,9,Internal
AON,CB,0.4421172406391973,63,0.0003210641048583392,9,4,External
AON,CL,0.5174471541295723,63,1.6576560284931465e-05,9,15,External
AON,CTAS,0.5820406872611357,63,6.980543938901498e-07,9,9,Internal
AON,ED,0.4386104538759848,63,0.0003626816537977901,9,15,External
AON,EXC,0.4374667299264523,63,0.0003772826429253765,9,15,External
AON,HIG,0.6556022780687372,63,7.345943041677555e-09,9,4,External
AON,HON,0.49678430688983277,63,4.008685043408529e-05,9,9,Internal
AON,LNT,0.42492391247157113,63,0.0005764362378874398,9,15,External
AON,LYV,0.4369389099990226,63,0.000384199768220339,9,9,Internal
AON,MMC,0.7365421228788152,63,8.913074204529814e-12,9,9,Internal
AON,MOH,0.40475799931419,63,0.0011021507998643424,9,9,Internal
AON,MSI,0.5150262971025947,63,1.843836816898488e-05,9,9,Internal
AON,NI,0.41198440680639326,63,0.0008777488919597577,9,15,External
AON,O,0.41506197722628707,63,0.0007954108802180455,9,15,External
AON,PFG,0.47774367725227584,63,8.61352981744576e-05,9,4,External
AON,PLD,0.43282812107921864,63,0.00044215320293664853,9,16,External
AON,RSG,0.5401949921471588,63,5.852691268634241e-06,9,9,Internal
AON,SRE,0.4020423557547787,63,0.0011990332478886096,9,15,External
AON,TROW,-0.43095191905337044,63,0.0004711573385202977,9,4,External
AON,TRV,0.41196674130121225,63,0.000878242959405951,9,4,External
AON,VRSK,0.5824674393816556,63,6.820272890103233e-07,9,9,Internal
AON,WM,0.5345230735844216,63,7.641358854032383e-06,9,9,Internal
AON,WRB,0.4218650767500293,63,0.0006376451494997412,9,4,External
AON,WTW,0.5049832196804632,63,2.84309281952854e-05,9,9,Internal
AON,XYL,0.41129229612817997,63,0.0008972947352841505,9,9,Internal
AOS,MAS,0.4567314605651648,63,0.0001904362142747581,27,27,Internal
AOS,NVR,0.5273712250352459,63,1.0623093065323766e-05,27,27,Internal
APA,BAC,0.4219616527501772,63,0.0006356258931816004,22,4,External
APA,BK,0.42326303195419085,63,0.0006089755847835688,22,4,External
APA,BKR,0.5951241692837328,63,3.372603586375615e-07,22,22,Internal
APA,CF,0.41457004399614084,63,0.0008080843422301351,22,4,External
APA,COP,0.7142150741448867,63,7.142857034476837e-11,22,22,Internal
APA,CTRA,0.7455956572361649,63,3.6071572172955e-12,22,22,Internal
APA,CVX,0.5512696912065818,63,3.428121301193546e-06,22,22,Internal
APA,DVN,0.7396112798240153,63,6.5865549102032155e-12,22,22,Internal
APA,EOG,0.7737241947687329,63,1.6734601812740064e-13,22,22,Internal
APA,EQT,0.5334013455457746,63,8.050592424472181e-06,22,22,Internal
APA,FANG,0.7072761988985433,63,1.3109182391955664e-10,22,22,Internal
APA,HAL,0.627325625602288,63,4.86932506855591e-08,22,22,Internal
APA,HBAN,0.40792722174611984,63,0.0009980462949893167,22,4,External
APA,HPE,0.422502593985276,63,0.0006244224154964426,22,23,External
APA,KMI,0.5394274036399632,63,6.06948962484021e-06,22,22,Internal
APA,MET,0.46402730184092567,63,0.00014542193473742737,22,4,External
APA,MOS,0.4004982223603236,63,0.0012574784795530679,22,4,External
APA,MPC,0.4249125290982195,63,0.00057665378036672,22,22,Internal
APA,OKE,0.47069945112962575,63,0.00011302980330405299,22,22,Internal
APA,OXY,0.6966584825070415,63,3.21129004571144e-10,22,22,Internal
APA,PH,0.4653930406704194,63,0.0001381693994009012,22,23,External
APA,PNC,0.40442334361174215,63,0.001113696036981283,22,4,External
APA,PSX,0.6145634310509209,63,1.0760887706618746e-07,22,22,Internal
APA,RJF,0.42918604787945597,63,0.0005000249837980314,22,4,External
APA,SLB,0.5737769108511201,63,1.0875040092663713e-06,22,22,Internal
APA,STT,0.4242809713134194,63,0.0005888405503153853,22,4,External
APA,TPL,0.674860875114939,63,1.799957249184031e-09,22,22,Internal
APA,TRGP,0.6773972140153365,63,1.4839539808150001e-09,22,22,Internal
APA,USB,0.4793727684561547,63,8.082044266159914e-05,22,4,External
APA,WMB,0.6891510229785367,63,5.913460912514708e-10,22,22,Internal
APA,XOM,0.5636550548117742,63,1.8416825187450444e-06,22,22,Internal
APD,CLX,-0.4451932528911373,63,0.0002881964446143634,23,9,External
APD,CMI,0.5392509371728348,63,6.1203783989985685e-06,23,23,Internal
APD,CTSH,-0.4935227012533084,63,4.584656052035742e-05,23,9,External
APD,EQIX,0.4616616748257823,63,0.0001588158270058463,23,15,External
APD,EXPE,0.5948725166291023,63,3.4211665110787396e-07,23,23,Internal
APD,HLT,0.40627970496207994,63,0.0010510021577580001,23,23,Internal
APD,HST,0.4039905429935375,63,0.0011287887209545367,23,23,Internal
APD,LIN,0.49747914029571094,63,3.8949715756289195e-05,23,23,Internal
APD,MGM,0.5013670256419785,63,3.311866132575026e-05,23,23,Internal
APD,PYPL,0.45843879140094507,63,0.00017888633523788303,23,23,Internal
APD,QCOM,0.47733437380476296,63,8.752028880451656e-05,23,23,Internal
APD,RSG,0.4481601265783476,63,0.0002594345258163847,23,9,External
APD,WM,0.4280096600597186,63,0.0005201381910075464,23,9,External
APH,BA,0.43963344806401894,63,0.0003500601411027558,27,27,Internal
APH,CB,0.4075033372089147,63,0.0010114360101131402,27,4,External
APH,CSGP,-0.4739609647599226,63,9.974061997261882e-05,27,9,External
APH,DGX,-0.4496974122726779,63,0.0002455864302019742,27,9,External
APH,FTV,0.5619282029897519,63,2.0113788315436235e-06,27,27,Internal
APH,MAS,0.48778446858997965,63,5.7870758590647336e-05,27,27,Internal
APH,MHK,0.4183781449937654,63,0.000714563768576701,27,27,Internal
APH,MSFT,-0.4518479342707555,63,0.0002273464395118897,27,25,External
APH,NDSN,0.4563899045339968,63,0.00019282721562359213,27,23,External
APH,OTIS,0.6610087055989143,63,5.000895422227259e-09,27,27,Internal
APH,TEL,0.7236905378258162,63,3.0268759126809047e-11,27,27,Internal
APH,UNP,0.5585607222328743,63,2.3851908598629187e-06,27,27,Internal
APTV,F,0.40694347260996727,63,0.0010293693855887383,27,27,Internal
APTV,GM,0.44976838008223063,63,0.0002449637680334391,27,27,Internal
APTV,TEL,0.4597515107845524,63,0.00017044637765246403,27,27,Internal
ARE,ATO,0.42452996719341357,63,0.0005840082077570951,16,15,External
ARE,AVB,0.5118890680308196,63,2.1140184180594866e-05,16,16,Internal
ARE,BXP,0.6696748803277558,63,2.6555808680347355e-09,16,4,External
ARE,CPT,0.5696751358824551,63,1.3491549074990584e-06,16,16,Internal
ARE,DOC,0.7476652479472334,63,2.917704236214352e-12,16,16,Internal
ARE,EQR,0.5912734739473641,63,4.1917551956893554e-07,16,16,Internal
ARE,ESS,0.44060941245276175,63,0.00033839335078359297,16,16,Internal
ARE,FRT,0.5692501777229578,63,1.379399812447037e-06,16,16,Internal
ARE,GD,0.42195395544100783,63,0.000635786619289972,16,9,External
ARE,INVH,0.5715354618317078,63,1.2239204322606264e-06,16,16,Internal
ARE,KIM,0.4794202713523568,63,8.067009922345782e-05,16,16,Internal
ARE,KO,0.4406677169399858,63,0.0003377077245798819,16,15,External
ARE,MAA,0.6132903544567008,63,1.1624262472807533e-07,16,16,Internal
ARE,MET,0.4225915323101348,63,0.0006225976411552052,16,4,External
ARE,MSFT,-0.427924213743326,63,0.0005216273424975785,16,25,External
ARE,NI,0.4333980505490672,63,0.00043366995335099854,16,15,External
ARE,O,0.5364927711206064,63,6.969296786634524e-06,16,15,External
ARE,PLD,0.6032833609958637,63,2.1074227847574423e-07,16,16,Internal
ARE,REG,0.4746371097722929,63,9.717222520093908e-05,16,16,Internal
ARE,SO,0.42416814953836957,63,0.0005910420362087269,16,15,External
ARE,SRE,0.4167103679125127,63,0.0007542435882621616,16,15,External
ARE,STZ,0.4455738218597427,63,0.00028435104061143394,16,16,Internal
ARE,TGT,0.46345985039628906,63,0.00014853672548229327,16,4,External
ARE,UDR,0.5739221247378753,63,1.0791772745115341e-06,16,16,Internal
ARE,VTR,0.40579172372418076,63,0.0010671664312925462,16,16,Internal
ATO,AWK,0.5813635733607003,63,7.242114136601761e-07,15,15,Internal
ATO,CL,0.40256362807367113,63,0.0011798624783996773,15,15,Internal
ATO,CMS,0.7800391868544564,63,7.902872375135549e-14,15,15,Internal
ATO,CNP,0.748217448711976,63,2.7562016018594524e-12,15,15,Internal
ATO,CTAS,0.444352755029333,63,0.00029685788730584504,15,9,External
ATO,D,0.6672939435499595,63,3.1665409176346043e-09,15,15,Internal
ATO,DAY,-0.44681871274439366,63,0.0002720971480612752,15,0,External
ATO,DOC,0.4170500959459899,63,0.0007460026731861453,15,16,External
ATO,DTE,0.7753710584184716,63,1.379298788132346e-13,15,15,Internal
ATO,DUK,0.6772691456741486,63,1.4985584319486192e-09,15,15,Internal
ATO,ED,0.7992567363793406,63,6.863017617143144e-15,15,15,Internal
ATO,EIX,0.6565230494299611,63,6.8840417764767104e-09,15,15,Internal
ATO,EQIX,0.5720642043977698,63,1.190366768046177e-06,15,15,Internal
ATO,ES,0.7072361277286184,63,1.3154560403003503e-10,15,15,Internal
ATO,ETR,0.6422496936614859,63,1.8384449410584436e-08,15,15,Internal
ATO,EVRG,0.7155385447955837,63,6.348829767110888e-11,15,15,Internal
ATO,EXC,0.7943472722820708,63,1.313005106703628e-14,15,15,Internal
ATO,FE,0.6400575835040063,63,2.1282263550250856e-08,15,15,Internal
ATO,HON,0.43661864736641026,63,0.00038845293714479445,15,9,External
ATO,INVH,0.4037287967952637,63,0.0011380055448290249,15,16,External
ATO,KLAC,-0.4340343002322571,63,0.0004243746629503732,15,12,External
ATO,KO,0.5014673508024277,63,3.297949370129437e-05,15,15,Internal
ATO,LNT,0.7854879222572907,63,4.054406879867997e-14,15,15,Internal
ATO,MPWR,-0.4254151945826047,63,0.0005671182244127494,15,12,External
ATO,NEE,0.4842682379884344,63,6.661282899531543e-05,15,15,Internal
ATO,NFLX,-0.42795300859678764,63,0.0005211250761097208,15,9,External
ATO,NI,0.7903822156574805,63,2.1893746147400124e-14,15,15,Internal
ATO,O,0.569463528467279,63,1.3641367946501393e-06,15,15,Internal
ATO,PCG,0.6685289221126619,63,2.890881101210986e-09,15,15,Internal
ATO,PEG,0.7923903742884901,63,1.692226730403354e-14,15,15,Internal
ATO,PLD,0.43602613894436393,63,0.0003964348129395999,15,16,External
ATO,PNW,0.7316704660016021,63,1.4284466702235927e-11,15,15,Internal
ATO,PPL,0.7574283155898459,63,1.0427554350630254e-12,15,15,Internal
ATO,SO,0.7540707424689687,63,1.4934689661443287e-12,15,15,Internal
ATO,SRE,0.744563409249193,63,4.0066798380241675e-12,15,15,Internal
ATO,SYY,0.5039149623732798,63,2.9747421363049912e-05,15,15,Internal
ATO,WEC,0.7665765636716929,63,3.8020609199521233e-13,15,15,Internal
ATO,XEL,0.6948511704225949,63,3.726041759027241e-10,15,15,Internal
AVB,BLK,0.42016695116193675,63,0.0006741135666951417,16,4,External
AVB,CAG,0.4018190873591207,63,0.001207329796027513,16,15,External
AVB,CL,0.49000161637879514,63,5.2916292945551077e-05,16,15,External
AVB,CMS,0.5297361730960463,63,9.534485000021522e-06,16,15,External
AVB,CNP,0.40801382241821743,63,0.0009953304968593798,16,15,External
AVB,CPT,0.7857951833965999,63,3.902405105687638e-14,16,16,Internal
AVB,DOC,0.6160241047745602,63,9.844835565347552e-08,16,16,Internal
AVB,DTE,0.4773519196791094,63,8.746049941244695e-05,16,15,External
AVB,DUK,0.4189851994507766,63,0.0007005965729959618,16,15,External
AVB,ED,0.45913747357372225,63,0.00017434774097819188,16,15,External
AVB,EQIX,0.501799604101137,63,3.252245859488906e-05,16,15,External
AVB,EQR,0.8806250064551171,63,3.9877275535731666e-21,16,16,Internal
AVB,ES,0.4805643265647033,63,7.712613744557332e-05,16,15,External
AVB,ESS,0.7263759519988776,63,2.3578493664745492e-11,16,16,Internal
AVB,EVRG,0.4290699932917269,63,0.0005019773204032207,16,15,External
AVB,EXC,0.5107115067964895,63,2.2245838599279836e-05,16,15,External
AVB,FE,0.422834595181074,63,0.0006176352830637134,16,15,External
AVB,FISV,0.42582849682763013,63,0.0005593853336356039,16,9,External
AVB,FRT,0.5939836695992758,63,3.598007307843037e-07,16,16,Internal
AVB,HRL,0.4103747674976933,63,0.0009238124993742455,16,15,External
AVB,INVH,0.6613092488714111,63,4.894007498481531e-09,16,16,Internal
AVB,KIM,0.5551612341265934,63,2.8277278404312683e-06,16,16,Internal
AVB,KLAC,-0.5206546909804757,63,1.4377993416170371e-05,16,12,External
AVB,KMB,0.40829727156100887,63,0.0009864880891872511,16,15,External
AVB,LNT,0.5125406440087537,63,2.0550522753670512e-05,16,15,External
AVB,LRCX,-0.5372002440197796,63,6.7416614348661605e-06,16,12,External
AVB,MAA,0.7104023329179,63,9.993560038245365e-11,16,16,Internal
AVB,MCHP,-0.46159489826497696,63,0.00015920981805327573,16,12,External
AVB,META,-0.4078527762831367,63,0.0010003862473204716,16,24,External
AVB,NI,0.5010739723756468,63,3.3528293733196174e-05,16,15,External
AVB,NVDA,-0.4369859570203301,63,0.00038357855713219057,16,12,External
AVB,NXPI,-0.5228606226574593,63,1.3026697849029121e-05,16,12,External
AVB,O,0.46197789990584637,63,0.00015696216854997293,16,15,External
AVB,ON,-0.42363774177196806,63,0.0006014922551590159,16,12,External
AVB,PEG,0.5029849389373952,63,3.093929479212341e-05,16,15,External
AVB,PEP,0.5070613355547345,63,2.60231785490663e-05,16,15,External
AVB,PLD,0.5206281458995575,63,1.4395019807915875e-05,16,16,Internal
AVB,PPL,0.4568558313183682,63,0.00018957234450862244,16,15,External
AVB,REG,0.5323227214123024,63,8.463270384388892e-06,16,16,Internal
AVB,SO,0.4326882048194435,63,0.00044425876448690054,16,15,External
AVB,SRE,0.4196476950030433,63,0.0006856363055629995,16,15,External
AVB,UDR,0.7880482803647604,63,2.943133480111119e-14,16,16,Internal
AVB,VICI,0.41662668332733277,63,0.0007562861621408587,16,16,Internal
AVB,WEC,0.5116623010995992,63,2.134905769884383e-05,16,15,External
AVB,WELL,0.47584825916841605,63,9.272313100990216e-05,16,16,Internal
AVB,WTW,0.4378881384704498,63,0.00037184169651335955,16,9,External
AVB,XEL,0.4487434203891332,63,0.0002540982549043672,16,15,External
AVGO,LRCX,0.4268546734985375,63,0.0005405976053236186,12,12,Internal
AVGO,MPWR,0.4800515002514776,63,7.869660493757847e-05,12,12,Internal
AVGO,NVDA,0.46700254957398746,63,0.00013004923212011938,12,12,Internal
AVGO,SNPS,0.47170991126923256,63,0.00010874820092356936,12,12,Internal
AVGO,VLO,-0.4628348921460904,63,0.0001520379195222259,12,22,External
AVY,CB,0.49347501326561505,63,4.5936177367674044e-05,4,4,Internal
AVY,CSGP,-0.44804779217006246,63,0.00026047390207010687,4,9,External
AVY,DOV,0.48349237365328274,63,6.869892868862233e-05,4,4,Internal
AVY,L,0.403133916598252,63,0.0011592055736173886,4,4,Internal
AVY,MET,0.4017136633683328,63,0.0012112652340185697,4,4,Internal
AVY,MSFT,-0.5355416319170198,63,7.286633161503652e-06,4,25,External
AVY,OTIS,0.49494871727122186,63,4.324022784494048e-05,4,27,External
AVY,PNR,0.452846882548987,63,0.00021930264361067926,4,23,External
AVY,PRU,0.43218593900288566,63,0.0004518925738602513,4,4,Internal
AVY,TEL,0.41394478865828743,63,0.0008244559566089418,4,27,External
AVY,TXT,0.4327420104149578,63,0.00044344798194855526,4,23,External
AVY,UNP,0.5022185691846597,63,3.1954503740170324e-05,4,27,External
AVY,UPS,0.4307961923083239,63,0.0004736407791657863,4,4,Internal
AVY,WAB,0.4250873055087199,63,0.0005733219022038909,4,23,External
AWK,CAG,0.41646623446108294,63,0.000760216403262084,15,15,Internal
AWK,CMS,0.6864129535189667,63,7.355047706836112e-10,15,15,Internal
AWK,CNP,0.6789643884310772,63,1.3158350605563912e-09,15,15,Internal
AWK,D,0.5597659292847925,63,2.244510758595178e-06,15,15,Internal
AWK,DTE,0.7243252253100414,63,2.854108450721729e-11,15,15,Internal
AWK,DUK,0.7232218653984109,63,3.160802235447328e-11,15,15,Internal
AWK,ED,0.6600265330520454,63,5.365843543551199e-09,15,15,Internal
AWK,EIX,0.5474437303013283,63,4.132818615077371e-06,15,15,Internal
AWK,ES,0.6549597080416398,63,7.685513348480548e-09,15,15,Internal
AWK,ETR,0.6064110247803186,63,1.7536723876072823e-07,15,15,Internal
AWK,EVRG,0.5540831131366224,63,2.983383819852265e-06,15,15,Internal
AWK,EXC,0.6356383372309625,63,2.8486985916330222e-08,15,15,Internal
AWK,FE,0.613811121597842,63,1.1263482096203565e-07,15,15,Internal
AWK,INVH,0.41218157858637455,63,0.000872251425151403,15,16,External
AWK,KDP,0.41330007322778006,63,0.0008416505674192736,15,15,Internal
AWK,KHC,0.4094851351860146,63,0.0009501976248745333,15,15,Internal
AWK,KO,0.4170125272833864,63,0.0007469099662005368,15,15,Internal
AWK,LNT,0.7186600289090284,63,4.795558075956477e-11,15,15,Internal
AWK,NEE,0.7176289529723928,63,5.2634355087551384e-11,15,15,Internal
AWK,NI,0.7245119589382748,63,2.8050945627145773e-11,15,15,Internal
AWK,PCG,0.529998411733093,63,9.420392382052781e-06,15,15,Internal
AWK,PEG,0.593259394116166,63,3.748423817907394e-07,15,15,Internal
AWK,PEP,0.4332013369798976,63,0.00043658110166805555,15,15,Internal
AWK,PLD,0.40761574994175126,63,0.0010078694060346057,15,16,External
AWK,PNW,0.6452901304291426,63,1.497755086570227e-08,15,15,Internal
AWK,PPL,0.6826111920791342,63,9.918468985317431e-10,15,15,Internal
AWK,SO,0.6996040979270141,63,2.5143404387736206e-10,15,15,Internal
AWK,SRE,0.6171595873726331,63,9.184066608226728e-08,15,15,Internal
AWK,TAP,0.4103119799215921,63,0.0009256527514012619,15,15,Internal
AWK,WEC,0.6495402413335495,63,1.1203349085647938e-08,15,15,Internal
AWK,WM,0.40732440523412344,63,0.001017136609430815,15,9,External
AWK,XEL,0.4916109441962728,63,4.9568688844706215e-05,15,15,Internal
AXON,CPAY,0.5926448580017981,63,3.8806659352500657e-07,19,19,Internal
AXON,CRL,0.4878486703557122,63,5.772147027054405e-05,19,19,Internal
AXP,EBAY,0.4040200969840088,63,0.0011277522782240487,4,9,External
AXP,FITB,0.4441295461757704,63,0.0002991976694005248,4,4,Internal
AXP,LRCX,-0.4452668417985808,63,0.0002874491942468771,4,12,External
AXP,RF,0.4419768724592567,63,0.00032264247319580295,4,4,Internal
AXP,RJF,0.45757886400805226,63,0.0001846208970675758,4,4,Internal
AXP,ROP,-0.40369110640094935,63,0.0011393382993842725,4,9,External
AXP,WFC,0.46812247354953246,63,0.00012466019357134406,4,4,Internal
AZO,GPC,0.4015161526251353,63,0.0012186693316031828,9,27,External
AZO,ORLY,0.7185452627723857,63,4.8456065383092134e-11,9,9,Internal
BA,CB,0.4039199819185271,63,0.001131266731466925,27,4,External
BA,CME,0.4008872512211487,63,0.0012425171570889463,27,27,Internal
BA,CSGP,-0.47691425741239063,63,8.896316431958334e-05,27,9,External
BA,DGX,-0.4763388862996551,63,9.097480000744462e-05,27,9,External
BA,FTV,0.4008313696782827,63,0.0012446563570139768,27,27,Internal
BA,GD,0.4170306563058273,63,0.0007464720209703847,27,9,External
BA,ODFL,0.4109413894320896,63,0.0009073541018273818,27,27,Internal
BA,TXN,-0.43647625141749496,63,0.00039035772483841415,27,12,External
BA,UHS,-0.43812306405081863,63,0.00036883961985155624,27,9,External
BA,UNP,0.6013011305845565,63,2.3653089508761744e-07,27,27,Internal
BAC,BEN,0.4256241792199304,63,0.0005631960767987895,4,4,Internal
BAC,BK,0.6557853355913091,63,7.2518370571659545e-09,4,4,Internal
BAC,BLK,0.5403181170917434,63,5.818595342132482e-06,4,4,Internal
BAC,BXP,0.4511360873671697,63,0.00023324209819915686,4,4,Internal
BAC,C,0.7186090352567577,63,4.817734841249353e-11,4,4,Internal
BAC,CFG,0.745614230072882,63,3.6003296058948146e-12,4,4,Internal
BAC,COF,0.6111718266675683,63,1.3207309514417633e-07,4,4,Internal
BAC,COP,0.47873502532361906,63,8.286400412606456e-05,4,22,External
BAC,CPRT,-0.4469978281261384,63,0.0002703743023700672,4,12,External
BAC,CTRA,0.4517404285493547,63,0.00022822799583929615,4,22,External
BAC,CTVA,0.42283488747492637,63,0.0006176293372605981,4,4,Internal
BAC,CVX,0.41647490425691347,63,0.0007600035627141099,4,22,External
BAC,FANG,0.4778322858939006,63,8.583813619048977e-05,4,22,External
BAC,FITB,0.659280958233091,63,5.659579068702786e-09,4,4,Internal
BAC,GS,0.6775793688219055,63,1.4634142681608909e-09,4,4,Internal
BAC,HBAN,0.6535702731839843,63,8.471280766894219e-09,4,4,Internal
BAC,HIG,0.42623442598245265,63,0.0005518836712061666,4,4,Internal
BAC,IVZ,0.4505429141435555,63,0.0002382613053034501,4,4,Internal
BAC,JPM,0.5542886036801544,63,2.9531114384207813e-06,4,4,Internal
BAC,KEY,0.6485007057557345,63,1.20329143930712e-08,4,4,Internal
BAC,KMI,0.5297283898955272,63,9.537890820942367e-06,4,22,External
BAC,MET,0.5447643577283654,63,4.704481386989586e-06,4,4,Internal
BAC,MOS,0.4838253284707983,63,6.779642948464614e-05,4,4,Internal
BAC,MPC,0.48405847155203835,63,6.717099856737974e-05,4,22,External
BAC,MS,0.695625494012145,63,3.4965678289101484e-10,4,4,Internal
BAC,MTB,0.6852543255707396,63,8.060613210650428e-10,4,4,Internal
BAC,OKE,0.47152030664155503,63,0.00010954006402004363,4,22,External
BAC,OXY,0.4710912421667531,63,0.00011135161341462972,4,22,External
BAC,PFG,0.5451908241673722,63,4.608807955026256e-06,4,4,Internal
BAC,PNC,0.7159542207302179,63,6.117305638620355e-11,4,4,Internal
BAC,PRU,0.6076361249057537,63,1.6310046327504675e-07,4,4,Internal
BAC,PSX,0.43583123788729644,63,0.0003990928477005589,4,22,External
BAC,RF,0.6565556725310792,63,6.868192304564673e-09,4,4,Internal
BAC,RJF,0.5258174603896184,63,1.1400089352381728e-05,4,4,Internal
BAC,SCHW,0.6212605787740106,63,7.129438014209492e-08,4,4,Internal
BAC,STT,0.5224890038795431,63,1.324574207023633e-05,4,4,Internal
BAC,SYF,0.543161134537086,63,5.080980151613842e-06,4,4,Internal
BAC,TFC,0.4731569338895481,63,0.00010287601889298583,4,4,Internal
BAC,TGT,0.43356759010053236,63,0.0004311751322190128,4,4,Internal
BAC,TPL,0.4718664279157438,63,0.00010809849510217126,4,22,External
BAC,TRV,0.43681928375553275,63,0.00038578344771773556,4,4,Internal
BAC,USB,0.6496360201487218,63,1.1129702614044234e-08,4,4,Internal
BAC,VLO,0.43556890940607396,63,0.00040269606543912127,4,22,External
BAC,WFC,0.648498862843531,63,1.2034435399610368e-08,4,4,Internal
BAC,XOM,0.4040378562878936,63,0.0011271298813543028,4,22,External
BALL,CFG,0.5202677150354155,63,1.462806717772466e-05,4,4,Internal
BALL,FCX,0.432074430195732,63,0.00045360346658908726,4,23,External
BALL,HBAN,0.4651449935125314,63,0.00013946142283722342,4,4,Internal
BALL,MET,0.5205984712866665,63,1.4414075702664436e-05,4,4,Internal
BALL,PRU,0.4405860473270126,63,0.0003386684668205646,4,4,Internal
BALL,RJF,0.5241739056778899,63,1.2279291637761052e-05,4,4,Internal
BAX,EBAY,0.519574883429746,63,1.5085913971359635e-05,9,9,Internal
BAX,EW,0.6897648320855416,63,5.629378701878625e-10,9,9,Internal
BAX,GWW,0.40189106803926267,63,0.0012046494006438826,9,9,Internal
BAX,HON,0.4336366853006499,63,0.00043016212793528145,9,9,Internal
BAX,LHX,0.5512448487560985,63,3.4323107518178792e-06,9,9,Internal
BAX,LRCX,-0.5108948138349384,63,2.2070272548561337e-05,9,12,External
BAX,MDT,0.43593562680743986,63,0.00039766719439164686,9,9,Internal
BAX,RCL,-0.43776034081915305,63,0.00037348413431563776,9,23,External
BAX,ROL,0.49349109020102494,63,4.590594698760911e-05,9,9,Internal
BAX,SPGI,0.406359392796034,63,0.0010483835863444595,9,9,Internal
BAX,TXT,-0.4628587727881933,63,0.0001519027542492947,9,23,External
BAX,WDC,-0.40863853351436613,63,0.0009759362443924797,9,12,External
BAX,WTW,0.4974012453776074,63,3.907569395442601e-05,9,9,Internal
BAX,XEL,0.40617094847905744,63,0.001054585452032873,9,15,External
BBY,CHTR,0.41759667403177964,63,0.0007329150064063477,4,23,External
BBY,COF,0.41139115583110825,63,0.0008944789908579297,4,4,Internal
BBY,HBAN,0.48505072616644407,63,6.456821736307956e-05,4,4,Internal
BBY,RF,0.4235682403494243,63,0.0006028739357978079,4,4,Internal
BBY,SYF,0.453481172843803,63,0.00021433121560545103,4,4,Internal
BBY,TGT,0.4233871084886015,63,0.0006064883543207297,4,4,Internal
BDX,EPAM,-0.43750240116069616,63,0.0003768192859132209,23,9,External
BDX,JNJ,0.43470186279121364,63,0.0004148171207704556,23,23,Internal
BDX,NFLX,-0.40471051243582906,63,0.0011037824487875921,23,9,External
BEN,BK,0.4123509753719055,63,0.000867553235610665,4,4,Internal
BEN,BLK,0.6692464585321212,63,2.7413387442399712e-09,4,4,Internal
BEN,CFG,0.4539224194460996,63,0.000210933876077864,4,4,Internal
BEN,COF,0.5677091897906082,63,1.4944863243106887e-06,4,4,Internal
BEN,DOV,0.4165080228594051,63,0.0007591910085535808,4,4,Internal
BEN,FITB,0.40938655367597004,63,0.0009531628746808297,4,4,Internal
BEN,FRT,0.40943251778712864,63,0.0009517792746960137,4,16,External
BEN,HBAN,0.4341668222365029,63,0.00042246154529879094,4,4,Internal
BEN,IVZ,0.6102237878010602,63,1.3979647786571442e-07,4,4,Internal
BEN,KEY,0.47244811039982465,63,0.00010571506229480206,4,4,Internal
BEN,MTB,0.4074075771672408,63,0.0010144832374262664,4,4,Internal
BEN,PNC,0.4485017273045525,63,0.00025629709738533396,4,4,Internal
BEN,RF,0.500980874243924,63,3.365940536389866e-05,4,4,Internal
BEN,STT,0.4312909728766542,63,0.000465791197282586,4,4,Internal
BEN,SYF,0.5109298802318507,63,2.2036833762713886e-05,4,4,Internal
BEN,TFC,0.4321862778614681,63,0.0004518873836692771,4,4,Internal
BEN,TROW,0.6988382781037776,63,2.680227915717943e-10,4,4,Internal
BEN,USB,0.4998888721412535,63,3.52331269196552e-05,4,4,Internal
BF-B,CL,0.4016615020215959,63,0.0012132166644101981,15,15,Internal
BF-B,KDP,0.4912831519358114,63,5.0234243833064234e-05,15,15,Internal
BF-B,KO,0.4565262293690574,63,0.00019186962102824326,15,15,Internal
BF-B,NI,0.40385482426738134,63,0.0011335593320682131,15,15,Internal
BF-B,ON,-0.4011302441056112,63,0.0012332535747335064,15,12,External
BF-B,PEP,0.4468301964807988,63,0.0002719863900837682,15,15,Internal
BF-B,PG,0.4012963327552619,63,0.0012269576122342055,15,15,Internal
BF-B,STZ,0.46677573655158716,63,0.000131166365488075,15,16,External
BG,EMR,0.4175818249227836,63,0.0007332677999517899,4,23,External
BG,GL,0.503381648448181,63,3.0425584082530992e-05,4,4,Internal
BG,JCI,-0.4012131252504891,63,0.0012301081539377917,4,1,External
BG,MET,0.46789210216370963,63,0.0001257516809894589,4,4,Internal
BG,MOS,0.41129762718040136,63,0.0008971426910635861,4,4,Internal
BG,MTB,0.40686042585051474,63,0.0010320537934510082,4,4,Internal
BG,NOW,-0.4263207297388689,63,0.0005503005780089383,4,9,External
BG,PAYC,-0.4884905009341621,63,5.624843586989082e-05,4,1,External
BG,WRB,0.4724322297428803,63,0.00010577948613394295,4,4,Internal
BIIB,CSGP,0.40069932540937075,63,0.001249724314313385,29,9,External
BIIB,TECH,0.41223133551536617,63,0.0008708690468073796,29,29,Internal
BK,BLK,0.47205061604399257,63,0.00010733849573241314,4,4,Internal
BK,C,0.6836230607870734,63,9.163711945150332e-10,4,4,Internal
BK,CFG,0.580981972970369,63,7.393551889997105e-07,4,4,Internal
BK,COF,0.5084867407020565,63,2.4482471389272885e-05,4,4,Internal
BK,COP,0.41457777245959193,63,0.0008078838335469555,4,22,External
BK,CPRT,-0.48559545817519056,63,6.317919705912546e-05,4,12,External
BK,CTRA,0.44213320490599683,63,0.00032088504160661066,4,22,External
BK,FANG,0.4281968244472657,63,0.0005168897880649708,4,22,External
BK,FITB,0.6109089481946582,63,1.3417339909209992e-07,4,4,Internal
BK,GLW,0.5055618502779928,63,2.7740577455160266e-05,4,4,Internal
BK,GS,0.4962625776328478,63,4.096078425397167e-05,4,4,Internal
BK,HBAN,0.5683023617331044,63,1.4491607661870156e-06,4,4,Internal
BK,HIG,0.532578328768423,63,8.363732450048742e-06,4,4,Internal
BK,IVZ,0.41549696341678266,63,0.0007843545712069011,4,4,Internal
BK,KEY,0.6281141826525017,63,4.631031283509736e-08,4,4,Internal
BK,KMI,0.4037996587494595,63,0.001135503626136667,4,22,External
BK,L,0.5047796052208952,63,2.8677617113982396e-05,4,4,Internal
BK,MET,0.517337076208592,63,1.665728037065248e-05,4,4,Internal
BK,MS,0.4675032247189337,63,0.0001276140950096205,4,4,Internal
BK,MTB,0.5280375059942136,63,1.0305243807633989e-05,4,4,Internal
BK,NTRS,0.42459547799478053,63,0.0005827428111599083,4,4,Internal
BK,OKE,0.4564152401588521,63,0.0001926489186713156,4,22,External
BK,PFG,0.46667474456621433,63,0.0001316666157809298,4,4,Internal
BK,PNC,0.6201029222575615,63,7.660575359307616e-08,4,4,Internal
BK,PRU,0.5659742708849786,63,1.6347950200360177e-06,4,4,Internal
BK,RF,0.5838257525466729,63,6.332836575188193e-07,4,4,Internal
BK,RJF,0.504329669817054,63,2.9229783228806174e-05,4,4,Internal
BK,SCHW,0.6184441023125594,63,8.487050448412631e-08,4,4,Internal
BK,STT,0.7998322548695923,63,6.352986285609226e-15,4,4,Internal
BK,SYF,0.46277604098864994,63,0.00015237149022673558,4,4,Internal
BK,TFC,0.43342501435081926,63,0.00043327229741836425,4,4,Internal
BK,TRV,0.44638180235320474,63,0.0002763417704220316,4,4,Internal
BK,USB,0.47863150794376014,63,8.320016533044709e-05,4,4,Internal
BK,WFC,0.48994266345362275,63,5.304279600692637e-05,4,4,Internal
BKNG,EXPE,0.4518899726759451,63,0.00022700256874879797,20,23,External
BKNG,FTNT,-0.5324363587655939,63,8.418882611558803e-06,20,9,External
BKNG,GEN,0.5821641495078083,63,6.933816694355912e-07,20,20,Internal
BKNG,GILD,0.5287449210284438,63,9.977471879531467e-06,20,20,Internal
BKNG,HWM,0.4459623976947838,63,0.0002804731195599976,20,23,External
BKNG,RMD,-0.413620116116648,63,0.0008330748958417807,20,9,External
BKR,COP,0.5536698680208598,63,3.0451423088038733e-06,22,22,Internal
BKR,CTRA,0.48393587329090865,63,6.749921501857369e-05,22,22,Internal
BKR,CVX,0.4415579532085761,63,0.0003273951767621885,22,22,Internal
BKR,DVN,0.5497173694209524,63,3.699292736412931e-06,22,22,Internal
BKR,EOG,0.6117360484644861,63,1.2766931919317721e-07,22,22,Internal
BKR,FANG,0.6379964930805715,63,2.439648774137193e-08,22,22,Internal
BKR,HAL,0.7438265672341344,63,4.317340670030912e-12,22,22,Internal
BKR,MPC,0.42568819779875466,63,0.0005619995345555884,22,22,Internal
BKR,OXY,0.49478716113457066,63,4.3528468595987256e-05,22,22,Internal
BKR,PSX,0.5246778970408158,63,1.2003203583833846e-05,22,22,Internal
BKR,SLB,0.7315911900281657,63,1.4393309278729363e-11,22,22,Internal
BKR,TRGP,0.6005852648452313,63,2.465533057796564e-07,22,22,Internal
BKR,WMB,0.4834899210869522,63,6.870561745609091e-05,22,22,Internal
BLDR,DHI,0.6472797444748526,63,1.3081488326390046e-08,27,27,Internal
BLDR,LEN,0.6842933395728249,63,8.694138445066603e-10,27,27,Internal
BLDR,MAS,0.6316304488878518,63,3.6962548859725246e-08,27,27,Internal
BLDR,MLM,0.54666953495641,63,4.290954604193836e-06,27,27,Internal
BLDR,NVR,0.6607280507074919,63,5.102704534091057e-09,27,27,Internal
BLDR,PHM,0.7277008306035655,63,2.0822190368799083e-11,27,27,Internal
BLDR,PNR,0.4741682715646104,63,9.894658604331083e-05,27,23,External
BLDR,SHW,0.4787273905772266,63,8.288875432906073e-05,27,27,Internal
BLDR,URI,0.41036946820483794,63,0.0009239676895334578,27,23,External
BLDR,VMC,0.4827890287380596,63,7.06419222684884e-05,27,27,Internal
BLK,C,0.4746097689645988,63,9.72748897529808e-05,4,4,Internal
BLK,CFG,0.5292228629639628,63,9.7615435231917e-06,4,4,Internal
BLK,COF,0.43772439183149925,63,0.00037394733521204824,4,4,Internal
BLK,CPT,0.4564842238178908,63,0.0001921642178738801,4,16,External
BLK,DOC,0.4291014552017093,63,0.0005014473670634852,4,16,External
BLK,DOV,0.41290349062727216,63,0.0008523878102384604,4,4,Internal
BLK,ESS,0.44488904637335575,63,0.0002913043312595257,4,16,External
BLK,FITB,0.5579365591280324,63,2.4612486417250314e-06,4,4,Internal
BLK,GS,0.48458474065492874,63,6.577873448992214e-05,4,4,Internal
BLK,HBAN,0.47977441191370684,63,7.955736105802831e-05,4,4,Internal
BLK,IVZ,0.5654149661002738,63,1.6825955603041458e-06,4,4,Internal
BLK,KEY,0.525153002044103,63,1.1748235428980235e-05,4,4,Internal
BLK,MS,0.42268170702777486,63,0.0006207524368674858,4,4,Internal
BLK,MTB,0.44845233463517664,63,0.00025674858936353427,4,4,Internal
BLK,PNC,0.5348413991460235,63,7.528806192663453e-06,4,4,Internal
BLK,PRU,0.4342042352957402,63,0.00042192286428219413,4,4,Internal
BLK,RF,0.40972342414840973,63,0.0009430644516184036,4,4,Internal
BLK,STT,0.5094594968095062,63,2.3480047404289907e-05,4,4,Internal
BLK,TGT,0.47954699217405045,63,8.027029567096991e-05,4,4,Internal
BLK,TROW,0.44064533466461153,63,0.00033797077694945664,4,4,Internal
BLK,UDR,0.43275570612254366,63,0.00044324181989570166,4,16,External
BLK,USB,0.46281354474088765,63,0.0001521588399664224,4,4,Internal
BMY,D,0.4268467653072489,63,0.0005407401745496055,9,15,External
BMY,EBAY,0.48003118306308556,63,7.875942624895231e-05,9,9,Internal
BMY,GWW,0.41923762401734405,63,0.0006948618889768161,9,9,Internal
BMY,HON,0.43910758575317516,63,0.0003564972410949172,9,9,Internal
BMY,LRCX,-0.43023018229341103,63,0.0004827677310334748,9,12,External
BMY,LUV,0.4340757147528302,63,0.0004237759484156553,9,9,Internal
BMY,META,-0.5246099205549883,63,1.2040101527113849e-05,9,24,External
BMY,MRK,0.488187417574238,63,5.693964934688714e-05,9,9,Internal
BMY,PFE,0.4789734018869006,63,8.209465370363895e-05,9,16,External
BMY,UDR,0.4226388285762519,63,0.0006216292199331979,9,16,External
BMY,WDC,-0.40950991517582697,63,0.0009494535742342759,9,12,External
BMY,WTW,0.4242153618810285,63,0.0005901198771631337,9,9,Internal
BMY,XEL,0.4023832617443804,63,0.0011864643329299648,9,15,External
BR,DUK,0.4371533303076326,63,0.00038137596112202635,29,15,External
BR,DXCM,-0.408482988252436,63,0.0009807330177259118,29,12,External
BR,EXPD,-0.4385929344737536,63,0.00036290137086175016,29,12,External
BR,IFF,-0.6896897763169996,63,5.663406676115126e-10,29,12,External
BR,J,0.42625311350182365,63,0.0005515405307383986,29,29,Internal
BR,LLY,0.7060723243911005,63,1.4539648747698693e-10,29,29,Internal
BR,PODD,-0.44612073940194075,63,0.0002789067918332082,29,12,External
BR,WST,0.4140897644380138,63,0.0008206334499909509,29,9,External
BR,ZTS,0.5136814823526353,63,1.9554690349221656e-05,29,29,Internal
BRK-B,CB,0.4614607687705919,63,0.00016000391036556226,4,4,Internal
BRK-B,GL,0.4732520099127543,63,0.00010250059186213184,4,4,Internal
BRK-B,HIG,0.5225226948781032,63,1.3225743273378658e-05,4,4,Internal
BRK-B,JPM,0.4185646330193912,63,0.0007102464311924768,4,4,Internal
BRK-B,L,0.5349152086209964,63,7.502930361261577e-06,4,4,Internal
BRK-B,NOW,-0.434051640592368,63,0.00042412388612039423,4,9,External
BRK-B,PGR,0.43719931063771633,63,0.0003807728902728095,4,4,Internal
BRK-B,PRU,0.5071718617779194,63,2.5900572418805016e-05,4,4,Internal
BRK-B,TRV,0.5367359580648948,63,6.890253577213309e-06,4,4,Internal
BRK-B,WRB,0.5080909535045693,63,2.4901568664371584e-05,4,4,Internal
BRO,CAH,0.4374428666620559,63,0.00037759290814751265,9,9,Internal
BRO,COR,0.449330536019,63,0.0002488284868784392,9,9,Internal
BRO,CTAS,0.5719172524988364,63,1.1996046806931764e-06,9,9,Internal
BRO,FICO,0.4051346917764334,63,0.0010892844598612947,9,9,Internal
BRO,GE,0.5204114774975326,63,1.4534696162134175e-05,9,23,External
BRO,GL,0.4839390309997615,63,6.749074277371885e-05,9,4,External
BRO,MMC,0.74056924835227,63,5.987957032919288e-12,9,9,Internal
BRO,MSCI,0.41110425405839723,63,0.0009026726994402306,9,23,External
BRO,MSI,0.5501984543424887,63,3.613182631464324e-06,9,9,Internal
BRO,PGR,0.4148478493054037,63,0.0008009051038272314,9,4,External
BRO,RSG,0.5234651695272209,63,1.2677539674523983e-05,9,9,Internal
BRO,STE,0.4063237719574696,63,0.0010495533721940264,9,9,Internal
BRO,TJX,0.429815259880099,63,0.0004895596057229087,9,23,External
BRO,TT,0.40130595284922255,63,0.0012265938289158515,9,23,External
BRO,VRSK,0.673561448722007,63,1.985631997408586e-09,9,9,Internal
BRO,WM,0.5368361387523403,63,6.857935410506858e-06,9,9,Internal
BRO,WTW,0.44205236520482066,63,0.00032179271852229786,9,9,Internal
BRO,XYL,0.4194332340570087,63,0.0006904472145854485,9,9,Internal
BSX,CAH,0.41413165709154887,63,0.0008195318745515687,20,9,External
BSX,HCA,0.4419016247119814,63,0.00032349150634018736,20,12,External
BSX,JBL,0.4515996800107625,63,0.00022938687204964462,20,20,Internal
BSX,ZBH,0.44816223805986327,63,0.00025941502562807343,20,20,Internal
BXP,CBRE,0.43928214525921216,63,0.0003543485890698658,4,16,External
BXP,CFG,0.638522359201574,63,2.3563349965838013e-08,4,4,Internal
BXP,CPT,0.4838015460543544,63,6.786052919173516e-05,4,16,External
BXP,DOC,0.4967514672278579,63,4.014134663531257e-05,4,16,External
BXP,EQR,0.5132900616274867,63,1.989119955274942e-05,4,16,External
BXP,ESS,0.4266089918659864,63,0.000545042740241166,4,16,External
BXP,FITB,0.44128234593611304,63,0.0003305567110538289,4,4,Internal
BXP,FRT,0.5236850834314578,63,1.2552700455535682e-05,4,16,External
BXP,HBAN,0.4894308714690351,63,5.415280787611221e-05,4,4,Internal
BXP,INVH,0.43206463386609806,63,0.0004537540539495223,4,16,External
BXP,KEY,0.5232167953843785,63,1.2819922508809435e-05,4,4,Internal
BXP,KIM,0.4287537474194223,63,0.0005073325896665176,4,16,External
BXP,MCHP,-0.4328388198041818,63,0.0004419925749290869,4,12,External
BXP,MET,0.48500092835427916,63,6.4696592446089e-05,4,4,Internal
BXP,MTB,0.5221242540306401,63,1.3464062518390855e-05,4,4,Internal
BXP,PRU,0.46323389530106324,63,0.00014979396152740862,4,4,Internal
BXP,REG,0.5045926342361086,63,2.8905886306198306e-05,4,16,External
BXP,RF,0.5049740794503755,63,2.8441959760949505e-05,4,4,Internal
BXP,RJF,0.4229771908240557,63,0.0006147407769864494,4,4,Internal
BXP,SNPS,-0.4480967743576793,63,0.000260020226560538,4,12,External
BXP,STT,0.40313495993671955,63,0.00115916808237879,4,4,Internal
BXP,TFC,0.5148723007599508,63,1.8563132110182608e-05,4,4,Internal
BXP,TGT,0.5045418660215374,63,2.896815809308089e-05,4,4,Internal
BXP,TXN,-0.43590746513328815,63,0.00039805134468936815,4,12,External
BXP,UDR,0.4627209096888055,63,0.00015268458550045654,4,16,External
BXP,USB,0.6312735393065062,63,3.782305709525712e-08,4,4,Internal
BXP,VTRS,0.42758266443824255,63,0.0005276185881588111,4,4,Internal
C,CFG,0.5713305314769866,63,1.23716194400415e-06,4,4,Internal
C,COF,0.5779712479017819,63,8.696915817667206e-07,4,4,Internal
C,COP,0.5180151187574711,63,1.6165813208016803e-05,4,22,External
C,CPRT,-0.4116021573059947,63,0.0008884958786568315,4,12,External
C,CTRA,0.4320550810579266,63,0.0004539009417224201,4,22,External
C,CTVA,0.4321252410400994,63,0.00045282314063724245,4,4,Internal
C,CVX,0.45031555812741747,63,0.00024021114264329507,4,22,External
C,FANG,0.5059646240048512,63,2.7269240092414434e-05,4,22,External
C,FITB,0.6217966015101712,63,6.895457757331878e-08,4,4,Internal
C,GLW,0.4431713519165925,63,0.0003094343466651697,4,4,Internal
C,GM,0.4113591737619892,63,0.0008953890368001972,4,27,External
C,GS,0.5966089850095164,63,3.0990106466340953e-07,4,4,Internal
C,HBAN,0.5000987498777872,63,3.4925478819055316e-05,4,4,Internal
C,HIG,0.5050412383743219,63,2.8360996397137957e-05,4,4,Internal
C,JPM,0.5004427620551131,63,3.44265819089098e-05,4,4,Internal
C,KEY,0.5769123222856802,63,9.204462701253451e-07,4,4,Internal
C,KMI,0.5086469613693854,63,2.4314681163018627e-05,4,22,External
C,L,0.4685233106855226,63,0.00012278176903962162,4,4,Internal
C,MET,0.5062242304572447,63,2.696938519866905e-05,4,4,Internal
C,MOS,0.40157924207104373,63,0.0012162998775900981,4,4,Internal
C,MS,0.5922669408185941,63,3.964154757925083e-07,4,4,Internal
C,MTB,0.4936407617002173,63,4.562539199864917e-05,4,4,Internal
C,OKE,0.4802733394836098,63,7.801366901732762e-05,4,22,External
C,OXY,0.49862352813645594,63,3.714168679775309e-05,4,22,External
C,PFG,0.5284506337077417,63,1.011262964825124e-05,4,4,Internal
C,PNC,0.6744894526887443,63,1.8512755986296995e-09,4,4,Internal
C,PRU,0.5872328046154992,63,5.250198061340988e-07,4,4,Internal
C,RF,0.5357962928287714,63,7.2003740714656676e-06,4,4,Internal
C,STT,0.5726191904754993,63,1.1560763893063054e-06,4,4,Internal
C,SYF,0.515829000427597,63,1.7800545008979e-05,4,4,Internal
C,TGT,0.4032229899644121,63,0.0011560087490551688,4,4,Internal
C,TRV,0.4762782024735679,63,9.118938792470176e-05,4,4,Internal
C,USB,0.4121607664194153,63,0.0008728302297288807,4,4,Internal
C,WFC,0.6001598750386293,63,2.5269683108193834e-07,4,4,Internal
C,XOM,0.4731464630830435,63,0.00010291744221686956,4,22,External
CAG,CL,0.47008306861375304,63,0.00011571711342047106,15,15,Internal
CAG,CMS,0.49210500951336517,63,4.858090599589442e-05,15,15,Internal
CAG,CNP,0.4811514227015388,63,7.536370396474422e-05,15,15,Internal
CAG,CPB,0.7349098154674607,63,1.0451011694459778e-11,15,15,Internal
CAG,D,0.5159737265724178,63,1.7687749172441506e-05,15,15,Internal
CAG,DOC,0.4337611616541656,63,0.0004283426434721583,15,16,External
CAG,DTE,0.4912597469755442,63,5.0282079932666765e-05,15,15,Internal
CAG,ED,0.448088422757381,63,0.00026009752841674383,15,15,Internal
CAG,ES,0.569903288117327,63,1.3331744392551982e-06,15,15,Internal
CAG,ETR,0.46200863101305706,63,0.00015678308987402502,15,15,Internal
CAG,EVRG,0.41343995830249675,63,0.0008378925252939238,15,15,Internal
CAG,GIS,0.699142058843239,63,2.613216123371401e-10,15,15,Internal
CAG,HRL,0.698984745406179,63,2.647716820555084e-10,15,15,Internal
CAG,HSY,0.5647856700536714,63,1.7379412072166397e-06,15,15,Internal
CAG,IFF,0.4105841488995748,63,0.0009176995552602492,15,12,External
CAG,K,0.719648966091226,63,4.384229044947644e-11,15,15,Internal
CAG,KDP,0.4696047524746254,63,0.00011784280377741037,15,15,Internal
CAG,KHC,0.6412992698874318,63,1.959175081906095e-08,15,15,Internal
CAG,KMB,0.434227952880102,63,0.00042158169735325893,15,15,Internal
CAG,KO,0.49823706818863456,63,3.774338916288485e-05,15,15,Internal
CAG,KR,0.4666445027437642,63,0.00013181675507406167,15,15,Internal
CAG,LNT,0.49265826229230936,63,4.749638887441905e-05,15,15,Internal
CAG,MDLZ,0.4171143657522916,63,0.0007444528530234883,15,15,Internal
CAG,MKC,0.6005414971901191,63,2.47178854929245e-07,15,15,Internal
CAG,NEE,0.40928931362843624,63,0.0009560959548282836,15,15,Internal
CAG,NI,0.4265828248471603,63,0.0005455181318987912,15,15,Internal
CAG,NSC,0.40311004035707126,63,0.0011600638390197892,15,15,Internal
CAG,PEG,0.4380526592522976,63,0.00036973698612997787,15,15,Internal
CAG,PEP,0.5253696086222917,63,1.1633671771139423e-05,15,15,Internal
CAG,PNW,0.43226594038375565,63,0.00045066872107803044,15,15,Internal
CAG,PPL,0.5503330051703326,63,3.58943638532395e-06,15,15,Internal
CAG,SJM,0.4547236884046682,63,0.0002048902944902463,15,15,Internal
CAG,T,0.435146852406098,63,0.0004085554325820495,15,15,Internal
CAG,WEC,0.5310754651273875,63,8.964994568937662e-06,15,15,Internal
CAG,XEL,0.5091650370795511,63,2.3779397352262436e-05,15,15,Internal
CAH,COR,0.744056104312995,63,4.218180650953511e-12,9,9,Internal
CAH,CVS,0.5127606946816035,63,2.0354853884579812e-05,9,9,Internal
CAH,MCK,0.6653117772896784,63,3.661713610939304e-09,9,9,Internal
CAH,MMC,0.4599574652846104,63,0.00016915584741720015,9,9,Internal
CAH,MSI,0.4869972985841147,63,5.973036297541544e-05,9,9,Internal
CAH,TT,0.4447698281026509,63,0.000292530630903988,9,23,External
CARR,ETN,0.4640736582037652,63,0.00014517014745207577,23,23,Internal
CARR,HUBB,0.4466947335591779,63,0.00027329552438793694,23,23,Internal
CARR,IEX,0.41284180659475966,63,0.0008540689491395364,23,23,Internal
CARR,NDSN,0.4176958977398297,63,0.0007305615341339389,23,23,Internal
CARR,PCAR,0.42209568366825856,63,0.0006328331160140182,23,23,Internal
CARR,PH,0.48588734109962733,63,6.244631233216849e-05,23,23,Internal
CARR,PNR,0.5244289140173727,63,1.2138867666822071e-05,23,23,Internal
CARR,SWK,0.5196029755656466,63,1.5067093708096617e-05,23,23,Internal
CARR,TT,0.5452288664760642,63,4.600362360330887e-06,23,23,Internal
CARR,TXT,0.47513155901973625,63,9.533268964813991e-05,23,23,Internal
CARR,WAB,0.45686555835509046,63,0.00018950493280954435,23,23,Internal
CAT,CMI,0.5493705764749326,63,3.762550462505137e-06,23,23,Internal
CAT,DE,0.40558898529006077,63,0.0010739477425892984,23,23,Internal
CAT,ETN,0.7216138437482732,63,3.6645471584555136e-11,23,23,Internal
CAT,GPN,0.63300722029357,63,3.3813326911813456e-08,23,23,Internal
CAT,IR,0.4387507488872914,63,0.0003609265310859017,23,23,Internal
CAT,LDOS,0.643120525225833,63,1.7340330210709482e-08,23,23,Internal
CAT,MAR,0.40307267038854605,63,0.0011614083045270581,23,23,Internal
CAT,PCAR,0.4094525869561023,63,0.0009511757264757166,23,23,Internal
CAT,PH,0.46436215058800223,63,0.00014361215430081157,23,23,Internal
CAT,SWK,0.5927993104349851,63,3.8470227476746737e-07,23,23,Internal
CAT,URI,0.520293498445021,63,1.46112804331229e-05,23,23,Internal
CAT,ZBRA,-0.5716457329050438,63,1.2168503841595257e-06,23,23,Internal
CB,CME,0.46003053890297185,63,0.00016870011814550386,4,27,External
CB,CSGP,-0.5699859048048587,63,1.32743158777689e-06,4,9,External
CB,HIG,0.682793939558943,63,9.777927561958362e-10,4,4,Internal
CB,KDP,0.4298352113922522,63,0.0004892310420294591,4,15,External
CB,L,0.620716745104961,63,7.374469984183469e-08,4,4,Internal
CB,MPWR,-0.4257374176915541,63,0.0005610811571684014,4,12,External
CB,MSFT,-0.47290017046083327,63,0.00010389622983677793,4,25,External
CB,NOW,-0.4938929910603583,63,4.5156177451631574e-05,4,9,External
CB,PFG,0.49513620267681246,63,4.290793745415597e-05,4,4,Internal
CB,PRU,0.45391175787260246,63,0.0002110153795501075,4,4,Internal
CB,TRV,0.7332746364623348,63,1.2243503527085767e-11,4,4,Internal
CB,TXN,-0.4243717216181992,63,0.0005870751450929719,4,12,External
CB,UNP,0.5103583324251721,63,2.2587755619153892e-05,4,27,External
CB,WRB,0.6963831759088878,63,3.285077969335315e-10,4,4,Internal
CBOE,GILD,0.41139298245197703,63,0.0008944270398104647,20,20,Internal
CBOE,SYK,0.43106826047793123,63,0.00046930972400652374,20,20,Internal
CBRE,IR,0.41438204189209427,63,0.0008129757862892897,16,23,External
CBRE,MMM,0.4314613364218539,63,0.0004631159135182385,16,16,Internal
CBRE,REG,0.42411747038030145,63,0.0005920333641854105,16,16,Internal
CBRE,SPGI,0.4630127565002001,63,0.00015103384454144995,16,9,External
CBRE,TFC,0.45697665525369285,63,0.00018873654902516038,16,4,External
CBRE,UDR,0.4239000333823074,63,0.0005963037595428314,16,16,Internal
CCI,GPC,0.40891419270817403,63,0.000967487324833068,16,27,External
CCI,LIN,-0.4171185239632702,63,0.0007443526811934612,16,23,External
CCI,MAA,0.41445206973905124,63,0.0008111506796176802,16,16,Internal
CCI,SBAC,0.8016103775893219,63,4.996558561823892e-15,16,16,Internal
CCI,T,0.49682368158593976,63,4.00215997753543e-05,16,15,External
CCI,VZ,0.4844482848847032,63,6.613715467189121e-05,16,16,Internal
CCL,DAL,0.4072382974147239,63,0.0010198902363558748,23,23,Internal
CCL,HLT,0.42374559439194776,63,0.0005993538426346476,23,23,Internal
CCL,IEX,0.40426751624292856,63,0.0011191089934184622,23,23,Internal
CCL,NCLH,0.7505584602042477,63,2.1615106335439345e-12,23,23,Internal
CCL,RCL,0.6977916400755974,63,2.9238453659951395e-10,23,23,Internal
CCL,UAL,0.42375084531659496,63,0.0005992499078919576,23,23,Internal
CCL,WRB,0.4020282172415736,63,0.0011995571021423878,23,4,External
CDNS,CFG,-0.4297283616991217,63,0.0004909929944699088,12,4,External
CDNS,CPRT,0.5104400086799078,63,2.2508252380693952e-05,12,12,Internal
CDNS,D,-0.4448084473769943,63,0.0002921328713842826,12,15,External
CDNS,EIX,-0.43344747025277347,63,0.0004329413761584253,12,15,External
CDNS,KEY,-0.4549664176811956,63,0.00020309103540275324,12,4,External
CDNS,KLAC,0.45557466649558515,63,0.0001986456689777208,12,12,Internal
CDNS,KR,-0.441574045785815,63,0.0003272114311701258,12,15,External
CDNS,LRCX,0.4192211052782945,63,0.0006952358643544606,12,12,Internal
CDNS,MPWR,0.40229196903954456,63,0.0011898185339090522,12,12,Internal
CDNS,SNPS,0.7579238193190254,63,9.884282153595422e-13,12,12,Internal
CDNS,TXN,0.4860282719313514,63,6.209526570530262e-05,12,12,Internal
CDNS,WFC,-0.4001393263053408,63,0.0012714244907947655,12,4,External
CDW,CSCO,0.4170678447941615,63,0.0007455743808912207,23,23,Internal
CDW,EMR,0.5197138629299346,63,1.4993017735950094e-05,23,23,Internal
CDW,GNRC,-0.5623200034036856,63,1.971640687104562e-06,23,1,External
CDW,JCI,-0.5703284217956377,63,1.3038689012881728e-06,23,1,External
CDW,PAYC,-0.616456514498987,63,9.588088447474832e-08,23,1,External
CDW,PWR,0.4742595130762325,63,9.859895588891667e-05,23,23,Internal
CDW,TT,0.4403854330442387,63,0.00034103903405459737,23,23,Internal
CEG,CTSH,0.4691801562277747,63,0.00011975975711842263,9,9,Internal
CEG,FICO,0.4075369252454917,63,0.00101036914617057,9,9,Internal
CEG,HST,-0.4191791982652952,63,0.0006961854345881713,9,23,External
CEG,MCK,0.41567208920899873,63,0.0007799426817980409,9,9,Internal
CEG,PYPL,-0.46654053574771315,63,0.0001323341121306856,9,23,External
CEG,QCOM,-0.41863462337637747,63,0.0007086322073957798,9,23,External
CEG,REGN,0.4518305607232574,63,0.00022748869281197877,9,9,Internal
CEG,TPL,0.4275605048231617,63,0.0005280094485996245,9,22,External
CF,CFG,0.48267465839895024,63,7.096261734780596e-05,4,4,Internal
CF,COP,0.4137808026857362,63,0.0008287990920218391,4,22,External
CF,CTVA,0.43886953934941714,63,0.00035944648990172696,4,4,Internal
CF,EOG,0.4639148205332916,63,0.00014603455018335422,4,22,External
CF,HBAN,0.48283037521286853,63,7.052631567728101e-05,4,4,Internal
CF,MOS,0.6013824135582488,63,2.354174615434575e-07,4,4,Internal
CF,OXY,0.4157919847724399,63,0.0007769351489049542,4,22,External
CF,RJF,0.4556900198432472,63,0.00019781273041987937,4,4,Internal
CF,TRGP,0.4150569856334145,63,0.0007955385684894079,4,22,External
CF,TT,-0.45921515155063625,63,0.00017384972299077132,4,23,External
CF,USB,0.40189955504754094,63,0.0012043337172407459,4,4,Internal
CFG,COF,0.5495442436592565,63,3.730747002743863e-06,4,4,Internal
CFG,CPRT,-0.49605067081094883,63,4.132074736930116e-05,4,12,External
CFG,CTVA,0.5028528659359252,63,3.111209400527582e-05,4,4,Internal
CFG,DOC,0.4643738888689015,63,0.0001435490881945649,4,16,External
CFG,FITB,0.7812336568304127,63,6.838322715653048e-14,4,4,Internal
CFG,GS,0.5381980604495474,63,6.43236511837072e-06,4,4,Internal
CFG,HBAN,0.8122481566157587,63,1.1268850553601365e-15,4,4,Internal
CFG,IVZ,0.4911573420053494,63,5.049187490677703e-05,4,4,Internal
CFG,JPM,0.46030855744896954,63,0.0001669765012201781,4,4,Internal
CFG,KEY,0.8478535668093145,63,3.531139032513017e-18,4,4,Internal
CFG,L,0.42443403828051324,63,0.000585865654047441,4,4,Internal
CFG,MET,0.614118308344961,63,1.1055644541102521e-07,4,4,Internal
CFG,MOS,0.5470839563375858,63,4.205616294660516e-06,4,4,Internal
CFG,MS,0.4249524302265743,63,0.0005758915749284043,4,4,Internal
CFG,MTB,0.7855834007050894,63,4.006577070530192e-14,4,4,Internal
CFG,NOW,-0.4267791254122834,63,0.0005419609849434895,4,9,External
CFG,NTRS,0.5161441298675326,63,1.7555791888659606e-05,4,4,Internal
CFG,ORCL,-0.4083524272707108,63,0.0009847757266280139,4,12,External
CFG,PFG,0.5594931390252061,63,2.2756556831182983e-06,4,4,Internal
CFG,PNC,0.7203748625256514,63,4.103938700959153e-11,4,4,Internal
CFG,PRU,0.6203635196478455,63,7.537853812080706e-08,4,4,Internal
CFG,REG,0.42066503742773953,63,0.0006632257525616148,4,16,External
CFG,RF,0.694664450544102,63,3.7834817433814366e-10,4,4,Internal
CFG,RJF,0.5388372343090684,63,6.241244189110489e-06,4,4,Internal
CFG,SCHW,0.5024920900391893,63,3.158868403649573e-05,4,4,Internal
CFG,SNPS,-0.5626785959821741,63,1.9359157592767863e-06,4,12,External
CFG,STT,0.47250753535763285,63,0.0001054743101187376,4,4,Internal
CFG,SYF,0.5060433858452386,63,2.7177942502084896e-05,4,4,Internal
CFG,TFC,0.6673022918974124,63,3.164596481210812e-09,4,4,Internal
CFG,TGT,0.5191134261875657,63,1.539820890325657e-05,4,4,Internal
CFG,UNP,0.4484803304296687,63,0.0002564925942992775,4,27,External
CFG,USB,0.842947004827119,63,8.496054126788683e-18,4,4,Internal
CFG,VTRS,0.4684618638702621,63,0.0001230680266968231,4,4,Internal
CFG,WFC,0.6321916257444082,63,3.564685494394189e-08,4,4,Internal
CHD,CL,0.49820640498877156,63,3.779151451301547e-05,15,15,Internal
CHD,DVN,-0.40433022652742256,63,0.0011169277900878428,15,22,External
CHD,EOG,-0.4058096796030599,63,0.0010665676975940143,15,22,External
CHD,HSY,0.4329118110992193,63,0.00044089811727846293,15,15,Internal
CHD,KMB,0.49759026918548005,63,3.877063887660675e-05,15,15,Internal
CHD,MDLZ,0.4176552011540502,63,0.0007315259816008846,15,15,Internal
CHD,PEP,0.4117755011012102,63,0.0008836076555242335,15,15,Internal
CHD,PG,0.6259186121600719,63,5.3235253882282856e-08,15,15,Internal
CHD,RCL,-0.40541075479367156,63,0.001079941356632035,15,23,External
CHD,VRSK,0.4098201777527542,63,0.0009401819608041818,15,9,External
CHD,WMT,0.410503299933099,63,0.0009200556192603188,15,9,External
CHRW,DG,0.4855216499252256,63,6.336577369362855e-05,14,14,Internal
CHRW,PSKY,0.45838895885052194,63,0.0001792141440028306,14,14,Internal
CHRW,UPS,0.4627601300367791,63,0.0001524617893459629,14,4,External
CHRW,WBD,0.4895642670147572,63,5.3861441972662554e-05,14,14,Internal
CHTR,CMCSA,0.5784025615728583,63,8.497810110503104e-07,23,23,Internal
CI,CNC,0.6104432900677372,63,1.3797130115865292e-07,9,9,Internal
CI,COR,0.4762382428560489,63,9.133094593108165e-05,9,9,Internal
CI,CVS,0.6414374206661034,63,1.9411720198264084e-08,9,9,Internal
CI,ELV,0.7466432363317971,63,3.2407438575573575e-12,9,9,Internal
CI,HUM,0.6226659226213491,63,6.531328478772572e-08,9,9,Internal
CI,IVZ,-0.4217531042450771,63,0.0006399936010927022,9,4,External
CI,MOH,0.6856634945976285,63,7.804403124985757e-10,9,9,Internal
CI,UNH,0.6557250449303065,63,7.282704367532748e-09,9,9,Internal
CINF,EIX,0.4257131578544416,63,0.0005615336429314302,4,15,External
CINF,GL,0.49249279679467645,63,4.781837585280224e-05,4,4,Internal
CINF,L,0.5021249836878524,63,3.208056720648582e-05,4,4,Internal
CINF,MDLZ,0.4277454447365639,63,0.0005247554465842321,4,15,External
CINF,NOW,-0.4363990705764679,63,0.00039139370024513485,4,9,External
CINF,SNPS,-0.4217607436065079,63,0.0006398331283521769,4,12,External
CINF,TROW,0.593032144417419,63,3.7968241302128947e-07,4,4,Internal
CINF,TRV,0.41539017471024975,63,0.0007870559330280442,4,4,Internal
CINF,WRB,0.40182261485239845,63,0.0012071983152694974,4,4,Internal
CL,CMS,0.4553081539696409,63,0.00020058238518324092,15,15,Internal
CL,CPB,0.4602770097039916,63,0.00016717127088134104,15,15,Internal
CL,DTE,0.42460557543186084,63,0.0005825479920188701,15,15,Internal
CL,DUK,0.43518372317564535,63,0.0004080404836753151,15,15,Internal
CL,ED,0.4158631455602239,63,0.0007751550738552246,15,15,Internal
CL,ELV,0.4413723370946341,63,0.0003295213604995123,15,9,External
CL,EQIX,0.4320677538467317,63,0.00045370608925340014,15,15,Internal
CL,EQR,0.4664711048091413,63,0.0001326806495722964,15,16,External
CL,HRL,0.4820536013395857,63,7.272761736227018e-05,15,15,Internal
CL,HSY,0.505774425532545,63,2.7490883438884377e-05,15,15,Internal
CL,KHC,0.43393567309200887,63,0.0004258035796267568,15,15,Internal
CL,KLAC,-0.40097028333019774,63,0.0012393447171669006,15,12,External
CL,KMB,0.48319672629432076,63,6.950957374825794e-05,15,15,Internal
CL,KO,0.4856278383969592,63,6.309750454294358e-05,15,15,Internal
CL,LNT,0.497035776887251,63,3.9671807444234765e-05,15,15,Internal
CL,MOH,0.4112286540754694,63,0.0008991116360893725,15,9,External
CL,MSI,0.43864466001696373,63,0.0003622530117287566,15,9,External
CL,NI,0.44958690827437703,63,0.0002465588583023918,15,15,Internal
CL,NVDA,-0.47943699399956213,63,8.061723451343493e-05,15,12,External
CL,PEP,0.572602095578543,63,1.1571186472200764e-06,15,15,Internal
CL,PG,0.4920808708116923,63,4.862874077320687e-05,15,15,Internal
CL,PPL,0.452510801609249,63,0.0002219793189373697,15,15,Internal
CL,RSG,0.400173366159258,63,0.0012700958200900275,15,9,External
CL,UDR,0.43674547518411505,63,0.0003867635302961438,15,16,External
CL,WEC,0.4814991913500818,63,7.433729889237269e-05,15,15,Internal
CL,WMT,0.40144987745261884,63,0.0012211629061788549,15,9,External
CL,XEL,0.41249958632866135,63,0.0008634503796587678,15,15,Internal
CLX,CMI,-0.5339468114281783,63,7.84910891703788e-06,9,23,External
CLX,CTSH,0.5682488400640295,63,1.4531970005732175e-06,9,9,Internal
CLX,EXPE,-0.6398261880268266,63,2.1612173522966163e-08,9,23,External
CLX,HST,-0.4267036809029253,63,0.0005433256099108502,9,23,External
CLX,PG,0.40808211136267036,63,0.0009931936583880022,9,15,External
CLX,PSA,0.4089157409994843,63,0.0009674400569119351,9,9,Internal
CLX,PYPL,-0.5167864368696208,63,1.7066571927113567e-05,9,23,External
CLX,QCOM,-0.5092584139399677,63,2.3684088809183256e-05,9,23,External
CMCSA,CMG,-0.6180929636146422,63,8.67246333966788e-08,23,9,External
CMCSA,EBAY,-0.4580984188895423,63,0.00018113635961642587,23,9,External
CMCSA,EW,-0.44092564605432993,63,0.0003346897998287814,23,9,External
CMCSA,IEX,0.4004467517501061,63,0.0012594700370225525,23,23,Internal
CMCSA,KDP,0.4018153196876337,63,0.0012074702432194303,23,15,External
CMCSA,LRCX,0.4246658335291542,63,0.0005813866051228504,23,12,External
CMCSA,PNR,0.42370054224916853,63,0.0006002462592454891,23,23,Internal
CMCSA,RCL,0.5877494119124992,63,5.102092011146144e-07,23,23,Internal
CMCSA,SPGI,-0.5071712517797222,63,2.590124761492755e-05,23,9,External
CMCSA,TSCO,0.42633551271223113,63,0.0005500298238185292,23,23,Internal
CMCSA,TXT,0.5783584090808416,63,8.517993835062749e-07,23,23,Internal
CMCSA,WAB,0.573141222641364,63,1.1246691545156596e-06,23,23,Internal
CMCSA,WTW,-0.462478493950543,63,0.00015406829927687042,23,9,External
CME,CSGP,-0.4277963449922025,63,0.000523863062562911,27,9,External
CME,OTIS,0.4045470577168174,63,0.001109415407137191,27,27,Internal
CME,TDY,-0.44054123281478186,63,0.00033919671247092725,27,9,External
CME,TXN,-0.45427834444977394,63,0.0002082294496741711,27,12,External
CME,UHS,-0.40964532384506963,63,0.0009453970383377982,27,9,External
CME,UNP,0.5588815026358422,63,2.3469627055845703e-06,27,27,Internal
CMG,CSGP,0.4937456328696534,63,4.542975887648913e-05,9,9,Internal
CMG,EBAY,0.5119790310871097,63,2.1057846237116478e-05,9,9,Internal
CMG,EW,0.5515940485522073,63,3.3738579960197813e-06,9,9,Internal
CMG,GWW,0.4067533872841063,63,0.0010355230258331529,9,9,Internal
CMG,HON,0.4293174056898,63,0.000497823532959469,9,9,Internal
CMG,IP,-0.4987756185676324,63,3.6907330975610096e-05,9,23,External
CMG,IRM,0.4439828033279989,63,0.00030074505474669936,9,9,Internal
CMG,LKQ,0.4214234877948815,63,0.0006469523803423441,9,9,Internal
CMG,LRCX,-0.41926224875533785,63,0.0006943047363638591,9,12,External
CMG,NOW,0.43920905713292296,63,0.0003552467900405422,9,9,Internal
CMG,ORLY,0.530587512773524,63,9.168709083752392e-06,9,9,Internal
CMG,PNR,-0.4363043807961606,63,0.0003926681125148162,9,23,External
CMG,RCL,-0.5474601161800504,63,4.129531228885125e-06,9,23,External
CMG,ROL,0.4769167518316409,63,8.895453308189601e-05,9,9,Internal
CMG,SPGI,0.6701367040597711,63,2.5659893415149955e-09,9,9,Internal
CMG,TSCO,-0.40518373736021734,63,0.0010876192533622077,9,23,External
CMG,TXT,-0.6587892079346684,63,5.861584188063766e-09,9,23,External
CMG,TYL,0.6340846451286646,63,3.152749870773258e-08,9,9,Internal
CMG,WAB,-0.44272467490935824,63,0.00031431467516134204,9,23,External
CMG,WST,0.44589151521215137,63,0.000281176893398382,9,9,Internal
CMG,WTW,0.5792281629215981,63,8.128562246089967e-07,9,9,Internal
CMI,COP,0.43336142415639767,63,0.0004342106427742729,23,22,External
CMI,CTSH,-0.5051105187346281,63,2.8277699285255546e-05,23,9,External
CMI,EXPE,0.5920311935496876,63,4.017087686231438e-07,23,23,Internal
CMI,HLT,0.46188360706805964,63,0.00015751281049617105,23,23,Internal
CMI,HST,0.5906984298682453,63,4.329050397706704e-07,23,23,Internal
CMI,MAR,0.452040161031099,63,0.00022577792220211353,23,23,Internal
CMI,MGM,0.5980946108379515,63,2.846262620313536e-07,23,23,Internal
CMI,PCAR,0.6330188557684049,63,3.378782582644928e-08,23,23,Internal
CMI,PYPL,0.5926432453516783,63,3.881018661000183e-07,23,23,Internal
CMI,SPG,0.49752210382357726,63,3.888039235730539e-05,23,23,Internal
CMI,SWK,0.40635499037116357,63,0.0010485280979726408,23,23,Internal
CMI,TSLA,-0.402203477163601,63,0.0011930779754955815,23,31,External
CMI,WAB,0.4960924008935289,63,4.1249630644169106e-05,23,23,Internal
CMI,XYL,0.5156607083701826,63,1.7932547056060967e-05,23,9,External
CMS,CNP,0.8329767165133095,63,4.628087947380604e-17,15,15,Internal
CMS,CPB,0.4538626853717075,63,0.00021139089095374852,15,15,Internal
CMS,D,0.7766877534021516,63,1.1803835638406403e-13,15,15,Internal
CMS,DAY,-0.4866756607057572,63,6.050594236859788e-05,15,0,External
CMS,DOC,0.41842962534938183,63,0.0007133695917420015,15,16,External
CMS,DTE,0.9253918731273247,63,5.7905516740371416e-27,15,15,Internal
CMS,DUK,0.83133461098703,63,6.053566232255072e-17,15,15,Internal
CMS,ED,0.8604278424609942,63,3.20822594366963e-19,15,15,Internal
CMS,EIX,0.6790091583935309,63,1.3113089102304004e-09,15,15,Internal
CMS,EQIX,0.4975452523801781,63,3.884308854038268e-05,15,15,Internal
CMS,EQR,0.463045724571803,63,0.0001508484036838566,15,16,External
CMS,ES,0.809022737531679,63,1.7874768883442135e-15,15,15,Internal
CMS,ETR,0.7675337401716907,63,3.4121404011910906e-13,15,15,Internal
CMS,EVRG,0.8024904424863551,63,4.432565898796917e-15,15,15,Internal
CMS,EXC,0.8503063729861183,63,2.2503164175474558e-18,15,15,Internal
CMS,FE,0.7929566981919842,63,1.5728613414740346e-14,15,15,Internal
CMS,INVH,0.48436375449138963,63,6.636008803393077e-05,15,16,External
CMS,K,0.41339694205556593,63,0.0008390465476980827,15,15,Internal
CMS,KHC,0.4409573719443521,63,0.00033432029131875247,15,15,Internal
CMS,KLAC,-0.535151818405513,63,7.42053807570812e-06,15,12,External
CMS,KO,0.556591891601733,63,2.6328768059550185e-06,15,15,Internal
CMS,LNT,0.9424785148538731,63,3.0303729102199703e-30,15,15,Internal
CMS,LRCX,-0.497714683304577,63,3.857105733067451e-05,15,12,External
CMS,MPWR,-0.46004908986626064,63,0.00016858460288784503,15,12,External
CMS,NEE,0.6280092872931407,63,4.6620821217773266e-08,15,15,Internal
CMS,NFLX,-0.4028709480449046,63,0.0011686899649604838,15,9,External
CMS,NI,0.8328216249218221,63,4.7475425953583075e-17,15,15,Internal
CMS,NVDA,-0.42889947285793045,63,0.000504858478099888,15,12,External
CMS,NXPI,-0.4108887496576449,63,0.0009088718685784653,15,12,External
CMS,O,0.47958378481004355,63,8.015455743593292e-05,15,15,Internal
CMS,PCG,0.6350665872793838,63,2.9572132888742548e-08,15,15,Internal
CMS,PEG,0.870499955778193,63,3.943690001982616e-20,15,15,Internal
CMS,PEP,0.4916389614047956,63,4.951218172200475e-05,15,15,Internal
CMS,PLD,0.4303038532136612,63,0.0004815708018107041,15,16,External
CMS,PNW,0.7496805505990847,63,2.3685196321373742e-12,15,15,Internal
CMS,PPL,0.8721843684730949,63,2.730530468942134e-20,15,15,Internal
CMS,SO,0.8012277270048124,63,5.262673308340529e-15,15,15,Internal
CMS,SRE,0.7800552977583971,63,7.88751229654543e-14,15,15,Internal
CMS,STX,-0.4104765565590076,63,0.0009208361639316644,15,12,External
CMS,T,0.43469275930865364,63,0.0004149461275423621,15,15,Internal
CMS,UDR,0.43845995692601536,63,0.0003645730477352015,15,16,External
CMS,WEC,0.897037725540201,63,6.014264817590551e-23,15,15,Internal
CMS,XEL,0.7989585734590254,63,7.142452605587229e-15,15,15,Internal
CNC,COR,0.4164834746594931,63,0.0007597932152339219,9,9,Internal
CNC,CVS,0.40103880154474636,63,0.0012367323067732632,9,9,Internal
CNC,ELV,0.6383672573435228,63,2.3806240702842375e-08,9,9,Internal
CNC,HUM,0.4571696487146765,63,0.0001874085216152484,9,9,Internal
CNC,MOH,0.6840741884182147,63,8.845093793298881e-10,9,9,Internal
CNC,UNH,0.5415682315992929,63,5.482744449637931e-06,9,9,Internal
CNP,CPB,0.4349362830575273,63,0.0004115076637867177,15,15,Internal
CNP,D,0.7496106648486757,63,2.3857879306153064e-12,15,15,Internal
CNP,DTE,0.837456020607401,63,2.191759853745109e-17,15,15,Internal
CNP,DUK,0.770661501688466,63,2.3872520347440847e-13,15,15,Internal
CNP,ED,0.7699705611399522,63,2.5844985964138764e-13,15,15,Internal
CNP,EIX,0.6812350441750548,63,1.104011947785724e-09,15,15,Internal
CNP,ES,0.792631631935126,63,1.640352364246465e-14,15,15,Internal
CNP,ETR,0.6414802517346221,63,1.935622354117846e-08,15,15,Internal
CNP,EVRG,0.7396863147516655,63,6.537680170077625e-12,15,15,Internal
CNP,EXC,0.8228065783550946,63,2.3341061815990435e-16,15,15,Internal
CNP,FE,0.6859981680555388,63,7.600611002309806e-10,15,15,Internal
CNP,HON,0.5042266207440336,63,2.935762439226377e-05,15,9,External
CNP,KLAC,-0.5276179066384925,63,1.0504365173344644e-05,15,12,External
CNP,KO,0.40245028845828834,63,0.0011840071156208898,15,15,Internal
CNP,KR,0.4113655019813648,63,0.0008952089017357136,15,15,Internal
CNP,LH,0.40874379571992014,63,0.0009727021445032165,15,9,External
CNP,LHX,0.4023127459373772,63,0.0011890544168018562,15,9,External
CNP,LNT,0.8411393834278431,63,1.1652623060960227e-17,15,15,Internal
CNP,LRCX,-0.49612897874324446,63,4.118738747819766e-05,15,12,External
CNP,NEE,0.5967249419403489,63,3.078547637130819e-07,15,15,Internal
CNP,NFLX,-0.40267356209981503,63,0.0011758548636698952,15,9,External
CNP,NI,0.8286027396071104,63,9.402927306227473e-17,15,15,Internal
CNP,NVDA,-0.41438767491955303,63,0.0008128288378247439,15,12,External
CNP,O,0.42081059538607524,63,0.0006600741831935311,15,15,Internal
CNP,PCG,0.6684731336067772,63,2.9028265501879046e-09,15,15,Internal
CNP,PEG,0.7503000584910097,63,2.2205744829697813e-12,15,15,Internal
CNP,PEP,0.43443984240325495,63,0.00041854488139853903,15,15,Internal
CNP,PLD,0.4428448379874049,63,0.0003129949333444468,15,16,External
CNP,PNW,0.6874446328247157,63,6.776537382847775e-10,15,15,Internal
CNP,PPL,0.8313799855526353,63,6.009052094366248e-17,15,15,Internal
CNP,SO,0.7468362317544897,63,3.1772368201794867e-12,15,15,Internal
CNP,SRE,0.8369367811022702,63,2.3928844444640813e-17,15,15,Internal
CNP,WEC,0.815327170591497,63,7.194398985111359e-16,15,15,Internal
CNP,XEL,0.6972582987750511,63,3.0559466415367706e-10,15,15,Internal
COF,CPRT,-0.4342801261628887,63,0.0004208320911433856,4,12,External
COF,DAL,0.44537285272608723,63,0.00028637582727111805,4,23,External
COF,DOV,0.44652481811393246,63,0.000274945748907316,4,4,Internal
COF,FITB,0.5493051704859918,63,3.7745936832262326e-06,4,4,Internal
COF,GS,0.4681650187000886,63,0.00012445957138713405,4,4,Internal
COF,HBAN,0.5823219576736588,63,6.874517849653378e-07,4,4,Internal
COF,IVZ,0.5682328439976854,63,1.4544053558530431e-06,4,4,Internal
COF,JPM,0.46336525984127386,63,0.00014906185372412888,4,4,Internal
COF,KEY,0.5201222338998441,63,1.4723121519642135e-05,4,4,Internal
COF,MS,0.4447912716797963,63,0.000292309711615539,4,4,Internal
COF,MTB,0.5488219365987607,63,3.864693595656006e-06,4,4,Internal
COF,PFG,0.43908664490173993,63,0.000356755797953477,4,4,Internal
COF,PNC,0.5632270964350958,63,1.8824413819952606e-06,4,4,Internal
COF,PRU,0.5423841477678009,63,5.2733911705309255e-06,4,4,Internal
COF,RF,0.5556463951966558,63,2.7601882246745282e-06,4,4,Internal
COF,STT,0.4218009238260421,63,0.0006389897012390521,4,4,Internal
COF,SYF,0.8009442760810711,63,5.46849996038111e-15,4,4,Internal
COF,TFC,0.5560039099110756,63,2.711386794252621e-06,4,4,Internal
COF,URI,0.4286947819773702,63,0.0005083368251902498,4,23,External
COF,USB,0.5456291440755726,63,4.512369882290334e-06,4,4,Internal
COO,DG,0.44607589842714973,63,0.0002793495493255566,14,14,Internal
COO,ODFL,0.4025039127989806,63,0.0011820445334062917,14,27,External
COO,OXY,-0.4375529953614677,63,0.000376162973677241,14,22,External
COO,STE,0.5103824354557187,63,2.256426681316712e-05,14,9,External
COO,TT,0.4163038212999465,63,0.000764213573095792,14,23,External
COP,CTRA,0.7021055533250028,63,2.0378965326642268e-10,22,22,Internal
COP,CVX,0.7965739811158955,63,9.804580932017234e-15,22,22,Internal
COP,DVN,0.7664174622402475,63,3.870869161845761e-13,22,22,Internal
COP,EOG,0.8307459804889198,63,6.660505119465454e-17,22,22,Internal
COP,EQT,0.49197814366807285,63,4.883279833793236e-05,22,22,Internal
COP,FANG,0.8458327708747104,63,5.088135166877541e-18,22,22,Internal
COP,FCX,0.43783401336181094,63,0.0003725365000344801,22,23,External
COP,GS,0.41071371307656457,63,0.000913935214399371,22,4,External
COP,HAL,0.6441434926106242,63,1.6185453880776855e-08,22,22,Internal
COP,KMI,0.6722097176409627,63,2.197989274506363e-09,22,22,Internal
COP,MET,0.40483166696763,63,0.0010996238807844546,22,4,External
COP,MOS,0.4352340511702901,63,0.0004073385404523941,22,4,External
COP,MPC,0.5879516106665813,63,5.045199704909024e-07,22,22,Internal
COP,MS,0.44261805436815216,63,0.00031548992875115065,22,4,External
COP,OKE,0.6085114123726217,63,1.5483635050847136e-07,22,22,Internal
COP,OXY,0.7948320094387179,63,1.2325018461796857e-14,22,22,Internal
COP,PNC,0.49874837303585773,63,3.694921272162936e-05,22,4,External
COP,PSX,0.6566414148260801,63,6.826700272624219e-09,22,22,Internal
COP,RJF,0.4075906917677594,63,0.0010086634616354498,22,4,External
COP,SLB,0.6034168612824659,63,2.0910423768159214e-07,22,22,Internal
COP,STT,0.45014464531534515,63,0.00024168650819588117,22,4,External
COP,TPL,0.45247278618323494,63,0.00022228396206452937,22,22,Internal
COP,TRGP,0.6859849062198006,63,7.608589395337336e-10,22,22,Internal
COP,TSLA,-0.44002768405771225,63,0.00034530396315852086,22,31,External
COP,VLO,0.5175623370415274,63,1.6492485715321032e-05,22,22,Internal
COP,WMB,0.6104857936131265,63,1.3762048611665264e-07,22,22,Internal
COP,XOM,0.761159012223378,63,6.947888508843758e-13,22,22,Internal
COR,CVS,0.44344232219363816,63,0.00030650755897279494,9,9,Internal
COR,ELV,0.42889193697033084,63,0.0005049861523691081,9,9,Internal
COR,EXR,0.408832585148076,63,0.0009699816812960171,9,9,Internal
COR,FTNT,0.45107309020490416,63,0.00023377052935754682,9,9,Internal
COR,GL,0.43767755657475715,63,0.00037455159013208695,9,4,External
COR,GOOG,-0.40639835694452714,63,0.0010471053528390128,9,2,External
COR,HUM,0.5126655246283348,63,2.0439265928279518e-05,9,9,Internal
COR,MCK,0.6840077761445121,63,8.891329116894623e-10,9,9,Internal
COR,MMC,0.5356994066017826,63,7.2330787517059485e-06,9,9,Internal
COR,MNST,0.43289163220325144,63,0.00044120044006612573,9,9,Internal
COR,MOH,0.4765350586803343,63,9.028427808377566e-05,9,9,Internal
COR,MSI,0.5073928457707132,63,2.5657039597406617e-05,9,9,Internal
COR,RMD,0.46294526361741745,63,0.00015141413514872725,9,9,Internal
COR,UNH,0.4103057012659936,63,0.0009258369555400824,9,9,Internal
COST,WMT,0.5516856243660208,63,3.3586837349106144e-06,9,9,Internal
CPAY,FISV,0.44337892233412357,63,0.00030719007693362385,19,9,External
CPB,D,0.4414491795612393,63,0.00032863962756288874,15,15,Internal
CPB,DTE,0.421225793362338,63,0.0006511588831582336,15,15,Internal
CPB,ED,0.403307984553325,63,0.0011529657165531733,15,15,Internal
CPB,ES,0.44232174651762324,63,0.0003187771435909556,15,15,Internal
CPB,ETR,0.4526362859369328,63,0.00022097643786934417,15,15,Internal
CPB,GIS,0.6471457920244803,63,1.3201651764772128e-08,15,15,Internal
CPB,HRL,0.5419728863750904,63,5.377965105110522e-06,15,15,Internal
CPB,HSY,0.6009020452610889,63,2.42069937277445e-07,15,15,Internal
CPB,K,0.7001057187189075,63,2.4110264979757075e-10,15,15,Internal
CPB,KHC,0.6667908071630189,63,3.285842296805477e-09,15,15,Internal
CPB,KIM,0.41122978313060343,63,0.0008990793740495975,15,16,External
CPB,KMB,0.41501623636940954,63,0.0007965816554272878,15,15,Internal
CPB,KO,0.40332362442413455,63,0.001152406554157328,15,15,Internal
CPB,LNT,0.4108288592240227,63,0.0009106014822274619,15,15,Internal
CPB,MDLZ,0.5688526878690651,63,1.4082636848581794e-06,15,15,Internal
CPB,MKC,0.5314653188007868,63,8.805271952405548e-06,15,15,Internal
CPB,MSI,0.4324518016340762,63,0.0004478370629764807,15,9,External
CPB,NVDA,-0.4467429728204376,63,0.00027282867448686444,15,12,External
CPB,PEP,0.550155561664969,63,3.6207833513158103e-06,15,15,Internal
CPB,PPL,0.4835088862155505,63,6.865391038866412e-05,15,15,Internal
CPB,TAP,0.41215884544722103,63,0.0008728836711363099,15,15,Internal
CPB,TGT,0.433155212712071,63,0.00043726625872700327,15,4,External
CPB,WEC,0.4541392488773327,63,0.00020928253979512877,15,15,Internal
CPB,XEL,0.4395639814133046,63,0.0003509043681508043,15,15,Internal
CPRT,CTVA,-0.4296998559846993,63,0.0004914640273558902,12,4,External
CPRT,DXCM,0.4106471032353419,63,0.0009158687429011455,12,12,Internal
CPRT,FICO,0.46176512505502126,63,0.00015820722135013448,12,9,External
CPRT,FITB,-0.4307691702812497,63,0.00047407292045423423,12,4,External
CPRT,HCA,0.4238244423190007,63,0.0005977948769606854,12,12,Internal
CPRT,ISRG,0.5089764026708766,63,2.3973019650069894e-05,12,12,Internal
CPRT,KEY,-0.530412987480544,63,9.242611706449748e-06,12,4,External
CPRT,SNPS,0.5342273081678998,63,7.74733767065928e-06,12,12,Internal
CPRT,STT,-0.43354229103195013,63,0.0004315465841905694,12,4,External
CPRT,TSN,-0.40086198448379917,63,0.0012434839822911571,12,4,External
CPRT,USB,-0.40164816564741235,63,0.00121371605125429,12,4,External
CPT,DOC,0.7024447865256721,63,1.9803237657425278e-10,16,16,Internal
CPT,DOV,0.4010038382222625,63,0.0012380647418965673,16,4,External
CPT,EQIX,0.40762381992758423,63,0.0010076138004713664,16,15,External
CPT,EQR,0.7785850662901634,63,9.413571508561389e-14,16,16,Internal
CPT,ESS,0.6973704439378724,63,3.027707161433304e-10,16,16,Internal
CPT,FRT,0.6749900036451972,63,1.7824343758977244e-09,16,16,Internal
CPT,GEN,0.4173103252246146,63,0.0007397454017469495,16,20,External
CPT,GS,0.40786809845269467,63,0.0009999042403735167,16,4,External
CPT,ICE,0.43015485229658373,63,0.00048399441046432677,16,15,External
CPT,INVH,0.5489975386621039,63,3.8317224375957675e-06,16,16,Internal
CPT,IRM,0.4252663147311561,63,0.0005699274485823985,16,9,External
CPT,IVZ,0.40608448917616874,63,0.0010574419567806446,16,4,External
CPT,KIM,0.5997840718936236,63,2.582437872662981e-07,16,16,Internal
CPT,KLAC,-0.4068521885332185,63,0.001032320400793784,16,12,External
CPT,LRCX,-0.40298529916698317,63,0.001164557150921949,16,12,External
CPT,MAA,0.8341009145330482,63,3.844499368746951e-17,16,16,Internal
CPT,MCHP,-0.5048460041602417,63,2.859695453500712e-05,16,12,External
CPT,META,-0.43684420494984555,63,0.0003854530375330945,16,24,External
CPT,NXPI,-0.42189613214869887,63,0.0006369951952842662,16,12,External
CPT,O,0.6332507630677793,63,3.3283336731122546e-08,16,15,External
CPT,PFE,0.42123925324728606,63,0.0006508717019796944,16,16,Internal
CPT,PFG,0.40800438522572013,63,0.0009956261232910567,16,4,External
CPT,PLD,0.527683930260632,63,1.0472798086228662e-05,16,16,Internal
CPT,PRU,0.4258318441605683,63,0.0005593230975882497,16,4,External
CPT,REG,0.5816801030783506,63,7.118713650422431e-07,16,16,Internal
CPT,SPGI,0.40494973751549646,63,0.0010955847593979659,16,9,External
CPT,UDR,0.786099635834075,63,3.7571826070048107e-14,16,16,Internal
CPT,USB,0.40970800156544773,63,0.0009435246588766415,16,4,External
CPT,VICI,0.4245334807844822,63,0.0005839402765570565,16,16,Internal
CSCO,FFIV,0.42548150785806277,63,0.0005658710045160162,23,23,Internal
CSCO,PWR,0.49574015464085025,63,4.185350203680359e-05,23,23,Internal
CSGP,DGX,0.5275767539392648,63,1.0524085784640325e-05,9,9,Internal
CSGP,FISV,0.4808891208463288,63,7.614648371982498e-05,9,9,Internal
CSGP,GOOG,-0.5042346479504366,63,2.9347647391105898e-05,9,2,External
CSGP,GOOGL,-0.5225110138191192,63,1.3232673906909267e-05,9,2,External
CSGP,IT,0.421694718197851,63,0.0006412212661890498,9,9,Internal
CSGP,KEY,-0.4198276818368336,63,0.0006816221964183372,9,4,External
CSGP,SPGI,0.4048425441614923,63,0.0010992512182202898,9,9,Internal
CSGP,TDY,0.5494156056522035,63,3.754280097611143e-06,9,9,Internal
CSGP,UHS,0.5007306901658842,63,3.4014098385422994e-05,9,9,Internal
CSGP,UNP,-0.5901390112945871,63,4.466661489945788e-07,9,27,External
CSGP,WM,0.49474203782296444,63,4.360929215097156e-05,9,9,Internal
CSX,NSC,0.6992156957483175,63,2.5972139951151685e-10,15,15,Internal
CTAS,HON,0.5514539900676232,63,3.39718985714994e-06,9,9,Internal
CTAS,MMC,0.61186647008724,63,1.2667125261286865e-07,9,9,Internal
CTAS,MSI,0.44079506731669577,63,0.00033621456198105895,9,9,Internal
CTAS,RSG,0.4303767195375324,63,0.00048038959860422306,9,9,Internal
CTAS,VRSK,0.4920120461333368,63,4.876536708232678e-05,9,9,Internal
CTAS,WM,0.4097654275433672,63,0.0009418121047384855,9,9,Internal
CTRA,CVX,0.50722836879093,63,2.5838096505365354e-05,22,22,Internal
CTRA,DOW,0.4048283837200276,63,0.0010997363902043229,22,23,External
CTRA,DVN,0.7132490530259789,63,7.781208972247609e-11,22,22,Internal
CTRA,EOG,0.730611824827219,63,1.5804884189073718e-11,22,22,Internal
CTRA,EQT,0.7228189570663055,63,3.2804326100388586e-11,22,22,Internal
CTRA,FANG,0.7686505231130238,63,3.0054912560155475e-13,22,22,Internal
CTRA,HAL,0.5165720114015478,63,1.7228465908283906e-05,22,22,Internal
CTRA,KMI,0.5676879454733895,63,1.4961340194137042e-06,22,22,Internal
CTRA,MOS,0.41252390447406506,63,0.0008627806753440347,22,4,External
CTRA,MS,0.44276172483275955,63,0.0003139072184089691,22,4,External
CTRA,NRG,0.4242411895838811,63,0.0005896159588155437,22,22,Internal
CTRA,NUE,0.43078139333544785,63,0.00047387740272156485,22,23,External
CTRA,OKE,0.5020956419489421,63,3.2120186422683176e-05,22,22,Internal
CTRA,ORCL,-0.40846438909327526,63,0.000981308008509128,22,12,External
CTRA,OXY,0.6720544967817083,63,2.2237094048048376e-09,22,22,Internal
CTRA,PH,0.41712762188048685,63,0.0007441335537560362,22,23,External
CTRA,PSX,0.6011394941724255,63,2.387597725752493e-07,22,22,Internal
CTRA,RJF,0.43408113827029654,63,0.0004236975995563933,22,4,External
CTRA,SCHW,0.40430695542245876,63,0.001117736763546132,22,4,External
CTRA,SLB,0.4678477642065354,63,0.00012596275645336685,22,22,Internal
CTRA,STT,0.40262333724039506,63,0.0011776842737844385,22,4,External
CTRA,TPL,0.5354172838585237,63,7.329101456010153e-06,22,22,Internal
CTRA,TRGP,0.6444037517030666,63,1.590346533384829e-08,22,22,Internal
CTRA,WMB,0.6615690535739699,63,4.8033564871111955e-09,22,22,Internal
CTRA,XOM,0.5766493366895695,63,9.334750672635133e-07,22,22,Internal
CTSH,EPAM,0.45128467980066606,63,0.00023200000292055814,9,9,Internal
CTSH,EQIX,-0.40887415405459165,63,0.0009687103924914999,9,15,External
CTSH,EXPE,-0.5780879690715545,63,8.642606657277635e-07,9,23,External
CTSH,FICO,0.44401584410147826,63,0.0003003960081449478,9,9,Internal
CTSH,HST,-0.5191512265060184,63,1.5372403172561015e-05,9,23,External
CTSH,PYPL,-0.4335262806206092,63,0.00043178180643619105,9,23,External
CTSH,QCOM,-0.4328078430719961,63,0.00044245779761793334,9,23,External
CTSH,RSG,-0.4030209160544838,63,0.001163272596259166,9,9,Internal
CTSH,SPG,-0.4252509197174763,63,0.0005702186573645377,9,23,External
CTSH,TPL,0.4168223137968812,63,0.0007515190180258531,9,22,External
CTVA,FITB,0.4931731747966323,63,4.650716719907103e-05,4,4,Internal
CTVA,FTV,-0.45217912162825363,63,0.0002246502128857233,4,27,External
CTVA,GS,0.41850650121836863,63,0.0007115896853050951,4,4,Internal
CTVA,HBAN,0.4512092276668765,63,0.00023262995502189808,4,4,Internal
CTVA,HCA,-0.4252892030578907,63,0.0005694947473631551,4,12,External
CTVA,JPM,0.4103370321768093,63,0.0009249180939806631,4,4,Internal
CTVA,KEY,0.4596714555291372,63,0.0001709504423334659,4,4,Internal
CTVA,L,0.4207069074995657,63,0.0006623178026014512,4,4,Internal
CTVA,MET,0.43142501339220934,63,0.0004636851333066541,4,4,Internal
CTVA,MOS,0.5215620062803411,63,1.3807155146915416e-05,4,4,Internal
CTVA,MTB,0.46711697495619503,63,0.00012948896900549445,4,4,Internal
CTVA,ORLY,-0.40241869011128983,63,0.0011851649480143652,4,9,External
CTVA,PNC,0.550183132193324,63,3.6158960526965796e-06,4,4,Internal
CTVA,PRU,0.42641502212986937,63,0.0005485756602885749,4,4,Internal
CTVA,RF,0.4067780136122023,63,0.0010347239305386093,4,4,Internal
CTVA,TSN,0.4531258964821129,63,0.00021710294003104746,4,4,Internal
CTVA,WFC,0.5102222957866074,63,2.2720751256712634e-05,4,4,Internal
CVS,HRL,0.49630253937740887,63,4.089322759591415e-05,9,15,External
CVS,HUM,0.4125043557357299,63,0.0008633189965851712,9,9,Internal
CVS,KHC,0.4673194808322463,63,0.000128502864987146,9,15,External
CVS,MOH,0.40232027149567545,63,0.0011887777565041649,9,9,Internal
CVX,DVN,0.7041670484627922,63,1.7111197750556795e-10,22,22,Internal
CVX,EOG,0.6532406741085589,63,8.668537279253133e-09,22,22,Internal
CVX,FANG,0.6793756246106101,63,1.2748116008177122e-09,22,22,Internal
CVX,HAL,0.570370320236244,63,1.3010136488675795e-06,22,22,Internal
CVX,KMI,0.6634552490641583,63,4.1913671611227425e-09,22,22,Internal
CVX,MPC,0.54550504855223,63,4.539480174590832e-06,22,22,Internal
CVX,OKE,0.4999694029899141,63,3.5114785951747596e-05,22,22,Internal
CVX,OXY,0.7972115545581442,63,9.012028378376488e-15,22,22,Internal
CVX,PNC,0.41830568069371826,63,0.0007162477717338153,22,4,External
CVX,PSX,0.4919895017241683,63,4.881019782697638e-05,22,22,Internal
CVX,SLB,0.43964022875183584,63,0.00034997783476559575,22,22,Internal
CVX,TPL,0.42620484072758974,63,0.0005524273122946287,22,22,Internal
CVX,TRGP,0.6319146902715297,63,3.629050776580894e-08,22,22,Internal
CVX,URI,0.41389470739193757,63,0.0008257801613730291,22,23,External
CVX,VLO,0.4583795297623931,63,0.0001792762323720301,22,22,Internal
CVX,WMB,0.5263841451878262,63,1.1110779039629856e-05,22,22,Internal
CVX,XOM,0.840779767559065,63,1.2402705286015542e-17,22,22,Internal
D,DAY,-0.49058218632216355,63,5.168528194545801e-05,15,0,External
D,DTE,0.8309246576022169,63,6.470354023120783e-17,15,15,Internal
D,DUK,0.7416565564788596,63,5.371465971460184e-12,15,15,Internal
D,ED,0.759910006048333,63,7.966015930588915e-13,15,15,Internal
D,EIX,0.6898750202850904,63,5.579774570931643e-10,15,15,Internal
D,EQIX,0.4095988230306794,63,0.0009467883297053474,15,15,Internal
D,ES,0.7681521086183509,63,3.1808947422971447e-13,15,15,Internal
D,ETR,0.7083494798215217,63,1.19477496122667e-10,15,15,Internal
D,EVRG,0.6843106905479563,63,8.682291900555959e-10,15,15,Internal
D,EXC,0.7209051373532626,63,3.910066016625233e-11,15,15,Internal
D,FE,0.6931576353231257,63,4.2788294632230204e-10,15,15,Internal
D,GIS,0.41809954519092957,63,0.000721057837072512,15,15,Internal
D,HRL,0.5244468682131147,63,1.2129037416589179e-05,15,15,Internal
D,K,0.4596710525283803,63,0.00017095298326401216,15,15,Internal
D,KHC,0.4424464861486905,63,0.0003173895033821639,15,15,Internal
D,KLAC,-0.4424566618064944,63,0.00031727654981495535,15,12,External
D,KMI,0.4218127820685048,63,0.0006387409763257984,15,22,External
D,KO,0.5371868318702024,63,6.7459116955827585e-06,15,15,Internal
D,LNT,0.7722791661484376,63,1.9801869772088195e-13,15,15,Internal
D,MPWR,-0.4660191841800084,63,0.0001349566728997663,15,12,External
D,NEE,0.6211735692937602,63,7.168118201287787e-08,15,15,Internal
D,NFLX,-0.40259745063783675,63,0.0011786281781789643,15,9,External
D,NI,0.7616703291256252,63,6.568048123124804e-13,15,15,Internal
D,PCG,0.496782739234643,63,4.008945034403249e-05,15,15,Internal
D,PEG,0.8072099953224898,63,2.3077657394074097e-15,15,15,Internal
D,PEP,0.4453906734513413,63,0.00028619575104783703,15,15,Internal
D,PNW,0.6567958335186022,63,6.752572866060065e-09,15,15,Internal
D,PPL,0.8259581741822571,63,1.429633115632175e-16,15,15,Internal
D,SNPS,-0.5377993985116301,63,6.554317800093673e-06,15,12,External
D,SO,0.7910708890518222,63,2.004915148022582e-14,15,15,Internal
D,SRE,0.7342600327713491,63,1.1131076129974643e-11,15,15,Internal
D,T,0.40558321966697597,63,0.0010741411612299754,15,15,Internal
D,WEC,0.7776290894790586,63,1.0553294911806268e-13,15,15,Internal
D,XEL,0.6751397000533745,63,1.7623230467683905e-09,15,15,Internal
DAL,LUV,0.5539498895961422,63,3.003164712701841e-06,23,9,External
DAL,UAL,0.8451858812126092,63,5.713002752982369e-18,23,23,Internal
DAL,URI,0.4148509346232601,63,0.0008008256957931875,23,23,Internal
DAY,DTE,-0.531913153546797,63,8.625065894221167e-06,0,15,External
DAY,EQIX,-0.4437054616415907,63,0.0003036895501423757,0,15,External
DAY,ETR,-0.457056643552796,63,0.0001881850908372232,0,15,External
DAY,EXC,-0.42001527474503847,63,0.0006774611225834956,0,15,External
DAY,INTC,0.5004015563369689,63,3.448599008053672e-05,0,0,Internal
DAY,KHC,-0.4396823861877491,63,0.00034946650881493343,0,15,External
DAY,LNT,-0.47160472774502105,63,0.00010918683610570475,0,15,External
DAY,NI,-0.4525826563738809,63,0.0002214045414675041,0,15,External
DAY,PEG,-0.4577892995684453,63,0.0001832022208362251,0,15,External
DAY,PNW,-0.45454465174998937,63,0.00020622676165851607,0,15,External
DAY,PPL,-0.42026588319596764,63,0.0006719381817792325,0,15,External
DAY,SO,-0.4852728560966466,63,6.399843893788671e-05,0,15,External
DAY,SRE,-0.4387288101205267,63,0.00036120047858284853,0,15,External
DAY,WEC,-0.43238057578295847,63,0.00044892029460492396,0,15,External
DAY,XEL,-0.5325320849815084,63,8.381659418243803e-06,0,15,External
DD,DOW,0.5990358633084558,63,2.696304105599188e-07,23,23,Internal
DD,FANG,0.4275489593599539,63,0.0005282131964168726,23,22,External
DD,FCX,0.4598707814380193,63,0.0001696979210844456,23,23,Internal
DD,IP,0.5961177325997069,63,3.1871298091861436e-07,23,23,Internal
DD,IR,0.4318276420393706,63,0.000457410929805614,23,23,Internal
DD,LYB,0.5293830255064556,63,9.69016244092199e-06,23,23,Internal
DD,MAS,0.434996562659212,63,0.00041066055241375106,23,27,External
DD,MHK,0.4122581156805447,63,0.0008701258430958698,23,27,External
DD,NOW,-0.42176652441969587,63,0.0006397117205951047,23,9,External
DD,NUE,0.4000638851116586,63,0.0012743736293184672,23,23,Internal
DD,PFG,0.43974503019508854,63,0.0003487079595854943,23,4,External
DD,PH,0.5169435635788266,63,1.694883724724921e-05,23,23,Internal
DD,PKG,0.4897779008813241,63,5.339783097029141e-05,23,23,Internal
DD,PNR,0.44729492073190846,63,0.000267538632805323,23,23,Internal
DD,PPG,0.4206193743388189,63,0.0006642172394287782,23,23,Internal
DD,PRU,0.45717073197438796,63,0.00018740109170014286,23,4,External
DD,SCHW,0.40350770966101107,63,0.0011458434036721735,23,4,External
DD,TDG,0.48718101980190465,63,5.9291474697057065e-05,23,23,Internal
DD,TPL,0.4613240680865415,63,0.00016081696046392737,23,22,External
DD,TSLA,-0.42523590447169496,63,0.0005705028126002384,23,31,External
DD,TXT,0.40815341263725335,63,0.0009909669784082032,23,23,Internal
DD,URI,0.4837289362278822,63,6.805657716954084e-05,23,23,Internal
DD,WAB,0.5264324123101647,63,1.1086455469684967e-05,23,23,Internal
DE,KEYS,0.46746038313630284,63,0.00012782081376749965,23,23,Internal
DG,DLTR,0.40791864079284595,63,0.0009983157574873593,14,14,Internal
DGX,GOOG,-0.5100300875565882,63,2.290990089342551e-05,9,2,External
DGX,GOOGL,-0.5286839381111039,63,1.000534074232685e-05,9,2,External
DGX,LH,0.5454011843112944,63,4.562287464545443e-06,9,9,Internal
DGX,TDY,0.501689137727134,63,3.267375729119335e-05,9,9,Internal
DGX,UHS,0.45075815484374565,63,0.00023642871591603545,9,9,Internal
DGX,UNP,-0.4731079953896451,63,0.00010306975512850013,9,27,External
DGX,WM,0.581555963468179,63,7.166872893572767e-07,9,9,Internal
DHI,HD,0.42976802343661125,63,0.00049033830019573,27,23,External
DHI,LEN,0.920310637014851,63,3.881673134328231e-26,27,27,Internal
DHI,MAS,0.5817978950143423,63,7.073297947988578e-07,27,27,Internal
DHI,MLM,0.4432709846138493,63,0.00030835524882088155,27,27,Internal
DHI,NVR,0.7407809909420838,63,5.86283990914472e-12,27,27,Internal
DHI,PHM,0.7804344055218864,63,7.53420938902698e-14,27,27,Internal
DHI,SHW,0.4332285914651583,63,0.00043617670666423134,27,27,Internal
DHI,STE,0.42535636990207587,63,0.0005682266862654198,27,9,External
DHI,UHS,0.42984175662144414,63,0.0004891232981373838,27,9,External
DHI,VMC,0.4209191488824418,63,0.0006577326621044733,27,27,Internal
DHR,IQV,0.4763329478424349,63,9.099577882782952e-05,29,29,Internal
DHR,JBHT,0.4380255825556946,63,0.00037008262982547014,29,29,Internal
DHR,MTD,0.4815944504665599,63,7.405840711046134e-05,29,29,Internal
DHR,ROP,0.4186439983563588,63,0.0007084162398611034,29,9,External
DHR,RVTY,0.6315734261351457,63,3.7098777850309944e-08,29,29,Internal
DHR,TMO,0.737130645037943,63,8.41352417336868e-12,29,29,Internal
DHR,UNP,0.4130531412642822,63,0.0008483216483209399,29,27,External
DHR,WAT,0.6552943496580936,63,7.506856849352368e-09,29,29,Internal
DHR,ZTS,0.4815759881826885,63,7.411238401705222e-05,29,29,Internal
DIS,PSKY,0.46828115555265565,63,0.0001239134353655979,14,14,Internal
DIS,VRSK,-0.40066458043924674,63,0.0012510609342643525,14,9,External
DLR,EL,0.4100055119958808,63,0.0009346826692436944,16,16,Internal
DLR,EQIX,0.5107661174760679,63,2.2193399130653234e-05,16,15,External
DLR,ESS,0.5701403615622155,63,1.316757116357153e-06,16,16,Internal
DLR,INVH,0.504585881736581,63,2.8914161700167583e-05,16,16,Internal
DLR,LYV,-0.492389128842515,63,4.8021134329197186e-05,16,9,External
DLR,NXPI,-0.4169388336041043,63,0.0007486925890765163,16,12,External
DLR,TROW,0.5152087341358527,63,1.829156961974402e-05,16,4,External
DOC,DTE,0.41797637889165024,63,0.0007239457972672686,16,15,External
DOC,EQIX,0.44876257969213945,63,0.0002539246895849328,16,15,External
DOC,EQR,0.6674629749201288,63,3.1273912510380243e-09,16,16,Internal
DOC,ESS,0.5971153338048281,63,3.010585176887999e-07,16,16,Internal
DOC,EXC,0.44626113555583613,63,0.0002775246682436783,16,15,External
DOC,FITB,0.40066532909329794,63,0.0012510321203988246,16,4,External
DOC,FRT,0.6433920009659302,63,1.702647433014202e-08,16,16,Internal
DOC,INVH,0.6243881507575566,63,5.862862332049612e-08,16,16,Internal
DOC,KEY,0.45617301743510347,63,0.00019435973221801112,16,4,External
DOC,KIM,0.6493987748902064,63,1.1312970100051474e-08,16,16,Internal
DOC,KO,0.46839018698310025,63,0.00012340271702256897,16,15,External
DOC,LNT,0.4053158584425297,63,0.0010831448584138305,16,15,External
DOC,MAA,0.7230287972412831,63,3.217599111122416e-11,16,16,Internal
DOC,MET,0.45548885708487746,63,0.00019926735933650165,16,4,External
DOC,NI,0.4691803275568734,63,0.00011975897786279329,16,15,External
DOC,NSC,0.40553591070205725,63,0.0010757294154984446,16,15,External
DOC,O,0.6784934649221094,63,1.3643516808019528e-09,16,15,External
DOC,PEP,0.44111506431937186,63,0.00033248917601877035,16,15,External
DOC,PFG,0.4451435540791095,63,0.0002887021084656635,16,4,External
DOC,PLD,0.552604201701678,63,3.209961639903174e-06,16,16,Internal
DOC,PPL,0.4475572887775877,63,0.00026505701719014906,16,15,External
DOC,PRU,0.468638604000365,63,0.00012224631062061187,16,4,External
DOC,REG,0.5769628626624497,63,9.179620267630402e-07,16,16,Internal
DOC,SO,0.4071826692546782,63,0.0010216727327629033,16,15,External
DOC,SPG,0.42566238760392877,63,0.0005624816633548129,16,23,External
DOC,STZ,0.4687862894581768,63,0.00012156354684929149,16,16,Internal
DOC,T,0.4104061333645266,63,0.0009228944296199087,16,15,External
DOC,TGT,0.46002441626664103,63,0.00016873825919823239,16,4,External
DOC,UDR,0.6817346937140066,63,1.0619622485192886e-09,16,16,Internal
DOC,USB,0.42824567185190054,63,0.000516045035918506,16,4,External
DOC,VTR,0.5692839284399938,63,1.3769746949481517e-06,16,16,Internal
DOC,WEC,0.4259953191668962,63,0.0005562912886425272,16,15,External
DOC,WELL,0.49359535687887024,63,4.57103341804396e-05,16,16,Internal
DOV,HUBB,0.44477463564985875,63,0.00029248108860861,4,23,External
DOV,IEX,0.5123531324821929,63,2.0718633324283215e-05,4,23,External
DOV,IVZ,0.6487600106808082,63,1.1820707181075937e-08,4,4,Internal
DOV,MAA,0.42486715195587116,63,0.0005775217028512475,4,16,External
DOV,MSFT,-0.40310088488051066,63,0.0011603930974024533,4,25,External
DOV,PFG,0.45944615973248953,63,0.0001723763501425154,4,4,Internal
DOV,PRU,0.43174494524657103,63,0.000458693267058841,4,4,Internal
DOV,RTX,0.5359336941383838,63,7.154229424025771e-06,4,4,Internal
DOV,URI,0.40870001532731687,63,0.0009740460865947175,4,23,External
DOV,WAB,0.41624421529672273,63,0.0007656853070733793,4,23,External
DOV,WY,0.4810166883197091,63,7.576485689753787e-05,4,23,External
DOW,DVN,0.40864672416384223,63,0.0009756842453108632,23,22,External
DOW,FANG,0.4030941855161901,63,0.0011606340799499009,23,22,External
DOW,FCX,0.46475814533515303,63,0.00014149857821152005,23,23,Internal
DOW,IP,0.46004535251015566,63,0.0001686078692501785,23,23,Internal
DOW,LYB,0.8006079127384503,63,5.722761982191569e-15,23,23,Internal
DOW,TXT,0.44280811142039866,63,0.0003133977609645438,23,23,Internal
DOW,URI,0.4270797706054401,63,0.0005365538276651223,23,23,Internal
DOW,WAB,0.4887513177157745,63,5.565982448741829e-05,23,23,Internal
DOW,XOM,0.4243155493688673,63,0.0005881673212191011,23,22,External
DRI,FRT,0.4086571652080619,63,0.000975363094193345,4,16,External
DRI,HIG,0.41504963240095694,63,0.0007957267028450128,4,4,Internal
DRI,MCD,0.46098318078794975,63,0.00016286097388554892,4,23,External
DRI,MSFT,-0.4246850023992059,63,0.0005810175937839301,4,25,External
DRI,PFG,0.4074008319817735,63,0.0010146981911599785,4,4,Internal
DRI,UPS,0.40731475831848013,63,0.0010174447725493987,4,4,Internal
DTE,DUK,0.8563232424960437,63,7.196281163868941e-19,15,15,Internal
DTE,ED,0.8693998476118828,63,5.0000822434566345e-20,15,15,Internal
DTE,EIX,0.713194925779576,63,7.818538082875885e-11,15,15,Internal
DTE,EQIX,0.4931821691330688,63,4.6490058187827377e-05,15,15,Internal
DTE,ES,0.8390371033903818,63,1.6744150283489665e-17,15,15,Internal
DTE,ETR,0.7741898700687208,63,1.5846985798006536e-13,15,15,Internal
DTE,EVRG,0.7914727320295976,63,1.904259077640788e-14,15,15,Internal
DTE,EXC,0.8489010984668311,63,2.915893747241957e-18,15,15,Internal
DTE,FE,0.8072615171505638,63,2.291154742544516e-15,15,15,Internal
DTE,HRL,0.4288368882246872,63,0.0005059196875530518,15,15,Internal
DTE,INVH,0.4226840457226638,63,0.0006207046472518693,15,16,External
DTE,KHC,0.43685139010733104,63,0.00038535782315041487,15,15,Internal
DTE,KLAC,-0.44615125089134616,63,0.00027860588940809396,15,12,External
DTE,KO,0.5462107344405315,63,4.387315642923002e-06,15,15,Internal
DTE,LNT,0.9226116936519003,63,1.666584960793374e-26,15,15,Internal
DTE,MPWR,-0.40700233480252973,63,0.001027470536071939,15,12,External
DTE,NEE,0.7138071589337,63,7.406076081341593e-11,15,15,Internal
DTE,NFLX,-0.43321199013491596,63,0.0004364229923233278,15,9,External
DTE,NI,0.8735123008752929,63,2.0360165986859245e-20,15,15,Internal
DTE,NVDA,-0.40590986081400754,63,0.001063232738210616,15,12,External
DTE,O,0.46810350363962644,63,0.00012474974212986213,15,15,Internal
DTE,PCG,0.658329174960172,63,6.056729107311024e-09,15,15,Internal
DTE,PEG,0.8623125225958298,63,2.194908807962806e-19,15,15,Internal
DTE,PEP,0.49890467984285175,63,3.6709534450314324e-05,15,15,Internal
DTE,PNW,0.7590690455693466,63,8.730227577975235e-13,15,15,Internal
DTE,PPL,0.9057942016906186,63,4.754605541228946e-24,15,15,Internal
DTE,SO,0.8610386024275191,63,2.8386236747501587e-19,15,15,Internal
DTE,SRE,0.8259203684187755,63,1.438148249073419e-16,15,15,Internal
DTE,T,0.44560294723562344,63,0.0002840586860264827,15,15,Internal
DTE,WEC,0.8788677292590741,63,6.022441004996321e-21,15,15,Internal
DTE,XEL,0.7771644359827103,63,1.1153837478240556e-13,15,15,Internal
DUK,ED,0.8353356179501297,63,3.130865725353284e-17,15,15,Internal
DUK,EIX,0.7237318237091545,63,3.0153409954891416e-11,15,15,Internal
DUK,EQIX,0.43821377924116983,63,0.0003676863065865618,15,15,Internal
DUK,ES,0.7580485176288919,63,9.751883601861552e-13,15,15,Internal
DUK,ETR,0.7173578807642922,63,5.3934783474584656e-11,15,15,Internal
DUK,EVRG,0.7279001364120835,63,2.043512978559526e-11,15,15,Internal
DUK,EXC,0.8295589535715749,63,8.06688098043189e-17,15,15,Internal
DUK,FE,0.7994487164583524,63,6.688672257481101e-15,15,15,Internal
DUK,HRL,0.40285644684959176,63,0.0011692150015991205,15,15,Internal
DUK,INVH,0.4871390216362661,63,5.939154017387001e-05,15,16,External
DUK,KIM,0.42069959614213254,63,0.0006624762677332352,15,16,External
DUK,KLAC,-0.4959933960074845,63,4.141854009498342e-05,15,12,External
DUK,KO,0.4635129099920073,63,0.00014824290378966706,15,15,Internal
DUK,LNT,0.8643899268643928,63,1.4350475218530787e-19,15,15,Internal
DUK,LRCX,-0.42808439658012254,63,0.0005188388556555144,15,12,External
DUK,MPWR,-0.4253459981711991,63,0.000568422329558747,15,12,External
DUK,NEE,0.6417413947719277,63,1.902109070210037e-08,15,15,Internal
DUK,NFLX,-0.4293886898757315,63,0.0004966325572882328,15,9,External
DUK,NI,0.8048422764105114,63,3.2089473032750684e-15,15,15,Internal
DUK,NVDA,-0.4908546156377908,63,5.1116800771668745e-05,15,12,External
DUK,PCG,0.669809662523465,63,2.6291317744520505e-09,15,15,Internal
DUK,PEG,0.800447999454159,63,5.8475788950166036e-15,15,15,Internal
DUK,PEP,0.48997539787285843,63,5.297251901510755e-05,15,15,Internal
DUK,PLD,0.43888482847888366,63,0.00035925640091998153,15,16,External
DUK,PNW,0.7279886613237334,63,2.026541939701195e-11,15,15,Internal
DUK,PPL,0.8075074853480783,63,2.213419880988614e-15,15,15,Internal
DUK,SNPS,-0.4319098890465092,63,0.0004561388012719965,15,12,External
DUK,SO,0.8304080279867303,63,7.034925989628494e-17,15,15,Internal
DUK,SRE,0.7766590028556408,63,1.1844176684249524e-13,15,15,Internal
DUK,TER,-0.40464444423770746,63,0.001106056172829388,15,12,External
DUK,WEC,0.7917341272251663,63,1.841400753965085e-14,15,15,Internal
DUK,WELL,0.40595048729146643,63,0.0010618829938086227,15,16,External
DUK,XEL,0.67663738760519,63,1.572620521354185e-09,15,15,Internal
DVA,FTNT,-0.5106625460411346,63,2.2292950438814334e-05,7,9,External
DVN,EOG,0.7578533726194594,63,9.959836426084377e-13,22,22,Internal
DVN,EQT,0.5071036813572426,63,2.597614116764922e-05,22,22,Internal
DVN,FANG,0.7680835406721023,63,3.205777974415866e-13,22,22,Internal
DVN,GNRC,0.49157194953913197,63,4.9647435224395525e-05,22,1,External
DVN,HAL,0.572031257809071,63,1.1924320886998209e-06,22,22,Internal
DVN,KMI,0.5177848281803212,63,1.6331204567683095e-05,22,22,Internal
DVN,OKE,0.4515397676704654,63,0.00022988180108795303,22,22,Internal
DVN,OXY,0.7450202259314442,63,3.824923280786946e-12,22,22,Internal
DVN,PEP,-0.4430628127236928,63,0.00031061382899600894,22,15,External
DVN,PSX,0.632772217368657,63,3.433228424898764e-08,22,22,Internal
DVN,SLB,0.4124390534079854,63,0.0008651194533426912,22,22,Internal
DVN,TPL,0.48191829257223573,63,7.311748369696803e-05,22,22,Internal
DVN,TRGP,0.6554431263489038,63,7.42869839750461e-09,22,22,Internal
DVN,VLO,0.4054848389306055,63,0.0010774463704348682,22,22,Internal
DVN,WMB,0.5663683792817802,63,1.601879846331638e-06,22,22,Internal
DVN,XOM,0.6732405861689574,63,2.0342016572834084e-09,22,22,Internal
DXCM,ISRG,0.4163783777302744,63,0.0007623763007685671,12,12,Internal
DXCM,PODD,0.6783369903746526,63,1.3808448404149153e-09,12,12,Internal
EA,GNRC,0.5194531032999935,63,1.5167753110759176e-05,1,1,Internal
EA,JCI,0.4672144889837629,63,0.00012901325948380302,1,1,Internal
EA,PAYC,0.6136230297518563,63,1.1392554198065103e-07,1,1,Internal
EA,TTWO,0.4690989516535487,63,0.00012012962446373025,1,1,Internal
EA,WAT,-0.48108696068967155,63,7.555538584280946e-05,1,29,External
EBAY,ESS,0.42855057230784305,63,0.0005108004612157576,9,16,External
EBAY,EW,0.547770394427097,63,4.0677411852744326e-06,9,9,Internal
EBAY,GWW,0.5795624838902316,63,7.983365110169953e-07,9,9,Internal
EBAY,HON,0.5940108364883566,63,3.5924772989168615e-07,9,9,Internal
EBAY,KLAC,-0.4148656160269916,63,0.0008004479322969016,9,12,External
EBAY,LHX,0.629473824412668,63,4.24582070284159e-08,9,9,Internal
EBAY,LRCX,-0.5987403591734961,63,2.742563370668792e-07,9,12,External
EBAY,LUV,0.6347278217746266,63,3.023339782505303e-08,9,9,Internal
EBAY,META,-0.4210948047204356,63,0.0006539596698269225,9,24,External
EBAY,ON,-0.43799147245018216,63,0.0003705184764837824,9,12,External
EBAY,ORLY,0.41070276650935494,63,0.0009142527144043414,9,9,Internal
EBAY,RCL,-0.44937392672906135,63,0.0002484430174076948,9,23,External
EBAY,ROL,0.5295965136299725,63,9.595770463392722e-06,9,9,Internal
EBAY,SPGI,0.4226730459516885,63,0.0006209294490349253,9,9,Internal
EBAY,TFC,0.40264996333137987,63,0.0011767141155764687,9,4,External
EBAY,TXT,-0.5399319592242279,63,5.926155792459088e-06,9,23,External
EBAY,UDR,0.4590822961819961,63,0.0001747022944312757,9,16,External
EBAY,VICI,0.4273391086336915,63,0.0005319289878465462,9,16,External
EBAY,WTW,0.539911893089804,63,5.931795373923401e-06,9,9,Internal
ECL,SPGI,0.4109651027893524,63,0.0009066711209031411,9,9,Internal
ED,EIX,0.7952276727990215,63,1.170317429329753e-14,15,15,Internal
ED,EQIX,0.4852561954477137,63,6.404101323299141e-05,15,15,Internal
ED,ES,0.8002684099130382,63,5.990862940462184e-15,15,15,Internal
ED,ETR,0.7728437574413174,63,1.8544382079607704e-13,15,15,Internal
ED,EVRG,0.7560200369420896,63,1.2131786218244765e-12,15,15,Internal
ED,EXC,0.821993553765739,63,2.6446105371285433e-16,15,15,Internal
ED,FE,0.8009104558051259,63,5.49356732852505e-15,15,15,Internal
ED,HRL,0.41078670281215435,63,0.0009118207258576528,15,15,Internal
ED,INVH,0.4493213525373375,63,0.00024891014010702367,15,16,External
ED,KHC,0.41478331973041327,63,0.0008025675595293135,15,15,Internal
ED,KLAC,-0.503593119124688,63,3.01549828856915e-05,15,12,External
ED,KO,0.5307892311368864,63,9.083977030882328e-06,15,15,Internal
ED,LNT,0.8730668434482534,63,2.2474970854132646e-20,15,15,Internal
ED,LRCX,-0.43188355625514047,63,0.0004565457444966923,15,12,External
ED,MPWR,-0.5275286909483964,63,1.0547161453143993e-05,15,12,External
ED,NEE,0.6507561883605936,63,1.0301709896343756e-08,15,15,Internal
ED,NFLX,-0.4132961857987357,63,0.0008417552212519556,15,9,External
ED,NI,0.829631291594472,63,7.973588113101207e-17,15,15,Internal
ED,NVDA,-0.42578746794924943,63,0.0005601486831967867,15,12,External
ED,O,0.5516108054348238,63,3.3710765742506796e-06,15,15,Internal
ED,PCG,0.7096549272060202,63,1.0666885926800737e-10,15,15,Internal
ED,PEG,0.8591912701709093,63,4.1032115819165157e-19,15,15,Internal
ED,PEP,0.5551795762301845,63,2.8251465706162906e-06,15,15,Internal
ED,PNW,0.7575125316334576,63,1.0333250026259417e-12,15,15,Internal
ED,PPL,0.8093902225184095,63,1.6966969434188298e-15,15,15,Internal
ED,RSG,0.47514402959568725,63,9.528671148953558e-05,15,9,External
ED,SNPS,-0.4120210498952435,63,0.0008767248615331142,15,12,External
ED,SO,0.7892626285993941,63,2.5244008209482316e-14,15,15,Internal
ED,SRE,0.8055301527754022,63,2.917224705508189e-15,15,15,Internal
ED,SYY,0.4186768866191506,63,0.0007076590777544865,15,15,Internal
ED,TAP,0.4066075046865486,63,0.0010402681678786782,15,15,Internal
ED,WEC,0.8281781179772933,63,1.0062077672487096e-16,15,15,Internal
ED,WELL,0.4032054440638847,63,0.001156637839044899,15,16,External
ED,WM,0.41608092725742135,63,0.000769730202151979,15,9,External
ED,XEL,0.7326599192694291,63,1.2990342452221535e-11,15,15,Internal
EFX,GPC,0.6096936862777791,63,1.4429856665208294e-07,27,27,Internal
EFX,GS,-0.42889708994841785,63,0.0005048988465809933,27,4,External
EFX,JNJ,-0.49344107122699754,63,4.60000609443682e-05,27,23,External
EFX,NVR,0.4506616785952917,63,0.0002372485285178142,27,27,Internal
EFX,PHM,0.4193665525427753,63,0.0006919492709595288,27,27,Internal
EFX,SNA,0.6005416119054083,63,2.4717721341066166e-07,27,27,Internal
EG,GL,0.4299726841902954,63,0.00048697256679583543,9,4,External
EG,MMC,0.46600825692786235,63,0.0001350121473537509,9,9,Internal
EG,TRV,0.49316388693440527,63,4.6524840659809685e-05,9,4,External
EG,WTW,0.4247050738030528,63,0.0005806314359241767,9,9,Internal
EIX,ES,0.7044432741471501,63,1.6713254756548202e-10,15,15,Internal
EIX,ETR,0.6858013738031392,63,7.71982369589664e-10,15,15,Internal
EIX,EVRG,0.7333507510230115,63,1.215393129352869e-11,15,15,Internal
EIX,EXC,0.7264990336652274,63,2.3308460413840264e-11,15,15,Internal
EIX,FE,0.7352940414658489,63,1.0067724156130415e-11,15,15,Internal
EIX,HRL,0.41342739107680176,63,0.0008382295252817094,15,15,Internal
EIX,INVH,0.5304058364721183,63,9.245651589257006e-06,15,16,External
EIX,JBL,-0.4053299039009108,63,0.0010826701737890558,15,20,External
EIX,KLAC,-0.4349000998611351,63,0.00041201691108066726,15,12,External
EIX,KO,0.46411830966359946,63,0.0001449279987308139,15,15,Internal
EIX,LNT,0.6925128969063378,63,4.5090943647689336e-10,15,15,Internal
EIX,LRCX,-0.47861671251567295,63,8.324831428335257e-05,15,12,External
EIX,MDLZ,0.4089419110074324,63,0.0009666414257153184,15,15,Internal
EIX,MPWR,-0.5391373284142711,63,6.1533506823987804e-06,15,12,External
EIX,NEE,0.5452760032350236,63,4.589917785789829e-06,15,15,Internal
EIX,NI,0.7350265482268104,63,1.0333116159077363e-11,15,15,Internal
EIX,NXPI,-0.5083837805605421,63,2.4590861628904727e-05,15,12,External
EIX,ON,-0.4550729896945243,63,0.00020230563672319192,15,12,External
EIX,PCG,0.7182045441835626,63,4.997139039761774e-11,15,15,Internal
EIX,PEG,0.756405492166869,63,1.1640582451202237e-12,15,15,Internal
EIX,PEP,0.5166887455532182,63,1.7140154152351557e-05,15,15,Internal
EIX,PG,0.44602766962949286,63,0.00027982647431615395,15,15,Internal
EIX,PNW,0.6644488975992165,63,3.899464579117073e-09,15,15,Internal
EIX,PPL,0.7366113368153411,63,8.852888162385608e-12,15,15,Internal
EIX,SNPS,-0.5402967692098206,63,5.824493721600127e-06,15,12,External
EIX,SO,0.6831702103486433,63,9.494490884539165e-10,15,15,Internal
EIX,SRE,0.7615817184694051,63,6.632420248306647e-13,15,15,Internal
EIX,SWKS,-0.41378499829707266,63,0.0008286877147791281,15,12,External
EIX,TER,-0.4477046246061166,63,0.0002636726747159257,15,12,External
EIX,WEC,0.6831048308150698,63,9.543173123354962e-10,15,15,Internal
EIX,XEL,0.5599810554939854,63,2.2202311612644e-06,15,15,Internal
ELV,HUM,0.7027779555128698,63,1.9252886517666245e-10,9,9,Internal
ELV,MOH,0.7819404081600221,63,6.274596355553041e-14,9,9,Internal
ELV,UNH,0.7593993837278908,63,8.422036646576849e-13,9,9,Internal
ELV,WM,0.40182746631450167,63,0.0012070175070877272,9,9,Internal
EMR,IR,0.4626748507312346,63,0.00015294661051162758,23,23,Internal
EMR,NDSN,0.4181253932006454,63,0.0007204530877398479,23,23,Internal
EMR,PAYC,-0.4860168684901906,63,6.212360286416167e-05,23,1,External
EMR,PH,0.4546209865750391,63,0.00020565596713613537,23,23,Internal
EMR,PWR,0.42762078090488337,63,0.0005269468888101576,23,23,Internal
EMR,TT,0.49549325305456743,63,4.2281636926908205e-05,23,23,Internal
EOG,EQT,0.49000378486896756,63,5.291164504642141e-05,22,22,Internal
EOG,FANG,0.8105850819341816,63,1.4310837574220987e-15,22,22,Internal
EOG,HAL,0.7056423704380302,63,1.50856202885126e-10,22,22,Internal
EOG,KMI,0.5691085073449916,63,1.3896230866127427e-06,22,22,Internal
EOG,MOS,0.42895250431155996,63,0.0005039608393300835,22,4,External
EOG,MPC,0.47206416129418904,63,0.00010728279953856136,22,22,Internal
EOG,OKE,0.5452360785284647,63,4.59876287599689e-06,22,22,Internal
EOG,OXY,0.7614647356521446,63,6.718327582602753e-13,22,22,Internal
EOG,PNC,0.4556772200261283,63,0.00019790499681308465,22,4,External
EOG,PSX,0.6139921244340435,63,1.1140577138930685e-07,22,22,Internal
EOG,RJF,0.4072423721398258,63,0.001019759780023588,22,4,External
EOG,SLB,0.6055395723626572,63,1.8461627632551049e-07,22,22,Internal
EOG,TRGP,0.6215048612868058,63,7.021891769876693e-08,22,22,Internal
EOG,WMB,0.5880209460668336,63,5.025828537572584e-07,22,22,Internal
EOG,XOM,0.6222729678716594,63,6.693617155224794e-08,22,22,Internal
EPAM,NFLX,0.42712868743467675,63,0.0005356786977719559,9,9,Internal
EPAM,NOW,0.43699674533917765,63,0.00038343623665683987,9,9,Internal
EQIX,EQR,0.5227729461451631,63,1.3078071604606343e-05,15,16,External
EQIX,ETR,0.4538297269372432,63,0.0002116434378589419,15,15,Internal
EQIX,EVRG,0.41538244441153777,63,0.0007872518074256141,15,15,Internal
EQIX,EXC,0.5133015117591267,63,1.9881279919216947e-05,15,15,Internal
EQIX,EXPE,0.5088334544690123,63,2.4120720016602414e-05,15,23,External
EQIX,FE,0.4283489782503379,63,0.0005142626154719331,15,15,Internal
EQIX,ICE,0.49817444024542284,63,3.784174303099461e-05,15,15,Internal
EQIX,INVH,0.46397063443812475,63,0.0001457302713345762,15,16,External
EQIX,IRM,0.5347976137114224,63,7.544195578502723e-06,15,9,External
EQIX,LNT,0.48139144166598896,63,7.465392583952358e-05,15,15,Internal
EQIX,NI,0.478184700847852,63,8.466557964340412e-05,15,15,Internal
EQIX,O,0.5151182224261276,63,1.8364264026140465e-05,15,15,Internal
EQIX,PEG,0.48948256829698267,63,5.4039718114540274e-05,15,15,Internal
EQIX,PLD,0.4231828748431877,63,0.0006105873237159837,15,16,External
EQIX,PNW,0.4320961289385344,63,0.00045327007934704475,15,15,Internal
EQIX,PPL,0.44294772030689467,63,0.0003118690040038419,15,15,Internal
EQIX,PYPL,0.5371344518477582,63,6.762534664800326e-06,15,23,External
EQIX,REGN,-0.4993857501674952,63,3.5980864534483585e-05,15,9,External
EQIX,SO,0.5097595747452291,63,2.317858343033955e-05,15,15,Internal
EQIX,SPG,0.5344581708135517,63,7.664498520706776e-06,15,23,External
EQIX,SPGI,0.44086931049671396,63,0.00033534685267014324,15,9,External
EQIX,SRE,0.4045720192757031,63,0.0011085535122457874,15,15,Internal
EQIX,SYY,0.4221618591800259,63,0.0006314583352936959,15,15,Internal
EQIX,UDR,0.465409962642103,63,0.00013808165815124338,15,16,External
EQIX,WEC,0.41219656225650403,63,0.0008718349309100198,15,15,Internal
EQIX,XEL,0.40608020593027183,63,0.0010575836509291244,15,15,Internal
EQR,ESS,0.7446888186531756,63,3.955977775547723e-12,16,16,Internal
EQR,EXC,0.419128571078281,63,0.0006973341616406848,16,15,External
EQR,FRT,0.6641758818617487,63,3.977687593118919e-09,16,16,Internal
EQR,INVH,0.6628905615645306,63,4.366363211941532e-09,16,16,Internal
EQR,IRM,0.44226768657771104,63,0.00031938023922993303,16,9,External
EQR,KIM,0.6455353529128779,63,1.4730542203052167e-08,16,16,Internal
EQR,KLAC,-0.48274453727509653,63,7.076651748444656e-05,16,12,External
EQR,LNT,0.42853407616333844,63,0.0005110829667491622,16,15,External
EQR,LRCX,-0.49632757190305504,63,4.085096177204415e-05,16,12,External
EQR,MAA,0.739849279264316,63,6.432720897016929e-12,16,16,Internal
EQR,META,-0.4407670403848196,63,0.0003365426556760974,16,24,External
EQR,NI,0.4043374394081667,63,0.0011166771558237612,16,15,External
EQR,NVDA,-0.45767353990928544,63,0.00018398138761132097,16,12,External
EQR,NXPI,-0.47618133317103806,63,9.153289914770099e-05,16,12,External
EQR,O,0.5110469769188263,63,2.1925512239556704e-05,16,15,External
EQR,PEP,0.4157147652459937,63,0.0007788709652128295,16,15,External
EQR,PLD,0.6007919647289204,63,2.436191274167115e-07,16,16,Internal
EQR,PSA,0.4104570971728048,63,0.0009214044904964195,16,9,External
EQR,REG,0.6197912506595853,63,7.809824220443494e-08,16,16,Internal
EQR,SBAC,0.41120662038952255,63,0.0008997414441470474,16,16,Internal
EQR,TGT,0.41908207320962126,63,0.0006983907067634529,16,4,External
EQR,UDR,0.8753103212502492,63,1.3610978506302623e-20,16,16,Internal
EQR,VICI,0.4487204772571656,63,0.00025430624080747296,16,16,Internal
EQR,VTR,0.42961657211961585,63,0.0004928425764051163,16,16,Internal
EQR,WEC,0.4190630297492921,63,0.0006988238389830577,16,15,External
EQR,WELL,0.42786511728157023,63,0.0005226595348209073,16,16,Internal
EQR,WTW,0.41052069914549755,63,0.0009195481185243778,16,9,External
EQT,FANG,0.45035445513132066,63,0.0002398765254649438,22,22,Internal
EQT,KEY,0.45456767337053033,63,0.00020605446470554548,22,4,External
EQT,MOS,0.4560488928984599,63,0.00019524180163868837,22,4,External
EQT,ORCL,-0.43835515020878807,63,0.0003658955264035348,22,12,External
EQT,OXY,0.46459978628416937,63,0.00014234035204661045,22,22,Internal
EQT,PNC,0.45972401297405946,63,0.00017061936270242785,22,4,External
EQT,PSX,0.49782427603989626,63,3.839603940894115e-05,22,22,Internal
EQT,RJF,0.4694502070193369,63,0.00011853725286608603,22,4,External
EQT,SCHW,0.4256824550027886,63,0.0005621067762761519,22,4,External
EQT,TRGP,0.41692831642722805,63,0.000748947309413315,22,22,Internal
EQT,UNP,0.4002496437526058,63,0.0012671230270722875,22,27,External
EQT,USB,0.4344713883458398,63,0.0004180944691316685,22,4,External
EQT,WMB,0.41957328154022244,63,0.0006873021394658522,22,22,Internal
EQT,XOM,0.47012528894647587,63,0.00011553118426669836,22,22,Internal
ES,ETR,0.7152423446414243,63,6.518874744438644e-11,15,15,Internal
ES,EVRG,0.7577032864461128,63,1.012264863187572e-12,15,15,Internal
ES,EXC,0.7646971779969121,63,4.695064532813616e-13,15,15,Internal
ES,FE,0.7296668450535514,63,1.729134814096455e-11,15,15,Internal
ES,HRL,0.5239930732732327,63,1.2379783245234026e-05,15,15,Internal
ES,K,0.4180501973882871,63,0.0007222136724090864,15,15,Internal
ES,KHC,0.4798051402057537,63,7.946147997750933e-05,15,15,Internal
ES,KLAC,-0.44655709351313566,63,0.0002746315907661618,15,12,External
ES,KO,0.4754076959415986,63,9.431935522413735e-05,15,15,Internal
ES,LNT,0.7935378323797562,63,1.4587774591800435e-14,15,15,Internal
ES,LRCX,-0.4027976346231837,63,0.001171346561268732,15,12,External
ES,NEE,0.6558462604938347,63,7.2207709377685965e-09,15,15,Internal
ES,NFLX,-0.4270984454836431,63,0.0005362195780341485,15,9,External
ES,NI,0.7943328713539727,63,1.3154721421417023e-14,15,15,Internal
ES,NVDA,-0.4259724273333201,63,0.0005567149407070683,15,12,External
ES,O,0.4021068389766903,63,0.0011966466534167807,15,15,Internal
ES,PCG,0.5543261473922683,63,2.947611703356303e-06,15,15,Internal
ES,PEG,0.7827703114916421,63,5.669363624752473e-14,15,15,Internal
ES,PEP,0.4441005955269497,63,0.00029950237387395767,15,15,Internal
ES,PNW,0.7277984325129456,63,2.0631778018557128e-11,15,15,Internal
ES,PPL,0.826065819292333,63,1.4056519622311985e-16,15,15,Internal
ES,SNPS,-0.421786446145036,63,0.0006392934875159719,15,12,External
ES,SO,0.7489364489907397,63,2.5586741223808723e-12,15,15,Internal
ES,SRE,0.7836153178221652,63,5.110734244936167e-14,15,15,Internal
ES,TAP,0.4500161073556023,63,0.00024280153522531663,15,15,Internal
ES,WEC,0.8005802635020308,63,5.744158899940135e-15,15,15,Internal
ES,XEL,0.6846896989214819,63,8.427313491503935e-10,15,15,Internal
ESS,FISV,0.4135399357409412,63,0.0008352159115708565,16,9,External
ESS,FRT,0.5438124363827341,63,4.92476091097171e-06,16,16,Internal
ESS,INVH,0.6462073625910664,63,1.4073240391746667e-08,16,16,Internal
ESS,KIM,0.532678153121911,63,8.32515598332643e-06,16,16,Internal
ESS,MAA,0.6492072205223987,63,1.1463022683413957e-08,16,16,Internal
ESS,NXPI,-0.45822869657981263,63,0.00018027211703980215,16,12,External
ESS,PLD,0.4254017495953798,63,0.0005673714016591308,16,16,Internal
ESS,REG,0.5216708323713202,63,1.3740120139355074e-05,16,16,Internal
ESS,UDR,0.7175611016743576,63,5.295703003713983e-11,16,16,Internal
ESS,WELL,0.40370898301182756,63,0.0011387059966988088,16,16,Internal
ETN,GPN,0.4570798625998711,63,0.00018802528984859917,23,23,Internal
ETN,HUBB,0.6257991129158554,63,5.3638902133741754e-08,23,23,Internal
ETN,IR,0.5147663544523016,63,1.864942160059869e-05,23,23,Internal
ETN,LDOS,0.49755161236184986,63,3.883284525046813e-05,23,23,Internal
ETN,PCAR,0.44991981663401726,63,0.00024363990615964185,23,23,Internal
ETN,PH,0.5031801770513343,63,3.0685479967498785e-05,23,23,Internal
ETN,SWK,0.5120174397164177,63,2.102278375288867e-05,23,23,Internal
ETN,URI,0.4271659632727217,63,0.0005350126973777574,23,23,Internal
ETN,ZBRA,-0.48803486913051985,63,5.729051011084387e-05,23,23,Internal
ETR,EVRG,0.7446832915828034,63,3.958199366812542e-12,15,15,Internal
ETR,EXC,0.6803683884110524,63,1.1807227161268372e-09,15,15,Internal
ETR,FE,0.7169979582756291,63,5.570881425929435e-11,15,15,Internal
ETR,HRL,0.4236607359706137,63,0.0006010357656889798,15,15,Internal
ETR,KDP,0.4790067601857042,63,8.198751744883542e-05,15,15,Internal
ETR,KHC,0.42986488567359554,63,0.0004887427333638788,15,15,Internal
ETR,KLAC,-0.4761129327449366,63,9.177617293574995e-05,15,12,External
ETR,KO,0.5174423797173281,63,1.6580053809990267e-05,15,15,Internal
ETR,LNT,0.7827380034433741,63,5.691841859770367e-14,15,15,Internal
ETR,MPWR,-0.48020934382723557,63,7.821011827805857e-05,15,12,External
ETR,NEE,0.4348959049906239,63,0.0004120759873552852,15,15,Internal
ETR,NFLX,-0.4661406538486747,63,0.0001343414146344661,15,9,External
ETR,NI,0.7140891725890396,63,7.223132875702394e-11,15,15,Internal
ETR,O,0.43533849566756605,63,0.00040588532053465436,15,15,Internal
ETR,PCG,0.4995294434348038,63,3.5765824177163305e-05,15,15,Internal
ETR,PEG,0.7723753202912902,63,1.9582098671425236e-13,15,15,Internal
ETR,PEP,0.4767510926448646,63,8.952942757759355e-05,15,15,Internal
ETR,PNW,0.7853492460836426,63,4.124851093272964e-14,15,15,Internal
ETR,PPL,0.7300320528571276,63,1.670172316229369e-11,15,15,Internal
ETR,SNPS,-0.4026916599601119,63,0.0011751962875062303,15,12,External
ETR,SO,0.7079052135560105,63,1.2416097361711745e-10,15,15,Internal
ETR,SRE,0.7325715397211598,63,1.3101225269848021e-11,15,15,Internal
ETR,SYY,0.44151764257724985,63,0.0003278558580599544,15,15,Internal
ETR,T,0.47000105676479703,63,0.00011607906182192853,15,15,Internal
ETR,WEC,0.7429979177639755,63,4.694158601578206e-12,15,15,Internal
ETR,XEL,0.6841023635027768,63,8.825547752516077e-10,15,15,Internal
EVRG,EXC,0.7469572446201109,63,3.138024324835264e-12,15,15,Internal
EVRG,FE,0.7438772597568217,63,4.295251909168183e-12,15,15,Internal
EVRG,KO,0.49512884520208644,63,4.2920932876391345e-05,15,15,Internal
EVRG,LNT,0.8121209634948986,63,1.1477661380667593e-15,15,15,Internal
EVRG,NEE,0.490425674457463,63,5.201451163250292e-05,15,15,Internal
EVRG,NI,0.7544526811785796,63,1.4340842118759196e-12,15,15,Internal
EVRG,PCG,0.6682158322279058,63,2.958528396399711e-09,15,15,Internal
EVRG,PEG,0.767181188213929,63,3.5510865743386385e-13,15,15,Internal
EVRG,PEP,0.45098543981335487,63,0.0002345075773830298,15,15,Internal
EVRG,PNW,0.7196633509446794,63,4.378501635624529e-11,15,15,Internal
EVRG,PPL,0.7559498115777613,63,1.2223384412571403e-12,15,15,Internal
EVRG,SNPS,-0.41280226857087826,63,0.0008551480951877592,15,12,External
EVRG,SO,0.7283160754007222,63,1.9649337556578388e-11,15,15,Internal
EVRG,SRE,0.791468863123668,63,1.905204696727827e-14,15,15,Internal
EVRG,WEC,0.7977959230108866,63,8.339816992267262e-15,15,15,Internal
EVRG,XEL,0.7590437456383817,63,8.754270402259851e-13,15,15,Internal
EW,FISV,0.41703382059212607,63,0.0007463956047069727,9,9,Internal
EW,GWW,0.5253420549840161,63,1.1648187048853834e-05,9,9,Internal
EW,HON,0.5136269064233989,63,1.9601290882781923e-05,9,9,Internal
EW,IP,-0.49189173965970434,63,4.900504366836321e-05,9,23,External
EW,IQV,0.41151404064970587,63,0.00089099008519839,9,29,External
EW,LHX,0.5013318358290628,63,3.3167604054612465e-05,9,9,Internal
EW,LRCX,-0.595948405482543,63,3.2180453913317215e-07,9,12,External
EW,ORLY,0.48439165540403273,63,6.628642801339398e-05,9,9,Internal
EW,RCL,-0.427316546031935,63,0.0005323299099318735,9,23,External
EW,ROL,0.5537513604402804,63,3.032869677431233e-06,9,9,Internal
EW,SPGI,0.6111967476118486,63,1.3187560179785497e-07,9,9,Internal
EW,TXT,-0.6500192330610138,63,1.0839601038281995e-08,9,23,External
EW,VRSK,0.49339182419228034,63,4.6092896596544206e-05,9,9,Internal
EW,WDC,-0.46866804241273735,63,0.0001221099336051224,9,12,External
EW,WST,0.5307624892541312,63,9.095167925686606e-06,9,9,Internal
EW,WTW,0.6422844616603015,63,1.834164739692016e-08,9,9,Internal
EXC,FE,0.7959256206202862,63,1.0678793329092106e-14,15,15,Internal
EXC,HON,0.5427779787107356,63,5.1750301240041e-06,15,9,External
EXC,INVH,0.5211874595072367,63,1.4040199777419694e-05,15,16,External
EXC,KLAC,-0.5501640999824239,63,3.6192691445635993e-06,15,12,External
EXC,KO,0.4088753406184476,63,0.000968674126266267,15,15,Internal
EXC,LNT,0.8446001477794476,63,6.341863530318953e-18,15,15,Internal
EXC,LRCX,-0.5135521702126892,63,1.9665272784581326e-05,15,12,External
EXC,META,-0.408338086212596,63,0.000985220700491621,15,24,External
EXC,MPWR,-0.4194803277313802,63,0.000689388170584899,15,12,External
EXC,NEE,0.6513995317755478,63,9.85289657442386e-09,15,15,Internal
EXC,NI,0.8437676155179661,63,7.351204159598699e-18,15,15,Internal
EXC,NVDA,-0.46747837232567,63,0.00012773397509320664,15,12,External
EXC,O,0.5100819853417092,63,2.285868557470061e-05,15,15,Internal
EXC,PCG,0.679119852603566,63,1.3001813212806022e-09,15,15,Internal
EXC,PEG,0.850901860754719,63,2.014709829429948e-18,15,15,Internal
EXC,PEP,0.43251863292793014,63,0.00044682282785608684,15,15,Internal
EXC,PLD,0.5102240105087723,63,2.27190703568229e-05,15,16,External
EXC,PNW,0.7215937519804717,63,3.6713005735947565e-11,15,15,Internal
EXC,PPL,0.7934283967697783,63,1.4796368190079154e-14,15,15,Internal
EXC,SNPS,-0.43326958814871475,63,0.0004355690502476019,15,12,External
EXC,SO,0.7924394488152353,63,1.6815492369350225e-14,15,15,Internal
EXC,SRE,0.8463133249125837,63,4.667010278389027e-18,15,15,Internal
EXC,STX,-0.4445067102737508,63,0.0002952537995405346,15,12,External
EXC,UDR,0.41528982025698297,63,0.0007896021989320758,15,16,External
EXC,WEC,0.7775598806842798,63,1.064074046231266e-13,15,15,Internal
EXC,WELL,0.40242735324703155,63,0.00118484741042122,15,16,External
EXC,XEL,0.6906526229145203,63,5.241342890680254e-10,15,15,Internal
EXPD,IFF,0.4728498045820346,63,0.00010409743934801904,12,12,Internal
EXPD,LLY,-0.4970023077534483,63,3.972681696802421e-05,12,29,External
EXPD,PODD,0.4444903293653182,63,0.0002954240983159748,12,12,Internal
EXPE,FICO,-0.4456468192172822,63,0.0002836188260354118,23,9,External
EXPE,HLT,0.42872334139455703,63,0.0005078502068539387,23,23,Internal
EXPE,HST,0.6647119604718665,63,3.825474461707202e-09,23,23,Internal
EXPE,MAR,0.41717233149099686,63,0.0007430575508198253,23,23,Internal
EXPE,MCK,-0.49732721457666046,63,3.919577192174829e-05,23,9,External
EXPE,MGM,0.5981379761708822,63,2.8391847343587525e-07,23,23,Internal
EXPE,PYPL,0.7211187163697937,63,3.8344721178673744e-11,23,23,Internal
EXPE,QCOM,0.53070169022633,63,9.120658770380381e-06,23,23,Internal
EXPE,REGN,-0.40331095532958705,63,0.0011528594854742957,23,9,External
EXPE,SPG,0.4924752442043331,63,4.785265029134486e-05,23,23,Internal
EXR,FTNT,0.696673404960066,63,3.2073358842825634e-10,9,9,Internal
EXR,MNST,0.5818128319471956,63,7.067558353415371e-07,9,9,Internal
EXR,MSI,0.4613875009879309,63,0.0001604392127912206,9,9,Internal
EXR,PLD,0.47705977972684765,63,8.846091251922991e-05,9,16,External
EXR,PSA,0.7344726258728603,63,1.0904059963766244e-11,9,9,Internal
EXR,RMD,0.6415473476152823,63,1.9269588256045514e-08,9,9,Internal
EXR,VTR,0.520858379464323,63,1.4247966068681716e-05,9,16,External
EXR,XYZ,0.47806112199892165,63,8.507506209049931e-05,9,9,Internal
F,GM,0.7865468405527674,63,3.553213298455802e-14,27,27,Internal
FANG,FCX,0.41665520679158796,63,0.0007555893996528525,22,23,External
FANG,GS,0.4498326459274201,63,0.0002444011534550125,22,4,External
FANG,HAL,0.7385332014439897,63,7.328436130510464e-12,22,22,Internal
FANG,KMI,0.56667171940204,63,1.576969262820823e-06,22,22,Internal
FANG,MOS,0.4764948778839836,63,9.042531939199789e-05,22,4,External
FANG,MPC,0.5381004162275977,63,6.46203782044328e-06,22,22,Internal
FANG,MS,0.4805851252276002,63,7.706305761761226e-05,22,4,External
FANG,NUE,0.44312833188485196,63,0.00030990135044599635,22,23,External
FANG,OKE,0.5049271845352408,63,2.8498620753695547e-05,22,22,Internal
FANG,OXY,0.7487196507991148,63,2.6167638005500493e-12,22,22,Internal
FANG,PH,0.40495568282185623,63,0.0010953817281430293,22,23,External
FANG,PNC,0.41904753985548665,63,0.0006991763268357473,22,4,External
FANG,PSX,0.6117582017198151,63,1.2749926797810308e-07,22,22,Internal
FANG,SLB,0.6295867677741521,63,4.2152217404674635e-08,22,22,Internal
FANG,STT,0.4299314095038449,63,0.0004876496516270644,22,4,External
FANG,TPL,0.5555273822427246,63,2.7766150614229313e-06,22,22,Internal
FANG,TRGP,0.632837687068981,63,3.418695620067402e-08,22,22,Internal
FANG,URI,0.4927127603947942,63,4.739077777305935e-05,22,23,External
FANG,WMB,0.5642832583437956,63,1.7833462975995052e-06,22,22,Internal
FANG,XOM,0.6765704015075698,63,1.580674003849561e-09,22,22,Internal
FAST,GWW,0.6202631898103099,63,7.584880303039568e-08,9,9,Internal
FAST,PGR,0.400635827292489,63,0.0012521680246346686,9,4,External
FAST,VICI,0.4145733958148904,63,0.0008079973765000043,9,16,External
FAST,XYL,0.4780453376836016,63,8.512749504773112e-05,9,9,Internal
FCX,LYB,0.4828794124863994,63,7.038943135019122e-05,23,23,Internal
FCX,SLB,0.4262367307449701,63,0.0005518413406539932,23,22,External
FDX,UNP,0.4032437285135226,63,0.0011552655873726576,27,27,Internal
FDX,V,-0.4056390868568936,63,0.0010722683128685476,27,16,External
FE,INVH,0.46890019338757427,63,0.00012103935308606981,15,16,External
FE,KHC,0.4254028049500752,63,0.0005673515249825822,15,15,Internal
FE,KLAC,-0.49924404495453056,63,3.619410065707865e-05,15,12,External
FE,LNT,0.7627632043572236,63,5.821629949866971e-13,15,15,Internal
FE,LRCX,-0.4900512152507275,63,5.2810077939085433e-05,15,12,External
FE,MPWR,-0.4649913742430891,63,0.00014026714272720952,15,12,External
FE,NEE,0.5615006369982672,63,2.0555991223368843e-06,15,15,Internal
FE,NI,0.7351871185904727,63,1.0173017498241153e-11,15,15,Internal
FE,NXPI,-0.4156536665278167,63,0.0007804057397726412,15,12,External
FE,PCG,0.6214536783371013,63,7.044297685778055e-08,15,15,Internal
FE,PEG,0.7921544647145555,63,1.744468006739343e-14,15,15,Internal
FE,PEP,0.4252619156120272,63,0.0005700106476027893,15,15,Internal
FE,PNW,0.7446717687255685,63,3.962834778897439e-12,15,15,Internal
FE,PPL,0.7586387956547188,63,9.147818158808173e-13,15,15,Internal
FE,SNPS,-0.4148536906107684,63,0.0008007547698839852,15,12,External
FE,SO,0.7717525528993825,63,2.104796658941691e-13,15,15,Internal
FE,SRE,0.7722893025619587,63,1.977859109537732e-13,15,15,Internal
FE,WEC,0.7103229188024429,63,1.0063133857683162e-10,15,15,Internal
FE,XEL,0.6786635338774255,63,1.346637759261703e-09,15,15,Internal
FFIV,GE,0.572058103055066,63,1.1907489893722464e-06,23,23,Internal
FFIV,GLW,0.4431646586980266,63,0.0003095069626686938,23,4,External
FFIV,KMB,-0.40879199919324155,63,0.0009712243612834328,23,15,External
FFIV,MCHP,0.43031330862220907,63,0.0004814173755320183,23,12,External
FFIV,MSCI,0.4884721316735464,63,5.629010742186001e-05,23,23,Internal
FFIV,NUE,0.4613764294430546,63,0.00016050508600256902,23,23,Internal
FFIV,NXPI,0.48732753754840846,63,5.894359601552323e-05,23,12,External
FFIV,PKG,0.5998764052735646,63,2.5687040231051886e-07,23,23,Internal
FFIV,PWR,0.4184529403109906,63,0.000712829355188983,23,23,Internal
FFIV,TXN,0.42513832851887123,63,0.000572352516480311,23,12,External
FICO,MCK,0.4684917369147959,63,0.00012292878290391565,9,9,Internal
FICO,PYPL,-0.46198224618886796,63,0.0001569368301708384,9,23,External
FICO,QCOM,-0.42662369599670585,63,0.0005447757667111418,9,23,External
FIS,MS,0.4590969607381742,63,0.0001746079999590192,4,4,Internal
FIS,O,0.4107393841099092,63,0.0009131910287430207,4,15,External
FISV,HON,0.411321700042359,63,0.0008964564110023006,9,9,Internal
FISV,IR,0.42007137640596265,63,0.000676221186777818,9,23,External
FISV,LIN,0.43599851423406344,63,0.00039681057209673673,9,23,External
FISV,MCO,0.45218615972179566,63,0.00022459323384334734,9,9,Internal
FISV,MLM,0.41606802406587423,63,0.0007700506566919989,9,27,External
FISV,MMC,0.4024979311101695,63,0.0011822633103135967,9,9,Internal
FISV,SPGI,0.46352971364224643,63,0.00014814996348791362,9,9,Internal
FISV,WTW,0.45455715753145,63,0.00020613315032873712,9,9,Internal
FITB,GS,0.6039654819427056,63,2.024977001084597e-07,4,4,Internal
FITB,HBAN,0.8007161031895834,63,5.639768368998716e-15,4,4,Internal
FITB,IVZ,0.43767722983314644,63,0.0003745558087800685,4,4,Internal
FITB,JPM,0.537671055702763,63,6.594034832760681e-06,4,4,Internal
FITB,KEY,0.8303824336310939,63,7.064090575921736e-17,4,4,Internal
FITB,L,0.5139861612479955,63,1.9296418808710286e-05,4,4,Internal
FITB,MET,0.5577229553877353,63,2.487794236816832e-06,4,4,Internal
FITB,MOS,0.44768108745333635,63,0.0002638933815673345,4,4,Internal
FITB,MS,0.4741213336149591,63,9.912585848898906e-05,4,4,Internal
FITB,MTB,0.708878785065923,63,1.1411697451204399e-10,4,4,Internal
FITB,NOW,-0.4190073474349042,63,0.0007000916961732537,4,9,External
FITB,NVR,-0.40288912827306883,63,0.0011680320236045294,4,27,External
FITB,ORCL,-0.49238632970172325,63,4.8026620011038554e-05,4,12,External
FITB,PFG,0.5314203201154304,63,8.82357166309039e-06,4,4,Internal
FITB,PHM,-0.4369613049270719,63,0.0003839039503583121,4,27,External
FITB,PNC,0.7401036772132787,63,6.272080699355326e-12,4,4,Internal
FITB,PRU,0.618006799074073,63,8.718541306943465e-08,4,4,Internal
FITB,PTC,-0.4161140319433053,63,0.0007689085893689927,4,12,External
FITB,RF,0.7842985897188319,63,4.6979460693721095e-14,4,4,Internal
FITB,RJF,0.5968039718215399,63,3.0646740723630746e-07,4,4,Internal
FITB,ROP,-0.4586996356080991,63,0.00017717939485743762,4,9,External
FITB,SCHW,0.562444102189769,63,1.9592080587988766e-06,4,4,Internal
FITB,STT,0.4839989676485693,63,6.733011643455767e-05,4,4,Internal
FITB,SYF,0.5035538050839289,63,3.0205120485999764e-05,4,4,Internal
FITB,TFC,0.4605448707159044,63,0.00016552415085336955,4,4,Internal
FITB,TGT,0.517489975460489,63,1.6545257675392127e-05,4,4,Internal
FITB,USB,0.6991315984366967,63,2.615496879617091e-10,4,4,Internal
FITB,WFC,0.7502388868911444,63,2.2347806430714733e-12,4,4,Internal
FOX,FOXA,0.9923810548151256,63,2.8332582605315794e-56,14,14,Internal
FOX,LULU,-0.4154207568688414,63,0.0007862814582011498,14,9,External
FOX,PSKY,0.6364021465468211,63,2.7095943131998036e-08,14,14,Internal
FOX,WBD,0.5033424901930992,63,3.0475937660195946e-05,14,14,Internal
FOXA,LULU,-0.4364929548938162,63,0.0003901338479916461,14,9,External
FOXA,PSKY,0.6203813009178765,63,7.529548142999459e-08,14,14,Internal
FOXA,WBD,0.4890794069683653,63,5.492746725211954e-05,14,14,Internal
FRT,INVH,0.582078530205469,63,6.966190048147817e-07,16,16,Internal
FRT,KIM,0.7651885158900663,63,4.4439605935054203e-13,16,16,Internal
FRT,KR,0.515860687221946,63,1.777579219392552e-05,16,15,External
FRT,MAA,0.5422767510319002,63,5.300515048366e-06,16,16,Internal
FRT,MET,0.4331900712869886,63,0.0004367483587118325,16,4,External
FRT,O,0.5263845948445752,63,1.1110552212244842e-05,16,15,External
FRT,PLD,0.4980385814343652,63,3.80559175575815e-05,16,16,Internal
FRT,PRU,0.4452595852849198,63,0.00028752280101746516,16,4,External
FRT,REG,0.8211857004382194,63,2.992171067233277e-16,16,16,Internal
FRT,UDR,0.6078982949678,63,1.605825671529475e-07,16,16,Internal
FRT,USB,0.4254959715768812,63,0.0005655993018284408,16,4,External
FRT,VICI,0.500595273330306,63,3.420752239720252e-05,16,16,Internal
FRT,WELL,0.4229273830671,63,0.0006157504088134105,16,16,Internal
FTNT,GEN,-0.5418019079758055,63,5.422007453984076e-06,9,20,External
FTNT,MCHP,0.5284526714096137,63,1.0111687960520007e-05,9,12,External
FTNT,MNST,0.42833566532934086,63,0.0005144919986631532,9,9,Internal
FTNT,MSI,0.4356595367579144,63,0.0004014479170967983,9,9,Internal
FTNT,PANW,0.46443568130491264,63,0.00014321751562028766,9,9,Internal
FTNT,PSA,0.4485870982741011,63,0.0002555184427198231,9,9,Internal
FTNT,RMD,0.75487891008184,63,1.3704772983937666e-12,9,9,Internal
FTNT,VTR,0.45209226392596846,63,0.00022535448534711947,9,16,External
FTNT,XYZ,0.6029418124661418,63,2.1498821746823178e-07,9,9,Internal
FTV,MSFT,-0.5148456874638137,63,1.8584772771357684e-05,27,25,External
FTV,NDSN,0.40752611141163275,63,0.0010107125174208854,27,23,External
FTV,ODFL,0.536560975672389,63,6.947043378151361e-06,27,27,Internal
FTV,OTIS,0.5221444514078626,63,1.3451886470105492e-05,27,27,Internal
FTV,PNR,0.5116290628248554,63,2.1379833606583823e-05,27,23,External
FTV,TT,0.487351185809241,63,5.8887624541230344e-05,27,23,External
GD,HII,0.6261170582008784,63,5.257126513197367e-08,9,9,Internal
GD,HON,0.4204198747217393,63,0.0006685647634244741,9,9,Internal
GD,KR,0.4235565552276692,63,0.0006031065171930262,9,15,External
GD,LDOS,0.4000460662096619,63,0.00127507110161841,9,23,External
GD,LHX,0.4147650441077781,63,0.0008030389555258939,9,9,Internal
GD,LMT,0.6497635703454518,63,1.1032337683088043e-08,9,9,Internal
GD,MSFT,-0.516739696367742,63,1.7101740740588816e-05,9,25,External
GD,NOC,0.640605425577324,63,2.0520064253696325e-08,9,9,Internal
GD,PLD,0.47992925765490774,63,7.907528021995168e-05,9,16,External
GD,UNP,0.438662362942028,63,0.00036203135514446946,9,27,External
GE,MSCI,0.5111992256759964,63,2.17815521718089e-05,23,23,Internal
GE,PKG,0.620275013263801,63,7.579324074677338e-08,23,23,Internal
GE,RTX,-0.5370798308726906,63,6.7799094627322675e-06,23,4,External
GEN,RMD,-0.4791063353905409,63,8.166847892163119e-05,20,9,External
GEN,VTR,-0.4292029047040716,63,0.0004997419831880312,20,16,External
GILD,XYZ,-0.4516727563278298,63,0.00022878451618559483,20,9,External
GIS,HRL,0.6446496216092342,63,1.5641341990774634e-08,15,15,Internal
GIS,HSY,0.6212358684761665,63,7.140402942184844e-08,15,15,Internal
GIS,K,0.6978303930604242,63,2.914461478283213e-10,15,15,Internal
GIS,KHC,0.6332495810193628,63,3.328589000725867e-08,15,15,Internal
GIS,KIM,0.4146982537592458,63,0.0008047638564063424,15,16,External
GIS,KMB,0.49954726899736257,63,3.573923086728011e-05,15,15,Internal
GIS,KO,0.5023396664170049,63,3.179206145755239e-05,15,15,Internal
GIS,KR,0.4697681136437461,63,0.00011711280717169161,15,15,Internal
GIS,MDLZ,0.5706684669281424,63,1.2808644036358753e-06,15,15,Internal
GIS,MKC,0.6403429557751228,63,2.0881952911564082e-08,15,15,Internal
GIS,MSI,0.43329360336350564,63,0.0004352134524348119,15,9,External
GIS,NVDA,-0.42514358746331377,63,0.0005722526864368107,15,12,External
GIS,PEP,0.5537605380900948,63,3.0314904376832473e-06,15,15,Internal
GIS,PPL,0.42597346540298253,63,0.000556695723136897,15,15,Internal
GIS,SJM,0.5287160558627028,63,9.990654087546647e-06,15,15,Internal
GL,GWW,0.46616487777722204,63,0.00013421902596664017,4,9,External
GL,HIG,0.4498326089557476,63,0.00024440147678323366,4,4,Internal
GL,HON,0.4499843283883471,63,0.00024307793199984204,4,9,External
GL,JPM,0.5351299043281746,63,7.428133428537864e-06,4,4,Internal
GL,KR,0.48241993734908617,63,7.168168500053791e-05,4,15,External
GL,L,0.5499187140531512,63,3.6630231306516667e-06,4,4,Internal
GL,MET,0.49482736045816483,63,4.345658138086424e-05,4,4,Internal
GL,MMC,0.4816149794913769,63,7.399843035447769e-05,4,9,External
GL,MPWR,-0.420924363610606,63,0.0006576203690621406,4,12,External
GL,MSI,0.4131162683629435,63,0.0008466116835483857,4,9,External
GL,MTB,0.4064912700824133,63,0.0010440629714977745,4,4,Internal
GL,PGR,0.4485881453965457,63,0.0002555089055213172,4,4,Internal
GL,PRU,0.4509872927704591,63,0.00023449197399348604,4,4,Internal
GL,RJF,0.5073175669230525,63,2.5739760430682966e-05,4,4,Internal
GL,ROL,0.4080940228305018,63,0.0009928213592895285,4,9,External
GL,TRV,0.47779124852421023,63,8.597564344219243e-05,4,4,Internal
GL,VRSK,0.411789531833055,63,0.0008832130595471831,4,9,External
GL,WRB,0.5485056656306484,63,3.924746099615348e-06,4,4,Internal
GL,WTW,0.585534951215859,63,5.76590589306891e-07,4,9,External
GL,XYL,0.41848467139261064,63,0.0007120947018530563,4,9,External
GLW,POOL,0.46745395936792866,63,0.00012785183616658536,4,27,External
GLW,STT,0.5912056774108697,63,4.2077265559957923e-07,4,4,Internal
GLW,UNH,-0.5229920207428393,63,1.2950056725868631e-05,4,9,External
GM,IVZ,0.47633624623214105,63,9.098412603876571e-05,27,4,External
GM,TPR,0.4696272199481312,63,0.00011774215813916868,27,23,External
GM,TYL,-0.41759145754944155,63,0.0007330389250389027,27,9,External
GNRC,HUM,-0.41573660806674534,63,0.0007783229454754798,1,9,External
GNRC,JCI,0.6940012141873926,63,3.9943922289148346e-10,1,1,Internal
GNRC,PAYC,0.720414347814302,63,4.0891926180946865e-11,1,1,Internal
GNRC,VRSK,-0.4114084996523772,63,0.0008939858239727753,1,9,External
GNRC,VRTX,-0.4000179222016713,63,0.0012761734215890764,1,34,External
GNRC,WAT,-0.4377883992747563,63,0.0003731229657646752,1,29,External
GOOG,GOOGL,0.9943138814835946,63,4.484703535762175e-60,2,2,Internal
GOOG,PCAR,-0.43700213684305883,63,0.0003833651294754902,2,23,External
GOOG,TDY,-0.41856685632521584,63,0.0007101951027807666,2,9,External
GOOG,TXN,-0.4892676357280026,63,5.4511331062695765e-05,2,12,External
GOOG,UHS,-0.4015930224463374,63,0.0012157828793652155,2,9,External
GOOG,WM,-0.4891761187607114,63,5.471329190917247e-05,2,9,External
GOOGL,PCAR,-0.4250286009985309,63,0.0005744390716292355,2,23,External
GOOGL,TDY,-0.4231964329960971,63,0.0006103144350449498,2,9,External
GOOGL,TXN,-0.49736371684151,63,3.9136522662078764e-05,2,12,External
GOOGL,UHS,-0.4119689265341726,63,0.0008781818293693421,2,9,External
GOOGL,WM,-0.48318978725413264,63,6.952870560493208e-05,2,9,External
GPC,JNJ,-0.4062261913418669,63,0.0010527639432570057,27,23,External
GPC,LKQ,0.45685513379662956,63,0.00018957717941720813,27,9,External
GPC,NEM,0.44592926200519456,63,0.0002808019148010385,27,27,Internal
GPC,NVR,0.426449460607606,63,0.0005479468920191364,27,27,Internal
GPC,ORLY,0.4239635720377958,63,0.0005950529997987899,27,9,External
GPC,SNA,0.7181625738817994,63,5.0161143633253874e-11,27,27,Internal
GPN,ITW,-0.43832119195584374,63,0.00036632495714153135,23,23,Internal
GPN,LDOS,0.6068453984584161,63,1.7092175546931172e-07,23,23,Internal
GPN,NCLH,-0.5298317649035943,63,9.492747567305156e-06,23,23,Internal
GPN,ROK,-0.47382176909343965,63,0.0001002770567216773,23,23,Internal
GPN,ZBRA,-0.5015804595594093,63,3.2823242352750336e-05,23,23,Internal
GS,HBAN,0.5363376245657862,63,7.020164809718241e-06,4,4,Internal
GS,HIG,0.4946798621288371,63,4.372088668689672e-05,4,4,Internal
GS,IVZ,0.449391505150403,63,0.00024828701162199463,4,4,Internal
GS,JPM,0.5565703684088954,63,2.6357127976667405e-06,4,4,Internal
GS,KEY,0.5380095643462272,63,6.48976096878394e-06,4,4,Internal
GS,KMI,0.5582698245523404,63,2.420360632750535e-06,4,22,External
GS,KR,0.40482574530112864,63,0.0010998268103305621,4,15,External
GS,L,0.4743482581055545,63,9.826191549973438e-05,4,4,Internal
GS,MET,0.4893283742307604,63,5.4377672717839365e-05,4,4,Internal
GS,MOS,0.40764369617490476,63,0.0010069844973820041,4,4,Internal
GS,MS,0.7310487470722541,63,1.515956105104979e-11,4,4,Internal
GS,MTB,0.4771712282151345,63,8.807802864651468e-05,4,4,Internal
GS,NOW,-0.4801948547386501,63,7.825465906190367e-05,4,9,External
GS,OKE,0.5664393977737144,63,1.5960149186273187e-06,4,22,External
GS,PFG,0.5371753989297204,63,6.7495367238568355e-06,4,4,Internal
GS,PNC,0.5864738764943208,63,5.475115485821124e-07,4,4,Internal
GS,PRU,0.601894233461132,63,2.2851896047033873e-07,4,4,Internal
GS,RF,0.5016359983726698,63,3.274677070294153e-05,4,4,Internal
GS,RJF,0.43063768340528963,63,0.00047618080248590665,4,4,Internal
GS,SCHW,0.5184942574789395,63,1.5826675850699923e-05,4,4,Internal
GS,TGT,0.40078753614789836,63,0.001246336666108532,4,4,Internal
GS,TRV,0.4724719891560556,63,0.00010561826008195478,4,4,Internal
GS,USB,0.42622674020549806,63,0.0005520248537708106,4,4,Internal
GS,WFC,0.5770000204633358,63,9.161395988054288e-07,4,4,Internal
GWW,HON,0.5322199031408237,63,8.503619824277578e-06,9,9,Internal
GWW,LHX,0.45885344692582763,63,0.00017617987586398276,9,9,Internal
GWW,LRCX,-0.41162261181629506,63,0.000887917801502286,9,12,External
GWW,LUV,0.48672250880736223,63,6.039240037255491e-05,9,9,Internal
GWW,META,-0.41554112831401097,63,0.0007832398152280229,9,24,External
GWW,MRK,0.40271039988552376,63,0.0011745146968259758,9,9,Internal
GWW,ORLY,0.5037712025060903,63,2.992883503811298e-05,9,9,Internal
GWW,ROL,0.4844941662089229,63,6.60164404778288e-05,9,9,Internal
GWW,WDC,-0.4215883822517557,63,0.000643462644001166,9,12,External
GWW,WTW,0.5335696591798312,63,7.987912834534923e-06,9,9,Internal
GWW,XYL,0.4202564231919225,63,0.0006721459194438348,9,9,Internal
HAL,KMI,0.4206819580870105,63,0.0006628586933900668,22,22,Internal
HAL,MPC,0.5531112260654181,63,3.1305308240956808e-06,22,22,Internal
HAL,OKE,0.45291824610302855,63,0.00021873809191232007,22,22,Internal
HAL,OXY,0.6262569404453049,63,5.210793378046381e-08,22,22,Internal
HAL,PH,0.42698139218667336,63,0.0005383177650147863,22,23,External
HAL,PSX,0.5756922167550733,63,9.823675506836154e-07,22,22,Internal
HAL,SLB,0.7837732005775612,63,5.0123756681824336e-14,22,22,Internal
HAL,TPL,0.4195951595724515,63,0.0006868119936219454,22,22,Internal
HAL,TRGP,0.566010892726844,63,1.631709948872806e-06,22,22,Internal
HAL,WMB,0.5278151487359568,63,1.041032201530672e-05,22,22,Internal
HAL,XOM,0.48569385409004084,63,6.293125435384305e-05,22,22,Internal
HAS,NDSN,0.4388494844290748,63,0.00035969597068105137,23,23,Internal
HBAN,IVZ,0.42978867338383725,63,0.0004899977467050997,4,4,Internal
HBAN,JPM,0.5216680078309197,63,1.374185617774285e-05,4,4,Internal
HBAN,KEY,0.7568287229856443,63,1.1123138215313873e-12,4,4,Internal
HBAN,L,0.4031196306354628,63,0.001159719034093539,4,4,Internal
HBAN,MET,0.5894588362785189,63,4.6395154013294796e-07,4,4,Internal
HBAN,MOS,0.5187044484834414,63,1.5679996795651727e-05,4,4,Internal
HBAN,MS,0.40880697391472887,63,0.0009707656910074199,4,4,Internal
HBAN,MTB,0.714287519187514,63,7.097051345351813e-11,4,4,Internal
HBAN,ORCL,-0.42508296827385267,63,0.0005734043739548969,4,12,External
HBAN,PFG,0.5105665855616653,63,2.2385555637934043e-05,4,4,Internal
HBAN,PNC,0.6932140463676871,63,4.259223353293977e-10,4,4,Internal
HBAN,PRU,0.6074882910013158,63,1.6453661771162568e-07,4,4,Internal
HBAN,RF,0.7865523084010613,63,3.550786277759441e-14,4,4,Internal
HBAN,RJF,0.5551590688790121,63,2.828032699474442e-06,4,4,Internal
HBAN,SCHW,0.5564298568144729,63,2.6542975396364197e-06,4,4,Internal
HBAN,SNPS,-0.40515813056957,63,0.001088488374319751,4,12,External
HBAN,STT,0.42477087604713554,63,0.0005793670855282849,4,4,Internal
HBAN,SYF,0.5703233407518269,63,1.3042155580458993e-06,4,4,Internal
HBAN,TFC,0.6599699583086742,63,5.387615821798331e-09,4,4,Internal
HBAN,TGT,0.407212106669582,63,0.001020729118214153,4,4,Internal
HBAN,USB,0.7336409140112322,63,1.1818164378234666e-11,4,4,Internal
HBAN,WFC,0.6109119080540225,63,1.3414957667478635e-07,4,4,Internal
HCA,ORCL,0.401941723212376,63,0.0012027663309630103,12,12,Internal
HCA,ORLY,0.4472556352377914,63,0.0002679120372047922,12,9,External
HCA,UHS,0.4725064620510484,63,0.00010547865400073137,12,9,External
HD,LOW,0.6005756010183273,63,2.466912977181883e-07,23,23,Internal
HD,MSFT,-0.4165633413252941,63,0.0007578355408593743,23,25,External
HD,TJX,0.43598019207414285,63,0.00039705997415202154,23,23,Internal
HD,TSCO,0.4825269397312799,63,7.13788073005986e-05,23,23,Internal
HIG,JPM,0.4854929754576342,63,6.343839559285283e-05,4,4,Internal
HIG,KMI,0.4388166047064025,63,0.0003601053318705436,4,22,External
HIG,L,0.6507146896302153,63,1.0331315166973887e-08,4,4,Internal
HIG,LYV,0.4688585355566322,63,0.00012123082397024802,4,9,External
HIG,MET,0.557845695507409,63,2.472508171688786e-06,4,4,Internal
HIG,MHK,0.4522338466177615,63,0.00022420751804914544,4,27,External
HIG,MMC,0.43441104549385606,63,0.0004189564285149739,4,9,External
HIG,MSFT,-0.40013291812488194,63,0.0012716747598171868,4,25,External
HIG,PFG,0.7507741202577771,63,2.1133679197704534e-12,4,4,Internal
HIG,PRU,0.5869576454588633,63,5.330722452016051e-07,4,4,Internal
HIG,RJF,0.4421477962271438,63,0.0003207214576850722,4,4,Internal
HIG,TEL,0.42693028312336884,63,0.0005392362335874032,4,27,External
HIG,TRV,0.6563308328182699,63,6.978133228715877e-09,4,4,Internal
HIG,WRB,0.6595811896128131,63,5.539509695320541e-09,4,4,Internal
HII,LHX,0.4728632397281707,63,0.00010404373150366737,9,9,Internal
HII,LMT,0.6360473247118453,63,2.7733960095637404e-08,9,9,Internal
HII,NOC,0.5844073257297161,63,6.134304709682592e-07,9,9,Internal
HLT,HPE,0.43496158321530914,63,0.0004111519262830384,23,23,Internal
HLT,HST,0.5812848166024295,63,7.273128218618602e-07,23,23,Internal
HLT,MAR,0.850661823608675,63,2.1066799599885356e-18,23,23,Internal
HLT,MGM,0.4766223228751459,63,8.997866331301543e-05,23,23,Internal
HLT,PCAR,0.4745287577693344,63,9.757967243120314e-05,23,23,Internal
HLT,PSX,0.41884585144164704,63,0.0007037806665439241,23,22,External
HOLX,MDT,0.42724712833266204,63,0.0005335651366200918,9,9,Internal
HON,KLAC,-0.4174455702999434,63,0.0007365121982764076,9,12,External
HON,LH,0.4234573908435495,63,0.0006050835693985446,9,9,Internal
HON,LHX,0.6486817587283055,63,1.1884370085979267e-08,9,9,Internal
HON,LKQ,0.49705145351240354,63,3.964606573488596e-05,9,9,Internal
HON,LRCX,-0.5222189246930268,63,1.3407078416345122e-05,9,12,External
HON,META,-0.5023315917402332,63,3.180286915901083e-05,9,24,External
HON,MMC,0.48935099229705536,63,5.4327977800522005e-05,9,9,Internal
HON,MSI,0.4101307856928152,63,0.0009309819785439414,9,9,Internal
HON,NOC,0.4686949114751182,63,0.00012198558142864975,9,9,Internal
HON,O,0.42181440500949346,63,0.00063870694220238,9,15,External
HON,PEG,0.4027511723580011,63,0.0011730329890100172,9,15,External
HON,ROL,0.5420677181824,63,5.35368146701602e-06,9,9,Internal
HON,RSG,0.42476274049929097,63,0.0005795232697242724,9,9,Internal
HON,SPGI,0.5532810997857186,63,3.1043317265592007e-06,9,9,Internal
HON,SRE,0.45297306613179106,63,0.00021830531813906605,9,15,External
HON,TXT,-0.4309862234216619,63,0.00047061186569481337,9,23,External
HON,UDR,0.45047952395604784,63,0.00023880348850026367,9,16,External
HON,VICI,0.47760999096457335,63,8.658542747357436e-05,9,16,External
HON,VRSK,0.40374239181369576,63,0.0011375251617201337,9,9,Internal
HON,WM,0.43967692232558275,63,0.0003495327413645131,9,9,Internal
HON,WTW,0.7315699461356672,63,1.4422610343649891e-11,9,9,Internal
HON,XEL,0.44897498440648875,63,0.0002520077471391205,9,15,External
HPE,IR,0.40979072535902017,63,0.0009410585655500586,23,23,Internal
HPE,MAR,0.4074589301411425,63,0.0010128480810945228,23,23,Internal
HPE,MDLZ,-0.40235144796160616,63,0.0011876322408490173,23,15,External
HPE,NTAP,0.4321763781306041,63,0.0004520390370974349,23,23,Internal
HPE,RJF,0.43138060453158433,63,0.0004643819307461869,23,4,External
HPQ,MMM,0.45800808234824625,63,0.00018173786546317358,16,16,Internal
HPQ,VRSN,-0.4659187007672584,63,0.0001354675871717152,16,9,External
HRL,HSY,0.4661158133734102,63,0.00013446702472977892,15,15,Internal
HRL,K,0.5951719792056964,63,3.3634510062013265e-07,15,15,Internal
HRL,KHC,0.6428469486813085,63,1.766214566080299e-08,15,15,Internal
HRL,KO,0.4651011209340996,63,0.00013969109630441204,15,15,Internal
HRL,LNT,0.41431572946859313,63,0.0008147074814380848,15,15,Internal
HRL,MDLZ,0.4425046542781892,63,0.0003167443097662088,15,15,Internal
HRL,MKC,0.47299430908648343,63,0.00010352110877162959,15,15,Internal
HRL,MPWR,-0.4275934080841377,63,0.0005274291818879384,15,12,External
HRL,NSC,0.40658773486044913,63,0.0010409127299812232,15,15,Internal
HRL,NVDA,-0.4324775524341268,63,0.0004474460198278081,15,12,External
HRL,PEP,0.5621263853523112,63,1.991185546075797e-06,15,15,Internal
HRL,PG,0.4114584189948138,63,0.0008925677513982681,15,15,Internal
HRL,PPL,0.5092610559743977,63,2.368139727827021e-05,15,15,Internal
HRL,SNPS,-0.4094750310654455,63,0.0009505011649501273,15,12,External
HRL,WEC,0.42024918239231346,63,0.0006723049636336723,15,15,Internal
HRL,XEL,0.4534568925814396,63,0.0002145196047082882,15,15,Internal
HSIC,STE,0.4345927448134872,63,0.00041636585363749996,9,9,Internal
HST,MAR,0.5187878766506107,63,1.5622128367841314e-05,23,23,Internal
HST,MGM,0.5136623274990774,63,1.957103430701108e-05,23,23,Internal
HST,PYPL,0.5843039125154103,63,6.169174200517609e-07,23,23,Internal
HST,QCOM,0.5006687818320291,63,3.410239984333984e-05,23,23,Internal
HST,SPG,0.5806748137513786,63,7.517601338840894e-07,23,23,Internal
HSY,K,0.5708045943936881,63,1.2717622594688556e-06,15,15,Internal
HSY,KHC,0.40192231287989505,63,0.0012034875827445983,15,15,Internal
HSY,KMB,0.5758742105748493,63,9.728897077991894e-07,15,15,Internal
HSY,KO,0.5674182318369051,63,1.5172013093569766e-06,15,15,Internal
HSY,MDLZ,0.6544801185531179,63,7.948587350536583e-09,15,15,Internal
HSY,MKC,0.47885305172460696,63,8.248225278310059e-05,15,15,Internal
HSY,MSI,0.5158968473734156,63,1.7747583959952474e-05,15,9,External
HSY,NVDA,-0.40165331415763905,63,0.0012135232409280423,15,12,External
HSY,PEP,0.6375969225357898,63,2.5048070329453097e-08,15,15,Internal
HSY,PG,0.5378545737960241,63,6.537311859183363e-06,15,15,Internal
HSY,PPL,0.44931983107025253,63,0.0002489236703146845,15,15,Internal
HSY,ROL,0.4098118790586596,63,0.0009404288839182936,15,9,External
HSY,RSG,0.4209144065666453,63,0.0006578347973872557,15,9,External
HSY,VRSK,0.43643304115579,63,0.00039093741522879834,15,9,External
HSY,WM,0.44005372545492355,63,0.0003449918758766201,15,9,External
HSY,XEL,0.43810490953006165,63,0.0003690708238938867,15,15,Internal
HUBB,IR,0.4526813193646328,63,0.00022061753888157743,23,23,Internal
HUBB,PCAR,0.613866492555366,63,1.122574894384129e-07,23,23,Internal
HUBB,PH,0.4135073548899577,63,0.0008360873217079501,23,23,Internal
HUBB,RTX,0.44358432085803506,63,0.0003049839192321378,23,4,External
HUBB,TT,0.4169661197675178,63,0.0007480320984748043,23,23,Internal
HUBB,UHS,0.45443014031413537,63,0.00020708574175341965,23,9,External
HUM,JCI,-0.5071967472599652,63,2.587304102452807e-05,9,1,External
HUM,MOH,0.6783624527664437,63,1.3781481515072878e-09,9,9,Internal
HUM,PAYC,-0.5048769675810442,63,2.8559411530464676e-05,9,1,External
HUM,UNH,0.6506232896270749,63,1.03968043951438e-08,9,9,Internal
HWM,IEX,0.4079020421644508,63,0.0009988371804845267,23,23,Internal
HWM,ITW,0.4996171370241612,63,3.563517357715988e-05,23,23,Internal
HWM,ROK,0.5819458136414466,63,7.016651800933906e-07,23,23,Internal
HWM,SBAC,-0.4200821685173182,63,0.000675982899896298,23,16,External
HWM,TDG,0.42688974496039045,63,0.0005399657466306627,23,23,Internal
HWM,UAL,0.40590406720771555,63,0.0010634253467145765,23,23,Internal
HWM,ZBRA,0.464719965586969,63,0.0001417011075821282,23,23,Internal
IBM,TXT,0.4192063626303106,63,0.000695569783916664,23,23,Internal
ICE,NDAQ,0.42299881705122555,63,0.0006143028685316463,15,15,Internal
ICE,O,0.4197032741656134,63,0.0006843944866769373,15,15,Internal
IDXX,PWR,0.43078803147580413,63,0.000473771250962216,29,23,External
IDXX,ROK,0.4484492154400547,63,0.0002567771259031147,29,23,External
IDXX,ZTS,0.4877726860947867,63,5.789819508475252e-05,29,29,Internal
IEX,ITW,0.5053912113060883,63,2.794253086608206e-05,23,23,Internal
IEX,MSFT,-0.4268711194675157,63,0.0005403012259370714,23,25,External
IEX,NDSN,0.5820751003369774,63,6.967489860248872e-07,23,23,Internal
IEX,PH,0.43026136543756166,63,0.00048226076980000004,23,23,Internal
IEX,PNR,0.4944171787934558,63,4.4195276785653004e-05,23,23,Internal
IEX,RCL,0.4126335303011221,63,0.0008597674820454135,23,23,Internal
IEX,TSCO,0.4768265571777549,63,8.926711683928591e-05,23,23,Internal
IEX,TXT,0.513053216859923,63,2.0097418880558556e-05,23,23,Internal
IEX,WAB,0.594540215286184,63,3.4863006113701057e-07,23,23,Internal
IFF,J,-0.4212290595822714,63,0.0006510891842792443,12,29,External
IFF,LLY,-0.7448908322492195,63,3.8755908430029524e-12,12,29,External
IFF,WST,-0.4229036734912372,63,0.0006162315435507456,12,9,External
INTC,KO,-0.41336291643686995,63,0.0008399603906177483,0,15,External
INTC,XEL,-0.40601189938704474,63,0.0010598456155686041,0,15,External
INTU,MCO,0.43490843248293554,63,0.00041189958580339713,9,9,Internal
INVH,KIM,0.6172622545626805,63,9.126430000912517e-08,16,16,Internal
INVH,LNT,0.45022041014082737,63,0.00024103146658750887,16,15,External
INVH,LRCX,-0.42227423376864975,63,0.0006291299808807302,16,12,External
INVH,MAA,0.57895540291679,63,8.248854776141433e-07,16,16,Internal
INVH,NI,0.42176541073703705,63,0.0006397351083644421,16,15,External
INVH,NVDA,-0.4888075395239679,63,5.55336902951905e-05,16,12,External
INVH,NXPI,-0.47880816043290064,63,8.26272604726717e-05,16,12,External
INVH,PEG,0.4207402723420749,63,0.0006615950945214092,16,15,External
INVH,PEP,0.47809884014627424,63,8.494988887565742e-05,16,15,External
INVH,PLD,0.6061235492735088,63,1.783689678252236e-07,16,16,Internal
INVH,PPL,0.47694231637008033,63,8.886611859411767e-05,16,15,External
INVH,REG,0.5705012586343997,63,1.2921283120715924e-06,16,16,Internal
INVH,SO,0.4593866282243277,63,0.00017275494421722937,16,15,External
INVH,SPG,0.4456178355684101,63,0.0002839093460014157,16,23,External
INVH,SYY,0.4236615446471151,63,0.0006010197172604265,16,15,External
INVH,TECH,0.46406383233402604,63,0.00014522348380306428,16,29,External
INVH,UDR,0.6041777209456196,63,1.9999501951283456e-07,16,16,Internal
INVH,VICI,0.4665611359293995,63,0.0001322314543359139,16,16,Internal
INVH,VTR,0.5654260992540606,63,1.6816314403561418e-06,16,16,Internal
INVH,WEC,0.41568913729918144,63,0.0007795143958933114,16,15,External
INVH,WELL,0.47600337913124385,63,9.21670527190195e-05,16,16,Internal
IP,LYB,0.474547667835246,63,9.750844993308146e-05,23,23,Internal
IP,MOS,0.4322138558987656,63,0.0004514651611907436,23,4,External
IP,NOW,-0.44643196839096444,63,0.00027585134869130535,23,9,External
IP,PKG,0.7215841740975967,63,3.674524145453659e-11,23,23,Internal
IP,SPGI,-0.4350583136973033,63,0.00040979440897692215,23,9,External
IP,TXT,0.4522411581060126,63,0.0002241484326273904,23,23,Internal
IP,WAB,0.43882975172020405,63,0.0003599415971834011,23,23,Internal
IP,WST,-0.41154809068085896,63,0.0008900255252772042,23,9,External
IQV,STX,-0.40303846946655153,63,0.0011626399864173402,29,12,External
IQV,WST,0.41985322607721326,63,0.0006810542310209289,29,9,External
IQV,ZTS,0.40474940564502787,63,0.001102445917116249,29,29,Internal
IR,MAR,0.4517677891689877,63,0.00022800334027260773,23,23,Internal
IR,NDSN,0.4329148959606537,63,0.00044085191610104184,23,23,Internal
IR,PCAR,0.4922695062731169,63,4.825608439260353e-05,23,23,Internal
IR,PH,0.7839198607705001,63,4.92263384550387e-14,23,23,Internal
IR,PNR,0.41600661298294095,63,0.0007715774737993108,23,23,Internal
IR,PWR,0.4379996497276601,63,0.0003704139475810066,23,23,Internal
IR,SWK,0.4085217168379954,63,0.00097953670363562,23,23,Internal
IR,TPL,0.4231519805559381,63,0.0006112095549004638,23,22,External
IR,URI,0.5032656206472798,63,3.0575008655355666e-05,23,23,Internal
IR,WY,0.45300239069097553,63,0.00021807413871728138,23,23,Internal
IRM,MCO,0.6043679065777077,63,1.9777715505930085e-07,9,9,Internal
IRM,O,0.490736228320683,63,5.136312768380829e-05,9,15,External
IRM,REG,0.4136813864696209,63,0.0008314421703187109,9,16,External
IRM,REGN,-0.40703262534865664,63,0.0010264946177570592,9,9,Internal
IRM,SPG,0.47236354656524693,63,0.0001060585324594269,9,23,External
IRM,SPGI,0.601567169496056,63,2.3290495285181897e-07,9,9,Internal
IRM,VICI,0.4160856543983735,63,0.0007696128324227266,9,16,External
ISRG,SNPS,0.4640447951709904,63,0.00014532687165820044,12,12,Internal
ITW,NDSN,0.45089807235036145,63,0.0002352443603072123,23,23,Internal
ITW,ROK,0.6469203458376783,63,1.3406252180250729e-08,23,23,Internal
ITW,XYL,0.4013928728970373,63,0.0012233113505651294,23,9,External
ITW,ZBRA,0.4567940288275258,63,0.00019000117027869414,23,23,Internal
IVZ,KEY,0.4206499548189419,63,0.0006635530942195156,4,4,Internal
IVZ,LW,0.4081962101605238,63,0.0009896326112078643,4,4,Internal
IVZ,MAA,0.4654227121315667,63,0.00013801558521118863,4,16,External
IVZ,MSCI,-0.4038883857092305,63,0.0011323779357868108,4,23,External
IVZ,MTB,0.4383079075399969,63,0.00036649307469605264,4,4,Internal
IVZ,PNC,0.4185235883940369,63,0.000711194612679607,4,4,Internal
IVZ,RTX,0.5125003126555722,63,2.0586574026145748e-05,4,4,Internal
IVZ,SYF,0.46331089154301414,63,0.00014936445464557046,4,4,Internal
IVZ,TFC,0.45975261443875254,63,0.00017043943806798877,4,4,Internal
IVZ,TPR,0.40115587862972873,63,0.001232279947079137,4,23,External
IVZ,USB,0.4731648627190281,63,0.00010284466202971694,4,4,Internal
J,PWR,0.43783631917102817,63,0.00037250687628083136,29,23,External
J,TECH,0.401266979046787,63,0.001228068221360161,29,29,Internal
J,TRGP,0.4044343491504748,63,0.0011133146323218923,29,22,External
JBHT,NTRS,0.4235048654290005,63,0.0006041363306816191,29,4,External
JBHT,RVTY,0.4370296464264643,63,0.0003830024994705555,29,29,Internal
JBHT,WAT,0.45244024252753756,63,0.00022254506001521393,29,29,Internal
JBL,PM,0.4158070338714315,63,0.0007765583902100768,20,20,Internal
JBL,TEL,0.47278506933647224,63,0.00010435658013533313,20,27,External
JBL,TRMB,0.6209756415002583,63,7.256846057241056e-08,20,20,Internal
JCI,PAYC,0.7400245199481755,63,6.321649892929595e-12,1,1,Internal
JCI,WAT,-0.47464517328080597,63,9.714196582053487e-05,1,29,External
JNJ,KO,0.46443514471316044,63,0.00014322039189509884,23,15,External
JNJ,MCD,0.5038483586818167,63,2.983134301396267e-05,23,23,Internal
JNJ,MKC,0.41145713280465285,63,0.0008926042630415329,23,15,External
JNJ,MNST,0.41886235728518567,63,0.0007034028260548238,23,9,External
JNJ,MPWR,-0.5154428728804832,63,1.810475854710302e-05,23,12,External
JNJ,NFLX,-0.5315523742430129,63,8.769969197779997e-06,23,9,External
JNJ,PEP,0.5457825333629823,63,4.479068817874334e-06,23,15,External
JNJ,RSG,0.4888172952247153,63,5.551183016486918e-05,23,9,External
JNJ,SNA,-0.43354068691232456,63,0.00043157014638752086,23,27,External
JNJ,TMUS,0.5015121804300919,63,3.291748272196401e-05,23,9,External
JPM,KEY,0.41863261004530516,63,0.0007086785954463033,4,4,Internal
JPM,L,0.48423015259276225,63,6.67138519507496e-05,4,4,Internal
JPM,MET,0.5577756208614622,63,2.4812244803826327e-06,4,4,Internal
JPM,MTB,0.5692290743084203,63,1.380918205803956e-06,4,4,Internal
JPM,NOW,-0.4198643859362589,63,0.0006808062308560511,4,9,External
JPM,ORCL,-0.402397152949293,63,0.001185954700764978,4,12,External
JPM,PFG,0.5213875749518638,63,1.3915236177041218e-05,4,4,Internal
JPM,PNC,0.540099663300665,63,5.879217728910386e-06,4,4,Internal
JPM,PRU,0.5842796639971575,63,6.177377355307664e-07,4,4,Internal
JPM,RF,0.5729579823876911,63,1.1356012602932484e-06,4,4,Internal
JPM,RJF,0.48022926668083316,63,7.814891173767007e-05,4,4,Internal
JPM,SYF,0.481519161398975,63,7.427875217667339e-05,4,4,Internal
JPM,TRV,0.5720467190016724,63,1.1914624560301109e-06,4,4,Internal
JPM,WFC,0.6584849234441332,63,5.989981925503423e-09,4,4,Internal
JPM,WRB,0.5165782593800174,63,1.7223728505745984e-05,4,4,Internal
K,KHC,0.6492993562482186,63,1.1390615289026346e-08,15,15,Internal
K,KIM,0.49779664688243896,63,3.844009337149233e-05,15,16,External
K,KO,0.5332245430377813,63,8.116926360263041e-06,15,15,Internal
K,KR,0.41186863732510776,63,0.0008809912985072649,15,15,Internal
K,LNT,0.40366061652865237,63,0.0011404174678256147,15,15,Internal
K,MDLZ,0.5815296123055305,63,7.177134943418347e-07,15,15,Internal
K,MKC,0.6126862175597594,63,1.2056443832318732e-07,15,15,Internal
K,MSI,0.509637759227924,63,2.3300526251441994e-05,15,9,External
K,PEP,0.5550716534084676,63,2.8403661733827678e-06,15,15,Internal
K,PG,0.43115612804078196,63,0.0004679186705837443,15,15,Internal
K,PPL,0.5004858132043366,63,3.436461426913596e-05,15,15,Internal
K,TAP,0.4731481664472599,63,0.00010291070253117159,15,15,Internal
K,VTR,0.46816083969915706,63,0.0001244792643750213,15,16,External
K,WEC,0.4383353606363892,63,0.0003661457264355612,15,15,Internal
K,XEL,0.4490186938895761,63,0.00025161491570319447,15,15,Internal
KDP,KO,0.5035691904579137,63,3.0185490173995428e-05,15,15,Internal
KDP,MKC,0.40526016607554016,63,0.0010850289018894052,15,15,Internal
KDP,PEP,0.42678215317742135,63,0.0005419062843452767,15,15,Internal
KDP,SYY,0.44055113669361806,63,0.00033907990707706824,15,15,Internal
KDP,TXT,0.4603280811839691,63,0.0001668560696905608,15,23,External
KDP,WST,-0.40673490752252667,63,0.0010361230377546851,15,9,External
KEY,KMI,0.41049744607130284,63,0.000920226421725565,4,22,External
KEY,L,0.4761074435997257,63,9.179572146619391e-05,4,4,Internal
KEY,MET,0.5672938362430071,63,1.5270111701881997e-06,4,4,Internal
KEY,MOS,0.46547849951326964,63,0.000137726813918596,4,4,Internal
KEY,MS,0.4049484053668906,63,0.0010956302567091448,4,4,Internal
KEY,MTB,0.7040031269707829,63,1.7351595738219164e-10,4,4,Internal
KEY,NOW,-0.4591780613688154,63,0.00017408735697655906,4,9,External
KEY,NTRS,0.4428813367360752,63,0.00031259507253654983,4,4,Internal
KEY,ORCL,-0.46545005917161475,63,0.00013787395981328573,4,12,External
KEY,PFG,0.5009548921087569,63,3.369608103450282e-05,4,4,Internal
KEY,PNC,0.7327895837437546,63,1.2829281239607814e-11,4,4,Internal
KEY,PRU,0.6111178257692443,63,1.325019978353299e-07,4,4,Internal
KEY,RF,0.7341846057706949,63,1.1212698455048894e-11,4,4,Internal
KEY,RJF,0.5515246920503596,63,3.3853930803833706e-06,4,4,Internal
KEY,ROP,-0.41849658818263796,63,0.000711818975697984,4,9,External
KEY,SCHW,0.540682072229615,63,5.718888280059781e-06,4,4,Internal
KEY,SNPS,-0.5021130020339352,63,3.2096740184326326e-05,4,12,External
KEY,STT,0.5162040977831088,63,1.7509571623555142e-05,4,4,Internal
KEY,SYF,0.4682787955243618,63,0.00012392451150177998,4,4,Internal
KEY,TDY,-0.4558836925371469,63,0.0001964214551015524,4,9,External
KEY,TFC,0.5118236959062303,63,2.120020271271072e-05,4,4,Internal
KEY,TGT,0.425156815344106,63,0.0005720016526803876,4,4,Internal
KEY,TSN,0.47547192977389097,63,9.408506292265965e-05,4,4,Internal
KEY,TXN,-0.4528959877377477,63,0.0002189140333185404,4,12,External
KEY,UNP,0.49005357886781153,63,5.2805021216953684e-05,4,27,External
KEY,USB,0.787852559885023,63,3.01655880076886e-14,4,4,Internal
KEY,WFC,0.6921135678758518,63,4.657568518790541e-10,4,4,Internal
KEYS,ROST,-0.47491998894357457,63,9.61158514928598e-05,23,23,Internal
KHC,KO,0.40829152896459436,63,0.0009866665280008472,15,15,Internal
KHC,LNT,0.4056715870820413,63,0.0010711801553330372,15,15,Internal
KHC,MDLZ,0.49027745068542417,63,5.2328091290959206e-05,15,15,Internal
KHC,MKC,0.4414710809578219,63,0.0003283887131353251,15,15,Internal
KHC,NI,0.4258707265039869,63,0.0005586006291374346,15,15,Internal
KHC,PEP,0.455059712058198,63,0.00020240333643112813,15,15,Internal
KHC,PPL,0.4886054578154401,63,5.598829664806011e-05,15,15,Internal
KHC,TAP,0.46115715258759465,63,0.00016181485440632873,15,15,Internal
KHC,XEL,0.42182431151117283,63,0.0006384992320850303,15,15,Internal
KIM,KR,0.542707507779577,63,5.192503862438576e-06,16,15,External
KIM,LRCX,-0.4165833661475667,63,0.0007573454129691066,16,12,External
KIM,MAA,0.5603338578041117,63,2.1809443666615174e-06,16,16,Internal
KIM,NI,0.40802918213932793,63,0.0009948495125557386,16,15,External
KIM,NVDA,-0.4472315651298192,63,0.00026814105612368936,16,12,External
KIM,O,0.5714024928836656,63,1.2324969593055228e-06,16,15,External
KIM,PLD,0.5133405994960007,63,1.9847451468571686e-05,16,16,Internal
KIM,PPL,0.433353263244209,63,0.00043433120004045825,16,15,External
KIM,REG,0.7489299991260431,63,2.560384407659869e-12,16,16,Internal
KIM,SBAC,0.4030723418777844,63,0.0011614201296325799,16,16,Internal
KIM,SNPS,-0.43263708980353804,63,0.00044503025201633723,16,12,External
KIM,SPG,0.5105936838311113,63,2.235936878605134e-05,16,23,External
KIM,STZ,0.40090959249464697,63,0.001241662837585482,16,16,Internal
KIM,UDR,0.6103683420194455,63,1.3859195993900935e-07,16,16,Internal
KIM,VICI,0.44200481663988567,63,0.00032232769212881495,16,16,Internal
KIM,VTR,0.4167403393882132,63,0.000753513259276612,16,16,Internal
KIM,WELL,0.44155372822117833,63,0.0003274434334042962,16,16,Internal
KLAC,LHX,-0.46219718298638723,63,0.0001556884406795822,12,9,External
KLAC,LNT,-0.5198144050041618,63,1.4926145315545722e-05,12,15,External
KLAC,LRCX,0.8666605854537529,63,8.946040645473115e-20,12,12,Internal
KLAC,LUV,-0.4385084000159351,63,0.0003639632530802353,12,9,External
KLAC,MCHP,0.6594543339477913,63,5.589944687207804e-09,12,12,Internal
KLAC,MPWR,0.6656195328770838,63,3.5802928236088926e-09,12,12,Internal
KLAC,NI,-0.5418671997885303,63,5.405149371409407e-06,12,15,External
KLAC,NXPI,0.6187255608735995,63,8.341137248246177e-08,12,12,Internal
KLAC,O,-0.430311656792385,63,0.0004814441754121848,12,15,External
KLAC,ON,0.715507712262741,63,6.36633138557028e-11,12,12,Internal
KLAC,PEG,-0.5357850631498572,63,7.204157662673612e-06,12,15,External
KLAC,PFG,-0.41253636240120817,63,0.0008624377748005526,12,4,External
KLAC,PPL,-0.4826926059257414,63,7.091220377206219e-05,12,15,External
KLAC,SNPS,0.5144590177153843,63,1.8901847321071343e-05,12,12,Internal
KLAC,SO,-0.4300185043705687,63,0.0004862219168106124,12,15,External
KLAC,SPGI,-0.42391469593326037,63,0.0005960149154597489,12,9,External
KLAC,SRE,-0.4789859122055349,63,8.205445943511796e-05,12,15,External
KLAC,STX,0.46857848513464934,63,0.00012252525329959228,12,12,Internal
KLAC,SWKS,0.4934090245583067,63,4.606045250818695e-05,12,12,Internal
KLAC,T,-0.450411552789266,63,0.00023938610635253603,12,15,External
KLAC,TER,0.512366774458736,63,2.070635992198062e-05,12,12,Internal
KLAC,TXN,0.5394915069825759,63,6.051101617680115e-06,12,12,Internal
KLAC,UDR,-0.4904388754012832,63,5.1986668261085174e-05,12,16,External
KLAC,WDC,0.4047043854154442,63,0.0011039931316507757,12,12,Internal
KLAC,WEC,-0.4713818211463482,63,0.00011012177953889879,12,15,External
KLAC,WTW,-0.4418950107273456,63,0.00032356623039460217,12,9,External
KLAC,XEL,-0.41104056284499296,63,0.0009045008444168703,12,15,External
KMB,KO,0.4528495318806737,63,0.00021928166114473143,15,15,Internal
KMB,LW,0.5252309015530195,63,1.1706913952244646e-05,15,4,External
KMB,MNST,0.413299420201427,63,0.0008416681467795109,15,9,External
KMB,NVDA,-0.4279770995842192,63,0.0005207051964036272,15,12,External
KMB,PEP,0.44487017945976454,63,0.0002914980864981098,15,15,Internal
KMB,PG,0.537129558206866,63,6.764089625873975e-06,15,15,Internal
KMI,MET,0.45336297523833086,63,0.00021524973113174584,22,4,External
KMI,META,-0.4561881168407099,63,0.0001942526802335587,22,24,External
KMI,MPC,0.4575426429704304,63,0.00018486609818756903,22,22,Internal
KMI,MS,0.4586629876660344,63,0.00017741831104668362,22,4,External
KMI,OKE,0.7396417096461007,63,6.5666922661941865e-12,22,22,Internal
KMI,ORCL,-0.40092761994390325,63,0.0012409738620390097,22,12,External
KMI,OXY,0.6774838600301213,63,1.4741499154334714e-09,22,22,Internal
KMI,PFE,0.4114432274504202,63,0.0008929990865678867,22,16,External
KMI,PFG,0.4421269085909333,63,0.00032095565336433447,22,4,External
KMI,PNC,0.5318574611375338,63,8.647287707103125e-06,22,4,External
KMI,PRU,0.40829501458725603,63,0.0009865582163115026,22,4,External
KMI,PSX,0.4719954402423335,63,0.00010756564580879123,22,22,Internal
KMI,RJF,0.40421655246126764,63,0.0011208844533150486,22,4,External
KMI,TPL,0.4706282270572695,63,0.00011333736868893359,22,22,Internal
KMI,TRGP,0.711341174478248,63,9.204999576609157e-11,22,22,Internal
KMI,VLO,0.44409787747761964,63,0.0002995309957767634,22,22,Internal
KMI,WMB,0.7278906649652853,63,2.0453367447168918e-11,22,22,Internal
KMI,XOM,0.6568280648519644,63,6.737196968703736e-09,22,22,Internal
KO,LNT,0.5734033202016199,63,1.109203801233592e-06,15,15,Internal
KO,MDLZ,0.48246684895754655,63,7.154875289588626e-05,15,15,Internal
KO,MKC,0.5593619859313494,63,2.290773140818717e-06,15,15,Internal
KO,MNST,0.4710180077080944,63,0.00011166355328500404,15,9,External
KO,MPWR,-0.5457662472534903,63,4.48259364300087e-06,15,12,External
KO,NFLX,-0.40153129923767034,63,0.0012181000906974987,15,9,External
KO,NI,0.5280121029236617,63,1.0317198275333292e-05,15,15,Internal
KO,NXPI,-0.4138385930228693,63,0.0008272661721133961,15,12,External
KO,O,0.5324392027930007,63,8.41777449465225e-06,15,15,Internal
KO,ON,-0.4565437178165688,63,0.00019174709157230763,15,12,External
KO,PEG,0.5140866242353642,63,1.9211954281167484e-05,15,15,Internal
KO,PEP,0.6634590001854742,63,4.1902272376889744e-09,15,15,Internal
KO,PG,0.47478033593520236,63,9.663603891820256e-05,15,15,Internal
KO,PLD,0.40251209470229077,63,0.0011817453439223334,15,16,External
KO,PNW,0.4164519502707593,63,0.0007605671929273477,15,15,Internal
KO,PPL,0.6253960439910934,63,5.502181374257464e-08,15,15,Internal
KO,SO,0.4421647540533781,63,0.0003205314383461779,15,15,Internal
KO,SRE,0.4070461376182641,63,0.00102605954136224,15,15,Internal
KO,STZ,0.45030129013768583,63,0.00024033399205450006,15,16,External
KO,UDR,0.40395092860414,63,0.001130179322563062,15,16,External
KO,WEC,0.5811774065353474,63,7.315626829996124e-07,15,15,Internal
KO,XEL,0.5771382434089145,63,9.093901158914907e-07,15,15,Internal
KR,MET,0.47645776913813587,63,9.055575739468719e-05,15,4,External
KR,MPC,0.4304965334885046,63,0.00047845307228514916,15,22,External
KR,REG,0.5338167533360552,63,7.896718584499782e-06,15,16,External
KR,SJM,0.5275917212008202,63,1.0516909404093758e-05,15,15,Internal
KR,SYY,0.4962652574642397,63,4.095625068404758e-05,15,15,Internal
KR,VICI,0.4042259695210179,63,0.0011205561937815205,15,16,External
L,MET,0.6583970092074896,63,6.027572072387235e-09,4,4,Internal
L,MPWR,-0.4144207017757337,63,0.0008119677512233833,4,12,External
L,MTB,0.44733067261235954,63,0.0002671992282650068,4,4,Internal
L,NOW,-0.4822471222795561,63,7.217335256506474e-05,4,9,External
L,OKE,0.41968228571222044,63,0.000684863197234428,4,22,External
L,ORCL,-0.4353300756647355,63,0.000406002299642031,4,12,External
L,PFG,0.5290236987195885,63,9.850989465459835e-06,4,4,Internal
L,PNC,0.48812322098979166,63,5.708705883253304e-05,4,4,Internal
L,PRU,0.6629215955434752,63,4.356568664591232e-09,4,4,Internal
L,RF,0.4246611879966792,63,0.0005814760661932126,4,4,Internal
L,RJF,0.48855815798477803,63,5.6095198040040114e-05,4,4,Internal
L,SNPS,-0.4680856818753144,63,0.00012483392462604736,4,12,External
L,STT,0.43762962886922996,63,0.00037517086017521684,4,4,Internal
L,TER,-0.40916042558910937,63,0.0009599961976534913,4,12,External
L,TRV,0.6465728314627701,63,1.3727520950531714e-08,4,4,Internal
L,USB,0.42546916070762686,63,0.0005661030409245473,4,4,Internal
L,WFC,0.4871384693954417,63,5.939285698871132e-05,4,4,Internal
L,WMB,0.4052342900743852,63,0.0010859052780014533,4,22,External
L,WRB,0.6311748180318559,63,3.8064394234391985e-08,4,4,Internal
LDOS,NCLH,-0.43570059473904565,63,0.0004008836137501142,23,23,Internal
LDOS,ROK,-0.4730557009184463,63,0.00010327714767331607,23,23,Internal
LDOS,SWK,0.47985591981980086,63,7.930326628352108e-05,23,23,Internal
LDOS,ZBRA,-0.5972186907099396,63,2.992829728420725e-07,23,23,Internal
LEN,MAS,0.6116248529391746,63,1.285261040675562e-07,27,27,Internal
LEN,MLM,0.4234986724386295,63,0.000604259820266665,27,27,Internal
LEN,NVR,0.7916075052796718,63,1.8715975602710867e-14,27,27,Internal
LEN,PHM,0.829885681115676,63,7.653661610539637e-17,27,27,Internal
LEN,SHW,0.4532612023992634,63,0.00021604349371970658,27,27,Internal
LEN,VMC,0.43339749036295344,63,0.00043367821836621086,27,27,Internal
LH,MOH,0.53336661439376,63,8.063583104071178e-06,9,9,Internal
LH,WM,0.4510305777716582,63,0.00023412774945724295,9,9,Internal
LH,XEL,0.4033690024370744,63,0.0011507855649719079,9,15,External
LHX,LRCX,-0.49370110173060355,63,4.55127351143754e-05,9,12,External
LHX,LUV,0.44692110262279844,63,0.0002711110734871704,9,9,Internal
LHX,META,-0.41203213002002764,63,0.0008764154281653173,9,24,External
LHX,NOC,0.5369525220538222,63,6.820567707619168e-06,9,9,Internal
LHX,RCL,-0.5145502609014363,63,1.8826577314388615e-05,9,23,External
LHX,ROL,0.5295559641931931,63,9.613632955784812e-06,9,9,Internal
LHX,TXT,-0.4240693677822433,63,0.0005929756873769193,9,23,External
LHX,TYL,0.41464078508611796,63,0.0008062507003324921,9,9,Internal
LHX,WTW,0.6030797203677366,63,2.1326422166013405e-07,9,9,Internal
LIN,SBAC,-0.4079879499660947,63,0.000996141158024529,23,16,External
LIN,STZ,-0.43220738953749993,63,0.00045156412960942427,23,16,External
LKQ,MHK,0.47945092832794495,63,8.057320879007383e-05,9,27,External
LKQ,ORLY,0.4658327349760531,63,0.00013590609437794376,9,9,Internal
LKQ,OTIS,0.45224897435248695,63,0.00022408528391757818,9,27,External
LKQ,ROL,0.44029134159073896,63,0.0003421560725187166,9,9,Internal
LKQ,SPGI,0.40638206222106354,63,0.0010476397362977634,9,9,Internal
LKQ,TEL,0.4118017988250291,63,0.0008828681968887055,9,27,External
LKQ,TRMB,0.4380208307249344,63,0.00037014331899520506,9,20,External
LKQ,TYL,0.48998656122935497,63,5.2948572251508246e-05,9,9,Internal
LKQ,WTW,0.5758876584161464,63,9.721927868651002e-07,9,9,Internal
LLY,PODD,-0.406871810118742,63,0.001031685434743315,29,12,External
LLY,WST,0.48136800589070583,63,7.472295717944406e-05,29,9,External
LLY,ZTS,0.438254637257471,63,0.00036716792958379585,29,29,Internal
LMT,NFLX,-0.4270984915777847,63,0.0005362187532587136,9,9,Internal
LMT,NOC,0.6599708872974521,63,5.387257633830983e-09,9,9,Internal
LMT,PLD,0.44530627250529364,63,0.000287049527735128,9,16,External
LNT,LRCX,-0.46490333441616555,63,0.00014073082769336598,15,12,External
LNT,MPWR,-0.4682081948245263,63,0.00012425627707480613,15,12,External
LNT,NEE,0.655974827476625,63,7.155626735749208e-09,15,15,Internal
LNT,NFLX,-0.4451926231340211,63,0.0002882028470587884,15,9,External
LNT,NI,0.8569053832662304,63,6.427086106705571e-19,15,15,Internal
LNT,NVDA,-0.4484438406069391,63,0.0002568263053682093,15,12,External
LNT,NXPI,-0.4004016262623593,63,0.0012612184162998066,15,12,External
LNT,O,0.5246234405430897,63,1.2032754424682535e-05,15,15,Internal
LNT,PCG,0.6659818114193181,63,3.4866468401741978e-09,15,15,Internal
LNT,PEG,0.8664332058395768,63,9.383214617130774e-20,15,15,Internal
LNT,PEP,0.533738858270921,63,7.925361864230178e-06,15,15,Internal
LNT,PLD,0.43820287779031536,63,0.0003678247289610064,15,16,External
LNT,PNW,0.7898046853925006,63,2.356489755572122e-14,15,15,Internal
LNT,PPL,0.8762750914841639,63,1.0937818936928254e-20,15,15,Internal
LNT,SO,0.8323597459537674,63,5.1210796648809163e-17,15,15,Internal
LNT,SRE,0.8178618932476432,63,4.941093357743652e-16,15,15,Internal
LNT,T,0.4078869522877558,63,0.0009993114213312615,15,15,Internal
LNT,UDR,0.409350513102592,63,0.0009542490284606374,15,16,External
LNT,WEC,0.9158688527408687,63,1.8516683438036994e-25,15,15,Internal
LNT,WELL,0.41642772553931273,63,0.0007611624362005667,15,16,External
LNT,XEL,0.8165263872374035,63,6.027099657757993e-16,15,15,Internal
LOW,MCD,0.4113865366893752,63,0.0008946103763412102,23,23,Internal
LOW,TSCO,0.43563230387567103,63,0.0004018226062498442,23,23,Internal
LOW,YUM,0.4162490133251348,63,0.0007655667439474676,23,23,Internal
LRCX,LUV,-0.5393403684090938,63,6.094539027529542e-06,12,9,External
LRCX,MAA,-0.4105120319722892,63,0.0009198008912797245,12,16,External
LRCX,MCHP,0.5683154984655596,63,1.4481716910222406e-06,12,12,Internal
LRCX,MPWR,0.5981822036041282,63,2.8319831978898836e-07,12,12,Internal
LRCX,MU,0.48341877204925904,63,6.889992039114748e-05,12,12,Internal
LRCX,NI,-0.49672998184215567,63,4.0177037898321646e-05,12,15,External
LRCX,NVDA,0.4261143696489596,63,0.0005540927726018226,12,12,Internal
LRCX,NXPI,0.630321585326088,63,4.021170882659244e-08,12,12,Internal
LRCX,ON,0.6928139701834037,63,4.4001390913907927e-10,12,12,Internal
LRCX,PCG,-0.4364448687307709,63,0.00039077866367487124,12,15,External
LRCX,PEG,-0.5108370770830717,63,2.212543198211992e-05,12,15,External
LRCX,PPL,-0.47022730369340066,63,0.00011508306605803073,12,15,External
LRCX,RCL,0.4468111430001327,63,0.00027217017901591783,12,23,External
LRCX,ROL,-0.47731929064970474,63,8.757171629823455e-05,12,9,External
LRCX,SNPS,0.4501211638605429,63,0.00024188985242426457,12,12,Internal
LRCX,SPGI,-0.5441136605454946,63,4.854036358169393e-06,12,9,External
LRCX,SRE,-0.4425084252055028,63,0.00031670252443563726,12,15,External
LRCX,STX,0.4890023203083263,63,5.509873530081409e-05,12,12,Internal
LRCX,SWKS,0.4032385364011383,63,0.0011554516052714944,12,12,Internal
LRCX,TXN,0.436384800075769,63,0.0003915855229341371,12,12,Internal
LRCX,TXT,0.5331845166094772,63,8.132014238530862e-06,12,23,External
LRCX,UDR,-0.5388204083839667,63,6.246206760746439e-06,12,16,External
LRCX,WAB,0.40699590465847113,63,0.0010276778138109672,12,23,External
LRCX,WDC,0.5453531794123705,63,4.572864838973974e-06,12,12,Internal
LRCX,WEC,-0.42719446623708723,63,0.000534503947614068,12,15,External
LRCX,WTW,-0.5771369283747093,63,9.094541092042865e-07,12,9,External
LRCX,XEL,-0.46503524405028357,63,0.00014003661462864522,12,15,External
LULU,ORLY,0.41414436832042134,63,0.000819197894797328,9,9,Internal
LUV,PSKY,0.4229938227783598,63,0.000614403972200827,9,14,External
LUV,ROL,0.41604563172090875,63,0.0007706070636336384,9,9,Internal
LUV,SPG,0.4163574234667519,63,0.0007628922663559962,9,23,External
LUV,TFC,0.42542893899591205,63,0.0005668595147702045,9,4,External
LUV,TXT,-0.41259243645146404,63,0.0008608958782449981,9,23,External
LUV,UAL,0.5196438239101338,63,1.5039766365686014e-05,9,23,External
LUV,UDR,0.4245871948923889,63,0.0005829026688035368,9,16,External
LUV,WST,0.4068314246173648,63,0.0010329927171204604,9,9,Internal
LVS,LYB,0.41539210515961034,63,0.0007870070251602265,23,23,Internal
LVS,NDSN,0.5005348415973766,63,3.429416873139228e-05,23,23,Internal
LVS,PODD,0.41207406006114344,63,0.0008752453457477212,23,12,External
LVS,RSG,-0.4540005030343701,63,0.00021033783578167063,23,9,External
LVS,WYNN,0.6987949653049811,63,2.689914490072912e-10,23,23,Internal
LW,MMM,-0.5289456751912132,63,9.88623780735477e-06,4,16,External
LW,MSCI,-0.4209091809395458,63,0.0006579473583918009,4,23,External
LW,PKG,-0.4769441536290747,63,8.885976758427396e-05,4,23,External
LW,RTX,0.4613025104312129,63,0.00016094552346861187,4,4,Internal
LYB,PKG,0.4623997171124806,63,0.00015452042914455562,23,23,Internal
LYB,PNR,0.4350258662070474,63,0.00041024932222892975,23,23,Internal
LYB,WAB,0.42919647247973136,63,0.000499849953338834,23,23,Internal
LYB,WYNN,0.5007604764092343,63,3.397168893341952e-05,23,23,Internal
LYV,TROW,-0.47684382695953986,63,8.92071875448961e-05,9,4,External
MA,PLD,0.44072538732109484,63,0.0003370308012623086,16,16,Internal
MA,UDR,0.42566549433429823,63,0.00056242361044471,16,16,Internal
MA,V,0.7519160839045673,63,1.8750387312869997e-12,16,16,Internal
MAA,MSFT,-0.44258871574971514,63,0.0003158140241196852,16,25,External
MAA,NI,0.410405089402572,63,0.0009229249728225822,16,15,External
MAA,NXPI,-0.4469528125357509,63,0.00027080635102702614,16,12,External
MAA,O,0.5043737362398564,63,2.917527261582116e-05,16,15,External
MAA,PFE,0.4550513102633986,63,0.0002024651809571351,16,16,Internal
MAA,PLD,0.5812359721605371,63,7.292425539742573e-07,16,16,Internal
MAA,REG,0.48558724793950725,63,6.319992627657018e-05,16,16,Internal
MAA,SBAC,0.4354227843216407,63,0.000404715987868891,16,16,Internal
MAA,TMO,0.441220236825456,63,0.000331273007170986,16,29,External
MAA,UDR,0.7938584179715075,63,1.399279640006495e-14,16,16,Internal
MAA,VICI,0.5071142700809298,63,2.5964391617493097e-05,16,16,Internal
MAA,VTR,0.4434133847515979,63,0.00030681890713783456,16,16,Internal
MAR,MGM,0.49734598945711267,63,3.9165286809034125e-05,23,23,Internal
MAR,MLM,0.40829278297636257,63,0.0009866275598011355,23,27,External
MAR,PCAR,0.4477958463918783,63,0.00026281888435669194,23,23,Internal
MAR,PH,0.43071856740582726,63,0.00047488313520429627,23,23,Internal
MAS,MHK,0.6316331960920613,63,3.695599765677431e-08,27,27,Internal
MAS,NVR,0.653799786095846,63,8.33644192321541e-09,27,27,Internal
MAS,OTIS,0.41432393143893775,63,0.0008144931130389467,27,27,Internal
MAS,PHM,0.64565609435538,63,1.4610342166139791e-08,27,27,Internal
MAS,PNR,0.5669154351389697,63,1.5572184242494123e-06,27,23,External
MAS,PPG,0.41649439166521457,63,0.0007595253502420133,27,23,External
MAS,SHW,0.5167958178837745,63,1.7059521495327645e-05,27,27,Internal
MAS,SWK,0.5641744829669959,63,1.7933219441662338e-06,27,23,External
MAS,TEL,0.48663328775926956,63,6.060880788087818e-05,27,27,Internal
MAS,WAB,0.45142805467284997,63,0.0002308072585167603,27,23,External
MCD,MMC,0.4064561121938164,63,0.001045213255400731,23,9,External
MCD,MNST,0.4186625858518951,63,0.0007079882236342806,23,9,External
MCD,TSCO,0.4541110031611934,63,0.00020949698208371336,23,23,Internal
MCD,WRB,0.4069269709157929,63,0.0010299022853732477,23,4,External
MCD,YUM,0.5500884730073042,63,3.6327016307280165e-06,23,23,Internal
MCHP,MPWR,0.5125215324189505,63,2.0567598858511965e-05,12,12,Internal
MCHP,NXPI,0.6768667842425062,63,1.545335080117026e-09,12,12,Internal
MCHP,O,-0.4844672394771421,63,6.608726030788672e-05,12,15,External
MCHP,ON,0.6446059122027594,63,1.56876401189669e-08,12,12,Internal
MCHP,PTC,0.44476179491062773,63,0.0002926134309128555,12,12,Internal
MCHP,SWKS,0.44213871628512513,63,0.00032082324435920683,12,12,Internal
MCHP,TER,0.46456565090016794,63,0.0001425224031995879,12,12,Internal
MCHP,TXN,0.6689144213693042,63,2.8096030495586363e-09,12,12,Internal
MCHP,UDR,-0.4210735630534793,63,0.0006544148844577978,12,16,External
MCHP,WAB,0.43069379638331323,63,0.0004752802086814685,12,23,External
MCK,MSI,0.4205482325904039,63,0.0006657646231354598,9,9,Internal
MCK,PSA,0.4216539360584598,63,0.000642080045211778,9,9,Internal
MCK,PYPL,-0.44373709251748356,63,0.0003033524058454521,9,23,External
MCK,QCOM,-0.5347559404970231,63,7.558869791032133e-06,9,23,External
MCK,REGN,0.5632074902640839,63,1.8843287552952656e-06,9,9,Internal
MCO,SPGI,0.7144899064568432,63,6.970563227828669e-11,9,9,Internal
MDLZ,MKC,0.45316533605468956,63,0.00021679363810606477,15,15,Internal
MDLZ,MNST,0.4585381145656499,63,0.00017823460520850082,15,9,External
MDLZ,PEP,0.6722585262436023,63,2.189960179724728e-09,15,15,Internal
MDLZ,PG,0.6715240517472394,63,2.313776398362385e-09,15,15,Internal
MDLZ,TAP,0.44137478189874696,63,0.0003294932742726566,15,15,Internal
MET,MOS,0.5170708762155366,63,1.6853995731781865e-05,4,4,Internal
MET,MPC,0.4504103239799538,63,0.00023939665109461264,4,22,External
MET,MSFT,-0.4160856786806804,63,0.0007696122295614619,4,25,External
MET,MTB,0.5675082144518444,63,1.5101420891590809e-06,4,4,Internal
MET,OKE,0.5302273841894037,63,9.32181346149383e-06,4,22,External
MET,PFG,0.6906220819742362,63,5.25425866488351e-10,4,4,Internal
MET,PNC,0.5500947440840216,63,3.6315860252786024e-06,4,4,Internal
MET,PRU,0.844983197611289,63,5.923509352299925e-18,4,4,Internal
MET,REG,0.4226385941115464,63,0.0006216340173772007,4,16,External
MET,RF,0.5348754771741483,63,7.516848939632967e-06,4,4,Internal
MET,RJF,0.6527396988153293,63,8.97670710205357e-09,4,4,Internal
MET,SNPS,-0.4901116330161947,63,5.2680960430898e-05,4,12,External
MET,STT,0.44213566352573574,63,0.00032085747258605543,4,4,Internal
MET,SYF,0.4051793929243613,63,0.0010877666639370872,4,4,Internal
MET,TGT,0.41528039695391217,63,0.0007898416760524262,4,4,Internal
MET,TPL,0.45840434848992745,63,0.00017911284909706142,4,22,External
MET,TRGP,0.40874859239683714,63,0.000972555000988666,4,22,External
MET,TRV,0.46639512627823276,63,0.00013306082137012437,4,4,Internal
MET,USB,0.5448176545725117,63,4.6924242491602e-06,4,4,Internal
MET,WFC,0.551256162299119,63,3.430402234125836e-06,4,4,Internal
MET,WRB,0.4707002501157534,63,0.00011302635741468449,4,4,Internal
META,PFE,-0.5388532568961717,63,6.236521967670363e-06,24,16,External
META,PLD,-0.4024043847393181,63,0.0011856894632289792,24,16,External
META,UDR,-0.5572576079830738,63,2.546555090995229e-06,24,16,External
META,WTW,-0.4947613395134,63,4.3574702566606095e-05,24,9,External
MGM,MHK,0.4082132470587802,63,0.000989101875723773,23,27,External
MGM,PYPL,0.5650398155099291,63,1.7153874288595134e-06,23,23,Internal
MGM,SWK,0.4226583716420728,63,0.0006212294621140053,23,23,Internal
MGM,WYNN,0.44512919091491443,63,0.0002888483982201844,23,23,Internal
MHK,PFG,0.5603528488963014,63,2.178848146467063e-06,27,4,External
MHK,POOL,0.4254582461669893,63,0.000566308226609896,27,27,Internal
MHK,SWK,0.42735690722397784,63,0.0005316129124845155,27,23,External
MHK,TEL,0.5361406151708026,63,7.085257077273661e-06,27,27,Internal
MKC,PEP,0.4497124296857663,63,0.00024545454885702194,15,15,Internal
MKC,TAP,0.5288318203595405,63,9.937884147876953e-06,15,15,Internal
MLM,SHW,0.427422361267202,63,0.0005304520164327082,27,27,Internal
MLM,VMC,0.9231238566865613,63,1.375792987129269e-26,27,27,Internal
MMC,MNST,0.40641089614129206,63,0.0010466942987733443,9,9,Internal
MMC,MSI,0.6066619070363752,63,1.7278654382037685e-07,9,9,Internal
MMC,PEP,0.42681883959127626,63,0.0005412438937537981,9,15,External
MMC,PLD,0.41424962610339844,63,0.0008164370359628496,9,16,External
MMC,ROP,0.42243542717375243,63,0.0006258037094046887,9,9,Internal
MMC,RSG,0.5267309020329495,63,1.0937132457615023e-05,9,9,Internal
MMC,STE,0.47704778073606163,63,8.850222656146519e-05,9,9,Internal
MMC,TRV,0.4111628426675814,63,0.0009009939634336834,9,4,External
MMC,VRSK,0.7412642130480359,63,5.5865840962454855e-12,9,9,Internal
MMC,WM,0.5190694012837653,63,1.542831479148903e-05,9,9,Internal
MMC,WMT,0.4250351091624383,63,0.0005743151214848727,9,9,Internal
MMC,WRB,0.4666384645846735,63,0.0001318467510866507,9,4,External
MMC,WTW,0.5411610381487396,63,5.59010072576433e-06,9,9,Internal
MNST,MSI,0.44038815505506895,63,0.0003410067683213094,9,9,Internal
MNST,OXY,-0.40382879472561545,63,0.0011344763623556753,9,22,External
MNST,PEP,0.5736705890290352,63,1.0936387826432481e-06,9,15,External
MNST,PG,0.4101833459247021,63,0.0009294332484971271,9,15,External
MNST,PSA,0.5020502744378469,63,3.218153389742429e-05,9,9,Internal
MNST,RMD,0.5198878951481378,63,1.4877441050456941e-05,9,9,Internal
MNST,VRSK,0.4195940162145716,63,0.0006868376010678096,9,9,Internal
MOH,RSG,0.5014664530989541,63,3.298073656113076e-05,9,9,Internal
MOH,UNH,0.6455510771325726,63,1.4714835670134208e-08,9,9,Internal
MOH,WM,0.5550167861551625,63,2.8481330754194644e-06,9,9,Internal
MOS,MPC,0.41985455506227015,63,0.0006810246933351694,4,22,External
MOS,MS,0.4413868161224952,63,0.00032935505536577515,4,4,Internal
MOS,MTB,0.4837990272000124,63,6.786732142114134e-05,4,4,Internal
MOS,NOW,-0.4388310883754716,63,0.0003599249540977967,4,9,External
MOS,OXY,0.4220602958005747,63,0.0006335694035724921,4,22,External
MOS,PFG,0.4477540628080854,63,0.0002632096438491848,4,4,Internal
MOS,PNC,0.47155608761865,63,0.0001093902240966953,4,4,Internal
MOS,PRU,0.4365316991381889,63,0.00038961500858041226,4,4,Internal
MOS,PSX,0.4021231004535974,63,0.0011960454740447906,4,22,External
MOS,RF,0.5008911697895376,63,3.3786186358444394e-05,4,4,Internal
MOS,RJF,0.4779390657489372,63,8.548128859741733e-05,4,4,Internal
MOS,SCHW,0.4835292887527042,63,6.859832438945354e-05,4,4,Internal
MOS,USB,0.40023161236249155,63,0.0012678252050988218,4,4,Internal
MOS,VTRS,0.45029501376282965,63,0.0002403880507189532,4,4,Internal
MPC,NVDA,-0.4174690356430463,63,0.0007359525337021087,22,12,External
MPC,OKE,0.5019426807171218,63,3.232745965624419e-05,22,22,Internal
MPC,OXY,0.5123569501743818,63,2.0715197946228738e-05,22,22,Internal
MPC,PSX,0.7537064561756301,63,1.5522924696914881e-12,22,22,Internal
MPC,SLB,0.4753597173040714,63,9.44947069891185e-05,22,22,Internal
MPC,TPL,0.44816579016383756,63,0.00025938222386485634,22,22,Internal
MPC,TRGP,0.4657142077581023,63,0.00013651283279875724,22,22,Internal
MPC,VLO,0.8450852049901703,63,5.816650323298007e-18,22,22,Internal
MPC,XOM,0.5120857544884715,63,2.096055432477989e-05,22,22,Internal
MPWR,NI,-0.48221040653765856,63,7.227821020937171e-05,12,15,External
MPWR,NVDA,0.449258687963131,63,0.00024946796459215866,12,12,Internal
MPWR,NXPI,0.6470949910673017,63,1.3247495878773707e-08,12,12,Internal
MPWR,ON,0.6533238296446329,63,8.618364619684798e-09,12,12,Internal
MPWR,PEG,-0.4787812243517355,63,8.27143819654884e-05,12,15,External
MPWR,PEP,-0.46648962422485185,63,0.00013258813574702394,12,15,External
MPWR,PPL,-0.4430351373296612,63,0.00031091522972866766,12,15,External
MPWR,RSG,-0.43771109634464217,63,0.00037411877940795376,12,9,External
MPWR,SNPS,0.49785805760604174,63,3.834223904390307e-05,12,12,Internal
MPWR,SO,-0.45979038863559424,63,0.0001702020765838392,12,15,External
MPWR,SRE,-0.4376626378515576,63,0.00037474425387642833,12,15,External
MPWR,SWKS,0.5357661843459219,63,7.210522632203975e-06,12,12,Internal
MPWR,TER,0.5934704733789476,63,3.7039876810565276e-07,12,12,Internal
MPWR,TRV,-0.4092555053983858,63,0.0009571176294433676,12,4,External
MPWR,TXN,0.6042711527626746,63,1.9890254718431743e-07,12,12,Internal
MPWR,VLO,-0.47070156285224546,63,0.00011302069601824534,12,22,External
MPWR,WEC,-0.5057175243810246,63,2.7557515491703875e-05,12,15,External
MPWR,XEL,-0.4306057150658678,63,0.00047669457655740647,12,15,External
MRK,VRSK,0.4046289960177702,63,0.0011065884287224396,9,9,Internal
MRK,WMT,0.42843952860151313,63,0.0005127048853852591,9,9,Internal
MS,OKE,0.4502472560065583,63,0.00024079975440884272,4,22,External
MS,PFG,0.4713784245653711,63,0.00011013608266723306,4,4,Internal
MS,PNC,0.48031288269887407,63,7.78925094314071e-05,4,4,Internal
MS,PRU,0.4598381299401654,63,0.00016990251829615362,4,4,Internal
MS,RJF,0.4474037216686604,63,0.0002665069716844914,4,4,Internal
MS,SCHW,0.6053710178759317,63,1.864574156376399e-07,4,4,Internal
MS,WFC,0.4806915740147064,63,7.674095484836895e-05,4,4,Internal
MSCI,PHM,0.44814034019785826,63,0.00025961732428177604,23,27,External
MSCI,PKG,0.5812146083371666,63,7.300880994214721e-07,23,23,Internal
MSCI,RTX,-0.5047803770012992,63,2.8676678332511605e-05,23,4,External
MSCI,SHW,0.4820763598422268,63,7.266223162327716e-05,23,27,External
MSFT,OTIS,-0.4561113957584005,63,0.00019479717881021807,25,27,External
MSFT,PFG,-0.4253897691961185,63,0.0005675970862411865,25,4,External
MSFT,PLD,-0.4780633400068032,63,8.506769660830251e-05,25,16,External
MSFT,PNR,-0.42402577601577085,63,0.000593830818925411,25,23,External
MSFT,TEL,-0.4319183182347263,63,0.0004560086074999079,25,27,External
MSFT,UNP,-0.5080408983143423,63,2.495504296800462e-05,25,27,External
MSFT,WRB,-0.46979887116351915,63,0.000116975829671596,25,4,External
MSI,NOC,0.40032572785969095,63,0.0012641640126880944,9,9,Internal
MSI,NVDA,-0.4765662814528323,63,9.017482076923827e-05,9,12,External
MSI,PEP,0.4580248531953651,63,0.00018162605864152154,9,15,External
MSI,PSA,0.44577530495472484,63,0.0002823342046177736,9,9,Internal
MSI,RMD,0.4232183895500828,63,0.0006098727440229797,9,9,Internal
MSI,VRSK,0.5743268518512469,63,1.0562841074027908e-06,9,9,Internal
MSI,WM,0.43620878076634545,63,0.0003939586076450548,9,9,Internal
MSI,WMT,0.44972880709783425,63,0.0002453107979411334,9,9,Internal
MSI,WRB,0.40690325985869225,63,0.0010306684373405058,9,4,External
MTB,ORCL,-0.4588273932526132,63,0.00017634881731068902,4,12,External
MTB,PFG,0.5010878907660364,63,3.350873290028175e-05,4,4,Internal
MTB,PNC,0.7612786165031484,63,6.857201548854935e-13,4,4,Internal
MTB,PRU,0.5698876726883548,63,1.334262511556709e-06,4,4,Internal
MTB,RF,0.7263212797817455,63,2.3699395155551982e-11,4,4,Internal
MTB,RJF,0.5720759525220168,63,1.1896311254527302e-06,4,4,Internal
MTB,SCHW,0.518216551215481,63,1.602242408640864e-05,4,4,Internal
MTB,SNPS,-0.4694996064494477,63,0.00011831486902170272,4,12,External
MTB,STT,0.5027285210190388,63,3.127559833809139e-05,4,4,Internal
MTB,SYF,0.5573504953858683,63,2.5347232259045303e-06,4,4,Internal
MTB,TFC,0.6413428688219321,63,1.9534765218697965e-08,4,4,Internal
MTB,TGT,0.43798394492888026,63,0.00037061472340512054,4,4,Internal
MTB,USB,0.6596950149224138,63,5.4946225763597615e-09,4,4,Internal
MTB,WFC,0.6296444994986743,63,4.199661439055166e-08,4,4,Internal
MTD,RVTY,0.5466584005970203,63,4.293269553355478e-06,29,29,Internal
MTD,SBAC,0.40444701535494737,63,0.0011128758218050259,29,16,External
MTD,TECH,0.4592140733663992,63,0.00017385662663835116,29,29,Internal
MTD,TMO,0.5069146686182614,63,2.6186705823317578e-05,29,29,Internal
MTD,WAT,0.5477706705427078,63,4.0676865850166476e-06,29,29,Internal
MU,TXT,0.4194670691577591,63,0.000689686180893456,12,23,External
MU,WDC,0.47529000930134796,63,9.475000955590316e-05,12,12,Internal
NCLH,RCL,0.5742757829704901,63,1.0591474772326259e-06,23,23,Internal
NCLH,ROK,0.410158993498634,63,0.0009301505231222982,23,23,Internal
NCLH,ZBRA,0.5005583314643073,63,3.426046512476605e-05,23,23,Internal
NDSN,OTIS,0.45881560431510743,63,0.00017642530981889403,23,27,External
NDSN,PH,0.5073026460683925,63,2.5756185665836243e-05,23,23,Internal
NDSN,PNR,0.46814302687607995,63,0.00012456323704685795,23,23,Internal
NDSN,STX,0.400911542987492,63,0.0012415882767769998,23,12,External
NDSN,SWK,0.45692787582958827,63,0.00018907357197260448,23,23,Internal
NDSN,TEL,0.41586865950553387,63,0.000775017297588783,23,27,External
NDSN,WAB,0.4960160926327687,63,4.1379761625555746e-05,23,23,Internal
NEE,NI,0.6718324208709178,63,2.2610043759413494e-09,15,15,Internal
NEE,PCG,0.46145652093388273,63,0.00016002911823360084,15,15,Internal
NEE,PEG,0.631613230793721,63,3.7003633496649686e-08,15,15,Internal
NEE,PEP,0.4013959469491302,63,0.0012231954059046775,15,15,Internal
NEE,PNW,0.55618669691471,63,2.6867488328487056e-06,15,15,Internal
NEE,PPL,0.6742350225631596,63,1.88722748895867e-09,15,15,Internal
NEE,SO,0.6349221234442712,63,2.9852434770344345e-08,15,15,Internal
NEE,SRE,0.5755754302122235,63,9.884950776940143e-07,15,15,Internal
NEE,WEC,0.5852485283768699,63,5.857460298759934e-07,15,15,Internal
NEE,XEL,0.5216383093632331,63,1.3760121997510642e-05,15,15,Internal
NEM,RCL,-0.43700424278833483,63,0.00038333735795757827,27,23,External
NEM,TFC,0.4266460680491739,63,0.000544369799330824,27,4,External
NFLX,NOW,0.4056579481185553,63,0.001071636687533249,9,9,Internal
NFLX,PNW,-0.45790232869130454,63,0.00018244435090602156,9,15,External
NFLX,PPL,-0.4065330595470994,63,0.0010426972028020976,9,15,External
NFLX,RSG,-0.4168540338399292,63,0.0007507486278084554,9,9,Internal
NFLX,SO,-0.49373242926062755,63,4.5454346975289804e-05,9,15,External
NFLX,SRE,-0.4567061010941547,63,0.0001906128011187852,9,15,External
NFLX,WEC,-0.45926180830726665,63,0.00017355121885681885,9,15,External
NFLX,XEL,-0.40968945361416753,63,0.0009440783951159706,9,15,External
NI,NVDA,-0.4282728928731652,63,0.0005155748281615763,15,12,External
NI,NXPI,-0.4454834809934942,63,0.00028525961229135374,15,12,External
NI,O,0.5242090768096879,63,1.2259834768379015e-05,15,15,Internal
NI,ON,-0.4275380373363237,63,0.0005284060078398213,15,12,External
NI,PCG,0.6992565796740945,63,2.5883697400450243e-10,15,15,Internal
NI,PEG,0.8232629546805234,63,2.1754662414853696e-16,15,15,Internal
NI,PEP,0.468859155655174,63,0.00012122797178724479,15,15,Internal
NI,PLD,0.4160410848511408,63,0.0007707200890673189,15,16,External
NI,PNW,0.7306769052450055,63,1.5707128916627662e-11,15,15,Internal
NI,PPL,0.8466456943702683,63,4.395554426677452e-18,15,15,Internal
NI,SNPS,-0.5219465560734486,63,1.3571630631246072e-05,15,12,External
NI,SO,0.8202956451522341,63,3.4257626523479224e-16,15,15,Internal
NI,SRE,0.8084668320022149,63,1.9337054838551866e-15,15,15,Internal
NI,SWKS,-0.4149855547681079,63,0.0007973678495766959,15,12,External
NI,SYY,0.412420688908339,63,0.0008656263936108157,15,15,Internal
NI,T,0.45822287147168017,63,0.00018031067910269204,15,15,Internal
NI,TER,-0.44916336654531314,63,0.00025031868332397604,15,12,External
NI,WEC,0.828667289534884,63,9.306427122321821e-17,15,15,Internal
NI,WELL,0.4112339763408019,63,0.0008989595648601034,15,16,External
NI,XEL,0.7029716872076972,63,1.8939590925612675e-10,15,15,Internal
NKE,PFE,0.40820506709906224,63,0.0009893566667436553,16,16,Internal
NOC,RSG,0.405271744554636,63,0.001084636964997392,9,9,Internal
NOW,PANW,0.4202587345743341,63,0.0006720951570984621,9,9,Internal
NOW,PRU,-0.46971162257194593,63,0.00011736477213402902,9,4,External
NOW,SNPS,0.43837435356238,63,0.00036565288687803873,9,12,External
NOW,TRV,-0.5264252308053283,63,1.1090071353586458e-05,9,4,External
NOW,TYL,0.41845459564836907,63,0.000712791013058182,9,9,Internal
NOW,VRSN,0.452732178053935,63,0.00022021285604879165,9,9,Internal
NOW,WFC,-0.4104769147826374,63,0.0009208257046987651,9,4,External
NOW,WRB,-0.5196023931209698,63,1.5067483694071065e-05,9,4,External
NTRS,OMC,-0.5101072876321686,63,2.2833754529776553e-05,4,3,External
NTRS,STT,0.5312474371433702,63,8.894208206866707e-06,4,4,Internal
NTRS,STZ,0.43573819685844334,63,0.00040036744159583916,4,16,External
NTRS,T,0.5730679716356016,63,1.1290274160880252e-06,4,15,External
NTRS,TFC,0.4350736499146657,63,0.0004095795553081574,4,4,Internal
NTRS,USB,0.5247143395194923,63,1.1983465764293577e-05,4,4,Internal
NTRS,VZ,0.4001595105110005,63,0.0012706364939705835,4,16,External
NUE,PH,0.43752161529739564,63,0.0003765699157701875,23,23,Internal
NUE,PWR,0.4184233004748302,63,0.000713516210833832,23,23,Internal
NVDA,PG,-0.4773848678765472,63,8.734832659323465e-05,12,15,External
NVDA,PPL,-0.47363564679623993,63,0.0001009984877403812,12,15,External
NVDA,REG,-0.4231300037269194,63,0.0006116525325835389,12,16,External
NVDA,SO,-0.4453283432460062,63,0.00028682604197643,12,15,External
NVDA,SRE,-0.4394347178865613,63,0.00035248024654816384,12,15,External
NVDA,UDR,-0.4037975834785043,63,0.001135576827110527,12,16,External
NVDA,VICI,-0.5064438222972539,63,2.671813663410325e-05,12,16,External
NVDA,VLO,-0.5221864671621449,63,1.342658993122757e-05,12,22,External
NVDA,WEC,-0.4002185225702319,63,0.0012683351668148297,12,15,External
NVDA,WMT,-0.4375036406133254,63,0.0003768031951740162,12,9,External
NVDA,XEL,-0.4171634265940093,63,0.0007432717479732968,12,15,External
NVR,PHM,0.8370765313386689,63,2.3370753416222296e-17,27,27,Internal
NVR,PNR,0.4071608294788108,63,0.0010223733137729302,27,23,External
NVR,SHW,0.4768591795499481,63,8.915394235246028e-05,27,27,Internal
NVR,SNA,0.4090589325459222,63,0.0009630775486233506,27,27,Internal
NVR,STE,0.4098764291670176,63,0.0009385097730791,27,9,External
NVR,UHS,0.4068419194031223,63,0.0010326528563589575,27,9,External
NWS,NWSA,0.9922108564779348,63,5.483917352257766e-56,3,3,Internal
NWS,OMC,0.4182667660402353,63,0.0007171535943782268,3,3,Internal
NWSA,OMC,0.42514152525680765,63,0.0005722918312240327,3,3,Internal
NXPI,ON,0.769938658952388,63,2.593972329238529e-13,12,12,Internal
NXPI,SNPS,0.4647040440058557,63,0.00014178564422661963,12,12,Internal
NXPI,SO,-0.4308588564051792,63,0.00047264002096294896,12,15,External
NXPI,SRE,-0.40041813643404506,63,0.0012605784793690317,12,15,External
NXPI,SWKS,0.5214780172698582,63,1.3859098604507322e-05,12,12,Internal
NXPI,TER,0.5759179780469553,63,9.706232197224294e-07,12,12,Internal
NXPI,TXN,0.48096744727519947,63,7.591195552705087e-05,12,12,Internal
NXPI,UDR,-0.49061773243398366,63,5.161077775994284e-05,12,16,External
O,PEG,0.48019550759129,63,7.82526516305329e-05,15,15,Internal
O,PFE,0.43291001360002296,63,0.00044092503999303877,15,16,External
O,PLD,0.530122555783719,63,9.366825180327206e-06,15,16,External
O,PNW,0.42017899555816673,63,0.0006738483856405964,15,15,Internal
O,PPL,0.46738048104894525,63,0.00012820717832628457,15,15,Internal
O,REG,0.5007008517517684,63,3.405663123846283e-05,15,16,External
O,SO,0.41783858996191464,63,0.000727189030596509,15,15,Internal
O,SPG,0.4370599919883078,63,0.00038260284812404203,15,23,External
O,SPGI,0.45753284095341606,63,0.0001849325049687148,15,9,External
O,SRE,0.46063938278445865,63,0.00016494654112022305,15,15,Internal
O,SYY,0.43571786942868795,63,0.000400646405290568,15,15,Internal
O,UDR,0.5472315564376095,63,4.175606843773804e-06,15,16,External
O,VICI,0.5011569422195989,63,3.3411844438496784e-05,15,16,External
O,WEC,0.4728883582802428,63,0.00010394338685821639,15,15,Internal
O,XEL,0.4394872196987608,63,0.0003518394098757453,15,15,Internal
ODFL,TXN,-0.4600227189458481,63,0.00016874883408222164,27,12,External
ODFL,UNP,0.46579297866291125,63,0.00013610932966751977,27,27,Internal
OKE,OXY,0.5729810058271542,63,1.1342222317202475e-06,22,22,Internal
OKE,PNC,0.5146074772323721,63,1.8779519379214293e-05,22,4,External
OKE,PRU,0.4140014232577458,63,0.0008229607876195454,22,4,External
OKE,PSX,0.5792330480921435,63,8.126422870198059e-07,22,22,Internal
OKE,RJF,0.400796395498781,63,0.0012459968883536511,22,4,External
OKE,STT,0.4460466711818095,63,0.0002796384830538982,22,4,External
OKE,TPL,0.42477238518998245,63,0.0005793381175840716,22,22,Internal
OKE,TRGP,0.6460921530350918,63,1.4183921117476023e-08,22,22,Internal
OKE,VLO,0.4713479129899032,63,0.00011026464463813405,22,22,Internal
OKE,WMB,0.6634182851579236,63,4.202615806585172e-09,22,22,Internal
OKE,XOM,0.4291947426541094,63,0.0004998789934940194,22,22,Internal
OMC,STZ,-0.5284309286854942,63,1.0121740185471245e-05,3,16,External
OMC,T,-0.511590339993682,63,2.1415739656069602e-05,3,15,External
OMC,VZ,-0.46571682539761333,63,0.00013649940634826612,3,16,External
ON,SNPS,0.42137499170657144,63,0.0006479819843813805,12,12,Internal
ON,SWKS,0.44350198062066126,63,0.00030586658251149544,12,12,Internal
ON,T,-0.43932387572833437,63,0.00035383668004150174,12,15,External
ON,TER,0.46593380693918307,63,0.00013539066565162273,12,12,Internal
ON,TXN,0.4470607664598235,63,0.0002697712910502414,12,12,Internal
ON,VZ,-0.4554428099952775,63,0.00019960170505772698,12,16,External
ORCL,PNC,-0.6356824268787915,63,2.8404888511544018e-08,12,4,External
ORCL,USB,-0.41701686950833144,63,0.0007468050493170791,12,4,External
ORCL,WFC,-0.5120579844111316,63,2.0985830057961452e-05,12,4,External
ORLY,ROL,0.42912553924635355,63,0.0005010420321319363,9,9,Internal
ORLY,SPGI,0.4352155575800242,63,0.00040759634957780424,9,9,Internal
ORLY,TYL,0.49392233458302,63,4.510188112355895e-05,9,9,Internal
ORLY,VRSK,0.40819903276409947,63,0.0009895446633699598,9,9,Internal
ORLY,WTW,0.4440751031995532,63,0.0002997709140935729,9,9,Internal
OTIS,TEL,0.611625460688261,63,1.2852140654081445e-07,27,27,Internal
OTIS,UNP,0.6229786654345834,63,6.40482812049017e-08,27,27,Internal
OXY,PNC,0.48426178414873533,63,6.662993811718822e-05,22,4,External
OXY,PSX,0.5301993421143447,63,9.333834533870487e-06,22,22,Internal
OXY,RJF,0.4078275253012151,63,0.001001181053630115,22,4,External
OXY,SLB,0.49074756867966185,63,5.133948456600766e-05,22,22,Internal
OXY,STT,0.40527617468500504,63,0.0010844870367842908,22,4,External
OXY,TPL,0.5174114950454862,63,1.660266921232847e-05,22,22,Internal
OXY,TRGP,0.7004813005463226,63,2.336328759421967e-10,22,22,Internal
OXY,VLO,0.44628901656246256,63,0.00027725094043347436,22,22,Internal
OXY,WMB,0.5796627432797681,63,7.94029861575547e-07,22,22,Internal
OXY,XOM,0.7567894580278075,63,1.1170203092203504e-12,22,22,Internal
PAYC,WAT,-0.543661613541794,63,4.96053280963809e-06,1,29,External
PCAR,PH,0.5173248655811936,63,1.6666256871930654e-05,23,23,Internal
PCAR,PWR,0.45336416435720334,63,0.00021524047256237408,23,23,Internal
PCAR,WAB,0.46680062743711415,63,0.00013104334018032885,23,23,Internal
PCAR,XYL,0.40084715799813564,63,0.0012440516290824937,23,9,External
PCG,PEG,0.6082654541877051,63,1.5711783653109374e-07,15,15,Internal
PCG,PNW,0.49769364887127504,63,3.8604733279523275e-05,15,15,Internal
PCG,PPL,0.6285948476345241,63,4.491227212686805e-08,15,15,Internal
PCG,SNPS,-0.42868792320185495,63,0.0005084537535878997,15,12,External
PCG,SO,0.6671732877214577,63,3.1947700158226215e-09,15,15,Internal
PCG,SRE,0.6303094272331368,63,4.024311793444915e-08,15,15,Internal
PCG,SWKS,-0.4275487034772578,63,0.0005282177128988619,15,12,External
PCG,WEC,0.6402280733492867,63,2.1042242242762434e-08,15,15,Internal
PCG,XEL,0.5060358753945534,63,2.7186636087232996e-05,15,15,Internal
PEG,PEP,0.4866953076217369,63,6.045830175329259e-05,15,15,Internal
PEG,PNW,0.7789507321209117,63,9.009576142277476e-14,15,15,Internal
PEG,PPL,0.8153634732768753,63,7.156080105654731e-16,15,15,Internal
PEG,SNPS,-0.44254647143104575,63,0.0003162812186023509,15,12,External
PEG,SO,0.7578771193285321,63,9.934306573656058e-13,15,15,Internal
PEG,SRE,0.8111786471036653,63,1.3144389979814273e-15,15,15,Internal
PEG,SYY,0.40653025032247114,63,0.001042788963710094,15,15,Internal
PEG,WEC,0.8198403943813853,63,3.670227257481014e-16,15,15,Internal
PEG,WELL,0.48534957068309337,63,6.380274061154313e-05,15,16,External
PEG,XEL,0.7567268045232338,63,1.1245696859467246e-12,15,15,Internal
PEP,PG,0.5439964617011668,63,4.881440126930642e-06,15,15,Internal
PEP,PPL,0.5362777031115484,63,7.039903757809993e-06,15,15,Internal
PEP,RSG,0.5111525799572516,63,2.182556499505979e-05,15,9,External
PEP,STE,0.4730041888573809,63,0.00010348181243074732,15,9,External
PEP,STZ,0.4219792344041746,63,0.0006352589120078393,15,16,External
PEP,VRSK,0.5355225055925781,63,7.293150373660523e-06,15,9,External
PEP,WEC,0.5557650929108803,63,2.7438954317326023e-06,15,15,Internal
PEP,WELL,0.4226235248098156,63,0.0006219424247449816,15,16,External
PEP,WM,0.41058699527087866,63,0.0009176167069681947,15,9,External
PEP,WMT,0.4650868862369896,63,0.00013976568967069116,15,9,External
PEP,XEL,0.5589036938535945,63,2.3443394353529978e-06,15,15,Internal
PFE,SRE,0.4088267320645237,63,0.0009701608051872334,16,15,External
PFE,UDR,0.41054731086123325,63,0.0009187723961934475,16,16,Internal
PFE,VTRS,0.5508835892964836,63,3.493776907373913e-06,16,4,External
PFG,PNC,0.4794329728062289,63,8.062994365422658e-05,4,4,Internal
PFG,PRU,0.7197872375568226,63,4.3294696918295245e-11,4,4,Internal
PFG,RF,0.5023274332229514,63,3.1808436530725404e-05,4,4,Internal
PFG,RJF,0.5652885704627254,63,1.6935776506557956e-06,4,4,Internal
PFG,SYF,0.4708444914566758,63,0.00011240584915244932,4,4,Internal
PFG,TRV,0.46381363385858543,63,0.000146587673109127,4,4,Internal
PFG,USB,0.43574592358925945,63,0.00040026145011628724,4,4,Internal
PFG,WFC,0.47544480698916236,63,9.418392762475219e-05,4,4,Internal
PFG,WRB,0.431842040936881,63,0.0004571879869016818,4,4,Internal
PG,PPL,0.4506462462652091,63,0.00023737990651610913,15,15,Internal
PG,WMT,0.4645993681529979,63,0.00014234258073611507,15,9,External
PGR,TJX,0.46365538556235936,63,0.00014745657039180268,4,23,External
PGR,TRV,0.5136576173144525,63,1.9575055232700607e-05,4,4,Internal
PGR,WRB,0.4079403886918699,63,0.0009976329489279664,4,4,Internal
PH,PNR,0.46595677695853743,63,0.0001352737777930739,23,23,Internal
PH,PWR,0.5052388465411561,63,2.8124006639720885e-05,23,23,Internal
PH,RL,0.5350194677713788,63,7.46652075288238e-06,23,23,Internal
PH,SLB,0.4125162833077653,63,0.0008629905062907405,23,22,External
PH,SWK,0.444408816597483,63,0.0002962728530475733,23,23,Internal
PH,TDG,0.46583061018315874,63,0.00013591694932308095,23,23,Internal
PH,TPL,0.4316538328303371,63,0.00046010988525271634,23,22,External
PH,URI,0.6237731790795942,63,6.093775891784486e-08,23,23,Internal
PH,WAB,0.490058715782921,63,5.2794032842917753e-05,23,23,Internal
PH,WY,0.453630669103624,63,0.0002131746146692125,23,23,Internal
PHM,SHW,0.6089331096053948,63,1.5099718725685846e-07,27,27,Internal
PHM,WFC,-0.4628161957199644,63,0.00015214381893963695,27,4,External
PKG,RTX,-0.5532004361486932,63,3.116746575149656e-06,23,4,External
PLD,PSA,0.6294786349686314,63,4.244513146227023e-08,16,9,External
PLD,REG,0.4452577070954734,63,0.000287541855319072,16,16,Internal
PLD,SPGI,0.4439704053293427,63,0.0003008761241275118,16,9,External
PLD,UDR,0.6404522692606452,63,2.0730506177138498e-08,16,16,Internal
PLD,VRSK,0.40839599833480916,63,0.0009834249173389324,16,9,External
PLD,WEC,0.4527216931334979,63,0.00022029622899882902,16,15,External
PM,SYY,0.47392784856036835,63,9.986800440556756e-05,20,15,External
PNC,PRU,0.5461991621670108,63,4.389772062395297e-06,4,4,Internal
PNC,RF,0.6424756202975661,63,1.8107995418175614e-08,4,4,Internal
PNC,RJF,0.6218681970292871,63,6.864759708645067e-08,4,4,Internal
PNC,SCHW,0.5126461702526267,63,2.0456472177129087e-05,4,4,Internal
PNC,SNPS,-0.40955446109133964,63,0.0009481173489863143,4,12,External
PNC,STT,0.534458477941525,63,7.664388867380553e-06,4,4,Internal
PNC,SYF,0.535720398556258,63,7.225981034959814e-06,4,4,Internal
PNC,TFC,0.4903116300217373,63,5.225562761777343e-05,4,4,Internal
PNC,TGT,0.4012957003420099,63,0.001226981530307453,4,4,Internal
PNC,USB,0.5835912066203525,63,6.414597905049105e-07,4,4,Internal
PNC,WFC,0.6980214756161252,63,2.868608827400389e-10,4,4,Internal
PNR,POOL,0.4511514230728657,63,0.0002331136250567871,23,27,External
PNR,PPG,0.4122213551630568,63,0.0008711461684306491,23,23,Internal
PNR,SWK,0.5447470435532468,63,4.7084045231939105e-06,23,23,Internal
PNR,TXT,0.51505484183049,63,1.8415327631109897e-05,23,23,Internal
PNR,URI,0.43426094438811436,63,0.0004211075466026763,23,23,Internal
PNR,WAB,0.5770476686387218,63,9.138076296785513e-07,23,23,Internal
PNW,PPL,0.7358821875468866,63,9.5068771129177e-12,15,15,Internal
PNW,SO,0.7267424341032005,63,2.278311020107235e-11,15,15,Internal
PNW,SRE,0.7613606147543394,63,6.795683268014174e-13,15,15,Internal
PNW,SYY,0.40514002112149333,63,0.001089103405548316,15,15,Internal
PNW,WEC,0.7305889034101792,63,1.5839451675985665e-11,15,15,Internal
PNW,XEL,0.7514394176460877,63,1.9712188956124417e-12,15,15,Internal
PODD,SBUX,0.4074023777801499,63,0.0010146489264499024,12,23,External
POOL,TEL,0.4039266028604435,63,0.0011310340046718048,27,27,Internal
PPG,UHS,0.417119959920103,63,0.0007443180916449877,23,9,External
PPL,SNPS,-0.47800696988619035,63,8.525507079097062e-05,15,12,External
PPL,SO,0.8116825738418437,63,1.2226160819928335e-15,15,15,Internal
PPL,SRE,0.7771105185524699,63,1.1225603688714072e-13,15,15,Internal
PPL,STZ,0.41733929602656666,63,0.0007390517391273783,15,16,External
PPL,T,0.4934317206924343,63,4.6017674351098416e-05,15,15,Internal
PPL,TAP,0.4026799828799796,63,0.0011756211752156128,15,15,Internal
PPL,WEC,0.828246303807381,63,9.953322429563926e-17,15,15,Internal
PPL,WELL,0.4838277635424986,63,6.778986949391911e-05,15,16,External
PPL,XEL,0.7976583110912325,63,8.493649863364444e-15,15,15,Internal
PRU,REG,0.44676984834125866,63,0.0002725688946270582,4,16,External
PRU,RF,0.5613490504903519,63,2.0714939519183482e-06,4,4,Internal
PRU,RJF,0.5952215034418417,63,3.3539948753741947e-07,4,4,Internal
PRU,SNPS,-0.5003585702968745,63,3.4548066118814845e-05,4,12,External
PRU,STT,0.42349572264936197,63,0.0006043186477596258,4,4,Internal
PRU,SYF,0.5341368968763196,63,7.7800061216823e-06,4,4,Internal
PRU,TFC,0.4122284604221718,63,0.0008709488705389514,4,4,Internal
PRU,TPL,0.4543890320863229,63,0.00020739490319066957,4,22,External
PRU,TRV,0.5823764561660979,63,6.854150031455551e-07,4,4,Internal
PRU,USB,0.5588988873015266,63,2.3449073951163264e-06,4,4,Internal
PRU,WFC,0.5575783660833178,63,2.505914775398084e-06,4,4,Internal
PRU,WRB,0.4428922527014281,63,0.00031247557361307283,4,4,Internal
PSA,QCOM,-0.47288126651127804,63,0.00010397170833421513,9,23,External
PSA,RMD,0.4198667104085389,63,0.0006807545855250386,9,9,Internal
PSA,UDR,0.4013082286505747,63,0.0012265077838145549,9,16,External
PSA,WMT,0.4000404952450654,63,0.0012752892322828834,9,9,Internal
PSKY,WBD,0.7483600654353936,63,2.7158985753829125e-12,14,14,Internal
PSX,RJF,0.4042205919777882,63,0.0011207436333820068,22,4,External
PSX,SLB,0.5104552055142596,63,2.2493488524751857e-05,22,22,Internal
PSX,STT,0.4355590025017268,63,0.0004028327204132772,22,4,External
PSX,TPL,0.45924903180113125,63,0.00017363291462009907,22,22,Internal
PSX,TRGP,0.549494499368606,63,3.7398308603022212e-06,22,22,Internal
PSX,VLO,0.7432454837206971,63,4.578412708882656e-12,22,22,Internal
PSX,WMB,0.5566621053646456,63,2.623644952223954e-06,22,22,Internal
PSX,XOM,0.47825543059742437,63,8.44320317374073e-05,22,22,Internal
PWR,RL,0.4136237936965664,63,0.0008329768144021365,23,23,Internal
PWR,TDY,0.4186899141729099,63,0.0007073593567179584,23,9,External
PWR,WY,0.47753201485785,63,8.684897640780406e-05,23,23,Internal
PWR,XOM,0.4411730684383555,63,0.0003318179392071115,23,22,External
PYPL,QCOM,0.48613854684247454,63,6.182185086003442e-05,23,23,Internal
PYPL,REGN,-0.45437959320823346,63,0.00020746594948958783,23,9,External
PYPL,SPG,0.49733509113928565,63,3.9182979933705516e-05,23,23,Internal
QCOM,REGN,-0.42568482130268703,63,0.0005620625854338242,23,9,External
QCOM,SWKS,0.5310700431384621,63,8.967234849442438e-06,23,12,External
RCL,ROL,-0.4381971296227351,63,0.00036789773606814015,23,9,External
RCL,SPGI,-0.4264070362364396,63,0.000548721558055927,23,9,External
RCL,TXT,0.522815278269239,63,1.3053243771886878e-05,23,23,Internal
RCL,TYL,-0.44587815702367173,63,0.0002813097038302096,23,9,External
RCL,WAB,0.42570757327915293,63,0.0005616378513051622,23,23,Internal
RCL,WST,-0.45216416040341784,63,0.00022477137999567053,23,9,External
RCL,WTW,-0.40656524487027607,63,0.0010416464163457452,23,9,External
RCL,XEL,-0.4026255595739312,63,0.0011776032724684215,23,15,External
REG,SPG,0.5071522834566238,63,2.5922251454825e-05,16,23,External
REG,SYY,0.4170158826618519,63,0.0007468288923405762,16,15,External
REG,UDR,0.5539963444794989,63,2.9962532617813504e-06,16,16,Internal
REG,USB,0.4248788124878457,63,0.0005772985603468281,16,4,External
REG,VICI,0.6047367939550837,63,1.935412048919476e-07,16,16,Internal
REG,VTR,0.42081014152749735,63,0.0006600839888517971,16,16,Internal
REG,WELL,0.4609628709765426,63,0.00016298350328458315,16,16,Internal
REG,WMT,0.431814205651181,63,0.00045761905901916134,16,9,External
REGN,TPL,0.413033616691118,63,0.000848851154795293,9,22,External
REGN,WMB,0.40571812349463565,63,0.0010696237778142627,9,22,External
RF,RJF,0.6228081513351739,63,6.473509293875748e-08,4,4,Internal
RF,SCHW,0.61061289391753,63,1.3657643574178517e-07,4,4,Internal
RF,STT,0.47618633732517174,63,9.151512463102611e-05,4,4,Internal
RF,SYF,0.5219290366138172,63,1.3582279046120869e-05,4,4,Internal
RF,TFC,0.49301324883039277,63,4.681235109288963e-05,4,4,Internal
RF,TGT,0.4554472239598118,63,0.00019956963323003592,4,4,Internal
RF,USB,0.6882704445459608,63,6.344894357474614e-10,4,4,Internal
RF,WFC,0.7077262495770017,63,1.2609656147442482e-10,4,4,Internal
RJF,SCHW,0.5925086415790723,63,3.910566251704841e-07,4,4,Internal
RJF,USB,0.4756205880849578,63,9.35448855859871e-05,4,4,Internal
RJF,WFC,0.604100222604319,63,2.0090547001082058e-07,4,4,Internal
RL,SWK,0.4000229154278887,63,0.0012759777887218335,23,23,Internal
RL,TPR,0.5820140722026835,63,6.990655697977958e-07,23,23,Internal
RL,URI,0.4888292979912617,63,5.548494580960816e-05,23,23,Internal
RMD,VTR,0.4106294050216201,63,0.0009163831015656702,9,16,External
RMD,XYZ,0.5221597853291222,63,1.3442649205835586e-05,9,9,Internal
ROK,ZBRA,0.5390366306825605,63,6.182714215768464e-06,23,23,Internal
ROL,SPGI,0.5566920273822025,63,2.619719947698151e-06,9,9,Internal
ROL,TXT,-0.4642117151374883,63,0.00014442265092253043,9,23,External
ROL,TYL,0.4359978641199356,63,0.00039681941903795925,9,9,Internal
ROL,VRSK,0.45642875796787963,63,0.00019255385020443597,9,9,Internal
ROL,WTW,0.5713847464956431,63,1.2336458563031525e-06,9,9,Internal
ROL,XEL,0.4313541073895967,63,0.00046479813762129705,9,15,External
ROP,VRSK,0.43726691862693023,63,0.0003798877317830801,9,9,Internal
ROST,TJX,0.5062471170396453,63,2.694309743178229e-05,23,23,Internal
RSG,STE,0.43282268766183235,63,0.0004422347992486687,9,9,Internal
RSG,TFC,-0.5050493787830034,63,2.8351197256677318e-05,9,4,External
RSG,TMUS,0.4732605269070721,63,0.00010246702234411039,9,9,Internal
RSG,VRSK,0.5482964884874125,63,3.964941509126574e-06,9,9,Internal
RSG,WM,0.794651796884195,63,1.2618625700928351e-14,9,9,Internal
RSG,WMT,0.453911885229279,63,0.0002110144057891177,9,9,Internal
RVTY,STE,0.4935661482585062,63,4.5765054133684534e-05,29,9,External
RVTY,TECH,0.4816254583815429,63,7.396783291755591e-05,29,29,Internal
RVTY,TMO,0.7003553935076003,63,2.361121058473907e-10,29,29,Internal
RVTY,WAT,0.729269791194834,63,1.7954891569114614e-11,29,29,Internal
SBAC,T,0.49519260708438095,63,4.2808431756096994e-05,16,15,External
SBAC,VZ,0.44880005266266393,63,0.00025358553274517796,16,16,Internal
SBUX,YUM,0.4213257289731828,63,0.0006490293850517576,23,23,Internal
SCHW,STT,0.4600913281954896,63,0.00016832185885827506,4,4,Internal
SCHW,USB,0.5251719559046086,63,1.1738168963589542e-05,4,4,Internal
SCHW,WFC,0.475682783780491,63,9.331973404974955e-05,4,4,Internal
SHW,STE,0.4037163255521763,63,0.0011384463797845044,27,9,External
SLB,TRGP,0.5368661613445292,63,6.8482777057958485e-06,22,22,Internal
SLB,WMB,0.5115236475950087,63,2.147771185715151e-05,22,22,Internal
SLB,WY,0.41082974451816523,63,0.0009105758936286026,22,23,External
SLB,XOM,0.4003129322875367,63,0.0012646612146180037,22,22,Internal
SNPS,SO,-0.43402468780890796,63,0.00042451373623712655,12,15,External
SNPS,SRE,-0.41742254028804077,63,0.0007370618544500283,12,15,External
SNPS,T,-0.4121442737450073,63,0.0008732891518758893,12,15,External
SNPS,TER,0.4623865711418741,63,0.000154595997183873,12,12,Internal
SNPS,TGT,-0.4399369953434621,63,0.0003463928114113235,12,4,External
SNPS,TSN,-0.40317902711894427,63,0.001157585572689328,12,4,External
SNPS,TXN,0.46391119524550084,63,0.00014605433419396133,12,12,Internal
SNPS,USB,-0.5471434007642275,63,4.19350616099747e-06,12,4,External
SNPS,WEC,-0.4019230657785101,63,0.0012034595991783496,12,15,External
SNPS,WELL,-0.43274329525703564,63,0.0004434286374609112,12,16,External
SO,SRE,0.8086712203671025,63,1.878656758298376e-15,15,15,Internal
SO,SYY,0.4183671162507069,63,0.0007148198348418357,15,15,Internal
SO,T,0.4439652449655132,63,0.00030093069391548603,15,15,Internal
SO,WEC,0.7866072385510441,63,3.526492255000353e-14,15,15,Internal
SO,XEL,0.6609683625196131,63,5.015410688488634e-09,15,15,Internal
SPG,SYY,0.41191004047225493,63,0.0008798304615933052,23,15,External
SPG,VICI,0.4228293898613732,63,0.0006177411776851978,23,16,External
SPGI,TXT,-0.6357727520035221,63,2.823739583989502e-08,9,23,External
SPGI,TYL,0.47806622182774056,63,8.505812763619302e-05,9,9,Internal
SPGI,UDR,0.43638657022994165,63,0.00039156172404323727,9,16,External
SPGI,VRSK,0.4740036837960899,63,9.957651811940152e-05,9,9,Internal
SPGI,WST,0.46431121840451073,63,0.00014388609157663424,9,9,Internal
SPGI,WTW,0.579224795554762,63,8.130037233785859e-07,9,9,Internal
SRE,WEC,0.765048524203318,63,4.5141657600896517e-13,15,15,Internal
SRE,XEL,0.6975988173322313,63,2.970965399967423e-10,15,15,Internal
STE,SYK,0.48938873605192496,63,5.424514307004267e-05,9,20,External
STE,TT,0.4074487311206685,63,0.0010131726440064063,9,23,External
STE,VRSK,0.5488552462243709,63,3.8584190678760015e-06,9,9,Internal
STE,WAT,0.4364397485466323,63,0.0003908473803770655,9,29,External
STE,WM,0.4192579647083208,63,0.0006944016369631205,9,9,Internal
STT,UNH,-0.48933589796095656,63,5.436113742021915e-05,4,9,External
STT,USB,0.408637192841763,63,0.0009759774980291274,4,4,Internal
STT,WMB,0.42423481332876734,63,0.0005897403281546706,4,22,External
STX,SWKS,0.4895469668379224,63,5.389914760149096e-05,12,12,Internal
STX,TXT,0.4659170886456299,63,0.00013547579855909962,12,23,External
STX,WAB,0.4748613460789119,63,9.633397316946667e-05,12,23,External
STX,WDC,0.7142042431269616,63,7.149729436599161e-11,12,12,Internal
STZ,SYY,0.40118044786576385,63,0.0012313474295631583,16,15,External
STZ,T,0.507437588914166,63,2.5607989998919327e-05,16,15,External
STZ,USB,0.44476206459106876,63,0.0002926106509058151,16,4,External
SWK,URI,0.44628573481370704,63,0.00027728314690432927,23,23,Internal
SWK,WAB,0.4192729307205351,63,0.0006940631749777122,23,23,Internal
SWKS,TER,0.6677203271755889,63,3.0686656953767074e-09,12,12,Internal
SWKS,TXN,0.4793040447667557,63,8.103840525772952e-05,12,12,Internal
SYF,TFC,0.549318153465577,63,3.772200263916649e-06,4,4,Internal
SYF,USB,0.46618220502168617,63,0.00013413154482433992,4,4,Internal
SYK,ZBH,0.5256202289737203,63,1.1502414989705727e-05,20,20,Internal
SYY,VICI,0.5119900180514462,63,2.10478109178371e-05,15,16,External
SYY,WEC,0.40858659399285635,63,0.0009775356185860193,15,15,Internal
SYY,WELL,0.41867734386589345,63,0.0007076485560683364,15,16,External
T,VZ,0.80922843078429,63,1.7361060761261489e-15,15,16,External
T,WELL,0.44550912517046826,63,0.000285001435919859,15,16,External
T,XEL,0.406886118378689,63,0.001031222633127913,15,15,Internal
TDG,URI,0.4218253170176208,63,0.0006384781530040341,23,23,Internal
TDY,TXN,0.571903728010975,63,1.200458245667003e-06,9,12,External
TDY,UHS,0.46864830554912473,63,0.00012220135156967176,9,9,Internal
TDY,UNP,-0.520495142501445,63,1.4480612531067145e-05,9,27,External
TECH,TMO,0.4742279052436976,63,9.871925433528288e-05,29,29,Internal
TECH,WAT,0.4688176985129229,63,0.00012141879234259432,29,29,Internal
TECH,ZTS,0.4148643756167502,63,0.0008004798427461909,29,29,Internal
TEL,UNP,0.4748604340661723,63,9.633736898728195e-05,27,27,Internal
TER,TXN,0.5497826407724093,63,3.6874983733657422e-06,12,12,Internal
TFC,USB,0.6063466117736966,63,1.7603565418189804e-07,4,4,Internal
TFC,WM,-0.47475092780367395,63,9.674590960510369e-05,4,9,External
TGT,UPS,0.4378055249418709,63,0.0003729026804969333,4,4,Internal
TGT,USB,0.4054117485950382,63,0.0010799078532176105,4,4,Internal
TGT,WEC,0.40755939396170915,63,0.0010096560343345318,4,15,External
TMO,WAT,0.6533896275482572,63,8.578859852943237e-09,29,29,Internal
TMO,ZTS,0.4923741104880951,63,4.805057368165452e-05,29,29,Internal
TMUS,WM,0.42983806080996395,63,0.00048918413386252,9,9,Internal
TPL,TRGP,0.5379588280110192,63,6.505291195977366e-06,22,22,Internal
TPL,VLO,0.4087053394466449,63,0.0009738825607824682,22,22,Internal
TPL,WMB,0.5733209277472185,63,1.1140438397816153e-06,22,22,Internal
TPL,XOM,0.5120518082982937,63,2.0991455266232847e-05,22,22,Internal
TRGP,TSLA,-0.40252119831477917,63,0.0011814125302382133,22,31,External
TRGP,WMB,0.8159249387294732,63,6.587781076914165e-16,22,22,Internal
TRGP,XOM,0.6162945406069753,63,9.683513247058801e-08,22,22,Internal
TRV,VLO,0.41157987397757706,63,0.0008891260280498189,4,22,External
TRV,WFC,0.4343625181800632,63,0.0004196507832697122,4,4,Internal
TRV,WRB,0.7172693504651093,63,5.436608377195745e-11,4,4,Internal
TSCO,TXT,0.464115821519634,63,0.00014494148239331268,23,23,Internal
TSCO,TYL,-0.404033730803566,63,0.0011272744364771868,23,9,External
TSCO,WAB,0.405460692149432,63,0.0010782590080590368,23,23,Internal
TXN,UNP,-0.5349677813986182,63,7.484550156674902e-06,12,27,External
TXT,WAB,0.5801531335971027,63,7.732773849979485e-07,23,23,Internal
TXT,WDC,0.6110783725702538,63,1.3281618468196112e-07,23,12,External
TXT,WST,-0.5739586419963003,63,1.0770927581891852e-06,23,9,External
TXT,WTW,-0.43272500445912554,63,0.0004437040946917802,23,9,External
TYL,WTW,0.499049857223199,63,3.648821095299528e-05,9,9,Internal
UDR,VICI,0.45188270791910506,63,0.00022706195985165896,16,16,Internal
UDR,VTR,0.44450179700355164,63,0.0002953048693431765,16,16,Internal
UDR,WEC,0.41313703480900993,63,0.0008460498506574378,16,15,External
UDR,WELL,0.40556009807480287,63,0.0010749171339102385,16,16,Internal
UDR,WTW,0.5845764415704253,63,6.077679716745843e-07,16,9,External
UNP,WFC,0.4248609282345745,63,0.0005776408355151492,27,4,External
URI,WAB,0.40550182608137164,63,0.0010768750144026415,23,23,Internal
URI,XOM,0.4395608205641233,63,0.0003509428260000253,23,22,External
USB,VTRS,0.4578140848908064,63,0.00018303578669486077,4,4,Internal
USB,WFC,0.5673483157241629,63,1.5227076185707066e-06,4,4,Internal
VICI,WMT,0.4231448468311912,63,0.0006113533144832301,16,9,External
VLO,XOM,0.4726748858955856,63,0.00010479901852892358,22,22,Internal
VRSK,WM,0.4843829900160224,63,6.630929706232258e-05,9,9,Internal
VRSK,WMT,0.5307168178406885,63,9.114310098123831e-06,9,9,Internal
VRSK,WTW,0.43751040547748205,63,0.0003767153838353856,9,9,Internal
VTR,WELL,0.5536326708321408,63,3.0507595616814336e-06,16,16,Internal
VTR,XYL,0.461047311363051,63,0.0001624746273251373,16,9,External
WAB,XYL,0.5103332819277812,63,2.2612191773867263e-05,23,9,External
WEC,WELL,0.4650375890187683,63,0.00014002430202881766,15,16,External
WEC,XEL,0.8244130506199187,63,1.820241617642622e-16,15,15,Internal
WELL,XEL,0.4360466843877095,63,0.00039615555808739154,16,15,External
WFC,WRB,0.4369488772591274,63,0.0003840680836055101,4,4,Internal
WM,WMT,0.41082083961265214,63,0.0009108333111785742,9,9,Internal
WMB,XOM,0.5460124336903992,63,4.429586393966456e-06,22,22,Internal
WTW,XEL,0.4134490284973009,63,0.0008376493770219809,9,15,External
