source,target,weight
A,BAX,0.47776909968897746
A,DHR,0.5039911497802189
A,IQV,0.5411869854500001
A,MTD,0.781056970724064
A,RVTY,0.46382161209179784
A,TMO,0.7622386377731809
A,WAT,0.8181412773353457
AAPL,AVY,-0.4478467501228793
AAPL,C,-0.4843831683418018
ABBV,AMGN,0.5589956190751252
ABBV,AZO,0.41479189340058303
ABBV,CAG,0.4565429517120962
ABBV,CL,0.4079589102333127
ABBV,CPB,0.4956763420887518
ABBV,DIS,-0.4069158208935568
ABBV,GILD,0.5045176193286476
ABBV,GIS,0.5319690506347444
ABBV,JNJ,0.41033508257700807
ABBV,K,0.4782757812102414
ABBV,KHC,0.4264496500955969
ABBV,KO,0.439529288134669
ABBV,MDLZ,0.4221615828069128
ABBV,MSI,0.41392499821905016
ABBV,NOW,-0.4051492102615451
ABBV,PEP,0.5217451285475349
ABBV,PFE,0.4085877970021956
ABBV,PG,0.4899596291418989
ABBV,POOL,-0.4753511967298766
ABBV,REGN,0.4662065036423309
ABBV,SJM,0.42573283464831424
ABBV,WM,0.4711204394164657
ABBV,WMT,0.43395563679754295
ABT,EW,0.4023188027122561
ABT,RMD,0.4216245916991365
ABT,ZBH,0.4433648656054874
ACGL,AFL,0.7190095406318517
ACGL,AIG,0.7696139885355269
ACGL,AJG,0.5492155940535427
ACGL,ALGN,-0.4168029469730274
ACGL,ALL,0.42465936953354533
ACGL,AMP,0.5317855778121714
ACGL,AMZN,-0.4206849919181825
ACGL,APD,0.4919297588775004
ACGL,BA,0.41115464069613494
ACGL,BG,0.4761228795810574
ACGL,BK,0.5789009967231832
ACGL,BRK-B,0.4556820825766152
ACGL,C,0.4729494526140712
ACGL,CAT,0.44601412624287934
ACGL,CB,0.6110107916152819
ACGL,CINF,0.43432509299954947
ACGL,COP,0.45420325037915676
ACGL,DLR,-0.40197368433365677
ACGL,EG,0.7862859734578116
ACGL,ETN,0.5546310977264255
ACGL,FANG,0.43839870145116905
ACGL,FAST,-0.40183681286686984
ACGL,FITB,0.4343552287209155
ACGL,GL,0.6733313452378837
ACGL,GOOG,-0.4780232030605034
ACGL,GOOGL,-0.46746120154398474
ACGL,HAL,0.5157153789916687
ACGL,HD,-0.46733754097226937
ACGL,HIG,0.7596628857112234
ACGL,HUBB,0.5275102749387209
ACGL,HWM,0.6317379958466157
ACGL,IR,0.4754519870200029
ACGL,JCI,0.572770052982102
ACGL,JPM,0.5432081313777096
ACGL,L,0.6821442920371598
ACGL,MET,0.7373967555158286
ACGL,MS,0.44338155979613747
ACGL,MSFT,-0.4671567662457553
ACGL,MSI,0.47035590248680814
ACGL,OTIS,0.4162197589890045
ACGL,PFG,0.57000647014031
ACGL,PGR,0.6992670846477436
ACGL,PH,0.40297571913304975
ACGL,PRU,0.6672704661196353
ACGL,RF,0.5600228018825657
ACGL,RJF,0.6069487341580156
ACGL,ROST,0.41520047073256505
ACGL,RTX,0.5236511073915922
ACGL,SLB,0.5711203415088989
ACGL,STT,0.4849654582205381
ACGL,TDG,0.739606497520221
ACGL,TJX,0.4383494294215242
ACGL,TROW,-0.5307899373059426
ACGL,TRV,0.5664271511040151
ACGL,URI,0.40446098290421834
ACGL,USB,0.5544609576999842
ACGL,WAB,0.5346932644955037
ACGL,WFC,0.40870709856980425
ACGL,WRB,0.6823066531579235
ACN,CI,-0.4158562803586135
ACN,EPAM,0.4668403833961438
ACN,GPC,-0.4460394253414321
ACN,INTU,0.4180576884558513
ACN,XYZ,-0.4036186570861499
ADBE,ADSK,0.6674274335941707
ADBE,AMD,0.4108330986729092
ADBE,BRK-B,-0.41470331308239944
ADBE,HII,-0.4478883386097935
ADBE,HRL,-0.454496320793579
ADBE,JPM,-0.40011519363046905
ADBE,NOW,0.5067826327187027
ADI,AKAM,-0.6027431180555473
ADI,AMAT,0.4359594604776865
ADI,DVN,-0.4517096818771502
ADI,KLAC,0.40944742943859375
ADI,LRCX,0.45154596316863127
ADI,MCHP,0.5808311142869037
ADI,MLM,0.46961876999360735
ADI,MPWR,0.45677571657342086
ADI,NXPI,0.5912272853617079
ADI,TXN,0.5372696117447083
ADM,AES,0.4909522337715792
ADM,APA,0.4762067001089763
ADM,BG,0.5825328387299865
ADM,CI,0.5089720181455235
ADM,CNP,0.42540738815625523
ADM,CPB,0.49622759219621276
ADM,CVX,0.41173240211627
ADM,DIS,-0.4385206604751796
ADM,ELV,0.5168401079576608
ADM,FDX,-0.42895349677537403
ADM,HAL,0.4085098957755298
ADM,HON,0.4651997880522872
ADM,HUBB,0.4599273786625726
ADM,KMI,0.4096155893543232
ADM,KO,0.4269397104550101
ADM,LEN,-0.42077102597813576
ADM,LMT,0.4342593122785964
ADM,MDLZ,0.4285826396929629
ADM,MHK,-0.4308568556045123
ADM,MO,0.42559531806859874
ADM,MU,-0.4533745111566103
ADM,NFLX,-0.420589223488079
ADM,OKE,0.5324655296524237
ADM,PCAR,0.40661319541040447
ADM,PEP,0.4433458669298624
ADM,PODD,0.4059812293414483
ADM,RTX,0.4449715337846525
ADM,SJM,0.45317534368696333
ADM,SLB,0.44562961550687535
ADM,TPL,0.44884018001579185
ADM,TRGP,0.404001353384646
ADM,UNH,0.5229189929806332
ADM,WDC,-0.4285588146044998
ADM,WMB,0.43999222080734035
ADM,XOM,0.4145529621674349
ADP,CSGP,0.43055731702152394
ADP,NEE,0.43969829414783324
ADP,NSC,0.4276590535626732
ADP,PAYX,0.7134447965479611
ADP,TSLA,-0.405504492093364
ADP,VRSK,0.4695074292014176
ADSK,CB,-0.4047275566358425
ADSK,DAY,0.4758878946232165
ADSK,EIX,-0.4962071179780707
ADSK,GL,-0.44684440523565944
ADSK,HII,-0.40112598999920135
ADSK,L,-0.40370296350959023
ADSK,LYV,0.5576902862749074
ADSK,PCG,-0.425656475110127
AEE,AEP,0.8712047272949055
AEE,AMT,0.5637600101079369
AEE,APTV,-0.4349898902397161
AEE,ATO,0.7886915633306596
AEE,AWK,0.7195333453450554
AEE,BDX,0.41414499911505637
AEE,BKNG,-0.4335683730284188
AEE,CCI,0.6549674222071218
AEE,CL,0.43122206514038214
AEE,CMS,0.900751622028798
AEE,CNP,0.8843124372675929
AEE,CPB,0.4969825335400458
AEE,CPT,0.487983607998574
AEE,D,0.7163061452886312
AEE,DOC,0.41574862552295705
AEE,DTE,0.8677629995391977
AEE,DUK,0.8548381461268352
AEE,ED,0.8526026718183392
AEE,EIX,0.6480952256501848
AEE,EQIX,0.4348579864184851
AEE,ES,0.7934145809854788
AEE,ETR,0.7582130605505224
AEE,EVRG,0.7753310322737478
AEE,EXC,0.799520426090414
AEE,FE,0.775175474506571
AEE,GIS,0.44503659772146525
AEE,INVH,0.5583906408963133
AEE,K,0.5086190567225666
AEE,KDP,0.5561930807915609
AEE,KHC,0.4481053273460668
AEE,KMB,0.4476283671566003
AEE,KO,0.5590952333022792
AEE,LNT,0.8869372710714276
AEE,MAA,0.4532922188592688
AEE,MDLZ,0.6190735179198956
AEE,MNST,0.42234446251116475
AEE,MS,-0.41155100123135346
AEE,NI,0.8044374426826714
AEE,O,0.6063607785108341
AEE,PEG,0.7595315101391674
AEE,PEP,0.6278961389404158
AEE,PG,0.5226642557586125
AEE,PNW,0.7307773868943113
AEE,PPL,0.8539105843813869
AEE,PSA,0.46026575819375015
AEE,ROL,0.5219206132610349
AEE,RSG,0.6150494551431497
AEE,SBAC,0.5456831275079193
AEE,SJM,0.6072428427908951
AEE,SO,0.8374210501454264
AEE,SRE,0.6975168559380788
AEE,STZ,0.40196896122363396
AEE,SYY,0.44880608485111845
AEE,WEC,0.8934496277555681
AEE,WM,0.614665196645353
AEE,XEL,0.9079993536855014
AEP,AMP,-0.4008140535119174
AEP,AMT,0.4570693682526819
AEP,ATO,0.8049852630686845
AEP,AVB,0.4160999497155913
AEP,AWK,0.6827717621998955
AEP,CCI,0.6270937056951337
AEP,CMS,0.8905456668012267
AEP,CNP,0.8152505192233275
AEP,CPB,0.47673112938095086
AEP,CPT,0.4367572252817737
AEP,D,0.7199234030468256
AEP,DOC,0.42902492648747165
AEP,DTE,0.8694534156827001
AEP,DUK,0.8471819664555265
AEP,ED,0.8842433130518922
AEP,EIX,0.6779687522778013
AEP,ES,0.8613634722970346
AEP,ETR,0.7372473243828487
AEP,EVRG,0.8378695459293276
AEP,EXC,0.7689467268463274
AEP,EXPE,-0.43723559752055674
AEP,FE,0.7192585058678125
AEP,GIS,0.4418039458733382
AEP,HLT,-0.5078830429077623
AEP,INVH,0.4968893986798186
AEP,K,0.5131499482779628
AEP,KDP,0.5851573784375452
AEP,KHC,0.46310044671328193
AEP,KMB,0.4177354047150004
AEP,KO,0.5489135553313969
AEP,LNT,0.8485331393569711
AEP,MAA,0.4186114871949402
AEP,MAR,-0.46082017224314586
AEP,MDLZ,0.6064210094208266
AEP,MO,0.40232009959155585
AEP,NEE,0.4564850039369606
AEP,NI,0.7742920023573132
AEP,O,0.5926936234770843
AEP,PEG,0.7730741944337336
AEP,PEP,0.6178584290829033
AEP,PG,0.5161882421413821
AEP,PNW,0.7469277918849817
AEP,PPL,0.8447727580138596
AEP,ROL,0.41203580301885734
AEP,RSG,0.4958310630103863
AEP,SBAC,0.4237146415122341
AEP,SJM,0.632615009287243
AEP,SO,0.8278700121743209
AEP,SRE,0.6803708983796529
AEP,SYY,0.4330732622309428
AEP,WEC,0.8963670318344442
AEP,WM,0.5379368221868253
AEP,XEL,0.8990106114517062
AES,CI,0.4016477906981473
AES,COR,0.45082302887064485
AES,ELV,0.4510517098735387
AES,MU,-0.4637423002247687
AES,STZ,0.40958882942469116
AES,UNH,0.474070250395577
AES,WMB,0.43476033023845106
AFL,AIG,0.6859105276576439
AFL,AIZ,0.4694870060804916
AFL,AJG,0.5641556610382206
AFL,ALGN,-0.6229754407501981
AFL,ALL,0.4175097192145499
AFL,AMD,-0.41326082748220017
AFL,AME,0.5346423344068862
AFL,AMP,0.6039656469580087
AFL,AMZN,-0.4737067504105161
AFL,APD,0.6024804334728416
AFL,BK,0.5558383250310548
AFL,BRK-B,0.4600694973006845
AFL,CAH,0.4274896425087401
AFL,CAT,0.5007119383950147
AFL,CB,0.6330790595907957
AFL,CFG,0.413894138174614
AFL,CINF,0.41450015616784547
AFL,COR,0.40725389165032516
AFL,CTVA,0.4435537741200662
AFL,DE,0.45313601708021
AFL,DOW,0.43190401275242035
AFL,EG,0.5948429945392487
AFL,EL,0.4047906274607348
AFL,EPAM,-0.4485446629422858
AFL,ETN,0.5135516715433964
AFL,EXPD,-0.43904728331906245
AFL,FFIV,-0.41108338798046007
AFL,FITB,0.40891361359162426
AFL,GILD,0.5489986103500508
AFL,GL,0.7850813879289026
AFL,GOOG,-0.5608053062059367
AFL,GOOGL,-0.5560640753876218
AFL,HAL,0.5244385378261398
AFL,HIG,0.7281891136511752
AFL,HII,0.4192306417150813
AFL,HUBB,0.40566467019265456
AFL,IEX,0.4158241615035188
AFL,IR,0.4525760111401259
AFL,JCI,0.6068500102082909
AFL,JPM,0.4845477960527741
AFL,KEY,0.4007325212868922
AFL,L,0.6786370111301657
AFL,LDOS,0.4781509494321216
AFL,LYB,0.467407733524617
AFL,MCK,0.42114306830321396
AFL,MET,0.778007282477424
AFL,META,-0.5794736249787938
AFL,MMC,0.4547356741840058
AFL,MRK,0.4440550932709619
AFL,MSFT,-0.55020302629882
AFL,MSI,0.45618628217327395
AFL,NTRS,0.4247474609538139
AFL,OTIS,0.5106944111895266
AFL,PAYC,-0.4500264295794904
AFL,PFG,0.5647484986310991
AFL,PGR,0.5954278310427553
AFL,PNC,0.4057375956335787
AFL,PRU,0.7192913511522298
AFL,RF,0.5350316128299702
AFL,RJF,0.5787750015340182
AFL,ROST,0.5670366514350685
AFL,RTX,0.4539426524892334
AFL,SLB,0.5442449019704375
AFL,STT,0.5125175561193879
AFL,TDG,0.5105721133970147
AFL,TJX,0.5818621147245305
AFL,TROW,-0.5380012231415934
AFL,TRV,0.6390310444713596
AFL,TYL,-0.4429938680103529
AFL,USB,0.4445791148524494
AFL,WAB,0.42095427039548433
AFL,WFC,0.42431324170655477
AFL,WRB,0.7407079710352935
AFL,XOM,0.43400458085265325
AIG,AIZ,0.5335947663961133
AIG,AJG,0.503174503058421
AIG,ALL,0.5650661487929737
AIG,AMD,-0.4509561679004722
AIG,AMP,0.5754824034074776
AIG,APA,0.41627517163251665
AIG,APD,0.4487919164133025
AIG,BAC,0.45902299495605076
AIG,BK,0.6897622427796724
AIG,BKR,0.5073190242926613
AIG,BRK-B,0.45804886834116254
AIG,C,0.5495722678872764
AIG,CAH,0.4022651379617578
AIG,CAT,0.47542811645081007
AIG,CB,0.7484470226187079
AIG,CF,0.4792827982078188
AIG,CFG,0.5535599279671207
AIG,CINF,0.4372524909274169
AIG,COP,0.48806798194276385
AIG,CTVA,0.4191894545027646
AIG,EG,0.632406095991725
AIG,EOG,0.46759192640074465
AIG,ETN,0.5255654935555342
AIG,FANG,0.49412735356245197
AIG,FITB,0.5973710887696205
AIG,GL,0.7049348262215341
AIG,GOOG,-0.42296248193033953
AIG,GOOGL,-0.4197008287744438
AIG,HAL,0.5926281580693203
AIG,HBAN,0.5497569522845731
AIG,HIG,0.8477625896746048
AIG,HWM,0.49755470378643624
AIG,IR,0.5402810946391761
AIG,JCI,0.5862917481620689
AIG,JPM,0.465469578818173
AIG,KEY,0.5228442764218408
AIG,L,0.7812774701899651
AIG,LYB,0.48629347276114254
AIG,MET,0.8314258501497839
AIG,MMC,0.4217360197818712
AIG,MPC,0.4023563985797444
AIG,MS,0.42788188967192764
AIG,MSFT,-0.5071052557824276
AIG,MTB,0.49571245478699555
AIG,NTRS,0.4003427548676175
AIG,OKE,0.43072158340270933
AIG,PFG,0.6748962330801284
AIG,PGR,0.5757145296522201
AIG,PH,0.41622646804818064
AIG,PNC,0.5487526352410598
AIG,PRU,0.8186877151582296
AIG,RF,0.6754721066809897
AIG,RJF,0.6152301510674102
AIG,SLB,0.649194544713941
AIG,STT,0.6766408104380072
AIG,TDG,0.5843653010310847
AIG,TFC,0.5125055861736147
AIG,TRGP,0.46626910389309983
AIG,TROW,-0.4627807928112087
AIG,TRV,0.6014527519714759
AIG,URI,0.46954031209471075
AIG,USB,0.6875815892994758
AIG,WAB,0.44905696355618807
AIG,WFC,0.48367557056208466
AIG,WRB,0.6965585393402157
AIG,XOM,0.49202573675006467
AIZ,ALL,0.6036384176833787
AIZ,AMD,-0.4776034290177613
AIZ,BAC,0.4062058442530386
AIZ,BK,0.527065696911796
AIZ,BRK-B,0.4819495226102766
AIZ,CAH,0.4120286394422914
AIZ,CB,0.4219363035911342
AIZ,CFG,0.4579541132055835
AIZ,CINF,0.49227911649375894
AIZ,COF,0.440625029669043
AIZ,CPAY,0.5692004685491391
AIZ,EG,0.442859656117167
AIZ,FITB,0.518600419701592
AIZ,GL,0.5038092711291401
AIZ,HBAN,0.5007074944082658
AIZ,HIG,0.513484542672551
AIZ,HPE,0.45616965895579126
AIZ,JKHY,0.4198554775735448
AIZ,KEY,0.4223085122088989
AIZ,L,0.6221957851096922
AIZ,LDOS,0.45460448201186016
AIZ,LYB,0.4133595859070202
AIZ,MET,0.6034186595838397
AIZ,MSFT,-0.5674284265505474
AIZ,NTRS,0.44808468585645944
AIZ,NVDA,-0.41364899509076275
AIZ,PFG,0.4802227763993751
AIZ,PNC,0.4033786151483814
AIZ,PRU,0.5640491412678255
AIZ,RF,0.4104474692343871
AIZ,RJF,0.4023878105999963
AIZ,STT,0.5178640172155762
AIZ,TFC,0.481615497708066
AIZ,TRV,0.4079327243506689
AIZ,USB,0.6294029968385841
AIZ,WAB,0.532316094963147
AIZ,WRB,0.4315657728707241
AJG,AME,0.4090253755723232
AJG,AMP,0.445547803641437
AJG,AON,0.5827453972109096
AJG,BRK-B,0.4459291406257592
AJG,BRO,0.48703022040964
AJG,CB,0.4634012799513731
AJG,EG,0.46629422867316783
AJG,ETN,0.4262495212108767
AJG,GL,0.5455719079140776
AJG,HIG,0.5072760447149098
AJG,L,0.5058874721277004
AJG,LDOS,0.4469990332481094
AJG,LIN,0.40980452155631525
AJG,MET,0.427374542320205
AJG,MMC,0.7668457675153288
AJG,MSI,0.5026086479302863
AJG,PFG,0.459873683177488
AJG,PGR,0.5705896408259911
AJG,PRU,0.44809124805272765
AJG,RF,0.4016208023768046
AJG,TRV,0.4886843442776112
AJG,WRB,0.6084095054461784
AJG,WTW,0.46504843792807715
AKAM,MLM,-0.4661461954014834
AKAM,VMC,-0.44375993654209794
ALB,K,-0.4041344519652631
ALB,MOS,0.40085125029836854
ALB,PG,-0.48094884135443655
ALB,WMT,-0.40718636734249314
ALB,WST,0.47372479522117134
ALGN,AME,-0.42795120889734817
ALGN,AMZN,0.43984861513431994
ALGN,APD,-0.5997095368208477
ALGN,BEN,0.4584968252065183
ALGN,BIIB,-0.41105761072343866
ALGN,CI,-0.40736907837176467
ALGN,CNC,-0.4874839463755951
ALGN,COP,-0.40987628357608147
ALGN,CPB,-0.40568700893712606
ALGN,CTVA,-0.4751524089360295
ALGN,DE,-0.4011195145921276
ALGN,EL,-0.46691386980219407
ALGN,ELV,-0.5022202988441762
ALGN,EPAM,0.47585635014351324
ALGN,FAST,0.5087517205889627
ALGN,GILD,-0.4564408933315724
ALGN,GWW,0.71846058795059
ALGN,HUM,-0.48046076353951667
ALGN,IVZ,0.470500079938082
ALGN,KO,-0.47409436684949097
ALGN,LLY,-0.4842927111972463
ALGN,META,0.7804177101094464
ALGN,MRK,-0.45424989375145397
ALGN,MSI,-0.44575393949654785
ALGN,POOL,0.4515722366879759
ALGN,PTC,-0.45208932183786155
ALGN,RSG,-0.4098657046605138
ALGN,SW,0.4115568294160604
ALGN,TJX,-0.4132315768979102
ALGN,TROW,0.517521838185151
ALGN,UNH,-0.664286418279175
ALGN,VRTX,-0.411851973634788
ALGN,WM,-0.5004979056669578
ALGN,WRB,-0.46404073377078703
ALL,BAC,0.551764935653441
ALL,BK,0.5119637136401816
ALL,BRK-B,0.5016906531100639
ALL,CAH,0.4544491077670703
ALL,CB,0.5237547300165486
ALL,CFG,0.41921196710463143
ALL,CINF,0.5774247102748933
ALL,EG,0.41552463405717477
ALL,FITB,0.46338456323318106
ALL,GL,0.5052472401537749
ALL,HBAN,0.4532215970185052
ALL,HIG,0.5759271362809942
ALL,HPE,0.426806879505087
ALL,IR,0.4599602357284151
ALL,JPM,0.4856027473499519
ALL,KEY,0.4401900924700768
ALL,L,0.6416143343377437
ALL,LDOS,0.4288228522305967
ALL,MET,0.5831829671166023
ALL,MSFT,-0.44238555446205763
ALL,NTRS,0.5548990323533539
ALL,PFG,0.4665458918846551
ALL,PGR,0.5423707246211255
ALL,PH,0.44649521289965655
ALL,PNC,0.4830448999081315
ALL,PRU,0.611795611818593
ALL,RF,0.46824445963835276
ALL,RJF,0.4008852283458049
ALL,SNA,0.42958270590219555
ALL,STT,0.4928611497054136
ALL,TRV,0.5316136051857702
ALL,USB,0.507272966026989
ALL,WAB,0.46657270297577086
ALL,WFC,0.40868164238532567
ALL,WRB,0.4883706515189547
ALLE,AME,0.5141731881177907
ALLE,AMP,0.5167552023563021
ALLE,AOS,0.45262669986281634
ALLE,APH,0.44460491187577994
ALLE,BK,0.4265648747528243
ALLE,CARR,0.6260123839638647
ALLE,CMI,0.49698098543342356
ALLE,DAL,0.40293326022893766
ALLE,DOV,0.5855649718226182
ALLE,DOW,0.4227537727282208
ALLE,ETN,0.5311021604725844
ALLE,FTV,0.4256480064158022
ALLE,HUBB,0.5191801483692611
ALLE,IR,0.5908118938567928
ALLE,ITW,0.443899960195696
ALLE,J,0.45944817300279345
ALLE,JCI,0.5011560807128722
ALLE,LKQ,0.4564231780847872
ALLE,LYB,0.45609180396593946
ALLE,MAS,0.42657784316060027
ALLE,MET,0.4022646716957836
ALLE,MLM,0.43623405123182724
ALLE,MS,0.4174752171397219
ALLE,MSFT,-0.4104141702953055
ALLE,NRG,0.44584473368804917
ALLE,OTIS,0.6378346050452803
ALLE,PH,0.6423611146228473
ALLE,PNR,0.49617540000080135
ALLE,PRU,0.4099807639472173
ALLE,RJF,0.4553394250800028
ALLE,ROK,0.4853780799662469
ALLE,SNA,0.6072333467345591
ALLE,STT,0.46936221202390865
ALLE,SWK,0.4074541157927089
ALLE,TT,0.5878052660104333
ALLE,URI,0.4408086601374007
ALLE,VMC,0.42010298200578317
ALLE,WAB,0.5282963961955205
AMAT,AMD,0.6506926293777212
AMAT,AVGO,0.451875954439226
AMAT,CB,-0.43005890484647824
AMAT,CDNS,0.4214147067101994
AMAT,CNC,-0.4075393227668787
AMAT,COR,-0.5102739882673925
AMAT,EW,0.40002727998481236
AMAT,INTC,0.4564009579606633
AMAT,KLAC,0.7507608931409383
AMAT,LRCX,0.8118728143674755
AMAT,MCHP,0.6630950459298558
AMAT,MPWR,0.6530020514655737
AMAT,MTB,-0.48002585693323396
AMAT,MU,0.4053253475852069
AMAT,NVDA,0.4224462092499636
AMAT,NXPI,0.6527984495175477
AMAT,ON,0.5553229716019735
AMAT,QCOM,0.4781484124145348
AMAT,SNPS,0.5290978981078068
AMAT,TEL,0.4708810885007952
AMAT,TER,0.7906881482350279
AMAT,TXN,0.6038440867618783
AMCR,FTNT,-0.4742876311388633
AMCR,IP,0.4337427427587752
AMCR,JKHY,0.40279590157222356
AMCR,TSN,0.4130573991416759
AMD,ANET,0.48118144342131386
AMD,BMY,-0.4168518816828721
AMD,BRK-B,-0.5202889313089304
AMD,CAH,-0.4517886774091372
AMD,CB,-0.5630695840978261
AMD,CDNS,0.5395443190215916
AMD,COR,-0.5589437367349868
AMD,EA,-0.42430795888665895
AMD,EPAM,0.4270673022203226
AMD,HIG,-0.44743994298346995
AMD,HII,-0.5530687372810329
AMD,IEX,-0.44392346736057275
AMD,INTU,0.4530619287253131
AMD,JCI,-0.4334396710104648
AMD,KLAC,0.5404282273897273
AMD,L,-0.5502976712139824
AMD,LDOS,-0.519332978731215
AMD,LH,-0.41588543465032074
AMD,LRCX,0.6301645227516084
AMD,MCHP,0.47317460893139557
AMD,MCK,-0.5010151172494915
AMD,MET,-0.44724243046032064
AMD,MPWR,0.5384274225210082
AMD,MSFT,0.40950278806743634
AMD,MTB,-0.4955039407460363
AMD,NVDA,0.6951639361515027
AMD,NXPI,0.4561930242625625
AMD,ODFL,0.45360748021338476
AMD,ON,0.5494354494021773
AMD,QCOM,0.4560693005495039
AMD,SNPS,0.594578664639026
AMD,SYK,0.41165414266135647
AMD,TER,0.6762792190485308
AMD,TRV,-0.5372345813539404
AMD,XOM,-0.4659192671656072
AME,AMP,0.4709574370004524
AME,CARR,0.4726729510699379
AME,CAT,0.5410696468561039
AME,CBOE,0.41199285542736974
AME,CLX,0.4163768666883161
AME,DE,0.5587445553792744
AME,DOV,0.4823095762910197
AME,DOW,0.41381807143515054
AME,ETN,0.5617237115787184
AME,FTV,0.4772568075402583
AME,GILD,0.46184562541977875
AME,GL,0.485839377856093
AME,HUBB,0.4879842277369126
AME,IEX,0.618782697964529
AME,IR,0.5260641059829511
AME,JCI,0.6416480964601001
AME,K,0.4126640331607752
AME,L,0.43018327019717556
AME,LYB,0.4660882623655761
AME,MSI,0.4507088259826257
AME,OTIS,0.5914177683418286
AME,PAYC,-0.4730112723862763
AME,PH,0.5124168517674894
AME,ROK,0.4887938963902843
AME,SNA,0.45326892121019
AME,TT,0.508446319037862
AME,WAB,0.5239622786044117
AME,WM,0.47967813013161387
AMGN,ANET,-0.42492317652510336
AMGN,AWK,0.4048232955808376
AMGN,BIIB,0.5148892978133993
AMGN,BMY,0.40235309233708094
AMGN,CAG,0.44832616988762675
AMGN,CCI,0.4014972861915895
AMGN,CPB,0.4879417846404053
AMGN,CPRT,-0.43463557527689917
AMGN,DAY,-0.4128989406063966
AMGN,ED,0.4189169029409524
AMGN,GILD,0.5155533812893516
AMGN,GIS,0.4593057916475378
AMGN,K,0.47779921220584937
AMGN,KMB,0.512643149810384
AMGN,LLY,0.44545268847217034
AMGN,MCK,0.45403090971649
AMGN,NOW,-0.5013066958828805
AMGN,PEP,0.4128057378838211
AMGN,PG,0.5468363781433419
AMGN,PPL,0.40941005284900245
AMGN,VRTX,0.4053378534157322
AMGN,XEL,0.4009900260341655
AMP,AMZN,-0.4092758279411793
AMP,AWK,-0.41611081264887473
AMP,AXP,0.43220530608614055
AMP,BAC,0.5337885907601316
AMP,BK,0.7175110822149862
AMP,C,0.607223848656305
AMP,CAT,0.46340399197988735
AMP,CB,0.43281716703046963
AMP,CCI,-0.4052076240147506
AMP,CFG,0.4378472208755843
AMP,CPAY,0.4037974903922297
AMP,DOV,0.40707181603892234
AMP,DOW,0.4252778215080113
AMP,EG,0.4962704310232809
AMP,ES,-0.4129850860037892
AMP,ETN,0.5380023472235328
AMP,FITB,0.5531262923768662
AMP,GL,0.7435266260265372
AMP,HAL,0.5067830461214494
AMP,HBAN,0.5315827725595162
AMP,HIG,0.5603325561050824
AMP,HLT,0.4096116827469781
AMP,HWM,0.4518730569381058
AMP,IR,0.574145690866742
AMP,JCI,0.5891899618423582
AMP,JPM,0.5556739607250355
AMP,KEY,0.5719027554822729
AMP,L,0.4180612218254997
AMP,LKQ,0.42949519347490894
AMP,LYB,0.5083501342263377
AMP,MET,0.6606960249367059
AMP,MS,0.5770793591418564
AMP,MSFT,-0.4656311235970522
AMP,NTRS,0.540436325248058
AMP,OTIS,0.4618734103609265
AMP,PFG,0.6100933387329814
AMP,PH,0.5225681046120813
AMP,PNC,0.4491959843398004
AMP,PRU,0.6456826612441223
AMP,RF,0.614060783134742
AMP,RJF,0.7840166941349067
AMP,ROST,0.4024980268913231
AMP,SCHW,0.5667721259862969
AMP,SLB,0.5580054149949697
AMP,SO,-0.4089998953362481
AMP,STT,0.7259032928875344
AMP,TDG,0.5629064534289925
AMP,TFC,0.49367924479088493
AMP,TJX,0.4450522109461121
AMP,URI,0.5425038121272084
AMP,USB,0.6425217002796256
AMP,VTRS,0.41653618904322726
AMP,WAB,0.5125282362379194
AMP,WEC,-0.41485376561764303
AMP,WFC,0.6192455168564033
AMP,WRB,0.49645394369083384
AMP,XEL,-0.4651371130675588
AMT,ATO,0.49797356268989235
AMT,AWK,0.5512369731325247
AMT,CCI,0.748769263321206
AMT,CMS,0.5417290748951881
AMT,CNP,0.5057151082507731
AMT,CPT,0.4217768674783952
AMT,D,0.4565037588961138
AMT,DLR,0.5410182181260307
AMT,DTE,0.5168581833457457
AMT,DUK,0.5287564508464402
AMT,ED,0.4727763053844828
AMT,EQIX,0.5896294695485259
AMT,ES,0.4635708849249899
AMT,EVRG,0.4379233863349419
AMT,EXC,0.4726233584152978
AMT,FE,0.5204776648528255
AMT,INVH,0.4957745098269639
AMT,IRM,0.4102121778059045
AMT,LNT,0.5729456026904212
AMT,MAA,0.4211106455230837
AMT,NEM,0.4344180987898931
AMT,NI,0.4373572413921535
AMT,O,0.4452327302658074
AMT,PLD,0.40896865835732027
AMT,PNW,0.4718590178838122
AMT,PPL,0.5267936509988049
AMT,SBAC,0.8256756897864453
AMT,SO,0.4809178016197104
AMT,STT,-0.4025694927790656
AMT,WEC,0.5490089362966278
AMT,XEL,0.604507405659323
AMZN,CLX,-0.46398852511011085
AMZN,CVX,-0.46084780940827824
AMZN,EOG,-0.4198945536503163
AMZN,GILD,-0.4625887505683342
AMZN,GL,-0.5151586261404664
AMZN,GOOG,0.4332455754947067
AMZN,GOOGL,0.41905417366388287
AMZN,HAL,-0.4885527138743074
AMZN,HIG,-0.42888326808883814
AMZN,INTU,0.4320087754326356
AMZN,LEN,0.43121824331885683
AMZN,MET,-0.4014132441033371
AMZN,MSFT,0.43063340614291346
AMZN,OTIS,-0.43667229370448996
AMZN,POOL,0.49964200936113506
AMZN,RJF,-0.42236742615151257
AMZN,RTX,-0.4040820970697247
AMZN,SLB,-0.41341225612483046
AMZN,TJX,-0.47040728976576296
AMZN,TPL,-0.4504900805702535
AMZN,TROW,0.4047086230301593
AMZN,WAB,-0.4137392996900021
AMZN,XOM,-0.4564684386772828
ANET,BMY,-0.42846698877348893
ANET,CDNS,0.4533132285427028
ANET,DOC,-0.4519469236458773
ANET,DRI,-0.4084542879343147
ANET,INTU,0.42118231943209056
ANET,KHC,-0.4207813080832075
ANET,MSFT,0.5258894594504827
ANET,NVDA,0.4132579002183968
ANET,ON,0.45082433840454034
ANET,SBUX,-0.41970992618173586
ANET,SNPS,0.43148444961193594
ANET,VZ,-0.4214980836857379
AON,BRO,0.4345759408445425
AON,MMC,0.7353001184963737
AOS,CARR,0.42300953568541655
AOS,CVX,-0.42483515486271667
AOS,DOV,0.6168074569863078
AOS,IP,0.5912980229364304
AOS,MAS,0.635277169981608
AOS,MSCI,0.42040917574322456
AOS,NVR,0.4943512324535978
AOS,PHM,0.6483712303143992
AOS,PNR,0.7173849073859949
AOS,ROL,0.40253354060276647
AOS,SHW,0.4252231871537536
AOS,SWK,0.4744592609166518
AOS,UPS,0.5051111669999876
APA,AWK,-0.5182552738726072
APA,BG,0.4339336104813676
APA,BKR,0.6676573153787947
APA,CF,0.5008814677589842
APA,COP,0.7932979157389338
APA,CTRA,0.6729285423767624
APA,CVX,0.6784497832917974
APA,DVN,0.7737557982434317
APA,EOG,0.8181969801470366
APA,EQT,0.4877001655955123
APA,FANG,0.8627309536011034
APA,HAL,0.7334279996518435
APA,HD,-0.45697110931759594
APA,KMI,0.5644142415222609
APA,LIN,0.42049090788208177
APA,LOW,-0.4863817069191196
APA,MOS,0.4476437761193834
APA,MPC,0.7008012442742635
APA,NFLX,-0.49106152522327573
APA,NWSA,-0.4001662008528039
APA,OKE,0.6482466057679045
APA,OXY,0.718892086626039
APA,PSX,0.5882567020311747
APA,SLB,0.7659725636211955
APA,TPL,0.6314865662176377
APA,TRGP,0.7527534041412223
APA,VLO,0.7083286296141885
APA,WMB,0.47198396221640676
APA,XOM,0.71389404859955
APD,AVY,0.5628799790514555
APD,AZO,0.4411795127256361
APD,CB,0.42017349382809854
APD,CI,0.45835818523510025
APD,COP,0.45249521117147634
APD,CTVA,0.5424633598875734
APD,DE,0.46285804714961404
APD,EG,0.46018319156026616
APD,ETN,0.42764641103515305
APD,GOOG,-0.44497983181307305
APD,GOOGL,-0.45314233558278216
APD,GWW,-0.41968724117468026
APD,HAL,0.48135579080989493
APD,JCI,0.4794707907022677
APD,L,0.4011815692976544
APD,MET,0.4770537916685232
APD,META,-0.692797883995271
APD,PM,0.4102942918053687
APD,SBUX,0.4034361001241042
APD,SLB,0.4943267586416172
APD,TDG,0.45134999627635713
APD,TJX,0.4231309404188029
APD,TROW,-0.5108602759020457
APD,TRV,0.4367912443232744
APD,UNH,0.46700970062502467
APD,WM,0.4116645949863034
APD,WRB,0.5137626537523028
APH,CARR,0.5268681558340302
APH,ETN,0.4040677804637737
APH,OTIS,0.4075392959053174
APH,SHW,0.41578612455378294
APH,TEL,0.528088718967752
APH,TT,0.4118306720592536
APTV,BKNG,0.4167616393686902
APTV,CNP,-0.43569301073853267
APTV,DAL,0.44958963665687396
APTV,ECL,0.4298301963528221
APTV,ED,-0.4272541309772494
APTV,GM,0.4076344765427031
APTV,HWM,0.48343133057698356
APTV,K,-0.40274019622921564
APTV,KO,-0.48409035385623805
APTV,LNT,-0.4085965354595636
APTV,MAR,0.42617283252558075
APTV,MS,0.4287690178495779
APTV,PEP,-0.45840668762352904
APTV,RCL,0.4078188226305723
APTV,SJM,-0.41764938031733434
APTV,SO,-0.4091256355765818
APTV,TSLA,0.4438326548654765
APTV,UBER,0.5016360551296011
APTV,WEC,-0.4489398024371106
APTV,XEL,-0.42993194901816784
ARE,AVB,0.7199149217196634
ARE,BXP,0.7129992185441577
ARE,CPT,0.5888624893943851
ARE,DLR,0.4080504054936405
ARE,DOC,0.7415062107649647
ARE,EQIX,0.406569535226841
ARE,EQR,0.6886300843069583
ARE,ESS,0.7330518677057825
ARE,EXR,0.43007880496178863
ARE,FRT,0.6052027671590026
ARE,INVH,0.6390892785824922
ARE,JPM,-0.4076757833913889
ARE,KIM,0.4614045345310983
ARE,MAA,0.6027595357746396
ARE,O,0.5588513351530441
ARE,PLD,0.6628334149520976
ARE,PSA,0.47860951143255676
ARE,REG,0.4998660722784123
ARE,SPG,0.5658261485718772
ARE,TROW,0.4279220962257752
ARE,UDR,0.618072266878091
ARE,VICI,0.4503705361609129
ARE,VTR,0.5866552815589546
ARE,WELL,0.6151464003248058
ATO,AVB,0.5401155601516884
ATO,AWK,0.6638114080462175
ATO,BKNG,-0.4580372151552238
ATO,BLDR,-0.40014607122583573
ATO,CCI,0.5771345340363029
ATO,CMS,0.7800889738726081
ATO,CNP,0.7806049791166567
ATO,CPT,0.552953694714114
ATO,D,0.6316139808416588
ATO,DLR,0.4913202299713737
ATO,DTE,0.720976590592104
ATO,DUK,0.7775157783704731
ATO,ED,0.7876217226397537
ATO,EIX,0.6166221043662768
ATO,EQIX,0.4575294970578595
ATO,EQR,0.52589786976124
ATO,ES,0.737579786912925
ATO,ESS,0.461645416527093
ATO,ETR,0.7369285664564713
ATO,EVRG,0.7177517238667173
ATO,EXC,0.7029229271599552
ATO,EXR,0.4116893116132986
ATO,FE,0.6289647024688694
ATO,INVH,0.6192453251608795
ATO,K,0.47205902868713845
ATO,KDP,0.4821032028634404
ATO,KO,0.4760318815925098
ATO,LNT,0.791461762292553
ATO,MAA,0.553767601197939
ATO,MDLZ,0.4996458339490597
ATO,MS,-0.4287650174409675
ATO,NI,0.7243646539064853
ATO,O,0.5279296098401819
ATO,PEG,0.6555751753632761
ATO,PEP,0.4908129025756995
ATO,PLD,0.4070925315290385
ATO,PNW,0.6752708068771244
ATO,PPL,0.7325500821387322
ATO,PSA,0.5416000027840048
ATO,SBAC,0.5362209032811791
ATO,SJM,0.468152227633704
ATO,SO,0.675751658145722
ATO,SRE,0.6063463721198962
ATO,UDR,0.43981074299177114
ATO,WEC,0.8145861672234128
ATO,WM,0.4032593001524952
ATO,XEL,0.8068523985325041
AVB,BXP,0.6117001828833143
AVB,CCI,0.5165306708164061
AVB,CPT,0.8107111741596331
AVB,DLR,0.6793570999213597
AVB,DOC,0.6105979009742143
AVB,DTE,0.41499698532648827
AVB,DUK,0.4055566201201283
AVB,EQIX,0.58287714171051
AVB,EQR,0.9343157361702126
AVB,ES,0.4213274519984987
AVB,ESS,0.8612138516560156
AVB,ETR,0.44851285205818525
AVB,EVRG,0.4232548110132409
AVB,EXR,0.4647771362817978
AVB,FRT,0.5988735706883331
AVB,INVH,0.857758589879794
AVB,IRM,0.5170806659627023
AVB,KIM,0.6179572859951448
AVB,LNT,0.46335427030743487
AVB,MAA,0.8076909050952041
AVB,NI,0.4626438882377366
AVB,O,0.5949790308470766
AVB,PLD,0.6734430679054736
AVB,PPL,0.4489284447116088
AVB,PSA,0.49499583896471294
AVB,REG,0.55239968057007
AVB,SBAC,0.4556609546413744
AVB,SPG,0.5204238110982737
AVB,UDR,0.8906480012741455
AVB,VICI,0.4478595328804671
AVB,VLO,-0.4025170189370602
AVB,VTR,0.5173588891735459
AVB,WEC,0.4193934399450489
AVB,WELL,0.6021126228315552
AVB,WY,0.42552575222291905
AVB,XEL,0.45395310738088596
AVGO,KLAC,0.42082305252734586
AVGO,MCHP,0.44446121727207094
AVY,DD,0.4507672122919935
AVY,OTIS,0.40139319225172904
AVY,PPG,0.5343050013551891
AVY,SBUX,0.41450938099885415
AWK,BKR,-0.40233139135314644
AWK,CCI,0.6666674507993319
AWK,CMS,0.7991794688656421
AWK,CNP,0.5947930896011656
AWK,COP,-0.4225076664813225
AWK,CPT,0.4094962696737945
AWK,CTRA,-0.4158791691805672
AWK,D,0.5824585151799024
AWK,DOC,0.4305676907234629
AWK,DTE,0.655639193035139
AWK,DUK,0.7278425245963264
AWK,DVN,-0.4033144407794344
AWK,ED,0.7746557079541131
AWK,EIX,0.523610121467893
AWK,EOG,-0.42401340518979436
AWK,ES,0.7343184724454636
AWK,ETR,0.47968914409876295
AWK,EVRG,0.7541096842874485
AWK,EXC,0.5287562664672829
AWK,FANG,-0.5602326700862127
AWK,FE,0.6390175183540215
AWK,GIS,0.40380731808460163
AWK,HAL,-0.40703443243859433
AWK,HLT,-0.4319917970534803
AWK,INVH,0.4471070645641845
AWK,K,0.42679377904610805
AWK,KO,0.43208199370769257
AWK,LNT,0.7583451170166395
AWK,MAA,0.41565531168939973
AWK,MAR,-0.49330184254635856
AWK,MDLZ,0.54132610424973
AWK,MPC,-0.4230622662476397
AWK,MS,-0.4630337508893874
AWK,NEM,0.4166805820885618
AWK,NI,0.6041770239848467
AWK,PEG,0.5791024621315704
AWK,PEP,0.4587984752682004
AWK,PG,0.5280400214164235
AWK,PNW,0.5809863033808546
AWK,PPL,0.6444625384622223
AWK,PWR,-0.4043525779506596
AWK,SBAC,0.5108219031576114
AWK,SJM,0.5061915074792219
AWK,SLB,-0.4459807311043438
AWK,SO,0.7162809326717055
AWK,SRE,0.4122165808019833
AWK,TRGP,-0.41627974150424446
AWK,VLO,-0.40928162977021165
AWK,WEC,0.7288272265300703
AWK,WMT,0.44247191364385585
AWK,XEL,0.7881824901237096
AXP,CCI,-0.41133284740120724
AXP,COF,0.4181138855458913
AXP,IEX,0.4263017874190113
AXP,IR,0.45054762728386405
AXP,JCI,0.43138067053925244
AXP,KEY,0.4425608639163584
AXP,LHX,0.6042300524455908
AXP,PH,0.4436485497992532
AXP,PRU,0.45390127007901787
AXP,STT,0.4827230562168128
AXP,SYF,0.42936707040610317
AXP,USB,0.40661393235610016
AXP,V,0.6407383568773081
AXP,WFC,0.4431171438606356
AZO,CI,0.41155957656393216
AZO,CL,0.444846436918363
AZO,DG,0.4107405914140506
AZO,DGX,0.4292324821461567
AZO,ELV,0.42271921056289846
AZO,EXC,0.4595940024553051
AZO,GOOG,-0.44279771908479254
AZO,GOOGL,-0.44379544476222954
AZO,GPC,0.5371083660355696
AZO,K,0.44511925935633934
AZO,KDP,0.4684622592828781
AZO,KO,0.4992507378850709
AZO,MDLZ,0.42188889470410573
AZO,META,-0.45145808323876646
AZO,MNST,0.5200694391671393
AZO,MO,0.4844176598769313
AZO,ORLY,0.735493183375264
AZO,PEP,0.5396231978858287
AZO,PM,0.5544086170269871
AZO,PPL,0.40962463332091453
AZO,ROST,0.5087361175724738
AZO,SBUX,0.44459247985633615
AZO,TJX,0.4267480757011237
AZO,TSCO,0.41662571680776234
AZO,WM,0.459846205335679
AZO,YUM,0.42180532288556105
BA,DD,0.4172396459521616
BA,OTIS,0.4021518178679274
BA,SBUX,0.4163549993433988
BAC,BK,0.6837490954734187
BAC,C,0.6133795681627695
BAC,CB,0.4575474505262581
BAC,CFG,0.6240284432253899
BAC,COF,0.41637542539963873
BAC,FITB,0.6936002287714012
BAC,GL,0.5581044638916983
BAC,HBAN,0.7094324188650033
BAC,HIG,0.5393679744820056
BAC,HPE,0.42403515789445395
BAC,JPM,0.6658026868293091
BAC,KEY,0.728798512094825
BAC,L,0.5071386732121371
BAC,MET,0.6504037860902642
BAC,MSFT,-0.46162078008824703
BAC,MTB,0.5944310937641062
BAC,NTRS,0.5209366201092682
BAC,PFG,0.5670578076157251
BAC,PNC,0.5609251671866016
BAC,PRU,0.708150557130463
BAC,RF,0.6875423694163665
BAC,RJF,0.49217238150882153
BAC,SCHW,0.5552694578923031
BAC,STT,0.6756492949555292
BAC,TFC,0.6134611191116351
BAC,TRV,0.42553314275664356
BAC,URI,0.4026193684532164
BAC,USB,0.5798697268355809
BAC,WFC,0.839032625837435
BAC,WRB,0.48625292269854264
BALL,ECL,0.4027219004739348
BALL,PSKY,0.49461240356434777
BALL,SWK,0.4405224224176
BAX,IFF,0.5647972437329668
BAX,MDT,0.5594640660274282
BAX,MPWR,-0.4903788918808176
BAX,STE,0.538481427117781
BAX,WAT,0.5174575494474934
BBY,HD,0.4503668025546824
BBY,LKQ,0.4113701620011987
BBY,SWK,0.418731100794401
BDX,CPB,0.4729609503655375
BDX,D,0.5386705348955347
BDX,DAY,-0.480460747426999
BDX,DGX,0.4549489628667244
BDX,DTE,0.40675654024612523
BDX,DUK,0.4834077318004579
BDX,DVA,0.40274354296558623
BDX,ED,0.423192321570689
BDX,ELV,0.41390301928496404
BDX,ES,0.41701646335890447
BDX,FE,0.4165798827994631
BDX,GILD,0.43925539005187414
BDX,HII,0.4383014342330819
BDX,ICE,0.43126417367370207
BDX,KO,0.40074044129880065
BDX,MCHP,-0.4057942272454893
BDX,MPWR,-0.46172013102487913
BDX,MRK,0.432485807527409
BDX,ON,-0.4280948193531358
BDX,PEP,0.4157557029651609
BDX,PPL,0.4182435691876545
BDX,SBUX,0.432291290859689
BDX,SJM,0.5346160818631885
BDX,SO,0.47172859896364616
BDX,TER,-0.40854607832127915
BDX,WM,0.41776507057960954
BEN,CVX,-0.40337670181497687
BEN,FAST,0.43151267375504454
BEN,GLW,0.43112028774778527
BEN,GWW,0.4282558866615971
BEN,HUM,-0.4218593824170134
BEN,IVZ,0.5946588698923798
BEN,MAS,0.44062702218653066
BEN,MHK,0.4655128184379746
BEN,NTAP,0.46343366213921133
BEN,POOL,0.46605639609237015
BEN,SWK,0.4774243850870549
BEN,TEL,0.42817772375736096
BEN,TROW,0.4450561547073222
BEN,UNH,-0.47906215035829286
BF-B,KO,0.4394848096146214
BF-B,MCD,0.433667902169774
BF-B,MDLZ,0.4521953166247198
BF-B,MNST,0.43769233855813117
BF-B,ON,-0.41362396540045
BF-B,PEP,0.41111446747199376
BF-B,PPL,0.4020088865067214
BF-B,SHW,0.4023929923797125
BF-B,STX,-0.46414184661226193
BF-B,STZ,0.40680041338919903
BF-B,TDY,0.4017810120619666
BG,C,0.41619629268556985
BG,CVX,0.414840249189709
BG,GL,0.4875276120779695
BG,HAL,0.4058896629687918
BG,HUBB,0.44029335368584294
BG,JCI,0.4211047914919239
BG,NFLX,-0.4353608797832877
BG,OKE,0.44611014998910375
BG,SLB,0.48927151965411586
BG,TDG,0.4432807213582285
BG,TRGP,0.4026065862647233
BG,TROW,-0.4469494308091106
BIIB,GILD,0.44734651752667154
BIIB,LLY,0.4949882075017817
BIIB,REGN,0.43811478243653507
BIIB,VRTX,0.5408428195532812
BK,BKNG,0.4216026518868545
BK,C,0.7618135156651011
BK,CB,0.5417243141802777
BK,CFG,0.6400645196067731
BK,CINF,0.4215419387330965
BK,COF,0.4351270504111163
BK,DAL,0.44207625885625773
BK,EG,0.5890981172310121
BK,FIS,0.4608964760608133
BK,FISV,0.46590607864114686
BK,FITB,0.6931698992073216
BK,GL,0.6995811265544729
BK,GOOG,-0.42128346553936524
BK,GOOGL,-0.4117216138481705
BK,GPN,0.455481655745272
BK,GS,0.4255892756149308
BK,HAL,0.44674203446771543
BK,HBAN,0.7152134035892654
BK,HIG,0.6957410336903311
BK,HLT,0.4085175330854721
BK,HWM,0.44961154130366726
BK,IR,0.4556898618722432
BK,JCI,0.49700410144586277
BK,JPM,0.6262949885944358
BK,KEY,0.7224192849803233
BK,L,0.5764977361868723
BK,LYB,0.4412777141983788
BK,MET,0.7087983968580202
BK,MS,0.628091640600479
BK,MSFT,-0.5418477479189192
BK,MTB,0.5207084891515281
BK,NTRS,0.586768621391944
BK,PFG,0.5973743857306109
BK,PH,0.4145917382597279
BK,PNC,0.5051433947640036
BK,PRU,0.7873778285593752
BK,RF,0.6659089723183075
BK,RJF,0.6439240135357241
BK,SCHW,0.5549516090920472
BK,SLB,0.5640379100450909
BK,STT,0.8451767320202183
BK,SYF,0.43687991439300017
BK,TDG,0.5651887797951125
BK,TFC,0.6616827796057555
BK,TJX,0.4006007608295793
BK,URI,0.5634993790294388
BK,USB,0.7760309555292828
BK,WAB,0.43955308576946367
BK,WEC,-0.45236782518411384
BK,WFC,0.8088902411784162
BK,WRB,0.5407257428912721
BK,XEL,-0.40015667263289617
BKNG,CCL,0.5131772947083354
BKNG,CNP,-0.416574543512096
BKNG,DAL,0.4475492748841012
BKNG,ED,-0.47662846064437187
BKNG,ETR,-0.42508846063396416
BKNG,EXPE,0.6250464777009972
BKNG,HLT,0.5054409829217938
BKNG,LNT,-0.4451268549929407
BKNG,LVS,0.46204724260362395
BKNG,MAR,0.47577950315824025
BKNG,MOH,-0.43401592373021103
BKNG,MSFT,-0.4137275942302738
BKNG,PFE,-0.46496701636400156
BKNG,PSKY,0.4015008687839607
BKNG,RCL,0.4466966034435522
BKNG,STT,0.4070624514603415
BKNG,URI,0.4043799732167746
BKNG,WBD,0.4079089316737393
BKNG,WEC,-0.5234013284153372
BKNG,XEL,-0.44381071755538565
BKR,CF,0.5416044703772719
BKR,COP,0.6899548426695641
BKR,CTRA,0.4398330978691424
BKR,CTVA,0.4684138173429602
BKR,CVX,0.6080857673541565
BKR,DVN,0.5972925769610852
BKR,EFX,-0.4015795271932075
BKR,EOG,0.6517842210202538
BKR,FANG,0.7093541897141877
BKR,FCX,0.4403380125408631
BKR,HAL,0.7627944395693863
BKR,LW,0.4744582156522141
BKR,LYB,0.4729710148495329
BKR,MOS,0.5203342615175943
BKR,MPC,0.5445976845950586
BKR,OKE,0.6454554192651477
BKR,OXY,0.6019534053957639
BKR,PSX,0.46851831735799737
BKR,RJF,0.4454348067364867
BKR,SLB,0.7618591781490693
BKR,STT,0.4200209152849895
BKR,TDG,0.43098849984543697
BKR,TPL,0.4549885607081181
BKR,TRGP,0.6467288775035296
BKR,VLO,0.5921097311341685
BKR,WRB,0.40731748564307585
BKR,XOM,0.6787640186658979
BLDR,CNP,-0.4679842748893746
BLDR,DOV,0.4032135879118374
BLDR,K,-0.42402530136060107
BLDR,PNR,0.4981028040661623
BLDR,SWK,0.49138971893434524
BLDR,URI,0.4722276692508876
BLDR,XEL,-0.4217412267950962
BMY,CDNS,-0.42694643822289047
BMY,GNRC,-0.4439465924165726
BMY,INTU,-0.41820603809548523
BMY,KMB,0.40721182093180747
BMY,LLY,0.40568749344432375
BMY,MDT,0.44817011237369925
BMY,MPWR,-0.5752469850959974
BMY,NXPI,-0.4870208487940291
BMY,ON,-0.40779231442427466
BMY,PFE,0.42489417826405135
BMY,REGN,0.44069000912872514
BMY,TER,-0.4849103642777541
BR,DOC,0.4015308741259275
BR,O,0.46429752245009287
BRK-B,BRO,0.4011128652042444
BRK-B,CB,0.5347470906379516
BRK-B,CINF,0.45698817493997684
BRK-B,DAY,-0.40420380158158875
BRK-B,EG,0.4187427263916759
BRK-B,EPAM,-0.4111697937134959
BRK-B,ETN,0.4385169510922115
BRK-B,GL,0.44082733645477856
BRK-B,HAL,0.41001487515657875
BRK-B,HIG,0.5163364112974997
BRK-B,HII,0.4568563604024852
BRK-B,IBM,0.42180741869171556
BRK-B,J,0.44399335747775176
BRK-B,JCI,0.4565765761237992
BRK-B,JPM,0.47963208269578894
BRK-B,L,0.6367739144630961
BRK-B,LDOS,0.431971742722963
BRK-B,MET,0.5087688049283554
BRK-B,MMC,0.49648841906885605
BRK-B,MRK,0.4591258268004122
BRK-B,MSFT,-0.5266822660123957
BRK-B,NOC,0.4316307380707338
BRK-B,NVDA,-0.4479821953112089
BRK-B,PGR,0.4589434287593686
BRK-B,PNC,0.43578206576022444
BRK-B,PRU,0.4373650033997594
BRK-B,RTX,0.5286515110459589
BRK-B,TRV,0.5351355117806472
BRK-B,USB,0.40197431352075086
BRK-B,WAB,0.47490022945732063
BRK-B,WRB,0.4208806316973782
BRO,MMC,0.48429753538332243
BRO,USB,0.41805288618916603
BSX,LLY,0.4566645994055861
BSX,MO,0.40970207244649154
BSX,PODD,0.40425909015052297
BSX,STE,0.4045497151638
BSX,SYK,0.47059742787286885
BXP,CPT,0.5245582811661641
BXP,DOC,0.5124476215206745
BXP,EQR,0.5577524166705838
BXP,ESS,0.6298978480835355
BXP,FRT,0.4717263592057367
BXP,INVH,0.5140051014201231
BXP,IRM,0.4096726544940879
BXP,KIM,0.4318979403958477
BXP,KLAC,-0.47247559187512034
BXP,MAA,0.49487721021765174
BXP,PLD,0.44093249778607735
BXP,REG,0.42044746881900286
BXP,SPG,0.4983812157462169
BXP,SPGI,0.40566983564311326
BXP,UDR,0.5585821303400296
BXP,VTR,0.40682188947971626
C,CB,0.467894688811414
C,CFG,0.5226419696682315
C,COF,0.4264049729000126
C,DAL,0.4831739449304175
C,FIS,0.5016203457407589
C,FITB,0.604547439807616
C,GL,0.5825161476615306
C,GPN,0.40968418561480663
C,HAL,0.4526773087729172
C,HBAN,0.598593656053454
C,HIG,0.4987064695560672
C,HWM,0.44482639064605184
C,JCI,0.44880108567972504
C,JPM,0.5801448197696882
C,KEY,0.694421089967235
C,L,0.44907339158194776
C,LKQ,0.4390996308791852
C,MET,0.5470424010002891
C,MS,0.5358843770964075
C,MSFT,-0.4074893749211227
C,PFG,0.5819272630247151
C,PNC,0.4676761788304049
C,PRU,0.7016821512398452
C,PSX,0.41372204550306935
C,RF,0.647177040906617
C,RJF,0.5491236566334062
C,SLB,0.4834753402769288
C,STT,0.7632838708332939
C,SYF,0.5208872034276738
C,TDG,0.5083379536633013
C,TFC,0.5024319885957041
C,USB,0.6135814421503281
C,WAB,0.42852729025075614
C,WEC,-0.47629637966994665
C,WFC,0.8034570140245358
C,WRB,0.42730630539995257
C,XEL,-0.505396448170485
CAG,CHD,0.4392580166459435
CAG,CL,0.4604824608691249
CAG,CPB,0.7736017643312102
CAG,DAY,-0.5121472424183864
CAG,EPAM,-0.40494093396562086
CAG,GD,0.41874864938045536
CAG,GILD,0.567985780907626
CAG,GIS,0.64776374643084
CAG,HRL,0.5107388927811564
CAG,HSY,0.4159952519395262
CAG,K,0.7216420532452476
CAG,KHC,0.6926690540720496
CAG,KMB,0.5057187967023004
CAG,KO,0.5863231998165839
CAG,LDOS,0.42047855031143533
CAG,LW,0.6246285942566759
CAG,MCD,0.49828389709681903
CAG,MDLZ,0.6282077260907297
CAG,MPWR,-0.4021068911284763
CAG,MRK,0.43448515352028544
CAG,NOW,-0.5354203009184322
CAG,NXPI,-0.4194587217508313
CAG,ON,-0.491750948288925
CAG,PAYC,-0.48437683481072624
CAG,PEG,0.45086670426972836
CAG,PEP,0.5912376428985363
CAG,PG,0.5138113191037436
CAG,SJM,0.7634458578962552
CAG,TJX,0.4369833145753839
CAG,VZ,0.41517264458432485
CAH,CB,0.45600213211693275
CAH,CFG,0.4234521758306329
CAH,CINF,0.4154821724544194
CAH,CME,0.4098320044850639
CAH,COR,0.6150588197261304
CAH,CVS,0.4742399040030888
CAH,EOG,0.41568992777466046
CAH,GL,0.46558590623918267
CAH,HAL,0.42664331284225204
CAH,HIG,0.4939923300125925
CAH,L,0.4127252374794369
CAH,LEN,-0.444185471739289
CAH,MCK,0.6736274662399309
CAH,MET,0.45083723673562837
CAH,MTB,0.4282569018414323
CAH,PFG,0.42441600307209976
CAH,PNC,0.40159562350057476
CAH,PRU,0.43494626751544535
CAH,PSX,0.443010336605364
CAH,RF,0.44333668800822235
CAH,SLB,0.4281933243662838
CAH,SNPS,-0.4347566475586801
CAH,TRV,0.42606653665802185
CAH,WRB,0.4371295067900728
CAH,XOM,0.40734478702976457
CARR,CMI,0.47698557561241545
CARR,DOV,0.612545501769971
CARR,ETN,0.5398508886921978
CARR,FTV,0.4019965570890491
CARR,GOOG,-0.4400894123869275
CARR,GOOGL,-0.43548164519331456
CARR,IR,0.4386603445286822
CARR,ITW,0.5678405294311297
CARR,J,0.4439573166613403
CARR,JCI,0.5743622795050848
CARR,LKQ,0.4837887981998192
CARR,OTIS,0.5061549862252391
CARR,PAYC,-0.4013293764337676
CARR,PH,0.5415309770633592
CARR,PNR,0.4658510702197006
CARR,ROK,0.5536954110398842
CARR,SNA,0.5354579797274136
CARR,TT,0.7867772723432878
CARR,WAB,0.4190584714623185
CAT,CMI,0.5378398635746553
CAT,DE,0.5759331132699889
CAT,DOW,0.4440059884769246
CAT,ETN,0.45858826227332977
CAT,GL,0.42370894534319564
CAT,HAL,0.42149018247347225
CAT,HWM,0.4205962705219506
CAT,IR,0.5403633303729174
CAT,JCI,0.5971890329314915
CAT,LYB,0.4558056641946429
CAT,MET,0.408606075257285
CAT,MSFT,-0.4668233430823654
CAT,NUE,0.414497306278286
CAT,OTIS,0.4811831330681664
CAT,PCAR,0.4661934292286047
CAT,PH,0.4951648882938626
CAT,RJF,0.432212315434899
CAT,ROK,0.4071373532117883
CAT,ROST,0.5071211647063094
CAT,SLB,0.4591576174476922
CAT,STT,0.4355910963858263
CAT,TDG,0.43110455513037516
CAT,TJX,0.4185895285270564
CAT,URI,0.45070167941641753
CAT,WAB,0.564960457862258
CAT,WRB,0.44865027171201627
CB,CFG,0.4167105167879933
CB,COP,0.45647818307562177
CB,COR,0.4916471989609805
CB,EA,0.43742804340883334
CB,EG,0.4671225466085032
CB,EPAM,-0.41443919819693414
CB,ETN,0.4060651060662567
CB,EW,-0.48545825856572383
CB,EXPD,-0.4572787978704769
CB,FITB,0.47321622776857214
CB,FTV,0.4887358434355702
CB,GL,0.6605880535023007
CB,HAL,0.4617898975756404
CB,HBAN,0.4482401316353105
CB,HIG,0.7902408229988437
CB,HII,0.4382349437702909
CB,HWM,0.4586308990968671
CB,IEX,0.49986423172411
CB,IR,0.44371181943245214
CB,JCI,0.6687411862961319
CB,JPM,0.547766740603896
CB,KEY,0.410918188176458
CB,L,0.783809674181091
CB,LDOS,0.41653377640186884
CB,LKQ,0.427883982414619
CB,MCK,0.4283820807148609
CB,MET,0.6790853742290405
CB,MMC,0.4434165800808646
CB,MPC,0.43834726087338133
CB,MSFT,-0.4604658711561072
CB,MTB,0.4679007649731468
CB,NTRS,0.4011412465851865
CB,ODFL,-0.4112776247239538
CB,PAYC,-0.4489815331995137
CB,PFG,0.531134963228198
CB,PGR,0.4506975842665776
CB,PNC,0.508720142142817
CB,PRU,0.6838865332829605
CB,RF,0.5496887663650066
CB,RJF,0.4781706486370914
CB,ROST,0.4108849455185903
CB,RTX,0.5766814773110747
CB,SLB,0.5162669660514303
CB,SNPS,-0.40150276075469954
CB,STT,0.4889017276782943
CB,SYF,0.40383602023564424
CB,SYK,-0.5670706354300815
CB,TDG,0.42063274990603083
CB,TER,-0.4237313535020631
CB,TROW,-0.5148950326778386
CB,TRV,0.7920476482656719
CB,TYL,-0.5578204482572187
CB,USB,0.5078809383208491
CB,WAB,0.4115135573236789
CB,WFC,0.4394281045447251
CB,WRB,0.6999185235407218
CB,XOM,0.4400676111868247
CBOE,CLX,0.4023046379019069
CBOE,PODD,0.4242738212685749
CBOE,POOL,-0.40980819664403695
CBRE,FITB,0.4027207123141396
CBRE,JKHY,0.43407197346984044
CBRE,NTAP,0.43674042412685893
CBRE,WYNN,0.40538178964585697
CCI,CMS,0.6883839335693169
CCI,CNP,0.5381446399511121
CCI,COO,0.4175962030206764
CCI,CPT,0.5237240843317887
CCI,D,0.557352179766183
CCI,DLR,0.5127321366566437
CCI,DOC,0.5408264583419771
CCI,DTE,0.632917851683932
CCI,DUK,0.6179745962224376
CCI,ED,0.6466786517156022
CCI,EIX,0.5101151751577886
CCI,EQIX,0.6588082566295941
CCI,EQR,0.453066053070333
CCI,ES,0.6494890678762104
CCI,ESS,0.41115394914573794
CCI,EVRG,0.6063793328825509
CCI,EXC,0.5641457512536981
CCI,FANG,-0.43341269361803914
CCI,FE,0.6524444261783031
CCI,INVH,0.5693406963075676
CCI,LNT,0.6258434948573652
CCI,MAA,0.48814817208067435
CCI,MDLZ,0.41924683138745317
CCI,NEM,0.40034216581283577
CCI,NI,0.5135582429982196
CCI,O,0.5294731511425276
CCI,PEG,0.5186711064302195
CCI,PLD,0.43932330853296325
CCI,PNW,0.5679189519846527
CCI,PPL,0.6759944527868103
CCI,RJF,-0.4635448912583834
CCI,SBAC,0.8049269368712793
CCI,SO,0.5488269980355036
CCI,SRE,0.42959058960800556
CCI,UDR,0.4407160603441798
CCI,WEC,0.648072887309826
CCI,XEL,0.730891253030165
CCL,DAL,0.426189269622289
CCL,ELV,-0.4658767533156125
CCL,EXPE,0.5577241584137888
CCL,LUV,0.461564248464252
CCL,NCLH,0.7167352589947058
CCL,PSKY,0.46467452083634814
CCL,RCL,0.7493628892747234
CCL,UAL,0.5116931776428008
CCL,UNH,-0.49909382122910273
CDNS,HII,-0.41022370687722765
CDNS,INTU,0.42597932669479016
CDNS,LDOS,-0.6380629888639651
CDNS,MMC,-0.4363063898591107
CDNS,MPWR,0.4952517037406237
CDNS,NVDA,0.5259985599547076
CDNS,ON,0.4442979755174603
CDNS,SNPS,0.8221439489334057
CDNS,TER,0.43703432796763014
CDNS,TSLA,0.4052850441858204
CDW,LH,0.40904840448596963
CEG,MPC,0.42544194044533895
CEG,OXY,0.40768422433201973
CF,COP,0.4791153476098229
CF,CTVA,0.5011906909890971
CF,DVN,0.4647363140658233
CF,EOG,0.5023252201915758
CF,EQT,0.4024351951986763
CF,FANG,0.4692424723813985
CF,FIS,0.40881651097207367
CF,FITB,0.4361784550236828
CF,GPN,0.4697682544127798
CF,HAL,0.49085639051273033
CF,HIG,0.4152131542508716
CF,MOS,0.7144211869835774
CF,OKE,0.4673239054969565
CF,SLB,0.5198764355871599
CF,SPG,0.4400633331236291
CF,TRGP,0.5605126074333417
CF,WMB,0.40225279041182793
CF,XOM,0.5526070630449822
CFG,COF,0.4880067600446532
CFG,EG,0.45155604802839083
CFG,FIS,0.40821359417223685
CFG,FISV,0.43067191925540776
CFG,FITB,0.7792941627249365
CFG,GL,0.6004849940038732
CFG,HBAN,0.7865288716931873
CFG,HIG,0.6102895991941465
CFG,JKHY,0.40907649275415064
CFG,KEY,0.8168634367986018
CFG,L,0.49527942575508943
CFG,LYB,0.4103354540961767
CFG,MET,0.552401406281252
CFG,MSFT,-0.4389239217056785
CFG,MTB,0.5685989431440523
CFG,NTRS,0.4942920440689511
CFG,PFG,0.6185147403588889
CFG,PNC,0.6319693856932085
CFG,PRU,0.6521611179317185
CFG,RF,0.6950663710474394
CFG,SCHW,0.5670834530984472
CFG,STT,0.6517413077223851
CFG,SYF,0.48471462804051735
CFG,TFC,0.7505957056272083
CFG,USB,0.7312771110038111
CFG,WFC,0.6550943305631589
CFG,WRB,0.4493202431917894
CHD,CL,0.6231871906204093
CHD,CLX,0.7552715766349347
CHD,CPB,0.4626544849488558
CHD,GILD,0.40939081344820166
CHD,K,0.4630682524348201
CHD,KDP,0.4807859508639424
CHD,KMB,0.6624291260716612
CHD,KO,0.49311916939489575
CHD,MCD,0.5889848250525651
CHD,MDLZ,0.4382825567751934
CHD,PEP,0.48219844156890435
CHD,PG,0.5702614752670733
CHD,RSG,0.4250519251152083
CHD,SHW,0.40039390650377304
CHD,SJM,0.472759789560348
CHD,SO,0.4057252953864667
CHD,WM,0.4882610459145932
CHRW,EXPD,0.49727307467886434
CHRW,JBHT,0.5962739785984802
CHRW,NSC,0.4022415175673822
CHTR,CMCSA,0.6610775614238535
CHTR,DIS,0.4572970656381891
CHTR,HAS,0.5200973938020608
CHTR,IEX,-0.4002800052677816
CHTR,WBD,0.46181246709590024
CI,CNC,0.6052148174528467
CI,COR,0.48401985454354574
CI,CVS,0.4920445163262802
CI,ELV,0.7925921401097381
CI,GPC,0.4454635439128958
CI,HUM,0.595387103033538
CI,MCHP,-0.4771152043985524
CI,MCK,0.4060654050903147
CI,META,-0.4975192340923126
CI,MOH,0.5108376567985924
CI,MU,-0.42130408478508063
CI,TEL,-0.42737915775973784
CI,TXN,-0.4068823763836929
CI,UNH,0.6788459073124498
CINF,DD,0.6123833013562318
CINF,EG,0.4608950336345214
CINF,FISV,0.4544674990401922
CINF,FITB,0.40312866192511926
CINF,GL,0.41899902944929396
CINF,HIG,0.4855705232678251
CINF,L,0.541621006875667
CINF,MET,0.5211726163066382
CINF,PFG,0.4176076355361193
CINF,PRU,0.4679897758663931
CINF,STT,0.4326853656770566
CINF,TDG,0.41179671335730145
CINF,TRV,0.4479657138965976
CINF,WRB,0.5426550851517669
CL,CLX,0.46458222877746436
CL,CMS,0.4293585414430316
CL,CNP,0.4536581325146548
CL,CPB,0.4737141999020806
CL,DTE,0.4651595495447472
CL,DUK,0.44893035596332137
CL,ED,0.4167938303602728
CL,EL,0.4379274817361842
CL,K,0.47962464969767826
CL,KDP,0.47543609739624804
CL,KMB,0.6117602090189501
CL,KO,0.579770513803662
CL,LLY,0.43311604433228273
CL,MCD,0.48788130495213156
CL,MDLZ,0.556210514367922
CL,MNST,0.435331650294522
CL,ORLY,0.48430113513365786
CL,PEG,0.5176567885155343
CL,PEP,0.5067334293562354
CL,PG,0.6924164415815303
CL,PPL,0.41992758434743166
CL,RMD,0.4036299918714086
CL,RSG,0.4480578952522823
CL,SJM,0.5736687273157162
CL,WM,0.4884047351187927
CL,XEL,0.4360745161011652
CL,YUM,0.48439953102274175
CLX,F,-0.4457365767912523
CLX,GEN,-0.40315726711563576
CLX,GILD,0.4461291359523345
CLX,KMB,0.4802394172986669
CLX,PG,0.47106699969550525
CLX,REGN,0.43480752621998126
CLX,ZBH,0.42056708214825106
CMCSA,HAS,0.5609907521405723
CMCSA,LIN,-0.4647691632278387
CMCSA,RL,0.4746103159846888
CMCSA,SBUX,0.4177743709394863
CMCSA,TGT,0.4093145258481396
CMCSA,WBD,0.45200069611355914
CME,FTNT,0.5490856809209472
CME,ICE,0.41774575859977675
CME,JKHY,-0.49382491101104137
CME,MCK,0.4033365051443313
CME,TRMB,-0.44160468994851076
CMI,DE,0.42664717894784326
CMI,DOV,0.5281253049059533
CMI,EMR,0.4213935443040361
CMI,ETN,0.4187719314524646
CMI,FTV,0.4276064307273418
CMI,HON,0.4334908522088538
CMI,HUBB,0.45238265284223605
CMI,IR,0.5023446955627093
CMI,ITW,0.4209014633319214
CMI,JCI,0.4265145059618229
CMI,LKQ,0.5085028073662592
CMI,MSFT,-0.4226045693577834
CMI,OTIS,0.43139993166830665
CMI,PCAR,0.656644807707947
CMI,PH,0.5526924016109542
CMI,ROK,0.5318102082032355
CMI,SNA,0.49908894379794744
CMI,TT,0.4402639825654531
CMI,TXT,0.41921286059214974
CMI,WAB,0.6485854937703052
CMS,CNP,0.7700433669179033
CMS,CPB,0.5447653079469296
CMS,CPT,0.4325397839175776
CMS,D,0.7337402392394579
CMS,DOC,0.46098548380598176
CMS,DTE,0.9013117509385532
CMS,DUK,0.8981569221249878
CMS,ED,0.8820137036998473
CMS,EIX,0.7118137899038082
CMS,EQIX,0.42163489441159924
CMS,ES,0.8311459551081049
CMS,ETR,0.6674599614799772
CMS,EVRG,0.8262809783330276
CMS,EXC,0.7621191929908676
CMS,FANG,-0.4345741767231362
CMS,FE,0.7517996300317675
CMS,GIS,0.4854272007959151
CMS,HSY,0.4211322050207922
CMS,INVH,0.5086396287328284
CMS,K,0.5604289340231308
CMS,KDP,0.528883950993663
CMS,KHC,0.4861809087119701
CMS,KMB,0.47127102495832046
CMS,KO,0.557454292646545
CMS,LNT,0.8989120986418337
CMS,MAA,0.4366482391764592
CMS,MDLZ,0.647436861929822
CMS,MKC,0.4516902961856904
CMS,MPC,-0.40113786121291795
CMS,NI,0.7805960575926482
CMS,O,0.5570701209830875
CMS,PEG,0.7987861539432058
CMS,PEP,0.6064441189745647
CMS,PG,0.5538383275441121
CMS,PNW,0.7384525899837957
CMS,PPL,0.8182357572601925
CMS,PSA,0.42803392091780246
CMS,ROL,0.4482176658869912
CMS,RSG,0.5436402105071951
CMS,SBAC,0.5470951975357906
CMS,SJM,0.6434287328467089
CMS,SO,0.8793957037292861
CMS,SRE,0.6456724947136717
CMS,SYY,0.41237868421275475
CMS,WEC,0.9147195942394606
CMS,WM,0.5599422096147387
CMS,XEL,0.9147333694006377
CNC,COR,0.47235040984847676
CNC,CVS,0.4815665410332235
CNC,DGX,0.4061880073085483
CNC,ELV,0.6114716541470617
CNC,HUM,0.7197770906693762
CNC,LEN,-0.4560491086274893
CNC,MCHP,-0.4489030669697012
CNC,MCK,0.4752296193425187
CNC,META,-0.5074819054813401
CNC,MOH,0.6898928563738057
CNC,MRK,0.4339112682018235
CNC,PEP,0.42967041477988166
CNC,UNH,0.697597973942107
CNP,CPB,0.47299659631082325
CNP,CPT,0.48029513429947657
CNP,D,0.6858909134580868
CNP,DIS,-0.4562525469653069
CNP,DTE,0.7697387572955654
CNP,DUK,0.8288671278988939
CNP,ED,0.7924001587500153
CNP,EIX,0.5861913669340405
CNP,ES,0.7267015894781613
CNP,ETR,0.7311331401765067
CNP,EVRG,0.7026392966948608
CNP,EXC,0.7371218572277785
CNP,EXPE,-0.40145663509783314
CNP,FE,0.6781101015236911
CNP,GIS,0.402453393581195
CNP,INVH,0.4859732059042776
CNP,K,0.4708497644026925
CNP,KDP,0.5563934726689961
CNP,KHC,0.45602686884565424
CNP,KMB,0.4224913330485185
CNP,KO,0.5289092871980152
CNP,LNT,0.7780739911993371
CNP,MAA,0.4099778476069549
CNP,MDLZ,0.5591062850395044
CNP,MNST,0.42555333846601334
CNP,MS,-0.40015579203804347
CNP,NEE,0.4303367494621428
CNP,NI,0.735326052111403
CNP,O,0.4743034312370319
CNP,OMC,-0.43057665203197437
CNP,PEG,0.7218041164486996
CNP,PEP,0.5758990540001543
CNP,PG,0.499803554808963
CNP,PH,-0.4103062731826971
CNP,PNW,0.6624356576586183
CNP,PPL,0.794180702450751
CNP,ROL,0.45901909414587083
CNP,RSG,0.5139974087026572
CNP,SBAC,0.46269871913211585
CNP,SJM,0.5623090235760865
CNP,SO,0.7213544460410631
CNP,SRE,0.6599697051964095
CNP,SYY,0.4296322180336997
CNP,URI,-0.4561240360238464
CNP,WEC,0.8137266048983147
CNP,WM,0.53109199460144
CNP,XEL,0.8344334682697585
COF,FITB,0.41179955242249117
COF,HBAN,0.42230039747728293
COF,ISRG,-0.4042182071373627
COF,KEY,0.49477425724616936
COF,NEE,-0.583811459503263
COF,NTRS,0.41671633592638996
COF,PNC,0.4130337468182486
COF,PRU,0.42078613128246556
COF,RF,0.40832891045948716
COF,STT,0.4843842241653427
COF,SYF,0.743925638829982
COF,T,0.5366204415047945
COF,TDY,0.4759695150659371
COF,USB,0.5807559843771493
COF,WFC,0.498438564942518
COO,EXC,0.42106109758216975
COO,MDT,0.4237070903422048
COP,CTRA,0.5413761363678198
COP,CTVA,0.44015282669378136
COP,CVX,0.727407577539928
COP,DVN,0.7474440429813214
COP,EOG,0.808127066072189
COP,FANG,0.8219091057755047
COP,FAST,-0.47188748968745126
COP,FCX,0.4033636699893041
COP,GWW,-0.40083600424616717
COP,HAL,0.754004748722658
COP,HD,-0.49218845545935375
COP,HIG,0.44116832771947934
COP,HWM,0.47176491995964726
COP,KMI,0.435772970226709
COP,L,0.45057632004247516
COP,LOW,-0.463712173734891
COP,LW,0.4079423388623044
COP,MAR,0.4235502742372612
COP,MET,0.4191605370406316
COP,META,-0.42053564519333125
COP,MOS,0.4147979142174968
COP,MPC,0.8222120970136159
COP,OKE,0.6217824306190105
COP,OXY,0.766727504211179
COP,PSX,0.618676761782218
COP,SLB,0.8092068514031588
COP,TDG,0.44654955833283716
COP,TPL,0.5312365480110532
COP,TRGP,0.6816328425112465
COP,TROW,-0.5093411286309559
COP,VLO,0.8111092171345126
COP,XOM,0.8263535186066681
COR,CPRT,-0.4351056056416364
COR,CVS,0.44693923211607967
COR,DAY,-0.42433571509545126
COR,EA,0.4563355822068768
COR,ELV,0.4147660659701715
COR,EPAM,-0.49109638945183587
COR,EXPD,-0.4145991140416504
COR,HIG,0.42099150535744484
COR,IEX,0.4294119115825882
COR,LDOS,0.4614575040413114
COR,LRCX,-0.4115402892388471
COR,MCHP,-0.49209773624869885
COR,MCK,0.7614314347732407
COR,MPWR,-0.5055178945363796
COR,MSCI,-0.4144269460718345
COR,NVDA,-0.4591625228148352
COR,NXPI,-0.4049887125164899
COR,ODFL,-0.4688887695075225
COR,ON,-0.41191255075904043
COR,SNPS,-0.5038116049954016
COR,TEL,-0.4770459248022453
COR,TER,-0.5403926017850151
COR,TRV,0.41648513894050004
COR,WRB,0.4151888848588444
COST,K,0.40577788128119735
COST,KDP,0.44998252774142167
COST,KO,0.45302502388070526
COST,TMO,-0.4369904207332851
COST,WAT,-0.5405348134145344
COST,WMT,0.4466227580233703
CPAY,FITB,0.5108095076745371
CPAY,HBAN,0.41010159939237373
CPAY,PFG,0.42723620418417696
CPAY,RF,0.40287018529564933
CPAY,SNA,0.4458893894577798
CPAY,STT,0.44021231431596614
CPAY,TFC,0.43547144426427664
CPAY,USB,0.4819350923151922
CPB,DAY,-0.42167278538130354
CPB,DE,0.4198876587944766
CPB,DIS,-0.4295115338826254
CPB,DTE,0.5464936507612892
CPB,DUK,0.5560941064416027
CPB,ED,0.5602754895994733
CPB,EPAM,-0.45565545790093537
CPB,ES,0.5130258858611116
CPB,EVRG,0.5402509696853623
CPB,FFIV,-0.42086034487738383
CPB,GILD,0.6671603393840737
CPB,GIS,0.8174988693534391
CPB,HRL,0.5023654322432619
CPB,HSY,0.5424199784566853
CPB,IBM,0.42349226173706295
CPB,K,0.8468781675185035
CPB,KDP,0.4739531289509751
CPB,KHC,0.6987415624612929
CPB,KMB,0.5649508569785149
CPB,KO,0.7117307936849384
CPB,LDOS,0.4201265901186987
CPB,LLY,0.401801992202427
CPB,LMT,0.4964526252922722
CPB,LNT,0.4425163264000761
CPB,MCD,0.571302081005825
CPB,MDLZ,0.7500046278636159
CPB,MKC,0.5390831740271705
CPB,MO,0.48915000289406724
CPB,MPWR,-0.4152830251119448
CPB,MRK,0.4191421832974994
CPB,MSI,0.4652833888457825
CPB,NI,0.4199263398179059
CPB,NOW,-0.5247907102493288
CPB,ON,-0.43509559298853906
CPB,PEG,0.5128478079138151
CPB,PEP,0.7347723071760275
CPB,PFE,0.4532376460419401
CPB,PG,0.6428448487762983
CPB,PPL,0.4638244595552512
CPB,RSG,0.4874502483265551
CPB,SJM,0.8045854226564548
CPB,SO,0.5218562213828087
CPB,SYY,0.4714624521722389
CPB,TAP,0.4149122963016123
CPB,WEC,0.4506661215553369
CPB,WM,0.5468816952453511
CPB,WMT,0.4117921292567215
CPB,XEL,0.5025077042626451
CPB,YUM,0.4102341660637668
CPRT,ODFL,0.4093033014207284
CPRT,SNPS,0.45358589242501746
CPT,DLR,0.5323836587529488
CPT,DOC,0.6015436245926078
CPT,DTE,0.4989904388172225
CPT,DUK,0.5084472414910984
CPT,ED,0.4220275504091095
CPT,EIX,0.4567298071968999
CPT,EQIX,0.44808312361282826
CPT,EQR,0.7951692756345198
CPT,ES,0.48574591604024553
CPT,ESS,0.7469505552231794
CPT,ETR,0.45032320268313497
CPT,EVRG,0.4836758145651052
CPT,EXR,0.41671001801943836
CPT,FRT,0.5359745443598753
CPT,INVH,0.743478131524492
CPT,IRM,0.5034222077570722
CPT,KIM,0.5510448465197518
CPT,LNT,0.5424200915713507
CPT,MAA,0.855827408949888
CPT,NI,0.5134076364971063
CPT,O,0.49703656084629966
CPT,PLD,0.6275292387424675
CPT,PPL,0.5531521873754547
CPT,PSA,0.48514007958754973
CPT,REG,0.5265028408707381
CPT,SBAC,0.4911845715921942
CPT,SPG,0.4633454882402635
CPT,UDR,0.775833790729255
CPT,VTR,0.4653823091648825
CPT,WEC,0.43451906784834793
CPT,WELL,0.48389149536399545
CPT,XEL,0.5371724771226039
CRL,IQV,0.5515709016925804
CRL,KEYS,0.5174390125713209
CRL,LH,0.41638859741393836
CRL,ZBRA,0.4179986876920796
CRM,HRL,-0.4177465070043024
CSCO,HSIC,-0.4242475328815211
CSCO,LH,0.42613860459720926
CSCO,RSG,0.4250028146818183
CSCO,WST,0.605682042826649
CSGP,FE,0.43538836341401665
CSGP,GEN,0.4074604423455993
CSGP,KEYS,0.4789391527451637
CSX,IBM,0.4463675122779285
CSX,ITW,0.40682063017103404
CSX,IVZ,0.4008652906686683
CSX,LUV,0.427567846309063
CSX,NSC,0.7808324262201457
CSX,NTAP,0.44735429387914144
CSX,SHW,0.4536080749770827
CSX,SWK,0.44348267932923313
CTAS,HUBB,0.42575806496057517
CTAS,PAYX,0.4206018774479982
CTAS,PEG,0.4557904143044888
CTAS,ROL,0.4238255381301123
CTAS,RSG,0.43848360596323704
CTAS,WM,0.42217949331569454
CTRA,CVX,0.49807302808391163
CTRA,DPZ,-0.41645990322888066
CTRA,DVN,0.6775827557384086
CTRA,EOG,0.5981940732615867
CTRA,EQT,0.7517066625426487
CTRA,FANG,0.6894795420950118
CTRA,HAL,0.6100307508987843
CTRA,KMI,0.5768010664665136
CTRA,MPC,0.4971310344781222
CTRA,OKE,0.6461180457474
CTRA,OXY,0.556841874555439
CTRA,PSX,0.4558567156787301
CTRA,SLB,0.553192020108209
CTRA,TPL,0.47445868396287155
CTRA,TRGP,0.6975738610216713
CTRA,VLO,0.5187416622261908
CTRA,WMB,0.5223871764670868
CTRA,XOM,0.4749580644069013
CTSH,FITB,0.4369594288356565
CTVA,DOW,0.4030081663577538
CTVA,EOG,0.4031901620171036
CTVA,FANG,0.4758524375290291
CTVA,GOOG,-0.45192100469997715
CTVA,GOOGL,-0.455157005464371
CTVA,GPN,0.42362523804557684
CTVA,HAL,0.4937545403416982
CTVA,JCI,0.41441380147195295
CTVA,KMI,0.4557809064311383
CTVA,MET,0.42175927802344354
CTVA,META,-0.5303585377783822
CTVA,MGM,0.5011070362589811
CTVA,MOS,0.4608618977237285
CTVA,MSFT,-0.4370352742948244
CTVA,OKE,0.42325904215941207
CTVA,SLB,0.5139723402181816
CTVA,TRGP,0.5228130511326481
CTVA,XOM,0.4644553231177258
CVS,ELV,0.4850907089827006
CVS,GOOG,-0.4352908505863595
CVS,GOOGL,-0.4507901677451924
CVS,LEN,-0.421607760329992
CVS,MCK,0.5238375362678848
CVS,UNH,0.40228416881230156
CVX,DVN,0.6669745568834221
CVX,EOG,0.6629698664584309
CVX,FANG,0.66671308081705
CVX,FAST,-0.4251769103694338
CVX,HAL,0.6084961794546926
CVX,HD,-0.45813105845588126
CVX,KMI,0.4523979165327444
CVX,LOW,-0.43962095919460936
CVX,MAS,-0.4315342052935417
CVX,MCK,0.42491589866276136
CVX,MPC,0.7378044740689168
CVX,ODFL,-0.42060503379364833
CVX,OKE,0.6145786459971092
CVX,OXY,0.6997156626424755
CVX,PSX,0.5771642504525804
CVX,SHW,-0.5573357065961904
CVX,SLB,0.6151048115402751
CVX,TPL,0.5656983547383946
CVX,TRGP,0.5744419076309681
CVX,TROW,-0.5052249109549906
CVX,VLO,0.785497704834959
CVX,XOM,0.805173222128901
D,DOC,0.5141542325342291
D,DTE,0.7072438025426723
D,DUK,0.7768222878932336
D,ED,0.7181431514967118
D,EIX,0.5366830447326458
D,ES,0.7209070015419325
D,ETR,0.5405814032544974
D,EVRG,0.6237804154262465
D,EXC,0.6003777511809032
D,FE,0.6173303557131312
D,HLT,-0.41298225642633135
D,K,0.41092480424357547
D,LNT,0.7234504563145631
D,MCHP,-0.4382668286208583
D,MPWR,-0.42955749936784976
D,NI,0.6500370627400565
D,O,0.5074281582608322
D,OMC,-0.4504741211401695
D,PEG,0.6512299448793611
D,PNW,0.5114439362540626
D,PPL,0.6975224862215895
D,ROL,0.42510357633343415
D,SJM,0.50223477661129
D,SO,0.6630961767755986
D,SRE,0.6072028632455538
D,WEC,0.710235495882461
D,WM,0.40402857754436877
D,XEL,0.6916383148769871
DAL,DIS,0.43764576502048314
DAL,DOW,0.5002672715133586
DAL,EXPE,0.4495551321165104
DAL,F,0.4448865082552565
DAL,FCX,0.4077275617011453
DAL,FITB,0.42609651842535423
DAL,GM,0.42800150080495036
DAL,HLT,0.43479630478360254
DAL,IR,0.4290308908403292
DAL,LUV,0.6208513659093836
DAL,LYB,0.4507036290078869
DAL,MAR,0.4307626231083784
DAL,MET,0.423919340315043
DAL,MGM,0.4247051510969605
DAL,MS,0.41747838438991985
DAL,MSFT,-0.47560161998599343
DAL,NUE,0.4619967255864904
DAL,OKE,0.4064811414450879
DAL,PH,0.4572704027625551
DAL,RCL,0.5796414532679748
DAL,RF,0.4218568248126179
DAL,RJF,0.4287424175122892
DAL,SLB,0.42941929836245224
DAL,SO,-0.4838590525377629
DAL,STT,0.4060648218509025
DAL,TDG,0.45935407624349717
DAL,UAL,0.776099273631016
DAL,URI,0.489495690382059
DAL,USB,0.45011928123210404
DAL,WBD,0.5492160571322526
DAY,MCD,-0.4068876410277089
DAY,MCK,-0.40572092589356257
DAY,MPWR,0.5428468228449398
DAY,MSCI,0.4462479269776873
DAY,NOW,0.6127231505182787
DAY,PAYC,0.4953140610208112
DAY,SJM,-0.5086357020389232
DAY,T,-0.4163946679847785
DAY,TSLA,0.40688678426216324
DAY,WTW,-0.404508563020712
DD,DOW,0.4629017078555432
DD,FANG,0.4120267530041663
DD,LYB,0.46308809908438076
DD,OXY,0.4023116476249737
DD,RCL,0.4089680202466818
DD,SWKS,0.5618913073296574
DE,ETN,0.419251605036764
DE,GOOG,-0.46609837709729623
DE,GOOGL,-0.45720947211582774
DE,HUBB,0.4345818637255139
DE,IEX,0.4431165695807881
DE,IR,0.4204779992720398
DE,JCI,0.4376879836534554
DE,META,-0.45574435039266076
DE,MSI,0.46759773180864705
DE,OTIS,0.5759762278132016
DE,UNH,0.42985649351630206
DE,WAB,0.4601592973900114
DG,GILD,0.4342340649712464
DG,K,0.40676141367481494
DG,KO,0.5126070698181895
DG,KR,0.41394354875063694
DG,MCD,0.40703414180038816
DG,MKC,0.4198764744628311
DG,MO,0.45625902186674056
DG,ORLY,0.40266113156567235
DG,PEP,0.5090783476069097
DG,PM,0.46951257242704014
DG,ROST,0.4135150263690008
DG,SBUX,0.43764723868435496
DG,SJM,0.4031452235085614
DG,TMUS,0.40851505445772085
DG,WMT,0.508973583454983
DGX,ELV,0.4470431222254002
DGX,HUM,0.40818014437042927
DGX,LDOS,0.41758394670026255
DGX,WM,0.4316625998049989
DHI,FITB,-0.4280657430726958
DHI,HD,0.47475793409326156
DHI,LEN,0.8434387208451154
DHI,LOW,0.4429877626544407
DHI,MAS,0.49231303031260787
DHI,NVR,0.5185552744416141
DHI,PHM,0.7043149179817666
DHR,MTD,0.4480918284235098
DHR,RVTY,0.4025290807532291
DHR,TECH,0.42992191617718
DHR,TMO,0.7145284397751434
DHR,WAT,0.5340454390006333
DIS,EXPE,0.4840552795633226
DIS,FOX,0.4491991174630639
DIS,FOXA,0.4061783592711683
DIS,MDLZ,-0.4606388169581905
DIS,NWS,0.5185470861597613
DIS,NWSA,0.5302115192534638
DIS,PG,-0.4025677639955689
DIS,PSKY,0.4696525165607528
DIS,RSG,-0.4578265995526181
DIS,UBER,0.45219738886228933
DIS,WBD,0.4477646483821342
DIS,WM,-0.4083039692057006
DLR,DOC,0.4360913393823646
DLR,EQIX,0.7003151229611754
DLR,EQR,0.6408082792928751
DLR,ES,0.4025009509946197
DLR,ESS,0.5530812802762026
DLR,EXC,0.41522148930375413
DLR,EXR,0.41906788780738713
DLR,FRT,0.440221338374545
DLR,GL,-0.4097937591499561
DLR,HIG,-0.4592221144999488
DLR,INVH,0.6653565965163706
DLR,IRM,0.5016886897975581
DLR,KEY,-0.4189571060197156
DLR,KIM,0.42165827512526755
DLR,LNT,0.43218548810008817
DLR,MAA,0.5123794689488393
DLR,MPC,-0.40169936944423285
DLR,O,0.5082599157347988
DLR,PLD,0.5783526576476913
DLR,PSA,0.46063235321839296
DLR,SBAC,0.5478331654761964
DLR,UDR,0.5896371908650454
DLR,VLO,-0.4572795634376103
DLR,WEC,0.414253995497225
DLR,WRB,-0.43307357120685225
DLR,XEL,0.448823480980986
DLTR,EBAY,0.5091690015720849
DLTR,MDT,0.417398150083071
DLTR,MMM,0.42706146969675357
DOC,DTE,0.46956184069795265
DOC,DUK,0.4468869605928263
DOC,ED,0.4113980162005516
DOC,EIX,0.4036017908093241
DOC,EQIX,0.4631481483769554
DOC,EQR,0.6123232498157571
DOC,ES,0.5005332133268112
DOC,ESS,0.580349797979099
DOC,EVRG,0.48953469860596915
DOC,FE,0.4165198548268141
DOC,FRT,0.7082344159309352
DOC,INVH,0.5815350412759355
DOC,IRM,0.46354358906488546
DOC,KIM,0.6108796203745568
DOC,LNT,0.4728957082726663
DOC,MAA,0.5795740143702872
DOC,NI,0.41413643138925926
DOC,O,0.650808904703719
DOC,PEG,0.40147323009015434
DOC,PLD,0.7293169256946782
DOC,PPL,0.46864734613122755
DOC,PSA,0.4797705910597818
DOC,REG,0.5995572033124551
DOC,SBAC,0.44420954908117166
DOC,SPG,0.5539133833262259
DOC,SRE,0.41305285819557497
DOC,UDR,0.5306043256053621
DOC,VICI,0.42000778552663687
DOC,VTR,0.6672248009155983
DOC,WEC,0.40953453130349554
DOC,WELL,0.7547607339774308
DOC,XEL,0.41714810918258033
DOV,DOW,0.41783188330690624
DOV,ETN,0.4658521567139486
DOV,IP,0.4986956643671447
DOV,IR,0.4684847163807484
DOV,ITW,0.5635217493719117
DOV,J,0.4270894024646096
DOV,JCI,0.40487029144204356
DOV,LKQ,0.4205040599100922
DOV,MAS,0.41495775326580625
DOV,MSCI,0.4143485712114032
DOV,NDSN,0.5270104484567645
DOV,OTIS,0.6460876403957242
DOV,PH,0.6405261062516575
DOV,PNR,0.6807064191406867
DOV,ROK,0.47467928661912145
DOV,SNA,0.6291822189731106
DOV,SWK,0.41967622202799015
DOV,TT,0.5296629919924547
DOV,TXT,0.4604381143437479
DOV,URI,0.42748909091917603
DOV,WAB,0.4981369823522398
DOW,FANG,0.43611552474522913
DOW,FCX,0.47845210518866205
DOW,FITB,0.4339525268614637
DOW,GL,0.4257340226478601
DOW,HAL,0.46981245049718684
DOW,HBAN,0.4021695160424826
DOW,IP,0.42432544445930337
DOW,IR,0.448762973143435
DOW,L,0.49552313093401457
DOW,LUV,0.40455718441913074
DOW,LYB,0.8418990358429971
DOW,MET,0.4064588464592962
DOW,MGM,0.43927336183676413
DOW,MSFT,-0.5332530646520748
DOW,NUE,0.4425382873543263
DOW,OTIS,0.4716031945680115
DOW,PFG,0.4209813775097865
DOW,PH,0.49388777425641534
DOW,PRU,0.4234837874627841
DOW,SLB,0.4779791821127636
DOW,SNA,0.47008347771725995
DOW,TXT,0.427447082793915
DOW,UAL,0.44026011475658366
DOW,VTRS,0.40770664085419
DOW,WAB,0.427306886059132
DOW,WYNN,0.4817041859488246
DPZ,EBAY,0.459123989895782
DPZ,NVDA,-0.5266715148066736
DPZ,PWR,-0.6144387593099644
DRI,MCD,0.4571507740050665
DTE,DUK,0.8558185717958835
DTE,ED,0.802644169200953
DTE,EIX,0.7231379674605546
DTE,EQIX,0.40957502864328393
DTE,ES,0.8291535269283891
DTE,ESS,0.40389961222711407
DTE,ETR,0.643079116389111
DTE,EVRG,0.8361489472993956
DTE,EXC,0.7422068848893536
DTE,FE,0.7428781338525393
DTE,GIS,0.49806872934524515
DTE,HRL,0.4072814905426373
DTE,INVH,0.4893026182192227
DTE,K,0.5512665164510078
DTE,KDP,0.5606800560325601
DTE,KHC,0.4975420644422431
DTE,KMB,0.4641681797738329
DTE,KO,0.5707845395741845
DTE,LNT,0.8374022824787574
DTE,MAA,0.4953711726642066
DTE,MDLZ,0.6018783233249148
DTE,MKC,0.46508694976382564
DTE,NI,0.7662842604684447
DTE,O,0.5750825638643048
DTE,PEG,0.8260020291122602
DTE,PEP,0.6619492289097736
DTE,PG,0.5337213722385813
DTE,PNW,0.6307365201440506
DTE,PPL,0.8408444337017014
DTE,ROL,0.4993878647357375
DTE,RSG,0.6075471588800254
DTE,SBAC,0.5053627469205438
DTE,SJM,0.6045321975363916
DTE,SO,0.7887407313641087
DTE,SRE,0.6413930512041953
DTE,SYY,0.44714995535258234
DTE,WEC,0.8680194599801401
DTE,WM,0.6747069173540251
DTE,XEL,0.8788531644935618
DUK,ED,0.8438438492927691
DUK,EIX,0.714438741642475
DUK,ES,0.8461683474028144
DUK,ETR,0.6835337221635246
DUK,EVRG,0.7781836234367107
DUK,EXC,0.7312821080727986
DUK,FE,0.7565466179389394
DUK,GIS,0.41360334446581304
DUK,INVH,0.49029856383090537
DUK,K,0.5370881864673317
DUK,KDP,0.5226957826610453
DUK,KHC,0.48384826504989903
DUK,KMB,0.43859036513747757
DUK,KO,0.5498630820506707
DUK,LNT,0.8495537931366132
DUK,MAA,0.49461374665726904
DUK,MDLZ,0.628388135540607
DUK,MKC,0.41538634171471417
DUK,MNST,0.46111376990421504
DUK,MO,0.4231634182376647
DUK,NEE,0.45471002211676254
DUK,NI,0.7651260028761991
DUK,O,0.47165124213402587
DUK,ON,-0.4454032538069824
DUK,PEG,0.7854140994620509
DUK,PEP,0.5885071974257262
DUK,PG,0.570683559913667
DUK,PNW,0.6778578508085468
DUK,PPL,0.8312681811304039
DUK,ROL,0.43303271557088063
DUK,RSG,0.43200216992967166
DUK,SBAC,0.48032822266673786
DUK,SJM,0.6794335852973808
DUK,SO,0.822212645998279
DUK,SRE,0.6424981485686674
DUK,WEC,0.8238622950498108
DUK,WM,0.49085450393067886
DUK,XEL,0.8634597380387706
DVA,EBAY,0.4467403862381727
DVA,MDT,0.4513813909098026
DVA,PWR,-0.4400914001452915
DVA,UHS,0.439770633625657
DVA,VTRS,0.4053954978295595
DVN,EOG,0.811745880236038
DVN,EQT,0.43166013168765727
DVN,FANG,0.8217920767401588
DVN,HAL,0.7055999380160555
DVN,KMI,0.5281128244754464
DVN,LYB,0.40824295493044344
DVN,MOS,0.4377386797324996
DVN,MPC,0.6548719014139952
DVN,OKE,0.6282369296465968
DVN,OXY,0.7875449679446548
DVN,PSX,0.5384804852028051
DVN,SLB,0.7066227436910552
DVN,TPL,0.5633974868716584
DVN,TRGP,0.7194373954195095
DVN,VLO,0.701291690798126
DVN,XOM,0.6633559587803807
DXCM,EXPE,-0.43286751514869215
EA,MO,-0.5800197031595044
EA,MTCH,0.40109300212308213
EA,ODFL,-0.6336685060183375
EA,SYK,-0.5899201626736987
EA,TTWO,0.4544471957397728
EBAY,FCX,0.43163712087109596
EBAY,MDT,0.44649103909951476
EBAY,PWR,-0.4541148400768341
EBAY,T,0.4651031633420871
EBAY,WBD,0.4195641740953271
ECL,PPG,0.4958853602617511
ED,EIX,0.6930743583819874
ED,ES,0.8247960909220086
ED,ETR,0.6782721275062784
ED,EVRG,0.8283873052918984
ED,EXC,0.6846898783906967
ED,EXPE,-0.45694380474456064
ED,FE,0.7416540782857804
ED,GIS,0.53290127079988
ED,HLT,-0.5124147925239805
ED,INVH,0.4214315492670999
ED,K,0.5512923548821623
ED,KDP,0.5452379960222633
ED,KHC,0.4605954582448683
ED,KMB,0.4908678004164953
ED,KO,0.578101405472096
ED,LNT,0.8466184355972047
ED,MAR,-0.5042692743081648
ED,MCD,0.4180102650405254
ED,MDLZ,0.6620051091742757
ED,MS,-0.44231605505222804
ED,NI,0.738968508663332
ED,O,0.5167054936527757
ED,PEG,0.7122023359699606
ED,PEP,0.60520863186434
ED,PG,0.5882622058821715
ED,PNW,0.7348247470601973
ED,PPL,0.798823335872567
ED,ROL,0.4469176588057299
ED,RSG,0.5065571717024512
ED,SBAC,0.4584506535949287
ED,SJM,0.6478675041536748
ED,SO,0.8506590282939565
ED,SRE,0.6239360208186309
ED,WEC,0.8676950616672126
ED,WM,0.5015077289529111
ED,XEL,0.8674511500341516
EFX,EG,-0.47150393274310826
EFX,EQR,0.4174632524498993
EFX,IFF,0.42759737268324605
EFX,MCO,0.47924771426857027
EFX,STE,0.4496212573221417
EFX,SWK,0.40564543787529644
EFX,TROW,0.42668640120215795
EG,ETN,0.41329105335487965
EG,FITB,0.4768571178711092
EG,GL,0.6224251418199659
EG,GOOG,-0.5252840369484032
EG,GOOGL,-0.508626398787876
EG,HD,-0.4246662176918468
EG,HIG,0.6602656208415556
EG,HPE,0.4529442036619395
EG,HUBB,0.6084722603199666
EG,HWM,0.5046914816800127
EG,J,0.41998568549869153
EG,JCI,0.470683903231911
EG,JPM,0.4600453815678044
EG,L,0.5994761608433966
EG,LYB,0.4818567001954359
EG,MET,0.6845538837645543
EG,MGM,0.5830059630133227
EG,MSFT,-0.5058543841900142
EG,MSI,0.4092065981341094
EG,OTIS,0.40272760825788273
EG,PFG,0.559467976534686
EG,PGR,0.5927909348294025
EG,PRU,0.5899142535104521
EG,RF,0.49520466306709743
EG,RJF,0.45766896524454787
EG,ROST,0.4284408860938399
EG,SLB,0.4767689941754313
EG,STT,0.48791345096047695
EG,TDG,0.5855592964428096
EG,TDY,0.45389565340896854
EG,TJX,0.482733479829788
EG,TROW,-0.4650087909494293
EG,TRV,0.49120021466319913
EG,TXT,0.44447292336342803
EG,URI,0.45586141695666194
EG,USB,0.546943938642274
EG,WAB,0.4374257221420452
EG,WRB,0.6312876644361393
EG,WYNN,0.5394207636344734
EIX,ES,0.6840991243662238
EIX,ETR,0.5729312779197141
EIX,EVRG,0.6491355874782567
EIX,EXC,0.5606849527578951
EIX,FE,0.6367084383851009
EIX,GIS,0.4094661479305922
EIX,INVH,0.41934270659996087
EIX,KDP,0.444156486554744
EIX,KHC,0.41498635078282636
EIX,LNT,0.6179615155625866
EIX,MAA,0.44086434416737263
EIX,MDLZ,0.4564521661671818
EIX,NEE,0.43803736058240467
EIX,NI,0.5829790353684697
EIX,O,0.44803980481994043
EIX,PCG,0.472134619090814
EIX,PEG,0.749878534471956
EIX,PEP,0.46377387533012404
EIX,PNW,0.5109933067261072
EIX,PPL,0.7199330450182737
EIX,SJM,0.46732641132029923
EIX,SO,0.6253511344198178
EIX,SRE,0.674312460945236
EIX,WEC,0.6614994570940754
EIX,XEL,0.6281459982843045
EL,GWW,-0.43207688323273463
EL,META,-0.40338627991976156
EL,OTIS,0.5881744747264298
EL,RMD,0.4221248323898386
ELV,HUM,0.6717823267265373
ELV,KO,0.4589486920217845
ELV,LLY,0.43329511055632647
ELV,MCK,0.42438346470807015
ELV,META,-0.4952632840972074
ELV,MOH,0.6153491768743585
ELV,MU,-0.4120580576638544
ELV,PM,0.4925182461625191
ELV,RSG,0.4189119236468223
ELV,TEL,-0.4164995412054868
ELV,UNH,0.7833020019826968
ELV,WM,0.4227850970018231
EMR,FTNT,-0.42877062102738517
EMR,HUBB,0.49173007102785626
EMR,INVH,-0.42069363696969486
EOG,FANG,0.8313508933820799
EOG,HAL,0.7272574179363179
EOG,HD,-0.4878580595785293
EOG,KMI,0.5253770566769048
EOG,LOW,-0.5432104516533693
EOG,MOS,0.46269343526097156
EOG,MPC,0.7594760312322432
EOG,OKE,0.6558121665727135
EOG,OXY,0.7617722885259542
EOG,PSX,0.6546121364439654
EOG,SLB,0.7763454055842427
EOG,TPL,0.590946406456236
EOG,TRGP,0.756246717203453
EOG,VLO,0.755641245653759
EOG,XOM,0.7191955278817707
EPAM,GILD,-0.4242063156622175
EPAM,L,-0.42680204779994785
EPAM,LDOS,-0.4189824269436866
EPAM,NOC,-0.4568224369241831
EPAM,PEP,-0.4160342894263744
EPAM,RTX,-0.49463989913993944
EPAM,SJM,-0.49954570427520756
EPAM,TRV,-0.5773382084035733
EQIX,EQR,0.5068589500947811
EQIX,ES,0.40960469390447074
EQIX,ESS,0.5198701675375865
EQIX,EXC,0.4411312534068156
EQIX,EXR,0.4059516985969921
EQIX,FE,0.45524143927917515
EQIX,INVH,0.6414787149643232
EQIX,LNT,0.40432263530245377
EQIX,NI,0.42244058431216086
EQIX,O,0.5573384284202807
EQIX,PLD,0.54331008269555
EQIX,PPL,0.43768034488553603
EQIX,PSA,0.5177034875481645
EQIX,SBAC,0.7026344680664925
EQIX,UDR,0.498824903728225
EQIX,VICI,0.41264432647789107
EQIX,VTR,0.4086678429508664
EQIX,WEC,0.4727957107327583
EQIX,WELL,0.4694120177018135
EQIX,XEL,0.4896823024707847
EQR,ESS,0.8545700148201157
EQR,ETR,0.43841758223194005
EQR,EXR,0.4156540026108531
EQR,FRT,0.6092710468318104
EQR,INVH,0.8318651084781344
EQR,IRM,0.4721096459891468
EQR,KIM,0.5900038976382159
EQR,LNT,0.4662330278629147
EQR,MAA,0.7889672034279719
EQR,NI,0.45204600123539446
EQR,O,0.523213787545327
EQR,PLD,0.6335848380311477
EQR,PPL,0.41071781978075467
EQR,PSA,0.5253660883546808
EQR,REG,0.5286411848102937
EQR,SBAC,0.42488184271604407
EQR,SPG,0.46614745450747513
EQR,UDR,0.906522557088975
EQR,VTR,0.5096228023941868
EQR,WELL,0.6167108354886466
EQR,XEL,0.4256764885411161
EQT,FANG,0.4719773610626728
EQT,HAL,0.4453532804914887
EQT,KMI,0.4453032401988571
EQT,LIN,0.43595282612886466
EQT,TPL,0.4164018964785896
EQT,TRGP,0.5694120967978319
EQT,WMB,0.5774154791272961
ES,ETR,0.6399387469017388
ES,EVRG,0.869114391022234
ES,EXC,0.7092776754758963
ES,EXPE,-0.4324334438146895
ES,FE,0.7216336196275343
ES,GIS,0.48082409578461005
ES,HLT,-0.5240316822305133
ES,HSY,0.4359584630022063
ES,INVH,0.45512436026660774
ES,K,0.5764055765504805
ES,KDP,0.4803441858296094
ES,KHC,0.5226423437557127
ES,KO,0.5329265721792609
ES,LNT,0.7815020294023461
ES,MAA,0.46634290674567386
ES,MAR,-0.5936006431648231
ES,MDLZ,0.6393109576665302
ES,MKC,0.42590689579063434
ES,NEE,0.4758478935221031
ES,NI,0.708172362754089
ES,O,0.5299054282629941
ES,PEG,0.7870996565782107
ES,PEP,0.6011206150776576
ES,PG,0.5060468194681185
ES,PNW,0.6553630371546293
ES,PPL,0.8246871979891173
ES,ROL,0.4322305352170769
ES,RSG,0.4100479066565268
ES,SBAC,0.4594983616937566
ES,SJM,0.638169317692176
ES,SO,0.8001889440030711
ES,SRE,0.672123995368641
ES,WEC,0.840932205681462
ES,WM,0.48119846600905
ES,XEL,0.8440456017741298
ESS,EXR,0.4383278388238307
ESS,FRT,0.5061237968119624
ESS,INVH,0.7594815220324159
ESS,IRM,0.4286877855073137
ESS,KIM,0.43862829657948527
ESS,MAA,0.7102279432012153
ESS,O,0.41732330266893175
ESS,PLD,0.5786934142809789
ESS,PSA,0.5103359022318037
ESS,SBAC,0.4217995019752349
ESS,SPG,0.4420312547341014
ESS,UDR,0.8275464358957111
ESS,VLO,-0.416955794403681
ESS,VTR,0.43946120081507734
ESS,WELL,0.5841406304241358
ESS,XEL,0.41497123108624806
ETN,FTV,0.4013990987009628
ETN,GL,0.4534932040310499
ETN,GOOG,-0.4860087447449279
ETN,GOOGL,-0.4774686276439115
ETN,HAL,0.46268607209921997
ETN,HIG,0.4791213840620478
ETN,HUBB,0.5056728713764397
ETN,HWM,0.43377210407637873
ETN,IEX,0.48450105832002704
ETN,IR,0.6660299866887777
ETN,JCI,0.6319858177094634
ETN,JPM,0.4405358044460005
ETN,L,0.4319528069997504
ETN,LKQ,0.44367146212879566
ETN,LYB,0.41121977525708514
ETN,MET,0.4873499527648418
ETN,MSI,0.4499596444098835
ETN,OTIS,0.5811387360284362
ETN,PGR,0.4405920098436717
ETN,PH,0.6179194580284914
ETN,PNC,0.4085804384314189
ETN,PRU,0.46232030400031965
ETN,RF,0.4260335943039925
ETN,RJF,0.4332302324768291
ETN,ROK,0.6298211348330204
ETN,RTX,0.4502604568860452
ETN,SLB,0.47397453332665657
ETN,TDG,0.5037500912855084
ETN,TRMB,-0.47279635099781714
ETN,TT,0.6011395820553423
ETN,URI,0.45967620931423125
ETN,WAB,0.5329881185582754
ETR,EVRG,0.6082580781511592
ETR,EXC,0.6542382527521959
ETR,EXPE,-0.46708927074452067
ETR,FE,0.5763813209299253
ETR,INVH,0.505984927734068
ETR,KDP,0.49637282025494844
ETR,LNT,0.7044256311086218
ETR,MAA,0.4519283277164461
ETR,MDLZ,0.435075763914737
ETR,NI,0.6331200828217869
ETR,O,0.44745483748134285
ETR,PEG,0.6191219627109033
ETR,PEP,0.4710856422267721
ETR,PLD,0.4246003373022813
ETR,PNW,0.726229031918896
ETR,PPL,0.6492542718787166
ETR,RCL,-0.4009068437115901
ETR,RSG,0.49484936792838563
ETR,SO,0.6442118778664532
ETR,SRE,0.6119775594602307
ETR,STZ,0.4722376765878249
ETR,UAL,-0.402024081937171
ETR,UDR,0.4012808447314038
ETR,WEC,0.6822872962143745
ETR,WM,0.4735039076943637
ETR,XEL,0.662785888451316
EVRG,EXC,0.6482859190541602
EVRG,EXPE,-0.42675295620442616
EVRG,FE,0.6627505985730057
EVRG,GIS,0.5655792184470098
EVRG,HLT,-0.42083420066360017
EVRG,HRL,0.4203406913603353
EVRG,HSY,0.4358433839657898
EVRG,INVH,0.4815344495976833
EVRG,K,0.6288837817377818
EVRG,KDP,0.5933060184212552
EVRG,KHC,0.49758470432147617
EVRG,KO,0.5579145455978848
EVRG,LNT,0.802414605004571
EVRG,MAA,0.5127515662603833
EVRG,MAR,-0.47583762293946813
EVRG,MDLZ,0.6661493676049952
EVRG,MKC,0.4821309849656013
EVRG,NI,0.7058045685657227
EVRG,O,0.538606479407111
EVRG,PEG,0.7253536953656262
EVRG,PEP,0.6725274291918295
EVRG,PG,0.5623098534851034
EVRG,PNW,0.635816435812164
EVRG,PPL,0.7794515537824516
EVRG,ROL,0.441585999624706
EVRG,RSG,0.5028094555031277
EVRG,SBAC,0.4558240956086533
EVRG,SJM,0.6244247966210484
EVRG,SO,0.7828014228195999
EVRG,SRE,0.6069409939859988
EVRG,SYY,0.4168966356853705
EVRG,WEC,0.7999509632908313
EVRG,WM,0.5536136923419069
EVRG,XEL,0.8325898112206539
EW,GRMN,0.419099425382769
EW,JCI,-0.4623070327259088
EW,SYK,0.5046845958159334
EW,TYL,0.42971554878844503
EXC,FE,0.6773522358729714
EXC,HBAN,-0.4138945670519964
EXC,INVH,0.4742264844842554
EXC,K,0.408765924082329
EXC,KDP,0.4523819971593606
EXC,KHC,0.422116495076035
EXC,KO,0.42841638317552233
EXC,LNT,0.6950754846688579
EXC,MDLZ,0.44076001760604633
EXC,NI,0.6500445215576629
EXC,O,0.440011278264844
EXC,PEG,0.6685331436626467
EXC,PEP,0.48232626602139655
EXC,PG,0.42278960398700965
EXC,PNW,0.5991563163528426
EXC,PPL,0.7404547053956361
EXC,RSG,0.41343952835724956
EXC,SBAC,0.5184050619046626
EXC,SJM,0.4571997146479185
EXC,SO,0.7173015010657307
EXC,SRE,0.5866297036465684
EXC,STT,-0.41647849222897765
EXC,WEC,0.7633023161699285
EXC,WM,0.47507897996509624
EXC,XEL,0.7604422589499318
EXPD,FAST,0.4429718237976265
EXPD,FDX,0.5276035377722417
EXPD,GILD,-0.4049651277276788
EXPD,GRMN,0.42799649625212977
EXPD,HD,0.43266505888455076
EXPD,ITW,0.4039784280260157
EXPD,JBHT,0.457765051880902
EXPD,NDSN,0.41188124131546283
EXPD,ODFL,0.5447925274165928
EXPD,SWK,0.4159377085135315
EXPD,TEL,0.4210194999551559
EXPD,TROW,0.45803381351070627
EXPD,UPS,0.4255461305402781
EXPD,VRTX,-0.4510334017935025
EXPE,HLT,0.5685166121915135
EXPE,LYV,0.43703070847492614
EXPE,MAR,0.6086154913325826
EXPE,NWS,0.49052212425485703
EXPE,NWSA,0.4579273947738515
EXPE,PEP,-0.4146837815115279
EXPE,PG,-0.4260077451738005
EXPE,RCL,0.5012763415341361
EXPE,SO,-0.4462216383284716
EXPE,UAL,0.52264363728727
EXPE,WEC,-0.49253387007553284
EXR,INVH,0.5402725006416192
EXR,MAA,0.43630793125409717
EXR,O,0.4516412766150597
EXR,PLD,0.4828623581135007
EXR,PSA,0.7496664020395433
EXR,SBAC,0.4284973187777984
EXR,VICI,0.4957395305809675
F,GM,0.6449326384524113
F,MHK,0.4329460117590506
FANG,FAST,-0.4325369464969214
FANG,HAL,0.7568052881444823
FANG,HD,-0.44103625330777724
FANG,HWM,0.40318819149436336
FANG,KMI,0.551483334310437
FANG,LOW,-0.44206946372311634
FANG,LYB,0.47735816831427563
FANG,MET,0.4215312244222558
FANG,MOS,0.48788504626281437
FANG,MPC,0.7708796573232399
FANG,OKE,0.695393223305496
FANG,OXY,0.7420616245603491
FANG,PSX,0.6388948044619923
FANG,RJF,0.44445825483632506
FANG,SBAC,-0.43679123046222024
FANG,SLB,0.8230701826539732
FANG,SO,-0.4182901106840547
FANG,TDG,0.43973304499374194
FANG,TPL,0.5571811538782235
FANG,TRGP,0.8046490397931255
FANG,VLO,0.7647774709747276
FANG,WMB,0.41099384163958924
FANG,XOM,0.7017720496922261
FAST,FFIV,0.44930381824501403
FAST,GWW,0.7064218686167844
FAST,HD,0.4664064884297024
FAST,ITW,0.637956569580558
FAST,MAS,0.4982609461150988
FAST,POOL,0.4159177684963371
FAST,PPG,0.46588565591002323
FAST,PTC,-0.4327133542191505
FAST,SNA,0.43632680621315423
FAST,TROW,0.5047556549998159
FAST,VRTX,-0.420367156523173
FAST,XOM,-0.4055719833969494
FCX,HAL,0.4394173264653393
FCX,LYB,0.4807380336285592
FCX,MGM,0.47136868629266715
FCX,MSFT,-0.4018297006076272
FCX,NEE,-0.43601889127288757
FCX,NUE,0.4373993928115723
FCX,RJF,0.403525035603635
FCX,SLB,0.450393789028247
FCX,TJX,0.42855134490905733
FCX,WYNN,0.4030777634857803
FDS,NFLX,-0.4975678950728114
FDS,XYZ,0.4031744527038687
FDX,GILD,-0.4406402310293622
FDX,MCD,-0.4078207719299556
FDX,TROW,0.48574304058228035
FDX,UPS,0.5132402129836933
FDX,VRTX,-0.42857886295709974
FE,INVH,0.44754363372735595
FE,LNT,0.7106288604122375
FE,MDLZ,0.40414171290331224
FE,NI,0.6252932396892081
FE,O,0.46827940429238524
FE,PEG,0.6873445588318057
FE,PEP,0.47995707421106887
FE,PNW,0.7242893384706203
FE,PPL,0.7051896899767601
FE,PSA,0.4362160433494238
FE,SBAC,0.5137634980497964
FE,SJM,0.48366101195640265
FE,SO,0.6680032338937466
FE,SRE,0.6284031555907107
FE,WEC,0.6768907394967429
FE,XEL,0.774124985340099
FFIV,GILD,-0.4883402614999294
FFIV,LW,-0.4843711155360018
FFIV,MRK,-0.4241469801435267
FFIV,SLB,-0.4140993481416587
FFIV,TRV,-0.4223351471991058
FFIV,ZBRA,0.41608169370566056
FIS,FISV,0.4369789843331676
FIS,FITB,0.46800333707723524
FIS,GPN,0.6942858546072836
FIS,HBAN,0.443699435938906
FIS,JKHY,0.40732044838925036
FIS,KEY,0.5542457112834626
FIS,STT,0.47646938433606595
FIS,TFC,0.43514633027934324
FISV,KEY,0.5041092950322127
FISV,LOW,-0.40172486523926454
FISV,STT,0.4458721480375197
FISV,SWKS,0.4740106348207469
FISV,TDG,0.43069014704864833
FITB,GL,0.6263521956391406
FITB,GS,0.40078169536019226
FITB,HBAN,0.9061247700909847
FITB,HIG,0.6560827213116613
FITB,JKHY,0.4566157615869111
FITB,JPM,0.4109692187818118
FITB,KEY,0.8126809171854849
FITB,L,0.5771062530586354
FITB,LEN,-0.4047793914486295
FITB,LUV,0.49511348918966547
FITB,LYB,0.43490935179296475
FITB,MET,0.6622650170133851
FITB,MRNA,-0.47067983394331403
FITB,MSFT,-0.5339408499349114
FITB,MTB,0.6531745771573831
FITB,PFG,0.6731754621460072
FITB,PNC,0.6993758272273136
FITB,PRU,0.7353772981270246
FITB,RF,0.7974770817796254
FITB,RJF,0.5484426590140932
FITB,SCHW,0.46316936968548666
FITB,SLB,0.4242159447362856
FITB,STT,0.7385357091548572
FITB,SYF,0.49333370944805255
FITB,TFC,0.8552993023080966
FITB,TXT,0.43139023784425545
FITB,URI,0.402383454169936
FITB,USB,0.776383873043951
FITB,VTRS,0.40079815537230185
FITB,WEC,-0.4331659907981962
FITB,WFC,0.6562698815235828
FITB,WRB,0.4894323605776549
FOX,FOXA,0.9914920866368806
FOX,FTNT,0.4018826463138166
FOX,OMC,0.48669676211096524
FOX,T,0.4007090760210956
FOX,VRTX,-0.4317214092594618
FOXA,OMC,0.47602372334659115
FOXA,VRTX,-0.4163753433611906
FRT,HRL,0.44912626120369686
FRT,INVH,0.5070810858702075
FRT,IRM,0.5152830734386579
FRT,KIM,0.7946313505900207
FRT,LH,0.4092848642762243
FRT,MAA,0.5615593283960285
FRT,O,0.6669483895799033
FRT,PLD,0.6011125166628113
FRT,REG,0.8275616787766074
FRT,SNA,0.40161160211813246
FRT,SPG,0.8017641096304045
FRT,UDR,0.5242503833888039
FRT,VICI,0.5360864565787145
FRT,VTR,0.5201500164628508
FRT,WELL,0.6607329310798218
FRT,WY,0.4781615083751347
FTNT,JKHY,-0.4524511008717819
FTNT,PANW,0.4096929776533341
FTNT,TRMB,-0.4567958644225657
FTV,GL,0.4292031691176889
FTV,IEX,0.6490534043174958
FTV,IP,0.4252813841110996
FTV,IR,0.4762170368599663
FTV,JCI,0.6319668156441802
FTV,L,0.4162792066338239
FTV,LKQ,0.4681086853677352
FTV,PH,0.5408288750790561
FTV,ROK,0.4710414062310033
FTV,SNA,0.5377314204463091
FTV,TT,0.48573368274131973
FTV,WAB,0.4750582095776153
GD,HII,0.5738171155481929
GD,LDOS,0.4031656117887842
GD,LMT,0.45111736896787097
GD,NDAQ,0.45534521534272787
GD,NEE,0.4802517353951898
GD,NOC,0.546233379789788
GD,NVDA,-0.41973855108075936
GD,RTX,0.5388583462916328
GD,TER,-0.4207997085379165
GE,UNH,-0.40458105849688775
GEN,NTAP,0.4040687525521035
GEN,SBUX,0.4380456373745744
GILD,GIS,0.5252331271871159
GILD,GL,0.460673924569392
GILD,GOOG,-0.4338412689796055
GILD,GOOGL,-0.4144685854346013
GILD,INTU,-0.6071281256621739
GILD,K,0.5521461273732852
GILD,KHC,0.40915903041127627
GILD,KMB,0.43181516938620784
GILD,KO,0.43675319390221495
GILD,LLY,0.5826554329372534
GILD,LMT,0.5112230099760586
GILD,MCD,0.5045026862951638
GILD,MDLZ,0.4741000649763628
GILD,MKC,0.4237013114277189
GILD,MRK,0.45035651706741986
GILD,MSI,0.4607080463967436
GILD,NOW,-0.48293546420319067
GILD,NVDA,-0.40174505559349527
GILD,PEP,0.4791419629612202
GILD,PG,0.44316118965709395
GILD,PGR,0.41772118699934674
GILD,REGN,0.5478890096489157
GILD,ROST,0.45679166386491066
GILD,RTX,0.40855663796311265
GILD,SJM,0.5431145787985255
GILD,TJX,0.5044047743566084
GILD,TRV,0.493600287473096
GILD,VRTX,0.40801271971761005
GILD,WM,0.4232941873286374
GIS,HRL,0.4526626416461583
GIS,K,0.7681358874591948
GIS,KDP,0.4206918077825539
GIS,KHC,0.6694700759542358
GIS,KMB,0.5133080583570645
GIS,KO,0.6122322512269105
GIS,KR,0.40662167351869755
GIS,LMT,0.4352099965969298
GIS,LNT,0.4010519728525382
GIS,MCD,0.48193854630077165
GIS,MDLZ,0.6600685020453478
GIS,MKC,0.44485585093567065
GIS,NOW,-0.42278010022844026
GIS,PEG,0.43549283565695424
GIS,PEP,0.6540699836253723
GIS,PG,0.5581287800276801
GIS,SJM,0.6517190177524552
GIS,SO,0.5128072496671479
GIS,SYY,0.4141687534121717
GIS,TAP,0.4065200386574634
GIS,WEC,0.4224586044177592
GIS,WM,0.46292720405056526
GIS,WMT,0.4741106154231237
GIS,XEL,0.46287187714720546
GL,GOOG,-0.48457148320629395
GL,GOOGL,-0.46318307952573784
GL,HAL,0.49370817393442956
GL,HBAN,0.6289502457654247
GL,HIG,0.7561277125359178
GL,HII,0.4160641530058285
GL,HUBB,0.4867871649688476
GL,HWM,0.4208327650767362
GL,IR,0.503214645064978
GL,JCI,0.6092099752968846
GL,JPM,0.549932234801485
GL,KEY,0.6694845794428489
GL,L,0.7324132779684003
GL,LDOS,0.49523603279512474
GL,LW,0.43876199588707243
GL,LYB,0.4866527321155722
GL,MET,0.7808772420319817
GL,MRK,0.4644486343109558
GL,MSFT,-0.545719646634808
GL,MSI,0.44800045476363953
GL,MTB,0.44736229516565984
GL,NEM,-0.40023746518532183
GL,NTRS,0.5129402467374432
GL,OTIS,0.4338286431383268
GL,PAYC,-0.40903378714688077
GL,PFG,0.6464615675756405
GL,PGR,0.5497199571882806
GL,PH,0.43656693536256147
GL,PNC,0.4762557905702205
GL,PRU,0.7855279710895059
GL,RF,0.6197201496008257
GL,RJF,0.6656544907564637
GL,ROST,0.4309344018174987
GL,SCHW,0.5357542604353129
GL,SLB,0.5411968150350523
GL,STT,0.646824960585211
GL,TDG,0.5337918188631502
GL,TFC,0.5331230280563064
GL,TJX,0.5112778619563669
GL,TROW,-0.4942528985322244
GL,TRV,0.5818451944884154
GL,TXT,0.4599271611145574
GL,TYL,-0.5258760023603135
GL,URI,0.4721816938905067
GL,USB,0.6257551734871066
GL,WAB,0.5130002523912053
GL,WFC,0.5850033542859776
GL,WRB,0.7432137126735184
GL,XOM,0.43201717048043836
GLW,HOLX,0.40356244605661723
GLW,IVZ,0.4103005643242708
GLW,WDC,0.4056959209682449
GM,IP,0.4096727697996722
GM,PH,0.4056914378127337
GM,PNR,0.5014795088632527
GM,TXT,0.4046186223200419
GNRC,POOL,0.46453138529311777
GNRC,SWK,0.48344656084752097
GOOG,GOOGL,0.9958555526835656
GOOG,GPC,-0.450824730129047
GOOG,HAL,-0.4264604571413324
GOOG,HIG,-0.44346996427869523
GOOG,J,-0.5451277682038872
GOOG,JCI,-0.5375886644283482
GOOG,MET,-0.5208819779862612
GOOG,META,0.4633938768188342
GOOG,MSFT,0.4645971619711872
GOOG,MSI,-0.43001145732396956
GOOG,OTIS,-0.5543702531447067
GOOG,PGR,-0.4242457378008671
GOOG,PH,-0.41129907790749703
GOOG,PM,-0.4187274236881944
GOOG,PRU,-0.5084058440981524
GOOG,ROST,-0.49430825377437715
GOOG,RTX,-0.44266257256047836
GOOG,SLB,-0.4948252839604879
GOOG,TDG,-0.4592218767793106
GOOG,TDY,-0.4859130284566734
GOOG,TJX,-0.5934518829698235
GOOG,YUM,-0.44739663163291427
GOOGL,GPC,-0.45266558425146414
GOOGL,HAL,-0.4261168728151088
GOOGL,HIG,-0.44468260166810314
GOOGL,J,-0.5463101750300644
GOOGL,JCI,-0.5280708356138698
GOOGL,MET,-0.5113922314213863
GOOGL,META,0.4680509846219217
GOOGL,MSFT,0.4520298576922714
GOOGL,MSI,-0.4252030195356783
GOOGL,OTIS,-0.5287150522500936
GOOGL,PGR,-0.417716243304753
GOOGL,PM,-0.4230201117688091
GOOGL,PRU,-0.5005683007415239
GOOGL,ROST,-0.4973768558558569
GOOGL,RTX,-0.45562181887762604
GOOGL,SLB,-0.492323835852379
GOOGL,TDG,-0.4430502319914517
GOOGL,TDY,-0.4774515408211538
GOOGL,TJX,-0.5965618427314238
GOOGL,YUM,-0.4557885232717754
GPC,KDP,0.5122498195161486
GPC,MO,0.408120113583278
GPC,ORLY,0.41424967448940986
GPC,PEG,0.4091662194783006
GPC,PEP,0.4133436103212128
GPC,PPL,0.47464843167336196
GPC,SRE,0.40992311558906613
GPN,MOS,0.44520358499677576
GPN,MS,0.42164629889673344
GPN,SCHW,0.45568620211355393
GPN,STT,0.4427100559024802
GRMN,MAS,0.4160838101175671
GRMN,MHK,0.41602181482820844
GRMN,SWK,0.5057413499612554
GRMN,TSN,0.5442908535790729
GS,HBAN,0.42569565550793775
GS,IR,0.4148113613318073
GS,OKE,0.4368655451969991
GS,TFC,0.4460714540773617
GS,USB,0.41073639860284417
GWW,ITW,0.6113053506008184
GWW,IVZ,0.4741758475778766
GWW,META,0.5755923372787916
GWW,NEM,-0.4336026129342311
GWW,PNR,0.40127016238011254
GWW,POOL,0.4394165134987823
GWW,PTC,-0.567658933384499
GWW,SNA,0.49557623829825764
GWW,TEL,0.43460818474980945
GWW,TROW,0.4686443724787326
GWW,TT,0.4234846505607773
GWW,VRTX,-0.4246923721450949
HAL,HIG,0.5177534581135079
HAL,HWM,0.49625200451540424
HAL,JCI,0.4577832479589342
HAL,JPM,0.4340615840155708
HAL,KMI,0.5351759198779235
HAL,L,0.4998428921305712
HAL,LW,0.41314723741949594
HAL,LYB,0.555425963030412
HAL,MET,0.5870599846965842
HAL,META,-0.4588110786789504
HAL,MOS,0.4794095146614631
HAL,MPC,0.627110800904191
HAL,MSFT,-0.43333210990203963
HAL,NUE,0.43651761274668255
HAL,OKE,0.7343068217714305
HAL,OXY,0.6463295235094826
HAL,PGR,0.4099434979179934
HAL,PRU,0.5116193769771731
HAL,PSX,0.4983484580489956
HAL,RF,0.5443531480925135
HAL,RJF,0.5246437412292848
HAL,SLB,0.8990991368363663
HAL,STT,0.4771362523957461
HAL,TDG,0.4890646780631594
HAL,TPL,0.498019673997326
HAL,TRGP,0.7225291314258212
HAL,TROW,-0.4310092169450018
HAL,USB,0.41778288030202726
HAL,VLO,0.6706813337987605
HAL,WAB,0.41402043834216845
HAL,WMB,0.44318935002359183
HAL,WRB,0.4726895648963307
HAL,WTW,0.43433670691697857
HAL,XOM,0.7504290206505673
HAS,IVZ,0.43751470700685846
HAS,TSLA,-0.40641586570825966
HAS,V,-0.44431349596859826
HBAN,HIG,0.5993449001211635
HBAN,JKHY,0.5343096589513289
HBAN,JPM,0.4208163276372793
HBAN,KEY,0.8631026876988571
HBAN,L,0.5464918724517606
HBAN,LUV,0.43934416693059997
HBAN,MET,0.6194047206789521
HBAN,MRNA,-0.5123924980816577
HBAN,MSFT,-0.4659413745160529
HBAN,MTB,0.5430202246226274
HBAN,NEM,-0.45238971345089163
HBAN,NTRS,0.4023191766383316
HBAN,PFG,0.6343813880994414
HBAN,PNC,0.6449397314872318
HBAN,PRU,0.7490027355853659
HBAN,RF,0.715312690840929
HBAN,RJF,0.4965406576689616
HBAN,SCHW,0.4850549382651151
HBAN,STT,0.7330983911186978
HBAN,SYF,0.44392036391601974
HBAN,TFC,0.8922695539287294
HBAN,TXT,0.439434337847618
HBAN,URI,0.44250211991602206
HBAN,USB,0.7729734968085844
HBAN,WEC,-0.4837420805151783
HBAN,WFC,0.6754067651170726
HBAN,WRB,0.4572989426903167
HBAN,XEL,-0.4230399173240446
HCA,UHS,0.5784239582975824
HD,HWM,-0.40494484102553424
HD,ITW,0.4636045640475044
HD,LEN,0.41258084584578913
HD,LOW,0.7899170718115167
HD,MAS,0.6031143415861729
HD,NDSN,0.537621606906287
HD,OXY,-0.4299465039023702
HD,PHM,0.4304381970702194
HD,PNR,0.4615672101469523
HD,POOL,0.5365832570003847
HD,ROL,0.417998757434815
HD,SWK,0.6281939179634758
HD,TDG,-0.4373398239956909
HD,TROW,0.4941915212692391
HD,VLO,-0.44002493154331523
HIG,HPE,0.4573282589560849
HIG,HWM,0.4733660642245614
HIG,IEX,0.4019966357340887
HIG,IR,0.4322323554310246
HIG,JCI,0.5461447386980417
HIG,JPM,0.5020592454677981
HIG,KEY,0.56324757557685
HIG,L,0.8171798731777222
HIG,LDOS,0.4362300888996147
HIG,LYB,0.4537020312842448
HIG,MET,0.8058348294494703
HIG,MMC,0.4519010087109928
HIG,MS,0.4006639131284153
HIG,MSFT,-0.5183464088975211
HIG,MSI,0.43405265674932253
HIG,MTB,0.5884570652858757
HIG,NTRS,0.45246705227868117
HIG,PFG,0.5928067429571751
HIG,PGR,0.6108436452179722
HIG,PNC,0.5751878019275519
HIG,PRU,0.7592327506364874
HIG,RF,0.7517678617909069
HIG,RJF,0.5856241883624597
HIG,ROST,0.41643248184660203
HIG,RTX,0.47718270323538453
HIG,SLB,0.5726011492660873
HIG,STT,0.6123701112554197
HIG,TDG,0.49144855693913714
HIG,TFC,0.5400915018556633
HIG,TROW,-0.4564921065207378
HIG,TRV,0.6958892011072978
HIG,TYL,-0.47280672358273435
HIG,URI,0.42085550008039296
HIG,USB,0.6614481212977722
HIG,WAB,0.4413419972227076
HIG,WFC,0.5654659748164703
HIG,WRB,0.7596885899112613
HIG,XOM,0.4480452051372184
HII,L,0.586303316568833
HII,LDOS,0.5526536806262425
HII,LHX,0.4139692360901453
HII,LMT,0.5596599431406182
HII,MET,0.4304490465244729
HII,NOC,0.5176213564131328
HII,NOW,-0.40843272043959117
HII,NVDA,-0.4917222800987059
HII,RTX,0.547649739216273
HII,SJM,0.43183038113232247
HII,SNPS,-0.47218739207942845
HII,TRV,0.5350869746970874
HII,WAB,0.4242999661803148
HII,WRB,0.406621018309462
HLT,HST,0.4146412572714235
HLT,IFF,-0.44991293911334046
HLT,ISRG,-0.5482164141290522
HLT,MAR,0.8283136527002148
HLT,MGM,0.5145122811285199
HLT,NEE,-0.4416841444525297
HLT,SO,-0.4123057780475395
HLT,TDG,0.503596354951943
HLT,WEC,-0.49096237902431333
HLT,XEL,-0.4185021633820835
HOLX,IFF,0.4287663518142938
HOLX,IQV,0.45847857311919565
HOLX,STE,0.5231407873682228
HOLX,WAT,0.42236376274270143
HOLX,ZBH,0.402691553346374
HON,PCAR,0.4069042333330682
HON,RTX,0.47328017901666347
HON,TRV,0.4649633167960734
HPE,L,0.4152760561508909
HPE,MET,0.45984678696531667
HPE,MGM,0.42429252197465056
HPE,MSFT,-0.44434020628457443
HPE,NTAP,0.4813179179650903
HPE,OMC,0.40484047836145204
HPE,PFG,0.42901091703043365
HPE,PRU,0.4312280128953221
HPQ,WDC,0.4120183346554651
HRL,HSY,0.4147235330879268
HRL,K,0.5908136947476091
HRL,KHC,0.4940581819308033
HRL,KIM,0.432149301922061
HRL,KO,0.43107897522885674
HRL,MDLZ,0.4204023948942285
HRL,MKC,0.4511993731173038
HRL,PEP,0.4592634215548435
HRL,REG,0.46795151805089213
HRL,WMT,0.4096112286501304
HST,MAR,0.4344618053762041
HST,SPG,0.4236306093519572
HST,VICI,0.44602453205377574
HSY,K,0.6021357401585103
HSY,KHC,0.4682614922485298
HSY,KO,0.4585212548833985
HSY,LVS,-0.407815612071839
HSY,MDLZ,0.5644941698307333
HSY,PEP,0.4877291745123206
HSY,QCOM,-0.42135878522915066
HSY,SJM,0.4981376335463154
HSY,SWKS,-0.4153785124674983
HSY,WYNN,-0.42529614514734476
HSY,XEL,0.4010380903677209
HUBB,IR,0.4051878944395404
HUBB,IT,0.40176068976883245
HUBB,JPM,0.4018298407129853
HUBB,MET,0.4382767270717744
HUBB,MTCH,-0.40873943626944714
HUBB,OTIS,0.4820705655735108
HUBB,PCAR,0.47313860739893526
HUBB,PGR,0.47854256390724725
HUBB,ROK,0.5019389028936185
HUBB,TDG,0.42541401798299205
HUBB,WAB,0.4922997393366418
HUBB,WRB,0.4080290788918971
HUM,META,-0.4882974020196388
HUM,MOH,0.6105948772019573
HUM,MRK,0.4320857509009327
HUM,NOC,0.4101099205057483
HUM,UNH,0.736685201228831
HWM,INVH,-0.43341625387917754
HWM,IR,0.40826261224850047
HWM,JCI,0.4631824246041463
HWM,JPM,0.41448814079939394
HWM,MET,0.5043327684466227
HWM,MS,0.41296264363557567
HWM,NUE,0.4210718246610808
HWM,OXY,0.403563314725115
HWM,PH,0.42208487503191305
HWM,PRU,0.44682523778477423
HWM,RJF,0.4327809390434024
HWM,RTX,0.411851788847575
HWM,SLB,0.4903743433470021
HWM,STT,0.44295472289376825
HWM,TDG,0.6731547816989415
HWM,TXT,0.48002599371389404
HWM,URI,0.5381268291018814
HWM,WRB,0.47509681131559867
IBM,KHC,0.5173686172752302
IBM,KMB,0.40362409426713824
IBM,MDLZ,0.4416901955084184
IBM,MKC,0.5286448191043919
IBM,MO,0.4113732824303216
IBM,NXPI,-0.421136834471442
IBM,ON,-0.4235127067135606
IBM,SHW,0.5085054021406327
IBM,STX,-0.46105883455794616
IBM,SYY,0.48005550883000475
ICE,O,0.4706754563900847
ICE,WELL,0.43320763265545975
IDXX,NTAP,0.4355240600896662
IDXX,ZTS,0.4363702644950997
IEX,IP,0.4259136980533536
IEX,IR,0.5791505388208926
IEX,JCI,0.7184389721913561
IEX,LKQ,0.4009455749249732
IEX,PH,0.451172725227419
IEX,ROK,0.5016667428263611
IEX,SNA,0.45329852423679323
IEX,TT,0.48961404431842376
IEX,XYL,0.4158743402994798
IFF,MPWR,-0.5392719211715347
IFF,STE,0.7249338142097708
IFF,WTW,0.6242683137562609
INTC,KLAC,0.498485000365903
INTC,LHX,-0.42200898469438125
INTC,LRCX,0.538416064122014
INTU,ON,0.4234788710100561
INTU,PAYC,0.4362817558606136
INTU,SNPS,0.4899881106179295
INTU,TJX,-0.4301234870976838
INVH,IRM,0.5011688381796009
INVH,KIM,0.5178374180825543
INVH,LNT,0.5692345942262967
INVH,MAA,0.7917334071671864
INVH,NI,0.559896435762118
INVH,O,0.6072674040435502
INVH,PLD,0.6065206096360034
INVH,PNW,0.4519692511078758
INVH,PPL,0.466008467823941
INVH,PSA,0.6097138132139488
INVH,REG,0.46849982963989056
INVH,SBAC,0.560563135800877
INVH,SPG,0.40795120408313457
INVH,UDR,0.7646238733896931
INVH,VICI,0.4615281641471265
INVH,VTR,0.5180922193458504
INVH,WEC,0.5487583092237914
INVH,WELL,0.556444092537983
INVH,WRB,-0.4134430998357019
INVH,XEL,0.5918933022852834
IP,LYB,0.4154726331278506
IP,MAS,0.45008079346906005
IP,PHM,0.490123831465889
IP,PKG,0.5621860055964668
IP,PNR,0.5591405230187803
IP,SNA,0.4604091572992237
IP,SWK,0.4587966742501784
IP,UPS,0.4338210595516092
IP,WYNN,0.4059198246713077
IQV,MHK,0.4148097821087037
IQV,MSI,-0.40549668810345124
IQV,MTD,0.6358267109162896
IQV,RVTY,0.44571370892996975
IQV,TECH,0.4018900294811349
IQV,TMO,0.4688181453324646
IQV,WAT,0.6074659057295061
IR,JCI,0.6688690427313028
IR,LYB,0.47175227130295916
IR,MET,0.49809955173155074
IR,MS,0.4301781366692932
IR,MSFT,-0.43855527201017497
IR,NTRS,0.4976923781526908
IR,OTIS,0.5985923521041158
IR,PFG,0.41054282225677374
IR,PH,0.7714174472547455
IR,PNC,0.4040664501171202
IR,PRU,0.4575261791129308
IR,RF,0.44023619089757593
IR,RJF,0.6086934435752593
IR,ROK,0.5803818714704964
IR,SLB,0.4302326183733711
IR,SNA,0.4731644871210526
IR,STT,0.4768452606953157
IR,TDG,0.5440165045183512
IR,TT,0.5370910949777107
IR,URI,0.4211671693753784
IR,USB,0.47081223455767857
IR,WAB,0.6761325870549669
IRM,KIM,0.529555674863008
IRM,MAA,0.4666547465351229
IRM,NI,0.4034008985031547
IRM,O,0.5399787916146869
IRM,PLD,0.6244353148814815
IRM,PPL,0.4232604782115412
IRM,REG,0.4575772121040286
IRM,SBAC,0.4229571012781529
IRM,SPG,0.5008581464980071
IRM,UDR,0.47604009451985685
IRM,WY,0.5445895737158075
ISRG,MAR,-0.5089655881195329
ISRG,NEE,0.4590442749137917
ITW,LKQ,0.43069955393265125
ITW,MAS,0.5453007977920693
ITW,NDSN,0.42551268604472825
ITW,PH,0.41508676776053705
ITW,PNR,0.5302761376007182
ITW,POOL,0.4400876995225123
ITW,ROK,0.4568081793871742
ITW,SNA,0.6327792075321924
ITW,SWK,0.522454591595434
ITW,TEL,0.4698104032483285
ITW,TROW,0.4267894354924263
ITW,TT,0.6007677344743692
IVZ,MAS,0.43037332306105697
IVZ,MMM,0.4123506638285157
IVZ,PNR,0.4244927607716979
IVZ,PYPL,0.4045496084480138
IVZ,SNA,0.4810374888796064
IVZ,SWK,0.4720415620930869
IVZ,TROW,0.4578119255283492
IVZ,UNH,-0.4232047577398592
J,JCI,0.5041884052116821
J,LKQ,0.42645480996430984
J,MGM,0.465405948811125
J,MSFT,-0.5438379719371936
J,OTIS,0.5334200929922797
J,PGR,0.4172574084509754
J,PH,0.402615519763133
J,PPG,0.4075041163781401
J,ROST,0.4245375189245375
J,RTX,0.43705551172377094
J,SNA,0.4352740475270763
J,TT,0.48461251663050253
J,TXT,0.4292566387566539
J,WAB,0.40414472890330483
JBHT,ODFL,0.5612747653019918
JBL,SBUX,-0.4102005472592442
JCI,JPM,0.5091312248097889
JCI,L,0.5173638526341905
JCI,LKQ,0.4587531049672476
JCI,LYB,0.4262926943040152
JCI,MET,0.5216829316873527
JCI,MSFT,-0.4958133043822456
JCI,NTRS,0.42236636785787035
JCI,OTIS,0.5082119572816088
JCI,PAYC,-0.4933794995219029
JCI,PGR,0.43242430826439543
JCI,PH,0.6047529736256257
JCI,PRU,0.5400613127320967
JCI,RJF,0.4983945573351374
JCI,ROK,0.5488856844722135
JCI,ROST,0.42403513162655193
JCI,RTX,0.4502417242192769
JCI,SLB,0.5190284106657587
JCI,SNA,0.41154518633714593
JCI,STT,0.45175247679991354
JCI,TDG,0.522058285044155
JCI,TJX,0.4379413872640246
JCI,TRV,0.4993831801161009
JCI,TT,0.616425987783381
JCI,TYL,-0.41799289101530196
JCI,URI,0.46030292427187297
JCI,USB,0.44260614082890626
JCI,WAB,0.5741199737401003
JCI,WRB,0.4819965129168458
JKHY,KEY,0.5308757666240536
JKHY,TFC,0.4976438850859186
JNJ,LLY,0.4272198985869137
JNJ,MRK,0.4584877912191374
JNJ,PFE,0.497636383144048
JPM,L,0.5212037146004745
JPM,MET,0.5582679926609815
JPM,MS,0.40969404700074225
JPM,MSFT,-0.4697224445149556
JPM,MTB,0.44668326213321
JPM,NTRS,0.4606611078392897
JPM,PFG,0.5381730162601377
JPM,PGR,0.46050938343858794
JPM,PH,0.4003788865035351
JPM,PNC,0.516947396104808
JPM,PRU,0.5931045576561166
JPM,RF,0.5649397715850566
JPM,RJF,0.5241191279837116
JPM,SLB,0.45751560142973835
JPM,STT,0.5040107066010148
JPM,TDG,0.43105692990982775
JPM,TROW,-0.48633657604840014
JPM,TRV,0.532594102617334
JPM,USB,0.5303909074834843
JPM,WAB,0.46113396732103723
JPM,WFC,0.7341758334059098
JPM,WRB,0.45192443802747323
JPM,XEL,-0.40343525728947666
K,KDP,0.5730239228996219
K,KHC,0.7323436699869857
K,KMB,0.5847264733127825
K,KO,0.7398834747506275
K,LDOS,0.44800746018313786
K,LMT,0.42552241761989407
K,LNT,0.48865961825263776
K,MCD,0.5760170786188729
K,MDLZ,0.718013142459559
K,MKC,0.5456504411962732
K,MNST,0.40405521149004364
K,MO,0.42906115397341904
K,NOW,-0.47020780126840417
K,ON,-0.4060221377105272
K,ORLY,0.4262164373096724
K,PEG,0.5366349649621283
K,PEP,0.7712890909284873
K,PFE,0.4603774279004656
K,PG,0.6090617240602515
K,PM,0.4423053051155534
K,PPL,0.48424144503903194
K,RSG,0.47203024056557513
K,SJM,0.7520603052352137
K,SO,0.5301533426916628
K,SRE,0.40766227800426424
K,SWKS,-0.4365431450005206
K,SYY,0.4708916715016106
K,TAP,0.4079116635521155
K,WEC,0.48666001752997196
K,WM,0.5841259790421327
K,WMT,0.5137461858718826
K,XEL,0.5479721837813736
KDP,KHC,0.48316776592468863
KDP,KMB,0.4770763603948268
KDP,KO,0.6360939698149429
KDP,LDOS,0.43821403235428324
KDP,LNT,0.5240625652429255
KDP,MDLZ,0.5910339119898618
KDP,MNST,0.5290936296889531
KDP,MO,0.44422690260166664
KDP,NI,0.5482349786263286
KDP,PEG,0.5264913428540909
KDP,PEP,0.7414556008184979
KDP,PG,0.5377849154509909
KDP,PNW,0.4084908685974544
KDP,PPL,0.5780377761326587
KDP,ROL,0.42540693072034713
KDP,RSG,0.5241226193666938
KDP,SJM,0.5497404264918156
KDP,SO,0.5380682021252369
KDP,SRE,0.4430115435769304
KDP,SYY,0.4012763505840048
KDP,WEC,0.5188630310566584
KDP,WM,0.5232784966885382
KDP,XEL,0.5175037318506172
KEY,L,0.4887772903097648
KEY,MET,0.5940106296940777
KEY,MRNA,-0.48540657362582595
KEY,MTB,0.4470702875436559
KEY,NEM,-0.42543643864179276
KEY,NTRS,0.49277752791104296
KEY,PFG,0.6097208150298563
KEY,PNC,0.6044950293876654
KEY,PODD,-0.40253104428616443
KEY,PRU,0.7238240455482632
KEY,RF,0.7269886788281872
KEY,RJF,0.4799823515602575
KEY,SCHW,0.6040391155315851
KEY,STT,0.7660379324713433
KEY,SYF,0.5856927913972961
KEY,TFC,0.7579882330561376
KEY,TXT,0.503474385239096
KEY,URI,0.4258769926515947
KEY,USB,0.6699417743351417
KEY,WEC,-0.4089448256488543
KEY,WFC,0.7193653770583385
KEY,WRB,0.486139595274938
KEYS,PANW,-0.6000274149732308
KHC,KO,0.6343257935246754
KHC,MCD,0.4954953280643785
KHC,MDLZ,0.678918108091454
KHC,MKC,0.4265547349061785
KHC,MO,0.4677846699646279
KHC,MRK,0.45788122569635376
KHC,NOW,-0.4398373916126532
KHC,ON,-0.47723584285403026
KHC,PEG,0.515177445909001
KHC,PEP,0.6261495065766666
KHC,PG,0.4208077966480136
KHC,PM,0.4044339197211589
KHC,PPL,0.5060533686411016
KHC,SJM,0.6718897031188455
KHC,SO,0.4425821809810452
KHC,SRE,0.46378872534349225
KHC,SYY,0.58594312945407
KHC,WEC,0.41677693978524016
KHC,WM,0.42932433827934413
KHC,WMT,0.4390903186053927
KHC,XEL,0.4581853843375912
KIM,MAA,0.6193773236934733
KIM,O,0.6052042360199164
KIM,PLD,0.5139391857323616
KIM,REG,0.8040307564577217
KIM,SPG,0.684328869483126
KIM,UDR,0.5580388804051257
KIM,VICI,0.5171981779113407
KIM,VTR,0.45017679726391807
KIM,WELL,0.5349151051404741
KIM,WMB,0.41776227709249963
KIM,WY,0.5471604797973715
KLAC,LHX,-0.6031902714816414
KLAC,LRCX,0.8219861728729632
KLAC,MCHP,0.6687397526405827
KLAC,MDT,-0.4293391818587136
KLAC,MPWR,0.5616723056608834
KLAC,NVDA,0.41501631129818345
KLAC,NXPI,0.5679101418344675
KLAC,ON,0.5418534207712502
KLAC,QCOM,0.5002230195167289
KLAC,REG,-0.42707993502487945
KLAC,SNPS,0.454822663112232
KLAC,SWKS,0.40626517678235724
KLAC,TER,0.6157963528195578
KLAC,TXN,0.4346263139974659
KMB,KO,0.5107893756439484
KMB,LLY,0.4136709184688234
KMB,LNT,0.4598079583038699
KMB,MCD,0.4647832101126876
KMB,MDLZ,0.5729577653347109
KMB,MKC,0.5012158113526767
KMB,MPWR,-0.4186181938441891
KMB,NXPI,-0.44458403002050134
KMB,PEG,0.4279425306657697
KMB,PEP,0.5585675366261309
KMB,PFE,0.47000727060520625
KMB,PG,0.7019877073242469
KMB,SJM,0.5566100988329062
KMB,SO,0.4510128885688057
KMB,TSLA,-0.40440405018361153
KMB,WEC,0.4192237363705238
KMB,WM,0.4390501615394128
KMB,WMT,0.4214988059532896
KMB,XEL,0.4743712252968045
KMI,NFLX,-0.42961779098529373
KMI,OKE,0.6789859178923837
KMI,OXY,0.44616703677195607
KMI,SLB,0.497681237340678
KMI,TRGP,0.6335651680912523
KMI,VICI,0.41020662755448184
KMI,WMB,0.6733461603394486
KMI,XOM,0.47829812797300475
KO,LDOS,0.4292610805820866
KO,LLY,0.40367287735965296
KO,LNT,0.5216303597477214
KO,MCD,0.6029334742707353
KO,MDLZ,0.7103303177470541
KO,META,-0.40200728741575315
KO,MKC,0.4919353464301311
KO,MNST,0.6407197181816194
KO,MO,0.48750936351599733
KO,MRK,0.4502785987664006
KO,NI,0.4951428707309316
KO,ON,-0.43207848945974464
KO,PEG,0.5197100380594486
KO,PEP,0.7795062317785578
KO,PG,0.6073653197608292
KO,PM,0.503807388927418
KO,PPL,0.5703405968815093
KO,RSG,0.534672547674019
KO,SJM,0.7089370396745344
KO,SO,0.5860336876748388
KO,SYY,0.4830800844318277
KO,TAP,0.4178864817982888
KO,UBER,-0.4240794960300732
KO,UNH,0.4778589744924493
KO,WEC,0.5021801639750754
KO,WM,0.6177908267824198
KO,WMT,0.4599379157780558
KO,XEL,0.5732468743104081
KO,YUM,0.4692595635744895
KR,PEP,0.4512253295140698
KR,SO,0.44950977904539746
L,LDOS,0.4955409309255519
L,LMT,0.43728241970226495
L,LYB,0.5597962027984645
L,MET,0.7788873913310322
L,MMC,0.47414237394083936
L,MPC,0.42603137037565725
L,MRK,0.43076014989599715
L,MSFT,-0.5137527006087558
L,MSI,0.40929713409378454
L,MTB,0.4826987345913704
L,NVDA,-0.404830016975412
L,PFG,0.5815298131862425
L,PGR,0.6135197200443496
L,PNC,0.5022039496164203
L,PRU,0.7589956571457014
L,PSX,0.447517947064574
L,RF,0.6125818688504344
L,RJF,0.4703815053709698
L,RTX,0.5243094489538808
L,SLB,0.5442335518411374
L,STT,0.5483663458006394
L,TDG,0.4700431913719716
L,TFC,0.40964478820739797
L,TROW,-0.5361248664460722
L,TRV,0.7746726761849652
L,TXT,0.41960671604833644
L,TYL,-0.43108439644918284
L,USB,0.5460797296551437
L,WAB,0.5109329018369272
L,WFC,0.45712689740034146
L,WRB,0.761825810397358
L,XOM,0.4968133625936113
LDOS,LMT,0.4342110044751326
LDOS,MMC,0.4917739604686148
LDOS,MPWR,-0.4106261653832786
LDOS,MRK,0.42719952786538345
LDOS,MSI,0.4057043312391876
LDOS,NOC,0.4881985138061993
LDOS,NVDA,-0.5494859161448452
LDOS,PEP,0.44529516390601404
LDOS,PFE,0.43793965140851
LDOS,RSG,0.4554622832288343
LDOS,RTX,0.45668532106484117
LDOS,SJM,0.5086688274361357
LDOS,SNPS,-0.6148718910427886
LDOS,TRV,0.47122297243766953
LDOS,WRB,0.4156573389385126
LEN,LOW,0.4181825515988825
LEN,NVR,0.5557216867310261
LEN,PHM,0.7168691202523254
LH,SNPS,-0.4190058562981301
LH,WELL,0.4481423305032685
LH,WST,0.5154204301725336
LHX,LMT,0.4378279644207157
LIN,PPG,0.44625535332389454
LIN,TRGP,0.40206409564615003
LKQ,MET,0.41820619465284625
LKQ,NDSN,0.42633887017854166
LKQ,PPG,0.43180847212488804
LKQ,PRU,0.42879933146602456
LKQ,SNA,0.4270911592054441
LLY,PFE,0.48018379689118484
LLY,PG,0.5132732860425433
LLY,POOL,-0.45796495459219416
LLY,REGN,0.4634186180531685
LLY,UNH,0.464462358001313
LLY,VRTX,0.4042055408792789
LLY,WM,0.41382303403829235
LLY,ZBRA,-0.4108108454185859
LMT,MRK,0.4091041620009039
LMT,MSI,0.4439891251002237
LMT,NOC,0.6630909868178737
LMT,PEP,0.4765816415941112
LMT,RTX,0.6795955858045786
LMT,SJM,0.4532814037559197
LMT,TROW,-0.4002420088343571
LMT,TRV,0.4148632117189796
LMT,UNH,0.42770728628508065
LMT,XOM,0.4095060907603651
LMT,ZBRA,-0.4928137425146386
LNT,MAA,0.5193829111540637
LNT,MDLZ,0.6156138773010215
LNT,MKC,0.44239802311929327
LNT,MNST,0.40336766406548064
LNT,NEE,0.40492918871552214
LNT,NI,0.8171520001718561
LNT,O,0.613098449546636
LNT,PEG,0.6983290521769995
LNT,PEP,0.5968716978579715
LNT,PG,0.5141348031519348
LNT,PLD,0.4410602143735434
LNT,PNW,0.7233862565662612
LNT,PPL,0.8046416088205398
LNT,PSA,0.467757673710564
LNT,RCL,-0.4014896616261925
LNT,ROL,0.5060835767935171
LNT,RSG,0.5028042279166318
LNT,SBAC,0.5084067058365171
LNT,SJM,0.5573379378679235
LNT,SO,0.8283106124367244
LNT,SRE,0.6106419037318759
LNT,STT,-0.43531404287513387
LNT,WEC,0.8692613461669008
LNT,WM,0.5208440587669053
LNT,XEL,0.8908692962659921
LOW,MAA,0.4001702979633656
LOW,MAS,0.5187852927406917
LOW,MPC,-0.4407539094688429
LOW,PHM,0.4008454822893807
LOW,PNR,0.4707456664536785
LOW,POOL,0.5392047642789151
LOW,ROL,0.4120133602473752
LOW,SWK,0.5809818489861044
LOW,TGT,0.4822941169699814
LOW,TROW,0.4567374584979016
LOW,VLO,-0.4852594794729409
LRCX,MCHP,0.7106072768888917
LRCX,MPWR,0.6295181616586355
LRCX,MTB,-0.4253504823804355
LRCX,MU,0.45715966053950136
LRCX,NXPI,0.6929810068824371
LRCX,ON,0.6116451507885592
LRCX,QCOM,0.5817581968689692
LRCX,SNPS,0.4472582751623322
LRCX,SWKS,0.406492517747536
LRCX,TEL,0.4190818500350073
LRCX,TER,0.721987540601067
LRCX,TXN,0.5618069304635517
LUV,RCL,0.4526125208237414
LUV,RF,0.42337618750990386
LUV,SYF,0.4374845156356155
LUV,TFC,0.46533774319398435
LUV,UAL,0.6258517975663187
LUV,WBD,0.4072436506353718
LVS,LYB,0.45408608393219646
LVS,MGM,0.5579022115012211
LVS,NUE,0.5315270433377829
LVS,WYNN,0.7430009229738523
LW,MPC,0.40360699778047265
LW,NOW,-0.5085530569383343
LW,RJF,0.4102182952396795
LW,SJM,0.4257386926912287
LW,SLB,0.41858234160469465
LW,STZ,-0.4482024170270615
LW,TJX,0.4590005811546083
LW,TMUS,0.523954141575047
LW,VLO,0.4262360084802318
LW,XOM,0.4097749035333251
LYB,MET,0.504660251966127
LYB,MGM,0.46409589277149366
LYB,MSFT,-0.48461382866875
LYB,OTIS,0.4337951633322053
LYB,PFG,0.4933295328695324
LYB,PH,0.5402847616175457
LYB,PKG,0.48219706953995894
LYB,PNC,0.41273464593363934
LYB,PRU,0.463614648330133
LYB,RF,0.4525273137105635
LYB,RJF,0.45444012096934455
LYB,SLB,0.5761240292087587
LYB,SNA,0.41562727559642787
LYB,STT,0.4809685593770204
LYB,TDG,0.4076079277500385
LYB,TXT,0.4448514996499558
LYB,URI,0.417739686562535
LYB,VTRS,0.4577040216976507
LYB,WAB,0.4076816684684214
LYB,WRB,0.4355288173479348
LYB,WYNN,0.4820174606844505
LYB,XOM,0.4464077687078439
MA,V,0.6217139747469823
MAA,NI,0.47752598506752053
MAA,O,0.5214361166331407
MAA,PLD,0.5870440879226433
MAA,PPL,0.48118872876646157
MAA,PSA,0.4291301601723923
MAA,REG,0.5397005522406036
MAA,SBAC,0.4651895837262846
MAA,SPG,0.4316681891044323
MAA,UDR,0.7715283736537456
MAA,VTR,0.5013069891862248
MAA,WEC,0.4263577982601035
MAA,WELL,0.45805777806151154
MAA,WY,0.4087382484488482
MAA,XEL,0.5155558060373391
MAR,SO,-0.4666355675176892
MAR,STT,0.4255146587682516
MAR,TDG,0.5171194055591711
MAR,USB,0.4219228663590001
MAR,WEC,-0.5188207154146468
MAR,XEL,-0.4550306439775855
MAS,MHK,0.5498543740022273
MAS,PHM,0.5000367730138814
MAS,PNR,0.6349539239000251
MAS,POOL,0.5019007133717137
MAS,SHW,0.4072991439522452
MAS,SNA,0.5763714861061257
MAS,SWK,0.7126685565840487
MAS,TROW,0.4639568098501469
MCD,MDLZ,0.5197441565609745
MCD,PEP,0.512436504029647
MCD,PG,0.542603169560777
MCD,ROST,0.4111294046206715
MCD,RSG,0.425454152107809
MCD,SJM,0.5822070890984969
MCD,SO,0.4302448610179374
MCD,SYY,0.48511885748617134
MCD,UPS,-0.4175805118381289
MCD,VRTX,0.4475355932135741
MCD,WM,0.4319304589087074
MCHP,MCK,-0.40663443327357934
MCHP,MOH,-0.4369913709923505
MCHP,MPWR,0.657250403132579
MCHP,NVDA,0.42434298188785086
MCHP,NXPI,0.7522777272623067
MCHP,ON,0.7711578197387291
MCHP,QCOM,0.42368992236247915
MCHP,SJM,-0.41967517812921595
MCHP,SWKS,0.43214121927401566
MCHP,TEL,0.5781692742263256
MCHP,TER,0.6663805731012756
MCHP,TXN,0.581830741742789
MCHP,UNH,-0.4183079421681742
MCK,MPWR,-0.41540181237082024
MCK,PAYC,-0.412628705809608
MCK,PM,0.43398506972203676
MCK,TRV,0.4021141179031541
MCO,SPGI,0.6567073149559791
MCO,TROW,0.44494984174168967
MDLZ,MKC,0.5643645898980278
MDLZ,MNST,0.4149193114568687
MDLZ,MO,0.5847368107563823
MDLZ,MSI,0.40496224530896646
MDLZ,NI,0.4823808046775969
MDLZ,NOW,-0.44169763473275475
MDLZ,ORLY,0.40321452002224284
MDLZ,PEG,0.6071800962460634
MDLZ,PEP,0.7527915358264926
MDLZ,PFE,0.40893567231980116
MDLZ,PG,0.7096615112270827
MDLZ,PNW,0.5398496478481816
MDLZ,PPL,0.6220270021075265
MDLZ,ROL,0.41313118314330394
MDLZ,RSG,0.5101855418932886
MDLZ,SJM,0.7603107301439301
MDLZ,SO,0.6855766027283446
MDLZ,SRE,0.4279274170080416
MDLZ,SWKS,-0.4393017334865462
MDLZ,SYY,0.4981986894334038
MDLZ,TAP,0.4563229624132335
MDLZ,WEC,0.5861990557994553
MDLZ,WM,0.513637355881338
MDLZ,WMT,0.4594737176799069
MDLZ,XEL,0.6223601929758557
MDLZ,YUM,0.4017518692017814
MDT,STE,0.5016713400089424
MET,MRK,0.43469321143180467
MET,MS,0.4658436000090863
MET,MSFT,-0.6214878737842041
MET,MTB,0.5260163260105484
MET,NRG,0.4191345027226059
MET,NTRS,0.4766890042477477
MET,OTIS,0.4221859078506515
MET,PFG,0.7415845361204725
MET,PGR,0.559458085164003
MET,PH,0.43827813643709607
MET,PNC,0.5712142538355576
MET,PRU,0.8860328965453327
MET,RF,0.7325993972398243
MET,RJF,0.6553218262517324
MET,ROST,0.4325667247404932
MET,SCHW,0.42425250482802873
MET,SLB,0.6189489438475101
MET,STT,0.6918232218432697
MET,TDG,0.5555801395624358
MET,TFC,0.5263061598892498
MET,TJX,0.43045988339037256
MET,TROW,-0.4949875528712314
MET,TRV,0.5983368435631324
MET,TXT,0.4208148372594229
MET,URI,0.5530672868314755
MET,USB,0.6627973573018416
MET,VTRS,0.4538810916659816
MET,WAB,0.5186163658507936
MET,WFC,0.5895689110607241
MET,WRB,0.6908249064778387
MET,XOM,0.47541259140671305
META,MOH,-0.4303611555891337
META,MSI,-0.41055488342293683
META,PTC,-0.4806628810700249
META,SLB,-0.4686528095537483
META,TJX,-0.44448407146388547
META,UNH,-0.6063937427503412
META,WM,-0.4377374080383219
MGM,MPWR,0.4491106952761082
MGM,MSFT,-0.5306887322954719
MGM,TPR,0.5235137894373691
MGM,WYNN,0.7499882839403047
MHK,MTD,0.5409101292755466
MHK,NWS,0.45052332608531415
MHK,NWSA,0.4402742882731444
MHK,PHM,0.4052460994640873
MHK,PNR,0.43057723633235784
MHK,RL,0.448828229066028
MHK,TPR,0.4406963292669878
MHK,WAT,0.40173021183927327
MKC,PEG,0.47599160650780703
MKC,PEP,0.4952087098242704
MKC,PG,0.42738175083960106
MKC,PPL,0.4106837926906713
MKC,SJM,0.43520154549537265
MKC,SO,0.42564786847735636
MKC,STX,-0.4615440754420592
MKC,SYY,0.4310860057920804
MKC,WM,0.4276021632769532
MKC,XEL,0.40730388311565585
MLM,PH,0.42584029808061996
MLM,PSKY,0.43496909677337214
MLM,VMC,0.9151671242131569
MLM,WAB,0.4295907386739668
MMC,NVDA,-0.4341858426756754
MMC,TRV,0.47727647545908486
MMC,WRB,0.5120099017007733
MMC,WTW,0.4701347249275643
MMM,PCAR,-0.41873084295537516
MMM,SWK,0.4302192365881119
MMM,VRSK,0.42967219274711876
MNST,ORLY,0.43975236210276303
MNST,PEG,0.43833972614401134
MNST,PEP,0.5871926545160376
MNST,PPL,0.4533945298565143
MNST,ROL,0.42965985502392073
MNST,SJM,0.44621032659382953
MNST,SO,0.42274177336912344
MNST,UNH,0.4017821868158565
MNST,WM,0.4926061159145938
MNST,XEL,0.404395617401811
MNST,YUM,0.6171712683264821
MO,MTCH,-0.4597442881716937
MO,ORLY,0.42168186143789466
MO,PEP,0.49052937576271455
MO,PM,0.6101121974424026
MO,PNW,0.41390764432295635
MO,SJM,0.45373969004381154
MO,SYK,0.4435585273728798
MO,SYY,0.46939267412020574
MO,WM,0.4066072646486171
MO,XEL,0.40930503844546384
MOH,UNH,0.688244839270137
MOS,PH,0.42433344128147277
MOS,SLB,0.4888528773227569
MOS,SPG,0.48304432903336136
MOS,TRGP,0.562508975469899
MOS,URI,0.4146446896715229
MOS,XOM,0.41094198255471986
MPC,OKE,0.5821321322583158
MPC,OXY,0.6796092040968689
MPC,PSX,0.7931286759127365
MPC,SHW,-0.43425491373953834
MPC,SLB,0.7073959186645372
MPC,TPL,0.5243245254517543
MPC,TRGP,0.6337757084484694
MPC,TROW,-0.5210731209240665
MPC,VLO,0.9150505094251021
MPC,XOM,0.7465225481626823
MPWR,NVDA,0.5333048034805644
MPWR,NXPI,0.6691795758201949
MPWR,ON,0.6740805577069504
MPWR,QCOM,0.43562588419273424
MPWR,SJM,-0.524825824117169
MPWR,SNPS,0.5318877359588208
MPWR,SWKS,0.5066014669134635
MPWR,TEL,0.4408585596877722
MPWR,TER,0.7226669185477436
MPWR,TXN,0.420706837437821
MPWR,WTW,-0.428600719714769
MRK,NOC,0.44016864454124843
MRK,ON,-0.41294712140548445
MRK,PFE,0.4127415485812119
MRK,PM,0.4423965510826287
MRK,SYY,0.40585270747407415
MRK,TMUS,0.4253119625689716
MRK,TROW,-0.4425752881733673
MRK,TRV,0.42992099755553653
MRK,UNH,0.4582540970730986
MRK,WRB,0.44843186368154686
MRNA,TFC,-0.48886129039594534
MS,NEM,-0.4170247869669134
MS,NTRS,0.5167146721058858
MS,PFG,0.41892592989320937
MS,PH,0.45882158317171684
MS,PRU,0.4858584458510271
MS,RF,0.5032604781700305
MS,RJF,0.5391735347573502
MS,SLB,0.4531588205720296
MS,STT,0.5207047370082496
MS,URI,0.4580461451810877
MS,USB,0.524339947002686
MS,VTRS,0.43662957018371235
MS,WEC,-0.4305037142995833
MS,WFC,0.5070889752046526
MS,XEL,-0.44093425089593347
MSCI,PFE,-0.4300016433752902
MSCI,PHM,0.41307586448002453
MSCI,PNR,0.47175231772756276
MSCI,SYK,0.41961607862451034
MSFT,MTB,-0.40328842230720774
MSFT,OTIS,-0.5187009180713718
MSFT,PAYC,0.40688252875313097
MSFT,PFG,-0.5025720998314328
MSFT,PH,-0.48982340088650855
MSFT,PNC,-0.4652665525393605
MSFT,PRU,-0.5614082080377579
MSFT,RF,-0.48949819468235056
MSFT,RJF,-0.47635795667313213
MSFT,ROST,-0.46374057162243687
MSFT,SLB,-0.4167022318841535
MSFT,STT,-0.4489361899691461
MSFT,TFC,-0.4071531016083895
MSFT,TJX,-0.48015186921840636
MSFT,TRV,-0.41023422360214984
MSFT,USB,-0.5604190157565998
MSFT,VTRS,-0.4759289954949306
MSFT,VZ,-0.4147794193252448
MSFT,WAB,-0.6082667608000095
MSFT,WFC,-0.4167381992738693
MSI,MTCH,-0.47607954355908255
MSI,NWS,-0.4027120117329064
MSI,PEP,0.40628654889744475
MSI,PGR,0.5502011230897006
MSI,POOL,-0.41314703335565356
MSI,RTX,0.5536906730370039
MSI,SLB,0.43344745601373247
MSI,TRMB,-0.4393563626277772
MSI,TRV,0.4042460230525468
MSI,UNH,0.42477230587363013
MSI,WM,0.4441257128865881
MSI,WRB,0.464451613591974
MTB,NXPI,-0.4958212211009049
MTB,PFG,0.4805830587429734
MTB,PNC,0.5304367748940186
MTB,PRU,0.5257562208728197
MTB,RF,0.6795683745134738
MTB,SNPS,-0.4256838420371273
MTB,STT,0.4483184703557865
MTB,TER,-0.41641676313679127
MTB,TFC,0.583494579141512
MTB,TRV,0.4191256902781291
MTB,TXN,-0.412488596488679
MTB,USB,0.5670965713693105
MTB,VTRS,0.5116941789056879
MTB,WFC,0.5428323757241975
MTD,RVTY,0.5942976772338482
MTD,TECH,0.40987508095162545
MTD,TMO,0.6697260330711712
MTD,WAT,0.783325727332465
MU,QCOM,0.5928441378930391
MU,STX,0.4002857261341583
MU,SWKS,0.5245109214911644
MU,TER,0.5483502757042213
MU,UNH,-0.40179337880124155
MU,WDC,0.568529942684654
MU,YUM,-0.4116794129899175
NCLH,RCL,0.7451681655244832
NCLH,UAL,0.4446295083241613
NDAQ,NEE,0.5221891653153208
NDAQ,NSC,0.4528374893855588
NDAQ,T,-0.48194563425631287
NDSN,SWK,0.42380932911500496
NDSN,TEL,0.41564816212919203
NEE,PEG,0.42329118600705445
NEE,PPL,0.40927411958542936
NEE,T,-0.41046820482597296
NEM,PH,-0.449943192565024
NEM,SBAC,0.46017151254491523
NEM,URI,-0.43618878576498427
NFLX,NWS,0.48773576238540706
NFLX,NWSA,0.48842601934571334
NFLX,OKE,-0.40586483366201104
NFLX,TRGP,-0.4167348331135489
NFLX,WMB,-0.44128190498874886
NI,O,0.6732443818663876
NI,PEG,0.688181786778855
NI,PEP,0.4913433592214402
NI,PG,0.43621287936154496
NI,PLD,0.4171568547512488
NI,PNW,0.7135112510597841
NI,PPL,0.7539953242311641
NI,PSA,0.40078255429943116
NI,REG,0.41201061862753885
NI,ROL,0.47826361051357497
NI,RSG,0.4625894395736832
NI,SJM,0.5725022603154043
NI,SO,0.6527473861365515
NI,SRE,0.6385089236480291
NI,UDR,0.4161656868546006
NI,VTR,0.41415509762050884
NI,WEC,0.7711074697304539
NI,WELL,0.43034332253696106
NI,WM,0.47229338898340806
NI,XEL,0.7399534831127238
NOC,PEP,0.4574726119866702
NOC,PFE,0.48462504495589975
NOC,RTX,0.6020416296725919
NOC,SJM,0.4081252991200308
NOW,PG,-0.40539478959925235
NOW,SJM,-0.4932940810737927
NOW,SYY,-0.40430190248204273
NSC,SWK,0.41064626275938965
NTAP,PAYX,0.41210267715817966
NTAP,SWK,0.4138687998347909
NTRS,OTIS,0.4469432336118846
NTRS,PFG,0.4409685535424034
NTRS,PH,0.45362053296686683
NTRS,PNC,0.4341407452232387
NTRS,PRU,0.5310760066149023
NTRS,RF,0.4105115978564533
NTRS,RJF,0.453467917874794
NTRS,SCHW,0.5536037579685452
NTRS,STT,0.5504935568941955
NTRS,URI,0.4883264995029093
NTRS,USB,0.4858977388428558
NTRS,WAB,0.43804023363673583
NTRS,WFC,0.5282589521616803
NUE,PKG,0.47018800224043555
NUE,STX,0.4030191608037259
NUE,UAL,0.41213081729900625
NUE,URI,0.5605497379589806
NUE,WYNN,0.4541574421582813
NVDA,NXPI,0.4150322916542587
NVDA,ON,0.43170527277096715
NVDA,QCOM,0.4181940904258986
NVDA,SNPS,0.6280017182054781
NVDA,TER,0.5740196399428344
NVDA,TRV,-0.45489634343431556
NVDA,VZ,-0.40118246077165476
NVR,PHM,0.6699677183456286
NVR,PNR,0.41835477022935325
NVR,TPR,0.4392278801369521
NWS,NWSA,0.9902979483494153
NWS,OMC,0.5054280045489836
NWSA,OMC,0.5071887765119406
NXPI,ON,0.6286931831786532
NXPI,QCOM,0.5191583302253351
NXPI,SJM,-0.45533979856470364
NXPI,SNPS,0.4464556932889509
NXPI,STX,0.41941055017308254
NXPI,SWKS,0.47879734984435957
NXPI,TEL,0.48023557846264153
NXPI,TER,0.666046314744774
NXPI,TXN,0.5734015430982918
O,PEG,0.4905012169859016
O,PLD,0.637551057182156
O,PNW,0.48935816037252317
O,PPL,0.6472395095235632
O,PSA,0.51250946552604
O,REG,0.6235462240722767
O,SBAC,0.42734635968324475
O,SO,0.43232546802602634
O,SPG,0.5473760388526411
O,SRE,0.5455295650233503
O,UDR,0.5110577218371642
O,VICI,0.577167879129655
O,VTR,0.5596865203094896
O,WEC,0.5899152109584542
O,WELL,0.6593646876454113
O,WM,0.40308988335787443
O,WY,0.40405513207221505
O,XEL,0.5570728405224438
ODFL,SYK,0.5273088479367095
OKE,OXY,0.5056992286551696
OKE,PSX,0.45326654755468554
OKE,SLB,0.7422241398014837
OKE,TPL,0.45092651510603754
OKE,TRGP,0.7790579119300148
OKE,VICI,0.41414831666048424
OKE,VLO,0.6252694520426962
OKE,WMB,0.5349967740114073
OKE,XOM,0.6643134937262257
OMC,TEL,0.408091046295592
OMC,VRTX,-0.48343517408293457
ON,PG,-0.4085360951154992
ON,PPL,-0.40349471013215316
ON,SJM,-0.5137541418677796
ON,SNPS,0.4416433964946543
ON,SWKS,0.5958798220466802
ON,TER,0.6606244541595241
ON,TXN,0.4018604389228885
ON,VZ,-0.43451394881171784
ON,ZBRA,0.4117954963841997
ORCL,ROP,0.4435970360817563
ORLY,PEP,0.4748254654967032
ORLY,PM,0.4025117518729197
OTIS,PH,0.5766033242743603
OTIS,PPG,0.41591006267514397
OTIS,SNA,0.47745819313228155
OTIS,TT,0.4877416585021684
OTIS,URI,0.40741996936740216
OTIS,WAB,0.6747190195925269
OXY,PSX,0.5506918364762722
OXY,SHW,-0.4450565267653985
OXY,SLB,0.6501625181596227
OXY,TPL,0.5176972952429246
OXY,TRGP,0.6013160655101057
OXY,VLO,0.6821118491685595
OXY,XOM,0.6206596520548514
PAYC,PFE,-0.46560297919351085
PAYC,SJM,-0.4146841131426858
PAYC,SNPS,0.40786922414974774
PAYC,TRMB,0.4060913945168377
PAYC,TRV,-0.4219479066472082
PAYC,TT,-0.4406719848223691
PAYC,WTW,-0.40117446676390695
PAYC,YUM,-0.41566456490335635
PAYX,VRSK,0.4027209904240129
PCAR,RTX,0.4737158231368428
PCAR,TJX,0.45875352054415136
PCAR,WAB,0.5476823348246344
PEG,PEP,0.5809386991047147
PEG,PG,0.46688118060069167
PEG,PNW,0.6139794209803169
PEG,PPL,0.7452331090372918
PEG,ROL,0.4444935732565468
PEG,RSG,0.5801661129979854
PEG,SJM,0.6414002522132506
PEG,SO,0.689950964648269
PEG,SRE,0.6937499575678024
PEG,WEC,0.7442101044745014
PEG,WM,0.564572292745838
PEG,XEL,0.7356411328297168
PEP,PFE,0.4333766061392167
PEP,PG,0.6234899566404902
PEP,PNW,0.4346454947276708
PEP,PPL,0.634776588932843
PEP,ROL,0.44576555120599104
PEP,RSG,0.5608547664108707
PEP,RTX,0.4232389431242638
PEP,SJM,0.7224119855790149
PEP,SO,0.659691371268744
PEP,SRE,0.42869175391896924
PEP,SYY,0.48586742315103487
PEP,TAP,0.42646385936599385
PEP,UNH,0.43694564620838805
PEP,WEC,0.5909150600152349
PEP,WM,0.6357769193499234
PEP,WMT,0.4753476215021542
PEP,XEL,0.6886888300713777
PEP,YUM,0.49936809807358834
PFE,PG,0.4450042760387062
PFE,RCL,-0.4122641180409766
PFE,SJM,0.4539623531854171
PFE,TSLA,-0.454805463776088
PFG,PGR,0.4133460378734385
PFG,PH,0.40559702767431
PFG,PNC,0.6014111243370891
PFG,PRU,0.7706347339251443
PFG,PSX,0.43205128379445595
PFG,RF,0.7006911517365055
PFG,RJF,0.5289268845940093
PFG,SLB,0.46917635763781457
PFG,SO,-0.40054176551906934
PFG,STT,0.6451170490527772
PFG,SYF,0.45312738595981916
PFG,TFC,0.5515916132359204
PFG,TRV,0.4317862712253572
PFG,URI,0.4216920241203705
PFG,USB,0.6351562832915528
PFG,VTRS,0.486661190184082
PFG,WEC,-0.4426818400121218
PFG,WFC,0.5759478594136066
PFG,WRB,0.5118646553935216
PFG,XEL,-0.4294125983948253
PG,PNW,0.44934978668185765
PG,PPL,0.5114627952426506
PG,SJM,0.6213400532538902
PG,SO,0.6564530440142106
PG,SWKS,-0.4000398683682256
PG,WEC,0.5002460784961371
PG,WM,0.47981402825320113
PG,WMT,0.4277523268502355
PG,XEL,0.5528724823863596
PG,YUM,0.4263227992349046
PGR,PNC,0.4796946148515187
PGR,PRU,0.5015803398607572
PGR,RF,0.507130307437943
PGR,RJF,0.4237533219333877
PGR,RTX,0.4973099477853327
PGR,T,0.4603385692716069
PGR,TDG,0.47007786054160217
PGR,TDY,0.4921671128380169
PGR,TRV,0.5284579036976901
PGR,USB,0.4854208389845257
PGR,WRB,0.6050378911596421
PH,PNC,0.4125333343357148
PH,PRU,0.46360152334344495
PH,RF,0.46004258010132965
PH,RJF,0.4709403293526651
PH,ROK,0.6098105725738975
PH,SNA,0.5481232358203084
PH,STT,0.4451151096758415
PH,TDG,0.5030168639758221
PH,TT,0.6211174131918049
PH,TXT,0.4417292333162647
PH,UAL,0.40105430560006666
PH,URI,0.5953793811502317
PH,USB,0.4333594204635185
PH,WAB,0.6575168144634413
PHM,PNR,0.6186091563204404
PHM,SWK,0.43492855092601385
PHM,TPR,0.4470289476389219
PHM,UPS,0.4066220659908393
PKG,URI,0.4551078837769588
PLD,PNW,0.4152080030932074
PLD,PPL,0.43984116531940864
PLD,PSA,0.5696997325054936
PLD,REG,0.512494000275636
PLD,SBAC,0.44010371818774124
PLD,SPG,0.6152081112216695
PLD,UDR,0.5781616197779831
PLD,VTR,0.6048846829481433
PLD,WELL,0.6334231935971046
PM,ROST,0.4103853338803371
PM,SJM,0.40773580518774505
PM,SYY,0.44204184007089514
PM,TJX,0.49202988828877287
PM,TMUS,0.4338416277519682
PM,WM,0.46476031954953084
PNC,PRU,0.6355650998477005
PNC,RF,0.7595865111962393
PNC,STT,0.5563432094592129
PNC,TFC,0.506315178004106
PNC,USB,0.7078414807274813
PNC,VTRS,0.48271826049561156
PNC,WFC,0.5536956159122625
PNR,POOL,0.4655220456671045
PNR,SNA,0.5433853030575316
PNR,SWK,0.6289471955544998
PNW,PPL,0.645264032780809
PNW,PSA,0.4258370753337274
PNW,RSG,0.401967264050328
PNW,SBAC,0.4788540323659722
PNW,SJM,0.513794173625847
PNW,SO,0.6491258692478986
PNW,SRE,0.5560454115517727
PNW,TAP,0.42116277310475686
PNW,VICI,0.41908496717914734
PNW,WEC,0.7032057457394916
PNW,XEL,0.6942116351480098
POOL,SWK,0.5902926714620552
POOL,UNH,-0.45043884625433683
POOL,ZBRA,0.5437109328104257
PPG,SHW,0.5198709231484623
PPG,XYL,0.4427020791641256
PPL,REG,0.453874757099779
PPL,ROL,0.5928066300007938
PPL,RSG,0.5154946020628811
PPL,SBAC,0.5356785402266557
PPL,SJM,0.5833574583339776
PPL,SO,0.7840233701623414
PPL,SRE,0.7292491330697155
PPL,SYY,0.5068909778326529
PPL,WEC,0.8170290550975174
PPL,WM,0.540687777469765
PPL,XEL,0.836971711259538
PPL,YUM,0.41197340454238723
PRU,RF,0.7616709062986309
PRU,RJF,0.602366243573481
PRU,SCHW,0.4270069300952118
PRU,SLB,0.5425896682421195
PRU,STT,0.8090723530112042
PRU,SYF,0.4653376049844562
PRU,TDG,0.5501263240885536
PRU,TFC,0.60823023626522
PRU,TROW,-0.4511755698164674
PRU,TRV,0.528444973075612
PRU,TXT,0.426783428028977
PRU,TYL,-0.41528487242655493
PRU,URI,0.5483175442358941
PRU,USB,0.7126303831311881
PRU,VTRS,0.4237601328350179
PRU,WAB,0.46669800923149435
PRU,WEC,-0.4354178221366805
PRU,WFC,0.7122883361864308
PRU,WRB,0.6264986540979827
PSA,SBAC,0.49826397568208214
PSA,SPG,0.41108845381791076
PSA,UDR,0.43744593100969986
PSA,VICI,0.5751328754083149
PSA,WEC,0.4564595748159551
PSA,WELL,0.442693869408894
PSA,WFC,-0.4134816657658681
PSA,XEL,0.4700258075599114
PSKY,SWK,0.42479526497214554
PSKY,ULTA,0.415026197910647
PSKY,WBD,0.6351537323313681
PSX,SLB,0.5692559802660622
PSX,STT,0.4099905264666023
PSX,TPL,0.4452195638171081
PSX,TRGP,0.5343727473170733
PSX,TYL,-0.412316062157902
PSX,VLO,0.7525253028628814
PSX,XOM,0.5527044045163483
PTC,QCOM,0.5701422970575408
PTC,SWKS,0.4172718712764674
PTC,TDG,0.4471926059828293
QCOM,STX,0.4540871483782912
QCOM,SWKS,0.5161843953798356
QCOM,TER,0.5394160822111421
QCOM,TXN,0.44979350822328656
RCL,SO,-0.4122152283260284
RCL,TDG,0.4648255331149431
RCL,UAL,0.5890950064396783
RCL,UBER,0.40891450663496237
RCL,WEC,-0.4281324236493005
RCL,WM,-0.41748539614118335
REG,SPG,0.64309115303643
REG,UDR,0.4625713151203684
REG,VICI,0.509721961092041
REG,VTR,0.49681495721113783
REG,WELL,0.547120028194071
REGN,VRTX,0.47353793906456265
RF,RJF,0.5312219079015768
RF,SLB,0.5078620229117987
RF,STT,0.7134793147647227
RF,SYF,0.4973675988785392
RF,TDG,0.4119821080238184
RF,TFC,0.6237185560119054
RF,TRGP,0.4062026830667911
RF,TRV,0.45764759430989527
RF,TXT,0.4238733316809077
RF,URI,0.4276471530019296
RF,USB,0.7090637457729632
RF,VTRS,0.5099793538050174
RF,WAB,0.4192061836174103
RF,WEC,-0.43890274660321343
RF,WFC,0.6927523996798398
RF,WRB,0.5042238966215679
RF,XEL,-0.45143192043756963
RJF,SBAC,-0.4099760691287446
RJF,SCHW,0.5773097431469985
RJF,SLB,0.5819783000009853
RJF,STT,0.6370809367152532
RJF,TDG,0.5759653323587235
RJF,TFC,0.43415938528660725
RJF,TJX,0.4124105941536518
RJF,USB,0.6181085188000255
RJF,WAB,0.5211960471925915
RJF,WEC,-0.4148024838259027
RJF,WFC,0.5380359117018317
RJF,WRB,0.5425727250486639
RL,SWK,0.4049629956816822
RL,TPR,0.6157455369209681
RL,ULTA,0.45353395652485673
ROK,SNA,0.5099941608223518
ROK,TT,0.6405766883133732
ROK,WAB,0.47494321038128007
ROL,ROP,0.41046047776535377
ROL,RSG,0.5527986670439434
ROL,SO,0.46672894634287765
ROL,WEC,0.5348144903564523
ROL,WM,0.500167633576122
ROL,XEL,0.425002865806461
ROL,YUM,0.45684176325714165
ROST,SBUX,0.4809579974245723
ROST,TDY,0.4452291498987613
ROST,TJX,0.7559051130038859
ROST,WRB,0.42115128625978737
ROST,YUM,0.43994924816129033
RSG,SJM,0.5111916507898331
RSG,SO,0.528071836078756
RSG,SRE,0.4911383980315457
RSG,SYY,0.4642149960485521
RSG,UAL,-0.4199400247303318
RSG,WEC,0.5205834423451698
RSG,WM,0.8731983389225739
RSG,XEL,0.4896820866254871
RSG,YUM,0.4218670938268057
RTX,SJM,0.43534200291069713
RTX,TJX,0.40944046369617415
RTX,TRMB,-0.4073812368402047
RTX,TROW,-0.4603687844685283
RTX,TRV,0.5649781781503481
RTX,WRB,0.4114342379827928
RVTY,TECH,0.4627694128356091
RVTY,TJX,-0.4419469791822896
RVTY,TMO,0.561760784507039
RVTY,WAT,0.6863540612921115
SBAC,SO,0.4373679419810722
SBAC,UDR,0.40256895087751715
SBAC,WEC,0.5484274364810325
SBAC,XEL,0.6089693132841038
SBUX,VZ,0.40446739327988707
SBUX,YUM,0.40548598782066186
SCHW,STT,0.5305548538246349
SCHW,TFC,0.4991540507358116
SCHW,USB,0.4620714776151434
SCHW,WFC,0.5058112562578883
SCHW,WRB,0.40653341559377926
SHW,STX,-0.5278449388495395
SHW,STZ,0.4353894298072561
SHW,VLO,-0.4369805486014695
SHW,WDC,-0.4339579642949883
SJM,SO,0.5793721681796337
SJM,SRE,0.4177813247600615
SJM,SWKS,-0.4386280092629731
SJM,SYY,0.42680477362519975
SJM,TER,-0.4257153532201607
SJM,WEC,0.5735141560855854
SJM,WM,0.5425958453224923
SJM,XEL,0.611109437762274
SJM,YUM,0.45729916912992297
SLB,STT,0.5496774382081119
SLB,TDG,0.5288516834228566
SLB,TPL,0.47765870351994066
SLB,TRGP,0.7345322748274883
SLB,TROW,-0.4455695549350202
SLB,URI,0.4304794684764499
SLB,USB,0.43543454637220647
SLB,VLO,0.6967868153482804
SLB,WRB,0.5235899666070518
SLB,WTW,0.4065370396958139
SLB,XOM,0.7661700256480865
SNA,SWK,0.546593824201023
SNA,TT,0.6043387311166164
SNA,WAB,0.4759200996659887
SNPS,TER,0.4764413937309438
SNPS,TRV,-0.41962363564883326
SO,SRE,0.5847628701137773
SO,STT,-0.401234569927797
SO,URI,-0.40127369840410376
SO,WEC,0.8473333985072448
SO,WM,0.5566671980789574
SO,XEL,0.8588426562463093
SPG,UDR,0.4414002869583257
SPG,VICI,0.5340936229117743
SPG,VTR,0.4254190312666929
SPG,WAB,0.43850685806996653
SPG,WELL,0.5161689871968573
SPG,WY,0.4182705344919839
SRE,SYY,0.42530260504069173
SRE,VICI,0.4302232659727336
SRE,WEC,0.6144027576879717
SRE,WM,0.43202512348723227
SRE,XEL,0.5973081506629463
STT,SYF,0.5324135580105398
STT,TDG,0.5847926274906199
STT,TFC,0.6483812193461109
STT,TXT,0.4325383184302917
STT,URI,0.615425799952024
STT,USB,0.7295023773911566
STT,WAB,0.4475339532382497
STT,WEC,-0.5133539448802273
STT,WFC,0.7556700736136692
STT,WRB,0.503367941605246
STT,XEL,-0.47079517207787197
STX,WDC,0.7053460576266336
STZ,TAP,0.4462925870328769
STZ,WDC,-0.40513408804402995
SWK,TGT,0.45317491489759315
SWK,TROW,0.4148020985201086
SWKS,TER,0.5173690238585104
SWKS,TTWO,0.40762570968171896
SWKS,VZ,-0.4670464847386919
SYF,TFC,0.41477696589555824
SYF,USB,0.45234415420710034
SYF,WFC,0.4085373637090414
SYY,WM,0.4857619767027647
T,TDY,0.5509643606122888
T,VZ,0.4889728068819118
T,WBD,0.40711022056032264
TDG,TJX,0.413469137256874
TDG,TROW,-0.4335372236739025
TDG,URI,0.5099938457548157
TDG,USB,0.46026403325530696
TDG,WAB,0.4628539243767388
TDG,WEC,-0.406651311220726
TDG,WFC,0.454289449000046
TDG,WRB,0.5372200993939128
TDY,TJX,0.4181969956200218
TDY,USB,0.4288401463908678
TECH,TMO,0.49488891768891685
TECH,WAT,0.4957963246316126
TEL,TER,0.429806339096847
TEL,TROW,0.4056309137635246
TEL,TXN,0.4845985843965585
TEL,UNH,-0.4360737104051562
TEL,ZBRA,0.43559342039914895
TER,TXN,0.6234643629288342
TER,ZBRA,0.4494936740503494
TFC,USB,0.7495862610132845
TFC,WEC,-0.4022933782045584
TFC,WFC,0.5598928931032965
TJX,TMUS,0.49545734173614203
TJX,WRB,0.4271945591854162
TMO,WAT,0.7947553294626438
TMUS,VZ,0.5067514273210321
TPL,TRGP,0.5242918200571697
TPL,VLO,0.5606964524422462
TPL,XOM,0.5518472801960518
TPR,TRMB,0.4446868608469217
TPR,WYNN,0.4578275757052645
TRGP,VLO,0.6371748428238178
TRGP,WMB,0.5598814930022991
TRGP,XOM,0.6255105320103128
TRMB,TYL,0.4433350828762086
TRMB,WTW,-0.5305386280477503
TROW,TRV,-0.5179228087629428
TROW,VLO,-0.4221060697712066
TROW,WFC,-0.4037868551487909
TROW,WRB,-0.5357891957610277
TROW,XOM,-0.4618176535531572
TRV,TYL,-0.45991783201293085
TRV,WAB,0.4031055974281784
TRV,WRB,0.7183680575304685
TRV,XOM,0.4116921967506984
TT,WAB,0.4443440611784094
TXT,URI,0.5388206787211797
TXT,WAB,0.43495488309672153
TYL,WRB,-0.4275292056989933
TYL,WST,0.43407272829530347
UAL,WBD,0.5604960541838789
UAL,WM,-0.409582266813146
UBER,VRTX,-0.4483579259967447
UDR,VTR,0.44319101849026404
UDR,WELL,0.562458649395657
UNH,WM,0.4306318155485842
UNH,ZBRA,-0.4098071614406319
URI,USB,0.4471832678310292
URI,WAB,0.49390812316955596
URI,WEC,-0.4255851203101302
URI,XEL,-0.42180914425527266
USB,VTRS,0.44206708029435415
USB,WAB,0.4410393311420907
USB,WEC,-0.4319988046755806
USB,WFC,0.6554788486472088
USB,WRB,0.45360909443691266
USB,XEL,-0.43307792978296084
VICI,WELL,0.4790902895111424
VLO,XOM,0.7658842335310679
VTR,WELL,0.7770722503420835
VTRS,WFC,0.4188128141303001
WDC,XYL,-0.49755674395440325
WEC,WFC,-0.4359187122211788
WEC,WM,0.5490620358837379
WEC,XEL,0.9186916299196052
WFC,WRB,0.4262217845536159
WFC,XEL,-0.4504077104711152
WM,XEL,0.537249961160606
WM,YUM,0.42509300725123605
WST,ZBRA,0.4314795326717662
