ticker1,ticker2,Correlation,n,pval,Source_Cluster,Target_Cluster,Edge_Type
A,ABBV,0.4457883325378194,62,0.0003176367510672102,5,5,Internal
A,AME,0.47425679819167316,62,0.00011286124970325918,5,1,External
A,APTV,0.42375299813651435,62,0.0006664619681589995,5,1,External
A,AVY,0.41399131605871464,62,0.0009110590102012468,5,1,External
A,BAX,0.5045120296647313,62,3.385293074516979e-05,5,5,Internal
A,BIIB,0.6136214573898273,62,1.4544690572797976e-07,5,5,Internal
A,BMY,0.6137693582682331,62,1.441707205053317e-07,5,5,Internal
A,CBRE,0.4669374044833918,62,0.00014854909176548076,5,1,External
A,CDW,0.41241041987244287,62,0.0009575342970339834,5,1,External
A,CMI,0.41108574933660486,62,0.0009981124215225048,5,1,External
A,CRL,0.5093792749414602,62,2.759134183987501e-05,5,5,Internal
A,DD,0.4495785708401462,62,0.0002781922179713826,5,1,External
A,DHR,0.7516807369944138,62,2.9379556801076683e-12,5,5,Internal
A,DOW,0.4116987973141968,62,0.0009791442512527056,5,2,External
A,FTV,0.42733954152931974,62,0.0005927361776682765,5,1,External
A,GILD,0.5137469025057207,62,2.2903696379121506e-05,5,5,Internal
A,IEX,0.4053502725996218,62,0.001192292225214162,5,1,External
A,INCY,0.459471582608258,62,0.00019536305113856695,5,5,Internal
A,IQV,0.7945010083285382,62,2.136669474107901e-14,5,5,Internal
A,ITW,0.4513672269907632,62,0.0002611776652792746,5,1,External
A,LEN,0.45424202339867886,62,0.00023581243040602588,5,1,External
A,LH,0.45929701124299266,62,0.00019660373675907842,5,5,Internal
A,LYB,0.506714182664111,62,3.087281463050866e-05,5,2,External
A,MAS,0.4924023928850711,62,5.5567357733021135e-05,5,1,External
A,MDT,0.4221689196364922,62,0.0007015925575349303,5,5,Internal
A,MRK,0.5279707840791378,62,1.226611332155233e-05,5,5,Internal
A,MRNA,0.5080912461567408,62,2.9134674666030036e-05,5,5,Internal
A,MTD,0.8525207728876972,62,2.870135600714614e-18,5,5,Internal
A,NFLX,-0.4092327707289527,62,0.0010574763893487203,5,4,External
A,NSC,0.4276084760121073,62,0.0005875178562667564,5,1,External
A,PFE,0.5270190962347473,62,1.2800744825451244e-05,5,5,Internal
A,PNC,0.404858993145702,62,0.0012104102621483352,5,1,External
A,REGN,0.4212461702951579,62,0.0007228210154251779,5,5,Internal
A,RVTY,0.8513018413433487,62,3.593508095470585e-18,5,5,Internal
A,SWK,0.5096982898432068,62,2.722097296526971e-05,5,1,External
A,TECH,0.7877952896139804,62,4.973436819952815e-14,5,5,Internal
A,TMO,0.7996698118650929,62,1.0902904181043548e-14,5,5,Internal
A,UPS,0.43705488961718253,62,0.0004286449776694081,5,1,External
A,VTRS,0.5516292233983433,62,4.069638606700003e-06,5,5,Internal
A,WAT,0.8174828818709415,62,9.152903780691857e-16,5,5,Internal
A,WY,0.4104292077013401,62,0.0010187932144171343,5,1,External
A,ZBRA,0.4433743912886388,62,0.00034534930978122346,5,1,External
AAPL,DXCM,-0.4390059480744027,62,0.0004011622457225339,12,1,External
AAPL,XYZ,0.48822802476212324,62,6.56373542682386e-05,12,12,Internal
ABBV,AMGN,0.6053744675575216,62,2.360768583584831e-07,5,5,Internal
ABBV,BIIB,0.5786291334572985,62,1.037444425044335e-06,5,5,Internal
ABBV,BMY,0.6704364069453053,62,3.4093664575501277e-09,5,5,Internal
ABBV,DGX,0.4314698322951912,62,0.000517047637473667,5,4,External
ABBV,DHR,0.46200248397768956,62,0.00017816270441641153,5,5,Internal
ABBV,GILD,0.5050687088928439,62,3.3075443080955854e-05,5,5,Internal
ABBV,INCY,0.4454673946650957,62,0.00032120043221026595,5,5,Internal
ABBV,IQV,0.5124859858652163,62,2.4174947583071487e-05,5,5,Internal
ABBV,JNJ,0.4114220396644068,62,0.00098766671178343,5,5,Internal
ABBV,LH,0.4273390426748512,62,0.0005927458962097772,5,5,Internal
ABBV,LLY,0.42784462183227845,62,0.000582970143231981,5,5,Internal
ABBV,MDT,0.4445807367415118,62,0.0003312361358836345,5,5,Internal
ABBV,MRK,0.6276608094976748,62,6.171953004675569e-08,5,5,Internal
ABBV,MRNA,0.40767857419800985,62,0.001109701625056865,5,5,Internal
ABBV,MTD,0.4754097262884666,62,0.00010801954190346603,5,5,Internal
ABBV,PFE,0.6449802728555621,62,2.0175460840842455e-08,5,5,Internal
ABBV,TECH,0.47015526831711507,62,0.00013174737040000083,5,5,Internal
ABBV,TMO,0.4507390646755317,62,0.00026704164731361057,5,5,Internal
ABBV,VRTX,0.5172777841089599,62,1.9665951102699056e-05,5,5,Internal
ABBV,VTRS,0.4266257569110532,62,0.000606790651789872,5,5,Internal
ABBV,WAT,0.4726165189842912,62,0.00012009371851929523,5,5,Internal
ABBV,WST,0.4412282477687491,62,0.0003718186360385425,5,5,Internal
ABBV,ZTS,0.46228514766031775,62,0.000176330386805761,5,5,Internal
ABT,ACGL,0.48259879121671484,62,8.188807140996958e-05,4,4,Internal
ABT,AEE,0.5597738250345802,62,2.728860578885083e-06,4,4,Internal
ABT,AEP,0.5379012155161556,62,7.798172252768244e-06,4,4,Internal
ABT,AFL,0.41245907749189864,62,0.0009560725407090681,4,4,Internal
ABT,AJG,0.4430177133846263,62,0.00034962584294220643,4,4,Internal
ABT,ALL,0.4090657207582958,62,0.001062981475241522,4,4,Internal
ABT,AMT,0.5644189915906472,62,2.162254123960921e-06,4,4,Internal
ABT,AMZN,-0.502768988311536,62,3.639804810260586e-05,4,1,External
ABT,APD,0.49983484816786394,62,4.108539779648835e-05,4,5,External
ABT,ATO,0.5593011824341927,62,2.7937019947257157e-06,4,4,Internal
ABT,AWK,0.5703022243574702,62,1.6020196009168315e-06,4,4,Internal
ABT,BMY,0.4131139061552265,62,0.0009365953024748735,4,5,External
ABT,BSX,0.45235116273696285,62,0.0002522284872530713,4,4,Internal
ABT,CB,0.6120591631080416,62,1.595931424239126e-07,4,4,Internal
ABT,CBOE,0.449343872719983,62,0.00028049832867692607,4,4,Internal
ABT,CCI,0.6114142250421261,62,1.6580252451262155e-07,4,4,Internal
ABT,CINF,0.41468914392459216,62,0.0008911998797495204,4,4,Internal
ABT,CL,0.4430336979466448,62,0.0003494331617054538,4,4,Internal
ABT,CME,0.4702964644238519,62,0.0001310517359313072,4,4,Internal
ABT,CMS,0.49925394193522193,62,4.207714095829855e-05,4,4,Internal
ABT,CTAS,0.4646151743772885,62,0.00016187115773955905,4,4,Internal
ABT,D,0.5029960962471629,62,3.605669406535024e-05,4,4,Internal
ABT,DTE,0.5073032040385933,62,3.0117924590596227e-05,4,4,Internal
ABT,DUK,0.6280381012761939,62,6.02784129352872e-08,4,4,Internal
ABT,EA,0.40909220130779705,62,0.0010621070971880379,4,4,Internal
ABT,ECL,0.4965831862576392,62,4.6927848714233786e-05,4,4,Internal
ABT,ED,0.4906778299737147,62,5.954095086069112e-05,4,4,Internal
ABT,ELV,0.4261854010877287,62,0.000615611267706871,4,4,Internal
ABT,ETR,0.4205115672940372,62,0.0007401347309474083,4,4,Internal
ABT,EVRG,0.44837833169086916,62,0.00029017029845301504,4,4,Internal
ABT,EXC,0.5583444152619053,62,2.929391011697651e-06,4,4,Internal
ABT,FE,0.5595205895938962,62,2.763424726034422e-06,4,4,Internal
ABT,HIG,0.48947230910448225,62,6.247247320019079e-05,4,4,Internal
ABT,ICE,0.4683364711798072,62,0.00014101626190520558,4,4,Internal
ABT,INVH,0.41664603492878205,62,0.0008375771786889656,4,4,Internal
ABT,IRM,0.5059507712449871,62,3.1877263669034035e-05,4,12,External
ABT,JNJ,0.5538523766308384,62,3.6528406072577843e-06,4,5,External
ABT,KDP,0.5035355896806897,62,3.525764419204753e-05,4,4,Internal
ABT,KMB,0.43395943700687095,62,0.00047577668323697304,4,4,Internal
ABT,KO,0.563936278848387,62,2.2155504850107267e-06,4,4,Internal
ABT,KR,0.450806828334772,62,0.0002664033296110737,4,4,Internal
ABT,L,0.44175636654925454,62,0.00036513912982774534,4,4,Internal
ABT,LIN,0.46255140322059646,62,0.00017462023441520394,4,4,Internal
ABT,MA,0.4618989546416906,62,0.00017883816656787439,4,4,Internal
ABT,MCD,0.5117779318160136,62,2.491716152147407e-05,4,4,Internal
ABT,MCK,0.44336953447572636,62,0.00034540722098175963,4,4,Internal
ABT,MCO,0.55193201307913,62,4.010371003805503e-06,4,4,Internal
ABT,MDLZ,0.40668266467699304,62,0.0011443766499058465,4,5,External
ABT,MDT,0.5291671757462645,62,1.1623452132997624e-05,4,5,External
ABT,META,-0.48287215960696056,62,8.102030582262817e-05,4,1,External
ABT,MMC,0.40346321730079165,62,0.0012632450492561266,4,4,Internal
ABT,MO,0.499436696802774,62,4.176277593802504e-05,4,4,Internal
ABT,MSCI,0.4264643461717391,62,0.0006100104259835817,4,12,External
ABT,NI,0.4739798573225894,62,0.00011405357665733099,4,4,Internal
ABT,O,0.40436604190068676,62,0.0012288385714356916,4,4,Internal
ABT,OTIS,0.468737799276304,62,0.00013892105217268625,4,4,Internal
ABT,PEP,0.4130084620222359,62,0.0009397072462362375,4,5,External
ABT,PM,0.4741722435390808,62,0.00011322406688164206,4,4,Internal
ABT,PNW,0.5864556700704393,62,6.819952232049558e-07,4,4,Internal
ABT,PPL,0.5592721954939662,62,2.797725173227625e-06,4,4,Internal
ABT,ROL,0.5490149377163508,62,4.616440544465588e-06,4,4,Internal
ABT,ROP,0.40332579740420244,62,0.0012685573888792667,4,4,Internal
ABT,RSG,0.49509333761310376,62,4.985316827154915e-05,4,4,Internal
ABT,SBAC,0.5610941148173385,62,2.555104558242332e-06,4,4,Internal
ABT,SO,0.6032803867124912,62,2.6639223034338004e-07,4,4,Internal
ABT,SPGI,0.4481678847090616,62,0.0002923183564660124,4,4,Internal
ABT,SRE,0.4477616048161886,62,0.00029650639668577286,4,4,Internal
ABT,STE,0.5628662664754271,62,2.3381011439955302e-06,4,5,External
ABT,SYK,0.5465639409170973,62,5.190645651915199e-06,4,5,External
ABT,SYY,0.46393168341438346,62,0.0001659957438999443,4,4,Internal
ABT,T,0.4951378437992971,62,4.9763394770575344e-05,4,4,Internal
ABT,TRV,0.5221407166757686,62,1.589791213136286e-05,4,4,Internal
ABT,V,0.42901776766991156,62,0.0005608472846088565,4,4,Internal
ABT,VICI,0.434768894980017,62,0.00046301741420724893,4,4,Internal
ABT,VRSK,0.4692364750504643,62,0.00013635742160590596,4,4,Internal
ABT,VZ,0.5233561406941788,62,1.506711015492238e-05,4,4,Internal
ABT,WEC,0.5101152819063294,62,2.67437957461619e-05,4,4,Internal
ABT,WELL,0.4215333166719658,62,0.0007161535528911725,4,4,Internal
ABT,WM,0.49814882996652354,62,4.402515472854236e-05,4,4,Internal
ABT,WRB,0.5013745910264845,62,3.8560248772580766e-05,4,4,Internal
ABT,XEL,0.528417375662666,62,1.202245212907117e-05,4,4,Internal
ACGL,ADI,-0.4089423213625691,62,0.001067064638689426,4,1,External
ACGL,ADP,0.6298018417542762,62,5.395261657690719e-08,4,4,Internal
ACGL,AEE,0.6660264046506486,62,4.696562976325753e-09,4,4,Internal
ACGL,AEP,0.6408791197380319,62,2.645850215351208e-08,4,4,Internal
ACGL,AFL,0.7384986493454412,62,1.0995066641151608e-11,4,4,Internal
ACGL,AIG,0.8472950804532522,62,7.41939028303175e-18,4,4,Internal
ACGL,AIZ,0.6848437417458461,62,1.1518036118431832e-09,4,4,Internal
ACGL,AJG,0.7545756562998112,62,2.174633233263633e-12,4,4,Internal
ACGL,ALL,0.8556454266155279,62,1.598141651344806e-18,4,4,Internal
ACGL,AMAT,-0.5168907860077231,62,1.9998877820243348e-05,4,1,External
ACGL,AMD,-0.492975812196607,62,5.430131907446728e-05,4,1,External
ACGL,AMT,0.43932258800082563,62,0.0003968564304865575,4,4,Internal
ACGL,AMZN,-0.50775305595285,62,2.9552940913220453e-05,4,1,External
ACGL,AON,0.620850355450773,62,9.40385951418121e-08,4,4,Internal
ACGL,ATO,0.6597985328616643,62,7.3166168543076495e-09,4,4,Internal
ACGL,AWK,0.5854190643963352,62,7.214155641965011e-07,4,4,Internal
ACGL,AZO,0.4305162776622289,62,0.0005336972818645484,4,4,Internal
ACGL,BBY,-0.4817824774093645,62,8.453051134662633e-05,4,1,External
ACGL,BR,0.4643288340924132,62,0.000163587534466025,4,4,Internal
ACGL,BRK-B,0.5119264914100593,62,2.4759706625501013e-05,4,4,Internal
ACGL,BRO,0.6351841373326897,62,3.8299480940541174e-08,4,4,Internal
ACGL,CAH,0.4574943987380506,62,0.0002098433170805772,4,4,Internal
ACGL,CB,0.8350762253282844,62,5.991860505114588e-17,4,4,Internal
ACGL,CBOE,0.5510909714031026,62,4.177018042630309e-06,4,4,Internal
ACGL,CCI,0.4573564051377343,62,0.0002108896991304351,4,4,Internal
ACGL,CHD,0.4288271262903853,62,0.0005643897079038576,4,5,External
ACGL,CI,0.5417147255141688,62,6.527979990508331e-06,4,4,Internal
ACGL,CINF,0.8471517505240346,62,7.61138777649472e-18,4,4,Internal
ACGL,CL,0.4739432971548837,62,0.00011421184263783407,4,4,Internal
ACGL,CME,0.5967117963214508,62,3.869782509931421e-07,4,4,Internal
ACGL,CMS,0.583115008078187,62,8.168200529482376e-07,4,4,Internal
ACGL,CNP,0.4741126272309114,62,0.00011348051937785475,4,4,Internal
ACGL,COR,0.40970625724792625,62,0.001042012112416222,4,4,Internal
ACGL,COST,0.5367469883748257,62,8.225798461113147e-06,4,4,Internal
ACGL,CTAS,0.6789370982301314,62,1.8104919771666574e-09,4,4,Internal
ACGL,CTVA,0.4763660926041257,62,0.00010414893660684096,4,2,External
ACGL,D,0.5141091720818235,62,2.2550084681536745e-05,4,4,Internal
ACGL,DTE,0.5988463620859031,62,3.430725143159544e-07,4,4,Internal
ACGL,DUK,0.5926399695508562,62,4.857467321265471e-07,4,4,Internal
ACGL,EA,0.4898032096961586,62,6.165483096692192e-05,4,4,Internal
ACGL,ECL,0.4228004885249891,62,0.000687389940193285,4,4,Internal
ACGL,ED,0.5611445084604452,62,2.5486820458753495e-06,4,4,Internal
ACGL,EG,0.7729325098308046,62,2.9164028453841984e-13,4,4,Internal
ACGL,EIX,0.4497778451514897,62,0.00027624777568001433,4,4,Internal
ACGL,ELV,0.42594427204734087,62,0.000620490328765073,4,4,Internal
ACGL,ES,0.4555357382599266,62,0.00022514972966429771,4,4,Internal
ACGL,ETR,0.48679964130682296,62,6.945236166203697e-05,4,4,Internal
ACGL,EXC,0.61348200859359,62,1.4665989815368073e-07,4,4,Internal
ACGL,FE,0.6231236508920546,62,8.179901097936358e-08,4,4,Internal
ACGL,GD,0.5094686548425065,62,2.7487106079897185e-05,4,2,External
ACGL,GE,0.4296165375459031,62,0.0005498519446794915,4,4,Internal
ACGL,GL,0.6655790089664801,62,4.850232799922504e-09,4,4,Internal
ACGL,HCA,0.5011543640640462,62,3.891240196509155e-05,4,4,Internal
ACGL,HIG,0.8773830888100411,62,1.7841310271365653e-20,4,4,Internal
ACGL,HII,0.42388998206311895,62,0.0006635001739055328,4,2,External
ACGL,HPQ,-0.4115828788904443,62,0.0009827057311237414,4,1,External
ACGL,HRL,0.4054878801038654,62,0.0011872613040497194,4,5,External
ACGL,ICE,0.5351126565048357,62,8.868732497641031e-06,4,4,Internal
ACGL,JKHY,0.5300272297933593,62,1.1180953263284391e-05,4,4,Internal
ACGL,JNJ,0.4092247445219569,62,0.0010577403020696622,4,5,External
ACGL,KDP,0.523087722589232,62,1.5247040406169743e-05,4,4,Internal
ACGL,KLAC,-0.48636936646569917,62,7.064098774215257e-05,4,1,External
ACGL,KMB,0.45524874453348735,62,0.0002274763221913751,4,4,Internal
ACGL,KMI,0.5316012279336253,62,1.0411429463270265e-05,4,4,Internal
ACGL,KO,0.5422785829357346,62,6.357434704102514e-06,4,4,Internal
ACGL,KR,0.47754561875403195,62,9.955083336598807e-05,4,4,Internal
ACGL,KVUE,0.4993080601440153,62,4.198382262277723e-05,4,4,Internal
ACGL,L,0.7872656290456161,62,5.309770169762468e-14,4,4,Internal
ACGL,LIN,0.5022619217339475,62,3.71710055275616e-05,4,4,Internal
ACGL,LMT,0.43716729814426253,62,0.00042701625640619755,4,2,External
ACGL,LNT,0.5453997452908012,62,5.4861121955444975e-06,4,4,Internal
ACGL,LRCX,-0.5861254313118098,62,6.943287362764641e-07,4,1,External
ACGL,MCD,0.5386079692575508,62,7.546643560339431e-06,4,4,Internal
ACGL,MCHP,-0.40702341401316405,62,0.0011324043640566202,4,1,External
ACGL,MCK,0.5305937134609903,62,1.0898107315907472e-05,4,4,Internal
ACGL,MCO,0.5082150624712185,62,2.8982916770091893e-05,4,4,Internal
ACGL,META,-0.40115689608464067,62,0.001355105507979584,4,1,External
ACGL,MKC,0.4234668499233644,62,0.0006726875778819343,4,4,Internal
ACGL,MMC,0.6509620602585698,62,1.3486395350806907e-08,4,4,Internal
ACGL,MO,0.489167474112676,62,6.323454406611953e-05,4,4,Internal
ACGL,MPWR,-0.6347381832213754,62,3.9412375999742743e-08,4,1,External
ACGL,NEE,0.42498239753164807,62,0.0006403038037995043,4,4,Internal
ACGL,NI,0.49048521448174864,62,6.000066211632838e-05,4,4,Internal
ACGL,NVDA,-0.4834256106843016,62,7.928932381803295e-05,4,1,External
ACGL,NXPI,-0.4758178536216969,62,0.00010635187991895363,4,1,External
ACGL,O,0.450019687729591,62,0.0002739046359100957,4,4,Internal
ACGL,ON,-0.46618059493120273,62,0.00015277599581061218,4,1,External
ACGL,ORLY,0.4704239689464293,62,0.00013042645440481553,4,4,Internal
ACGL,OTIS,0.5221547791916759,62,1.588806121379896e-05,4,4,Internal
ACGL,PAYX,0.4906651604746109,62,5.957108878630826e-05,4,4,Internal
ACGL,PCG,0.45493320226817907,62,0.00023005970303791146,4,4,Internal
ACGL,PEG,0.6197680736903561,62,1.0045406830906857e-07,4,4,Internal
ACGL,PG,0.5232374480069978,62,1.5146429550764699e-05,4,4,Internal
ACGL,PGR,0.7152178215852064,62,9.423731412213044e-11,4,4,Internal
ACGL,PM,0.48374950124931415,62,7.829217941568034e-05,4,4,Internal
ACGL,PNW,0.5996088795496686,62,3.2855696546401574e-07,4,4,Internal
ACGL,PPL,0.6920685844178672,62,6.528451365865683e-10,4,4,Internal
ACGL,ROL,0.67101489225569,62,3.2677732102778307e-09,4,4,Internal
ACGL,ROP,0.49104050924577153,62,5.868415728503261e-05,4,4,Internal
ACGL,RSG,0.6093390610831847,62,1.8736095552235085e-07,4,4,Internal
ACGL,SBAC,0.518146676787292,62,1.893709905715521e-05,4,4,Internal
ACGL,SO,0.5492202794358358,62,4.571128568727309e-06,4,4,Internal
ACGL,SPGI,0.45743459354394467,62,0.00021029622520638195,4,4,Internal
ACGL,SRE,0.5679264657990971,62,1.8095206855184892e-06,4,4,Internal
ACGL,SWKS,-0.5344470086349069,62,9.143753283155139e-06,4,1,External
ACGL,SYY,0.434828313244146,62,0.00046209318472469513,4,4,Internal
ACGL,T,0.41336811185451033,62,0.0009291312000729431,4,4,Internal
ACGL,TER,-0.48372236158078624,62,7.83752874711172e-05,4,1,External
ACGL,TJX,0.4395641646725674,62,0.00039359969157987026,4,5,External
ACGL,TMUS,0.446032069513477,62,0.00031495443230278173,4,4,Internal
ACGL,TRV,0.8785967320168512,62,1.3542256758133694e-20,4,4,Internal
ACGL,TSN,0.40622339757453624,62,0.0011606933787410786,4,4,Internal
ACGL,UHS,0.4512250494099952,62,0.00026249452039406844,4,4,Internal
ACGL,VRSK,0.5786548182851431,62,1.036035630385984e-06,4,4,Internal
ACGL,VTR,0.5134118881783913,62,2.323527124109759e-05,4,4,Internal
ACGL,VZ,0.5056334949274158,62,3.2303543129738747e-05,4,4,Internal
ACGL,WEC,0.6232559783879275,62,8.113496618389546e-08,4,4,Internal
ACGL,WELL,0.6137765393243981,62,1.4410902689888055e-07,4,4,Internal
ACGL,WM,0.5164902755955069,62,2.034892694398977e-05,4,4,Internal
ACGL,WRB,0.8221490826032284,62,4.573541981148778e-16,4,4,Internal
ACGL,WTW,0.7177403017335838,62,7.544431074485516e-11,4,4,Internal
ACGL,XEL,0.5631495752073377,62,2.305050565837595e-06,4,4,Internal
ACN,CTSH,0.7006009342217407,62,3.267817703017292e-10,9,9,Internal
ACN,KR,-0.43201278085791406,62,0.0005077795039929591,9,4,External
ADBE,CPAY,0.4102222428390805,62,0.0010253921509029789,1,1,Internal
ADBE,NUE,-0.40672076773653987,62,0.0011430322563899709,1,13,External
ADI,AEE,-0.4166555127416368,62,0.0008373247203100457,1,4,External
ADI,AEP,-0.4743115922931817,62,0.00011262670332590862,1,4,External
ADI,ALL,-0.4210098250585391,62,0.0007283509774105635,1,4,External
ADI,AMAT,0.5658837349204239,62,2.0077784366919452e-06,1,1,Internal
ADI,AZO,-0.4204988758941584,62,0.0007404371211796364,1,4,External
ADI,CNP,-0.44720590033373614,62,0.0003023234000991984,1,4,External
ADI,COF,0.5252645304507415,62,1.3843583411173995e-05,1,1,Internal
ADI,ED,-0.447248982705402,62,0.00030186872771505207,1,4,External
ADI,EMR,0.4494339283019112,62,0.0002796114001007465,1,1,Internal
ADI,EXC,-0.42582700935744594,62,0.0006228756916390058,1,4,External
ADI,FE,-0.4452566395736744,62,0.00032356043607239583,1,4,External
ADI,HIG,-0.4388939069692958,62,0.00040269598549560104,1,4,External
ADI,KEYS,0.6344367591748492,62,4.0181807691954876e-08,1,1,Internal
ADI,KLAC,0.6229218884343041,62,8.282136420580519e-08,1,1,Internal
ADI,LRCX,0.6613930609447931,62,6.538016929447546e-09,1,1,Internal
ADI,MCHP,0.7717263399309083,62,3.346926035050647e-13,1,1,Internal
ADI,MMC,-0.5070295033752045,62,3.04665488042302e-05,1,4,External
ADI,MPWR,0.5305835893975029,62,1.090310334424912e-05,1,1,Internal
ADI,MU,0.5270966850802377,62,1.275635997888519e-05,1,1,Internal
ADI,NXPI,0.7200787665552771,62,6.125514134276296e-11,1,1,Internal
ADI,ON,0.6130053529848891,62,1.508784010403972e-07,1,1,Internal
ADI,ORLY,-0.5113025292920776,62,2.5427285578109763e-05,1,4,External
ADI,PG,-0.4517317311890533,62,0.000257829123727243,1,4,External
ADI,PH,0.40258036197497077,62,0.0012977258440943203,1,1,Internal
ADI,QCOM,0.5845815225160577,62,7.548166992198599e-07,1,1,Internal
ADI,RSG,-0.41402757496418047,62,0.0009100173788803315,1,4,External
ADI,SWKS,0.566632730109694,62,1.9328368916609034e-06,1,1,Internal
ADI,SYF,0.4644602429170103,62,0.00016279778553064813,1,1,Internal
ADI,TEL,0.5222127014225126,62,1.584754588373963e-05,1,1,Internal
ADI,TER,0.6796927624330761,62,1.7097024087560043e-09,1,1,Internal
ADI,TXN,0.7253781003508184,62,3.7904030180980403e-11,1,1,Internal
ADI,WELL,-0.4131519259000129,62,0.0009354755193512721,1,4,External
ADI,WM,-0.40057809737878597,62,0.0013790814501401306,1,4,External
ADI,WTW,-0.46597385199672214,62,0.0001539497125464048,1,4,External
ADM,BG,0.8478743150079789,62,6.68978153692033e-18,2,2,Internal
ADM,BKR,0.4436608172362484,62,0.0003419496554240912,2,2,Internal
ADM,CF,0.5842146405658415,62,7.699001545679351e-07,2,2,Internal
ADM,MOS,0.4300244391314661,62,0.0005424739599179628,2,2,Internal
ADM,NEM,0.44145237907661217,62,0.0003689704099824377,2,4,External
ADM,XOM,0.4308264991777302,62,0.0005282279793799769,2,2,Internal
ADP,AEE,0.6019529053680188,62,2.8746694146840423e-07,4,4,Internal
ADP,AEP,0.6169287362138721,62,1.193015033745425e-07,4,4,Internal
ADP,AFL,0.6270274668916002,62,6.421198939335532e-08,4,4,Internal
ADP,AIG,0.5622543673088332,62,2.411002603691824e-06,4,4,Internal
ADP,AIZ,0.42625750127890727,62,0.0006141591438350491,4,4,Internal
ADP,AJG,0.7021683438697415,62,2.870135087734005e-10,4,4,Internal
ADP,ALL,0.7086751519026083,62,1.6596617580917702e-10,4,4,Internal
ADP,AMAT,-0.4230720758563774,62,0.0006813629665188131,4,1,External
ADP,AMT,0.5648629040649459,62,2.114302273173435e-06,4,4,Internal
ADP,AMZN,-0.4805721936045981,62,8.859293016064087e-05,4,1,External
ADP,AON,0.6252656302822737,62,7.165440183954371e-08,4,4,Internal
ADP,ATO,0.5792409935468229,62,1.0043675887724966e-06,4,4,Internal
ADP,AWK,0.6400289187120594,62,2.7974057810395815e-08,4,4,Internal
ADP,AZO,0.5897002710021303,62,5.712747188639657e-07,4,4,Internal
ADP,BR,0.6037903931525876,62,2.586888866925447e-07,4,4,Internal
ADP,BRO,0.6567071213832717,62,9.082790069269173e-09,4,4,Internal
ADP,CAG,0.46379947642110575,62,0.000166804588371771,4,5,External
ADP,CB,0.667612794342239,62,4.188021708146997e-09,4,4,Internal
ADP,CBOE,0.44274711369998604,62,0.00035290243148047384,4,4,Internal
ADP,CCI,0.5503938485997736,62,4.320023203137476e-06,4,4,Internal
ADP,CFG,-0.40281143334945185,62,0.0012886203209824774,4,1,External
ADP,CHD,0.4041740381000904,62,0.0012360844032535316,4,5,External
ADP,CI,0.5281648609964527,62,1.215966613741858e-05,4,4,Internal
ADP,CINF,0.5991471842435263,62,3.372754176869964e-07,4,4,Internal
ADP,CL,0.44757690274819106,62,0.00029842839276289425,4,4,Internal
ADP,CME,0.5377483006710111,62,7.853610792523878e-06,4,4,Internal
ADP,CMS,0.5619227006873468,62,2.4513999311360612e-06,4,4,Internal
ADP,CNC,0.40522527742085357,62,0.001196878659776196,4,4,Internal
ADP,CNP,0.500784965475387,62,3.950977000677118e-05,4,4,Internal
ADP,COF,-0.430192425448173,62,0.000539461686441077,4,1,External
ADP,COR,0.4293285182763889,62,0.0005551162534101518,4,4,Internal
ADP,COST,0.4844476753169916,62,7.618190039498971e-05,4,4,Internal
ADP,CPB,0.4008280160533669,62,0.0013686825519780706,4,5,External
ADP,CTAS,0.7772596384918673,62,1.7671628391168725e-13,4,4,Internal
ADP,D,0.5689413177423577,62,1.7179820553004306e-06,4,4,Internal
ADP,DPZ,0.4216468694864716,62,0.000713532280392631,4,4,Internal
ADP,DTE,0.5599024476938673,62,2.7114599690402342e-06,4,4,Internal
ADP,DUK,0.5763926663356052,62,1.1672365184012805e-06,4,4,Internal
ADP,EA,0.44576658240966754,62,0.00031787712001308166,4,4,Internal
ADP,ECL,0.4495912712008266,62,0.00027806792099063863,4,4,Internal
ADP,ED,0.5879047607305153,62,6.302659891344608e-07,4,4,Internal
ADP,EG,0.49576257975986493,62,4.8518888564450994e-05,4,4,Internal
ADP,ELV,0.4030114918948982,62,0.0012807833193362163,4,4,Internal
ADP,ES,0.4693619024697978,62,0.0001357194836570998,4,4,Internal
ADP,ETR,0.4137434640539216,62,0.0009182080740715963,4,4,Internal
ADP,EXC,0.5882888478248469,62,6.171856812035741e-07,4,4,Internal
ADP,FE,0.5875376302346944,62,6.430116388132911e-07,4,4,Internal
ADP,GIS,0.5557613896142166,62,3.3271001425028125e-06,4,5,External
ADP,GL,0.47629401064500326,62,0.00010443616297505378,4,4,Internal
ADP,HCA,0.49743187870766026,62,4.533314910691581e-05,4,4,Internal
ADP,HIG,0.7148431363463515,62,9.738297229536486e-11,4,4,Internal
ADP,HON,0.46555535210396753,62,0.0001563509545046483,4,4,Internal
ADP,HRL,0.4427917597525494,62,0.00035235990979063915,4,5,External
ADP,ICE,0.503712807909611,62,3.4998758857185246e-05,4,4,Internal
ADP,JKHY,0.5943262395382435,62,4.4227302212733315e-07,4,4,Internal
ADP,K,0.45362601176144984,62,0.00024105001764388075,4,4,Internal
ADP,KDP,0.4781531753728153,62,9.725595246906712e-05,4,4,Internal
ADP,KMB,0.4886509279651131,62,6.454547500042448e-05,4,4,Internal
ADP,KO,0.5580534091374758,62,2.971867333193224e-06,4,4,Internal
ADP,KR,0.47095317444370566,62,0.0001278603910037865,4,4,Internal
ADP,L,0.6008152610410613,62,3.0676548790296505e-07,4,4,Internal
ADP,LIN,0.5545179664749255,62,3.5360305480820914e-06,4,4,Internal
ADP,LNT,0.5394773571915276,62,7.2475976807016075e-06,4,4,Internal
ADP,LRCX,-0.4848273758264164,62,7.505634431400322e-05,4,1,External
ADP,MA,0.41205179317889035,62,0.0009683703909790931,4,4,Internal
ADP,MCD,0.6394844135643822,62,2.8987373659581707e-08,4,4,Internal
ADP,MCK,0.5264570336967058,62,1.3126584330597408e-05,4,4,Internal
ADP,MCO,0.5063913282931706,62,3.129397718926519e-05,4,4,Internal
ADP,MDLZ,0.4390984058176698,62,0.0003999005894051347,4,5,External
ADP,MLM,0.5180747443448515,62,1.8996473060750104e-05,4,5,External
ADP,MMC,0.7111547575481136,62,1.3417140596926552e-10,4,4,Internal
ADP,MNST,0.5690188316182686,62,1.7111715910939584e-06,4,4,Internal
ADP,MO,0.5126581565298213,62,2.399759368746374e-05,4,4,Internal
ADP,MOH,0.4223306053930152,62,0.0006979315205169751,4,4,Internal
ADP,MPWR,-0.4943130835746285,62,5.1451507142080046e-05,4,1,External
ADP,MU,-0.40066931442954207,62,0.0013752777914475595,4,1,External
ADP,NI,0.4365739980675229,62,0.00043567673873742564,4,4,Internal
ADP,NVDA,-0.45755155623044963,62,0.0002094112942042622,4,1,External
ADP,O,0.44907559457227203,62,0.00028315575447593745,4,4,Internal
ADP,ORLY,0.6001248616841846,62,3.1906422586501945e-07,4,4,Internal
ADP,OTIS,0.5059507725113885,62,3.1877261977986295e-05,4,4,Internal
ADP,PAYC,0.43286753803820466,62,0.0004934941288119964,4,2,External
ADP,PAYX,0.8490444872163283,62,5.420253934168472e-18,4,4,Internal
ADP,PCG,0.41629453288116464,62,0.0008469887707898872,4,4,Internal
ADP,PEP,0.4267883668537274,62,0.0006035625413633887,4,5,External
ADP,PG,0.5100717925940876,62,2.67931976302532e-05,4,4,Internal
ADP,PGR,0.6613806314748,62,6.5437707250551405e-09,4,4,Internal
ADP,PM,0.5873057471955516,62,6.511861224972115e-07,4,4,Internal
ADP,PNW,0.5360586478132277,62,8.491107162064494e-06,4,4,Internal
ADP,PPL,0.6236002239130166,62,7.94312054963222e-08,4,4,Internal
ADP,PSA,0.4941169355513843,62,5.186068596397554e-05,4,4,Internal
ADP,ROL,0.7460722844743549,62,5.2020402849712e-12,4,4,Internal
ADP,ROP,0.5539188222593301,62,3.641019637768981e-06,4,4,Internal
ADP,RSG,0.7718972233796976,62,3.2824364231515365e-13,4,4,Internal
ADP,SBAC,0.5879510855561847,62,6.286746856224221e-07,4,4,Internal
ADP,SO,0.5205681816177508,62,1.7035961416835516e-05,4,4,Internal
ADP,SPGI,0.42118962507536395,62,0.0007241405812287331,4,4,Internal
ADP,SRE,0.43983344516034684,62,0.0003899981541055053,4,4,Internal
ADP,SYF,-0.5422215543808023,62,6.374493027709426e-06,4,1,External
ADP,SYY,0.47494648276137885,62,0.0001099415139789276,4,4,Internal
ADP,T,0.5414196505752014,62,6.618918611111421e-06,4,4,Internal
ADP,TAP,0.4032311090903317,62,0.0012722295045354064,4,4,Internal
ADP,TER,-0.4160914304260241,62,0.0008524703601445594,4,1,External
ADP,TJX,0.44615089795595786,62,0.00031365423227668824,4,5,External
ADP,TMUS,0.4749586851503825,62,0.00010989048657742762,4,4,Internal
ADP,TRV,0.6753594385827977,62,2.369104785872641e-09,4,4,Internal
ADP,UHS,0.406988269600884,62,0.001133633931114146,4,4,Internal
ADP,V,0.5346550617101413,62,9.056952543275147e-06,4,4,Internal
ADP,VMC,0.4623703048605861,62,0.000175781763083772,4,5,External
ADP,VRSK,0.7239877952858178,62,4.303672031151859e-11,4,4,Internal
ADP,VTR,0.47117834299292366,62,0.00012678269302926975,4,4,Internal
ADP,VZ,0.6397194751309423,62,2.8545746525244642e-08,4,4,Internal
ADP,WEC,0.6169949013475986,62,1.1882671775144582e-07,4,4,Internal
ADP,WELL,0.5701720215607771,62,1.6127887120349466e-06,4,4,Internal
ADP,WM,0.7031913393827747,62,2.635876044221956e-10,4,4,Internal
ADP,WRB,0.6828312395088161,62,1.3452826870519282e-09,4,4,Internal
ADP,WTW,0.6218242191817388,62,8.859775289831849e-08,4,4,Internal
ADP,XEL,0.5326305796596068,62,9.93513713881558e-06,4,4,Internal
ADP,ZBRA,-0.47994708805497094,62,9.076078948961185e-05,4,1,External
ADSK,PAYC,0.4026982583674621,62,0.001293072855175271,2,2,Internal
AEE,AEP,0.8848215312839243,62,3.1389939176113187e-21,4,4,Internal
AEE,AFL,0.7858142639029878,62,6.346561700175498e-14,4,4,Internal
AEE,AIG,0.6072908806840858,62,2.1120551701707376e-07,4,4,Internal
AEE,AIZ,0.5637571468618027,62,2.2356391099740135e-06,4,4,Internal
AEE,AJG,0.7417949425837084,62,7.963795412997868e-12,4,4,Internal
AEE,ALGN,-0.40890047616832786,62,0.0010684524601419318,4,1,External
AEE,ALL,0.7417123060293764,62,8.028927721167919e-12,4,4,Internal
AEE,AMAT,-0.48455461860087884,62,7.586332329967825e-05,4,1,External
AEE,AMT,0.6864461988674102,62,1.016948597807548e-09,4,4,Internal
AEE,AMZN,-0.7201074380021778,62,6.10980710838069e-11,4,1,External
AEE,AON,0.5525454571922758,62,3.892757438496533e-06,4,4,Internal
AEE,APTV,-0.4227525910899418,62,0.0006884578566774899,4,1,External
AEE,ATO,0.8687035169239384,62,1.1814753917647844e-19,4,4,Internal
AEE,AVB,0.46119828672289015,62,0.0001834715718398117,4,4,Internal
AEE,AVGO,-0.4488557815135664,62,0.00028535021320445227,4,1,External
AEE,AWK,0.8264513747419244,62,2.369054732129281e-16,4,4,Internal
AEE,AZO,0.5593017343076191,62,2.79362545113847e-06,4,4,Internal
AEE,BBY,-0.5109676171451754,62,2.579244830445087e-05,4,1,External
AEE,BR,0.5627161989627769,62,2.3557868967774474e-06,4,4,Internal
AEE,BRK-B,0.5472279632458932,62,5.028835422965994e-06,4,4,Internal
AEE,BRO,0.6411279481027683,62,2.6029834199262273e-08,4,4,Internal
AEE,CAH,0.5681518900972715,62,1.788801878175743e-06,4,4,Internal
AEE,CB,0.7695541903057661,62,4.279796018310684e-13,4,4,Internal
AEE,CBOE,0.6403553666449604,62,2.7382687082187353e-08,4,4,Internal
AEE,CCI,0.7433048422016066,62,6.858815101774835e-12,4,4,Internal
AEE,CHD,0.4487511224825059,62,0.00028640049952293156,4,5,External
AEE,CI,0.743656985335443,62,6.6230033574831725e-12,4,4,Internal
AEE,CINF,0.6861119466157707,62,1.0437766728640994e-09,4,4,Internal
AEE,CL,0.6415978564537723,62,2.523813797223744e-08,4,4,Internal
AEE,CLX,0.42062415247289003,62,0.0007374571202068453,4,5,External
AEE,CME,0.6805669596513891,62,1.5997448789208485e-09,4,4,Internal
AEE,CMI,-0.42369976832512607,62,0.0006676161017653126,4,1,External
AEE,CMS,0.8393787399475978,62,2.929321048433611e-17,4,4,Internal
AEE,CNC,0.45535238023438845,62,0.0002266336478194922,4,4,Internal
AEE,CNP,0.8099688096117901,62,2.6864493486765874e-15,4,4,Internal
AEE,COR,0.6832398157452755,62,1.3036653276507289e-09,4,4,Internal
AEE,COST,0.6041827314327509,62,2.5290595937365245e-07,4,4,Internal
AEE,CPT,0.5203537640749913,62,1.7196864994970138e-05,4,4,Internal
AEE,CTAS,0.7087419538424721,62,1.6502278051724122e-10,4,4,Internal
AEE,D,0.7365919368279406,62,1.3221304113622382e-11,4,4,Internal
AEE,DAL,-0.4345411034253949,62,0.0004665762154994923,4,1,External
AEE,DGX,0.6035687439056405,62,2.6201066220013935e-07,4,4,Internal
AEE,DOC,0.4213022049968904,62,0.0007215155102232382,4,4,Internal
AEE,DPZ,0.4026362411318254,62,0.0012955186014898335,4,4,Internal
AEE,DTE,0.8719874125586443,62,5.872693091303702e-20,4,4,Internal
AEE,DUK,0.8630786895561563,62,3.7491578531193712e-19,4,4,Internal
AEE,EA,0.6169864590823648,62,1.1888719825393934e-07,4,4,Internal
AEE,ECL,0.5742060675563937,62,1.3087179301368893e-06,4,4,Internal
AEE,ED,0.7993657524757652,62,1.1349199009320195e-14,4,4,Internal
AEE,EG,0.6235007023162689,62,7.992026506680603e-08,4,4,Internal
AEE,ELV,0.46861823611886755,62,0.0001395422477761063,4,4,Internal
AEE,EMR,-0.40798520504489344,62,0.001099217706552225,4,1,External
AEE,EQR,0.4322382844748318,62,0.0005039746942587578,4,4,Internal
AEE,ES,0.5371212074642635,62,8.084820713445911e-06,4,4,Internal
AEE,ESS,0.44516165042110734,62,0.00032462926926780044,4,4,Internal
AEE,ETN,-0.4192421375210521,62,0.0007709400877674671,4,12,External
AEE,ETR,0.7851397032132612,62,6.891888180305189e-14,4,4,Internal
AEE,EVRG,0.7689698585168921,62,4.570347782115025e-13,4,4,Internal
AEE,EXC,0.8501953093543319,62,4.399299021383491e-18,4,4,Internal
AEE,EXR,0.4289536897035539,62,0.000562035699397993,4,4,Internal
AEE,FDX,-0.40363610499661007,62,0.0012565900278321991,4,1,External
AEE,FE,0.8006206271693812,62,9.613163214389878e-15,4,4,Internal
AEE,GIS,0.46321415090120166,62,0.00017042918806229514,4,5,External
AEE,GL,0.665742779051637,62,4.793437163934876e-09,4,4,Internal
AEE,HCA,0.4852996413651287,62,7.367777117714985e-05,4,4,Internal
AEE,HIG,0.7356657816323946,62,1.4451822609251684e-11,4,4,Internal
AEE,HPQ,-0.4481243046193804,62,0.00029276499301578705,4,1,External
AEE,HRL,0.4499793643199023,62,0.0002742940525767461,4,5,External
AEE,HST,-0.5068684854233622,62,3.067338537382018e-05,4,1,External
AEE,ICE,0.6685401808621508,62,3.915378604929386e-09,4,4,Internal
AEE,INVH,0.48348040959036137,62,7.911979977161089e-05,4,4,Internal
AEE,JKHY,0.431017878412538,62,0.0005248793283834825,4,4,Internal
AEE,JNJ,0.459805328363,62,0.00019301103113706107,4,5,External
AEE,KDP,0.5758230710678688,62,1.2026429620171276e-06,4,4,Internal
AEE,KEYS,-0.4700601950445279,62,0.0001322176777417369,4,1,External
AEE,KHC,0.43180706838594846,62,0.0005112731175110098,4,5,External
AEE,KLAC,-0.4530068526499329,62,0.00024642128279219654,4,1,External
AEE,KMB,0.5426994031111935,62,6.232868180977152e-06,4,4,Internal
AEE,KMI,0.5855508242416898,62,7.162889686457264e-07,4,4,Internal
AEE,KO,0.7753007004217713,62,2.2200828892080004e-13,4,4,Internal
AEE,KR,0.5908133426888444,62,5.373507560539151e-07,4,4,Internal
AEE,KVUE,0.4462346478963519,62,0.00031274079756577264,4,4,Internal
AEE,L,0.7247861283432115,62,4.0013807782093556e-11,4,4,Internal
AEE,LIN,0.5343649248134698,62,9.178211492858102e-06,4,4,Internal
AEE,LNT,0.8366237459123187,62,4.643130564858141e-17,4,4,Internal
AEE,LRCX,-0.5567651939687446,62,3.1669044378849237e-06,4,1,External
AEE,MAA,0.5143747980611627,62,2.229402971481362e-05,4,4,Internal
AEE,MCD,0.7601686613749711,62,1.2016592899394254e-12,4,4,Internal
AEE,MCHP,-0.4455452106159966,62,0.0003203330353262088,4,1,External
AEE,MCK,0.7138257145218779,62,1.0643661063156505e-10,4,4,Internal
AEE,MCO,0.4612559950887543,62,0.0001830858423851897,4,4,Internal
AEE,MDLZ,0.45604639978788303,62,0.0002210636388809251,4,5,External
AEE,META,-0.5919736483799733,62,5.04006522940954e-07,4,1,External
AEE,MKC,0.4461952759741735,62,0.00031316991238449795,4,4,Internal
AEE,MMC,0.6076364132217131,62,2.0699223343760375e-07,4,4,Internal
AEE,MNST,0.5039987466729305,62,3.458475576372217e-05,4,4,Internal
AEE,MO,0.69980323373231,62,3.4897975237596163e-10,4,4,Internal
AEE,MOH,0.40633020177783336,62,0.001156880288248046,4,4,Internal
AEE,MPWR,-0.6418607336967904,62,2.4805226022644965e-08,4,1,External
AEE,NEE,0.5184538555839435,62,1.868548156028332e-05,4,4,Internal
AEE,NI,0.813511691148554,62,1.6267302854081618e-15,4,4,Internal
AEE,NXPI,-0.43246807901854795,62,0.0005001241361625379,4,1,External
AEE,O,0.6209724324114987,62,9.333970219748183e-08,4,4,Internal
AEE,ON,-0.4466547002770287,62,0.0003081959033589667,4,1,External
AEE,ORLY,0.6688349168255633,62,3.832311243209858e-09,4,4,Internal
AEE,OTIS,0.6012384049709057,62,2.9944941103833156e-07,4,4,Internal
AEE,PAYX,0.49408357981909806,62,5.193056647892761e-05,4,4,Internal
AEE,PCAR,-0.42122564298699455,62,0.0007232997985417678,4,1,External
AEE,PEG,0.6510951853757464,62,1.3364691909703168e-08,4,4,Internal
AEE,PG,0.5700178465677098,62,1.6256281889100292e-06,4,4,Internal
AEE,PGR,0.7076630987238193,62,1.8090149052234042e-10,4,4,Internal
AEE,PM,0.7055007402405623,62,2.172068983453433e-10,4,4,Internal
AEE,PNW,0.8846287435698965,62,3.288495295159322e-21,4,4,Internal
AEE,PPL,0.8945799960781413,62,2.655561200096625e-22,4,4,Internal
AEE,PSA,0.46525057605480136,62,0.00015812123238426268,4,4,Internal
AEE,RL,-0.4797434540208518,62,9.147746021444661e-05,4,1,External
AEE,ROL,0.8047822252556025,62,5.496107673765668e-15,4,4,Internal
AEE,ROP,0.5804774561679612,62,9.405195478830416e-07,4,4,Internal
AEE,RSG,0.7662201030900555,62,6.209815416487715e-13,4,4,Internal
AEE,SBAC,0.686537449410363,62,1.0097390864139104e-09,4,4,Internal
AEE,SO,0.8576529143767375,62,1.089121301427048e-18,4,4,Internal
AEE,SPGI,0.46018751409185144,62,0.00019034948956177272,4,4,Internal
AEE,SRE,0.6235907374793456,62,7.947770087590841e-08,4,4,Internal
AEE,STZ,0.4080381153047584,62,0.0010974177216261955,4,5,External
AEE,SWK,-0.5385882011197594,62,7.5535749805726394e-06,4,1,External
AEE,SWKS,-0.4609752118413676,62,0.00018496963846433066,4,1,External
AEE,SYF,-0.4900347357588896,62,6.108861920405841e-05,4,1,External
AEE,SYY,0.5399534681763914,62,7.088542574803795e-06,4,4,Internal
AEE,T,0.7235704211610042,62,4.470247397324548e-11,4,4,Internal
AEE,TAP,0.48982526748747557,62,6.160067941437148e-05,4,4,Internal
AEE,TER,-0.5190470788508247,62,1.8208314006099625e-05,4,1,External
AEE,TJX,0.4174813853814444,62,0.0008155883438843253,4,5,External
AEE,TMUS,0.4839755659374728,62,7.760306265927086e-05,4,4,Internal
AEE,TPR,-0.4104730958620098,62,0.0010173987998444794,4,1,External
AEE,TRV,0.7458956333935075,62,5.2952233184145236e-12,4,4,Internal
AEE,UDR,0.4505384660292357,62,0.00026893943378595333,4,4,Internal
AEE,UPS,-0.400162479658852,62,0.001396532192188466,4,1,External
AEE,V,0.4957348605062222,62,4.857349181208005e-05,4,4,Internal
AEE,VICI,0.5700523779081779,62,1.6227441802321697e-06,4,4,Internal
AEE,VRSK,0.6710161958317636,62,3.2674605270722748e-09,4,4,Internal
AEE,VTR,0.6642437355470938,62,5.337687815134087e-09,4,4,Internal
AEE,VZ,0.7276469532527434,62,3.0757972732934566e-11,4,4,Internal
AEE,WEC,0.850220437408209,62,4.379212432759674e-18,4,4,Internal
AEE,WELL,0.7461001586057903,62,5.187480395891013e-12,4,4,Internal
AEE,WM,0.7492328549022733,62,3.776978186195029e-12,4,4,Internal
AEE,WMB,0.49555505925882415,62,4.892905628944652e-05,4,4,Internal
AEE,WMT,0.41060543997671195,62,0.0010132043742877954,4,4,Internal
AEE,WRB,0.7832104072317788,62,8.710141848260103e-14,4,4,Internal
AEE,WTW,0.5937501133330656,62,4.566975103302734e-07,4,4,Internal
AEE,WYNN,-0.41671848394827216,62,0.0008356491155313827,4,1,External
AEE,XEL,0.8548911540655765,62,1.8430684030813837e-18,4,4,Internal
AEE,YUM,0.638171699159588,62,3.1574739525902206e-08,4,4,Internal
AEE,ZBRA,-0.5858339764820192,62,7.053873250029062e-07,4,1,External
AEP,AFL,0.7165071580708446,62,8.413532434337602e-11,4,4,Internal
AEP,AIG,0.5414518430620884,62,6.608940214905138e-06,4,4,Internal
AEP,AIZ,0.5213753759089905,62,1.6442672445708436e-05,4,4,Internal
AEP,AJG,0.6610949183050661,62,6.677361204583184e-09,4,4,Internal
AEP,ALL,0.7412568658141576,62,8.397109225427338e-12,4,4,Internal
AEP,AMAT,-0.5740397147876489,62,1.3201141447354261e-06,4,1,External
AEP,AMT,0.7686158046703968,62,4.755466610339922e-13,4,4,Internal
AEP,AMZN,-0.695220567012508,62,5.069770097455619e-10,4,1,External
AEP,AON,0.5147274409164146,62,2.1958256274013785e-05,4,4,Internal
AEP,ATO,0.8772480906506591,62,1.8393614897564284e-20,4,4,Internal
AEP,AVB,0.47960278361864905,62,9.197557267432559e-05,4,4,Internal
AEP,AVGO,-0.5007110175583982,62,3.963036752167495e-05,4,1,External
AEP,AWK,0.8929538080918319,62,4.0741307083315517e-22,4,4,Internal
AEP,AXP,-0.44912378440592854,62,0.00028267672428457984,4,1,External
AEP,AZO,0.6438937246150896,62,2.1686471724395568e-08,4,4,Internal
AEP,BBY,-0.4247390426486553,62,0.0006454066438882944,4,1,External
AEP,BR,0.5281223343333373,62,1.2182917414240765e-05,4,4,Internal
AEP,BRK-B,0.5633127176539213,62,2.2862172234325083e-06,4,4,Internal
AEP,BRO,0.5306705018733138,62,1.086028297215353e-05,4,4,Internal
AEP,CAH,0.6033159428224285,62,2.6584825699540124e-07,4,4,Internal
AEP,CB,0.7729180436452975,62,2.9212375274760386e-13,4,4,Internal
AEP,CBOE,0.7090645256660337,62,1.6053866067190162e-10,4,4,Internal
AEP,CCI,0.7850766438254526,62,6.945096926646556e-14,4,4,Internal
AEP,CCL,-0.4112873717432052,62,0.000991837816540296,4,1,External
AEP,CHD,0.4144753773433517,62,0.0008972414214411152,4,5,External
AEP,CI,0.7634827389503124,62,8.391148644466336e-13,4,4,Internal
AEP,CINF,0.6694456447251,62,3.6654709310151065e-09,4,4,Internal
AEP,CL,0.7090735060864564,62,1.6041549617341178e-10,4,4,Internal
AEP,CLX,0.4440827049881911,62,0.00033699769158191024,4,5,External
AEP,CME,0.7101832973364064,62,1.4586762631691923e-10,4,4,Internal
AEP,CMI,-0.45924075968587597,62,0.00019700505231177103,4,1,External
AEP,CMS,0.8738435855110442,62,3.922123687004557e-20,4,4,Internal
AEP,CNP,0.792631295312206,62,2.7126442418973613e-14,4,4,Internal
AEP,COF,-0.4430565499207162,62,0.00034915786726752267,4,1,External
AEP,COR,0.6678697323961139,62,4.110735045587829e-09,4,4,Internal
AEP,COST,0.5970738014415431,62,3.791782993656795e-07,4,4,Internal
AEP,CPT,0.47486879917859925,62,0.00011026687852787854,4,4,Internal
AEP,CTAS,0.6522705450869165,62,1.2334335147857471e-08,4,4,Internal
AEP,D,0.7534668744505704,62,2.441414896694827e-12,4,4,Internal
AEP,DGX,0.5613522631741747,62,2.5223633610164085e-06,4,4,Internal
AEP,DOC,0.4451429452183515,62,0.00032484012214087165,4,4,Internal
AEP,DPZ,0.41178042299856005,62,0.000976643371947257,4,4,Internal
AEP,DTE,0.8866883993141174,62,1.991758327158611e-21,4,4,Internal
AEP,DUK,0.9164784813413731,62,3.7855032861984447e-25,4,4,Internal
AEP,EA,0.5807431487305886,62,9.273059399599111e-07,4,4,Internal
AEP,EBAY,0.42459281879414856,62,0.0006484904614925463,4,4,Internal
AEP,ECL,0.6627029957511117,62,5.957765165769419e-09,4,4,Internal
AEP,ED,0.9117522635383504,62,1.7941204349908033e-24,4,4,Internal
AEP,EG,0.561550017598411,62,2.497547717349243e-06,4,4,Internal
AEP,EMR,-0.451694328936447,62,0.0002581709076692166,4,1,External
AEP,EQR,0.49927192461912706,62,4.204611140870539e-05,4,4,Internal
AEP,ES,0.5981855970662867,62,3.561364289747297e-07,4,4,Internal
AEP,ESS,0.4700879758538287,62,0.00013208009287758878,4,4,Internal
AEP,ETN,-0.43340562547658346,62,0.00048468943104753697,4,12,External
AEP,ETR,0.7037557117077499,62,2.514538944752363e-10,4,4,Internal
AEP,EVRG,0.7924780489372999,62,2.7659335484646733e-14,4,4,Internal
AEP,EXC,0.9290133304180334,62,3.737956493867123e-27,4,4,Internal
AEP,EXR,0.5364300655950919,62,8.346977347375064e-06,4,4,Internal
AEP,FE,0.8537827786454185,62,2.2693908973684873e-18,4,4,Internal
AEP,GD,0.4064752945705653,62,0.0011517182968181037,4,2,External
AEP,GIS,0.5069778702316925,62,3.0532733437455204e-05,4,5,External
AEP,GL,0.6183234316921512,62,1.0966200369930739e-07,4,4,Internal
AEP,HCA,0.42822101887026914,62,0.0005757874198559207,4,4,Internal
AEP,HIG,0.7289976166603483,62,2.7134189052986352e-11,4,4,Internal
AEP,HII,0.41939612753066274,62,0.0007671423965496217,4,2,External
AEP,HON,0.4829179669154414,62,8.087572849671293e-05,4,4,Internal
AEP,HPQ,-0.41968382330696424,62,0.0007600925624006278,4,1,External
AEP,HRL,0.4888916905783876,62,6.393136279913007e-05,4,5,External
AEP,HST,-0.42619484903648336,62,0.0006154208056016744,4,1,External
AEP,ICE,0.717556940726534,62,7.668019498947217e-11,4,4,Internal
AEP,INVH,0.6012717050600894,62,2.988806773621592e-07,4,4,Internal
AEP,JKHY,0.44843534734535656,62,0.0002895908175671045,4,4,Internal
AEP,JNJ,0.5655966833174416,62,2.03721348366157e-06,4,5,External
AEP,KDP,0.5574649203330864,62,3.0595295508743726e-06,4,4,Internal
AEP,KEYS,-0.4907210890699611,62,5.943815301966242e-05,4,1,External
AEP,KHC,0.4732231988847264,62,0.00011737050139921353,4,5,External
AEP,KLAC,-0.5391618826479633,62,7.354812847146813e-06,4,1,External
AEP,KMB,0.5287938275589721,62,1.1820561729730643e-05,4,4,Internal
AEP,KMI,0.5528724283548364,62,3.831391590041069e-06,4,4,Internal
AEP,KO,0.7922082058938064,62,2.862211843908447e-14,4,4,Internal
AEP,KR,0.6220602351872689,62,8.732458177915638e-08,4,4,Internal
AEP,KVUE,0.5542723078688903,62,3.5787311012283798e-06,4,4,Internal
AEP,L,0.7119584111351146,62,1.2517542612030767e-10,4,4,Internal
AEP,LIN,0.6186643888058481,62,1.0741972486075786e-07,4,4,Internal
AEP,LNT,0.8399696978946526,62,2.6507384391314763e-17,4,4,Internal
AEP,LRCX,-0.6595637203746831,62,7.438433307246273e-09,4,1,External
AEP,MAA,0.518278699121334,62,1.882857373219518e-05,4,4,Internal
AEP,MCD,0.6901130524953022,62,7.625178798239669e-10,4,4,Internal
AEP,MCHP,-0.48960730790453477,62,6.213769663443414e-05,4,1,External
AEP,MCK,0.7290243217655853,62,2.7066816976887932e-11,4,4,Internal
AEP,MCO,0.41990367528484207,62,0.0007547447600063506,4,4,Internal
AEP,MDLZ,0.538784289667036,62,7.48508076413905e-06,4,5,External
AEP,META,-0.608604871665242,62,1.9560078819297425e-07,4,1,External
AEP,MKC,0.5148828886846922,62,2.1811738595766136e-05,4,4,Internal
AEP,MMC,0.568675220441605,62,1.7415551982473672e-06,4,4,Internal
AEP,MNST,0.48018890688036997,62,8.991644153445065e-05,4,4,Internal
AEP,MO,0.7699819184340772,62,4.07839323617085e-13,4,4,Internal
AEP,MPWR,-0.6247171474964166,62,7.413260575422805e-08,4,1,External
AEP,MU,-0.45400610788556756,62,0.0002378058677052176,4,1,External
AEP,NEE,0.5094121009803022,62,2.75530173210232e-05,4,4,Internal
AEP,NI,0.7725305650916724,62,3.053622621687911e-13,4,4,Internal
AEP,NTAP,-0.4041666642912222,62,0.001236363440517486,4,1,External
AEP,NVDA,-0.4889633069270798,62,6.3749733435643e-05,4,1,External
AEP,NXPI,-0.4759450344530611,62,0.0001058370584544671,4,1,External
AEP,O,0.7482330447025384,62,4.181636310539028e-12,4,4,Internal
AEP,ON,-0.46880091135473945,62,0.0001385941746343265,4,1,External
AEP,ORLY,0.7717974004093616,62,3.319962843946574e-13,4,4,Internal
AEP,OTIS,0.6243485308537915,62,7.58432970259703e-08,4,4,Internal
AEP,PAYX,0.5340928301790813,62,9.293300921037185e-06,4,4,Internal
AEP,PEG,0.6033090180089395,62,2.659541178147237e-07,4,4,Internal
AEP,PEP,0.47229127248426195,62,0.0001215774360146714,4,5,External
AEP,PG,0.6145320369214,62,1.3775552541628348e-07,4,4,Internal
AEP,PGR,0.6242280870983026,62,7.641027885131186e-08,4,4,Internal
AEP,PM,0.7021944939415886,62,2.863907906598097e-10,4,4,Internal
AEP,PNW,0.9046117294884687,62,1.6070775492677845e-23,4,4,Internal
AEP,PPL,0.9050471925013062,62,1.413004609213577e-23,4,4,Internal
AEP,PSA,0.5772157668037436,62,1.11779396159131e-06,4,4,Internal
AEP,REG,0.44276607589287487,62,0.0003526719172987374,4,5,External
AEP,RL,-0.44100322296461897,62,0.00037469834284995196,4,1,External
AEP,ROL,0.7624886254026805,62,9.3512395453318e-13,4,4,Internal
AEP,ROP,0.6307327886792423,62,5.08716775999594e-08,4,4,Internal
AEP,RSG,0.8102518427268445,62,2.5819122553380886e-15,4,4,Internal
AEP,SBAC,0.776779990987539,62,1.8690961569018522e-13,4,4,Internal
AEP,SO,0.9193408484130495,62,1.4098481990276827e-25,4,4,Internal
AEP,SPGI,0.4769313494213104,62,0.00010192159423072562,4,4,Internal
AEP,SRE,0.6367010909199842,62,3.473190242626794e-08,4,4,Internal
AEP,SWK,-0.4773007907926892,62,0.00010048959799337814,4,1,External
AEP,SYF,-0.5528017938975754,62,3.844571270280107e-06,4,1,External
AEP,SYY,0.49981770920477486,62,4.111434606602238e-05,4,4,Internal
AEP,T,0.7060245812649479,62,2.0782430898651645e-10,4,4,Internal
AEP,TAP,0.4402611164577572,62,0.00038433980155827893,4,4,Internal
AEP,TER,-0.600732253857389,62,3.0822024170239833e-07,4,1,External
AEP,TMUS,0.4388715315474832,62,0.00040300292290519087,4,4,Internal
AEP,TPR,-0.4338241666910224,62,0.00047793979889336393,4,1,External
AEP,TRV,0.7451024792555624,62,5.7335919793047545e-12,4,4,Internal
AEP,TSN,0.4634819341615807,62,0.0001687620920543255,4,4,Internal
AEP,UDR,0.49195132471477115,62,5.658233697049389e-05,4,4,Internal
AEP,V,0.45531217119191264,62,0.00022696025297486378,4,4,Internal
AEP,VICI,0.6753293785701493,62,2.3744262887953904e-09,4,4,Internal
AEP,VRSK,0.6796543027468057,62,1.7147008700575935e-09,4,4,Internal
AEP,VRSN,0.4448594089847805,62,0.0003280515878108132,4,4,Internal
AEP,VTR,0.6250654761439178,62,7.254956103647827e-08,4,4,Internal
AEP,VZ,0.7442181513813343,62,6.263125663958335e-12,4,4,Internal
AEP,WEC,0.8960665412896277,62,1.7847075126220124e-22,4,4,Internal
AEP,WELL,0.8005285912278044,62,9.731316442419333e-15,4,4,Internal
AEP,WM,0.7830820267737115,62,8.84616614131999e-14,4,4,Internal
AEP,WMB,0.4346582800916769,62,0.00046474246463876266,4,4,Internal
AEP,WRB,0.7534002957511673,62,2.458390466493917e-12,4,4,Internal
AEP,WTW,0.5670846192081095,62,1.8888969160526148e-06,4,4,Internal
AEP,XEL,0.8210890372219801,62,5.36372113169076e-16,4,4,Internal
AEP,YUM,0.5612324142484192,62,2.537514833597673e-06,4,4,Internal
AEP,ZBRA,-0.5191137334620648,62,1.8155411846021338e-05,4,1,External
AES,NEE,0.5723965167035743,62,1.4377875761124388e-06,1,4,External
AES,PSX,0.4766162111703444,62,0.0001031579060184446,1,1,Internal
AFL,AIG,0.6950825849306185,62,5.126548942546141e-10,4,4,Internal
AFL,AIZ,0.6132427094812593,62,1.4876366476620808e-07,4,4,Internal
AFL,AJG,0.7463421609076935,62,5.0626954004009726e-12,4,4,Internal
AFL,ALL,0.7592082358462993,62,1.3320220360744604e-12,4,4,Internal
AFL,AMT,0.4923314448387445,62,5.5725881387628924e-05,4,4,Internal
AFL,AMZN,-0.6009593991592014,62,3.0425470116936397e-07,4,1,External
AFL,AON,0.5546188751714045,62,3.518628757036686e-06,4,4,Internal
AFL,ATO,0.7268892548204793,62,3.298807972238862e-11,4,4,Internal
AFL,AVB,0.4245180814111766,62,0.0006500717999107527,4,4,Internal
AFL,AVGO,-0.4703067718924682,62,0.00013100108612739065,4,1,External
AFL,AWK,0.6702870059615299,62,3.446868456187939e-09,4,4,Internal
AFL,AZO,0.5410131136871301,62,6.746142718055044e-06,4,4,Internal
AFL,BBY,-0.4418382184451693,62,0.00036411372611334377,4,1,External
AFL,BDX,0.5019934791327829,62,3.758632896626619e-05,4,5,External
AFL,BR,0.75269504053529,62,2.645265737584279e-12,4,4,Internal
AFL,BRK-B,0.5421133192959947,62,6.406985537946126e-06,4,4,Internal
AFL,BRO,0.69872133516591,62,3.813847052498525e-10,4,4,Internal
AFL,CB,0.7721385797185034,62,3.193371063026333e-13,4,4,Internal
AFL,CBOE,0.5663719408288819,62,1.958628343656041e-06,4,4,Internal
AFL,CCI,0.5353061771427432,62,8.790233281826521e-06,4,4,Internal
AFL,CHD,0.5999122543266849,62,3.229439866835374e-07,4,5,External
AFL,CI,0.651718859826486,62,1.2808230413521091e-08,4,4,Internal
AFL,CINF,0.6551107685208922,62,1.0145885024342382e-08,4,4,Internal
AFL,CL,0.5529644792634353,62,3.814279106007244e-06,4,4,Internal
AFL,CLX,0.4514790119887153,62,0.00026014654704242297,4,5,External
AFL,CME,0.587532737287057,62,6.431831289411247e-07,4,4,Internal
AFL,CMS,0.7194868803871916,62,6.458484786272028e-11,4,4,Internal
AFL,CNC,0.4227630547476933,62,0.0006882244318531598,4,4,Internal
AFL,CNP,0.6229597916007659,62,8.262839022128457e-08,4,4,Internal
AFL,COR,0.5753522388279563,62,1.2326672381547358e-06,4,4,Internal
AFL,COST,0.4823693081905161,62,8.262312672553219e-05,4,4,Internal
AFL,CTAS,0.7230664847109968,62,4.679556305356992e-11,4,4,Internal
AFL,D,0.5580721042109716,62,2.969121328622435e-06,4,4,Internal
AFL,DGX,0.4905226497075324,62,5.9911060808208034e-05,4,4,Internal
AFL,DPZ,0.44234809661970137,62,0.0003577850323318331,4,4,Internal
AFL,DTE,0.7460641432609535,62,5.206300150375831e-12,4,4,Internal
AFL,DUK,0.6978376141419895,62,4.0995543064806924e-10,4,4,Internal
AFL,EA,0.550692483161995,62,4.258212066371832e-06,4,4,Internal
AFL,EBAY,0.4365794596988599,62,0.0004355962915014463,4,4,Internal
AFL,ECL,0.4112529830592822,62,0.0009929054893903111,4,4,Internal
AFL,ED,0.6284241956856504,62,5.883657496532199e-08,4,4,Internal
AFL,EG,0.7963739586461063,62,1.6781359327808676e-14,4,4,Internal
AFL,ELV,0.47250295270972487,62,0.00012060988797837979,4,4,Internal
AFL,EQR,0.40415469280440464,62,0.0012368165822815441,4,4,Internal
AFL,ES,0.5352509334709524,62,8.812575980477698e-06,4,4,Internal
AFL,ETR,0.5966840483073369,62,3.8758230340706976e-07,4,4,Internal
AFL,EVRG,0.605348305905673,62,2.3643471098793991e-07,4,4,Internal
AFL,EXC,0.7004695267425562,62,3.303437537815239e-10,4,4,Internal
AFL,FE,0.6361659906961783,62,3.595291844432626e-08,4,4,Internal
AFL,GD,0.4610111978575359,62,0.00018472721807003526,4,2,External
AFL,GIS,0.4218445403788317,62,0.0007089899182199807,4,5,External
AFL,GL,0.8118611863876221,62,2.0576919612737904e-15,4,4,Internal
AFL,HCA,0.47902727618299557,62,9.403953359823768e-05,4,4,Internal
AFL,HIG,0.781984356140924,62,1.0095117562604016e-13,4,4,Internal
AFL,HII,0.436044715371229,62,0.00044353721979550984,4,2,External
AFL,HRL,0.48989446736437214,62,6.143107921644547e-05,4,5,External
AFL,HST,-0.4116541020855361,62,0.0009805160869457747,4,1,External
AFL,ICE,0.4769367227716391,62,0.00010190063276981513,4,4,Internal
AFL,JKHY,0.421951433317965,62,0.0007065444988368177,4,4,Internal
AFL,KDP,0.6267330209816621,62,6.540280826198321e-08,4,4,Internal
AFL,KHC,0.4318042550109701,62,0.000511321047949158,4,5,External
AFL,KMB,0.499114115040368,62,4.2319138494863804e-05,4,4,Internal
AFL,KMI,0.5171451972893611,62,1.9779429612767007e-05,4,4,Internal
AFL,KO,0.7108312732828022,62,1.379632768283203e-10,4,4,Internal
AFL,KR,0.5942115032241326,62,4.451111009258068e-07,4,4,Internal
AFL,L,0.7784006511621352,62,1.545599345454956e-13,4,4,Internal
AFL,LIN,0.5562365156182877,62,3.2503548779376116e-06,4,4,Internal
AFL,LNT,0.6803381892235291,62,1.627853245039231e-09,4,4,Internal
AFL,LRCX,-0.43797553142865625,62,0.0004154702478881854,4,1,External
AFL,MAA,0.4191361215703207,62,0.0007735645185887469,4,4,Internal
AFL,MCD,0.7091618646665498,62,1.5920846031068819e-10,4,4,Internal
AFL,MCK,0.6033271580913325,62,2.6567689130340427e-07,4,4,Internal
AFL,MCO,0.4560004650232926,62,0.00022142839393840208,4,4,Internal
AFL,MDLZ,0.4100819089507705,62,0.0010298884988571982,4,5,External
AFL,META,-0.5697386304926024,62,1.6491247793921439e-06,4,1,External
AFL,MKC,0.5020277621741627,62,3.7533049704927275e-05,4,4,Internal
AFL,MMC,0.6136617123177011,62,1.450985102695203e-07,4,4,Internal
AFL,MNST,0.4491122968041457,62,0.00028279084939921963,4,4,Internal
AFL,MO,0.5193800815172402,62,1.7945438028558993e-05,4,4,Internal
AFL,MOH,0.4262270112327137,62,0.000614772845096196,4,4,Internal
AFL,MPWR,-0.557568683787363,62,3.0438994355937993e-06,4,1,External
AFL,MSFT,-0.4245311719107376,62,0.000649794571179645,4,12,External
AFL,NEE,0.49466632001411276,62,5.072213712001568e-05,4,4,Internal
AFL,NEM,0.43425086159882664,62,0.0004711466894755244,4,4,Internal
AFL,NI,0.6400592257973643,62,2.791865161304727e-08,4,4,Internal
AFL,NVDA,-0.4227320664582806,62,0.0006889159313954569,4,1,External
AFL,O,0.5393573531801173,62,7.288208771129701e-06,4,4,Internal
AFL,ORLY,0.5704025196680121,62,1.5937700815919874e-06,4,4,Internal
AFL,OTIS,0.5494555067249333,62,4.519731863667577e-06,4,4,Internal
AFL,PAYX,0.49333018233620557,62,5.353227735840796e-05,4,4,Internal
AFL,PEG,0.6043629866995429,62,2.502900264641306e-07,4,4,Internal
AFL,PEP,0.4151898180947596,62,0.0008771931711263063,4,5,External
AFL,PG,0.56601033635611,62,1.9949232219547734e-06,4,4,Internal
AFL,PGR,0.7432186038423922,62,6.9177733037515e-12,4,4,Internal
AFL,PM,0.6173536470552875,62,1.1628328107718403e-07,4,4,Internal
AFL,PNW,0.7299822690257332,62,2.4752791209863425e-11,4,4,Internal
AFL,PPL,0.7654334678241065,62,6.773777298140809e-13,4,4,Internal
AFL,ROL,0.757554045901571,62,1.5887946839030399e-12,4,4,Internal
AFL,ROP,0.5820622840586646,62,8.642396958824431e-07,4,4,Internal
AFL,RSG,0.6533367223133798,62,1.1465104573080746e-08,4,4,Internal
AFL,SBAC,0.5667769386901508,62,1.9187117735566076e-06,4,4,Internal
AFL,SO,0.6734997464870079,62,2.7205416850367526e-09,4,4,Internal
AFL,SPGI,0.4333316352133007,62,0.0004858916071904758,4,4,Internal
AFL,SRE,0.532771121713962,62,9.871702584028182e-06,4,4,Internal
AFL,STZ,0.42152465839321845,62,0.0007163537792014189,4,5,External
AFL,SYF,-0.41492604332949506,62,0.0008845474782975856,4,1,External
AFL,SYY,0.5806422272444036,62,9.323044040234457e-07,4,4,Internal
AFL,T,0.5969890250802711,62,3.809915740016229e-07,4,4,Internal
AFL,TJX,0.4178969541628643,62,0.0008048448888089383,4,5,External
AFL,TMUS,0.4855961094922085,62,7.28243185522437e-05,4,4,Internal
AFL,TRV,0.7735626988049273,62,2.7130570948183305e-13,4,4,Internal
AFL,VICI,0.5193428220544396,62,1.7974675114233097e-05,4,4,Internal
AFL,VRSK,0.6410280266464026,62,2.620117894657856e-08,4,4,Internal
AFL,VTR,0.7914071405384897,62,3.167285888529738e-14,4,4,Internal
AFL,VZ,0.6759581075781249,62,2.2654488870647112e-09,4,4,Internal
AFL,WEC,0.7062051177240697,62,2.046809589176716e-10,4,4,Internal
AFL,WELL,0.6692098042582065,62,3.7290657020433116e-09,4,4,Internal
AFL,WM,0.6036483857338882,62,2.608125088849923e-07,4,4,Internal
AFL,WRB,0.7590366340209727,62,1.3566930547845878e-12,4,4,Internal
AFL,WTW,0.6178400512573159,62,1.1291660583155635e-07,4,4,Internal
AFL,XEL,0.6738083027270507,62,2.6589997999057642e-09,4,4,Internal
AFL,YUM,0.6005065939396358,62,3.122079276152335e-07,4,4,Internal
AFL,ZBRA,-0.41245560889049593,62,0.0009561766766179918,4,1,External
AIG,AIZ,0.6573987850803737,62,8.655704626241599e-09,4,4,Internal
AIG,AJG,0.6725582255352619,62,2.9167840941780456e-09,4,4,Internal
AIG,ALL,0.7532707788478364,62,2.4917366696560232e-12,4,4,Internal
AIG,AMAT,-0.41486052159710324,62,0.0008863829017028838,4,1,External
AIG,AMD,-0.46313230134519096,62,0.00017094174829621926,4,1,External
AIG,AMZN,-0.49787597513086534,62,4.451878140678845e-05,4,1,External
AIG,AON,0.5601602166015114,62,2.6768995998100935e-06,4,4,Internal
AIG,ATO,0.5577385654615808,62,3.01847072543403e-06,4,4,Internal
AIG,AWK,0.4846405450700925,62,7.560824338197762e-05,4,4,Internal
AIG,AZO,0.42577134663996724,62,0.000624010891200269,4,4,Internal
AIG,BBY,-0.4047144758433358,62,0.0012157869088705207,4,1,External
AIG,BR,0.4083537889017489,62,0.0010867337046101388,4,4,Internal
AIG,BRK-B,0.49784781667746264,62,4.4570013353152644e-05,4,4,Internal
AIG,BRO,0.60360082695864,62,2.615273747142085e-07,4,4,Internal
AIG,CB,0.7478649092200109,62,4.3407994737097395e-12,4,4,Internal
AIG,CBOE,0.471446583045682,62,0.00012550973358647715,4,4,Internal
AIG,CHD,0.43008186112780517,62,0.0005414425755300017,4,5,External
AIG,CI,0.4777324969233228,62,9.883970438378361e-05,4,4,Internal
AIG,CINF,0.7519847135400695,62,2.847144330254001e-12,4,4,Internal
AIG,CME,0.5332243874962053,62,9.669675816277852e-06,4,4,Internal
AIG,CMS,0.4979439268189729,62,4.4395372954871926e-05,4,4,Internal
AIG,COST,0.4453544952166543,62,0.0003224627043683379,4,4,Internal
AIG,CPT,0.45670855742982147,62,0.00021586631514460472,4,4,Internal
AIG,CTAS,0.5431585779203155,62,6.099545265956966e-06,4,4,Internal
AIG,DTE,0.5376270663364757,62,7.897824262173326e-06,4,4,Internal
AIG,DUK,0.503005440663385,62,3.604271257982207e-05,4,4,Internal
AIG,EA,0.4689739199606292,62,0.00013770172316009783,4,4,Internal
AIG,ED,0.445175421827392,62,0.00032447411196444867,4,4,Internal
AIG,EG,0.7110872320529177,62,1.3495465555311555e-10,4,4,Internal
AIG,ETR,0.5031120646516433,62,3.588353213968764e-05,4,4,Internal
AIG,EVRG,0.4073713233224989,62,0.0011202969925813054,4,4,Internal
AIG,EXC,0.5317362806480421,62,1.034775102537976e-05,4,4,Internal
AIG,FE,0.5269842133519266,62,1.2820746368743366e-05,4,4,Internal
AIG,GD,0.40457571673129517,62,0.0012209695379679017,4,2,External
AIG,GL,0.6582589135453691,62,8.15108723985023e-09,4,4,Internal
AIG,HCA,0.45281218176541665,62,0.0002481325303288511,4,4,Internal
AIG,HIG,0.7756388831101404,62,2.1346821851800248e-13,4,4,Internal
AIG,ICE,0.4249309461371634,62,0.0006413796163642507,4,4,Internal
AIG,KDP,0.4609075330329477,62,0.00018542634708216787,4,4,Internal
AIG,KMI,0.5142260513874908,62,2.2437082775395457e-05,4,4,Internal
AIG,KO,0.43535316386517703,62,0.0004540018456163851,4,4,Internal
AIG,KR,0.5286541284274359,62,1.1895111482927033e-05,4,4,Internal
AIG,KVUE,0.41379089518186085,62,0.0009168360614818537,4,4,Internal
AIG,L,0.7491873094980621,62,3.794569736149782e-12,4,4,Internal
AIG,LIN,0.42444213301225353,62,0.0006516823394232617,4,4,Internal
AIG,LNT,0.4965602728835521,62,4.6971612651921194e-05,4,4,Internal
AIG,MAA,0.4176509198325836,62,0.0008111899150085525,4,4,Internal
AIG,MCD,0.41665644336904517,62,0.0008372999351033554,4,4,Internal
AIG,MCK,0.48069896973505427,62,8.815912528563712e-05,4,4,Internal
AIG,MCO,0.41323058115539213,62,0.0009331627461343168,4,4,Internal
AIG,MMC,0.5058311483025774,62,3.203736909489701e-05,4,4,Internal
AIG,MO,0.41736279120158026,62,0.0008186779704615412,4,4,Internal
AIG,MPWR,-0.5476873128938736,62,4.91966636816114e-06,4,1,External
AIG,NEE,0.4229067452607879,62,0.0006850262025823643,4,4,Internal
AIG,NI,0.41212140862406244,62,0.0009662583114545256,4,4,Internal
AIG,NVDA,-0.5029438441458183,62,3.613496820836104e-05,4,1,External
AIG,ORLY,0.42215428056777676,62,0.0007019248854128954,4,4,Internal
AIG,OTIS,0.4559230228377376,62,0.00022204458675934352,4,4,Internal
AIG,PAYX,0.4270629194612342,62,0.0005981474767741619,4,4,Internal
AIG,PEG,0.45930847543052067,62,0.00019652203962705695,4,4,Internal
AIG,PG,0.4104664219960917,62,0.0010176107309064967,4,4,Internal
AIG,PGR,0.6663625775345376,62,4.584142707253817e-09,4,4,Internal
AIG,PM,0.4550190177036709,62,0.0002293544801345939,4,4,Internal
AIG,PNW,0.515532746671873,62,2.1208973396385113e-05,4,4,Internal
AIG,PPL,0.5933458168482566,62,4.670824749542083e-07,4,4,Internal
AIG,ROL,0.6060729757148663,62,2.2670859919340287e-07,4,4,Internal
AIG,ROP,0.47651690494610816,62,0.00010355033916084882,4,4,Internal
AIG,RSG,0.516432084367382,62,2.040025666225815e-05,4,4,Internal
AIG,SBAC,0.40142150363486007,62,0.0013442697899406105,4,4,Internal
AIG,SO,0.4499490452673322,62,0.00027458718661133697,4,4,Internal
AIG,SRE,0.4679768897726302,62,0.0001429181058078738,4,4,Internal
AIG,SWKS,-0.4707760065120869,62,0.00012871425346108883,4,1,External
AIG,T,0.48060671770239805,62,8.847460078165788e-05,4,4,Internal
AIG,TMUS,0.47007121077883196,62,0.00013216310642709178,4,4,Internal
AIG,TRV,0.7486920252933392,62,3.990986592390282e-12,4,4,Internal
AIG,VRSK,0.43652749016538656,62,0.0004363623255718995,4,4,Internal
AIG,VTR,0.4783394531798299,62,9.656214468101537e-05,4,4,Internal
AIG,VZ,0.5219883912014966,62,1.6004981449733043e-05,4,4,Internal
AIG,WEC,0.5505529975533113,62,4.2869792492792644e-06,4,4,Internal
AIG,WELL,0.5485048464531377,62,4.730820118715237e-06,4,4,Internal
AIG,WM,0.42026747997161606,62,0.0007459700826498116,4,4,Internal
AIG,WMB,0.45353557725455695,62,0.0002418278150549462,4,4,Internal
AIG,WRB,0.7421165750647898,62,7.71505668862184e-12,4,4,Internal
AIG,WTW,0.6059932353849893,62,2.277600999949433e-07,4,4,Internal
AIG,XEL,0.506993612062878,62,3.0512541083939588e-05,4,4,Internal
AIZ,AJG,0.6273887122724171,62,6.277894783289237e-08,4,4,Internal
AIZ,ALL,0.7125149348862833,62,1.1928530739052315e-10,4,4,Internal
AIZ,AMAT,-0.4985555112012926,62,4.3298798173605766e-05,4,1,External
AIZ,AMD,-0.4210893403638559,62,0.0007264862346967468,4,1,External
AIZ,AMZN,-0.4046735814010174,62,0.0012173122484009297,4,1,External
AIZ,AON,0.5864290149924982,62,6.829830394330922e-07,4,4,Internal
AIZ,ATO,0.5406660127125916,62,6.8565656300239284e-06,4,4,Internal
AIZ,AVB,0.4324843275175958,62,0.0004998528818086417,4,4,Internal
AIZ,AWK,0.4515651321115633,62,0.0002593547015052129,4,4,Internal
AIZ,BR,0.40352656862683906,62,0.0012608027759310155,4,4,Internal
AIZ,BRO,0.5196359005654528,62,1.7745888096239026e-05,4,4,Internal
AIZ,CAH,0.43199114420657087,62,0.0005081459362986131,4,4,Internal
AIZ,CB,0.640272636699115,62,2.75314275178989e-08,4,4,Internal
AIZ,CBOE,0.4602676875652071,62,0.00018979544244759238,4,4,Internal
AIZ,CHD,0.42641756956762333,62,0.0006109464019205879,4,5,External
AIZ,CINF,0.7440816439052679,62,6.348911030510409e-12,4,4,Internal
AIZ,CMS,0.5713646713793898,62,1.5166263398757045e-06,4,4,Internal
AIZ,CNP,0.4600271894302173,62,0.00019146187285753262,4,4,Internal
AIZ,COST,0.44820160258823394,62,0.0002919732208090242,4,4,Internal
AIZ,CPT,0.44997791659433367,62,0.00027430804314090964,4,4,Internal
AIZ,CTAS,0.557567904775904,62,3.044016501374201e-06,4,4,Internal
AIZ,D,0.4702673705841318,62,0.00013119479694271034,4,4,Internal
AIZ,DGX,0.443165658443228,62,0.0003478461745698137,4,4,Internal
AIZ,DOC,0.42255104633688145,62,0.0006929679560012567,4,4,Internal
AIZ,DPZ,0.4255244510658512,62,0.0006290687782185308,4,4,Internal
AIZ,DTE,0.5721529535190231,62,1.4560433436380165e-06,4,4,Internal
AIZ,DUK,0.45941848760257026,62,0.00019573963903925194,4,4,Internal
AIZ,ED,0.4779911101273724,62,9.786330447260256e-05,4,4,Internal
AIZ,EG,0.5353277402966002,62,8.781526613125582e-06,4,4,Internal
AIZ,ES,0.4589937778037338,62,0.00019877598291204846,4,4,Internal
AIZ,EXC,0.45687567107236177,62,0.0002145724104565876,4,4,Internal
AIZ,FE,0.4663671773474927,62,0.00015172378312911295,4,4,Internal
AIZ,GL,0.5128359336588965,62,2.3815730294692014e-05,4,4,Internal
AIZ,HCA,0.5382424423506988,62,7.675773182143839e-06,4,4,Internal
AIZ,HIG,0.7047584577198718,62,2.3119406834371262e-10,4,4,Internal
AIZ,ICE,0.48987884299893736,62,6.146933489441327e-05,4,4,Internal
AIZ,KLAC,-0.40143710676859473,62,0.001343633277128468,4,1,External
AIZ,KMB,0.4272715286171665,62,0.0005940625196855402,4,4,Internal
AIZ,KMI,0.4372455234916482,62,0.0004258861490249842,4,4,Internal
AIZ,KR,0.44232797649709144,62,0.0003580328554618261,4,4,Internal
AIZ,L,0.6977203887765572,62,4.1389468535124073e-10,4,4,Internal
AIZ,LNT,0.517253022170646,62,1.968709840706518e-05,4,4,Internal
AIZ,LRCX,-0.4018894623025396,62,0.0013252972714721176,4,1,External
AIZ,MAA,0.4335929089169526,62,0.0004816585601577014,4,4,Internal
AIZ,MCD,0.4684413381816494,62,0.00014046600409532852,4,4,Internal
AIZ,MCK,0.44277560454737946,62,0.0003525561338569873,4,4,Internal
AIZ,MCO,0.45956521814663426,62,0.0001947005361675709,4,4,Internal
AIZ,MMC,0.5708040310104345,62,1.5611414402604624e-06,4,4,Internal
AIZ,MPWR,-0.5041769524433946,62,3.432903258134685e-05,4,1,External
AIZ,NI,0.4455526374560456,62,0.000320250361750919,4,4,Internal
AIZ,NVDA,-0.46946014888385607,62,0.00013522170530658702,4,1,External
AIZ,O,0.4025013555589122,62,0.0013008523894235396,4,4,Internal
AIZ,ORLY,0.4584215594478745,62,0.00020293506559973466,4,4,Internal
AIZ,PAYX,0.41850769823549383,62,0.0007892877362645959,4,4,Internal
AIZ,PEG,0.5881405180864284,62,6.222066433432484e-07,4,4,Internal
AIZ,PG,0.4095275873739562,62,0.0010478234393702527,4,4,Internal
AIZ,PGR,0.6307661139146326,62,5.076452854521624e-08,4,4,Internal
AIZ,PM,0.40816419873879967,62,0.0010931391134019887,4,4,Internal
AIZ,PNW,0.5111323756322653,62,2.5612205422866256e-05,4,4,Internal
AIZ,PPL,0.5530164245656912,62,3.8046538679991662e-06,4,4,Internal
AIZ,PRU,0.4058078230318611,62,0.0011756379831315202,4,1,External
AIZ,PSA,0.4038874610389425,62,0.0012469707404454491,4,4,Internal
AIZ,ROL,0.46123693364569396,62,0.0001832131690890247,4,4,Internal
AIZ,ROP,0.43141913692773515,62,0.0005179207993182849,4,4,Internal
AIZ,RSG,0.4096520007602505,62,0.0010437737528283624,4,4,Internal
AIZ,SO,0.45887455936380467,62,0.0001996360157682057,4,4,Internal
AIZ,SRE,0.4811133122598315,62,8.675491667808408e-05,4,4,Internal
AIZ,TER,-0.40296069882499935,62,0.0012827689939654571,4,1,External
AIZ,TJX,0.40044504664105396,62,0.001384646477913019,4,5,External
AIZ,TMUS,0.41630112331811336,62,0.0008468114342460588,4,4,Internal
AIZ,TRV,0.6478227292980033,62,1.667934308226492e-08,4,4,Internal
AIZ,UHS,0.4996673418713613,62,4.1369130736526514e-05,4,4,Internal
AIZ,VTR,0.4670115442637217,62,0.00014814083028769195,4,4,Internal
AIZ,VZ,0.4269989408271061,62,0.0005994053910385528,4,4,Internal
AIZ,WEC,0.5763907694264988,62,1.167352793623185e-06,4,4,Internal
AIZ,WELL,0.5779070932750177,62,1.0777903435074757e-06,4,4,Internal
AIZ,WM,0.40393483993731,62,0.0012451650070962957,4,4,Internal
AIZ,WRB,0.6278891603738461,62,6.084347863743111e-08,4,4,Internal
AIZ,WTW,0.5162321406530688,62,2.0577540832750037e-05,4,4,Internal
AIZ,XEL,0.40717539273840864,62,0.001127101029881518,4,4,Internal
AJG,ALL,0.7551505540220975,62,2.047501700888648e-12,4,4,Internal
AJG,AMAT,-0.4202912953935234,62,0.0007453989049846557,4,1,External
AJG,AMT,0.43020111085500945,62,0.0005393063561858447,4,4,Internal
AJG,AMZN,-0.5922928260583663,62,4.951808418095577e-07,4,1,External
AJG,AON,0.7241486287490762,62,4.241074558340696e-11,4,4,Internal
AJG,ATO,0.7160548826356861,62,8.75554502190844e-11,4,4,Internal
AJG,AWK,0.6756614105771365,62,2.3162705924266773e-09,4,4,Internal
AJG,AZO,0.46155183034799396,62,0.00018112007983833126,4,4,Internal
AJG,BBY,-0.42654675779768864,62,0.0006083645731427479,4,1,External
AJG,BR,0.5156695012435719,62,2.108411217742705e-05,4,4,Internal
AJG,BRK-B,0.48153664271404584,62,8.534152973911075e-05,4,4,Internal
AJG,BRO,0.8353744210438793,62,5.705711948560966e-17,4,4,Internal
AJG,CAH,0.5429074815230065,62,6.172118983507627e-06,4,4,Internal
AJG,CB,0.7510974360176446,62,3.1200120640637314e-12,4,4,Internal
AJG,CBOE,0.6303325751527988,62,5.2175249976683614e-08,4,4,Internal
AJG,CCI,0.49641461211850285,62,4.725070338978546e-05,4,4,Internal
AJG,CI,0.520455586225891,62,1.712028040559664e-05,4,4,Internal
AJG,CINF,0.6428036390246253,62,2.3309447166212128e-08,4,4,Internal
AJG,CL,0.41883829713475157,62,0.0007809804618712362,4,4,Internal
AJG,CME,0.6788056747308566,62,1.8285865681988878e-09,4,4,Internal
AJG,CMS,0.6655281675269741,62,4.8679939374808744e-09,4,4,Internal
AJG,CNP,0.627746116941619,62,6.13908711650219e-08,4,4,Internal
AJG,COR,0.5051978579556856,62,3.289744351914354e-05,4,4,Internal
AJG,COST,0.5247368231975682,62,1.4172339016141351e-05,4,4,Internal
AJG,CPT,0.4746770191829663,62,0.00011107390848048337,4,4,Internal
AJG,CTAS,0.7202045365679048,62,6.056898094233229e-11,4,4,Internal
AJG,D,0.5421541094875437,62,6.394722117669337e-06,4,4,Internal
AJG,DGX,0.41622251482310496,62,0.0008489288319793005,4,4,Internal
AJG,DTE,0.6936113558426402,62,5.77072962032294e-10,4,4,Internal
AJG,DUK,0.6452246736707238,62,1.9849574201258144e-08,4,4,Internal
AJG,EA,0.594756177837767,62,4.3178868459355995e-07,4,4,Internal
AJG,ED,0.594245858956819,62,4.4425949987823226e-07,4,4,Internal
AJG,EG,0.6232658078797653,62,8.108584324448107e-08,4,4,Internal
AJG,ES,0.48781344871436977,62,6.672423653911466e-05,4,4,Internal
AJG,ETR,0.6007194856516828,62,3.0844458736682693e-07,4,4,Internal
AJG,EVRG,0.5106454518333601,62,2.614829109434432e-05,4,4,Internal
AJG,EXC,0.6642178434348405,62,5.347583468784386e-09,4,4,Internal
AJG,FE,0.636502959846553,62,3.5179368613137225e-08,4,4,Internal
AJG,GL,0.6306648356707317,62,5.1090825334467666e-08,4,4,Internal
AJG,HCA,0.5484966221694771,62,4.732685747486076e-06,4,4,Internal
AJG,HIG,0.7709281168654122,62,3.664545698148856e-13,4,4,Internal
AJG,ICE,0.6228038605070587,62,8.342499750170097e-08,4,4,Internal
AJG,INVH,0.42676653751914795,62,0.0006039949877285735,4,4,Internal
AJG,KDP,0.5012634575877551,62,3.8737586420613815e-05,4,4,Internal
AJG,KLAC,-0.4157509399976593,62,0.0008617318865369311,4,1,External
AJG,KMB,0.49115235973050264,62,5.8422225019729735e-05,4,4,Internal
AJG,KMI,0.5128257887824108,62,2.3826073896652007e-05,4,4,Internal
AJG,KO,0.5837339073774066,62,7.900925027211258e-07,4,4,Internal
AJG,KR,0.5410594008261507,62,6.731543266645059e-06,4,4,Internal
AJG,KVUE,0.436160494429341,62,0.00044180682757900933,4,4,Internal
AJG,L,0.6901431552365391,62,7.607043123085417e-10,4,4,Internal
AJG,LIN,0.41416219992131154,62,0.0009061593260552838,4,4,Internal
AJG,LNT,0.6828908681143515,62,1.3391313532035586e-09,4,4,Internal
AJG,LRCX,-0.46270517643126374,62,0.00017363948751518874,4,1,External
AJG,LYB,-0.40296257420382636,62,0.0012826956298146355,4,2,External
AJG,MAA,0.5338959236811244,62,9.377423484965645e-06,4,4,Internal
AJG,MCD,0.6411444058413261,62,2.6001714309781173e-08,4,4,Internal
AJG,MCK,0.5515172594155866,62,4.091760537153035e-06,4,4,Internal
AJG,MCO,0.4347143655418007,62,0.0004638670777554405,4,4,Internal
AJG,MDLZ,0.40279884806649513,62,0.001289114769497705,4,5,External
AJG,META,-0.45277234335877964,62,0.0002484840638334131,4,1,External
AJG,MMC,0.7544140816501359,62,2.2116983085627853e-12,4,4,Internal
AJG,MO,0.569854952574057,62,1.6392976775617343e-06,4,4,Internal
AJG,MPWR,-0.5048840515467168,62,3.3331495045934594e-05,4,1,External
AJG,NEM,0.42944811593551396,62,0.0005529247653809472,4,4,Internal
AJG,NI,0.5994545767353908,62,3.314469042329984e-07,4,4,Internal
AJG,O,0.43267508281060657,62,0.0004966783670177436,4,4,Internal
AJG,ON,-0.41984469110402906,62,0.000756176173506616,4,1,External
AJG,ORLY,0.518641472474339,62,1.8533329438935455e-05,4,4,Internal
AJG,OTIS,0.4298791552645488,62,0.0005450914407800374,4,4,Internal
AJG,PAYX,0.5166939155959752,62,2.0170240178266803e-05,4,4,Internal
AJG,PCG,0.4310382489368783,62,0.0005245240330155612,4,4,Internal
AJG,PEG,0.5303902382307032,62,1.0998928051032264e-05,4,4,Internal
AJG,PG,0.4857384238116891,62,7.241787712571212e-05,4,4,Internal
AJG,PGR,0.7331307852780781,62,1.840309286552926e-11,4,4,Internal
AJG,PM,0.5635289450230662,62,2.2614773721550993e-06,4,4,Internal
AJG,PNW,0.6414762376509291,62,2.544082883435148e-08,4,4,Internal
AJG,PPL,0.7394772306343158,62,9.996117768206671e-12,4,4,Internal
AJG,PSA,0.4080822356931224,62,0.0010959187950587781,4,4,Internal
AJG,ROL,0.7002408328195024,62,3.3663098044292355e-10,4,4,Internal
AJG,ROP,0.5659776645232357,62,1.99823335563129e-06,4,4,Internal
AJG,RSG,0.6746307856945121,62,2.501337787849548e-09,4,4,Internal
AJG,SBAC,0.4783288219860078,62,9.66016186801945e-05,4,4,Internal
AJG,SO,0.597447807436728,62,3.71275089956834e-07,4,4,Internal
AJG,SRE,0.58456291068157,62,7.555751563095899e-07,4,4,Internal
AJG,SWK,-0.43132158248689817,62,0.000519604815450504,4,1,External
AJG,SYF,-0.4324237420809014,62,0.000500864982415135,4,1,External
AJG,SYY,0.43569773638456616,62,0.0004487600107620821,4,4,Internal
AJG,T,0.5600743485943835,62,2.688366361049934e-06,4,4,Internal
AJG,TER,-0.44086156964437306,62,0.00037652152087107836,4,1,External
AJG,TMUS,0.5003258067713421,62,4.026410744982721e-05,4,4,Internal
AJG,TRV,0.7578133150962113,62,1.5456422590921433e-12,4,4,Internal
AJG,UHS,0.46817750166438676,62,0.00014185417795931182,4,4,Internal
AJG,V,0.41481474026047976,62,0.000887667388630586,4,4,Internal
AJG,VICI,0.40629207096280795,62,0.0011582403264447016,4,4,Internal
AJG,VRSK,0.5943616597502482,62,4.4140031916269027e-07,4,4,Internal
AJG,VTR,0.5276552539489996,62,1.244102538909623e-05,4,4,Internal
AJG,VZ,0.5961543245341299,62,3.992852685129393e-07,4,4,Internal
AJG,WEC,0.7146348110006275,62,9.917492395799151e-11,4,4,Internal
AJG,WELL,0.6144930436411222,62,1.3807688301858372e-07,4,4,Internal
AJG,WM,0.6578510106372657,62,8.386819572453873e-09,4,4,Internal
AJG,WMB,0.4158393902977004,62,0.0008593172924510951,4,4,Internal
AJG,WRB,0.8198997780630564,62,6.405852802860272e-16,4,4,Internal
AJG,WTW,0.7209305320453379,62,5.674900529918107e-11,4,4,Internal
AJG,XEL,0.6566130002950155,62,9.142426105564517e-09,4,4,Internal
AJG,YUM,0.4575309210075278,62,0.0002095671708688546,4,4,Internal
AJG,ZBRA,-0.5186099308546483,62,1.855882818392889e-05,4,1,External
AKAM,EXPE,0.5154758762553188,62,2.1261099416531314e-05,1,1,Internal
AKAM,PODD,-0.7477524254069601,62,4.390573558414036e-12,1,1,Internal
ALB,ALL,-0.43116678746627424,62,0.0005222871407064923,2,4,External
ALB,APD,0.4202271749894323,62,0.0007469376401214006,2,5,External
ALB,DD,0.5116689565379783,62,2.5033251173595122e-05,2,1,External
ALB,DOW,0.660881463091196,62,6.778847000198881e-09,2,2,Internal
ALB,F,0.400103713585281,62,0.0013990155711034473,2,1,External
ALB,HUM,-0.41883417778449705,62,0.000781083484448139,2,16,External
ALB,INTC,0.415675730007969,62,0.0008637898540068035,2,2,Internal
ALB,LYB,0.5623077476750249,62,2.4045592634310444e-06,2,2,Internal
ALB,SWKS,0.4022893830661907,62,0.001309274327086976,2,1,External
ALGN,ALL,-0.4900153195950132,62,6.113591782857993e-05,1,4,External
ALGN,BLDR,0.5137258947494509,62,2.2924358888621755e-05,1,1,Internal
ALGN,CAH,-0.41618718338998983,62,0.000849882076168678,1,4,External
ALGN,CME,-0.4397661454039162,62,0.0003908954435353355,1,4,External
ALGN,CMI,0.4125446836933844,62,0.0009535056732992897,1,1,Internal
ALGN,CNP,-0.42717517307239933,62,0.0005959461874600726,1,4,External
ALGN,COF,0.4253645041066127,62,0.0006323652402709019,1,1,Internal
ALGN,COR,-0.45755012039703313,62,0.00020942213692989273,1,4,External
ALGN,CTAS,-0.4393593001903986,62,0.0003963599318237032,1,4,External
ALGN,DAL,0.5406113692721219,62,6.874101916349258e-06,1,1,Internal
ALGN,DHI,0.4739921571460492,62,0.00011400037703414438,1,1,Internal
ALGN,F,0.464818171718233,62,0.00016066436894273206,1,1,Internal
ALGN,FDX,0.4161200782815312,62,0.0008516952387712446,1,1,Internal
ALGN,FRT,0.4136390498072433,62,0.0009212349365300869,1,1,Internal
ALGN,GNRC,0.4556185214988047,62,0.00022448267933320516,1,1,Internal
ALGN,HCA,-0.4413519871348285,62,0.0003702437096048143,1,4,External
ALGN,HST,0.503756344715738,62,3.493542866058872e-05,1,1,Internal
ALGN,KIM,0.4169463326848432,62,0.0008296115572508127,1,1,Internal
ALGN,L,-0.4061812376405633,62,0.0011622016714586008,1,4,External
ALGN,LEN,0.4668219808499337,62,0.00014918674269336744,1,1,Internal
ALGN,LYB,0.42654625395337326,62,0.0006083746232387613,1,2,External
ALGN,MAS,0.4249447900940414,62,0.0006410899880192698,1,1,Internal
ALGN,MCD,-0.44758453274098203,62,0.00029834877111004234,1,4,External
ALGN,MGM,0.4643272762570486,62,0.0001635969178630018,1,1,Internal
ALGN,MHK,0.5734701398850055,62,1.359841463741348e-06,1,1,Internal
ALGN,MPWR,0.44100517087738844,62,0.00037467332796397326,1,1,Internal
ALGN,NCLH,0.42801769848460713,62,0.0005796573189520112,1,1,Internal
ALGN,NVR,0.516787702869054,62,2.0088435591185183e-05,1,1,Internal
ALGN,NXPI,0.4450938688152325,62,0.000325393925511906,1,1,Internal
ALGN,PCAR,0.47546281832372556,62,0.00010780124947489587,1,1,Internal
ALGN,PGR,-0.5718597088886613,62,1.4783108198949916e-06,1,4,External
ALGN,PHM,0.41505863815364746,62,0.0008808436700061668,1,1,Internal
ALGN,PLD,0.48078722057869394,62,8.78583017220657e-05,1,1,Internal
ALGN,PM,-0.40654143634522477,62,0.0011493720479279113,1,4,External
ALGN,PPG,0.4326140939387788,62,0.0004976913357510004,1,1,Internal
ALGN,RL,0.43374340453038307,62,0.0004792355273534091,1,1,Internal
ALGN,SW,0.4068014865417097,62,0.0011401889439091285,1,1,Internal
ALGN,SWK,0.4913321747405237,62,5.8003392314297625e-05,1,1,Internal
ALGN,SYF,0.4048673366324237,62,0.0012101005038713136,1,1,Internal
ALGN,TER,0.43813907859907386,62,0.00041316873340535657,1,1,Internal
ALGN,TGT,0.5380566450232289,62,7.742195602192526e-06,1,1,Internal
ALGN,TROW,0.46728527881268234,62,0.00014664236783490514,1,1,Internal
ALGN,UAL,0.5131210965777931,62,2.3526678135661975e-05,1,1,Internal
ALGN,UPS,0.5508630625397554,62,4.2232770168933465e-06,1,1,Internal
ALGN,VRSK,-0.40485951301369094,62,0.0012103909595707135,1,4,External
ALGN,VRSN,-0.49504163912368937,62,4.995763707344304e-05,1,4,External
ALGN,WRB,-0.42463651787744583,62,0.0006475674652833759,1,4,External
ALGN,WYNN,0.4137559022314434,62,0.0009178481030071182,1,1,Internal
ALL,AMAT,-0.5994880590376708,62,3.308177914329536e-07,4,1,External
ALL,AMD,-0.4819013617814336,62,8.41408571968409e-05,4,1,External
ALL,AMT,0.47498985735469174,62,0.00010976023084468703,4,4,Internal
ALL,AMZN,-0.5500272740924518,62,4.3970410132433865e-06,4,1,External
ALL,AON,0.6590234893753601,62,7.726026013279792e-09,4,4,Internal
ALL,ATO,0.7155398100021252,62,9.161155068586043e-11,4,4,Internal
ALL,AWK,0.633379637604281,62,4.299385939246746e-08,4,4,Internal
ALL,AZO,0.5947734991665865,62,4.313712247801601e-07,4,4,Internal
ALL,BBY,-0.5292740094050616,62,1.1567614007167755e-05,4,1,External
ALL,BR,0.5231947291280254,62,1.5175072284665911e-05,4,4,Internal
ALL,BRK-B,0.48942748231417055,62,6.258400410858471e-05,4,4,Internal
ALL,BRO,0.6583960703655751,62,8.07324159496704e-09,4,4,Internal
ALL,BSX,0.41669167191671036,62,0.0008363621878425839,4,4,Internal
ALL,CAH,0.5705826568186078,62,1.5790531503152573e-06,4,4,Internal
ALL,CB,0.8623285195534182,62,4.356493731324361e-19,4,4,Internal
ALL,CBOE,0.595904251304967,62,4.0492465744343197e-07,4,4,Internal
ALL,CCI,0.5284959655970456,62,1.198004166345809e-05,4,4,Internal
ALL,CHD,0.41527169419355314,62,0.0008749216388698729,4,5,External
ALL,CI,0.5788160767217614,62,1.0272316038420516e-06,4,4,Internal
ALL,CINF,0.8644244937858049,62,2.857510306660915e-19,4,4,Internal
ALL,CL,0.5040947645718976,62,3.4446753114236076e-05,4,4,Internal
ALL,CME,0.6504717103464833,62,1.394377753054965e-08,4,4,Internal
ALL,CMS,0.6822792096780226,62,1.4035178350822376e-09,4,4,Internal
ALL,CNC,0.4000940938655532,62,0.0013994224656993146,4,4,Internal
ALL,CNP,0.6203770421654919,62,9.679523477812798e-08,4,4,Internal
ALL,COR,0.5757642836586937,62,1.2063539570591394e-06,4,4,Internal
ALL,COST,0.5649420949721874,62,2.1058532432565675e-06,4,4,Internal
ALL,CTAS,0.7354062841486865,62,1.4815714866088165e-11,4,4,Internal
ALL,D,0.6016627600165723,62,2.92277380842459e-07,4,4,Internal
ALL,DGX,0.4138741338496081,62,0.0009144327376617419,4,4,Internal
ALL,DTE,0.7305177328738943,62,2.3542752966254407e-11,4,4,Internal
ALL,DUK,0.664083304658701,62,5.399282910527128e-09,4,4,Internal
ALL,EA,0.4622871436787704,62,0.00017631750956432376,4,4,Internal
ALL,ECL,0.4950792369408988,62,4.9881641933618545e-05,4,4,Internal
ALL,ED,0.7062557520519473,62,2.0380750685819292e-10,4,4,Internal
ALL,EG,0.6692522740658394,62,3.7175369955355535e-09,4,4,Internal
ALL,ELV,0.4396265078679018,62,0.00039276318966024917,4,4,Internal
ALL,EQR,0.401801446115255,62,0.001328847240857673,4,4,Internal
ALL,EQT,0.41891777879761505,62,0.0007789950752933424,4,2,External
ALL,ES,0.5383336275617088,62,7.643368994217837e-06,4,4,Internal
ALL,ETR,0.5608706534049887,62,2.5837667127585164e-06,4,4,Internal
ALL,EVRG,0.5030463366566756,62,3.5981581341562596e-05,4,4,Internal
ALL,EXC,0.706470151518212,62,2.0014819683537582e-10,4,4,Internal
ALL,FE,0.6248959684797863,62,7.331589558520233e-08,4,4,Internal
ALL,GD,0.41170962869201033,62,0.0009788120632611013,4,2,External
ALL,GE,0.4957900611141558,62,4.846480989892548e-05,4,4,Internal
ALL,GL,0.6138877671411173,62,1.4315662002749333e-07,4,4,Internal
ALL,HCA,0.635999844590102,62,3.634021065951275e-08,4,4,Internal
ALL,HIG,0.8942039020463124,62,2.933684708509051e-22,4,4,Internal
ALL,HON,0.40415196695659245,62,0.0012369197812790924,4,4,Internal
ALL,HPQ,-0.4582503746107991,62,0.0002041946809323397,4,1,External
ALL,HST,-0.4014052888424792,62,0.0013449315417967238,4,1,External
ALL,ICE,0.6455221116249282,62,1.9459678693546127e-08,4,4,Internal
ALL,JBHT,-0.4160450786062212,62,0.00085372584514472,4,1,External
ALL,JKHY,0.44243050748714363,62,0.000356771592826165,4,4,Internal
ALL,KDP,0.4370155800804412,62,0.00042921587742004167,4,4,Internal
ALL,KEYS,-0.400155429825962,62,0.0013968298999304898,4,1,External
ALL,KLAC,-0.48785340902338503,62,6.661875590791474e-05,4,1,External
ALL,KMB,0.46760018428217265,62,0.00014493573094327236,4,4,Internal
ALL,KMI,0.6010361448635712,62,3.0292573886164694e-07,4,4,Internal
ALL,KO,0.6081291717088533,62,2.011203737463332e-07,4,4,Internal
ALL,KR,0.5245108891662236,62,1.4315298085056253e-05,4,4,Internal
ALL,KVUE,0.4756507260299053,62,0.00010703190333630266,4,4,Internal
ALL,L,0.842321612625042,62,1.77372517711676e-17,4,4,Internal
ALL,LIN,0.4201567397425315,62,0.0007486312275863988,4,4,Internal
ALL,LMT,0.4081674104888725,62,0.0010930303200530516,4,2,External
ALL,LNT,0.657299615196199,62,8.715750198756094e-09,4,4,Internal
ALL,LRCX,-0.5956240663150425,62,4.1133195493459965e-07,4,1,External
ALL,LYB,-0.4195604108167134,62,0.000763109512683118,4,2,External
ALL,MA,0.40328050532312026,62,0.001270312674110157,4,4,Internal
ALL,MAA,0.4205683346288247,62,0.0007387835373510598,4,4,Internal
ALL,MCD,0.6616325143999549,62,6.428100876361394e-09,4,4,Internal
ALL,MCHP,-0.48213664381081356,62,8.337456846914917e-05,4,1,External
ALL,MCK,0.6343646234945396,62,4.0368036824427146e-08,4,4,Internal
ALL,MCO,0.5067935861015602,62,3.077003993420142e-05,4,4,Internal
ALL,MGM,-0.40970691871745535,62,0.0010419906518716589,4,1,External
ALL,MMC,0.6991195340358348,62,3.691388095193182e-10,4,4,Internal
ALL,MO,0.595270700290223,62,4.1954861486608925e-07,4,4,Internal
ALL,MPWR,-0.6971045629227128,62,4.351867299524132e-10,4,1,External
ALL,NEE,0.46413651428701874,62,0.0001647496804581611,4,4,Internal
ALL,NI,0.6061665764828061,62,2.254801539840088e-07,4,4,Internal
ALL,NVDA,-0.4401136109107897,62,0.0003862828913861993,4,1,External
ALL,NXPI,-0.5448443012968633,62,5.632538983673119e-06,4,1,External
ALL,O,0.4824310844670249,62,8.242465648968627e-05,4,4,Internal
ALL,ON,-0.5718503918793846,62,1.4790235040176626e-06,4,1,External
ALL,ORLY,0.5896902020614061,62,5.715905769659357e-07,4,4,Internal
ALL,OTIS,0.5096199697439816,62,2.7311471919433632e-05,4,4,Internal
ALL,PAYX,0.5701291654984214,62,1.6163481462913758e-06,4,4,Internal
ALL,PEG,0.5981929190892344,62,3.5598913842133144e-07,4,4,Internal
ALL,PG,0.5208397584390262,62,1.6834169747529596e-05,4,4,Internal
ALL,PGR,0.8478159255865242,62,6.760085245844489e-18,4,4,Internal
ALL,PM,0.6289139765497669,62,5.705431981019012e-08,4,4,Internal
ALL,PNW,0.639688281836491,62,2.860398366627619e-08,4,4,Internal
ALL,PPL,0.7485218988864285,62,4.060664909764473e-12,4,4,Internal
ALL,PSA,0.41784428997390977,62,0.0008061992696957193,4,4,Internal
ALL,ROL,0.6941305019908702,62,5.535109858041817e-10,4,4,Internal
ALL,ROP,0.5153766490764841,62,2.1352333113120395e-05,4,4,Internal
ALL,RSG,0.6901464017360653,62,7.605089687965074e-10,4,4,Internal
ALL,SBAC,0.5649460207719873,62,2.105435214791317e-06,4,4,Internal
ALL,SO,0.6465620237439546,62,1.8152651581159498e-08,4,4,Internal
ALL,SPGI,0.5089586672222081,62,2.808679107052424e-05,4,4,Internal
ALL,SRE,0.5733919670634996,62,1.3653805117995392e-06,4,4,Internal
ALL,SWK,-0.482630543100851,62,8.178684263250035e-05,4,1,External
ALL,SWKS,-0.5574655757030044,62,3.0594305962272288e-06,4,1,External
ALL,SYF,-0.47118843218805,62,0.00012673460005290828,4,1,External
ALL,SYY,0.41826495684597426,62,0.00079543810473145,4,4,Internal
ALL,T,0.6058431981013264,62,2.2975102592630757e-07,4,4,Internal
ALL,TER,-0.6043189229406332,62,2.509271358036441e-07,4,1,External
ALL,TGT,-0.407774487255619,62,0.0011064126532551986,4,1,External
ALL,TJX,0.43473871443818063,62,0.0004634875046340318,4,5,External
ALL,TMUS,0.5114071854295135,62,2.5314162340485654e-05,4,4,Internal
ALL,TRV,0.8764088910594191,62,2.2213988782975745e-20,4,4,Internal
ALL,UHS,0.5576982133955309,62,3.0244927828897343e-06,4,4,Internal
ALL,UPS,-0.43098345594519294,62,0.0005254802092158191,4,1,External
ALL,V,0.4635372387920686,62,0.00016841965772482057,4,4,Internal
ALL,VICI,0.4012379255217925,62,0.0013517790334626894,4,4,Internal
ALL,VRSK,0.6937870595045412,62,5.689938182330119e-10,4,4,Internal
ALL,VTR,0.5206550145203054,62,1.6971198506149046e-05,4,4,Internal
ALL,VZ,0.6293526643462294,62,5.5501344352314056e-08,4,4,Internal
ALL,WEC,0.703511787490812,62,2.5663150315339746e-10,4,4,Internal
ALL,WELL,0.7085807064923113,62,1.6730871602620942e-10,4,4,Internal
ALL,WM,0.6115685214509398,62,1.6429661262009615e-07,4,4,Internal
ALL,WMB,0.4196975542961636,62,0.0007597575614559345,4,4,Internal
ALL,WRB,0.8666740746995725,62,1.8029791486458425e-19,4,4,Internal
ALL,WTW,0.68270652613972,62,1.3582350070964223e-09,4,4,Internal
ALL,XEL,0.6404849454065581,62,2.715124182612279e-08,4,4,Internal
ALL,YUM,0.4874930471290892,62,6.757556144356132e-05,4,4,Internal
ALL,ZBRA,-0.4371506525691123,62,0.00042725708363837206,4,1,External
ALLE,BALL,0.44842174379975813,62,0.00028972898175099794,1,1,Internal
ALLE,CMCSA,-0.46418019361435203,62,0.00016448507393135179,1,5,External
ALLE,EW,0.47785021692744456,62,9.839414454115626e-05,1,1,Internal
ALLE,FISV,-0.5376740035497092,62,7.880679108445623e-06,1,5,External
ALLE,HAS,0.6795187760211557,62,1.7324254899304173e-09,1,1,Internal
ALLE,IBM,-0.4989697723365701,62,4.257029997160083e-05,1,5,External
ALLE,ITW,0.4745901753101012,62,0.00011144113855766489,1,1,Internal
ALLE,LKQ,-0.48307203643399005,62,8.039119435826288e-05,1,5,External
ALLE,LVS,0.40574977027916925,62,0.001177739365457832,1,1,Internal
ALLE,MLM,0.42687724730023785,62,0.0006018046866872812,1,5,External
ALLE,NOW,0.5491407080408927,62,4.588637821045569e-06,1,1,Internal
ALLE,OMC,0.4541552122364916,62,0.0002365441839710246,1,1,Internal
ALLE,RMD,0.6154816272219277,62,1.3014365720351e-07,1,1,Internal
ALLE,TYL,-0.40514286479811473,62,0.0011999112957207874,1,5,External
ALLE,URI,0.6551239944787766,62,1.0136612326363898e-08,1,1,Internal
AMAT,ATO,-0.4597229015738457,62,0.0001935894981805696,1,4,External
AMAT,AVGO,0.529383308916676,62,1.1510745204467248e-05,1,1,Internal
AMAT,AWK,-0.487610212016339,62,6.726309355634455e-05,1,4,External
AMAT,AZO,-0.4569231636570739,62,0.00021420598793209673,1,4,External
AMAT,CB,-0.5431268536301125,62,6.108670359146608e-06,1,4,External
AMAT,CCI,-0.4594614706009712,62,0.0001954347215947814,1,4,External
AMAT,CI,-0.5737641086746179,62,1.3391996821870038e-06,1,4,External
AMAT,CINF,-0.6220466105656316,62,8.739760721163958e-08,1,4,External
AMAT,CL,-0.40395175827057467,62,0.0012445207754118498,1,4,External
AMAT,CME,-0.4862854328928742,62,7.087502607665334e-05,1,4,External
AMAT,CMS,-0.4583275013141631,62,0.00020362628306578524,1,4,External
AMAT,COST,-0.5504829474358484,62,4.301494526342132e-06,1,4,External
AMAT,D,-0.5363057329048537,62,8.394969509433298e-06,1,4,External
AMAT,DOC,-0.40743193150397466,62,0.001118199769790884,1,4,External
AMAT,DTE,-0.5102492200495183,62,2.6592177581689014e-05,1,4,External
AMAT,DUK,-0.45461481014725136,62,0.00023269357358203993,1,4,External
AMAT,ECL,-0.43852679817622914,62,0.0004077588256599673,1,4,External
AMAT,ED,-0.6062121210434483,62,2.2488468075799596e-07,1,4,External
AMAT,EQR,-0.40894748348466037,62,0.0010668935463548337,1,4,External
AMAT,EXC,-0.494330875685449,62,5.14145393203027e-05,1,4,External
AMAT,EXR,-0.4685334333691834,62,0.00013998438775101628,1,4,External
AMAT,FE,-0.4749647058161785,62,0.00010986531764639003,1,4,External
AMAT,HIG,-0.5650925197729987,62,2.089891026730269e-06,1,4,External
AMAT,ICE,-0.5103440167435134,62,2.648534913661908e-05,1,4,External
AMAT,INVH,-0.46119492663831196,62,0.00018349405394542606,1,4,External
AMAT,JKHY,-0.4285700102913011,62,0.0005691994828138929,1,4,External
AMAT,KLAC,0.7865276442532194,62,5.814851422725485e-14,1,1,Internal
AMAT,KR,-0.4490638451515411,62,0.000283272661664969,1,4,External
AMAT,KVUE,-0.5230381656406923,62,1.528047759250394e-05,1,4,External
AMAT,L,-0.5358359631630975,62,8.578627856766027e-06,1,4,External
AMAT,LNT,-0.4974318042411255,62,4.533328680725564e-05,1,4,External
AMAT,LRCX,0.755029547337208,62,2.0736566601816005e-12,1,1,Internal
AMAT,MAA,-0.43197249787495695,62,0.0005084619179892175,1,4,External
AMAT,MCHP,0.41032553239685954,62,0.001022094031080243,1,1,Internal
AMAT,MCK,-0.43353555115388637,62,0.0004825849659180217,1,4,External
AMAT,MMC,-0.5218148199496173,62,1.612780017325837e-05,1,4,External
AMAT,MO,-0.4497348411841674,62,0.0002766663390852794,1,4,External
AMAT,MPWR,0.6255702118472776,62,7.031216838917739e-08,1,1,Internal
AMAT,NVDA,0.43392178363921974,62,0.0004763779053192852,1,1,Internal
AMAT,NXPI,0.5296495042232228,62,1.1373328617580385e-05,1,1,Internal
AMAT,O,-0.49973955789123264,62,4.124658528136881e-05,1,4,External
AMAT,ON,0.4798493607268044,62,9.110408445635519e-05,1,1,Internal
AMAT,ORLY,-0.5206533084608569,62,1.6972468739306318e-05,1,4,External
AMAT,PEG,-0.4504425998648461,62,0.0002698507280575879,1,4,External
AMAT,PGR,-0.4587731818129401,62,0.00020037002320315127,1,4,External
AMAT,PPL,-0.5313169970382167,62,1.0546638997902292e-05,1,4,External
AMAT,PSA,-0.48571566950049666,62,7.248272145116913e-05,1,4,External
AMAT,QCOM,0.48376737324339003,62,7.823749548293313e-05,1,1,Internal
AMAT,REG,-0.47246631680805584,62,0.00012077683573198211,1,5,External
AMAT,ROL,-0.4512608836522725,62,0.0002621620517754543,1,4,External
AMAT,RSG,-0.49529983256452503,62,4.943790559945033e-05,1,4,External
AMAT,SBAC,-0.407104155246598,62,0.0011295840880879723,1,4,External
AMAT,SO,-0.5240839655612282,62,1.4589095861632365e-05,1,4,External
AMAT,SRE,-0.46570355196426205,62,0.0001554967241350194,1,4,External
AMAT,TER,0.6304008689960837,62,5.195059596025057e-08,1,1,Internal
AMAT,TRV,-0.5877879998293628,62,6.342936288430575e-07,1,4,External
AMAT,UDR,-0.400354149897407,62,0.001388459947496553,1,4,External
AMAT,WEC,-0.5185320189180702,62,1.86219529799441e-05,1,4,External
AMAT,WELL,-0.5192278227359926,62,1.8065192751285945e-05,1,4,External
AMAT,WM,-0.4695613426713365,62,0.00013471074559777912,1,4,External
AMAT,WRB,-0.49949680386750006,62,4.165985824530287e-05,1,4,External
AMAT,WTW,-0.47309982375515014,62,0.00011791966004678121,1,4,External
AMAT,XEL,-0.42118100391396684,62,0.0007243419600980597,1,4,External
AMCR,APD,0.5334101586878537,62,9.587991750609928e-06,5,5,Internal
AMCR,ARE,0.4184353944945062,62,0.0007911151938183318,5,1,External
AMCR,AVY,0.5689569663673094,62,1.7166051076094754e-06,5,1,External
AMCR,AWK,0.4435231308038983,62,0.00034358006211934955,5,4,External
AMCR,BALL,0.5081976922339015,62,2.900416271995517e-05,5,1,External
AMCR,BRO,0.4158393641243901,62,0.0008593180060482988,5,4,External
AMCR,CAG,0.4737925633435617,62,0.00011486648989296838,5,5,Internal
AMCR,CHD,0.430182136729504,62,0.0005396457429397869,5,5,Internal
AMCR,CMS,0.40865163297187795,62,0.0010767391444644935,5,4,External
AMCR,CPB,0.43879477800460454,62,0.00040405741665636694,5,5,Internal
AMCR,DHI,0.4405841276640547,62,0.00038011581531860423,5,1,External
AMCR,EXPD,0.42953092191860265,62,0.0005514120440779076,5,1,External
AMCR,FAST,0.5419936239664029,62,6.443098109375343e-06,5,5,Internal
AMCR,FE,0.4187036285760796,62,0.0007843548172002429,5,4,External
AMCR,FRT,0.4666524853651364,62,0.000150127660278439,5,1,External
AMCR,GIS,0.4485539079970562,62,0.00028838920111626454,5,5,Internal
AMCR,GPC,0.5105268589305331,62,2.628042214179168e-05,5,5,Internal
AMCR,HD,0.4219963489655581,62,0.0007055192309896901,5,1,External
AMCR,HRL,0.4783980057689624,62,9.634500254575138e-05,5,5,Internal
AMCR,IFF,0.45266417247477997,62,0.00024944085820424353,5,5,Internal
AMCR,INVH,0.40283379096524374,62,0.0012877423591746095,5,4,External
AMCR,ITW,0.4690983633621806,62,0.0001370630551460705,5,1,External
AMCR,KHC,0.45938165903606826,62,0.00019600124379230715,5,5,Internal
AMCR,KMB,0.41454756605014925,62,0.0008951970778844411,5,4,External
AMCR,LIN,0.4220487959656235,62,0.0007043237529571365,5,4,External
AMCR,LOW,0.41469225192041664,62,0.000891112312100693,5,1,External
AMCR,MKC,0.467305163760838,62,0.00014653405819140566,5,4,External
AMCR,MLM,0.48650684593976945,62,7.025918114892035e-05,5,5,Internal
AMCR,NVDA,-0.47338608441125024,62,0.00011664907452391307,5,1,External
AMCR,NVR,0.4083318762453814,62,0.0010874723036149846,5,1,External
AMCR,O,0.4285146007414106,62,0.0005702408659370939,5,4,External
AMCR,PHM,0.4144520237969867,62,0.0008979036825237662,5,1,External
AMCR,PKG,0.45170156808240586,62,0.0002581047236595011,5,1,External
AMCR,PNW,0.447187742635449,62,0.00030251521549963734,5,4,External
AMCR,PPL,0.44453575857482575,62,0.00033175276009319785,5,4,External
AMCR,REG,0.4545036675462037,62,0.0002336194612143993,5,5,Internal
AMCR,SYY,0.4971759580913234,62,4.580867412655349e-05,5,4,External
AMCR,VICI,0.436560306675263,62,0.0004358784658291815,5,4,External
AMD,CB,-0.48585979337633173,62,7.207290483060204e-05,1,4,External
AMD,CINF,-0.5124228422327879,62,2.424029598678293e-05,1,4,External
AMD,EXC,-0.41923261923493366,62,0.0007711753840492847,1,4,External
AMD,HCA,-0.41487922417658285,62,0.0008858586464838699,1,4,External
AMD,HIG,-0.48200917686757255,62,8.37889137799612e-05,1,4,External
AMD,L,-0.4700079976925309,62,0.0001324765416853177,1,4,External
AMD,LMT,-0.4036801576890431,62,0.0012548993421883864,1,2,External
AMD,MET,-0.4122195302768477,62,0.0009632884316535229,1,1,Internal
AMD,MGM,0.4144843066633495,62,0.0008969883198876795,1,1,Internal
AMD,MPWR,0.4863802152495002,62,7.061078927827409e-05,1,1,Internal
AMD,NVDA,0.44881344590280187,62,0.0002857746403195745,1,1,Internal
AMD,NXPI,0.42991921103056546,62,0.0005443686413402325,1,1,Internal
AMD,SWKS,0.43103940064455576,62,0.0005245039518660294,1,1,Internal
AMD,TER,0.41767680331537954,62,0.0008105202795262864,1,1,Internal
AMD,TRV,-0.49144610108112907,62,5.773946541714299e-05,1,4,External
AMD,WEC,-0.4168726704501387,62,0.0008315591407479832,1,4,External
AMD,WRB,-0.5076132319106625,62,2.9727490827213676e-05,1,4,External
AME,AOS,0.41776918362098875,62,0.0008081343665013764,1,1,Internal
AME,BAC,0.47334981766385287,62,0.00011680934809774838,1,1,Internal
AME,C,0.510175183322487,62,2.6675888569493366e-05,1,1,Internal
AME,CAT,0.4971652706813747,62,4.582863220919274e-05,1,1,Internal
AME,CBRE,0.4087708390237998,62,0.0010727622858905323,1,1,Internal
AME,CFG,0.5100256060442241,62,2.684575598399253e-05,1,1,Internal
AME,CMI,0.500944065069324,62,3.925145254079426e-05,1,1,Internal
AME,DD,0.43606101924527696,62,0.0004432931757877062,1,1,Internal
AME,DOV,0.5907581848848042,62,5.389863002284958e-07,1,1,Internal
AME,EMR,0.567090559737634,62,1.8883255553791328e-06,1,1,Internal
AME,EXPD,0.5126878218813472,62,2.3967157292713518e-05,1,1,Internal
AME,FITB,0.5193136768407202,62,1.7997575839322234e-05,1,1,Internal
AME,FTV,0.5427610510622977,62,6.214812018483076e-06,1,1,Internal
AME,HAS,0.4821137608646085,62,8.344881282363237e-05,1,1,Internal
AME,HBAN,0.475020992647377,62,0.00010963027098142359,1,1,Internal
AME,HUBB,0.5037132440197333,62,3.499812394964671e-05,1,1,Internal
AME,IEX,0.6027732848197731,62,2.742652109452135e-07,1,1,Internal
AME,IR,0.5242166393848493,62,1.4503492050293819e-05,1,1,Internal
AME,ITW,0.4162753079673117,62,0.0008475062695782128,1,1,Internal
AME,IVZ,0.5188026518821066,62,1.8403536080235687e-05,1,1,Internal
AME,J,0.41388165493943896,62,0.0009142158639762518,1,1,Internal
AME,KEY,0.4987615815394076,62,4.293498596978814e-05,1,1,Internal
AME,KEYS,0.486024060961708,62,7.160841311886656e-05,1,1,Internal
AME,MAS,0.41317986732116735,62,0.000934653340179009,1,1,Internal
AME,MMM,0.47048488460236737,62,0.0001301286919850535,1,1,Internal
AME,MSFT,-0.41253668942273547,62,0.0009537451147944527,1,12,External
AME,MTB,0.5095445925798503,62,2.7398833347616978e-05,1,1,Internal
AME,MTD,0.4578441186005796,62,0.00020721268515389935,1,5,External
AME,NSC,0.5354585296189793,62,8.7288888501729e-06,1,1,Internal
AME,PNC,0.5390293702933353,62,7.400286641460029e-06,1,1,Internal
AME,PNR,0.47885457120060787,62,9.466717049801288e-05,1,1,Internal
AME,PRU,0.4366197466013484,62,0.0004350033017177749,1,1,Internal
AME,RF,0.576478110610936,62,1.1620102617490748e-06,1,1,Internal
AME,STX,0.45829713622786794,62,0.0002038498905389068,1,1,Internal
AME,SWK,0.4540130744947859,62,0.00023774678130960593,1,1,Internal
AME,SYF,0.45443816705895784,62,0.00023416669714463123,1,1,Internal
AME,TEL,0.5851306680020368,62,7.327570477312415e-07,1,1,Internal
AME,TFC,0.49822117895810264,62,4.38951176108773e-05,1,1,Internal
AME,TPR,0.407311129395374,62,0.0011223833864385962,1,1,Internal
AME,TRMB,0.4328552701739715,62,0.0004936965502250371,1,1,Internal
AME,TXT,0.40234252015266375,62,0.0013071585321811018,1,1,Internal
AME,URI,0.45416513848073414,62,0.00023646040815916233,1,1,Internal
AME,USB,0.43580200678433123,62,0.0004471846681171234,1,1,Internal
AME,VLTO,0.4064400743238803,62,0.001152969424130077,1,5,External
AME,WFC,0.40823793792586593,62,0.0010906437634732554,1,1,Internal
AME,XYL,0.5043825917893909,62,3.4036116657604086e-05,1,1,Internal
AME,ZBRA,0.506118025325645,62,3.165464893921156e-05,1,1,Internal
AMGN,ANET,-0.41327958552872157,62,0.0009317244354177837,5,12,External
AMGN,BA,-0.4167002271342614,62,0.000836134600110162,5,1,External
AMGN,BIIB,0.5919940218312503,62,5.034387859318862e-07,5,5,Internal
AMGN,BMY,0.5383922386110935,62,7.622607877541434e-06,5,5,Internal
AMGN,CEG,-0.4812161622160031,62,8.640956110845123e-05,5,12,External
AMGN,CHD,0.42065583324836014,62,0.000736705238711721,5,5,Internal
AMGN,DGX,0.42308737244843425,62,0.0006810249374376073,5,4,External
AMGN,DHR,0.5081802836601035,62,2.9025470025282822e-05,5,5,Internal
AMGN,ELV,0.40812687122577995,62,0.0010944042441584396,5,4,External
AMGN,GILD,0.587072548272763,62,6.595052715458731e-07,5,5,Internal
AMGN,INCY,0.45510489935535625,62,0.0002286506920422558,5,5,Internal
AMGN,IQV,0.5197302047632125,62,1.7672847599612502e-05,5,5,Internal
AMGN,JNJ,0.4362470267172527,62,0.00044051755750283336,5,5,Internal
AMGN,KDP,0.40680272107244325,62,0.0011401455071664004,5,4,External
AMGN,LH,0.5011092938060173,62,3.898483688005785e-05,5,5,Internal
AMGN,MDLZ,0.40557719316870167,62,0.001184006256636737,5,5,Internal
AMGN,MDT,0.4183945406115178,62,0.0007921494551621481,5,5,Internal
AMGN,MRK,0.5359879886975797,62,8.518787553684677e-06,5,5,Internal
AMGN,PEP,0.42055746864250276,62,0.0007390420000742447,5,5,Internal
AMGN,PFE,0.605810184591846,62,2.3019129218046085e-07,5,5,Internal
AMGN,PH,-0.4867018462366977,62,6.972088877882643e-05,5,1,External
AMGN,TECH,0.4685497831836612,62,0.00013989904410010028,5,5,Internal
AMGN,TMO,0.47525893916785744,62,0.00010864173306786947,5,5,Internal
AMGN,VRTX,0.49682566416425594,62,4.646702441169506e-05,5,5,Internal
AMGN,WAT,0.42378458903517374,62,0.0006657778661380284,5,5,Internal
AMGN,WST,0.4665027118000479,62,0.00015096362122000797,5,5,Internal
AMGN,ZTS,0.49190148120083216,62,5.669553643854573e-05,5,5,Internal
AMP,AXP,0.4685506345822334,62,0.00013989460123134233,1,1,Internal
AMP,BAC,0.4598710503556432,62,0.0001925509316609387,1,1,Internal
AMP,C,0.45823811490885846,62,0.00020428516440791826,1,1,Internal
AMP,CFG,0.4630050951117744,62,0.00017174114565382653,1,1,Internal
AMP,CPAY,0.417730422578633,62,0.0008091346767626634,1,1,Internal
AMP,DLTR,0.45262446504038734,62,0.0002497929225142816,1,1,Internal
AMP,DOV,0.44643969597281874,62,0.0003105146324046825,1,1,Internal
AMP,FITB,0.46223337636265605,62,0.00017666468854587373,1,1,Internal
AMP,HBAN,0.45883542424810164,62,0.00019991907503178974,1,1,Internal
AMP,JPM,0.4752436402830782,62,0.00010870504435077648,1,1,Internal
AMP,KEY,0.412127016356662,62,0.0009660883581142609,1,1,Internal
AMP,MET,0.4668129291896025,62,0.0001492368540275911,1,1,Internal
AMP,MS,0.4402067975319597,62,0.0003850543071291939,1,1,Internal
AMP,MTB,0.4475111938534831,62,0.0002991148908504355,1,1,Internal
AMP,PNC,0.44834307970123793,62,0.00029052911257524143,1,1,Internal
AMP,RF,0.43901945647621754,62,0.00040097768763852333,1,1,Internal
AMP,RJF,0.6263087048148438,62,6.715554477231991e-08,1,1,Internal
AMP,SYF,0.44640889524987876,62,0.0003108481046067474,1,1,Internal
AMP,TFC,0.4048736680927359,62,0.0012098654912033908,1,1,Internal
AMP,TROW,0.41066766949693667,62,0.001011237508098316,1,1,Internal
AMP,USB,0.404594490394733,62,0.0012202671841512528,1,1,Internal
AMP,VLO,0.4015480470384793,62,0.0013391153932561127,1,1,Internal
AMT,AMZN,-0.6911937079664324,62,6.999177786820776e-10,4,1,External
AMT,AON,0.4377531851296104,62,0.00041861791830467187,4,4,Internal
AMT,APD,0.4497094478893338,62,0.00027691376719888834,4,5,External
AMT,APH,-0.4140657415022108,62,0.0009089221073340079,4,1,External
AMT,ATO,0.6246223042043839,62,7.456924780342602e-08,4,4,Internal
AMT,AVGO,-0.432103820283253,62,0.0005062403129147297,4,1,External
AMT,AWK,0.8044311507887131,62,5.7645126348696894e-15,4,4,Internal
AMT,AXP,-0.404279797069097,62,0.0012320885351188864,4,1,External
AMT,AZO,0.4798785856116912,62,9.100129876661546e-05,4,4,Internal
AMT,BR,0.4814096234316979,62,8.576337158757566e-05,4,4,Internal
AMT,C,-0.42065058721159687,62,0.0007368296952416322,4,1,External
AMT,CAG,0.5200461746109166,62,1.7430150746766016e-05,4,5,External
AMT,CAH,0.42803316443398187,62,0.0005793621209897707,4,4,Internal
AMT,CB,0.5964612018258025,62,3.924657255210807e-07,4,4,Internal
AMT,CBOE,0.5862264711647276,62,6.905331310111503e-07,4,4,Internal
AMT,CCI,0.9255577003440093,62,1.446066428687997e-26,4,4,Internal
AMT,CCL,-0.42316862785465525,62,0.0006792318732194162,4,1,External
AMT,CFG,-0.45625212301831086,62,0.00021943677924433238,4,1,External
AMT,CI,0.5794501580179263,62,9.932888431609578e-07,4,4,Internal
AMT,CINF,0.47409989036166067,62,0.00011353537892266002,4,4,Internal
AMT,CL,0.6732431859332323,62,2.772738746096539e-09,4,4,Internal
AMT,CLX,0.4572398526469015,62,0.00021177721253423955,4,5,External
AMT,CME,0.5715224201317053,62,1.504316927767628e-06,4,4,Internal
AMT,CMS,0.6735519790113549,62,2.710029773682065e-09,4,4,Internal
AMT,CNP,0.5844310543891359,62,7.609689843031325e-07,4,4,Internal
AMT,COF,-0.4945727294900981,62,5.091444968560353e-05,4,1,External
AMT,COR,0.4175812280380925,62,0.0008129954083270228,4,4,Internal
AMT,COST,0.509801560343771,62,2.710206826746978e-05,4,4,Internal
AMT,CPB,0.4726768689710462,62,0.00011982024831941447,4,5,External
AMT,CTAS,0.48899468334535984,62,6.367030829106907e-05,4,4,Internal
AMT,D,0.6793436761303957,62,1.755583036823733e-09,4,4,Internal
AMT,DGX,0.5113962796969853,62,2.5325928592959873e-05,4,4,Internal
AMT,DOV,-0.4157047502157372,62,0.0008629952500179625,4,1,External
AMT,DTE,0.6509916979000144,62,1.3459210152250998e-08,4,4,Internal
AMT,DUK,0.7836693958246016,62,8.24000030561606e-14,4,4,Internal
AMT,EA,0.5134875639229679,62,2.3159985832532608e-05,4,4,Internal
AMT,EBAY,0.4647914813007155,62,0.00016082256727273386,4,4,Internal
AMT,ECL,0.7612796162167363,62,1.0660565567450553e-12,4,4,Internal
AMT,ED,0.6753345601680644,62,2.373508186419461e-09,4,4,Internal
AMT,EG,0.4122278114976435,62,0.0009630381584883916,4,4,Internal
AMT,EMR,-0.42852103120087576,62,0.0005701199214429619,4,1,External
AMT,ES,0.43199278084568804,62,0.0005081182102420546,4,4,Internal
AMT,ESS,0.4082858912331198,62,0.001089023768086383,4,4,Internal
AMT,EVRG,0.5226599045906608,62,1.5537950967157153e-05,4,4,Internal
AMT,EXC,0.7438287478155794,62,6.5108083805475175e-12,4,4,Internal
AMT,EXR,0.5931545837393157,62,4.7207147584177586e-07,4,4,Internal
AMT,FAST,0.43715349095028966,62,0.0004272160093676332,4,5,External
AMT,FDS,0.4198465065789573,62,0.0007561320794111128,4,4,Internal
AMT,FE,0.7066743254207957,62,1.967215584722973e-10,4,4,Internal
AMT,GIS,0.6227148131819926,62,8.388315712968601e-08,4,5,External
AMT,GL,0.40250199965347816,62,0.0013008268731158836,4,4,Internal
AMT,HIG,0.5098473291285401,62,2.7049524493115485e-05,4,4,Internal
AMT,HON,0.4796977309737662,62,9.163909217526869e-05,4,4,Internal
AMT,HRL,0.5120364522396744,62,2.4643755898219978e-05,4,5,External
AMT,HSY,0.5024837267017236,62,3.683104387361966e-05,4,5,External
AMT,ICE,0.6346448227039656,62,3.964919346268219e-08,4,4,Internal
AMT,INVH,0.5567669874792761,62,3.166624774511025e-06,4,4,Internal
AMT,JKHY,0.6044087367379539,62,2.4963014573181263e-07,4,4,Internal
AMT,KDP,0.5346167813011972,62,9.072865530375069e-06,4,4,Internal
AMT,KEY,-0.43154521084218206,62,0.0005157518106880583,4,1,External
AMT,KEYS,-0.4662753558086127,62,0.00015224076821340464,4,1,External
AMT,KHC,0.5494603021476653,62,4.518689702744072e-06,4,5,External
AMT,KLAC,-0.4652676071324329,62,0.00015802182552911712,4,1,External
AMT,KMB,0.5264605111312952,62,1.312454490988924e-05,4,4,Internal
AMT,KO,0.6724449315199008,62,2.941282778848182e-09,4,4,Internal
AMT,KR,0.580271767850459,62,9.508699834591754e-07,4,4,Internal
AMT,KVUE,0.5178664736125574,62,1.916935773120885e-05,4,4,Internal
AMT,L,0.45449972852068216,62,0.00023365233746901721,4,4,Internal
AMT,LIN,0.7034458600384328,62,2.580482022214778e-10,4,4,Internal
AMT,LNT,0.6710945516055781,62,3.248717656699198e-09,4,4,Internal
AMT,LRCX,-0.5673296480843398,62,1.8654637726419634e-06,4,1,External
AMT,LW,0.5084691953104159,62,2.8673723674580623e-05,4,5,External
AMT,MAR,-0.46347945398578533,62,0.00016877746370176262,4,1,External
AMT,MCD,0.5076483545455813,62,2.9683555818501454e-05,4,4,Internal
AMT,MCK,0.5880836486337641,62,6.241418210922893e-07,4,4,Internal
AMT,MDLZ,0.6424995436161857,62,2.378227744757296e-08,4,5,External
AMT,META,-0.5699262462140238,62,1.633301780974026e-06,4,1,External
AMT,MKC,0.4278930886344306,62,0.0005820407237355501,4,4,Internal
AMT,MMC,0.47065743653917075,62,0.00012928862277361737,4,4,Internal
AMT,MNST,0.6240618982576923,62,7.71991676818392e-08,4,4,Internal
AMT,MO,0.5752214355920735,62,1.2411321610857428e-06,4,4,Internal
AMT,MU,-0.41605639064579897,62,0.000853419293359951,4,1,External
AMT,NCLH,-0.4125741365356334,62,0.0009526239803772774,4,1,External
AMT,NEE,0.43923561690717855,62,0.00039803489412425675,4,4,Internal
AMT,NI,0.47525727207942337,62,0.00010864863032457099,4,4,Internal
AMT,NRG,-0.5043093366723609,62,3.4140196259825376e-05,4,1,External
AMT,O,0.65429030806183,62,1.0737063786701916e-08,4,4,Internal
AMT,ORLY,0.6910553452684364,62,7.076513244215208e-10,4,4,Internal
AMT,OTIS,0.6355917441670967,62,3.7308296100154004e-08,4,4,Internal
AMT,PAYX,0.483697755538469,62,7.845070717020847e-05,4,4,Internal
AMT,PEP,0.5173634814293154,62,1.9592926002287973e-05,4,5,External
AMT,PG,0.5453933097112725,62,5.48778823790501e-06,4,4,Internal
AMT,PGR,0.4455885182615516,62,0.0003198512202757741,4,4,Internal
AMT,PH,-0.42348658968820285,62,0.0006722564226976738,4,1,External
AMT,PM,0.5498038300524756,62,4.444613363229136e-06,4,4,Internal
AMT,PNW,0.7171577820493769,62,7.94375584369607e-11,4,4,Internal
AMT,PPL,0.6533307043181945,62,1.1469844083384927e-08,4,4,Internal
AMT,PSA,0.6088745748277882,62,1.925350526366887e-07,4,4,Internal
AMT,REG,0.4212587138940037,62,0.0007225285871570799,4,5,External
AMT,ROL,0.7203590635995563,62,5.973594742694508e-11,4,4,Internal
AMT,ROP,0.6232605903402378,62,8.111191443396236e-08,4,4,Internal
AMT,RSG,0.742554942874012,62,7.387945825614101e-12,4,4,Internal
AMT,SBAC,0.9384951217229499,62,6.227652468371439e-29,4,4,Internal
AMT,SHW,0.5422525900167292,62,6.36520439762045e-06,4,5,External
AMT,SO,0.7196074951934037,62,6.389264334256688e-11,4,4,Internal
AMT,SWK,-0.41239790868976295,62,0.0009579104796335564,4,1,External
AMT,SYF,-0.5512550110909689,62,4.144015798253291e-06,4,1,External
AMT,SYY,0.5410807198327203,62,6.724828932225656e-06,4,4,Internal
AMT,T,0.573969322200111,62,1.3249644114644332e-06,4,4,Internal
AMT,TAP,0.46600850479425193,62,0.00015375240748896006,4,4,Internal
AMT,TFC,-0.4302605554996704,62,0.0005382443342392229,4,1,External
AMT,TRV,0.5293821554177642,62,1.1511344013400471e-05,4,4,Internal
AMT,TSCO,0.47874200003385986,62,9.507834332972339e-05,4,5,External
AMT,TSN,0.4094883362922067,62,0.0010491040072178176,4,4,Internal
AMT,TYL,0.4264796549890139,62,0.0006097043867930243,4,5,External
AMT,UDR,0.4314761077065167,62,0.0005169396446741589,4,4,Internal
AMT,V,0.4587280946223066,62,0.00020069726226686703,4,4,Internal
AMT,VICI,0.6054086778323354,62,2.3560968121591083e-07,4,4,Internal
AMT,VRSK,0.6147405662458275,62,1.3604888298881136e-07,4,4,Internal
AMT,VTR,0.5384251609246639,62,7.610969228945229e-06,4,4,Internal
AMT,VZ,0.6866006456790398,62,1.0047745469340388e-09,4,4,Internal
AMT,WEC,0.631757075016911,62,4.767395720631956e-08,4,4,Internal
AMT,WELL,0.6637482920293746,62,5.530083591327601e-09,4,4,Internal
AMT,WM,0.746338843875507,62,5.064386258518618e-12,4,4,Internal
AMT,WMT,0.4108690888125521,62,0.0010048949016377181,4,4,Internal
AMT,WRB,0.4637378167477765,62,0.00016718305672427697,4,4,Internal
AMT,WTW,0.4175897440219177,62,0.0008127745915840395,4,4,Internal
AMT,XEL,0.6881202759586654,62,8.921437447150108e-10,4,4,Internal
AMT,YUM,0.4655999869807251,62,0.00015609322554541757,4,4,Internal
AMT,ZBRA,-0.4477820010925812,62,0.0002962948483826961,4,1,External
AMZN,AON,-0.44945120072990724,62,0.0002794415823254694,1,4,External
AMZN,ATO,-0.6757802244431481,62,2.295790345212201e-09,1,4,External
AMZN,AWK,-0.6954823197444694,62,4.963697863840025e-10,1,4,External
AMZN,AZO,-0.4759529546360603,62,0.00010580507384720947,1,4,External
AMZN,BBY,0.40219265887355565,62,0.0013131335624895065,1,1,Internal
AMZN,BR,-0.5501943937934168,62,4.361771401039281e-06,1,4,External
AMZN,BRO,-0.42655508732740066,62,0.0006081984472523328,1,4,External
AMZN,CAH,-0.40520309876126365,62,0.0011976941153903605,1,4,External
AMZN,CB,-0.6151739614359115,62,1.3256539562918515e-07,1,4,External
AMZN,CBOE,-0.6272842423025204,62,6.319024337466874e-08,1,4,External
AMZN,CCI,-0.7314812046528917,62,2.150608749448566e-11,1,4,External
AMZN,CHD,-0.4744419766091687,62,0.00011207039218092328,1,5,External
AMZN,CI,-0.4802062767028837,62,8.985607117571619e-05,1,4,External
AMZN,CINF,-0.5270990828241061,62,1.275499062564072e-05,1,4,External
AMZN,CL,-0.5564090486097977,62,3.222897880799943e-06,1,4,External
AMZN,CME,-0.6105060011339838,62,1.749333727542913e-07,1,4,External
AMZN,CMS,-0.6277487131123471,62,6.138089498756046e-08,1,4,External
AMZN,CNP,-0.6186606029706786,62,1.0744438318802565e-07,1,4,External
AMZN,COST,-0.5031523205990236,62,3.5823602726475926e-05,1,4,External
AMZN,CPT,-0.43588339310531427,62,0.00044595855898524843,1,4,External
AMZN,CTAS,-0.5112912814503283,62,2.543947124403837e-05,1,4,External
AMZN,D,-0.5773531239977511,62,1.1097366861134461e-06,1,4,External
AMZN,DTE,-0.6657590618222775,62,4.787824845741974e-09,1,4,External
AMZN,DUK,-0.6642729955931364,62,5.326525853077369e-09,1,4,External
AMZN,EA,-0.5722552451654205,62,1.448350011522278e-06,1,4,External
AMZN,EBAY,-0.45279035675057294,62,0.00024832505762024455,1,4,External
AMZN,ECL,-0.5536800181920202,62,3.683671161868745e-06,1,4,External
AMZN,ED,-0.5920298382247073,62,5.024421635888439e-07,1,4,External
AMZN,EG,-0.5665507073385314,62,1.940914299700196e-06,1,4,External
AMZN,EMR,0.49793499176981676,62,4.441158201632982e-05,1,1,Internal
AMZN,ESS,-0.4148844647188102,62,0.0008857117981707246,1,4,External
AMZN,ETN,0.4258186934064199,62,0.0006230451702464099,1,12,External
AMZN,ETR,-0.414384987751007,62,0.0008998071465112815,1,4,External
AMZN,EVRG,-0.5468518602448832,62,5.119897775502372e-06,1,4,External
AMZN,EXC,-0.6053997918352771,62,2.3573094513122191e-07,1,4,External
AMZN,EXR,-0.41765320026275776,62,0.0008111308975759674,1,4,External
AMZN,FE,-0.663915030515629,62,5.464612372127557e-09,1,4,External
AMZN,GIS,-0.415413452187382,62,0.0008710013287962068,1,5,External
AMZN,GL,-0.5657483994575458,62,2.021606179321863e-06,1,4,External
AMZN,HIG,-0.6022462102331767,62,2.8267985587684024e-07,1,4,External
AMZN,HII,-0.4293518900537151,62,0.00055468737426165,1,2,External
AMZN,IBM,-0.40561426111475446,62,0.0011826576618831552,1,5,External
AMZN,ICE,-0.5457122641719409,62,5.405293619751426e-06,1,4,External
AMZN,INVH,-0.43688046710589634,62,0.00043118342542740096,1,4,External
AMZN,KDP,-0.5229612278987257,62,1.533252414624272e-05,1,4,External
AMZN,KHC,-0.4991826210525449,62,4.220041533564328e-05,1,5,External
AMZN,KMB,-0.5156824329999906,62,2.1072340417466034e-05,1,4,External
AMZN,KO,-0.6303871981040325,62,5.199549344211581e-08,1,4,External
AMZN,KR,-0.5379573924549809,62,7.777897252602192e-06,1,4,External
AMZN,L,-0.5941057078950054,62,4.477431695899747e-07,1,4,External
AMZN,LIN,-0.5957247195233127,62,4.0901932350372835e-07,1,4,External
AMZN,LNT,-0.6170325776394898,62,1.1855715745646266e-07,1,4,External
AMZN,LRCX,0.44849102241640276,62,0.0002890259809386452,1,1,Internal
AMZN,MAR,0.4658431947001241,62,0.0001546957345826965,1,1,Internal
AMZN,MCD,-0.49455811735100186,62,5.094453581260366e-05,1,4,External
AMZN,MCK,-0.514988145834403,62,2.1713043381010827e-05,1,4,External
AMZN,MCO,-0.4439042125980376,62,0.0003390847387103928,1,4,External
AMZN,MDLZ,-0.48202570133452727,62,8.373509246724897e-05,1,5,External
AMZN,META,0.5971369252665157,62,3.778334195849373e-07,1,1,Internal
AMZN,MMC,-0.4597804031697379,62,0.00019318578778631978,1,4,External
AMZN,MNST,-0.46944467556959935,62,0.00013529999157312035,1,4,External
AMZN,MO,-0.6335500946615588,62,4.2528201655719965e-08,1,4,External
AMZN,MPWR,0.4261850752665631,62,0.0006156178369198741,1,1,Internal
AMZN,NI,-0.45098494225849395,62,0.0002647321761801449,1,4,External
AMZN,NRG,0.4464681450085497,62,0.000310206911231108,1,1,Internal
AMZN,O,-0.6102662007619143,62,1.774220337315129e-07,1,4,External
AMZN,ORLY,-0.5814643622904843,62,8.923100881789952e-07,1,4,External
AMZN,OTIS,-0.5796386770175335,62,9.834018652563868e-07,1,4,External
AMZN,PEG,-0.41816634832497784,62,0.0007979489112412732,1,4,External
AMZN,PG,-0.48606621770567066,62,7.148965400971233e-05,1,4,External
AMZN,PGR,-0.5076899310363895,62,2.963162535196406e-05,1,4,External
AMZN,PM,-0.5794411679034234,62,9.937626541333697e-07,1,4,External
AMZN,PNW,-0.6812939152956208,62,1.5134505987911353e-09,1,4,External
AMZN,PPL,-0.6772181197150062,62,2.061164525340262e-09,1,4,External
AMZN,PSA,-0.4082090242174317,62,0.0010916215973482465,1,4,External
AMZN,ROL,-0.6738397162387693,62,2.652808906687564e-09,1,4,External
AMZN,ROP,-0.537620498466922,62,7.90022613134714e-06,1,4,External
AMZN,RSG,-0.6412392816767185,62,2.5840167144789968e-08,1,4,External
AMZN,SBAC,-0.6642920722307097,62,5.319260511252621e-09,1,4,External
AMZN,SO,-0.644439166745084,62,2.091506058365674e-08,1,4,External
AMZN,SPGI,-0.4815384636018532,62,8.533549632355382e-05,1,4,External
AMZN,SRE,-0.49427484278692785,62,5.153104555414024e-05,1,4,External
AMZN,STZ,-0.41664250547635184,62,0.0008376712094954955,1,5,External
AMZN,SYY,-0.49415771801854513,62,5.177536431532185e-05,1,4,External
AMZN,T,-0.5283045751073345,62,1.2083568027502506e-05,1,4,External
AMZN,TER,0.426030064325278,62,0.0006187503860319001,1,1,Internal
AMZN,TRV,-0.633989709858536,62,4.134912803585805e-08,1,4,External
AMZN,TSCO,-0.4182674565346124,62,0.0007953745496604071,1,5,External
AMZN,UDR,-0.43417639978762906,62,0.000472325787460362,1,4,External
AMZN,VICI,-0.5318970944732512,62,1.0272398505795848e-05,1,4,External
AMZN,VRSK,-0.5029752629196099,62,3.6087883773099924e-05,1,4,External
AMZN,VTR,-0.6493635605223644,62,1.503204740731548e-08,1,4,External
AMZN,VZ,-0.661931098349299,62,6.293492604012911e-09,1,4,External
AMZN,WEC,-0.6082555086669206,62,1.99640351876198e-07,1,4,External
AMZN,WELL,-0.6336879199014822,62,4.215517344807123e-08,1,4,External
AMZN,WM,-0.6258611966684862,62,6.905203048294702e-08,1,4,External
AMZN,WRB,-0.5510114426017428,62,4.193106132721065e-06,1,4,External
AMZN,WTW,-0.5011323301223939,62,3.8947798378562695e-05,1,4,External
AMZN,XEL,-0.6421199296584921,62,2.438525330149406e-08,1,4,External
AMZN,YUM,-0.4586598939497221,62,0.00020119318648547033,1,4,External
AMZN,ZBRA,0.47065452340132424,62,0.00012930276397923147,1,1,Internal
ANET,CEG,0.4854958286625313,62,7.311197568373972e-05,12,12,Internal
ANET,CRM,0.40773692179991733,62,0.00110769976956774,12,1,External
ANET,ETN,0.42844185129242723,62,0.0005716107640730364,12,12,Internal
ANET,HRL,-0.40902751467641785,62,0.0010642441691969394,12,5,External
ANET,KHC,-0.4830575588970044,62,8.043661081941345e-05,12,5,External
ANET,LIN,-0.4102652749183137,62,0.001024016937366213,12,4,External
ANET,MDLZ,-0.41946572007199434,62,0.0007654316671992242,12,5,External
ANET,MOH,-0.4540054607565299,62,0.00023781135692763582,12,4,External
ANET,O,-0.42608256509138853,62,0.0006176878065899814,12,4,External
ANET,PEP,-0.44765440805350976,62,0.00029762049856847303,12,5,External
ANET,PSA,-0.4278029207934874,62,0.0005837708965813829,12,4,External
ANET,SYY,-0.4087344345330909,62,0.0010739753778614763,12,4,External
ANET,UBER,0.4107188997822706,62,0.0010096208751729427,12,12,Internal
ANET,VICI,-0.4635143916001751,62,0.00016856104535530598,12,4,External
ANET,WFC,0.44634039492277044,62,0.000311590912723983,12,1,External
AON,ATO,0.5373797492321755,62,7.988738888757718e-06,4,4,Internal
AON,AWK,0.5254004633436881,62,1.3760053761635355e-05,4,4,Internal
AON,BR,0.4257046517253621,62,0.0006253735531693116,4,4,Internal
AON,BRO,0.5934172025865683,62,4.6523284789790474e-07,4,4,Internal
AON,CB,0.6363240491951241,62,3.558809898724292e-08,4,4,Internal
AON,CBOE,0.4246315328578223,62,0.0006476726968918197,4,4,Internal
AON,CCI,0.4550660219115041,62,0.0002289690423108997,4,4,Internal
AON,CINF,0.618445078331571,62,1.0885699078675682e-07,4,4,Internal
AON,CMS,0.653097018585634,62,1.1655324870479605e-08,4,4,Internal
AON,CNC,0.46350073329299046,62,0.00016864562039365136,4,4,Internal
AON,CNP,0.40050639227609186,62,0.0013820781119656329,4,4,Internal
AON,CTAS,0.5642793232754626,62,2.1775503290959255e-06,4,4,Internal
AON,D,0.5212904570661961,62,1.6504172884699303e-05,4,4,Internal
AON,DGX,0.441662263924468,62,0.0003663212544317609,4,4,Internal
AON,DOC,0.5562306450425961,62,3.251292956747251e-06,4,4,Internal
AON,DTE,0.5952196996035881,62,4.207471658634119e-07,4,4,Internal
AON,DUK,0.519526380630018,62,1.7831064990162617e-05,4,4,Internal
AON,ECL,0.519494981672666,62,1.785555476478718e-05,4,4,Internal
AON,ED,0.5316689344653793,62,1.0379459875582017e-05,4,4,Internal
AON,EG,0.5099104207759259,62,2.697724825909002e-05,4,4,Internal
AON,ES,0.48873125351826435,62,6.433998705508205e-05,4,4,Internal
AON,EXC,0.5274391757395827,62,1.2562141062513974e-05,4,4,Internal
AON,FE,0.4744274498855603,62,0.00011213224818556053,4,4,Internal
AON,GL,0.47101888059140173,62,0.00012754504365006906,4,4,Internal
AON,HCA,0.6511499686039182,62,1.331491121731854e-08,4,4,Internal
AON,HIG,0.6318731374202227,62,4.732383441130444e-08,4,4,Internal
AON,HRL,0.41165655810436486,62,0.0009804406590936086,4,5,External
AON,ICE,0.4843857708009631,62,7.63668724717575e-05,4,4,Internal
AON,KO,0.44176515430112595,62,0.0003650289149492352,4,4,Internal
AON,KR,0.4304434832228325,62,0.0005349880930476849,4,4,Internal
AON,L,0.5941777830697386,62,4.459484383146297e-07,4,4,Internal
AON,LNT,0.5473807774411142,62,4.992269298180777e-06,4,4,Internal
AON,LRCX,-0.41422241560441336,62,0.0009044384622496815,4,1,External
AON,MCD,0.4161301550264818,62,0.0008514227449640286,4,4,Internal
AON,MCK,0.40703584424254885,62,0.001131969765977112,4,4,Internal
AON,MCO,0.43466756966550374,62,0.00046459736845521824,4,4,Internal
AON,MMC,0.6397577905945744,62,2.847436574791039e-08,4,4,Internal
AON,MO,0.4406737805908822,62,0.00037895094925340583,4,4,Internal
AON,NI,0.4253166774203596,62,0.000633353970336465,4,4,Internal
AON,ORLY,0.5508971924444855,62,4.216319322028032e-06,4,4,Internal
AON,PAYX,0.44698304291702595,62,0.00030468532785444933,4,4,Internal
AON,PEG,0.45168781299506666,62,0.00025823049302326677,4,4,Internal
AON,PEP,0.4282665156315999,62,0.0005749246719342891,4,5,External
AON,PGR,0.5693800533000044,62,1.679766125527933e-06,4,4,Internal
AON,PNW,0.5443753408553285,62,5.7589949070423445e-06,4,4,Internal
AON,PPL,0.5740474682931319,62,1.319580922170954e-06,4,4,Internal
AON,PSA,0.44754640155574343,62,0.0002987468770765787,4,4,Internal
AON,ROL,0.514742239120699,62,2.1944268997693168e-05,4,4,Internal
AON,ROP,0.42147671317306673,62,0.000717463449725181,4,4,Internal
AON,RSG,0.46999158423292375,62,0.00013255803753762097,4,4,Internal
AON,SBAC,0.4947229115970646,62,5.0606176608136125e-05,4,4,Internal
AON,SO,0.4933404700002613,62,5.351010230515394e-05,4,4,Internal
AON,SPGI,0.4303258374044581,62,0.0005370802123697363,4,4,Internal
AON,SRE,0.4151969491235568,62,0.0008769951196773238,4,4,Internal
AON,SYY,0.4798580688999381,62,9.107344611895809e-05,4,4,Internal
AON,T,0.5188457324717677,62,1.8368987565321936e-05,4,4,Internal
AON,TAP,0.42493695645123575,62,0.000641253860492956,4,4,Internal
AON,TMUS,0.722008057055902,62,5.1499575221346556e-11,4,4,Internal
AON,TRV,0.5700291876249568,62,1.6246804711911053e-06,4,4,Internal
AON,UHS,0.46307479048200884,62,0.0001713027385109584,4,4,Internal
AON,VRSK,0.5627141232167754,62,2.3560324022286828e-06,4,4,Internal
AON,VTR,0.4493900029284662,62,0.00028004368676535043,4,4,Internal
AON,VZ,0.5804498980642637,62,9.419001443369873e-07,4,4,Internal
AON,WEC,0.5869684528824267,62,6.63250879032991e-07,4,4,Internal
AON,WELL,0.6187560739609785,62,1.0682417665046371e-07,4,4,Internal
AON,WM,0.4598348513901096,62,0.00019280422514924043,4,4,Internal
AON,WRB,0.6785865445704115,62,1.8591387507310154e-09,4,4,Internal
AON,WTW,0.6160574071586944,62,1.257230658022798e-07,4,4,Internal
AON,XEL,0.5633478621876674,62,2.282178981342755e-06,4,4,Internal
AOS,AVY,0.5167969520938103,62,2.0080384779214534e-05,1,1,Internal
AOS,BALL,0.4936746696167915,62,5.279432907873282e-05,1,1,Internal
AOS,DHI,0.5124688593139597,62,2.4192655986263178e-05,1,1,Internal
AOS,EXPD,0.4762502361123262,62,0.00010461094735249314,1,1,Internal
AOS,HD,0.42091773243378294,62,0.0007305160873763384,1,1,Internal
AOS,IFF,0.454310924413983,62,0.00023523311937462618,1,5,External
AOS,ITW,0.5740063052198265,62,1.3224140901017355e-06,1,1,Internal
AOS,LEN,0.5005590408577041,62,3.9879286717008936e-05,1,1,Internal
AOS,LOW,0.4548885696926445,62,0.00023042727224408845,1,1,Internal
AOS,MAS,0.4571629447514305,62,0.00021236471336732576,1,1,Internal
AOS,MHK,0.5134650070337244,62,2.3182402689544696e-05,1,1,Internal
AOS,MLM,0.4936590077868603,62,5.282767452942182e-05,1,5,External
AOS,NVR,0.4805080764843008,62,8.881307435636504e-05,1,1,Internal
AOS,PHM,0.5076956466486819,62,2.9624492934564982e-05,1,1,Internal
AOS,PNR,0.44671116219558704,62,0.00030758960942806296,1,1,Internal
AOS,PPG,0.4019996916278067,62,0.0013208633996349842,1,1,Internal
AOS,SHW,0.5583477240397098,62,2.9289113281721595e-06,1,5,External
AOS,SNPS,0.4284359963437871,62,0.0005717211445248521,1,15,External
APA,BKR,0.6434014419339715,62,2.2405716067707275e-08,2,2,Internal
APA,CF,0.4914870966882258,62,5.7644764493696774e-05,2,2,Internal
APA,COP,0.8651939901413569,62,2.443324114701303e-19,2,2,Internal
APA,CTRA,0.4428863568726575,62,0.0003512129114916795,2,2,Internal
APA,CVX,0.7496112416218461,62,3.633808011549709e-12,2,2,Internal
APA,DOW,0.5525678931302134,62,3.888517526764273e-06,2,2,Internal
APA,DVN,0.8862539644772297,62,2.215727058958112e-21,2,2,Internal
APA,EOG,0.8601932775015753,62,6.647372185535254e-19,2,2,Internal
APA,FANG,0.9081678599035156,62,5.514935551347298e-24,2,2,Internal
APA,HAL,0.8093530588974539,62,2.928059495134274e-15,2,2,Internal
APA,LYB,0.5579092178096502,62,2.993126572548951e-06,2,2,Internal
APA,MPC,0.6546269082602968,62,1.049069024259304e-08,2,1,External
APA,MU,0.4187941994721959,62,0.0007820839575041889,2,1,External
APA,OKE,0.5926373073590699,62,4.858184342606296e-07,2,2,Internal
APA,OXY,0.8841056766323373,62,3.729419566129959e-21,2,2,Internal
APA,PSX,0.6215711809965824,62,8.998217575129954e-08,2,1,External
APA,SHW,-0.40340640106460524,62,0.0012654390046068589,2,5,External
APA,SLB,0.820769418048374,62,5.626597596321222e-16,2,2,Internal
APA,TPL,0.4583880343553296,62,0.0002031811892728472,2,2,Internal
APA,TRGP,0.589773561873069,62,5.689805494894586e-07,2,2,Internal
APA,VLO,0.5356615127375476,62,8.647776999764887e-06,2,1,External
APA,XOM,0.7796299934983284,62,1.336682182311575e-13,2,2,Internal
APD,AWK,0.48126425113769755,62,8.624851978627699e-05,5,4,External
APD,CAG,0.40826058623518297,62,0.0010898783705840791,5,5,Internal
APD,CCI,0.4423599166849191,62,0.00035763951535419257,5,4,External
APD,CMS,0.427892131084135,62,0.000582059073097738,5,4,External
APD,CPB,0.40175489771226014,62,0.0013307281372427363,5,5,Internal
APD,D,0.4359820618373995,62,0.0004444761842042129,5,4,External
APD,DUK,0.43907943983187964,62,0.00040015909996728323,5,4,External
APD,FE,0.40605893537983107,62,0.0011665870842858673,5,4,External
APD,FTNT,-0.42313138720216525,62,0.0006800531319340741,5,12,External
APD,IFF,0.43944506052288423,62,0.00039520230396528544,5,5,Internal
APD,JKHY,0.47330720264392834,62,0.0001169979350419567,5,4,External
APD,JNJ,0.4102650722517985,62,0.001024023410257158,5,5,Internal
APD,LIN,0.4941664123553315,62,5.175719151789416e-05,5,4,External
APD,LRCX,-0.4296613837874907,62,0.0005490363498377926,5,1,External
APD,META,-0.43097477906239856,62,0.0005256317719507823,5,1,External
APD,MKC,0.41203520908583113,62,0.0009688741535427274,5,4,External
APD,NVDA,-0.5037575925092048,62,3.4933615138946575e-05,5,1,External
APD,OTIS,0.42578604479527454,62,0.0006237109512618444,5,4,External
APD,SBAC,0.43077998645138876,62,0.0005290447577748059,5,4,External
APD,SO,0.40066105230501853,62,0.0013756219250879716,5,4,External
APH,CMCSA,-0.4413008733564383,62,0.0003708935362706062,1,5,External
APH,CPB,-0.40453293537486074,62,0.0012225714182295191,1,5,External
APH,FFIV,0.4259431522854173,62,0.0006205130678064378,1,1,Internal
APH,GLW,0.4505879931844119,62,0.00026846973512565064,1,1,Internal
APH,KHC,-0.4453234964307249,62,0.00032281007668895475,1,5,External
APH,LIN,-0.5342337972234311,62,9.233508707670233e-06,1,4,External
APH,LKQ,-0.5026051485192802,62,3.66461599791451e-05,1,5,External
APH,MDLZ,-0.4827459589083701,62,8.141985294132824e-05,1,5,External
APH,NOW,0.5964713482695815,62,3.9224212750111365e-07,1,1,Internal
APH,O,-0.42622235554181054,62,0.0006148666033782031,1,4,External
APH,OTIS,-0.5512095566890429,62,4.153136064547583e-06,1,4,External
APH,PEP,-0.5194046744104728,62,1.792616443953029e-05,1,5,External
APH,PG,-0.49071277418730047,62,5.9457899199154755e-05,1,4,External
APH,RMD,0.45334569901563815,62,0.00024346836281903702,1,1,Internal
APH,TEL,0.4190055262991117,62,0.000776808516054245,1,1,Internal
APH,URI,0.4098227418052343,62,0.0010382390541008905,1,1,Internal
APH,WAB,0.5642063248526274,62,2.185585185006103e-06,1,1,Internal
APTV,AWK,-0.40714275802540506,62,0.0011282379366063134,1,4,External
APTV,BAX,0.42387721480358775,62,0.0006637757162373722,1,5,External
APTV,BBY,0.484589809184425,62,7.575876143118513e-05,1,1,Internal
APTV,BRO,-0.4598104684675892,62,0.0001929750106034927,1,4,External
APTV,CAT,0.44005797520277046,62,0.00038701809969415136,1,1,Internal
APTV,CCL,0.4903410321611911,62,6.03469187319604e-05,1,1,Internal
APTV,CDW,0.49557841230028876,62,4.888273927444153e-05,1,1,Internal
APTV,CFG,0.5235337421496892,62,1.4949143580264096e-05,1,1,Internal
APTV,CI,-0.45293690754017135,62,0.0002470348878134867,1,4,External
APTV,CME,-0.4642936685850911,62,0.00016379946897249344,1,4,External
APTV,CMI,0.5634973874905342,62,2.2650723870170673e-06,1,1,Internal
APTV,CNP,-0.46128939574878663,62,0.00018286292788514068,1,4,External
APTV,COF,0.41195261539442496,62,0.0009713865624224238,1,1,Internal
APTV,CPAY,0.4369669605267124,62,0.00042992294479714634,1,1,Internal
APTV,CRL,0.4282499722654437,62,0.0005752382454363831,1,5,External
APTV,CSX,0.477810358651427,62,9.854479738157643e-05,1,1,Internal
APTV,CTAS,-0.5032924266556614,62,3.561574642341107e-05,1,4,External
APTV,CVS,-0.4032872433605893,62,0.0012700514046471863,1,16,External
APTV,DD,0.4346324724337744,62,0.0004651457770636274,1,1,Internal
APTV,DOW,0.42324841586725953,62,0.0006774753506787313,1,2,External
APTV,DUK,-0.4195780901962112,62,0.0007626766578034092,1,4,External
APTV,ED,-0.42321642059387116,62,0.0006781792277983627,1,4,External
APTV,EMR,0.4336160566305071,62,0.00048128515094513847,1,1,Internal
APTV,EPAM,0.42418091666035707,62,0.0006572492489184787,1,2,External
APTV,FDX,0.5265008855516753,62,1.3100887953088023e-05,1,1,Internal
APTV,FITB,0.4804215862831219,62,8.911083329803269e-05,1,1,Internal
APTV,FTV,0.44237114987531045,62,0.00035750127336271276,1,1,Internal
APTV,GD,-0.4139069268380838,62,0.0009134874785570127,1,2,External
APTV,GM,0.6212276650114382,62,9.189427828859932e-08,1,1,Internal
APTV,GNRC,0.4436554200937251,62,0.0003420134324132739,1,1,Internal
APTV,HAS,0.420461424996911,62,0.0007413300924769039,1,1,Internal
APTV,HBAN,0.5275314291646764,62,1.2510297960032084e-05,1,1,Internal
APTV,HII,-0.5002337067258882,62,4.041700937235496e-05,1,2,External
APTV,HPQ,0.4458534465316815,62,0.0003169181419022978,1,1,Internal
APTV,HST,0.43127593549306625,62,0.0005203944943818243,1,1,Internal
APTV,IP,0.5017470291298444,62,3.797139982000288e-05,1,1,Internal
APTV,IVZ,0.5201691788641732,62,1.733651021232988e-05,1,1,Internal
APTV,JBHT,0.5008758864140398,62,3.9361957093536536e-05,1,1,Internal
APTV,KEY,0.5215023546885086,62,1.635110785268769e-05,1,1,Internal
APTV,KEYS,0.5614820603153993,62,2.506049631372178e-06,1,1,Internal
APTV,LHX,-0.4473659942659748,62,0.0003006369849434152,1,2,External
APTV,LMT,-0.5009433217560714,62,3.9252655761601145e-05,1,2,External
APTV,LVS,0.4234034309759614,62,0.0006740744672163574,1,1,Internal
APTV,LYB,0.5038565827883494,62,3.479002149924517e-05,1,2,External
APTV,MAS,0.4766069037048524,62,0.00010319462862700606,1,1,Internal
APTV,MCD,-0.43065620369724794,62,0.0005312240105255777,1,4,External
APTV,MGM,0.43130790704364413,62,0.0005198412821926923,1,1,Internal
APTV,MMC,-0.4065661845769714,62,0.001148495260170562,1,4,External
APTV,MO,-0.4038465731626837,62,0.0012485309770830066,1,4,External
APTV,MPC,0.43945475804610895,62,0.00039507159668006873,1,1,Internal
APTV,MPWR,0.4198137174492347,62,0.0007569288173226139,1,1,Internal
APTV,MTB,0.49992200491114885,62,4.093847842914235e-05,1,1,Internal
APTV,NCLH,0.486087755695386,62,7.142904973309583e-05,1,1,Internal
APTV,NEM,-0.5891741285197305,62,5.880008814487178e-07,1,4,External
APTV,NKE,0.44081458944973934,62,0.0003771279702999167,1,1,Internal
APTV,ODFL,0.4318613321608532,62,0.0005103494432662656,1,1,Internal
APTV,ON,0.4061803101684109,62,0.0011622348720636765,1,1,Internal
APTV,PGR,-0.5046587144119156,62,3.364643897534205e-05,1,4,External
APTV,PNC,0.5444617445034974,62,5.7354989532948525e-06,1,1,Internal
APTV,PSX,0.4294211150199123,62,0.0005534188385848322,1,1,Internal
APTV,RF,0.5259337930482939,62,1.3436828240190935e-05,1,1,Internal
APTV,RL,0.5082589092819573,62,2.8929350763747377e-05,1,1,Internal
APTV,ROL,-0.4701705205581146,62,0.00013167206386684592,1,4,External
APTV,RSG,-0.4917036424684038,62,5.714691091522624e-05,1,4,External
APTV,SO,-0.42044454686699934,62,0.0007417328494314624,1,4,External
APTV,SW,0.5750974038974355,62,1.2492091354064056e-06,1,1,Internal
APTV,SWK,0.6212276979370046,62,9.189409319427639e-08,1,1,Internal
APTV,SYF,0.5750418699140563,62,1.252841457126507e-06,1,1,Internal
APTV,TER,0.4250484357658902,62,0.000638925386578133,1,1,Internal
APTV,TFC,0.45323370555983944,62,0.00024444074753637743,1,1,Internal
APTV,TGT,0.48278997053989603,62,8.128030808950457e-05,1,1,Internal
APTV,TPR,0.5260459554916047,62,1.336975597593268e-05,1,1,Internal
APTV,TRMB,0.5048503555352206,62,3.337841642689764e-05,1,1,Internal
APTV,TXN,0.5275525903952915,62,1.2498434178322374e-05,1,1,Internal
APTV,UPS,0.5077017484006338,62,2.9616880413794886e-05,1,1,Internal
APTV,URI,0.42695622610492145,62,0.0006002465600617611,1,1,Internal
APTV,USB,0.44038928601613087,62,0.00038265865357942693,1,1,Internal
APTV,WM,-0.4526123482897819,62,0.0002499004455379488,1,4,External
APTV,WRB,-0.42416921164952925,62,0.0006574997054362792,1,4,External
APTV,WYNN,0.5055238384418937,62,3.245209536102068e-05,1,1,Internal
APTV,ZBRA,0.6268296839114915,62,6.500959943740907e-08,1,1,Internal
ARE,AVB,0.40505156019992633,62,0.0012032792128233501,1,4,External
ARE,BIIB,0.40015770400784423,62,0.001396733857163394,1,5,External
ARE,BXP,0.40675961823349815,62,0.0011416629552875777,1,1,Internal
ARE,CBRE,0.45996433527067276,62,0.00019189959626347017,1,1,Internal
ARE,CPT,0.4349328586342428,62,0.00046047108854362935,1,4,External
ARE,DOC,0.5168014466247821,62,2.0076473680497782e-05,1,4,External
ARE,ESS,0.44872167589636164,62,0.0002866966405227848,1,4,External
ARE,EXR,0.41190927540084993,62,0.0009727072667961223,1,4,External
ARE,INVH,0.40761412284530657,62,0.0011119166820827177,1,4,External
ARE,KIM,0.4454951515516445,62,0.00032089078707040825,1,1,Internal
ARE,LEN,0.43287461085335943,62,0.0004933774606698434,1,1,Internal
ARE,PLD,0.42019771492939473,62,0.000747645573437488,1,1,Internal
ARE,PRU,0.4624925962025837,62,0.00017499663778566444,1,1,Internal
ARE,UDR,0.4108325800834548,62,0.0010060418770155225,1,4,External
ARE,VTRS,0.47973269449943096,62,9.151547174196971e-05,1,5,External
ARE,WY,0.4573923480792802,62,0.00021061669121265236,1,1,Internal
ATO,AVB,0.5191769525751073,62,1.81053681595182e-05,4,4,Internal
ATO,AWK,0.8132886475256852,62,1.6794498072192623e-15,4,4,Internal
ATO,AZO,0.5939658308897053,62,4.5124559885342036e-07,4,4,Internal
ATO,BR,0.5008840402297472,62,3.9348726196130475e-05,4,4,Internal
ATO,BRK-B,0.5742219003204209,62,1.3076381017714175e-06,4,4,Internal
ATO,BRO,0.5947553286591853,62,4.318091603270128e-07,4,4,Internal
ATO,CAH,0.5246906606217036,62,1.4201440010523124e-05,4,4,Internal
ATO,CB,0.7273096606787888,62,3.173237383305142e-11,4,4,Internal
ATO,CBOE,0.686716716828397,62,9.957165879447135e-10,4,4,Internal
ATO,CCI,0.7085346343796162,62,1.6796737262690623e-10,4,4,Internal
ATO,CI,0.670012890445771,62,3.5166946403479504e-09,4,4,Internal
ATO,CINF,0.6700488146827844,62,3.5074678274556716e-09,4,4,Internal
ATO,CL,0.5962620646915413,62,3.968784428530697e-07,4,4,Internal
ATO,CME,0.6319359789710324,62,4.7135275910047206e-08,4,4,Internal
ATO,CMS,0.8205828364447952,62,5.785717724892766e-16,4,4,Internal
ATO,CNP,0.7551974470726327,62,2.0374509243939243e-12,4,4,Internal
ATO,COR,0.5440546570841238,62,5.8469859414517276e-06,4,4,Internal
ATO,COST,0.5183608539777536,62,1.8761332109135493e-05,4,4,Internal
ATO,CPT,0.5139216659609847,62,2.2732472896196938e-05,4,4,Internal
ATO,CTAS,0.6677834597260222,62,4.136533797444336e-09,4,4,Internal
ATO,D,0.6847883504814835,62,1.156755721851301e-09,4,4,Internal
ATO,DGX,0.48644959183864006,62,7.041795502099897e-05,4,4,Internal
ATO,DOC,0.49977924881566355,62,4.117937554324104e-05,4,4,Internal
ATO,DPZ,0.4064004104960064,62,0.0011543798653804286,4,4,Internal
ATO,DTE,0.8589925097760218,62,8.404744958917686e-19,4,4,Internal
ATO,DUK,0.8091205684506334,62,3.0245894878133405e-15,4,4,Internal
ATO,EA,0.5410293778404108,62,6.74100947471586e-06,4,4,Internal
ATO,ECL,0.5624535397840985,62,2.387043186170997e-06,4,4,Internal
ATO,ED,0.8183851270508545,62,8.01625024681981e-16,4,4,Internal
ATO,EG,0.5812370812524453,62,9.032026472614768e-07,4,4,Internal
ATO,EQR,0.528236125560189,62,1.2120794976073934e-05,4,4,Internal
ATO,ES,0.5833112632957689,62,8.082541944197388e-07,4,4,Internal
ATO,ESS,0.44495354014398714,62,0.00032698221880154716,4,4,Internal
ATO,ETR,0.738887823637733,62,1.0586897203585795e-11,4,4,Internal
ATO,EVRG,0.7327277223479918,62,1.9119278150556766e-11,4,4,Internal
ATO,EXC,0.831246072216398,62,1.113863717816764e-16,4,4,Internal
ATO,EXR,0.4719264176753012,62,0.00012326185981902972,4,4,Internal
ATO,FE,0.7698805779944049,62,4.125275730368539e-13,4,4,Internal
ATO,GD,0.4240741742069248,62,0.0006595364599816275,4,2,External
ATO,GIS,0.4139854417596766,62,0.0009112278659820063,4,5,External
ATO,GL,0.6304241760777578,62,5.187413597068265e-08,4,4,Internal
ATO,GOOGL,-0.4044023123653123,62,0.001227474096837532,4,0,External
ATO,HIG,0.754440634204051,62,2.2055660494739067e-12,4,4,Internal
ATO,HII,0.42925687356931924,62,0.0005564328306929722,4,2,External
ATO,ICE,0.6494186312500136,62,1.4976120000705972e-08,4,4,Internal
ATO,INVH,0.5880208710780365,62,6.26284601052385e-07,4,4,Internal
ATO,JKHY,0.41423704987114945,62,0.0009040206851931852,4,4,Internal
ATO,JNJ,0.44351440905382483,62,0.0003436835784333538,4,5,External
ATO,KDP,0.5618179037961772,62,2.4642952775736077e-06,4,4,Internal
ATO,KHC,0.41109965930992837,62,0.0009976783883385962,4,5,External
ATO,KLAC,-0.4357176695313863,62,0.0004484584664509012,4,1,External
ATO,KMB,0.47825608648026346,62,9.687208651743212e-05,4,4,Internal
ATO,KMI,0.5361732429996715,62,8.446392928261897e-06,4,4,Internal
ATO,KO,0.7006555987799512,62,3.2531078827449596e-10,4,4,Internal
ATO,KR,0.6203064748124358,62,9.721269446005065e-08,4,4,Internal
ATO,KVUE,0.48688379102503976,62,6.922206530397376e-05,4,4,Internal
ATO,L,0.749180306677412,62,3.797281444364099e-12,4,4,Internal
ATO,LIN,0.520980572938781,62,1.6730414845518435e-05,4,4,Internal
ATO,LNT,0.7756142969859744,62,2.140783485858291e-13,4,4,Internal
ATO,LRCX,-0.5174291286006342,62,1.9537156405167978e-05,4,1,External
ATO,MA,0.4105334877885869,62,0.0010154828405759334,4,4,Internal
ATO,MAA,0.5216935740543558,62,1.621411196507218e-05,4,4,Internal
ATO,MCD,0.6402702773189023,62,2.753568062880487e-08,4,4,Internal
ATO,MCHP,-0.4081986347347014,62,0.0010919731525193788,4,1,External
ATO,MCK,0.585380995491166,62,7.229031705871018e-07,4,4,Internal
ATO,MCO,0.5331376447335335,62,9.708038126341073e-06,4,4,Internal
ATO,MDLZ,0.4746932425668277,62,0.00011100542927175294,4,5,External
ATO,META,-0.6130750090875469,62,1.5025488090959197e-07,4,1,External
ATO,MKC,0.40556300400048756,62,0.0011845228488331309,4,4,Internal
ATO,MLM,0.41061473438205204,62,0.0010129103904018594,4,5,External
ATO,MMC,0.5335870263134583,62,9.510819546308168e-06,4,4,Internal
ATO,MO,0.7073029099746511,62,1.8651887488526123e-10,4,4,Internal
ATO,MPWR,-0.5301782166714801,62,1.1104905575705388e-05,4,1,External
ATO,NEE,0.42431659365976787,62,0.0006543524167461459,4,4,Internal
ATO,NEM,0.41892437332239246,62,0.0007788305546948399,4,4,Internal
ATO,NI,0.8153372252802681,62,1.250970379932256e-15,4,4,Internal
ATO,NVDA,-0.47591194037000417,62,0.00010597080068010442,4,1,External
ATO,O,0.6612878181232954,62,6.586887296252175e-09,4,4,Internal
ATO,ON,-0.4151388784285121,62,0.0008786091035605063,4,1,External
ATO,ORLY,0.652823000377304,62,1.1876432644049851e-08,4,4,Internal
ATO,OTIS,0.5601267190548278,62,2.6813673932091808e-06,4,4,Internal
ATO,PAYX,0.5078498899971416,62,2.943261429545693e-05,4,4,Internal
ATO,PCG,0.4028428192524458,62,0.0012873879795907404,4,4,Internal
ATO,PEG,0.6180231255216291,62,1.1167340369313418e-07,4,4,Internal
ATO,PG,0.4651882635510729,62,0.00015848542621360693,4,4,Internal
ATO,PGR,0.6483560230188486,62,1.6090788883082402e-08,4,4,Internal
ATO,PM,0.669905331729184,62,3.544457850312206e-09,4,4,Internal
ATO,PNW,0.8763348644871032,62,2.2585395146219737e-20,4,4,Internal
ATO,PPL,0.8957697068605748,62,1.9330246768324523e-22,4,4,Internal
ATO,PSA,0.4676801090110923,62,0.00014450548548351416,4,4,Internal
ATO,REG,0.43359065473234265,62,0.0004816949377786779,4,5,External
ATO,ROL,0.7110722601108653,62,1.3512890799977262e-10,4,4,Internal
ATO,ROP,0.5648145725259395,62,2.1194744265243303e-06,4,4,Internal
ATO,RSG,0.7123194432888814,62,1.213236388608287e-10,4,4,Internal
ATO,SBAC,0.6501005211895402,62,1.4299725339676774e-08,4,4,Internal
ATO,SO,0.8205631230980519,62,5.802779359831569e-16,4,4,Internal
ATO,SPGI,0.5510922761553434,62,4.176754581784849e-06,4,4,Internal
ATO,SRE,0.741197683675002,62,8.446118130593574e-12,4,4,Internal
ATO,STZ,0.42430866092370656,62,0.0006545214692988857,4,5,External
ATO,SWK,-0.44807880152112955,62,0.00029323200215298454,4,1,External
ATO,SYY,0.5355413893293861,62,8.69569304836016e-06,4,4,Internal
ATO,T,0.6844062092477865,62,1.191474696377207e-09,4,4,Internal
ATO,TER,-0.5121465209258457,62,2.4528195440209182e-05,4,1,External
ATO,TMUS,0.48026566320179853,62,8.964994972295914e-05,4,4,Internal
ATO,TRV,0.755745314845535,62,1.923459549813852e-12,4,4,Internal
ATO,TSN,0.4393116526413135,62,0.00039700443055160566,4,4,Internal
ATO,UDR,0.496747147284545,62,4.6615784580322165e-05,4,4,Internal
ATO,V,0.4412012508183353,62,0.0003721630566749683,4,4,Internal
ATO,VICI,0.6686669317230539,62,3.879448632356162e-09,4,4,Internal
ATO,VRSK,0.6264823144069328,62,6.643312163684932e-08,4,4,Internal
ATO,VTR,0.5781877364530512,62,1.0619370641637058e-06,4,4,Internal
ATO,VZ,0.6850368664325112,62,1.1346947088589575e-09,4,4,Internal
ATO,WEC,0.8826321456983091,62,5.298813954274307e-21,4,4,Internal
ATO,WELL,0.7044766653156814,62,2.367249620847816e-10,4,4,Internal
ATO,WM,0.7176530810393116,62,7.602980972082471e-11,4,4,Internal
ATO,WMB,0.4288148282970189,62,0.0005646189197626451,4,4,Internal
ATO,WRB,0.7537126259066077,62,2.379719157689443e-12,4,4,Internal
ATO,WTW,0.6143202854259572,62,1.3950915786346337e-07,4,4,Internal
ATO,XEL,0.7937578994263491,62,2.3499687761204408e-14,4,4,Internal
ATO,YUM,0.47866993541134467,62,9.534242523382716e-05,4,4,Internal
ATO,ZBRA,-0.44876436901556355,62,0.0002862673716852883,4,1,External
AVB,AWK,0.412590377655748,62,0.0009521381049784278,4,4,Internal
AVB,BMY,0.4756946829607728,62,0.00010685266129101999,4,5,External
AVB,CB,0.5339068467844394,62,9.372738408884005e-06,4,4,Internal
AVB,CBRE,0.4599136432212084,62,0.00019225328846184578,4,1,External
AVB,CCI,0.47953898243374793,62,9.220231342839958e-05,4,4,Internal
AVB,CINF,0.4470907482685039,62,0.0003035417320944493,4,4,Internal
AVB,CMS,0.46968461523739063,62,0.00013409069702408847,4,4,Internal
AVB,CPB,0.40113432368965923,62,0.0013560334739510021,4,5,External
AVB,CPT,0.7920501935782654,62,2.92006980309942e-14,4,4,Internal
AVB,D,0.40756910090200565,62,0.0011134663529283216,4,4,Internal
AVB,DOC,0.5836074185129662,62,7.954873936843569e-07,4,4,Internal
AVB,DTE,0.5302267627592568,62,1.1080556680424919e-05,4,4,Internal
AVB,DUK,0.4534240177784989,62,0.00024279046054954425,4,4,Internal
AVB,ED,0.4810364428143691,62,8.70138623065479e-05,4,4,Internal
AVB,EQR,0.9187470528239943,62,1.73559919694335e-25,4,4,Internal
AVB,ES,0.40155573581761866,62,0.0013388027851708444,4,4,Internal
AVB,ESS,0.8444156747781768,62,1.2334555830104964e-17,4,4,Internal
AVB,ETN,-0.407323571719761,62,0.0011219518338436152,4,12,External
AVB,EVRG,0.5829737533470116,62,8.230379431256731e-07,4,4,Internal
AVB,EXC,0.43775680360925723,62,0.0004185665197320249,4,4,Internal
AVB,EXR,0.6114699391820143,62,1.6525726940086483e-07,4,4,Internal
AVB,FRT,0.46668096382761404,62,0.00014996918888039186,4,1,External
AVB,HIG,0.41683126745741483,62,0.0008326556227138121,4,4,Internal
AVB,INVH,0.6398858027230214,62,2.823710305933491e-08,4,4,Internal
AVB,KDP,0.5006237762041207,62,3.97730820128823e-05,4,4,Internal
AVB,KO,0.4226698446266659,62,0.0006903063031356339,4,4,Internal
AVB,L,0.49621856539089926,62,4.762875305580842e-05,4,4,Internal
AVB,MAA,0.7929666727817475,62,2.599428274772916e-14,4,4,Internal
AVB,MDLZ,0.4755258712345835,62,0.0001075425287074799,4,5,External
AVB,MET,0.45752602792297076,62,0.00020960414836485407,4,1,External
AVB,MKC,0.4794165735383631,62,9.263877827716414e-05,4,4,Internal
AVB,NI,0.40598216677121635,62,0.0011693473930526434,4,4,Internal
AVB,NVDA,-0.5453394846615094,62,5.50182480368196e-06,4,1,External
AVB,O,0.6101406682415373,62,1.7873806910486123e-07,4,4,Internal
AVB,PEP,0.41409117016502195,62,0.0009081930374126905,4,5,External
AVB,PNW,0.5640650845236578,62,2.2012101311650967e-06,4,4,Internal
AVB,PPL,0.5718668091091398,62,1.4777679200487357e-06,4,4,Internal
AVB,PRU,0.42368491999575975,62,0.0006679383673055978,4,1,External
AVB,PSA,0.5728501531108378,62,1.4043561930059045e-06,4,4,Internal
AVB,REG,0.6267544983140494,62,6.531524866559138e-08,4,5,External
AVB,SO,0.4645843438944222,62,0.00016205516527402752,4,4,Internal
AVB,SPG,0.40801841522551635,62,0.001098087599601918,4,1,External
AVB,SYY,0.44567059839074485,62,0.0003189398580828345,4,4,Internal
AVB,TRV,0.48818080052500895,62,6.576033186117012e-05,4,4,Internal
AVB,UDR,0.8455049055673463,62,1.018928163626014e-17,4,4,Internal
AVB,VICI,0.48373298319591884,62,7.834275191457393e-05,4,4,Internal
AVB,WEC,0.4577385579804533,62,0.00020800352733814194,4,4,Internal
AVB,WELL,0.44166707259131305,62,0.0003662607631830252,4,4,Internal
AVB,WM,0.401145412998688,62,0.0013555775138510936,4,4,Internal
AVB,WTW,0.4095081671951172,62,0.0010484568471647257,4,4,Internal
AVB,WY,0.44987460417388253,62,0.0002753081196770933,4,1,External
AVB,XEL,0.41234136078544376,62,0.0009596124093369605,4,4,Internal
AVGO,AWK,-0.5489045695028828,62,4.640967863814352e-06,1,4,External
AVGO,CB,-0.4711700858367145,62,0.00012682206554468487,1,4,External
AVGO,CCI,-0.5185991272662588,62,1.8567569456149092e-05,1,4,External
AVGO,CHD,-0.4381775649052797,62,0.0004126288241903821,1,5,External
AVGO,CI,-0.4684959017041748,62,0.0001401804782689087,1,4,External
AVGO,CINF,-0.4604810031259285,62,0.0001883284846692986,1,4,External
AVGO,CL,-0.4594885585162286,62,0.0001952427857847495,1,4,External
AVGO,CLX,-0.43797908310076644,62,0.0004154201434172843,1,5,External
AVGO,CMS,-0.5083077689097136,62,2.886976876354702e-05,1,4,External
AVGO,CPB,-0.4547875886299964,62,0.00023126087850071584,1,5,External
AVGO,D,-0.46175095225733953,62,0.00017980786007332604,1,4,External
AVGO,DGX,-0.47265328970848125,62,0.00011992702735299974,1,4,External
AVGO,DOC,-0.4370430662022294,62,0.0004288166186742926,1,4,External
AVGO,DPZ,-0.4234042534603593,62,0.0006740564639995139,1,4,External
AVGO,DTE,-0.5428179178352596,62,6.198199453063039e-06,1,4,External
AVGO,DUK,-0.45791130106396605,62,0.00020671079902339671,1,4,External
AVGO,EBAY,-0.41856301975351207,62,0.0007878920779095888,1,4,External
AVGO,ECL,-0.48275789991463314,62,8.138197057465392e-05,1,4,External
AVGO,ED,-0.4546013857912686,62,0.0002328052285230243,1,4,External
AVGO,ESS,-0.4243631331900389,62,0.0006533614208883566,1,4,External
AVGO,ETN,0.4900784139280603,62,6.0982340584468986e-05,1,12,External
AVGO,EVRG,-0.4639950395435435,62,0.00016560940530488158,1,4,External
AVGO,EXC,-0.44295079376151775,62,0.0003504335573305301,1,4,External
AVGO,EXR,-0.45021374503042116,62,0.0002720376088237198,1,4,External
AVGO,FE,-0.4434569460897459,62,0.00034436630297054744,1,4,External
AVGO,GIS,-0.4068574311068882,62,0.0011382220398843056,1,5,External
AVGO,HIG,-0.4537696094164895,62,0.00023981967710791076,1,4,External
AVGO,HRL,-0.4478146775541247,62,0.00029595621812117466,1,5,External
AVGO,INVH,-0.43071426345188957,62,0.0005302008291008707,1,4,External
AVGO,JKHY,-0.45984829465565025,62,0.00019271012357832709,1,4,External
AVGO,KDP,-0.40676354486294386,62,0.0011415246418983276,1,4,External
AVGO,KHC,-0.44086567011363054,62,0.0003764686316292202,1,5,External
AVGO,KLAC,0.4738468537203323,62,0.00011463030694312533,1,1,Internal
AVGO,KO,-0.5081102218781476,62,2.9111369069946923e-05,1,4,External
AVGO,KR,-0.44651317259584006,62,0.0003097204352626619,1,4,External
AVGO,KVUE,-0.4286446266626748,62,0.0005677998467026594,1,4,External
AVGO,L,-0.42746191049269805,62,0.0005903565799168482,1,4,External
AVGO,LIN,-0.42647901761211254,62,0.0006097171258435299,1,4,External
AVGO,LNT,-0.4636511705722216,62,0.00016771622250639711,1,4,External
AVGO,LRCX,0.5099442122696773,62,2.693861114566545e-05,1,1,Internal
AVGO,LULU,0.5204829011800012,62,1.709978962669905e-05,1,1,Internal
AVGO,META,0.4031112477774894,62,0.0012768915634271123,1,1,Internal
AVGO,MKC,-0.4923275591743869,62,5.573457541010333e-05,1,4,External
AVGO,MOH,-0.4199622763959511,62,0.0007533250702132615,1,4,External
AVGO,MPWR,0.5075279915990115,62,2.9834368624387185e-05,1,1,Internal
AVGO,NVDA,0.4582793997218614,62,0.0002039806054892765,1,1,Internal
AVGO,NXPI,0.4010522162185543,62,0.0013594137839474428,1,1,Internal
AVGO,O,-0.5122280973673279,62,2.4442872986301545e-05,1,4,External
AVGO,ORLY,-0.5451404217668038,62,5.554028003100854e-06,1,4,External
AVGO,OTIS,-0.43179906728461187,62,0.0005114094400390018,1,4,External
AVGO,PEP,-0.40146047656487593,62,0.0013426804384031174,1,5,External
AVGO,PG,-0.524404976555496,62,1.4382774020285119e-05,1,4,External
AVGO,PNW,-0.43669216502151625,62,0.0004339392080271088,1,4,External
AVGO,PPL,-0.44273696245343286,62,0.00035302589166044836,1,4,External
AVGO,PSA,-0.525789860133425,62,1.3523356974991109e-05,1,4,External
AVGO,REG,-0.5256519856484878,62,1.3606728704200691e-05,1,5,External
AVGO,SBAC,-0.43376633626719296,62,0.00047886729209021915,1,4,External
AVGO,SO,-0.495026712917653,62,4.9987836514413654e-05,1,4,External
AVGO,SYY,-0.558854660544342,62,2.8562799520848822e-06,1,4,External
AVGO,TRV,-0.46894011359335097,62,0.00013787569509484494,1,4,External
AVGO,VTR,-0.47110203588930094,62,0.00012714697512057805,1,4,External
AVGO,VZ,-0.46900658454098076,62,0.00013753381834889146,1,4,External
AVGO,WEC,-0.43569051635832934,62,0.0004488692792137021,1,4,External
AVGO,WELL,-0.48255551315512746,62,8.202623275558015e-05,1,4,External
AVGO,XEL,-0.430068497758419,62,0.0005416824424983888,1,4,External
AVGO,YUM,-0.5072853907028246,62,3.014050137404232e-05,1,4,External
AVY,BALL,0.5372030865798328,62,8.054276215168333e-06,1,1,Internal
AVY,BIIB,0.4497181712740989,62,0.00027682874519779823,1,5,External
AVY,BLDR,0.41189691384409954,62,0.0009730842586308755,1,1,Internal
AVY,CAG,0.5310261502496575,62,1.0686684715752207e-05,1,5,External
AVY,CHD,0.5144274856993781,62,2.224356191071715e-05,1,5,External
AVY,CHRW,0.45144534777967665,62,0.00026045667785714433,1,1,Internal
AVY,CLX,0.5892685374264705,62,5.849661594415497e-07,1,5,External
AVY,CMI,0.4400366517632055,62,0.00038730021968949374,1,1,Internal
AVY,CPB,0.5696409545786069,62,1.6574191803290076e-06,1,5,External
AVY,CSX,0.4772504792043211,62,0.00010068351725432552,1,1,Internal
AVY,DG,0.4035340653807249,62,0.0012605140478017783,1,5,External
AVY,DHI,0.5161032934174786,62,2.0692541662957734e-05,1,1,Internal
AVY,EXPD,0.46406641295453693,62,0.00016517516524966258,1,1,Internal
AVY,FRT,0.4775648725152691,62,9.947735010951324e-05,1,1,Internal
AVY,GILD,0.41381930801420014,62,0.0009160150665742416,1,5,External
AVY,GIS,0.4973348281455607,62,4.551293907930957e-05,1,5,External
AVY,GNRC,0.44413245670610957,62,0.000336418052611537,1,1,Internal
AVY,GPC,0.48685984621477746,62,6.928752442330567e-05,1,5,External
AVY,GWW,0.4070330649939694,62,0.001132066923799808,1,5,External
AVY,HD,0.5524694451715956,62,3.9071541795860455e-06,1,1,Internal
AVY,HRL,0.4475825187280012,62,0.00029836978615965597,1,5,External
AVY,HWM,-0.414101904922465,62,0.0009078854176880705,1,12,External
AVY,ITW,0.6136604258804155,62,1.4510963186779216e-07,1,1,Internal
AVY,JBHT,0.40196507256537717,62,0.0013222544808430795,1,1,Internal
AVY,KHC,0.4463272428723644,62,0.00031173371684056837,1,5,External
AVY,KMB,0.4731655306313743,62,0.00011762689720907672,1,4,External
AVY,LEN,0.5087105884388397,62,2.8382861160942412e-05,1,1,Internal
AVY,LOW,0.5908345578478323,62,5.367229239379186e-07,1,1,Internal
AVY,LVS,0.4182659705466101,62,0.0007954123306417654,1,1,Internal
AVY,LW,0.40755926707634144,62,0.0011138050953356476,1,5,External
AVY,MAS,0.6617710914069997,62,6.3652917655316906e-09,1,1,Internal
AVY,MHK,0.46805482175259644,62,0.00014250393389921955,1,1,Internal
AVY,MLM,0.4051583303354919,62,0.0011993416653307306,1,5,External
AVY,MTD,0.453931520441128,62,0.000238439312996556,1,5,External
AVY,NSC,0.4994259917506379,62,4.178113018054022e-05,1,1,Internal
AVY,NVR,0.5413503946783302,62,6.640432792987958e-06,1,1,Internal
AVY,ODFL,0.47281042637935294,62,0.00011921707772716264,1,1,Internal
AVY,OTIS,0.4125704637090123,62,0.0009527338890366782,1,4,External
AVY,PCAR,0.4026906842169798,62,0.0012933713309034982,1,1,Internal
AVY,PHM,0.4964956406451348,62,4.709526169509181e-05,1,1,Internal
AVY,PKG,0.5939978431828314,62,4.504417684638118e-07,1,1,Internal
AVY,PPG,0.5201890472577019,62,1.732142869169846e-05,1,1,Internal
AVY,REG,0.4739820711670845,62,0.00011404399957758592,1,5,External
AVY,RTX,-0.4017841767990502,62,0.0013295447687340638,1,2,External
AVY,SHW,0.4449444048076836,62,0.00032708586060890084,1,5,External
AVY,SWK,0.44592907849264013,62,0.0003160853156969342,1,1,Internal
AVY,SYY,0.5581185975025519,62,2.9623024892031287e-06,1,4,External
AVY,TGT,0.45111019127942126,62,0.0002635627659338434,1,1,Internal
AVY,TJX,0.4256538538957406,62,0.0006264132259241818,1,5,External
AVY,TMO,0.45122149782697885,62,0.0002625274927968082,1,5,External
AVY,TROW,0.44553822480517574,62,0.0003204108172420923,1,1,Internal
AVY,UPS,0.42307371659925247,62,0.0006813267015753731,1,1,Internal
AVY,WAT,0.506870187057676,62,3.06711927512911e-05,1,5,External
AWK,AXP,-0.4459013590130043,62,0.00031639031858613414,4,1,External
AWK,AZO,0.6094063969255429,62,1.866218276437584e-07,4,4,Internal
AWK,BR,0.49613786530834114,62,4.77851822184917e-05,4,4,Internal
AWK,BRK-B,0.49639676824903334,62,4.7284997905928365e-05,4,4,Internal
AWK,BRO,0.5532955205438438,62,3.7533256120253477e-06,4,4,Internal
AWK,CAG,0.4428257180626295,62,0.0003519477702932117,4,5,External
AWK,CAH,0.5715142300636846,62,1.5049537041663016e-06,4,4,Internal
AWK,CB,0.7357663044381377,62,1.4313162318033525e-11,4,4,Internal
AWK,CBOE,0.7279784806090803,62,2.9828047261962625e-11,4,4,Internal
AWK,CCI,0.8202633872360722,62,6.068214289926096e-16,4,4,Internal
AWK,CCL,-0.46656737419417504,62,0.00015060218597088464,4,1,External
AWK,CI,0.7277088232831458,62,3.0582358918098893e-11,4,4,Internal
AWK,CINF,0.6017295526274115,62,2.911633389045944e-07,4,4,Internal
AWK,CL,0.6866836570577286,62,9.982885803668477e-10,4,4,Internal
AWK,CME,0.6865159161031998,62,1.0114360006722358e-09,4,4,Internal
AWK,CMI,-0.42715656634563154,62,0.0005963105561210979,4,1,External
AWK,CMS,0.8503192526210522,62,4.301073270632983e-18,4,4,Internal
AWK,CNP,0.7091093580638955,62,1.5992468916825235e-10,4,4,Internal
AWK,COF,-0.41074056930934605,62,0.0010089377689131425,4,1,External
AWK,COR,0.5445405274841804,62,5.714153216658219e-06,4,4,Internal
AWK,COST,0.5699743980649068,62,1.6292637624842215e-06,4,4,Internal
AWK,CPB,0.4412118396024077,62,0.0003720279328893745,4,5,External
AWK,CPT,0.4523845715163179,62,0.0002519296017433298,4,4,Internal
AWK,CTAS,0.6480344287770453,62,1.6443311658998912e-08,4,4,Internal
AWK,D,0.7715033025890006,62,3.4329212831698215e-13,4,4,Internal
AWK,DG,0.4376410562199207,62,0.00042021349785305664,4,5,External
AWK,DGX,0.5691483753700478,62,1.6998460881583002e-06,4,4,Internal
AWK,DOC,0.4602673842613301,62,0.00018979753567574566,4,4,Internal
AWK,DPZ,0.40069165126965883,62,0.0013743478055484215,4,4,Internal
AWK,DTE,0.8366359443276171,62,4.633757780838544e-17,4,4,Internal
AWK,DUK,0.8943981392133274,62,2.7867194467782437e-22,4,4,Internal
AWK,EA,0.5655617190265007,62,2.0408262660577933e-06,4,4,Internal
AWK,EBAY,0.5211172390533209,62,1.6630284389060988e-05,4,4,Internal
AWK,ECL,0.6856747117532939,62,1.0798856521062963e-09,4,4,Internal
AWK,ED,0.8492381197028042,62,5.233862242257036e-18,4,4,Internal
AWK,EG,0.49693735806496503,62,4.6256161515793184e-05,4,4,Internal
AWK,ELV,0.4373582941518646,62,0.00042426175866425544,4,4,Internal
AWK,EMR,-0.48263339339349004,62,8.1777761197991e-05,4,1,External
AWK,EQR,0.45192040867228767,62,0.0002561112699334071,4,4,Internal
AWK,ES,0.5274749520248834,62,1.2542012425063512e-05,4,4,Internal
AWK,ESS,0.45657116838260153,62,0.00021693541275849898,4,4,Internal
AWK,ETN,-0.4468346326368134,62,0.00030626755957902937,4,12,External
AWK,ETR,0.6098467832225355,62,1.8185507418959622e-07,4,4,Internal
AWK,EVRG,0.7245418207404785,62,4.0916719497529466e-11,4,4,Internal
AWK,EXC,0.8595539541299476,62,7.5336966126244425e-19,4,4,Internal
AWK,EXPE,-0.4009806260358083,62,0.0013623672807335026,4,1,External
AWK,EXR,0.5673565360052868,62,1.8629089950991618e-06,4,4,Internal
AWK,FAST,0.45721202316343795,62,0.00021198963060936306,4,5,External
AWK,FDS,0.44601817366600577,62,0.00031510679875904204,4,4,Internal
AWK,FE,0.8310759463612042,62,1.1445530535466067e-16,4,4,Internal
AWK,GIS,0.532694864010972,62,9.906075080956588e-06,4,5,External
AWK,GL,0.5418418883599765,62,6.489149971135588e-06,4,4,Internal
AWK,HIG,0.6703247472580603,62,3.4373580625781014e-09,4,4,Internal
AWK,HII,0.4421803709126309,62,0.0003598557261586875,4,2,External
AWK,HON,0.43301281606239744,62,0.0004911027472035977,4,4,Internal
AWK,HRL,0.5401670926671526,62,7.018238655551393e-06,4,5,External
AWK,HSY,0.4528325967799581,62,0.000247952564668013,4,5,External
AWK,ICE,0.6899831347369192,62,7.703920948251071e-10,4,4,Internal
AWK,INVH,0.6462459694649383,62,1.8540839083131078e-08,4,4,Internal
AWK,JKHY,0.5648906959478649,62,2.1113334995097983e-06,4,4,Internal
AWK,JNJ,0.5201766098595472,62,1.7330868133583377e-05,4,5,External
AWK,KDP,0.5479254072257721,62,4.863954521847745e-06,4,4,Internal
AWK,KEY,-0.40060412096027076,62,0.0013779953308007157,4,1,External
AWK,KEYS,-0.48904904422191425,62,6.353291702382818e-05,4,1,External
AWK,KHC,0.5186631096421851,62,1.8515856408847824e-05,4,5,External
AWK,KLAC,-0.5281371244093356,62,1.2174826319089189e-05,4,1,External
AWK,KMB,0.5563665236832039,62,3.229645131793699e-06,4,4,Internal
AWK,KMI,0.4084889774975956,62,0.0010821869562166488,4,4,Internal
AWK,KO,0.7742962267788207,62,2.493426002950281e-13,4,4,Internal
AWK,KR,0.6304591117394251,62,5.175972672575216e-08,4,4,Internal
AWK,KVUE,0.5455789178625031,62,5.439640752803518e-06,4,4,Internal
AWK,L,0.6469079556901756,62,1.7736579672569773e-08,4,4,Internal
AWK,LHX,0.41340719916065194,62,0.0009279882751577242,4,2,External
AWK,LIN,0.6147346441516321,62,1.360970745229413e-07,4,4,Internal
AWK,LNT,0.7901001940412885,62,3.732848956503334e-14,4,4,Internal
AWK,LRCX,-0.6062047541332508,62,2.249808991561343e-07,4,1,External
AWK,MAA,0.5154974054793079,62,2.1241352305735694e-05,4,4,Internal
AWK,MCD,0.6390364790371877,62,2.984686704220807e-08,4,4,Internal
AWK,MCK,0.6840941351383275,62,1.2205590704765164e-09,4,4,Internal
AWK,MDLZ,0.5800611963302844,62,9.615766946247327e-07,4,5,External
AWK,META,-0.6520789221282756,62,1.2497026140958345e-08,4,1,External
AWK,MKC,0.49518475677850543,62,4.9668928108760844e-05,4,4,Internal
AWK,MLM,0.4657502012694391,62,0.00015522872218974075,4,5,External
AWK,MMC,0.5853197710600477,62,7.253016553148355e-07,4,4,Internal
AWK,MNST,0.5902055983277091,62,5.556316303962909e-07,4,4,Internal
AWK,MO,0.7133485379757958,62,1.1095356310312864e-10,4,4,Internal
AWK,MPWR,-0.56074362692243,62,2.600193379161798e-06,4,1,External
AWK,MU,-0.4528519718761944,62,0.00024778187655690576,4,1,External
AWK,NCLH,-0.4367432971035303,62,0.00043318931535325534,4,1,External
AWK,NEE,0.4712700755799585,62,0.00012634603960309264,4,4,Internal
AWK,NEM,0.4285432724468831,62,0.0005697017860455517,4,4,Internal
AWK,NI,0.7025914355700534,62,2.770945962829946e-10,4,4,Internal
AWK,NRG,-0.4633089462500799,62,0.00016983731824591876,4,1,External
AWK,NVDA,-0.46965538718119454,62,0.0001342374738698717,4,1,External
AWK,NXPI,-0.43680834900008986,62,0.00043223698085911,4,1,External
AWK,O,0.7262185016152891,62,3.5090053988183974e-11,4,4,Internal
AWK,ORLY,0.77917874472592,62,1.4100197329292457e-13,4,4,Internal
AWK,OTIS,0.5885586124586645,62,6.081514764759542e-07,4,4,Internal
AWK,PAYX,0.49063622020016373,62,5.963998405534011e-05,4,4,Internal
AWK,PEG,0.5384891511294964,62,7.588394827106897e-06,4,4,Internal
AWK,PEP,0.460647591321934,62,0.00018719009454158382,4,5,External
AWK,PG,0.5787363476401179,62,1.0315756722338582e-06,4,4,Internal
AWK,PGR,0.5487597678495613,62,4.673331776319464e-06,4,4,Internal
AWK,PH,-0.42230855072615153,62,0.0006984298818009581,4,1,External
AWK,PM,0.6511932613448504,62,1.3275695872729473e-08,4,4,Internal
AWK,PNW,0.8209044813529265,62,5.514039769285646e-16,4,4,Internal
AWK,PPL,0.8517596100329883,62,3.3034003672817873e-18,4,4,Internal
AWK,PSA,0.587696959500707,62,6.374507893662522e-07,4,4,Internal
AWK,REG,0.4502875968415807,62,0.0002713301372672777,4,5,External
AWK,ROL,0.7966096154433566,62,1.6276087330779016e-14,4,4,Internal
AWK,ROP,0.635014723904912,62,3.8718717102971456e-08,4,4,Internal
AWK,RSG,0.8033597469399656,62,6.663460537762301e-15,4,4,Internal
AWK,SBAC,0.774283182429702,62,2.497178856110618e-13,4,4,Internal
AWK,SO,0.8916830386631367,62,5.665257537346039e-22,4,4,Internal
AWK,SPGI,0.45991903727411265,62,0.0001922156243408313,4,4,Internal
AWK,SRE,0.6227582074651968,62,8.36595925851821e-08,4,4,Internal
AWK,STE,0.44644011474680445,62,0.00031051010068581836,4,5,External
AWK,STZ,0.42827064966430395,62,0.0005748463370594172,4,5,External
AWK,SWK,-0.47087226106325997,62,0.00012824970661776746,4,1,External
AWK,SYF,-0.5614616093113308,62,2.5086134807712677e-06,4,1,External
AWK,SYY,0.5906735757139872,62,5.415042249923981e-07,4,4,Internal
AWK,T,0.7422693575346199,62,7.599512787639944e-12,4,4,Internal
AWK,TAP,0.47469825407536337,62,0.00011098428344332112,4,4,Internal
AWK,TER,-0.5010023842953492,62,3.915715586762568e-05,4,1,External
AWK,TMUS,0.4927483086517521,62,5.4800398972757566e-05,4,4,Internal
AWK,TRV,0.6783235377452214,62,1.896447820722909e-09,4,4,Internal
AWK,TSCO,0.4761104859619222,62,0.00010517074723860934,4,5,External
AWK,TSN,0.42666963427846405,62,0.0006059180660534386,4,4,Internal
AWK,UDR,0.4884639446131085,62,6.502615924716115e-05,4,4,Internal
AWK,V,0.4249795711121822,62,0.0006403628597822863,4,4,Internal
AWK,VICI,0.651601421184657,62,1.2911308879195632e-08,4,4,Internal
AWK,VRSK,0.623126036947306,62,8.178699206320478e-08,4,4,Internal
AWK,VTR,0.6197578837010126,62,1.0051638679421276e-07,4,4,Internal
AWK,VZ,0.7682927086152669,62,4.930633166581316e-13,4,4,Internal
AWK,WEC,0.8522683723891225,62,3.0073728700457816e-18,4,4,Internal
AWK,WELL,0.7507642762886662,62,3.2287750619552913e-12,4,4,Internal
AWK,WM,0.8225478986405156,62,4.3062008731948276e-16,4,4,Internal
AWK,WMT,0.47693654933618496,62,0.00010190130928030993,4,4,Internal
AWK,WRB,0.6753133233174925,62,2.3772731803144057e-09,4,4,Internal
AWK,WTW,0.5642303073195645,62,2.182942408240646e-06,4,4,Internal
AWK,XEL,0.7969973922429103,62,1.5476203772836303e-14,4,4,Internal
AWK,YUM,0.5551156842012825,62,3.43411350763129e-06,4,4,Internal
AWK,ZBRA,-0.513723989316239,62,2.2926233861765026e-05,4,1,External
AXON,CTVA,0.6162033569368479,62,1.2462521234478888e-07,2,2,Internal
AXON,DAY,0.4731666455125233,62,0.00011762193552161268,2,2,Internal
AXON,EPAM,0.520913278874565,62,1.6779924169444863e-05,2,2,Internal
AXON,JKHY,0.43832113681294643,62,0.0004106203689959676,2,4,External
AXON,MTCH,-0.5176475890510831,62,1.9352624971805905e-05,2,12,External
AXON,PAYC,0.6521080511168663,62,1.2472165004444288e-08,2,2,Internal
AXP,BAC,0.4432025824104323,62,0.00034740329577436673,1,1,Internal
AXP,BEN,0.4482627677080072,62,0.0002913480844663286,1,1,Internal
AXP,C,0.5591968189965761,62,2.808212245678616e-06,1,1,Internal
AXP,CCL,0.7016400126510496,62,2.9987393165579907e-10,1,1,Internal
AXP,CDW,0.4117553183343833,62,0.000977411924153167,1,1,Internal
AXP,CFG,0.6948023919219406,62,5.243710940908845e-10,1,1,Internal
AXP,CL,-0.4592523404860728,62,0.0001969223701625605,1,4,External
AXP,CMI,0.4235795359963902,62,0.0006702296543615256,1,1,Internal
AXP,CNP,-0.4710384073095157,62,0.0001274514656393003,1,4,External
AXP,COF,0.5392892756259273,62,7.3113413108537575e-06,1,1,Internal
AXP,COR,-0.5029705363000688,62,3.6094963496902674e-05,1,4,External
AXP,CPAY,0.44040853930068885,62,0.0003824066952069884,1,1,Internal
AXP,DAL,0.5259311479671872,62,1.3438413744285093e-05,1,1,Internal
AXP,DOV,0.5653867425563439,62,2.0589964089948984e-06,1,1,Internal
AXP,DUK,-0.4777502305226336,62,9.87724658026402e-05,1,4,External
AXP,ED,-0.4926128483150408,62,5.509956829469616e-05,1,4,External
AXP,ETN,0.4142990443194601,62,0.0009022528076603514,1,12,External
AXP,EXC,-0.4731708640107148,62,0.00011760316317976967,1,4,External
AXP,EXPE,0.44268062618047443,62,0.0003537117727826773,1,1,Internal
AXP,FDX,0.4298232010238361,62,0.0005461025834489578,1,1,Internal
AXP,FE,-0.4070528860506665,62,0.0011313741773925183,1,4,External
AXP,FITB,0.6748668044999359,62,2.4577583085515105e-09,1,1,Internal
AXP,FTV,0.4685581905031198,62,0.000139855177702428,1,1,Internal
AXP,GRMN,0.4572950408979077,62,0.00021135654503926302,1,1,Internal
AXP,GS,0.4990972131362643,62,4.234847747343854e-05,1,1,Internal
AXP,HBAN,0.6277020565118552,62,6.156041344222993e-08,1,1,Internal
AXP,HLT,0.43884962077548123,62,0.0004033036927050422,1,1,Internal
AXP,HST,0.4756536167020347,62,0.00010702010763407715,1,1,Internal
AXP,IEX,0.5481550941248975,62,4.810768056733673e-06,1,1,Internal
AXP,IR,0.404014676643951,62,0.0012421275422832175,1,1,Internal
AXP,IVZ,0.5449578849893588,62,5.602302811936599e-06,1,1,Internal
AXP,JBL,0.47938392456560536,62,9.27555130674481e-05,1,1,Internal
AXP,KEY,0.7384232256957801,62,1.1075888165552327e-11,1,1,Internal
AXP,KEYS,0.46860711739322286,62,0.00013960014491689191,1,1,Internal
AXP,KO,-0.48080826117804415,62,8.778671951823033e-05,1,4,External
AXP,MAR,0.535054273693386,62,8.892542538234169e-06,1,1,Internal
AXP,MCD,-0.4221881545552046,62,0.0007011561137739043,1,4,External
AXP,MCK,-0.4968724982490457,62,4.637850018506171e-05,1,4,External
AXP,MET,0.47490931064716163,62,0.00011009709286745067,1,1,Internal
AXP,MGM,0.4397979165173636,62,0.0003904716140028781,1,1,Internal
AXP,MPC,0.4228582627762838,62,0.0006861038068467991,1,1,Internal
AXP,MS,0.5736774248846964,62,1.3452556964495507e-06,1,1,Internal
AXP,MTB,0.678431106509521,62,1.8811035337816244e-09,1,1,Internal
AXP,NCLH,0.6610438703482283,62,6.701499887080807e-09,1,1,Internal
AXP,NKE,0.42066289869680734,62,0.0007365376486705992,1,1,Internal
AXP,ORLY,-0.4601009007125811,62,0.00019094970372079208,1,4,External
AXP,OTIS,-0.44610837105569,62,0.0003141189907325086,1,4,External
AXP,PFG,0.4814767915660633,62,8.554006201696364e-05,1,1,Internal
AXP,PG,-0.43157629968597916,62,0.0005152182241186902,1,4,External
AXP,PH,0.5931559523373691,62,4.720355939223116e-07,1,1,Internal
AXP,PM,-0.4389027614045282,62,0.0004025745825217447,1,4,External
AXP,PNC,0.598093948043408,62,3.5798490171921485e-07,1,1,Internal
AXP,PNR,0.43406317629073327,62,0.0004741238129748328,1,1,Internal
AXP,PRU,0.4349006159122455,62,0.0004609708045762521,1,1,Internal
AXP,RCL,0.6513036602089463,62,1.317618848643764e-08,1,1,Internal
AXP,RF,0.6691660958963053,62,3.740965993784699e-09,1,1,Internal
AXP,RJF,0.48461125176628495,62,7.569511412875456e-05,1,1,Internal
AXP,RL,0.5722319309292088,62,1.4501001137266662e-06,1,1,Internal
AXP,ROL,-0.4444405357768799,62,0.0003328489237825072,1,4,External
AXP,RSG,-0.5032439207796915,62,3.568758143220416e-05,1,4,External
AXP,SBAC,-0.4295644222672382,62,0.000550801118581837,1,4,External
AXP,SO,-0.45059641992060684,62,0.00026838989342919527,1,4,External
AXP,STT,0.4082227842944016,62,0.0010911561462988483,1,1,Internal
AXP,SW,0.41388724389113657,62,0.0009140547343507013,1,1,Internal
AXP,SWK,0.43663627492327234,62,0.0004347602309560808,1,1,Internal
AXP,SYF,0.7066918512493081,62,1.9643003790887168e-10,1,1,Internal
AXP,TFC,0.6550742177466448,62,1.0171552472937176e-08,1,1,Internal
AXP,TPR,0.5655054352283968,62,2.046654536300601e-06,1,1,Internal
AXP,TRMB,0.48080018759006704,62,8.781418031680662e-05,1,1,Internal
AXP,TROW,0.4629970667657017,62,0.00017179171259435038,1,1,Internal
AXP,UAL,0.5324927194264056,62,9.997729436201804e-06,1,1,Internal
AXP,URI,0.47942349560075653,62,9.261404615437052e-05,1,1,Internal
AXP,USB,0.573520072250233,62,1.3563144552950396e-06,1,1,Internal
AXP,WFC,0.5029676416390774,62,3.60992998724924e-05,1,1,Internal
AXP,WM,-0.5011765886030577,62,3.887672949233635e-05,1,4,External
AXP,WYNN,0.42531204916235127,62,0.0006334497254805039,1,1,Internal
AXP,YUM,-0.5146534421802607,62,2.2028324024267083e-05,1,4,External
AXP,ZBRA,0.5021847836043882,62,3.7289913904020794e-05,1,1,Internal
AZO,BR,0.4517837611103236,62,0.00025735435856777985,4,4,Internal
AZO,CAH,0.4199945934453066,62,0.0007525431805060376,4,4,Internal
AZO,CB,0.6127740390118981,62,1.5296651162832546e-07,4,4,Internal
AZO,CBOE,0.5088117773142554,62,2.8261749891693334e-05,4,4,Internal
AZO,CCI,0.5044944532542746,62,3.3877751990392754e-05,4,4,Internal
AZO,CHD,0.4228357306043693,62,0.0006866051442285714,4,5,External
AZO,CI,0.4541695670476837,62,0.00023642304055634193,4,4,Internal
AZO,CINF,0.5152460341364622,62,2.1472979431268633e-05,4,4,Internal
AZO,CL,0.577899953152391,62,1.0781965609133077e-06,4,4,Internal
AZO,CLX,0.5141016034653431,62,2.2557420368532184e-05,4,5,External
AZO,CME,0.5027091615006618,62,3.6488466619920085e-05,4,4,Internal
AZO,CMS,0.5493624949999022,62,4.539989960168938e-06,4,4,Internal
AZO,CNP,0.4922832014359211,62,5.5833912844495176e-05,4,4,Internal
AZO,COR,0.44471044306793567,62,0.00032975041825323523,4,4,Internal
AZO,COST,0.5205984788028832,62,1.701333874612158e-05,4,4,Internal
AZO,CTAS,0.47884018582492865,62,9.471962263516693e-05,4,4,Internal
AZO,D,0.5512066083301379,62,4.153728288844259e-06,4,4,Internal
AZO,DTE,0.570165339465273,62,1.6133432139831963e-06,4,4,Internal
AZO,DUK,0.5548001266915854,62,3.4875724256474602e-06,4,4,Internal
AZO,EBAY,0.4689739792820987,62,0.0001377014180612487,4,4,Internal
AZO,ECL,0.5515483397922121,62,4.085608426233129e-06,4,4,Internal
AZO,ED,0.6265977176756098,62,6.59569688071968e-08,4,4,Internal
AZO,EQR,0.43414062965097877,62,0.0004728931580953057,4,4,Internal
AZO,EVRG,0.5154213749183827,62,2.1311165431561167e-05,4,4,Internal
AZO,EXC,0.5813353144784402,62,8.984795616772062e-07,4,4,Internal
AZO,FE,0.5427554344577595,62,6.216455053991662e-06,4,4,Internal
AZO,GPC,0.4120305046964189,62,0.0009690170982887305,4,5,External
AZO,HIG,0.6067476903685493,62,2.1799246050122588e-07,4,4,Internal
AZO,HON,0.5504053001214012,62,4.317637621841954e-06,4,4,Internal
AZO,KDP,0.40243826633647334,62,0.0013033538997201985,4,4,Internal
AZO,KEYS,-0.48198264141312075,62,8.387540818358701e-05,4,1,External
AZO,KLAC,-0.48997646356671276,62,6.123067424182477e-05,4,1,External
AZO,KMB,0.45121481291951904,62,0.0002625895648071559,4,4,Internal
AZO,KO,0.5933308995913824,62,4.674698571947773e-07,4,4,Internal
AZO,KR,0.5179614456200319,62,1.909034163891381e-05,4,4,Internal
AZO,L,0.5742927370962317,62,1.3028170932041253e-06,4,4,Internal
AZO,LNT,0.5048000016012741,62,3.344864770515734e-05,4,4,Internal
AZO,LRCX,-0.5598156973198367,62,2.72318449796275e-06,4,1,External
AZO,MCD,0.544044551993433,62,5.84977889190692e-06,4,4,Internal
AZO,MCHP,-0.4262683934302734,62,0.0006139400421155874,4,1,External
AZO,MCK,0.520384339080161,62,1.7173834952957407e-05,4,4,Internal
AZO,MDLZ,0.4258808394020361,62,0.0006217796485445945,4,5,External
AZO,MMC,0.4683079155592351,62,0.00014116644102764425,4,4,Internal
AZO,MO,0.4692917507490544,62,0.00013607594487265924,4,4,Internal
AZO,MPWR,-0.5191837832089705,62,1.809996875862725e-05,4,1,External
AZO,MU,-0.47214987765363026,62,0.00012222768846391514,4,1,External
AZO,NI,0.4376436694301731,62,0.0004201762493467036,4,4,Internal
AZO,NVDA,-0.4135905230819823,62,0.0009226447397468374,4,1,External
AZO,NXPI,-0.46484692206821926,62,0.0001604941206389309,4,1,External
AZO,O,0.48203006593225384,62,8.37208819889821e-05,4,4,Internal
AZO,ON,-0.44315788208735485,62,0.00034793951241268023,4,1,External
AZO,ORLY,0.8030338575121814,62,6.962530097928916e-15,4,4,Internal
AZO,OTIS,0.4611167341840298,62,0.00018401794743044548,4,4,Internal
AZO,PAYX,0.458257236820211,62,0.00020414404998653354,4,4,Internal
AZO,PEP,0.4228465065233433,62,0.0006863653403133449,4,5,External
AZO,PG,0.5167990211483006,62,2.0078584219634177e-05,4,4,Internal
AZO,PGR,0.5299968123906602,62,1.1196332099738374e-05,4,4,Internal
AZO,PM,0.4103988056164629,62,0.0010197601593503565,4,4,Internal
AZO,PNW,0.5066640049720714,62,3.093792512235464e-05,4,4,Internal
AZO,PPL,0.5854956398994271,62,7.184319421571705e-07,4,4,Internal
AZO,PSA,0.42652966164564304,62,0.0006087056712460034,4,4,Internal
AZO,ROL,0.578726359219827,62,1.0321211070112675e-06,4,4,Internal
AZO,ROP,0.4498205103463439,62,0.00027583308088157906,4,4,Internal
AZO,RSG,0.5767618112415324,62,1.1448143427880297e-06,4,4,Internal
AZO,SBAC,0.5083200806102063,62,2.8854773158900355e-05,4,4,Internal
AZO,SO,0.5648286249268605,62,2.1179694034935207e-06,4,4,Internal
AZO,SPGI,0.45496546645914543,62,0.00022979432685620182,4,4,Internal
AZO,SYF,-0.45718661677256717,62,0.00021218372374941238,4,1,External
AZO,SYY,0.49418469555356076,62,5.171899540429747e-05,4,4,Internal
AZO,T,0.4642136723050257,62,0.00016428252590298807,4,4,Internal
AZO,TER,-0.7027961610080876,62,2.7241285804728e-10,4,1,External
AZO,TJX,0.45238406290119065,62,0.0002519341495489262,4,5,External
AZO,TRV,0.5770269329562605,62,1.1289603320607945e-06,4,4,Internal
AZO,TSCO,0.4473400113247567,62,0.00030091010227350736,4,5,External
AZO,VICI,0.4168316162562604,62,0.0008326463799653316,4,4,Internal
AZO,VRSK,0.569119299945433,62,1.7023819159102156e-06,4,4,Internal
AZO,VRSN,0.4824742935133486,62,8.22860986010303e-05,4,4,Internal
AZO,VZ,0.5272460926595193,62,1.2671293644140568e-05,4,4,Internal
AZO,WEC,0.530804348496199,62,1.07946446407644e-05,4,4,Internal
AZO,WELL,0.47202990118811133,62,0.0001227819440700816,4,4,Internal
AZO,WM,0.5634228446191927,62,2.273585496332416e-06,4,4,Internal
AZO,WRB,0.5608643139912393,62,2.584584200918926e-06,4,4,Internal
AZO,WTW,0.5154781295545487,62,2.125903184027599e-05,4,4,Internal
AZO,XEL,0.5355549373266164,62,8.690276549407464e-06,4,4,Internal
AZO,YUM,0.41817610050071813,62,0.0007977002789058587,4,4,Internal
BA,PH,0.459165200705278,62,0.00019754529270005637,1,1,Internal
BAC,C,0.769180828973115,62,4.4633362670451576e-13,1,1,Internal
BAC,CFG,0.7510998905332881,62,3.1192238932901943e-12,1,1,Internal
BAC,COF,0.4639378326701502,62,0.00016595821027068233,1,1,Internal
BAC,DLTR,0.41334577357454144,62,0.0009297849486100669,1,1,Internal
BAC,DOV,0.4589949140311913,62,0.00019876780258870763,1,1,Internal
BAC,DVA,-0.4505394717479087,62,0.000268929888434659,1,4,External
BAC,EMR,0.5008701308817405,62,3.9371298860200665e-05,1,1,Internal
BAC,FITB,0.7515529000513107,62,2.976966210357247e-12,1,1,Internal
BAC,FTV,0.4057186219028997,62,0.0011788682614195423,1,1,Internal
BAC,GLW,0.46762895709264596,62,0.00014478070790871765,1,1,Internal
BAC,GRMN,0.45820224365514856,62,0.0002045501251180216,1,1,Internal
BAC,GS,0.4899263633945305,62,6.135305111800178e-05,1,1,Internal
BAC,HBAN,0.7583478563088863,62,1.4601791506195056e-12,1,1,Internal
BAC,HPE,0.41794428218987184,62,0.0008036294945819273,1,1,Internal
BAC,HPQ,0.40809512742540144,62,0.0010954811653561291,1,1,Internal
BAC,IVZ,0.4908192164043792,62,5.9205576682449745e-05,1,1,Internal
BAC,JBL,0.4128860598945289,62,0.0009433313664500127,1,1,Internal
BAC,JPM,0.482688217883404,62,8.160326318400372e-05,1,1,Internal
BAC,KEY,0.6724877997121995,62,2.9319901154048736e-09,1,1,Internal
BAC,KEYS,0.5003071182239324,62,4.029509035156849e-05,1,1,Internal
BAC,KO,-0.41654039154511757,62,0.0008403958370280464,1,4,External
BAC,LW,-0.5266018222597456,62,1.3041918399792142e-05,1,5,External
BAC,MCK,-0.4302177871042525,62,0.0005390082310771081,1,4,External
BAC,MET,0.5525555367409191,62,3.8908520861227295e-06,1,1,Internal
BAC,MOH,-0.4229218732440986,62,0.0006846902716748571,1,4,External
BAC,MPC,0.42801838366298117,62,0.0005796442380924343,1,1,Internal
BAC,MS,0.6595760143984291,62,7.432008046975119e-09,1,1,Internal
BAC,MTB,0.6159065162825852,62,1.268676610593257e-07,1,1,Internal
BAC,MU,0.481872568611465,62,8.42350773752002e-05,1,1,Internal
BAC,PEP,-0.430519044305444,62,0.000533648278784689,1,5,External
BAC,PH,0.5630941441734093,62,2.3114825332170686e-06,1,1,Internal
BAC,PNC,0.6827564923746311,62,1.3530315352205863e-09,1,1,Internal
BAC,PSX,0.4211953392732298,62,0.0007240071330821641,1,1,Internal
BAC,RF,0.6931780853150313,62,5.974636487473959e-10,1,1,Internal
BAC,RJF,0.5076904534139105,62,2.9630973419760564e-05,1,1,Internal
BAC,RSG,-0.4100234266114603,62,0.0010317675349551933,1,4,External
BAC,STT,0.6208731510314335,62,9.390771661002954e-08,1,1,Internal
BAC,SYF,0.5957137573518744,62,4.0927059884469626e-07,1,1,Internal
BAC,TEL,0.5276834982316623,62,1.2425274408613803e-05,1,1,Internal
BAC,TFC,0.7183221202582767,62,7.164705842001441e-11,1,1,Internal
BAC,TRGP,0.45853876958521755,62,0.00020207671268617267,1,2,External
BAC,USB,0.6559863030336608,62,9.549057385135561e-09,1,1,Internal
BAC,VLO,0.4694215537777238,62,0.0001354170523429928,1,1,Internal
BAC,WDC,0.5183102224503708,62,1.8802746314075746e-05,1,1,Internal
BAC,WFC,0.7999560831220153,62,1.0498112092262103e-14,1,1,Internal
BAC,ZBRA,0.4386291420526455,62,0.00040634159894539437,1,1,Internal
BALL,CAG,0.41519893056667956,62,0.0008769400958418327,1,5,External
BALL,DOW,0.422615760533216,62,0.0006915168970666522,1,2,External
BALL,F,0.44050924415917164,62,0.0003810912788748436,1,1,Internal
BALL,HAS,0.4201017121710775,62,0.0007499567597023607,1,1,Internal
BALL,HSIC,0.40148283708430077,62,0.0013417693186454302,1,1,Internal
BALL,IFF,0.5132256444861371,62,2.3421521298988204e-05,1,5,External
BALL,ITW,0.5450497986899578,62,5.577946063441351e-06,1,1,Internal
BALL,LVS,0.42749688813056125,62,0.0005896779953181478,1,1,Internal
BALL,LYB,0.43173471336223107,62,0.0005125071010802632,1,2,External
BAX,BIIB,0.4052548389357689,62,0.0011957925312370073,5,5,Internal
BAX,BMY,0.4238675391861282,62,0.0006639846039370522,5,5,Internal
BAX,CDW,0.498509319745384,62,4.338073786395778e-05,5,1,External
BAX,CRL,0.5311619162033074,62,1.062109819328263e-05,5,5,Internal
BAX,DD,0.5040559010696081,62,3.450254858265622e-05,5,1,External
BAX,DHR,0.4110666199103363,62,0.0009987095955075762,5,5,Internal
BAX,DIS,0.4100660120951846,62,0.0010303989588868444,5,1,External
BAX,DOW,0.46030552700438077,62,0.00018953446221665662,5,2,External
BAX,HSIC,0.42196495713771726,62,0.0007062356553177667,5,1,External
BAX,IQV,0.5389424622263791,62,7.430252598303854e-06,5,5,Internal
BAX,LLY,0.4107602243086779,62,0.00100831852871906,5,5,Internal
BAX,LYB,0.44199926365401543,62,0.00036210387650951125,5,2,External
BAX,MDT,0.4018613067787343,62,0.0013264319438828606,5,5,Internal
BAX,NSC,0.40347992132710514,62,0.0012626006753618177,5,1,External
BAX,PFG,0.4015006645907999,62,0.0013410433028058723,5,1,External
BAX,PRU,0.414496263002964,62,0.0008966495184128441,5,1,External
BAX,RVTY,0.4322049180607413,62,0.000504536032212114,5,5,Internal
BAX,STE,0.4019046173412708,62,0.0013246868820635828,5,5,Internal
BAX,SYK,0.45677563590659087,62,0.0002153460942133215,5,5,Internal
BAX,TEL,0.42721200737020976,62,0.0005952254702779688,5,1,External
BAX,TGT,0.4052264915435741,62,0.0011968340338509506,5,1,External
BAX,TXN,0.405860046938044,62,0.0011737504764228461,5,1,External
BAX,TXT,0.5252264264345834,62,1.3867082396514084e-05,5,1,External
BAX,VTRS,0.5641616579446698,62,2.1905152862342794e-06,5,5,Internal
BAX,WAT,0.44424453568546035,62,0.00033511558914321623,5,5,Internal
BAX,WY,0.4371375183044792,62,0.00042744719660958155,5,1,External
BAX,XYL,0.4181385014556745,62,0.0007986592545904994,5,1,External
BBY,BRK-B,-0.40283567951870913,62,0.0012876682221578395,1,4,External
BBY,BRO,-0.40829253901930607,62,0.00108879935865041,1,4,External
BBY,CB,-0.47049157314984535,62,0.00013009603567407503,1,4,External
BBY,CINF,-0.5016386597653424,62,3.814187549934149e-05,1,4,External
BBY,CME,-0.4314141032568099,62,0.0005180075707791443,1,4,External
BBY,CNC,-0.4563190922370492,62,0.00021890955332513385,1,4,External
BBY,CSX,0.43765124317585186,62,0.0004200683106990004,1,1,Internal
BBY,DLTR,0.4692461770009559,62,0.00013630797839098453,1,1,Internal
BBY,DTE,-0.4495090051088265,62,0.00027887394996386735,1,4,External
BBY,DUK,-0.4816365598307732,62,8.501103928402161e-05,1,4,External
BBY,ED,-0.4440076913166698,62,0.0003378733690994614,1,4,External
BBY,EG,-0.42425281852534225,62,0.000655712632573155,1,4,External
BBY,ELV,-0.43115954091090125,62,0.0005224130182030503,1,4,External
BBY,EMR,0.4505774094512409,62,0.00026857004467367994,1,1,Internal
BBY,EXC,-0.41726531962319446,62,0.0008212252240525244,1,4,External
BBY,FDX,0.5027503031817147,62,3.6426265370326916e-05,1,1,Internal
BBY,FOX,0.42097153083560884,62,0.0007292505735272121,1,1,Internal
BBY,FOXA,0.40388665466082163,62,0.001247001493992642,1,1,Internal
BBY,FTV,0.5065828226183372,62,3.104353639978829e-05,1,1,Internal
BBY,GNRC,0.43894672891565295,62,0.0004019722380348625,1,1,Internal
BBY,GRMN,0.5335772131482285,62,9.51508611277877e-06,1,1,Internal
BBY,HAS,0.4363825125361004,62,0.0004385057840157438,1,1,Internal
BBY,HBAN,0.4699629431137615,62,0.0001327003561728142,1,1,Internal
BBY,HIG,-0.4517474917460069,62,0.00025768522664485356,1,4,External
BBY,HPE,0.46365728414464924,62,0.00016767855242504374,1,1,Internal
BBY,HPQ,0.8346650487043339,62,6.409089649823862e-17,1,1,Internal
BBY,HST,0.5110911972107559,62,2.5657144197659904e-05,1,1,Internal
BBY,HUM,-0.41288021177666406,62,0.0009435048345983861,1,16,External
BBY,IEX,0.4030305633761808,62,0.00128003846396066,1,1,Internal
BBY,IR,0.4818889100824515,62,8.418159110598107e-05,1,1,Internal
BBY,JBHT,0.4458700789460774,62,0.00031673482157226675,1,1,Internal
BBY,KDP,-0.4164269344544833,62,0.0008434325136232211,1,4,External
BBY,KEY,0.4348441931492638,62,0.0004618464626647157,1,1,Internal
BBY,KEYS,0.5745929588171903,62,1.2825688061049568e-06,1,1,Internal
BBY,L,-0.5415686471872635,62,6.572853113788792e-06,1,4,External
BBY,LNT,-0.43402480139691857,62,0.0004747346282931969,1,4,External
BBY,MAS,0.40304089416681826,62,0.0012796351474773993,1,1,Internal
BBY,MCD,-0.41595541302980543,62,0.0008561592679662777,1,4,External
BBY,MCHP,0.4181042280277746,62,0.0007995343171679904,1,1,Internal
BBY,MCK,-0.425912970617651,62,0.000621126252487989,1,4,External
BBY,MMC,-0.4728849415501331,62,0.00011888176622206758,1,4,External
BBY,MOH,-0.41077642799046077,62,0.0010078082816775138,1,4,External
BBY,MPC,0.4393888133379901,62,0.00039596120355346164,1,1,Internal
BBY,MPWR,0.5017444403234506,62,3.79754640410163e-05,1,1,Internal
BBY,MU,0.4555802788906021,62,0.00022479060553786927,1,1,Internal
BBY,NCLH,0.4616782493436229,62,0.00018028596212653358,1,1,Internal
BBY,NKE,0.515514972184726,62,2.1225252309640345e-05,1,1,Internal
BBY,NTAP,0.4484778393892126,62,0.000289159634925004,1,1,Internal
BBY,NXPI,0.4461480351890021,62,0.00031368549854725065,1,1,Internal
BBY,ON,0.4617270605010231,62,0.00017996484655041122,1,1,Internal
BBY,PGR,-0.5730529178748361,62,1.3896497895586145e-06,1,4,External
BBY,PH,0.4121291514038875,62,0.0009660236584068944,1,1,Internal
BBY,PM,-0.4055492288054417,62,0.001185024563354622,1,4,External
BBY,PNC,0.4028521194451646,62,0.001287023018821179,1,1,Internal
BBY,PYPL,0.42065028733879883,62,0.000736836809973097,1,1,Internal
BBY,RF,0.4141008233295542,62,0.0009079164080077879,1,1,Internal
BBY,RL,0.6654106182466093,62,4.909295231345083e-09,1,1,Internal
BBY,ROL,-0.40120536430864356,62,0.0013531148752502738,1,4,External
BBY,RSG,-0.42132932622476055,62,0.0007208844022500722,1,4,External
BBY,SBAC,-0.41080459165453603,62,0.0010069219738590215,1,4,External
BBY,STX,0.40109519597835924,62,0.001357643392663818,1,1,Internal
BBY,SWK,0.4713173349816469,62,0.00012612162085240685,1,1,Internal
BBY,SWKS,0.5069611386518231,62,3.0554208918874075e-05,1,1,Internal
BBY,SYF,0.56656274003798,62,1.939727374727132e-06,1,1,Internal
BBY,TEL,0.41469921561884415,62,0.0008909161383997867,1,1,Internal
BBY,TER,0.48419064273760604,62,7.695262950865281e-05,1,1,Internal
BBY,TGT,0.6934194572502808,62,5.860212235749326e-10,1,1,Internal
BBY,TPR,0.5918433614525436,62,5.076514049571768e-07,1,1,Internal
BBY,UPS,0.5506555602553127,62,4.265809378823899e-06,1,1,Internal
BBY,USB,0.42060666849269934,62,0.0007378723656512718,1,1,Internal
BBY,VZ,-0.4230003213643879,62,0.0006829506493223197,1,4,External
BBY,WRB,-0.5211189909191895,62,1.662900447686803e-05,1,4,External
BBY,WTW,-0.4352844305896199,62,0.00045505408993440165,1,4,External
BBY,XEL,-0.4522947255817536,62,0.00025273412774433807,1,4,External
BBY,YUM,-0.45050739770704873,62,0.0002692344579757929,1,4,External
BBY,ZBRA,0.5626940287767596,62,2.358410276095649e-06,1,1,Internal
BDX,BR,0.6525240690270483,62,1.2122166406998952e-08,5,4,External
BDX,CARR,-0.7157981517930009,62,8.955530872911812e-11,5,12,External
BDX,CEG,-0.40178117609516223,62,0.0013296660042249231,5,12,External
BDX,CHD,0.6463676094824963,62,1.839051729214005e-08,5,5,Internal
BDX,EG,0.5264763418174965,62,1.311526436356646e-05,5,4,External
BDX,FTV,0.46798927402317836,62,0.00014285221562348446,5,1,External
BDX,GILD,0.43804241964028895,62,0.00041452755896901965,5,5,Internal
BDX,GL,0.4749875351902531,62,0.00010976992931541428,5,4,External
BDX,HUBB,0.48644631664546545,62,7.042704759250086e-05,5,1,External
BDX,HWM,-0.475658387862669,62,0.0001070006410071164,5,12,External
BDX,IDXX,-0.5383869484547057,62,7.624479590644612e-06,5,12,External
BDX,IQV,0.42877973174601214,62,0.0005652735190191007,5,5,Internal
BDX,JCI,-0.5000688158580042,62,4.069209776172972e-05,5,12,External
BDX,KIM,-0.4605667906992792,62,0.00018774146116466717,5,1,External
BDX,LLY,0.5350637106416912,62,8.888689877200422e-06,5,5,Internal
BDX,MSFT,-0.7986213465511779,62,1.251685858812573e-14,5,12,External
BDX,PWR,-0.6674880067847871,62,4.2260524482797425e-09,5,12,External
BDX,QCOM,0.6291659927663534,62,5.615723130823188e-08,5,1,External
BDX,TMO,0.4182363632593381,62,0.0007961654289291195,5,5,Internal
BDX,VLTO,0.4610119234247372,62,0.00018472233326773138,5,5,Internal
BDX,VTR,0.6258666108736594,62,6.902878685429465e-08,5,4,External
BEN,CAT,0.4296003221894395,62,0.0005501471152768205,1,1,Internal
BEN,CCL,0.4529908025775658,62,0.00024656196146852964,1,1,Internal
BEN,DOV,0.43244357749952744,62,0.0005005334201849753,1,1,Internal
BEN,EXPD,0.40139241081933935,62,0.0013454573232745553,1,1,Internal
BEN,FDX,0.47655021849243284,62,0.00010341853973251215,1,1,Internal
BEN,GS,0.41804244436703336,62,0.0008011139553881049,1,1,Internal
BEN,IEX,0.46556500359116226,62,0.0001562951922321237,1,1,Internal
BEN,IP,0.5272424742180579,62,1.2673347587427398e-05,1,1,Internal
BEN,IVZ,0.49812086819359513,62,4.407550735342051e-05,1,1,Internal
BEN,MGM,0.4559958797350147,62,0.00022146483461606145,1,1,Internal
BEN,MSI,-0.6035874547995052,62,2.617287060867882e-07,1,12,External
BEN,NCLH,0.5443506376585674,62,5.765728981399886e-06,1,1,Internal
BEN,NKE,0.4392880232756402,62,0.00039732440389737063,1,1,Internal
BEN,PFG,0.5490664645946322,62,4.605031090774675e-06,1,1,Internal
BEN,PHM,0.43237914889516393,62,0.0005016111155858774,1,1,Internal
BEN,PNR,0.4605330815357475,62,0.00018797192468981058,1,1,Internal
BEN,RCL,0.45239360101934994,62,0.00025184887650821875,1,1,Internal
BEN,RL,0.4778484032979935,62,9.840099493830619e-05,1,1,Internal
BEN,SW,0.500366858167956,62,4.019612747221657e-05,1,1,Internal
BEN,SWK,0.45104572588287845,62,0.0002641640684001705,1,1,Internal
BEN,TPR,0.5171775531324777,62,1.975168098831647e-05,1,1,Internal
BEN,TRMB,0.47121039837623174,62,0.0001266299499793711,1,1,Internal
BEN,TROW,0.6254048125279726,62,7.103808134668253e-08,1,1,Internal
BEN,TTWO,-0.4323647472258239,62,0.0005018522998610169,1,12,External
BEN,WYNN,0.5082587146784714,62,2.8929588300917476e-05,1,1,Internal
BF-B,STZ,0.5155368261315745,62,2.12052388225917e-05,5,5,Internal
BF-B,TSLA,0.42785095701656195,62,0.0005828485806967061,5,5,Internal
BG,CF,0.5946098512758525,62,4.3533046392781814e-07,2,2,Internal
BG,SLB,0.4242152742012798,62,0.0006565145867132779,2,2,Internal
BG,XOM,0.44602486167277644,62,0.00031503345710441334,2,2,Internal
BIIB,BMY,0.6714184443010968,62,3.1723175579195406e-09,5,5,Internal
BIIB,CEG,-0.4929989163160589,62,5.425087032128161e-05,5,12,External
BIIB,CHD,0.43277930136660514,62,0.0004949517261080112,5,5,Internal
BIIB,CPB,0.5490023334475373,62,4.619235484145305e-06,5,5,Internal
BIIB,DHR,0.5489477736947149,62,4.6313520779665645e-06,5,5,Internal
BIIB,EXR,0.4448676744763493,62,0.0003279575608871701,5,4,External
BIIB,FTNT,-0.4206407083202815,62,0.0007370641128577206,5,12,External
BIIB,GILD,0.639753157259791,62,2.8482988567131198e-08,5,5,Internal
BIIB,GIS,0.436025026288292,62,0.000443832098011557,5,5,Internal
BIIB,HRL,0.4308210575070769,62,0.0005283234777042864,5,5,Internal
BIIB,INCY,0.5732767423935599,62,1.3735834588536671e-06,5,5,Internal
BIIB,IQV,0.5433326974492596,62,6.049687754412452e-06,5,5,Internal
BIIB,JNJ,0.5792361454045123,62,1.004625746863655e-06,5,5,Internal
BIIB,KHC,0.5056452403843078,62,3.228766885824036e-05,5,5,Internal
BIIB,LH,0.4040596609639883,62,0.001240419007489194,5,5,Internal
BIIB,LIN,0.4045605263111734,62,0.001221538102898749,5,4,External
BIIB,MDLZ,0.44529082387383956,62,0.0003231765745267544,5,5,Internal
BIIB,MDT,0.524860855588844,62,1.409442281480534e-05,5,5,Internal
BIIB,MRK,0.5800067440751625,62,9.64363705378833e-07,5,5,Internal
BIIB,MRNA,0.4785962974457784,62,9.561296937428472e-05,5,5,Internal
BIIB,MTD,0.5559495820083555,62,3.296501959570128e-06,5,5,Internal
BIIB,PEP,0.4463613226392307,62,0.0003113638039077345,5,5,Internal
BIIB,PFE,0.6353354621351948,62,3.79286348839935e-08,5,5,Internal
BIIB,PSA,0.42274098231350016,62,0.0006887169108497098,5,4,External
BIIB,REGN,0.4950287923035833,62,4.9983628387459565e-05,5,5,Internal
BIIB,RVTY,0.4783894768741323,62,9.637660396553595e-05,5,5,Internal
BIIB,SYY,0.4586954900868783,62,0.0002009342078727001,5,4,External
BIIB,TECH,0.5126593566539396,62,2.399636167564585e-05,5,5,Internal
BIIB,TMO,0.5679494711389049,62,1.8073960152795887e-06,5,5,Internal
BIIB,VRTX,0.47099168867823465,62,0.00012767546069234796,5,5,Internal
BIIB,VTRS,0.490611515494202,62,5.969885425392896e-05,5,5,Internal
BIIB,WAT,0.6086922135760023,62,1.9460297193394016e-07,5,5,Internal
BIIB,ZTS,0.49549081030654957,62,4.905669295453722e-05,5,5,Internal
BK,EQT,0.53547281014276,62,8.723159294408543e-06,2,2,Internal
BK,KMI,0.422923878817209,62,0.0006846457472623178,2,4,External
BK,MET,0.402448803219987,62,0.001302935807937575,2,1,External
BK,NDAQ,0.4010309403312438,62,0.0013602909322978655,2,4,External
BK,SCHW,0.5951786653048576,62,4.2171383432554993e-07,2,2,Internal
BK,STT,0.47582101268398536,62,0.00010633906437253512,2,1,External
BKNG,CSGP,-0.40635621038365877,62,0.0011559534462241572,5,1,External
BKNG,TT,0.4759571694373625,62,0.00010578805655383903,5,5,Internal
BKNG,VMC,0.40831082341315594,62,0.0010881823468956808,5,5,Internal
BKNG,XOM,-0.4107039011728675,62,0.0010100939328103694,5,2,External
BKR,CF,0.46115829258401203,62,0.00018373933373033757,2,2,Internal
BKR,COP,0.5971597094916143,62,3.773490939318431e-07,2,2,Internal
BKR,CVX,0.5997348892699312,62,3.262145153447875e-07,2,2,Internal
BKR,DVN,0.5706245161079327,62,1.5756515735652037e-06,2,2,Internal
BKR,EOG,0.5828382795351961,62,8.290430415453321e-07,2,2,Internal
BKR,EQT,0.4385572682580949,62,0.00040733641584845626,2,2,Internal
BKR,FANG,0.7002622969710532,62,3.3603608893644474e-10,2,2,Internal
BKR,GD,0.4446488106306507,62,0.0003304556262847965,2,2,Internal
BKR,HAL,0.6306048531750122,62,5.128500822666338e-08,2,2,Internal
BKR,OKE,0.5321171182188669,62,1.017012856323207e-05,2,2,Internal
BKR,OXY,0.491685137541916,62,5.718929950194081e-05,2,2,Internal
BKR,SLB,0.6630802063198956,62,5.799940122821441e-09,2,2,Internal
BKR,TDY,0.575244514579892,62,1.2396346605179976e-06,2,2,Internal
BKR,TPL,0.4854676335079602,62,7.319304223460571e-05,2,2,Internal
BKR,TRGP,0.46821727642634353,62,0.00014164410093646124,2,2,Internal
BKR,VLO,0.4452371752900682,62,0.0003237791896197915,2,1,External
BKR,XOM,0.6269243307402098,62,6.46267531682384e-08,2,2,Internal
BLDR,BSX,-0.4930328836227184,62,5.417677989961991e-05,1,4,External
BLDR,CAH,-0.4179394484199054,62,0.0008037535507549299,1,4,External
BLDR,CAT,0.4000450351330838,62,0.001401499204151123,1,1,Internal
BLDR,CME,-0.4988052243625789,62,4.2858298944510655e-05,1,4,External
BLDR,CMI,0.5032553055957287,62,3.56707090107591e-05,1,1,Internal
BLDR,CSX,0.44414157836393425,62,0.0003363118781462582,1,1,Internal
BLDR,CVS,-0.41314022180455046,62,0.0009358201074675835,1,16,External
BLDR,DAL,0.41363622057606536,62,0.0009213170782281105,1,1,Internal
BLDR,DHI,0.7561642014568293,62,1.8404386450719804e-12,1,1,Internal
BLDR,DOV,0.4164665304186221,62,0.0008423716042126088,1,1,Internal
BLDR,EXPD,0.5598940586291845,62,2.712591708208286e-06,1,1,Internal
BLDR,FDX,0.5431638744890155,62,6.0980230126066636e-06,1,1,Internal
BLDR,GNRC,0.5929936242557404,62,4.763094267180291e-07,1,1,Internal
BLDR,HAS,0.4207877287492373,62,0.0007335824045485689,1,1,Internal
BLDR,HD,0.5748227342272024,62,1.267271272822418e-06,1,1,Internal
BLDR,HST,0.41422912007847607,62,0.000904247042206722,1,1,Internal
BLDR,HUBB,0.4740498098931035,62,0.00011375131908431286,1,1,Internal
BLDR,HWM,-0.43990035814265416,62,0.0003891078804082074,1,12,External
BLDR,ICE,-0.4809038991254759,62,8.746202558890145e-05,1,4,External
BLDR,IP,0.426194930524737,62,0.0006154191631044906,1,1,Internal
BLDR,IR,0.4152153126918472,62,0.0008764852905993676,1,1,Internal
BLDR,JBHT,0.5929115001794737,62,4.784854371540804e-07,1,1,Internal
BLDR,LEN,0.7728945346302287,62,2.9291107181767884e-13,1,1,Internal
BLDR,LOW,0.5848629195387809,62,7.434360691262395e-07,1,1,Internal
BLDR,MAS,0.6283392989211861,62,5.915079616220025e-08,1,1,Internal
BLDR,MGM,0.43559576800739147,62,0.0004503054513095532,1,1,Internal
BLDR,MHK,0.7011997238832709,62,3.1100784026670964e-10,1,1,Internal
BLDR,MTB,0.42905222327747927,62,0.0005602092004507721,1,1,Internal
BLDR,NCLH,0.43766399744239765,62,0.00041988659789083706,1,1,Internal
BLDR,NKE,0.44665819761239384,62,0.0003081583169685761,1,1,Internal
BLDR,NSC,0.4478297812231042,62,0.0002957998162559594,1,1,Internal
BLDR,NVR,0.7559883513692798,62,1.8748657328876636e-12,1,1,Internal
BLDR,ODFL,0.4646716846359011,62,0.00016153438102406995,1,1,Internal
BLDR,ON,0.4224272746581864,62,0.0006957509157894397,1,1,Internal
BLDR,PCAR,0.6048742497373077,62,2.4300816260863977e-07,1,1,Internal
BLDR,PHM,0.7254361133188281,62,3.770307167179784e-11,1,1,Internal
BLDR,PKG,0.46853340575098984,62,0.00013998453195436414,1,1,Internal
BLDR,PM,-0.4676586931714016,62,0.00014462065476267413,1,4,External
BLDR,PNC,0.4116807086761961,62,0.000979699239183631,1,1,Internal
BLDR,PNR,0.45987158085390445,62,0.00019254722189355174,1,1,Internal
BLDR,POOL,0.480730834080326,62,8.805039908953835e-05,1,1,Internal
BLDR,RF,0.4273639148714046,62,0.000592261519055568,1,1,Internal
BLDR,RL,0.4488415082665413,62,0.00028549324243969603,1,1,Internal
BLDR,SCHW,-0.42654711158439795,62,0.0006083575163099644,1,2,External
BLDR,SW,0.5711638248907996,62,1.5324352247423892e-06,1,1,Internal
BLDR,SWK,0.6476619712354115,62,1.686071413725654e-08,1,1,Internal
BLDR,TGT,0.543945675260599,62,5.877173163780269e-06,1,1,Internal
BLDR,TROW,0.5705728764816204,62,1.5798489118366436e-06,1,1,Internal
BLDR,UPS,0.5815425804122252,62,8.885900205455966e-07,1,1,Internal
BLDR,WY,0.4331840805555094,62,0.0004882971305477251,1,1,Internal
BLK,C,0.5236000061707115,62,1.4905349766374775e-05,1,1,Internal
BLK,CFG,0.44628437161814793,62,0.0003121996246103079,1,1,Internal
BLK,GS,0.4908386595868144,62,5.915959320489143e-05,1,1,Internal
BLK,HBAN,0.42900573978245143,62,0.000561070184526965,1,1,Internal
BLK,ITW,0.5269412731932761,62,1.2845407760611058e-05,1,1,Internal
BLK,IVZ,0.44686943157919595,62,0.0003058958899920415,1,1,Internal
BLK,JPM,0.40406759020807487,62,0.0012401180686965737,1,1,Internal
BLK,MET,0.4027257226739046,62,0.0012919910842993352,1,1,Internal
BLK,MS,0.5605779777432167,62,2.6217612740752758e-06,1,1,Internal
BLK,MTB,0.4072436625338857,62,0.0011247260274297977,1,1,Internal
BLK,PRU,0.4117299550798688,62,0.0009781889467610138,1,1,Internal
BLK,RF,0.42915981476727283,62,0.0005582209480264812,1,1,Internal
BLK,RJF,0.43256898228027885,62,0.0004984418054442491,1,1,Internal
BLK,STT,0.4398653524951959,62,0.0003895733977057974,1,1,Internal
BLK,TFC,0.4102310636529831,62,0.001025110120902761,1,1,Internal
BLK,USB,0.481763215553443,62,8.459379991579091e-05,1,1,Internal
BMY,CMG,-0.40268225522434614,62,0.0012937035663510255,5,6,External
BMY,CPB,0.41318054311738817,62,0.0009346334628853774,5,5,Internal
BMY,DHR,0.6224102377332803,62,8.546823345999643e-08,5,5,Internal
BMY,DOC,0.42603184918663267,62,0.0006187142344782689,5,4,External
BMY,ECL,0.40627189058258206,62,0.001158960696361812,5,4,External
BMY,ESS,0.43122152740055175,62,0.0005213371607677302,5,4,External
BMY,GILD,0.6066742130646544,62,2.1892613007970284e-07,5,5,Internal
BMY,INCY,0.42524233003564305,62,0.0006348937492716211,5,5,Internal
BMY,IQV,0.6011796074781368,62,3.0045610121010067e-07,5,5,Internal
BMY,JNJ,0.5149284598055114,62,2.1768957528306643e-05,5,5,Internal
BMY,LH,0.5046410297074195,62,3.3671272256333916e-05,5,5,Internal
BMY,MDT,0.5002730946429623,62,4.035155309584992e-05,5,5,Internal
BMY,MRK,0.6884405175289707,62,8.699892872407663e-10,5,5,Internal
BMY,MRNA,0.5397159357082206,62,7.167484506683818e-06,5,5,Internal
BMY,MTD,0.5474552781724237,62,4.974532453037484e-06,5,5,Internal
BMY,NVDA,-0.4681901939037636,62,0.00014178711075624192,5,1,External
BMY,PFE,0.7666809941223792,62,5.900533304195795e-13,5,5,Internal
BMY,RVTY,0.5194019851510044,62,1.79282710916463e-05,5,5,Internal
BMY,STE,0.454033216256824,62,0.00023757602701965423,5,5,Internal
BMY,TECH,0.6127366084069827,62,1.5330695128021236e-07,5,5,Internal
BMY,TMO,0.6534592986489649,62,1.1368971061673185e-08,5,5,Internal
BMY,VRTX,0.5495515875354544,62,4.4988938900564165e-06,5,5,Internal
BMY,VTRS,0.5418433663006654,62,6.488699939876992e-06,5,5,Internal
BMY,WAT,0.6165103683791116,62,1.2234524227901163e-07,5,5,Internal
BMY,WY,0.42346682299120036,62,0.0006726881663042428,5,1,External
BMY,ZTS,0.536510940543881,62,8.315897002341092e-06,5,5,Internal
BR,BRO,0.47407957843371523,62,0.00011362291575433154,4,4,Internal
BR,CARR,-0.4927937966398192,62,5.470027365485365e-05,4,12,External
BR,CB,0.5415812517617538,62,6.568969873912418e-06,4,4,Internal
BR,CBOE,0.416108196025977,62,0.0008520166581399667,4,4,Internal
BR,CCI,0.46251036539412216,62,0.00017488282506186693,4,4,Internal
BR,CHD,0.582021675060948,62,8.661196284528491e-07,4,5,External
BR,CI,0.4658460013035903,62,0.00015467967477577244,4,4,Internal
BR,CINF,0.451865209212342,62,0.00025661276001726844,4,4,Internal
BR,CL,0.43151547475396557,62,0.0005162626489239641,4,4,Internal
BR,CMS,0.5046916123880688,62,3.360028792727679e-05,4,4,Internal
BR,CNP,0.4646409753927134,62,0.00016171731509155565,4,4,Internal
BR,CTAS,0.641897874380287,62,2.4744630660286973e-08,4,4,Internal
BR,D,0.41663838883777604,62,0.0008377808960212635,4,4,Internal
BR,DPZ,0.4669038311093936,62,0.00014873430761140806,4,4,Internal
BR,DTE,0.5175831975987302,62,1.9406847082623128e-05,4,4,Internal
BR,DUK,0.5030196259091624,62,3.6021497635458455e-05,4,4,Internal
BR,ED,0.432322448704061,62,0.000502561280797426,4,4,Internal
BR,EG,0.6522723867217268,62,1.2332781334618134e-08,4,4,Internal
BR,ES,0.46973299963326487,62,0.0001338480449250672,4,4,Internal
BR,EVRG,0.4338989614000257,62,0.0004767426504387437,4,4,Internal
BR,EXC,0.45880105257923226,62,0.0002001679837732121,4,4,Internal
BR,FE,0.42160064603355546,62,0.0007145982607440102,4,4,Internal
BR,GL,0.7486505061393511,62,4.007885504924832e-12,4,4,Internal
BR,HIG,0.5728302777296089,62,1.4058055583596265e-06,4,4,Internal
BR,KDP,0.4067438227167326,62,0.0011422194962362642,4,4,Internal
BR,KO,0.5392020185783514,62,7.341090972729604e-06,4,4,Internal
BR,L,0.528956270136143,62,1.173442123303925e-05,4,4,Internal
BR,LIN,0.5373507044549511,62,7.999479544609984e-06,4,4,Internal
BR,LNT,0.5175521848355789,62,1.9433012245162148e-05,4,4,Internal
BR,MA,0.4241740014361991,62,0.0006573972061221726,4,4,Internal
BR,MCD,0.5159631087376637,62,2.0818338299443403e-05,4,4,Internal
BR,MCK,0.4453465718223876,62,0.0003225514614701363,4,4,Internal
BR,MCO,0.5206050355391767,62,1.700844655370766e-05,4,4,Internal
BR,META,-0.4658330129903343,62,0.00015475400868922637,4,1,External
BR,MMC,0.4731183189158595,62,0.00011783718560886128,4,4,Internal
BR,MNST,0.40257238896064307,62,0.0012980410558878568,4,4,Internal
BR,MSFT,-0.553213706161033,62,3.7683046382140686e-06,4,12,External
BR,NI,0.4614272878619019,62,0.0001819452705359514,4,4,Internal
BR,O,0.48821769550156974,62,6.566423477818543e-05,4,4,Internal
BR,ORLY,0.4342803410546246,62,0.0004706806237009765,4,4,Internal
BR,PAYX,0.4757877165690045,62,0.00010647420998535094,4,4,Internal
BR,PEG,0.45583871069319587,62,0.00022271722493878604,4,4,Internal
BR,PG,0.40812452916737935,62,0.0010944836668336253,4,4,Internal
BR,PGR,0.5191763680980266,62,1.810583023963889e-05,4,4,Internal
BR,PM,0.4435702476933106,62,0.00034302133443066686,4,4,Internal
BR,PNW,0.5724044423504024,62,1.4371971420690361e-06,4,4,Internal
BR,PPL,0.5343935397933027,62,9.166185430806337e-06,4,4,Internal
BR,PSA,0.4561506378720623,62,0.00022023795067507043,4,4,Internal
BR,PWR,-0.4779007207246285,62,9.8203558863299e-05,4,12,External
BR,ROL,0.5855713632093723,62,7.154929114162197e-07,4,4,Internal
BR,ROP,0.5177574141847407,62,1.9260468618845692e-05,4,4,Internal
BR,RSG,0.5395187513098139,62,7.233638269171771e-06,4,4,Internal
BR,SBAC,0.5093829537085398,62,2.7587044411375455e-05,4,4,Internal
BR,SO,0.4645702330834857,62,0.0001621394476563158,4,4,Internal
BR,SPGI,0.4884921714913399,62,6.495338463899685e-05,4,4,Internal
BR,SYY,0.5151114591553395,62,2.159794433161439e-05,4,4,Internal
BR,T,0.43507717487814024,62,0.00045824042141373513,4,4,Internal
BR,TRV,0.5903925704196388,62,5.499462703618106e-07,4,4,Internal
BR,V,0.4644332535913414,62,0.00016295970196947315,4,4,Internal
BR,VICI,0.4914053271505176,62,5.783379659162425e-05,4,4,Internal
BR,VLTO,0.5071932363089268,62,3.0257549033958798e-05,4,5,External
BR,VRSK,0.5578658480036525,62,2.9995486580457977e-06,4,4,Internal
BR,VTR,0.7853105900353173,62,6.749648904087938e-14,4,4,Internal
BR,VZ,0.551415231110311,62,4.112017048325453e-06,4,4,Internal
BR,WEC,0.48512786972479083,62,7.417646165127125e-05,4,4,Internal
BR,WELL,0.5771904555928437,62,1.1192846675911976e-06,4,4,Internal
BR,WM,0.5005960598958926,62,3.981852129894109e-05,4,4,Internal
BR,WRB,0.48242721736895083,62,8.243706752775151e-05,4,4,Internal
BR,WTW,0.42622918495262635,62,0.0006147290742384052,4,4,Internal
BR,XEL,0.45325906413969624,62,0.000244220261074452,4,4,Internal
BRK-B,BRO,0.42189123170022236,62,0.0007079208072201881,4,4,Internal
BRK-B,CB,0.5240705971592519,62,1.4597747394642168e-05,4,4,Internal
BRK-B,CBOE,0.4038838970076929,62,0.0012471066701760256,4,4,Internal
BRK-B,CI,0.46953135798304835,62,0.00013486196283360542,4,4,Internal
BRK-B,CINF,0.4480262779147605,62,0.00029377190944035453,4,4,Internal
BRK-B,CME,0.5291787872398352,62,1.1617371107647632e-05,4,4,Internal
BRK-B,CMI,-0.47607412967403945,62,0.00010531683095434826,4,1,External
BRK-B,CMS,0.4602499386881844,62,0.00018991797051657038,4,4,Internal
BRK-B,CNC,0.4047698524466309,62,0.0012137241339393162,4,4,Internal
BRK-B,CNP,0.5317250901167039,62,1.035301365541091e-05,4,4,Internal
BRK-B,COR,0.5043618295049779,62,3.4065585507086594e-05,4,4,Internal
BRK-B,CTAS,0.5141396580980754,62,2.252055927848521e-05,4,4,Internal
BRK-B,D,0.42644155198785594,62,0.0006104663634626191,4,4,Internal
BRK-B,DTE,0.5289587823338819,62,1.1733093651468146e-05,4,4,Internal
BRK-B,DUK,0.5670979361014297,62,1.8876163210772225e-06,4,4,Internal
BRK-B,ED,0.5447297859019806,62,5.663177121340185e-06,4,4,Internal
BRK-B,EG,0.4662261136385546,62,0.00015251868248091502,4,4,Internal
BRK-B,ETR,0.505681456053408,62,3.223876792514435e-05,4,4,Internal
BRK-B,EVRG,0.49568871739445475,62,4.866451346613772e-05,4,4,Internal
BRK-B,EXC,0.6405715721648212,62,2.699754676932863e-08,4,4,Internal
BRK-B,FE,0.49324750831071024,62,5.371078931585098e-05,4,4,Internal
BRK-B,GL,0.45911662450934115,62,0.0001978933240713089,4,4,Internal
BRK-B,GNRC,-0.4807117056002685,62,8.811565368326659e-05,4,1,External
BRK-B,HIG,0.5399588446906695,62,7.086765143816637e-06,4,4,Internal
BRK-B,KDP,0.4584705283435031,62,0.00020257605182422316,4,4,Internal
BRK-B,KO,0.520523464417825,62,1.706940241440309e-05,4,4,Internal
BRK-B,KR,0.403009165191759,62,0.0012808742176738746,4,4,Internal
BRK-B,L,0.6450977492637411,62,2.0018190406000595e-08,4,4,Internal
BRK-B,LNT,0.5218892226406318,62,1.6075046210664226e-05,4,4,Internal
BRK-B,MAA,0.44316809986035666,62,0.0003478168754971595,4,4,Internal
BRK-B,MCD,0.43707715556261534,62,0.0004283219116297297,4,4,Internal
BRK-B,MCK,0.5187718416551274,62,1.8428281330617172e-05,4,4,Internal
BRK-B,META,-0.42129738728954647,62,0.0007216276700213655,4,1,External
BRK-B,MPWR,-0.43879652982805384,62,0.00040403332091274477,4,1,External
BRK-B,NI,0.5154356693018435,62,2.1298023762035642e-05,4,4,Internal
BRK-B,PEG,0.4780414768105203,62,9.767417895324093e-05,4,4,Internal
BRK-B,PG,0.42335583580970154,62,0.0006751170114107592,4,4,Internal
BRK-B,PGR,0.5364224529609551,62,8.349908453300739e-06,4,4,Internal
BRK-B,PM,0.4221757696316848,62,0.0007014371017279906,4,4,Internal
BRK-B,PNW,0.5499680298096875,62,4.409607919145156e-06,4,4,Internal
BRK-B,PPL,0.5508228187459039,62,4.231494848622728e-06,4,4,Internal
BRK-B,RL,-0.510073190019746,62,2.6791608904831445e-05,4,1,External
BRK-B,ROL,0.5045638908072158,62,3.3779790932282345e-05,4,4,Internal
BRK-B,RSG,0.4745049426195974,62,0.0001118026399075464,4,4,Internal
BRK-B,SBAC,0.4451533671419913,62,0.00032472262645957177,4,4,Internal
BRK-B,SO,0.5282776336424809,62,1.2098207703741854e-05,4,4,Internal
BRK-B,SWK,-0.430150358711709,62,0.0005402145847690229,4,1,External
BRK-B,SWKS,-0.4265573725024418,62,0.0006081528784299974,4,1,External
BRK-B,T,0.47216604365013515,62,0.00012215318225524546,4,4,Internal
BRK-B,TRV,0.5088707423170079,62,2.819139649982368e-05,4,4,Internal
BRK-B,TSN,0.6463068961462728,62,1.8465401758057423e-08,4,4,Internal
BRK-B,VRSK,0.4587418265110986,62,0.00020059754561211832,4,4,Internal
BRK-B,VTR,0.4041679355119107,62,0.0012363153313580235,4,4,Internal
BRK-B,VZ,0.4940826525830917,62,5.1932510286428445e-05,4,4,Internal
BRK-B,WEC,0.5283922852198949,62,1.203602135686382e-05,4,4,Internal
BRK-B,WELL,0.43905121847809214,62,0.0004005440447293879,4,4,Internal
BRK-B,WM,0.43156479319299024,62,0.0005154156548437738,4,4,Internal
BRK-B,WRB,0.5814483220019551,62,8.930747692404939e-07,4,4,Internal
BRK-B,WTW,0.439538601063103,62,0.00039394316476573307,4,4,Internal
BRK-B,XEL,0.5097112633853704,62,2.7206008861876487e-05,4,4,Internal
BRK-B,YUM,0.46914911714880914,62,0.0001368033579017976,4,4,Internal
BRK-B,ZBH,0.5598527447054725,62,2.718171667316751e-06,4,5,External
BRO,CAH,0.4282241422384514,62,0.000575728154400744,4,4,Internal
BRO,CB,0.6677038511055358,62,4.1604757772319835e-09,4,4,Internal
BRO,CBOE,0.4249969294143443,62,0.0006400002485572995,4,4,Internal
BRO,CI,0.540221620015729,62,7.000398016088415e-06,4,4,Internal
BRO,CINF,0.5174568690180036,62,1.9513634221242582e-05,4,4,Internal
BRO,CME,0.4885673125363444,62,6.47600216002416e-05,4,4,Internal
BRO,CMS,0.5168314190265146,62,2.005041003582744e-05,4,4,Internal
BRO,CNC,0.4639142862593062,62,0.00016610197423068925,4,4,Internal
BRO,CNP,0.532759630758886,62,9.87687492318182e-06,4,4,Internal
BRO,COR,0.427897407068784,62,0.0005819579768807666,4,4,Internal
BRO,COST,0.4302340012570921,62,0.0005387185103808259,4,4,Internal
BRO,CPT,0.4051790198218408,62,0.0011985800057172874,4,4,Internal
BRO,CTAS,0.7043850356776158,62,2.385503691490791e-10,4,4,Internal
BRO,D,0.5276571966552238,62,1.2439941406739387e-05,4,4,Internal
BRO,DTE,0.5539940087257941,62,3.6276867098833736e-06,4,4,Internal
BRO,DUK,0.5407617422347556,62,6.825944327643985e-06,4,4,Internal
BRO,EA,0.48253541995914995,62,8.209045140188102e-05,4,4,Internal
BRO,ED,0.5281938383310107,62,1.2143846532782809e-05,4,4,Internal
BRO,EG,0.520419598582121,62,1.714731194003949e-05,4,4,Internal
BRO,ELV,0.4745313874821034,62,0.0001116903629730601,4,4,Internal
BRO,ES,0.45593369888437096,62,0.00022195954640380787,4,4,Internal
BRO,ETR,0.6315541664604186,62,4.8291947177291294e-08,4,4,Internal
BRO,EVRG,0.4469173580679166,62,0.0003053846852514632,4,4,Internal
BRO,EXC,0.5439626321901759,62,5.872466686851611e-06,4,4,Internal
BRO,FE,0.4874622989470473,62,6.765778530543211e-05,4,4,Internal
BRO,GE,0.4292027786545733,62,0.0005574287809225134,4,4,Internal
BRO,GL,0.5550349855799231,62,3.4477114392750538e-06,4,4,Internal
BRO,GRMN,-0.4163807288503357,62,0.0008446720436784891,4,1,External
BRO,HCA,0.4510568378975634,62,0.00026406033155827616,4,4,Internal
BRO,HIG,0.6598333897797324,62,7.298695522545012e-09,4,4,Internal
BRO,ICE,0.4759453679864232,62,0.00010583571134506231,4,4,Internal
BRO,INVH,0.4338051388462209,62,0.0004782447900671019,4,4,Internal
BRO,JKHY,0.4019832331588214,62,0.0013215245782977085,4,4,Internal
BRO,KDP,0.4477530854646403,62,0.0002965947994069984,4,4,Internal
BRO,KMB,0.4446161562504011,62,0.0003308298196825591,4,4,Internal
BRO,KO,0.47582592952030706,62,0.00010631912078848292,4,4,Internal
BRO,KR,0.4586419618250756,62,0.00020132376676841812,4,4,Internal
BRO,L,0.6506273779724219,62,1.3797010010234702e-08,4,4,Internal
BRO,LMT,0.40473643531403997,62,0.001214968542889768,4,2,External
BRO,LNT,0.48284026157032595,62,8.112112310454191e-05,4,4,Internal
BRO,MAA,0.5150732863137534,62,2.1633513775764054e-05,4,4,Internal
BRO,MCD,0.6413344361763692,62,2.5679098295935232e-08,4,4,Internal
BRO,MCK,0.46585406886723235,62,0.0001546335194749986,4,4,Internal
BRO,META,-0.4147600948253716,62,0.0008892027757869406,4,1,External
BRO,MMC,0.6853416976244254,62,1.1081796504470953e-09,4,4,Internal
BRO,MO,0.4392747144629697,62,0.00039750472639501876,4,4,Internal
BRO,MOH,0.4349674754557091,62,0.00045993512546093295,4,4,Internal
BRO,MPWR,-0.5363429025052199,62,8.380595273861102e-06,4,1,External
BRO,NEM,0.41119700913120916,62,0.0009946455406417358,4,4,Internal
BRO,NI,0.5160029109400571,62,2.0782549355692286e-05,4,4,Internal
BRO,O,0.4286972317755535,62,0.0005668149696038317,4,4,Internal
BRO,ORLY,0.4185832968932853,62,0.000787381082664753,4,4,Internal
BRO,OTIS,0.40062176084206613,62,0.001377259550324759,4,4,Internal
BRO,PAYX,0.4549504200122915,62,0.00022991805053969706,4,4,Internal
BRO,PEG,0.43606267387066266,62,0.0004432684154061952,4,4,Internal
BRO,PG,0.45210694219395103,62,0.00025442321887189737,4,4,Internal
BRO,PGR,0.6248326634210678,62,7.360404697231802e-08,4,4,Internal
BRO,PM,0.49659630896515294,62,4.69028016516787e-05,4,4,Internal
BRO,PNW,0.533254441570597,62,9.65641721806584e-06,4,4,Internal
BRO,PPL,0.6721771111898021,62,2.9999740785732474e-09,4,4,Internal
BRO,PSA,0.4239021380606065,62,0.000663237920076426,4,4,Internal
BRO,ROL,0.6238505680524268,62,7.821343502583165e-08,4,4,Internal
BRO,ROP,0.4654629424530915,62,0.00015688578297310462,4,4,Internal
BRO,RSG,0.6058163547093859,62,2.3010894758834335e-07,4,4,Internal
BRO,SO,0.5445582070369582,62,5.709373241237109e-06,4,4,Internal
BRO,SRE,0.479796469751677,62,9.129037681703561e-05,4,4,Internal
BRO,SYY,0.5298676715830754,62,1.1261844083624393e-05,4,4,Internal
BRO,T,0.5225075365118289,62,1.5642797756066837e-05,4,4,Internal
BRO,TMUS,0.4396071158845608,62,0.00039302321182549876,4,4,Internal
BRO,TRV,0.6756022339459521,62,2.3265355325025765e-09,4,4,Internal
BRO,UHS,0.4935449750463783,62,5.307104712099562e-05,4,4,Internal
BRO,VRSK,0.5425530659648992,62,6.2759250199404655e-06,4,4,Internal
BRO,VTR,0.4911950357934845,62,5.832257044134406e-05,4,4,Internal
BRO,VZ,0.5016255993975858,62,3.816246845042036e-05,4,4,Internal
BRO,WEC,0.591507690581309,62,5.1715643005263e-07,4,4,Internal
BRO,WELL,0.5357429060603532,62,8.615449787838781e-06,4,4,Internal
BRO,WM,0.6149990246196394,62,1.3396124474653445e-07,4,4,Internal
BRO,WRB,0.7088479671592972,62,1.6353609337250153e-10,4,4,Internal
BRO,WTW,0.7010954605784582,62,3.137013779162998e-10,4,4,Internal
BRO,XEL,0.4922097019948253,62,5.599887163278944e-05,4,4,Internal
BRO,YUM,0.4891468350132977,62,6.32864492022773e-05,4,4,Internal
BRO,ZBRA,-0.5347402333076464,62,9.021640236058671e-06,4,1,External
BSX,CME,0.4313677374744152,62,0.0005188074546260755,4,4,Internal
BSX,CSX,-0.41706000385208547,62,0.0008266142492852604,4,1,External
BSX,CTAS,0.40622987811406824,62,0.0011604616905133915,4,4,Internal
BSX,DHI,-0.44194205984040785,62,0.0003628166219998398,4,1,External
BSX,DUK,0.40684122995446514,62,0.0011387913269423006,4,4,Internal
BSX,EXPD,-0.4563382433954334,62,0.00021875899589660094,4,1,External
BSX,GE,0.4173363050945812,62,0.0008193694322620334,4,4,Internal
BSX,GNRC,-0.4150570126852593,62,0.0008808889897502944,4,1,External
BSX,HD,-0.4672553013733079,62,0.00014680578819365172,4,1,External
BSX,HST,-0.5118125704599308,62,2.4880366110047622e-05,4,1,External
BSX,HWM,0.5098526582393724,62,2.7043412668563257e-05,4,12,External
BSX,ICE,0.45486433699124545,62,0.00023062706414818732,4,4,Internal
BSX,IR,-0.46760995653377047,62,0.00014488306264073052,4,1,External
BSX,ISRG,0.4137531571380096,62,0.0009179275373079614,4,4,Internal
BSX,JBHT,-0.5304512310692686,62,1.0968615824203053e-05,4,1,External
BSX,KMI,0.4013625406938628,62,0.0013466775662163719,4,4,Internal
BSX,LEN,-0.42988201844060314,62,0.0005450397463729747,4,1,External
BSX,LOW,-0.4895629411983236,62,6.224753641805795e-05,4,1,External
BSX,MAS,-0.5566324988276695,62,3.187659800365641e-06,4,1,External
BSX,MCD,0.40337908805536127,62,0.0012664949138078293,4,4,Internal
BSX,MGM,-0.4097573468387305,62,0.0010403557474827363,4,1,External
BSX,MHK,-0.40060523371122064,62,0.0013779489062002554,4,1,External
BSX,MO,0.41664668397140925,62,0.0008375598880925382,4,4,Internal
BSX,MOS,0.42738938569690205,62,0.0005917658557947583,4,2,External
BSX,NFLX,0.4503078625686688,62,0.0002711362934260461,4,4,Internal
BSX,NVR,-0.4808147218325981,62,8.776475050265554e-05,4,1,External
BSX,PCAR,-0.41197445178226455,62,0.0009707217527803623,4,1,External
BSX,PGR,0.477986137872164,62,9.788199340588828e-05,4,4,Internal
BSX,PHM,-0.4570355432680812,62,0.00021334121664378473,4,1,External
BSX,PKG,-0.40441742186160906,62,0.0012269060883140575,4,1,External
BSX,PM,0.6347876582609279,62,3.928742004420731e-08,4,4,Internal
BSX,RTX,0.4270384725229362,62,0.0005986278568095107,4,2,External
BSX,SWK,-0.5423077640808402,62,6.348722529395308e-06,4,1,External
BSX,SYK,0.518011697661974,62,1.9048654593170797e-05,4,5,External
BSX,T,0.45844909679019885,62,0.00020273310494695385,4,4,Internal
BSX,TGT,-0.4277152368329787,62,0.0005854578794700401,4,1,External
BSX,TROW,-0.4473979801127957,62,0.0003003010791431295,4,1,External
BSX,UPS,-0.5174425777939492,62,1.952574902628474e-05,4,1,External
BXP,CBRE,0.49542274544365983,62,4.919224556865426e-05,1,1,Internal
BXP,FDX,0.4304448271364782,62,0.0005349642367485005,1,1,Internal
BXP,FRT,0.5873640227937287,62,6.491226300994701e-07,1,1,Internal
BXP,HST,0.4001916963281239,62,0.00139529900744994,1,1,Internal
BXP,KIM,0.4551911893379687,62,0.00022794554658010088,1,1,Internal
BXP,PLD,0.6340142591045267,62,4.1284203857558585e-08,1,1,Internal
BXP,SPG,0.4727593398971715,62,0.00011944746388442866,1,1,Internal
BXP,WY,0.45094705007296004,62,0.00026508689580372004,1,1,Internal
C,CCL,0.4137550036671292,62,0.0009178741039264237,1,1,Internal
C,CFG,0.7390838770611182,62,1.0386787161919357e-11,1,1,Internal
C,COF,0.6375230360120777,62,3.293235447504536e-08,1,1,Internal
C,DLTR,0.4633219155303976,62,0.0001697564890908642,1,1,Internal
C,DOV,0.5261088579170029,62,1.3332277083663553e-05,1,1,Internal
C,EMR,0.4108438865696891,62,0.0010056865410180025,1,1,Internal
C,FITB,0.6853490286554591,62,1.1075492771407502e-09,1,1,Internal
C,FOX,0.42108069243262913,62,0.00072668883094299,1,1,Internal
C,FTV,0.41467899581252465,62,0.0008914858564750253,1,1,Internal
C,GLW,0.5208076422367869,62,1.6857917082362492e-05,1,1,Internal
C,GRMN,0.511578142341786,62,2.513037666628244e-05,1,1,Internal
C,GS,0.6423180682426768,62,2.4068752026948647e-08,1,1,Internal
C,HBAN,0.7798686474191641,62,1.2993850210386855e-13,1,1,Internal
C,IEX,0.49569051936599323,62,4.866095595389892e-05,1,1,Internal
C,IVZ,0.5096104161480532,62,2.7322530154926155e-05,1,1,Internal
C,JBHT,0.40881380828323605,62,0.0010713320275709494,1,1,Internal
C,JPM,0.4673324602958043,62,0.00014638549848016872,1,1,Internal
C,KEY,0.7011767663238904,62,3.11599031734526e-10,1,1,Internal
C,KEYS,0.5286604934044903,62,1.1891705364171918e-05,1,1,Internal
C,LW,-0.5708511435201635,62,1.5573541263655868e-06,1,5,External
C,MCK,-0.41549869375299736,62,0.0008686516224888036,1,4,External
C,MET,0.5594630368702334,62,2.7713369541556487e-06,1,1,Internal
C,MOH,-0.4453197375313447,62,0.0003228522220898857,1,4,External
C,MPC,0.41394362408308133,62,0.0009124307249660852,1,1,Internal
C,MS,0.7158570656276674,62,8.909258013565169e-11,1,1,Internal
C,MTB,0.6383843817560797,62,3.114123703747122e-08,1,1,Internal
C,NCLH,0.4546376712409344,62,0.00023250354272550755,1,1,Internal
C,NSC,0.4377451225104236,62,0.000418732464156747,1,1,Internal
C,PH,0.5496404447277536,62,4.479702380442752e-06,1,1,Internal
C,PNC,0.7456615907199498,62,5.421134807841636e-12,1,1,Internal
C,PRU,0.5002747553978683,62,4.034879534660707e-05,1,1,Internal
C,RCL,0.40407510331145646,62,0.0012398329842986154,1,1,Internal
C,RF,0.7086027918727676,62,1.6699385050446067e-10,1,1,Internal
C,RJF,0.6031374923921198,62,2.6858894698893763e-07,1,1,Internal
C,RSG,-0.4942825207137979,62,5.151506685343407e-05,1,4,External
C,SBAC,-0.4215756574738665,62,0.0007151751334147408,1,4,External
C,STT,0.6383877496419423,62,3.113441783997368e-08,1,1,Internal
C,STX,0.4265005671059509,62,0.0006092865567167052,1,1,Internal
C,SYF,0.6948570992666339,62,5.220637213085807e-10,1,1,Internal
C,TAP,-0.43452358233684424,62,0.0004668509753450586,1,4,External
C,TEL,0.6656103622080835,62,4.839310361115748e-09,1,1,Internal
C,TFC,0.7226059409433956,62,4.878975790052809e-11,1,1,Internal
C,TPR,0.5104690420633866,62,2.6345063165927393e-05,1,1,Internal
C,TRMB,0.503759069092244,62,3.493146921094386e-05,1,1,Internal
C,USB,0.688671331057692,62,8.543464809526456e-10,1,1,Internal
C,VLO,0.4664979530376493,62,0.00015099025207043694,1,1,Internal
C,WDC,0.5573117745052745,62,3.082735279605636e-06,1,1,Internal
C,WFC,0.7376116036055392,62,1.1982211284738822e-11,1,1,Internal
C,WM,-0.43023136566170483,62,0.0005387655945879508,1,4,External
C,ZBRA,0.5603548181429131,62,2.6510815910266482e-06,1,1,Internal
CAG,CCI,0.42676576074742306,62,0.0006040103810082772,5,4,External
CAG,CHD,0.5310358038126617,62,1.068200881371424e-05,5,5,Internal
CAG,CL,0.5062547867631366,62,3.147368987366548e-05,5,4,External
CAG,CLX,0.6085653741466482,62,1.960535971839371e-07,5,5,Internal
CAG,CMS,0.42255362244189415,62,0.0006929101404536876,5,4,External
CAG,CPB,0.8051254946040496,62,5.245269116871166e-15,5,5,Internal
CAG,D,0.4205399959559409,62,0.0007394577839666834,5,4,External
CAG,DHI,0.44663711520690985,62,0.0003083849561301849,5,1,External
CAG,ECL,0.4326591692444256,62,0.0004969424959206346,5,4,External
CAG,EXR,0.5321996330400088,62,1.013201936021943e-05,5,4,External
CAG,FAST,0.44278505106255905,62,0.00035244138267949963,5,5,Internal
CAG,FIS,0.46751381892254384,62,0.0001454019676679463,5,5,Internal
CAG,GIS,0.8549202672619,62,1.8329799913775315e-18,5,5,Internal
CAG,GPC,0.5190367727932884,62,1.8216506430384532e-05,5,5,Internal
CAG,HOLX,0.4633626970892791,62,0.00016950255354393248,5,5,Internal
CAG,HRL,0.7379887617088725,62,1.1552587250911625e-11,5,5,Internal
CAG,HSY,0.4905798030028752,62,5.977450224073947e-05,5,5,Internal
CAG,IFF,0.5424887723801005,62,6.294929645420084e-06,5,5,Internal
CAG,INVH,0.4257807408591077,62,0.0006238191716983113,5,4,External
CAG,JKHY,0.4938359251163963,62,5.245212937089392e-05,5,4,External
CAG,KDP,0.4251449007955569,62,0.0006369167020269171,5,4,External
CAG,KHC,0.7216705626390861,62,5.309187781681312e-11,5,5,Internal
CAG,KMB,0.48067481354748354,62,8.824163233505183e-05,5,4,External
CAG,KO,0.40626299081705575,62,0.001159278515412588,5,4,External
CAG,LIN,0.466112921175021,62,0.00015315928552437757,5,4,External
CAG,LW,0.645911540722813,62,1.8960132980803423e-08,5,5,Internal
CAG,MDLZ,0.676949972573176,62,2.103118076970472e-09,5,5,Internal
CAG,MKC,0.5875482681596718,62,6.426389443020692e-07,5,4,External
CAG,MLM,0.5405846706944392,62,6.88268526426646e-06,5,5,Internal
CAG,MNST,0.48338795216698577,62,7.940601675123524e-05,5,4,External
CAG,MS,-0.40576208266735536,62,0.0011772934017473121,5,1,External
CAG,NVDA,-0.47830747526644335,62,9.668092462320663e-05,5,1,External
CAG,NVR,0.5069794377116913,62,3.0530722246030304e-05,5,1,External
CAG,O,0.5161908129531093,62,2.0614362583045554e-05,5,4,External
CAG,ORLY,0.4921773656912722,62,5.607158808171298e-05,5,4,External
CAG,PAYX,0.46263841292387514,62,0.00017406467562252264,5,4,External
CAG,PEP,0.6009164006537226,62,3.050016760777283e-07,5,5,Internal
CAG,PG,0.4822678185039005,62,8.295014048561183e-05,5,4,External
CAG,PPG,0.5785485266774644,62,1.0418773176679362e-06,5,1,External
CAG,PSA,0.5742996111617668,62,1.302350145328863e-06,5,4,External
CAG,REG,0.5055215698034554,62,3.245517536062106e-05,5,5,Internal
CAG,SBAC,0.47144651098384704,62,0.0001255100739815543,5,4,External
CAG,SHW,0.5079534789155739,62,2.930439621222896e-05,5,5,Internal
CAG,STZ,0.4211465521381993,62,0.0007251472137640088,5,5,Internal
CAG,SYY,0.6018458748991968,62,2.8923271158412386e-07,5,4,External
CAG,TAP,0.44997708401981656,62,0.0002743160892890034,5,4,External
CAG,TPL,-0.4104272200602509,62,0.0010188564065110595,5,2,External
CAG,TRGP,-0.4328277044300833,62,0.0004941516638444681,5,2,External
CAG,TSCO,0.42804488598279655,62,0.0005791384830801685,5,5,Internal
CAG,TSN,0.48241001427878855,62,8.249229985824858e-05,5,4,External
CAG,ULTA,0.43197586370633767,62,0.0005084048672455848,5,5,Internal
CAG,VICI,0.44274307520175893,62,0.00035295154327005427,5,4,External
CAG,VMC,0.40465423626580155,62,0.0012180344106995109,5,5,Internal
CAG,VZ,0.4132651481016073,62,0.0009321479754073839,5,4,External
CAG,WEC,0.43778633976227327,62,0.0004181471890550607,5,4,External
CAH,CB,0.5195418185321066,62,1.7819035553022223e-05,4,4,Internal
CAH,CBOE,0.651675926357587,62,1.2845823455725844e-08,4,4,Internal
CAH,CCI,0.4844747188431489,62,7.610122330872685e-05,4,4,Internal
CAH,CI,0.42092562413694384,62,0.0007303303245067703,4,4,Internal
CAH,CINF,0.4903739252136738,62,6.0267763582891914e-05,4,4,Internal
CAH,CME,0.5442259679328602,62,5.7998259946758535e-06,4,4,Internal
CAH,CMS,0.5191596053952297,62,1.8119087276337013e-05,4,4,Internal
CAH,CNP,0.5832514885714447,62,8.108541896357964e-07,4,4,Internal
CAH,COF,-0.43241494854432044,62,0.0005010120360371283,4,1,External
CAH,COR,0.7255526304271623,62,3.730251478292724e-11,4,4,Internal
CAH,CPT,0.48040116455931825,62,8.918127286845712e-05,4,4,Internal
CAH,D,0.468060943704792,62,0.00014247144528176084,4,4,Internal
CAH,DTE,0.568178785394162,62,1.7863448012844397e-06,4,4,Internal
CAH,DUK,0.5334478746926834,62,9.571486518554954e-06,4,4,Internal
CAH,EA,0.4098706706947489,62,0.0010366901657716807,4,4,Internal
CAH,ECL,0.43133598458906325,62,0.0005193558893773754,4,4,Internal
CAH,ED,0.5795664086950599,62,9.871810610999256e-07,4,4,Internal
CAH,EPAM,-0.4987181778599771,62,4.301137850371792e-05,4,2,External
CAH,EQR,0.41232936722683317,62,0.0009599737315155338,4,4,Internal
CAH,EQT,0.4239745090762793,62,0.0006616785280833014,4,2,External
CAH,ESS,0.47097313072453667,62,0.00012776453806507887,4,4,Internal
CAH,ETR,0.4515957664205638,62,0.0002590735605360972,4,4,Internal
CAH,EVRG,0.5779145706695246,62,1.0773650917052735e-06,4,4,Internal
CAH,EXC,0.5753711263228053,62,1.2314494132274099e-06,4,4,Internal
CAH,FE,0.49909459153540425,62,4.235302983281116e-05,4,4,Internal
CAH,HCA,0.4315784870716836,62,0.0005151807002818857,4,4,Internal
CAH,HIG,0.5586569153831197,62,2.8844093584000314e-06,4,4,Internal
CAH,ICE,0.5935902498977702,62,4.6077764745772296e-07,4,4,Internal
CAH,INVH,0.5343963440376135,62,9.16500767586625e-06,4,4,Internal
CAH,IRM,0.48358001702767694,62,7.881251190748427e-05,4,12,External
CAH,KLAC,-0.4416302083539144,62,0.0003667247341803613,4,1,External
CAH,KMI,0.4389498351825859,62,0.00040192971394547976,4,4,Internal
CAH,KO,0.40506049589514975,62,0.0012029492302243433,4,4,Internal
CAH,L,0.4499237474922011,62,0.00027483199219089716,4,4,Internal
CAH,LNT,0.48334951564092626,62,7.952528355271303e-05,4,4,Internal
CAH,MAA,0.5128353147850019,62,2.3816361172357748e-05,4,4,Internal
CAH,MCD,0.4059457452553277,62,0.00117065902809047,4,4,Internal
CAH,MCK,0.698879900958321,62,3.7646274721168387e-10,4,4,Internal
CAH,MMC,0.47312741567073363,62,0.00011779664039756841,4,4,Internal
CAH,MO,0.42103035966930424,62,0.0007278689983432119,4,4,Internal
CAH,NI,0.46029914674420447,62,0.00018957844410493363,4,4,Internal
CAH,O,0.43409830409815137,62,0.0004735653078020389,4,4,Internal
CAH,ORLY,0.4251937679946816,62,0.0006359013287400487,4,4,Internal
CAH,OTIS,0.4408105159036502,62,0.000377180596029704,4,4,Internal
CAH,PCAR,-0.4019993817500073,62,0.0013208758454694106,4,1,External
CAH,PGR,0.46784977515792336,62,0.00014359603024509567,4,4,Internal
CAH,PM,0.4460681246372507,62,0.00031455940503156347,4,4,Internal
CAH,PNW,0.5560953854203329,62,3.2729766983968424e-06,4,4,Internal
CAH,PPL,0.6042228428230859,62,2.5232163275719125e-07,4,4,Internal
CAH,ROL,0.43554959764550966,62,0.0004510068028048512,4,4,Internal
CAH,RSG,0.5552693478436107,62,3.408359144686298e-06,4,4,Internal
CAH,SBAC,0.4574916454372175,62,0.0002098641483749341,4,4,Internal
CAH,SO,0.5504750892540676,62,4.303125699394618e-06,4,4,Internal
CAH,SRE,0.4333075435559595,62,0.00048628362685077686,4,4,Internal
CAH,SYF,-0.4293073863072485,62,0.0005555042903684979,4,1,External
CAH,TER,-0.5211398972213871,62,1.6613737398827975e-05,4,1,External
CAH,TRV,0.5330173578211543,62,9.761469790921693e-06,4,4,Internal
CAH,UDR,0.4660028120946641,62,0.0001537848044884046,4,4,Internal
CAH,VRSK,0.4523990024269855,62,0.00025180059833534345,4,4,Internal
CAH,WEC,0.49547000864368773,62,4.909808326917867e-05,4,4,Internal
CAH,WELL,0.5573685697735961,62,3.074110148235497e-06,4,4,Internal
CAH,WM,0.5598726927184102,62,2.715476102216663e-06,4,4,Internal
CAH,WMB,0.4088424281368905,62,0.0010703803516508119,4,4,Internal
CAH,WRB,0.5233595373055218,62,1.5064845970495814e-05,4,4,Internal
CAH,WTW,0.40277494465981056,62,0.0012900543522716896,4,4,Internal
CAH,XEL,0.4592304653422306,62,0.00019707857636240303,4,4,Internal
CARR,CHD,-0.4252075866983517,62,0.0006356144668453593,12,5,External
CARR,GWW,0.4038844596219449,62,0.0012470852115648355,12,5,External
CARR,HLT,0.42515997331923333,62,0.0006366033652941533,12,1,External
CARR,HWM,0.40473272362075113,62,0.001215106832150852,12,12,Internal
CARR,IDXX,0.6064812935463554,62,2.2139548135126809e-07,12,12,Internal
CARR,JCI,0.48879899233964874,62,6.416716726164636e-05,12,12,Internal
CARR,KIM,0.578592976068669,62,1.0394306752493995e-06,12,1,External
CARR,MSFT,0.5612336494054186,62,2.5373582503511494e-06,12,12,Internal
CARR,PWR,0.545048603742096,62,5.578262085308192e-06,12,12,Internal
CARR,QCOM,-0.5533579689940612,62,3.741929632601811e-06,12,1,External
CARR,VTR,-0.4077930489605813,62,0.0011057771654701667,12,4,External
CAT,CFG,0.4580681866029663,62,0.00020554311451003221,1,1,Internal
CAT,CHRW,0.4188994818752028,62,0.0007794517125694744,1,1,Internal
CAT,CMI,0.5663163172440769,62,1.9641708833841817e-06,1,1,Internal
CAT,DD,0.4052618253167883,62,0.0011955359721197477,1,1,Internal
CAT,DOV,0.5967852619772679,62,3.853832301634528e-07,1,1,Internal
CAT,EMR,0.4409576426545072,62,0.000375284114552511,1,1,Internal
CAT,EXPD,0.5017071318691473,62,3.8034080038644626e-05,1,1,Internal
CAT,F,0.44577231342423007,62,0.00031781376830214696,1,1,Internal
CAT,FDX,0.5116737646950626,62,2.502811857120806e-05,1,1,Internal
CAT,GM,0.4126222293731448,62,0.0009511858663277643,1,1,Internal
CAT,GNRC,0.4571742974643662,62,0.00021227789610202754,1,1,Internal
CAT,GS,0.5358348478376304,62,8.579068313321886e-06,1,1,Internal
CAT,HAS,0.5084936862132836,62,2.8644088487983368e-05,1,1,Internal
CAT,HBAN,0.48210424762373955,62,8.347969670255482e-05,1,1,Internal
CAT,HST,0.44557040208563564,62,0.000320052689607031,1,1,Internal
CAT,IEX,0.4866468015341625,62,6.987245175949468e-05,1,1,Internal
CAT,IR,0.5665823511753781,62,1.937794355471831e-06,1,1,Internal
CAT,IVZ,0.5087408414336066,62,2.8346601596808207e-05,1,1,Internal
CAT,KEY,0.5874427010353905,62,6.4634642982756e-07,1,1,Internal
CAT,LYB,0.42255318442113626,62,0.0006929199706492939,1,2,External
CAT,MAS,0.49570475777407186,62,4.863285445771529e-05,1,1,Internal
CAT,MPC,0.45956118731046935,62,0.00019472901379909973,1,1,Internal
CAT,MSI,-0.4378670951869542,62,0.00041700263808743584,1,12,External
CAT,MTB,0.4689941184653835,62,0.0001375978751847998,1,1,Internal
CAT,NSC,0.4786413516037915,62,9.544735775167141e-05,1,1,Internal
CAT,PCAR,0.5165614961763684,62,2.0286267200505108e-05,1,1,Internal
CAT,PFG,0.40357102935403305,62,0.0012590912956962422,1,1,Internal
CAT,PLD,0.5219614502270685,62,1.6023987738656097e-05,1,1,Internal
CAT,PNC,0.5168464735952805,62,2.0037330603723696e-05,1,1,Internal
CAT,PSX,0.5413736397253756,62,6.63320452067542e-06,1,1,Internal
CAT,RF,0.5448569086599155,62,5.629175392408456e-06,1,1,Internal
CAT,RL,0.4679413307599446,62,0.00014310745186968515,1,1,Internal
CAT,STX,0.4642361643837184,62,0.00016414657590373534,1,1,Internal
CAT,SW,0.47394776882413386,62,0.00011419247432385189,1,1,Internal
CAT,SWK,0.6096025040160475,62,1.844848158511707e-07,1,1,Internal
CAT,SYF,0.5185020000851875,62,1.864632756012873e-05,1,1,Internal
CAT,TEL,0.4029927926984936,62,0.0012815140131277947,1,1,Internal
CAT,TFC,0.4315505159929678,62,0.0005156607214055843,1,1,Internal
CAT,TPR,0.40763205056012325,62,0.0011113001449008562,1,1,Internal
CAT,TROW,0.4799170177702735,62,9.08662929297794e-05,1,1,Internal
CAT,UPS,0.4674573649234051,62,0.0001457074732485267,1,1,Internal
CAT,URI,0.5808162105579779,62,9.237030062069345e-07,1,1,Internal
CAT,WDC,0.4356196800051907,62,0.00044994260562707816,1,1,Internal
CAT,WY,0.4319868122361476,62,0.0005082193301868965,1,1,Internal
CAT,WYNN,0.4000065409368117,62,0.0014031306657210317,1,1,Internal
CAT,ZBRA,0.46358461078866814,62,0.00016812684687236547,1,1,Internal
CB,CBOE,0.6070390671320405,62,2.143267208281198e-07,4,4,Internal
CB,CCI,0.653647128048842,62,1.122313955553244e-08,4,4,Internal
CB,CHD,0.49247379778247663,62,5.5408233486811864e-05,4,5,External
CB,CI,0.5750360325734549,62,1.2532238352472952e-06,4,4,Internal
CB,CINF,0.8240566463795317,62,3.4240703874330195e-16,4,4,Internal
CB,CL,0.5848677189247138,62,7.43243369495164e-07,4,4,Internal
CB,CLX,0.48352023242327197,62,7.899681464970485e-05,4,5,External
CB,CME,0.7039563501007412,62,2.472696764997565e-10,4,4,Internal
CB,CMS,0.7206832988081472,62,5.802335682174567e-11,4,4,Internal
CB,CNP,0.5954721269499345,62,4.1484622916694534e-07,4,4,Internal
CB,COR,0.527363859565002,62,1.2604613994698905e-05,4,4,Internal
CB,COST,0.6081626137430157,62,2.0072760278870264e-07,4,4,Internal
CB,CPB,0.4019903583590326,62,0.0013212383043316196,4,5,External
CB,CPT,0.4994989535877373,62,4.165618175395434e-05,4,4,Internal
CB,CTAS,0.7067648124974548,62,1.9522082651854445e-10,4,4,Internal
CB,D,0.6443436731922592,62,2.104821556860027e-08,4,4,Internal
CB,DGX,0.5211446628976889,62,1.6610259027844077e-05,4,4,Internal
CB,DOC,0.4663667741736693,62,0.00015172604960595314,4,4,Internal
CB,DTE,0.7560059788855782,62,1.871387172430444e-12,4,4,Internal
CB,DUK,0.7538285546559353,62,2.3511345976184833e-12,4,4,Internal
CB,EA,0.47468416102653105,62,0.00011104375784328352,4,4,Internal
CB,ECL,0.5831877815129536,62,8.136338617035366e-07,4,4,Internal
CB,ED,0.7129409943326415,62,1.149552171458163e-10,4,4,Internal
CB,EG,0.6980910445943199,62,4.0156053869780687e-10,4,4,Internal
CB,ELV,0.4835358366636984,62,7.894867198703738e-05,4,4,Internal
CB,EQR,0.5258597377542152,62,1.3481283915102308e-05,4,4,Internal
CB,ES,0.5476731579704692,62,4.922997158529385e-06,4,4,Internal
CB,ESS,0.47467873547514183,62,0.00011106666214341643,4,4,Internal
CB,ETN,-0.43439985887807303,62,0.00046879535397273045,4,12,External
CB,ETR,0.5397999231809406,62,7.139478870836438e-06,4,4,Internal
CB,EVRG,0.6034473407474086,62,2.638470487535707e-07,4,4,Internal
CB,EXC,0.759814554031589,62,1.248238142199008e-12,4,4,Internal
CB,EXR,0.45066721130225385,62,0.00026772001433227207,4,4,Internal
CB,FDS,0.4054091009512316,62,0.0011901391216184384,4,4,Internal
CB,FE,0.6973145745523825,62,4.2781132443423354e-10,4,4,Internal
CB,GD,0.5031581847070239,62,3.581488050075872e-05,4,2,External
CB,GE,0.47697481523887797,62,0.00010175214749971571,4,4,Internal
CB,GIS,0.4728981348699348,62,0.00011882248781262403,4,5,External
CB,GL,0.6235007557554829,62,7.992000170070607e-08,4,4,Internal
CB,HCA,0.5365508613834744,62,8.300595115447644e-06,4,4,Internal
CB,HIG,0.8769396541346386,62,1.9717852222570405e-20,4,4,Internal
CB,HON,0.45998778561978027,62,0.00019173617839285517,4,4,Internal
CB,HPQ,-0.436564575498362,62,0.0004358155604660763,4,1,External
CB,HRL,0.48693127932675967,62,6.909241271735172e-05,4,5,External
CB,ICE,0.6396302593410524,62,2.8712608960942485e-08,4,4,Internal
CB,INVH,0.46840620198084326,62,0.0001406501508511159,4,4,Internal
CB,JKHY,0.46018544923417215,62,0.00019036377851183186,4,4,Internal
CB,JNJ,0.5255191102987463,62,1.3687529088130127e-05,4,5,External
CB,KDP,0.6113083693450031,62,1.668431670352997e-07,4,4,Internal
CB,KLAC,-0.4898638506943579,62,6.15060636463303e-05,4,1,External
CB,KMB,0.5885237614219649,62,6.09311588318337e-07,4,4,Internal
CB,KMI,0.5150360543221966,62,2.1668258844135572e-05,4,4,Internal
CB,KO,0.7340493928701384,62,1.686517396816114e-11,4,4,Internal
CB,KR,0.6049281118111888,62,2.422527243967255e-07,4,4,Internal
CB,KVUE,0.5472367736293497,62,5.026720464791689e-06,4,4,Internal
CB,L,0.8438722278270568,62,1.3560874137126454e-17,4,4,Internal
CB,LIN,0.5501703911774286,62,4.3668207242991065e-06,4,4,Internal
CB,LMT,0.40897194905598777,62,0.0010660830005485209,4,2,External
CB,LNT,0.6443887633737869,62,2.0985242865549485e-08,4,4,Internal
CB,LRCX,-0.5818139782722181,62,8.757947467304163e-07,4,1,External
CB,MA,0.45030391972844097,62,0.0002711739972043801,4,4,Internal
CB,MAA,0.561791394410982,62,2.467567314492474e-06,4,4,Internal
CB,MCD,0.7053821183057526,62,2.193867851618628e-10,4,4,Internal
CB,MCK,0.6593647300482696,62,7.543166428081285e-09,4,4,Internal
CB,MCO,0.6142894418882896,62,1.3976633781646005e-07,4,4,Internal
CB,MDLZ,0.5062533224425753,62,3.14756223427963e-05,4,5,External
CB,MDT,0.46252152772562644,62,0.00017481136434510444,4,5,External
CB,META,-0.4730553776000395,62,0.00011811807313897598,4,1,External
CB,MKC,0.4789135387243879,62,9.44524414470138e-05,4,4,Internal
CB,MMC,0.7129367530525444,62,1.149975752002548e-10,4,4,Internal
CB,MNST,0.49790987426251515,62,4.4457176943866234e-05,4,4,Internal
CB,MO,0.5936853838559032,62,4.583454720407296e-07,4,4,Internal
CB,MPWR,-0.7024739604800273,62,2.798154927942381e-10,4,1,External
CB,NEE,0.4740207107263192,62,0.00011387696397195741,4,4,Internal
CB,NI,0.5917013584827189,62,5.116522357686607e-07,4,4,Internal
CB,NVDA,-0.5356435670211309,62,8.654919722354493e-06,4,1,External
CB,NXPI,-0.4674030612457918,62,0.00014600189757896763,4,1,External
CB,O,0.57717076997749,62,1.120445341238615e-06,4,4,Internal
CB,ON,-0.4884608401092185,62,6.50341678730862e-05,4,1,External
CB,ORLY,0.6345581883422305,62,3.98701506060135e-08,4,4,Internal
CB,OTIS,0.6382937864283633,62,3.132520207237439e-08,4,4,Internal
CB,PAYX,0.4943192437226137,62,5.143870502755031e-05,4,4,Internal
CB,PEG,0.5807374126456124,62,9.27589363420532e-07,4,4,Internal
CB,PEP,0.5078440827262815,62,2.9439817645347154e-05,4,5,External
CB,PG,0.6418155880693849,62,2.4879070322758116e-08,4,4,Internal
CB,PGR,0.7501259765849957,62,3.4473410985790672e-12,4,4,Internal
CB,PM,0.556241254510166,62,3.249597819044707e-06,4,4,Internal
CB,PNW,0.712645877226267,62,1.1793827734702172e-10,4,4,Internal
CB,PPL,0.7918359710053462,62,3.000299353146829e-14,4,4,Internal
CB,PSA,0.5486162360819212,62,4.7056195292080596e-06,4,4,Internal
CB,REG,0.42502595016954114,62,0.0006393944266643592,4,5,External
CB,ROL,0.7522751827203766,62,2.762875746069479e-12,4,4,Internal
CB,ROP,0.5619559752948607,62,2.447318675286698e-06,4,4,Internal
CB,RSG,0.706033075534401,62,2.076753905159075e-10,4,4,Internal
CB,SBAC,0.6566892657087424,62,9.094075226117001e-09,4,4,Internal
CB,SO,0.7159586571509668,62,8.8299987068029e-11,4,4,Internal
CB,SPGI,0.5506089801237048,62,4.2754118196388665e-06,4,4,Internal
CB,SRE,0.5426133327551896,62,6.258159238731085e-06,4,4,Internal
CB,STE,0.4403433011959995,62,0.0003832610461950253,4,5,External
CB,SWKS,-0.40973452661546306,62,0.001041095303666125,4,1,External
CB,SYF,-0.4102993396754074,62,0.0010229294796783289,4,1,External
CB,SYY,0.5949437974845915,62,4.272870192481003e-07,4,4,Internal
CB,T,0.614656609565005,62,1.3673359106252274e-07,4,4,Internal
CB,TER,-0.5140782072897866,62,2.258011049913981e-05,4,1,External
CB,TJX,0.4614165160221108,62,0.0001820168038528288,4,5,External
CB,TMUS,0.481391579860962,62,8.582345123683213e-05,4,4,Internal
CB,TRV,0.8907093808996267,62,7.273247068985096e-22,4,4,Internal
CB,TSN,0.44299505912991727,62,0.00034989908784894267,4,4,Internal
CB,UDR,0.5017507199826146,62,3.796560616879528e-05,4,4,Internal
CB,UHS,0.4411459331620513,62,0.00037286969374412655,4,4,Internal
CB,V,0.4836401929239567,62,7.862740278239448e-05,4,4,Internal
CB,VICI,0.49286223254465134,62,5.4549954791175636e-05,4,4,Internal
CB,VRSK,0.681621877206551,62,1.4759822140691231e-09,4,4,Internal
CB,VTR,0.5849269545484972,62,7.408688610337792e-07,4,4,Internal
CB,VZ,0.6876573354080087,62,9.251189147319641e-10,4,4,Internal
CB,WEC,0.7178023622294658,62,7.503032420609941e-11,4,4,Internal
CB,WELL,0.6865926695808023,62,1.0053998490673586e-09,4,4,Internal
CB,WM,0.656009274600695,62,9.533854895837384e-09,4,4,Internal
CB,WRB,0.8398734681677301,62,2.694300068752334e-17,4,4,Internal
CB,WTW,0.7365679178415083,62,1.3251914899750634e-11,4,4,Internal
CB,XEL,0.6835314024389869,62,1.2747147104725e-09,4,4,Internal
CB,YUM,0.5682165215187126,62,1.7829026614269774e-06,4,4,Internal
CBOE,CCI,0.6227360676362431,62,8.377358527040584e-08,4,4,Internal
CBOE,CI,0.4652145661380028,62,0.0001583316035230289,4,4,Internal
CBOE,CINF,0.5489855553659945,62,4.622958397144086e-06,4,4,Internal
CBOE,CL,0.5594763686054092,62,2.76950225339744e-06,4,4,Internal
CBOE,CME,0.7687160232484622,62,4.702352361702161e-13,4,4,Internal
CBOE,CMI,-0.43472141490904237,62,0.0004637571566538191,4,1,External
CBOE,CMS,0.5865725555171198,62,6.776793473663091e-07,4,4,Internal
CBOE,CNP,0.6062655378090425,62,2.2418816751328946e-07,4,4,Internal
CBOE,COR,0.5757260935424957,62,1.208770479287058e-06,4,4,Internal
CBOE,COST,0.4118138090891695,62,0.0009756221372915146,4,4,Internal
CBOE,CTAS,0.5145049736392067,62,2.2169531065582207e-05,4,4,Internal
CBOE,D,0.548916160741114,62,4.638386221440295e-06,4,4,Internal
CBOE,DTE,0.6314242750759474,62,4.869151253531741e-08,4,4,Internal
CBOE,DUK,0.6730044801833746,62,2.822154661919655e-09,4,4,Internal
CBOE,EA,0.5596455119896964,62,2.7463232370508565e-06,4,4,Internal
CBOE,EBAY,0.44091612489159815,62,0.0003758184022460262,4,4,Internal
CBOE,ECL,0.6135240663631479,62,1.4629305989684876e-07,4,4,Internal
CBOE,ED,0.6414799403068729,62,2.5434635323899806e-08,4,4,Internal
CBOE,EG,0.44641029643456687,62,0.0003108329272210055,4,4,Internal
CBOE,EMR,-0.4134931965356238,62,0.0009254781509211791,4,1,External
CBOE,ES,0.46186802704516755,62,0.00017904040366853484,4,4,Internal
CBOE,ETR,0.5041219205346694,62,3.440781544705946e-05,4,4,Internal
CBOE,EVRG,0.6077908651118493,62,2.051346015524099e-07,4,4,Internal
CBOE,EXC,0.687034016022358,62,9.713490896054605e-10,4,4,Internal
CBOE,FDS,0.4149870350739373,62,0.0008828420357858162,4,4,Internal
CBOE,FE,0.5975131484104838,62,3.69910339637026e-07,4,4,Internal
CBOE,GL,0.5121406644202452,62,2.4534331482195174e-05,4,4,Internal
CBOE,HIG,0.5993031069315672,62,3.3430701006685635e-07,4,4,Internal
CBOE,HII,0.41649032025655613,62,0.0008417347741556179,4,2,External
CBOE,HST,-0.4036374203934537,62,0.0012565395149370638,4,1,External
CBOE,ICE,0.7027214088363251,62,2.7411353501157327e-10,4,4,Internal
CBOE,INVH,0.4055150070639258,62,0.001186271801488724,4,4,Internal
CBOE,IP,-0.4509042511330731,62,0.00026548807086025313,4,1,External
CBOE,JBHT,-0.4332890179544982,62,0.0004865852709855258,4,1,External
CBOE,KLAC,-0.41187089706863406,62,0.0009738781258859572,4,1,External
CBOE,KMB,0.46335826655158097,62,0.00016953012442286907,4,4,Internal
CBOE,KMI,0.46541111774536,62,0.0001571864562058269,4,4,Internal
CBOE,KO,0.5698452944378036,62,1.6401115232857838e-06,4,4,Internal
CBOE,KR,0.426063357178402,62,0.0006180763695522747,4,4,Internal
CBOE,KVUE,0.4659053947946228,62,0.00015434017451252232,4,4,Internal
CBOE,L,0.5612353464570207,62,2.537143126560101e-06,4,4,Internal
CBOE,LIN,0.43204374632324627,62,0.0005072554988989689,4,4,Internal
CBOE,LNT,0.625929618691833,62,6.875883116257223e-08,4,4,Internal
CBOE,MCD,0.4878012151521861,62,6.675655944082313e-05,4,4,Internal
CBOE,MCK,0.6298903941547408,62,5.365214686947908e-08,4,4,Internal
CBOE,MCO,0.42917615029203987,62,0.000557919633762984,4,4,Internal
CBOE,META,-0.452527509936287,62,0.00025065447914988964,4,1,External
CBOE,MMC,0.5360983310085152,62,8.475598181471539e-06,4,4,Internal
CBOE,MO,0.5673464631513906,62,1.8638656917396072e-06,4,4,Internal
CBOE,MPWR,-0.4143310039980497,62,0.0009013426426512799,4,1,External
CBOE,NCLH,-0.45549884140015,62,0.0002254476204198886,4,1,External
CBOE,NDAQ,0.5035744872023149,62,3.520067036844433e-05,4,4,Internal
CBOE,NEM,0.4728687724660676,62,0.00011895445196504773,4,4,Internal
CBOE,NI,0.6010027229351029,62,3.0350381539514966e-07,4,4,Internal
CBOE,NXPI,-0.4582763907217417,62,0.00020400278890165966,4,1,External
CBOE,O,0.5566049568441068,62,3.1919836408298793e-06,4,4,Internal
CBOE,ON,-0.4904418634261526,62,6.010457739172521e-05,4,1,External
CBOE,ORLY,0.5011473682984089,62,3.8923637085767455e-05,4,4,Internal
CBOE,OTIS,0.5532891106601029,62,3.754497158891173e-06,4,4,Internal
CBOE,PEG,0.4376578156152478,62,0.0004199746627952137,4,4,Internal
CBOE,PGR,0.5939947786758024,62,4.5051866014551957e-07,4,4,Internal
CBOE,PM,0.542226764475228,62,6.372932821176053e-06,4,4,Internal
CBOE,PNW,0.6520099085954848,62,1.2556115345097729e-08,4,4,Internal
CBOE,PPL,0.6767615135484583,62,2.1330870635828177e-09,4,4,Internal
CBOE,ROL,0.6390453095310134,62,2.982969298221043e-08,4,4,Internal
CBOE,ROP,0.5803980723664593,62,9.445016379791954e-07,4,4,Internal
CBOE,RSG,0.6278341200823654,62,6.105355722570714e-08,4,4,Internal
CBOE,SBAC,0.6324628475212019,62,4.5582045844762636e-08,4,4,Internal
CBOE,SCHW,0.4050414591478658,62,0.0012036523284799003,4,2,External
CBOE,SO,0.704977145646845,62,2.269866659540693e-10,4,4,Internal
CBOE,SPGI,0.5712355706910593,62,1.5267703932413339e-06,4,4,Internal
CBOE,SRE,0.5523202191365575,62,3.93556238374807e-06,4,4,Internal
CBOE,SW,-0.41678344906319464,62,0.0008339236303470604,4,1,External
CBOE,SWK,-0.4272593645006626,62,0.0005943000195699727,4,1,External
CBOE,SYF,-0.4594657793500193,62,0.00019540417971040567,4,1,External
CBOE,T,0.5382921557639897,62,7.658090865796026e-06,4,4,Internal
CBOE,TER,-0.5164640698391318,62,2.03720278565304e-05,4,1,External
CBOE,TRV,0.5644916286996144,62,2.154338823731263e-06,4,4,Internal
CBOE,VICI,0.47653709278603534,62,0.00010347045095624036,4,4,Internal
CBOE,VRSK,0.5550242483703145,62,3.449524472738673e-06,4,4,Internal
CBOE,VRSN,0.4007682943020315,62,0.0013711610954146168,4,4,Internal
CBOE,VTR,0.5409479374171071,62,6.7667500145232685e-06,4,4,Internal
CBOE,VZ,0.618349792079771,62,1.0948708568687715e-07,4,4,Internal
CBOE,WEC,0.678014981653329,62,1.941123588839427e-09,4,4,Internal
CBOE,WELL,0.7072668215336735,62,1.8709075168094942e-10,4,4,Internal
CBOE,WM,0.6836380066741756,62,1.2642834694990407e-09,4,4,Internal
CBOE,WRB,0.5801415768612701,62,9.574764023572597e-07,4,4,Internal
CBOE,WTW,0.4815396945320937,62,8.533141792361466e-05,4,4,Internal
CBOE,XEL,0.5540664013882808,62,3.6148922976529686e-06,4,4,Internal
CBOE,YUM,0.46906685896884537,62,0.00013722448444204686,4,4,Internal
CBOE,ZBRA,-0.4083582502787397,62,0.0010865833825812665,4,1,External
CBRE,CFG,0.5116462492104296,62,2.5057503927987786e-05,1,1,Internal
CBRE,CHRW,0.4181261842370807,62,0.0007989736357404033,1,1,Internal
CBRE,CPT,0.411544223537705,62,0.0009838959741002387,1,4,External
CBRE,DHI,0.4903775334127082,62,6.0259086499422886e-05,1,1,Internal
CBRE,DOC,0.5625139449063721,62,2.3798208723270923e-06,1,4,External
CBRE,EQR,0.44629782018470143,62,0.0003120534026203574,1,4,External
CBRE,ESS,0.4405552368340231,62,0.00038049188959881166,1,4,External
CBRE,EXPD,0.43669347382816315,62,0.00043391999862455106,1,1,Internal
CBRE,FDX,0.5151661784650172,62,2.154705144731644e-05,1,1,Internal
CBRE,FITB,0.5285429342794272,62,1.195476179753106e-05,1,1,Internal
CBRE,FRT,0.5497943566898088,62,4.4466408614055516e-06,1,1,Internal
CBRE,HBAN,0.46182833903755266,62,0.0001793002323694707,1,1,Internal
CBRE,IQV,0.4003077138395116,62,0.0013904117581976583,1,5,External
CBRE,JBHT,0.4638490442083031,62,0.00016650090965498413,1,1,Internal
CBRE,KEY,0.5429585086739863,62,6.157305914317508e-06,1,1,Internal
CBRE,KIM,0.4783191367697973,62,9.663759314813178e-05,1,1,Internal
CBRE,LEN,0.5636235455925568,62,2.250732476698784e-06,1,1,Internal
CBRE,MAS,0.5108555799743119,62,2.5915685361688942e-05,1,1,Internal
CBRE,MET,0.42066906833653833,62,0.0007363913351189127,1,1,Internal
CBRE,MHK,0.409528419662721,62,0.0010477963011811743,1,1,Internal
CBRE,MTB,0.4848797029023633,62,7.490243634521085e-05,1,1,Internal
CBRE,NSC,0.4225773147591687,62,0.0006923786182938504,1,1,Internal
CBRE,NVDA,-0.43481734593043403,62,0.00046226365102171817,1,1,Internal
CBRE,ODFL,0.457331678183999,62,0.00021107770288445664,1,1,Internal
CBRE,PFG,0.5126073342226837,62,2.404982018767941e-05,1,1,Internal
CBRE,PHM,0.4955419974650554,62,4.8954979929990335e-05,1,1,Internal
CBRE,PLD,0.5373485175464352,62,8.000288799622717e-06,1,1,Internal
CBRE,PNC,0.5555685319601137,62,3.3587318854918065e-06,1,1,Internal
CBRE,PRU,0.46486938361870306,62,0.00016036122720806625,1,1,Internal
CBRE,REG,0.45361161093315794,62,0.00024117372120034233,1,5,External
CBRE,RF,0.5350862955416593,62,8.879475833552662e-06,1,1,Internal
CBRE,SPG,0.5131355464060109,62,2.3512118135637457e-05,1,1,Internal
CBRE,SWK,0.4708842606599091,62,0.00012819190179114457,1,1,Internal
CBRE,TFC,0.5239208769462464,62,1.4694966793420155e-05,1,1,Internal
CBRE,TPR,0.41195890380729927,62,0.0009711950693636046,1,1,Internal
CBRE,UDR,0.44190536367971933,62,0.00036327451965168753,1,4,External
CBRE,UNP,0.5088597505141276,62,2.8204498929683802e-05,1,1,Internal
CBRE,UPS,0.4581141766260707,62,0.00020520196065167826,1,1,Internal
CBRE,USB,0.431919738255925,62,0.0005093569520407892,1,1,Internal
CBRE,WY,0.6701684730094675,62,3.4768998759399396e-09,1,1,Internal
CCI,CI,0.5893085327443492,62,5.836849707840824e-07,4,4,Internal
CCI,CINF,0.5589857369353834,62,2.8377757199231226e-06,4,4,Internal
CCI,CL,0.636529518723627,62,3.5119072733040525e-08,4,4,Internal
CCI,CLX,0.4300000010755824,62,0.0005429134443070163,4,5,External
CCI,CMCSA,0.4040330482346185,62,0.001241429521334031,4,5,External
CCI,CME,0.5853144335904168,62,7.255111056309976e-07,4,4,Internal
CCI,CMS,0.6881856972175778,62,8.875747899446975e-10,4,4,Internal
CCI,CNP,0.5967803670791211,62,3.854893114480802e-07,4,4,Internal
CCI,COR,0.4372910755764777,62,0.0004252293201905543,4,4,Internal
CCI,COST,0.5335592775661493,62,9.522888744134198e-06,4,4,Internal
CCI,CPB,0.4467711021330625,62,0.0003069471586916858,4,5,External
CCI,CPT,0.4915234225186411,62,5.756097062260149e-05,4,4,Internal
CCI,CTAS,0.4968180659916099,62,4.648140092769404e-05,4,4,Internal
CCI,D,0.7211912396065726,62,5.543408573963976e-11,4,4,Internal
CCI,DGX,0.563222777843756,62,2.2965821024874063e-06,4,4,Internal
CCI,DOC,0.46167594568048875,62,0.00018030113026978265,4,4,Internal
CCI,DTE,0.722898073752443,62,4.751562230213765e-11,4,4,Internal
CCI,DUK,0.8093072325454798,62,2.9468499673195238e-15,4,4,Internal
CCI,EA,0.540805427988107,62,6.812012803053547e-06,4,4,Internal
CCI,EBAY,0.46874254363495343,62,0.0001388964550648209,4,4,Internal
CCI,ECL,0.7658085353731293,62,6.499036275355754e-13,4,4,Internal
CCI,ED,0.7066378999260987,62,1.9732876836482162e-10,4,4,Internal
CCI,EG,0.4269316977814576,62,0.0006007300730121861,4,4,Internal
CCI,EMR,-0.4106062214748408,62,0.0010131796523848344,4,1,External
CCI,EQR,0.48477601595258235,62,7.520769068101778e-05,4,4,Internal
CCI,ES,0.4678661009812338,62,0.00014350879700224687,4,4,Internal
CCI,ESS,0.5566385886424355,62,3.1867044937743097e-06,4,4,Internal
CCI,ETR,0.5169866380743857,62,1.9915934706562782e-05,4,4,Internal
CCI,EVRG,0.6120382778378565,62,1.5979074544124139e-07,4,4,Internal
CCI,EXC,0.7734540496300512,62,2.7471205345845453e-13,4,4,Internal
CCI,EXR,0.6479458508061825,62,1.6541683583185918e-08,4,4,Internal
CCI,FDS,0.42586505092275057,62,0.0006221009392869983,4,4,Internal
CCI,FE,0.7264951147262408,62,3.420820901072896e-11,4,4,Internal
CCI,GIS,0.5908517344789112,62,5.36215110850159e-07,4,5,External
CCI,GL,0.44281159205192905,62,0.00035211915910664243,4,4,Internal
CCI,HIG,0.5765967153294006,62,1.1547920551270291e-06,4,4,Internal
CCI,HON,0.4105341723618242,62,0.00101546114086145,4,4,Internal
CCI,HRL,0.4887314729632883,62,6.433942650021639e-05,4,5,External
CCI,HSY,0.4649516510090192,62,0.00015987535410134462,4,5,External
CCI,ICE,0.7042802261201824,62,2.406547485887341e-10,4,4,Internal
CCI,INVH,0.6560422244768713,62,9.512088786157954e-09,4,4,Internal
CCI,JKHY,0.6014252462182743,62,2.962714533928071e-07,4,4,Internal
CCI,JNJ,0.4355843055137042,62,0.0004504794798945376,4,5,External
CCI,KDP,0.5377005366158543,62,7.871002487902552e-06,4,4,Internal
CCI,KEYS,-0.40219410869754024,62,0.0013130756400047687,4,1,External
CCI,KHC,0.5251290810280705,62,1.3927284266843508e-05,4,5,External
CCI,KLAC,-0.5454576907470505,62,5.4710427190016876e-06,4,1,External
CCI,KMB,0.5280107761265048,62,1.2244107922195569e-05,4,4,Internal
CCI,KO,0.6841967002232338,62,1.2109267843192388e-09,4,4,Internal
CCI,KR,0.6366598357492833,62,3.4824629156753545e-08,4,4,Internal
CCI,KVUE,0.5467688594163221,62,5.140200035145016e-06,4,4,Internal
CCI,L,0.5583257584869629,62,2.932097114810645e-06,4,4,Internal
CCI,LIN,0.6763491395762988,62,2.2000819755935053e-09,4,4,Internal
CCI,LNT,0.6912412162888281,62,6.97280942469266e-10,4,4,Internal
CCI,LRCX,-0.5513663329926047,62,4.121758328671992e-06,4,1,External
CCI,LW,0.4083458427502803,62,0.00108700148933954,4,5,External
CCI,MA,0.44250127559500596,62,0.0003559034165345724,4,4,Internal
CCI,MAA,0.48292859536110627,62,8.084221689280615e-05,4,4,Internal
CCI,MAR,-0.43033847572207146,62,0.0005368551071788118,4,1,External
CCI,MCD,0.5750506551078307,62,1.2522661843100678e-06,4,4,Internal
CCI,MCK,0.5769518482376478,62,1.1334293141081075e-06,4,4,Internal
CCI,MCO,0.44760494524795075,62,0.0002981358546982442,4,4,Internal
CCI,MDLZ,0.6050120977047568,62,2.4107919334168136e-07,4,5,External
CCI,META,-0.585570299816076,62,7.155341064410176e-07,4,1,External
CCI,MKC,0.4338875644861592,62,0.00047692489093865455,4,4,Internal
CCI,MMC,0.47022529072268365,62,0.00013140196675633426,4,4,Internal
CCI,MNST,0.6035821825545347,62,2.618081251227982e-07,4,4,Internal
CCI,MO,0.577678058578123,62,1.090892383380019e-06,4,4,Internal
CCI,MPWR,-0.4391625814402177,62,0.00039902698825052506,4,1,External
CCI,NEE,0.4290090493170296,62,0.0005610088444649012,4,4,Internal
CCI,NI,0.5588329847985557,62,2.859350788403698e-06,4,4,Internal
CCI,NRG,-0.44793418349875197,62,0.0002947207677799266,4,1,External
CCI,NVDA,-0.4658653490067619,62,0.00015456900588994767,4,1,External
CCI,O,0.7083520732740705,62,1.7060163195727857e-10,4,4,Internal
CCI,ORLY,0.6746596782198516,62,2.4959638666124e-09,4,4,Internal
CCI,OTIS,0.6399759156408549,62,2.8071205666141454e-08,4,4,Internal
CCI,PAYX,0.4557858151268823,62,0.00022314017372956273,4,4,Internal
CCI,PEP,0.5181124486294637,62,1.8965329937373977e-05,4,5,External
CCI,PG,0.5635523031853534,62,2.2588198614110043e-06,4,4,Internal
CCI,PGR,0.4787223070265194,62,9.515044177409522e-05,4,4,Internal
CCI,PM,0.5928302976958376,62,4.806462053597044e-07,4,4,Internal
CCI,PNW,0.7448183192897881,62,5.898905177413596e-12,4,4,Internal
CCI,PPL,0.7295028210196903,62,2.5886325054347177e-11,4,4,Internal
CCI,PSA,0.6574134488445809,62,8.646859279745312e-09,4,4,Internal
CCI,REG,0.530379868142923,62,1.1004089518756933e-05,4,5,External
CCI,ROL,0.6916405358113275,62,6.75487509651463e-10,4,4,Internal
CCI,ROP,0.5901839407855664,62,5.562937370005188e-07,4,4,Internal
CCI,RSG,0.6853221296138147,62,1.109863912762592e-09,4,4,Internal
CCI,SBAC,0.8959123469156342,62,1.8603302076733867e-22,4,4,Internal
CCI,SHW,0.4595687561239331,62,0.00019467554369745888,4,5,External
CCI,SO,0.7497838354078336,62,3.570237332522599e-12,4,4,Internal
CCI,SPGI,0.47574635847203955,62,0.00010664229818629772,4,4,Internal
CCI,SRE,0.4787424311423419,62,9.507676555240178e-05,4,4,Internal
CCI,SWK,-0.41183003552922864,62,0.0009751261407016453,4,1,External
CCI,SYF,-0.47782737809742554,62,9.848044283353375e-05,4,1,External
CCI,SYY,0.5825359182289017,62,8.425942154885135e-07,4,4,Internal
CCI,T,0.6606663103492699,62,6.882616609349492e-09,4,4,Internal
CCI,TAP,0.46870637370206036,62,0.00013908407886132953,4,4,Internal
CCI,TMUS,0.4412766328625639,62,0.0003712020767328044,4,4,Internal
CCI,TRV,0.6005408286718399,62,3.115998530954557e-07,4,4,Internal
CCI,TSCO,0.4789913653254947,62,9.416972322065539e-05,4,5,External
CCI,TSN,0.4314135614635898,62,0.0005180169111094507,4,4,Internal
CCI,TYL,0.43966084189268423,62,0.0003923031974467348,4,5,External
CCI,UDR,0.5883027818156121,62,6.167159746252812e-07,4,4,Internal
CCI,V,0.47890852504417325,62,9.447068122246442e-05,4,4,Internal
CCI,VICI,0.6453849130301461,62,1.9638616779416866e-08,4,4,Internal
CCI,VRSK,0.6182668839718236,62,1.1003812264908916e-07,4,4,Internal
CCI,VTR,0.556511014265086,62,3.206773014150073e-06,4,4,Internal
CCI,VZ,0.706483850759148,62,1.9991651827439304e-10,4,4,Internal
CCI,WEC,0.670297852517476,62,3.4441326923028195e-09,4,4,Internal
CCI,WELL,0.6900333747798093,62,7.673379727691114e-10,4,4,Internal
CCI,WM,0.7283027860268466,62,2.8944335503321267e-11,4,4,Internal
CCI,WMT,0.4053495979368119,62,0.0011923169380296933,4,4,Internal
CCI,WRB,0.5296904087320093,62,1.1352348388951622e-05,4,4,Internal
CCI,WTW,0.5168755647548829,62,2.0012078575533393e-05,4,4,Internal
CCI,XEL,0.7406447026721552,62,8.917416308896175e-12,4,4,Internal
CCI,YUM,0.534186338339025,62,9.253598659620696e-06,4,4,Internal
CCI,ZBRA,-0.43836181277985425,62,0.0004100529641214707,4,1,External
CCL,CDW,0.4360474301497659,62,0.00044349657524717334,1,1,Internal
CCL,CFG,0.6150336294046823,62,1.3368403393364954e-07,1,1,Internal
CCL,CI,-0.4005875603406093,62,0.0013786864153288961,1,4,External
CCL,CME,-0.4832210950211753,62,7.992496406894935e-05,1,4,External
CCL,CMI,0.4528407887660209,62,0.00024788038291022725,1,1,Internal
CCL,CMS,-0.4087492026695121,62,0.0010734831163618443,1,4,External
CCL,CNP,-0.4126153247401181,62,0.0009513922141988058,1,4,External
CCL,COF,0.4694210510903554,62,0.0001354195983753151,1,1,Internal
CCL,CPAY,0.4378239395893372,62,0.00041761392965611094,1,1,Internal
CCL,DAL,0.561805496231384,62,2.4658262303202333e-06,1,1,Internal
CCL,DOV,0.5490505093921602,62,4.60856119231497e-06,1,1,Internal
CCL,DUK,-0.4337353834918392,62,0.00047936438900887413,1,4,External
CCL,EBAY,-0.4393342947906309,62,0.00039669804546971053,1,4,External
CCL,ED,-0.43758295093033706,62,0.0004210425026307836,1,4,External
CCL,EXC,-0.40775871658454776,62,0.001106952844270817,1,4,External
CCL,EXPE,0.42210206281810364,62,0.000703111464239102,1,1,Internal
CCL,FDX,0.4837013290659327,62,7.843974984572833e-05,1,1,Internal
CCL,FITB,0.49513674669523283,62,4.976560594568016e-05,1,1,Internal
CCL,GRMN,0.4387732552761968,62,0.0004043535612970435,1,1,Internal
CCL,GS,0.4807570943935798,62,8.796088749597847e-05,1,1,Internal
CCL,HBAN,0.5621815626055775,62,2.4198166050936226e-06,1,1,Internal
CCL,HII,-0.4101416192658471,62,0.0010279731911617353,1,2,External
CCL,HLT,0.4957551458100426,62,4.853352689386656e-05,1,1,Internal
CCL,HST,0.4920173721959418,62,5.643265791229473e-05,1,1,Internal
CCL,IEX,0.4590740551052019,62,0.00019819878012976042,1,1,Internal
CCL,IP,0.47695467067081354,62,0.00010183064666722782,1,1,Internal
CCL,JBHT,0.41584724518614313,62,0.0008591031585328231,1,1,Internal
CCL,KEY,0.6136698118244615,62,1.4502850627785712e-07,1,1,Internal
CCL,KEYS,0.4364125972280428,62,0.0004380602037061656,1,1,Internal
CCL,LNT,-0.4011299769973661,62,0.001356212234873385,1,4,External
CCL,MAR,0.55478901961462,62,3.4894681687346333e-06,1,1,Internal
CCL,MAS,0.43584881112598245,62,0.00044647917288804183,1,1,Internal
CCL,MCD,-0.42843574666530726,62,0.0005717258520195463,1,4,External
CCL,MCK,-0.43359291892718527,62,0.0004816583986199537,1,4,External
CCL,MGM,0.49338581626982575,62,5.341245944323224e-05,1,1,Internal
CCL,MO,-0.41176336035294087,62,0.0009771656670671484,1,4,External
CCL,MS,0.4585551447161897,62,0.00020195705921060534,1,1,Internal
CCL,MSI,-0.4063399992995526,62,0.0011565310654975693,1,12,External
CCL,MTB,0.5914552769568546,62,5.186555981016508e-07,1,1,Internal
CCL,NCLH,0.8333432200242942,62,7.947668725087413e-17,1,1,Internal
CCL,NEM,-0.4478899659518003,62,0.00029517733855022034,1,4,External
CCL,NKE,0.5516630559240794,62,4.062975942170709e-06,1,1,Internal
CCL,ORLY,-0.4106560749269607,62,0.001011603712358183,1,4,External
CCL,PCAR,0.4322256757230477,62,0.0005041867501732452,1,1,Internal
CCL,PH,0.41615475206341684,62,0.0008507579263443975,1,1,Internal
CCL,PM,-0.5170941015821452,62,1.9823323329784533e-05,1,4,External
CCL,PNC,0.521988925025115,62,1.600460505996782e-05,1,1,Internal
CCL,RCL,0.7064459089546115,62,2.005588075496287e-10,1,1,Internal
CCL,RF,0.5363861518485962,62,8.36389871619777e-06,1,1,Internal
CCL,RL,0.49501249384210594,62,5.001662092726512e-05,1,1,Internal
CCL,ROL,-0.43891812386500556,62,0.00040236402716595156,1,4,External
CCL,RSG,-0.5191759909985195,62,1.8106128375503657e-05,1,4,External
CCL,SBAC,-0.42615451665376486,62,0.0006162342427967991,1,4,External
CCL,SO,-0.4374836231855215,62,0.0004224630856426089,1,4,External
CCL,SW,0.5326883129512018,62,9.909033100909935e-06,1,1,Internal
CCL,SWK,0.4685961372382208,62,0.00013965734212315775,1,1,Internal
CCL,SYF,0.5977554523628289,62,3.6489048039343455e-07,1,1,Internal
CCL,TFC,0.5983108429863144,62,3.5362484113667745e-07,1,1,Internal
CCL,TPR,0.5265369136910266,62,1.3079811110085563e-05,1,1,Internal
CCL,TROW,0.46426846754080964,62,0.00016395150466653067,1,1,Internal
CCL,UAL,0.5410709843907523,62,6.727894295694474e-06,1,1,Internal
CCL,USB,0.5096910299380911,62,2.7229350100445152e-05,1,1,Internal
CCL,WELL,-0.42315868879253415,62,0.0006794509689490127,1,4,External
CCL,WM,-0.5238740319372297,62,1.4725508433556741e-05,1,4,External
CCL,WYNN,0.4701923289185865,62,0.00013156445572430316,1,1,Internal
CCL,YUM,-0.5650502184743509,62,2.094368322740358e-06,1,4,External
CCL,ZBRA,0.4688757920631625,62,0.0001382072589721494,1,1,Internal
CDNS,SNPS,0.8201183584156552,62,6.200787149746472e-16,15,15,Internal
CDW,CFG,0.4745726377678789,62,0.00011151543347469107,1,1,Internal
CDW,CMI,0.42520721280492363,62,0.0006356222269398984,1,1,Internal
CDW,COF,0.4195097284881202,62,0.0007643516303178622,1,1,Internal
CDW,CRL,0.6194470384842341,62,1.0243501180477952e-07,1,5,External
CDW,CSX,0.4492302160480939,62,0.0002816213619441063,1,1,Internal
CDW,DIS,0.6102492481121919,62,1.7759922462439573e-07,1,1,Internal
CDW,EMR,0.4587701668207056,62,0.00020039189052260028,1,1,Internal
CDW,EPAM,0.4366126645652379,62,0.0004351074902075004,1,2,External
CDW,FITB,0.44817878951486645,62,0.0002922066943487414,1,1,Internal
CDW,FTV,0.41992064955834213,62,0.0007543332869154272,1,1,Internal
CDW,GEN,0.41833419454638004,62,0.000793679419162874,1,1,Internal
CDW,HBAN,0.5106741130142748,62,2.6116450512035977e-05,1,1,Internal
CDW,HPQ,0.4223446833350219,62,0.0006976135747235817,1,1,Internal
CDW,IEX,0.4832301967639038,62,7.98965761483796e-05,1,1,Internal
CDW,IR,0.46622829576354796,62,0.00015250635710298938,1,1,Internal
CDW,JBHT,0.478336264539554,62,9.657398265768217e-05,1,1,Internal
CDW,KEY,0.43540416351304473,62,0.0004532225169704313,1,1,Internal
CDW,KEYS,0.5542267777187396,62,3.586697877634912e-06,1,1,Internal
CDW,MAR,0.4861115934324715,62,7.136202954101707e-05,1,1,Internal
CDW,MTB,0.5575782354976665,62,3.0424643962605377e-06,1,1,Internal
CDW,NEM,-0.41584272155795865,62,0.0008592264723132172,1,4,External
CDW,NTAP,0.4161005193774262,62,0.0008522243725574567,1,1,Internal
CDW,ODFL,0.4417567032359681,62,0.0003651349065870802,1,1,Internal
CDW,PCAR,0.41235459327066465,62,0.0009592139051807618,1,1,Internal
CDW,PFG,0.4744369922412648,62,0.00011209161250274916,1,1,Internal
CDW,PH,0.46175051075529666,62,0.00017981075992999876,1,1,Internal
CDW,PNC,0.46110050932318825,62,0.00018412682626562008,1,1,Internal
CDW,RF,0.4972714834955389,62,4.563064249723812e-05,1,1,Internal
CDW,RL,0.42093902686279905,62,0.0007300149355571612,1,1,Internal
CDW,ROK,0.6027093594264998,62,2.7527306837983754e-07,1,1,Internal
CDW,SYF,0.4834501956322656,62,7.921322733225418e-05,1,1,Internal
CDW,TEL,0.421640907559217,62,0.0007136696902586189,1,1,Internal
CDW,TFC,0.4257043724312897,62,0.0006253792651679808,1,1,Internal
CDW,TGT,0.43026236971399423,62,0.0005382119518441218,1,1,Internal
CDW,TRMB,0.6507385941092246,62,1.3693048662698027e-08,1,1,Internal
CDW,TROW,0.4515110196121101,62,0.0002598519902817763,1,1,Internal
CDW,URI,0.4339870134079945,62,0.00047533680039507344,1,1,Internal
CDW,USB,0.4778173265392859,62,9.851844547716017e-05,1,1,Internal
CDW,ZBRA,0.5088823709392295,62,2.8177541104746423e-05,1,1,Internal
CEG,DHI,-0.4127811424221103,62,0.0009464478286546293,12,1,External
CEG,FAST,-0.4902921694136456,62,6.046468099665745e-05,12,5,External
CEG,HWM,0.4118872929473224,62,0.0009733777594392069,12,12,Internal
CEG,IQV,-0.45640202770665006,62,0.0002182582361592918,12,5,External
CEG,KHC,-0.425139641722496,62,0.0006370260636964203,12,5,External
CEG,NVR,-0.4089679822342992,62,0.0010662143838799229,12,1,External
CEG,PFE,-0.42614472743238196,62,0.0006164318220442048,12,5,External
CEG,SYY,-0.4075753866194517,62,0.0011132498795956673,12,4,External
CEG,VRTX,-0.47708208331754853,62,0.00010133508224446908,12,5,External
CEG,ZTS,-0.43324324926157676,62,0.0004873312310889671,12,5,External
CF,COP,0.4489111580852821,62,0.0002847959148989673,2,2,Internal
CF,CVX,0.4149931952231306,62,0.000882669951762855,2,2,Internal
CF,DVN,0.4593332679832091,62,0.00019634546693094107,2,2,Internal
CF,EOG,0.5537137798622055,62,3.6776129887170382e-06,2,2,Internal
CF,EQT,0.438521296959749,62,0.0004078351320371353,2,2,Internal
CF,FANG,0.5033597424311878,62,3.5516276352737315e-05,2,2,Internal
CF,HAL,0.43793357672597394,62,0.00041606253123577453,2,2,Internal
CF,HD,-0.405017967551372,62,0.0012045204706710073,2,1,External
CF,MOS,0.617773557013135,62,1.1337136772943566e-07,2,2,Internal
CF,OKE,0.4975168778018919,62,4.5176224057316065e-05,2,2,Internal
CF,OXY,0.4553826385662345,62,0.0002263881524934685,2,2,Internal
CF,SLB,0.4889780809225214,62,6.371232369927628e-05,2,2,Internal
CF,XOM,0.5057112212486881,62,3.219862819020227e-05,2,2,Internal
CFG,CL,-0.446649084072459,62,0.0003082562703041788,1,4,External
CFG,CMI,0.4908166747958506,62,5.9211590068129116e-05,1,1,Internal
CFG,CNP,-0.42211324710122483,62,0.0007028571636124374,1,4,External
CFG,COF,0.6235862825870383,62,7.949954426913771e-08,1,1,Internal
CFG,COR,-0.43246239701527467,62,0.0005002190237363719,1,4,External
CFG,CSX,0.4748309619285088,62,0.00011042567365395806,1,1,Internal
CFG,CTAS,-0.42796987274340687,62,0.00058057103027374,1,4,External
CFG,DLTR,0.4855667089385427,62,7.290854628759485e-05,1,1,Internal
CFG,DOV,0.6458905965497415,62,1.8986688020603054e-08,1,1,Internal
CFG,ED,-0.40705008309929147,62,0.001131472117430869,1,4,External
CFG,EMR,0.5200572037031358,62,1.7421735416287893e-05,1,1,Internal
CFG,FDX,0.5596424621157966,62,2.7467395748885834e-06,1,1,Internal
CFG,FITB,0.9210325122910688,62,7.729194107196914e-26,1,1,Internal
CFG,FTV,0.49420732341874685,62,5.167175871070351e-05,1,1,Internal
CFG,GLW,0.439724406119344,62,0.00039145288574773105,1,1,Internal
CFG,GNRC,0.4475737090751128,62,0.0002984617256168964,1,1,Internal
CFG,GRMN,0.5848885367877599,62,7.424080559847262e-07,1,1,Internal
CFG,GS,0.5621501965400835,62,2.42362317147765e-06,1,1,Internal
CFG,HAS,0.4073713385237985,62,0.0011202964661274424,1,1,Internal
CFG,HBAN,0.8784862058422287,62,1.3888269742899416e-20,1,1,Internal
CFG,HPQ,0.45543865493704844,62,0.00022593431566868868,1,1,Internal
CFG,HST,0.4405785039763578,62,0.0003801889927827993,1,1,Internal
CFG,IEX,0.6464769696378516,62,1.8256355091881236e-08,1,1,Internal
CFG,IP,0.41931177218667487,62,0.000769220661645425,1,1,Internal
CFG,IR,0.4728722805790704,62,0.00011893867829212386,1,1,Internal
CFG,IVZ,0.6222832073032021,62,8.613763579849306e-08,1,1,Internal
CFG,JBHT,0.5409811887466408,62,6.756229362982854e-06,1,1,Internal
CFG,JBL,0.4013361109441467,62,0.0013477580934105492,1,1,Internal
CFG,KEY,0.8977611001867036,62,1.1262052967308835e-22,1,1,Internal
CFG,KEYS,0.5818803494391293,62,8.726920221792652e-07,1,1,Internal
CFG,KO,-0.4958873027786817,62,4.827390127999119e-05,1,4,External
CFG,LW,-0.41452024281446803,62,0.0008959703613752627,1,5,External
CFG,MAR,0.46594597866151793,62,0.00015410858532483216,1,1,Internal
CFG,MAS,0.48952978484002346,62,6.232973931434655e-05,1,1,Internal
CFG,MCD,-0.4607021743546246,62,0.0001868184707032693,1,4,External
CFG,MCK,-0.516817563664456,62,2.0062454591628323e-05,1,4,External
CFG,MDLZ,-0.40362518362779237,62,0.001257009492681055,1,5,External
CFG,MET,0.6422136402398283,62,2.4235075517948507e-08,1,1,Internal
CFG,MPC,0.5718519173807093,62,1.4789067921314235e-06,1,1,Internal
CFG,MS,0.6863889033476956,62,1.0215003376018643e-09,1,1,Internal
CFG,MSI,-0.4355116406475598,62,0.00045158413264422865,1,12,External
CFG,MTB,0.8843228002636216,62,3.5398966625555956e-21,1,1,Internal
CFG,NCLH,0.6249882023104529,62,7.289796998556638e-08,1,1,Internal
CFG,NKE,0.409151160200367,62,0.0010601626237431389,1,1,Internal
CFG,NSC,0.489251970317709,62,6.302245410299782e-05,1,1,Internal
CFG,NTRS,0.48479346808345514,62,7.51562315514355e-05,1,1,Internal
CFG,ODFL,0.43081687067918917,62,0.0005283969648959347,1,1,Internal
CFG,PFG,0.5381259786219595,62,7.717346543389666e-06,1,1,Internal
CFG,PGR,-0.4088890552225296,62,0.0010688315252212676,1,4,External
CFG,PH,0.6213189715328591,62,9.138233820988351e-08,1,1,Internal
CFG,PM,-0.4609879948773342,62,0.00018488349199321684,1,4,External
CFG,PNC,0.8716113329787947,62,6.368337506112396e-20,1,1,Internal
CFG,PNR,0.426038219482276,62,0.0006185852226503449,1,1,Internal
CFG,PRU,0.5969962972791295,62,3.8083571061252035e-07,1,1,Internal
CFG,PSX,0.5171445363425792,62,1.9779996822535453e-05,1,1,Internal
CFG,RCL,0.5263508262384758,62,1.3189014121078261e-05,1,1,Internal
CFG,RF,0.9042419030286019,62,1.7918232869146388e-23,1,1,Internal
CFG,RJF,0.6119117212159816,62,1.609930788882992e-07,1,1,Internal
CFG,RL,0.5052230566750252,62,3.286281690909318e-05,1,1,Internal
CFG,ROL,-0.5746527131119781,62,1.27857404669566e-06,1,4,External
CFG,RSG,-0.5923318760721805,62,4.941110777371482e-07,1,4,External
CFG,SBAC,-0.4552688384434649,62,0.00022731271268323705,1,4,External
CFG,SPG,0.4518257933459479,62,0.0002569714039821238,1,1,Internal
CFG,STT,0.559793953218926,62,2.7261306842614507e-06,1,1,Internal
CFG,SWK,0.5659402799174161,62,2.002027264707603e-06,1,1,Internal
CFG,SYF,0.7862013743071733,62,6.052517748528318e-14,1,1,Internal
CFG,TEL,0.5972421957962087,62,3.7560055236888506e-07,1,1,Internal
CFG,TFC,0.9051582071206237,62,1.3672607646802658e-23,1,1,Internal
CFG,TGT,0.4380588206761658,62,0.0004142967082391784,1,1,Internal
CFG,TPR,0.4943430201556828,62,5.1389320047647644e-05,1,1,Internal
CFG,TRMB,0.5192489241956018,62,1.804855186796248e-05,1,1,Internal
CFG,TROW,0.4374049186021429,62,0.00042359181088512203,1,1,Internal
CFG,UPS,0.463188030743672,62,0.00017059260516025915,1,1,Internal
CFG,URI,0.44858796811617285,62,0.00028804484282440857,1,1,Internal
CFG,USB,0.854902466391717,62,1.8391420960137287e-18,1,1,Internal
CFG,VLO,0.5102656763530704,62,2.657360403837213e-05,1,1,Internal
CFG,VRSK,-0.5217210723685693,62,1.619449912063168e-05,1,4,External
CFG,WFC,0.70339391119206,62,2.591697525008318e-10,1,1,Internal
CFG,WM,-0.5725541484091737,62,1.4260871000839323e-06,1,4,External
CFG,YUM,-0.4504473803255308,62,0.00026980521877015447,1,4,External
CFG,ZBRA,0.6716645308354552,62,3.1154122556812e-09,1,1,Internal
CHD,CINF,0.4048840924541811,62,0.001209478646714111,5,4,External
CHD,CL,0.6131622440535761,62,1.4947742719621306e-07,5,4,External
CHD,CLX,0.7007024434184334,62,3.2405524374372485e-10,5,5,Internal
CHD,COST,0.41067197303491026,62,0.0010111016150685566,5,4,External
CHD,CPB,0.534597328893396,62,9.080961770809953e-06,5,5,Internal
CHD,CTAS,0.43897505516383256,62,0.00040158460963272497,5,4,External
CHD,ECL,0.45013949851148394,62,0.00027275055871377554,5,4,External
CHD,EG,0.6200029286914305,62,9.902782607172338e-08,5,4,External
CHD,ELV,0.43636600474611853,62,0.00043875045372503114,5,4,External
CHD,ETN,-0.4416737314507859,62,0.0003661770122162893,5,12,External
CHD,EXC,0.42248232915220973,62,0.0006945117892652263,5,4,External
CHD,GILD,0.4762001001768185,62,0.00010481146204214923,5,5,Internal
CHD,GIS,0.5774002822935338,62,1.1069829868374116e-06,5,5,Internal
CHD,GL,0.43481685674507975,62,0.00046227125582070456,5,4,External
CHD,HIG,0.4690894548790656,62,0.00013710868475730835,5,4,External
CHD,HRL,0.6004270728221596,62,3.1362468313411985e-07,5,5,Internal
CHD,HWM,-0.45104261404373286,62,0.00026419312581970505,5,12,External
CHD,JNJ,0.40614535286756015,62,0.0011634868569176157,5,5,Internal
CHD,KDP,0.4835007114645712,62,7.905707934635701e-05,5,4,External
CHD,KHC,0.548681212043694,62,4.6909773674925575e-06,5,5,Internal
CHD,KMB,0.6957000500342119,62,4.87707485918783e-10,5,4,External
CHD,KO,0.5608313881834414,62,2.5888339816145847e-06,5,4,External
CHD,L,0.459074463320607,62,0.00019819584893904577,5,4,External
CHD,LIN,0.4783565082745904,62,9.649884949542454e-05,5,4,External
CHD,LLY,0.5319882129403876,62,1.022992995453535e-05,5,5,Internal
CHD,LW,0.41123842748391193,62,0.0009933577115769062,5,5,Internal
CHD,MCD,0.4697212238095284,62,0.0001339070646107198,5,4,External
CHD,MDLZ,0.44523290798208826,62,0.00032382716669648566,5,5,Internal
CHD,META,-0.40784321553320124,62,0.001104061282381958,5,1,External
CHD,MKC,0.5180739424893887,62,1.8997135895134573e-05,5,4,External
CHD,MNST,0.41017124750861833,62,0.001027024008446776,5,4,External
CHD,MSFT,-0.520400712258744,62,1.7161513938004872e-05,5,12,External
CHD,O,0.47544651185326064,62,0.00010786825174459848,5,4,External
CHD,ORLY,0.47986814909167025,62,9.103799238683947e-05,5,4,External
CHD,OTIS,0.4777828121433824,62,9.864903918698848e-05,5,4,External
CHD,PEP,0.5657459124349437,62,2.021861119503861e-06,5,5,Internal
CHD,PFE,0.41513833624566115,62,0.0008786241853128527,5,5,Internal
CHD,PG,0.723130119215561,62,4.652620137914845e-11,5,4,External
CHD,PH,-0.45746306500106715,62,0.00021008049784985246,5,1,External
CHD,PNW,0.46807446390253066,62,0.00014239971894956666,5,4,External
CHD,PPL,0.4053515959891668,62,0.001192243750957224,5,4,External
CHD,PWR,-0.5684998070416881,62,1.7572599692102196e-06,5,12,External
CHD,ROL,0.5205478690143698,62,1.705114430810524e-05,5,4,External
CHD,ROP,0.48115595666852734,62,8.661156894663839e-05,5,4,External
CHD,SO,0.4125225515757462,62,0.0009541686992683192,5,4,External
CHD,SYY,0.6175774561393386,62,1.1472259442185123e-07,5,4,External
CHD,TJX,0.48409474697051846,62,7.724201383608422e-05,5,5,Internal
CHD,TRV,0.4378884527708993,62,0.00041670041279724614,5,4,External
CHD,TSCO,0.4773652575059096,62,0.0001002416216012135,5,5,Internal
CHD,TSN,0.47334566336660105,62,0.00011682772008218784,5,4,External
CHD,VRTX,0.4007412397067961,62,0.0013722852287818036,5,5,Internal
CHD,VTR,0.6132351745551688,62,1.4883036630665676e-07,5,4,External
CHD,VZ,0.5251106106913944,62,1.3938734347265028e-05,5,4,External
CHD,WRB,0.43842711916442423,62,0.0004091434718283521,5,4,External
CHRW,CME,-0.4017846692044812,62,0.0013295248753460696,1,4,External
CHRW,CMI,0.5471492209325477,62,5.0477746306587204e-06,1,1,Internal
CHRW,CSX,0.6311933074763515,62,4.940972105810019e-08,1,1,Internal
CHRW,EXPD,0.6662231841806096,62,4.6304445889532356e-09,1,1,Internal
CHRW,FDX,0.6222456346437523,62,8.633657470780891e-08,1,1,Internal
CHRW,FRT,0.4843250017385911,62,7.654885400570815e-05,1,1,Internal
CHRW,HD,0.4917449466571824,62,5.7052401380339964e-05,1,1,Internal
CHRW,IP,0.496700978224899,62,4.6703462928003416e-05,1,1,Internal
CHRW,IR,0.49702302319421165,62,4.609503659792273e-05,1,1,Internal
CHRW,JBHT,0.6178208043244331,62,1.1304806079310982e-07,1,1,Internal
CHRW,KEY,0.44342874502763924,62,0.0003447018150989559,1,1,Internal
CHRW,LOW,0.5036256247683392,62,3.5125897908659934e-05,1,1,Internal
CHRW,MAS,0.6252427076515481,62,7.175638917142591e-08,1,1,Internal
CHRW,NKE,0.5531296337062669,62,3.78375520754584e-06,1,1,Internal
CHRW,NRG,0.4268715424279664,62,0.000601917376641489,1,1,Internal
CHRW,NSC,0.6962115921672298,62,4.679175746226822e-10,1,1,Internal
CHRW,ODFL,0.6003754188846626,62,3.1454819008045936e-07,1,1,Internal
CHRW,PCAR,0.41234023127825786,62,0.0009596464320349319,1,1,Internal
CHRW,PKG,0.5969243789182728,62,3.823797577548702e-07,1,1,Internal
CHRW,PNC,0.4623295493076593,62,0.0001760441346235964,1,1,Internal
CHRW,RF,0.41557651213400615,62,0.0008665115386725068,1,1,Internal
CHRW,SW,0.4513213003106541,62,0.0002616023791205833,1,1,Internal
CHRW,SWK,0.5710551356103177,62,1.5410544976840644e-06,1,1,Internal
CHRW,UNP,0.58681127938765,62,6.68944209949461e-07,1,1,Internal
CHRW,UPS,0.576996100128009,62,1.1307934755340805e-06,1,1,Internal
CHRW,USB,0.4066907182949399,62,0.0011440923748152333,1,1,Internal
CHRW,ZBRA,0.442030944928524,62,0.00036170968453420215,1,1,Internal
CHTR,CMCSA,0.5278834344133851,62,1.2314304858825404e-05,5,5,Internal
CHTR,VRSN,0.5959008972733463,62,4.050008001238655e-07,5,4,External
CI,CINF,0.5317733686939672,62,1.0330327216054807e-05,4,4,Internal
CI,CL,0.5706856057512714,62,1.570699604859661e-06,4,4,Internal
CI,CME,0.5704269318062697,62,1.5917681534051983e-06,4,4,Internal
CI,CMI,-0.42571647701621945,62,0.000625131750932267,4,1,External
CI,CMS,0.6921359540408624,62,6.493478298576209e-10,4,4,Internal
CI,CNC,0.463146042446038,62,0.00017085559992713472,4,4,Internal
CI,CNP,0.6308941703822428,62,5.035477293079115e-08,4,4,Internal
CI,COR,0.5200819575749155,62,1.740286163878753e-05,4,4,Internal
CI,COST,0.46536162017208266,62,0.00015747412110336286,4,4,Internal
CI,CTAS,0.5723547547436715,62,1.440902454984124e-06,4,4,Internal
CI,CVS,0.526650703330351,62,1.3013449673497012e-05,4,16,External
CI,D,0.6457795071231377,62,1.9128126697010424e-08,4,4,Internal
CI,DGX,0.5236574131543442,62,1.486750590247334e-05,4,4,Internal
CI,DOC,0.40553344501325844,62,0.0011855996692924857,4,4,Internal
CI,DTE,0.6674434399645883,62,4.239713927397196e-09,4,4,Internal
CI,DUK,0.7348471690645052,62,1.5629665265098868e-11,4,4,Internal
CI,EA,0.48161592716744606,62,8.5079188172459e-05,4,4,Internal
CI,ECL,0.41406846139048964,62,0.0009088440996856697,4,4,Internal
CI,ED,0.75998234338818,62,1.2259564175468766e-12,4,4,Internal
CI,EG,0.5013483852949462,62,3.8601997983498675e-05,4,4,Internal
CI,ELV,0.5011862837181636,62,3.8861177394019544e-05,4,4,Internal
CI,EQR,0.42704708256122265,62,0.0005984586304822113,4,4,Internal
CI,ES,0.472592411841232,62,0.00012020311785404066,4,4,Internal
CI,ESS,0.4170399479168954,62,0.0008271423768783427,4,4,Internal
CI,ETR,0.6123208785794971,62,1.5713638439006624e-07,4,4,Internal
CI,EVRG,0.5960392795755606,62,4.0187041367317044e-07,4,4,Internal
CI,EXC,0.7074737999007428,62,1.8383336107679725e-10,4,4,Internal
CI,EXR,0.4352817894443388,62,0.00045509456767192316,4,4,Internal
CI,FDX,-0.4252025807505168,62,0.0006357183715612445,4,1,External
CI,FE,0.6549673458529485,62,1.0246955232152374e-08,4,4,Internal
CI,GD,0.4284120186385554,62,0.0005721733860811998,4,2,External
CI,GL,0.5816216756619069,62,8.848430275456379e-07,4,4,Internal
CI,HIG,0.5638264810214325,62,2.227843562071813e-06,4,4,Internal
CI,HRL,0.4020524389804885,62,0.0013187464069429277,4,5,External
CI,HST,-0.4066890957482407,62,0.0011441496420482931,4,1,External
CI,HUM,0.40664164794208124,62,0.0011458254378795714,4,16,External
CI,ICE,0.5591907204874552,62,2.8090623306278563e-06,4,4,Internal
CI,INVH,0.49598732601241735,62,4.807825641261881e-05,4,4,Internal
CI,JKHY,0.5134798820031424,62,2.3167617806545126e-05,4,4,Internal
CI,KDP,0.5113529234970733,62,2.5372755951921023e-05,4,4,Internal
CI,KEYS,-0.48804025467291606,62,6.61275878779309e-05,4,1,External
CI,KHC,0.4296502907661643,62,0.0005492379904959389,4,5,External
CI,KLAC,-0.4815625524939867,62,8.525571599130094e-05,4,1,External
CI,KO,0.5788941431323674,62,1.0229947444810901e-06,4,4,Internal
CI,KR,0.5029985046593922,62,3.6053090023935804e-05,4,4,Internal
CI,KVUE,0.4668365926627198,62,0.00014910588208748112,4,4,Internal
CI,L,0.5629859388194697,62,2.3240865754705704e-06,4,4,Internal
CI,LIN,0.5384283249579532,62,7.609851556468825e-06,4,4,Internal
CI,LMT,0.4125861360650066,62,0.0009522649764103842,4,2,External
CI,LNT,0.6377767506568061,62,3.2394908238958804e-08,4,4,Internal
CI,LRCX,-0.5837133802031694,62,7.909656705771179e-07,4,1,External
CI,MAA,0.4420507969639743,62,0.0003614628762383798,4,4,Internal
CI,MCD,0.5532138974182719,62,3.768269556806204e-06,4,4,Internal
CI,MCHP,-0.4112932344560211,62,0.000991655898976545,4,1,External
CI,MCK,0.5763595685040253,62,1.1692668808447382e-06,4,4,Internal
CI,MDLZ,0.43430251503990813,62,0.0004703303324306321,4,5,External
CI,META,-0.5077739351047655,62,2.9526957900928118e-05,4,1,External
CI,MKC,0.5577011427561418,62,3.02405523373171e-06,4,4,Internal
CI,MMC,0.5169486009142242,62,1.994881092712089e-05,4,4,Internal
CI,MNST,0.4759467686794243,62,0.00010583005425181838,4,4,Internal
CI,MO,0.5653678435359526,62,2.0609679750530427e-06,4,4,Internal
CI,MOH,0.4580521225697605,62,0.0002056623996883513,4,4,Internal
CI,MPWR,-0.5877157649223641,62,6.367974356960698e-07,4,1,External
CI,MU,-0.4100932580981398,62,0.0010295242086514253,4,1,External
CI,NEE,0.4236309063506946,62,0.0006691118587087509,4,4,Internal
CI,NEM,0.42010058489407354,62,0.0007499839363009214,4,4,Internal
CI,NI,0.5867766047350343,62,6.702063969101562e-07,4,4,Internal
CI,NVDA,-0.40407633754953914,62,0.001239786156823548,4,1,External
CI,O,0.5783978928080264,62,1.0502089060500514e-06,4,4,Internal
CI,ORLY,0.579023663844808,62,1.0160014420581175e-06,4,4,Internal
CI,OTIS,0.4607405721663451,62,0.00018655744738805288,4,4,Internal
CI,PEG,0.4949290593474634,62,5.018583024681728e-05,4,4,Internal
CI,PGR,0.5489047479170952,62,4.640928116602654e-06,4,4,Internal
CI,PM,0.4988683385580232,62,4.27476216012084e-05,4,4,Internal
CI,PNW,0.6882984189585799,62,8.797544849218657e-10,4,4,Internal
CI,PPL,0.7233886462863566,62,4.5446976613237515e-11,4,4,Internal
CI,PSA,0.4382495120211144,62,0.00041162122762603774,4,4,Internal
CI,RL,-0.40100599696845274,62,0.0013613199284745218,4,1,External
CI,ROL,0.613950558598672,62,1.4262157861693422e-07,4,4,Internal
CI,ROP,0.4660482997737516,62,0.00015352611003274915,4,4,Internal
CI,RSG,0.7139631225706037,62,1.0516870603211459e-10,4,4,Internal
CI,SBAC,0.5852856026960914,62,7.266434545821788e-07,4,4,Internal
CI,SO,0.7683596827121844,62,4.893824165332557e-13,4,4,Internal
CI,SRE,0.46365231212268954,62,0.0001677091880108444,4,4,Internal
CI,SWK,-0.43806542881290034,62,0.00041420372929496294,4,1,External
CI,SYF,-0.49155289390695567,62,5.7493070668915394e-05,4,1,External
CI,SYY,0.40481579627815023,62,0.0012120151197920449,4,4,Internal
CI,T,0.5990101508766609,62,3.399046532685156e-07,4,4,Internal
CI,TER,-0.4734616098949573,62,0.00011631595300780428,4,1,External
CI,TRV,0.6017241731841203,62,2.9125291523643623e-07,4,4,Internal
CI,UDR,0.4307031533345996,62,0.0005303964831147253,4,4,Internal
CI,VICI,0.44834159510191035,62,0.0002905442325230316,4,4,Internal
CI,VRSK,0.5398559407814691,62,7.1208564871118e-06,4,4,Internal
CI,VTR,0.6096822013247027,62,1.8362294089849628e-07,4,4,Internal
CI,VZ,0.568981790874764,62,1.7144228779017434e-06,4,4,Internal
CI,WEC,0.7060557871944356,62,2.0727771605984244e-10,4,4,Internal
CI,WELL,0.65682242067994,62,9.010237008610565e-09,4,4,Internal
CI,WM,0.6385342800187465,62,3.083908923956549e-08,4,4,Internal
CI,WRB,0.5938385200360485,62,4.5445573464980836e-07,4,4,Internal
CI,WTW,0.503159733598339,62,3.581257702053183e-05,4,4,Internal
CI,WYNN,-0.41409073757853637,62,0.0009082054357649789,4,1,External
CI,XEL,0.6935093632609483,62,5.81812607134743e-10,4,4,Internal
CI,YUM,0.5573272621034719,62,3.080381038852137e-06,4,4,Internal
CI,ZBRA,-0.48852504899894417,62,6.486871442193772e-05,4,1,External
CINF,CL,0.4192709254499929,62,0.0007702288323729251,4,4,Internal
CINF,CME,0.5586651885642863,62,2.8832273223603227e-06,4,4,Internal
CINF,CMS,0.6541019255618006,62,1.087732889164787e-08,4,4,Internal
CINF,CNC,0.41595808656246414,62,0.0008560866207730719,4,4,Internal
CINF,CNP,0.47623397205765555,62,0.00010467595547567683,4,4,Internal
CINF,COST,0.49680492233397816,62,4.6506279765128264e-05,4,4,Internal
CINF,CPT,0.4991771596387442,62,4.220986884283715e-05,4,4,Internal
CINF,CTAS,0.5821066722391717,62,8.62189188987092e-07,4,4,Internal
CINF,CTVA,0.4052642450776813,62,0.001195447123397833,4,2,External
CINF,D,0.6240661955744778,62,7.71786721969091e-08,4,4,Internal
CINF,DGX,0.4849378026321046,62,7.47318900369321e-05,4,4,Internal
CINF,DOC,0.4865773666682087,62,7.006407037674859e-05,4,4,Internal
CINF,DTE,0.7093076502150378,62,1.5723579825311105e-10,4,4,Internal
CINF,DUK,0.6162798264269476,62,1.240536104713204e-07,4,4,Internal
CINF,ECL,0.5522435796426349,62,3.950227086547733e-06,4,4,Internal
CINF,ED,0.6161849189146122,62,1.247634054919099e-07,4,4,Internal
CINF,EG,0.6565718114829091,62,9.168640136452948e-09,4,4,Internal
CINF,ELV,0.4279486752817044,62,0.0005809764256113697,4,4,Internal
CINF,EQR,0.489698518001412,62,6.191244661158464e-05,4,4,Internal
CINF,ES,0.5663387006144972,62,1.9619387597244117e-06,4,4,Internal
CINF,ESS,0.42596528158138447,62,0.0006200638274694199,4,4,Internal
CINF,ETR,0.49794659671838015,62,4.439053055426707e-05,4,4,Internal
CINF,EVRG,0.4932027112859473,62,5.380774555445973e-05,4,4,Internal
CINF,EXC,0.6006144917265396,62,3.1029522919297403e-07,4,4,Internal
CINF,FE,0.5743274807452311,62,1.3004586001281546e-06,4,4,Internal
CINF,GE,0.467610300380104,62,0.00014488120977417145,4,4,Internal
CINF,GL,0.6149087267648545,62,1.3468715153772464e-07,4,4,Internal
CINF,HCA,0.6106354370903037,62,1.7360377220167374e-07,4,4,Internal
CINF,HIG,0.882829224218172,62,5.0570346902946475e-21,4,4,Internal
CINF,HON,0.46704949261388357,62,0.00014793226053917482,4,4,Internal
CINF,HPQ,-0.4394462220953192,62,0.00039518664573042346,4,1,External
CINF,ICE,0.651706379756112,62,1.281914736547272e-08,4,4,Internal
CINF,JKHY,0.5318814432209992,62,1.0279709731609847e-05,4,4,Internal
CINF,KDP,0.405974116942541,62,0.0011696371747268626,4,4,Internal
CINF,KLAC,-0.5400131607827564,62,7.0688319598453435e-06,4,1,External
CINF,KMB,0.42058072762055265,62,0.0007384888524875621,4,4,Internal
CINF,KMI,0.5246420824012954,62,1.4232123758558752e-05,4,4,Internal
CINF,KO,0.5133807786170269,62,2.326628607007315e-05,4,4,Internal
CINF,KR,0.4601241152620146,62,0.00019078866161855728,4,4,Internal
CINF,KVUE,0.5264242941276324,62,1.3145799637237688e-05,4,4,Internal
CINF,L,0.8541775609767776,62,2.1076933848411803e-18,4,4,Internal
CINF,LIN,0.42837799210198985,62,0.0005728157147665598,4,4,Internal
CINF,LNT,0.6261551522092,62,6.780067585572467e-08,4,4,Internal
CINF,LRCX,-0.5762165937109991,62,1.1780756453144231e-06,4,1,External
CINF,MAA,0.47120424533652694,62,0.0001266592559424968,4,4,Internal
CINF,MCD,0.5074648281786885,62,2.9913794817709905e-05,4,4,Internal
CINF,MCK,0.510120850438239,62,2.673747624275849e-05,4,4,Internal
CINF,MCO,0.6088639655344772,62,1.9265478986289875e-07,4,4,Internal
CINF,MET,0.43330977782802654,62,0.00048624725867273057,4,1,External
CINF,MKC,0.4691311824301409,62,0.0001368950747394683,4,4,Internal
CINF,MMC,0.6050118794608906,62,2.4108223591131485e-07,4,4,Internal
CINF,MO,0.5300352441839187,62,1.1176904510987298e-05,4,4,Internal
CINF,MPWR,-0.6587735130609207,62,7.86263447082427e-09,4,1,External
CINF,NEE,0.5018362632149739,62,3.783155494799993e-05,4,4,Internal
CINF,NI,0.5101251349853256,62,2.6732614823651654e-05,4,4,Internal
CINF,NVDA,-0.5683657162436375,62,1.7693543948447708e-06,4,1,External
CINF,NXPI,-0.5195432344537342,62,1.7817932623438708e-05,4,1,External
CINF,O,0.5048486903324635,62,3.338073678990587e-05,4,4,Internal
CINF,ON,-0.4660965059138182,62,0.0001532523908262622,4,1,External
CINF,ORLY,0.5222376901711898,62,1.5830096435240448e-05,4,4,Internal
CINF,OTIS,0.4877644113354641,62,6.685388766684094e-05,4,4,Internal
CINF,PAYX,0.5229805075933642,62,1.5319466458259927e-05,4,4,Internal
CINF,PCG,0.40120219400090706,62,0.001353245002227165,4,4,Internal
CINF,PEG,0.5627152036254673,62,2.355904615679075e-06,4,4,Internal
CINF,PFG,0.4249122117380544,62,0.0006417717460292513,4,1,External
CINF,PG,0.44290179694624,62,0.00035102602248788547,4,4,Internal
CINF,PGR,0.6944583342725593,62,5.391058463265134e-10,4,4,Internal
CINF,PM,0.4844265385929312,62,7.624501095766357e-05,4,4,Internal
CINF,PNW,0.5966191651536916,62,3.8899821827504446e-07,4,4,Internal
CINF,PPL,0.6871332640712524,62,9.63844135984197e-10,4,4,Internal
CINF,PRU,0.43274278047156745,62,0.0004955561645685497,4,1,External
CINF,PSA,0.44649151075984317,62,0.0003099543818256756,4,4,Internal
CINF,ROL,0.5793122762620094,62,1.0005790358834019e-06,4,4,Internal
CINF,ROP,0.4574447994328181,62,0.0002102188722107494,4,4,Internal
CINF,RSG,0.5403163547077191,62,6.969502470004887e-06,4,4,Internal
CINF,SBAC,0.5525370515428858,62,3.894347037099578e-06,4,4,Internal
CINF,SO,0.5927061000745671,62,4.839687922785532e-07,4,4,Internal
CINF,SPGI,0.6232123105433645,62,8.135353587997456e-08,4,4,Internal
CINF,SRE,0.5489551859864066,62,4.629704222566989e-06,4,4,Internal
CINF,SWKS,-0.5153083713744168,62,2.1415321197730723e-05,4,1,External
CINF,SYY,0.45036411094266543,62,0.00027059893398219707,4,4,Internal
CINF,T,0.5344962259826976,62,9.123149954105122e-06,4,4,Internal
CINF,TER,-0.5377127506485747,62,7.866551744236945e-06,4,1,External
CINF,TJX,0.40038100156939804,62,0.0013873324354550585,4,5,External
CINF,TMUS,0.4841586636662313,62,7.70490214968733e-05,4,4,Internal
CINF,TRV,0.86362790560172,62,3.357006289687126e-19,4,4,Internal
CINF,UDR,0.46387264833538955,62,0.00016635647630573885,4,4,Internal
CINF,UHS,0.5122772308075906,62,2.439161610347734e-05,4,4,Internal
CINF,VRSK,0.5605131500921098,62,2.630247412136056e-06,4,4,Internal
CINF,VTR,0.48133679753705616,62,8.60060972531954e-05,4,4,Internal
CINF,VZ,0.5765219709144654,62,1.1593360402721955e-06,4,4,Internal
CINF,WEC,0.6311974135559745,62,4.939686610901011e-08,4,4,Internal
CINF,WELL,0.6590981016652558,62,7.685688866553771e-09,4,4,Internal
CINF,WM,0.476409142802501,62,0.0001039777401649909,4,4,Internal
CINF,WRB,0.7909391448172204,62,3.359663510207981e-14,4,4,Internal
CINF,WTW,0.6157632285884961,62,1.2796366228440088e-07,4,4,Internal
CINF,XEL,0.5989516112492742,62,3.410337054155038e-07,4,4,Internal
CINF,YUM,0.4326495493876121,62,0.000497102225462778,4,4,Internal
CL,CLX,0.6462421996042039,62,1.8545516353468008e-08,4,5,External
CL,CME,0.5185756630552737,62,1.8586567700189505e-05,4,4,Internal
CL,CMS,0.5475951534012313,62,4.941390149841764e-06,4,4,Internal
CL,CNP,0.5210015017749934,62,1.6715044826439444e-05,4,4,Internal
CL,COF,-0.4348135402284527,62,0.00046232281686788067,4,1,External
CL,COR,0.457706559269576,62,0.0002082438010141725,4,4,Internal
CL,COST,0.49912981082305513,62,4.22919099681371e-05,4,4,Internal
CL,CPB,0.435333230075145,62,0.0004543067859945067,4,5,External
CL,CTAS,0.5206967347422858,62,1.6940163488308304e-05,4,4,Internal
CL,D,0.5870162744496699,62,6.61527669804488e-07,4,4,Internal
CL,DTE,0.5910968013152758,62,5.290188633924501e-07,4,4,Internal
CL,DUK,0.678643721334929,62,1.8511205361450803e-09,4,4,Internal
CL,EA,0.4847281449072615,62,7.53490092664916e-05,4,4,Internal
CL,EBAY,0.5180730705042198,62,1.8997856724891104e-05,4,4,Internal
CL,ECL,0.6267280630663243,62,6.542303660085153e-08,4,4,Internal
CL,ED,0.6699751671647374,62,3.526408278454783e-09,4,4,Internal
CL,EG,0.4676230042372424,62,0.00014481276840364886,4,4,Internal
CL,ELV,0.40070451653662015,62,0.0013738124214704816,4,4,Internal
CL,ETR,0.452194437313296,62,0.00025363493105294273,4,4,Internal
CL,EVRG,0.4791054908275008,62,9.3756550458189e-05,4,4,Internal
CL,EXC,0.7016129280259138,62,3.005477576874046e-10,4,4,Internal
CL,FAST,0.502750404094807,62,3.642611292254513e-05,4,5,External
CL,FE,0.6703352445141301,62,3.434717292635421e-09,4,4,Internal
CL,FITB,-0.4440167685412986,62,0.0003377672952949026,4,1,External
CL,GIS,0.6006745489462932,62,3.0923537599413646e-07,4,5,External
CL,HIG,0.5033721081434873,62,3.5498031946720434e-05,4,4,Internal
CL,HON,0.4199910831818016,62,0.0007526280734671053,4,4,Internal
CL,HRL,0.5422882740668032,62,6.354540134445904e-06,4,5,External
CL,ICE,0.4108748876642081,62,0.001004712830747007,4,4,Internal
CL,JBL,-0.46104323459452323,62,0.00018451164686373136,4,1,External
CL,JKHY,0.5222055311672958,62,1.5852556113049575e-05,4,4,Internal
CL,JNJ,0.4730279176296411,62,0.00011824081100844187,4,5,External
CL,KDP,0.6484606696087284,62,1.5977627675506356e-08,4,4,Internal
CL,KEY,-0.41004005687155853,62,0.0010312328909136681,4,1,External
CL,KEYS,-0.5125762168505752,62,2.4081849278829024e-05,4,1,External
CL,KHC,0.5926467058791323,62,4.855653436372353e-07,4,5,External
CL,KLAC,-0.41105227725252175,62,0.0009991575495948838,4,1,External
CL,KMB,0.7389016044435481,62,1.057271199657763e-11,4,4,Internal
CL,KO,0.8040184068884185,62,6.096127986685644e-15,4,4,Internal
CL,KR,0.4817186589294945,62,8.474036651613857e-05,4,4,Internal
CL,KVUE,0.5181204081844646,62,1.8958761532247513e-05,4,4,Internal
CL,L,0.482658285306919,62,8.169849149253936e-05,4,4,Internal
CL,LIN,0.5874334541466062,62,6.466721320520877e-07,4,4,Internal
CL,LNT,0.5376662289768426,62,7.883516595955345e-06,4,4,Internal
CL,LRCX,-0.5524870025153267,62,3.903824396769271e-06,4,1,External
CL,MCD,0.5973902437584008,62,3.724813180824864e-07,4,4,Internal
CL,MCHP,-0.47864061788251105,62,9.545005267504772e-05,4,1,External
CL,MCK,0.5902204104146659,62,5.551792266796013e-07,4,4,Internal
CL,MDLZ,0.6074494406152388,62,2.0926218068453865e-07,4,5,External
CL,META,-0.5212156219851173,62,1.655854731750363e-05,4,1,External
CL,MKC,0.49237286343876707,62,5.5633286605182133e-05,4,4,Internal
CL,MNST,0.5190614934488447,62,1.819686138137739e-05,4,4,Internal
CL,MO,0.4839776880544863,62,7.759662031959195e-05,4,4,Internal
CL,MPWR,-0.45208718503790285,62,0.00025460153051564896,4,1,External
CL,MU,-0.49549238436807963,62,4.9053562261476465e-05,4,1,External
CL,NI,0.44867180998173256,62,0.00028719877373946726,4,4,Internal
CL,NUE,-0.4001208660343421,62,0.0013982903210142943,4,13,External
CL,NXPI,-0.41805827346275215,62,0.0008007089803928334,4,1,External
CL,O,0.6239025576178069,62,7.796275516170581e-08,4,4,Internal
CL,ON,-0.45330637926605444,62,0.00024380935374181923,4,1,External
CL,ORLY,0.6187385813440945,62,1.0693756060851912e-07,4,4,Internal
CL,OTIS,0.6445541216639105,62,2.0755824967118973e-08,4,4,Internal
CL,PEG,0.44160404778705065,62,0.0003670543140694955,4,4,Internal
CL,PEP,0.5205592039108294,62,1.7042670360232948e-05,4,5,External
CL,PG,0.7170447008016987,62,8.023571110642886e-11,4,4,Internal
CL,PGR,0.40633975249081894,62,0.0011565398615798338,4,4,Internal
CL,PH,-0.43132398024114155,62,0.0005195633651291783,4,1,External
CL,PM,0.5170928631732244,62,1.9824388304183955e-05,4,4,Internal
CL,PNW,0.6336460477491345,62,4.226817378596833e-08,4,4,Internal
CL,PPL,0.614519513739928,62,1.3785865657752764e-07,4,4,Internal
CL,PSA,0.44351275418392705,62,0.0003437032228858316,4,4,Internal
CL,RCL,-0.4290489875423111,62,0.000560269095069906,4,1,External
CL,ROL,0.628912010761616,62,5.7061370169423275e-08,4,4,Internal
CL,ROP,0.6275612797123987,62,6.210508035025561e-08,4,4,Internal
CL,RSG,0.5969823630951517,62,3.811344114240081e-07,4,4,Internal
CL,SBAC,0.65650080522016,62,9.213998152145696e-09,4,4,Internal
CL,SO,0.6823477781863946,62,1.3961563843639912e-09,4,4,Internal
CL,SRE,0.4626893794726226,62,0.00017374000554964522,4,4,Internal
CL,STZ,0.4396430532769292,62,0.0003925414602773597,4,5,External
CL,SYF,-0.5429240789470081,62,6.167297147713684e-06,4,1,External
CL,SYY,0.5680428431868548,62,1.79879653196457e-06,4,4,Internal
CL,T,0.43234666960967194,62,0.0005021551941559238,4,4,Internal
CL,TER,-0.4785385894555946,62,9.58254804176201e-05,4,1,External
CL,TFC,-0.42086001196334843,62,0.0007318760704161584,4,1,External
CL,TRV,0.5192843811368139,62,1.8020622090250332e-05,4,4,Internal
CL,TSCO,0.5255136791347739,62,1.3690841195554181e-05,4,5,External
CL,TSN,0.5069671697428375,62,3.0546466222920407e-05,4,4,Internal
CL,TYL,0.4197506353238625,62,0.0007584637759812632,4,5,External
CL,V,0.44307362834825675,62,0.00034895225494596275,4,4,Internal
CL,VICI,0.5472197197502567,62,5.030815049524631e-06,4,4,Internal
CL,VRSK,0.5181502963485214,62,1.8934115976569896e-05,4,4,Internal
CL,VTR,0.5024331870487697,62,3.690825237987589e-05,4,4,Internal
CL,VZ,0.6023209378048531,62,2.814722507129594e-07,4,4,Internal
CL,WEC,0.612225308251911,62,1.5802935888861085e-07,4,4,Internal
CL,WELL,0.49165106810432124,62,5.726741703482742e-05,4,4,Internal
CL,WM,0.626287507796234,62,6.724425551118263e-08,4,4,Internal
CL,WRB,0.5222823855579023,62,1.5798930470695695e-05,4,4,Internal
CL,WTW,0.47003359221816887,62,0.00013234955189906974,4,4,Internal
CL,XEL,0.6039872303076126,62,2.5577220595864836e-07,4,4,Internal
CL,YUM,0.4843245273637095,62,7.655027615785645e-05,4,4,Internal
CLX,COST,0.49559320980388155,62,4.885341175288919e-05,5,4,External
CLX,CPB,0.5696717894482616,62,1.6547965501225407e-06,5,5,Internal
CLX,D,0.45665316894067337,62,0.0002162967415220831,5,4,External
CLX,ECL,0.5750766594338029,62,1.2505648166636135e-06,5,4,External
CLX,EG,0.4775121997445991,62,9.967849773628986e-05,5,4,External
CLX,EXC,0.41206841363938673,62,0.00096786576078084,5,4,External
CLX,EXR,0.40235812834510076,62,0.0013065376346237771,5,4,External
CLX,FAST,0.4142409277458166,62,0.0009039100093572321,5,5,Internal
CLX,FCX,-0.4868084503894456,62,6.942822040301477e-05,5,2,External
CLX,FE,0.47979700017717475,62,9.128850681636178e-05,5,4,External
CLX,FIS,0.42259361900031045,62,0.0006920130573861231,5,5,Internal
CLX,GILD,0.4027423125287013,62,0.0012913380332627406,5,5,Internal
CLX,GIS,0.6689540155081387,62,3.799220960336294e-09,5,5,Internal
CLX,GPC,0.45018562377242977,62,0.0002723074419271664,5,5,Internal
CLX,HD,0.4581054432740874,62,0.00020526670475683835,5,1,External
CLX,HIG,0.46941077510676305,62,0.00013547165424071943,5,4,External
CLX,HON,0.4857318851466507,62,7.243650527757153e-05,5,4,External
CLX,HRL,0.5507653844337871,62,4.243248851613872e-06,5,5,Internal
CLX,JKHY,0.43978590715116594,62,0.0003906317708416581,5,4,External
CLX,KDP,0.535696381274549,62,8.633914368804512e-06,5,4,External
CLX,KHC,0.5747509866307932,62,1.2720294933128692e-06,5,5,Internal
CLX,KMB,0.6144976333344521,62,1.3803902108150427e-07,5,4,External
CLX,KO,0.5759173093018366,62,1.1967164153467783e-06,5,4,External
CLX,KR,0.4081735114217351,62,0.001092823686712987,5,4,External
CLX,LIN,0.49152788365283334,62,5.755068774220127e-05,5,4,External
CLX,LKQ,0.41384445667533,62,0.0009152889442778659,5,5,Internal
CLX,LRCX,-0.42989356140723367,62,0.0005448313841810401,5,1,External
CLX,LW,0.45043161560938627,62,0.00026995532311830577,5,5,Internal
CLX,MCD,0.4474648253362403,62,0.0002996001956790246,5,4,External
CLX,MDLZ,0.5269848618789812,62,1.2820374244155383e-05,5,5,Internal
CLX,MKC,0.5079153262764062,62,2.9351559701662405e-05,5,4,External
CLX,MNST,0.43163643717209443,62,0.000514187489744547,5,4,External
CLX,MRK,0.4494117348358689,62,0.0002798297384401993,5,5,Internal
CLX,MU,-0.45510953495184214,62,0.00022861276019549466,5,1,External
CLX,NVDA,-0.4341455434800753,62,0.0004728151803618616,5,1,External
CLX,NVR,0.40102725207748663,62,0.0013604430409167808,5,1,External
CLX,O,0.4670892534318498,62,0.00014771401811664172,5,4,External
CLX,ORLY,0.5222864006842589,62,1.5796133524919206e-05,5,4,External
CLX,OTIS,0.5685632160282734,62,1.7515677274920262e-06,5,4,External
CLX,PEP,0.6085532660085999,62,1.961926052149718e-07,5,5,Internal
CLX,PFE,0.5118652704256682,62,2.482448133736523e-05,5,5,Internal
CLX,PG,0.6640370605885153,62,5.4171622594796456e-09,5,4,External
CLX,PNW,0.45015020425862773,62,0.0002726476519748792,5,4,External
CLX,PPL,0.4362193269479674,62,0.00044092989180472664,5,4,External
CLX,PSA,0.5106153016766279,62,2.618182462870911e-05,5,4,External
CLX,REG,0.4223595217042519,62,0.000697278596860644,5,5,Internal
CLX,ROL,0.49483245629765266,62,5.038240612262628e-05,5,4,External
CLX,ROP,0.5009641849985558,62,3.9218896827475994e-05,5,4,External
CLX,SBAC,0.4803546604027205,62,8.934186839451394e-05,5,4,External
CLX,SHW,0.5436116473722686,62,5.970603984818704e-06,5,5,Internal
CLX,SO,0.42842440175871954,62,0.000571939788556676,5,4,External
CLX,STZ,0.4507127856171853,62,0.00026728956540979655,5,5,Internal
CLX,SYY,0.6152093288159965,62,1.3228486349173212e-07,5,4,External
CLX,TJX,0.4540660209496636,62,0.00023729816106759138,5,5,Internal
CLX,TPL,-0.4258400464034586,62,0.0006226100814739209,5,2,External
CLX,TRV,0.43982620605145806,62,0.00039009458112197043,5,4,External
CLX,TSCO,0.47119009291720426,62,0.0001267266853273578,5,5,Internal
CLX,TSN,0.46568049629640007,62,0.0001556293363473114,5,4,External
CLX,VRTX,0.4066029808022058,62,0.0011471927457506873,5,5,Internal
CLX,VTR,0.40150829600063415,62,0.0013407326255687089,5,4,External
CLX,ZTS,0.48611319445351303,62,7.135753032076418e-05,5,5,Internal
CMCSA,DUK,0.4124093857887312,62,0.0009575653845084826,5,4,External
CMCSA,IBM,0.6069647870355463,62,2.152556722143288e-07,5,5,Internal
CMCSA,KDP,0.45902183887063774,62,0.00019857404605719747,5,4,External
CMCSA,KO,0.4252954245747932,62,0.0006337937837671152,5,4,External
CMCSA,LIN,0.41298255297890313,62,0.0009404733192850832,5,4,External
CMCSA,LKQ,0.49342594395828204,62,5.3326190764172136e-05,5,5,Internal
CMCSA,MDLZ,0.4606193680944918,62,0.0001873825152682597,5,5,Internal
CMCSA,MNST,0.4624352553404274,62,0.00017536437227290023,5,4,External
CMCSA,NEE,0.4536219815565479,62,0.00024108463138362645,5,4,External
CMCSA,NOW,-0.508537874371201,62,2.8590690389124076e-05,5,1,External
CMCSA,PEP,0.5601267646685637,62,2.681361304662476e-06,5,5,Internal
CMCSA,PG,0.5062886210932537,62,3.142906915120041e-05,5,4,External
CMCSA,TYL,0.6445514805834538,62,2.0759470497453425e-08,5,5,Internal
CMCSA,URI,-0.4574538625772634,62,0.00021015020218169276,5,1,External
CMCSA,VZ,0.4110880893685906,62,0.0009980393935452919,5,4,External
CMCSA,XEL,0.42494598722432764,62,0.0006410649485167886,5,4,External
CME,CMI,-0.6079400826246479,62,2.0335483343064009e-07,4,1,External
CME,CMS,0.5541926070215595,62,3.592687873143374e-06,4,4,Internal
CME,CNP,0.6116250448804027,62,1.6374818151109583e-07,4,4,Internal
CME,COR,0.5882156904907814,62,6.196572855600327e-07,4,4,Internal
CME,COST,0.49612987320096,62,4.78006999216191e-05,4,4,Internal
CME,CSX,-0.47393762618034707,62,0.00011423640988957566,4,1,External
CME,CTAS,0.6105584405684795,62,1.743935499844186e-07,4,4,Internal
CME,D,0.4886021216194534,62,6.467062615548013e-05,4,4,Internal
CME,DTE,0.6267266020965585,62,6.542899849613976e-08,4,4,Internal
CME,DUK,0.6891484348789153,62,8.228543334282222e-10,4,4,Internal
CME,EA,0.5638211718965683,62,2.2284395907255743e-06,4,4,Internal
CME,ECL,0.46511929152398057,62,0.0001588894389430394,4,4,Internal
CME,ED,0.6148581166880848,62,1.3509562578854167e-07,4,4,Internal
CME,EG,0.4430014503849942,62,0.0003498219798582076,4,4,Internal
CME,EMR,-0.4187634846827102,62,0.0007828533941414314,4,1,External
CME,EQT,0.4138770323346048,62,0.0009143491531682529,4,2,External
CME,ETR,0.5325413717010989,62,9.975598218122181e-06,4,4,Internal
CME,EVRG,0.4969285869248374,62,4.6272688206536355e-05,4,4,Internal
CME,EXC,0.6918733988834015,62,6.630789244460493e-10,4,4,Internal
CME,FDS,0.4244753768609261,62,0.0006509769358365483,4,4,Internal
CME,FDX,-0.5105384418084152,62,2.6267489806272172e-05,4,1,External
CME,FE,0.6408727723820415,62,2.646952378091128e-08,4,4,Internal
CME,GD,0.40416106446210814,62,0.0012365753852732293,4,2,External
CME,GE,0.43458682944446575,62,0.0004658598474144261,4,4,Internal
CME,GL,0.5045864339619709,62,3.374804390609599e-05,4,4,Internal
CME,HIG,0.62499360370564,62,7.287356520621294e-08,4,4,Internal
CME,HII,0.43054669933839557,62,0.000533158674266498,4,2,External
CME,HST,-0.477601317375951,62,9.93383924110917e-05,4,1,External
CME,ICE,0.7766671201689472,62,1.893887452228496e-13,4,4,Internal
CME,IP,-0.5282855555982381,62,1.2093901295773189e-05,4,1,External
CME,JBHT,-0.5872772674857347,62,6.521968040183284e-07,4,1,External
CME,JNJ,0.4335333559419885,62,0.00048262045371067006,4,5,External
CME,KDP,0.4480579277281139,62,0.00029344646218791755,4,4,Internal
CME,KEY,-0.44064210907033613,62,0.00037936208751705275,4,1,External
CME,KLAC,-0.46151262622851713,62,0.0001813794672138872,4,1,External
CME,KMB,0.41149233178763467,62,0.0009854958253070014,4,4,Internal
CME,KMI,0.5264629173995952,62,1.3123133871385658e-05,4,4,Internal
CME,KO,0.5968005618476345,62,3.8505183117230984e-07,4,4,Internal
CME,KR,0.5318642005839186,62,1.0287769949370868e-05,4,4,Internal
CME,KVUE,0.6075616280609597,62,2.078973705767996e-07,4,4,Internal
CME,L,0.6154310059288856,62,1.305392286803039e-07,4,4,Internal
CME,LNT,0.6410461147497306,62,2.6170082786827323e-08,4,4,Internal
CME,LRCX,-0.4857411720251631,62,7.241004899501904e-05,4,1,External
CME,LYB,-0.4121916448255821,62,0.0009641316109012014,4,2,External
CME,MAA,0.43248551855987194,62,0.0004998330036656625,4,4,Internal
CME,MAR,-0.4167232459987271,62,0.0008355225251352575,4,1,External
CME,MAS,-0.5161336025160091,62,2.0665436215037734e-05,4,1,External
CME,MCD,0.6148618133081838,62,1.3506575088952498e-07,4,4,Internal
CME,MCK,0.6476480102689262,62,1.6876552923391183e-08,4,4,Internal
CME,META,-0.4635892599809255,62,0.00016809813491823266,4,1,External
CME,MGM,-0.4092009403547314,62,0.001058523364918703,4,1,External
CME,MHK,-0.45589139837635445,62,0.00022229666717149524,4,1,External
CME,MMC,0.5869499219866385,62,6.639197556250457e-07,4,4,Internal
CME,MO,0.6925220773725694,62,6.296440356552462e-10,4,4,Internal
CME,MOS,0.44071575326817003,62,0.0003784067133667041,4,2,External
CME,MPWR,-0.6123078128890326,62,1.5725818447664743e-07,4,1,External
CME,NCLH,-0.5281600090859513,62,1.2162316813541543e-05,4,1,External
CME,NDAQ,0.43201432709839804,62,0.0005077533264828531,4,4,Internal
CME,NEM,0.42455424861261254,62,0.0006493061168826602,4,4,Internal
CME,NFLX,0.454142796337088,62,0.00023664901023315627,4,4,Internal
CME,NI,0.5810548017304489,62,9.120284403875503e-07,4,4,Internal
CME,NKE,-0.4069368279277315,62,0.0011354358440098429,4,1,External
CME,NXPI,-0.5486395087746838,62,4.700370196004981e-06,4,1,External
CME,O,0.4241154839541836,62,0.0006586504466034341,4,4,Internal
CME,ODFL,-0.48825488893819474,62,6.556749135306825e-05,4,1,External
CME,ON,-0.5781045919161023,62,1.0666108938511043e-06,4,1,External
CME,ORLY,0.522839063583686,62,1.541550368221222e-05,4,4,Internal
CME,OTIS,0.5252721483979246,62,1.3838889814527443e-05,4,4,Internal
CME,PCAR,-0.5411959692776396,62,6.688639488324835e-06,4,1,External
CME,PG,0.4373470054782179,62,0.00042442411071603266,4,4,Internal
CME,PGR,0.6894530525306078,62,8.033273698802052e-10,4,4,Internal
CME,PM,0.6498929796055253,62,1.4502473202898547e-08,4,4,Internal
CME,PNW,0.5839674167185566,62,7.80223107907872e-07,4,4,Internal
CME,PPL,0.6750407552633472,62,2.4261011928270244e-09,4,4,Internal
CME,RL,-0.44604652053428423,62,0.00031479604969331684,4,1,External
CME,ROL,0.7122233255103803,62,1.22337939945604e-10,4,4,Internal
CME,ROP,0.5287811436537777,62,1.1827312464729897e-05,4,4,Internal
CME,RSG,0.7302262261375542,62,2.4194327816948168e-11,4,4,Internal
CME,SBAC,0.6146174486305966,62,1.3705407657725813e-07,4,4,Internal
CME,SCHW,0.5162066604346276,62,2.060023573259503e-05,4,2,External
CME,SO,0.6631025249789974,62,5.790727162725805e-09,4,4,Internal
CME,SPGI,0.466367855234861,62,0.00015171997239607753,4,4,Internal
CME,SRE,0.5039889059209379,62,3.459892833271035e-05,4,4,Internal
CME,SW,-0.5258054439441718,62,1.3513963465008694e-05,4,1,External
CME,SWK,-0.655508318558278,62,9.870639104526774e-09,4,1,External
CME,SYF,-0.5282820622786356,62,1.2095800103145623e-05,4,1,External
CME,T,0.5761793822361344,62,1.180378442447577e-06,4,4,Internal
CME,TER,-0.550929210435472,62,4.209801885556542e-06,4,1,External
CME,TRV,0.6703503796382161,62,3.4309131696301774e-09,4,4,Internal
CME,TXN,-0.4139171253301383,62,0.000913193686503744,4,1,External
CME,UPS,-0.4928254021173979,62,5.463080506739528e-05,4,1,External
CME,V,0.41019757460345535,62,0.001026181245708413,4,4,Internal
CME,VRSK,0.6526308533234374,62,1.2033838313803252e-08,4,4,Internal
CME,VRSN,0.5069951019691852,62,3.051063059248409e-05,4,4,Internal
CME,VTR,0.522655859411901,62,1.554072606454631e-05,4,4,Internal
CME,VZ,0.5884585890364361,62,6.114866049267797e-07,4,4,Internal
CME,WEC,0.6318354925054157,62,4.7437130167838406e-08,4,4,Internal
CME,WELL,0.6635939870910773,62,5.5913339640231036e-09,4,4,Internal
CME,WM,0.7054998242977765,62,2.1722365123036713e-10,4,4,Internal
CME,WMB,0.4518852664728238,62,0.0002564304350762556,4,4,Internal
CME,WRB,0.7022247988997179,62,2.8567073779296177e-10,4,4,Internal
CME,WTW,0.5423591386868815,62,6.333411415174113e-06,4,4,Internal
CME,WYNN,-0.40063081630893305,62,0.001376881973132162,4,1,External
CME,XEL,0.6215150009216052,62,9.029230232725755e-08,4,4,Internal
CME,YUM,0.5562438345771267,62,3.2491857112046822e-06,4,4,Internal
CME,ZBRA,-0.565632145433851,62,2.033555373357668e-06,4,1,External
CMI,CNP,-0.4281243439738065,62,0.0005776245502162305,1,4,External
CMI,COR,-0.45389133970884044,62,0.00023878119273508376,1,4,External
CMI,CSX,0.5258303225004853,62,1.3498979889462645e-05,1,1,Internal
CMI,DAL,0.40252808685261227,62,0.0012997937865045887,1,1,Internal
CMI,DOV,0.4945910839155102,62,5.08766814992052e-05,1,1,Internal
CMI,DUK,-0.5065454737804046,62,3.1092236004809804e-05,1,4,External
CMI,ED,-0.42030983231268454,62,0.0007449545982447445,1,4,External
CMI,EMR,0.48748984686986835,62,6.758411497651081e-05,1,1,Internal
CMI,EPAM,0.42702723175542545,62,0.0005988488541961248,1,2,External
CMI,EXC,-0.43222355844396476,62,0.0005042223668406856,1,4,External
CMI,EXPD,0.5154918432205152,62,2.12464525106054e-05,1,1,Internal
CMI,FDX,0.5251484015869137,62,1.391531646875634e-05,1,1,Internal
CMI,FITB,0.4569353715254931,62,0.000214111892304622,1,1,Internal
CMI,FTV,0.472446612630943,62,0.00012086671429849056,1,1,Internal
CMI,GM,0.5070126730473106,62,3.0488107731295225e-05,1,1,Internal
CMI,GNRC,0.5081185156252395,62,2.910118827909633e-05,1,1,Internal
CMI,HAS,0.49026184848066245,62,6.053786284933178e-05,1,1,Internal
CMI,HBAN,0.4518683606266244,62,0.00025658410512540385,1,1,Internal
CMI,HSIC,0.4007745668296002,62,0.0013709005866011177,1,1,Internal
CMI,HST,0.44395165479243126,62,0.00033852886804299794,1,1,Internal
CMI,ICE,-0.4883400036129254,62,6.534659468022738e-05,1,4,External
CMI,IEX,0.5714293462175062,62,1.5115682871485892e-06,1,1,Internal
CMI,IP,0.4242829133631754,62,0.0006550704417396505,1,1,Internal
CMI,IR,0.5541365765427195,62,3.602530024510393e-06,1,1,Internal
CMI,JBHT,0.6073906977899166,62,2.0998017188952255e-07,1,1,Internal
CMI,KEY,0.5405472948168503,62,6.894718037894797e-06,1,1,Internal
CMI,KO,-0.43632306534574145,62,0.000439387460216721,1,4,External
CMI,LNT,-0.42350816145103015,62,0.0006717855392624969,1,4,External
CMI,LYB,0.410778831147483,62,0.0010077326271141144,1,2,External
CMI,MAR,0.4290538804594437,62,0.000560178527667222,1,1,Internal
CMI,MAS,0.6635672102325619,62,5.602028075263288e-09,1,1,Internal
CMI,MCK,-0.432268228734777,62,0.0005034714116512852,1,4,External
CMI,MHK,0.46033731024330166,62,0.0001893155057586675,1,1,Internal
CMI,MO,-0.5013587529327994,62,3.858547596626154e-05,1,4,External
CMI,MTB,0.44935712044647713,62,0.00028036769518553664,1,1,Internal
CMI,NCLH,0.4401809523216155,62,0.00038539469671395135,1,1,Internal
CMI,NFLX,-0.41317242419683714,62,0.0009348722911305156,1,4,External
CMI,NI,-0.43273534019678533,62,0.0004956793868832263,1,4,External
CMI,NRG,0.49039740843809015,62,6.0211311209994234e-05,1,1,Internal
CMI,NSC,0.557184383787532,62,3.102163572207419e-06,1,1,Internal
CMI,NTAP,0.47804969765290456,62,9.764334183921816e-05,1,1,Internal
CMI,ODFL,0.5618274115971599,62,2.4631227241704857e-06,1,1,Internal
CMI,PCAR,0.7018240994285415,62,2.9533202403649943e-10,1,1,Internal
CMI,PGR,-0.41073581847830015,62,0.0010090874975757823,1,4,External
CMI,PKG,0.4352441888547321,62,0.0004556711828860375,1,1,Internal
CMI,PM,-0.437790541552599,62,0.00041808756645442545,1,4,External
CMI,PNC,0.5090352793647237,62,2.7995937706431003e-05,1,1,Internal
CMI,RF,0.5486664395168473,62,4.6943025797631905e-06,1,1,Internal
CMI,RL,0.5139071410908306,62,2.2746658220800566e-05,1,1,Internal
CMI,RSG,-0.482960750282581,62,8.074090990356507e-05,1,4,External
CMI,SO,-0.4504879044382068,62,0.00026941971650877193,1,4,External
CMI,SW,0.5417123720608461,62,6.528700669170236e-06,1,1,Internal
CMI,SWK,0.6772600830232142,62,2.0546713252020462e-09,1,1,Internal
CMI,SYF,0.5245800908524729,62,1.4271369272419176e-05,1,1,Internal
CMI,TEL,0.4136176388703317,62,0.0009218567293279356,1,1,Internal
CMI,TFC,0.45929036624872244,62,0.00019665110514775912,1,1,Internal
CMI,TGT,0.40243938033515325,62,0.0013033096917946885,1,1,Internal
CMI,TPR,0.45563399347694256,62,0.00022435820990268155,1,1,Internal
CMI,TROW,0.47518718778488644,62,0.00010893895486525672,1,1,Internal
CMI,UNP,0.45563931750129655,62,0.00022431539362744127,1,1,Internal
CMI,UPS,0.5039267414005258,62,3.4688581380880115e-05,1,1,Internal
CMI,URI,0.5596420098293762,62,2.7468013214630726e-06,1,1,Internal
CMI,USB,0.4317982699421187,62,0.00051142302694498,1,1,Internal
CMI,VRSK,-0.4085652966308921,62,0.0010796277184539004,1,4,External
CMI,VRSN,-0.41864136991038303,62,0.0007859192676618244,1,4,External
CMI,WELL,-0.4266815838168222,62,0.0006056806236844517,1,4,External
CMI,WM,-0.46923600825136585,62,0.0001363598009288362,1,4,External
CMI,WYNN,0.41012257406312475,62,0.001028583748678933,1,1,Internal
CMI,XEL,-0.4456346043276381,62,0.0003193392199211175,1,4,External
CMI,YUM,-0.4082375855621192,62,0.0010906556753259512,1,4,External
CMI,ZBRA,0.5415812086375897,62,6.568983156037378e-06,1,1,Internal
CMS,CNC,0.450217006797247,62,0.00027200632685719185,4,4,Internal
CMS,CNP,0.7165577770184447,62,8.376055272366077e-11,4,4,Internal
CMS,COR,0.5836549172868883,62,7.934574797277641e-07,4,4,Internal
CMS,COST,0.5500216511971022,62,4.398232305828113e-06,4,4,Internal
CMS,CPB,0.4568426715374527,62,0.00021482735129798097,4,5,External
CMS,CPT,0.4482147247795921,62,0.0002918390028081051,4,4,Internal
CMS,CTAS,0.6270829392401767,62,6.3989946122859e-08,4,4,Internal
CMS,D,0.7451305591409367,62,5.717498284199626e-12,4,4,Internal
CMS,DG,0.4507841961830508,62,0.00026661636403372646,4,5,External
CMS,DGX,0.6242215227424982,62,7.644129473054449e-08,4,4,Internal
CMS,DOC,0.5283534281622972,62,1.2057063838597301e-05,4,4,Internal
CMS,DPZ,0.40202800431564184,62,0.0013197267024277638,4,4,Internal
CMS,DTE,0.9112884492788224,62,2.080247166258177e-24,4,4,Internal
CMS,DUK,0.8383849720609237,62,3.4622353796182405e-17,4,4,Internal
CMS,EA,0.4961705671449385,62,4.772173584645102e-05,4,4,Internal
CMS,ECL,0.6226004672626954,62,8.447496052274741e-08,4,4,Internal
CMS,ED,0.8423372182752102,62,1.768964487344776e-17,4,4,Internal
CMS,EG,0.5237415911774052,62,1.481217533339682e-05,4,4,Internal
CMS,ELV,0.4276191453117619,62,0.0005873116942654585,4,4,Internal
CMS,EQR,0.49259678536724694,62,5.5135143693337394e-05,4,4,Internal
CMS,ES,0.6823794039836367,62,1.392773427647042e-09,4,4,Internal
CMS,ESS,0.4469220721622433,62,0.0003053344447879987,4,4,Internal
CMS,ETR,0.607962763120098,62,2.0308559102113294e-07,4,4,Internal
CMS,EVRG,0.7127267834426663,62,1.1711322592321134e-10,4,4,Internal
CMS,EXC,0.8224923592709731,62,4.342511937421272e-16,4,4,Internal
CMS,EXR,0.49600381012738437,62,4.804608393985845e-05,4,4,Internal
CMS,FE,0.7704485500185492,62,3.869009943898397e-13,4,4,Internal
CMS,GIS,0.4995595973825695,62,4.15525910574158e-05,4,5,External
CMS,GL,0.5925348674380523,62,4.885850616220753e-07,4,4,Internal
CMS,HCA,0.5466650574028099,62,5.165695981561233e-06,4,4,Internal
CMS,HIG,0.6682001973948315,62,4.0133171463842755e-09,4,4,Internal
CMS,HON,0.48878834372029967,62,6.419430634966226e-05,4,4,Internal
CMS,HRL,0.5108708632323464,62,2.5898842234731453e-05,4,5,External
CMS,HSY,0.43305965972994037,62,0.0004903339135865713,4,5,External
CMS,ICE,0.6390817095745022,62,2.9758998545323926e-08,4,4,Internal
CMS,INVH,0.5524350949020918,62,3.9136764402589265e-06,4,4,Internal
CMS,JKHY,0.41942423199828827,62,0.0007664511145106619,4,4,Internal
CMS,JNJ,0.4677496122439056,62,0.00014413229293709195,4,5,External
CMS,KDP,0.5119465693564235,62,2.47384973258679e-05,4,4,Internal
CMS,KHC,0.5095617657847005,62,2.7378907032405958e-05,4,5,External
CMS,KLAC,-0.4370606792955761,62,0.0004285609514587578,4,1,External
CMS,KMB,0.4548675298868776,62,0.00023060073055462783,4,4,Internal
CMS,KMI,0.43510862135593176,62,0.0004577556646591924,4,4,Internal
CMS,KO,0.7403834756373838,62,9.148679795699696e-12,4,4,Internal
CMS,KR,0.5905342655823402,62,5.456740972042515e-07,4,4,Internal
CMS,L,0.6675151487671367,62,4.217752812120589e-09,4,4,Internal
CMS,LIN,0.5408104247587084,62,6.810421006316159e-06,4,4,Internal
CMS,LNT,0.8469519364329939,62,7.887024591973585e-18,4,4,Internal
CMS,LRCX,-0.5385685235610412,62,7.560480527646315e-06,4,1,External
CMS,MAA,0.4677116744539416,62,0.00014433588742215748,4,4,Internal
CMS,MCD,0.6402594987456438,62,2.7555118402042113e-08,4,4,Internal
CMS,MCK,0.6244859298095303,62,7.520134436189115e-08,4,4,Internal
CMS,MDLZ,0.49909509419014597,62,4.23521569475031e-05,4,5,External
CMS,META,-0.6098262036214538,62,1.8207525156864454e-07,4,1,External
CMS,MKC,0.5609868853742873,62,2.5688209901713742e-06,4,4,Internal
CMS,MMC,0.5399678728969323,62,7.083781427514071e-06,4,4,Internal
CMS,MNST,0.47321949068061653,62,0.00011738697279684279,4,4,Internal
CMS,MO,0.7097916686913772,62,1.5085180491320994e-10,4,4,Internal
CMS,MPWR,-0.5273533759408756,62,1.2610536577292069e-05,4,1,External
CMS,NEE,0.5910860114806996,62,5.293337829987888e-07,4,4,Internal
CMS,NI,0.7301412798165268,62,2.438740937607394e-11,4,4,Internal
CMS,NVDA,-0.46945630215062106,62,0.00013524116372984072,4,1,External
CMS,O,0.6132392825480623,62,1.4879399756811245e-07,4,4,Internal
CMS,ORLY,0.7122019736805866,62,1.2256435173292142e-10,4,4,Internal
CMS,OTIS,0.5024947139123208,62,3.681427868725446e-05,4,4,Internal
CMS,PAYX,0.49608964146675666,62,4.787888569420092e-05,4,4,Internal
CMS,PEG,0.5807453071141884,62,9.271993139328156e-07,4,4,Internal
CMS,PEP,0.46274217009939295,62,0.00017340430056645171,4,5,External
CMS,PG,0.4647314834965164,62,0.00016117870505795868,4,4,Internal
CMS,PGR,0.5779504092336393,62,1.0753290752198845e-06,4,4,Internal
CMS,PM,0.6329349942081379,62,4.423130074813862e-08,4,4,Internal
CMS,PNW,0.841137805221278,62,2.1730125724959452e-17,4,4,Internal
CMS,PPL,0.8360308828705033,62,5.121246369828084e-17,4,4,Internal
CMS,PSA,0.54665598498684,62,5.167929951404001e-06,4,4,Internal
CMS,ROL,0.6940795232678467,62,5.557836053617989e-10,4,4,Internal
CMS,ROP,0.5659061434716285,62,2.0054974245338456e-06,4,4,Internal
CMS,RSG,0.6934598685908769,62,5.841259514486496e-10,4,4,Internal
CMS,SBAC,0.6818176197811227,62,1.4540405683101793e-09,4,4,Internal
CMS,SO,0.8658259265782164,62,2.1469319723868488e-19,4,4,Internal
CMS,SPGI,0.40281004709981655,62,0.0012886747753711127,4,4,Internal
CMS,SRE,0.5954441747419604,62,4.1549581260229695e-07,4,4,Internal
CMS,STZ,0.48332994774650695,62,7.958606518082387e-05,4,5,External
CMS,SYF,-0.4091531543300744,62,0.0010600969131582137,4,1,External
CMS,SYY,0.5874032585015062,62,6.477367831819176e-07,4,4,Internal
CMS,T,0.7131564939101721,62,1.128224347998578e-10,4,4,Internal
CMS,TAP,0.5500624028653827,62,4.389605282120693e-06,4,4,Internal
CMS,TER,-0.4350857970139642,62,0.00045810746223547637,4,1,External
CMS,TJX,0.4175631869049066,62,0.0008134633882686241,4,5,External
CMS,TMUS,0.5577660011589544,62,3.014382678843487e-06,4,4,Internal
CMS,TRV,0.6776713835256849,62,1.992047270547364e-09,4,4,Internal
CMS,TSN,0.41737901111169096,62,0.0008182547844003093,4,4,Internal
CMS,UDR,0.4670960216043205,62,0.00014767689784076876,4,4,Internal
CMS,VICI,0.5624335260905422,62,2.3894406312354104e-06,4,4,Internal
CMS,VRSK,0.6099378946959205,62,1.8088329668375404e-07,4,4,Internal
CMS,VTR,0.5808131104782857,62,9.23855614954911e-07,4,4,Internal
CMS,VZ,0.7294115496693739,62,2.6107643378501412e-11,4,4,Internal
CMS,WEC,0.8813247574570471,62,7.208073065137819e-21,4,4,Internal
CMS,WELL,0.7385475444575367,62,1.0942972971784477e-11,4,4,Internal
CMS,WM,0.6806219593393658,62,1.5930562124153012e-09,4,4,Internal
CMS,WRB,0.7126326912458992,62,1.1807326603354742e-10,4,4,Internal
CMS,WTW,0.4692348600602832,62,0.0001363656535387569,4,4,Internal
CMS,XEL,0.8069284143541113,62,4.0978070377916975e-15,4,4,Internal
CMS,YUM,0.5777350647391293,62,1.087617438772607e-06,4,4,Internal
CNC,COR,0.4402787895908566,62,0.00038410759133283823,4,4,Internal
CNC,CVS,0.41484181673183984,62,0.0008869075011794251,4,16,External
CNC,D,0.4136447403082306,62,0.0009210697429666738,4,4,Internal
CNC,DGX,0.41909971548661545,62,0.0007744676150078959,4,4,Internal
CNC,DTE,0.43179138077884327,62,0.0005115404335781811,4,4,Internal
CNC,DUK,0.43175305117231655,62,0.0005121941021184248,4,4,Internal
CNC,DVA,0.45196390874085074,62,0.00025571670028658086,4,4,Internal
CNC,ED,0.46401057451018846,62,0.0001655148006820769,4,4,Internal
CNC,ELV,0.7236323521002183,62,4.445148428159935e-11,4,4,Internal
CNC,EXC,0.4058846862614912,62,0.0011728608951170135,4,4,Internal
CNC,HCA,0.46242313978475974,62,0.0001754421614419627,4,4,Internal
CNC,HIG,0.4260875115233753,62,0.0006175877795033856,4,4,Internal
CNC,HUM,0.6174228274854372,62,1.1579874236254394e-07,4,16,External
CNC,L,0.4201871295711729,62,0.0007479000906809392,4,4,Internal
CNC,MCD,0.41466973018836023,62,0.0008917470367960584,4,4,Internal
CNC,MCK,0.4014326007363178,62,0.0013438170679776508,4,4,Internal
CNC,MMC,0.4139857608438535,62,0.0009112186932331409,4,4,Internal
CNC,MOH,0.7293322555521062,62,2.630138115442797e-11,4,4,Internal
CNC,PPL,0.4342629485653854,62,0.00047095554565095964,4,4,Internal
CNC,SO,0.4537376063777074,62,0.00024009338019247183,4,4,Internal
CNC,T,0.42409019454505625,62,0.0006591927269592711,4,4,Internal
CNC,TAP,0.4625602952195151,62,0.00017456338439559958,4,4,Internal
CNC,UHS,0.4121890575116998,62,0.0009642098778914715,4,4,Internal
CNC,UNH,0.42062721908003026,62,0.000737384309923437,4,16,External
CNC,VRSK,0.4778141271525133,62,9.853054445599924e-05,4,4,Internal
CNC,VZ,0.40525711614594545,62,0.0011957089003767937,4,4,Internal
CNC,WDC,-0.41873403364879996,62,0.0007835918151291673,4,1,External
CNC,WRB,0.48433613107616813,62,7.651549578970692e-05,4,4,Internal
CNC,XEL,0.4144564764506845,62,0.000897777379898578,4,4,Internal
CNP,COR,0.6807411666380113,62,1.5786500330844523e-09,4,4,Internal
CNP,COST,0.522488176932281,62,1.5656166305587063e-05,4,4,Internal
CNP,CSX,-0.4251158183089249,62,0.0006375216812961997,4,1,External
CNP,CTAS,0.6375939545872058,62,3.278128506276984e-08,4,4,Internal
CNP,D,0.5971356335598309,62,3.778608949616877e-07,4,4,Internal
CNP,DAL,-0.4567428406140959,62,0.00021560029165152073,4,1,External
CNP,DGX,0.4546005408696685,62,0.00023281225766155298,4,4,Internal
CNP,DPZ,0.4279722195550153,62,0.0005805261639555975,4,4,Internal
CNP,DTE,0.7613690916464368,62,1.0557957046837795e-12,4,4,Internal
CNP,DUK,0.7461395669542195,62,5.166961993173796e-12,4,4,Internal
CNP,EA,0.5209211840373358,62,1.67741011736753e-05,4,4,Internal
CNP,ECL,0.4938663969733981,62,5.2387695573904476e-05,4,4,Internal
CNP,ED,0.726438331598355,62,3.438749423410057e-11,4,4,Internal
CNP,EG,0.4555244400393228,62,0.00022524090881206272,4,4,Internal
CNP,EMR,-0.43110942608089897,62,0.0005232843002865586,4,1,External
CNP,EPAM,-0.45543712251010654,62,0.00022594672010383939,4,2,External
CNP,ES,0.44548582049708085,62,0.00032099485034329747,4,4,Internal
CNP,ETR,0.6321539682012126,62,4.64866721837642e-08,4,4,Internal
CNP,EVRG,0.7330164031771766,62,1.8603692126268194e-11,4,4,Internal
CNP,EXC,0.7531592318141219,62,2.5208018503246908e-12,4,4,Internal
CNP,FDX,-0.4038571821510692,62,0.0012481259810893897,4,1,External
CNP,FE,0.6660328877692488,62,4.694370458227235e-09,4,4,Internal
CNP,GL,0.4947549767657533,62,5.054058127110121e-05,4,4,Internal
CNP,GRMN,-0.40043533352399974,62,0.0013850535312308115,4,1,External
CNP,HCA,0.43631328604810493,62,0.00043953265372111545,4,4,Internal
CNP,HIG,0.616457462744627,62,1.2273531417287926e-07,4,4,Internal
CNP,HST,-0.44963044477596426,62,0.00027768485292282063,4,1,External
CNP,ICE,0.5478074352847172,62,4.8914848877322104e-06,4,4,Internal
CNP,INVH,0.40453241093946035,62,0.0012225910666095361,4,4,Internal
CNP,KDP,0.4493873825679338,62,0.0002800694940208325,4,4,Internal
CNP,KEY,-0.42717046328839664,62,0.0005960383983355652,4,1,External
CNP,KEYS,-0.4072011845111007,62,0.00112620324300933,4,1,External
CNP,KMB,0.4214145722961253,62,0.0007189039869189058,4,4,Internal
CNP,KMI,0.4747912999775961,62,0.00011059235221436415,4,4,Internal
CNP,KO,0.6600896154656043,62,7.168229465213734e-09,4,4,Internal
CNP,KR,0.5162732545713019,62,2.0540970079511515e-05,4,4,Internal
CNP,L,0.5819374842936325,62,8.70029335913923e-07,4,4,Internal
CNP,LIN,0.4704683510071271,62,0.00013020944826198748,4,4,Internal
CNP,LNT,0.6828676474550612,62,1.3415236348877873e-09,4,4,Internal
CNP,LRCX,-0.49047995402204225,62,6.001326293855523e-05,4,1,External
CNP,MAA,0.46505144874395493,62,0.00015928775770515652,4,4,Internal
CNP,MCD,0.6664374258213461,62,4.559461908879827e-09,4,4,Internal
CNP,MCHP,-0.45047780304232143,62,0.0002695157631025723,4,1,External
CNP,MCK,0.6901768399698686,62,7.586798002430015e-10,4,4,Internal
CNP,MDLZ,0.4254766466780785,62,0.0006300523779824736,4,5,External
CNP,META,-0.470188437314976,62,0.000131583651994009,4,1,External
CNP,MMC,0.5335577265417967,62,9.523563775776062e-06,4,4,Internal
CNP,MNST,0.40822225514935645,62,0.0010911740419564675,4,4,Internal
CNP,MO,0.579167853254026,62,1.0082688415862841e-06,4,4,Internal
CNP,MPWR,-0.48442153693893425,62,7.625995206523896e-05,4,1,External
CNP,NCLH,-0.4547706561326115,62,0.0002314009270972584,4,1,External
CNP,NI,0.6624213299446791,62,6.078257332262966e-09,4,4,Internal
CNP,O,0.4594081918824746,62,0.00019581274053898318,4,4,Internal
CNP,ORLY,0.5736856043208053,62,1.3446831601719891e-06,4,4,Internal
CNP,OTIS,0.48170818216924477,62,8.47748631723601e-05,4,4,Internal
CNP,PEG,0.4733269825842742,62,0.0001169103668706011,4,4,Internal
CNP,PG,0.42218816197571146,62,0.0007011559454487053,4,4,Internal
CNP,PGR,0.5980115456063787,62,3.596545742150609e-07,4,4,Internal
CNP,PH,-0.43054772312191353,62,0.0005331405570382564,4,1,External
CNP,PM,0.6586675317193001,62,7.921239222764553e-09,4,4,Internal
CNP,PNW,0.7728070805958367,62,2.958577578868865e-13,4,4,Internal
CNP,PPL,0.7889740838494738,62,4.29652648836784e-14,4,4,Internal
CNP,ROL,0.6868517400194475,62,9.852771794547802e-10,4,4,Internal
CNP,ROP,0.5280228823592051,62,1.2237453773526179e-05,4,4,Internal
CNP,RSG,0.7161337405393687,62,8.694975183898005e-11,4,4,Internal
CNP,SBAC,0.6052932708147958,62,2.371891759817678e-07,4,4,Internal
CNP,SO,0.7533088877034686,62,2.4818803728139447e-12,4,4,Internal
CNP,SPGI,0.4060132559213309,62,0.001168228837264726,4,4,Internal
CNP,SRE,0.4835981897602133,62,7.875656789764627e-05,4,4,Internal
CNP,SWK,-0.5422216098633588,62,6.374476411117232e-06,4,1,External
CNP,SYF,-0.5313156396893208,62,1.0547288592797923e-05,4,1,External
CNP,T,0.6159712154214718,62,1.2637568346996457e-07,4,4,Internal
CNP,TAP,0.4236996165136876,62,0.0006676193959415779,4,4,Internal
CNP,TER,-0.5316775075214298,62,1.0375418378660787e-05,4,1,External
CNP,TMUS,0.4024243387582121,62,0.0013039067155519947,4,4,Internal
CNP,TPR,-0.43067721724168134,62,0.0005308534841133441,4,1,External
CNP,TRV,0.6105128478293635,62,1.7486280223379863e-07,4,4,Internal
CNP,UHS,0.42380767054258334,62,0.0006652784374282882,4,4,Internal
CNP,UPS,-0.4374471421202174,62,0.00042298593060147036,4,1,External
CNP,VRSK,0.5826407599991952,62,8.378720837923645e-07,4,4,Internal
CNP,VRSN,0.43688767166271547,62,0.000431078304256892,4,4,Internal
CNP,VTR,0.5623012079132037,62,2.4053477868940416e-06,4,4,Internal
CNP,VZ,0.6246687303372637,62,7.435520781071666e-08,4,4,Internal
CNP,WBD,-0.40480692759362535,62,0.0012123448475145563,4,3,External
CNP,WEC,0.7191571799418425,62,6.651360360278828e-11,4,4,Internal
CNP,WELL,0.6526552688400238,62,1.2013728380890858e-08,4,4,Internal
CNP,WM,0.7024678926924033,62,2.7995671924526966e-10,4,4,Internal
CNP,WMB,0.4653830752975341,62,0.0001573493712141565,4,4,Internal
CNP,WMT,0.4030040738144593,62,0.0012810731449909357,4,4,Internal
CNP,WRB,0.6282666383067216,62,5.942098540851991e-08,4,4,Internal
CNP,WYNN,-0.45979646266709107,62,0.00019307317412020316,4,1,External
CNP,XEL,0.6698519683028363,62,3.5583090635348747e-09,4,4,Internal
CNP,YUM,0.5947229978758964,62,4.325894118916698e-07,4,4,Internal
CNP,ZBRA,-0.5718332346731341,62,1.4803367484603844e-06,4,1,External
COF,COR,-0.43651169761187425,62,0.0004365953513228439,1,4,External
COF,DAL,0.4080678569251827,62,0.0010964070902557375,1,1,Internal
COF,DOV,0.4040154367486579,62,0.0012420986554213696,1,1,Internal
COF,DUK,-0.40928673554107853,62,0.001055703492388922,1,4,External
COF,ECL,-0.4065378495073072,62,0.0011494991734828288,1,4,External
COF,ED,-0.49283114242093523,62,5.461819666471511e-05,1,4,External
COF,EXC,-0.46296242181529224,62,0.00017201008201680616,1,4,External
COF,FITB,0.5497912676951766,62,4.447302157537774e-06,1,1,Internal
COF,GS,0.45176049780174743,62,0.0002575665339612799,1,1,Internal
COF,HBAN,0.7013692090377743,62,3.0667621549994534e-10,1,1,Internal
COF,HPQ,0.4006920983111908,62,0.0013743291989112738,1,1,Internal
COF,IEX,0.47581539277242435,62,0.00010636186396871678,1,1,Internal
COF,IVZ,0.42548776856372744,62,0.0006298234151733122,1,1,Internal
COF,KEY,0.578245228510641,62,1.0587164773048354e-06,1,1,Internal
COF,KEYS,0.48711351425810623,62,6.859694904484224e-05,1,1,Internal
COF,LRCX,0.45754524736014446,62,0.00020945893959759684,1,1,Internal
COF,MAR,0.47094699045345884,62,0.0001278901070087154,1,1,Internal
COF,MCHP,0.5433364825566701,62,6.048608154004966e-06,1,1,Internal
COF,MCK,-0.4871958274607232,62,6.837422963203356e-05,1,4,External
COF,MET,0.4817042094751493,62,8.478794737621097e-05,1,1,Internal
COF,MMC,-0.5087003972789775,62,2.8395085387043304e-05,1,4,External
COF,MS,0.4703248805092441,62,0.0001309121458183436,1,1,Internal
COF,MTB,0.6141895765479832,62,1.4060210288178613e-07,1,1,Internal
COF,MU,0.44283509317990244,62,0.00035183406533097097,1,1,Internal
COF,NCLH,0.530961926760831,62,1.0717841169931199e-05,1,1,Internal
COF,NTAP,0.4786280348073257,62,9.549628060414126e-05,1,1,Internal
COF,NXPI,0.40369410328463695,62,0.0012543645546764987,1,1,Internal
COF,ODFL,0.43414451694806955,62,0.0004728314694702813,1,1,Internal
COF,ORLY,-0.48185824469722166,62,8.428198582505549e-05,1,4,External
COF,PG,-0.44974847638624166,62,0.0002765335631940095,1,4,External
COF,PGR,-0.4001302179407558,62,0.0013978950403947259,1,4,External
COF,PH,0.47558297762943236,62,0.00010730870044491412,1,1,Internal
COF,PNC,0.5874627929909743,62,6.456392634844189e-07,1,1,Internal
COF,PRU,0.4612726297809666,62,0.0001829747921154554,1,1,Internal
COF,RCL,0.4595363867184293,62,0.0001949043124940477,1,1,Internal
COF,RF,0.655718222204506,62,9.728176662886978e-09,1,1,Internal
COF,ROL,-0.403966847850028,62,0.0012439464336463145,1,4,External
COF,RSG,-0.5393588699817128,62,7.287694143810799e-06,1,4,External
COF,SBAC,-0.4606689206648551,62,0.00018704479507572952,1,4,External
COF,STT,0.5226752629785215,62,1.552741890427282e-05,1,1,Internal
COF,SYF,0.7630507699546087,62,8.796158569846488e-13,1,1,Internal
COF,TEL,0.6463210248854597,62,1.8447949531430504e-08,1,1,Internal
COF,TER,0.5815353403538106,62,8.889337473101418e-07,1,1,Internal
COF,TFC,0.6375868713867571,62,3.279634409145169e-08,1,1,Internal
COF,TGT,0.4122907456439478,62,0.000961138093102463,1,1,Internal
COF,TPR,0.4568252222451219,62,0.00021496226930210017,1,1,Internal
COF,TXN,0.4895265406383323,62,6.233778787443529e-05,1,1,Internal
COF,UAL,0.4199322579724837,62,0.0007540520043770871,1,1,Internal
COF,URI,0.4003797575484874,62,0.0013873846541965751,1,1,Internal
COF,USB,0.5518468963597427,62,4.02694970548683e-06,1,1,Internal
COF,VRSK,-0.4842687972992265,62,7.671752154533942e-05,1,4,External
COF,WFC,0.5966020374268374,62,3.8937279872516077e-07,1,1,Internal
COF,WM,-0.5441183499755269,62,5.829410421543202e-06,1,4,External
COF,ZBRA,0.46211799310661617,62,0.00017741184007098298,1,1,Internal
COO,HSIC,0.4210167746369122,62,0.00072818782774106,5,1,External
COO,REGN,0.6316346563523914,62,4.804590327939675e-08,5,5,Internal
COO,ULTA,-0.5076032499342928,62,2.973998829140576e-05,5,5,Internal
COP,CTRA,0.42579001329306676,62,0.0006236299899665995,2,2,Internal
COP,CVX,0.8065051596903254,62,4.343324022821413e-15,2,2,Internal
COP,DOW,0.4536345235719254,62,0.00024097692819657638,2,2,Internal
COP,DVN,0.8324103531989401,62,9.240535961250899e-17,2,2,Internal
COP,EOG,0.9148862363287187,62,6.458665370067157e-25,2,2,Internal
COP,FANG,0.8605549766831508,62,6.191239883400339e-19,2,2,Internal
COP,HAL,0.7449610804245367,62,5.815292076821397e-12,2,2,Internal
COP,LYB,0.531577895550429,62,1.0422467719420599e-05,2,2,Internal
COP,MPC,0.6559925630687548,62,9.54491224703467e-09,2,1,External
COP,OKE,0.6271905665515485,62,6.356120255839177e-08,2,2,Internal
COP,OXY,0.8510653520666526,62,3.752811820129963e-18,2,2,Internal
COP,PSX,0.6395889197066676,62,2.8790239470427205e-08,2,1,External
COP,SBUX,0.44087446974022215,62,0.00037635515389645475,2,1,External
COP,SLB,0.7823563502080699,62,9.654075308950776e-14,2,2,Internal
COP,TPL,0.48378670675790175,62,7.817837925796933e-05,2,2,Internal
COP,TRGP,0.6055027239099307,62,2.3432986124773512e-07,2,2,Internal
COP,VLO,0.5745850792306179,62,1.2830964524313489e-06,2,1,External
COP,XOM,0.8834930812060748,62,4.318226873366756e-21,2,2,Internal
COR,CTAS,0.5148467065660337,62,2.1845760987252903e-05,4,4,Internal
COR,D,0.4763906773153457,62,0.00010405113961296326,4,4,Internal
COR,DAL,-0.4467706311553351,62,0.0003069522019708855,4,1,External
COR,DAY,-0.49244901106170347,62,5.546342244744324e-05,4,2,External
COR,DTE,0.6311553364947832,62,4.952874691466361e-08,4,4,Internal
COR,DUK,0.6134498777665021,62,1.469407346605966e-07,4,4,Internal
COR,EA,0.4127650594682706,62,0.000946926376052421,4,4,Internal
COR,ECL,0.41115931174598463,62,0.0009958189815563727,4,4,Internal
COR,ED,0.6515249194256639,62,1.2978877676878989e-08,4,4,Internal
COR,EPAM,-0.6409412618276203,62,2.6350826636929875e-08,4,2,External
COR,ES,0.43962897700339887,62,0.00039273009289070515,4,4,Internal
COR,ETR,0.5129079578543652,62,2.3742414786687538e-05,4,4,Internal
COR,EVRG,0.6344203354561758,62,4.022413654774528e-08,4,4,Internal
COR,EXC,0.7122655151677885,62,1.218917361555614e-10,4,4,Internal
COR,FE,0.59076870935828,62,5.386738672246736e-07,4,4,Internal
COR,GOOG,-0.4263188137672548,62,0.0006129267315743248,4,0,External
COR,GOOGL,-0.4075735611422806,62,0.0011133127431556047,4,0,External
COR,HCA,0.46068783589845314,62,0.00018691602736819316,4,4,Internal
COR,HIG,0.5210771706858592,62,1.665958328868857e-05,4,4,Internal
COR,HST,-0.40888969130884256,62,0.0010688104101137835,4,1,External
COR,ICE,0.45844676304170295,62,0.0002027502136745713,4,4,Internal
COR,JBHT,-0.4256036585357351,62,0.0006274421063249974,4,1,External
COR,JNJ,0.44281445762804006,62,0.00035208438534625535,4,5,External
COR,KEY,-0.4613625949346969,62,0.0001823752686916581,4,1,External
COR,KEYS,-0.42849499728693563,62,0.0005706097125911376,4,1,External
COR,KMI,0.5170455115270282,62,1.986514835473304e-05,4,4,Internal
COR,KO,0.6075591782075691,62,2.079270844642116e-07,4,4,Internal
COR,L,0.48984380252536075,62,6.155521008244085e-05,4,4,Internal
COR,LNT,0.597489864097396,62,3.703961280483564e-07,4,4,Internal
COR,MCD,0.6082227268930471,62,2.0002339847187166e-07,4,4,Internal
COR,MCHP,-0.44747363364392445,62,0.00029950795043943697,4,1,External
COR,MCK,0.8402851332713539,62,2.5126345488767696e-17,4,4,Internal
COR,MMC,0.4607393290261643,62,0.00018656589286007637,4,4,Internal
COR,MNST,0.4364185231181971,62,0.00043797248469416557,4,4,Internal
COR,MO,0.47525516569285037,62,0.00010865734566795395,4,4,Internal
COR,MOH,0.4319735976576432,62,0.0005084432760654329,4,4,Internal
COR,MPWR,-0.41741093244786365,62,0.0008174225171335426,4,1,External
COR,NCLH,-0.4379735841310468,62,0.0004154977213148828,4,1,External
COR,NI,0.6043876836680805,62,2.499336034947261e-07,4,4,Internal
COR,O,0.41256360686580557,62,0.0009529391094236447,4,4,Internal
COR,ON,-0.43126735412757344,62,0.0005205430709663758,4,1,External
COR,ORLY,0.4903315142062284,62,6.0369840995375374e-05,4,4,Internal
COR,OTIS,0.5029250819235557,62,3.616311251520748e-05,4,4,Internal
COR,PCAR,-0.4812446654339802,62,8.631407548850367e-05,4,1,External
COR,PG,0.48268439140829894,62,8.161543113641995e-05,4,4,Internal
COR,PGR,0.5527518630089175,62,3.853913390686281e-06,4,4,Internal
COR,PH,-0.42756718163283514,62,0.0005883164028083075,4,1,External
COR,PM,0.5606955263899098,62,2.6064390287901867e-06,4,4,Internal
COR,PNW,0.648726058040639,62,1.5694010375924205e-08,4,4,Internal
COR,PPL,0.6474962728145008,62,1.704960962464727e-08,4,4,Internal
COR,RF,-0.4064140811758265,62,0.0011538935622159448,4,1,External
COR,RL,-0.47130678201394566,62,0.0001261717015323425,4,1,External
COR,ROL,0.5629218106185382,62,2.3315866927032104e-06,4,4,Internal
COR,RSG,0.6251857332064259,62,7.201047308874939e-08,4,4,Internal
COR,SBAC,0.4889268424960643,62,6.384215294969747e-05,4,4,Internal
COR,SO,0.6559514057483791,62,9.572196169874444e-09,4,4,Internal
COR,SRE,0.4422010590662053,62,0.00035959972729464475,4,4,Internal
COR,SWK,-0.5252167025004518,62,1.3873085138996621e-05,4,1,External
COR,SYF,-0.5593541073060408,62,2.7863703465825824e-06,4,1,External
COR,T,0.4693553709172623,62,0.00013575263615740082,4,4,Internal
COR,TAP,0.5271263754977599,62,1.2739413383232904e-05,4,4,Internal
COR,TER,-0.45679660132671224,62,0.0002151837341769878,4,1,External
COR,TFC,-0.43166386837220366,62,0.0005137179511314897,4,1,External
COR,TPR,-0.418002310972138,62,0.0008021415667535496,4,1,External
COR,TRV,0.4698987312619381,62,0.00013301993665816095,4,4,Internal
COR,UPS,-0.46797433079196427,62,0.0001429317242937151,4,1,External
COR,VRSK,0.6815341750728576,62,1.485914708011672e-09,4,4,Internal
COR,VRSN,0.45538391453111365,62,0.0002263778055348293,4,4,Internal
COR,VTR,0.4801379401858752,62,9.009379625480317e-05,4,4,Internal
COR,VZ,0.43896748186153306,62,0.00040168821258879247,4,4,Internal
COR,WEC,0.5765892252301763,62,1.1552466520831467e-06,4,4,Internal
COR,WELL,0.6221450404031031,62,8.687133331635091e-08,4,4,Internal
COR,WM,0.5882116591418103,62,6.197937534829546e-07,4,4,Internal
COR,WMB,0.4529748378576879,62,0.0002467019648182446,4,4,Internal
COR,WRB,0.5654840726198817,62,2.0488707390570937e-06,4,4,Internal
COR,WYNN,-0.44063694077887144,62,0.0003794292173100445,4,1,External
COR,XEL,0.602606503842849,62,2.769020185587624e-07,4,4,Internal
COR,YUM,0.5130265822731387,62,2.3622119309662012e-05,4,4,Internal
COR,ZBRA,-0.4760105748948465,62,0.00010557264936478292,4,1,External
COST,CPB,0.40614231133554896,62,0.0011635958458305435,4,5,External
COST,CPT,0.4024371463668475,62,0.0013033983459556245,4,4,Internal
COST,CTAS,0.5830728962340403,62,8.186691490550434e-07,4,4,Internal
COST,D,0.5522560758280775,62,3.94783250971533e-06,4,4,Internal
COST,DTE,0.5082296618337957,62,2.8965071087486796e-05,4,4,Internal
COST,DUK,0.5901121191827794,62,5.584947461553336e-07,4,4,Internal
COST,EA,0.46639806308451104,62,0.00015155024851050292,4,4,Internal
COST,ECL,0.5072823043377717,62,3.014441465291345e-05,4,4,Internal
COST,ED,0.5540823845894755,62,3.612073169138571e-06,4,4,Internal
COST,EMR,-0.4196293432405352,62,0.0007614230533903314,4,1,External
COST,ETR,0.4227439622527326,62,0.0006886504039773489,4,4,Internal
COST,EVRG,0.44091999033805873,62,0.000375768629002517,4,4,Internal
COST,EXC,0.5735770585294092,62,1.3522996573637584e-06,4,4,Internal
COST,FE,0.6124205407816697,62,1.5621023875041673e-07,4,4,Internal
COST,GIS,0.40353789170182414,62,0.0012603667047368173,4,5,External
COST,HIG,0.5245551365496312,62,1.4287195659091228e-05,4,4,Internal
COST,INVH,0.4268651978433571,62,0.0006020427254817795,4,4,Internal
COST,JKHY,0.42453618126538173,62,0.0006496885121185504,4,4,Internal
COST,KDP,0.4771571505549151,62,0.0001010441513205849,4,4,Internal
COST,KLAC,-0.5391605182982222,62,7.3552797174304136e-06,4,1,External
COST,KMB,0.5710473395817016,62,1.5416744792095166e-06,4,4,Internal
COST,KO,0.5918042316502867,62,5.087509167083301e-07,4,4,Internal
COST,KR,0.5808781596695142,62,9.206583653430954e-07,4,4,Internal
COST,KVUE,0.44884471775355395,62,0.00028546107513846623,4,4,Internal
COST,L,0.4791032172727971,62,9.376476518834745e-05,4,4,Internal
COST,LIN,0.4483650084656401,62,0.0002903058620018804,4,4,Internal
COST,LNT,0.4783025764854897,62,9.66991326999051e-05,4,4,Internal
COST,LRCX,-0.6070168223967329,62,2.1460451840774647e-07,4,1,External
COST,LYB,-0.41182379947276754,62,0.0009753167324753704,4,2,External
COST,MAA,0.4750161110456852,62,0.00010965063761650472,4,4,Internal
COST,MCD,0.5567233408112932,62,3.173437184963212e-06,4,4,Internal
COST,MCK,0.46862935109224746,62,0.00013948439219253658,4,4,Internal
COST,MDLZ,0.40327340931798245,62,0.0012705878761302266,4,5,External
COST,MMC,0.43529021865662043,62,0.0004549653944604625,4,4,Internal
COST,MNST,0.4343441925856477,62,0.00046967257663847387,4,4,Internal
COST,MO,0.4840007429935908,62,7.752666168473152e-05,4,4,Internal
COST,MPWR,-0.5672341106689425,62,1.8745678786747142e-06,4,1,External
COST,MU,-0.4755604984906839,62,0.00010740068787341228,4,1,External
COST,NI,0.4786486284675096,62,9.542063396552656e-05,4,4,Internal
COST,NVDA,-0.4463906029847098,62,0.0003110463052119456,4,1,External
COST,O,0.4568482921924064,62,0.00021478390886341069,4,4,Internal
COST,ORLY,0.5905934173351155,62,5.438998802376287e-07,4,4,Internal
COST,OTIS,0.421065861717494,62,0.0007270363911142509,4,4,Internal
COST,PEG,0.473568667761138,62,0.00011584524813245847,4,4,Internal
COST,PG,0.6226481330235295,62,8.422778700717085e-08,4,4,Internal
COST,PGR,0.5211936060659785,62,1.6574575493081464e-05,4,4,Internal
COST,PM,0.43365836494960286,62,0.00048060333043986874,4,4,Internal
COST,PNW,0.4991848489653858,62,4.219655946198634e-05,4,4,Internal
COST,PPL,0.5711966403096856,62,1.5298417810881865e-06,4,4,Internal
COST,PSA,0.5309980895821941,62,1.0700287287312333e-05,4,4,Internal
COST,ROL,0.6658392089348523,62,4.7602904812947324e-09,4,4,Internal
COST,ROP,0.4749461153149638,62,0.00010994305088744079,4,4,Internal
COST,RSG,0.6135235920290601,62,1.4629719233400186e-07,4,4,Internal
COST,SBAC,0.5393603565289931,62,7.287189814149379e-06,4,4,Internal
COST,SO,0.6121721287611599,62,1.585283156075151e-07,4,4,Internal
COST,SRE,0.4333734271295626,62,0.0004852122496432368,4,4,Internal
COST,STZ,0.43725805583871163,62,0.0004257053494987341,4,5,External
COST,SYY,0.4010505374158044,62,0.0013594829780551447,4,4,Internal
COST,T,0.40775711866456404,62,0.001107007590895668,4,4,Internal
COST,TER,-0.48772617729330753,62,6.695513663717382e-05,4,1,External
COST,TJX,0.571123218780562,62,1.5356500742145157e-06,4,5,External
COST,TRV,0.5847762989503479,62,7.469220296015005e-07,4,4,Internal
COST,VRSK,0.496828024297047,62,4.646255963620468e-05,4,4,Internal
COST,VTR,0.40447630808546414,62,0.001224694645192058,4,4,Internal
COST,VZ,0.5308187889052156,62,1.0787585159250728e-05,4,4,Internal
COST,WEC,0.6041065060089005,62,2.5401988991084313e-07,4,4,Internal
COST,WELL,0.48629577556323583,62,7.084614828421621e-05,4,4,Internal
COST,WM,0.5973738082702222,62,3.7282639363433125e-07,4,4,Internal
COST,WMT,0.5131325431460332,62,2.3515143606198867e-05,4,4,Internal
COST,WRB,0.49284485146796925,62,5.458809602110601e-05,4,4,Internal
COST,WTW,0.4374212020198544,62,0.0004233580608864949,4,4,Internal
COST,XEL,0.5149701781151134,62,2.1729861600293544e-05,4,4,Internal
COST,YUM,0.40684601868210085,62,0.001138623030705242,4,4,Internal
COST,ZBRA,-0.41999941293553006,62,0.0007524266390362357,4,1,External
CPAY,DOV,0.407023577156148,62,0.0011323986591159556,1,1,Internal
CPAY,HBAN,0.4401271727802605,62,0.0003861038683943499,1,1,Internal
CPAY,KEY,0.4388805380597123,62,0.0004028793494538357,1,1,Internal
CPAY,KEYS,0.4148014883270142,62,0.0008880395116550698,1,1,Internal
CPAY,LHX,-0.4039119483797744,62,0.0012460371701646148,1,2,External
CPAY,MA,0.44411401700328274,62,0.00033663278075343945,1,4,External
CPAY,MTB,0.4328173542455038,62,0.0004943226449639509,1,1,Internal
CPAY,NCLH,0.42699899874778346,62,0.0005994042511488374,1,1,Internal
CPAY,PYPL,0.5846533455207849,62,7.518965065130678e-07,1,1,Internal
CPAY,RF,0.4175621186490336,62,0.0008134911060416222,1,1,Internal
CPAY,SW,0.40810443893558335,62,0.0010951651697292768,1,1,Internal
CPAY,SYF,0.4305221607943646,62,0.0005335930840912708,1,1,Internal
CPAY,TPR,0.4432411385516182,62,0.00034694138848234896,1,1,Internal
CPAY,ZBRA,0.456294800205749,62,0.000219100662207756,1,1,Internal
CPB,D,0.4691141012786934,62,0.00013698247894835706,5,4,External
CPB,DGX,0.42441924223917443,62,0.0006521684628219077,5,4,External
CPB,DOC,0.4541085108092125,62,0.000236938700224585,5,4,External
CPB,DPZ,0.4032512369846901,62,0.0012714481239145749,5,4,External
CPB,ECL,0.4029435012491605,62,0.001283441932954241,5,4,External
CPB,ED,0.4036737293854705,62,0.0012551459246500024,5,4,External
CPB,ELV,0.4064438187162287,62,0.0011528363541383178,5,4,External
CPB,EXR,0.5410918992317667,62,6.7213105200892e-06,5,4,External
CPB,FE,0.4482408104010897,62,0.00029157235783830985,5,4,External
CPB,GILD,0.4058236403682136,62,0.0011750660155694424,5,5,Internal
CPB,GIS,0.8282381266448653,62,1.7931745152072214e-16,5,5,Internal
CPB,GPC,0.43908871278731254,62,0.0004000326885499063,5,5,Internal
CPB,HOLX,0.47639154994158334,62,0.00010404766989258867,5,5,Internal
CPB,HRL,0.7359024225318367,62,1.4127422221049152e-11,5,5,Internal
CPB,HSY,0.5268159468814505,62,1.2917637462144934e-05,5,5,Internal
CPB,IFF,0.4848126200261739,62,7.509979770046286e-05,5,5,Internal
CPB,INVH,0.4255310552817799,62,0.000628933002542062,5,4,External
CPB,JKHY,0.4534419896037719,62,0.00024263514564582694,5,4,External
CPB,KDP,0.5306495957345836,62,1.0870568781826452e-05,5,4,External
CPB,KHC,0.8262442540420597,62,2.446284101240733e-16,5,5,Internal
CPB,KMB,0.48350133695005565,62,7.905514770434784e-05,5,4,External
CPB,KO,0.44858134987489634,62,0.00028811172589666593,5,4,External
CPB,LIN,0.4728374067752923,62,0.00011909556821403295,5,4,External
CPB,LKQ,0.43890558181552547,62,0.00040253591892055573,5,5,Internal
CPB,LW,0.6034430296143658,62,2.639124824851522e-07,5,5,Internal
CPB,MCD,0.4317964783852313,62,0.000511453556696579,5,4,External
CPB,MDLZ,0.6879267059785353,62,9.057936085607753e-10,5,5,Internal
CPB,MKC,0.6097184294328353,62,1.832324115396177e-07,5,4,External
CPB,MLM,0.4659478722795655,62,0.00015409778730036605,5,5,Internal
CPB,MNST,0.4330063798921972,62,0.000491208468000833,5,4,External
CPB,MOH,0.42250106704707396,62,0.0006940905062643297,5,4,External
CPB,NVDA,-0.4018266039233802,62,0.0013278316761371148,5,1,External
CPB,O,0.4636619885237239,62,0.00016764957066731732,5,4,External
CPB,ORLY,0.4741201656499703,62,0.000113448061785395,5,4,External
CPB,PEP,0.7020251416032938,62,2.9044650668037813e-10,5,5,Internal
CPB,PG,0.5186265076086651,62,1.8545423218610503e-05,5,4,External
CPB,PNW,0.412034237825502,62,0.0009689036641163827,5,4,External
CPB,PPG,0.4598853898723505,62,0.00019245067862133183,5,1,External
CPB,PSA,0.6090486602629082,62,1.9058028803361468e-07,5,4,External
CPB,REG,0.5358294908513084,62,8.581184150345988e-06,5,5,Internal
CPB,ROL,0.4245899422888031,62,0.0006485512597823169,5,4,External
CPB,SBAC,0.4565974468821443,62,0.00021673055195726962,5,4,External
CPB,SO,0.4221245566210882,62,0.0007026001000965803,5,4,External
CPB,STZ,0.5053012000866811,62,3.275565109877239e-05,5,5,Internal
CPB,SYY,0.6463741031188022,62,1.838252499019591e-08,5,4,External
CPB,TAP,0.4352462856292549,62,0.00045563901080704057,5,4,External
CPB,TJX,0.5257594234042158,62,1.3541720927511329e-05,5,5,Internal
CPB,TSCO,0.5276898638785954,62,1.2421727040221399e-05,5,5,Internal
CPB,TSN,0.45515928090603924,62,0.00022820606429332785,5,4,External
CPB,VZ,0.44366294098158254,62,0.00034192456250754316,5,4,External
CPB,WAT,0.45015852407546525,62,0.0002725677039653954,5,5,Internal
CPB,WEC,0.4003637929219937,62,0.0013880549384937943,5,4,External
CPB,WST,0.42355743587954264,62,0.0006707110629353012,5,5,Internal
CPRT,INTU,-0.6256645922950992,62,6.990108749985395e-08,5,10,External
CPRT,ROST,0.6391571997408474,62,2.9612889258484028e-08,5,5,Internal
CPT,DOC,0.47867065739566483,62,9.533977616931667e-05,4,4,Internal
CPT,DTE,0.5268350946902616,62,1.2906577576594453e-05,4,4,Internal
CPT,DUK,0.4804341915588887,62,8.906738014166736e-05,4,4,Internal
CPT,EQR,0.7599136662964386,62,1.2350301434766876e-12,4,4,Internal
CPT,ESS,0.8778972521178997,62,1.5880187725238932e-20,4,4,Internal
CPT,ETN,-0.528351895461075,62,1.2057894551476374e-05,4,12,External
CPT,ETR,0.4798089219938664,62,9.124648607127644e-05,4,4,Internal
CPT,EVRG,0.5779882604138366,62,1.0731826360538781e-06,4,4,Internal
CPT,EXC,0.4448353926725008,62,0.0003283249330240721,4,4,Internal
CPT,EXR,0.5052692651672257,62,3.279940749284314e-05,4,4,Internal
CPT,FE,0.41802008768678756,62,0.0008016862489321665,4,4,Internal
CPT,GL,0.41786397018988175,62,0.0008056929067381506,4,4,Internal
CPT,HIG,0.4917246207092715,62,5.709889184737611e-05,4,4,Internal
CPT,HRL,0.40639876308334066,62,0.0011544384807732218,4,5,External
CPT,ICE,0.42337550865599555,62,0.0006746859123532462,4,4,Internal
CPT,INVH,0.6480982462643363,62,1.637278105589755e-08,4,4,Internal
CPT,IRM,0.42016085281378324,62,0.0007485322350103083,4,12,External
CPT,KDP,0.4204293419637901,62,0.0007420958482358148,4,4,Internal
CPT,KO,0.4060625326939696,62,0.0011664578824587472,4,4,Internal
CPT,L,0.525333760794782,62,1.3800983254029583e-05,4,4,Internal
CPT,LNT,0.4414813899485166,62,0.0003686032002030542,4,4,Internal
CPT,MAA,0.8535376515639799,62,2.375716577814166e-18,4,4,Internal
CPT,MET,0.40988905212450444,62,0.0010360966972475158,4,1,External
CPT,MKC,0.4707151822432123,62,0.00012900860138466332,4,4,Internal
CPT,NI,0.4150533827923266,62,0.0008809902025304291,4,4,Internal
CPT,NVDA,-0.46096147747817673,62,0.0001850622370034072,4,1,External
CPT,O,0.5012377762233903,62,3.877867373821081e-05,4,4,Internal
CPT,PNW,0.532942127498558,62,9.795026152061231e-06,4,4,Internal
CPT,PPL,0.5284177487607635,62,1.2022250460245958e-05,4,4,Internal
CPT,PSA,0.4361101943751594,62,0.00044255783867673694,4,4,Internal
CPT,REG,0.5066049803455495,62,3.101467804176027e-05,4,5,External
CPT,SO,0.4178162553805974,62,0.0008069210836975146,4,4,Internal
CPT,TRV,0.5069139753518049,62,3.061481968809244e-05,4,4,Internal
CPT,UDR,0.8490119510561395,62,5.452192345927059e-18,4,4,Internal
CPT,VICI,0.4101562294870053,62,0.001027505033248741,4,4,Internal
CPT,WEC,0.437735454625185,62,0.000418869853657237,4,4,Internal
CPT,WRB,0.4172840267984141,62,0.000820735789219248,4,4,Internal
CPT,WTW,0.4195202091138498,62,0.0007640946222910785,4,4,Internal
CPT,XEL,0.44445101088914424,62,0.0003327281774303838,4,4,Internal
CPT,XYZ,-0.5588334252325398,62,2.859288360750115e-06,4,12,External
CRL,DIS,0.6115609611911652,62,1.643700987012821e-07,5,1,External
CRL,GEN,0.4754715258088111,62,0.00010776548662849605,5,1,External
CRL,IQV,0.6414551547575515,62,2.5476121799178218e-08,5,5,Internal
CRL,LH,0.46107972751429616,62,0.0001842663711981661,5,5,Internal
CRL,PFG,0.41469015409467597,62,0.0008911714173985872,5,1,External
CRL,ROK,0.6204537726730615,62,9.634323303045433e-08,5,1,External
CRL,RVTY,0.47454652394652674,62,0.00011162614472294662,5,5,Internal
CRL,TECH,0.4788589646599689,62,9.465115633760458e-05,5,5,Internal
CRL,TRMB,0.561295048485086,62,2.5295859435468333e-06,5,1,External
CRL,WAT,0.4745285684898381,62,0.00011170232663173295,5,5,Internal
CRL,ZTS,0.4203731544515356,62,0.0007434386522925265,5,5,Internal
CRM,DXCM,0.4046763323057436,62,0.0012172095872234972,1,1,Internal
CRM,EXR,-0.42034044302714924,62,0.0007442214221892495,1,4,External
CRM,INVH,-0.4078933701130638,62,0.0011023482073282272,1,4,External
CRM,MAR,0.42453945487814854,62,0.0006496192110052647,1,1,Internal
CRM,NOW,0.515697481678218,62,2.1058649298393274e-05,1,1,Internal
CRM,NTAP,0.4139305022945569,62,0.0009128084602286888,1,1,Internal
CRM,O,-0.4961794568102635,62,4.770450204044463e-05,1,4,External
CRM,REG,-0.4058865095410466,62,0.0011727950913185724,1,5,External
CRM,URI,0.4138937498184668,62,0.0009138672005819343,1,1,Internal
CRM,VICI,-0.42155374902262555,62,0.0007156812470252621,1,4,External
CSCO,STE,0.44789384238171603,62,0.0002951372864646271,5,5,Internal
CSGP,EIX,0.40278241696055117,62,0.0012897605687985376,1,4,External
CSGP,GRMN,0.5380518755081098,62,7.743907725015293e-06,1,1,Internal
CSGP,TT,-0.6518749174593907,62,1.2672459272364354e-08,1,5,External
CSGP,VLTO,-0.4862908302280522,62,7.08599548125777e-05,1,5,External
CSGP,VMC,-0.4254252801784439,62,0.0006311108230837263,1,5,External
CSX,EMR,0.4154121728715973,62,0.0008710366371537381,1,1,Internal
CSX,EQT,-0.4055360381447823,62,0.0011855051674486228,1,2,External
CSX,EXPD,0.6170355598960167,62,1.185358451094653e-07,1,1,Internal
CSX,FDX,0.6420727335377335,62,2.4461220939722532e-08,1,1,Internal
CSX,FITB,0.44422041660408684,62,0.00033539548691876605,1,1,Internal
CSX,GNRC,0.47288391117501266,62,0.0001188863969049995,1,1,Internal
CSX,HBAN,0.43818594318789916,62,0.0004125113736728505,1,1,Internal
CSX,HD,0.46933762003126805,62,0.00013584277268514778,1,1,Internal
CSX,HPQ,0.4037878696567428,62,0.0012507741088984747,1,1,Internal
CSX,HST,0.5672442306172375,62,1.8736015473672935e-06,1,1,Internal
CSX,IEX,0.5437828782157333,62,5.922537507137846e-06,1,1,Internal
CSX,IP,0.5380421978114642,62,7.747382831445546e-06,1,1,Internal
CSX,IR,0.4603550613519972,62,0.00018919331820915327,1,1,Internal
CSX,JBHT,0.7598401885547341,62,1.244809135713172e-12,1,1,Internal
CSX,KEY,0.4690128043430806,62,0.00013750186817474436,1,1,Internal
CSX,LEN,0.43130394261124405,62,0.0005199098508054632,1,1,Internal
CSX,LOW,0.5075949975310989,62,2.9750323996963578e-05,1,1,Internal
CSX,MAS,0.6561678736543397,62,9.42951795866245e-09,1,1,Internal
CSX,MCK,-0.4341295764778607,62,0.00047306860400967343,1,4,External
CSX,MGM,0.4333815759319255,62,0.00048507988558966336,1,1,Internal
CSX,MTB,0.4520378356565431,62,0.00025504741570060155,1,1,Internal
CSX,NCLH,0.4042730665677469,62,0.0012323424855373985,1,1,Internal
CSX,NKE,0.5254410426166908,62,1.3735209022084478e-05,1,1,Internal
CSX,NSC,0.7687759902354985,62,4.670842377136148e-13,1,1,Internal
CSX,NTAP,0.4063982585634676,62,0.0011544564322641066,1,1,Internal
CSX,NVR,0.4107111869788584,62,0.0010098641128066372,1,1,Internal
CSX,ODFL,0.6764125779616208,62,2.189647397749499e-09,1,1,Internal
CSX,PCAR,0.5111642436414194,62,2.5577477333117256e-05,1,1,Internal
CSX,PGR,-0.4419132315196505,62,0.0003631762998088547,1,4,External
CSX,PKG,0.5958410047678042,62,4.063627369641767e-07,1,1,Internal
CSX,PM,-0.49963256361915714,62,4.142826691283768e-05,1,4,External
CSX,PNC,0.5212537302967954,62,1.653083745047592e-05,1,1,Internal
CSX,RF,0.5473324308649378,62,5.003811000221484e-06,1,1,Internal
CSX,RL,0.5243469600631656,62,1.441986088897195e-05,1,1,Internal
CSX,RSG,-0.4449888010714901,62,0.00032658245881927664,1,4,External
CSX,SW,0.4874580472237486,62,6.766916211259228e-05,1,1,Internal
CSX,SWK,0.6386770307296855,62,3.05539244786469e-08,1,1,Internal
CSX,SYF,0.4431490443226027,62,0.00034804561780887275,1,1,Internal
CSX,TFC,0.4042226601408824,62,0.001234245881781035,1,1,Internal
CSX,TGT,0.6027139120514229,62,2.752011759749026e-07,1,1,Internal
CSX,TROW,0.537674141607721,62,7.880628729977082e-06,1,1,Internal
CSX,UNP,0.5930463668783105,62,4.749168302086828e-07,1,1,Internal
CSX,UPS,0.6832175266635396,62,1.3059038130228168e-09,1,1,Internal
CSX,USB,0.5091802868704455,62,2.782471967737742e-05,1,1,Internal
CSX,VRSN,-0.4130482830604016,62,0.0009385309240749515,1,4,External
CSX,WYNN,0.426493233561816,62,0.000609433053465748,1,1,Internal
CSX,ZBRA,0.5576706516086034,62,3.028612495287667e-06,1,1,Internal
CTAS,D,0.5494894140471296,62,4.512367795449376e-06,4,4,Internal
CTAS,DPZ,0.47772550253398877,62,9.886623582896593e-05,4,4,Internal
CTAS,DTE,0.6092405270218126,62,1.8844750542173124e-07,4,4,Internal
CTAS,DUK,0.6465745016845651,62,1.8137484587972874e-08,4,4,Internal
CTAS,EA,0.5311151639970572,62,1.0643641118723053e-05,4,4,Internal
CTAS,ECL,0.4109102194099231,62,0.0010036041360590056,4,4,Internal
CTAS,ED,0.6479994384209585,62,1.6482104574364265e-08,4,4,Internal
CTAS,EG,0.4937798471398325,62,5.257089939050528e-05,4,4,Internal
CTAS,ELV,0.5042547687554438,62,3.421791665487307e-05,4,4,Internal
CTAS,ES,0.42576987459984633,62,0.0006240409377905983,4,4,Internal
CTAS,ETR,0.5534710151891709,62,3.721382383102243e-06,4,4,Internal
CTAS,EVRG,0.44075304824976047,62,0.0003779237276702694,4,4,Internal
CTAS,EXC,0.6441392119930112,62,2.133601278056789e-08,4,4,Internal
CTAS,FDX,-0.41840905204515444,62,0.0007917819422293661,4,1,External
CTAS,FE,0.6332976668157972,62,4.321949856527757e-08,4,4,Internal
CTAS,GD,0.4211929188047825,62,0.0007240636574641536,4,2,External
CTAS,GE,0.4763371238307528,62,0.00010426428165398169,4,4,Internal
CTAS,GIS,0.4381187592519807,62,0.00041345404466706465,4,5,External
CTAS,GL,0.5168643357594598,62,2.002182219219622e-05,4,4,Internal
CTAS,HCA,0.5778126496726029,62,1.0831750657929994e-06,4,4,Internal
CTAS,HIG,0.6994557089848963,62,3.5909214878749577e-10,4,4,Internal
CTAS,HST,-0.45157140411043173,62,0.00025929711866877806,4,1,External
CTAS,ICE,0.5632928362529152,62,2.2885046308115205e-06,4,4,Internal
CTAS,JKHY,0.5107694669466444,62,2.6010777214285338e-05,4,4,Internal
CTAS,KDP,0.5724283717734902,62,1.435415857738496e-06,4,4,Internal
CTAS,KEY,-0.4246852876799021,62,0.0006465387725508092,4,1,External
CTAS,KMB,0.576998929612608,62,1.1306251344183048e-06,4,4,Internal
CTAS,KMI,0.4524030223634062,62,0.00025176467333961586,4,4,Internal
CTAS,KO,0.6536671110785088,62,1.1207729238333988e-08,4,4,Internal
CTAS,KR,0.48668349284872126,62,6.977139026639392e-05,4,4,Internal
CTAS,L,0.6528379027649991,62,1.1864306441773352e-08,4,4,Internal
CTAS,LIN,0.4718345120863172,62,0.0001236895251647689,4,4,Internal
CTAS,LMT,0.42541245831137775,62,0.0006313752783977608,4,2,External
CTAS,LNT,0.5364940541525534,62,8.322377552077432e-06,4,4,Internal
CTAS,MA,0.43000740019229944,62,0.0005427803474100991,4,4,Internal
CTAS,MCD,0.8126527329788628,62,1.838897507344045e-15,4,4,Internal
CTAS,MCK,0.5782874740186754,62,1.0563558075720776e-06,4,4,Internal
CTAS,MCO,0.5781283324161992,62,1.065274399120042e-06,4,4,Internal
CTAS,MDLZ,0.4067181246792893,62,0.0011431254656857012,4,5,External
CTAS,META,-0.45925377621316615,62,0.00019691212187470476,4,1,External
CTAS,MMC,0.6252439344152055,62,7.175092759119958e-08,4,4,Internal
CTAS,MNST,0.5306610283986333,62,1.086494279511282e-05,4,4,Internal
CTAS,MO,0.574736710423968,62,1.272978269395993e-06,4,4,Internal
CTAS,MPWR,-0.6352404035365784,62,3.816119342807106e-08,4,1,External
CTAS,MSI,0.41768558046877535,62,0.0008102933179307543,4,12,External
CTAS,MTB,-0.40716835030299353,62,0.0011273462822953466,4,1,External
CTAS,NCLH,-0.41942825214823504,62,0.0007663522774584295,4,1,External
CTAS,NEM,0.48253857553287954,62,8.208036300135178e-05,4,4,Internal
CTAS,NI,0.6009237464596396,62,3.0487394190887986e-07,4,4,Internal
CTAS,O,0.4188050110133743,62,0.0007818132801762687,4,4,Internal
CTAS,ON,-0.4076489226745908,62,0.0011107201912561968,4,1,External
CTAS,ORLY,0.5201436654294399,62,1.735589459081965e-05,4,4,Internal
CTAS,OTIS,0.5172898483669642,62,1.9655655564217197e-05,4,4,Internal
CTAS,PAYX,0.6121221884419038,62,1.5899823099745818e-07,4,4,Internal
CTAS,PEG,0.5304258392440409,62,1.098122560639542e-05,4,4,Internal
CTAS,PEP,0.40251804780856076,62,0.0013001912582114397,4,5,External
CTAS,PG,0.5414662470122789,62,6.604480100418134e-06,4,4,Internal
CTAS,PGR,0.7325564326047492,62,1.943160977439345e-11,4,4,Internal
CTAS,PM,0.690914255915964,62,7.156207889798281e-10,4,4,Internal
CTAS,PNW,0.6335336173777424,62,4.257300587683849e-08,4,4,Internal
CTAS,PPL,0.6993865824574735,62,3.611365459813704e-10,4,4,Internal
CTAS,PSA,0.4078135994882278,62,0.0011050739708712348,4,4,Internal
CTAS,ROL,0.7611408422683634,62,1.0821594739242769e-12,4,4,Internal
CTAS,ROP,0.6057069806473624,62,2.315727384315294e-07,4,4,Internal
CTAS,RSG,0.7535365287538482,62,2.423774918454731e-12,4,4,Internal
CTAS,SBAC,0.5455001198621482,62,5.460032954293325e-06,4,4,Internal
CTAS,SO,0.6450268752985211,62,2.0112933017606054e-08,4,4,Internal
CTAS,SPGI,0.43492141486624397,62,0.0004606483941756887,4,4,Internal
CTAS,SRE,0.4583796670102789,62,0.000203242660513549,4,4,Internal
CTAS,STZ,0.40355421295664706,62,0.0012597383836612987,4,5,External
CTAS,SWK,-0.550987981417593,62,4.19786319096225e-06,4,1,External
CTAS,SYF,-0.4974212179086744,62,4.5352866533516805e-05,4,1,External
CTAS,SYY,0.4499525639291532,62,0.00027455315243198075,4,4,Internal
CTAS,T,0.6312371031562678,62,4.927277203558711e-08,4,4,Internal
CTAS,TER,-0.44076856115630064,62,0.00037772299433887967,4,1,External
CTAS,TMUS,0.5736262977709239,62,1.3488396196217113e-06,4,4,Internal
CTAS,TRV,0.7154020002566075,62,9.272672881103752e-11,4,4,Internal
CTAS,UHS,0.5105399189954497,62,2.62658409441257e-05,4,4,Internal
CTAS,V,0.4820974144505158,62,8.350188647539629e-05,4,4,Internal
CTAS,VRSK,0.7181566814605366,62,7.270787137982935e-11,4,4,Internal
CTAS,VTR,0.6008798650556955,62,3.0563773119874215e-07,4,4,Internal
CTAS,VZ,0.654779527512379,62,1.0380752389535997e-08,4,4,Internal
CTAS,WEC,0.7094666769544767,62,1.5511048449904994e-10,4,4,Internal
CTAS,WELL,0.642258920779105,62,2.4162823842209977e-08,4,4,Internal
CTAS,WM,0.7389102877221989,62,1.0563783213304977e-11,4,4,Internal
CTAS,WMT,0.41953491721834946,62,0.0007637340789720071,4,4,Internal
CTAS,WRB,0.7179410216519192,62,7.411316821070937e-11,4,4,Internal
CTAS,WTW,0.6031888380815167,62,2.6779765535605567e-07,4,4,Internal
CTAS,WYNN,-0.4651816139807801,62,0.00015852433589202345,4,1,External
CTAS,XEL,0.5848215731294846,62,7.45098106534515e-07,4,4,Internal
CTAS,YUM,0.5034576553026489,62,3.537205263378757e-05,4,4,Internal
CTAS,ZBRA,-0.4842398186200394,62,7.68046191986082e-05,4,1,External
CTRA,CVX,0.472639235286575,62,0.00011999071456661811,2,2,Internal
CTRA,DVN,0.44476374094710264,62,0.0003291416818774301,2,2,Internal
CTRA,EOG,0.4666100288279421,62,0.0001503641992528236,2,2,Internal
CTRA,EQT,0.47073810224131774,62,0.00012889761177767604,2,2,Internal
CTRA,FANG,0.5489731872719005,62,4.625704563557672e-06,2,2,Internal
CTRA,HAL,0.4856014844219485,62,7.28089299602778e-05,2,2,Internal
CTRA,OKE,0.5615464050562743,62,2.4979989913169965e-06,2,2,Internal
CTRA,PSX,0.43285780775099514,62,0.0004936546736770881,2,1,External
CTRA,SLB,0.41051963927951163,62,0.0010159219026660451,2,2,Internal
CTVA,EBAY,0.4004123724743726,62,0.0013860162008973466,2,4,External
CTVA,FTNT,-0.49029435685798967,62,6.045940459159676e-05,2,12,External
CTVA,GE,0.45910355315393225,62,0.00019798707150270304,2,4,External
CTVA,HII,0.4244288356926439,62,0.0006519646900110953,2,2,Internal
CTVA,ICE,0.40960190348213044,62,0.0010454027320063346,2,4,External
CTVA,JKHY,0.6273088064416538,62,6.309330706370802e-08,2,4,External
CTVA,KVUE,0.5036565839565281,62,3.508070133818364e-05,2,4,External
CTVA,L,0.42635820651429807,62,0.0006121361004772902,2,4,External
CTVA,MOS,0.40278223592547746,62,0.0012897676857229227,2,2,Internal
CTVA,MTCH,-0.5264121960814062,62,1.315290675858939e-05,2,12,External
CTVA,NVDA,-0.41031305101977483,62,0.0010224920629765231,2,1,External
CTVA,PAYC,0.4306095606632068,62,0.000532047294038802,2,2,Internal
CTVA,TRV,0.44885550811457536,62,0.0002853529522644006,2,4,External
CTVA,WTW,0.4354809274031896,62,0.0004520517758714871,2,4,External
CVS,ED,0.4450260391941485,62,0.00032616076672173946,16,4,External
CVS,ELV,0.4930723138873937,62,5.4090890631119214e-05,16,4,External
CVS,HUM,0.6493506768226781,62,1.5045160004167552e-08,16,16,Internal
CVS,IP,-0.47717481627140973,62,0.00010097579770312594,16,1,External
CVS,SO,0.41460142820010026,62,0.0008936744726924051,16,4,External
CVS,SWK,-0.4252070893443447,62,0.0006356247893620784,16,1,External
CVS,UNH,0.5214393090014389,62,1.639651087040501e-05,16,16,Internal
CVX,DVN,0.7777602251237298,62,1.6664568220858617e-13,2,2,Internal
CVX,EOG,0.7905380637081534,62,3.5333858881688874e-14,2,2,Internal
CVX,FANG,0.7387707765515499,62,1.0708112807666866e-11,2,2,Internal
CVX,HAL,0.5876896391416009,62,6.377052894614721e-07,2,2,Internal
CVX,LYB,0.4030028331191284,62,0.0012811216249228182,2,2,Internal
CVX,MET,0.5024120301198345,62,3.694061784968973e-05,2,1,External
CVX,MPC,0.5927232817498924,62,4.835078587668693e-07,2,1,External
CVX,OKE,0.623841921991467,62,7.825519766824983e-08,2,2,Internal
CVX,OXY,0.7578919323469829,62,1.5327799658266367e-12,2,2,Internal
CVX,PFG,0.45462132344268275,62,0.00023263941792277184,2,1,External
CVX,PSX,0.612565277960073,62,1.548743664328466e-07,2,1,External
CVX,SLB,0.7564369110820962,62,1.788239832665972e-12,2,2,Internal
CVX,TRGP,0.5615062893695424,62,2.503015314968019e-06,2,2,Internal
CVX,VLO,0.539053179384408,62,7.392096912909247e-06,2,1,External
CVX,XOM,0.8846554027236588,62,3.2674212356094074e-21,2,2,Internal
D,DGX,0.5565756653770361,62,3.1965881450049303e-06,4,4,Internal
D,DOC,0.41032779827207366,62,0.0010220217871610676,4,4,Internal
D,DTE,0.7582320675789257,62,1.478299740552772e-12,4,4,Internal
D,DUK,0.7910680969722989,62,3.305567824286228e-14,4,4,Internal
D,EA,0.4548245747879337,62,0.00023095523559671943,4,4,Internal
D,ECL,0.6637027405639492,62,5.5480985309046185e-09,4,4,Internal
D,ED,0.7689385936444634,62,4.586413479159268e-13,4,4,Internal
D,EG,0.4069914253927534,62,0.0011335234730545734,4,4,Internal
D,ELV,0.4335412331925928,62,0.00048249312109663024,4,4,Internal
D,EMR,-0.4608876843945363,62,0.0001855604848854849,4,1,External
D,EQR,0.42569298978806325,62,0.0006256120981779134,4,4,Internal
D,ES,0.7190957223871716,62,6.68791425002843e-11,4,4,Internal
D,ESS,0.4684445626240334,62,0.00014044911606769247,4,4,Internal
D,ETN,-0.4004473250185603,62,0.0013845510121663508,4,12,External
D,ETR,0.6061420717053417,62,2.2580115564184568e-07,4,4,Internal
D,EVRG,0.6202670789853522,62,9.74464883140819e-08,4,4,Internal
D,EXC,0.7223677705198812,62,4.9852544348540464e-11,4,4,Internal
D,EXR,0.5775538260109871,62,1.098061455354294e-06,4,4,Internal
D,FDS,0.4402679271873977,62,0.0003842502991225984,4,4,Internal
D,FE,0.6839855847042591,62,1.2308326433567423e-09,4,4,Internal
D,GIS,0.5192665777387298,62,1.803464098373784e-05,4,5,External
D,GL,0.4440861473699791,62,0.0003369575563683765,4,4,Internal
D,HIG,0.6025334878594403,62,2.780638881812964e-07,4,4,Internal
D,HON,0.4309165417486639,62,0.00052665005480666,4,4,Internal
D,HRL,0.5264330101321094,62,1.3140681542458714e-05,4,5,External
D,ICE,0.5702787962070063,62,1.6039523703602986e-06,4,4,Internal
D,INVH,0.5966173985575477,62,3.8903683776344817e-07,4,4,Internal
D,JBL,-0.43063234614641277,62,0.0005316449690986354,4,1,External
D,JKHY,0.6261562264833934,62,6.779614219852294e-08,4,4,Internal
D,JNJ,0.47730432857153665,62,0.00010047597503029153,4,5,External
D,KDP,0.4446032030565055,62,0.00033097836000425216,4,4,Internal
D,KEYS,-0.46752778788691135,62,0.00014532646416255332,4,1,External
D,KHC,0.48230636715323966,62,8.282579136210605e-05,4,5,External
D,KLAC,-0.581839415502784,62,8.74604384607491e-07,4,1,External
D,KMB,0.5742569733871427,62,1.3052490147374378e-06,4,4,Internal
D,KO,0.6619685747412533,62,6.2767871972641495e-09,4,4,Internal
D,KR,0.5637207617133905,62,2.2397402520891924e-06,4,4,Internal
D,KVUE,0.46595637982776134,62,0.0001540492830584528,4,4,Internal
D,L,0.65145647865589,62,1.3039610090062859e-08,4,4,Internal
D,LIN,0.5407953806695286,62,6.815214577260725e-06,4,4,Internal
D,LNT,0.716548769482737,62,8.382712613332951e-11,4,4,Internal
D,LRCX,-0.6057074500276814,62,2.31566437878395e-07,4,1,External
D,LW,0.43055560675597887,62,0.0005330010642322892,4,5,External
D,MAA,0.4515053445429042,62,0.0002599041940526634,4,4,Internal
D,MCD,0.6061837222650506,62,2.2525580722988972e-07,4,4,Internal
D,MCK,0.5778009763758529,62,1.0838423691612456e-06,4,4,Internal
D,MDLZ,0.5009779150140363,62,3.919669485424901e-05,4,5,External
D,META,-0.5423015606362601,62,6.350573666730765e-06,4,1,External
D,MKC,0.4778713740528169,62,9.831426275032683e-05,4,4,Internal
D,MMC,0.5834390248064476,62,8.027232009023407e-07,4,4,Internal
D,MNST,0.46269947626227675,62,0.0001736757522626115,4,4,Internal
D,MO,0.6278036130768728,62,6.117029135994076e-08,4,4,Internal
D,MOH,0.4341208611162804,62,0.00047320698377498183,4,4,Internal
D,MPWR,-0.5231570152918448,62,1.520040096155645e-05,4,1,External
D,MU,-0.48181309514910936,62,8.443000050028971e-05,4,1,External
D,NEE,0.5149786104771327,62,2.1721967202458607e-05,4,4,Internal
D,NI,0.5912548163351502,62,5.244270323062631e-07,4,4,Internal
D,NVDA,-0.48273973261663994,62,8.143961204215985e-05,4,1,External
D,O,0.6603030389002923,62,7.061246228773049e-09,4,4,Internal
D,ORLY,0.6889890657343299,62,8.332491308563475e-10,4,4,Internal
D,OTIS,0.5414296291656371,62,6.615824143162461e-06,4,4,Internal
D,PAYX,0.4945637193378557,62,5.093299948498143e-05,4,4,Internal
D,PEG,0.5282839743449708,62,1.209476075777649e-05,4,4,Internal
D,PEP,0.4854343962907926,62,7.32887120276972e-05,4,5,External
D,PG,0.5722794543137993,62,1.4465348251749475e-06,4,4,Internal
D,PGR,0.5285861976212194,62,1.1931520128124081e-05,4,4,Internal
D,PM,0.5443222517436609,62,5.773476024474358e-06,4,4,Internal
D,PNW,0.7142937228177862,62,1.0217678202203088e-10,4,4,Internal
D,PPL,0.7466313876170246,62,4.917314817177295e-12,4,4,Internal
D,PSA,0.5736080906937665,62,1.3501180623248603e-06,4,4,Internal
D,REG,0.41494555134710065,62,0.000884001674569237,4,5,External
D,ROL,0.6739197832555047,62,2.637091251772373e-09,4,4,Internal
D,ROP,0.46495365034164127,62,0.00015986356280884355,4,4,Internal
D,RSG,0.720681937894316,62,5.8030446401124266e-11,4,4,Internal
D,SBAC,0.6440603376824295,62,2.1448026249548112e-08,4,4,Internal
D,SO,0.8454556751584092,62,1.0277980787963806e-17,4,4,Internal
D,SPGI,0.4419221722252515,62,0.00036306471597881575,4,4,Internal
D,SRE,0.5838308114191427,62,7.85982673516928e-07,4,4,Internal
D,SYF,-0.4362292965005717,62,0.0004407814462478484,4,1,External
D,SYY,0.6182160567559186,62,1.103772294893201e-07,4,4,Internal
D,T,0.5924628249948902,62,4.905395887968255e-07,4,4,Internal
D,TAP,0.4688540801845468,62,0.0001383193441503039,4,4,Internal
D,TER,-0.5435770354731223,62,5.980364012236548e-06,4,1,External
D,TJX,0.40216274184082584,62,0.0013143293023474847,4,5,External
D,TMUS,0.44071236550243753,62,0.0003784506141878838,4,4,Internal
D,TRV,0.5979122969308756,62,3.616753081689322e-07,4,4,Internal
D,TSCO,0.4127211719145798,62,0.0009482333587470714,4,5,External
D,TSN,0.5122725974561743,62,2.4396445442125857e-05,4,4,Internal
D,UDR,0.48573269307521866,62,7.243420331246325e-05,4,4,Internal
D,VICI,0.5063319613581716,62,3.137199752069622e-05,4,4,Internal
D,VRSK,0.6077978124878305,62,2.0505141353059787e-07,4,4,Internal
D,VTR,0.4856754537760444,62,7.259745743763936e-05,4,4,Internal
D,VZ,0.6609146954727005,62,6.76295148526697e-09,4,4,Internal
D,WEC,0.711784493651122,62,1.270721744454871e-10,4,4,Internal
D,WELL,0.679506060702363,62,1.7340973284021833e-09,4,4,Internal
D,WM,0.7526856696603305,62,2.6478377569006097e-12,4,4,Internal
D,WMT,0.40705666829385434,62,0.0011312420312809559,4,4,Internal
D,WRB,0.5721202799241183,62,1.4585087692319992e-06,4,4,Internal
D,WTW,0.5334375657428342,62,9.575995281594486e-06,4,4,Internal
D,XEL,0.7140630389767135,62,1.0425578650173472e-10,4,4,Internal
D,YUM,0.562252233980841,62,2.4112604447005096e-06,4,4,Internal
DAL,DOV,0.4005528250229613,62,0.001380136952357941,1,1,Internal
DAL,ED,-0.4353469493869136,62,0.000454096892637412,1,4,External
DAL,EPAM,0.4009778898964961,62,0.0013624802761345134,1,2,External
DAL,EXPE,0.4657620068030643,62,0.0001551609661464331,1,1,Internal
DAL,FDX,0.4058451548928033,62,0.0011742884351546776,1,1,Internal
DAL,HST,0.5037676322943003,62,3.4919026655768266e-05,1,1,Internal
DAL,MCD,-0.4283437494967704,62,0.0005734627824373139,1,4,External
DAL,MGM,0.4510546492413836,62,0.00026408076093958465,1,1,Internal
DAL,MPWR,0.5094596237230629,62,2.7497621679148933e-05,1,1,Internal
DAL,MSI,-0.4293277626547952,62,0.0005551301243130854,1,12,External
DAL,MTB,0.42114452698991506,62,0.0007251945734763997,1,1,Internal
DAL,NCLH,0.5371362964136267,62,8.079183781617905e-06,1,1,Internal
DAL,NVR,0.4217151331614961,62,0.0007119606522024268,1,1,Internal
DAL,NXPI,0.40035487191834507,62,0.0013884296187934993,1,1,Internal
DAL,PCAR,0.4452500489162323,62,0.0003236344915051907,1,1,Internal
DAL,RL,0.4980302640516847,62,4.423902997301524e-05,1,1,Internal
DAL,SO,-0.4131839480911171,62,0.0009345333176954993,1,4,External
DAL,T,-0.40457757992909643,62,0.0012208998164018152,1,4,External
DAL,TER,0.4317573011403273,62,0.0005121215863056258,1,1,Internal
DAL,TGT,0.4018114948548172,62,0.001328441511904857,1,1,Internal
DAL,TROW,0.4710882279341565,62,0.00012721299542028843,1,1,Internal
DAL,UAL,0.8656320503085109,62,2.233979063819344e-19,1,1,Internal
DAL,WYNN,0.42358251646630035,62,0.0006701647545037811,1,1,Internal
DAL,YUM,-0.5116503606206715,62,2.505311108809873e-05,1,4,External
DAY,EPAM,0.43860969745108824,62,0.0004066105164858397,2,2,Internal
DAY,IFF,0.4162385456746629,62,0.0008484966372700426,2,5,External
DAY,PAYC,0.5808795971850387,62,9.205878269453015e-07,2,2,Internal
DD,DOW,0.6314056348892908,62,4.874910788997864e-08,1,2,External
DD,EL,0.4752759360261698,62,0.00010857143480628764,1,1,Internal
DD,ITW,0.5119767187587034,62,2.4706680676403124e-05,1,1,Internal
DD,LYB,0.62392695823552,62,7.78453632681855e-08,1,2,External
DD,NSC,0.44437011356747924,62,0.000333661716094958,1,1,Internal
DD,OXY,0.42948388108331287,62,0.0005522709370051206,1,2,External
DD,PRU,0.42182431013055033,62,0.0007094535923778462,1,1,Internal
DD,RVTY,0.4246520589466755,62,0.0006472394994382766,1,5,External
DD,SLB,0.40060911564671087,62,0.0013777869606516715,1,2,External
DD,SWK,0.4269726822106047,62,0.0005999223679519571,1,1,Internal
DD,TEL,0.4919267956286909,62,5.663801882793698e-05,1,1,Internal
DD,TXT,0.4510894832924441,62,0.0002637557837615225,1,1,Internal
DD,UPS,0.42047270511413204,62,0.0007410610292648329,1,1,Internal
DD,VTRS,0.4053517514408104,62,0.0011922380570563668,1,5,External
DD,XYL,0.4148181254281873,62,0.0008875723534706524,1,1,Internal
DD,ZBRA,0.4143337024020713,62,0.0009012658340024327,1,1,Internal
DG,EBAY,0.4540115723670254,62,0.0002377595202773744,5,4,External
DG,GIS,0.42025663824797144,62,0.000746230236476728,5,5,Internal
DG,KHC,0.43739386149675574,62,0.000423750603587668,5,5,Internal
DG,LIN,0.4827668322879696,62,8.135364358539355e-05,5,4,External
DG,META,-0.43606846570497454,62,0.0004431817543154298,5,1,External
DG,SYY,0.4875584894560674,62,6.740086829283722e-05,5,4,External
DGX,DOC,0.43500143554371495,62,0.0004594098814106917,4,4,Internal
DGX,DTE,0.6141279453065236,62,1.411202361078958e-07,4,4,Internal
DGX,DUK,0.5907264725396816,62,5.399287523980243e-07,4,4,Internal
DGX,ECL,0.43458370651105005,62,0.0004659087411273387,4,4,Internal
DGX,ED,0.5449869325584152,62,5.5945946321174434e-06,4,4,Internal
DGX,EFX,0.6193304645408704,62,1.0316339712647441e-07,4,1,External
DGX,ES,0.48395375204062563,62,7.766931401935184e-05,4,4,Internal
DGX,ETR,0.4852873951896115,62,7.37132219917122e-05,4,4,Internal
DGX,EVRG,0.4886983004747546,62,6.442421410274982e-05,4,4,Internal
DGX,EXC,0.5679058874155382,62,1.8114231929842904e-06,4,4,Internal
DGX,EXR,0.4463066331564578,62,0.000311957615854122,4,4,Internal
DGX,FE,0.49198007982463,62,5.651712619930964e-05,4,4,Internal
DGX,GIS,0.47191088551304416,62,0.00012333404033942793,4,5,External
DGX,HIG,0.425352009276231,62,0.0006326234131897368,4,4,Internal
DGX,HRL,0.4214964319679354,62,0.0007170068789112277,4,5,External
DGX,HSY,0.4203478061787498,62,0.0007440451602370519,4,5,External
DGX,ICE,0.5382887147729472,62,7.659313551923999e-06,4,4,Internal
DGX,JKHY,0.4600999671513411,62,0.00019095618254845014,4,4,Internal
DGX,KO,0.4670479213340908,62,0.00014794089117844318,4,4,Internal
DGX,KR,0.4135793984468248,62,0.0009229682079915205,4,4,Internal
DGX,L,0.4189042103195663,62,0.0007793336813434101,4,4,Internal
DGX,LH,0.5657827406212844,62,2.018089001603045e-06,4,5,External
DGX,LNT,0.605857968334475,62,2.2955430755733507e-07,4,4,Internal
DGX,LW,0.4347851879112761,62,0.0004627638165631334,4,5,External
DGX,MCD,0.5545552521477092,62,3.529591262677721e-06,4,4,Internal
DGX,MCK,0.4007615238390921,62,0.001371442334247361,4,4,Internal
DGX,META,-0.41607496499309926,62,0.0008529161515914013,4,1,External
DGX,MMC,0.42793027392152255,62,0.0005813285544482304,4,4,Internal
DGX,MNST,0.43748360135048014,62,0.0004224633984055353,4,4,Internal
DGX,MO,0.45023622525545026,62,0.0002718220789495847,4,4,Internal
DGX,MOH,0.48606795842602635,62,7.148475415664209e-05,4,4,Internal
DGX,MPWR,-0.4553592769378894,62,0.00022657767129861855,4,1,External
DGX,NEE,0.489606631204965,62,6.213937061382633e-05,4,4,Internal
DGX,NI,0.461136167136958,62,0.00018388761790543348,4,4,Internal
DGX,NTAP,-0.42883291620267033,62,0.0005642818238709919,4,1,External
DGX,ORLY,0.42802430775469347,62,0.0005795311513894587,4,4,Internal
DGX,PGR,0.41725343248926505,62,0.0008215363635421752,4,4,Internal
DGX,PM,0.41247744052526164,62,0.0009555214079318256,4,4,Internal
DGX,PNW,0.574919974377729,62,1.2608490209518173e-06,4,4,Internal
DGX,PPL,0.5487700334383289,62,4.671030449052377e-06,4,4,Internal
DGX,PSA,0.5418212653716731,62,6.495432682454759e-06,4,4,Internal
DGX,ROL,0.4506878793603095,62,0.0002675247263726809,4,4,Internal
DGX,RSG,0.41563140584542696,62,0.0008650047719534671,4,4,Internal
DGX,SBAC,0.5649381485117114,62,2.1062735499595487e-06,4,4,Internal
DGX,SO,0.5915010390735131,62,5.173464550708016e-07,4,4,Internal
DGX,SYY,0.46050180839850685,62,0.00018818596510934086,4,4,Internal
DGX,T,0.5542228092566985,62,3.587393055312773e-06,4,4,Internal
DGX,TAP,0.410682806784535,62,0.0010107595901213667,4,4,Internal
DGX,TRV,0.46587972077263295,62,0.00015448684636390099,4,4,Internal
DGX,VICI,0.40044187400764414,62,0.0013847794235105429,4,4,Internal
DGX,VRSK,0.40504921026677354,62,0.0012033660060600231,4,4,Internal
DGX,VTR,0.48101911070574754,62,8.707234614750605e-05,4,4,Internal
DGX,VZ,0.48289750894039984,62,8.094026871509917e-05,4,4,Internal
DGX,WEC,0.5358911856810417,62,8.556846065251022e-06,4,4,Internal
DGX,WELL,0.537418455978444,62,7.974446138021058e-06,4,4,Internal
DGX,WM,0.42022988575497067,62,0.0007468725301573517,4,4,Internal
DGX,WRB,0.5437677144732418,62,5.9267795450817255e-06,4,4,Internal
DGX,WST,0.41062124788783194,62,0.0010127044127580327,4,5,External
DGX,XEL,0.6204080396229728,62,9.661239580318465e-08,4,4,Internal
DGX,YUM,0.49783687788164627,62,4.458993025905197e-05,4,4,Internal
DHI,EQT,-0.5306557279759512,62,1.086755078375568e-05,1,2,External
DHI,EXPD,0.6200775979647198,62,9.857838301926298e-08,1,1,Internal
DHI,F,0.49441769434168326,62,5.12345020120326e-05,1,1,Internal
DHI,FDX,0.5270496182360158,62,1.2783267562395477e-05,1,1,Internal
DHI,FRT,0.48577867295284644,62,7.23033075881597e-05,1,1,Internal
DHI,GNRC,0.544491225065733,62,5.7275026987525744e-06,1,1,Internal
DHI,GPC,0.48729525302603915,62,6.810609699633441e-05,1,5,External
DHI,HAS,0.410717463027623,62,0.0010096661819050813,1,1,Internal
DHI,HD,0.6900016106494344,62,7.69267593734698e-10,1,1,Internal
DHI,HSIC,0.40802952769589607,62,0.001097709687872114,1,1,Internal
DHI,HST,0.4584819879425048,62,0.00020249212012326355,1,1,Internal
DHI,IFF,0.4363732622108034,62,0.0004386428721463857,1,5,External
DHI,IR,0.46136516961375923,62,0.0001823581376611756,1,1,Internal
DHI,ITW,0.44592773753318204,62,0.00031610006436451414,1,1,Internal
DHI,JBHT,0.5307291364528345,62,1.0831483051845013e-05,1,1,Internal
DHI,LEN,0.943350042981834,62,5.8988559555112445e-30,1,1,Internal
DHI,LOW,0.7103792709036416,62,1.434327073006692e-10,1,1,Internal
DHI,MAS,0.6411578583196514,62,2.5978750564758536e-08,1,1,Internal
DHI,MHK,0.7123274173767221,62,1.2123985116755216e-10,1,1,Internal
DHI,MLM,0.43549856027048,62,0.00045178324211246054,1,5,External
DHI,NDSN,0.4324411462881134,62,0.000500574048781401,1,1,Internal
DHI,NKE,0.5190601874210643,62,1.8197898765577657e-05,1,1,Internal
DHI,NVR,0.8997321341352236,62,6.525260151206607e-23,1,1,Internal
DHI,ODFL,0.44693602661427945,62,0.00030518576938881056,1,1,Internal
DHI,OMC,0.41049857953073504,62,0.0010165899226182668,1,1,Internal
DHI,PCAR,0.536808816627614,62,8.202349493389894e-06,1,1,Internal
DHI,PHM,0.9275870051100239,62,6.586751891138865e-27,1,1,Internal
DHI,PKG,0.43232630119497756,62,0.0005024966701653729,1,1,Internal
DHI,PLD,0.4696081788907639,62,0.00013447485488725383,1,1,Internal
DHI,PNR,0.56140575834586,62,2.515627759216163e-06,1,1,Internal
DHI,POOL,0.6162722825969282,62,1.2410988985908836e-07,1,1,Internal
DHI,PPG,0.574120967116572,62,1.3145362852707662e-06,1,1,Internal
DHI,REG,0.4252289994593055,62,0.0006351701918364685,1,5,External
DHI,RL,0.41269206287734883,62,0.0009491011309880828,1,1,Internal
DHI,RTX,-0.43127886791770714,62,0.0005203437316103236,1,2,External
DHI,SCHW,-0.4814146782972112,62,8.574654735167797e-05,1,2,External
DHI,SHW,0.5749884156511229,62,1.2563470928388073e-06,1,5,External
DHI,SWK,0.5898440932357325,62,5.667809276640232e-07,1,1,Internal
DHI,TGT,0.571146620975719,62,1.5337965156900104e-06,1,1,Internal
DHI,TROW,0.5429804111839999,62,6.150957831874245e-06,1,1,Internal
DHI,UPS,0.5776484398124808,62,1.0925975964120973e-06,1,1,Internal
DHI,WAT,0.40604622128603185,62,0.0011670438293568419,1,5,External
DHI,WY,0.5404502725072495,62,6.926044874777968e-06,1,1,Internal
DHR,GILD,0.5137741289719577,62,2.28769430406324e-05,5,5,Internal
DHR,HRL,0.4157843128451578,62,0.0008608201262241221,5,5,Internal
DHR,IQV,0.77063149070769,62,3.789758919147956e-13,5,5,Internal
DHR,ITW,0.4306835477907952,62,0.0005307419051602649,5,1,External
DHR,JNJ,0.4674983032380286,62,0.0001454858735069327,5,5,Internal
DHR,KHC,0.41560201485706033,62,0.0008658112248466193,5,5,Internal
DHR,LH,0.5243699744254338,62,1.4405138411766218e-05,5,5,Internal
DHR,MDT,0.5159059625029814,62,2.0869822407761036e-05,5,5,Internal
DHR,MRK,0.5598768457247463,62,2.7149152228056583e-06,5,5,Internal
DHR,MRNA,0.5561579521792371,62,3.262929761607404e-06,5,5,Internal
DHR,MTD,0.6732932114326149,62,2.762487160349488e-09,5,5,Internal
DHR,PFE,0.6161325905223203,62,1.2515639389863124e-07,5,5,Internal
DHR,RVTY,0.7182898498746891,62,7.18528163931285e-11,5,5,Internal
DHR,SYK,0.40699912289672524,62,0.0011332540880286816,5,5,Internal
DHR,TECH,0.7611804544241273,62,1.0775394619448868e-12,5,5,Internal
DHR,TMO,0.8583400651883862,62,9.53863449845577e-19,5,5,Internal
DHR,VTRS,0.5421573540124747,62,6.393747602869657e-06,5,5,Internal
DHR,WAT,0.762786498348947,62,9.053071279732171e-13,5,5,Internal
DHR,WST,0.5899832039838988,62,5.62465937768557e-07,5,5,Internal
DHR,ZTS,0.4863267991288251,62,7.075959233450973e-05,5,5,Internal
DIS,EMR,0.450625810881046,62,0.00026811158940022244,1,1,Internal
DIS,GEN,0.5418838588168781,62,6.476381321212888e-06,1,1,Internal
DIS,GOOG,-0.40197294426509095,62,0.001321938060487761,1,0,External
DIS,IFF,-0.46572582319728684,62,0.00015536872222690512,1,5,External
DIS,KEYS,0.44219718573390787,62,0.00035964764396771384,1,1,Internal
DIS,ROK,0.8284462345653333,62,1.7355798840095989e-16,1,1,Internal
DIS,TRMB,0.6951909985091053,62,5.081886845575466e-10,1,1,Internal
DIS,ZBRA,0.41085589057180383,62,0.0010053094076132897,1,1,Internal
DLR,EQIX,0.6322031011436312,62,4.634165024273708e-08,12,12,Internal
DLR,IRM,0.6504276197502372,62,1.3985614885373998e-08,12,12,Internal
DLR,PLD,0.43883449274586833,62,0.0004035114747839294,12,1,External
DLTR,EL,0.48867492130711226,62,6.448403221969612e-05,1,1,Internal
DLTR,FITB,0.40634893578387404,62,0.0011562126163166828,1,1,Internal
DLTR,FTV,0.4085655498418855,62,0.001079619236519542,1,1,Internal
DLTR,GLW,0.46815588866621705,62,0.00014196845041474204,1,1,Internal
DLTR,GRMN,0.410146836676227,62,0.0010278059866852414,1,1,Internal
DLTR,HBAN,0.5170489251975326,62,1.9862207287330994e-05,1,1,Internal
DLTR,HPQ,0.42584881527157137,62,0.0006224314867447296,1,1,Internal
DLTR,KEY,0.4482130541795445,62,0.00029185608711581305,1,1,Internal
DLTR,MPC,0.5479852004827548,62,4.850056198868544e-06,1,1,Internal
DLTR,MS,0.42406835652645886,62,0.0006596613245445768,1,1,Internal
DLTR,MTB,0.4377518265977685,62,0.00041863721700692455,1,1,Internal
DLTR,NTAP,0.4939796997547217,62,5.21487531875576e-05,1,1,Internal
DLTR,PH,0.4144203631571986,62,0.0008988022213097007,1,1,Internal
DLTR,PNC,0.4568941983806449,62,0.00021442939740677684,1,1,Internal
DLTR,RF,0.43037035020957776,62,0.0005362877605491013,1,1,Internal
DLTR,RL,0.47852949502744674,62,9.585901045987372e-05,1,1,Internal
DLTR,SYF,0.5151994644418968,62,2.1516147508623977e-05,1,1,Internal
DLTR,TEL,0.44052947478898813,62,0.00038082752188971984,1,1,Internal
DLTR,TGT,0.42621454497512934,62,0.0006150239249990117,1,1,Internal
DLTR,TPR,0.49933578368697695,62,4.1936091846792765e-05,1,1,Internal
DLTR,USB,0.41681097475485823,62,0.0008331935144582364,1,1,Internal
DLTR,VLO,0.5371442894641353,62,8.076199219315366e-06,1,1,Internal
DLTR,ZBRA,0.4928272312395338,62,5.462678716456881e-05,1,1,Internal
DOC,DTE,0.5449798591549467,62,5.596470747756168e-06,4,4,Internal
DOC,DUK,0.4249753052663626,62,0.0006404520008783431,4,4,Internal
DOC,ED,0.44542098817313264,62,0.0003217187336595665,4,4,Internal
DOC,EQR,0.5856932387647125,62,7.107862609078061e-07,4,4,Internal
DOC,ESS,0.5595429511702205,62,2.7603562015426298e-06,4,4,Internal
DOC,EVRG,0.4570555341592861,62,0.0002131877198767254,4,4,Internal
DOC,EXC,0.4406953294701976,62,0.00037867144821536285,4,4,Internal
DOC,EXR,0.5738194285272826,62,1.3353482125058808e-06,4,4,Internal
DOC,FRT,0.4459313839641769,62,0.00031605996022009315,4,1,External
DOC,HRL,0.5016132133092837,62,3.818200772644599e-05,4,5,External
DOC,INVH,0.48008851185448664,62,9.026610511750263e-05,4,4,Internal
DOC,ITW,0.40818139652208096,62,0.001092556677289018,4,1,External
DOC,KHC,0.41218996469963565,62,0.0009641824345425728,4,5,External
DOC,L,0.4969241676338065,62,4.628101715522552e-05,4,4,Internal
DOC,LNT,0.41945875254713616,62,0.0007656027878926867,4,4,Internal
DOC,MAA,0.4790988464423557,62,9.378055958329241e-05,4,4,Internal
DOC,META,-0.4571916192968137,62,0.00021214549391844432,4,1,External
DOC,MKC,0.44823506778472333,62,0.0002916310392781998,4,4,Internal
DOC,NVDA,-0.5645367376321992,62,2.149436930291015e-06,4,1,External
DOC,O,0.5661118432287899,62,1.9846717879760247e-06,4,4,Internal
DOC,PFG,0.4223451293510417,62,0.0006976035037383274,4,1,External
DOC,PNW,0.513600710405119,62,2.3047844559993793e-05,4,4,Internal
DOC,PPL,0.46795475715404333,62,0.00014303593144438946,4,4,Internal
DOC,PRU,0.5214168977015549,62,1.641267877823293e-05,4,1,External
DOC,PSA,0.5829005189959064,62,8.262790912270219e-07,4,4,Internal
DOC,REG,0.5370960301420359,62,8.094234613240394e-06,4,5,External
DOC,SO,0.46824254538374593,62,0.0001415107870200608,4,4,Internal
DOC,SYY,0.4751723094081674,62,0.00010900068027616046,4,4,Internal
DOC,T,0.5051918478392089,62,3.290570725468011e-05,4,4,Internal
DOC,TMUS,0.5142472239641146,62,2.2416668824411337e-05,4,4,Internal
DOC,TRV,0.4116754864169155,62,0.0009798595191048106,4,4,Internal
DOC,UDR,0.5727479319228085,62,1.4118253689226904e-06,4,4,Internal
DOC,VICI,0.49716500653291623,62,4.582912559192403e-05,4,4,Internal
DOC,VTR,0.4595633608720512,62,0.00019471365723481448,4,4,Internal
DOC,VZ,0.4988861400938387,62,4.271645252605658e-05,4,4,Internal
DOC,WEC,0.4920611217153911,62,5.633371246651635e-05,4,4,Internal
DOC,WELL,0.4981592012148246,62,4.4006492046013606e-05,4,4,Internal
DOC,WTW,0.4033899352922424,62,0.001266075469476904,4,4,Internal
DOC,WY,0.5549724719628272,62,3.4582796917401278e-06,4,1,External
DOC,XEL,0.48954490851800997,62,6.22922315308032e-05,4,4,Internal
DOV,EMR,0.412466064147593,62,0.0009558628152562827,1,1,Internal
DOV,EXPD,0.4790947865464409,62,9.379523258007176e-05,1,1,Internal
DOV,FDX,0.49264041760473504,62,5.50385586029853e-05,1,1,Internal
DOV,FITB,0.6219635400337348,62,8.784409682897896e-08,1,1,Internal
DOV,FTV,0.5627864506421009,62,2.347492083933609e-06,1,1,Internal
DOV,GNRC,0.4205592659850506,62,0.000738999242115353,1,1,Internal
DOV,GRMN,0.425690253592396,62,0.0006256680790210038,1,1,Internal
DOV,GS,0.5037744035443771,62,3.4909190755798677e-05,1,1,Internal
DOV,HBAN,0.6320356226672939,62,4.6837744052993554e-08,1,1,Internal
DOV,HPQ,0.4003407618856974,62,0.0013890224227213802,1,1,Internal
DOV,HST,0.45837004542349463,62,0.00020331336715538926,1,1,Internal
DOV,HUBB,0.42967322032398847,62,0.000548821268192247,1,1,Internal
DOV,IEX,0.6576422638983979,62,8.50993895620126e-09,1,1,Internal
DOV,IP,0.4235074696944932,62,0.000671800634768355,1,1,Internal
DOV,IR,0.6601297686536318,62,7.1479853078251865e-09,1,1,Internal
DOV,ITW,0.5075524024811714,62,2.9803724972431702e-05,1,1,Internal
DOV,IVZ,0.5418314934984428,62,6.492316016296168e-06,1,1,Internal
DOV,J,0.4117377028963096,62,0.000977951527423327,1,1,Internal
DOV,JBHT,0.43962203400057054,62,0.0003928231647097738,1,1,Internal
DOV,KEY,0.6380555811970634,62,3.181381721670954e-08,1,1,Internal
DOV,KEYS,0.4646080126551996,62,0.0001619138844196485,1,1,Internal
DOV,LEN,0.404303661078618,62,0.0012311884948697919,1,1,Internal
DOV,MAS,0.5121314193214308,62,2.4544020752733202e-05,1,1,Internal
DOV,MET,0.41323046980752765,62,0.0009331660165480201,1,1,Internal
DOV,MGM,0.43695949128894335,62,0.0004300316626944252,1,1,Internal
DOV,MHK,0.4540005491520898,62,0.00023785302301030227,1,1,Internal
DOV,MPC,0.4585057037492608,62,0.00020231852330133607,1,1,Internal
DOV,MS,0.4606738973143023,62,0.0001870109080707179,1,1,Internal
DOV,MSI,-0.4690229893287286,62,0.000137449564163488,1,12,External
DOV,MTB,0.6331686542870355,62,4.3576894014951726e-08,1,1,Internal
DOV,NCLH,0.5232984704061796,62,1.5105601486151324e-05,1,1,Internal
DOV,NDSN,0.41852815420418304,62,0.000788771410241119,1,1,Internal
DOV,NSC,0.459720540182723,62,0.00019360609366114305,1,1,Internal
DOV,PCAR,0.47320599944411235,62,0.00011744691716524676,1,1,Internal
DOV,PFG,0.46525630401936524,62,0.00015808779305198308,1,1,Internal
DOV,PH,0.5615854572577526,62,2.49312468124323e-06,1,1,Internal
DOV,PKG,0.4157122141255042,62,0.000862790987041147,1,1,Internal
DOV,PLD,0.4234713817047315,62,0.0006725885727485632,1,1,Internal
DOV,PM,-0.5267606957943493,62,1.2949600196251243e-05,1,4,External
DOV,PNC,0.6012024512355608,62,3.000646087552483e-07,1,1,Internal
DOV,PNR,0.6065362977140077,62,2.2068877568670364e-07,1,1,Internal
DOV,PRU,0.5481402107190105,62,4.814197965128676e-06,1,1,Internal
DOV,PSX,0.4930794637412218,62,5.4075329872667945e-05,1,1,Internal
DOV,RCL,0.42514914613227245,62,0.0006368284332679639,1,1,Internal
DOV,RF,0.6861095274761607,62,1.0439732665897525e-09,1,1,Internal
DOV,RJF,0.4864243624715525,62,7.048802457145658e-05,1,1,Internal
DOV,RL,0.5516536814378931,62,4.064821046425714e-06,1,1,Internal
DOV,RSG,-0.4607145274881539,62,0.0001867344592542501,1,4,External
DOV,SPG,0.4078342300005534,62,0.0011043684445404224,1,1,Internal
DOV,STX,0.4074322840859528,62,0.0011181875797605168,1,1,Internal
DOV,SW,0.5665848518526648,62,1.9375479997481328e-06,1,1,Internal
DOV,SWK,0.5770074093226729,62,1.1301207719111547e-06,1,1,Internal
DOV,SYF,0.5958882610248312,62,4.0528778700999336e-07,1,1,Internal
DOV,TEL,0.5060130718917766,62,3.179417291667474e-05,1,1,Internal
DOV,TFC,0.627763538738164,62,6.132395458131496e-08,1,1,Internal
DOV,TPR,0.48797348824095266,62,6.630271469694356e-05,1,1,Internal
DOV,TRMB,0.5226231183318467,62,1.556320423436677e-05,1,1,Internal
DOV,TROW,0.5480185316185578,62,4.842324809536e-06,1,1,Internal
DOV,TXT,0.4198581213706818,62,0.0007558500353992004,1,1,Internal
DOV,UAL,0.40634075825580024,62,0.001156504017230848,1,1,Internal
DOV,UNP,0.41542229165373173,62,0.0008707574000824964,1,1,Internal
DOV,UPS,0.4367069425616622,62,0.00043372236245346984,1,1,Internal
DOV,USB,0.6562024722767404,62,9.40690072945979e-09,1,1,Internal
DOV,VLO,0.45447240321425847,62,0.0002338805188782093,1,1,Internal
DOV,WDC,0.4487764423988102,62,0.0002861460832117156,1,1,Internal
DOV,WM,-0.4374665375835732,62,0.00042270788248071185,1,4,External
DOV,WY,0.45856468530433336,62,0.00020188737579540569,1,1,Internal
DOV,WYNN,0.4494727318398639,62,0.0002792300261697844,1,1,Internal
DOV,XYL,0.5238762594199743,62,1.472405484306769e-05,1,1,Internal
DOV,ZBRA,0.5288922417250588,62,1.1768304486274125e-05,1,1,Internal
DOW,DVN,0.5463624897570034,62,5.240687368505875e-06,2,2,Internal
DOW,EOG,0.4374125655559108,62,0.0004234820235268406,2,2,Internal
DOW,F,0.4231736282924132,62,0.0006791216682406305,2,1,External
DOW,FANG,0.48659591981869066,62,7.00128221084541e-05,2,2,Internal
DOW,HAL,0.517052284373549,62,1.98593135641813e-05,2,2,Internal
DOW,LYB,0.8451097996770192,62,1.0922376991640133e-17,2,2,Internal
DOW,MHK,0.41820525957732285,62,0.0007969572840997822,2,1,External
DOW,OXY,0.5524990076855604,62,3.901549118927355e-06,2,2,Internal
DOW,SLB,0.5487516856725585,62,4.67514437307364e-06,2,2,Internal
DOW,SW,0.4303810788119025,62,0.0005360969203423312,2,1,External
DOW,SWKS,0.43253862694449535,62,0.0004989473698156473,2,1,External
DOW,UPS,0.41842072168211786,62,0.000791486511755877,2,1,External
DOW,XOM,0.44927387768462457,62,0.00028118945998844067,2,2,Internal
DPZ,DTE,0.41904205183755244,62,0.0007758999817899947,4,4,Internal
DPZ,FE,0.4171200580843072,62,0.000825034678942323,4,4,Internal
DPZ,GIS,0.42631399730006275,62,0.0006130234638294379,4,5,External
DPZ,HIG,0.45339435823338453,62,0.00024304698096554595,4,4,Internal
DPZ,KHC,0.42445387503097637,62,0.0006514331056410427,4,5,External
DPZ,KR,0.4213797636362824,62,0.0007197120574470578,4,4,Internal
DPZ,MCD,0.4296278688061367,62,0.0005496457653271983,4,4,Internal
DPZ,NVDA,-0.40961678375599625,62,0.0010449186411861336,4,1,External
DPZ,ORLY,0.4127615802570438,62,0.0009470299285086047,4,4,Internal
DPZ,PNW,0.458789517236563,62,0.00020025158260706093,4,4,Internal
DPZ,PPL,0.4180797794536138,62,0.0008001590629972938,4,4,Internal
DPZ,PSA,0.4217457112794796,62,0.000711257671608838,4,4,Internal
DPZ,RSG,0.4038963382481197,62,0.0012466322276502453,4,4,Internal
DPZ,SBAC,0.42913912907307344,62,0.0005586027144679355,4,4,Internal
DPZ,SJM,0.41959537094332877,62,0.0007622537774926927,4,5,External
DPZ,TRV,0.4638365575300001,62,0.00016657736193911342,4,4,Internal
DPZ,VTR,0.4398085180789214,62,0.0003903302813082298,4,4,Internal
DTE,DUK,0.8643105687993551,62,2.924293408989484e-19,4,4,Internal
DTE,EA,0.4353806145503288,62,0.00045358221883004285,4,4,Internal
DTE,ECL,0.6117329096901312,62,1.6270637884157334e-07,4,4,Internal
DTE,ED,0.8467114421030273,62,8.231495709646614e-18,4,4,Internal
DTE,EG,0.5638398357531419,62,2.22634495279253e-06,4,4,Internal
DTE,EQR,0.559690687144324,62,2.7401632852954804e-06,4,4,Internal
DTE,ES,0.6809897123526277,62,1.5490098326955397e-09,4,4,Internal
DTE,ESS,0.4914033121705876,62,5.7838461965684325e-05,4,4,Internal
DTE,ETN,-0.42148388168402734,62,0.0007172974389250213,4,12,External
DTE,ETR,0.6799114839929555,62,1.6815377747472635e-09,4,4,Internal
DTE,EVRG,0.7816877491937859,62,1.0460521191448831e-13,4,4,Internal
DTE,EXC,0.8395610565650363,62,2.840509684467819e-17,4,4,Internal
DTE,EXR,0.5387893571488428,62,7.48331837085185e-06,4,4,Internal
DTE,FE,0.7708314588378642,62,3.7049066622927316e-13,4,4,Internal
DTE,FFIV,-0.4242470086497098,62,0.0006558366745984036,4,1,External
DTE,GIS,0.4811998550338113,62,8.646423378357448e-05,4,5,External
DTE,GL,0.6413236887207643,62,2.569724297308777e-08,4,4,Internal
DTE,HCA,0.536638933037286,62,8.266929390743405e-06,4,4,Internal
DTE,HIG,0.7278497154308157,62,3.018600349041299e-11,4,4,Internal
DTE,HON,0.4085241786508137,62,0.001081005864576912,4,4,Internal
DTE,HRL,0.527825233977249,62,1.234651213965673e-05,4,5,External
DTE,ICE,0.6663030792812189,62,4.603852156517996e-09,4,4,Internal
DTE,INVH,0.5875166630316596,62,6.437468084994706e-07,4,4,Internal
DTE,JNJ,0.5191313240774558,62,1.8141474400583424e-05,4,5,External
DTE,KDP,0.5073835531970353,62,3.001628374088478e-05,4,4,Internal
DTE,KHC,0.4698653165032793,62,0.00013318652018695027,4,5,External
DTE,KLAC,-0.45956251139946663,62,0.00019471965876413018,4,1,External
DTE,KMB,0.48380862572008604,62,7.811140724211897e-05,4,4,Internal
DTE,KMI,0.5088830995445651,62,2.817667318820872e-05,4,4,Internal
DTE,KO,0.7742530334271038,62,2.505873380996527e-13,4,4,Internal
DTE,KR,0.585272302642541,62,7.271663800268239e-07,4,4,Internal
DTE,KVUE,0.45917839852993386,62,0.00019745083174172497,4,4,Internal
DTE,L,0.762250207781849,62,9.596628129264924e-13,4,4,Internal
DTE,LIN,0.5637312505692366,62,2.238557282433421e-06,4,4,Internal
DTE,LNT,0.8939211838920145,62,3.160995063850771e-22,4,4,Internal
DTE,LRCX,-0.5667522292481406,62,1.9211251678300025e-06,4,1,External
DTE,MAA,0.5493790545561074,62,4.536377076534391e-06,4,4,Internal
DTE,MCD,0.6954143094011306,62,4.991053692925811e-10,4,4,Internal
DTE,MCK,0.7059812896869208,62,2.0858486016359027e-10,4,4,Internal
DTE,MDLZ,0.4786256762819606,62,9.550494768834864e-05,4,5,External
DTE,META,-0.6454243215823929,62,1.958706051233126e-08,4,1,External
DTE,MKC,0.4851109054939633,62,7.422588082074786e-05,4,4,Internal
DTE,MMC,0.5284457320010703,62,1.2007133779452026e-05,4,4,Internal
DTE,MNST,0.4648064294386795,62,0.00016073394971323447,4,4,Internal
DTE,MO,0.7224638544416855,62,4.942116382023134e-11,4,4,Internal
DTE,MPWR,-0.5505350508706834,62,4.2906936695823225e-06,4,1,External
DTE,NEE,0.6061833062960681,62,2.2526124755658066e-07,4,4,Internal
DTE,NI,0.7484922756875801,62,4.072915661299091e-12,4,4,Internal
DTE,NVDA,-0.46723045241110456,62,0.0001469413775269078,4,1,External
DTE,O,0.6945127685563321,62,5.367487191283793e-10,4,4,Internal
DTE,ON,-0.40368512327648165,62,0.0012547088976919691,4,1,External
DTE,ORLY,0.6840905640219958,62,1.2208957542970354e-09,4,4,Internal
DTE,OTIS,0.5083045682227779,62,2.8873668369576853e-05,4,4,Internal
DTE,PAYX,0.4892798696743813,62,6.295256939055962e-05,4,4,Internal
DTE,PEG,0.559390731972147,62,2.7813072857453877e-06,4,4,Internal
DTE,PEP,0.43165848603882123,62,0.0005138100495791853,4,5,External
DTE,PG,0.5144677238455613,62,2.220509042075908e-05,4,4,Internal
DTE,PGR,0.5979934709305572,62,3.600217882366704e-07,4,4,Internal
DTE,PM,0.7070702552872075,62,1.9023503726730042e-10,4,4,Internal
DTE,PNW,0.860554560209408,62,6.191747374179596e-19,4,4,Internal
DTE,PPL,0.8795084399025568,62,1.0987524362393505e-20,4,4,Internal
DTE,PSA,0.5732878054163765,62,1.3727938741165278e-06,4,4,Internal
DTE,REG,0.41769155883385906,62,0.0008101387609181354,4,5,External
DTE,RL,-0.41301296471669346,62,0.0009395741689784054,4,1,External
DTE,ROL,0.6910417619063053,62,7.084149018089743e-10,4,4,Internal
DTE,ROP,0.5303783004891122,62,1.1004869977563171e-05,4,4,Internal
DTE,RSG,0.707065261752376,62,1.9031556494010904e-10,4,4,Internal
DTE,SBAC,0.6759603613866724,62,2.2650669064669495e-09,4,4,Internal
DTE,SO,0.8524081263034294,62,2.9306248181684386e-18,4,4,Internal
DTE,SPGI,0.47855663775704543,62,9.575897048228126e-05,4,4,Internal
DTE,SRE,0.676434179398041,62,2.186105037973249e-09,4,4,Internal
DTE,STZ,0.41102830102238325,62,0.0009999067868480978,4,5,External
DTE,SYF,-0.42757312559402816,62,0.0005882013984831821,4,1,External
DTE,SYY,0.566544586814501,62,1.941518298778438e-06,4,4,Internal
DTE,T,0.7313488332033079,62,2.1775604045594906e-11,4,4,Internal
DTE,TAP,0.5382098775119689,62,7.687376606655486e-06,4,4,Internal
DTE,TER,-0.4919114850293816,62,5.6672800026825924e-05,4,1,External
DTE,TMUS,0.5022823546183312,62,3.713956703479879e-05,4,4,Internal
DTE,TPR,-0.4091735477103954,62,0.0010594251209238327,4,1,External
DTE,TRV,0.733772655799668,62,1.7315092868838002e-11,4,4,Internal
DTE,UDR,0.5334289372348326,62,9.579770598880531e-06,4,4,Internal
DTE,V,0.4017886753220904,62,0.0013293630364394728,4,4,Internal
DTE,VICI,0.6527118760558336,62,1.196722586373638e-08,4,4,Internal
DTE,VRSK,0.6609894937421742,62,6.727303432378633e-09,4,4,Internal
DTE,VTR,0.642332505793778,62,2.404584225000392e-08,4,4,Internal
DTE,VZ,0.7335346397105474,62,1.7711187831443303e-11,4,4,Internal
DTE,WEC,0.8504585045505091,62,4.193227342048949e-18,4,4,Internal
DTE,WELL,0.7652913390408326,62,6.880758840312394e-13,4,4,Internal
DTE,WM,0.6990992679763166,62,3.697529237893664e-10,4,4,Internal
DTE,WMB,0.4471026799836691,62,0.0003034152845030294,4,4,Internal
DTE,WRB,0.7543903606984911,62,2.217190375504993e-12,4,4,Internal
DTE,WTW,0.5123435494569325,62,2.4322589226506398e-05,4,4,Internal
DTE,XEL,0.8631028910827087,62,3.730987242818328e-19,4,4,Internal
DTE,YUM,0.6020617702580269,62,2.856813094094409e-07,4,4,Internal
DTE,ZBRA,-0.46802215258948465,62,0.0001426774209608233,4,1,External
DUK,EA,0.5173998522512077,62,1.9562009486674172e-05,4,4,Internal
DUK,ECL,0.6591140101893952,62,7.677114170727173e-09,4,4,Internal
DUK,ED,0.8663013493238976,62,1.9470516961380888e-19,4,4,Internal
DUK,EG,0.5051810739824965,62,3.292052580199655e-05,4,4,Internal
DUK,ELV,0.44689915680833037,62,0.0003055787359513689,4,4,Internal
DUK,EMR,-0.48607648478854376,62,7.146075826090002e-05,4,1,External
DUK,EQR,0.4886532470739475,62,6.453953381029761e-05,4,4,Internal
DUK,ES,0.5424141377165567,62,6.317058256289208e-06,4,4,Internal
DUK,ESS,0.4871307048674569,62,6.855038030018083e-05,4,4,Internal
DUK,ETN,-0.47385268134199104,62,0.00011460498119316783,4,12,External
DUK,ETR,0.6692658447906039,62,3.7138602598961158e-09,4,4,Internal
DUK,EVRG,0.7401768559080663,62,9.33563876530444e-12,4,4,Internal
DUK,EXC,0.8994169667954315,62,7.125666819330287e-23,4,4,Internal
DUK,EXR,0.49497812703920024,62,5.008625462603305e-05,4,4,Internal
DUK,FE,0.8293666288589372,62,1.501452837259893e-16,4,4,Internal
DUK,GD,0.4002587955574748,62,0.001392470567701597,4,2,External
DUK,GIS,0.514358469825995,62,2.230969153941176e-05,4,5,External
DUK,GL,0.5572999209309719,62,3.0845382545674006e-06,4,4,Internal
DUK,HCA,0.4138903471929221,62,0.0009139652771469443,4,4,Internal
DUK,HIG,0.6545919606312822,62,1.0516018994167674e-08,4,4,Internal
DUK,HON,0.40939118120398627,62,0.0010522797638567079,4,4,Internal
DUK,HPQ,-0.41724775924539076,62,0.0008216848952722393,4,1,External
DUK,HRL,0.5463002894897027,62,5.256228958267194e-06,4,5,External
DUK,HST,-0.48192325317070983,62,8.406928670527736e-05,4,1,External
DUK,HSY,0.4787622436217163,62,9.500428151901029e-05,4,5,External
DUK,ICE,0.6878286273112069,62,9.127852158554234e-10,4,4,Internal
DUK,INVH,0.6066634953817028,62,2.1906263274438314e-07,4,4,Internal
DUK,JBHT,-0.4193241847411927,62,0.000768914534041892,4,1,External
DUK,JBL,-0.413715378807458,62,0.000919021352907145,4,1,External
DUK,JKHY,0.4955778862254491,62,4.88837822137368e-05,4,4,Internal
DUK,JNJ,0.6021101474347984,62,2.848911653202531e-07,4,5,External
DUK,KDP,0.5520898934215519,62,3.979788227953624e-06,4,4,Internal
DUK,KEY,-0.4459438912365404,62,0.00031592243809508186,4,1,External
DUK,KEYS,-0.5028441677098118,62,3.6284720406191624e-05,4,1,External
DUK,KHC,0.47457460986192523,62,0.00011150707675184053,4,5,External
DUK,KLAC,-0.5288053180138238,62,1.1814449275034848e-05,4,1,External
DUK,KMB,0.5459315371336176,62,5.349252932531365e-06,4,4,Internal
DUK,KMI,0.5104101139733057,62,2.6411098079536434e-05,4,4,Internal
DUK,KO,0.8034829821557904,62,6.553605333017345e-15,4,4,Internal
DUK,KR,0.6357384829460576,62,3.6957436036688357e-08,4,4,Internal
DUK,KVUE,0.5108066241777182,62,2.5969706105956398e-05,4,4,Internal
DUK,L,0.7061977779273619,62,2.0480786684417213e-10,4,4,Internal
DUK,LIN,0.649570503857225,62,1.482290269917712e-08,4,4,Internal
DUK,LNT,0.7916409039308007,62,3.07518626103159e-14,4,4,Internal
DUK,LRCX,-0.6186253894939492,62,1.0767399523859629e-07,4,1,External
DUK,MA,0.4012731934181196,62,0.0013503334854917124,4,4,Internal
DUK,MAA,0.5205632265159447,62,1.7039664007752093e-05,4,4,Internal
DUK,MCD,0.7032740256411277,62,2.617757365944194e-10,4,4,Internal
DUK,MCK,0.7046755318124864,62,2.3280881012528645e-10,4,4,Internal
DUK,MDLZ,0.5810405823212815,62,9.127203189617337e-07,4,5,External
DUK,META,-0.6358414448122662,62,3.671311139341108e-08,4,1,External
DUK,MKC,0.4727068965349981,62,0.0001196843944495516,4,4,Internal
DUK,MMC,0.5609876707468812,62,2.568720278213217e-06,4,4,Internal
DUK,MNST,0.4922472137539766,62,5.591462585659141e-05,4,4,Internal
DUK,MO,0.7472563048314205,62,4.616677825179729e-12,4,4,Internal
DUK,MPWR,-0.5546716607300036,62,3.5095577294539018e-06,4,1,External
DUK,MU,-0.47524093608450535,62,0.00010871623864484558,4,1,External
DUK,NCLH,-0.4420970288614694,62,0.00036088869756321175,4,1,External
DUK,NEE,0.5089408319044515,62,2.810798088420827e-05,4,4,Internal
DUK,NEM,0.4162702807079527,62,0.0008476416411190747,4,4,Internal
DUK,NI,0.7330537308647945,62,1.8538000210538556e-11,4,4,Internal
DUK,NRG,-0.40981573610886096,62,0.0010384656275115348,4,1,External
DUK,NTAP,-0.45028357083181675,62,0.00027136866154070266,4,1,External
DUK,NVDA,-0.4565142423412842,62,0.0002173798018080493,4,1,External
DUK,NXPI,-0.40440525265329563,62,0.0012273635445953243,4,1,External
DUK,O,0.6984666310872278,62,3.894190649370679e-10,4,4,Internal
DUK,ORLY,0.7334362333442603,62,1.7877461339819326e-11,4,4,Internal
DUK,OTIS,0.5831650327541437,62,8.146286010817231e-07,4,4,Internal
DUK,PAYX,0.4662192706233193,62,0.00015255734006190604,4,4,Internal
DUK,PEG,0.5926794919681865,62,4.846834234877208e-07,4,4,Internal
DUK,PEP,0.48807901777387636,62,6.602610887671595e-05,4,5,External
DUK,PG,0.6298163101595011,62,5.3903415136214564e-08,4,4,Internal
DUK,PGR,0.6119281237621099,62,1.608367697641881e-07,4,4,Internal
DUK,PH,-0.4047711268556668,62,0.0012136766993747039,4,1,External
DUK,PM,0.7161374490292607,62,8.692136576426143e-11,4,4,Internal
DUK,PNW,0.8503083843020428,62,4.309601537297381e-18,4,4,Internal
DUK,PPL,0.8610837018206496,62,5.578186292859111e-19,4,4,Internal
DUK,PSA,0.5456262034751034,62,5.4274377818033435e-06,4,4,Internal
DUK,RL,-0.5175284580304633,62,1.9453052404968645e-05,4,1,External
DUK,ROL,0.7572514146792835,62,1.6406193117497695e-12,4,4,Internal
DUK,ROP,0.5928231328468783,62,4.808372986584019e-07,4,4,Internal
DUK,RSG,0.7889344300528007,62,4.31778937923513e-14,4,4,Internal
DUK,SBAC,0.7895553835142838,62,3.996094618566528e-14,4,4,Internal
DUK,SO,0.9164649054415545,62,3.802956416880083e-25,4,4,Internal
DUK,SPGI,0.4175482770722378,62,0.0008138503272296412,4,4,Internal
DUK,SRE,0.5837965506141437,62,7.874334229210787e-07,4,4,Internal
DUK,SWK,-0.5239164101667841,62,1.4697876469920726e-05,4,1,External
DUK,SYF,-0.5904934339894892,62,5.469019816355494e-07,4,1,External
DUK,SYY,0.5543064469655509,62,3.572768351201565e-06,4,4,Internal
DUK,T,0.7796561525144874,62,1.3325446010967433e-13,4,4,Internal
DUK,TAP,0.4843283732297077,62,7.653874714508574e-05,4,4,Internal
DUK,TER,-0.5168954987790731,62,1.999479226849159e-05,4,1,External
DUK,TMUS,0.5120492873847063,62,2.4630254422502634e-05,4,4,Internal
DUK,TPR,-0.47126811881479824,62,0.00012635533951093708,4,1,External
DUK,TRV,0.6676385274447627,62,4.1802196222679574e-09,4,4,Internal
DUK,TSN,0.4916415090589146,62,5.72893525677654e-05,4,4,Internal
DUK,UDR,0.5082717231407214,62,2.8913713867311315e-05,4,4,Internal
DUK,V,0.48789219441172005,62,6.651652363521146e-05,4,4,Internal
DUK,VICI,0.6093415718169606,62,1.8733334647540485e-07,4,4,Internal
DUK,VRSK,0.6798900170129865,62,1.6842824622003274e-09,4,4,Internal
DUK,VTR,0.6006971017065584,62,3.0883825834138094e-07,4,4,Internal
DUK,VZ,0.800708032881993,62,9.502226664240783e-15,4,4,Internal
DUK,WEC,0.8565049756689737,62,1.3571160047089934e-18,4,4,Internal
DUK,WELL,0.7193405511941439,62,6.543421226865968e-11,4,4,Internal
DUK,WM,0.7755865540824723,62,2.1476881916608265e-13,4,4,Internal
DUK,WRB,0.7109553410854439,62,1.3649706280147273e-10,4,4,Internal
DUK,WTW,0.5402569529820335,62,6.988860093432329e-06,4,4,Internal
DUK,XEL,0.8289546995728876,62,1.602226731331754e-16,4,4,Internal
DUK,YUM,0.6511292189709289,62,1.3333745426127881e-08,4,4,Internal
DUK,ZBRA,-0.5505777527153963,62,4.281860603315725e-06,4,1,External
DVA,MOH,0.4907084942796759,62,5.946806548018478e-05,4,4,Internal
DVA,ROP,0.40591083050293003,62,0.001171917643693909,4,4,Internal
DVA,TSCO,0.40181132393572694,62,0.0013284484120209305,4,5,External
DVN,EOG,0.8573663801202437,62,1.1508052863950709e-18,2,2,Internal
DVN,FANG,0.8948383843786454,62,2.479377435470078e-22,2,2,Internal
DVN,HAL,0.7065187584729858,62,1.9932731892336527e-10,2,2,Internal
DVN,LYB,0.547334877438414,62,5.003226336312688e-06,2,2,Internal
DVN,MPC,0.6681378671535375,62,4.031522480080032e-09,2,1,External
DVN,MU,0.43622906241585496,62,0.00044078493122289914,2,1,External
DVN,OKE,0.5887739681314994,62,6.010286344680244e-07,2,2,Internal
DVN,OXY,0.9166397925821973,62,3.58393708482282e-25,2,2,Internal
DVN,PSX,0.6379619401468739,62,3.200786100775267e-08,2,1,External
DVN,SLB,0.7689921202646728,62,4.558941200520511e-13,2,2,Internal
DVN,TPL,0.4548106856694055,62,0.00023106996793089275,2,2,Internal
DVN,TRGP,0.5905888925355475,62,5.440354070181247e-07,2,2,Internal
DVN,VLO,0.5535669795082613,62,3.704022639893813e-06,2,1,External
DVN,XOM,0.8064764150810563,62,4.360499087987765e-15,2,2,Internal
DXCM,MSI,-0.4585307795431936,62,0.00020213511965905403,1,12,External
DXCM,XYZ,-0.5261503154595462,62,1.3307628998003242e-05,1,12,External
EA,EBAY,0.42443758009129573,62,0.0006517790020661562,4,4,Internal
EA,ED,0.4021944979971922,62,0.0013130600873333359,4,4,Internal
EA,ETR,0.5989183842014888,62,3.4167612180780096e-07,4,4,Internal
EA,EVRG,0.43985120514827813,62,0.00038976167784371646,4,4,Internal
EA,EXC,0.5511178310148709,62,4.171597566462783e-06,4,4,Internal
EA,FE,0.5328341906664125,62,9.843358656648116e-06,4,4,Internal
EA,GL,0.41400852848313907,62,0.0009105644044496938,4,4,Internal
EA,HIG,0.48198120715453163,62,8.388008560262059e-05,4,4,Internal
EA,HST,-0.41635204898743194,62,0.0008454422487108787,4,1,External
EA,ICE,0.5851966231383401,62,7.30148638399871e-07,4,4,Internal
EA,JKHY,0.42822247073181086,62,0.0005757598703069889,4,4,Internal
EA,KMI,0.48143611449100737,62,8.567523447539127e-05,4,4,Internal
EA,KO,0.5383681290418517,62,7.631141567004086e-06,4,4,Internal
EA,KR,0.48967983258657605,62,6.195853020041011e-05,4,4,Internal
EA,KVUE,0.40376460158118715,62,0.0012516642127720055,4,4,Internal
EA,LNT,0.49276888674829233,62,5.475508282408089e-05,4,4,Internal
EA,MCD,0.5039867889820301,62,3.4601977832497485e-05,4,4,Internal
EA,MCK,0.40403024343502597,62,0.0012415360657014136,4,4,Internal
EA,MO,0.481061013424621,62,8.693101548827384e-05,4,4,Internal
EA,NEM,0.42101093695992203,62,0.0007283248719725117,4,4,Internal
EA,NI,0.5234777920273176,62,1.4986213953843537e-05,4,4,Internal
EA,NWSA,0.4007766051771947,62,0.0013708159401076944,4,18,External
EA,OTIS,0.5978659891302404,62,3.626217956341204e-07,4,4,Internal
EA,PGR,0.4809844145148476,62,8.718953041510258e-05,4,4,Internal
EA,PM,0.5077376884524001,62,2.9572078483711545e-05,4,4,Internal
EA,PNW,0.5297637821987392,62,1.1314804718161448e-05,4,4,Internal
EA,PPL,0.5364938710491922,62,8.322447848053671e-06,4,4,Internal
EA,ROL,0.6148814074233032,62,1.34907501406065e-07,4,4,Internal
EA,ROP,0.6788130827430154,62,1.8275620763248773e-09,4,4,Internal
EA,RSG,0.5191593920254665,62,1.811925608106967e-05,4,4,Internal
EA,SBAC,0.503268723215515,62,3.56508334227274e-05,4,4,Internal
EA,SO,0.5308626422473701,62,1.076617288521008e-05,4,4,Internal
EA,SWK,-0.42169308953920803,62,0.0007124678176148168,4,1,External
EA,T,0.48613086272479294,62,7.130789595653088e-05,4,4,Internal
EA,TRV,0.5108295006137525,62,2.594444991401607e-05,4,4,Internal
EA,VRSK,0.47763002205470045,62,9.922907230023274e-05,4,4,Internal
EA,VTR,0.4298449691655119,62,0.0005457090117601707,4,4,Internal
EA,VZ,0.5114852780276486,62,2.5230055670824827e-05,4,4,Internal
EA,WEC,0.5291780956319623,62,1.1617733224978684e-05,4,4,Internal
EA,WELL,0.517764357647465,62,1.9254655930634693e-05,4,4,Internal
EA,WM,0.5465059496745017,62,5.2050051737893485e-06,4,4,Internal
EA,WRB,0.5054097066137772,62,3.260738146327535e-05,4,4,Internal
EA,XEL,0.5111607928291879,62,2.5581235740786678e-05,4,4,Internal
EA,XYZ,-0.41206849770631454,62,0.0009678632089449946,4,12,External
EA,YUM,0.4547965084692553,62,0.00023118713371863555,4,4,Internal
EA,ZBRA,-0.4862603166160511,62,7.094519843980822e-05,4,1,External
EBAY,HIG,0.40417432428378414,62,0.0012360735747258534,4,4,Internal
EBAY,HII,0.47951631181993143,62,9.228300544890302e-05,4,2,External
EBAY,HRL,0.405413597794336,62,0.0011899746822878325,4,5,External
EBAY,JKHY,0.4132019572662394,62,0.0009340038029091569,4,4,Internal
EBAY,KHC,0.44258872557236584,62,0.00035483324717979213,4,5,External
EBAY,KO,0.40038039892783356,62,0.0013873577315811404,4,4,Internal
EBAY,LIN,0.4488149382845753,62,0.00028575966895691976,4,4,Internal
EBAY,LRCX,-0.4204039785153567,62,0.0007427017277617748,4,1,External
EBAY,MAR,-0.4120404565330165,62,0.0009687147302123137,4,1,External
EBAY,META,-0.43738706517726067,62,0.0004238482333873143,4,1,External
EBAY,MO,0.4093177063263119,62,0.0010546872245753766,4,4,Internal
EBAY,MOS,0.4337606572004498,62,0.00047895846195268246,4,2,External
EBAY,O,0.4133681493819804,62,0.0009291301021491274,4,4,Internal
EBAY,ORLY,0.4173111992276259,62,0.0008200253479096922,4,4,Internal
EBAY,PM,0.43582742780743877,62,0.0004468013641297807,4,4,Internal
EBAY,ROL,0.48603302733733955,62,7.158313887396648e-05,4,4,Internal
EBAY,ROP,0.5527657708723485,62,3.851309088303085e-06,4,4,Internal
EBAY,SBAC,0.4360115839487781,62,0.0004440335227646134,4,4,Internal
EBAY,SYY,0.4728514040608936,62,0.00011903257454570006,4,4,Internal
EBAY,TRV,0.41719854679088125,62,0.0008229743498141653,4,4,Internal
EBAY,TSCO,0.40292485665087585,62,0.0012841718523388574,4,5,External
EBAY,WM,0.45951342214599605,62,0.0001950667623796568,4,4,Internal
ECL,ED,0.6234650616907728,62,8.009609622719903e-08,4,4,Internal
ECL,ES,0.5009151386977502,62,3.9298301583438394e-05,4,4,Internal
ECL,EVRG,0.4945065604110861,62,5.105082175985357e-05,4,4,Internal
ECL,EXC,0.6417048240117027,62,2.5061127078209923e-08,4,4,Internal
ECL,EXR,0.5567237753866048,62,3.1733692886461192e-06,4,4,Internal
ECL,FDS,0.4390124542228229,62,0.0004010733460421799,4,4,Internal
ECL,FE,0.561218909225417,62,2.5392274809171604e-06,4,4,Internal
ECL,GIS,0.5005290372941797,62,3.992859935833133e-05,4,5,External
ECL,HIG,0.550399395753863,62,4.318867466304967e-06,4,4,Internal
ECL,HON,0.5161159983345788,62,2.0681175636176773e-05,4,4,Internal
ECL,HRL,0.47824025640284956,62,9.693104304283421e-05,4,5,External
ECL,ICE,0.5463265395407743,62,5.249664789155763e-06,4,4,Internal
ECL,INVH,0.46045242175741474,62,0.00018852443288660728,4,4,Internal
ECL,JBL,-0.4229253531243085,62,0.0006846130188096994,4,1,External
ECL,JKHY,0.4971007817464065,62,4.59492318770248e-05,4,4,Internal
ECL,JNJ,0.45056806888689793,62,0.00026865860025340136,4,5,External
ECL,KHC,0.40003191518829256,62,0.0014020550623447688,4,5,External
ECL,KLAC,-0.5095317271979063,62,2.7413770032283478e-05,4,1,External
ECL,KMB,0.568386813785628,62,1.767446335728067e-06,4,4,Internal
ECL,KO,0.6726592817474788,62,2.895095045144283e-09,4,4,Internal
ECL,KR,0.5038124687976355,62,3.4853944946509786e-05,4,4,Internal
ECL,KVUE,0.4901719026360089,62,6.075543473103587e-05,4,4,Internal
ECL,L,0.48414023334463496,62,7.710462505333166e-05,4,4,Internal
ECL,LH,0.44642171720704277,62,0.0003107092446251396,4,5,External
ECL,LIN,0.5776556111266947,62,1.092184500136845e-06,4,4,Internal
ECL,LNT,0.5353314098917602,62,8.780045720633324e-06,4,4,Internal
ECL,LRCX,-0.5254362865686394,62,1.3738118764546062e-05,4,1,External
ECL,LW,0.4207222754835795,62,0.0007351306137675206,4,5,External
ECL,MA,0.44473687796164457,62,0.00032944836662052943,4,4,Internal
ECL,MCD,0.4415736359088601,62,0.00036743779248862813,4,4,Internal
ECL,MCK,0.5037643776657124,62,3.492375523270206e-05,4,4,Internal
ECL,MCO,0.4377329724716985,62,0.00041890513394533715,4,4,Internal
ECL,MDLZ,0.5809190839235963,62,9.186522061236657e-07,4,5,External
ECL,META,-0.40750585823153895,62,0.0011156464728932188,4,1,External
ECL,MLM,0.4743119808496662,62,0.00011262504170848154,4,5,External
ECL,MMC,0.4804030852245238,62,8.917464583781545e-05,4,4,Internal
ECL,MNST,0.48376215031244824,62,7.825347273647252e-05,4,4,Internal
ECL,MO,0.48428103777739845,62,7.668075917710422e-05,4,4,Internal
ECL,MU,-0.46418296619750904,62,0.00016446829095471884,4,1,External
ECL,NI,0.4526388129749732,62,0.00024966565480587114,4,4,Internal
ECL,NVDA,-0.44576201026736717,62,0.00031792766958928383,4,1,External
ECL,O,0.5639675044087571,62,2.212066041708972e-06,4,4,Internal
ECL,ORLY,0.6604546522803616,62,6.986166953072468e-09,4,4,Internal
ECL,OTIS,0.5135841524584321,62,2.3064223909382993e-05,4,4,Internal
ECL,PEP,0.5414339570355787,62,6.614482443363225e-06,4,5,External
ECL,PFE,0.451577618716797,62,0.00025924007426571754,4,5,External
ECL,PG,0.581562273940641,62,8.876556871134906e-07,4,4,Internal
ECL,PM,0.42263020982802646,62,0.0006911932825664252,4,4,Internal
ECL,PNW,0.6067496797211972,62,2.1796723414085005e-07,4,4,Internal
ECL,PPL,0.629691685668792,62,5.432860665042527e-08,4,4,Internal
ECL,PSA,0.5707067309967452,62,1.568990570667329e-06,4,4,Internal
ECL,ROL,0.5780571497253298,62,1.06928640762535e-06,4,4,Internal
ECL,ROP,0.5920098493115259,62,5.029981438186244e-07,4,4,Internal
ECL,RSG,0.5403005160191512,62,6.974659036926997e-06,4,4,Internal
ECL,SBAC,0.7516318955041537,62,2.9528021345719096e-12,4,4,Internal
ECL,SHW,0.7123262843653079,62,1.2125175292378099e-10,4,5,External
ECL,SO,0.6815330347056622,62,1.4860442742297128e-09,4,4,Internal
ECL,SPGI,0.5544470958381925,62,3.5483002514070325e-06,4,4,Internal
ECL,SRE,0.4340891493734883,62,0.00047371080327329696,4,4,Internal
ECL,SYF,-0.4252353807252105,62,0.0006350378468549987,4,1,External
ECL,SYY,0.5826359179914505,62,8.380896227698176e-07,4,4,Internal
ECL,T,0.472997873720304,62,0.00011837523249236579,4,4,Internal
ECL,TAP,0.40936779917022126,62,0.0010530453563171098,4,4,Internal
ECL,TER,-0.47547145819842,62,0.00010776576427172404,4,1,External
ECL,TMUS,0.48894322507843585,62,6.380061583852535e-05,4,4,Internal
ECL,TRV,0.5277747340746466,62,1.2374521471471976e-05,4,4,Internal
ECL,TSCO,0.4721646646359123,62,0.00012215953625969138,4,5,External
ECL,TSN,0.41301721933604296,62,0.0009394484392139725,4,4,Internal
ECL,TYL,0.42899750869882813,62,0.0005612227686708208,4,5,External
ECL,V,0.41795897443043767,62,0.000803252532172018,4,4,Internal
ECL,VICI,0.47787574542205935,62,9.829776544786095e-05,4,4,Internal
ECL,VMC,0.4202974494305908,62,0.0007452513738481706,4,5,External
ECL,VRSK,0.6005997616882146,62,3.105556969361371e-07,4,4,Internal
ECL,VTR,0.463391202157233,62,0.00016932526701876556,4,4,Internal
ECL,VZ,0.6046326215143595,62,2.464244500575174e-07,4,4,Internal
ECL,WEC,0.5689421926824294,62,1.7179050406425117e-06,4,4,Internal
ECL,WELL,0.588022337005003,62,6.262344860853843e-07,4,4,Internal
ECL,WM,0.6267139943389857,62,6.548046927052391e-08,4,4,Internal
ECL,WRB,0.4916342183635746,62,5.730608803470781e-05,4,4,Internal
ECL,WTW,0.426734142217272,62,0.0006046372671427452,4,4,Internal
ECL,XEL,0.5700926751398032,62,1.6193846680913675e-06,4,4,Internal
ECL,YUM,0.4731001468118065,62,0.00011791821900344723,4,4,Internal
ECL,ZTS,0.45306276872890094,62,0.0002459317516629732,4,5,External
ED,EG,0.46132803308949805,62,0.00018260537405132997,4,4,Internal
ED,ELV,0.48901744450494744,62,6.361274860912934e-05,4,4,Internal
ED,EMR,-0.5262401320074781,62,1.32543747861251e-05,4,1,External
ED,EQR,0.5191173947227642,62,1.81525101273095e-05,4,4,Internal
ED,ES,0.6260041282583172,62,6.844088142699412e-08,4,4,Internal
ED,ESS,0.44594255440721037,62,0.00031593713442758486,4,4,Internal
ED,ETR,0.5922736341059917,62,4.957073966823473e-07,4,4,Internal
ED,EVRG,0.7418985725778602,62,7.882828497035867e-12,4,4,Internal
ED,EXC,0.8968803767895649,62,1.432094314439318e-22,4,4,Internal
ED,EXR,0.5323783141451696,62,1.00499508346615e-05,4,4,Internal
ED,FE,0.8002872016467238,62,1.0047848144849454e-14,4,4,Internal
ED,FTV,-0.4136746207564887,62,0.0009202027610827035,4,1,External
ED,GD,0.4189807278425394,62,0.00077742589966347,4,2,External
ED,GIS,0.5057458758248788,62,3.2151953163520433e-05,4,5,External
ED,GL,0.46835429795514155,62,0.00014092258202371815,4,4,Internal
ED,HIG,0.661855831221968,62,6.327170809423365e-09,4,4,Internal
ED,HON,0.4202828118569645,62,0.0007456023246797769,4,4,Internal
ED,HPQ,-0.4446559372249139,62,0.00033037401244602824,4,1,External
ED,HRL,0.4668351462131685,62,0.0001491138848311971,4,5,External
ED,ICE,0.617789200105688,62,1.1326422782360381e-07,4,4,Internal
ED,INVH,0.6350460446193292,62,3.8640884782526026e-08,4,4,Internal
ED,IP,-0.400395238139954,62,0.0013867349700766955,4,1,External
ED,JKHY,0.43690650460347596,62,0.00043080362425100565,4,4,Internal
ED,JNJ,0.5152972618205094,62,2.1425586351373135e-05,4,5,External
ED,KDP,0.5466704931132866,62,5.164357936740687e-06,4,4,Internal
ED,KEY,-0.43718605007114975,62,0.00042674510247788574,4,1,External
ED,KEYS,-0.5231338627890392,62,1.5215969662235276e-05,4,1,External
ED,KHC,0.4913292295309701,62,5.80102300518033e-05,4,5,External
ED,KLAC,-0.5239648589879393,62,1.4666345281404049e-05,4,1,External
ED,KMB,0.5204025305055905,62,1.716014619144685e-05,4,4,Internal
ED,KMI,0.4154057945780697,62,0.000871212693564575,4,4,Internal
ED,KO,0.734839540290905,62,1.5641060412990292e-11,4,4,Internal
ED,KR,0.5524729894622786,62,3.906481784794536e-06,4,4,Internal
ED,KVUE,0.4885749678519487,62,6.474035172632323e-05,4,4,Internal
ED,L,0.6750593315048342,62,2.4227434649962643e-09,4,4,Internal
ED,LHX,0.43575526362480715,62,0.0004478902524249804,4,2,External
ED,LIN,0.5510270396979832,62,4.189946404234492e-06,4,4,Internal
ED,LMT,0.4635620497626472,62,0.00016826624051556163,4,2,External
ED,LNT,0.7454029573163964,62,5.563596449367404e-12,4,4,Internal
ED,LRCX,-0.6258171659490122,62,6.924133228997776e-08,4,1,External
ED,MAA,0.49837623935832587,62,4.361761270215327e-05,4,4,Internal
ED,MCD,0.6823858300712754,62,1.392086991598358e-09,4,4,Internal
ED,MCHP,-0.4398621235797031,62,0.0003896163624743589,4,1,External
ED,MCK,0.7427779141416547,62,7.226681705496583e-12,4,4,Internal
ED,MDLZ,0.5345837750595438,62,9.086606953204646e-06,4,5,External
ED,META,-0.61605371558279,62,1.2575095209653702e-07,4,1,External
ED,MKC,0.46143546532368174,62,0.00018189098307882468,4,4,Internal
ED,MMC,0.5779792742997029,62,1.0736918507779007e-06,4,4,Internal
ED,MNST,0.46125803823581923,62,0.0001830721993722216,4,4,Internal
ED,MO,0.6616963621871528,62,6.399089733958783e-09,4,4,Internal
ED,MOH,0.434189087837052,62,0.0004721246836961728,4,4,Internal
ED,MPWR,-0.5967787398815382,62,3.8552458183509637e-07,4,1,External
ED,MSI,0.4239849972713349,62,0.0006614528126605408,4,12,External
ED,MU,-0.4744778671275692,62,0.00011191770173364512,4,1,External
ED,NCLH,-0.4442080102302718,62,0.00033553954371183954,4,1,External
ED,NEE,0.46987380280978236,62,0.00013314419503943512,4,4,Internal
ED,NI,0.690730178913647,62,7.261466136071764e-10,4,4,Internal
ED,NTAP,-0.41385446958237093,62,0.000914999984261319,4,1,External
ED,NVDA,-0.45641277069416364,62,0.00021817399801777495,4,1,External
ED,NXPI,-0.41472671527452004,62,0.0008901418291370767,4,1,External
ED,O,0.7368938700142034,62,1.2842211630801191e-11,4,4,Internal
ED,ON,-0.44301713603764203,62,0.00034963280421375397,4,1,External
ED,ORLY,0.7563596512218573,62,1.8028827095865748e-12,4,4,Internal
ED,OTIS,0.5432811552414633,62,6.06440667091639e-06,4,4,Internal
ED,PAYX,0.4841937200433282,62,7.694335968893285e-05,4,4,Internal
ED,PEG,0.5567515115404741,62,3.1690387081216465e-06,4,4,Internal
ED,PEP,0.488979408314521,62,6.370896355591233e-05,4,5,External
ED,PG,0.5548508726347505,62,3.47892339418467e-06,4,4,Internal
ED,PGR,0.5947780401415318,62,4.312618458886337e-07,4,4,Internal
ED,PM,0.6105339172055626,62,1.7464580324336266e-07,4,4,Internal
ED,PNW,0.8331232072491251,62,8.235953328575186e-17,4,4,Internal
ED,PPL,0.8670804952151775,62,1.6575668645073897e-19,4,4,Internal
ED,PSA,0.5582259169375907,62,2.9466185361925914e-06,4,4,Internal
ED,REG,0.4453157539312428,62,0.00032289689234742635,4,5,External
ED,RL,-0.46894381690043524,62,0.0001378566275674349,4,1,External
ED,ROL,0.7121691018126667,62,1.2291369983945154e-10,4,4,Internal
ED,ROP,0.5475673575230345,62,4.947959717746618e-06,4,4,Internal
ED,RSG,0.7856946326386244,62,6.440162659512471e-14,4,4,Internal
ED,SBAC,0.699191472539526,62,3.6696670357925167e-10,4,4,Internal
ED,SO,0.9043355886796994,62,1.7431778920174207e-23,4,4,Internal
ED,SPGI,0.4409981569412696,62,0.00037476340729641406,4,4,Internal
ED,SRE,0.6258406109469915,62,6.91404740873166e-08,4,4,Internal
ED,STZ,0.4247841961508706,62,0.0006444570581698771,4,5,External
ED,SWK,-0.4423855587282298,62,0.00035732402113172594,4,1,External
ED,SYF,-0.5876020125726552,62,6.407591322143152e-07,4,1,External
ED,SYY,0.4808761196707534,62,8.755622367644779e-05,4,4,Internal
ED,T,0.6854565693575358,62,1.0983411994867062e-09,4,4,Internal
ED,TAP,0.5171060780879642,62,1.9813026826070314e-05,4,4,Internal
ED,TER,-0.6386279057936008,62,3.06517762348709e-08,4,1,External
ED,TJX,0.41119470418383935,62,0.0009947172530348678,4,5,External
ED,TMUS,0.41570165405728055,62,0.0008630799946389204,4,4,Internal
ED,TPR,-0.4582131294089561,62,0.00020446968498591606,4,1,External
ED,TRV,0.6488135456286278,62,1.5601561574303038e-08,4,4,Internal
ED,TSCO,0.43151434602195254,62,0.0005162820485324068,4,5,External
ED,TSN,0.47973719763332695,62,9.149956118137222e-05,4,4,Internal
ED,UDR,0.499163773421047,62,4.2233048171781844e-05,4,4,Internal
ED,V,0.4188899820930685,62,0.000779688894583741,4,4,Internal
ED,VICI,0.5948791706149045,62,4.288326471873897e-07,4,4,Internal
ED,VRSK,0.6716736318444797,62,3.1133263959869156e-09,4,4,Internal
ED,VTR,0.5585356498549254,62,2.901787288834102e-06,4,4,Internal
ED,VZ,0.6961444111326344,62,4.704723714985677e-10,4,4,Internal
ED,WEC,0.8726831110913341,62,5.0518390633721404e-20,4,4,Internal
ED,WELL,0.7502904119762502,62,3.3897227465805414e-12,4,4,Internal
ED,WM,0.7624567391861079,62,9.383707425171307e-13,4,4,Internal
ED,WRB,0.7095276870108297,62,1.5430239059486792e-10,4,4,Internal
ED,WTW,0.5438073240958139,62,5.915704760668379e-06,4,4,Internal
ED,XEL,0.7447958376325716,62,5.9121764148161084e-12,4,4,Internal
ED,YUM,0.5346440054992148,62,9.061545889200424e-06,4,4,Internal
ED,ZBRA,-0.5084620792058545,62,2.868233982876785e-05,4,1,External
EFX,FICO,0.474113098224279,62,0.00011347849120802987,1,12,External
EFX,ITW,0.41113628853345224,62,0.0009965362600245053,1,1,Internal
EFX,IVZ,0.4321333968840172,62,0.0005057411779107383,1,1,Internal
EFX,MCO,0.444566878311471,62,0.0003313952371330915,1,4,External
EFX,MMM,0.583358346616725,62,8.062117388337788e-07,1,1,Internal
EFX,NOC,-0.5445558236703112,62,5.710017408540622e-06,1,2,External
EFX,PNR,0.4966704017656107,62,4.6761613614994294e-05,1,1,Internal
EFX,RTX,-0.45722242618137066,62,0.00021191020320969237,1,2,External
EFX,SPGI,0.45112811507986333,62,0.000263395803477597,1,4,External
EG,ES,0.4260481067664837,62,0.0006183850327251716,4,4,Internal
EG,ETR,0.41296397124560674,62,0.0009410230869728132,4,4,Internal
EG,EVRG,0.4316667487966366,62,0.000513668669628445,4,4,Internal
EG,EXC,0.530503612621451,62,1.0942645252712536e-05,4,4,Internal
EG,FE,0.5088003171017602,62,2.8275442361173394e-05,4,4,Internal
EG,GIS,0.4180383106327945,62,0.0008012197442198853,4,5,External
EG,GL,0.7970851380791716,62,1.530050055442366e-14,4,4,Internal
EG,HIG,0.7401680873017965,62,9.343653036022054e-12,4,4,Internal
EG,HRL,0.4502193295869442,62,0.0002719840521504489,4,5,External
EG,KDP,0.54338024701985,62,6.036138547076189e-06,4,4,Internal
EG,KHC,0.4602064513250192,62,0.00019021848845653794,4,5,External
EG,KO,0.5022820101268891,62,3.7140096873212983e-05,4,4,Internal
EG,KR,0.45390241147679405,62,0.00023868694336842203,4,4,Internal
EG,L,0.6728525957937881,62,2.8540305429255474e-09,4,4,Internal
EG,LIN,0.46819529029942625,62,0.00014176018902082658,4,4,Internal
EG,LNT,0.5262654760062279,62,1.3239383627137686e-05,4,4,Internal
EG,LRCX,-0.4630387644727645,62,0.00017152922596193614,4,1,External
EG,MCD,0.4583797509937167,62,0.00020324204343927016,4,4,Internal
EG,MCO,0.44779500562393426,62,0.0002961600384741812,4,4,Internal
EG,META,-0.45623388793992614,62,0.00021958053881519521,4,1,External
EG,MKC,0.5031648952884251,62,3.580490164717152e-05,4,4,Internal
EG,MMC,0.5248047904073787,62,1.4129593125481142e-05,4,4,Internal
EG,MPWR,-0.4139438809437887,62,0.0009124233321577305,4,1,External
EG,MSFT,-0.4023938934883332,62,0.0013051158885125647,4,12,External
EG,NEE,0.42264833352099423,62,0.0006907875680249715,4,4,Internal
EG,NVDA,-0.41321136124550023,62,0.000933727410020301,4,1,External
EG,O,0.45722074982239475,62,0.00021192300042807913,4,4,Internal
EG,OTIS,0.4132245783232718,62,0.0009333390709092722,4,4,Internal
EG,PEG,0.5687947117835493,62,1.7309324493395108e-06,4,4,Internal
EG,PG,0.4814393915230102,62,8.566433741747165e-05,4,4,Internal
EG,PGR,0.5800807817823197,62,9.605761068952822e-07,4,4,Internal
EG,PNW,0.6041637108871006,62,2.531834876866034e-07,4,4,Internal
EG,PPL,0.6281997236826444,62,5.967083760989678e-08,4,4,Internal
EG,PRU,0.442549658075307,62,0.00035531097301200795,4,1,External
EG,ROL,0.597418534060838,62,3.718880445528488e-07,4,4,Internal
EG,RSG,0.4476539468206337,62,0.0002976253004271848,4,4,Internal
EG,SBAC,0.4902078140649895,62,6.0668481494643455e-05,4,4,Internal
EG,SO,0.4811166776487101,62,8.674359610771197e-05,4,4,Internal
EG,SPGI,0.47524441180030186,62,0.00010870185077409892,4,4,Internal
EG,SRE,0.4076579738558312,62,0.0011104091828257672,4,4,Internal
EG,SYY,0.5340646302795512,62,9.305305275043662e-06,4,4,Internal
EG,TJX,0.4249675680754675,62,0.0006406137095019557,4,5,External
EG,TRV,0.7203747325276775,62,5.965209020053261e-11,4,4,Internal
EG,VICI,0.4893002792716874,62,6.290149093192204e-05,4,4,Internal
EG,VRSK,0.41667520053830714,62,0.000836800520606505,4,4,Internal
EG,VTR,0.662137890217938,62,6.201835455120004e-09,4,4,Internal
EG,VZ,0.4981841022047012,62,4.3961713459068105e-05,4,4,Internal
EG,WEC,0.5398691437748274,62,7.116473902376183e-06,4,4,Internal
EG,WELL,0.5087371151625107,62,2.835106538187072e-05,4,4,Internal
EG,WRB,0.7063097028708479,62,2.028807453217982e-10,4,4,Internal
EG,WTW,0.596737951675116,62,3.8640967953308747e-07,4,4,Internal
EG,XEL,0.5292608702179759,62,1.1574467916198536e-05,4,4,Internal
EIX,EXC,0.4135700321394018,62,0.000923240629140815,4,4,Internal
EIX,FE,0.5493423671421501,62,4.544384972839525e-06,4,4,Internal
EIX,KLAC,-0.41994106306948603,62,0.0007538387120638622,4,1,External
EIX,KMI,0.47527572427950127,62,0.00010857231032404535,4,4,Internal
EIX,PCG,0.8326652874280072,62,8.868472478648598e-17,4,4,Internal
EIX,PEG,0.44720430985655035,62,0.0003023401972448926,4,4,Internal
EIX,SRE,0.6732871751926482,62,2.7637222411288663e-09,4,4,Internal
EIX,STX,-0.4841031053473123,62,7.721675098116368e-05,4,1,External
EIX,TRV,0.4020402634744243,62,0.0013192347948089247,4,4,Internal
EIX,TT,-0.40660351546822193,62,0.0011471738294261964,4,5,External
EIX,WEC,0.416849952073604,62,0.0008321606334406978,4,4,Internal
EL,FTV,0.48024861235143085,62,8.970908605143217e-05,1,1,Internal
EL,GLW,0.4164631053435376,62,0.0008424633258683723,1,1,Internal
EL,HBAN,0.40288899185589544,62,0.0012855769766909502,1,1,Internal
EL,HST,0.41445090223182646,62,0.0008979354990303748,1,1,Internal
EL,IR,0.40711015835279973,62,0.001129374653560903,1,1,Internal
EL,JBHT,0.40413782302774787,62,0.0012374553864994706,1,1,Internal
EL,LVS,0.4049916575598339,62,0.0012054934367262326,1,1,Internal
EL,LYB,0.4221333624807477,62,0.0007024000032945238,1,2,External
EL,MAS,0.4053395467905157,62,0.0011926851648733432,1,1,Internal
EL,MHK,0.4298190592246436,62,0.0005461774970390795,1,1,Internal
EL,NSC,0.4880524308986271,62,6.609569592194157e-05,1,1,Internal
EL,NTRS,0.4408787343812408,62,0.00037630016938178435,1,1,Internal
EL,PNC,0.40521626585197235,62,0.0011972099330649984,1,1,Internal
EL,RL,0.4742503160808528,62,0.00011288902606794547,1,1,Internal
EL,SW,0.4038451558684576,62,0.00124858509095364,1,1,Internal
EL,TEL,0.42197272999842034,62,0.0007060582017732851,1,1,Internal
EL,TGT,0.4977331107665683,62,4.477927444891398e-05,1,1,Internal
EL,TPR,0.5509982074920451,62,4.1957891033994655e-06,1,1,Internal
EL,UPS,0.5021246554993124,62,3.738284515171555e-05,1,1,Internal
EL,VLO,0.44249236240899503,62,0.000356012656609743,1,1,Internal
EL,ZBRA,0.5542513390327336,62,3.5823981324255906e-06,1,1,Internal
ELV,EXC,0.40689807480822343,62,0.0011367950016237455,4,4,Internal
ELV,FOXA,-0.4018385764479716,62,0.0013273486169900566,4,1,External
ELV,GILD,0.4698723081366846,62,0.00013315164877190528,4,5,External
ELV,GRMN,-0.41698078858946463,62,0.0008287019803083272,4,1,External
ELV,HCA,0.4650442910854597,62,0.00015932983510440616,4,4,Internal
ELV,HIG,0.44831765578508215,62,0.00029078814239028093,4,4,Internal
ELV,HRL,0.42039919478525534,62,0.0007428160511767351,4,5,External
ELV,HUM,0.672945276598634,62,2.8345393331492202e-09,4,16,External
ELV,JNJ,0.44784366444564244,62,0.0002956561189011096,4,5,External
ELV,KDP,0.48113366985587575,62,8.668645809781819e-05,4,4,Internal
ELV,KO,0.4432330128653671,62,0.0003470386886361253,4,4,Internal
ELV,L,0.41196906778339826,62,0.000970885630693139,4,4,Internal
ELV,LMT,0.4464411222924521,62,0.0003104991978831426,4,2,External
ELV,MCD,0.5458406958697706,62,5.37240363873086e-06,4,4,Internal
ELV,MCK,0.4084961348854989,62,0.0010819467128315816,4,4,Internal
ELV,MDT,0.4403864081848053,62,0.00038269632733847796,4,5,External
ELV,MMC,0.5043986933680051,62,3.401327919575555e-05,4,4,Internal
ELV,MOH,0.6897837980885202,62,7.826240173366855e-10,4,4,Internal
ELV,MPC,-0.4066059256612569,62,0.0011470885610003504,4,1,External
ELV,MPWR,-0.4272222969020608,62,0.0005950242817215039,4,1,External
ELV,PG,0.40196061002669786,62,0.001322433892675119,4,4,Internal
ELV,PGR,0.412054846319737,62,0.0009682776737663703,4,4,Internal
ELV,PPL,0.436447395305168,62,0.00043754532759327343,4,4,Internal
ELV,PSX,-0.4078907361458748,62,0.0011024381132583923,4,1,External
ELV,RL,-0.4192607749688451,62,0.0007704795497452878,4,1,External
ELV,ROL,0.4263246640546363,62,0.0006128092550418154,4,4,Internal
ELV,RSG,0.4002596003684574,62,0.0013924366737128903,4,4,Internal
ELV,SO,0.5052435472210213,62,3.2834684857802045e-05,4,4,Internal
ELV,SYY,0.47885664254191096,62,9.465962014801718e-05,4,4,Internal
ELV,T,0.43622256432001505,62,0.0004408816827033019,4,4,Internal
ELV,TJX,0.4498803348412129,62,0.00027525255906536857,4,5,External
ELV,TRV,0.422809492928204,62,0.000687189346463022,4,4,Internal
ELV,UAL,-0.432594046385794,62,0.0004980247165699612,4,1,External
ELV,UHS,0.5163651624424448,62,2.0459436041006245e-05,4,4,Internal
ELV,UNH,0.5236633378862668,62,1.4863605281018508e-05,4,16,External
ELV,VTR,0.40811666292170556,62,0.0010947504609026314,4,4,Internal
ELV,VZ,0.45370319325054104,62,0.000240388013821468,4,4,Internal
ELV,WRB,0.4803406402123485,62,8.939033731418561e-05,4,4,Internal
ELV,YUM,0.4290572749518698,62,0.0005601157037581557,4,4,Internal
EMR,EXC,-0.4447256683062422,62,0.0003295764201051513,1,4,External
EMR,FDX,0.42601854891808727,62,0.0006189836713819361,1,1,Internal
EMR,FE,-0.45548232611814937,62,0.0002255810750261802,1,4,External
EMR,FITB,0.44569511740691187,62,0.0003186680751485081,1,1,Internal
EMR,FTV,0.5085809096596424,62,2.8538774046554602e-05,1,1,Internal
EMR,GNRC,0.40541733865368085,62,0.0011898379031451698,1,1,Internal
EMR,HBAN,0.48909435374557464,62,6.341861098216511e-05,1,1,Internal
EMR,HPQ,0.4549216458902072,62,0.00023015482351796025,1,1,Internal
EMR,IEX,0.44269475650232076,62,0.0003535396254169406,1,1,Internal
EMR,IR,0.4586605383791164,62,0.0002011884952456075,1,1,Internal
EMR,IVZ,0.5210746207093759,62,1.666144950991999e-05,1,1,Internal
EMR,KEY,0.4990905499152502,62,4.2360048914215574e-05,1,1,Internal
EMR,KEYS,0.6301470355243828,62,5.2790223902337085e-08,1,1,Internal
EMR,KHC,-0.41197929856821663,62,0.0009705742478720513,1,5,External
EMR,KO,-0.4379859276719795,62,0.0004153236005647623,1,4,External
EMR,LRCX,0.45678250718590646,62,0.00021529286943498168,1,1,Internal
EMR,MCK,-0.4550819117902525,62,0.00022883887816272844,1,4,External
EMR,MMC,-0.4359145420122767,62,0.00044549010070591105,1,4,External
EMR,MPC,0.45175598743386275,62,0.000257607689720427,1,1,Internal
EMR,MS,0.5091747049865046,62,2.78312925190091e-05,1,1,Internal
EMR,MTB,0.43654280993136974,62,0.00043613638406854693,1,1,Internal
EMR,MU,0.5306435610504395,62,1.0873539527663152e-05,1,1,Internal
EMR,NCLH,0.41515872785378377,62,0.0008780571184397308,1,1,Internal
EMR,ORLY,-0.5093716787968309,62,2.7600217396253116e-05,1,4,External
EMR,PG,-0.40219769445283793,62,0.0013129323939573205,1,4,External
EMR,PH,0.5429119652167951,62,6.1708160474926155e-06,1,1,Internal
EMR,PNC,0.43773115848283983,62,0.00041893091893127187,1,1,Internal
EMR,PPL,-0.40861508972110416,62,0.001077960929060391,1,4,External
EMR,PSX,0.4181007424922312,62,0.0007996233577262239,1,1,Internal
EMR,RF,0.5000035599758,62,4.0801441633034645e-05,1,1,Internal
EMR,ROK,0.4631981375585324,62,0.00017052935627338598,1,1,Internal
EMR,ROL,-0.47419938824720337,62,0.00011310747452193708,1,4,External
EMR,RSG,-0.5306521596897619,62,1.0869306830023576e-05,1,4,External
EMR,SBAC,-0.41562543724235856,62,0.000865168488225855,1,4,External
EMR,SO,-0.4531022163269494,62,0.0002455869326107989,1,4,External
EMR,STX,0.4935613208107081,62,5.303609801633693e-05,1,1,Internal
EMR,SWK,0.4397127027346175,62,0.00039160931822051055,1,1,Internal
EMR,SYF,0.5571631616869744,62,3.1054112365997604e-06,1,1,Internal
EMR,TEL,0.4994656630775803,62,4.171314944336556e-05,1,1,Internal
EMR,TER,0.5337841872955188,62,9.42547413070865e-06,1,1,Internal
EMR,TFC,0.4681411746410406,62,0.00014204629485811316,1,1,Internal
EMR,TJX,-0.41909416501726204,62,0.0007746053847586075,1,5,External
EMR,TPR,0.4630378771983241,62,0.00017153480751733042,1,1,Internal
EMR,TRMB,0.45996537271878873,62,0.00019189236392979465,1,1,Internal
EMR,VLO,0.4449067485247629,62,0.00032751339317700737,1,1,Internal
EMR,VZ,-0.4145503155009052,62,0.0008951192981910093,1,4,External
EMR,WELL,-0.435207587410145,62,0.000456233113679703,1,4,External
EMR,WM,-0.4576603935845207,62,0.00020859089986769079,1,4,External
EMR,WTW,-0.4082753713323694,62,0.001089378973705068,1,4,External
EMR,XEL,-0.40187704648425654,62,0.001325797523491973,1,4,External
EMR,ZBRA,0.5652690878810913,62,2.07129902380498e-06,1,1,Internal
EOG,FANG,0.860311111121247,62,6.4953408312195605e-19,2,2,Internal
EOG,HAL,0.7329221996509323,62,1.877046602366198e-11,2,2,Internal
EOG,LYB,0.5066282334697355,62,3.098441973231245e-05,2,2,Internal
EOG,MPC,0.599192538587592,62,3.3640943059047146e-07,2,1,External
EOG,OKE,0.5965696374502548,62,3.9008230779340603e-07,2,2,Internal
EOG,OXY,0.8581320245250397,62,9.930106793747763e-19,2,2,Internal
EOG,PSX,0.5619955231936412,62,2.4424762380379703e-06,2,1,External
EOG,SLB,0.8095450928201536,62,2.8505594609327144e-15,2,2,Internal
EOG,TPL,0.47593535105117696,62,0.00010587617566122641,2,2,Internal
EOG,TRGP,0.6242238600060155,62,7.643025004966084e-08,2,2,Internal
EOG,VLO,0.5034703043463722,62,3.5353460401288984e-05,2,1,External
EOG,XOM,0.8598661741850165,62,7.087535738977421e-19,2,2,Internal
EPAM,EVRG,-0.47936154572467915,62,9.283560565033147e-05,2,4,External
EPAM,FTNT,-0.4150702302659414,62,0.0008805205309396586,2,12,External
EPAM,GM,0.5076315515869522,62,2.9704567184890724e-05,2,1,External
EPAM,MCK,-0.5707217898858985,62,1.5677733681141828e-06,2,4,External
EPAM,MTCH,-0.5513288119023568,62,4.129247722959364e-06,2,12,External
EPAM,PAYC,0.49778448675922876,62,4.468543587746723e-05,2,2,Internal
EPAM,PCAR,0.4396970663436654,62,0.0003918184097367087,2,1,External
EPAM,TAP,-0.4533508415283411,62,0.000243423797871168,2,4,External
EPAM,VTRS,0.43492401609085124,62,0.0004606080862875558,2,5,External
EPAM,WMB,-0.4133739828559016,62,0.0009289594491400015,2,4,External
EQIX,IRM,0.5564448686529587,62,3.2172246835231917e-06,12,12,Internal
EQIX,PAYX,0.4488990403928004,62,0.00028491712431430975,12,4,External
EQR,ESS,0.8432259649069597,62,1.51717818261522e-17,4,4,Internal
EQR,EVRG,0.5184211322507757,62,1.871213766322626e-05,4,4,Internal
EQR,EXC,0.45697850105042576,62,0.00021377976182027834,4,4,Internal
EQR,EXR,0.6159712701979053,62,1.2637526770790205e-07,4,4,Internal
EQR,FE,0.43936438022610474,62,0.00039629127354518277,4,4,Internal
EQR,FRT,0.5151315121839896,62,2.1579280653741208e-05,4,1,External
EQR,HIG,0.4592324119851604,62,0.00019706467116402247,4,4,Internal
EQR,HRL,0.4711472633510579,62,0.0001269309481695454,4,5,External
EQR,INVH,0.7083251075455664,62,1.7099404771375483e-10,4,4,Internal
EQR,KDP,0.4581906796812752,62,0.00020463560866292976,4,4,Internal
EQR,KIM,0.4139835887560452,62,0.0009112811361341411,4,1,External
EQR,KO,0.42744372476686243,62,0.0005907096722770444,4,4,Internal
EQR,L,0.5256863736107964,62,1.3585889969254751e-05,4,4,Internal
EQR,MAA,0.7651956439626895,62,6.953696479439278e-13,4,4,Internal
EQR,MDLZ,0.4920644192115743,62,5.6326261223718616e-05,4,5,External
EQR,MET,0.40101117348135606,62,0.001361106322711543,4,1,External
EQR,MKC,0.524151019820448,62,1.4545772634539009e-05,4,4,Internal
EQR,NVDA,-0.5443032369646028,62,5.778670936017848e-06,4,1,External
EQR,O,0.6312974566738649,62,4.908463356969761e-08,4,4,Internal
EQR,ORLY,0.46527092840325074,62,0.0001580024466387681,4,4,Internal
EQR,PEP,0.4093777204478092,62,0.0010527204449560254,4,5,External
EQR,PFG,0.40642588512482225,62,0.001153473812116695,4,1,External
EQR,PNW,0.5320960455070451,62,1.0179882275127998e-05,4,4,Internal
EQR,PPL,0.5722551162414143,62,1.4483596838679123e-06,4,4,Internal
EQR,PSA,0.5630774861188256,62,2.3134187356680287e-06,4,4,Internal
EQR,REG,0.6572200708804011,62,8.764197556797187e-09,4,5,External
EQR,SO,0.4432778375358885,62,0.0003465022500034289,4,4,Internal
EQR,SPG,0.40619997370421995,62,0.0011615311617266912,4,1,External
EQR,SYY,0.42084343947015335,62,0.0007322669668961894,4,4,Internal
EQR,TRV,0.5136076290024136,62,2.3041003781926356e-05,4,4,Internal
EQR,UDR,0.887614100945911,62,1.5848611628042336e-21,4,4,Internal
EQR,VICI,0.5023522469024665,62,3.7032214987661016e-05,4,4,Internal
EQR,WEC,0.4691185068624765,62,0.00013695993068851597,4,4,Internal
EQR,WELL,0.4266304506716835,62,0.0006066972529639174,4,4,Internal
EQR,WM,0.40806727850729285,62,0.0010964267371149125,4,4,Internal
EQR,WRB,0.40335109826451937,62,0.0012675778090604451,4,4,Internal
EQR,WTW,0.44643314762325037,62,0.0003105855025301306,4,4,Internal
EQR,WY,0.45621085598316136,62,0.0002197622385372269,4,1,External
EQR,XEL,0.4602796114607173,62,0.0001897131673533641,4,4,Internal
EQT,ETR,0.4306615849292905,62,0.0005311291022956335,2,4,External
EQT,EXPD,-0.41435509721584063,62,0.0009006570510294065,2,1,External
EQT,HD,-0.48401384387711605,62,7.748693383423711e-05,2,1,External
EQT,HWM,0.4229495626060948,62,0.0006840757900173373,2,12,External
EQT,ICE,0.41425714372176853,62,0.0009034473325078719,2,4,External
EQT,JBHT,-0.449685985410601,62,0.00027714256126775826,2,1,External
EQT,KMI,0.7007364120692534,62,3.2314768760556836e-10,2,4,External
EQT,LEN,-0.4964871848997846,62,4.711146074266212e-05,2,1,External
EQT,LOW,-0.49183156553109564,62,5.6854673813494565e-05,2,1,External
EQT,MAS,-0.4330910398099161,62,0.000489819491705629,2,1,External
EQT,MHK,-0.4421690612468345,62,0.0003599957441244907,2,1,External
EQT,NDSN,-0.42132601615903215,62,0.0007209614003407192,2,1,External
EQT,NI,0.40595643430739337,62,0.0011702739498483127,2,4,External
EQT,NVR,-0.518053722753673,62,1.9013857142525054e-05,2,1,External
EQT,ODFL,-0.4733037752950528,62,0.0001170131144493536,2,1,External
EQT,OKE,0.5324918366673087,62,9.998131412092128e-06,2,2,Internal
EQT,PCAR,-0.5018371236261303,62,3.7830208859301594e-05,2,1,External
EQT,PGR,0.4145714542850454,62,0.0008945215031863648,2,4,External
EQT,PHM,-0.4398272902449339,62,0.00039008013797094164,2,1,External
EQT,PPG,-0.5099619048814302,62,2.691840190205473e-05,2,1,External
EQT,SCHW,0.4361702232068301,62,0.00044166170467871397,2,2,Internal
EQT,SWK,-0.4912926626463584,62,5.8095187402291675e-05,2,1,External
EQT,TGT,-0.41045356351572687,62,0.001018019168891763,2,1,External
EQT,TPL,0.4405097431839384,62,0.0003810847708358047,2,2,Internal
EQT,UPS,-0.4546983405369684,62,0.0002319999219939723,2,1,External
EQT,WMB,0.6047073263803286,62,2.453634323681564e-07,2,4,External
ES,ETR,0.49044867547408116,62,6.008823749011224e-05,4,4,Internal
ES,EVRG,0.549992375069636,62,4.4044397486235385e-06,4,4,Internal
ES,EXC,0.5548751378463452,62,3.474794764819819e-06,4,4,Internal
ES,EXR,0.4953523348754659,62,4.933283352693091e-05,4,4,Internal
ES,FE,0.4455398529129225,62,0.00032039268790930636,4,4,Internal
ES,GEN,0.5332391101761124,62,9.663178672257423e-06,4,1,External
ES,GL,0.5031998138793624,62,3.5753018049660624e-05,4,4,Internal
ES,GOOG,-0.5133262566321832,62,2.3320734588096305e-05,4,0,External
ES,GOOGL,-0.5154839052335938,62,2.1253733059465944e-05,4,0,External
ES,HIG,0.5626470120348531,62,2.3639827681475077e-06,4,4,Internal
ES,HRL,0.4191816349747944,62,0.0007724368436394365,4,5,External
ES,ICE,0.5060401123691237,62,3.1758171275854444e-05,4,4,Internal
ES,INVH,0.4240624812613754,62,0.0006597874467729434,4,4,Internal
ES,JKHY,0.4064391526145383,62,0.0011530021823948418,4,4,Internal
ES,JNJ,0.4091652054718908,62,0.0010596998819022356,4,5,External
ES,KO,0.48429547539120804,62,7.663741890714502e-05,4,4,Internal
ES,L,0.562705952342136,62,2.356999031440395e-06,4,4,Internal
ES,LIN,0.5041332851620728,62,3.439153232569175e-05,4,4,Internal
ES,LNT,0.682268035908854,62,1.4047209246503942e-09,4,4,Internal
ES,MCD,0.4637767862234121,62,0.00016694376988992519,4,4,Internal
ES,MCK,0.46841867780153884,62,0.0001405847404691162,4,4,Internal
ES,META,-0.4799356532775114,62,9.080089582212339e-05,4,1,External
ES,MKC,0.42959794506135607,62,0.0005501903985815301,4,4,Internal
ES,MMC,0.5068493574661219,62,3.069804247948914e-05,4,4,Internal
ES,MO,0.43308007456479636,62,0.0004899991920972185,4,4,Internal
ES,NEE,0.5386043179224614,62,7.547923403647424e-06,4,4,Internal
ES,NI,0.5280673901484655,62,1.2213019102293164e-05,4,4,Internal
ES,NVDA,-0.44843912040189604,62,0.00028955250723247547,4,1,External
ES,O,0.5391738041861907,62,7.350734559826062e-06,4,4,Internal
ES,ORLY,0.42023797761684367,62,0.0007466782020046672,4,4,Internal
ES,OTIS,0.4331267525949965,62,0.000489234639109606,4,4,Internal
ES,PAYX,0.473165411523936,62,0.00011762742729836461,4,4,Internal
ES,PGR,0.47685172728661074,62,0.00010223266540611021,4,4,Internal
ES,PM,0.4060384225295701,62,0.0011673240739628616,4,4,Internal
ES,PNW,0.6205010235264871,62,9.606587965507549e-08,4,4,Internal
ES,PPL,0.6247138134461439,62,7.414791416741765e-08,4,4,Internal
ES,PSA,0.5144195003111524,62,2.2251204043844366e-05,4,4,Internal
ES,ROL,0.4866436624060166,62,6.988110434357429e-05,4,4,Internal
ES,ROP,0.510551251198688,62,2.6253194927829856e-05,4,4,Internal
ES,RSG,0.5195116624546378,62,1.7842540621865674e-05,4,4,Internal
ES,SBAC,0.4402603614362166,62,0.00038434972475715764,4,4,Internal
ES,SO,0.640076081777813,62,2.7887881065713037e-08,4,4,Internal
ES,SPGI,0.4056924136973395,62,0.0011798188674727297,4,4,Internal
ES,SRE,0.5210915012572198,62,1.6649098950796307e-05,4,4,Internal
ES,SYY,0.519752088287183,62,1.765593829504152e-05,4,4,Internal
ES,TRV,0.5295412991703554,62,1.1429001723444706e-05,4,4,Internal
ES,VICI,0.4882022936693368,62,6.570433481868292e-05,4,4,Internal
ES,VRSK,0.6095778630018819,62,1.8475206220116297e-07,4,4,Internal
ES,VTR,0.4456638270785714,62,0.00031901495244951114,4,4,Internal
ES,VZ,0.46387294100868826,62,0.00016635468616238062,4,4,Internal
ES,WEC,0.5913872732766402,62,5.206067650931452e-07,4,4,Internal
ES,WELL,0.5906483185733369,62,5.422580020390047e-07,4,4,Internal
ES,WM,0.5456598046257277,62,5.418781869403236e-06,4,4,Internal
ES,WRB,0.49127259337632384,62,5.814186392941288e-05,4,4,Internal
ES,WY,0.4138944513624221,62,0.0009138469806074126,4,1,External
ES,XEL,0.5573696565070881,62,3.0739453330373782e-06,4,4,Internal
ES,ZTS,0.4391426082411542,62,0.0003992986903661195,4,5,External
ESS,ETN,-0.5072144078095592,62,3.0230621404081996e-05,4,12,External
ESS,EVRG,0.5604262034668114,62,2.6416693016106557e-06,4,4,Internal
ESS,EXC,0.431324401850727,62,0.0005195560770141659,4,4,Internal
ESS,EXR,0.6570203333757386,62,8.886975943210765e-09,4,4,Internal
ESS,FE,0.40476893070863146,62,0.001213758442834036,4,4,Internal
ESS,FRT,0.4900032481880083,62,6.116534132598913e-05,4,1,External
ESS,HRL,0.4388214967364076,62,0.00040369005154131273,4,5,External
ESS,HUBB,-0.41072681027995356,62,0.001009371457756791,4,1,External
ESS,ICE,0.41978122539210233,62,0.0007577190856749907,4,4,Internal
ESS,INVH,0.764483700178129,62,7.519992479797526e-13,4,4,Internal
ESS,KDP,0.44873650657105646,62,0.0002865474551889744,4,4,Internal
ESS,KIM,0.43685050461688196,62,0.00043162085606737125,4,1,External
ESS,KLAC,-0.40942304972713744,62,0.0010512371080404093,4,1,External
ESS,KO,0.4086226835722634,62,0.0010777069339836045,4,4,Internal
ESS,KVUE,0.40805877617961117,62,0.0010967155684336466,4,4,Internal
ESS,L,0.4375313600040722,62,0.0004217798115996541,4,4,Internal
ESS,MAA,0.8071410965029573,62,3.979511007412981e-15,4,4,Internal
ESS,MDLZ,0.4655274230419258,62,0.0001565124197519159,4,5,External
ESS,MKC,0.5235090232835394,62,1.4965510826821338e-05,4,4,Internal
ESS,NVDA,-0.5019048592060166,62,3.772437732957825e-05,4,1,External
ESS,O,0.6046741704816548,62,2.458338072345999e-07,4,4,Internal
ESS,ORLY,0.4017928503074219,62,0.001329194394465576,4,4,Internal
ESS,PNW,0.4959762284893048,62,4.809992693758117e-05,4,4,Internal
ESS,PPL,0.5014591509749645,62,3.8425818025219e-05,4,4,Internal
ESS,PSA,0.5633927324769173,62,2.277032905890516e-06,4,4,Internal
ESS,REG,0.5775652155372198,62,1.0974023678361669e-06,4,5,External
ESS,SO,0.4479328765185834,62,0.00029473425383136364,4,4,Internal
ESS,SYY,0.41384598584424365,62,0.0009152448090405221,4,4,Internal
ESS,TRV,0.4240809381318801,62,0.0006593913131376403,4,4,Internal
ESS,UDR,0.9348664662955163,62,3.2088160193586746e-28,4,4,Internal
ESS,VICI,0.41361348692152444,62,0.0009219773494827699,4,4,Internal
ESS,WEC,0.4004790792276299,62,0.0013832211020246901,4,4,Internal
ESS,WELL,0.4285335198941864,62,0.0005698850997683623,4,4,Internal
ESS,WM,0.42897125797612173,62,0.0005617096443174186,4,4,Internal
ESS,WTW,0.42864879743656153,62,0.0005677217045242452,4,4,Internal
ESS,WY,0.4311106909147284,62,0.0005232622940315501,4,1,External
ESS,XEL,0.4264335394985893,62,0.000610626705519522,4,4,Internal
ETN,EVRG,-0.4909000728268571,62,5.901456602980646e-05,12,4,External
ETN,EXR,-0.427594348502543,62,0.0005877909419472394,12,4,External
ETN,GPC,-0.4479737646744622,62,0.00029431261672419783,12,5,External
ETN,HRL,-0.5042804671870459,62,3.4181294337228964e-05,12,5,External
ETN,INVH,-0.40656643927871283,62,0.001148486239652587,12,4,External
ETN,JCI,0.4520422860723547,62,0.000255007175733223,12,12,Internal
ETN,JNJ,-0.47427269742147177,62,0.00011279314681380683,12,5,External
ETN,KEYS,0.4279020528409096,62,0.0005818689697176545,12,1,External
ETN,KHC,-0.4430146524803862,62,0.0003496627507593692,12,5,External
ETN,KO,-0.4843244923712389,62,7.655038106449512e-05,12,4,External
ETN,L,-0.41983439927307736,62,0.0007564261845587561,12,4,External
ETN,LIN,-0.44616387001010577,62,0.0003135125910541232,12,4,External
ETN,MAA,-0.4139183557915132,62,0.0009131582458757798,12,4,External
ETN,MKC,-0.4098335359134614,62,0.001037890045697575,12,4,External
ETN,NTAP,0.4630655247509207,62,0.00017136096390214553,12,1,External
ETN,O,-0.5184816633382893,62,1.866285733011194e-05,12,4,External
ETN,ORLY,-0.5032567930726597,62,3.566850509871571e-05,12,4,External
ETN,PG,-0.4555344009325022,62,0.00022516052043237145,12,4,External
ETN,PH,0.5300866768795421,62,1.1150953894786397e-05,12,1,External
ETN,PNW,-0.45553037811379843,62,0.00022519298302518857,12,4,External
ETN,PSA,-0.412119976568233,62,0.000966301717039564,12,4,External
ETN,PWR,0.48538773976731214,62,7.342320221486611e-05,12,12,Internal
ETN,ROL,-0.4031870371855607,62,0.0012739419184779048,12,4,External
ETN,SO,-0.42793576428539615,62,0.0005812234704696861,12,4,External
ETN,SYY,-0.4878362910205308,62,6.666392235674142e-05,12,4,External
ETN,TPR,0.40417993369423927,62,0.001235861344862831,12,1,External
ETN,UDR,-0.47402449668682495,62,0.00011386060967441028,12,4,External
ETN,VICI,-0.4347404012944935,62,0.0004634612188152194,12,4,External
ETN,VTR,-0.48511950849523,62,7.420081528982547e-05,12,4,External
ETN,VZ,-0.412523421058714,62,0.0009541426437645519,12,4,External
ETN,XYZ,0.4444909391868592,62,0.000332268290982449,12,12,Internal
ETN,YUM,-0.4057765224355499,62,0.0011767705764355733,12,4,External
ETR,EVRG,0.6913946938760406,62,6.888268482661473e-10,4,4,Internal
ETR,EXC,0.6986806910004518,62,3.8265613068938553e-10,4,4,Internal
ETR,FE,0.5809468719578716,62,9.172923382650026e-07,4,4,Internal
ETR,GL,0.5437484310351102,62,5.932178153113866e-06,4,4,Internal
ETR,HIG,0.5356960708654471,62,8.634037686385416e-06,4,4,Internal
ETR,HST,-0.45895651859693554,62,0.00019904440309127032,4,1,External
ETR,ICE,0.5727245874450253,62,1.4135363307993956e-06,4,4,Internal
ETR,IRM,0.40691207579473204,62,0.001136303787124562,4,12,External
ETR,KMI,0.6560587486327911,62,9.501190932246207e-09,4,4,Internal
ETR,KO,0.5187223881690375,62,1.846806446945217e-05,4,4,Internal
ETR,KR,0.4623186611867587,62,0.00017611428963819166,4,4,Internal
ETR,KVUE,0.47043809815296495,62,0.0001303573336414096,4,4,Internal
ETR,L,0.5405549561113575,62,6.892249968590358e-06,4,4,Internal
ETR,LNT,0.6796563674566833,62,1.714432175707362e-09,4,4,Internal
ETR,MAA,0.49507777632156125,62,4.988459223830839e-05,4,4,Internal
ETR,MCD,0.6118939907700585,62,1.611622031754939e-07,4,4,Internal
ETR,MCK,0.4733857375593699,62,0.00011665060640868323,4,4,Internal
ETR,META,-0.4484509631521114,62,0.0002894322900045168,4,1,External
ETR,MO,0.5851589948434026,62,7.316357019483343e-07,4,4,Internal
ETR,MPWR,-0.47898574503797003,62,9.419011375675614e-05,4,1,External
ETR,NDAQ,0.42696812589324984,62,0.0006000121133994708,4,4,Internal
ETR,NI,0.7953742844062853,62,1.9096655890987152e-14,4,4,Internal
ETR,O,0.4402295579377715,62,0.00038475477204137523,4,4,Internal
ETR,PEG,0.530185564796651,62,1.1101216839691601e-05,4,4,Internal
ETR,PGR,0.5235755128608319,62,1.4921523467924264e-05,4,4,Internal
ETR,PM,0.6214389666502473,62,9.071363334553636e-08,4,4,Internal
ETR,PNW,0.7217523101995652,62,5.2701945088539533e-11,4,4,Internal
ETR,PPL,0.7397999142838408,62,9.686136771827353e-12,4,4,Internal
ETR,ROL,0.5279291914994338,62,1.2289038392022536e-05,4,4,Internal
ETR,ROP,0.47008620768872156,62,0.000132088845824293,4,4,Internal
ETR,RSG,0.5505568832855566,62,4.286175415520513e-06,4,4,Internal
ETR,SO,0.7094257617198416,62,1.556546705282626e-10,4,4,Internal
ETR,SRE,0.5368862301590156,62,8.173077385402791e-06,4,4,Internal
ETR,SWK,-0.47444756018061895,62,0.00011204662520819749,4,1,External
ETR,SWKS,-0.4323604280837363,62,0.0005019246529143469,4,1,External
ETR,T,0.6617681412040233,62,6.366622850087647e-09,4,4,Internal
ETR,TRV,0.5399394068570466,62,7.093193093423214e-06,4,4,Internal
ETR,VICI,0.458668043369324,62,0.00020113386868744567,4,4,Internal
ETR,VRSK,0.4328349229753478,62,0.000494032448014366,4,4,Internal
ETR,VTR,0.4031886577358177,62,0.001273878915308451,4,4,Internal
ETR,VZ,0.5422212092154989,62,6.374596402927647e-06,4,4,Internal
ETR,WEC,0.7396583479907877,62,9.820984583347981e-12,4,4,Internal
ETR,WELL,0.5418170769815138,62,6.496709351039378e-06,4,4,Internal
ETR,WM,0.5981467221752612,62,3.569193999753267e-07,4,4,Internal
ETR,WMB,0.6174897615304548,62,1.1533174840577288e-07,4,4,Internal
ETR,WRB,0.6286172209501343,62,5.8127997585488203e-08,4,4,Internal
ETR,WTW,0.46225412027660906,62,0.0001765306696579841,4,4,Internal
ETR,WYNN,-0.40059745862148183,62,0.0013782733167446164,4,1,External
ETR,XEL,0.7080709489537573,62,1.747350801862355e-10,4,4,Internal
ETR,YUM,0.4437081418175146,62,0.00034139089393974776,4,4,Internal
ETR,ZBRA,-0.47324825478588756,62,0.00011725926171162711,4,1,External
EVRG,EXC,0.7555746117546236,62,1.9583070007242264e-12,4,4,Internal
EVRG,EXR,0.490170777684612,62,6.075816045936522e-05,4,4,Internal
EVRG,FE,0.6048922112525391,62,2.427559988882895e-07,4,4,Internal
EVRG,GL,0.5410890647565534,62,6.722202431841978e-06,4,4,Internal
EVRG,HIG,0.5499440383358735,62,4.414706520520739e-06,4,4,Internal
EVRG,HRL,0.42704230884908867,62,0.0005985524502323154,4,5,External
EVRG,ICE,0.44045986611424615,62,0.0003817357439514987,4,4,Internal
EVRG,INVH,0.5283945473969288,62,1.2034797359412807e-05,4,4,Internal
EVRG,JNJ,0.47894441174990676,62,9.434019670001274e-05,4,5,External
EVRG,KDP,0.43716057534455394,62,0.0004271135066236296,4,4,Internal
EVRG,KMB,0.4244727829214118,62,0.0006510319519338721,4,4,Internal
EVRG,KMI,0.4865520214200657,62,7.013413591641226e-05,4,4,Internal
EVRG,KO,0.6576061934103558,62,8.53138601118973e-09,4,4,Internal
EVRG,KR,0.48324947394800677,62,7.983648213957573e-05,4,4,Internal
EVRG,L,0.5632268998404771,62,2.2961061146114886e-06,4,4,Internal
EVRG,LIN,0.42720778172922563,62,0.0005953081110075296,4,4,Internal
EVRG,LNT,0.6981710792508274,62,3.9894350560946427e-10,4,4,Internal
EVRG,MAA,0.6061557199317581,62,2.2562231695520098e-07,4,4,Internal
EVRG,MCD,0.5457163935511299,62,5.404233215572826e-06,4,4,Internal
EVRG,MCK,0.6466098343733034,62,1.809460250926099e-08,4,4,Internal
EVRG,META,-0.5210766710584426,62,1.665994892983314e-05,4,1,External
EVRG,MO,0.5358054622317914,62,8.590680657286546e-06,4,4,Internal
EVRG,MPWR,-0.40766880790023646,62,0.0011100370164112577,4,1,External
EVRG,NI,0.7099335342090272,62,1.490278862697796e-10,4,4,Internal
EVRG,NTAP,-0.4295712656738643,62,0.0005506763951021778,4,1,External
EVRG,NVDA,-0.42643044642408534,62,0.000610688612841207,4,1,External
EVRG,O,0.6939647763255553,62,5.609314680464744e-10,4,4,Internal
EVRG,ORLY,0.5383729830655177,62,7.629422748819716e-06,4,4,Internal
EVRG,OTIS,0.4743875864049137,62,0.00011230215139554235,4,4,Internal
EVRG,PEG,0.4418565134102686,62,0.0003638848939192247,4,4,Internal
EVRG,PG,0.44868193190149225,62,0.00028709678449602964,4,4,Internal
EVRG,PGR,0.44234045836089414,62,0.00035787909571955497,4,4,Internal
EVRG,PM,0.49523594773827195,62,4.9566035967296164e-05,4,4,Internal
EVRG,PNW,0.831827065429842,62,1.0148967738419534e-16,4,4,Internal
EVRG,PPL,0.7883419206987005,62,4.647744315206454e-14,4,4,Internal
EVRG,PSA,0.4827484183495057,62,8.141204913512014e-05,4,4,Internal
EVRG,REG,0.4375706661510367,62,0.0004212179634776451,4,5,External
EVRG,ROL,0.5827322919120036,62,8.337697384194965e-07,4,4,Internal
EVRG,ROP,0.48816978503838787,62,6.578904804390348e-05,4,4,Internal
EVRG,RSG,0.5587654285146394,62,2.8689413927120027e-06,4,4,Internal
EVRG,SBAC,0.5395152129627082,62,7.234830532750106e-06,4,4,Internal
EVRG,SO,0.8031035716299412,62,6.897492068578025e-15,4,4,Internal
EVRG,SPGI,0.4221113968259574,62,0.0007028992281656517,4,4,Internal
EVRG,SRE,0.4729732925481746,62,0.00011848531715022019,4,4,Internal
EVRG,SYY,0.41929404715965995,62,0.0007696580004477081,4,4,Internal
EVRG,T,0.6252257149413472,62,7.183208144964659e-08,4,4,Internal
EVRG,TAP,0.49278085986548603,62,5.4728732084044036e-05,4,4,Internal
EVRG,TER,-0.41849580545341875,62,0.0007895880606326389,4,1,External
EVRG,TRV,0.5231883704287548,62,1.5179340049415541e-05,4,4,Internal
EVRG,UDR,0.5472953624975975,62,5.0126771222486305e-06,4,4,Internal
EVRG,VICI,0.6349989410534804,62,3.8757993726631836e-08,4,4,Internal
EVRG,VRSK,0.46953340529426524,62,0.00013485163298663746,4,4,Internal
EVRG,VTR,0.552271641200454,62,3.944851695935499e-06,4,4,Internal
EVRG,VZ,0.6294351185216436,62,5.521394173800716e-08,4,4,Internal
EVRG,WEC,0.7254519430750139,62,3.764841343322986e-11,4,4,Internal
EVRG,WELL,0.6400230323633248,62,2.7984831036703606e-08,4,4,Internal
EVRG,WM,0.5713935217596511,62,1.5143680713118159e-06,4,4,Internal
EVRG,WMB,0.4680152000618141,62,0.00014271436681373285,4,4,Internal
EVRG,WRB,0.5275641936310792,62,1.2491933406986385e-05,4,4,Internal
EVRG,XEL,0.7074593471079111,62,1.840590537285178e-10,4,4,Internal
EVRG,YUM,0.46789451692391626,62,0.0001433570789382977,4,4,Internal
EW,LKQ,-0.4429623148195113,62,0.0003502943780723067,1,5,External
EW,LW,0.4197575130061843,62,0.0007582962867444591,1,5,External
EW,RMD,0.45499711423747446,62,0.00022953429261568823,1,1,Internal
EW,VLO,-0.5230495194438792,62,1.527281091944754e-05,1,1,Internal
EW,YUM,0.4141838781602376,62,0.0009055394579197094,1,4,External
EXC,EXR,0.4657192888991794,62,0.00015540626750096983,4,4,Internal
EXC,FE,0.8469881961078616,62,7.836304090689792e-18,4,4,Internal
EXC,GIS,0.5038479836829589,62,3.480247353135448e-05,4,5,External
EXC,GL,0.5386258805777904,62,7.540368321991165e-06,4,4,Internal
EXC,HCA,0.42712696717084264,62,0.0005968906020675343,4,4,Internal
EXC,HIG,0.6828296134557089,62,1.3454508069263563e-09,4,4,Internal
EXC,HRL,0.4983612373218987,62,4.3644390207786185e-05,4,5,External
EXC,HST,-0.42604082169247953,62,0.0006185325294581882,4,1,External
EXC,ICE,0.6524941831967495,62,1.2146996509071705e-08,4,4,Internal
EXC,INVH,0.5724018682659404,62,1.4373888778089846e-06,4,4,Internal
EXC,JKHY,0.4346433712101901,62,0.0004649754162795642,4,4,Internal
EXC,JNJ,0.5388352110279867,62,7.467388645954514e-06,4,5,External
EXC,KDP,0.5491317893276261,62,4.590604229879551e-06,4,4,Internal
EXC,KEY,-0.4109960558124495,62,0.0010009152216994487,4,1,External
EXC,KEYS,-0.4824492848947857,62,8.236626725546395e-05,4,1,External
EXC,KHC,0.4344428968039991,62,0.0004681181574434573,4,5,External
EXC,KLAC,-0.5038477296161488,62,3.480284149836978e-05,4,1,External
EXC,KMB,0.5704525118623212,62,1.5896729752550955e-06,4,4,Internal
EXC,KMI,0.5567998325458149,62,3.1615072976039233e-06,4,4,Internal
EXC,KO,0.7679551906871086,62,5.120194737075856e-13,4,4,Internal
EXC,KR,0.5981359420070221,62,3.571368074146473e-07,4,4,Internal
EXC,KVUE,0.5744787301578772,62,1.2902379010763184e-06,4,4,Internal
EXC,L,0.684898626264544,62,1.1469166556569565e-09,4,4,Internal
EXC,LIN,0.5502790019500692,62,4.344016172612501e-06,4,4,Internal
EXC,LNT,0.8049670278442101,62,5.3596724779952955e-15,4,4,Internal
EXC,LRCX,-0.5575231047580317,62,3.0507558948880907e-06,4,1,External
EXC,MAA,0.529060741419908,62,1.1679330609028513e-05,4,4,Internal
EXC,MCD,0.7136190990668431,62,1.0837052388776758e-10,4,4,Internal
EXC,MCHP,-0.46500081757432,62,0.00015958561977308435,4,1,External
EXC,MCK,0.757177689161508,62,1.6534868913340642e-12,4,4,Internal
EXC,MDLZ,0.5338822155796991,62,9.383306169780316e-06,4,5,External
EXC,META,-0.5984930700937392,62,3.500003100634509e-07,4,1,External
EXC,MKC,0.4599292829580958,62,0.0001921441021717442,4,4,Internal
EXC,MMC,0.5574836869705256,62,3.0566971491414588e-06,4,4,Internal
EXC,MNST,0.49447261571150997,62,5.1120911328495454e-05,4,4,Internal
EXC,MO,0.6509921717476221,62,1.3458775935633569e-08,4,4,Internal
EXC,MOH,0.40095287701241666,62,0.0013635136332677978,4,4,Internal
EXC,MPWR,-0.5652052435791352,62,2.078003676086579e-06,4,1,External
EXC,MU,-0.4286395250454418,62,0.0005678954421054829,4,1,External
EXC,NCLH,-0.4375517082106449,62,0.00042148886615582586,4,1,External
EXC,NEE,0.5003992466781233,62,4.01425678749117e-05,4,4,Internal
EXC,NI,0.7506627508224687,62,3.2626319087038397e-12,4,4,Internal
EXC,NTAP,-0.42468786137197684,62,0.0006464845272694418,4,1,External
EXC,NVDA,-0.4320744232659105,62,0.0005067368604818165,4,1,External
EXC,NXPI,-0.4425458268046191,62,0.000355357854152868,4,1,External
EXC,O,0.6682377608430983,62,4.0023833116813336e-09,4,4,Internal
EXC,ON,-0.4223576197027764,62,0.0006973215266216627,4,1,External
EXC,ORLY,0.7530301245510477,62,2.554846616466614e-12,4,4,Internal
EXC,OTIS,0.6026085580091067,62,2.7686939768022685e-07,4,4,Internal
EXC,PAYX,0.49415878162189947,62,5.1773140868354586e-05,4,4,Internal
EXC,PCG,0.42954405703552223,62,0.0005511724337000841,4,4,Internal
EXC,PEG,0.5791500069006338,62,1.009222907083454e-06,4,4,Internal
EXC,PEP,0.5381828535924136,62,7.697018102489164e-06,4,5,External
EXC,PG,0.6504103481382741,62,1.4002036175146202e-08,4,4,Internal
EXC,PGR,0.6267412776165541,62,6.53691342102411e-08,4,4,Internal
EXC,PM,0.647954669831955,62,1.6531864562892455e-08,4,4,Internal
EXC,PNW,0.8706623415267857,62,7.804255172033354e-20,4,4,Internal
EXC,PPL,0.8610414377435235,62,5.624963595039739e-19,4,4,Internal
EXC,PSA,0.51512547768183,62,2.158489548912524e-05,4,4,Internal
EXC,REG,0.4548816279044539,62,0.0002304844891873812,4,5,External
EXC,RL,-0.4904011811402556,62,6.02022463904543e-05,4,1,External
EXC,ROL,0.7530465469940789,62,2.5504918888492377e-12,4,4,Internal
EXC,ROP,0.5841635584458331,62,7.720225550679485e-07,4,4,Internal
EXC,RSG,0.7709471039929418,62,3.65666687879662e-13,4,4,Internal
EXC,SBAC,0.7607923949216003,62,1.1236225137208863e-12,4,4,Internal
EXC,SO,0.8895707048449103,62,9.712587488705832e-22,4,4,Internal
EXC,SRE,0.6188913190550976,62,1.059513586364051e-07,4,4,Internal
EXC,SWK,-0.5082722067847204,62,2.8913123824352528e-05,4,1,External
EXC,SYF,-0.5817413811420395,62,8.792003662710047e-07,4,1,External
EXC,SYY,0.4606067750449294,62,0.00018746843075478868,4,4,Internal
EXC,T,0.7482715376043025,62,4.165319271584371e-12,4,4,Internal
EXC,TAP,0.4924233434361916,62,5.5520626239681236e-05,4,4,Internal
EXC,TER,-0.5106918553441485,62,2.6096758015548644e-05,4,1,External
EXC,TJX,0.40556128211290204,62,0.0011845855522621615,4,5,External
EXC,TMUS,0.4562031267482859,62,0.00021982324548233288,4,4,Internal
EXC,TPR,-0.411881825059163,62,0.0009735446016782738,4,1,External
EXC,TRV,0.6688559602438613,62,3.826444761919146e-09,4,4,Internal
EXC,TSN,0.49851758369205107,62,4.336606781544834e-05,4,4,Internal
EXC,UDR,0.4649661436469246,62,0.00015978990016404785,4,4,Internal
EXC,V,0.4553094134367714,62,0.0002269826690956638,4,4,Internal
EXC,VICI,0.6020164106598686,62,2.8642403886411446e-07,4,4,Internal
EXC,VRSK,0.6787957951189952,62,1.82995371793453e-09,4,4,Internal
EXC,VTR,0.596394824171089,62,3.9393145254326783e-07,4,4,Internal
EXC,VZ,0.7489125408237604,62,3.902366868571855e-12,4,4,Internal
EXC,WEC,0.8790766113058558,62,1.2133720837065551e-20,4,4,Internal
EXC,WELL,0.7501055312612094,62,3.4545701454953904e-12,4,4,Internal
EXC,WM,0.7591089458902749,62,1.3462441245941705e-12,4,4,Internal
EXC,WMB,0.4200133996935674,62,0.0007520885136743607,4,4,Internal
EXC,WRB,0.7356733149511705,62,1.44413869911376e-11,4,4,Internal
EXC,WTW,0.5793449780893735,62,9.988454762706578e-07,4,4,Internal
EXC,WYNN,-0.424437392836754,62,0.0006517829779280322,4,1,External
EXC,XEL,0.819975369584403,62,6.334210537972661e-16,4,4,Internal
EXC,YUM,0.5840224654810872,62,7.779133467272736e-07,4,4,Internal
EXC,ZBRA,-0.535142459054434,62,8.856601121714759e-06,4,1,External
EXPD,FDX,0.6667764624502414,62,4.449234596599629e-09,1,1,Internal
EXPD,FRT,0.47023739993584696,62,0.0001313423192860083,1,1,Internal
EXPD,GNRC,0.45456405122940424,62,0.0002331160103166905,1,1,Internal
EXPD,GWW,0.4546049456572918,62,0.00023277561513466798,1,5,External
EXPD,HAS,0.506863803405294,62,3.067941908640996e-05,1,1,Internal
EXPD,HD,0.5319094462072833,62,1.0266632010485831e-05,1,1,Internal
EXPD,HST,0.5279065340898639,62,1.230154349034755e-05,1,1,Internal
EXPD,IEX,0.5771397820484937,62,1.1222746901170057e-06,1,1,Internal
EXPD,IR,0.6460707508791776,62,1.875941579444339e-08,1,1,Internal
EXPD,IVZ,0.409622146261718,62,0.0010447442356094027,1,1,Internal
EXPD,J,0.447834124200226,62,0.00029575485771842576,1,1,Internal
EXPD,JBHT,0.7237949352953874,62,4.379894765847097e-11,1,1,Internal
EXPD,KEY,0.42342332583320275,62,0.0006736391142668594,1,1,Internal
EXPD,LEN,0.6228638680989492,62,8.311758267143781e-08,1,1,Internal
EXPD,LOW,0.6264298140975909,62,6.665080874046322e-08,1,1,Internal
EXPD,MAS,0.6591519252327659,62,7.656714456800633e-09,1,1,Internal
EXPD,MHK,0.4307118902263055,62,0.0005302426171361035,1,1,Internal
EXPD,MLM,0.40887219455731055,62,0.0010693913579453184,1,5,External
EXPD,MSI,-0.4233931554159472,62,0.0006742994238527731,1,12,External
EXPD,NDSN,0.46737288652277365,62,0.0001461657349848512,1,1,Internal
EXPD,NKE,0.4940197009905542,62,5.2064635761488046e-05,1,1,Internal
EXPD,NSC,0.6511157488705268,62,1.3345985570785534e-08,1,1,Internal
EXPD,NVR,0.5852495617796517,62,7.280613128786882e-07,1,1,Internal
EXPD,ODFL,0.6184427607717193,62,1.08872275378993e-07,1,1,Internal
EXPD,PCAR,0.5378857715601588,62,7.803754798149408e-06,1,1,Internal
EXPD,PHM,0.6105975926417471,62,1.7399153303657826e-07,1,1,Internal
EXPD,PKG,0.5841816029846818,62,7.712722001119994e-07,1,1,Internal
EXPD,PLD,0.43108445852554367,62,0.0005237188711711572,1,1,Internal
EXPD,PM,-0.4068244231314244,62,0.001139382167385929,1,4,External
EXPD,PNC,0.4388793331342891,62,0.00040289587958159783,1,1,Internal
EXPD,PNR,0.5219366129491464,62,1.6041528474172725e-05,1,1,Internal
EXPD,RF,0.4827169367499638,62,8.15119922666749e-05,1,1,Internal
EXPD,RL,0.4794611342442343,62,9.247967175764875e-05,1,1,Internal
EXPD,SPG,0.4415683215020715,62,0.0003675048419093675,1,1,Internal
EXPD,SW,0.4204779745946933,62,0.0007409353672879222,1,1,Internal
EXPD,SWK,0.6372374478601068,62,3.354738980846548e-08,1,1,Internal
EXPD,TGT,0.5322320755129906,62,1.0117072318708335e-05,1,1,Internal
EXPD,TROW,0.5655350490736227,62,2.043586041006886e-06,1,1,Internal
EXPD,TTWO,-0.4193536267446552,62,0.0007681888541127695,1,12,External
EXPD,UNP,0.48460134156518975,62,7.572452412583397e-05,1,1,Internal
EXPD,UPS,0.7058658541987043,62,2.1062580189751128e-10,1,1,Internal
EXPD,URI,0.46034270395419286,62,0.00018927837118223282,1,1,Internal
EXPD,WY,0.43601942754515255,62,0.0004439159814557075,1,1,Internal
EXPD,ZBRA,0.4293916581577272,62,0.0005539583084864181,1,1,Internal
EXPE,NCLH,0.5366002210900751,62,8.281711493910925e-06,1,1,Internal
EXPE,PODD,-0.4287902774736504,62,0.0005650767542883552,1,1,Internal
EXPE,RCL,0.44939061786781875,62,0.0002800376307006222,1,1,Internal
EXPE,UAL,0.4582394413317099,62,0.00020427537289391542,1,1,Internal
EXR,FDS,0.4585035637724272,62,0.0002023341820803142,4,4,Internal
EXR,FE,0.4604544923282882,62,0.00018851023119325475,4,4,Internal
EXR,FRT,0.45375566808752216,62,0.0002399388739891761,4,1,External
EXR,GIS,0.5484185367393137,62,4.75043317456332e-06,4,5,External
EXR,GPC,0.475824438637779,62,0.00010632516771650545,4,5,External
EXR,HRL,0.5447088554155771,62,5.6687937541961955e-06,4,5,External
EXR,ICE,0.445521094205517,62,0.00032060162688302986,4,4,Internal
EXR,INVH,0.7950839534272197,62,1.982443872362974e-14,4,4,Internal
EXR,KHC,0.5580125486138735,62,2.9778773468159546e-06,4,5,External
EXR,KIM,0.41781700421057594,62,0.0008069017957858295,4,1,External
EXR,KLAC,-0.4442419992426808,62,0.00033514501410410364,4,1,External
EXR,KO,0.42050253889570544,62,0.0007403498336073404,4,4,Internal
EXR,KVUE,0.45189583725987387,62,0.00025633439189804265,4,4,Internal
EXR,LIN,0.5250455826920368,62,1.3979115946405842e-05,4,4,Internal
EXR,LNT,0.44424391104060207,62,0.0003351228353529053,4,4,Internal
EXR,LRCX,-0.46510253214786595,62,0.00015898775164936162,4,1,External
EXR,LW,0.42927247847273803,62,0.000556145826470285,4,5,External
EXR,MAA,0.5561656493518109,62,3.2616957454598438e-06,4,4,Internal
EXR,MDLZ,0.5747560532827177,62,1.271692930228471e-06,4,5,External
EXR,MKC,0.4366177119635907,62,0.00043503323228883165,4,4,Internal
EXR,MLM,0.45077650079092174,62,0.0002666888355012216,4,5,External
EXR,MO,0.43699170831769935,62,0.0004295629088738032,4,4,Internal
EXR,NVDA,-0.5197735072237938,62,1.763940251401652e-05,4,1,External
EXR,O,0.7520076964435707,62,2.840388351040512e-12,4,4,Internal
EXR,ORLY,0.5390548051798473,62,7.391537988128615e-06,4,4,Internal
EXR,PEP,0.42483790189106146,62,0.0006433292655857226,4,5,External
EXR,PLD,0.5096569430294664,62,2.7268714588061775e-05,4,1,External
EXR,PNW,0.5278634118758505,62,1.2325376221102145e-05,4,4,Internal
EXR,PPG,0.47072611085216576,62,0.00012895566888930778,4,1,External
EXR,PPL,0.5240637647385264,62,1.4602170923072957e-05,4,4,Internal
EXR,PSA,0.9110990977598895,62,2.209272522605971e-24,4,4,Internal
EXR,REG,0.693161103392889,62,5.982766293231152e-10,4,5,External
EXR,ROL,0.4638610097547479,62,0.0001664276782768034,4,4,Internal
EXR,RSG,0.49584275227060887,62,4.836127821828109e-05,4,4,Internal
EXR,SBAC,0.527149657935036,62,1.2726138949867786e-05,4,4,Internal
EXR,SO,0.5296504782920798,62,1.1372828591686238e-05,4,4,Internal
EXR,SYY,0.5455017701856972,62,5.459605135934631e-06,4,4,Internal
EXR,TAP,0.4015222336828816,62,0.0013401653848146694,4,4,Internal
EXR,UDR,0.7044361932266362,62,2.375295864800793e-10,4,4,Internal
EXR,VICI,0.6224816643203417,62,8.509399953028473e-08,4,4,Internal
EXR,VMC,0.4371094392808517,62,0.0004278538867668227,4,5,External
EXR,VTR,0.4134364860319166,62,0.0009271327496755622,4,4,Internal
EXR,VZ,0.47647774456997044,62,0.0001037054680023748,4,4,Internal
EXR,WEC,0.4505568606556637,62,0.00026876489790871304,4,4,Internal
EXR,WELL,0.5721251484335492,62,1.4581411623181584e-06,4,4,Internal
EXR,WM,0.5826862039925615,62,8.358329808905265e-07,4,4,Internal
EXR,WY,0.43950137100782166,62,0.0003944438765055399,4,1,External
EXR,XEL,0.4358450597797868,62,0.00044653568068040063,4,4,Internal
F,FDX,0.44182975312989103,62,0.0003642196540520677,1,1,Internal
F,FRT,0.4187548399714744,62,0.0007830700763202525,1,1,Internal
F,GM,0.5509696571747017,62,4.2015821703297136e-06,1,1,Internal
F,GNRC,0.43177271364304026,62,0.0005118586860106976,1,1,Internal
F,HAS,0.4361594176100965,62,0.00044182289301532583,1,1,Internal
F,IDXX,0.42918966512721574,62,0.0005576704596137072,1,12,External
F,LEN,0.4433129202535035,62,0.000346082925227228,1,1,Internal
F,LYB,0.46119531900019406,62,0.0001834914285477225,1,2,External
F,MHK,0.5361286056446019,62,8.46378398717933e-06,1,1,Internal
F,NVR,0.5181019036784557,62,1.897403512070663e-05,1,1,Internal
F,OMC,0.41378198095668617,62,0.0009170937767816215,1,1,Internal
F,PHM,0.4425260836103195,62,0.00035559953004912385,1,1,Internal
F,PLD,0.5260474332338824,62,1.3368874377259222e-05,1,1,Internal
F,PPG,0.4144128974196138,62,0.000899014219506754,1,1,Internal
F,SWK,0.40871450047069396,62,0.0010746401560517245,1,1,Internal
F,TGT,0.5161464604511306,62,2.065394730371853e-05,1,1,Internal
F,TROW,0.44367352767188095,62,0.00034179950147492533,1,1,Internal
F,UPS,0.4693332594904062,62,0.00013586492330496606,1,1,Internal
FANG,HAL,0.8108966222013929,62,2.358119384108132e-15,2,2,Internal
FANG,LYB,0.5040259947364711,62,3.45455413435504e-05,2,2,Internal
FANG,MPC,0.648370349936706,62,1.607525159839245e-08,2,1,External
FANG,OKE,0.6702004354216334,62,3.468777576559979e-09,2,2,Internal
FANG,OXY,0.8538256337490081,62,2.25127776263714e-18,2,2,Internal
FANG,PSX,0.5969446653077424,62,3.8194362570235015e-07,2,1,External
FANG,SLB,0.7763820329500112,62,1.9579124069104465e-13,2,2,Internal
FANG,TPL,0.5322678180607194,62,1.0100628597944123e-05,2,2,Internal
FANG,TRGP,0.638570362730069,62,3.076677244870489e-08,2,2,Internal
FANG,VLO,0.6242199153969479,62,7.644889107549826e-08,2,1,External
FANG,XOM,0.8137637220579992,62,1.5690675784036852e-15,2,2,Internal
FAST,FIS,0.4543317949061756,62,0.00023505789975648887,5,5,Internal
FAST,GIS,0.4134168422336619,62,0.0009277065039225321,5,5,Internal
FAST,GWW,0.6426094220594408,62,2.3610394052706394e-08,5,5,Internal
FAST,HRL,0.4789078910360516,62,9.44729879755963e-05,5,5,Internal
FAST,J,0.40254994654563275,62,0.001298928682616712,5,1,External
FAST,KEYS,-0.4109773756768084,62,0.0010014998426467405,5,1,External
FAST,KHC,0.4277979609490974,62,0.0005838662030432959,5,5,Internal
FAST,KMB,0.4003514281982185,62,0.001388574278625789,5,4,External
FAST,KO,0.4705543349153878,62,0.00012978997249080278,5,4,External
FAST,LIN,0.5571756022105652,62,3.103507051119032e-06,5,4,External
FAST,LW,0.411221788433602,62,0.0009938748920563518,5,5,Internal
FAST,META,-0.4299400392098526,62,0.0005439931442090886,5,1,External
FAST,MLM,0.5375232680220222,62,7.93586294209111e-06,5,5,Internal
FAST,MU,-0.496003079120246,62,4.8047510244028326e-05,5,1,External
FAST,O,0.4404304290098024,62,0.00038212041869751666,5,4,External
FAST,OTIS,0.5394158354653239,62,7.268391120538681e-06,5,4,External
FAST,PH,-0.4266389478097819,62,0.0006065282057562798,5,1,External
FAST,ROL,0.4720760681686956,62,0.00012256839376263644,5,4,External
FAST,ROP,0.42626882802366745,62,0.0006139313014962575,5,4,External
FAST,SBAC,0.405073657114184,62,0.001202463353293828,5,4,External
FAST,SYY,0.4656574146337409,62,0.000155762201922696,5,4,External
FAST,VICI,0.4882734398819472,62,6.551928782632847e-05,5,4,External
FAST,VRTX,0.44282506562523855,62,0.00035195568454601383,5,5,Internal
FAST,WFC,-0.4322810541065846,62,0.0005032559912262883,5,1,External
FCX,MOH,-0.43581200043274737,62,0.00044703394596039427,2,4,External
FCX,NEM,0.466713496933991,62,0.00014978834269954022,2,4,External
FCX,TJX,-0.4537876648943248,62,0.00023966538511193747,2,5,External
FCX,TPL,0.4120391022003281,62,0.0009687558740925217,2,2,Internal
FDS,ICE,0.43571521619208553,62,0.00044849557009160796,4,4,Internal
FDS,JKHY,0.4177372865642138,62,0.0008089574556699034,4,4,Internal
FDS,KO,0.4050284663287145,62,0.001204132414166035,4,4,Internal
FDS,KVUE,0.5073052672260848,62,3.011531069975788e-05,4,4,Internal
FDS,O,0.44399627964885474,62,0.00033800676559915944,4,4,Internal
FDS,ON,-0.43173959495305886,62,0.0005124237626764485,4,1,External
FDS,PSA,0.5179257363688853,62,1.912001599357914e-05,4,4,Internal
FDS,SPGI,0.4692714096087795,62,0.00013617946464036085,4,4,Internal
FDS,VICI,0.42421234097075416,62,0.0006565772784936633,4,4,Internal
FDS,VRSK,0.4412663493292981,62,0.00037133303929912456,4,4,Internal
FDS,VTR,0.4385737679929133,62,0.0004071078445697247,4,4,Internal
FDS,WELL,0.4937200007751522,62,5.269792439346114e-05,4,4,Internal
FDS,WM,0.4137437407783445,62,0.0009182000640539374,4,4,Internal
FDS,WTW,0.4184250472323255,62,0.0007913770307240318,4,4,Internal
FDX,FITB,0.49748319156190396,62,4.5238355364479945e-05,1,1,Internal
FDX,FRT,0.5545908965922249,62,3.523445657807434e-06,1,1,Internal
FDX,FTV,0.421547852949275,62,0.0007158175093025625,1,1,Internal
FDX,GRMN,0.4616656333917229,62,0.00018036904439896993,1,1,Internal
FDX,HAS,0.482561212920408,62,8.200802450277845e-05,1,1,Internal
FDX,HBAN,0.521268901129233,62,1.6519818197978766e-05,1,1,Internal
FDX,HD,0.46723881590421146,62,0.00014689572898312993,1,1,Internal
FDX,HPQ,0.4143556585167352,62,0.0009006410843806249,1,1,Internal
FDX,HST,0.5602848324680222,62,2.6603397535280495e-06,1,1,Internal
FDX,IEX,0.4739498976411844,62,0.00011418325475639563,1,1,Internal
FDX,IP,0.5681025534503275,62,1.7933173558129452e-06,1,1,Internal
FDX,IR,0.48888288761638593,62,6.395372127080907e-05,1,1,Internal
FDX,IVZ,0.4364331789526906,62,0.00043775560776527296,1,1,Internal
FDX,JBHT,0.741956076388092,62,7.838239608546145e-12,1,1,Internal
FDX,KEY,0.6053019656056926,62,2.3706983039589792e-07,1,1,Internal
FDX,KEYS,0.42575907706088634,62,0.0006242613721583454,1,1,Internal
FDX,LEN,0.5379838051956574,62,7.768381517981059e-06,1,1,Internal
FDX,LOW,0.47561620096986756,62,0.00010717287898800374,1,1,Internal
FDX,LYB,0.4164844611760344,62,0.0008418915754699404,1,2,External
FDX,MAR,0.4738905372621026,62,0.00011444059157001321,1,1,Internal
FDX,MAS,0.626636396334892,62,6.579810256387371e-08,1,1,Internal
FDX,MCD,-0.41258900836592793,62,0.0009521790605301708,1,4,External
FDX,MCK,-0.45078106045257454,62,0.0002666458926501389,1,4,External
FDX,MGM,0.4453627351352756,62,0.00032237042520949635,1,1,Internal
FDX,MHK,0.4465619786264775,62,0.0003091939230138216,1,1,Internal
FDX,MPC,0.4826131164433764,62,8.184238661491801e-05,1,1,Internal
FDX,MPWR,0.44352416791043714,62,0.0003435677548461459,1,1,Internal
FDX,MSI,-0.47818432689756785,62,9.713960764014788e-05,1,12,External
FDX,MTB,0.5143129337304788,62,2.235342304925917e-05,1,1,Internal
FDX,NCLH,0.5495340169243367,62,4.502697888894491e-06,1,1,Internal
FDX,NDSN,0.42351423900110846,62,0.0006716529282148923,1,1,Internal
FDX,NKE,0.6941049015635229,62,5.546511412521336e-10,1,1,Internal
FDX,NSC,0.6708386634209175,62,3.310306541123432e-09,1,1,Internal
FDX,NVR,0.4881441374091645,62,6.585595343192201e-05,1,1,Internal
FDX,ODFL,0.6918490918711538,62,6.643639830235508e-10,1,1,Internal
FDX,PCAR,0.48372043470141574,62,7.838119111679995e-05,1,1,Internal
FDX,PFG,0.4671500708459292,62,0.00014738076969639133,1,1,Internal
FDX,PGR,-0.5206988311845193,62,1.693860536861143e-05,1,4,External
FDX,PHM,0.5059609047639434,62,3.18637348638596e-05,1,1,Internal
FDX,PKG,0.5418705718805081,62,6.480421064259268e-06,1,1,Internal
FDX,PLD,0.6265872042558417,62,6.600021344791817e-08,1,1,Internal
FDX,PM,-0.47008818077528536,62,0.00013207907848944336,1,4,External
FDX,PNC,0.5788371045014755,62,1.0260887581560528e-06,1,1,Internal
FDX,PSX,0.4500916572421007,62,0.0002732108562412182,1,1,Internal
FDX,RF,0.5765350975582658,62,1.158536813020965e-06,1,1,Internal
FDX,RL,0.5633044791393518,62,2.287164826649052e-06,1,1,Internal
FDX,RSG,-0.4629531939127501,62,0.00017206828896830845,1,4,External
FDX,SPG,0.5404514411887514,62,6.925666739980435e-06,1,1,Internal
FDX,STX,0.41156957957379625,62,0.0009831150858292904,1,1,Internal
FDX,SW,0.5808780128701999,62,9.206655690206623e-07,1,1,Internal
FDX,SWK,0.6850661814550797,62,1.1321188736414231e-09,1,1,Internal
FDX,SYF,0.6017877437833379,62,2.901960173696321e-07,1,1,Internal
FDX,TFC,0.47193060927980224,62,0.00012324238738849942,1,1,Internal
FDX,TGT,0.6002226229942164,62,3.172949755899137e-07,1,1,Internal
FDX,TPR,0.48197862647665296,62,8.388850234080729e-05,1,1,Internal
FDX,TRMB,0.42059980042628853,62,0.000738035540448029,1,1,Internal
FDX,TROW,0.5538844553443122,62,3.6471291967426326e-06,1,1,Internal
FDX,TTWO,-0.4471747904903951,62,0.00030265210798575954,1,12,External
FDX,UNP,0.5633529137834581,62,2.2815990820989726e-06,1,1,Internal
FDX,UPS,0.8088351377632275,62,3.147272765120367e-15,1,1,Internal
FDX,URI,0.442408497824762,62,0.00035704199824598587,1,1,Internal
FDX,USB,0.5355472697484163,62,8.69334166684593e-06,1,1,Internal
FDX,VRSK,-0.41772171604156333,62,0.0008093595211365973,1,4,External
FDX,WYNN,0.5432907106909092,62,6.061675402104656e-06,1,1,Internal
FDX,YUM,-0.4449476929071931,62,0.0003270485531610417,1,4,External
FDX,ZBRA,0.5981052181821291,62,3.5775710860250035e-07,1,1,Internal
FE,GIS,0.5270719363722518,62,1.2770501967771738e-05,4,5,External
FE,GL,0.49865983890023863,62,4.311425567981876e-05,4,4,Internal
FE,HIG,0.6736657720444764,62,2.687261843536179e-09,4,4,Internal
FE,HON,0.46574120645203326,62,0.0001552803647650093,4,4,Internal
FE,HRL,0.45369169496059025,62,0.00024048653193136914,4,5,External
FE,ICE,0.5866619898911545,62,6.743943947169377e-07,4,4,Internal
FE,INVH,0.597194899788446,62,3.7660219787799375e-07,4,4,Internal
FE,JKHY,0.4820405170199539,62,8.368686382923598e-05,4,4,Internal
FE,JNJ,0.4755400061341545,62,0.0001074846082788504,4,5,External
FE,KDP,0.6057363744885772,62,2.3117849208994605e-07,4,4,Internal
FE,KEYS,-0.47688141854840116,62,0.00010211656440463083,4,1,External
FE,KHC,0.566983983918805,62,1.898600640084182e-06,4,5,External
FE,KLAC,-0.5050410291168554,62,3.311370846797235e-05,4,1,External
FE,KMB,0.5767723780035934,62,1.1441784899528458e-06,4,4,Internal
FE,KMI,0.44713472005175053,62,0.00030307597424578787,4,4,Internal
FE,KO,0.7668576754869594,62,5.785918800522785e-13,4,4,Internal
FE,KR,0.6136345531369243,62,1.4533347923594205e-07,4,4,Internal
FE,KVUE,0.5647980519350585,62,2.1212450737869013e-06,4,4,Internal
FE,L,0.6038382173799305,62,2.579773768985105e-07,4,4,Internal
FE,LIN,0.5696952986141134,62,1.6527996107929117e-06,4,4,Internal
FE,LNT,0.7301283650809349,62,2.4416892611579457e-11,4,4,Internal
FE,LRCX,-0.6158801683569408,62,1.270685293547645e-07,4,1,External
FE,MAA,0.5050881500059324,62,3.304859154034253e-05,4,4,Internal
FE,MCD,0.6651573537182609,62,4.999411264447999e-09,4,4,Internal
FE,MCK,0.6877629117543856,62,9.1749842635788e-10,4,4,Internal
FE,MDLZ,0.5231062432763964,62,1.5234561531517963e-05,4,5,External
FE,META,-0.5722858825010813,62,1.44605320185269e-06,4,1,External
FE,MKC,0.4732108102663586,62,0.00011742553845738763,4,4,Internal
FE,MMC,0.4588690452241785,62,0.00019967587662244362,4,4,Internal
FE,MNST,0.5537611500323477,62,3.6691285946703473e-06,4,4,Internal
FE,MO,0.6451609725976744,62,1.993403111571582e-08,4,4,Internal
FE,MPWR,-0.5949874568284743,62,4.2624581802437985e-07,4,1,External
FE,MU,-0.4748330955079573,62,0.00011041671387445527,4,1,External
FE,NEE,0.49453784412583024,62,5.098630519183347e-05,4,4,Internal
FE,NI,0.6324839667024919,62,4.55208041470716e-08,4,4,Internal
FE,NVDA,-0.4497785163292652,62,0.00027624124759991343,4,1,External
FE,O,0.658288757545073,62,8.134088539722706e-09,4,4,Internal
FE,ON,-0.43161306170020547,62,0.0005145879140919219,4,1,External
FE,ORLY,0.762841093057204,62,8.99941640281212e-13,4,4,Internal
FE,OTIS,0.5872221145306198,62,6.541582466290917e-07,4,4,Internal
FE,PAYX,0.4744089898752571,62,0.00011221089770963406,4,4,Internal
FE,PCG,0.5015681823525379,62,3.8253122828858305e-05,4,4,Internal
FE,PEG,0.5320155090415414,62,1.0217239592673037e-05,4,4,Internal
FE,PEP,0.5152014028548051,62,2.151434908079565e-05,4,5,External
FE,PG,0.655034913871648,62,1.0199221816569316e-08,4,4,Internal
FE,PGR,0.5025410342939981,62,3.674367680615006e-05,4,4,Internal
FE,PM,0.606703964384879,62,2.1854763030286924e-07,4,4,Internal
FE,PNW,0.8028981175766744,62,7.090854074995513e-15,4,4,Internal
FE,PPL,0.8218004135180553,62,4.820240306887891e-16,4,4,Internal
FE,PSA,0.5276210075471078,62,1.2460148458545093e-05,4,4,Internal
FE,REG,0.4886368681875708,62,6.458150472231379e-05,4,5,External
FE,ROL,0.7665008400585059,62,6.019632276687811e-13,4,4,Internal
FE,ROP,0.5308655168025481,62,1.076477070708301e-05,4,4,Internal
FE,RSG,0.7682929486268467,62,4.930500785031177e-13,4,4,Internal
FE,SBAC,0.6850813554867466,62,1.130787751428404e-09,4,4,Internal
FE,SO,0.8129540454336138,62,1.7616188032678348e-15,4,4,Internal
FE,SRE,0.7077621211414256,62,1.7938559528000427e-10,4,4,Internal
FE,STE,0.413412146593681,62,0.0009278437011885543,4,5,External
FE,STZ,0.563285232834948,62,2.289379989560981e-06,4,5,External
FE,SWK,-0.4043171746184058,62,0.0012306790888829348,4,1,External
FE,SYF,-0.46587182589320963,62,0.000154531974312282,4,1,External
FE,SYY,0.4783771289805448,62,9.642237250115201e-05,4,4,Internal
FE,T,0.5811366352160544,62,9.080561895189272e-07,4,4,Internal
FE,TAP,0.4872461756073238,62,6.823832851051947e-05,4,4,Internal
FE,TER,-0.5237603754610549,62,1.4799854469443774e-05,4,1,External
FE,TJX,0.4525332004630395,62,0.0002506038374424659,4,5,External
FE,TRV,0.6786505215019042,62,1.8501690965162407e-09,4,4,Internal
FE,TSCO,0.473321038027708,62,0.00011693667780697832,4,5,External
FE,TSN,0.45652741561320975,62,0.00021727689163787806,4,4,Internal
FE,UDR,0.4201836790764792,62,0.0007479830722541287,4,4,Internal
FE,V,0.42465394271815027,62,0.0006471997561129802,4,4,Internal
FE,VICI,0.5384162285859947,62,7.614125339586716e-06,4,4,Internal
FE,VRSK,0.568261700800716,62,1.7787897500265103e-06,4,4,Internal
FE,VTR,0.6023910165070007,62,2.803441810362259e-07,4,4,Internal
FE,VZ,0.6415868691222267,62,2.525638666015242e-08,4,4,Internal
FE,WEC,0.8224720766318865,62,4.355845545097729e-16,4,4,Internal
FE,WELL,0.7259968947449149,62,3.581211766194239e-11,4,4,Internal
FE,WM,0.7455512384007592,62,5.481488680855081e-12,4,4,Internal
FE,WMT,0.46005402448302,62,0.00019127526909644614,4,4,Internal
FE,WRB,0.6650803453480545,62,5.0271213979769445e-09,4,4,Internal
FE,WTW,0.5740805537035305,62,1.3173078449280628e-06,4,4,Internal
FE,XEL,0.7792074416685846,62,1.405243557538922e-13,4,4,Internal
FE,YUM,0.5359377102137114,62,8.53853504196487e-06,4,4,Internal
FE,ZBRA,-0.4799059209844356,62,9.090525517609449e-05,4,1,External
FFIV,KEYS,0.41988114837279067,62,0.0007552911480102701,1,1,Internal
FFIV,MKC,-0.4084823933175614,62,0.0010824080018672507,1,4,External
FFIV,NTAP,0.5241239937523761,62,1.4563219570206427e-05,1,1,Internal
FFIV,PH,0.44116882876288804,62,0.0003725770734293009,1,1,Internal
FFIV,RL,0.4292010264156725,62,0.000557461068700993,1,1,Internal
FFIV,SBAC,-0.40431036233625894,62,0.0012309358607606163,1,4,External
FICO,IRM,0.44788503119340806,62,0.00029522833268154624,12,12,Internal
FIS,GIS,0.4472945048392014,62,0.0003013889849383656,5,5,Internal
FIS,GPN,-0.4434839762271414,62,0.00034404500081001597,5,16,External
FIS,KHC,0.45836745751943364,62,0.00020333238885746955,5,5,Internal
FIS,LLY,0.47083319464271206,62,0.0001284380643719381,5,5,Internal
FIS,NVDA,-0.4657258118143505,62,0.00015536878762462816,5,1,External
FIS,SNA,-0.4545685633893803,62,0.00023307842988641502,5,16,External
FIS,SYY,0.47430840452571815,62,0.00011264033629974293,5,4,External
FISV,HAS,-0.5435208476836777,62,5.996239779409805e-06,5,1,External
FISV,IBM,0.4373961801434918,62,0.0004237173006782832,5,5,Internal
FISV,LKQ,0.5911665072350968,62,5.269886132687295e-07,5,5,Internal
FISV,NOW,-0.5860786644925364,62,6.96092170852432e-07,5,1,External
FISV,RMD,-0.5173227656332625,62,1.9627589662307267e-05,5,1,External
FISV,STE,-0.45469990869767357,62,0.0002319869177950544,5,5,Internal
FISV,TYL,0.5221224603954596,62,1.5910709276974476e-05,5,5,Internal
FISV,URI,-0.4160942093660576,62,0.0008523951428189736,5,1,External
FITB,FTV,0.5758960696007763,62,1.1980497651358906e-06,1,1,Internal
FITB,GNRC,0.5212989604715068,62,1.6498004891151557e-05,1,1,Internal
FITB,GRMN,0.5003269370975432,62,4.0262234239183336e-05,1,1,Internal
FITB,GS,0.4428112522092769,62,0.00035212328330406893,1,1,Internal
FITB,HBAN,0.8439294170833248,62,1.3426511077801194e-17,1,1,Internal
FITB,HPQ,0.4144905489487577,62,0.0008968114206075341,1,1,Internal
FITB,HST,0.45317925552350824,62,0.00024491479154429717,1,1,Internal
FITB,IEX,0.6165192847326764,62,1.2227961734150197e-07,1,1,Internal
FITB,IP,0.40008228520443656,62,0.0013999220933927198,1,1,Internal
FITB,IR,0.5132635480899792,62,2.3383504635821618e-05,1,1,Internal
FITB,IVZ,0.6262304850396012,62,6.748344793499475e-08,1,1,Internal
FITB,JBHT,0.5255836214280778,62,1.3648244906745756e-05,1,1,Internal
FITB,KEY,0.8477404902452819,62,6.8519637319101435e-18,1,1,Internal
FITB,KEYS,0.510055885502094,62,2.6811288464654664e-05,1,1,Internal
FITB,KO,-0.40415352304518887,62,0.0012368608677298344,1,4,External
FITB,MAR,0.4301763327301669,62,0.0005397495967324595,1,1,Internal
FITB,MAS,0.48819983677290985,62,6.571073365426957e-05,1,1,Internal
FITB,MCK,-0.4363699752358682,62,0.0004386915938969631,1,4,External
FITB,MET,0.6355005436716165,62,3.752794354207642e-08,1,1,Internal
FITB,MPC,0.4571045010784397,62,0.00021281216209622546,1,1,Internal
FITB,MS,0.583818992561068,62,7.864828511708867e-07,1,1,Internal
FITB,MTB,0.8677198485401946,62,1.4513663255857595e-19,1,1,Internal
FITB,NCLH,0.507162783057386,62,3.029632088144476e-05,1,1,Internal
FITB,NSC,0.4480761966992635,62,0.0002932587566167264,1,1,Internal
FITB,NTRS,0.4374763631316142,62,0.0004225670895283219,1,1,Internal
FITB,ODFL,0.4428415718467589,62,0.00035175550916795116,1,1,Internal
FITB,PFG,0.546350634160078,62,5.243646342758882e-06,1,1,Internal
FITB,PH,0.533929670710332,62,9.362955927434575e-06,1,1,Internal
FITB,PM,-0.40647785894346644,62,0.001151627250464254,1,4,External
FITB,PNC,0.9006762549524775,62,5.004028311126536e-23,1,1,Internal
FITB,PNR,0.49230598276196735,62,5.578287456329714e-05,1,1,Internal
FITB,PRU,0.5841702533489477,62,7.717440777500023e-07,1,1,Internal
FITB,PSX,0.4490086402332669,62,0.0002838225426691177,1,1,Internal
FITB,RCL,0.4728194264696954,62,0.0001191765320702607,1,1,Internal
FITB,RF,0.8937514619024222,62,3.305495921409893e-22,1,1,Internal
FITB,RJF,0.5752703962239546,62,1.2379573205422125e-06,1,1,Internal
FITB,RL,0.455787749157663,62,0.0002231246964457042,1,1,Internal
FITB,ROL,-0.46263616387029355,62,0.00017407901546934813,1,4,External
FITB,RSG,-0.5015730238752766,62,3.82454709872406e-05,1,4,External
FITB,SPG,0.42380760212929613,62,0.0006652799172269895,1,1,Internal
FITB,STT,0.537385982694648,62,7.986435526957751e-06,1,1,Internal
FITB,SWK,0.5036881294299335,62,3.5034704193021735e-05,1,1,Internal
FITB,SYF,0.7161688733199106,62,8.66811870240361e-11,1,1,Internal
FITB,TEL,0.5420937415690052,62,6.412879288626014e-06,1,1,Internal
FITB,TFC,0.8592022038080722,62,8.068663194642443e-19,1,1,Internal
FITB,TGT,0.40356472155136175,62,0.0012593339822716666,1,1,Internal
FITB,TPR,0.43504266150704934,62,0.0004587729922507314,1,1,Internal
FITB,TRMB,0.48393383817530206,62,7.77298402330688e-05,1,1,Internal
FITB,TROW,0.43217404607466653,62,0.0005050559109159128,1,1,Internal
FITB,UPS,0.4123378001040869,62,0.00095971966687208,1,1,Internal
FITB,URI,0.40314899337898935,62,0.0012754217771196027,1,1,Internal
FITB,USB,0.8682213164237765,62,1.3071196679699992e-19,1,1,Internal
FITB,VLO,0.41990354640066563,62,0.000754747885062039,1,1,Internal
FITB,WFC,0.6994998850297284,62,3.577914203474194e-10,1,1,Internal
FITB,WM,-0.4943096425842797,62,5.145865954141962e-05,1,4,External
FITB,WY,0.42170946203795023,62,0.0007120910985205455,1,1,Internal
FITB,ZBRA,0.6125844714188454,62,1.5469802766086412e-07,1,1,Internal
FOX,FOXA,0.9817419334966586,62,3.149308888270531e-44,1,1,Internal
FOX,PNC,0.45909767735405954,62,0.00019802922583062195,1,1,Internal
FOX,RL,0.4541356961793464,62,0.00023670897527172457,1,1,Internal
FOX,SYF,0.4352081389775695,62,0.000456224640961387,1,1,Internal
FOX,TPR,0.44713015533279493,62,0.00030312429431356575,1,1,Internal
FOX,TRMB,0.5205408153531285,62,1.7056419585993704e-05,1,1,Internal
FOX,USB,0.4369298076885033,62,0.0004304639671409289,1,1,Internal
FOX,ZBRA,0.40576201428588954,62,0.0011772958781542575,1,1,Internal
FOXA,PNC,0.4647019188653429,62,0.00016135446189262964,1,1,Internal
FOXA,RL,0.4681200107511481,62,0.00014215833092560038,1,1,Internal
FOXA,SYF,0.4282781764310937,62,0.0005747037388703856,1,1,Internal
FOXA,TPR,0.45425822238571373,62,0.00023567611425156227,1,1,Internal
FOXA,TRMB,0.49642431740653864,62,4.723206023338031e-05,1,1,Internal
FOXA,USB,0.4059505030026952,62,0.0011704876138702352,1,1,Internal
FOXA,ZBRA,0.40295750374468975,62,0.001282893993057169,1,1,Internal
FRT,GPC,0.41180492653661394,62,0.0009758937482874756,1,5,External
FRT,HD,0.49641899397027905,62,4.724228532816217e-05,1,1,Internal
FRT,HST,0.48685343016232224,62,6.930507399216149e-05,1,1,Internal
FRT,INVH,0.5260486838702573,62,1.3368128308724622e-05,1,4,External
FRT,IR,0.4800658806101986,62,9.034509955661075e-05,1,1,Internal
FRT,ITW,0.40768464892487827,62,0.001109493054601134,1,1,Internal
FRT,JBHT,0.4007725818116983,62,0.001370983022984712,1,1,Internal
FRT,KIM,0.7295917686602854,62,2.5672361926678365e-11,1,1,Internal
FRT,LEN,0.4468065175477852,62,0.00030656814312171734,1,1,Internal
FRT,LOW,0.4438996334024483,62,0.00033913843621806433,1,1,Internal
FRT,MAS,0.5427703905681949,62,6.212080811774718e-06,1,1,Internal
FRT,NDSN,0.4605690186224392,62,0.00018772623836963562,1,1,Internal
FRT,NSC,0.5107980127901633,62,2.5979219204465733e-05,1,1,Internal
FRT,NVDA,-0.4749733458983085,62,0.00010982920770143093,1,1,Internal
FRT,NVR,0.4795795636324311,62,9.205803391895105e-05,1,1,Internal
FRT,ODFL,0.42460284834967904,62,0.0006482785155422084,1,1,Internal
FRT,PHM,0.42579382719368947,62,0.0006235521915818762,1,1,Internal
FRT,PKG,0.46779573197001456,62,0.00014388514455994093,1,1,Internal
FRT,PLD,0.6942814013916206,62,5.468355471046203e-10,1,1,Internal
FRT,PSA,0.40055116231376275,62,0.001380206420994657,1,4,External
FRT,REG,0.6889131716999222,62,8.382430011069082e-10,1,5,External
FRT,RF,0.40118410881683486,62,0.0013539875333403331,1,1,Internal
FRT,SPG,0.6326352716021489,62,4.5084314041584946e-08,1,1,Internal
FRT,SWK,0.4543542105745028,62,0.00023486984037694448,1,1,Internal
FRT,TGT,0.5235799356213424,62,1.4918601775143519e-05,1,1,Internal
FRT,UDR,0.48627905114829356,62,7.089284996958121e-05,1,4,External
FRT,UNP,0.46266681672274257,62,0.00017388366760024977,1,1,Internal
FRT,UPS,0.6090104716470028,62,1.910074929382142e-07,1,1,Internal
FRT,WY,0.5479518860424014,62,4.857795219036586e-06,1,1,Internal
FTNT,HRL,-0.4323882805374658,62,0.0005014582428139041,12,5,External
FTNT,JKHY,-0.4892214913964431,62,6.30988820788762e-05,12,4,External
FTNT,MKC,-0.420943553689286,62,0.0007299084394695128,12,4,External
FTNT,MTCH,0.40021493960640214,62,0.0013943186478333803,12,12,Internal
FTNT,SYY,-0.43256029268292107,62,0.0004985864820671865,12,4,External
FTNT,TSN,-0.46317433443078637,62,0.00017067835157802866,12,4,External
FTNT,UBER,0.44362784275230055,62,0.00034233947773819746,12,12,Internal
FTNT,VTRS,-0.4469195101557858,62,0.0003053617484382752,12,5,External
FTNT,ZBH,-0.41291820288249526,62,0.0009423784477987647,12,5,External
FTV,GNRC,0.5454204094063206,62,5.480733787329127e-06,1,1,Internal
FTV,HAS,0.42428508410222565,62,0.0006550241425847347,1,1,Internal
FTV,HBAN,0.5163932676457239,62,2.0434563112474003e-05,1,1,Internal
FTV,HPQ,0.5312841584433302,62,1.0562365211230307e-05,1,1,Internal
FTV,HSIC,0.4076790608887718,62,0.0011096849136522466,1,1,Internal
FTV,HUBB,0.4722370503037269,62,0.00012182641880234742,1,1,Internal
FTV,IEX,0.4778946793998913,62,9.822633906291558e-05,1,1,Internal
FTV,IP,0.40961586864346616,62,0.0010449484061490018,1,1,Internal
FTV,IR,0.5127074563509681,62,2.394703217271928e-05,1,1,Internal
FTV,IVZ,0.464156012717602,62,0.00016463151207187364,1,1,Internal
FTV,JBHT,0.434166719782688,62,0.0004724792664902001,1,1,Internal
FTV,KEY,0.49438306575508884,62,5.130624201663622e-05,1,1,Internal
FTV,KEYS,0.5475554863407993,62,4.950767958442039e-06,1,1,Internal
FTV,MPC,0.4281395220602569,62,0.0005773357669815354,1,1,Internal
FTV,MSFT,-0.5195646808700901,62,1.7801234720274448e-05,1,12,External
FTV,MTB,0.4874504808020039,62,6.768941278634883e-05,1,1,Internal
FTV,MTD,0.4130991197784404,62,0.0009370311273916933,1,5,External
FTV,NSC,0.4173077629250294,62,0.0008201151616284505,1,1,Internal
FTV,NTAP,0.4024972763877277,62,0.0013010139994145285,1,1,Internal
FTV,PCAR,0.4028866678795279,62,0.0012856680739782372,1,1,Internal
FTV,PH,0.5181138597122247,62,1.8964165325986232e-05,1,1,Internal
FTV,PNC,0.514721400356395,62,2.1963968191872984e-05,1,1,Internal
FTV,PNR,0.4294726136542283,62,0.000552476842948406,1,1,Internal
FTV,PRU,0.4289453253787781,62,0.0005621909958479113,1,1,Internal
FTV,QCOM,0.4994465596609246,62,4.174587226567408e-05,1,1,Internal
FTV,RF,0.4860212665880735,62,7.161629152499302e-05,1,1,Internal
FTV,RL,0.5376488664038332,62,7.88985685234815e-06,1,1,Internal
FTV,STX,0.46475995617651844,62,0.00016100960556696142,1,1,Internal
FTV,SW,0.45906910350309266,62,0.0001982343382679431,1,1,Internal
FTV,SWK,0.46506027859923016,62,0.00015923586407171417,1,1,Internal
FTV,SYF,0.5006648244456575,62,3.970587383963698e-05,1,1,Internal
FTV,TEL,0.4984423091619527,62,4.3499863593664575e-05,1,1,Internal
FTV,TER,0.4499932638706075,62,0.00027415976291882973,1,1,Internal
FTV,TFC,0.4309936001583274,62,0.0005253030663099538,1,1,Internal
FTV,TGT,0.47231940820179275,62,0.00012144842385397571,1,1,Internal
FTV,TPR,0.46585681112150035,62,0.0001546178336523805,1,1,Internal
FTV,TRMB,0.4350456140023162,62,0.0004587274107292449,1,1,Internal
FTV,USB,0.574755180973467,62,1.2717508692729881e-06,1,1,Internal
FTV,VLTO,0.402602056374134,62,0.001296868507975895,1,5,External
FTV,WAT,0.42944336173343783,62,0.0005530117305706857,1,5,External
FTV,ZBRA,0.5849437662568394,62,7.401962475343687e-07,1,1,Internal
GD,HIG,0.42357126333601836,62,0.0006704098217139615,2,4,External
GD,HII,0.6279634343789251,62,6.056106935423404e-08,2,2,Internal
GD,KDP,0.4122969339046974,62,0.0009609514440455444,2,4,External
GD,KMB,0.41729310736648706,62,0.0008204983098443444,2,4,External
GD,L,0.48038759000806974,62,8.922812318975146e-05,2,4,External
GD,LDOS,0.4271766289130957,62,0.0005959176867858258,2,2,Internal
GD,LHX,0.49805693382219923,62,4.41908381842875e-05,2,2,Internal
GD,LMT,0.6790260484664927,62,1.7983416872153081e-09,2,2,Internal
GD,META,-0.4276563755040558,62,0.0005865928120436081,2,1,External
GD,MPWR,-0.48815917478858967,62,6.581671874609151e-05,2,1,External
GD,NEM,0.4879448088331472,62,6.637807129160426e-05,2,4,External
GD,NOC,0.47113048690553305,62,0.00012701104077042077,2,2,Internal
GD,OTIS,0.5671406538107794,62,1.8835139295667125e-06,2,4,External
GD,PGR,0.4371902569877079,62,0.0004266842917358615,2,4,External
GD,PNW,0.400995839788571,62,0.0013617391460674345,2,4,External
GD,ROL,0.42942192225714704,62,0.0005534040616387568,2,4,External
GD,SO,0.4484597530264629,62,0.0002893430923463794,2,4,External
GD,TDY,0.5680017339936401,62,1.8025779240791233e-06,2,2,Internal
GD,TRV,0.48105060666311245,62,8.69660959868285e-05,2,4,External
GD,TXT,0.46582021052550343,62,0.00015482731101441793,2,1,External
GE,HIG,0.4440265002277235,62,0.0003376536073498125,4,4,Internal
GE,HWM,0.5335979521544703,62,9.506071304878912e-06,4,12,External
GE,ICE,0.46458582763095785,62,0.00016204630540582232,4,4,Internal
GE,L,0.47635881973793615,62,0.0001041778839665894,4,4,Internal
GE,MCD,0.46047322980378774,62,0.00018838175856335018,4,4,Internal
GE,MCO,0.46745865049831065,62,0.00014570050970597352,4,4,Internal
GE,MO,0.459593265952674,62,0.00019450248550572434,4,4,Internal
GE,MPWR,-0.5529885575321515,62,3.8098146850724367e-06,4,1,External
GE,NFLX,0.4528217038405864,62,0.0002480485749837392,4,4,Internal
GE,NVR,-0.4650015317494404,62,0.00015958141474906693,4,1,External
GE,PGR,0.4786691447151849,62,9.534532648964336e-05,4,4,Internal
GE,PM,0.4032509139766614,62,0.0012714606599312287,4,4,Internal
GE,SPGI,0.4546829308210852,62,0.00023212774473503617,4,4,Internal
GE,TGT,-0.4226299270999071,62,0.0006911996133884168,4,1,External
GE,TRV,0.5021546746088648,62,3.7336422256434716e-05,4,4,Internal
GE,WRB,0.49344364572366795,62,5.3288175438198544e-05,4,4,Internal
GE,WTW,0.4484902775816553,62,0.0002890335308223879,4,4,Internal
GEN,GOOG,-0.5852302010423723,62,7.288240401155507e-07,1,0,External
GEN,GOOGL,-0.5798506461382962,62,9.723952381350855e-07,1,0,External
GEN,IFF,-0.42454559676880965,62,0.0006494892076283806,1,5,External
GEN,ROK,0.6383828729536034,62,3.1144292474450085e-08,1,1,Internal
GEN,TRMB,0.41186802345762336,62,0.0009739658461160808,1,1,Internal
GEN,VRSK,0.5688427060450072,62,1.7266828657388608e-06,1,4,External
GEN,ZTS,0.40749103938838976,62,0.0011161578680384057,1,5,External
GILD,GIS,0.41116487913980027,62,0.0009956456016718585,5,5,Internal
GILD,HRL,0.4079582457035283,62,0.0011001358744448895,5,5,Internal
GILD,INCY,0.5180268120752232,62,1.9036132819769115e-05,5,5,Internal
GILD,IQV,0.49451929545632467,62,5.102454912085901e-05,5,5,Internal
GILD,MDT,0.47526636615114687,62,0.0001086110102465807,5,5,Internal
GILD,MRK,0.5263511281051673,62,1.3188836290607233e-05,5,5,Internal
GILD,MRNA,0.5165496316105973,62,2.0296693188707908e-05,5,5,Internal
GILD,MTD,0.5426086052436484,62,6.2595511453326005e-06,5,5,Internal
GILD,PEP,0.4480756129434023,62,0.0002932647527544832,5,5,Internal
GILD,PFE,0.5580324904218188,62,2.974942767621635e-06,5,5,Internal
GILD,REGN,0.48618407450075146,62,7.115860354600422e-05,5,5,Internal
GILD,RVTY,0.45156798454988245,62,0.0002593285119964631,5,5,Internal
GILD,SYY,0.4813524789717739,62,8.595377834107296e-05,5,4,External
GILD,TECH,0.44033297588426906,62,0.0003833964244873678,5,5,Internal
GILD,TMO,0.54339032857077,62,6.0332694543436665e-06,5,5,Internal
GILD,VRTX,0.5140305004126239,62,2.262644324992511e-05,5,5,Internal
GILD,WAT,0.5903547585187678,62,5.510916126760172e-07,5,5,Internal
GIS,GPC,0.4539621949764468,62,0.0002381786183687067,5,5,Internal
GIS,HIG,0.4081459539839529,62,0.0010937573129809002,5,4,External
GIS,HON,0.4273341187518225,62,0.0005928418304352471,5,4,External
GIS,HRL,0.7329032214563955,62,1.8804236193324745e-11,5,5,Internal
GIS,HSY,0.5676164079011818,62,1.8383852106897923e-06,5,5,Internal
GIS,INVH,0.4512937002089328,62,0.00026185791849473627,5,4,External
GIS,JBL,-0.41200807991031724,62,0.0009696987458617648,5,1,External
GIS,JKHY,0.526712633013852,62,1.2977464247289608e-05,5,4,External
GIS,JNJ,0.40210695656267914,62,0.0013165615723255166,5,5,Internal
GIS,KDP,0.5703399859785019,62,1.5989089407046373e-06,5,4,External
GIS,KHC,0.7562940779691016,62,1.8154003878275522e-12,5,5,Internal
GIS,KMB,0.5489770980860937,62,4.62483605619328e-06,5,4,External
GIS,KO,0.5580739415568935,62,2.96885158013297e-06,5,4,External
GIS,KR,0.42219679542456545,62,0.0007009601309063879,5,4,External
GIS,LH,0.4300028772482321,62,0.0005428617035787942,5,5,Internal
GIS,LIN,0.5865074682736752,62,6.800794550452688e-07,5,4,External
GIS,LNT,0.40593678477097056,62,0.0011709819217254184,5,4,External
GIS,LRCX,-0.40320479947146576,62,0.0012732515156500355,5,1,External
GIS,LW,0.6119321336412633,62,1.607985791025636e-07,5,5,Internal
GIS,MCD,0.5101247722287264,62,2.6733026390127533e-05,5,4,External
GIS,MDLZ,0.6996923898082547,62,3.5217535855945605e-10,5,5,Internal
GIS,MKC,0.5559188329793183,62,3.3014834121472648e-06,5,4,External
GIS,MLM,0.5319495251925999,62,1.0247941576753636e-05,5,5,Internal
GIS,MNST,0.616944904768069,62,1.1918531685769868e-07,5,4,External
GIS,MRK,0.4272963042386931,62,0.0005935790509350077,5,5,Internal
GIS,MS,-0.4168030820867511,62,0.0008334028075097779,5,1,External
GIS,NVDA,-0.42762281727053975,62,0.00058724075648215,5,1,External
GIS,O,0.5533986543264342,62,3.734522507725875e-06,5,4,External
GIS,ORLY,0.5492031484139903,62,4.5748928835799005e-06,5,4,External
GIS,OTIS,0.4698181890317035,62,0.0001334217915156932,5,4,External
GIS,PAYX,0.5931905336102269,62,4.71129791317074e-07,5,4,External
GIS,PEP,0.7254763560267756,62,3.756426637277887e-11,5,5,Internal
GIS,PG,0.558746297657813,62,2.8716627541065163e-06,5,4,External
GIS,PH,-0.4106634395380999,62,0.0010113710937637009,5,1,External
GIS,PM,0.409703668386387,62,0.001042096108594426,5,4,External
GIS,PNW,0.5425115725277458,62,6.288183991671571e-06,5,4,External
GIS,PPL,0.5124354348353226,62,2.422725064004342e-05,5,4,External
GIS,PSA,0.6020532489266963,62,2.8582070152959454e-07,5,4,External
GIS,REG,0.5314416893442317,62,1.0487122672100752e-05,5,5,Internal
GIS,ROL,0.5243867598904324,62,1.4394409416847799e-05,5,4,External
GIS,ROP,0.42450819565733183,62,0.0006502812299987697,5,4,External
GIS,RSG,0.5054232267018326,62,3.258895039841331e-05,5,4,External
GIS,SBAC,0.5939211070451803,62,4.523708733193937e-07,5,4,External
GIS,SJM,0.40518737593950666,62,0.001198272508289529,5,5,Internal
GIS,SO,0.48055916333896,62,8.863762849209841e-05,5,4,External
GIS,STZ,0.5053862387710624,62,3.263939656219083e-05,5,5,Internal
GIS,SYY,0.6861659836219303,62,1.0393944512383823e-09,5,4,External
GIS,TAP,0.5102989521887138,62,2.6536083696055096e-05,5,4,External
GIS,TJX,0.40844433120686335,62,0.0010836866295177627,5,5,Internal
GIS,TRGP,-0.4057925910110249,62,0.0011761890220545542,5,2,External
GIS,TSCO,0.5493316633241373,62,4.546723818322026e-06,5,5,Internal
GIS,TSN,0.4869825006830778,62,6.895281901866371e-05,5,4,External
GIS,TYL,0.4253012507895774,62,0.0006336731866221082,5,5,Internal
GIS,VICI,0.49345108950466116,62,5.327219705934517e-05,5,4,External
GIS,VMC,0.4175745896797847,62,0.0008131675764443736,5,5,Internal
GIS,VRSK,0.43440129534401206,62,0.0004687727370032495,5,4,External
GIS,VZ,0.52187938716326,62,1.608201068871839e-05,5,4,External
GIS,WEC,0.4974797693917351,62,4.524467167075807e-05,5,4,External
GIS,WM,0.5030938493061884,62,3.5910679954432724e-05,5,4,External
GIS,XEL,0.47715208303574885,62,0.00010106376682519044,5,4,External
GL,HIG,0.6838848630030852,62,1.2404386324087003e-09,4,4,Internal
GL,ICE,0.475863968908819,62,0.00010616494223404604,4,4,Internal
GL,KDP,0.40594097108146543,62,0.0011708310568445208,4,4,Internal
GL,KMI,0.5191713689191694,62,1.8109782973698032e-05,4,4,Internal
GL,KO,0.47725720039133734,62,0.00010065759144607629,4,4,Internal
GL,KR,0.41774123378427336,62,0.0008088555583713259,4,4,Internal
GL,L,0.6719818900460756,62,3.043453363892165e-09,4,4,Internal
GL,LIN,0.5218146226470756,62,1.6127940280671802e-05,4,4,Internal
GL,LNT,0.657086539994271,62,8.846099578066382e-09,4,4,Internal
GL,MCD,0.44117271179970846,62,0.00037252746649723195,4,4,Internal
GL,MCK,0.42923027865774427,62,0.000556922271992522,4,4,Internal
GL,META,-0.5122625388241127,62,2.4406932596085358e-05,4,1,External
GL,MMC,0.46811325282004834,62,0.0001421941227058991,4,4,Internal
GL,MO,0.49051470833155264,62,5.993005819317743e-05,4,4,Internal
GL,MPWR,-0.448668682085484,62,0.0002872302973494256,4,1,External
GL,MSFT,-0.4518915809755973,62,0.0002563730593400314,4,12,External
GL,NDAQ,0.46190190134315257,62,0.00017881890885978105,4,4,Internal
GL,NEE,0.4350458616992425,62,0.0004587235868957801,4,4,Internal
GL,NI,0.592655755671287,62,4.85321760848328e-07,4,4,Internal
GL,NVDA,-0.40620595851328817,62,0.001161317056050508,4,1,External
GL,O,0.5008519440618577,62,3.9400831238788266e-05,4,4,Internal
GL,PAYX,0.40176290400232556,62,0.0013304044542066307,4,4,Internal
GL,PEG,0.6037698179241158,62,2.5899556422275313e-07,4,4,Internal
GL,PFG,0.45076899615835525,62,0.00026675952781061665,4,1,External
GL,PGR,0.5392092699805999,62,7.338614371029282e-06,4,4,Internal
GL,PM,0.4733618885207914,62,0.00011675598093737456,4,4,Internal
GL,PNW,0.6605625995997865,62,6.933172519643041e-09,4,4,Internal
GL,PPL,0.6711602199465923,62,3.233088180197768e-09,4,4,Internal
GL,ROL,0.5734756793149095,62,1.3594497589645312e-06,4,4,Internal
GL,ROP,0.4336998152225193,62,0.0004799361889184524,4,4,Internal
GL,RSG,0.5406498175997358,62,6.861758649215838e-06,4,4,Internal
GL,SBAC,0.4236669858416758,62,0.0006683277948814711,4,4,Internal
GL,SO,0.5665045353462769,62,1.945475088542735e-06,4,4,Internal
GL,SPGI,0.4219920649192364,62,0.0007056169627235885,4,4,Internal
GL,SRE,0.4978300160600116,62,4.460242817523114e-05,4,4,Internal
GL,SYY,0.45494582907458636,62,0.00022995581295159214,4,4,Internal
GL,T,0.4563482742204559,62,0.0002186801760452009,4,4,Internal
GL,TRV,0.7087496912488194,62,1.6491384092057183e-10,4,4,Internal
GL,VICI,0.5612075811851388,62,2.5406648861053345e-06,4,4,Internal
GL,VRSK,0.4700396527113605,62,0.00013231949852208545,4,4,Internal
GL,VTR,0.7426641776824018,62,7.30851754305346e-12,4,4,Internal
GL,VZ,0.5012440016436164,62,3.8768710062947105e-05,4,4,Internal
GL,WEC,0.5993889868283249,62,3.32682560684784e-07,4,4,Internal
GL,WELL,0.6082158442848914,62,2.001039077776898e-07,4,4,Internal
GL,WM,0.47577357714411994,62,0.0001065316482369411,4,4,Internal
GL,WMB,0.48062870235048416,62,8.839932545703572e-05,4,4,Internal
GL,WRB,0.5999740450451039,62,3.2181185266841386e-07,4,4,Internal
GL,WTW,0.5446432366968477,62,5.686436015706834e-06,4,4,Internal
GL,XEL,0.5446433780910437,62,5.686397945473194e-06,4,4,Internal
GLW,HBAN,0.45522476544983165,62,0.00022767170661532643,1,1,Internal
GLW,KEY,0.4046989088173408,62,0.0012163673472912679,1,1,Internal
GLW,KEYS,0.49956686303233544,62,4.154019598003829e-05,1,1,Internal
GLW,LW,-0.4635956606261133,62,0.0001680586138897366,1,5,External
GLW,MET,0.4541714127614933,62,0.00023640746828549645,1,1,Internal
GLW,MOH,-0.4110557264067439,62,0.0009990498080569578,1,4,External
GLW,MS,0.4305027249130267,62,0.0005339373886141278,1,1,Internal
GLW,MTB,0.4456334196208116,62,0.00031935237224374246,1,1,Internal
GLW,NTAP,0.42685880431769496,62,0.0006021690651804739,1,1,Internal
GLW,NTRS,0.44989787634213485,62,0.0002750825523392633,1,1,Internal
GLW,PH,0.4435901320720891,62,0.0003427857874005579,1,1,Internal
GLW,PNC,0.43602353444036046,62,0.00044385444828801086,1,1,Internal
GLW,STX,0.41178519621903087,62,0.0009764973066411953,1,1,Internal
GLW,SYF,0.46883363766568337,62,0.00013842495261964858,1,1,Internal
GLW,TEL,0.533331020372171,62,9.622710267753536e-06,1,1,Internal
GLW,TFC,0.43451917011084534,62,0.0004669201895677434,1,1,Internal
GLW,WDC,0.534262890381016,62,9.221213274477186e-06,1,1,Internal
GLW,WFC,0.5012237635758,62,3.8801109394685466e-05,1,1,Internal
GLW,ZBRA,0.4117239417112938,62,0.0009783732525742968,1,1,Internal
GM,IP,0.4027551111117402,62,0.0012908344264843338,1,1,Internal
GM,JBHT,0.4006915820761543,62,0.001374350685521263,1,1,Internal
GM,LYB,0.4985028052242385,62,4.339230558703607e-05,1,2,External
GM,MHK,0.43593441442150205,62,0.0004451914670459014,1,1,Internal
GM,MPC,0.4572191099493472,62,0.00021193551979916802,1,1,Internal
GM,PCAR,0.47662318048000774,62,0.0001031304164700636,1,1,Internal
GM,RF,0.4135873826758047,62,0.0009227360421881558,1,1,Internal
GM,SW,0.49865078961500064,62,4.31302338910425e-05,1,1,Internal
GM,SWK,0.4586881630328539,62,0.00020098749068569435,1,1,Internal
GM,UPS,0.43512701909308027,62,0.00045747227425599205,1,1,Internal
GM,WYNN,0.48891653741685276,62,6.386829366699974e-05,1,1,Internal
GNRC,HAS,0.415262427596244,62,0.0008751784601595419,1,1,Internal
GNRC,HBAN,0.45533508162764996,62,0.0002267741061535844,1,1,Internal
GNRC,HD,0.44326850014737335,62,0.0003466139327357934,1,1,Internal
GNRC,HPQ,0.4307917419330104,62,0.0005288382195673047,1,1,Internal
GNRC,HSIC,0.49432937048010095,62,5.141766583342964e-05,1,1,Internal
GNRC,IEX,0.40809123896319127,62,0.001095613148609687,1,1,Internal
GNRC,IR,0.5101483813433246,62,2.670625283939618e-05,1,1,Internal
GNRC,IVZ,0.5238418782111202,62,1.4746505871854935e-05,1,1,Internal
GNRC,JBHT,0.5037272401510611,62,3.497775344648522e-05,1,1,Internal
GNRC,KEY,0.543585503507184,62,5.977974782860392e-06,1,1,Internal
GNRC,LEN,0.5869698999441044,62,6.631986736626409e-07,1,1,Internal
GNRC,LOW,0.5067509659564478,62,3.0825165272226145e-05,1,1,Internal
GNRC,MAS,0.5603995511430617,62,2.645179801144965e-06,1,1,Internal
GNRC,MHK,0.5210634244501198,62,1.6669645880776924e-05,1,1,Internal
GNRC,MTB,0.49671574031681476,62,4.6675412110341135e-05,1,1,Internal
GNRC,NTRS,0.4520903664955921,62,0.00025457280961863185,1,1,Internal
GNRC,NVR,0.5329141780980597,62,9.807520251103327e-06,1,1,Internal
GNRC,ODFL,0.4384885318306532,62,0.0004082898803993133,1,1,Internal
GNRC,PCAR,0.5030005483191629,62,3.605003207351938e-05,1,1,Internal
GNRC,PGR,-0.4348978227792391,62,0.00046101411732824335,1,4,External
GNRC,PHM,0.5560601449171053,62,3.2786483119996626e-06,1,1,Internal
GNRC,PKG,0.4164825641595666,62,0.0008419423492744103,1,1,Internal
GNRC,PLD,0.41530130644507035,62,0.0008741013993548362,1,1,Internal
GNRC,PNC,0.5085848115076758,62,2.85340713047373e-05,1,1,Internal
GNRC,PNR,0.4343539327235907,62,0.0004695189781513642,1,1,Internal
GNRC,PPG,0.5012173980706551,62,3.881130517084328e-05,1,1,Internal
GNRC,RF,0.5739916148328699,62,1.323426577275302e-06,1,1,Internal
GNRC,RL,0.5856477369106204,62,7.125400656804577e-07,1,1,Internal
GNRC,RTX,-0.45568790203224574,62,0.00022392501753489726,1,2,External
GNRC,SWK,0.5422710907924505,62,6.359673316937386e-06,1,1,Internal
GNRC,SWKS,0.40247335019878344,62,0.0013019622787746174,1,1,Internal
GNRC,SYF,0.42620768853406993,62,0.0006151620585464522,1,1,Internal
GNRC,TGT,0.5390879434682427,62,7.380154100326883e-06,1,1,Internal
GNRC,TRMB,0.4257844555810931,62,0.0006237433754799421,1,1,Internal
GNRC,TROW,0.5455864499881753,62,5.437695230193896e-06,1,1,Internal
GNRC,UPS,0.4973539189393438,62,4.5477520686466354e-05,1,1,Internal
GNRC,USB,0.45660123600422875,62,0.0002167010274805618,1,1,Internal
GNRC,WAT,0.41790534007288144,62,0.0008046294157402792,1,5,External
GNRC,WY,0.41240033634678275,62,0.0009578374751245956,1,1,Internal
GNRC,ZBRA,0.4231804144674969,62,0.0006789721331744903,1,1,Internal
GOOG,GOOGL,0.9928743896330716,62,3.2403059905016516e-56,0,0,Internal
GOOG,L,-0.4095514000072486,62,0.0010470472381830262,0,4,External
GOOG,NI,-0.4138119289008491,62,0.0009162282238270704,0,4,External
GOOG,ROK,-0.4974153616663287,62,4.53637011774424e-05,0,1,External
GOOG,VRSK,-0.43751673774649874,62,0.000421988998300524,0,4,External
GOOGL,L,-0.4120856667903971,62,0.0009673421717918139,0,4,External
GOOGL,NI,-0.4133739478378854,62,0.0009289604734760271,0,4,External
GOOGL,ROK,-0.48843881445976783,62,6.50910131091268e-05,0,1,External
GOOGL,VRSK,-0.4329325267082764,62,0.0004924230638463828,0,4,External
GPC,HD,0.6125940699484942,62,1.546099126637649e-07,5,1,External
GPC,HRL,0.5070636934306084,62,3.042279625114799e-05,5,5,Internal
GPC,IFF,0.41213704511060123,62,0.0009657844842823283,5,5,Internal
GPC,IP,0.4001140300048683,62,0.0013985793256088756,5,1,External
GPC,KHC,0.4507760238064048,62,0.00026669332810178725,5,5,Internal
GPC,LKQ,0.42215193371706977,62,0.0007019781755439495,5,5,Internal
GPC,LOW,0.5018232105894226,62,3.7851980840267236e-05,5,1,External
GPC,LW,0.45622307969164655,62,0.00021966578826054602,5,5,Internal
GPC,MLM,0.44901109350504353,62,0.00028379808563571595,5,5,Internal
GPC,MU,-0.4727083241605561,62,0.00011967793895948154,5,1,External
GPC,NVR,0.5430361961776666,62,6.134817007296822e-06,5,1,External
GPC,ORLY,0.5078871637499374,62,2.938641869088186e-05,5,4,External
GPC,PEP,0.42321029676718036,62,0.000678314023844774,5,5,Internal
GPC,PH,-0.41458967007825354,62,0.0008940066581703527,5,1,External
GPC,PHM,0.4356909986058763,62,0.00044886198008724,5,1,External
GPC,PKG,0.4910183934264939,62,5.87360763540953e-05,5,1,External
GPC,POOL,0.5654823597578643,62,2.0490485322013233e-06,5,1,External
GPC,PPG,0.4355329899139188,62,0.00045125932550011874,5,1,External
GPC,PSA,0.47748941411958995,62,9.976562766908869e-05,5,4,External
GPC,REG,0.4334962151116955,62,0.00048322123180975904,5,5,Internal
GPC,SHW,0.45782534445522255,62,0.0002073531364319164,5,5,Internal
GPC,SYY,0.4548241975826217,62,0.00023095835084767304,5,4,External
GPC,TJX,0.5013140836141591,62,3.865670826197429e-05,5,5,Internal
GPC,TSCO,0.4182887646917615,62,0.000794832971931335,5,5,Internal
GPN,LLY,-0.5635475487659853,62,2.2593605455990745e-06,16,5,External
GPN,SNA,0.677193445534687,62,2.064991569556139e-09,16,16,Internal
GPN,UNH,0.5166165712918984,62,2.0237934941386916e-05,16,16,Internal
GRMN,HBAN,0.5546810313061405,62,3.5079497102386444e-06,1,1,Internal
GRMN,HPE,0.4556694516526382,62,0.00022407319288949044,1,1,Internal
GRMN,HPQ,0.5010520805832273,62,3.907696696512735e-05,1,1,Internal
GRMN,IP,0.5099903903183345,62,2.6885894138888182e-05,1,1,Internal
GRMN,IVZ,0.41715475108659456,62,0.0008241234132621625,1,1,Internal
GRMN,KEY,0.5589722591247926,62,2.8396732211311764e-06,1,1,Internal
GRMN,KEYS,0.4283327040755889,62,0.0005736716443426269,1,1,Internal
GRMN,MCD,-0.4184818182766742,62,0.0007899414062367448,1,4,External
GRMN,MOH,-0.4136348143111627,62,0.000921357909089239,1,4,External
GRMN,MPC,0.4163478151240289,62,0.0008455560039221867,1,1,Internal
GRMN,MS,0.4348337772371598,62,0.0004620082785368536,1,1,Internal
GRMN,MTB,0.453014288913461,62,0.00024635612890120865,1,1,Internal
GRMN,NCLH,0.6426067668559884,62,2.3614533723868355e-08,1,1,Internal
GRMN,NKE,0.4952238106426433,62,4.959041331694408e-05,1,1,Internal
GRMN,PGR,-0.4364849595732152,62,0.0004369901402732126,1,4,External
GRMN,PH,0.47227694653981794,62,0.00012164317384886524,1,1,Internal
GRMN,PLD,0.46375806124138375,62,0.00016705870893422552,1,1,Internal
GRMN,PNC,0.45222102013058596,62,0.0002533958752413225,1,1,Internal
GRMN,RF,0.5306375294087334,62,1.0876509530078773e-05,1,1,Internal
GRMN,RJF,0.4237936026345992,62,0.0006655827929730885,1,1,Internal
GRMN,RL,0.5412366782553455,62,6.675899895263608e-06,1,1,Internal
GRMN,SBUX,0.461339155673067,62,0.00018253129327881033,1,1,Internal
GRMN,SWK,0.4422446876417824,62,0.00035906040327377995,1,1,Internal
GRMN,SYF,0.5755799779306613,62,1.218058038158963e-06,1,1,Internal
GRMN,TFC,0.5036850754826809,62,3.503915478041628e-05,1,1,Internal
GRMN,TGT,0.4562096125982522,62,0.000219772051544383,1,1,Internal
GRMN,TPR,0.4640304972708669,62,0.00016539354780973768,1,1,Internal
GRMN,TROW,0.4303900968276062,62,0.0005359365557022345,1,1,Internal
GRMN,TT,-0.44159011923204333,62,0.00036722990085146895,1,5,External
GRMN,UPS,0.5018735841180154,62,3.777320813917331e-05,1,1,Internal
GRMN,USB,0.4770306910562735,62,0.00010153470219147813,1,1,Internal
GRMN,VMC,-0.41854494139261056,62,0.0007883479154952902,1,5,External
GRMN,VRSK,-0.40624612887588907,62,0.0011598808864494274,1,4,External
GRMN,WYNN,0.4080904215177608,62,0.0010956408963893646,1,1,Internal
GRMN,YUM,-0.5036527209996975,62,3.508633783707872e-05,1,4,External
GRMN,ZBRA,0.589622068366154,62,5.737322118108965e-07,1,1,Internal
GS,HBAN,0.6576357209043346,62,8.513825544834868e-09,1,1,Internal
GS,HPE,0.403715938048346,62,0.0012535276440220479,1,1,Internal
GS,IVZ,0.5359682104670921,62,8.526550617801485e-06,1,1,Internal
GS,JPM,0.4149531964323169,62,0.0008837878600344352,1,1,Internal
GS,KEY,0.5846796802637834,62,7.508284415630798e-07,1,1,Internal
GS,MET,0.4877897708238639,62,6.678681013294236e-05,1,1,Internal
GS,MOH,-0.4033047201956169,62,0.0012693739602264872,1,4,External
GS,MPC,0.48364631036620886,62,7.860860714433524e-05,1,1,Internal
GS,MS,0.7399880343533027,62,9.50967425685319e-12,1,1,Internal
GS,MTB,0.5727478809578933,62,1.41182910212662e-06,1,1,Internal
GS,NCLH,0.4951276438476676,62,4.9783955917279815e-05,1,1,Internal
GS,PFG,0.4455784851730655,62,0.0003199627835962069,1,1,Internal
GS,PH,0.4653337607925965,62,0.00015763624353963568,1,1,Internal
GS,PNC,0.574331847844449,62,1.3001624326776744e-06,1,1,Internal
GS,PRU,0.45038015842305035,62,0.00027044580542292005,1,1,Internal
GS,PSX,0.47302021261078286,62,0.00011827527118081142,1,1,Internal
GS,RCL,0.512931779728628,62,2.3718211877086553e-05,1,1,Internal
GS,RF,0.6361502566275627,62,3.598942734169372e-08,1,1,Internal
GS,STT,0.5842585976578268,62,7.680781727934039e-07,1,1,Internal
GS,SW,0.4351259009082901,62,0.0004574894937152095,1,1,Internal
GS,SYF,0.6184747474183656,62,1.0866149805508248e-07,1,1,Internal
GS,TEL,0.4522522366375281,62,0.00025311541202077854,1,1,Internal
GS,TFC,0.5964694719015061,62,3.9228346815645365e-07,1,1,Internal
GS,TPR,0.4647746964462971,62,0.00016092212686973754,1,1,Internal
GS,TRMB,0.4132446172293016,62,0.0009327505734666754,1,1,Internal
GS,USB,0.4667991290189458,62,0.00014931328352466396,1,1,Internal
GS,VLO,0.4410796232755105,62,0.0003737183572573642,1,1,Internal
GS,WDC,0.43275450186630476,62,0.0004953620968067,1,1,Internal
GS,WFC,0.5151773826892171,62,2.1536644437378022e-05,1,1,Internal
GWW,IDXX,0.4390226473826733,62,0.00040093410326925646,5,12,External
GWW,J,0.4113375946568084,62,0.000990280395157672,5,1,External
GWW,MLM,0.44893667970722656,62,0.0002845407841602712,5,5,Internal
GWW,OTIS,0.402664555199144,62,0.0012944014766620676,5,4,External
GWW,VMC,0.41442620356107635,62,0.0008986364077963867,5,5,Internal
HAL,LYB,0.5305048100609914,62,1.094205223580795e-05,2,2,Internal
HAL,MMC,-0.4027512600961274,62,0.0012909859401182243,2,4,External
HAL,MPC,0.5511861285770705,62,4.157844145056883e-06,2,1,External
HAL,NOC,0.4062688166051104,62,0.0011590704621384203,2,2,Internal
HAL,OKE,0.5599190078133842,62,2.709227196818078e-06,2,2,Internal
HAL,OXY,0.7322067815696013,62,2.0084325640125112e-11,2,2,Internal
HAL,PSX,0.5420159736198161,62,6.436340760544855e-06,2,1,External
HAL,RTX,0.4064318798628029,62,0.0011532606910232034,2,2,Internal
HAL,SLB,0.8107890074405982,62,2.3941319386159066e-15,2,2,Internal
HAL,TPL,0.40985272257518107,62,0.0010372699399559316,2,2,Internal
HAL,TRGP,0.520125766282707,62,1.736950585384701e-05,2,2,Internal
HAL,TXT,0.4138444544818277,62,0.0009152890075886282,2,1,External
HAL,VLO,0.5390386129015297,62,7.3971064138119736e-06,2,1,External
HAL,XOM,0.6422441256267507,62,2.4186409238663177e-08,2,2,Internal
HAS,HPQ,0.4014650131371903,62,0.0013424955426242198,1,1,Internal
HAS,IBM,-0.46742931250808273,62,0.00014585950010957945,1,5,External
HAS,IEX,0.5264927617934467,62,1.3105644795481601e-05,1,1,Internal
HAS,IP,0.4076744093842419,62,0.0011098446407147634,1,1,Internal
HAS,IR,0.439034364046035,62,0.0004007741031531193,1,1,Internal
HAS,IVZ,0.41840840541070207,62,0.0007917983154496005,1,1,Internal
HAS,JBHT,0.41835024990179875,62,0.0007932721044182438,1,1,Internal
HAS,KEY,0.41017319649971534,62,0.0010269615974619407,1,1,Internal
HAS,KEYS,0.501001814023395,62,3.915807692876362e-05,1,1,Internal
HAS,LEN,0.4648670660315161,62,0.00016037493451060675,1,1,Internal
HAS,LKQ,-0.44669919035264216,62,0.0003077180733723146,1,5,External
HAS,LOW,0.4163740108589902,62,0.000844852400175206,1,1,Internal
HAS,LVS,0.4014888715749686,62,0.001341523527646259,1,1,Internal
HAS,MAS,0.4443981124972894,62,0.00033333834434578374,1,1,Internal
HAS,MHK,0.47970851515763135,62,9.160094619486662e-05,1,1,Internal
HAS,MPWR,0.4806611419277565,62,8.82883601321252e-05,1,1,Internal
HAS,MTB,0.42668619213483955,62,0.0006055890769998535,1,1,Internal
HAS,NKE,0.41030648832664973,62,0.0010227014037209345,1,1,Internal
HAS,NOW,0.49687697617978743,62,4.637004431259775e-05,1,1,Internal
HAS,NSC,0.4285811967581043,62,0.0005689894505191487,1,1,Internal
HAS,PCAR,0.6245070621535075,62,7.51030660587947e-08,1,1,Internal
HAS,PGR,-0.41658081110188755,62,0.0008393163971133593,1,4,External
HAS,PLD,0.4065284266248968,62,0.001149833201816018,1,1,Internal
HAS,RF,0.42794275892512246,62,0.0005810896200385892,1,1,Internal
HAS,RL,0.5010847533958902,62,3.902432952577992e-05,1,1,Internal
HAS,RMD,0.6075077686947344,62,2.085515449710684e-07,1,1,Internal
HAS,STX,0.41046099767937044,62,0.0010177830113954876,1,1,Internal
HAS,SWK,0.5510443036829868,62,4.18645158093913e-06,1,1,Internal
HAS,SYF,0.447229063453149,62,0.0003020788691536911,1,1,Internal
HAS,TEL,0.5900444847821761,62,5.605749083447556e-07,1,1,Internal
HAS,TGT,0.5881065324609848,62,6.233624423707094e-07,1,1,Internal
HAS,TPR,0.440342879981787,62,0.00038326656801076006,1,1,Internal
HAS,TROW,0.4714670074494047,62,0.00012541328995304524,1,1,Internal
HAS,TYL,-0.5251554633831959,62,1.3910944541147867e-05,1,5,External
HAS,UPS,0.44938371022792867,62,0.00028010566560373104,1,1,Internal
HAS,URI,0.6769602849532397,62,2.1014897666275193e-09,1,1,Internal
HAS,WTW,-0.5892853882093565,62,5.844260489995831e-07,1,4,External
HAS,ZBRA,0.5120412132818691,62,2.4638746888879354e-05,1,1,Internal
HBAN,HPE,0.4627589246639263,62,0.00017329787959298668,1,1,Internal
HBAN,HPQ,0.4691580790846504,62,0.00013675754834729115,1,1,Internal
HBAN,HST,0.463323531066629,62,0.00016974642296492534,1,1,Internal
HBAN,IEX,0.5918673677258709,62,5.069779553744246e-07,1,1,Internal
HBAN,IR,0.47123729495180233,62,0.0001265019188702106,1,1,Internal
HBAN,IVZ,0.6229268691309964,62,8.279598207426213e-08,1,1,Internal
HBAN,JBHT,0.4832842354797234,62,7.972822294501317e-05,1,1,Internal
HBAN,KEY,0.8715991056274233,62,6.385108721081745e-20,1,1,Internal
HBAN,KEYS,0.5666840420606575,62,1.927799814285431e-06,1,1,Internal
HBAN,MAR,0.48116614049676554,62,8.657736861065011e-05,1,1,Internal
HBAN,MAS,0.417858194397661,62,0.0008058414854190561,1,1,Internal
HBAN,MCK,-0.4473307020888991,62,0.00030100801051967336,1,4,External
HBAN,MET,0.6925608655130806,62,6.276963801931898e-10,1,1,Internal
HBAN,MMC,-0.43455484139959777,62,0.00046636088397683544,1,4,External
HBAN,MOH,-0.41932841048409436,62,0.0007688103407849706,1,4,External
HBAN,MPC,0.5783224934668537,62,1.0544026689536991e-06,1,1,Internal
HBAN,MS,0.6738342216787374,62,2.653890773290328e-09,1,1,Internal
HBAN,MTB,0.8519699171281493,62,3.1777882003699687e-18,1,1,Internal
HBAN,NCLH,0.6104789164919917,62,1.7521280350128188e-07,1,1,Internal
HBAN,NSC,0.5219760879850235,62,1.601365851151085e-05,1,1,Internal
HBAN,NTRS,0.4223995871631802,62,0.0006963748418290958,1,1,Internal
HBAN,ODFL,0.43609479779189037,62,0.0004427879511427856,1,1,Internal
HBAN,PFG,0.585346196397737,62,7.242655208088066e-07,1,1,Internal
HBAN,PGR,-0.4049195666727044,62,0.0012081630442403917,1,4,External
HBAN,PH,0.5951225249093285,62,4.230397460473613e-07,1,1,Internal
HBAN,PLD,0.45023104977962786,62,0.00027187168517083627,1,1,Internal
HBAN,PNC,0.8496588212539258,62,4.849868681630945e-18,1,1,Internal
HBAN,PRU,0.6296196702089304,62,5.4575748333485366e-08,1,1,Internal
HBAN,PSX,0.5462222050038188,62,5.275800277463957e-06,1,1,Internal
HBAN,RCL,0.5544396057412484,62,3.549599318204716e-06,1,1,Internal
HBAN,RF,0.9057059749769057,62,1.161642176143504e-23,1,1,Internal
HBAN,RJF,0.5598346729861952,62,2.720615848450494e-06,1,1,Internal
HBAN,RL,0.5181938466123505,62,1.8898257953660566e-05,1,1,Internal
HBAN,ROL,-0.4266249126329125,62,0.0006068074530468576,1,4,External
HBAN,RSG,-0.4914740793978597,62,5.76748192389155e-05,1,4,External
HBAN,SPG,0.47080090577602174,62,0.0001285939359582102,1,1,Internal
HBAN,STT,0.6761984142384423,62,2.2250632647482924e-09,1,1,Internal
HBAN,STX,0.4328733069122292,62,0.0004933989676741473,1,1,Internal
HBAN,SWK,0.478383760420346,62,9.639779001172766e-05,1,1,Internal
HBAN,SYF,0.8091268477401177,62,3.0219427331029767e-15,1,1,Internal
HBAN,TEL,0.6544450445678772,62,1.0623132636582097e-08,1,1,Internal
HBAN,TFC,0.8654672818727414,62,2.3106138842576804e-19,1,1,Internal
HBAN,TGT,0.4728105812078578,62,0.00011921638011337054,1,1,Internal
HBAN,TPR,0.49273682057279117,62,5.482571254752604e-05,1,1,Internal
HBAN,TRMB,0.49866143256950757,62,4.311144232410162e-05,1,1,Internal
HBAN,TROW,0.4318621453906205,62,0.0005103356120563763,1,1,Internal
HBAN,UPS,0.467472599728031,62,0.00014562497087119508,1,1,Internal
HBAN,URI,0.42822259545191654,62,0.0005757575037578397,1,1,Internal
HBAN,USB,0.8393494321286481,62,2.9438439977825053e-17,1,1,Internal
HBAN,VLO,0.5071232194056414,62,3.0346760399374862e-05,1,1,Internal
HBAN,WDC,0.4474225441820157,62,0.0003000433470876411,1,1,Internal
HBAN,WFC,0.7619781376562996,62,9.884165927416424e-13,1,1,Internal
HBAN,WM,-0.46790852898862845,62,0.00014328232006178328,1,4,External
HBAN,ZBRA,0.6033213291447294,62,2.6576594275791876e-07,1,1,Internal
HCA,HIG,0.5883589954858146,62,6.148244499001717e-07,4,4,Internal
HCA,ICE,0.4026134523135126,62,0.0012964183584164893,4,4,Internal
HCA,KMI,0.44685465568730603,62,0.0003060536534044061,4,4,Internal
HCA,L,0.5449881506635859,62,5.594271606922592e-06,4,4,Internal
HCA,LNT,0.4480612347784592,62,0.0002934124755899964,4,4,Internal
HCA,LYB,-0.42538459322663136,62,0.0006319503513978343,4,2,External
HCA,MCD,0.47261770253127916,62,0.000120088349883556,4,4,Internal
HCA,MCK,0.489060124968899,62,6.350494518475085e-05,4,4,Internal
HCA,MMC,0.4512285879452887,62,0.00026246167288545403,4,4,Internal
HCA,MO,0.4127027163650185,62,0.0009487834557693603,4,4,Internal
HCA,MPWR,-0.4121844558991774,62,0.0009643490921582866,4,1,External
HCA,NEE,0.4019654117577886,62,0.0013222408448516085,4,4,Internal
HCA,PGR,0.5106441363782313,62,2.6149753336305893e-05,4,4,Internal
HCA,PM,0.46042470077549225,62,0.0001887146607459556,4,4,Internal
HCA,PNW,0.4051089397577267,62,0.0012011616838074608,4,4,Internal
HCA,PPL,0.44695870314286706,62,0.0003049443068954181,4,4,Internal
HCA,SO,0.40041642434691266,62,0.00138584627759818,4,4,Internal
HCA,SPGI,0.40086928136742916,62,0.001366972331032064,4,4,Internal
HCA,SWKS,-0.41796668144246296,62,0.0008030548553975482,4,1,External
HCA,T,0.5185945500271474,62,1.8571274089762113e-05,4,4,Internal
HCA,TJX,0.40796886814235833,62,0.0010997740182422144,4,5,External
HCA,TMUS,0.5493614900447121,62,4.5402093027900906e-06,4,4,Internal
HCA,TRV,0.5248027027690652,62,1.4130904296961769e-05,4,4,Internal
HCA,UAL,-0.4135644760200675,62,0.0009234022644077429,4,1,External
HCA,UHS,0.8198030878778944,62,6.498624155873364e-16,4,4,Internal
HCA,VRSK,0.4407371969530393,62,0.00037812894000832805,4,4,Internal
HCA,VZ,0.4888080988024419,62,6.414396690700154e-05,4,4,Internal
HCA,WEC,0.45696892118861665,62,0.00021385349338259098,4,4,Internal
HCA,WELL,0.4849603315125039,62,7.46658549093704e-05,4,4,Internal
HCA,WRB,0.6217898469736417,62,8.878462450165797e-08,4,4,Internal
HCA,XEL,0.47157319363281286,62,0.00012491297633565124,4,4,Internal
HD,HSIC,0.4163016145266421,62,0.0008467982180707828,1,1,Internal
HD,IR,0.4698164768199026,62,0.00013343034645192493,1,1,Internal
HD,JBHT,0.6186209122087708,62,1.077032228143785e-07,1,1,Internal
HD,LEN,0.667227633371688,62,4.306461080446002e-09,1,1,Internal
HD,LOW,0.9164881552682609,62,3.7731136171919275e-25,1,1,Internal
HD,MAS,0.6389810731897452,62,2.995483689902593e-08,1,1,Internal
HD,MHK,0.5068137145336635,62,3.074403734337399e-05,1,1,Internal
HD,NKE,0.5052518326880011,62,3.28233158328947e-05,1,1,Internal
HD,NSC,0.4368034599622404,62,0.0004323084882515232,1,1,Internal
HD,NVR,0.6836583596643573,62,1.2623011573736632e-09,1,1,Internal
HD,ODFL,0.5799794017558887,62,9.657660118379604e-07,1,1,Internal
HD,PCAR,0.4445267710045584,62,0.00033185608031759936,1,1,Internal
HD,PHM,0.6599756767705123,62,7.225970252400519e-09,1,1,Internal
HD,PKG,0.4913011020236719,62,5.807556966823567e-05,1,1,Internal
HD,PLD,0.429905706055221,62,0.0005446122390662822,1,1,Internal
HD,PNR,0.4611276449915705,62,0.00018394476232880085,1,1,Internal
HD,POOL,0.5543312343207094,62,3.5684447945767812e-06,1,1,Internal
HD,PPG,0.4328341329791609,62,0.0004940454936984632,1,1,Internal
HD,ROST,0.40859863489018244,62,0.0010785114865186516,1,5,External
HD,SCHW,-0.40713643393054355,62,0.0011284583706891666,1,2,External
HD,SHW,0.5781381417793147,62,1.0647226297507412e-06,1,5,External
HD,SWK,0.47415024901146885,62,0.00011331861907370189,1,1,Internal
HD,TGT,0.5019300903517926,62,3.7685025664404246e-05,1,1,Internal
HD,TJX,0.4687721681441705,62,0.00013874295726402596,1,5,External
HD,TROW,0.49857109581506304,62,4.327118467869826e-05,1,1,Internal
HD,UNP,0.5065494431901986,62,3.108705688724563e-05,1,1,Internal
HD,UPS,0.5212551227044947,62,1.6529825798360978e-05,1,1,Internal
HD,WY,0.4417997577097415,62,0.0003645952178229177,1,1,Internal
HIG,HON,0.45404908847809017,62,0.00023744154725989297,4,4,Internal
HIG,HRL,0.4058709709472058,62,0.0011733559996765105,4,5,External
HIG,ICE,0.6074886526129049,62,2.0878419375633164e-07,4,4,Internal
HIG,INVH,0.4315253648673868,62,0.0005160926950467933,4,4,Internal
HIG,JKHY,0.48164600308750827,62,8.497986533446221e-05,4,4,Internal
HIG,JNJ,0.40970421484861197,62,0.0010420783780000311,4,5,External
HIG,KDP,0.543371466897202,62,6.038638304257916e-06,4,4,Internal
HIG,KLAC,-0.4916134597255648,62,5.735376326888013e-05,4,1,External
HIG,KMB,0.5108465679342433,62,2.5925621960524817e-05,4,4,Internal
HIG,KMI,0.5306726011211038,62,1.0859250643432936e-05,4,4,Internal
HIG,KO,0.6014899886464283,62,2.9517767575828873e-07,4,4,Internal
HIG,KR,0.5823545758846517,62,8.508209423205831e-07,4,4,Internal
HIG,KVUE,0.5008540344411448,62,3.9397435768391616e-05,4,4,Internal
HIG,L,0.8641881922268698,62,2.997700859836599e-19,4,4,Internal
HIG,LIN,0.5306160216836594,62,1.0887106153984267e-05,4,4,Internal
HIG,LMT,0.40832430623588734,62,0.001087727567241644,4,2,External
HIG,LNT,0.6431335223688163,62,2.2806571250510215e-08,4,4,Internal
HIG,LRCX,-0.5862678050277238,62,6.889860250079341e-07,4,1,External
HIG,MA,0.40203977400211965,62,0.0013192544320802676,4,4,Internal
HIG,MAA,0.49364423768719395,62,5.2859139213471713e-05,4,4,Internal
HIG,MCD,0.6008199018051462,62,3.066843463980616e-07,4,4,Internal
HIG,MCHP,-0.44551204270823375,62,0.0003207024890522867,4,1,External
HIG,MCK,0.6185846120084005,62,1.079404655425387e-07,4,4,Internal
HIG,MCO,0.5899273448749759,62,5.641948780448849e-07,4,4,Internal
HIG,MDLZ,0.40283835971870174,62,0.0012875630148685812,4,5,External
HIG,META,-0.46399504143607656,62,0.00016560939377674227,4,1,External
HIG,MKC,0.42280730173406356,62,0.0006872381554574718,4,4,Internal
HIG,MMC,0.7155729677800639,62,9.134514399093238e-11,4,4,Internal
HIG,MNST,0.4173599095166015,62,0.000818753175840273,4,4,Internal
HIG,MO,0.5575698620727556,62,3.043722377000034e-06,4,4,Internal
HIG,MOH,0.4005178828094803,62,0.0013815975124213842,4,4,Internal
HIG,MPWR,-0.6358240917447684,62,3.6754182423637213e-08,4,1,External
HIG,NEE,0.42652274172375565,62,0.0006088437850565219,4,4,Internal
HIG,NI,0.55658215664052,62,3.1955672089856346e-06,4,4,Internal
HIG,NVDA,-0.5285677423657715,62,1.1941429406854499e-05,4,1,External
HIG,NXPI,-0.48607280148167903,62,7.147112334720236e-05,4,1,External
HIG,O,0.5167078674327567,62,2.0158051363011703e-05,4,4,Internal
HIG,ON,-0.45992175096043336,62,0.0001921966785061173,4,1,External
HIG,ORLY,0.6008874154271638,62,3.055061832161054e-07,4,4,Internal
HIG,OTIS,0.5603489712635185,62,2.651853900174454e-06,4,4,Internal
HIG,PAYX,0.5616627685229056,62,2.4835012688188157e-06,4,4,Internal
HIG,PCG,0.4079587408926029,62,0.0011001190033144515,4,4,Internal
HIG,PEG,0.5603328333220898,62,2.6539866379165346e-06,4,4,Internal
HIG,PEP,0.4072640316211092,62,0.001124018291292396,4,5,External
HIG,PG,0.5773929079666464,62,1.1074131707852543e-06,4,4,Internal
HIG,PGR,0.7536793925193891,62,2.387974497343764e-12,4,4,Internal
HIG,PM,0.5557322495835795,62,3.3318616643369727e-06,4,4,Internal
HIG,PNW,0.6804444180517464,62,1.6147434412454707e-09,4,4,Internal
HIG,PPL,0.765537885854827,62,6.696195419446933e-13,4,4,Internal
HIG,PSA,0.44678838555639877,62,0.0003067621382347919,4,4,Internal
HIG,REG,0.40101369697253453,62,0.0013610022032501223,4,5,External
HIG,ROL,0.7063871578229978,62,2.015572359227266e-10,4,4,Internal
HIG,ROP,0.595670800846676,62,4.1025664794949676e-07,4,4,Internal
HIG,RSG,0.6828585738280641,62,1.3424595363033273e-09,4,4,Internal
HIG,SBAC,0.5853373451715262,62,7.246124216246084e-07,4,4,Internal
HIG,SO,0.633998846603981,62,4.132495328361666e-08,4,4,Internal
HIG,SPGI,0.5853855989634336,62,7.227231293418385e-07,4,4,Internal
HIG,SRE,0.6008084059121162,62,3.0688538342914347e-07,4,4,Internal
HIG,SWKS,-0.46123536016702726,62,0.0001832236832400655,4,1,External
HIG,SYY,0.5364156157411458,62,8.352541816711779e-06,4,4,Internal
HIG,T,0.5250102879674563,62,1.40010790118431e-05,4,4,Internal
HIG,TER,-0.5427737795354164,62,6.2110900327288955e-06,4,1,External
HIG,TJX,0.472421544797017,62,0.00012098114740490584,4,5,External
HIG,TMUS,0.4472563796330967,62,0.00030179072656397307,4,4,Internal
HIG,TRV,0.9340513541231052,62,4.577705273663973e-28,4,4,Internal
HIG,TSCO,0.4108777374288299,62,0.0010046233654532894,4,5,External
HIG,TSN,0.42214227485869843,62,0.0007021975385855618,4,4,Internal
HIG,UDR,0.4268022942876689,62,0.0006032867809607299,4,4,Internal
HIG,UHS,0.5450131795827745,62,5.5876381201413426e-06,4,4,Internal
HIG,V,0.4232574105177812,62,0.0006772775928377008,4,4,Internal
HIG,VICI,0.4447622962222215,62,0.0003291581691419469,4,4,Internal
HIG,VRSK,0.6626813039847149,62,5.966963565645516e-09,4,4,Internal
HIG,VRSN,0.4039111107740283,62,0.0012460690931686029,4,4,Internal
HIG,VTR,0.5777922298439849,62,1.0843426166267141e-06,4,4,Internal
HIG,VZ,0.5967088731703184,62,3.8704184398029433e-07,4,4,Internal
HIG,WEC,0.6886260736400599,62,8.573924860466447e-10,4,4,Internal
HIG,WELL,0.6665854725157998,62,4.5110146234854546e-09,4,4,Internal
HIG,WM,0.5952187495484456,62,4.207695232967458e-07,4,4,Internal
HIG,WRB,0.8596434358716709,62,7.40314236801066e-19,4,4,Internal
HIG,WTW,0.708945396698917,62,1.6218102230852667e-10,4,4,Internal
HIG,XEL,0.6120014179385994,62,1.6014005229770006e-07,4,4,Internal
HIG,YUM,0.4974382094183985,62,4.532144403907654e-05,4,4,Internal
HII,LHX,0.5781271009781442,62,1.0653436855223328e-06,2,2,Internal
HII,LMT,0.5299136175950899,62,1.1238495347914842e-05,2,2,Internal
HII,META,-0.5317703374173716,62,1.0331750272582744e-05,2,1,External
HII,MOS,0.4120806818458046,62,0.000967493425851691,2,2,Internal
HII,NEM,0.5868241271791997,62,6.6847710596472e-07,2,4,External
HII,NOC,0.5838600610941532,62,7.847461009886775e-07,2,2,Internal
HII,O,0.4022281419748016,62,0.0013117166227919793,2,4,External
HII,PNW,0.40078235564233206,62,0.0013705771657579185,2,4,External
HII,PPL,0.43523628829872707,62,0.0004557924244406886,2,4,External
HII,ROL,0.4077022694849618,62,0.0011088882677477026,2,4,External
HII,RTX,0.42543254022493165,62,0.0006309611266972605,2,2,Internal
HII,SCHW,0.4398439535213938,62,0.00038985821831171276,2,2,Internal
HII,TXN,-0.45632927186402744,62,0.00021882951407722168,2,1,External
HII,WEC,0.40073953906993826,62,0.0013723559188332972,2,4,External
HLT,HST,0.5166110341929666,62,2.024278929957754e-05,1,1,Internal
HLT,IDXX,0.40249048846869634,62,0.001301282965506644,1,12,External
HLT,MAR,0.6970157140469438,62,4.383432448346504e-10,1,1,Internal
HLT,MTB,0.4773343211201383,62,0.00010036055059739546,1,1,Internal
HLT,NCLH,0.4665650827565127,62,0.00015061498055898316,1,1,Internal
HLT,NEM,-0.4639472597987994,62,0.00016590068436562788,1,4,External
HLT,NKE,0.5126245849015231,62,2.403208108625827e-05,1,1,Internal
HLT,RCL,0.5120591643834498,62,2.4619869330302696e-05,1,1,Internal
HOLX,HRL,0.44091449330943355,62,0.00037583941304020907,5,5,Internal
HOLX,LW,0.4810367763714509,62,8.701273713743972e-05,5,5,Internal
HOLX,WAT,0.4174846865225531,62,0.0008155024931989577,5,5,Internal
HON,JKHY,0.403490218770575,62,0.0012622035888639415,4,4,Internal
HON,KO,0.45396836877078606,62,0.00023812618044982933,4,4,Internal
HON,L,0.4117919984754285,62,0.0009762891848613124,4,4,Internal
HON,LIN,0.4791190681095992,62,9.370750726525851e-05,4,4,Internal
HON,LRCX,-0.44152987170452196,62,0.00036799027729868543,4,1,External
HON,MCO,0.4048843279572794,62,0.0012094699085603562,4,4,Internal
HON,MU,-0.45400270809025073,62,0.00023783470750205222,4,1,External
HON,NVDA,-0.44254204714179585,62,0.00035540410931806396,4,1,External
HON,NXPI,-0.4125461326823741,62,0.000953462279513165,4,1,External
HON,ORLY,0.5046839426998996,62,3.3611042139921056e-05,4,4,Internal
HON,OTIS,0.5553334334529992,62,3.397671646867416e-06,4,4,Internal
HON,PAYX,0.4516829306898295,62,0.0002582751477402283,4,4,Internal
HON,PNW,0.46271132854295105,62,0.0001736003552699346,4,4,Internal
HON,PPL,0.42596954982081303,62,0.0006199772131118121,4,4,Internal
HON,ROL,0.4138161524574371,62,0.0009161062142977176,4,4,Internal
HON,RSG,0.4013196153604119,62,0.0013484328769930653,4,4,Internal
HON,SBAC,0.5449176896773592,62,5.6129855313287475e-06,4,4,Internal
HON,SHW,0.45229881887777923,62,0.0002526974233345892,4,5,External
HON,SO,0.4466665884596991,62,0.00030806815631400893,4,4,Internal
HON,SPGI,0.40323507199584324,62,0.0012720756273088328,4,4,Internal
HON,TRV,0.4179055638774517,62,0.0008046236658733834,4,4,Internal
HON,VRSK,0.48957350613766043,62,6.222136430146389e-05,4,4,Internal
HON,WEC,0.4058218528876789,62,0.0011751306397429322,4,4,Internal
HON,WELL,0.41398246396214045,62,0.0009113134730826528,4,4,Internal
HPE,HPQ,0.4302009678356557,62,0.0005393089136224913,1,1,Internal
HPE,HRL,-0.40691871228605686,62,0.001136071017393942,1,5,External
HPE,KEY,0.4323115722558762,62,0.0005027437318587579,1,1,Internal
HPE,KEYS,0.45832778525918,62,0.00020362419316374535,1,1,Internal
HPE,LW,-0.4443676722572068,62,0.00033368992539015033,1,5,External
HPE,MCD,-0.4192306904613751,62,0.0007712230721050405,1,4,External
HPE,MKC,-0.41097954479962173,62,0.0010014319411192885,1,4,External
HPE,MPWR,0.40406535481200084,62,0.0012402029020895729,1,1,Internal
HPE,NEE,-0.43235259534561776,62,0.0005020558889071449,1,4,External
HPE,NXPI,0.4156557609950988,62,0.000864337010443763,1,1,Internal
HPE,PGR,-0.4212981543439702,62,0.0007216098113698301,1,4,External
HPE,RL,0.41776862628310274,62,0.0008081487418542807,1,1,Internal
HPE,SYF,0.5219468471319124,62,1.6034298668529184e-05,1,1,Internal
HPE,TEL,0.4027728563516223,62,0.0012901364676505618,1,1,Internal
HPE,TER,0.43966624054803244,62,0.0003922309132556477,1,1,Internal
HPQ,IR,0.4042322486564512,62,0.0012338836064490248,1,1,Internal
HPQ,KEY,0.43851578582489614,62,0.00040791158901730764,1,1,Internal
HPQ,KEYS,0.6330840679657672,62,4.3812730476095643e-08,1,1,Internal
HPQ,L,-0.46869156650171195,62,0.00013916095510455023,1,4,External
HPQ,MCHP,0.44199153614546544,62,0.0003622000848144546,1,1,Internal
HPQ,MCK,-0.41153598660249163,62,0.0009841497668394042,1,4,External
HPQ,MPC,0.4796077626514187,62,9.195789946169598e-05,1,1,Internal
HPQ,MPWR,0.5101260711443418,62,2.673155272903299e-05,1,1,Internal
HPQ,MU,0.4265090258273318,62,0.0006091176227832931,1,1,Internal
HPQ,NKE,0.4074974116749463,62,0.0011159379359085987,1,1,Internal
HPQ,NTAP,0.4642599915053797,62,0.00016400266890064576,1,1,Internal
HPQ,ON,0.42480729165660885,62,0.0006439718452473749,1,1,Internal
HPQ,PGR,-0.42895660336171176,62,0.0005619816120289928,1,4,External
HPQ,PH,0.4545730303737831,62,0.00023304123116459286,1,1,Internal
HPQ,PNC,0.4566244797394346,62,0.0002165199949936702,1,1,Internal
HPQ,RF,0.4364269120717493,62,0.00043784833306937933,1,1,Internal
HPQ,RL,0.6270763057224393,62,6.401646041739987e-08,1,1,Internal
HPQ,ROL,-0.40761344665338844,62,0.001111939942466389,1,4,External
HPQ,RSG,-0.44086799602316007,62,0.0003764386342666685,1,4,External
HPQ,STX,0.4173833801201734,62,0.0008181408284529487,1,1,Internal
HPQ,SWK,0.42848649285024076,62,0.0005707697941818425,1,1,Internal
HPQ,SWKS,0.508358927689688,62,2.880750482246222e-05,1,1,Internal
HPQ,SYF,0.5563178732345603,62,3.237380473599455e-06,1,1,Internal
HPQ,TEL,0.42524450970993616,62,0.0006348485586900427,1,1,Internal
HPQ,TER,0.4693147449629649,62,0.00013595901007996928,1,1,Internal
HPQ,TFC,0.4040594602503162,62,0.0012404266260324258,1,1,Internal
HPQ,TGT,0.5364605504610755,62,8.335249299872398e-06,1,1,Internal
HPQ,TPR,0.5593340582377003,62,2.7891456129842404e-06,1,1,Internal
HPQ,UPS,0.4123318655673878,62,0.000959898455507311,1,1,Internal
HPQ,USB,0.43063262940885855,62,0.0005316399692511557,1,1,Internal
HPQ,VLO,0.43174889683112416,62,0.0005122649952927303,1,1,Internal
HPQ,WRB,-0.4088918745242103,62,0.001068737940375545,1,4,External
HPQ,WYNN,0.406462133139654,62,0.0011521856866568096,1,1,Internal
HPQ,ZBRA,0.6003599489831004,62,3.14825269404786e-07,1,1,Internal
HRL,HSY,0.5334323995958049,62,9.578255511196825e-06,5,5,Internal
HRL,IFF,0.42659059022355644,62,0.0006074908310942176,5,5,Internal
HRL,INVH,0.4378156638476414,62,0.0004177312472072496,5,4,External
HRL,JBL,-0.4233300880177167,62,0.00067568161007686,5,1,External
HRL,JKHY,0.4719676211228599,62,0.00012307056848184463,5,4,External
HRL,JNJ,0.4485018811487827,62,0.00028891593377976303,5,5,Internal
HRL,KDP,0.4923257923818986,62,5.573852895325508e-05,5,4,External
HRL,KEYS,-0.46881101994744195,62,0.00013854188462705003,5,1,External
HRL,KHC,0.6844747003242585,62,1.1851801503640373e-09,5,5,Internal
HRL,KMB,0.5139739043303425,62,2.2681523437340393e-05,5,4,External
HRL,KO,0.5669042183647691,62,1.9063251197550179e-06,5,4,External
HRL,KR,0.4104124409649573,62,0.0010193263818404552,5,4,External
HRL,L,0.43242068659698174,62,0.0005009160745885783,5,4,External
HRL,LIN,0.5524289255190905,62,3.914848928407542e-06,5,4,External
HRL,LKQ,0.42713484622510334,62,0.0005967361487187567,5,5,Internal
HRL,LNT,0.44472159321093024,62,0.0003296229831945314,5,4,External
HRL,LRCX,-0.4728185918909591,62,0.00011918029133785137,5,1,External
HRL,LW,0.6697045116610656,62,3.5968506745270908e-09,5,5,Internal
HRL,MCD,0.4607366781254532,62,0.00018658390334791992,5,4,External
HRL,MCK,0.41037459113184643,62,0.0010205308981600402,5,4,External
HRL,MDLZ,0.6781597950546125,62,1.9200331986735938e-09,5,5,Internal
HRL,META,-0.4998853900606628,62,4.100014052355222e-05,5,1,External
HRL,MKC,0.6619227913819409,62,6.29720119830163e-09,5,4,External
HRL,MLM,0.49599994983003903,62,4.8053616398788025e-05,5,5,Internal
HRL,MNST,0.415006349096571,62,0.0008823025991503423,5,4,External
HRL,MO,0.40199266299659137,62,0.0013211457212876677,5,4,External
HRL,MOH,0.4354457238620742,62,0.00045258833026573487,5,4,External
HRL,MU,-0.46346407266984785,62,0.0001688728227579516,5,1,External
HRL,NVDA,-0.4152803931050349,62,0.0008746806127785,5,1,External
HRL,O,0.6160092309253884,62,1.2608744924061474e-07,5,4,External
HRL,ORLY,0.5396421005468177,62,7.192189330036322e-06,5,4,External
HRL,PEP,0.6414481211702312,62,2.5487906378782694e-08,5,5,Internal
HRL,PFE,0.41701224849045065,62,0.0008278722798416648,5,5,Internal
HRL,PG,0.6190201703413674,62,1.0512605857035964e-07,5,4,External
HRL,PM,0.405387528139243,62,0.0011909282747255316,5,4,External
HRL,PNW,0.5202500450711552,62,1.7275203056065987e-05,5,4,External
HRL,PPL,0.5064983185966971,62,3.1153823208068496e-05,5,4,External
HRL,PSA,0.5738113759775012,62,1.3359081999379202e-06,5,4,External
HRL,REG,0.4952955076475838,62,4.9446570193769784e-05,5,5,Internal
HRL,ROL,0.46583201514137523,62,0.00015475972087127503,5,4,External
HRL,ROP,0.41897438862486364,62,0.000777583792331103,5,4,External
HRL,RSG,0.4172325150669989,62,0.0008220841247575751,5,4,External
HRL,SBAC,0.47798119083038876,62,9.79005908277663e-05,5,4,External
HRL,SHW,0.4316808108298811,62,0.0005134281423548217,5,5,Internal
HRL,SO,0.504407196887837,62,3.400122406091221e-05,5,4,External
HRL,STE,0.4257516943457673,62,0.0006244121326878332,5,5,Internal
HRL,SYY,0.6928493041190901,62,6.133915504269862e-10,5,4,External
HRL,TAP,0.42423951966392276,62,0.0006559965973229503,5,4,External
HRL,TSCO,0.4557363069600007,62,0.00022353670235525643,5,5,Internal
HRL,TSN,0.498144190134219,62,4.4033506304256844e-05,5,4,External
HRL,TYL,0.40537898599151734,62,0.0011912408843965858,5,5,Internal
HRL,UDR,0.4264970303957827,62,0.0006093572029559834,5,4,External
HRL,VICI,0.5462332384334665,62,5.273030710876697e-06,5,4,External
HRL,VTR,0.43419940290928455,62,0.000471961248619965,5,4,External
HRL,VZ,0.5093087636837479,62,2.767383093952378e-05,5,4,External
HRL,WEC,0.46284562558441206,62,0.00017274813136543293,5,4,External
HRL,WM,0.4253278545924422,62,0.0006331227772138008,5,4,External
HRL,WRB,0.41196491649453215,62,0.0009710120044739927,5,4,External
HRL,WTW,0.4434754576297193,62,0.00034414623028613693,5,4,External
HRL,XEL,0.5488388560601727,62,4.655629156542581e-06,5,4,External
HSIC,JBHT,0.45634700507084336,62,0.0002186901472875258,1,1,Internal
HSIC,LEN,0.41466805610167323,62,0.0008917942334838394,1,1,Internal
HSIC,LOW,0.4091322591451073,62,0.0010607856338299554,1,1,Internal
HSIC,MHK,0.4649541677935005,62,0.00015986051120724462,1,1,Internal
HSIC,MTD,0.45856186576358043,62,0.00020190796712304902,1,5,External
HSIC,PCAR,0.4869961391751352,62,6.891569383812525e-05,1,1,Internal
HSIC,PFG,0.44606709237768266,62,0.0003145707083923939,1,1,Internal
HSIC,PHM,0.43748648354675085,62,0.0004224221159382412,1,1,Internal
HSIC,RL,0.46846781793472186,62,0.0001403273714509423,1,1,Internal
HSIC,SWK,0.4302533958013103,62,0.0005383721468628518,1,1,Internal
HSIC,TROW,0.5128186098389257,62,2.383339598171017e-05,1,1,Internal
HSIC,WAT,0.4227352204676469,62,0.0006888455213554761,1,5,External
HST,ICE,-0.4333786954499724,62,0.00048512667058998795,1,4,External
HST,IEX,0.5166260212882059,62,2.022965265099024e-05,1,1,Internal
HST,IR,0.6154738714120879,62,1.3020419032719148e-07,1,1,Internal
HST,JBHT,0.5527423667906577,62,3.8556925393745626e-06,1,1,Internal
HST,KEY,0.46428905841632206,62,0.00016382727205775048,1,1,Internal
HST,KIM,0.4948514751403997,62,5.034364890537969e-05,1,1,Internal
HST,KMI,-0.43650488343683164,62,0.0004366959322733581,1,4,External
HST,LEN,0.46262552962586134,62,0.0001741468335059322,1,1,Internal
HST,LNT,-0.4157947041738018,62,0.0008605364086785598,1,4,External
HST,LOW,0.4144121612240529,62,0.0008990351270707376,1,1,Internal
HST,LYB,0.44429995494104674,62,0.00033447326460283206,1,2,External
HST,MAR,0.5424970771696285,62,6.2924718092855695e-06,1,1,Internal
HST,MAS,0.5709239280947007,62,1.5515199729949667e-06,1,1,Internal
HST,MCD,-0.5066070187556206,62,3.101202445158915e-05,1,4,External
HST,MGM,0.5011050671558673,62,3.899163615280011e-05,1,1,Internal
HST,MHK,0.4769336859931061,62,0.00010191247876786769,1,1,Internal
HST,MPC,0.4146816457039265,62,0.0008914111737789476,1,1,Internal
HST,MPWR,0.47527079019784296,62,0.00010859271331375587,1,1,Internal
HST,MSI,-0.4504574749575451,62,0.00026970914236775607,1,12,External
HST,MTB,0.5112664387343842,62,2.546640447101268e-05,1,1,Internal
HST,NCLH,0.5336644821549353,62,9.47720572127396e-06,1,1,Internal
HST,NDSN,0.4368631629483072,62,0.0004314360043885124,1,1,Internal
HST,NI,-0.40996375032843435,62,0.0010336881175936961,1,4,External
HST,NKE,0.5392072541380414,62,7.339302772060776e-06,1,1,Internal
HST,NSC,0.5033983169632342,62,3.545939203161497e-05,1,1,Internal
HST,NVR,0.44044867305752716,62,0.00038188196970954306,1,1,Internal
HST,ODFL,0.4526076577189053,62,0.00024994208061921954,1,1,Internal
HST,PCAR,0.5512627026085501,62,4.142474372398491e-06,1,1,Internal
HST,PGR,-0.5547868504637087,62,3.4898385091990285e-06,1,4,External
HST,PHM,0.45084157971897,62,0.00026607652047002387,1,1,Internal
HST,PKG,0.41616409942124843,62,0.0008505054051830798,1,1,Internal
HST,PLD,0.45628782072831325,62,0.0002191555989619839,1,1,Internal
HST,PM,-0.5811228752133097,62,9.08722972624878e-07,1,4,External
HST,PNC,0.42976143599719463,62,0.0005472207082239521,1,1,Internal
HST,PNR,0.4384079206190987,62,0.00040941065058225796,1,1,Internal
HST,PPG,0.4377835498443977,62,0.0004181867817283428,1,1,Internal
HST,RCL,0.43935332692108153,62,0.0003964406762828402,1,1,Internal
HST,RF,0.5237487238848864,62,1.4807495773460394e-05,1,1,Internal
HST,RJF,0.40463293276670553,62,0.0012188301255085794,1,1,Internal
HST,RL,0.6462306952994958,62,1.8559796653643718e-08,1,1,Internal
HST,ROL,-0.433143667072538,62,0.00048895785956105,1,4,External
HST,RSG,-0.45001212230134313,62,0.0002739776592993015,1,4,External
HST,SO,-0.41688487504424043,62,0.0008312361736338775,1,4,External
HST,SPG,0.4217451770184139,62,0.0007112699486959994,1,1,Internal
HST,SW,0.4346987649743242,62,0.0004641104222932314,1,1,Internal
HST,SWK,0.571430198624023,62,1.5115017281980318e-06,1,1,Internal
HST,SWKS,0.41577689151200947,62,0.0008610228048124434,1,1,Internal
HST,SYF,0.5746135732693706,62,1.2811893472055896e-06,1,1,Internal
HST,T,-0.5307428787743976,62,1.0824743428511345e-05,1,4,External
HST,TGT,0.6299053663082365,62,5.360150073758652e-08,1,1,Internal
HST,TPR,0.5368506501563909,62,8.186519030045938e-06,1,1,Internal
HST,TROW,0.5832926739486871,62,8.090619282795957e-07,1,1,Internal
HST,UAL,0.4801738339017905,62,8.99688592471076e-05,1,1,Internal
HST,UPS,0.5845840512157315,62,7.547137064591745e-07,1,1,Internal
HST,USB,0.5060460086776906,62,3.175032595300367e-05,1,1,Internal
HST,VRSK,-0.42133681460731404,62,0.0007207102364441908,1,4,External
HST,VRSN,-0.42646240204654035,62,0.0006100493010324245,1,4,External
HST,VTR,-0.41068115156578094,62,0.0010108118391554146,1,4,External
HST,VZ,-0.44891861196657346,62,0.00028472137947804874,1,4,External
HST,WM,-0.4020829762340812,62,0.0013175222015524974,1,4,External
HST,WRB,-0.4075549449620192,62,0.0011139540070791288,1,4,External
HST,WYNN,0.47514329901230623,62,0.00010912112714348991,1,1,Internal
HST,XEL,-0.41034699233671773,62,0.0010214099988024496,1,4,External
HST,YUM,-0.6140014487416012,62,1.421893296676664e-07,1,4,External
HST,ZBRA,0.532624482737453,62,9.937897585837484e-06,1,1,Internal
HSY,KHC,0.508326445892846,62,2.8847023096865983e-05,5,5,Internal
HSY,MDLZ,0.6881538230820613,62,8.897980654219717e-10,5,5,Internal
HSY,MKC,0.4720006655456043,62,0.00012291735327661706,5,4,External
HSY,O,0.4432199966192124,62,0.00034719460208360476,5,4,External
HSY,PEP,0.4887526233952821,62,6.428542052660965e-05,5,5,Internal
HSY,SBAC,0.4283248033571058,62,0.0005738210842385668,5,4,External
HSY,SO,0.41678505492772805,62,0.0008338810190963233,5,4,External
HSY,SYY,0.4694562437666388,62,0.0001352414590808068,5,4,External
HSY,VICI,0.40488099340708067,62,0.0012095936396656994,5,4,External
HSY,XEL,0.4271470774899952,62,0.0005964964506337097,5,4,External
HUBB,HWM,-0.40641133914823313,62,0.0011539910887862033,1,12,External
HUBB,ICE,-0.4257133955899946,62,0.0006251947514304927,1,4,External
HUBB,IEX,0.41133740934158936,62,0.0009902861377588952,1,1,Internal
HUBB,INVH,-0.4030164424750482,62,0.001280589932137983,1,4,External
HUBB,IP,0.4281631955529725,62,0.000576885608745183,1,1,Internal
HUBB,KLAC,0.40826453965891846,62,0.0010897448154196011,1,1,Internal
HUBB,MGM,0.47980684574476473,62,9.125380293231686e-05,1,1,Internal
HUBB,PCAR,0.41760282494298445,62,0.0008124355130527928,1,1,Internal
HUBB,QCOM,0.40181958619358377,62,0.0013281148960927315,1,1,Internal
HUBB,SW,0.47618429363834913,62,0.00010487475224264293,1,1,Internal
HUBB,SWK,0.4042639245017601,62,0.00123268750278784,1,1,Internal
HUBB,TROW,0.5846593023592029,62,7.516547888286577e-07,1,1,Internal
HUM,MOH,0.43824428395389425,62,0.000411694369563245,16,4,External
HUM,SNA,0.41944255178571543,62,0.000766000808355632,16,16,Internal
HUM,UNH,0.7433666230361134,62,6.816872642021504e-12,16,16,Internal
HWM,ICE,0.4738213322511737,62,0.00011474127902750109,12,4,External
HWM,IRM,0.4944063994396149,62,5.125789146665011e-05,12,12,Internal
HWM,JCI,0.42857278067584814,62,0.0005691474607135093,12,12,Internal
HWM,MAS,-0.45255052453565936,62,0.00025044972284973425,12,1,External
HWM,NSC,-0.40812632241301355,62,0.0010944228547478257,12,1,External
HWM,NVR,-0.45303185083404723,62,0.00024620232008301706,12,1,External
HWM,PCAR,-0.4594831808691152,62,0.00019528087624336548,12,1,External
HWM,PWR,0.5343209078020694,62,9.196739254832083e-06,12,12,Internal
HWM,SW,-0.4083985218428698,62,0.0010852273164562605,12,1,External
HWM,SWK,-0.47874816351927085,62,9.505578840162837e-05,12,1,External
HWM,UPS,-0.40064488078418564,62,0.0013762957244556654,12,1,External
IBM,KDP,0.40498342572148377,62,0.001205798002383284,5,4,External
IBM,KO,0.41863389120012356,62,0.0007861073841366175,5,4,External
IBM,LKQ,0.597484520464204,62,3.705076986041898e-07,5,5,Internal
IBM,NOW,-0.5862200162531199,62,6.90775029209085e-07,5,1,External
IBM,O,0.4420876424479531,62,0.0003610052052030149,5,4,External
IBM,PEP,0.47924521631769135,62,9.325296767738166e-05,5,5,Internal
IBM,PG,0.4591204940391085,62,0.00019786557969525396,5,4,External
IBM,RMD,-0.5421467342202376,62,6.396937843495885e-06,5,1,External
IBM,TSCO,0.4426575334106118,62,0.00035399327253803124,5,5,Internal
IBM,TYL,0.7017713769305306,62,2.966261011174289e-10,5,5,Internal
IBM,URI,-0.5434779111694465,62,6.0083978865015385e-06,5,1,External
IBM,VICI,0.4480346466132774,62,0.000293685824160725,5,4,External
IBM,WST,0.43259523696062563,62,0.0004980049122403765,5,5,Internal
IBM,WTW,0.5544307067674976,62,3.5511433148762513e-06,5,4,External
IBM,XEL,0.4094312434436904,62,0.001050969181301717,5,4,External
ICE,INVH,0.48404543717929654,62,7.739120564520784e-05,4,4,Internal
ICE,IP,-0.4346439063925059,62,0.00046496705220682024,4,1,External
ICE,JBHT,-0.47066043868186214,62,0.00012927405099828046,4,1,External
ICE,JKHY,0.5158097219097418,62,2.0956794253902343e-05,4,4,Internal
ICE,KLAC,-0.48093438634419994,62,8.735875301170997e-05,4,1,External
ICE,KMI,0.5458557686682912,62,5.368555914741679e-06,4,4,Internal
ICE,KO,0.48735508261029575,62,6.794521485200847e-05,4,4,Internal
ICE,KR,0.4311996928692975,62,0.0005217158982296158,4,4,Internal
ICE,KVUE,0.615322133005661,62,1.3139383808057196e-07,4,4,Internal
ICE,L,0.5909380322144024,62,5.336706079231201e-07,4,4,Internal
ICE,LNT,0.7053006476473768,62,2.2089598406176352e-10,4,4,Internal
ICE,LRCX,-0.45383720858165266,62,0.0002392424783639886,4,1,External
ICE,MA,0.43235830858675195,62,0.0005019601615963897,4,4,Internal
ICE,MAA,0.4375742342849883,62,0.00042116699373980247,4,4,Internal
ICE,MAS,-0.40712433336300724,62,0.0011288802589149891,4,1,External
ICE,MCD,0.5400107233619177,62,7.069635800262084e-06,4,4,Internal
ICE,MCK,0.5237204270162039,62,1.4826068602331074e-05,4,4,Internal
ICE,MCO,0.45068993564417,62,0.0002675053041118684,4,4,Internal
ICE,META,-0.42379781386964305,62,0.0006654916707721977,4,1,External
ICE,MMC,0.5697688345271326,62,1.6465678011208102e-06,4,4,Internal
ICE,MO,0.683022399495031,62,1.3256567074530164e-09,4,4,Internal
ICE,MOS,0.4220775512220564,62,0.0007036690835405727,4,2,External
ICE,MPWR,-0.5679227635018206,62,1.8098628313695268e-06,4,1,External
ICE,NCLH,-0.40267582515779954,62,0.001293957064126945,4,1,External
ICE,NDAQ,0.45991498137491904,62,0.00019224394413718202,4,4,Internal
ICE,NEE,0.42021723799932925,62,0.0007471763609158646,4,4,Internal
ICE,NFLX,0.4467043212126161,62,0.0003076630106530844,4,4,Internal
ICE,NI,0.6301235229435589,62,5.2868643222983995e-08,4,4,Internal
ICE,NXPI,-0.4420186130276197,62,0.0003618630768414139,4,1,External
ICE,O,0.4704782844486582,62,0.00013016092409554443,4,4,Internal
ICE,ODFL,-0.4183467430605248,62,0.000793361054746086,4,1,External
ICE,ORLY,0.4765182312682762,62,0.00010354508884103322,4,4,Internal
ICE,OTIS,0.4720426512511553,62,0.00012272293316896988,4,4,Internal
ICE,PAYX,0.4158512352621435,62,0.0008589944026156364,4,4,Internal
ICE,PCAR,-0.5084207630194728,62,2.873241269873573e-05,4,1,External
ICE,PEG,0.4112139509860503,62,0.000994118582316772,4,4,Internal
ICE,PGR,0.6060723682773052,62,2.2671659191516937e-07,4,4,Internal
ICE,PM,0.630740577743666,62,5.084661469406923e-08,4,4,Internal
ICE,PNW,0.5915109985261865,62,5.170619507274764e-07,4,4,Internal
ICE,PPL,0.6433980457182854,62,2.2410755479676852e-08,4,4,Internal
ICE,PSA,0.47078580814994214,62,0.00012866687794332876,4,4,Internal
ICE,ROL,0.5545275146970006,62,3.534380513393991e-06,4,4,Internal
ICE,ROP,0.5379160983041854,62,7.792796071696187e-06,4,4,Internal
ICE,RSG,0.6359503497505148,62,3.645634424111101e-08,4,4,Internal
ICE,SBAC,0.6462343412871225,62,1.85552697622776e-08,4,4,Internal
ICE,SO,0.645055197775438,62,2.0075021480379853e-08,4,4,Internal
ICE,SPGI,0.4904637902577776,62,6.005199663660164e-05,4,4,Internal
ICE,SRE,0.487199326074085,62,6.836477801959738e-05,4,4,Internal
ICE,SW,-0.4286038828231849,62,0.0005685637225325628,4,1,External
ICE,SWK,-0.5118401679489166,62,2.4851086307103564e-05,4,1,External
ICE,SYF,-0.43571075609528853,62,0.00044856303053876376,4,1,External
ICE,T,0.6290076260551809,62,5.671939361996873e-08,4,4,Internal
ICE,TER,-0.4417210179568025,62,0.00036558277363099,4,1,External
ICE,TRV,0.6564645175632384,62,9.237260220022485e-09,4,4,Internal
ICE,UDR,0.4169475010650152,62,0.0008295806992425868,4,4,Internal
ICE,V,0.4587239189498931,62,0.00020072759367802608,4,4,Internal
ICE,VICI,0.40200302127044274,62,0.0013207296755668111,4,4,Internal
ICE,VRSK,0.6105027513478609,62,1.7496687845609083e-07,4,4,Internal
ICE,VTR,0.4486589572894838,62,0.00028732832610100053,4,4,Internal
ICE,VZ,0.5365896820300728,62,8.285740078101719e-06,4,4,Internal
ICE,WEC,0.6465797715301014,62,1.8131082665844426e-08,4,4,Internal
ICE,WELL,0.7238719918337798,62,4.3492872942202326e-11,4,4,Internal
ICE,WM,0.6797031680145549,62,1.7083524118929195e-09,4,4,Internal
ICE,WMB,0.4221904015134968,62,0.0007011051459210451,4,4,Internal
ICE,WRB,0.6537286962663337,62,1.1160362397956212e-08,4,4,Internal
ICE,WTW,0.5075538034236944,62,2.980196721504431e-05,4,4,Internal
ICE,XEL,0.6044852503183339,62,2.485301992545855e-07,4,4,Internal
ICE,YUM,0.5251112010881375,62,1.3938368214895956e-05,4,4,Internal
ICE,ZBRA,-0.41598209328674823,62,0.000855434541864449,4,1,External
IDXX,INVH,0.4554261829899203,62,0.00022603528960425445,12,4,External
IDXX,KIM,0.49387946201426125,62,5.236009147453936e-05,12,1,External
IDXX,KLAC,-0.476240348022116,62,0.00010465046604887549,12,1,External
IDXX,MSFT,0.44699453387151605,62,0.0003045631320073362,12,12,Internal
IDXX,QCOM,-0.48035424005905974,62,8.934332120450009e-05,12,1,External
IEX,IR,0.5754517434584159,62,1.226264055377043e-06,1,1,Internal
IEX,ITW,0.44735431800113046,62,0.0003007596909543943,1,1,Internal
IEX,IVZ,0.5907889936520304,62,5.380721805780352e-07,1,1,Internal
IEX,J,0.4277960560501973,62,0.000583902810597872,1,1,Internal
IEX,JBHT,0.5511467438098419,62,4.1657700785528085e-06,1,1,Internal
IEX,KEY,0.5993063672135069,62,3.3424520474261897e-07,1,1,Internal
IEX,KEYS,0.48117563262033397,62,8.654550241600571e-05,1,1,Internal
IEX,LEN,0.46150875523944973,62,0.0001814050973970103,1,1,Internal
IEX,LOW,0.41749778242826807,62,0.0008151619967366821,1,1,Internal
IEX,MAS,0.5612345872735321,62,2.5372393610254508e-06,1,1,Internal
IEX,MCK,-0.4458244999715518,62,0.0003172374178730782,1,4,External
IEX,MGM,0.4016911347458596,62,0.0013333085117048866,1,1,Internal
IEX,MHK,0.41320268555943784,62,0.0009339823949650625,1,1,Internal
IEX,MPC,0.4322213921482319,62,0.0005042588104262614,1,1,Internal
IEX,MS,0.43038842145418865,62,0.0005359663450667431,1,1,Internal
IEX,MSI,-0.5430635923362488,62,6.126904665639713e-06,1,12,External
IEX,MTB,0.6374159260505691,62,3.3161765059777905e-08,1,1,Internal
IEX,MTD,0.4219022036757682,62,0.000707669789065169,1,5,External
IEX,NCLH,0.44951540771427534,62,0.00027881114189786847,1,1,Internal
IEX,NSC,0.43989044790549864,62,0.0003892396187882141,1,1,Internal
IEX,NTAP,0.40917608834541647,62,0.0010593414550151587,1,1,Internal
IEX,ODFL,0.481972059038354,62,8.390992518401548e-05,1,1,Internal
IEX,PCAR,0.5633539363713927,62,2.281481710622519e-06,1,1,Internal
IEX,PH,0.44566094126121025,62,0.00031904696128223894,1,1,Internal
IEX,PHM,0.44553103362669666,62,0.0003204909037628233,1,1,Internal
IEX,PKG,0.423371597867524,62,0.0006747715911899576,1,1,Internal
IEX,PM,-0.46139690101326236,62,0.0001821471287752387,1,4,External
IEX,PNC,0.5979828646830573,62,3.6023743400589097e-07,1,1,Internal
IEX,PNR,0.577139802247913,62,1.1222734967485817e-06,1,1,Internal
IEX,PRU,0.48331249862763076,62,7.964030155935792e-05,1,1,Internal
IEX,RF,0.6799937945979702,62,1.671053122207156e-09,1,1,Internal
IEX,RJF,0.5150378946780922,62,2.1666540200786642e-05,1,1,Internal
IEX,RL,0.488927514861076,62,6.384044771575206e-05,1,1,Internal
IEX,RSG,-0.4604271975029264,62,0.00018869752042079916,1,4,External
IEX,SPG,0.45115851346320135,62,0.0002631128595003645,1,1,Internal
IEX,SWK,0.5294880265995289,62,1.1456504224438766e-05,1,1,Internal
IEX,SYF,0.5615785721563216,62,2.493983400773566e-06,1,1,Internal
IEX,TEL,0.6539274424822693,62,1.1008789834296765e-08,1,1,Internal
IEX,TFC,0.5558837191730858,62,3.30718057193956e-06,1,1,Internal
IEX,TGT,0.5114237687015322,62,2.5296280265127857e-05,1,1,Internal
IEX,TPR,0.45822794158196084,62,0.0002043602771152084,1,1,Internal
IEX,TRMB,0.4410918321536859,62,0.00037356197061122123,1,1,Internal
IEX,TROW,0.6189991730797242,62,1.0526013280949333e-07,1,1,Internal
IEX,UPS,0.46725319258443054,62,0.00014681729042544228,1,1,Internal
IEX,URI,0.5416214215469256,62,6.556608550252896e-06,1,1,Internal
IEX,USB,0.6102990073152047,62,1.7707960866955117e-07,1,1,Internal
IEX,VTRS,0.42832310827991754,62,0.0005738531507526369,1,5,External
IEX,WM,-0.4161873251860202,62,0.0008498782485715004,1,4,External
IEX,XYL,0.4217507099745426,62,0.0007111428130597305,1,1,Internal
IEX,ZBRA,0.4384628179627063,62,0.00040864708710391994,1,1,Internal
IFF,KHC,0.44577957884474695,62,0.00031773347152735286,5,5,Internal
IFF,LW,0.4249345818756308,62,0.0006413035418864544,5,5,Internal
IFF,PPG,0.5979106439158594,62,3.6170905422922213e-07,5,1,External
IFF,ROK,-0.4923574743276807,62,5.566767367862456e-05,5,1,External
IFF,SHW,0.4441319411705385,62,0.0003364240542652906,5,5,Internal
IFF,TRMB,-0.412491865089539,62,0.000955088682114494,5,1,External
INCY,IQV,0.4559312087516906,62,0.0002219793789636575,5,5,Internal
INCY,LW,0.4260458261045817,62,0.0006184312045562272,5,5,Internal
INCY,MRNA,0.41116322303937713,62,0.0009956971731381681,5,5,Internal
INCY,MTD,0.5051183500778522,62,3.300692001090054e-05,5,5,Internal
INCY,PFE,0.45518194168255255,62,0.00022802102145177348,5,5,Internal
INCY,VTRS,0.43165207622243995,62,0.0005139197491012207,5,5,Internal
INCY,WAT,0.5249731951853286,62,1.4024195505303065e-05,5,5,Internal
INTU,ROST,-0.5152746591543479,62,2.1446485147253572e-05,10,5,External
INVH,IRM,0.4209973461200204,62,0.0007286440184461675,4,12,External
INVH,JNJ,0.43764581842318223,62,0.00042014562000914816,4,5,External
INVH,KHC,0.4788618974982532,62,9.464046752816541e-05,4,5,External
INVH,KIM,0.5562011586883242,62,3.2560085051778575e-06,4,1,External
INVH,KLAC,-0.5329510884687346,62,9.791023504059342e-06,4,1,External
INVH,KO,0.4299427380395577,62,0.0005439445060417234,4,4,Internal
INVH,KR,0.43924641998268693,62,0.00039788833877464527,4,4,Internal
INVH,KVUE,0.44708859193487555,62,0.00030356458919168793,4,4,Internal
INVH,L,0.4267396908778324,62,0.0006045272137358521,4,4,Internal
INVH,LIN,0.5252809316603974,62,1.3833480074376985e-05,4,4,Internal
INVH,LNT,0.471307849578011,62,0.00012616663441819524,4,4,Internal
INVH,LRCX,-0.4796372170580162,62,9.185341412757501e-05,4,1,External
INVH,MAA,0.6749747206129946,62,2.4380729685761234e-09,4,4,Internal
INVH,MCK,0.4613106674090348,62,0.00018272109134859885,4,4,Internal
INVH,MDLZ,0.5262263473829794,62,1.3262535111503037e-05,4,5,External
INVH,META,-0.41723672001601564,62,0.0008219739839275896,4,1,External
INVH,MNST,0.41546806536078645,62,0.0008694952424472504,4,4,Internal
INVH,MO,0.5040600900545577,62,3.4496530532792045e-05,4,4,Internal
INVH,NI,0.4146010117738199,62,0.0008936862354874931,4,4,Internal
INVH,NVDA,-0.509356816669174,62,2.7617590385620772e-05,4,1,External
INVH,O,0.7427431282038963,62,7.25161770918119e-12,4,4,Internal
INVH,ORLY,0.5628010446606073,62,2.3457723563630546e-06,4,4,Internal
INVH,PLD,0.42731894848681024,62,0.0005931374856317522,4,1,External
INVH,PNW,0.575413243846385,62,1.2287378239036758e-06,4,4,Internal
INVH,PPL,0.6209298477953648,62,9.358294200599012e-08,4,4,Internal
INVH,PSA,0.6798067914375993,62,1.6949636011091512e-09,4,4,Internal
INVH,REG,0.7216978544857321,62,5.296139231362585e-11,4,5,External
INVH,ROL,0.4555796921385321,62,0.0002247953330217943,4,4,Internal
INVH,RSG,0.5796709605350531,62,9.817180187360314e-07,4,4,Internal
INVH,SBAC,0.49151767734989543,62,5.7574215689611735e-05,4,4,Internal
INVH,SO,0.5888444944648566,62,5.98713063456989e-07,4,4,Internal
INVH,SRE,0.549571778588866,62,4.494526273560988e-06,4,4,Internal
INVH,SYY,0.4552655458356247,62,0.00022733951452630317,4,4,Internal
INVH,T,0.4102692462064082,62,0.0010238901073059067,4,4,Internal
INVH,TRV,0.46462593417603354,62,0.0001618069844355588,4,4,Internal
INVH,UDR,0.815458946020732,62,1.2291267134629068e-15,4,4,Internal
INVH,VICI,0.59836465834791,62,3.5255078950940585e-07,4,4,Internal
INVH,VZ,0.40504104439405936,62,0.0012036676510038774,4,4,Internal
INVH,WEC,0.573150110604728,62,1.3826517089816789e-06,4,4,Internal
INVH,WELL,0.5474779883747889,62,4.969137395276801e-06,4,4,Internal
INVH,WM,0.619954614411309,62,9.931966365974269e-08,4,4,Internal
INVH,WTW,0.4303383907813094,62,0.0005368566198005355,4,4,Internal
INVH,XEL,0.4750153235214063,62,0.00010965392358909454,4,4,Internal
IP,IVZ,0.4160145145907757,62,0.0008545546153557707,1,1,Internal
IP,JBHT,0.5092780876982438,62,2.7709789131161128e-05,1,1,Internal
IP,KEY,0.44397211488899896,62,0.0003382893975893926,1,1,Internal
IP,LOW,0.4437554345689741,62,0.0003408333395391758,1,1,Internal
IP,MAS,0.5268737541562234,62,1.2884274455027561e-05,1,1,Internal
IP,MGM,0.40775720254219044,62,0.0011070047170885307,1,1,Internal
IP,MSI,-0.41860552224302044,62,0.0007868213356506128,1,12,External
IP,NCLH,0.5383386190088146,62,7.641598882517915e-06,1,1,Internal
IP,NKE,0.4850241250457007,62,7.447915907403058e-05,1,1,Internal
IP,NSC,0.4656889539422855,62,0.00015558067739585642,1,1,Internal
IP,ODFL,0.4650507895448668,62,0.00015929163248279082,1,1,Internal
IP,PCAR,0.4266741961707028,62,0.0006058274093739773,1,1,Internal
IP,PGR,-0.4437571763480918,62,0.00034081282081471905,1,4,External
IP,PKG,0.7279100691118536,62,3.001771886331565e-11,1,1,Internal
IP,PM,-0.47178960723181296,62,0.0001238989765065042,1,4,External
IP,PNC,0.43074728828046344,62,0.0005296196341689271,1,1,Internal
IP,RF,0.4266208196160734,62,0.0006068889106512451,1,1,Internal
IP,RL,0.5405938906192085,62,6.879720015107973e-06,1,1,Internal
IP,RSG,-0.42599361685766324,62,0.0006194890317082046,1,4,External
IP,SW,0.7363808346540074,62,1.3492664613402275e-11,1,1,Internal
IP,SWK,0.656711502990322,62,9.080022828586207e-09,1,1,Internal
IP,SYF,0.4510212559065198,62,0.0002643926404649256,1,1,Internal
IP,T,-0.4202590214816469,62,0.0007461730422822329,1,4,External
IP,TDG,-0.40807945439417387,62,0.0010960132311852043,1,2,External
IP,TPR,0.41382878925311545,62,0.0009157412518362208,1,1,Internal
IP,TROW,0.5278186527167715,62,1.2350159036687784e-05,1,1,Internal
IP,UPS,0.5288387794447763,62,1.1796665885949121e-05,1,1,Internal
IP,VRSK,-0.40548239566513267,62,0.0011874614486410602,1,4,External
IP,WM,-0.4384460411815002,62,0.0004088802966433032,1,4,External
IP,WYNN,0.4779232447602319,62,9.811866963718399e-05,1,1,Internal
IP,ZBRA,0.598148676072998,62,3.568800083509564e-07,1,1,Internal
IQV,JNJ,0.42413725525783924,62,0.0006581839286104337,5,5,Internal
IQV,LH,0.6447337510256291,62,2.050929452607967e-08,5,5,Internal
IQV,MDT,0.45313219105543334,62,0.000245325213146136,5,5,Internal
IQV,MRK,0.6098355707700229,62,1.8197500306913205e-07,5,5,Internal
IQV,MRNA,0.5023104518956603,62,3.7096376083095755e-05,5,5,Internal
IQV,MTD,0.6701260488696801,62,3.4877085554262094e-09,5,5,Internal
IQV,PFE,0.5977414475317798,62,3.651788692976215e-07,5,5,Internal
IQV,RVTY,0.7600698497145821,62,1.214487147596264e-12,5,5,Internal
IQV,SYK,0.43499000224048934,62,0.0004595866538076351,5,5,Internal
IQV,TECH,0.7655613390478365,62,6.678886972093939e-13,5,5,Internal
IQV,TMO,0.7308997310536831,62,2.2714189950758736e-11,5,5,Internal
IQV,VTRS,0.478264362210834,62,9.684127804478094e-05,5,5,Internal
IQV,WAT,0.7120090728373166,62,1.2462799405689095e-10,5,5,Internal
IQV,WST,0.4805940119023499,62,8.851813226593962e-05,5,5,Internal
IQV,ZTS,0.446384645198215,62,0.0003111108839788334,5,5,Internal
IR,ITW,0.508855026623104,62,2.8210131626163707e-05,1,1,Internal
IR,IVZ,0.4681253526700021,62,0.00014213004456684018,1,1,Internal
IR,JBHT,0.5480356514498816,62,4.838358215156661e-06,1,1,Internal
IR,KEY,0.5209722111766516,62,1.6736559342975698e-05,1,1,Internal
IR,KEYS,0.4299047106001204,62,0.0005446301986291026,1,1,Internal
IR,LEN,0.5217141191852824,62,1.6199456314318225e-05,1,1,Internal
IR,LOW,0.4837817884801861,62,7.81934140087091e-05,1,1,Internal
IR,MAR,0.4793141201572235,62,9.300554932371474e-05,1,1,Internal
IR,MAS,0.6185718607471565,62,1.0802391918949031e-07,1,1,Internal
IR,MHK,0.5363369956522476,62,8.382878041184797e-06,1,1,Internal
IR,MTB,0.5132419425655474,62,2.3405167591595976e-05,1,1,Internal
IR,NDSN,0.5070736049266014,62,3.0410123520531526e-05,1,1,Internal
IR,NSC,0.5721786597428367,62,1.4541063927369907e-06,1,1,Internal
IR,NVR,0.40802075363680596,62,0.0010980080654206395,1,1,Internal
IR,ODFL,0.45664978734572464,62,0.0002163230454502218,1,1,Internal
IR,PCAR,0.5930030215573353,62,4.7606102343081286e-07,1,1,Internal
IR,PHM,0.5254083047953114,62,1.375524956587551e-05,1,1,Internal
IR,PKG,0.44776944072064384,62,0.0002964251071107904,1,1,Internal
IR,PLD,0.46829547342804506,62,0.0001412319223025355,1,1,Internal
IR,PM,-0.48896139376285264,62,6.375457930453739e-05,1,4,External
IR,PNC,0.47819139101779423,62,9.71132423467896e-05,1,1,Internal
IR,PNR,0.5657168307000989,62,2.0248444681754574e-06,1,1,Internal
IR,RF,0.5599417135370913,62,2.706168616368041e-06,1,1,Internal
IR,RL,0.5392725340159914,62,7.317040523281028e-06,1,1,Internal
IR,RSG,-0.4211399156668134,62,0.000725302423397902,1,4,External
IR,SPG,0.4924755695596702,62,5.54042904710291e-05,1,1,Internal
IR,SW,0.42217367872482314,62,0.0007014845500772986,1,1,Internal
IR,SWK,0.6166349976035745,62,1.2143096521269085e-07,1,1,Internal
IR,SYF,0.43019245813861,62,0.0005394611017275365,1,1,Internal
IR,TEL,0.4275842441203136,62,0.0005879863309092811,1,1,Internal
IR,TGT,0.4652366950079173,62,0.00015820229555977357,1,1,Internal
IR,TPR,0.4387559427740977,62,0.00040459191811799476,1,1,Internal
IR,TRMB,0.4657249674451009,62,0.00015537363880057788,1,1,Internal
IR,TROW,0.5741775370297192,62,1.310665881864757e-06,1,1,Internal
IR,UNP,0.4135276811023226,62,0.0009244733247117975,1,1,Internal
IR,UPS,0.5474297115883641,62,4.980612611984614e-06,1,1,Internal
IR,URI,0.4313729193367837,62,0.0005187180035954164,1,1,Internal
IR,USB,0.5869337956712319,62,6.645023534284167e-07,1,1,Internal
IR,WY,0.5215222637426741,62,1.6336794399986372e-05,1,1,Internal
IR,XYL,0.44861765156212485,62,0.0002877450400785851,1,1,Internal
IR,ZBRA,0.5596134501447992,62,2.7507029449562014e-06,1,1,Internal
IRM,MAA,0.5008681296250115,62,3.9374547566992724e-05,12,4,External
IRM,MSCI,0.4242263935357095,62,0.0006562769830001663,12,12,Internal
IRM,NI,0.42015033550005043,62,0.0007487853871883509,12,4,External
IRM,RSG,0.4095327987230742,62,0.0010476535249137843,12,4,External
IRM,WM,0.48254000731344654,62,8.207578596107886e-05,12,4,External
IT,LDOS,0.5169759935094319,62,1.9925129933852275e-05,2,2,Internal
IT,VLTO,0.41463984667652987,62,0.000892589866960371,2,5,External
ITW,IVZ,0.45782211670719675,62,0.0002073772923128569,1,1,Internal
ITW,J,0.4157736789557211,62,0.0008611105539487196,1,1,Internal
ITW,LEN,0.5031130793832118,62,3.588202036072731e-05,1,1,Internal
ITW,LYB,0.44700530509677877,62,0.0003044486304146937,1,2,External
ITW,MAS,0.4862481674496785,62,7.097916495992215e-05,1,1,Internal
ITW,MET,0.42978919211017613,62,0.0005467179859331629,1,1,Internal
ITW,MHK,0.57739977634985,62,1.1070124962358844e-06,1,1,Internal
ITW,MMM,0.47143895800472163,62,0.0001255457563315948,1,1,Internal
ITW,MTB,0.40390025910973554,62,0.0012464827405567656,1,1,Internal
ITW,MTD,0.4008407658505731,62,0.0013681539377058427,1,5,External
ITW,NDSN,0.4764714441439339,62,0.00010373044627754394,1,1,Internal
ITW,NSC,0.40539943324913597,62,0.0011904927167532056,1,1,Internal
ITW,NVDA,-0.5563726818792019,62,3.2286672204996908e-06,1,1,Internal
ITW,PCAR,0.44659570141502963,62,0.0003088306035430892,1,1,Internal
ITW,PFG,0.4619005421760273,62,0.00017882779124869027,1,1,Internal
ITW,PHM,0.5170161882591289,62,1.9890428625042622e-05,1,1,Internal
ITW,PKG,0.4437054715238355,62,0.00034142239994422284,1,1,Internal
ITW,PNR,0.5956277283142088,62,4.1124760109204184e-07,1,1,Internal
ITW,PPG,0.42422543885406605,62,0.0006562973800762405,1,1,Internal
ITW,PRU,0.5585737713963186,62,2.896313775382479e-06,1,1,Internal
ITW,REG,0.42716353502496784,62,0.0005961740673954133,1,5,External
ITW,RVTY,0.4176473310840512,62,0.0008112827995224398,1,5,External
ITW,SHW,0.4348652902364963,62,0.00046151886774876055,1,5,External
ITW,TMO,0.42670963228361075,62,0.0006051236201305456,1,5,External
ITW,TROW,0.48090732532980596,62,8.745041404442265e-05,1,1,Internal
ITW,USB,0.4281416813880817,62,0.0005772946935453416,1,1,Internal
ITW,VTRS,0.4104123429399532,62,0.0010193294996886058,1,5,External
ITW,WAT,0.48834745790928236,62,6.532728137803945e-05,1,5,External
ITW,WY,0.5040482596196695,62,3.4513529072231446e-05,1,1,Internal
IVZ,JBHT,0.4005810638029623,62,0.001378957604734862,1,1,Internal
IVZ,KEY,0.5879690561279184,62,6.280583944271981e-07,1,1,Internal
IVZ,KEYS,0.4655279805264468,62,0.0001565091952928633,1,1,Internal
IVZ,LEN,0.4777550330629311,62,9.875426376587241e-05,1,1,Internal
IVZ,LHX,-0.4011911474326415,62,0.0013536985023864406,1,2,External
IVZ,LMT,-0.4699018836722248,62,0.00013300423073373815,1,2,External
IVZ,LVS,0.43776448666661094,62,0.00041845740503555735,1,1,Internal
IVZ,LYB,0.47426083796029617,62,0.00011284394214676186,1,2,External
IVZ,MAS,0.47207649521234857,62,0.00012256642001942877,1,1,Internal
IVZ,MET,0.4804981864810321,62,8.884707615532612e-05,1,1,Internal
IVZ,MGM,0.42302698894066193,62,0.0006823601958827813,1,1,Internal
IVZ,MHK,0.48538270103174175,62,7.343774026157771e-05,1,1,Internal
IVZ,MMM,0.4451153449960773,62,0.00032515147141942875,1,1,Internal
IVZ,MPC,0.41295798812549306,62,0.0009412001680212626,1,1,Internal
IVZ,MS,0.49332911066430774,62,5.3534587834137364e-05,1,1,Internal
IVZ,MTB,0.5969618082155622,62,3.8157543901945516e-07,1,1,Internal
IVZ,NOC,-0.606322448887429,62,2.2344832450943842e-07,1,2,External
IVZ,PCAR,0.40041412470112564,62,0.0013859427155017488,1,1,Internal
IVZ,PFG,0.5716256639084759,62,1.4963113442337695e-06,1,1,Internal
IVZ,PGR,-0.4031484971260116,62,0.0012754410909769159,1,4,External
IVZ,PH,0.5076796224974456,62,2.9644493224980816e-05,1,1,Internal
IVZ,PHM,0.5742561156946633,62,1.3053073897434724e-06,1,1,Internal
IVZ,PNC,0.5859039360298524,62,7.027178980186811e-07,1,1,Internal
IVZ,PNR,0.6446245195498017,62,2.065887623357699e-08,1,1,Internal
IVZ,PRU,0.43754061776917347,62,0.0004216474183456245,1,1,Internal
IVZ,PSX,0.45026345172542653,62,0.0002715612530411241,1,1,Internal
IVZ,RF,0.681983697281541,62,1.4356672386944306e-09,1,1,Internal
IVZ,RJF,0.5143801809061728,62,2.228886879603781e-05,1,1,Internal
IVZ,RL,0.4750992357419432,62,0.00010930430528820738,1,1,Internal
IVZ,RTX,-0.5267314499161938,62,1.2966548654595174e-05,1,2,External
IVZ,STT,0.43307015799113097,62,0.0004901617582384652,1,1,Internal
IVZ,SW,0.4437688513184068,62,0.0003406753149238108,1,1,Internal
IVZ,SWK,0.5334189238175926,62,9.584153605212209e-06,1,1,Internal
IVZ,SYF,0.6383927781888542,62,3.1124238809174185e-08,1,1,Internal
IVZ,TEL,0.5213105666457944,62,1.648958973948427e-05,1,1,Internal
IVZ,TFC,0.5130238250653708,62,2.3624908934880628e-05,1,1,Internal
IVZ,TPR,0.5323648585590973,62,1.0056109413973507e-05,1,1,Internal
IVZ,TRMB,0.49124259509983526,62,5.8211697551382306e-05,1,1,Internal
IVZ,TROW,0.5120853012323683,62,2.4592407516184457e-05,1,1,Internal
IVZ,UPS,0.43443013263085656,62,0.0004683189073709665,1,1,Internal
IVZ,USB,0.558286894938373,62,2.9377416448330304e-06,1,1,Internal
IVZ,WFC,0.4368571996296515,62,0.00043152307873277313,1,1,Internal
IVZ,ZBRA,0.43572666553658823,62,0.0004483224371732517,1,1,Internal
J,NSC,0.41033253757737814,62,0.0010218706966412662,1,1,Internal
J,NVDA,-0.44397520751068575,62,0.00033825321414980206,1,1,Internal
J,PRU,0.42065387697835316,62,0.0007367516468710291,1,1,Internal
J,VRTX,0.4576783550302456,62,0.00020845579305130976,1,5,External
J,XYL,0.42359204443754245,62,0.00066995732070421,1,1,Internal
J,ZTS,0.42064230536974234,62,0.0007370262116724496,1,5,External
JBHT,KEY,0.5720864102463075,62,1.461068572303586e-06,1,1,Internal
JBHT,LEN,0.5763275782437932,62,1.1712324444376889e-06,1,1,Internal
JBHT,LOW,0.6474134465538395,62,1.714477955544672e-08,1,1,Internal
JBHT,MAS,0.6941348760453261,62,5.53316403203044e-10,1,1,Internal
JBHT,MCK,-0.49645205691424005,62,4.717881209177376e-05,1,4,External
JBHT,MGM,0.4850923317674805,62,7.42800234536456e-05,1,1,Internal
JBHT,MHK,0.4756023228754626,62,0.00010722959526789533,1,1,Internal
JBHT,MO,-0.4145767669255216,62,0.0008943713208690335,1,4,External
JBHT,MOS,-0.4265410776464237,62,0.0006084778828600279,1,2,External
JBHT,MTB,0.46869384541128095,62,0.0001391491208903018,1,1,Internal
JBHT,NCLH,0.4667644630867561,62,0.00014950543223960468,1,1,Internal
JBHT,NEM,-0.48049070388604936,62,8.887280925092297e-05,1,4,External
JBHT,NFLX,-0.42366457865578716,62,0.0006683800808832181,1,4,External
JBHT,NKE,0.5727939871533554,62,1.4084555775296072e-06,1,1,Internal
JBHT,NSC,0.719412578020996,62,6.501481399647592e-11,1,1,Internal
JBHT,NTRS,0.41440331968736827,62,0.0008992862563254757,1,1,Internal
JBHT,NVR,0.4893096270466483,62,6.287810930945254e-05,1,1,Internal
JBHT,ODFL,0.7976396533031054,62,1.4233512898776245e-14,1,1,Internal
JBHT,OMC,0.43260583577995965,62,0.0004978286402614533,1,1,Internal
JBHT,PCAR,0.5919817221290188,62,5.037814638427579e-07,1,1,Internal
JBHT,PGR,-0.5385084599868691,62,7.581595321980152e-06,1,4,External
JBHT,PHM,0.5137341794342962,62,2.2916208294105185e-05,1,1,Internal
JBHT,PKG,0.4955912593942829,62,4.885727638596954e-05,1,1,Internal
JBHT,PM,-0.556812053895364,62,3.159605103876424e-06,1,4,External
JBHT,PNC,0.6272991063637007,62,6.313156925548283e-08,1,1,Internal
JBHT,RF,0.5655949076280852,62,2.0373968174058206e-06,1,1,Internal
JBHT,RL,0.5448020039780285,62,5.64383742195931e-06,1,1,Internal
JBHT,ROL,-0.40450012084367404,62,0.0012238013875379382,1,4,External
JBHT,RSG,-0.5409459386527945,62,6.767382905399404e-06,1,4,External
JBHT,SPG,0.4473244865857458,62,0.0003010733971547931,1,1,Internal
JBHT,SW,0.5289771824222749,62,1.1723374301855904e-05,1,1,Internal
JBHT,SWK,0.7107678290577226,62,1.3871882830312585e-10,1,1,Internal
JBHT,SYF,0.5549796446062314,62,3.4570655845682583e-06,1,1,Internal
JBHT,TEL,0.43781971163350836,62,0.00041767386173819206,1,1,Internal
JBHT,TFC,0.4646387997345649,62,0.00016173028262322694,1,1,Internal
JBHT,TGT,0.5847990091566831,62,7.460065995832495e-07,1,1,Internal
JBHT,TPR,0.462582527353175,62,0.00017442131986275503,1,1,Internal
JBHT,TROW,0.5595475321245845,62,2.759727981934846e-06,1,1,Internal
JBHT,UNP,0.6558286479749456,62,9.654013520583193e-09,1,1,Internal
JBHT,UPS,0.7498483433884277,62,3.5467509653775963e-12,1,1,Internal
JBHT,URI,0.41452959217186425,62,0.000895705694421845,1,1,Internal
JBHT,USB,0.5546987442956056,62,3.504911986776102e-06,1,1,Internal
JBHT,VRSK,-0.42022871362100855,62,0.0007469006830503676,1,4,External
JBHT,WM,-0.41498532864640897,62,0.0008828897102675695,1,4,External
JBHT,WRB,-0.4017601725101199,62,0.0013305148766377525,1,4,External
JBHT,WYNN,0.44496807769464614,62,0.0003268173497570103,1,1,Internal
JBHT,ZBRA,0.59558431130269,62,4.122487550360193e-07,1,1,Internal
JBL,KEY,0.4193654757416278,62,0.0007678969775109959,1,1,Internal
JBL,KEYS,0.49356908890681395,62,5.301949638927936e-05,1,1,Internal
JBL,KO,-0.4675079877892682,62,0.00014543349610873131,1,4,External
JBL,LIN,-0.4445196732799466,62,0.00033193769578731977,1,4,External
JBL,LRCX,0.40331596030085887,62,0.001268938438261445,1,1,Internal
JBL,LW,-0.4135105970779,62,0.0009249710032618993,1,5,External
JBL,MCD,-0.4187965227466215,62,0.0007820257849486845,1,4,External
JBL,MDLZ,-0.44806238264151443,62,0.00029340067982659175,1,5,External
JBL,MPC,0.43084217226843136,62,0.0005279530128139383,1,1,Internal
JBL,MS,0.4345678829490722,62,0.00046615655190517056,1,1,Internal
JBL,MU,0.5043989851814379,62,3.401286543682326e-05,1,1,Internal
JBL,PEP,-0.439449733317479,62,0.0003951393171677837,1,5,External
JBL,PG,-0.4593510006384133,62,0.0001962192639398704,1,4,External
JBL,PH,0.4151258827911547,62,0.0008789706640184647,1,1,Internal
JBL,RF,0.4146352103243784,62,0.0008927206943841776,1,1,Internal
JBL,SBAC,-0.451964612454932,62,0.00025571032177732156,1,4,External
JBL,SYF,0.47168891228835697,62,0.00012436983595751498,1,1,Internal
JBL,URI,0.43999283946709966,62,0.0003878804662676477,1,1,Internal
JBL,VLO,0.4080567983090521,62,0.00109678276820833,1,1,Internal
JBL,VZ,-0.41747631296873566,62,0.0008157202748259127,1,4,External
JBL,WDC,0.5151363557267384,62,2.1574774932631865e-05,1,1,Internal
JBL,WFC,0.4025940660009401,62,0.0012971842184970523,1,1,Internal
JCI,MSFT,0.4133136147744384,62,0.000930726831935266,12,12,Internal
JCI,PWR,0.46940582687057564,62,0.00013549672746246392,12,12,Internal
JCI,TT,0.4389458080684772,62,0.0004019848450104029,12,5,External
JKHY,KDP,0.4121375719029714,62,0.000965768524721406,4,4,Internal
JKHY,KHC,0.46399605939461236,62,0.00016560319311077052,4,5,External
JKHY,KLAC,-0.42521838117925354,62,0.0006353904662398427,4,1,External
JKHY,KMB,0.4505452012475254,62,0.00026887551522465744,4,4,Internal
JKHY,KO,0.4297836740266557,62,0.0005468178967838132,4,4,Internal
JKHY,KVUE,0.5449875963385242,62,5.594418604357064e-06,4,4,Internal
JKHY,L,0.46987172237534025,62,0.00013315456998890226,4,4,Internal
JKHY,LIN,0.5619838705274933,62,2.443902115595686e-06,4,4,Internal
JKHY,LNT,0.4391917421664896,62,0.000398630607244005,4,4,Internal
JKHY,LRCX,-0.4980141041088386,62,4.4268254310961494e-05,4,1,External
JKHY,LW,0.41201717700037577,62,0.0009694221689415075,4,5,External
JKHY,MCD,0.43224985592975046,62,0.0005037801550359614,4,4,Internal
JKHY,META,-0.43874320378465426,62,0.0004047673889065635,4,1,External
JKHY,MKC,0.4238889726791162,62,0.0006635219546067158,4,4,Internal
JKHY,MMC,0.47395674972197427,62,0.0001141535841286729,4,4,Internal
JKHY,MNST,0.47949899867702755,62,9.23446722458405e-05,4,4,Internal
JKHY,MPWR,-0.5056140442500365,62,3.23298470768574e-05,4,1,External
JKHY,NVDA,-0.46968254167919554,62,0.0001341011051201161,4,1,External
JKHY,O,0.4605651690353269,62,0.00018775254226552918,4,4,Internal
JKHY,ORLY,0.4690850474866924,62,0.00013713126475264353,4,4,Internal
JKHY,OTIS,0.5118501684048482,62,2.4840484116106035e-05,4,4,Internal
JKHY,PAYC,0.4949576017848606,62,5.0127885382019615e-05,4,2,External
JKHY,PAYX,0.5134036708142603,62,2.324345985649894e-05,4,4,Internal
JKHY,PG,0.478643932975061,62,9.543787705390144e-05,4,4,Internal
JKHY,PGR,0.40743325801937474,62,0.0011181539079920919,4,4,Internal
JKHY,PM,0.42428052676734573,62,0.0006551213482713813,4,4,Internal
JKHY,PPL,0.41498685039197547,62,0.0008828471953517759,4,4,Internal
JKHY,PSA,0.4440348937378486,62,0.00033755558031829853,4,4,Internal
JKHY,ROL,0.5304342773418519,62,1.0977033685387447e-05,4,4,Internal
JKHY,ROP,0.4729901918214915,62,0.00011840962511807242,4,4,Internal
JKHY,RSG,0.5331131505357354,62,9.718896382822002e-06,4,4,Internal
JKHY,SBAC,0.5871818858730956,62,6.555924160134945e-07,4,4,Internal
JKHY,SO,0.4723841015010445,62,0.00012115225902385504,4,4,Internal
JKHY,SYF,-0.4014715034847897,62,0.0013422310571694354,4,1,External
JKHY,SYY,0.5388498938494047,62,7.462294484087323e-06,4,4,Internal
JKHY,T,0.41994962086610316,62,0.0007536314625841118,4,4,Internal
JKHY,TRV,0.5018474467154062,62,3.7814062133086003e-05,4,4,Internal
JKHY,TSCO,0.4404691282186832,62,0.0003816147826386728,4,5,External
JKHY,TSN,0.5288727513376442,62,1.1778636663372172e-05,4,4,Internal
JKHY,TYL,0.4096828040555251,62,0.001042773279187638,4,5,External
JKHY,VRSK,0.5027928319353934,62,3.636207011066429e-05,4,4,Internal
JKHY,VTR,0.42434051537138556,62,0.0006538428665759211,4,4,Internal
JKHY,VZ,0.4972451858522542,62,4.5679589815694e-05,4,4,Internal
JKHY,WEC,0.4371454779242696,62,0.0004273319752697247,4,4,Internal
JKHY,WELL,0.4852004713274035,62,7.39653052690288e-05,4,4,Internal
JKHY,WM,0.5427482380133517,62,6.218560834496453e-06,4,4,Internal
JKHY,WRB,0.42649395457070516,62,0.0006094186489930845,4,4,Internal
JKHY,WTW,0.4941857582991109,62,5.171677598311425e-05,4,4,Internal
JKHY,XEL,0.42720170422116927,62,0.0005954269868842034,4,4,Internal
JKHY,YUM,0.40853054469036815,62,0.0010807923911902199,4,4,Internal
JNJ,KHC,0.4164901297462828,62,0.0008417398721960715,5,5,Internal
JNJ,KMB,0.44502397647626063,62,0.0003261841123679636,5,4,External
JNJ,KO,0.5333556351706448,62,9.611899077258532e-06,5,4,External
JNJ,L,0.45982256935493254,62,0.00019289023498358208,5,4,External
JNJ,LIN,0.5162215811273725,62,2.0586943250637373e-05,5,4,External
JNJ,LLY,0.44833113055198676,62,0.00029065082942402967,5,5,Internal
JNJ,MCD,0.42248822153754273,62,0.0006943792861644773,5,4,External
JNJ,MCK,0.467944286789767,62,0.00014309170271851148,5,4,External
JNJ,MDLZ,0.4184235941517966,62,0.0007914138071206006,5,5,Internal
JNJ,MDT,0.4742554775634128,62,0.00011286690819191506,5,5,Internal
JNJ,META,-0.4388162994015471,62,0.0004037614876837711,5,1,External
JNJ,MO,0.463719137300371,62,0.00016729786674762046,5,4,External
JNJ,MRK,0.5760367029345803,62,1.1892471603184452e-06,5,5,Internal
JNJ,NVDA,-0.42877094220143475,62,0.0005654375639478904,5,1,External
JNJ,O,0.5519004460173619,62,4.016512066836734e-06,5,4,External
JNJ,ORLY,0.4023208634057418,62,0.001308020482003366,5,4,External
JNJ,OTIS,0.45310046423543543,62,0.00024560223860129094,5,4,External
JNJ,PEP,0.42511748207584144,62,0.0006374870572729781,5,5,Internal
JNJ,PFE,0.546466633866126,62,5.214761431262361e-06,5,5,Internal
JNJ,PG,0.4891128806272819,62,6.337192634003845e-05,5,4,External
JNJ,PM,0.45230052358350464,62,0.0002526821387477598,5,4,External
JNJ,PNW,0.5403069865094077,62,6.972552024481951e-06,5,4,External
JNJ,PPL,0.5280337659669707,62,1.2231474505434302e-05,5,4,External
JNJ,ROL,0.46239778708454427,62,0.00017560504333420543,5,4,External
JNJ,RSG,0.40773818614377383,62,0.001107656427057818,5,4,External
JNJ,SBAC,0.46580104634425246,62,0.0001549370977357219,5,4,External
JNJ,SO,0.570515296677388,62,1.5845414167118572e-06,5,4,External
JNJ,STE,0.400191275923379,62,0.001395316745064072,5,5,Internal
JNJ,SYY,0.46722839261087973,62,0.00014695262206028344,5,4,External
JNJ,TPR,-0.44404082154781094,62,0.00033748636559859476,5,1,External
JNJ,TRV,0.4406848409246373,62,0.0003788074670753211,5,4,External
JNJ,TSN,0.42139336833908675,62,0.0007193961313645948,5,4,External
JNJ,VICI,0.41306271692049873,62,0.0009381048729184847,5,4,External
JNJ,VRSK,0.4511484677569217,62,0.00026320633283479937,5,4,External
JNJ,VZ,0.49178422022003565,62,5.696267193739496e-05,5,4,External
JNJ,WAT,0.4389829471934458,62,0.0004014766723515132,5,5,Internal
JNJ,WEC,0.4438871683957779,62,0.0003392846452087013,5,4,External
JNJ,WRB,0.4769392756772662,62,0.00010189067526365805,5,4,External
JNJ,XEL,0.4227629211402726,62,0.0006882274119355835,5,4,External
JNJ,ZTS,0.4601539521841592,62,0.00019058186191305278,5,5,Internal
JPM,LW,-0.49992405531029316,62,4.0935027941876054e-05,1,5,External
JPM,MS,0.503109578275757,62,3.588723666956368e-05,1,1,Internal
JPM,RJF,0.4726484685301616,62,0.00011994887088681153,1,1,Internal
JPM,SCHW,0.6139805126573955,62,1.4236700627131515e-07,1,2,External
JPM,STT,0.46934930054742696,62,0.00013578345447370216,1,1,Internal
JPM,VLO,0.456127576603085,62,0.00022042037972689943,1,1,Internal
JPM,WFC,0.4840092537471428,62,7.750085106658477e-05,1,1,Internal
K,MA,0.45961528582411315,62,0.0001943471284097539,4,4,Internal
K,PAYX,0.4625257894239959,62,0.00017478408821025988,4,4,Internal
K,V,0.4650460586001025,62,0.0001593194435498457,4,4,Internal
KDP,KHC,0.5886916156414178,62,6.03743128081101e-07,4,5,External
KDP,KMB,0.5974554588476034,62,3.711150338044149e-07,4,4,Internal
KDP,KO,0.681257046662653,62,1.517718675011828e-09,4,4,Internal
KDP,KR,0.5613250837902475,62,2.5257919845616122e-06,4,4,Internal
KDP,L,0.51429767616409,62,2.236809372458059e-05,4,4,Internal
KDP,LIN,0.513838569726124,62,2.281373746330348e-05,4,4,Internal
KDP,LNT,0.43280429951859173,62,0.000494538380724243,4,4,Internal
KDP,MAA,0.45856355852634995,62,0.00020189560451302626,4,4,Internal
KDP,MCD,0.5634307129674702,62,2.2726854875871855e-06,4,4,Internal
KDP,MCK,0.48402267991460124,62,7.746014952791762e-05,4,4,Internal
KDP,MCO,0.4133408427918035,62,0.0009299293080286305,4,4,Internal
KDP,MDLZ,0.6594216502945813,62,7.513066330809907e-09,4,5,External
KDP,META,-0.45877066397012245,62,0.00020038828461665836,4,1,External
KDP,MKC,0.5301612833592229,62,1.1113410385266317e-05,4,4,Internal
KDP,MMC,0.4109829033617128,62,0.0010013268139548398,4,4,Internal
KDP,MNST,0.5418286772427575,62,6.4931740333047075e-06,4,4,Internal
KDP,MOH,0.4229126386933268,62,0.000684895315704656,4,4,Internal
KDP,MPWR,-0.46233197327199715,62,0.00017602851987046642,4,1,External
KDP,NEE,0.4610560635353796,62,0.00018442538712657334,4,4,Internal
KDP,O,0.45167237037604296,62,0.00025837175898993175,4,4,Internal
KDP,ORLY,0.4478967565661215,62,0.000295107179765939,4,4,Internal
KDP,OTIS,0.536857076337536,62,8.18408978385673e-06,4,4,Internal
KDP,PEP,0.5905488832954623,62,5.452351439838471e-07,4,5,External
KDP,PG,0.6301537425505257,62,5.2767874710965025e-08,4,4,Internal
KDP,PGR,0.45666708516241106,62,0.0002161885241869541,4,4,Internal
KDP,PM,0.46229559110739854,62,0.0001762630208174004,4,4,Internal
KDP,PNW,0.5923287723562519,62,4.941960237001344e-07,4,4,Internal
KDP,PPL,0.5673242347656233,62,1.865978519757446e-06,4,4,Internal
KDP,ROL,0.5964082477795775,62,3.9363462308484597e-07,4,4,Internal
KDP,ROP,0.5127996567798122,62,2.3852736967811526e-05,4,4,Internal
KDP,RSG,0.5846066666083555,62,7.537931780179807e-07,4,4,Internal
KDP,SBAC,0.5487954874580755,62,4.665328757209032e-06,4,4,Internal
KDP,SO,0.5463549447711477,62,5.242570300492578e-06,4,4,Internal
KDP,STZ,0.5063978042521069,62,3.1285477321421066e-05,4,5,External
KDP,SYY,0.5802420044518709,62,9.523765201715813e-07,4,4,Internal
KDP,TRV,0.5191066554921537,62,1.8161022685264323e-05,4,4,Internal
KDP,TSCO,0.42427826888294096,62,0.0006551695126632257,4,5,External
KDP,TSN,0.5074284446862283,62,2.995963481409015e-05,4,4,Internal
KDP,TYL,0.4533711731275248,62,0.0002432476774757644,4,5,External
KDP,UDR,0.431529275339846,62,0.0005160255106445899,4,4,Internal
KDP,VRSK,0.4246755293008322,62,0.0006467444857478933,4,4,Internal
KDP,VTR,0.49413128709836773,62,5.1830646076573775e-05,4,4,Internal
KDP,VZ,0.5463549522523672,62,5.242568433161768e-06,4,4,Internal
KDP,WEC,0.5205358517691532,62,1.706013264901532e-05,4,4,Internal
KDP,WELL,0.43219422335579016,62,0.0005047160740853598,4,4,Internal
KDP,WM,0.5679419137076545,62,1.8080937282076472e-06,4,4,Internal
KDP,WRB,0.501519583026149,62,3.8330010652805414e-05,4,4,Internal
KDP,WTW,0.5788755180024757,62,1.024004086571677e-06,4,4,Internal
KDP,XEL,0.5492337772047674,62,4.568164648481061e-06,4,4,Internal
KDP,YUM,0.41231863213819325,62,0.0009602972446749543,4,4,Internal
KEY,KEYS,0.5319551666661424,62,1.0245313274222657e-05,1,1,Internal
KEY,KO,-0.4737081928516974,62,0.00011523441959380132,1,4,External
KEY,LHX,-0.46324328954452954,62,0.00017024705547306023,1,2,External
KEY,LMT,-0.42405513706287995,62,0.00065994513278699,1,2,External
KEY,MAR,0.49410123978070447,62,5.189355790537759e-05,1,1,Internal
KEY,MAS,0.5227785849724923,62,1.5456737620602987e-05,1,1,Internal
KEY,MCD,-0.47674141647887447,62,0.00010266507472453855,1,4,External
KEY,MCK,-0.5175648633351413,62,1.942231156861479e-05,1,4,External
KEY,MET,0.5385709117704525,62,7.559642107685371e-06,1,1,Internal
KEY,MPC,0.49660781794986264,62,4.6880844833505486e-05,1,1,Internal
KEY,MS,0.6244525595683547,62,7.535678334790713e-08,1,1,Internal
KEY,MSI,-0.4281684066824157,62,0.0005767865603865945,1,12,External
KEY,MTB,0.8239684681776509,62,3.4704589506866865e-16,1,1,Internal
KEY,NCLH,0.6230473941399182,62,8.218400583210154e-08,1,1,Internal
KEY,NKE,0.4114887226395849,62,0.0009856071845453223,1,1,Internal
KEY,NSC,0.5362271421198058,62,8.42543774338727e-06,1,1,Internal
KEY,NTRS,0.42692000537557445,62,0.000600960683040451,1,1,Internal
KEY,ODFL,0.48585822651739236,62,7.207734869731888e-05,1,1,Internal
KEY,PFG,0.4817429117359841,62,8.466055926364944e-05,1,1,Internal
KEY,PGR,-0.45208866519770813,62,0.0002545881678709919,1,4,External
KEY,PH,0.5659147821477888,62,2.004618723618686e-06,1,1,Internal
KEY,PLD,0.5074718072281441,62,2.990500925440808e-05,1,1,Internal
KEY,PM,-0.4598003878077871,62,0.0001930456590801506,1,4,External
KEY,PNC,0.8347885292950127,62,6.280949173056123e-17,1,1,Internal
KEY,PNR,0.40340028518463483,62,0.0012656753730852868,1,1,Internal
KEY,PRU,0.523299369205604,62,1.510500089364446e-05,1,1,Internal
KEY,PSX,0.5355362950791812,62,8.697730545922233e-06,1,1,Internal
KEY,RCL,0.492497469079391,62,5.535557538021389e-05,1,1,Internal
KEY,RF,0.8943160614174379,62,2.847936280381946e-22,1,1,Internal
KEY,RJF,0.5517580541332013,62,4.044322256997678e-06,1,1,Internal
KEY,RL,0.5646291146383356,62,2.139431049847003e-06,1,1,Internal
KEY,ROL,-0.5303089171297755,62,1.1039464180419222e-05,1,4,External
KEY,RSG,-0.5804609408100962,62,9.413467006687649e-07,1,4,External
KEY,SBAC,-0.4591285201715398,62,0.0001978080439904718,1,4,External
KEY,SPG,0.5101755011567171,62,2.6675528683351188e-05,1,1,Internal
KEY,STT,0.5304209234972063,62,1.0983668362108456e-05,1,1,Internal
KEY,STX,0.42360615526428963,62,0.0006696502202158523,1,1,Internal
KEY,SW,0.4093158143588003,62,0.0010547492818431176,1,1,Internal
KEY,SWK,0.6145080555303069,62,1.379530811617e-07,1,1,Internal
KEY,SYF,0.800190627704987,62,1.0177225405708939e-14,1,1,Internal
KEY,TEL,0.5496193656615367,62,4.484248145919295e-06,1,1,Internal
KEY,TFC,0.868175599588076,62,1.3196768826227075e-19,1,1,Internal
KEY,TGT,0.44814428831749903,62,0.00029256011009742134,1,1,Internal
KEY,TPR,0.504156500496273,62,3.435829178297186e-05,1,1,Internal
KEY,TRMB,0.5158275717605693,62,2.0940638146981814e-05,1,1,Internal
KEY,TROW,0.44632089797342894,62,0.00031180263068401567,1,1,Internal
KEY,UNP,0.4710415540292072,62,0.00012743639149320076,1,1,Internal
KEY,UPS,0.5165024928841622,62,2.0338165457464282e-05,1,1,Internal
KEY,URI,0.4996908371897752,62,4.1329223974209876e-05,1,1,Internal
KEY,USB,0.7833373138180748,62,8.577646708192154e-14,1,1,Internal
KEY,VLO,0.4432613239411661,62,0.00034669978826462546,1,1,Internal
KEY,VRSK,-0.5202883476867342,62,1.7246234937610298e-05,1,4,External
KEY,WDC,0.421676989965392,62,0.0007128384327844784,1,1,Internal
KEY,WFC,0.6903272078381189,62,7.497046547155315e-10,1,1,Internal
KEY,WM,-0.5513321690546613,62,4.128577101878832e-06,1,4,External
KEY,WY,0.40247764801250024,62,0.0013017918954710795,1,1,Internal
KEY,WYNN,0.42696371354116086,62,0.0006000990347741383,1,1,Internal
KEY,YUM,-0.4421220512275323,62,0.00036057827800619604,1,4,External
KEY,ZBRA,0.6475123716097575,62,1.7031169682895637e-08,1,1,Internal
KEYS,KHC,-0.5384016812353567,62,7.619268040879787e-06,1,5,External
KEYS,KLAC,0.49386517558003323,62,5.239027684646198e-05,1,1,Internal
KEYS,KO,-0.4490585639791575,62,0.00028332522388211046,1,4,External
KEYS,LHX,-0.43822105892783736,62,0.00041201943630462775,1,2,External
KEYS,LNT,-0.42939882789444417,62,0.0005538269587625354,1,4,External
KEYS,LRCX,0.6055443809861273,62,2.337650661228652e-07,1,1,Internal
KEYS,LW,-0.512921711012414,62,2.3728438853450938e-05,1,5,External
KEYS,MCD,-0.43282340198100455,62,0.0004942227321451708,1,4,External
KEYS,MCHP,0.6327109492570041,62,4.4867481308818775e-08,1,1,Internal
KEYS,MCK,-0.5228694646452284,62,1.5394815023546528e-05,1,4,External
KEYS,MDLZ,-0.4460678192062145,62,0.0003145627494979103,1,5,External
KEYS,MMC,-0.42549060324386534,62,0.0006297650705514434,1,4,External
KEYS,MOH,-0.4699625264989422,62,0.00013270242737945808,1,4,External
KEYS,MPC,0.4689546831412575,62,0.0001378006936064253,1,1,Internal
KEYS,MPWR,0.5034701685734646,62,3.5353659919484284e-05,1,1,Internal
KEYS,MS,0.43023170638574754,62,0.0005387595074338135,1,1,Internal
KEYS,MTB,0.5095862637786711,62,2.7350504885073203e-05,1,1,Internal
KEYS,MU,0.6414598692951404,62,2.54682256048867e-08,1,1,Internal
KEYS,NTAP,0.50497624216178,62,3.320343215276866e-05,1,1,Internal
KEYS,NXPI,0.5160878516519309,62,2.0706363917208174e-05,1,1,Internal
KEYS,O,-0.42982207664829714,62,0.0005461229193429499,1,4,External
KEYS,ON,0.5306802173839156,62,1.085550602649372e-05,1,1,Internal
KEYS,ORLY,-0.5768689925025253,62,1.1383800563628923e-06,1,4,External
KEYS,PEP,-0.4055819195337169,62,0.0011838342265091634,1,5,External
KEYS,PG,-0.49808086884273955,62,4.414762933556019e-05,1,4,External
KEYS,PGR,-0.40868726841499176,62,0.0010755489131906069,1,4,External
KEYS,PH,0.6254037926092153,62,7.104257946540382e-08,1,1,Internal
KEYS,PNC,0.502845687840715,62,3.628243228416317e-05,1,1,Internal
KEYS,RF,0.4983769573030235,62,4.361633160555632e-05,1,1,Internal
KEYS,RL,0.48272905940775157,62,8.14734936786513e-05,1,1,Internal
KEYS,ROK,0.41098748312852595,62,0.0010011834776031518,1,1,Internal
KEYS,ROL,-0.4777604798290501,62,9.873362379100807e-05,1,4,External
KEYS,RSG,-0.5619378818462587,62,2.449537116265605e-06,1,4,External
KEYS,SBAC,-0.4481069661744929,62,0.0002929428615231975,1,4,External
KEYS,SO,-0.4526591570216902,62,0.00024948530248327814,1,4,External
KEYS,STX,0.510462775694246,62,2.6352077996258928e-05,1,1,Internal
KEYS,SWK,0.41413920469412047,62,0.0009068172708276315,1,1,Internal
KEYS,SYF,0.6735306301408509,62,2.714321619814816e-09,1,1,Internal
KEYS,TEL,0.6935272568106827,62,5.809784195480817e-10,1,1,Internal
KEYS,TER,0.5807516483629135,62,9.268861172192708e-07,1,1,Internal
KEYS,TFC,0.4927705829288037,62,5.4751349115377135e-05,1,1,Internal
KEYS,TPR,0.5134992084906536,62,2.314842141756403e-05,1,1,Internal
KEYS,TRMB,0.6285496070452857,62,5.837528060736452e-08,1,1,Internal
KEYS,TSCO,-0.43683944822212134,62,0.00043178237332873036,1,5,External
KEYS,TXN,0.5224060325703669,62,1.5713008283451914e-05,1,1,Internal
KEYS,URI,0.4561922670239424,62,0.00021990898758450866,1,1,Internal
KEYS,USB,0.4588978237905703,62,0.00019946792101641582,1,1,Internal
KEYS,VLO,0.41498379856153356,62,0.0008829324600330938,1,1,Internal
KEYS,WDC,0.5352075448067718,62,8.830161093349183e-06,1,1,Internal
KEYS,WELL,-0.4460659849609766,62,0.00031458283514431735,1,4,External
KEYS,WFC,0.42322700622698006,62,0.0006779462768549719,1,1,Internal
KEYS,WM,-0.5002917686753535,62,4.0320554156876474e-05,1,4,External
KEYS,WTW,-0.4284708671242065,62,0.0005710640281449708,1,4,External
KEYS,XEL,-0.46357375763071496,62,0.00016819389006265077,1,4,External
KEYS,YUM,-0.4404009829286029,62,0.00038250556376325515,1,4,External
KEYS,ZBRA,0.631454342676031,62,4.859874352629189e-08,1,1,Internal
KHC,KMB,0.4874466534719713,62,6.769965833009697e-05,5,4,External
KHC,KO,0.5233594622308629,62,1.5064896011921827e-05,5,4,External
KHC,KR,0.4485264512527475,62,0.0002886670706808638,5,4,External
KHC,LIN,0.6160788267979955,62,1.2556137602002146e-07,5,4,External
KHC,LRCX,-0.4422567496460864,62,0.00035891142627081276,5,1,External
KHC,LW,0.5954169185027033,62,4.161301424591588e-07,5,5,Internal
KHC,MCD,0.4149618524535046,62,0.000883545828436967,5,4,External
KHC,MDLZ,0.7049031358309418,62,2.2840234547495319e-10,5,5,Internal
KHC,META,-0.5009166761533784,62,3.92958102260675e-05,5,1,External
KHC,MKC,0.6153674913211463,62,1.3103715479281528e-07,5,4,External
KHC,MNST,0.43253111806921674,62,0.0004990725010329975,5,4,External
KHC,O,0.595124001728157,62,4.2300481676056255e-07,5,4,External
KHC,ORLY,0.5271366782925326,62,1.2733537679902295e-05,5,4,External
KHC,OTIS,0.40322926867077796,62,0.0012723009726062719,5,4,External
KHC,PEP,0.6369869480405264,62,3.40957747805184e-08,5,5,Internal
KHC,PG,0.49888527235511143,62,4.271797138067419e-05,5,4,External
KHC,PH,-0.4187306195011514,62,0.000783677458219346,5,1,External
KHC,PNW,0.49387095351072213,62,5.2378066898913505e-05,5,4,External
KHC,PPL,0.44028252387514905,62,0.00038405854229920115,5,4,External
KHC,PSA,0.5649685709160558,62,2.1030355249132067e-06,5,4,External
KHC,REG,0.4811282415152755,62,8.670470767442361e-05,5,5,Internal
KHC,ROL,0.49442022042688716,62,5.122927234937581e-05,5,4,External
KHC,RSG,0.43762565256275004,62,0.0004204331214858248,5,4,External
KHC,SBAC,0.5102533813614927,62,2.6587479747036986e-05,5,4,External
KHC,SO,0.4795757830432437,62,9.20714663789312e-05,5,4,External
KHC,STZ,0.5253781502753404,62,1.3773732763316699e-05,5,5,Internal
KHC,SYY,0.6906406569851739,62,7.313185999635184e-10,5,4,External
KHC,TJX,0.43710008156908403,62,0.000427989499884086,5,5,Internal
KHC,TSCO,0.635977095709732,62,3.639354467354088e-08,5,5,Internal
KHC,TSN,0.49727319545326054,62,4.562745774195827e-05,5,4,External
KHC,UDR,0.4057200103233544,62,0.0011788179208183582,5,4,External
KHC,VICI,0.47713552744239407,62,0.00010112787511456493,5,4,External
KHC,VTR,0.48668098397574094,62,6.977829634110001e-05,5,4,External
KHC,VZ,0.43568404739372485,62,0.0004489672015812539,5,4,External
KHC,WEC,0.41205990743293336,62,0.0009681239964630176,5,4,External
KHC,WELL,0.4249773234311726,62,0.0006404098269677391,5,4,External
KHC,WM,0.4304303741867378,62,0.0005352208469566462,5,4,External
KHC,WST,0.41392369772482196,62,0.0009130043980895409,5,5,Internal
KHC,XEL,0.4454314348685985,62,0.0003216019909102566,5,4,External
KIM,MAA,0.4316293249135811,62,0.0005143092935445828,1,4,External
KIM,MAS,0.41182432085638715,62,0.0009753007962092171,1,1,Internal
KIM,NDSN,0.40173076314507455,62,0.0013317042921130219,1,1,Internal
KIM,PLD,0.5987867741966736,62,3.442318802353901e-07,1,1,Internal
KIM,REG,0.627906149638909,62,6.077877161543852e-08,1,5,External
KIM,SPG,0.5298767482822164,62,1.1257227936563168e-05,1,1,Internal
KIM,UDR,0.4492713526587284,62,0.0002812144211259181,1,4,External
KIM,WY,0.46962527292378387,62,0.00013438885521625015,1,1,Internal
KLAC,KR,-0.48859401581314077,62,6.469143303130993e-05,1,4,External
KLAC,KVUE,-0.4434417583368162,62,0.0003445469568797214,1,4,External
KLAC,L,-0.4295350841483817,62,0.0005513361065896231,1,4,External
KLAC,LNT,-0.4427589276160234,62,0.0003527587993206565,1,4,External
KLAC,LRCX,0.7994893507913883,62,1.1165712780502572e-14,1,1,Internal
KLAC,MAA,-0.4150499367204323,62,0.0008810862995214943,1,4,External
KLAC,MCHP,0.41917700481605485,62,0.000772551496036632,1,1,Internal
KLAC,MMC,-0.4838714759278128,62,7.791966517763411e-05,1,4,External
KLAC,MPWR,0.46122626263211036,62,0.0001832844847642299,1,1,Internal
KLAC,MU,0.4935132269614429,62,5.3138988877872395e-05,1,1,Internal
KLAC,NVDA,0.4053761174111021,62,0.0011913458799417418,1,1,Internal
KLAC,NXPI,0.5475811485148068,62,4.9446991933480715e-06,1,1,Internal
KLAC,O,-0.41222088825997844,62,0.0009632473869756661,1,4,External
KLAC,ON,0.44358823978605555,62,0.0003428081967577861,1,1,Internal
KLAC,ORLY,-0.5445389778838674,62,5.714572355887739e-06,1,4,External
KLAC,PCG,-0.43543949543987104,62,0.00045268332094455745,1,4,External
KLAC,PG,-0.43630775696928326,62,0.0004396147634114423,1,4,External
KLAC,PPL,-0.5197071338279259,62,1.769069068288097e-05,1,4,External
KLAC,PSA,-0.4395560652615114,62,0.00039370848592606446,1,4,External
KLAC,QCOM,0.5856208648671418,62,7.135777166472461e-07,1,1,Internal
KLAC,REG,-0.502049057775084,62,3.749998938772787e-05,1,5,External
KLAC,ROL,-0.4039621633455043,62,0.0012441247104143845,1,4,External
KLAC,RSG,-0.4590778587885876,62,0.00019817146931851783,1,4,External
KLAC,SBAC,-0.4706639778346605,62,0.00012925687462382037,1,4,External
KLAC,SO,-0.5028304428295285,62,3.6305385327534344e-05,1,4,External
KLAC,SRE,-0.49453908219359466,62,5.098375346709756e-05,1,4,External
KLAC,TER,0.598761269671544,62,3.4472923104095654e-07,1,1,Internal
KLAC,TRV,-0.5152730133716237,62,2.144800760285963e-05,1,4,External
KLAC,TXN,0.4235139703697084,62,0.000671658789202852,1,1,Internal
KLAC,UDR,-0.43609222847886814,62,0.0004428263618723218,1,4,External
KLAC,VRSK,-0.40736058128978264,62,0.0011206690681072962,1,4,External
KLAC,WEC,-0.45601496275251446,62,0.00022131321215361445,1,4,External
KLAC,WELL,-0.42323793387337066,62,0.0006777058754607625,1,4,External
KLAC,WM,-0.4592126814183393,62,0.00019720565150620618,1,4,External
KLAC,WRB,-0.4177137389070581,62,0.000809565578424421,1,4,External
KLAC,WTW,-0.43397817930573335,62,0.00047547767665451424,1,4,External
KLAC,XEL,-0.463817962708502,62,0.0001666912722177285,1,4,External
KMB,KO,0.6729371304787728,62,2.836247429312261e-09,4,4,Internal
KMB,KR,0.47043277174869946,62,0.00013038338672009643,4,4,Internal
KMB,KVUE,0.43062486138316236,62,0.0005317770976442481,4,4,Internal
KMB,L,0.4773764778247788,62,0.00010019851926908081,4,4,Internal
KMB,LIN,0.48927402405332426,62,6.296720608635787e-05,4,4,Internal
KMB,MCD,0.5761549510426506,62,1.1818926365065626e-06,4,4,Internal
KMB,MCK,0.49045999740333,62,6.006108890299906e-05,4,4,Internal
KMB,MCO,0.4191647120490451,62,0.0007728559652800574,4,4,Internal
KMB,MDLZ,0.5534475639436963,62,3.725636197308871e-06,4,5,External
KMB,META,-0.491500223077525,62,5.761447248698362e-05,4,1,External
KMB,MLM,0.4106478210280911,62,0.0010118644773223946,4,5,External
KMB,MMC,0.4188683583970474,62,0.0007802290189215841,4,4,Internal
KMB,MNST,0.4574075636797285,62,0.00021050121714555285,4,4,Internal
KMB,MU,-0.4320648347404861,62,0.0005068989167214796,4,1,External
KMB,O,0.5289053501416454,62,1.1761360236695376e-05,4,4,Internal
KMB,ORLY,0.5384863375470115,62,7.589386088150895e-06,4,4,Internal
KMB,OTIS,0.6595265714257244,62,7.457880535664039e-09,4,4,Internal
KMB,PEP,0.5406967567303467,62,6.846717523968819e-06,4,5,External
KMB,PG,0.8068193908163491,62,4.1597455609055e-15,4,4,Internal
KMB,PH,-0.4005730305345303,62,0.0013792930092078842,4,1,External
KMB,PNW,0.5595045301031802,62,2.765630425237031e-06,4,4,Internal
KMB,PPL,0.5253492852299608,62,1.3791447187652816e-05,4,4,Internal
KMB,PSA,0.4709405172601187,62,0.00012792121951603642,4,4,Internal
KMB,RCL,-0.49951746771186656,62,4.1624530963900424e-05,4,1,External
KMB,REG,0.411228055047195,62,0.0009936800825961346,4,5,External
KMB,ROL,0.6315627630791018,62,4.826561216789924e-08,4,4,Internal
KMB,ROP,0.5490121523475385,62,4.617058051593565e-06,4,4,Internal
KMB,RSG,0.5087983625540343,62,2.8277778234992536e-05,4,4,Internal
KMB,SBAC,0.5202443497042393,62,1.727951429401418e-05,4,4,Internal
KMB,SO,0.571710868635322,62,1.4897345802164379e-06,4,4,Internal
KMB,SRE,0.43049662503406394,62,0.0005340454888708332,4,4,Internal
KMB,STE,0.408476014372997,62,0.0010826221960992008,4,5,External
KMB,STZ,0.4685144365357938,62,0.00014008360844079926,4,5,External
KMB,SYY,0.5470561032539176,62,5.0702572569229825e-06,4,4,Internal
KMB,TJX,0.47473584863390494,62,0.00011082577292479303,4,5,External
KMB,TRV,0.47506569158564166,62,0.00010944394315377887,4,4,Internal
KMB,TSN,0.45695774372048,62,0.0002139395503475734,4,4,Internal
KMB,VRSK,0.490446807297513,62,6.009271823424839e-05,4,4,Internal
KMB,VTR,0.4191171382511012,62,0.0007740353036260521,4,4,Internal
KMB,VZ,0.6074159921727755,62,2.096707245635798e-07,4,4,Internal
KMB,WEC,0.5328502579704482,62,9.836149930939795e-06,4,4,Internal
KMB,WELL,0.4238016540219556,62,0.0006654085878640469,4,4,Internal
KMB,WM,0.5799723000106186,62,9.661305518846274e-07,4,4,Internal
KMB,WRB,0.4418079765242437,62,0.00036449227741770475,4,4,Internal
KMB,WTW,0.464705644228341,62,0.00016133230555882548,4,4,Internal
KMB,XEL,0.42023053571107194,62,0.0007468569196040914,4,4,Internal
KMB,YUM,0.43523842568053067,62,0.000455759621388858,4,4,Internal
KMI,L,0.5379202425003579,62,7.791299658156225e-06,4,4,Internal
KMI,LNT,0.5600743363165764,62,2.6883680038981264e-06,4,4,Internal
KMI,MCK,0.44569828725360855,62,0.0003186329541555898,4,4,Internal
KMI,MO,0.41953482599806674,62,0.0007637363146025921,4,4,Internal
KMI,NDAQ,0.4432731035933816,62,0.00034655886769334644,4,4,Internal
KMI,NI,0.6607661169881366,62,6.834293566780908e-09,4,4,Internal
KMI,OKE,0.6332687096905585,62,4.329947505020971e-08,4,2,External
KMI,ON,-0.44478712017700206,62,0.0003288749816993333,4,1,External
KMI,PCAR,-0.4154940826629137,62,0.0008687785817904216,4,1,External
KMI,PCG,0.436683894914722,62,0.00043406060656590005,4,4,Internal
KMI,PEG,0.5856150284433442,62,7.138032746460806e-07,4,4,Internal
KMI,PGR,0.49848475616597715,62,4.3424369876216436e-05,4,4,Internal
KMI,PM,0.5109298518372588,62,2.5833928071272872e-05,4,4,Internal
KMI,PNW,0.5331529636109653,62,9.701253018427306e-06,4,4,Internal
KMI,PPG,-0.4730693117296545,62,0.0001180558365031437,4,1,External
KMI,PPL,0.5151244717683711,62,2.1585831578471215e-05,4,4,Internal
KMI,ROL,0.41587876024400505,62,0.0008582445038399222,4,4,Internal
KMI,RSG,0.40185050579878073,62,0.0013268674568876245,4,4,Internal
KMI,SCHW,0.4167541988647257,62,0.0008347001220856246,4,2,External
KMI,SO,0.5009467135039571,62,3.924716572679385e-05,4,4,Internal
KMI,SRE,0.4329693352256757,62,0.0004918173672264086,4,4,Internal
KMI,SWK,-0.40208212749738736,62,0.0013175562126806982,4,1,External
KMI,SWKS,-0.45486278328157786,62,0.00023063987945383185,4,1,External
KMI,T,0.5777002802204323,62,1.089614675679121e-06,4,4,Internal
KMI,TPL,0.4172971614079067,62,0.0008203923066591309,4,2,External
KMI,TRGP,0.4895486718683941,62,6.228290139172034e-05,4,2,External
KMI,TRV,0.5010137934838895,62,3.913873279670889e-05,4,4,Internal
KMI,VRSK,0.4463691984914932,62,0.0003112783737948771,4,4,Internal
KMI,VZ,0.40539614131006096,62,0.0011906131406365103,4,4,Internal
KMI,WEC,0.5267243737193461,62,1.2970652520434026e-05,4,4,Internal
KMI,WELL,0.5084933052467213,62,2.8644549258896648e-05,4,4,Internal
KMI,WMB,0.8207394913726491,62,5.651834011418971e-16,4,4,Internal
KMI,WRB,0.5616776541943936,62,2.481652348205217e-06,4,4,Internal
KMI,XEL,0.5122453335399796,62,2.442488054982477e-05,4,4,Internal
KO,KR,0.5567151500060297,62,3.17471713760428e-06,4,4,Internal
KO,KVUE,0.4034181723508405,62,0.0012649841759134553,4,4,Internal
KO,L,0.6204652316502555,62,9.627590181235613e-08,4,4,Internal
KO,LIN,0.6234773402349754,62,8.003547952966098e-08,4,4,Internal
KO,LNT,0.6629155308285819,62,5.8683471460660934e-09,4,4,Internal
KO,LRCX,-0.48117709643634454,62,8.654058917120028e-05,4,1,External
KO,MA,0.47471036488176627,62,0.00011093319773413999,4,4,Internal
KO,MAA,0.48526802298768706,62,7.376933365634695e-05,4,4,Internal
KO,MCD,0.7462622154429903,62,5.103597930976689e-12,4,4,Internal
KO,MCHP,-0.4198920044678169,62,0.0007550277898614459,4,1,External
KO,MCK,0.6896492988139049,62,7.909812604773917e-10,4,4,Internal
KO,MCO,0.43748530737095004,62,0.0004224389621753369,4,4,Internal
KO,MDLZ,0.6003680903211998,62,3.1467942240434105e-07,4,5,External
KO,META,-0.47802977997677,62,9.771807025721299e-05,4,1,External
KO,MKC,0.5419226356246916,62,6.464605082174285e-06,4,4,Internal
KO,MMC,0.4656229495443618,62,0.0001559607877776934,4,4,Internal
KO,MNST,0.5452458815907777,62,5.5263144773640715e-06,4,4,Internal
KO,MO,0.5959718958929685,62,4.033918690029796e-07,4,4,Internal
KO,MOH,0.40979520192435215,62,0.0010391299867610515,4,4,Internal
KO,MPWR,-0.5373853635250719,62,7.986664292132721e-06,4,1,External
KO,MU,-0.4888098550033083,62,6.41394935584539e-05,4,1,External
KO,NEE,0.4858731411730941,62,7.203505854119304e-05,4,4,Internal
KO,NI,0.605539447955729,62,2.3383188224445688e-07,4,4,Internal
KO,O,0.6541127062089477,62,1.0869255334116333e-08,4,4,Internal
KO,ON,-0.4102546813607415,62,0.0010243553305182747,4,1,External
KO,ORLY,0.696784261009541,62,4.466684894191365e-10,4,4,Internal
KO,OTIS,0.6315272236709931,62,4.837457200070468e-08,4,4,Internal
KO,PAYX,0.4453604299645212,62,0.00032239623847780876,4,4,Internal
KO,PEG,0.4453156370254323,62,0.0003228982033604618,4,4,Internal
KO,PEP,0.624594334522007,62,7.469847770821889e-08,4,5,External
KO,PG,0.7203969077917003,62,5.953360377559368e-11,4,4,Internal
KO,PGR,0.543882276111487,62,5.894801063851259e-06,4,4,Internal
KO,PH,-0.4611751616347683,62,0.0001836263513566883,4,1,External
KO,PM,0.6352980336298957,62,3.802004264012565e-08,4,4,Internal
KO,PNW,0.7501700431983263,62,3.4318091023359544e-12,4,4,Internal
KO,PPL,0.7679403530217904,62,5.128685837846548e-13,4,4,Internal
KO,PSA,0.5388181915443171,62,7.473297558270229e-06,4,4,Internal
KO,RL,-0.4639272046328747,62,0.00016602308623784809,4,1,External
KO,ROL,0.7795064035010604,62,1.356397141571736e-13,4,4,Internal
KO,ROP,0.6028619667035938,62,2.7287278399209964e-07,4,4,Internal
KO,RSG,0.6976844472363137,62,4.151096554745945e-10,4,4,Internal
KO,SBAC,0.6828479062101237,62,1.34356064265994e-09,4,4,Internal
KO,SO,0.7749389974084933,62,2.315034344635252e-13,4,4,Internal
KO,SPGI,0.40078721052194966,62,0.0013703756075516224,4,4,Internal
KO,SRE,0.5420907565076699,62,6.4137783661370414e-06,4,4,Internal
KO,STE,0.4304209311440609,62,0.0005353885672627441,4,5,External
KO,STZ,0.5506313852854304,62,4.270790506437028e-06,4,5,External
KO,SWK,-0.4305921663422031,62,0.0005323546128115342,4,1,External
KO,SYF,-0.5624968160245143,62,2.3818668021183365e-06,4,1,External
KO,SYY,0.6178245966790655,62,1.1302214792303828e-07,4,4,Internal
KO,T,0.5682797143801342,62,1.7771523547242685e-06,4,4,Internal
KO,TAP,0.5301992213141506,62,1.1094364336232954e-05,4,4,Internal
KO,TER,-0.4752696979276063,62,0.00010859723045189711,4,1,External
KO,TFC,-0.41956241072121214,62,0.0007630605366761265,4,1,External
KO,TJX,0.4083711369107754,62,0.001086149284463797,4,5,External
KO,TMUS,0.4810963657120991,62,8.681194251701602e-05,4,4,Internal
KO,TPR,-0.4131797571075553,62,0.0009346565819443712,4,1,External
KO,TRV,0.6414286156225623,62,2.5520614333649957e-08,4,4,Internal
KO,TSCO,0.40154109987509307,62,0.0013393979053600387,4,5,External
KO,TSN,0.5217922370636597,62,1.6143843948453298e-05,4,4,Internal
KO,TYL,0.4370651717949987,62,0.00042849576166442807,4,5,External
KO,V,0.508142151672193,62,2.9072192493699544e-05,4,4,Internal
KO,VICI,0.5645647738908662,62,2.1463955470361797e-06,4,4,Internal
KO,VRSK,0.681393848634809,62,1.5019390627190416e-09,4,4,Internal
KO,VTR,0.6319755615422626,62,4.701687109939712e-08,4,4,Internal
KO,VZ,0.7299565548769407,62,2.481236602217452e-11,4,4,Internal
KO,WEC,0.7093629661524234,62,1.5649340583893145e-10,4,4,Internal
KO,WELL,0.6364781373453606,62,3.523581081518814e-08,4,4,Internal
KO,WM,0.7281310376311704,62,2.9409184549529684e-11,4,4,Internal
KO,WMT,0.4069299275742319,62,0.0011356777475405228,4,4,Internal
KO,WRB,0.632230710566503,62,4.6260345127811435e-08,4,4,Internal
KO,WTW,0.5485535257327869,62,4.719791559343365e-06,4,4,Internal
KO,XEL,0.7609514594513986,62,1.1045100620218114e-12,4,4,Internal
KO,YUM,0.6301070433467012,62,5.292367159391322e-08,4,4,Internal
KO,ZBRA,-0.511259911939692,62,2.547348487474524e-05,4,1,External
KR,KVUE,0.407867003424249,62,0.0011032484867191756,4,4,Internal
KR,L,0.5921494976720303,62,4.991259528793672e-07,4,4,Internal
KR,LIN,0.403238151069663,62,0.0012719560802866155,4,4,Internal
KR,LNT,0.5591338303800273,62,2.8170039633911606e-06,4,4,Internal
KR,LRCX,-0.48846151095618423,62,6.503243722572665e-05,4,1,External
KR,MAA,0.4552331058854129,62,0.00022760373036072323,4,4,Internal
KR,MCD,0.5052632190255333,62,3.280769784469703e-05,4,4,Internal
KR,MDLZ,0.6136189610200097,62,1.4546853705081947e-07,4,5,External
KR,META,-0.4550292505341498,62,0.00022927051973145203,4,1,External
KR,MMC,0.4371739484989866,62,0.0004269200739728505,4,4,Internal
KR,MNST,0.4279998257585606,62,0.0005799986248582637,4,4,Internal
KR,MO,0.5240773086849754,62,1.4593403349193286e-05,4,4,Internal
KR,MPWR,-0.48384776534277685,62,7.799194995219085e-05,4,1,External
KR,NI,0.4946672264409319,62,5.072027785039388e-05,4,4,Internal
KR,NVDA,-0.5000902577146933,62,4.0656228573639e-05,4,1,External
KR,O,0.43338173749109876,62,0.0004850772616550478,4,4,Internal
KR,ORLY,0.6065360375521512,62,2.2069211330222815e-07,4,4,Internal
KR,OTIS,0.41518137419342577,62,0.0008774277374677806,4,4,Internal
KR,PG,0.49900494757892466,62,4.2508967187659376e-05,4,4,Internal
KR,PGR,0.5556007000861864,62,3.353436356520711e-06,4,4,Internal
KR,PM,0.5385357806321873,62,7.571984203073801e-06,4,4,Internal
KR,PNW,0.5459536967143686,62,5.343619739249565e-06,4,4,Internal
KR,PPL,0.6163629588624715,62,1.2343500603846712e-07,4,4,Internal
KR,PSA,0.44998726279596335,62,0.00027421773456993824,4,4,Internal
KR,REG,0.42194041760528533,62,0.0007067961550401804,4,5,External
KR,ROL,0.660159807237527,62,7.13287606762794e-09,4,4,Internal
KR,ROP,0.633470924498821,62,4.2743884899434606e-08,4,4,Internal
KR,RSG,0.5615854197818824,62,2.4931293545382436e-06,4,4,Internal
KR,SBAC,0.5978401404210134,62,3.6315113051240627e-07,4,4,Internal
KR,SO,0.6407442092903705,62,2.6693698212610382e-08,4,4,Internal
KR,SRE,0.4058753930608442,62,0.0011731963467247677,4,4,Internal
KR,STZ,0.48188301557274765,62,8.420088046005775e-05,4,5,External
KR,SYY,0.5470352795574419,62,5.075297755911102e-06,4,4,Internal
KR,T,0.5240929370169158,62,1.4583292539225228e-05,4,4,Internal
KR,TDG,0.42959402620288484,62,0.000550261760819774,4,2,External
KR,TMUS,0.4639281117390202,62,0.0001660175481478034,4,4,Internal
KR,TRV,0.5468169171824853,62,5.128435825886206e-06,4,4,Internal
KR,VRSK,0.4592548900248287,62,0.00019690417177062506,4,4,Internal
KR,VTR,0.44167552248487096,62,0.00036615448868709295,4,4,Internal
KR,VZ,0.574991875968024,62,1.256119880582721e-06,4,4,Internal
KR,WEC,0.5935401753208732,62,4.620627082103553e-07,4,4,Internal
KR,WELL,0.4667946877254194,62,0.00014933788837786472,4,4,Internal
KR,WM,0.5604915264132865,62,2.6330837228965537e-06,4,4,Internal
KR,WMT,0.5150461968736791,62,2.16587886444754e-05,4,4,Internal
KR,WRB,0.5868422318107612,62,6.678193998391861e-07,4,4,Internal
KR,WTW,0.4673816760327831,62,0.00014611799385300285,4,4,Internal
KR,XEL,0.5923490389360514,62,4.936415928108029e-07,4,4,Internal
KR,YUM,0.5238022631860858,62,1.47724140139205e-05,4,4,Internal
KVUE,L,0.46709631767851933,62,0.00014767527420690227,4,4,Internal
KVUE,LNT,0.48792652062700803,62,6.642616568899276e-05,4,4,Internal
KVUE,LRCX,-0.5331532742065581,62,9.701115493633856e-06,4,1,External
KVUE,MAA,0.40091052994358867,62,0.0013652647228363536,4,4,Internal
KVUE,META,-0.4174038945097103,62,0.0008176059476151855,4,1,External
KVUE,MO,0.44692874070154087,62,0.0003052633877005297,4,4,Internal
KVUE,MPWR,-0.46465406687344485,62,0.00016163930631694126,4,1,External
KVUE,NVDA,-0.47510592209805935,62,0.00010927649085108306,4,1,External
KVUE,NXPI,-0.447251514974006,62,0.0003018420226849631,4,1,External
KVUE,O,0.476110992570475,62,0.00010516871294393538,4,4,Internal
KVUE,ON,-0.4578771833885468,62,0.0002069655357362605,4,1,External
KVUE,ORLY,0.4473118409398178,62,0.0003012064684146126,4,4,Internal
KVUE,OTIS,0.40902811784121634,62,0.0010642242243734312,4,4,Internal
KVUE,PG,0.5053530360930076,62,3.268474171820838e-05,4,4,Internal
KVUE,PNW,0.4544627131099545,62,0.00023396148551159187,4,4,Internal
KVUE,PPL,0.5044168099066061,62,3.398760078881408e-05,4,4,Internal
KVUE,PSA,0.5008730057817778,62,3.936663237269993e-05,4,4,Internal
KVUE,ROL,0.43103890917159643,62,0.0005245125210922892,4,4,Internal
KVUE,ROP,0.4424419945122932,62,0.0003566305400941575,4,4,Internal
KVUE,RSG,0.44918450999223813,62,0.00028207413591717313,4,4,Internal
KVUE,SBAC,0.48192917751929876,62,8.404992760529079e-05,4,4,Internal
KVUE,SO,0.5190802985017879,62,1.818193051783384e-05,4,4,Internal
KVUE,SRE,0.4548480379967997,62,0.00023076153389553337,4,4,Internal
KVUE,T,0.4143418122332203,62,0.000901035027496652,4,4,Internal
KVUE,TER,-0.4001939836476108,62,0.001395202504974447,4,1,External
KVUE,TRV,0.5458861922143319,62,5.3607973386982515e-06,4,4,Internal
KVUE,TSN,0.4082840164733586,62,0.001089087061916806,4,4,Internal
KVUE,VZ,0.452972941487676,62,0.00024671859994801194,4,4,Internal
KVUE,WEC,0.5153497501551737,62,2.1377127585491175e-05,4,4,Internal
KVUE,WELL,0.5288568349600578,62,1.1787080452503149e-05,4,4,Internal
KVUE,WM,0.4738648243503718,62,0.00011455222647039849,4,4,Internal
KVUE,WRB,0.5116122433479754,62,2.5093864890194756e-05,4,4,Internal
KVUE,WTW,0.50471447758535,62,3.356824590342108e-05,4,4,Internal
KVUE,XEL,0.475490416903353,62,0.00010768793577206785,4,4,Internal
L,LIN,0.5027775858828966,62,3.6385071308627383e-05,4,4,Internal
L,LNT,0.6694589533260593,62,3.6619130553026913e-09,4,4,Internal
L,LRCX,-0.5287039435828021,62,1.1868477881433188e-05,4,1,External
L,MAA,0.5510287138381491,62,4.189607381620489e-06,4,4,Internal
L,MCD,0.5867001409328984,62,6.729976462924039e-07,4,4,Internal
L,MCK,0.5859824463701295,62,6.997334883517426e-07,4,4,Internal
L,MCO,0.5445374708484029,62,5.714980009573446e-06,4,4,Internal
L,MDLZ,0.4075031896250617,62,0.0011157385503565713,4,5,External
L,META,-0.48688882872592937,62,6.920830074818511e-05,4,1,External
L,MKC,0.501764293427943,62,3.794430652043039e-05,4,4,Internal
L,MMC,0.6026039694701361,62,2.769422702641325e-07,4,4,Internal
L,MO,0.5863051069521877,62,6.875926248893282e-07,4,4,Internal
L,MPWR,-0.6793691954029418,62,1.7521898445579646e-09,4,1,External
L,NEE,0.5209810063779402,62,1.6730096397272706e-05,4,4,Internal
L,NI,0.5930772564173796,62,4.7410301085484567e-07,4,4,Internal
L,NVDA,-0.5150936476946372,62,2.161453429385667e-05,4,1,External
L,NXPI,-0.4577516050729721,62,0.00020790563142004075,4,1,External
L,O,0.5593520295073019,62,2.786657843288789e-06,4,4,Internal
L,ON,-0.4228451948894982,62,0.0006863945249470844,4,1,External
L,ORLY,0.6071077955310771,62,2.1347056025545435e-07,4,4,Internal
L,OTIS,0.5377174139055126,62,7.864853090606753e-06,4,4,Internal
L,PAYX,0.47074631346703166,62,0.00012885787042020137,4,4,Internal
L,PEG,0.6162083223155309,62,1.2458802143764085e-07,4,4,Internal
L,PEP,0.4188356436543311,62,0.000781046822479769,4,5,External
L,PG,0.5371452616586164,62,8.075836277117032e-06,4,4,Internal
L,PGR,0.7493777002009103,62,3.721548618606646e-12,4,4,Internal
L,PM,0.6033547004879386,62,2.652564930883898e-07,4,4,Internal
L,PNW,0.6523990761994978,62,1.2226335011904435e-08,4,4,Internal
L,PPL,0.7436416714479798,62,6.6330954028752635e-12,4,4,Internal
L,PSA,0.41324107357078643,62,0.0009328546183400192,4,4,Internal
L,RL,-0.4634715357522801,62,0.00016882654795947357,4,1,External
L,ROL,0.6514332848664208,62,1.3060252518306808e-08,4,4,Internal
L,ROP,0.4806564095063839,62,8.830454022947618e-05,4,4,Internal
L,RSG,0.6128791487226422,62,1.5201431769418232e-07,4,4,Internal
L,SBAC,0.5261680867717963,62,1.3297076246036587e-05,4,4,Internal
L,SO,0.6766395370139527,62,2.1526993277521445e-09,4,4,Internal
L,SPGI,0.5669883795207853,62,1.8981758233900298e-06,4,4,Internal
L,SRE,0.5794243081210658,62,9.946517958070097e-07,4,4,Internal
L,SWKS,-0.43587060654908,62,0.0004461509896711475,4,1,External
L,SYY,0.5642207743243545,62,2.1839925500423724e-06,4,4,Internal
L,T,0.6169792089582228,62,1.1893916138802978e-07,4,4,Internal
L,TER,-0.529771910882206,62,1.1310652550568179e-05,4,1,External
L,TMUS,0.506032590313976,62,3.176818233683141e-05,4,4,Internal
L,TRV,0.8390967806919686,62,3.0719386502787484e-17,4,4,Internal
L,TSN,0.5553091332063449,62,3.4017204876457676e-06,4,4,Internal
L,UDR,0.5171291272462265,62,1.9793224841222038e-05,4,4,Internal
L,UHS,0.45707824301782746,62,0.00021301347619552568,4,4,Internal
L,VICI,0.45381326086971147,62,0.00023944681169555093,4,4,Internal
L,VRSK,0.6524680350833607,62,1.2168760652455866e-08,4,4,Internal
L,VTR,0.6037219888786577,62,2.597097867073625e-07,4,4,Internal
L,VZ,0.6511856108414608,62,1.3282617880246346e-08,4,4,Internal
L,WEC,0.6527801334623968,62,1.191137922956834e-08,4,4,Internal
L,WELL,0.6516111253011534,62,1.2902761712715146e-08,4,4,Internal
L,WM,0.5742204955810729,62,1.3077338742531e-06,4,4,Internal
L,WRB,0.8083569642136746,62,3.3635530908371777e-15,4,4,Internal
L,WTW,0.6973474121575699,62,4.2666889190411006e-10,4,4,Internal
L,XEL,0.6360280098923646,62,3.627428027092852e-08,4,4,Internal
L,YUM,0.5804521581688276,62,9.417868469130342e-07,4,4,Internal
LEN,LOW,0.7241819082550721,62,4.22823067291367e-11,1,1,Internal
LEN,LULU,0.420837335937401,62,0.0007324109789116025,1,1,Internal
LEN,MAS,0.6910517975561203,62,7.078506806721531e-10,1,1,Internal
LEN,MHK,0.7612158543713807,62,1.0734266681335476e-12,1,1,Internal
LEN,MTB,0.44214958381657565,62,0.0003602369984432999,1,1,Internal
LEN,MTD,0.43931083533609244,62,0.00039701549404552006,1,5,External
LEN,NDSN,0.446519634187836,62,0.00030965068163497114,1,1,Internal
LEN,NKE,0.5161142812929119,62,2.0682711391366214e-05,1,1,Internal
LEN,NVR,0.8447232591730244,62,1.1688410836708163e-17,1,1,Internal
LEN,ODFL,0.49005974539840136,62,6.102774435386844e-05,1,1,Internal
LEN,OMC,0.4362797033052464,62,0.00044003158982562206,1,1,Internal
LEN,PCAR,0.5726372883486801,62,1.4199518723426041e-06,1,1,Internal
LEN,PHM,0.9298635731128634,62,2.6516683585401932e-27,1,1,Internal
LEN,PKG,0.44441426007588336,62,0.0003331519788706784,1,1,Internal
LEN,PLD,0.4827460426945117,62,8.141958707658868e-05,1,1,Internal
LEN,PNC,0.4175576761566763,62,0.0008136063834568436,1,1,Internal
LEN,PNR,0.6220999001295611,62,8.711231243062956e-08,1,1,Internal
LEN,POOL,0.5931551742265958,62,4.7205599412531305e-07,1,1,Internal
LEN,PPG,0.5442363398337524,62,5.796982141059838e-06,1,1,Internal
LEN,RF,0.4088051877261595,62,0.001071618830280295,1,1,Internal
LEN,RL,0.44135824483786384,62,0.0003701642245934793,1,1,Internal
LEN,RTX,-0.4442388634255325,62,0.0003351813955884051,1,2,External
LEN,RVTY,0.4222659255795244,62,0.0006993939797541443,1,5,External
LEN,SCHW,-0.4668888001262715,62,0.0001488172983666946,1,2,External
LEN,SHW,0.5548373965728733,62,3.4812182704762403e-06,1,5,External
LEN,SW,0.403883672719914,62,0.0012471152248052727,1,1,Internal
LEN,SWK,0.6082771666924237,62,1.9938766222658198e-07,1,1,Internal
LEN,TGT,0.6059562707382257,62,2.282490914988313e-07,1,1,Internal
LEN,TROW,0.5871574404883354,62,6.564653454219209e-07,1,1,Internal
LEN,UPS,0.583049110045175,62,8.197153150407603e-07,1,1,Internal
LEN,WAT,0.45678140825361,62,0.00021530138093206556,1,5,External
LEN,WY,0.6276318975035403,62,6.183129363986556e-08,1,1,Internal
LH,LW,0.433030147268296,62,0.0004908181668501159,5,5,Internal
LH,MRK,0.41746712578500716,62,0.0008159592780270824,5,5,Internal
LH,MTD,0.5002598862708276,62,4.0373492323520664e-05,5,5,Internal
LH,PFE,0.5445429969965387,62,5.713485316860157e-06,5,5,Internal
LH,RVTY,0.47531987229169737,62,0.00010838990997241149,5,5,Internal
LH,SBAC,0.44786775826200076,62,0.0002954068886453697,5,4,External
LH,SHW,0.43151084338057516,62,0.0005163422529267466,5,5,Internal
LH,TECH,0.5305349428576039,62,1.0927139180033244e-05,5,5,Internal
LH,TMO,0.4937757231314844,62,5.257964359994077e-05,5,5,Internal
LH,WAT,0.5004900752813624,62,3.9992719858605436e-05,5,5,Internal
LHX,LMT,0.6314325909720605,62,4.866583839665717e-08,2,2,Internal
LHX,LRCX,-0.4025071290348649,62,0.001300623684738244,2,1,External
LHX,MCK,0.4165681856984089,62,0.0008396534350414834,2,4,External
LHX,MGM,-0.4411228023557582,62,0.0003731655326184982,2,1,External
LHX,NOC,0.514842535857731,62,2.1849685904706005e-05,2,2,Internal
LHX,RSG,0.480535538953324,62,8.871872124888302e-05,2,4,External
LHX,TPR,-0.4335984994772906,62,0.0004815683514826289,2,1,External
LHX,WFC,-0.4119255390751123,62,0.0009722114723223147,2,1,External
LHX,WM,0.40224204896972454,62,0.0013111616525001404,2,4,External
LIN,LNT,0.4920591108970413,62,5.633825669240747e-05,4,4,Internal
LIN,LRCX,-0.5415773735577725,62,6.570164450226211e-06,4,1,External
LIN,LW,0.488259668321611,62,6.555506928371977e-05,4,5,External
LIN,MA,0.4062638972414578,62,0.0011592461425510789,4,4,Internal
LIN,MAR,-0.4028072581195418,62,0.001288784337820491,4,1,External
LIN,MCD,0.44477441325493133,62,0.00032901991234328317,4,4,Internal
LIN,MCK,0.507020879178423,62,3.0477594266586166e-05,4,4,Internal
LIN,MDLZ,0.5561249056813801,62,3.2682327559293614e-06,4,5,External
LIN,META,-0.5565973026705808,62,3.193186248726513e-06,4,1,External
LIN,MKC,0.4123020475184393,62,0.0009607972329480691,4,4,Internal
LIN,MLM,0.42360494657962294,62,0.0006696765203895837,4,5,External
LIN,MMC,0.4229054647277369,62,0.0006850546448562485,4,4,Internal
LIN,MNST,0.5938681464722784,62,4.5370679649554347e-07,4,4,Internal
LIN,MO,0.4171421400927327,62,0.0008244545553624278,4,4,Internal
LIN,MU,-0.42122976942018575,62,0.0007232035297339947,4,1,External
LIN,NVDA,-0.42409072940295073,62,0.0006591812538262322,4,1,External
LIN,O,0.6525890480889563,62,1.2068345316445181e-08,4,4,Internal
LIN,ORLY,0.5384543216905598,62,7.600674178531402e-06,4,4,Internal
LIN,OTIS,0.6659937881468122,62,4.707608237465861e-09,4,4,Internal
LIN,PAYX,0.4550177884463812,62,0.00022936456808494147,4,4,Internal
LIN,PEP,0.5595002727108787,62,2.7662154348417824e-06,4,5,External
LIN,PG,0.5642722679792554,62,2.178325690164744e-06,4,4,Internal
LIN,PM,0.4575396832011715,62,0.00020950096906530597,4,4,Internal
LIN,PNW,0.6198275030332819,62,1.0009134363102892e-07,4,4,Internal
LIN,PPL,0.5736225981566643,62,1.3490993028811192e-06,4,4,Internal
LIN,PSA,0.5593781996766851,62,2.783038804831762e-06,4,4,Internal
LIN,REG,0.4788404401172887,62,9.471869519915006e-05,4,5,External
LIN,ROL,0.6121214772807873,62,1.590049321571538e-07,4,4,Internal
LIN,ROP,0.5766028884112783,62,1.1544175179667247e-06,4,4,Internal
LIN,RSG,0.6411255134106687,62,2.6033996582239753e-08,4,4,Internal
LIN,SBAC,0.6925079924816017,62,6.303526948339969e-10,4,4,Internal
LIN,SO,0.574805791073752,62,1.2683934177709077e-06,4,4,Internal
LIN,SRE,0.4230848967292755,62,0.0006810796363861483,4,4,Internal
LIN,STZ,0.42541508799882827,62,0.000631321032027213,4,5,External
LIN,SYF,-0.4682406545669176,62,0.00014152075860228644,4,1,External
LIN,SYY,0.638913913875632,62,3.008620547762329e-08,4,4,Internal
LIN,TRV,0.5749659711358944,62,1.2578217855784631e-06,4,4,Internal
LIN,TSCO,0.4219550525399093,62,0.0007064618346749593,4,5,External
LIN,TSN,0.40833489717438265,62,0.001087370451795684,4,4,Internal
LIN,TYL,0.48363328770498065,62,7.864862380993194e-05,4,5,External
LIN,UDR,0.4266401825384206,62,0.0006065036448708641,4,4,Internal
LIN,VICI,0.6145863325054619,62,1.373092291948123e-07,4,4,Internal
LIN,VRSK,0.6335973960431572,62,4.239982922972655e-08,4,4,Internal
LIN,VTR,0.580159813929704,62,9.565483950554387e-07,4,4,Internal
LIN,VZ,0.5722796868583007,62,1.4465173994714744e-06,4,4,Internal
LIN,WEC,0.5027465280598301,62,3.643196880998815e-05,4,4,Internal
LIN,WELL,0.5269873998853231,62,1.2818918033531533e-05,4,4,Internal
LIN,WM,0.6132901872055274,62,1.483440240614954e-07,4,4,Internal
LIN,WRB,0.4013678976678552,62,0.0013464586520075534,4,4,Internal
LIN,WTW,0.4118767967961825,62,0.0009736980523564155,4,4,Internal
LIN,XEL,0.49671423858301267,62,4.667826498272318e-05,4,4,Internal
LIN,YUM,0.4175377227909944,62,0.0008141243317614087,4,4,Internal
LIN,ZTS,0.41979721543913173,62,0.0007573300842442423,4,5,External
LKQ,MDLZ,0.4275047201563113,62,0.0005895261468395395,5,5,Internal
LKQ,NOW,-0.7909052847225191,62,3.3740076956912905e-14,5,1,External
LKQ,PEP,0.5970799831502611,62,3.7904639702822303e-07,5,5,Internal
LKQ,PG,0.5191403907562864,62,1.8134294541884057e-05,5,4,External
LKQ,POOL,0.7500957417663752,62,3.458036629047449e-12,5,1,External
LKQ,REG,0.4579502854354753,62,0.00020642007668832251,5,5,Internal
LKQ,RMD,-0.6960739805777217,62,4.731649693918109e-10,5,1,External
LKQ,TSCO,0.48315988461137466,62,8.011611790423743e-05,5,5,Internal
LKQ,TYL,0.7123792023109662,62,1.2069705935413558e-10,5,5,Internal
LKQ,UNP,0.5607359482043212,62,2.601189488868478e-06,5,1,External
LKQ,WTW,0.49381431199563514,62,5.24978753915777e-05,5,4,External
LLY,MRK,0.5203793686965382,62,1.7177576850722274e-05,5,5,Internal
LLY,MSFT,-0.5366354033247931,62,8.268276188258684e-06,5,12,External
LLY,PFE,0.4501877356491197,62,0.0002722871692643525,5,5,Internal
LLY,PNW,0.40994928882097115,62,0.0010341540221655192,5,4,External
LLY,PWR,-0.4400517637541719,62,0.0003871002610165367,5,12,External
LLY,SNA,-0.4019505963828703,62,0.001322836560686326,5,16,External
LLY,VRTX,0.43211614959345296,62,0.0005060321890112911,5,5,Internal
LLY,VTR,0.5184709667592767,62,1.867155699652581e-05,5,4,External
LMT,MGM,-0.46010002087490326,62,0.00019095580970649915,2,1,External
LMT,MMC,0.46184559212858867,62,0.00017918723775778802,2,4,External
LMT,MPWR,-0.4651496370996674,62,0.00015871156958004103,2,1,External
LMT,NOC,0.5367714418617824,62,8.216516788166653e-06,2,2,Internal
LMT,PGR,0.4910119365084737,62,5.8751242594980874e-05,2,4,External
LMT,RSG,0.47688870330534483,62,0.00010208809752472238,2,4,External
LMT,SYF,-0.44360384295098637,62,0.000342623456478056,2,1,External
LMT,TPR,-0.5059861997810327,62,3.1829987804635e-05,2,1,External
LMT,TRV,0.40155407368149343,62,0.001338870358248028,2,4,External
LMT,WYNN,-0.40855950131000635,62,0.001079821863607676,2,1,External
LNT,LRCX,-0.5426710719569858,62,6.241182520192872e-06,4,1,External
LNT,MAA,0.42899074670100884,62,0.0005613481477237565,4,4,Internal
LNT,MCD,0.5983410284606316,62,3.5302201872866696e-07,4,4,Internal
LNT,MCK,0.6502599619439781,62,1.414579117413198e-08,4,4,Internal
LNT,META,-0.5937109871969216,62,4.576929644993563e-07,4,1,External
LNT,MKC,0.4369114993729624,62,0.00043073080183216267,4,4,Internal
LNT,MMC,0.5100156452266521,62,2.6857103485363945e-05,4,4,Internal
LNT,MNST,0.4311131992925275,62,0.0005232186544189484,4,4,Internal
LNT,MO,0.7071445059286726,62,1.8904145904190835e-10,4,4,Internal
LNT,MPWR,-0.561717664760705,62,2.4766890881177636e-06,4,1,External
LNT,NEE,0.6751959658896854,62,2.398181319746465e-09,4,4,Internal
LNT,NI,0.7690975920893427,62,4.5052677647828197e-13,4,4,Internal
LNT,NRG,-0.4313397789278067,62,0.0005192903260107528,4,1,External
LNT,NTAP,-0.4203246790566737,62,0.0007445989131822969,4,1,External
LNT,NXPI,-0.4210044239595471,62,0.0007284777975140001,4,1,External
LNT,O,0.5942981156484074,62,4.429671083034842e-07,4,4,Internal
LNT,ORLY,0.6476585526309087,62,1.686459126120219e-08,4,4,Internal
LNT,OTIS,0.42682308619908904,62,0.0006028753178057285,4,4,Internal
LNT,PAYX,0.502173658170852,62,3.730709274374498e-05,4,4,Internal
LNT,PEG,0.5465696811666435,62,5.189226289025406e-06,4,4,Internal
LNT,PG,0.4623736929353736,62,0.00017575996784775942,4,4,Internal
LNT,PGR,0.6050099513117948,62,2.4110911808895947e-07,4,4,Internal
LNT,PM,0.6513088089430092,62,1.3171564966113558e-08,4,4,Internal
LNT,PNW,0.7905622648329669,62,3.5226643436760985e-14,4,4,Internal
LNT,PPL,0.7651751247222076,62,6.969431871229843e-13,4,4,Internal
LNT,PSA,0.5013700718278511,62,3.856744547644666e-05,4,4,Internal
LNT,ROL,0.6602413458909414,62,7.092014868604766e-09,4,4,Internal
LNT,ROP,0.5530815972274725,62,3.7926097263204138e-06,4,4,Internal
LNT,RSG,0.7023429463781613,62,2.8287992484339464e-10,4,4,Internal
LNT,SBAC,0.6568249079909598,62,9.008677907666682e-09,4,4,Internal
LNT,SO,0.7934818592436922,62,2.434276740631252e-14,4,4,Internal
LNT,SRE,0.577872284587357,62,1.0797720425553765e-06,4,4,Internal
LNT,SWK,-0.4445077675565375,62,0.00033207463866008534,4,1,External
LNT,SYF,-0.43918204311564024,62,0.00039876240640645367,4,1,External
LNT,SYY,0.4487481546636302,62,0.00028643033388877536,4,4,Internal
LNT,T,0.6680175980867226,62,4.066871894785157e-09,4,4,Internal
LNT,TAP,0.4711820690574601,62,0.00012676492974750725,4,4,Internal
LNT,TER,-0.44807290923160625,62,0.0002932925258032098,4,1,External
LNT,TMUS,0.40680962654345687,62,0.0011399025668809848,4,4,Internal
LNT,TRV,0.6259919740033232,62,6.849265164896225e-08,4,4,Internal
LNT,VICI,0.5995310994489759,62,3.300107361168923e-07,4,4,Internal
LNT,VRSK,0.6385558563454217,62,3.079582679830156e-08,4,4,Internal
LNT,VTR,0.5876540503643212,62,6.389439305227176e-07,4,4,Internal
LNT,VZ,0.659267433936795,62,7.594882276540278e-09,4,4,Internal
LNT,WEC,0.7880656384736072,62,4.8097204459664475e-14,4,4,Internal
LNT,WELL,0.7421089255003172,62,7.720885598552852e-12,4,4,Internal
LNT,WM,0.6947425466491363,62,5.269062612012488e-10,4,4,Internal
LNT,WMB,0.4911911171368955,62,5.8331714510909776e-05,4,4,Internal
LNT,WRB,0.6605155212987276,62,6.956237636589436e-09,4,4,Internal
LNT,WTW,0.4925458153635081,62,5.524816982956899e-05,4,4,Internal
LNT,XEL,0.8646240941802472,62,2.74402137478761e-19,4,4,Internal
LNT,YUM,0.5539753774280688,62,3.6309863707060083e-06,4,4,Internal
LNT,ZBRA,-0.4932241481746928,62,5.3761328587493866e-05,4,1,External
LOW,LULU,0.41316852103089285,62,0.0009349871272605492,1,1,Internal
LOW,MAS,0.7145070431576883,62,1.0028942069990484e-10,1,1,Internal
LOW,MHK,0.5107664078037977,62,2.6014161264512844e-05,1,1,Internal
LOW,NKE,0.5138960025580975,62,2.2757541927456123e-05,1,1,Internal
LOW,NSC,0.43954096586217994,62,0.00039391137983012237,1,1,Internal
LOW,NVR,0.6650888143037285,62,5.024066885483728e-09,1,1,Internal
LOW,ODFL,0.5941744697443508,62,4.4603079445071894e-07,1,1,Internal
LOW,PCAR,0.46904969702123,62,0.0001373124960685356,1,1,Internal
LOW,PHM,0.7236263885389418,62,4.44755945013445e-11,1,1,Internal
LOW,PKG,0.5511746384994678,62,4.160154994847294e-06,1,1,Internal
LOW,PLD,0.4420713832756797,62,0.00036120710113775946,1,1,Internal
LOW,PNR,0.5712353518117137,62,1.5267876454403855e-06,1,1,Internal
LOW,POOL,0.5049436693714442,62,3.324862724277577e-05,1,1,Internal
LOW,PPG,0.41071879362079805,62,0.0010096242228143047,1,1,Internal
LOW,RL,0.4634575933541752,62,0.00016891300714019287,1,1,Internal
LOW,SCHW,-0.4794474191781101,62,9.252861537894561e-05,1,2,External
LOW,SHW,0.5981964516975965,62,3.559180965901954e-07,1,5,External
LOW,SWK,0.5485280034278252,62,4.725570784154015e-06,1,1,Internal
LOW,TGT,0.5496143651301978,62,4.4853271572556475e-06,1,1,Internal
LOW,TROW,0.5305504286260471,62,1.091948245515627e-05,1,1,Internal
LOW,UNP,0.4491401530487239,62,0.0002825141804328862,1,1,Internal
LOW,UPS,0.5281516588444026,62,1.2166879941204959e-05,1,1,Internal
LOW,WY,0.4819939119610439,62,8.383866090998658e-05,1,1,Internal
LRCX,LW,-0.42393218304431796,62,0.0006625901314897423,1,5,External
LRCX,MCD,-0.4378314138354148,62,0.00041750799992686447,1,4,External
LRCX,MCHP,0.5428046297685989,62,6.2020776043219496e-06,1,1,Internal
LRCX,MCK,-0.4666223289762466,62,0.00015029563604846856,1,4,External
LRCX,MDLZ,-0.4313104961853851,62,0.0005197965049660991,1,5,External
LRCX,META,0.4505955534835946,62,0.0002683981017523449,1,1,Internal
LRCX,MKC,-0.4030953187580365,62,0.0012775122847311605,1,4,External
LRCX,MMC,-0.5255319213299976,62,1.3679719436476405e-05,1,4,External
LRCX,MO,-0.5168823595491376,62,2.0006184736791427e-05,1,4,External
LRCX,MPWR,0.5883834842999911,62,6.140021336168621e-07,1,1,Internal
LRCX,MU,0.6229953237170729,62,8.244787284839998e-08,1,1,Internal
LRCX,NOW,0.42820325856998154,62,0.0005761245241569556,1,1,Internal
LRCX,NVDA,0.46924296775468205,62,0.00013632433157540177,1,1,Internal
LRCX,NXPI,0.607184669101891,62,2.1251674707930815e-07,1,1,Internal
LRCX,O,-0.5322543401928425,62,1.0106826305685032e-05,1,4,External
LRCX,ON,0.5438850500333423,62,5.894028755319083e-06,1,1,Internal
LRCX,ORLY,-0.6549132865232037,62,1.0285297574489238e-08,1,4,External
LRCX,OTIS,-0.4464366708991103,62,0.00031054736971477485,1,4,External
LRCX,PEG,-0.49925562711828836,62,4.2074232236479604e-05,1,4,External
LRCX,PG,-0.5577870896228346,62,3.0112439160751646e-06,1,4,External
LRCX,PGR,-0.4240281185964403,62,0.0006605255354180269,1,4,External
LRCX,PNW,-0.4836358199692207,62,7.864084107670263e-05,1,4,External
LRCX,PPL,-0.5956471087585629,62,4.108014447280787e-07,1,4,External
LRCX,PSA,-0.5062005332745855,62,3.154536177119228e-05,1,4,External
LRCX,QCOM,0.45403502060563006,62,0.00023756073589964872,1,1,Internal
LRCX,REG,-0.4317827383540383,62,0.0005116877542860988,1,5,External
LRCX,ROL,-0.5129582156762251,62,2.3691379846516102e-05,1,4,External
LRCX,RSG,-0.5748695196387966,62,1.2641775025530363e-06,1,4,External
LRCX,SBAC,-0.5565162429540885,62,3.205948182903759e-06,1,4,External
LRCX,SO,-0.5922776070010722,62,4.955983522706958e-07,1,4,External
LRCX,SRE,-0.5050657991922322,62,3.307946361694887e-05,1,4,External
LRCX,SYF,0.42234443175426856,62,0.0006976192554431942,1,1,Internal
LRCX,SYY,-0.44691246594534484,62,0.00030543683102324183,1,4,External
LRCX,TEL,0.4113118684951317,62,0.0009910778922159681,1,1,Internal
LRCX,TER,0.7234372448889319,62,4.524678115911651e-11,1,1,Internal
LRCX,TRV,-0.6282133709676522,62,5.961979975944426e-08,1,4,External
LRCX,TXN,0.5707895337518617,62,1.5623085898514568e-06,1,1,Internal
LRCX,VICI,-0.4442666503295714,62,0.0003348591396114002,1,4,External
LRCX,VRSK,-0.4709060192435372,62,0.00012808714666806716,1,4,External
LRCX,VZ,-0.44005093224326486,62,0.00038711126094974314,1,4,External
LRCX,WDC,0.401215450524778,62,0.0013527009558985184,1,1,Internal
LRCX,WEC,-0.5440681933303193,62,5.843246599968224e-06,1,4,External
LRCX,WELL,-0.5089116758095735,62,2.8142652584847237e-05,1,4,External
LRCX,WM,-0.523739709673258,62,1.4813409961909728e-05,1,4,External
LRCX,WRB,-0.5479694689949242,62,4.8537092251265235e-06,1,4,External
LRCX,WTW,-0.5104932446580048,62,2.6317986026635388e-05,1,4,External
LRCX,XEL,-0.5430510939700328,62,6.1305131644615515e-06,1,4,External
LULU,MPWR,0.4150776728244129,62,0.0008803131203164345,1,1,Internal
LULU,NKE,0.4081426926130213,62,0.0010938678534304753,1,1,Internal
LULU,POOL,0.46267756156992007,62,0.00017381523920120535,1,1,Internal
LULU,RL,0.48506687579289554,62,7.435428701500183e-05,1,1,Internal
LUV,NRG,-0.4028250348607017,62,0.0012880861387859273,3,1,External
LUV,WBD,0.48103826577786835,62,8.700771317095621e-05,3,3,Internal
LVS,MGM,0.4133489206877929,62,0.0009296928205799609,1,1,Internal
LVS,WYNN,0.5222682044817034,62,1.5808812719317285e-05,1,1,Internal
LW,MDLZ,0.49860233987029523,62,4.321587410452859e-05,5,5,Internal
LW,MOH,0.5229790606120985,62,1.5320446106459345e-05,5,4,External
LW,MS,-0.462182561630715,62,0.00017699337788493582,5,1,External
LW,MU,-0.43106328485580747,62,0.0005240876645606989,5,1,External
LW,NEE,0.4277316190718811,62,0.0005851423603393304,5,4,External
LW,PEP,0.4799151500996232,62,9.087284948688869e-05,5,5,Internal
LW,PG,0.43255105539260297,62,0.0004987403192701686,5,4,External
LW,PH,-0.4409892373305628,62,0.00037487798951396943,5,1,External
LW,PSA,0.469031601020372,62,0.0001374053538950998,5,4,External
LW,ROP,0.40089971312011774,62,0.0013657123321052483,5,4,External
LW,SBAC,0.46605586944458977,62,0.00015348309905341564,5,4,External
LW,SYF,-0.41187290375983504,62,0.0009738168735906451,5,1,External
LW,SYY,0.5042389140111283,62,3.424052903205323e-05,5,4,External
LW,TAP,0.44745617477752236,62,0.0002996908141119573,5,4,External
LW,TFC,-0.4142849353947703,62,0.000902654873178618,5,1,External
LW,TJX,0.41325415886220385,62,0.0009324704749476983,5,5,Internal
LW,TPL,-0.4482870249843274,62,0.0002911005020580275,5,2,External
LW,VLO,-0.42593867055150764,62,0.0006206040860815548,5,1,External
LW,WDC,-0.5653150361331853,62,2.066486264138831e-06,5,1,External
LW,WFC,-0.45479150536359625,62,0.00023122849425335186,5,1,External
LYB,MAS,0.44469725722885434,62,0.0003299011772485554,2,1,External
LYB,MHK,0.5311564324261835,62,1.0623740054299446e-05,2,1,External
LYB,MPC,0.45501534220459755,62,0.00022938464447516866,2,1,External
LYB,OXY,0.6298810151528773,62,5.368389611042883e-08,2,2,Internal
LYB,PCAR,0.5260853542681114,62,1.3346269728900423e-05,2,1,External
LYB,PGR,-0.5033352209273184,62,3.5552481098899e-05,2,4,External
LYB,PSX,0.4154844002253328,62,0.0008690452274202101,2,1,External
LYB,RVTY,0.5162863638291615,62,2.0529322097065483e-05,2,5,External
LYB,SLB,0.5667467970420811,62,1.921656117132399e-06,2,2,Internal
LYB,SW,0.49588621365367763,62,4.827603564215594e-05,2,1,External
LYB,SWK,0.5434626906216586,62,6.012713321973985e-06,2,1,External
LYB,SWKS,0.4666159375180076,62,0.00015033125958961502,2,1,External
LYB,TECH,0.4196784020100837,62,0.0007602248649319566,2,5,External
LYB,TGT,0.4827572694223218,62,8.138397038057367e-05,2,1,External
LYB,TMO,0.40133963052862104,62,0.001347614157322171,2,5,External
LYB,UPS,0.5433114657903417,62,6.055746845465428e-06,2,1,External
LYB,VTRS,0.432642565210122,62,0.0004972182210048275,2,5,External
LYB,WAT,0.40328371838569993,62,0.0012701880805982566,2,5,External
LYB,XOM,0.5297646506434363,62,1.13143610451539e-05,2,2,Internal
LYB,ZBRA,0.4676349673107043,62,0.0001447483450784319,2,1,External
MA,MCD,0.4307439160827864,62,0.0005296789540336793,4,4,Internal
MA,MCO,0.5468661303797323,62,5.1164147986767085e-06,4,4,Internal
MA,MSCI,0.4526450990211731,62,0.00024960991556961164,4,12,External
MA,NUE,-0.4077618318578169,62,0.001106846118342957,4,13,External
MA,PGR,0.4135281455205289,62,0.0009244597990156724,4,4,Internal
MA,ROL,0.4099735824302432,62,0.0010333714660603324,4,4,Internal
MA,ROP,0.5012911969466386,62,3.869325175359357e-05,4,4,Internal
MA,SBAC,0.4063380843185353,62,0.0011565993155958664,4,4,Internal
MA,SPGI,0.4051767860020313,62,0.0011986622202548856,4,4,Internal
MA,SYY,0.4075627439687523,62,0.0011136853174144182,4,4,Internal
MA,TYL,0.43275415836691145,62,0.0004953677830454539,4,5,External
MA,V,0.8986303068034562,62,8.865304083239962e-23,4,4,Internal
MA,VRSK,0.4595915467471055,62,0.00019451461982234982,4,4,Internal
MA,VZ,0.43741866086831654,62,0.0004233945316292579,4,4,Internal
MA,ZTS,0.4076592348415976,62,0.0011103658602089853,4,5,External
MAA,MCD,0.4584938939933373,62,0.00020240495225004002,4,4,Internal
MAA,MCK,0.4137150662944122,62,0.000919030406163603,4,4,Internal
MAA,MDLZ,0.40743400578873,62,0.0011181280560062822,4,5,External
MAA,MKC,0.4719839360898569,62,0.00012299489989494304,4,4,Internal
MAA,NI,0.4472693157476648,62,0.0003016543584655218,4,4,Internal
MAA,NVDA,-0.5142709483050121,62,2.239381499404961e-05,4,1,External
MAA,O,0.5083527981661413,62,2.8814958335742576e-05,4,4,Internal
MAA,ORLY,0.43811208545643965,62,0.00041354779292535136,4,4,Internal
MAA,PEP,0.4026488725539773,62,0.0012950201246708566,4,5,External
MAA,PNW,0.5057226784402463,62,3.2183189969893305e-05,4,4,Internal
MAA,PPL,0.5828210783850618,62,8.298084437301466e-07,4,4,Internal
MAA,PSA,0.5409630092400828,62,6.761979431485387e-06,4,4,Internal
MAA,REG,0.55584492275441,62,3.313485905690941e-06,4,5,External
MAA,RSG,0.41950803386654617,62,0.0007643931935130186,4,4,Internal
MAA,SO,0.4996352341107609,62,4.1423723300188386e-05,4,4,Internal
MAA,SRE,0.40141686731233583,62,0.0013444589758710294,4,4,Internal
MAA,TRV,0.5293809905001252,62,1.151194877945874e-05,4,4,Internal
MAA,UDR,0.8116362649809618,62,2.1242799140576645e-15,4,4,Internal
MAA,WEC,0.48846190738342116,62,6.503141454484929e-05,4,4,Internal
MAA,WELL,0.43529132494837736,62,0.00045494844359970216,4,4,Internal
MAA,WM,0.47931729541249735,62,9.299416225600374e-05,4,4,Internal
MAA,WRB,0.474540040898097,62,0.00011165364567230315,4,4,Internal
MAA,WTW,0.4511036480557545,62,0.0002636237409613986,4,4,Internal
MAA,XEL,0.4983878843177165,62,4.3596837790427935e-05,4,4,Internal
MAA,XYZ,-0.4818137452526144,62,8.442786755628851e-05,4,12,External
MAR,MCD,-0.40938421215003906,62,0.0010525078974672737,1,4,External
MAR,MHK,0.43081343541184597,62,0.0005284572676282267,1,1,Internal
MAR,MOS,-0.4032461476938473,62,0.0012716456533957764,1,2,External
MAR,MTB,0.5775665670428122,62,1.0973241837082676e-06,1,1,Internal
MAR,NCLH,0.5665947247813531,62,1.9365756484244393e-06,1,1,Internal
MAR,NEM,-0.4677918557714488,62,0.00014390590152812423,1,4,External
MAR,NKE,0.4272995352490457,62,0.0005935160276571188,1,1,Internal
MAR,OTIS,-0.46891682122702594,62,0.00013799567793329646,1,4,External
MAR,PCAR,0.4480441017084881,62,0.0002935885912666212,1,1,Internal
MAR,PH,0.42323091649929717,62,0.0006778602444362635,1,1,Internal
MAR,PNC,0.43101848836306905,62,0.0005248686866734535,1,1,Internal
MAR,RCL,0.4563420953925483,62,0.00021872872474185435,1,1,Internal
MAR,RF,0.5046526217114108,62,3.3654992576005044e-05,1,1,Internal
MAR,RL,0.4027304970117922,62,0.001291803114539584,1,1,Internal
MAR,ROL,-0.45266667385113574,62,0.0002494186950400413,1,4,External
MAR,RSG,-0.4663753949078279,62,0.00015167759416028474,1,4,External
MAR,SBAC,-0.4368420918893966,62,0.00043174374833569365,1,4,External
MAR,SWK,0.4252561302248334,62,0.000634607682967485,1,1,Internal
MAR,SYF,0.5231855390421296,62,1.5181240748228937e-05,1,1,Internal
MAR,TFC,0.4971571651270769,62,4.584377418962196e-05,1,1,Internal
MAR,TPR,0.4575747713971904,62,0.00020923605565322355,1,1,Internal
MAR,TROW,0.4231312678921046,62,0.0006800557644929915,1,1,Internal
MAR,URI,0.4834156726546935,62,7.932010357274251e-05,1,1,Internal
MAR,USB,0.4689173455922129,62,0.0001379929757876446,1,1,Internal
MAR,VRTX,-0.4312726136263666,62,0.00052045200415844,1,5,External
MAR,VTR,-0.43322109187845204,62,0.00048769273579783923,1,4,External
MAR,WAB,0.42507243764287517,62,0.0006384250615157532,1,1,Internal
MAR,WELL,-0.4173966289921103,62,0.0008177953485453887,1,4,External
MAR,WM,-0.5032046017378269,62,3.5745909459136714e-05,1,4,External
MAR,WYNN,0.4946330238295046,62,5.0790478126368514e-05,1,1,Internal
MAR,ZBRA,0.5183736002328468,62,1.8750919613710873e-05,1,1,Internal
MAS,MGM,0.4178339691667221,62,0.0008064649343092514,1,1,Internal
MAS,MHK,0.5764463767101264,62,1.1639487225874609e-06,1,1,Internal
MAS,MO,-0.45281596092312953,62,0.0002480992067029857,1,4,External
MAS,MTB,0.4535043252410899,62,0.00024209713606458618,1,1,Internal
MAS,MTD,0.410187401680224,62,0.001026506819577512,1,5,External
MAS,NCLH,0.447857407279536,62,0.0002955139373551299,1,1,Internal
MAS,NDSN,0.4997562904476691,62,4.1218239231651854e-05,1,1,Internal
MAS,NFLX,-0.4632379669408055,62,0.00017028031136435295,1,4,External
MAS,NKE,0.5091758139515288,62,2.782998656383521e-05,1,1,Internal
MAS,NSC,0.6279370270918722,62,6.066133482612975e-08,1,1,Internal
MAS,NVR,0.6081517384879169,62,2.008552515241741e-07,1,1,Internal
MAS,ODFL,0.6390941387180039,62,2.973489551956159e-08,1,1,Internal
MAS,PCAR,0.599619925577563,62,3.283509954430784e-07,1,1,Internal
MAS,PGR,-0.4258092114745581,62,0.0006232384624664058,1,4,External
MAS,PHM,0.6458308751474175,62,1.9062601757993987e-08,1,1,Internal
MAS,PKG,0.5992448348480992,62,3.3541349028781827e-07,1,1,Internal
MAS,PLD,0.48798243928412716,62,6.627921152870817e-05,1,1,Internal
MAS,PM,-0.6036323504745407,62,2.610533325861368e-07,1,4,External
MAS,PNC,0.5189918029651047,62,1.825229358684442e-05,1,1,Internal
MAS,PNR,0.5039711137398207,62,3.4624566120962045e-05,1,1,Internal
MAS,POOL,0.5496966201411275,62,4.467608966356882e-06,1,1,Internal
MAS,PPG,0.4843986446866802,62,7.632837098411724e-05,1,1,Internal
MAS,RF,0.5392235310346696,62,7.333746003358622e-06,1,1,Internal
MAS,RL,0.4935334786389167,62,5.3095640478360003e-05,1,1,Internal
MAS,RSG,-0.41426122071390126,62,0.0009033310407477638,1,4,External
MAS,RVTY,0.41813046067103776,62,0.0007988644725932475,1,5,External
MAS,SCHW,-0.4553277434667319,62,0.00022683371336193765,1,2,External
MAS,SPG,0.5073722631771214,62,3.0030546301169045e-05,1,1,Internal
MAS,SW,0.5676258389759116,62,1.8375009180289566e-06,1,1,Internal
MAS,SWK,0.8183308484573678,62,8.080620138691728e-16,1,1,Internal
MAS,SYF,0.45725899225082334,62,0.00021163123595510462,1,1,Internal
MAS,TEL,0.4033866256310874,62,0.0012662034352391505,1,1,Internal
MAS,TFC,0.4014823381829749,62,0.0013417896412196465,1,1,Internal
MAS,TGT,0.6328343649832608,62,4.451597902855024e-08,1,1,Internal
MAS,TMO,0.4127466951173951,62,0.0009474730732626985,1,5,External
MAS,TPR,0.45416660437729145,62,0.00023644803853994727,1,1,Internal
MAS,TROW,0.5902240860063934,62,5.550670171070167e-07,1,1,Internal
MAS,UNP,0.627051072441932,62,6.411741302694127e-08,1,1,Internal
MAS,UPS,0.6921811090364517,62,6.47013701299223e-10,1,1,Internal
MAS,USB,0.5014674338040234,62,3.8412673568411914e-05,1,1,Internal
MAS,WY,0.5372952222101471,62,8.020034060234433e-06,1,1,Internal
MAS,WYNN,0.452977287191974,62,0.00024668048055222734,1,1,Internal
MAS,ZBRA,0.6079273571470204,62,2.0350604590600537e-07,1,1,Internal
MCD,MCK,0.6368364458100126,62,3.442930818967571e-08,4,4,Internal
MCD,MCO,0.4932432623709811,62,5.371997207544653e-05,4,4,Internal
MCD,MDLZ,0.4826794948046047,62,8.1631004467324e-05,4,5,External
MCD,META,-0.5009013767579351,62,3.932060850940671e-05,4,1,External
MCD,MMC,0.5936317007578173,62,4.597164367996469e-07,4,4,Internal
MCD,MNST,0.5027122863655638,62,3.648373875740319e-05,4,4,Internal
MCD,MO,0.5814056551855782,62,8.951117960803871e-07,4,4,Internal
MCD,MOH,0.5138534111872364,62,2.2799203426886626e-05,4,4,Internal
MCD,MPWR,-0.6556552431752684,62,9.770715153511504e-09,4,1,External
MCD,MSI,0.4636314962733302,62,0.00016783750253282457,4,12,External
MCD,MTB,-0.42258928056147554,62,0.0006921103133938299,4,1,External
MCD,NCLH,-0.4946760954740306,62,5.070208894093201e-05,4,1,External
MCD,NEE,0.4375698858301037,62,0.00042122911087894135,4,4,Internal
MCD,NI,0.5759550640417789,62,1.194349743905295e-06,4,4,Internal
MCD,O,0.4602778503315569,62,0.0001897253171209943,4,4,Internal
MCD,ON,-0.46206201394830654,62,0.00017777536856130978,4,1,External
MCD,ORLY,0.5470419569499532,62,5.073680944786711e-06,4,4,Internal
MCD,OTIS,0.5523854665573311,62,3.923117576483818e-06,4,4,Internal
MCD,PAYX,0.5326993073851952,62,9.90406921818547e-06,4,4,Internal
MCD,PEP,0.49634169180254917,62,4.739099552873458e-05,4,5,External
MCD,PG,0.6099028237767307,62,1.8125677631237736e-07,4,4,Internal
MCD,PGR,0.696705610284555,62,4.495315534925636e-10,4,4,Internal
MCD,PM,0.704771680263133,62,2.3093758399522185e-10,4,4,Internal
MCD,PNW,0.6546210325888414,62,1.0494944671790959e-08,4,4,Internal
MCD,PPL,0.7154734857066062,62,9.214665461793554e-11,4,4,Internal
MCD,PSA,0.4655017545566481,62,0.00015666095079352522,4,4,Internal
MCD,RF,-0.4063210555172912,62,0.0011572063831258846,4,1,External
MCD,RL,-0.46562934054425764,62,0.0001559239456856557,4,1,External
MCD,ROL,0.7397934398545577,62,9.692265219507859e-12,4,4,Internal
MCD,ROP,0.5276315905745531,62,1.2454236019111457e-05,4,4,Internal
MCD,RSG,0.6870483124773604,62,9.702646087927607e-10,4,4,Internal
MCD,SBAC,0.5668701173326066,62,1.9096364201394274e-06,4,4,Internal
MCD,SO,0.6970041259463505,62,4.387565327751403e-10,4,4,Internal
MCD,SRE,0.4226093303170667,62,0.0006916609558882,4,4,Internal
MCD,STZ,0.40617346191960096,62,0.001162480044400757,4,5,External
MCD,SWK,-0.5121060036813002,62,2.4570675735699035e-05,4,1,External
MCD,SYF,-0.5489970830040021,62,4.620400211950921e-06,4,1,External
MCD,SYY,0.4946272648614196,62,5.080230712845073e-05,4,4,Internal
MCD,T,0.6194943428250588,62,1.0214082621372935e-07,4,4,Internal
MCD,TAP,0.44036610487055106,62,0.0003829622144703375,4,4,Internal
MCD,TER,-0.4785426507420058,62,9.581051043639815e-05,4,1,External
MCD,TJX,0.4090615893537661,62,0.0010631179511874892,4,5,External
MCD,TMUS,0.41592444907286263,62,0.0008570010491648165,4,4,Internal
MCD,TPR,-0.4023287856110279,62,0.0013077051148527856,4,1,External
MCD,TRV,0.6293330924688132,62,5.556977115497741e-08,4,4,Internal
MCD,UAL,-0.4182769419295198,62,0.0007951334234030344,4,1,External
MCD,UPS,-0.40491403835240825,62,0.0012083679836660892,4,1,External
MCD,V,0.5043180813386859,62,3.412775653353135e-05,4,4,Internal
MCD,VMC,0.41201118800092157,62,0.0009696042432311237,4,5,External
MCD,VRSK,0.6916143454270633,62,6.768968328237151e-10,4,4,Internal
MCD,VRSN,0.4169605044907564,62,0.0008292373366584568,4,4,Internal
MCD,VTR,0.5925085026138072,62,4.892994950090161e-07,4,4,Internal
MCD,VZ,0.6544476479690667,62,1.0621225595425036e-08,4,4,Internal
MCD,WEC,0.6742821423025597,62,2.567055341163635e-09,4,4,Internal
MCD,WELL,0.5683735268272533,62,1.7686477820169673e-06,4,4,Internal
MCD,WM,0.7039137924690225,62,2.481516260879861e-10,4,4,Internal
MCD,WRB,0.6933094193834722,62,5.91211595913662e-10,4,4,Internal
MCD,WTW,0.5501532482024567,62,4.370430353518472e-06,4,4,Internal
MCD,WYNN,-0.4024476142912359,62,0.0013029829772686578,4,1,External
MCD,XEL,0.6727780433239529,62,2.8698014155882627e-09,4,4,Internal
MCD,YUM,0.6458746007370455,62,1.900699272790868e-08,4,4,Internal
MCD,ZBRA,-0.5730606373004979,62,1.3890927644263544e-06,4,1,External
MCHP,MCK,-0.4013776323908553,62,0.0013460609217418856,1,4,External
MCHP,MMC,-0.48835882622659277,62,6.529783738771041e-05,1,4,External
MCHP,MPWR,0.49032977235573033,62,6.037403679457096e-05,1,1,Internal
MCHP,MU,0.5902169813502827,62,5.552839293915737e-07,1,1,Internal
MCHP,NXPI,0.7035907987315624,62,2.5494338996671633e-10,1,1,Internal
MCHP,ON,0.6882093288919316,62,8.859298458079393e-10,1,1,Internal
MCHP,ORLY,-0.4749936866263287,62,0.00010974423969227408,1,4,External
MCHP,PG,-0.5268120757024249,62,1.2919874547511174e-05,1,4,External
MCHP,PGR,-0.4290789976093088,62,0.0005597138208035759,1,4,External
MCHP,PODD,0.5380836207981771,62,7.732518683942171e-06,1,1,Internal
MCHP,QCOM,0.44981814625961947,62,0.00027585604432123906,1,1,Internal
MCHP,RMD,0.44978945865911135,62,0.00027613483901669947,1,1,Internal
MCHP,RSG,-0.43729364948510874,62,0.0004251922337641852,1,4,External
MCHP,SWKS,0.6517553428940275,62,1.277636722762899e-08,1,1,Internal
MCHP,SYF,0.518649594548524,62,1.8526768689700385e-05,1,1,Internal
MCHP,TEL,0.5459741579389266,62,5.338423197448912e-06,1,1,Internal
MCHP,TER,0.6336205942440187,62,4.233700481460194e-08,1,1,Internal
MCHP,TRV,-0.40209748066967516,62,0.0013169410923526243,1,4,External
MCHP,TXN,0.7250886691282394,62,3.8921962821289905e-11,1,1,Internal
MCHP,VRSK,-0.4109907987932398,62,0.0010010797163372978,1,4,External
MCHP,VRSN,-0.4081489803964157,62,0.0010936547451824916,1,4,External
MCHP,WRB,-0.42799730441893075,62,0.000580046788200842,1,4,External
MCHP,WTW,-0.51553039480035,62,2.121112671296438e-05,1,4,External
MCHP,XEL,-0.42063336785998434,62,0.0007372383393751106,1,4,External
MCHP,ZBRA,0.40335926643013964,62,0.0012672617054087364,1,1,Internal
MCK,META,-0.4901680136159108,62,6.076485820575053e-05,4,1,External
MCK,MMC,0.562671108348569,62,2.361125302304042e-06,4,4,Internal
MCK,MNST,0.5054074605289246,62,3.261044434006963e-05,4,4,Internal
MCK,MO,0.5065215850405252,62,3.1123421886810446e-05,4,4,Internal
MCK,MOH,0.4902680814340428,62,6.052281248118967e-05,4,4,Internal
MCK,MPWR,-0.513135699216854,62,2.3511964204327748e-05,4,1,External
MCK,MTB,-0.4220782114865446,62,0.0007036540578044822,4,1,External
MCK,MU,-0.42856048437712324,62,0.0005693783927227612,4,1,External
MCK,NCLH,-0.4659390377295442,62,0.00015414817070238035,4,1,External
MCK,NEE,0.4390972058504049,62,0.00039991694071867375,4,4,Internal
MCK,NI,0.5340975309178428,62,9.291301275426483e-06,4,4,Internal
MCK,O,0.5956148175392588,62,4.115450720841806e-07,4,4,Internal
MCK,ON,-0.4525899554426955,62,0.00025009926905637813,4,1,External
MCK,ORLY,0.5869759120612613,62,6.629818169361599e-07,4,4,Internal
MCK,OTIS,0.537983771395475,62,7.768393688264191e-06,4,4,Internal
MCK,PEG,0.46152968369503894,62,0.00018126656761722552,4,4,Internal
MCK,PEP,0.4054280796533361,62,0.0011894452525702721,4,5,External
MCK,PG,0.5433646419855507,62,6.040582066746545e-06,4,4,Internal
MCK,PGR,0.5791383478905203,62,1.0098466543082875e-06,4,4,Internal
MCK,PH,-0.46361970501446026,62,0.00016791022694120095,4,1,External
MCK,PM,0.5985241959237461,62,3.4938471370874076e-07,4,4,Internal
MCK,PNC,-0.4333182492161896,62,0.0004861093887978719,4,1,External
MCK,PNW,0.691609954869087,62,6.771333649877845e-10,4,4,Internal
MCK,PPL,0.7124603124460712,62,1.1985153489603218e-10,4,4,Internal
MCK,PSA,0.41035886804911875,62,0.0010210316397150383,4,4,Internal
MCK,PYPL,-0.42131584114070947,62,0.0007211981361963202,4,1,External
MCK,RF,-0.4573971782687838,62,0.0002105800277158252,4,1,External
MCK,RL,-0.4379043062814273,62,0.00041647620299393697,4,1,External
MCK,ROL,0.6917851769591222,62,6.677543202831109e-10,4,4,Internal
MCK,ROP,0.5441930771790112,62,5.808852856378274e-06,4,4,Internal
MCK,RSG,0.7570472926926046,62,1.6764817127726628e-12,4,4,Internal
MCK,SBAC,0.6263512255315753,62,6.697792582324823e-08,4,4,Internal
MCK,SO,0.6941878713127874,62,5.50964031580591e-10,4,4,Internal
MCK,SRE,0.5250886401873658,62,1.3952365628077309e-05,4,4,Internal
MCK,SWK,-0.47523388363552405,62,0.00010874543793007247,4,1,External
MCK,SYF,-0.572433623847957,62,1.4350251748821133e-06,4,1,External
MCK,T,0.514925623682471,62,2.177161774054292e-05,4,4,Internal
MCK,TAP,0.5773073232721346,62,1.1124172564857764e-06,4,4,Internal
MCK,TEL,-0.41987548642145334,62,0.000755428534325284,4,1,External
MCK,TER,-0.567188903048879,62,1.8788903506159654e-06,4,1,External
MCK,TFC,-0.4945687499647117,62,5.092264183001526e-05,4,1,External
MCK,TPR,-0.41231392135160366,62,0.0009604392402198297,4,1,External
MCK,TRV,0.5716753000750012,62,1.4924767408243998e-06,4,4,Internal
MCK,TSCO,0.4180388921572491,62,0.000801204861321249,4,5,External
MCK,UHS,0.41037522028501294,62,0.0010205108657851225,4,4,Internal
MCK,UPS,-0.43774870597011983,62,0.00041868155032715213,4,1,External
MCK,VICI,0.4293786660538642,62,0.0005541963961094683,4,4,Internal
MCK,VRSK,0.6641929099707047,62,5.357129159740732e-09,4,4,Internal
MCK,VRSN,0.4491359359515344,62,0.00028255604888056273,4,4,Internal
MCK,VTR,0.5805915080670151,62,9.348259623374052e-07,4,4,Internal
MCK,VZ,0.5370543951239252,62,8.109824503136936e-06,4,4,Internal
MCK,WEC,0.6340687444170209,62,4.114045289634525e-08,4,4,Internal
MCK,WELL,0.6928225927880952,62,6.147031505351865e-10,4,4,Internal
MCK,WM,0.701460252406258,62,3.0437310768823275e-10,4,4,Internal
MCK,WRB,0.5927033529748088,62,4.840425270895605e-07,4,4,Internal
MCK,WTW,0.4615436495299472,62,0.00018117417876401212,4,4,Internal
MCK,WYNN,-0.41388690547184326,62,0.0009140644902587384,4,1,External
MCK,XEL,0.6217489905177852,62,8.900723236293065e-08,4,4,Internal
MCK,YUM,0.5618445437837676,62,2.461011206836035e-06,4,4,Internal
MCK,ZBRA,-0.5179003696142598,62,1.914112172932244e-05,4,1,External
MCO,MMC,0.4303803002378306,62,0.000536110767531112,4,4,Internal
MCO,MMM,0.4058518662983826,62,0.0011740459655553987,4,1,External
MCO,MSCI,0.4848373777430773,62,7.502690349626498e-05,4,12,External
MCO,NVDA,-0.4279701053439757,62,0.0005805665832782731,4,1,External
MCO,OTIS,0.483071542303228,62,8.039274407183817e-05,4,4,Internal
MCO,PAYX,0.4472816344538872,62,0.00030152455112436393,4,4,Internal
MCO,PGR,0.47898474987995016,62,9.419372463674709e-05,4,4,Internal
MCO,PNW,0.44374725193003933,62,0.0003409297487537975,4,4,Internal
MCO,PPL,0.45758062870457755,62,0.0002091918632521876,4,4,Internal
MCO,PSA,0.4007874709438789,62,0.0013703647964651933,4,4,Internal
MCO,ROL,0.4672446787437312,62,0.00014686373693980077,4,4,Internal
MCO,ROP,0.41157288759179933,62,0.0009830132502353494,4,4,Internal
MCO,SBAC,0.4352323259488201,62,0.00045585324151250914,4,4,Internal
MCO,SPGI,0.7723127882079434,62,3.1305248488777936e-13,4,4,Internal
MCO,SYY,0.4213025842896239,62,0.0007215066806771512,4,4,Internal
MCO,TDY,0.44791605407978874,62,0.00029490788613105505,4,2,External
MCO,TMUS,0.41419207176458067,62,0.0009053052694816821,4,4,Internal
MCO,TRV,0.5922246238034533,62,4.970544415590726e-07,4,4,Internal
MCO,V,0.454778898885228,62,0.00023133274165299504,4,4,Internal
MCO,VRSK,0.48599948751375976,62,7.167772242212402e-05,4,4,Internal
MCO,VTR,0.40480991029586805,62,0.001212233944991153,4,4,Internal
MCO,VZ,0.49014248530794957,62,6.082674925417285e-05,4,4,Internal
MCO,WEC,0.4132157327007901,62,0.0009335989534619246,4,4,Internal
MCO,WELL,0.40824938173690983,62,0.0010902569627755552,4,4,Internal
MCO,WRB,0.516832985555134,62,2.004904866440987e-05,4,4,Internal
MCO,WTW,0.43784787920803764,62,0.00041727472850620103,4,4,Internal
MDLZ,META,-0.4249799959917077,62,0.0006403539819179159,5,1,External
MDLZ,MKC,0.6058300440280456,62,2.2992635286319902e-07,5,4,External
MDLZ,MLM,0.4609340273723352,62,0.00018524743573873796,5,5,Internal
MDLZ,MMC,0.41705515397506343,62,0.0008267419318626515,5,4,External
MDLZ,MNST,0.5825183387356389,62,8.433884446692267e-07,5,4,External
MDLZ,MO,0.4711079535872514,62,0.00012711869032223575,5,4,External
MDLZ,MS,-0.41347460252206525,62,0.0009260203602657324,5,1,External
MDLZ,NOW,-0.41459493968906314,62,0.0008938577695746583,5,1,External
MDLZ,O,0.5507613283624583,62,4.244080082319256e-06,5,4,External
MDLZ,ORLY,0.6012432279006665,62,2.9936697704468666e-07,5,4,External
MDLZ,OTIS,0.42645418867515933,62,0.0006102135617495744,5,4,External
MDLZ,PEP,0.7152969577084601,62,9.35854131394495e-11,5,5,Internal
MDLZ,PFE,0.4105718696292927,62,0.0010142668518955578,5,5,Internal
MDLZ,PG,0.6329846827311022,62,4.409136738941689e-08,5,4,External
MDLZ,PM,0.4279115197492107,62,0.0005816876338445261,5,4,External
MDLZ,PNW,0.4973865825465948,62,4.541698022681755e-05,5,4,External
MDLZ,PPG,0.46300897587302486,62,0.0001717167073732896,5,1,External
MDLZ,PPL,0.533410598514358,62,9.587799121777168e-06,5,4,External
MDLZ,PSA,0.5592174720789036,62,2.8053351511166976e-06,5,4,External
MDLZ,REG,0.44347495161530737,62,0.0003441522442864261,5,5,Internal
MDLZ,ROL,0.5438889084186025,62,5.8929546699588285e-06,5,4,External
MDLZ,ROP,0.46166606182950587,62,0.00018036622234958482,5,4,External
MDLZ,RSG,0.5644392003613283,62,2.160049238194487e-06,5,4,External
MDLZ,SBAC,0.6004537202045526,62,3.1314925897794674e-07,5,4,External
MDLZ,SHW,0.4106055236496205,62,0.0010132017273539555,5,5,Internal
MDLZ,SO,0.5523367735867067,62,3.932401427494776e-06,5,4,External
MDLZ,STZ,0.5037862214338764,62,3.4892030259508404e-05,5,5,Internal
MDLZ,SYF,-0.40611843428262,62,0.0011644517649050546,5,1,External
MDLZ,SYY,0.6513137671208103,62,1.3167114014183892e-08,5,4,External
MDLZ,TRGP,-0.40107084715879554,62,0.0013586460971434901,5,2,External
MDLZ,TSCO,0.4911512092179612,62,5.8424913800363606e-05,5,5,Internal
MDLZ,TSN,0.4887978898427523,62,6.41699765960333e-05,5,4,External
MDLZ,TYL,0.48108229960784205,62,8.685930173925813e-05,5,5,Internal
MDLZ,UDR,0.46818651983396004,62,0.0001418065219574139,5,4,External
MDLZ,VICI,0.4463392257398817,62,0.00031160360522018644,5,4,External
MDLZ,VMC,0.4231616235470201,62,0.0006793862688463426,5,5,Internal
MDLZ,VRSK,0.4389418022998818,62,0.0004020396906823493,5,4,External
MDLZ,VZ,0.49703808348473094,62,4.606676379105007e-05,5,4,External
MDLZ,WEC,0.4852708803914694,62,7.376105470133468e-05,5,4,External
MDLZ,WM,0.5918929449073423,62,5.062613601019437e-07,5,4,External
MDLZ,WRB,0.41875213129913497,62,0.0007831379811295946,5,4,External
MDLZ,WTW,0.5212958385566656,62,1.650026914128181e-05,5,4,External
MDLZ,XEL,0.4993050296015001,62,4.1989043257628207e-05,5,4,External
MDT,NEE,0.49442921702820963,62,5.121065101374649e-05,5,4,External
MDT,STE,0.46328392557538767,62,0.00016999335560272664,5,5,Internal
MDT,SYK,0.41054991006291086,62,0.0010149623999038254,5,5,Internal
MDT,SYY,0.47446092549083296,62,0.0001119897533740369,5,4,External
MDT,TMO,0.42419963884776296,62,0.000656848822882967,5,5,Internal
MDT,TSN,0.41402588644108446,62,0.000910065862219796,5,4,External
MDT,WAT,0.4270879723935283,62,0.0005976555516319104,5,5,Internal
MDT,WRB,0.42791951638872644,62,0.0005815345004715781,5,4,External
MDT,ZBH,0.426895747171288,62,0.0006014393850700439,5,5,Internal
MET,MPC,0.4864060640784269,62,7.053888490647875e-05,1,1,Internal
MET,MS,0.4965498090047149,62,4.6991610916843695e-05,1,1,Internal
MET,MTB,0.6094429398377055,62,1.8622185538819884e-07,1,1,Internal
MET,OKE,0.4869377521539163,62,6.907475794071228e-05,1,2,External
MET,PFG,0.6925395276693171,62,6.28767100778262e-10,1,1,Internal
MET,PH,0.45064939748356203,62,0.0002678884376370222,1,1,Internal
MET,PNC,0.6014605281297382,62,2.956749188001213e-07,1,1,Internal
MET,PRU,0.7660376788805112,62,6.336459660248877e-13,1,1,Internal
MET,PSX,0.4828972106766687,62,8.094121001933707e-05,1,1,Internal
MET,RCL,0.4271057071944178,62,0.0005973075429154892,1,1,Internal
MET,RF,0.592711252269375,62,4.838305308360148e-07,1,1,Internal
MET,RJF,0.4258619996758671,62,0.0006221630485768284,1,1,Internal
MET,STT,0.5699119404028703,62,1.6345032713286552e-06,1,1,Internal
MET,SYF,0.5097594271881711,62,2.715052178451333e-05,1,1,Internal
MET,TEL,0.4552801402364755,62,0.00022722073800873535,1,1,Internal
MET,TFC,0.6471902210632868,62,1.7403779732470723e-08,1,1,Internal
MET,TRGP,0.4219587124858815,62,0.0007063782492657938,1,2,External
MET,USB,0.5269522946664135,62,1.2839073706738963e-05,1,1,Internal
MET,VLO,0.4780600439143431,62,9.760454481214609e-05,1,1,Internal
MET,WFC,0.5717989693504537,62,1.4829627480094836e-06,1,1,Internal
MET,WMB,0.4363353254589216,62,0.0004392054955817818,1,4,External
MET,XOM,0.40115256658595777,62,0.0013552834522728996,1,2,External
META,MMC,-0.4090525489228618,62,0.0010634166459559439,1,4,External
META,MO,-0.4694979949188115,62,0.0001350304007873804,1,4,External
META,NEE,-0.4049449987472527,62,0.0012072206589245093,1,4,External
META,NI,-0.43181773274241875,62,0.0005110914698166823,1,4,External
META,O,-0.6060002515821421,62,2.2766739670349324e-07,1,4,External
META,ORLY,-0.4517184332823809,62,0.0002579505933927927,1,4,External
META,OTIS,-0.4664313821475568,62,0.00015136324607635597,1,4,External
META,PEG,-0.43589144390210494,62,0.000445837437605315,1,4,External
META,PG,-0.44822824132683026,62,0.000291700810068024,1,4,External
META,PM,-0.468903461896307,62,0.00013806453728037592,1,4,External
META,PNW,-0.6611384971773675,62,6.656819535741544e-09,1,4,External
META,PPL,-0.6104771383022733,62,1.752311636762399e-07,1,4,External
META,PSA,-0.40149795395991306,62,0.0013411536690622879,1,4,External
META,ROL,-0.539566769308399,62,7.217476447739854e-06,1,4,External
META,ROP,-0.5049294443527923,62,3.3268382454850464e-05,1,4,External
META,RSG,-0.49698998412400297,62,4.615711726661352e-05,1,4,External
META,SBAC,-0.5502388040491701,62,4.352443374757584e-06,1,4,External
META,SO,-0.6418586489691126,62,2.4808631427271846e-08,1,4,External
META,SRE,-0.4794802718397946,62,9.241141708194837e-05,1,4,External
META,STE,-0.41758754018250027,62,0.0008128317312374259,1,5,External
META,SYY,-0.5239695562481338,62,1.4663291579834067e-05,1,4,External
META,T,-0.5200113547651666,62,1.7456743468938937e-05,1,4,External
META,TRV,-0.4802104383231841,62,8.984161263399224e-05,1,4,External
META,TSN,-0.42013578461934503,62,0.0007491357551848083,1,4,External
META,VICI,-0.5516081180751761,62,4.07380005669809e-06,1,4,External
META,VRSK,-0.40585401916044234,62,0.0011739681965213997,1,4,External
META,VTR,-0.5758221949637213,62,1.2026981880943e-06,1,4,External
META,VZ,-0.5650432283245881,62,2.0951090442723218e-06,1,4,External
META,WEC,-0.6110299518662554,62,1.6960965645462415e-07,1,4,External
META,WELL,-0.4703397121748838,62,0.00013083934151401937,1,4,External
META,WM,-0.4954487195969438,62,4.914047674271033e-05,1,4,External
META,WRB,-0.4591817888394552,62,0.0001974265729104338,1,4,External
META,XEL,-0.5601618004949444,62,2.676688517636227e-06,1,4,External
META,YUM,-0.44734441717831563,62,0.00030086377461427556,1,4,External
MGM,MO,-0.42290426344489224,62,0.0006850813278538644,1,4,External
MGM,MPWR,0.4211075461162517,62,0.0007260598931330476,1,1,Internal
MGM,NCLH,0.5303041537006684,62,1.1041842908042482e-05,1,1,Internal
MGM,NXPI,0.4202760133958969,62,0.0007457653755907875,1,1,Internal
MGM,PCAR,0.4145171488105473,62,0.000896057963755075,1,1,Internal
MGM,PGR,-0.4503346644456018,62,0.00027088012478467677,1,4,External
MGM,PM,-0.47566001038624517,62,0.00010699402175329754,1,4,External
MGM,RJF,0.4037818121018725,62,0.0012510057815701737,1,1,Internal
MGM,RL,0.4471854207450046,62,0.0003025397516309715,1,1,Internal
MGM,SW,0.5380158868402569,62,7.756838022689669e-06,1,1,Internal
MGM,SWK,0.4573811623823855,62,0.00021070161853289514,1,1,Internal
MGM,SYF,0.4350088053984124,62,0.0004592959674936103,1,1,Internal
MGM,T,-0.40716441693898675,62,0.0011274832823890352,1,4,External
MGM,TGT,0.44452909465332785,62,0.000331829365069049,1,1,Internal
MGM,TPR,0.5388746552707762,62,7.4537109114367986e-06,1,1,Internal
MGM,TROW,0.5548117800623862,62,3.485584475591371e-06,1,1,Internal
MGM,UPS,0.4289680432151748,62,0.0005617692952441067,1,1,Internal
MGM,WYNN,0.6671232856485438,62,4.339090872039306e-09,1,1,Internal
MGM,YUM,-0.41615136565559774,62,0.0008508494276932468,1,4,External
MHK,MTB,0.4652112344165103,62,0.00015835108051199452,1,1,Internal
MHK,NDSN,0.4570807667716886,62,0.00021299411963137847,1,1,Internal
MHK,NKE,0.4956677752001985,62,4.870587585993229e-05,1,1,Internal
MHK,NVR,0.6804550999165271,62,1.6134307383203315e-09,1,1,Internal
MHK,ODFL,0.4150786099926033,62,0.0008802870062642737,1,1,Internal
MHK,PCAR,0.7050356337593412,62,2.258737955991443e-10,1,1,Internal
MHK,PGR,-0.4213134263367951,62,0.0007212543302721397,1,4,External
MHK,PHM,0.7241436511117323,62,4.2429988179336694e-11,1,1,Internal
MHK,PKG,0.45792083336063666,62,0.00020663967822722758,1,1,Internal
MHK,PLD,0.4286536589327569,62,0.00056763063352319,1,1,Internal
MHK,PM,-0.4291046934744949,62,0.000559238768729702,1,4,External
MHK,PNR,0.5113614417609025,62,2.5363549377371016e-05,1,1,Internal
MHK,PPG,0.5080425220413775,62,2.919459577362659e-05,1,1,Internal
MHK,RF,0.4197986790076945,62,0.0007572944879787034,1,1,Internal
MHK,RL,0.430029120206903,62,0.000542389814149263,1,1,Internal
MHK,SCHW,-0.43001788550031705,62,0.0005425917861532221,1,2,External
MHK,SW,0.5200535158568061,62,1.742454886788267e-05,1,1,Internal
MHK,SWK,0.5898501945861652,62,5.665910239044979e-07,1,1,Internal
MHK,TGT,0.6059992624274634,62,2.2768046401168024e-07,1,1,Internal
MHK,TPR,0.4064390746620524,62,0.001153004952925072,1,1,Internal
MHK,TROW,0.5183855538335782,62,1.874115951401854e-05,1,1,Internal
MHK,UPS,0.5223408707673846,62,1.575823493707536e-05,1,1,Internal
MHK,VRSN,-0.4227184511184921,62,0.0006892199547397675,1,4,External
MHK,WY,0.5288878225582795,62,1.1770646420950841e-05,1,1,Internal
MHK,WYNN,0.4073058702131231,62,0.0011225658421338575,1,1,Internal
MKC,NEE,0.4523378785722025,62,0.00025234742156983567,4,4,Internal
MKC,NOW,-0.4058438661121442,62,0.0011743350013688851,4,1,External
MKC,NVDA,-0.4842030172372958,62,7.691535984153408e-05,4,1,External
MKC,O,0.5716354983329781,62,1.4955508614560668e-06,4,4,Internal
MKC,ORLY,0.5372485598784063,62,8.037359115275788e-06,4,4,Internal
MKC,PEP,0.5536151802684097,62,3.695331774767425e-06,4,5,External
MKC,PG,0.5106072539139841,62,2.6190782224382955e-05,4,4,Internal
MKC,PNW,0.465390206205376,62,0.0001573079289242096,4,4,Internal
MKC,PPL,0.5005269137639377,62,3.993209164132415e-05,4,4,Internal
MKC,PSA,0.47278565347680324,62,0.00011932874577475468,4,4,Internal
MKC,REG,0.4531661831113692,62,0.00024502872540649485,4,5,External
MKC,ROL,0.41065242492535775,62,0.0010117190191805032,4,4,Internal
MKC,SBAC,0.4185623874719815,62,0.0007879080165763888,4,4,Internal
MKC,SO,0.4688675080942834,62,0.00013825001421222368,4,4,Internal
MKC,STZ,0.4174884087195724,62,0.0008154057021755406,4,5,External
MKC,SYY,0.5233751492893666,62,1.5054443069703106e-05,4,4,Internal
MKC,TRV,0.4215422479108599,62,0.0007159470673325574,4,4,Internal
MKC,TSCO,0.4252088728254476,62,0.0006355877741516148,4,5,External
MKC,TSN,0.529858452713198,62,1.1266534335962462e-05,4,4,Internal
MKC,UDR,0.4930562331155393,62,5.412590350886655e-05,4,4,Internal
MKC,VTR,0.45163947048713804,62,0.00025867295592981403,4,4,Internal
MKC,VZ,0.4463913796113496,62,0.00031103788795416854,4,4,Internal
MKC,WEC,0.46562601956321287,62,0.00015594308909463276,4,4,Internal
MKC,WELL,0.417569428399649,62,0.0008133014587979177,4,4,Internal
MKC,WTW,0.4801960492401509,62,8.989161311357161e-05,4,4,Internal
MKC,XEL,0.49437960752685234,62,5.131341151412846e-05,4,4,Internal
MLM,NVDA,-0.4098718506559303,62,0.0010366520599786545,5,1,External
MLM,NVR,0.44937458238813,62,0.0002801955908951583,5,1,External
MLM,ORLY,0.4065663794112932,62,0.0011484883599116467,5,4,External
MLM,PAYX,0.5324212598966249,62,1.003031815824751e-05,5,4,External
MLM,PPG,0.5246264129050946,62,1.4242034301555091e-05,5,1,External
MLM,PPL,0.451910657012563,62,0.0002561997991388107,5,4,External
MLM,REG,0.40398955712002554,62,0.0012430825195003713,5,5,Internal
MLM,ROL,0.42953542890541463,62,0.000551329817121392,5,4,External
MLM,ROP,0.42593331264450485,62,0.0006207129141888744,5,4,External
MLM,SHW,0.5192512171691109,62,1.8046744456429926e-05,5,5,Internal
MLM,STZ,0.468668798536304,62,0.00013927923822429543,5,5,Internal
MLM,SYY,0.4739945113725753,62,0.00011399019705143062,5,4,External
MLM,TJX,0.41019248136927133,62,0.0010263442377539923,5,5,Internal
MLM,TRGP,-0.4505590199557403,62,0.0002687444163540724,5,2,External
MLM,TT,0.4037012125048213,62,0.0012540920082656443,5,5,Internal
MLM,VLTO,0.48580766985918383,62,7.222087114519515e-05,5,5,Internal
MLM,VMC,0.8419255677471194,62,1.8987425998835278e-17,5,5,Internal
MLM,WM,0.44003066681597347,62,0.00038737943723479105,5,4,External
MMC,MO,0.43948171145738446,62,0.0003947085139095619,4,4,Internal
MMC,MOH,0.560047552951959,62,2.691954021675656e-06,4,4,Internal
MMC,MPWR,-0.5314271419663005,62,1.0494050086330237e-05,4,1,External
MMC,NCLH,-0.4149302506454546,62,0.0008844297384671507,4,1,External
MMC,NI,0.4112699244962352,62,0.0009923793754981083,4,4,Internal
MMC,NXPI,-0.4922725642472921,62,5.585775868589178e-05,4,1,External
MMC,ON,-0.43259336521374836,62,0.00049803604768357,4,1,External
MMC,ORLY,0.5205787513317122,62,1.702806592531949e-05,4,4,Internal
MMC,OTIS,0.42060130233109483,62,0.0007379998546887803,4,4,Internal
MMC,PAYX,0.5202697045990358,62,1.7260328996438075e-05,4,4,Internal
MMC,PEG,0.4474216466788789,62,0.000300052760351355,4,4,Internal
MMC,PG,0.4687257831724018,62,0.00013898336749294717,4,4,Internal
MMC,PGR,0.7726562451655612,62,3.0100671361753733e-13,4,4,Internal
MMC,PM,0.4412614461568383,62,0.0003713954968556174,4,4,Internal
MMC,PNW,0.4914369000661717,62,5.776073971166358e-05,4,4,Internal
MMC,PPL,0.5923135105934307,62,4.946139242161264e-07,4,4,Internal
MMC,ROL,0.6328672224156333,62,4.4422836326692774e-08,4,4,Internal
MMC,ROP,0.5304321980393351,62,1.0978066513664663e-05,4,4,Internal
MMC,RSG,0.6916453756305709,62,6.75227380776162e-10,4,4,Internal
MMC,SBAC,0.5346329385958503,62,9.06614584811333e-06,4,4,Internal
MMC,SNA,0.5049913519776411,62,3.318248642725702e-05,4,16,External
MMC,SO,0.527586813576971,62,1.2479269500817845e-05,4,4,Internal
MMC,SPGI,0.4627180247033473,62,0.00017355777163078433,4,4,Internal
MMC,SRE,0.429194913626426,62,0.0005575737198140582,4,4,Internal
MMC,SYF,-0.5786740966232179,62,1.034979405321091e-06,4,1,External
MMC,T,0.44934420008301373,62,0.0002804950999385871,4,4,Internal
MMC,TEL,-0.40810666469980417,62,0.0010950896483031467,4,1,External
MMC,TER,-0.5289187871875846,62,1.1754245847569937e-05,4,1,External
MMC,TRV,0.656215026657761,62,9.398706592286712e-09,4,4,Internal
MMC,TXN,-0.440317662142807,62,0.00038359728775325667,4,1,External
MMC,UHS,0.4770016408589624,62,0.00010164770003540055,4,4,Internal
MMC,UNH,0.43556848784189095,62,0.00045071973109119255,4,16,External
MMC,V,0.4483641031735561,62,0.0002903150754270139,4,4,Internal
MMC,VRSK,0.6189616139747984,62,1.0550036171911857e-07,4,4,Internal
MMC,VTR,0.4753750641782808,62,0.00010816227721844186,4,4,Internal
MMC,VZ,0.5105991156543576,62,2.6199843434655882e-05,4,4,Internal
MMC,WEC,0.5630110211419131,62,2.321159212756902e-06,4,4,Internal
MMC,WELL,0.5341753134145198,62,9.258271468692518e-06,4,4,Internal
MMC,WM,0.6087803294483454,62,1.9360116947666712e-07,4,4,Internal
MMC,WRB,0.6972801837043038,62,4.290109104737454e-10,4,4,Internal
MMC,WTW,0.6597632538770996,62,7.334797601408797e-09,4,4,Internal
MMC,XEL,0.4648542043973602,62,0.00016045102379284233,4,4,Internal
MMC,YUM,0.4986941947876262,62,4.305364369528745e-05,4,4,Internal
MMC,ZBRA,-0.4180574962568937,62,0.000800728860274116,4,1,External
MMM,PNR,0.542107282597907,62,6.408802309261478e-06,1,1,Internal
MNST,MOH,0.40193675057734024,62,0.0013233935088734915,4,4,Internal
MNST,O,0.42802068779664443,62,0.00057960025143947,4,4,Internal
MNST,ORLY,0.46021086044020076,62,0.00019018799959862168,4,4,Internal
MNST,OTIS,0.4652596490417616,62,0.00015806826811587833,4,4,Internal
MNST,PAYX,0.4666189195096518,62,0.00015031463814654743,4,4,Internal
MNST,PEP,0.5311828410288262,62,1.0611023074643533e-05,4,5,External
MNST,PG,0.5021555100104987,62,3.733513111657867e-05,4,4,Internal
MNST,PM,0.4823852907511885,62,8.257173700146282e-05,4,4,Internal
MNST,PNW,0.5064646489895056,62,3.119786658566348e-05,4,4,Internal
MNST,PPL,0.5203225085183415,62,1.722043727117844e-05,4,4,Internal
MNST,PSA,0.44115351443737716,62,0.00037277277706649454,4,4,Internal
MNST,REG,0.40081349809504163,62,0.0013692846987039,4,5,External
MNST,ROL,0.575633228645893,62,1.214665543481184e-06,4,4,Internal
MNST,ROP,0.4690178171957429,62,0.00013747612287179277,4,4,Internal
MNST,RSG,0.6527701925997758,62,1.1919497247003306e-08,4,4,Internal
MNST,SBAC,0.5989004702264211,62,3.4202294486083553e-07,4,4,Internal
MNST,SBUX,-0.4140573026864476,62,0.0009091641749254799,4,1,External
MNST,SO,0.501507596281246,62,3.8348996545221716e-05,4,4,Internal
MNST,STZ,0.41349314796040976,62,0.0009254795670217081,4,5,External
MNST,SYY,0.5131675161224307,62,2.3479934337789728e-05,4,4,Internal
MNST,T,0.4377753159478624,62,0.00041830365163821883,4,4,Internal
MNST,TAP,0.4680794909045221,62,0.00014237305852670337,4,4,Internal
MNST,TRV,0.43417952329318604,62,0.000472276273124387,4,4,Internal
MNST,TSCO,0.4102556194177242,62,0.0010243253618181557,4,5,External
MNST,TYL,0.4520680288716975,62,0.00025477452710906195,4,5,External
MNST,URI,-0.40606834382939333,62,0.0011662491958104003,4,1,External
MNST,VRSK,0.500347267314255,62,4.022855614086918e-05,4,4,Internal
MNST,VTR,0.48094757790044584,62,8.731410264918852e-05,4,4,Internal
MNST,VZ,0.4551439314220783,62,0.00022833148272636075,4,4,Internal
MNST,WEC,0.4685297271272006,62,0.00014000374043390197,4,4,Internal
MNST,WELL,0.4505817803948668,62,0.00026852861399282227,4,4,Internal
MNST,WM,0.638830196541254,62,3.0250724809686956e-08,4,4,Internal
MNST,WMT,0.42066324525471704,62,0.000736529429321982,4,4,Internal
MNST,WTW,0.4152364530548809,62,0.0008758987006006841,4,4,Internal
MNST,XEL,0.48750653239397473,62,6.753952949110465e-05,4,4,Internal
MO,MPWR,-0.5045088189147354,62,3.385746368055173e-05,4,1,External
MO,NEE,0.41452779315426475,62,0.0008957566165552839,4,4,Internal
MO,NFLX,0.494597124988677,62,5.086425634686204e-05,4,4,Internal
MO,NI,0.6329699202503308,62,4.41328979541566e-08,4,4,Internal
MO,NXPI,-0.40464047694772587,62,0.0012185482865671787,4,1,External
MO,O,0.5622281313931552,62,2.4141753538872407e-06,4,4,Internal
MO,ORLY,0.546444486012633,62,5.220264949315778e-06,4,4,Internal
MO,PAYX,0.4084995682337401,62,0.001081831486836919,4,4,Internal
MO,PEG,0.5196747292964162,62,1.7715780607795717e-05,4,4,Internal
MO,PGR,0.5213752874431535,62,1.644273640413904e-05,4,4,Internal
MO,PM,0.7714312549112281,62,3.461148655575846e-13,4,4,Internal
MO,PNW,0.6503203000512067,62,1.4087946775922349e-08,4,4,Internal
MO,PPL,0.702803601429027,62,2.7224413195506405e-10,4,4,Internal
MO,PSA,0.453187392220934,62,0.0002448438998198039,4,4,Internal
MO,ROL,0.6014719689711449,62,2.9548172353681036e-07,4,4,Internal
MO,ROP,0.5255235744928828,62,1.3684807228971333e-05,4,4,Internal
MO,RSG,0.6980949101262625,62,4.014337666209652e-10,4,4,Internal
MO,SBAC,0.5537162594978836,62,3.6771684112993656e-06,4,4,Internal
MO,SO,0.7566172009267484,62,1.7545102413907794e-12,4,4,Internal
MO,SRE,0.4989113946292193,62,4.267226986518691e-05,4,4,Internal
MO,SW,-0.43081804031458576,62,0.0005283764345247744,4,1,External
MO,SWK,-0.5167190337448203,62,2.01483010016242e-05,4,1,External
MO,SYY,0.4069946849106998,62,0.001133409394581276,4,4,Internal
MO,T,0.616004050180575,62,1.26126693261318e-07,4,4,Internal
MO,TER,-0.4831356041489856,62,8.019205982707066e-05,4,1,External
MO,TMUS,0.4101580181341751,62,0.001027447732517121,4,4,Internal
MO,TRV,0.6056043787693599,62,2.3295385408686911e-07,4,4,Internal
MO,VICI,0.5409555097694468,62,6.764352796858464e-06,4,4,Internal
MO,VRSK,0.5557052353814158,62,3.3362815066125164e-06,4,4,Internal
MO,VTR,0.4314742120033279,62,0.0005169722654436901,4,4,Internal
MO,VZ,0.6181070313253629,62,1.1110794497346764e-07,4,4,Internal
MO,WEC,0.7207629579058443,62,5.760981239978041e-11,4,4,Internal
MO,WELL,0.6282558912280444,62,5.946104723540639e-08,4,4,Internal
MO,WM,0.6784354040914223,62,1.8804929525806464e-09,4,4,Internal
MO,WRB,0.6505288207650699,62,1.3889761671976917e-08,4,4,Internal
MO,WTW,0.42492418130859927,62,0.0006415211859287601,4,4,Internal
MO,XEL,0.6755110166561336,62,2.342442864903305e-09,4,4,Internal
MO,YUM,0.42530865853513633,62,0.0006335198833079476,4,4,Internal
MO,ZBRA,-0.49388410241404673,62,5.235029036920645e-05,4,1,External
MOH,PEP,0.49210534452108395,62,5.623385929726233e-05,4,5,External
MOH,PG,0.4627117818645267,62,0.00017359747210950858,4,4,Internal
MOH,RSG,0.42982971618757526,62,0.0005459847611853037,4,4,Internal
MOH,SO,0.4242667303721156,62,0.000655415698178198,4,4,Internal
MOH,SYF,-0.4409126588795712,62,0.0003758630372946126,4,1,External
MOH,SYK,0.4808168318280219,62,8.77575767029659e-05,4,5,External
MOH,SYY,0.410645000614609,62,0.00101195359637962,4,4,Internal
MOH,TAP,0.44805416147973004,62,0.00029348517234428675,4,4,Internal
MOH,TEL,-0.4387643317835038,62,0.0004044764031032531,4,1,External
MOH,TJX,0.42375375051787184,62,0.000666445667916759,4,5,External
MOH,UNH,0.42321575662632116,62,0.0006781938417032541,4,16,External
MOH,VRSK,0.43450328139264494,62,0.00046716951182870564,4,4,Internal
MOH,VTR,0.4791418772954547,62,9.362517015677947e-05,4,4,Internal
MOH,WDC,-0.48300978941945516,62,8.058663269193776e-05,4,1,External
MOH,WST,0.45094404386050374,62,0.00026511505639443655,4,5,External
MOH,YUM,0.4471577281355233,62,0.0003028325279247006,4,4,Internal
MOS,NCLH,-0.4096862474896721,62,0.0010426614921202834,2,1,External
MOS,NEM,0.5246595765111195,62,1.4221066763296077e-05,2,4,External
MOS,PM,0.4696737552693796,62,0.0001341452161829473,2,4,External
MOS,SBAC,0.42675080722893083,62,0.0006043067841079051,2,4,External
MOS,SCHW,0.4083295684130189,62,0.0010875501188892652,2,2,Internal
MOS,VRSK,0.400919830056215,62,0.0013648799817256223,2,4,External
MPC,MS,0.49979594427543733,62,4.115113491099582e-05,1,1,Internal
MPC,MTB,0.5381962938878423,62,7.692221516225791e-06,1,1,Internal
MPC,MU,0.45735638687584856,62,0.00021088983792250408,1,1,Internal
MPC,NCLH,0.44219336845537743,62,0.0003596948728940905,1,1,Internal
MPC,NSC,0.4408335095706604,62,0.0003768836307927543,1,1,Internal
MPC,OXY,0.6689189699937041,62,3.808929758169115e-09,1,2,External
MPC,PFG,0.5329143662622755,62,9.807436087327347e-06,1,1,Internal
MPC,PH,0.5312061181115434,62,1.0599825807609055e-05,1,1,Internal
MPC,PNC,0.5091698188710476,62,2.7837047251669382e-05,1,1,Internal
MPC,PSX,0.7918311337464385,62,3.0021351073754094e-14,1,1,Internal
MPC,RF,0.5669434663442557,62,1.9025206866207374e-06,1,1,Internal
MPC,RL,0.5234081650168415,62,1.5032465311087295e-05,1,1,Internal
MPC,SLB,0.4850665453014835,62,7.435525161813035e-05,1,2,External
MPC,STX,0.4302094007835101,62,0.0005391581365449062,1,1,Internal
MPC,SW,0.4216611890417555,62,0.0007132023426175483,1,1,Internal
MPC,SWK,0.42426720849788757,62,0.0006554054952291364,1,1,Internal
MPC,SYF,0.5943191235480483,62,4.424485452692543e-07,1,1,Internal
MPC,TEL,0.4777376180360431,62,9.8820282890756e-05,1,1,Internal
MPC,TFC,0.4979427740659247,62,4.439746385564375e-05,1,1,Internal
MPC,TPR,0.40494712040176933,62,0.0012071420709325383,1,1,Internal
MPC,TRGP,0.5092181300041672,62,2.778019610373001e-05,1,2,External
MPC,UNH,-0.4000372193829929,62,0.00140183031346711,1,16,External
MPC,UPS,0.4181017181259754,62,0.0007995984335443665,1,1,Internal
MPC,USB,0.4896422290605523,62,6.205136716036684e-05,1,1,Internal
MPC,VLO,0.8511457344796393,62,3.697918791520487e-18,1,1,Internal
MPC,VRSK,-0.40464975455883884,62,0.00121820176974953,1,4,External
MPC,WYNN,0.4204340062053853,62,0.0007419844779844925,1,1,Internal
MPC,XOM,0.5748520709618363,62,1.2653304998106188e-06,1,2,External
MPC,ZBRA,0.5676983490060206,62,1.830715388991417e-06,1,1,Internal
MPWR,NEE,-0.45628010749711634,62,0.00021921632587946412,1,4,External
MPWR,NI,-0.5122843640951348,62,2.4384182814827406e-05,1,4,External
MPWR,NXPI,0.6499915819905989,62,1.4405811659138245e-08,1,1,Internal
MPWR,ON,0.6134169628310644,62,1.4722894964708378e-07,1,1,Internal
MPWR,ORLY,-0.5550658977664765,62,3.4424967237599225e-06,1,4,External
MPWR,OTIS,-0.45528090746247785,62,0.00022721449551050846,1,4,External
MPWR,PCAR,0.44769003664094464,62,0.0002972497857029529,1,1,Internal
MPWR,PEG,-0.4486653910112775,62,0.00028726346891065266,1,4,External
MPWR,PG,-0.4952816508961717,62,4.9474340430696675e-05,1,4,External
MPWR,PGR,-0.6658610586755696,62,4.752810112517801e-09,1,4,External
MPWR,PM,-0.5013964677545145,62,3.852542821118544e-05,1,4,External
MPWR,PNW,-0.45418898701052,62,0.00023625924145314074,1,4,External
MPWR,PPL,-0.5623466516446647,62,2.3998734594605954e-06,1,4,External
MPWR,PYPL,0.42489735211125673,62,0.0006420829272936181,1,1,Internal
MPWR,RL,0.5032731143023943,62,3.5644331108220777e-05,1,1,Internal
MPWR,ROL,-0.6047994414728728,62,2.440610567227434e-07,1,4,External
MPWR,RSG,-0.6130598898388806,62,1.5039001292845635e-07,1,4,External
MPWR,SBAC,-0.40208619586319444,62,0.0013173931896576824,1,4,External
MPWR,SO,-0.6034550529474152,62,2.637300321968464e-07,1,4,External
MPWR,SPGI,-0.43723122946336573,62,0.0004260924489229167,1,4,External
MPWR,SRE,-0.4000540707831894,62,0.0014011165020880753,1,4,External
MPWR,SWK,0.5036953288679692,62,3.5024214355845054e-05,1,1,Internal
MPWR,SWKS,0.623284347435283,62,8.099326802695956e-08,1,1,Internal
MPWR,SYF,0.4414094211966526,62,0.0003695147681341302,1,1,Internal
MPWR,T,-0.49455653942796546,62,5.09477857088254e-05,1,4,External
MPWR,TDG,-0.4147639836517107,62,0.0008890934312107766,1,2,External
MPWR,TER,0.6021145914959296,62,2.8481868365211724e-07,1,1,Internal
MPWR,TGT,0.4305651248873575,62,0.000532832694815287,1,1,Internal
MPWR,TJX,-0.405731178614236,62,0.0011784130573135264,1,5,External
MPWR,TROW,0.5066201399826807,62,3.0994948344515515e-05,1,1,Internal
MPWR,TRV,-0.7012631741420648,62,3.093794412836475e-10,1,4,External
MPWR,UAL,0.47221526874605835,62,0.00012192656927415737,1,1,Internal
MPWR,VRSK,-0.5259473564186136,62,1.3428700868150489e-05,1,4,External
MPWR,VRSN,-0.42425995331464533,62,0.0006555603324443366,1,4,External
MPWR,VTR,-0.4862297501658519,62,7.103068439450486e-05,1,4,External
MPWR,VZ,-0.47648536233938504,62,0.00010367527445371614,1,4,External
MPWR,WEC,-0.5347814534269195,62,9.004596340219248e-06,1,4,External
MPWR,WELL,-0.6059105611513446,62,2.2885513239889775e-07,1,4,External
MPWR,WM,-0.5711818361877952,62,1.5310112602472095e-06,1,4,External
MPWR,WRB,-0.6365944779781841,62,3.497200852925233e-08,1,4,External
MPWR,WTW,-0.6013653169940456,62,2.972873106328458e-07,1,4,External
MPWR,WYNN,0.44883716417482766,62,0.00028553678666211915,1,1,Internal
MPWR,XEL,-0.5472010412383731,62,5.0353032725576135e-06,1,4,External
MPWR,YUM,-0.6066100363288541,62,2.1974469519083702e-07,1,4,External
MPWR,ZBRA,0.490951678199229,62,5.8892953718539253e-05,1,1,Internal
MRK,MRNA,0.4354757364738695,62,0.0004521308570037228,5,5,Internal
MRK,MTD,0.4049282702633514,62,0.0012078404582827962,5,5,Internal
MRK,PFE,0.7107868007761224,62,1.384924843082133e-10,5,5,Internal
MRK,RVTY,0.464190567798839,62,0.0001644222850552865,5,5,Internal
MRK,TECH,0.48022358800965226,62,8.979594129903167e-05,5,5,Internal
MRK,TMO,0.5835873463551894,62,7.963466632858921e-07,5,5,Internal
MRK,VRTX,0.5660080701837645,62,1.9951526526458298e-06,5,5,Internal
MRK,WAT,0.5226102959006628,62,1.5572015611618175e-05,5,5,Internal
MRK,ZTS,0.4196988770188881,62,0.0007597252974640895,5,5,Internal
MRNA,MTD,0.5392437819897532,62,7.326838000823967e-06,5,5,Internal
MRNA,PFE,0.5375448610918204,62,7.927935767156261e-06,5,5,Internal
MRNA,RVTY,0.5029275200411248,62,3.615945406676823e-05,5,5,Internal
MRNA,TECH,0.5657606268199734,62,2.0203532118187352e-06,5,5,Internal
MRNA,TMO,0.5507432326052264,62,4.247790386566436e-06,5,5,Internal
MRNA,VRTX,0.5353733897912968,62,8.763120948334021e-06,5,5,Internal
MRNA,WAT,0.5519732511490585,62,4.002361741998138e-06,5,5,Internal
MS,MTB,0.6418173231447133,62,2.4876228441518766e-08,1,1,Internal
MS,NCLH,0.5492502288029301,62,4.564554533165661e-06,1,1,Internal
MS,PH,0.5621057037144847,62,2.4290323966869426e-06,1,1,Internal
MS,PNC,0.6010190860782652,62,3.032206636885271e-07,1,1,Internal
MS,PRU,0.4136365466881054,62,0.0009213076098076636,1,1,Internal
MS,PSX,0.43230311940215504,62,0.0005028855689623337,1,1,Internal
MS,RCL,0.542834007129119,62,6.1935067821105e-06,1,1,Internal
MS,RF,0.6491200465620259,62,1.5281725568686273e-08,1,1,Internal
MS,RJF,0.5708679710482552,62,1.5560034690920881e-06,1,1,Internal
MS,RSG,-0.421184969178591,62,0.0007242493304949042,1,4,External
MS,SBAC,-0.42306398813109936,62,0.0006815417530994803,1,4,External
MS,STT,0.6419147277638393,62,2.4717180370348457e-08,1,1,Internal
MS,SYF,0.6061786332875857,62,2.2532237285125094e-07,1,1,Internal
MS,TEL,0.485941177537061,62,7.184243285211084e-05,1,1,Internal
MS,TFC,0.6349589136354826,62,3.885777323343175e-08,1,1,Internal
MS,USB,0.6540723965082209,62,1.08994720760838e-08,1,1,Internal
MS,VLO,0.43377442743506983,62,0.00047873742638623553,1,1,Internal
MS,WDC,0.41663616005703924,62,0.0008378402865898198,1,1,Internal
MS,WFC,0.624885243777755,62,7.336463722225241e-08,1,1,Internal
MS,ZBRA,0.40111027541902566,62,0.0013570227423143906,1,1,Internal
MSFT,PWR,0.5539067400820694,62,3.6431664500616807e-06,12,12,Internal
MSFT,QCOM,-0.5848297521996468,62,7.447690490664888e-07,12,1,External
MSFT,TRGP,-0.5093344519710336,62,2.7643752541711353e-05,12,2,External
MSFT,VTR,-0.4852026274216875,62,7.395904290255952e-05,12,4,External
MSI,NCLH,-0.5111062410964913,62,2.564071806549066e-05,12,1,External
MSI,PM,0.43527340024142835,62,0.0004552231608583434,12,4,External
MSI,RCL,-0.41925574146345934,62,0.0007706039049409496,12,1,External
MSI,RF,-0.40527059549871153,62,0.0011952139770515032,12,1,External
MSI,SWK,-0.4887050305557837,62,6.440700395063379e-05,12,1,External
MSI,SYF,-0.4261614129170432,62,0.0006160950875876022,12,1,External
MSI,T,0.44857841150788696,62,0.00028814142518788865,12,4,External
MSI,TROW,-0.5297029323303707,62,1.1345932139502947e-05,12,1,External
MSI,TTWO,0.6225162115492788,62,8.491354687285551e-08,12,12,Internal
MSI,UAL,-0.4247751731356777,62,0.0006446467124363453,12,1,External
MSI,VRSK,0.4427050495838094,62,0.00035341427456441144,12,4,External
MSI,XYZ,0.5320146620274309,62,1.0217633161862654e-05,12,12,Internal
MSI,YUM,0.451011282304466,62,0.00026448585486615395,12,4,External
MTB,NCLH,0.5574909959595291,62,3.0555946846098847e-06,1,1,Internal
MTB,NEM,-0.4094013808869289,62,0.0010519459551917576,1,4,External
MTB,NSC,0.4983754615394177,62,4.361900067719639e-05,1,1,Internal
MTB,NTRS,0.5769009736353556,62,1.136466744236879e-06,1,1,Internal
MTB,ODFL,0.43570785254609296,62,0.0004486069526429233,1,1,Internal
MTB,PCAR,0.46548335455429724,62,0.00015676750215658954,1,1,Internal
MTB,PFG,0.5808799833687691,62,9.205688779044814e-07,1,1,Internal
MTB,PH,0.5849245510238565,62,7.409650696058501e-07,1,1,Internal
MTB,PHM,0.4039974498092917,62,0.0012427823894035292,1,1,Internal
MTB,PNC,0.8576060493182331,62,1.098988240986934e-18,1,1,Internal
MTB,PNR,0.4904352873339886,62,6.012035519890927e-05,1,1,Internal
MTB,PRU,0.5858980317888242,62,7.029428177823394e-07,1,1,Internal
MTB,PSX,0.4580924135774858,62,0.0002053633342602715,1,1,Internal
MTB,RCL,0.5533426812374412,62,3.7447164472601894e-06,1,1,Internal
MTB,RF,0.895870586971192,62,1.881335664778007e-22,1,1,Internal
MTB,RJF,0.6203415889677164,62,9.700475581274922e-08,1,1,Internal
MTB,RL,0.5051246096164571,62,3.299828887924681e-05,1,1,Internal
MTB,ROL,-0.4757672335566276,62,0.00010655742689538329,1,4,External
MTB,RSG,-0.5006664352167726,62,3.970323867015308e-05,1,4,External
MTB,STT,0.5644681854802275,62,2.156890476041685e-06,1,1,Internal
MTB,SWK,0.5159519690399538,62,2.082836501083231e-05,1,1,Internal
MTB,SYF,0.7415622147795359,62,8.148527668359176e-12,1,1,Internal
MTB,TEL,0.615013519626462,62,1.338450628167178e-07,1,1,Internal
MTB,TFC,0.8332530192704506,62,8.064668992865264e-17,1,1,Internal
MTB,TGT,0.45256568611979436,62,0.00025031491675826914,1,1,Internal
MTB,TPR,0.4995014562963969,62,4.1651901952973916e-05,1,1,Internal
MTB,TRMB,0.5434333479835579,62,6.021040904049838e-06,1,1,Internal
MTB,TROW,0.5359058088096001,62,8.55108679181867e-06,1,1,Internal
MTB,UPS,0.40581668420108136,62,0.0011753175252874743,1,1,Internal
MTB,URI,0.48216882690385654,62,8.327025241520043e-05,1,1,Internal
MTB,USB,0.8358044835908726,62,5.316006579600032e-17,1,1,Internal
MTB,VLO,0.4539354923161296,62,0.00023840554240898634,1,1,Internal
MTB,WFC,0.684370055988375,62,1.194810075365759e-09,1,1,Internal
MTB,WM,-0.5020686347999262,62,3.74696208254998e-05,1,4,External
MTB,WY,0.4107525127431545,62,0.001008561444432299,1,1,Internal
MTB,WYNN,0.4155872566983328,62,0.0008662164267798207,1,1,Internal
MTB,ZBRA,0.6020065852462758,62,2.865851617249552e-07,1,1,Internal
MTCH,PAYC,-0.414194859905333,62,0.0009052255917067807,12,2,External
MTD,PFE,0.47976189421328946,62,9.141234798033434e-05,5,5,Internal
MTD,PNC,0.40761258058977734,62,0.0011119697349028033,5,1,External
MTD,RVTY,0.740523006914963,62,9.0244509193481e-12,5,5,Internal
MTD,SWK,0.4301283263051868,62,0.0005406092948251819,5,1,External
MTD,TECH,0.7230496098267517,62,4.6867242316662064e-11,5,5,Internal
MTD,TMO,0.7092759101284778,62,1.5766329158745782e-10,5,5,Internal
MTD,VTRS,0.5623739617617124,62,2.3965891829573725e-06,5,5,Internal
MTD,WAT,0.8120622304998353,62,1.999869498573743e-15,5,5,Internal
MTD,ZBRA,0.4041237197877462,62,0.0012379896586232168,5,1,External
MU,NTAP,0.42247602781585586,62,0.0006946535138462105,1,1,Internal
MU,NXPI,0.4676481388204458,62,0.00014467744450868218,1,1,Internal
MU,O,-0.4538701947403856,62,0.00023896128558344683,1,4,External
MU,ON,0.4435177343197805,62,0.000343644108315284,1,1,Internal
MU,ORLY,-0.5627766091402596,62,2.348652450619624e-06,1,4,External
MU,PG,-0.5300941740198384,62,1.114717585764183e-05,1,4,External
MU,PH,0.4427841427684549,62,0.00035245241466830366,1,1,Internal
MU,PPL,-0.4291355664173822,62,0.0005586684892428075,1,4,External
MU,PSX,0.4313920128539064,62,0.0005183885257878228,1,1,Internal
MU,ROL,-0.41453904799058905,62,0.0008954380854994846,1,4,External
MU,RSG,-0.43427401433424184,62,0.00047078061288022326,1,4,External
MU,SBAC,-0.4610151007117613,62,0.00018470094392114442,1,4,External
MU,SHW,-0.4300536362732308,62,0.0005419493132791164,1,5,External
MU,SO,-0.4199298595767528,62,0.0007541101119319331,1,4,External
MU,SYF,0.4886414768449174,62,6.456969249034122e-05,1,1,Internal
MU,TAP,-0.4223287939886664,62,0.0006979724400252249,1,4,External
MU,TEL,0.4471665640384409,62,0.00030273908349798885,1,1,Internal
MU,TER,0.5701352061915,62,1.6158459883490852e-06,1,1,Internal
MU,TJX,-0.4590050946265448,62,0.00019869452065603217,1,5,External
MU,TRGP,0.4957177460167692,62,4.860723340726113e-05,1,2,External
MU,TXN,0.4822814939864863,62,8.290600685296697e-05,1,1,Internal
MU,VLO,0.49880214379842924,62,4.28637078065857e-05,1,1,Internal
MU,WDC,0.512405878928087,62,2.4257879465595782e-05,1,1,Internal
MU,XEL,-0.4095051718902032,62,0.0010485545726245842,1,4,External
NCLH,NEM,-0.41606068713243205,62,0.0008533028863346066,1,4,External
NCLH,NKE,0.5649614828519356,62,2.1037895305749304e-06,1,1,Internal
NCLH,PCAR,0.40869346124724276,62,0.001075342192243181,1,1,Internal
NCLH,PFG,0.4231017646913508,62,0.0006807070316088078,1,1,Internal
NCLH,PGR,-0.44382147157442586,62,0.00034005618934478436,1,4,External
NCLH,PH,0.43402591762826637,62,0.00047471685108544265,1,1,Internal
NCLH,PM,-0.5081179575251225,62,2.9101873258095184e-05,1,4,External
NCLH,PNC,0.5109171765335742,62,2.58478639160237e-05,1,1,Internal
NCLH,PRU,0.4295580326211656,62,0.0005509175952542854,1,1,Internal
NCLH,RCL,0.7510940619378734,62,3.1210958267433305e-12,1,1,Internal
NCLH,RF,0.5926113199234124,62,4.865188890588231e-07,1,1,Internal
NCLH,RL,0.49951747611962366,62,4.1624516595483154e-05,1,1,Internal
NCLH,ROL,-0.4445128202077158,62,0.00033201651540210747,1,4,External
NCLH,RSG,-0.5082643317560849,62,2.8922732702115484e-05,1,4,External
NCLH,SBAC,-0.4655260803064355,62,0.0001565201863082988,1,4,External
NCLH,SBUX,0.41698593997734007,62,0.0008285660699410016,1,1,Internal
NCLH,SO,-0.43697457140676454,62,0.00042981219094832086,1,4,External
NCLH,SW,0.5376606564184504,62,7.885550998969104e-06,1,1,Internal
NCLH,SWK,0.524710215660608,62,1.4189105699863895e-05,1,1,Internal
NCLH,SYF,0.6354724787724348,62,3.7595780399631895e-08,1,1,Internal
NCLH,T,-0.4411925613065947,62,0.00037227397717260185,1,4,External
NCLH,TFC,0.629159407050316,62,5.618050381618298e-08,1,1,Internal
NCLH,TGT,0.43189940610117056,62,0.0005097022560798557,1,1,Internal
NCLH,TPR,0.5311577523480057,62,1.0623104113758006e-05,1,1,Internal
NCLH,TROW,0.5127640286246601,62,2.388913372435654e-05,1,1,Internal
NCLH,UAL,0.5003158136047468,62,4.028067193100288e-05,1,1,Internal
NCLH,UPS,0.4552819328865379,62,0.00022720615244075854,1,1,Internal
NCLH,USB,0.521598566296719,62,1.6282044934337678e-05,1,1,Internal
NCLH,VRSK,-0.42242321315768844,62,0.0006958424083095042,1,4,External
NCLH,VZ,-0.4848395038594164,62,7.502064660634535e-05,1,4,External
NCLH,WELL,-0.4260999704485128,62,0.0006173358993204611,1,4,External
NCLH,WM,-0.5198549553309417,62,1.7576654329998186e-05,1,4,External
NCLH,WYNN,0.47585092972514864,62,0.00010621776856797322,1,1,Internal
NCLH,YUM,-0.5734542996734439,62,1.3609621418737502e-06,1,4,External
NCLH,ZBRA,0.5505389451720263,62,4.2898874120067295e-06,1,1,Internal
NDSN,NSC,0.46244043392142153,62,0.00017533113230058884,1,1,Internal
NDSN,NVR,0.45244894681451797,62,0.000251354592099057,1,1,Internal
NDSN,PCAR,0.4220658305467184,62,0.0007039358610142603,1,1,Internal
NDSN,PHM,0.43890564588313985,62,0.0004025350406889813,1,1,Internal
NDSN,PKG,0.4322865164004727,62,0.0005031642696223273,1,1,Internal
NDSN,PM,-0.4088903568695572,62,0.001068788316995631,1,4,External
NDSN,PNR,0.4114082690960554,62,0.0009880925038645687,1,1,Internal
NDSN,SW,0.40864570694912683,62,0.0010769371899116097,1,1,Internal
NDSN,SWK,0.47514411501395826,62,0.00010911773755448539,1,1,Internal
NDSN,UPS,0.5291907803241209,62,1.161109334526183e-05,1,1,Internal
NEE,ORLY,0.4350274475594284,62,0.00045900793507371534,4,4,Internal
NEE,PEP,0.4040381715343954,62,0.0012412349266170241,4,5,External
NEE,PGR,0.4578793317807578,62,0.00020694948648028707,4,4,Internal
NEE,PNW,0.474572656000105,62,0.00011151535621323475,4,4,Internal
NEE,RL,-0.40157776736580586,62,0.001337907396230614,4,1,External
NEE,ROL,0.4030585452615125,62,0.0012789463090061958,4,4,Internal
NEE,RSG,0.4189413273716587,62,0.0007784077282659792,4,4,Internal
NEE,SBAC,0.428530637986703,62,0.0005699392797427648,4,4,Internal
NEE,SO,0.487078988003516,62,6.869056751852773e-05,4,4,Internal
NEE,T,0.41285873773511206,62,0.0009441420492284245,4,4,Internal
NEE,TRV,0.40571914719212043,62,0.0011788492155383058,4,4,Internal
NEE,VTR,0.4118623721079173,62,0.0009741383807564644,4,4,Internal
NEE,VZ,0.4958741346218176,62,4.829971280673816e-05,4,4,Internal
NEE,WEC,0.4178695551865367,62,0.0008055492597035252,4,4,Internal
NEE,WELL,0.48693579936469317,62,6.908008377779122e-05,4,4,Internal
NEE,WM,0.41133805514681115,62,0.0009902661254912693,4,4,Internal
NEE,WRB,0.4406121447927947,62,0.00037975143731418823,4,4,Internal
NEE,XEL,0.6267785990379453,62,6.521712558374501e-08,4,4,Internal
NEE,YUM,0.45798869586725255,62,0.00020613400034771794,4,4,Internal
NEM,NKE,-0.42732446385844397,62,0.0005930299803994883,4,1,External
NEM,PGR,0.4048458485537604,62,0.001210898409838656,4,4,Internal
NEM,PM,0.4302537864950963,62,0.0005383651716130697,4,4,Internal
NEM,PNC,-0.44206543611435617,62,0.0003612809748423275,4,1,External
NEM,PNW,0.40695276679558834,62,0.0011348772574637004,4,4,Internal
NEM,PPL,0.42501546172036647,62,0.0006396133179830706,4,4,Internal
NEM,ROL,0.5091678116523487,62,2.7839411618018464e-05,4,4,Internal
NEM,RSG,0.4990181532192568,62,4.2485962458268686e-05,4,4,Internal
NEM,SO,0.401288370622693,62,0.0013497118352570159,4,4,Internal
NEM,SWK,-0.41742524795345537,62,0.0008170495254457081,4,1,External
NEM,WEC,0.4175709042257283,62,0.0008132631741940669,4,4,Internal
NEM,WM,0.48048578331483505,62,8.888973512956112e-05,4,4,Internal
NFLX,PM,0.48315361916541644,62,8.013570797808008e-05,4,4,Internal
NFLX,SWK,-0.4305381752407041,62,0.0005333095413519001,4,1,External
NFLX,UNP,-0.43684082332294955,62,0.00043176228218598766,4,1,External
NFLX,UPS,-0.41882619308778934,62,0.0007812832121067547,4,1,External
NFLX,WMB,0.40688732798552657,62,0.001137172175836256,4,4,Internal
NI,O,0.49226718900653854,62,5.58698121666639e-05,4,4,Internal
NI,ON,-0.410465888972312,62,0.0010176276589885342,4,1,External
NI,ORLY,0.5122065885038046,62,2.4465342808331496e-05,4,4,Internal
NI,PAYX,0.43817136450641586,62,0.00041271576374521564,4,4,Internal
NI,PCAR,-0.40195761526783447,62,0.0013225543061800994,4,1,External
NI,PEG,0.6390623932586723,62,2.979649404557885e-08,4,4,Internal
NI,PGR,0.5498576114674114,62,4.433119351091301e-06,4,4,Internal
NI,PM,0.6338012066905612,62,4.1850874327589934e-08,4,4,Internal
NI,PNW,0.7771426810420055,62,1.7915167051153622e-13,4,4,Internal
NI,PPL,0.7953532141196363,62,1.914860099474178e-14,4,4,Internal
NI,ROL,0.5912304807799086,62,5.251317640469925e-07,4,4,Internal
NI,ROP,0.4555938692146075,62,0.00022468113320778992,4,4,Internal
NI,RSG,0.6158477206873071,62,1.2731631182996223e-07,4,4,Internal
NI,SBAC,0.4738483098176222,62,0.00011462397853584266,4,4,Internal
NI,SO,0.7725779179467729,62,3.0371418412144927e-13,4,4,Internal
NI,SRE,0.6495293458317942,62,1.4864278060051869e-08,4,4,Internal
NI,SWK,-0.5207180968254367,62,1.6924292967567638e-05,4,1,External
NI,T,0.7079800091955462,62,1.7609245779650028e-10,4,4,Internal
NI,TMUS,0.41157503642896476,62,0.0009829471045111689,4,4,Internal
NI,TRV,0.5642426918048915,62,2.1815788553657607e-06,4,4,Internal
NI,VICI,0.5363426600805573,62,8.380688950111005e-06,4,4,Internal
NI,VRSK,0.6160467235963323,62,1.2580378577817382e-07,4,4,Internal
NI,VTR,0.5075768493693166,62,2.977306532238214e-05,4,4,Internal
NI,VZ,0.5681939695634719,62,1.7849590144711176e-06,4,4,Internal
NI,WEC,0.7915562154117067,62,3.108252345088856e-14,4,4,Internal
NI,WELL,0.6648367607028304,62,5.115732152545128e-09,4,4,Internal
NI,WM,0.6543765004533976,62,1.0673459224693384e-08,4,4,Internal
NI,WMB,0.5330008298114843,62,9.768832902778223e-06,4,4,Internal
NI,WRB,0.6026247889392529,62,2.766117718929873e-07,4,4,Internal
NI,WTW,0.4330409696855531,62,0.000490640537518429,4,4,Internal
NI,XEL,0.7148498180310023,62,9.732601156746385e-11,4,4,Internal
NI,YUM,0.4510938156215306,62,0.0002637153917239284,4,4,Internal
NI,ZBRA,-0.4018303144590165,62,0.0013276819491165946,4,1,External
NKE,NVR,0.5049806240306552,62,3.319735660256709e-05,1,1,Internal
NKE,ODFL,0.4742998259599893,62,0.0001126770313746933,1,1,Internal
NKE,PCAR,0.4361385733299853,62,0.0004421339806610197,1,1,Internal
NKE,PGR,-0.4696538344329126,62,0.0001342452755516668,1,4,External
NKE,PHM,0.4935110446619788,62,5.314366200464115e-05,1,1,Internal
NKE,PKG,0.4217994808483356,62,0.0007100230508087949,1,1,Internal
NKE,PLD,0.46300930670919593,62,0.00017171462414922252,1,1,Internal
NKE,PM,-0.41802507339897466,62,0.0008015585910486789,1,4,External
NKE,PNC,0.40495519977943945,62,0.0012068428456555671,1,1,Internal
NKE,RCL,0.48061839889869123,62,8.84345970839106e-05,1,1,Internal
NKE,RL,0.5828181509027007,62,8.299387743282363e-07,1,1,Internal
NKE,RSG,-0.40676862501907524,62,0.0011413457185454714,1,4,External
NKE,SW,0.44180782508060296,62,0.00036449417400536354,1,1,Internal
NKE,SWK,0.5436753548342719,62,5.952678251103368e-06,1,1,Internal
NKE,SYF,0.45372954402568294,62,0.00024016237772584077,1,1,Internal
NKE,TGT,0.6684046012889722,62,3.954160173068692e-09,1,1,Internal
NKE,TPR,0.4991065062081587,62,4.233234387487298e-05,1,1,Internal
NKE,UPS,0.5868018884638505,62,6.692858271745188e-07,1,1,Internal
NKE,WYNN,0.4504716293074243,62,0.0002695744799055672,1,1,Internal
NKE,ZBRA,0.5021251500878348,62,3.73820798656751e-05,1,1,Internal
NOC,PHM,-0.4444976350067584,62,0.00033219122656528435,2,1,External
NOC,PNR,-0.6232546629415877,62,8.11415422625281e-08,2,1,External
NOC,RTX,0.8221773682781487,62,4.554068437054646e-16,2,2,Internal
NOC,TDG,0.45210473438235466,62,0.00025444313907879094,2,2,Internal
NOW,PEP,-0.5945381268610809,62,4.370764760952605e-07,1,5,External
NOW,PG,-0.5805392411580325,62,9.374311561717779e-07,1,4,External
NOW,POOL,-0.5826302453188925,62,8.383445487600175e-07,1,1,Internal
NOW,REG,-0.46580585497737564,62,0.00015490954359423362,1,5,External
NOW,RMD,0.6283791034230877,62,5.900327451975287e-08,1,1,Internal
NOW,TSCO,-0.4292284561985409,62,0.0005569558260421717,1,5,External
NOW,TYL,-0.5726836737942509,62,1.416539655596129e-06,1,5,External
NOW,UNP,-0.43506281808054664,62,0.00045846189078799904,1,1,Internal
NOW,URI,0.5332662095046009,62,9.651230307757555e-06,1,1,Internal
NOW,WTW,-0.5280159217053734,62,1.2241279261897644e-05,1,4,External
NRG,WM,-0.4004748363272029,62,0.0013833987341088406,1,4,External
NRG,XEL,-0.40385205481549713,62,0.0012483217013354816,1,4,External
NRG,ZBRA,0.430490740693294,62,0.0005341497882460017,1,1,Internal
NSC,NTAP,0.41162889340679054,62,0.0009812905841513435,1,1,Internal
NSC,ODFL,0.6674732439741081,62,4.230573202656783e-09,1,1,Internal
NSC,PCAR,0.5420377819427641,62,6.429753447003716e-06,1,1,Internal
NSC,PKG,0.5359115595170035,62,8.548822882249828e-06,1,1,Internal
NSC,PNC,0.5879828707179122,62,6.275850159306322e-07,1,1,Internal
NSC,PRU,0.46287763047502734,62,0.00017254560062448306,1,1,Internal
NSC,PSX,0.4762515677224154,62,0.00010460562649377863,1,1,Internal
NSC,RF,0.5782397824542199,62,1.0590211612533502e-06,1,1,Internal
NSC,RL,0.4364325208516993,62,0.0004377653442444636,1,1,Internal
NSC,RSG,-0.4077394345175716,62,0.0011076136335103602,1,4,External
NSC,SPG,0.4335118836337965,62,0.00048296770004516046,1,1,Internal
NSC,SW,0.5830645523052675,62,8.190359897048112e-07,1,1,Internal
NSC,SWK,0.6695084781088589,62,3.6487019972810303e-09,1,1,Internal
NSC,SYF,0.5320733449221857,62,1.019039919805514e-05,1,1,Internal
NSC,TEL,0.52167321210722,62,1.6228649086509314e-05,1,1,Internal
NSC,TFC,0.46395552701206577,62,0.0001658502514950686,1,1,Internal
NSC,TGT,0.48680584809570815,62,6.943535117474326e-05,1,1,Internal
NSC,TROW,0.49952870617280376,62,4.1605329112298583e-05,1,1,Internal
NSC,TXT,0.48379683719259997,62,7.81474197806731e-05,1,1,Internal
NSC,UNP,0.713117282688385,62,1.1320768198462285e-10,1,1,Internal
NSC,UPS,0.7174591325144482,62,7.734729561537135e-11,1,1,Internal
NSC,URI,0.4152720946226039,62,0.0008749105426190276,1,1,Internal
NSC,USB,0.5362199591924456,62,8.428227562431656e-06,1,1,Internal
NSC,VLO,0.46138995319108145,62,0.00018219331158839355,1,1,Internal
NSC,VRSN,-0.4134985975718999,62,0.0009253207081180586,1,4,External
NSC,WY,0.40148602496294605,62,0.0013416394680338711,1,1,Internal
NSC,WYNN,0.40227988502225903,62,0.0013096528412047588,1,1,Internal
NSC,ZBRA,0.6372511023419879,62,3.3517738613799195e-08,1,1,Internal
NTAP,PH,0.40718427396080453,62,0.0011267918103182813,1,1,Internal
NTAP,RL,0.5570801690476157,62,3.11814230214628e-06,1,1,Internal
NTAP,STX,0.4947237542379864,62,5.060445182255347e-05,1,1,Internal
NTAP,SYF,0.4469894272330612,62,0.00030461743094217135,1,1,Internal
NTAP,TEL,0.44167672069630703,62,0.0003661394210293041,1,1,Internal
NTAP,TPR,0.5317063908384164,62,1.036181301850842e-05,1,1,Internal
NTAP,WDC,0.5381116348011658,62,7.722481247055274e-06,1,1,Internal
NTAP,XEL,-0.40666392664516665,62,0.0011450383075626068,1,4,External
NTRS,PNC,0.537813884226947,62,7.829789002604004e-06,1,1,Internal
NTRS,RF,0.46531497707085767,62,0.00015774563822373681,1,1,Internal
NTRS,STT,0.4368723504890335,62,0.00043130188232509453,1,1,Internal
NTRS,TEL,0.4306665628906077,62,0.0005310413202132914,1,1,Internal
NTRS,TFC,0.4536914866833352,62,0.00024048831680484602,1,1,Internal
NTRS,USB,0.4475237823944549,62,0.00029898325977211534,1,1,Internal
NTRS,ZBRA,0.42857700357468365,62,0.0005690681716915461,1,1,Internal
NUE,V,-0.40066731399176253,62,0.001375361106495436,13,4,External
NVDA,O,-0.5553099975900232,62,3.4015763891461466e-06,1,4,External
NVDA,ORLY,-0.4136270633143904,62,0.0009215829883694315,1,4,External
NVDA,PAYX,-0.4417599578721989,62,0.0003650940842457809,1,4,External
NVDA,PLD,-0.41342837613239225,62,0.0009273695840456207,1,1,Internal
NVDA,PNW,-0.4828082222965814,62,8.122250303029761e-05,1,4,External
NVDA,PPL,-0.5608905936790787,62,2.5811969244934634e-06,1,4,External
NVDA,PRU,-0.43744101254133144,62,0.00042307383717448045,1,1,Internal
NVDA,PSA,-0.5408441531897159,62,6.799685365121324e-06,1,4,External
NVDA,REG,-0.5857948515665764,62,7.068843486119536e-07,1,5,External
NVDA,ROL,-0.42212858665924013,62,0.0007025085185637425,1,4,External
NVDA,SBAC,-0.4250700506679191,62,0.0006384748026985693,1,4,External
NVDA,SO,-0.4607841944714549,62,0.00018626131381304427,1,4,External
NVDA,SPG,-0.4251524028176668,62,0.0006367607279943009,1,1,Internal
NVDA,SPGI,-0.4375139442688634,62,0.0004220289726565736,1,4,External
NVDA,SRE,-0.46870882737037256,62,0.0001390713436333904,1,4,External
NVDA,SYY,-0.5168569818350132,62,2.0028205718711833e-05,1,4,External
NVDA,TRV,-0.5696994595782461,62,1.6524464009934807e-06,1,4,External
NVDA,UDR,-0.4840041256756664,62,7.751640205491842e-05,1,4,External
NVDA,VICI,-0.44191200890137217,62,0.00036319156103522675,1,4,External
NVDA,VTR,-0.4081792059121501,62,0.001092630850980839,1,4,External
NVDA,VZ,-0.4238244038429511,62,0.0006649165809427743,1,4,External
NVDA,WEC,-0.5197285724064027,62,1.7674109516737486e-05,1,4,External
NVDA,WELL,-0.4251829431077207,62,0.000636126124048909,1,4,External
NVDA,WRB,-0.49958294517536067,62,4.151277226244012e-05,1,4,External
NVDA,WY,-0.5199601652045356,62,1.7495906487055674e-05,1,1,Internal
NVDA,XYL,-0.40610609756342075,62,0.0011648942204561827,1,1,Internal
NVR,ODFL,0.4161072733754141,62,0.0008520416207599141,1,1,Internal
NVR,OMC,0.42485300686678773,62,0.0006430123912877279,1,1,Internal
NVR,PCAR,0.5184613662783464,62,1.867936839556359e-05,1,1,Internal
NVR,PHM,0.7953246880469417,62,1.9219142564085686e-14,1,1,Internal
NVR,PKG,0.44110200848500053,62,0.0003734316649129788,1,1,Internal
NVR,PLD,0.43705233189902054,62,0.0004286821028729878,1,1,Internal
NVR,POOL,0.5742237573086811,62,1.307511505893399e-06,1,1,Internal
NVR,PPG,0.5362303242575599,62,8.424202089109044e-06,1,1,Internal
NVR,REG,0.40704973120261817,62,0.0011314844138573766,1,5,External
NVR,SCHW,-0.4391940996469068,62,0.00039859857773330944,1,2,External
NVR,SHW,0.5700317409311765,62,1.6244671749804294e-06,1,5,External
NVR,SWK,0.5591843583209098,62,2.809949423653696e-06,1,1,Internal
NVR,TGT,0.5960569812657002,62,4.0147162257767574e-07,1,1,Internal
NVR,TROW,0.5490364391175909,62,4.611676346543962e-06,1,1,Internal
NVR,UPS,0.5913939906582032,62,5.204137231126784e-07,1,1,Internal
NVR,WY,0.47277497375097216,62,0.0001193769160704849,1,1,Internal
NWS,NWSA,0.8609334316915962,62,5.746221485043083e-19,18,18,Internal
NXPI,ON,0.7813345240276723,62,1.0912184075668727e-13,1,1,Internal
NXPI,ORLY,-0.4744412619698599,62,0.00011207343444156701,1,4,External
NXPI,PCAR,0.4364730758802329,62,0.0004371657079751015,1,1,Internal
NXPI,PEG,-0.4514856039548601,62,0.00026008585819196184,1,4,External
NXPI,PG,-0.4225561965517749,62,0.0006928523740446624,1,4,External
NXPI,PGR,-0.5403612795117356,62,6.954895714755946e-06,1,4,External
NXPI,QCOM,0.5354013861071972,62,8.751850730889256e-06,1,1,Internal
NXPI,SO,-0.435280412312652,62,0.00045511567465295305,1,4,External
NXPI,SPGI,-0.40849986621158174,62,0.001081821486976568,1,4,External
NXPI,SWK,0.429783424705294,62,0.0005468224114070062,1,1,Internal
NXPI,SWKS,0.6386842590023054,62,3.0539551438360885e-08,1,1,Internal
NXPI,TEL,0.41295590510736874,62,0.0009412618256923709,1,1,Internal
NXPI,TER,0.6582076697357341,62,8.180353418654621e-09,1,1,Internal
NXPI,TRV,-0.45454292934647095,62,0.00023329200181278843,1,4,External
NXPI,TXN,0.6353890413981552,62,3.7798144865405745e-08,1,1,Internal
NXPI,WEC,-0.4035125510350463,62,0.0012613428055865729,1,4,External
NXPI,WELL,-0.40970513549310406,62,0.0010420485072472334,1,4,External
NXPI,WRB,-0.4733557385620117,62,0.0001167831680751022,1,4,External
NXPI,WTW,-0.4792405816728626,62,9.326963136658331e-05,1,4,External
NXPI,XEL,-0.4324253148631664,62,0.0005008386850334774,1,4,External
O,ORLY,0.6293403525513046,62,5.5544379319520034e-08,4,4,Internal
O,OTIS,0.5314502339721854,62,1.0483055730754456e-05,4,4,Internal
O,PAYX,0.40037233368867736,62,0.0013876963131719902,4,4,Internal
O,PEG,0.4333805348765945,62,0.0004850967940141344,4,4,Internal
O,PEP,0.4891252791594518,62,6.334070181208348e-05,4,5,External
O,PG,0.5681941719877949,62,1.7849405469640331e-06,4,4,Internal
O,PM,0.4741646135929413,62,0.00011325685901489429,4,4,Internal
O,PNW,0.7352015375014507,62,1.5108977159723824e-11,4,4,Internal
O,PPL,0.7406504205316682,62,8.912417194384369e-12,4,4,Internal
O,PSA,0.731912078704392,62,2.0650641119302482e-11,4,4,Internal
O,REG,0.6746224963668164,62,2.5028816014412034e-09,4,5,External
O,ROL,0.6124456649865161,62,1.559775758397737e-07,4,4,Internal
O,ROP,0.47676399663442653,62,0.0001025764257538455,4,4,Internal
O,RSG,0.6228182118075769,62,8.335137938664488e-08,4,4,Internal
O,SBAC,0.6281855770510625,62,5.972378641336193e-08,4,4,Internal
O,SO,0.7143025581758509,62,1.0209794438679061e-10,4,4,Internal
O,SRE,0.5718057507686568,62,1.482442692956702e-06,4,4,Internal
O,SYY,0.5584347082809324,62,2.916327252323199e-06,4,4,Internal
O,T,0.4408822268064461,62,0.00037625514658314887,4,4,Internal
O,TER,-0.42893218229194174,62,0.0005624350959456859,4,1,External
O,TRV,0.5430667173109709,62,6.1260027396820896e-06,4,4,Internal
O,TSCO,0.47321909017660196,62,0.00011738875191463896,4,5,External
O,TSN,0.43972155887687897,62,0.0003914909379787473,4,4,Internal
O,TYL,0.42598750950035663,62,0.0006196128817743135,4,5,External
O,UDR,0.6429487600546029,62,2.3086946556943687e-08,4,4,Internal
O,VICI,0.8356278572923643,62,5.472863900929057e-17,4,4,Internal
O,VRSK,0.5007319962061575,62,3.9596120095598e-05,4,4,Internal
O,VTR,0.6214629658494939,62,9.058044610508216e-08,4,4,Internal
O,VZ,0.5736676296796578,62,1.3459416321682054e-06,4,4,Internal
O,WEC,0.6662385456442961,62,4.625320378374186e-09,4,4,Internal
O,WELL,0.6883609366078051,62,8.754454400402482e-10,4,4,Internal
O,WM,0.6532026027676281,62,1.1571172027756914e-08,4,4,Internal
O,WRB,0.456007964028065,62,0.0002213688088868303,4,4,Internal
O,WTW,0.5303565248004091,62,1.1015716361013895e-05,4,4,Internal
O,XEL,0.5919470623559497,62,5.047482868601402e-07,4,4,Internal
ODFL,PCAR,0.48215975276660805,62,8.32996525288907e-05,1,1,Internal
ODFL,PFG,0.40807894703333514,62,0.00109603045888779,1,1,Internal
ODFL,PHM,0.4363471261807682,62,0.00043903041395163103,1,1,Internal
ODFL,PKG,0.6091893520173997,62,1.8901415710705722e-07,1,1,Internal
ODFL,PM,-0.4048781407072498,62,0.0012096995003739708,1,4,External
ODFL,PNC,0.4907127262615775,62,5.945801303067401e-05,1,1,Internal
ODFL,PPG,0.41725943167136376,62,0.0008213793247878909,1,1,Internal
ODFL,RF,0.48677498658573376,62,6.951996896086545e-05,1,1,Internal
ODFL,RL,0.42252986529350817,62,0.0006934434879415448,1,1,Internal
ODFL,SCHW,-0.41407069976109767,62,0.0009087799067193492,1,2,External
ODFL,SPG,0.4363478691432609,62,0.0004390193930984364,1,1,Internal
ODFL,SW,0.4504193627904725,62,0.00027007204145559015,1,1,Internal
ODFL,SWK,0.6072685333872624,62,2.1148077053438536e-07,1,1,Internal
ODFL,SYF,0.5116719201799382,62,2.503008743543392e-05,1,1,Internal
ODFL,TGT,0.469433420942373,62,0.0001353569597803111,1,1,Internal
ODFL,TROW,0.5344939784501852,62,9.124089872406115e-06,1,1,Internal
ODFL,TXN,0.4629670029320836,62,0.00017198119235206866,1,1,Internal
ODFL,UNP,0.6204824132567291,62,9.617502838924335e-08,1,1,Internal
ODFL,UPS,0.6128922676057729,62,1.518958656483178e-07,1,1,Internal
ODFL,URI,0.4970633940340868,62,4.601928416349283e-05,1,1,Internal
ODFL,USB,0.4225227714580204,62,0.0006936028164396571,1,1,Internal
ODFL,VRSN,-0.4880883806998072,62,6.600161894448572e-05,1,4,External
ODFL,WY,0.43805583895380684,62,0.00041433866839912906,1,1,Internal
ODFL,ZBRA,0.46714930863621495,62,0.00014738494194716203,1,1,Internal
OKE,OXY,0.5174554697806762,62,1.951482005993248e-05,2,2,Internal
OKE,PPG,-0.5008603067304629,62,3.938724911014843e-05,2,1,External
OKE,PSX,0.4790807299850016,62,9.384605115176347e-05,2,1,External
OKE,SLB,0.5469373575524403,62,5.0990630715761285e-06,2,2,Internal
OKE,TPL,0.4738723829526744,62,0.00011451939974747565,2,2,Internal
OKE,TRGP,0.8069491264922308,62,4.086140329021118e-15,2,2,Internal
OKE,TT,-0.5249485916073612,62,1.4039548185691524e-05,2,5,External
OKE,VMC,-0.46489276522057565,62,0.0001602229974490182,2,5,External
OKE,WMB,0.5220916350479393,62,1.5932338697198488e-05,2,4,External
OKE,XOM,0.6425232157641632,62,2.374514735927614e-08,2,2,Internal
OMC,TROW,0.4373368132996612,62,0.0004245707416729955,1,1,Internal
ON,PGR,-0.48791146102654576,62,6.64657935975193e-05,1,4,External
ON,PM,-0.4030044924437448,62,0.0012810567875041678,1,4,External
ON,PPL,-0.4290513478793215,62,0.0005602254038116249,1,4,External
ON,ROL,-0.40668987700176845,62,0.0011441220676489873,1,4,External
ON,RSG,-0.4337868651362433,62,0.0004785378598975253,1,4,External
ON,SO,-0.44675347583851477,62,0.00030713595443269373,1,4,External
ON,SPGI,-0.45887103275238433,62,0.00019966150825204086,1,4,External
ON,SRE,-0.43721313338023526,62,0.0004263537526946286,1,4,External
ON,SWK,0.4105638231282766,62,0.0010145216671246324,1,1,Internal
ON,SWKS,0.5942120637845999,62,4.4509719360044563e-07,1,1,Internal
ON,TEL,0.4133647029336846,62,0.0009292309381753003,1,1,Internal
ON,TER,0.6700454624908404,62,3.5083278359100724e-09,1,1,Internal
ON,TGT,0.45018205595344946,62,0.00027234169383323165,1,1,Internal
ON,TRV,-0.4551109783944072,62,0.0002286009500654197,1,4,External
ON,TXN,0.6362561904446281,62,3.574429544111464e-08,1,1,Internal
ON,VRSK,-0.412625248877292,62,0.000951095639863919,1,4,External
ON,VRSN,-0.42468598580637595,62,0.0006465240578472735,1,4,External
ON,WELL,-0.4837036092830043,62,7.843275886924737e-05,1,4,External
ON,WM,-0.4011012555306314,62,0.0013573939586525284,1,4,External
ON,WRB,-0.46511192569819026,62,0.00015893264098128967,1,4,External
ON,WTW,-0.4752016211598302,62,0.00010887910631277029,1,4,External
ON,XEL,-0.4372593264371662,62,0.0004256870229437742,1,4,External
ORLY,OTIS,0.5177926575101394,62,1.9230981656181656e-05,4,4,Internal
ORLY,PAYX,0.4693531509107715,62,0.00013576390603794514,4,4,Internal
ORLY,PEG,0.4005658882698592,62,0.0013795912740968976,4,4,Internal
ORLY,PEP,0.5876499262536845,62,6.390876130306431e-07,4,5,External
ORLY,PG,0.6728040969595653,62,2.8642806474213502e-09,4,4,Internal
ORLY,PGR,0.5157769643616281,62,2.0986473560621295e-05,4,4,Internal
ORLY,PH,-0.4752927754391231,62,0.00010850182895517464,4,1,External
ORLY,PM,0.45301757086033667,62,0.00024632737865854936,4,4,Internal
ORLY,PNW,0.6614122794728472,62,6.5291298018386506e-09,4,4,Internal
ORLY,PPL,0.6791818818833836,62,1.7772416174538737e-09,4,4,Internal
ORLY,PSA,0.5881116646502959,62,6.231877754071657e-07,4,4,Internal
ORLY,REG,0.5086495868060396,62,2.845610496866049e-05,4,5,External
ORLY,ROL,0.6839807693459161,62,1.2312902803761817e-09,4,4,Internal
ORLY,ROP,0.49778171596948195,62,4.46904921045404e-05,4,4,Internal
ORLY,RSG,0.7041129929249028,62,2.4404906652490526e-10,4,4,Internal
ORLY,SBAC,0.6514675097324103,62,1.3029803285771893e-08,4,4,Internal
ORLY,SHW,0.4560092200238688,62,0.000221358830519456,4,5,External
ORLY,SO,0.7192822590998991,62,6.57755201789311e-11,4,4,Internal
ORLY,SRE,0.5230484069254415,62,1.5273561991364792e-05,4,4,Internal
ORLY,STZ,0.4094882049077545,62,0.0010491082960074642,4,5,External
ORLY,SYF,-0.5707476299111567,62,1.56568679124611e-06,4,1,External
ORLY,SYY,0.5499237753884665,62,4.419017029785941e-06,4,4,Internal
ORLY,T,0.5848522941827717,62,7.438628534081433e-07,4,4,Internal
ORLY,TAP,0.4247648814359298,62,0.0006448630948407287,4,4,Internal
ORLY,TER,-0.6261522004033222,62,6.781313455364879e-08,4,1,External
ORLY,TJX,0.49679190872348966,62,4.653092455962091e-05,4,5,External
ORLY,TMUS,0.4252518597483706,62,0.0006346961938685315,4,4,Internal
ORLY,TRV,0.5747333671503402,62,1.2732005543049325e-06,4,4,Internal
ORLY,TSCO,0.5461197726876452,62,5.3015772466659145e-06,4,5,External
ORLY,TSN,0.5110117712750452,62,2.5744029567375694e-05,4,4,Internal
ORLY,UDR,0.4652006557456741,62,0.0001584129371701209,4,4,Internal
ORLY,VICI,0.4977406934555427,62,4.4765413179467924e-05,4,4,Internal
ORLY,VRSK,0.6046500894732593,62,2.4617597038358913e-07,4,4,Internal
ORLY,VRSN,0.4071153975816056,62,0.0011291918975310639,4,4,Internal
ORLY,VTR,0.5557492682715208,62,3.329080014433342e-06,4,4,Internal
ORLY,VZ,0.6727885039283442,62,2.8675836015208874e-09,4,4,Internal
ORLY,WEC,0.693849526528033,62,5.661474584006317e-10,4,4,Internal
ORLY,WELL,0.6778863540904247,62,1.9600407846737334e-09,4,4,Internal
ORLY,WM,0.6971019839373161,62,4.3527804788338716e-10,4,4,Internal
ORLY,WMT,0.4550870618358925,62,0.00022879670536567724,4,4,Internal
ORLY,WRB,0.5576671113243205,62,3.0291420480381364e-06,4,4,Internal
ORLY,WTW,0.5866294457363057,62,6.755880186347995e-07,4,4,Internal
ORLY,XEL,0.6884883706273557,62,8.667239871887102e-10,4,4,Internal
ORLY,YUM,0.5446574930124832,62,5.6825987136650466e-06,4,4,Internal
ORLY,ZBRA,-0.4062174445285568,62,0.0011609062450408717,4,1,External
OTIS,PEP,0.43344945861077044,62,0.0004839785158739431,4,5,External
OTIS,PG,0.5904189797614285,62,5.491476434479682e-07,4,4,Internal
OTIS,PGR,0.4776640014314922,62,9.909980678424677e-05,4,4,Internal
OTIS,PNW,0.5946506271215487,62,4.3434076685495687e-07,4,4,Internal
OTIS,PPL,0.5767342020549947,62,1.1464772832308186e-06,4,4,Internal
OTIS,RCL,-0.412557596037517,62,0.0009531190419971512,4,1,External
OTIS,ROL,0.6425704728400627,62,2.367118775840713e-08,4,4,Internal
OTIS,ROP,0.5807063012379351,62,9.291280124038452e-07,4,4,Internal
OTIS,RSG,0.5413521882152265,62,6.6398748141861635e-06,4,4,Internal
OTIS,SBAC,0.6566088541203305,62,9.145061665004662e-09,4,4,Internal
OTIS,SO,0.5899524673253647,62,5.634166764329134e-07,4,4,Internal
OTIS,SPGI,0.4190274497491365,62,0.000776263078003318,4,4,Internal
OTIS,SYF,-0.4326535612014255,62,0.0004970356070386502,4,1,External
OTIS,SYY,0.5108291027549767,62,2.5944888966185655e-05,4,4,Internal
OTIS,T,0.4193243278501532,62,0.0007689110052253542,4,4,Internal
OTIS,TDY,0.5162061374028507,62,2.0600701833217803e-05,4,2,External
OTIS,TRV,0.5861002659829452,62,6.952771227498743e-07,4,4,Internal
OTIS,TSCO,0.408934435177207,62,0.001067326064564509,4,5,External
OTIS,VICI,0.4205867658178937,62,0.0007383453126652217,4,4,Internal
OTIS,VRSK,0.6047785316323618,62,2.443561201766129e-07,4,4,Internal
OTIS,VTR,0.42990415190616377,62,0.0005446402785750381,4,4,Internal
OTIS,VZ,0.5980036234770428,62,3.598154807472984e-07,4,4,Internal
OTIS,WAB,-0.40500586018084245,62,0.0012049681238164294,4,1,External
OTIS,WEC,0.5256709862549058,62,1.3595210873497987e-05,4,4,Internal
OTIS,WELL,0.5018259679968404,62,3.784766495824609e-05,4,4,Internal
OTIS,WM,0.5630478901861987,62,2.3168624772370895e-06,4,4,Internal
OTIS,WRB,0.48159571762676473,62,8.51459882431895e-05,4,4,Internal
OTIS,WTW,0.43378970767938607,62,0.00047849226108812097,4,4,Internal
OTIS,XEL,0.4927757664592315,62,5.473994035132944e-05,4,4,Internal
OTIS,YUM,0.4745851286123469,62,0.00011146251340196224,4,4,Internal
OXY,PSX,0.6344141935312765,62,4.023997694536664e-08,2,1,External
OXY,SLB,0.7898578500054154,62,3.847829780319638e-14,2,2,Internal
OXY,TRGP,0.4904804018731588,62,6.001219006801852e-05,2,2,Internal
OXY,VLO,0.5240373989726865,62,1.4619252639271413e-05,2,1,External
OXY,XOM,0.8160742446583772,62,1.1241850788932019e-15,2,2,Internal
PANW,REGN,-0.4142032325370677,62,0.0009049863618243557,17,5,External
PAYC,PAYX,0.47590962640380063,62,0.00010598015785690918,2,4,External
PAYX,PEP,0.4277338138850501,62,0.0005851001003266297,4,5,External
PAYX,PGR,0.5300331855912969,62,1.1177944351603035e-05,4,4,Internal
PAYX,PM,0.516099038071843,62,2.0696349859513606e-05,4,4,Internal
PAYX,PNW,0.4744308364232962,62,0.00011211782522134549,4,4,Internal
PAYX,PPL,0.5070782900993521,62,3.0404134810578078e-05,4,4,Internal
PAYX,PSA,0.44247037652476723,62,0.00035628224637169624,4,4,Internal
PAYX,ROL,0.6044770378779343,62,2.4864804115997766e-07,4,4,Internal
PAYX,RSG,0.6432950252252388,62,2.256413058514814e-08,4,4,Internal
PAYX,SBAC,0.5003744195586521,62,4.018361759326655e-05,4,4,Internal
PAYX,SO,0.4065070789314302,62,0.001150590271716568,4,4,Internal
PAYX,TJX,0.40604189743492486,62,0.0011671991974093563,4,5,External
PAYX,TRV,0.5300941476485752,62,1.1147189144837937e-05,4,4,Internal
PAYX,V,0.4433564210730853,62,0.00034556362551498433,4,4,Internal
PAYX,VMC,0.45168660940789596,62,0.00025824150066090974,4,5,External
PAYX,VRSK,0.589742594250783,62,5.699488486786235e-07,4,4,Internal
PAYX,VZ,0.4837271759925237,62,7.83605386843586e-05,4,4,Internal
PAYX,WEC,0.5317450766391264,62,1.0343616234819975e-05,4,4,Internal
PAYX,WELL,0.4201539461155496,62,0.000748698470794884,4,4,Internal
PAYX,WM,0.6035313349662357,62,2.625752375595062e-07,4,4,Internal
PAYX,WRB,0.497820595364521,62,4.461959201841988e-05,4,4,Internal
PAYX,WTW,0.4257539429905871,62,0.0006243662101954438,4,4,Internal
PAYX,XEL,0.42065891691184965,62,0.0007366320910171387,4,4,Internal
PCAR,PGR,-0.5643755795831662,62,2.1669977271244843e-06,1,4,External
PCAR,PHM,0.5150746037954103,62,2.163228524242768e-05,1,1,Internal
PCAR,PKG,0.4486572379689774,62,0.000287345660523701,1,1,Internal
PCAR,PM,-0.490978945414577,62,5.88287896510467e-05,1,4,External
PCAR,PNR,0.4226228254360558,62,0.0006913586504115896,1,1,Internal
PCAR,PPG,0.43415711684944297,62,0.00047263156830216184,1,1,Internal
PCAR,RF,0.48073836462100816,62,8.802472172311397e-05,1,1,Internal
PCAR,RL,0.5804841228034864,62,9.401858501535715e-07,1,1,Internal
PCAR,RSG,-0.42848392658431383,62,0.0005708181077834532,1,4,External
PCAR,SW,0.6099554600399631,62,1.8069651099157509e-07,1,1,Internal
PCAR,SWK,0.6898012194508901,62,7.815476774573252e-10,1,1,Internal
PCAR,SWKS,0.4088826213439103,62,0.001069045121200688,1,1,Internal
PCAR,SYF,0.46492789259445155,62,0.00016001553309567956,1,1,Internal
PCAR,TEL,0.43987429534399325,62,0.00038945442440213904,1,1,Internal
PCAR,TGT,0.6014188964501802,62,2.9637893319981317e-07,1,1,Internal
PCAR,TPR,0.40036670129598784,62,0.001387932807023848,1,1,Internal
PCAR,TROW,0.6012577843613361,62,2.991183059339668e-07,1,1,Internal
PCAR,UPS,0.5606977859855483,62,2.6061453163070532e-06,1,1,Internal
PCAR,URI,0.5542203923636121,62,3.5878164976215547e-06,1,1,Internal
PCAR,USB,0.4258682947888668,62,0.0006220349153218818,1,1,Internal
PCAR,VRSK,-0.40930584802141334,62,0.0010550762358997252,1,4,External
PCAR,WM,-0.4178495736402081,62,0.000806063295139015,1,4,External
PCAR,WYNN,0.5234223701609284,62,1.502301846574874e-05,1,1,Internal
PCAR,ZBRA,0.4630118737824734,62,0.00017169846047364478,1,1,Internal
PCG,SRE,0.6247653675648172,62,7.391153455400515e-08,4,4,Internal
PCG,STX,-0.43862265077828616,62,0.0004064313548371246,4,1,External
PCG,TRV,0.41631857822326995,62,0.0008463419168876361,4,4,Internal
PCG,WDC,-0.40671106717012057,62,0.0011433743873066676,4,1,External
PCG,XEL,0.4637309663694524,62,0.00016722515301546552,4,4,Internal
PEG,PG,0.4352091774684548,62,0.00045620868891948775,4,4,Internal
PEG,PGR,0.4458827117708695,62,0.00031659564881721884,4,4,Internal
PEG,PNW,0.5880923509217549,62,6.238453303608458e-07,4,4,Internal
PEG,PPL,0.6125267342836415,62,1.5522905601572383e-07,4,4,Internal
PEG,ROL,0.47273642807651034,62,0.00011955092272129056,4,4,Internal
PEG,RSG,0.4669235557155154,62,0.0001486254662852204,4,4,Internal
PEG,SO,0.6186616057141123,62,1.0743785148752563e-07,4,4,Internal
PEG,SRE,0.5329351931236408,62,9.798124613768262e-06,4,4,Internal
PEG,T,0.44677472810535906,62,0.0003069083339282487,4,4,Internal
PEG,TER,-0.4401642716372621,62,0.00038561453201250626,4,1,External
PEG,TRV,0.5689043034047008,62,1.7212431215906792e-06,4,4,Internal
PEG,VICI,0.4398341336317463,62,0.00038998898459792155,4,4,Internal
PEG,VTR,0.44053864561482187,62,0.0003807080119324127,4,4,Internal
PEG,VZ,0.4419242837290607,62,0.00036303836806631933,4,4,Internal
PEG,WEC,0.6668529687863638,62,4.424712464534077e-09,4,4,Internal
PEG,WELL,0.5062738080782662,62,3.1448597349589275e-05,4,4,Internal
PEG,WM,0.4363417841952448,62,0.00043910966255685354,4,4,Internal
PEG,WRB,0.5670026664364783,62,1.8967956664533449e-06,4,4,Internal
PEG,WTW,0.492206489672555,62,5.600609146691006e-05,4,4,Internal
PEG,XEL,0.4932770993024408,62,5.3646832633514065e-05,4,4,Internal
PEP,PG,0.6876769789952466,62,9.236965084193419e-10,5,4,External
PEP,PNW,0.4761409782183242,62,0.00010504836950175196,5,4,External
PEP,POOL,0.46920143087809363,62,0.00013653615130765795,5,1,External
PEP,PPL,0.4527620610013896,62,0.00024857486904110405,5,4,External
PEP,PSA,0.5212359158156337,62,1.6543785612075963e-05,5,4,External
PEP,REG,0.4665416169394413,62,0.00015074606286807131,5,5,Internal
PEP,RMD,-0.45197249351434876,62,0.00025563889727901236,5,1,External
PEP,ROL,0.45978981517001716,62,0.0001931197809299808,5,4,External
PEP,RSG,0.4354479928659511,62,0.00045255372982184837,5,4,External
PEP,SBAC,0.507120756464249,62,3.0349902960473526e-05,5,4,External
PEP,SO,0.4761038658419196,62,0.00010519733375989218,5,4,External
PEP,STZ,0.4562363314832765,62,0.00021956126969911618,5,5,Internal
PEP,SYY,0.635770151017089,62,3.688212588577294e-08,5,4,External
PEP,TAP,0.4594355755183349,62,0.00019561836683161933,5,4,External
PEP,TJX,0.4207970656707921,62,0.0007333617927838021,5,5,Internal
PEP,TSCO,0.578567338413618,62,1.0408411990726931e-06,5,5,Internal
PEP,TSN,0.533395160666373,62,9.59456252157656e-06,5,4,External
PEP,TYL,0.6387781162859444,62,3.0353500056323344e-08,5,5,Internal
PEP,UDR,0.41108816505586177,62,0.0009980370315690024,5,4,External
PEP,VICI,0.40856027140023,62,0.0010797960635201037,5,4,External
PEP,VRSK,0.5030419050839543,62,3.598820101129698e-05,5,4,External
PEP,VZ,0.4340439992832916,62,0.0004744289651522274,5,4,External
PEP,WFC,-0.41837734373371327,62,0.0007925851786412984,5,1,External
PEP,WM,0.47641783499317775,62,0.00010394320559073946,5,4,External
PEP,WST,0.43649797799398077,62,0.0004367978818807051,5,5,Internal
PEP,WTW,0.5433470810504144,62,6.045586172979869e-06,5,4,External
PEP,XEL,0.5115186767554379,62,2.5194163933943124e-05,5,4,External
PFE,PNW,0.41969496255292527,62,0.0007598207831226601,5,4,External
PFE,RVTY,0.4009300196542633,62,0.0013644585548759046,5,5,Internal
PFE,SYY,0.40303016213953496,62,0.0012800541306387883,5,4,External
PFE,TECH,0.49154827986768906,62,5.750369620218874e-05,5,5,Internal
PFE,TMO,0.6224643954900173,62,8.518433633550451e-08,5,5,Internal
PFE,VRTX,0.5823256382207508,62,8.521406683541939e-07,5,5,Internal
PFE,VTRS,0.5393121722698339,62,7.303553482543063e-06,5,5,Internal
PFE,WAT,0.5721017928594181,62,1.4599054639562854e-06,5,5,Internal
PFE,ZTS,0.5054036304157137,62,3.2615667893367496e-05,5,5,Internal
PFG,PLD,0.46793622085472725,62,0.00014313468019933525,1,1,Internal
PFG,PNC,0.578869839996215,62,1.0243119774485713e-06,1,1,Internal
PFG,PRU,0.6368233509937428,62,3.445847332484734e-08,1,1,Internal
PFG,PSX,0.49451038478360043,62,5.1042930695490046e-05,1,1,Internal
PFG,RCL,0.4337616201126967,62,0.00047894300256724786,1,1,Internal
PFG,RF,0.5733377538212328,62,1.3692342694600529e-06,1,1,Internal
PFG,STT,0.4588762517388352,62,0.0001996237833138645,1,1,Internal
PFG,SW,0.4289512036925689,62,0.0005620818519197367,1,1,Internal
PFG,SYF,0.4547601197095438,62,0.00023148811292139122,1,1,Internal
PFG,TFC,0.5209735940556568,62,1.6735543013531894e-05,1,1,Internal
PFG,TRMB,0.46565488701711355,62,0.0001557767580233315,1,1,Internal
PFG,TROW,0.41607492007825037,62,0.0008529173679211975,1,1,Internal
PFG,USB,0.4976474648113347,62,4.493611206651125e-05,1,1,Internal
PFG,VLO,0.4100569833732875,62,0.0010306889795036738,1,1,Internal
PFG,WY,0.46742215611419397,62,0.00014589830665182404,1,1,Internal
PG,PGR,0.4246451321138998,62,0.0006473856589845658,4,4,Internal
PG,PH,-0.48247319251382875,62,8.228962649824326e-05,4,1,External
PG,PM,0.43202388697466265,62,0.0005075915070948768,4,4,Internal
PG,PNW,0.5612796228790692,62,2.53153652416902e-06,4,4,Internal
PG,PPL,0.5674217348906454,62,1.8567276569636756e-06,4,4,Internal
PG,PSA,0.49564277228418785,62,4.875530099135502e-05,4,4,Internal
PG,RCL,-0.4118684794650023,62,0.0009739519254987237,4,1,External
PG,REG,0.450918521342373,62,0.0002653542477596793,4,5,External
PG,RMD,-0.409651940001526,62,0.001043775727092084,4,1,External
PG,ROL,0.6062167305089514,62,2.2482449673142407e-07,4,4,Internal
PG,ROP,0.49387387930156085,62,5.237188510705707e-05,4,4,Internal
PG,RSG,0.5710841455079706,62,1.5387495264798586e-06,4,4,Internal
PG,SBAC,0.5498631541518116,62,4.431936361877789e-06,4,4,Internal
PG,SO,0.5941599828342526,62,4.463910494300083e-07,4,4,Internal
PG,SRE,0.4123958935501619,62,0.0009579710827304237,4,4,Internal
PG,SYF,-0.48693897338813763,62,6.907142746403071e-05,4,1,External
PG,SYY,0.5608270932262918,62,2.589388819126223e-06,4,4,Internal
PG,TER,-0.4315069055905363,62,0.0005164099443905639,4,1,External
PG,TJX,0.4684751388638074,62,0.0001402890654626308,4,5,External
PG,TRV,0.5481992081027489,62,4.8006152938894555e-06,4,4,Internal
PG,TSCO,0.4437564211320147,62,0.00034082171736748903,4,5,External
PG,TSN,0.546564211493425,62,5.190578739726486e-06,4,4,Internal
PG,TYL,0.5554528921817286,62,3.3778331160095985e-06,4,5,External
PG,URI,-0.4511727716128804,62,0.00026298024224691877,4,1,External
PG,VICI,0.4142954227706951,62,0.0009023559964046483,4,4,Internal
PG,VRSK,0.5420703847819174,62,6.419917309698481e-06,4,4,Internal
PG,VTR,0.4853524105742465,62,7.352519191112875e-05,4,4,Internal
PG,VZ,0.5830927745212359,62,8.177958213305643e-07,4,4,Internal
PG,WEC,0.5501996190755905,62,4.3606729040244195e-06,4,4,Internal
PG,WELL,0.4849971247733731,62,7.455812454681096e-05,4,4,Internal
PG,WM,0.5706395508935054,62,1.5744314894686933e-06,4,4,Internal
PG,WRB,0.5143666308134102,62,2.230186235514646e-05,4,4,Internal
PG,WTW,0.6434989544799103,62,2.2261479839675136e-08,4,4,Internal
PG,XEL,0.5373175120965856,62,8.011770421062907e-06,4,4,Internal
PG,YUM,0.5034951820311752,62,3.53169202317654e-05,4,4,Internal
PGR,PM,0.6057715747200368,62,2.307071981103099e-07,4,4,Internal
PGR,PNW,0.5608800206460225,62,2.58255921873296e-06,4,4,Internal
PGR,PPL,0.6149659430994311,62,1.3422675916697325e-07,4,4,Internal
PGR,RF,-0.43272981139987604,62,0.0004957709702264855,4,1,External
PGR,RL,-0.5363291852915956,62,8.385897328264494e-06,4,1,External
PGR,ROL,0.7031423056917485,62,2.646676826496323e-10,4,4,Internal
PGR,ROP,0.5469292416287452,62,5.1010374265440365e-06,4,4,Internal
PGR,RSG,0.6902307565769955,62,7.55449961200268e-10,4,4,Internal
PGR,SBAC,0.5753629762775804,62,1.2319747722550863e-06,4,4,Internal
PGR,SO,0.5679232984279415,62,1.8098133927130223e-06,4,4,Internal
PGR,SPGI,0.4574397577717766,62,0.00021025708097286062,4,4,Internal
PGR,SRE,0.4028086091714382,62,0.0012887312619801492,4,4,Internal
PGR,SW,-0.401848794846749,62,0.0013269364570350222,4,1,External
PGR,SWK,-0.6040412240055792,62,2.549775641600118e-07,4,1,External
PGR,SWKS,-0.5016928777214262,62,3.805649706700592e-05,4,1,External
PGR,SYF,-0.5766388242048534,62,1.1522394574045171e-06,4,1,External
PGR,T,0.5798786444989311,62,9.709500706342185e-07,4,4,Internal
PGR,TER,-0.5458743493280641,62,5.3638162537592835e-06,4,1,External
PGR,TGT,-0.5195936364092691,62,1.77787133458802e-05,4,1,External
PGR,TMUS,0.4685878631993244,62,0.00013970045698500556,4,4,Internal
PGR,TPR,-0.4164706935163943,62,0.0008422601308564044,4,1,External
PGR,TROW,-0.4454055008100564,62,0.00032189187741360654,4,1,External
PGR,TRV,0.7041901356725809,62,2.424776899405218e-10,4,4,Internal
PGR,UHS,0.4513790403957606,62,0.0002610685209141548,4,4,Internal
PGR,UPS,-0.5980416769983119,62,3.590431924198152e-07,4,1,External
PGR,V,0.5212031726396444,62,1.6567609004253256e-05,4,4,Internal
PGR,VRSK,0.6644872173386914,62,5.245476583573166e-09,4,4,Internal
PGR,VRSN,0.44883867813541845,62,0.000285521610365251,4,4,Internal
PGR,VTR,0.5383689885712958,62,7.63083717987149e-06,4,4,Internal
PGR,VZ,0.6350697132956838,62,3.8582165880773516e-08,4,4,Internal
PGR,WEC,0.6090813532216751,62,1.902152760672797e-07,4,4,Internal
PGR,WELL,0.6061126151079899,62,2.2618759297514897e-07,4,4,Internal
PGR,WM,0.615832126919935,62,1.2743555349751986e-07,4,4,Internal
PGR,WRB,0.7663521081346691,62,6.119685497508508e-13,4,4,Internal
PGR,WTW,0.6368069859449333,62,3.449495481069865e-08,4,4,Internal
PGR,WYNN,-0.47553484138707725,62,0.00010750576848379542,4,1,External
PGR,XEL,0.5972085845156725,62,3.763121218749723e-07,4,4,Internal
PGR,YUM,0.5826275352057896,62,8.384663650400626e-07,4,4,Internal
PGR,ZBRA,-0.5360764014296286,62,8.484165434014565e-06,4,1,External
PH,PNC,0.4519781056086188,62,0.0002555880470759373,1,1,Internal
PH,RCL,0.5340018292927006,62,9.33209075049139e-06,1,1,Internal
PH,RF,0.5907739243194554,62,5.385191171696847e-07,1,1,Internal
PH,RJF,0.5209473606621895,62,1.6754832681348476e-05,1,1,Internal
PH,RL,0.49913269709599584,62,4.228690471931106e-05,1,1,Internal
PH,ROL,-0.4575948624487685,62,0.00020908450762416957,1,4,External
PH,SBAC,-0.4222189759458387,62,0.0007004572832617591,1,4,External
PH,STT,0.4097689911755662,62,0.0010399785611260451,1,1,Internal
PH,STX,0.403259875729108,62,0.0012711128934699539,1,1,Internal
PH,SYF,0.6690692084713266,62,3.767473553234048e-09,1,1,Internal
PH,TEL,0.46215648200031384,62,0.00017716228842880167,1,1,Internal
PH,TFC,0.5831763997232442,62,8.141314129391339e-07,1,1,Internal
PH,TPR,0.5147974780032432,62,2.1892130080327616e-05,1,1,Internal
PH,TRMB,0.5758207168169633,62,1.2027913698988628e-06,1,1,Internal
PH,UAL,0.4708629258477193,62,0.00012829469305194067,1,1,Internal
PH,USB,0.5527839389487976,62,3.8479095187780676e-06,1,1,Internal
PH,VLO,0.43605720429848416,62,0.0004433502687512347,1,1,Internal
PH,WBD,0.42527095389516456,62,0.0006343005308680911,1,3,External
PH,WDC,0.47715849922914516,62,0.00010103893142183729,1,1,Internal
PH,WFC,0.5046956014800978,62,3.3594695797427586e-05,1,1,Internal
PH,YUM,-0.4241877416341629,62,0.0006571032522741449,1,4,External
PH,ZBRA,0.4851283886295592,62,7.417495048714294e-05,1,1,Internal
PHM,PKG,0.43993261134725614,62,0.00038867941427993816,1,1,Internal
PHM,PLD,0.4553352193698725,62,0.00022677298742307126,1,1,Internal
PHM,PNR,0.7590429230813076,62,1.3557812316659178e-12,1,1,Internal
PHM,POOL,0.5884357420963346,62,6.122508058675512e-07,1,1,Internal
PHM,PPG,0.47999352825836555,62,9.059807258593847e-05,1,1,Internal
PHM,RL,0.4306377951964279,62,0.0005315487957479016,1,1,Internal
PHM,RTX,-0.5911571429032636,62,5.272609321690386e-07,1,2,External
PHM,SCHW,-0.49095958606249834,62,5.887433862420793e-05,1,2,External
PHM,SHW,0.5224324475956671,62,1.5694708838007556e-05,1,5,External
PHM,SWK,0.6050172638221978,62,2.410071822898594e-07,1,1,Internal
PHM,TGT,0.5168115405460352,62,2.006769261956317e-05,1,1,Internal
PHM,TROW,0.5532105792221483,62,3.7688782410200313e-06,1,1,Internal
PHM,UPS,0.5380933566827459,62,7.729028933263788e-06,1,1,Internal
PHM,WAT,0.4181325473173526,62,0.0007988112123418116,1,5,External
PHM,WY,0.5632903798071808,62,2.2887873998283264e-06,1,1,Internal
PKG,PNR,0.4442473629087097,62,0.00033508279364867423,1,1,Internal
PKG,RL,0.4333520683520411,62,0.00048555934399803816,1,1,Internal
PKG,SW,0.6135158453228485,62,1.463646978284283e-07,1,1,Internal
PKG,SWK,0.5222980455479929,62,1.5788024287145976e-05,1,1,Internal
PKG,TGT,0.49150816310012707,62,5.75961562808135e-05,1,1,Internal
PKG,TROW,0.5669549341925425,62,1.9014104128331545e-06,1,1,Internal
PKG,UNP,0.40446422906066715,62,0.001225147974448896,1,1,Internal
PKG,UPS,0.537544980283438,62,7.927892030398033e-06,1,1,Internal
PKG,WY,0.4230642068292486,62,0.0006815369180177093,1,1,Internal
PKG,ZBRA,0.4083961460016695,62,0.001085307275918029,1,1,Internal
PLD,PSA,0.4510562027169236,62,0.00026406626032053886,1,4,External
PLD,PSX,0.4298705038854884,62,0.0005452476677470572,1,1,Internal
PLD,REG,0.5374668708677238,62,7.956602095540595e-06,1,5,External
PLD,RF,0.4298385176996081,62,0.0005458256285112903,1,1,Internal
PLD,RL,0.5329901576543847,62,9.773590018293342e-06,1,1,Internal
PLD,SPG,0.5907539846416113,62,5.391110375306618e-07,1,1,Internal
PLD,SW,0.4097800824219348,62,0.001039619405241386,1,1,Internal
PLD,SWK,0.46839698467935753,62,0.0001406984948390031,1,1,Internal
PLD,SYF,0.4023465477792646,62,0.0013069982868632592,1,1,Internal
PLD,TGT,0.5199516222054873,62,1.7502450315805552e-05,1,1,Internal
PLD,UDR,0.40545903425794455,62,0.0011883143207855984,1,4,External
PLD,UPS,0.5256911310649653,62,1.3583009338935819e-05,1,1,Internal
PLD,WY,0.6394932884923,62,2.8970583104885186e-08,1,1,Internal
PM,PNW,0.6437317246299408,62,2.192071584415616e-08,4,4,Internal
PM,PPL,0.6913577317456612,62,6.90853910454337e-10,4,4,Internal
PM,RF,-0.4395539439478982,62,0.00039373698473354086,4,1,External
PM,RJF,-0.4123622258764832,62,0.000958984112622243,4,1,External
PM,RL,-0.4903078755692776,62,6.042680509189377e-05,4,1,External
PM,ROL,0.6820388510265434,62,1.4296144011443532e-09,4,4,Internal
PM,ROP,0.5661046595075601,62,1.985395666532276e-06,4,4,Internal
PM,RSG,0.7211028321309126,62,5.5876697752926914e-11,4,4,Internal
PM,SBAC,0.5638358722719077,62,2.2267896188329174e-06,4,4,Internal
PM,SO,0.6627818907752921,62,5.924422817966105e-09,4,4,Internal
PM,SRE,0.48923641140993185,62,6.30614584560001e-05,4,4,Internal
PM,SW,-0.46173123634749874,62,0.0001799373991075092,4,1,External
PM,SWK,-0.6675455007475778,62,4.208489895535635e-09,4,1,External
PM,SYF,-0.514281468930536,62,2.2383687312505513e-05,4,1,External
PM,SYY,0.41319720461572396,62,0.000934143516415017,4,4,Internal
PM,T,0.6873293924861811,62,9.491748306706437e-10,4,4,Internal
PM,TDG,0.4675266811335168,62,0.0001453324449520202,4,2,External
PM,TGT,-0.45495405171650793,62,0.00022988818224636755,4,1,External
PM,TMUS,0.42712143047727225,62,0.0005969991597285472,4,4,Internal
PM,TPR,-0.40324269600900303,62,0.0012717796385544897,4,1,External
PM,TROW,-0.5032180240639271,62,3.572598813938756e-05,4,1,External
PM,TRV,0.5716243348080613,62,1.4964141495427228e-06,4,4,Internal
PM,UPS,-0.4925437583446139,62,5.5252735759887734e-05,4,1,External
PM,USB,-0.44583440363424903,62,0.00031712814905294036,4,1,External
PM,V,0.4579373165403382,62,0.0002065167494732941,4,4,Internal
PM,VICI,0.4254783227642451,62,0.0006300178680904798,4,4,Internal
PM,VRSK,0.6204700675063024,62,9.624750036296888e-08,4,4,Internal
PM,VRSN,0.4192968881610492,62,0.0007695878878157052,4,4,Internal
PM,VTR,0.5321557756013292,62,1.0152258208240327e-05,4,4,Internal
PM,VZ,0.6272324494141187,62,6.339509180223936e-08,4,4,Internal
PM,WEC,0.6464423411801924,62,1.829873658656758e-08,4,4,Internal
PM,WELL,0.6117158897060961,62,1.6287034913840799e-07,4,4,Internal
PM,WM,0.7184191239555765,62,7.10319282506576e-11,4,4,Internal
PM,WMB,0.45630305682454014,62,0.00021903568909902482,4,4,Internal
PM,WRB,0.6484665884539437,62,1.5971249778608605e-08,4,4,Internal
PM,WYNN,-0.4226681099561024,62,0.0006903451014167151,4,1,External
PM,XEL,0.6062875412895549,62,2.2390184980358659e-07,4,4,Internal
PM,YUM,0.5289192211399922,62,1.175401615347402e-05,4,4,Internal
PM,ZBRA,-0.5801455183764587,62,9.572757638507266e-07,4,1,External
PNC,PNR,0.42088548433341927,62,0.0007312756200586264,1,1,Internal
PNC,PRU,0.6078460682956708,62,2.044744729422528e-07,1,1,Internal
PNC,PSX,0.5172994286907612,62,1.964748335605059e-05,1,1,Internal
PNC,RCL,0.4458331675958972,62,0.00031714178460300995,1,1,Internal
PNC,RF,0.8774095885377334,62,1.773478295373052e-20,1,1,Internal
PNC,RJF,0.5233095107466236,62,1.5098225686132267e-05,1,1,Internal
PNC,RL,0.4955572922163965,62,4.89246258246858e-05,1,1,Internal
PNC,ROL,-0.45111761344922724,62,0.00026349361576798685,1,4,External
PNC,RSG,-0.5259458549705196,62,1.3429600333199273e-05,1,4,External
PNC,STT,0.5957349024654419,62,4.0878603954780853e-07,1,1,Internal
PNC,STX,0.4114244840489149,62,0.0009875911476267903,1,1,Internal
PNC,SW,0.40672468120271,62,0.0011428942577864812,1,1,Internal
PNC,SWK,0.5934721139833767,62,4.63814759649682e-07,1,1,Internal
PNC,SYF,0.7354126830852848,62,1.4806637568224218e-11,1,1,Internal
PNC,TEL,0.6231041782866071,62,8.18971596652751e-08,1,1,Internal
PNC,TFC,0.8487662031524769,62,5.699329772995198e-18,1,1,Internal
PNC,TGT,0.45098083507220954,62,0.00026477060377535,1,1,Internal
PNC,TPR,0.516282050984674,62,2.0533153517021423e-05,1,1,Internal
PNC,TRMB,0.4843339880257121,62,7.652191816254255e-05,1,1,Internal
PNC,TROW,0.436141596970082,62,0.0004420888424073279,1,1,Internal
PNC,UNP,0.5079304924139487,62,2.9332803233604297e-05,1,1,Internal
PNC,UPS,0.5158966221460902,62,2.0878248525476595e-05,1,1,Internal
PNC,USB,0.837571494217937,62,3.9665572616570544e-17,1,1,Internal
PNC,VLO,0.4799128610026475,62,9.088088607713927e-05,1,1,Internal
PNC,VRSK,-0.4059231746433793,62,0.0011714725199524368,1,4,External
PNC,WFC,0.6538839709519841,62,1.1041775764386609e-08,1,1,Internal
PNC,WM,-0.4811623968901539,62,8.658993931465748e-05,1,4,External
PNC,WY,0.4050672690550246,62,0.0012026991612564318,1,1,Internal
PNC,ZBRA,0.6519440876129081,62,1.2612717246188364e-08,1,1,Internal
PNR,POOL,0.4166293301515908,62,0.0008380223075310778,1,1,Internal
PNR,RF,0.4868199174362738,62,6.939680658654068e-05,1,1,Internal
PNR,RL,0.467295489509469,62,0.0001465867428861491,1,1,Internal
PNR,RTX,-0.6489022677915929,62,1.5508334264255717e-08,1,2,External
PNR,SWK,0.5058449288744264,62,3.201888709023466e-05,1,1,Internal
PNR,TROW,0.484214074465641,62,7.688207161143438e-05,1,1,Internal
PNR,USB,0.459912494563418,62,0.00019226130986848183,1,1,Internal
PNW,PPL,0.9020086152573367,62,3.424978387068156e-23,4,4,Internal
PNW,PSA,0.5356985976262905,62,8.633033916695306e-06,4,4,Internal
PNW,REG,0.48163592750309914,62,8.501312709138919e-05,4,5,External
PNW,ROL,0.7103179352236899,62,1.441905988796581e-10,4,4,Internal
PNW,ROP,0.584890074826601,62,7.423463773645346e-07,4,4,Internal
PNW,RSG,0.7329095610785376,62,1.8792948911023707e-11,4,4,Internal
PNW,SBAC,0.7290293577184863,62,2.705413006543276e-11,4,4,Internal
PNW,SO,0.8715431530506016,62,6.46239721794614e-20,4,4,Internal
PNW,SPGI,0.4192487780143798,62,0.0007707759702561188,4,4,Internal
PNW,SRE,0.6333707324446423,62,4.301831847863555e-08,4,4,Internal
PNW,STE,0.4267592345020328,62,0.0006041397256132784,4,5,External
PNW,STZ,0.4146834878155471,62,0.000891359260314819,4,5,External
PNW,SYY,0.5532280174626932,62,3.765680426017028e-06,4,4,Internal
PNW,T,0.6660005853926352,62,4.705304388645301e-09,4,4,Internal
PNW,TAP,0.5228924641421504,62,1.5379180441160026e-05,4,4,Internal
PNW,TER,-0.42780359307850097,62,0.0005837579792969425,4,1,External
PNW,TMUS,0.41530593733516546,62,0.0008739731896155984,4,4,Internal
PNW,TRV,0.6678855208975438,62,4.106030227312237e-09,4,4,Internal
PNW,TSN,0.4355314439435912,62,0.00045128283871547316,4,4,Internal
PNW,UDR,0.5054499803196111,62,3.2552507320632785e-05,4,4,Internal
PNW,V,0.43698029339179006,62,0.0004297289414672626,4,4,Internal
PNW,VICI,0.722423873432529,62,4.960022989166927e-11,4,4,Internal
PNW,VRSK,0.5953165581825807,62,4.1847366240016294e-07,4,4,Internal
PNW,VTR,0.702257044759629,62,2.849064585207515e-10,4,4,Internal
PNW,VZ,0.7202354443933394,62,6.040148140410261e-11,4,4,Internal
PNW,WEC,0.8750395353783288,62,3.013655436207507e-20,4,4,Internal
PNW,WELL,0.783196095085122,62,8.725206486325973e-14,4,4,Internal
PNW,WM,0.7214759212717187,62,5.403139641684441e-11,4,4,Internal
PNW,WMB,0.46562668084111375,62,0.00015593927706329807,4,4,Internal
PNW,WRB,0.6859039936686615,62,1.0608051220956819e-09,4,4,Internal
PNW,WTW,0.5227485249853095,62,1.547727040788361e-05,4,4,Internal
PNW,XEL,0.7945644001115689,62,2.119357711332353e-14,4,4,Internal
PNW,YUM,0.487701656098537,62,6.702014647739935e-05,4,4,Internal
PNW,ZBRA,-0.4036166082417698,62,0.0012573389419413186,4,1,External
POOL,REG,0.4193878523513592,62,0.0007673460475142407,1,5,External
POOL,RMD,-0.40220024335974713,62,0.0013128305771346058,1,1,Internal
POOL,SHW,0.46516738044234746,62,0.00015860765227049923,1,5,External
POOL,TSCO,0.5003658716142503,62,4.019775993308851e-05,1,5,External
POOL,TYL,0.44060964003001163,62,0.0003797840001685915,1,5,External
POOL,UNP,0.48243502869618105,62,8.24119996794634e-05,1,1,Internal
POOL,WY,0.4154042268956132,62,0.0008712559703322632,1,1,Internal
PPG,PSA,0.41129656868548076,62,0.0009915524526334,1,4,External
PPG,REG,0.46118048163791503,62,0.00018359073323097444,1,5,External
PPG,SHW,0.592088525339152,62,5.008131474213072e-07,1,5,External
PPG,SWKS,0.5171215298157804,62,1.9799749914180248e-05,1,1,Internal
PPG,SYY,0.40912687057794295,62,0.0010609633103564368,1,4,External
PPG,TGT,0.4883781450279219,62,6.524782966542582e-05,1,1,Internal
PPG,TRGP,-0.4072542696705568,62,0.0011243574260508264,1,2,External
PPG,TROW,0.4393675638496655,62,0.00039624825138969745,1,1,Internal
PPG,VLTO,0.43997343962201335,62,0.0003881376489465387,1,5,External
PPG,VMC,0.46483647998757704,62,0.00016055593541744036,1,5,External
PPG,WAT,0.448811162178642,62,0.00028579755170274936,1,5,External
PPL,PSA,0.5301637768340178,62,1.1112157649571347e-05,4,4,Internal
PPL,REG,0.47802492896181614,62,9.773627856929506e-05,4,5,External
PPL,ROL,0.7800212677865117,62,1.276057227426486e-13,4,4,Internal
PPL,ROP,0.575745745508128,62,1.2075264134169588e-06,4,4,Internal
PPL,RSG,0.7854386872529427,62,6.644871916834224e-14,4,4,Internal
PPL,SBAC,0.6629987917682396,62,5.8336651974786066e-09,4,4,Internal
PPL,SO,0.8765830759158559,62,2.136308717037115e-20,4,4,Internal
PPL,SPGI,0.48850277058819674,62,6.492607741516068e-05,4,4,Internal
PPL,SRE,0.7292596656285113,62,2.6479938936390844e-11,4,4,Internal
PPL,STZ,0.4548284641755325,62,0.00023092311628878046,4,5,External
PPL,SWK,-0.43869289876641077,62,0.00040546098263484015,4,1,External
PPL,SYF,-0.416726781485688,62,0.0008354285518924412,4,1,External
PPL,SYY,0.5659510403650622,62,2.000934570116215e-06,4,4,Internal
PPL,T,0.6674138794859751,62,4.2487984436912126e-09,4,4,Internal
PPL,TAP,0.4184043245002865,62,0.0007919016539140078,4,4,Internal
PPL,TER,-0.5321926630983685,62,1.0135233262138346e-05,4,1,External
PPL,TMUS,0.453829713247606,62,0.00023930641500059409,4,4,Internal
PPL,TRV,0.7875129671562423,62,5.150089067986376e-14,4,4,Internal
PPL,TSN,0.4001697225399598,62,0.0013962263915596562,4,4,Internal
PPL,UDR,0.5301888286280693,62,1.1099578771868136e-05,4,4,Internal
PPL,V,0.418742466151018,62,0.0007833803240559087,4,4,Internal
PPL,VICI,0.67041144426631,62,3.4156054570369104e-09,4,4,Internal
PPL,VRSK,0.679719385343691,62,1.7062504277497979e-09,4,4,Internal
PPL,VTR,0.6499784361931077,62,1.4418663407730433e-08,4,4,Internal
PPL,VZ,0.6593026461711853,62,7.57612726592942e-09,4,4,Internal
PPL,WEC,0.8907127378499894,62,7.26701388124925e-22,4,4,Internal
PPL,WELL,0.7637158780904529,62,8.180024354135962e-13,4,4,Internal
PPL,WM,0.7823957900439565,62,9.608410448835435e-14,4,4,Internal
PPL,WMB,0.455620520297481,62,0.00022446659578760422,4,4,Internal
PPL,WRB,0.7912520366932262,62,3.2298450809689787e-14,4,4,Internal
PPL,WTW,0.6241399301184306,62,7.682780331705185e-08,4,4,Internal
PPL,XEL,0.795935486076807,62,1.776171747364196e-14,4,4,Internal
PPL,YUM,0.5042990943569865,62,3.415477180028822e-05,4,4,Internal
PPL,ZBRA,-0.48045833925519954,62,8.898419216661898e-05,4,1,External
PRU,PSX,0.4107604888133345,62,0.0010083101977102268,1,1,Internal
PRU,RF,0.6016085548277011,62,2.931844204647029e-07,1,1,Internal
PRU,STT,0.5827352129412057,62,8.33639132232338e-07,1,1,Internal
PRU,SYF,0.4188416777783454,62,0.0007808959231015285,1,1,Internal
PRU,TEL,0.4446601876577962,62,0.00033032534518698736,1,1,Internal
PRU,TFC,0.667927278434311,62,4.093611470793994e-09,1,1,Internal
PRU,TXT,0.44615785045375644,62,0.0003135783110398262,1,1,Internal
PRU,USB,0.5263276254739303,62,1.320268842046597e-05,1,1,Internal
PRU,WFC,0.42295044028809836,62,0.0006840563206861755,1,1,Internal
PRU,WY,0.448834760437209,62,0.00028556088380531704,1,1,Internal
PSA,REG,0.677658248663432,62,1.9940188731300765e-09,4,5,External
PSA,ROL,0.5240361623566924,62,1.462005426707198e-05,4,4,Internal
PSA,ROP,0.4515753723952212,62,0.0002592606921207004,4,4,Internal
PSA,RSG,0.5174573287113815,62,1.9513244650600283e-05,4,4,Internal
PSA,SBAC,0.584633140332115,62,7.527169396086321e-07,4,4,Internal
PSA,SHW,0.4170094407737243,62,0.0008279462979946878,4,5,External
PSA,SO,0.565438410916771,62,2.0536153107123356e-06,4,4,Internal
PSA,SPGI,0.4032620116752046,62,0.001271030019357179,4,4,Internal
PSA,SYY,0.5721162723241119,62,1.4588114365046916e-06,4,4,Internal
PSA,T,0.43490364495509626,62,0.00046092383778091183,4,4,Internal
PSA,TAP,0.44866891282787624,62,0.0002872279717701918,4,4,Internal
PSA,TJX,0.41027679745318707,62,0.0010236489840414736,4,5,External
PSA,TRV,0.4844584113600269,62,7.614986287497799e-05,4,4,Internal
PSA,UDR,0.6053483332714538,62,2.364343363981468e-07,4,4,Internal
PSA,V,0.40701823642869167,62,0.001132585432251507,4,4,Internal
PSA,VICI,0.6202357027859757,62,9.763306882059262e-08,4,4,Internal
PSA,VRSK,0.48849897696202393,62,6.493584999382703e-05,4,4,Internal
PSA,VTR,0.5049393601977838,62,3.3254610527411555e-05,4,4,Internal
PSA,VZ,0.5677015661069283,62,1.8304148747807048e-06,4,4,Internal
PSA,WEC,0.5043890158534444,62,3.4027003470912466e-05,4,4,Internal
PSA,WELL,0.6206682103755875,62,9.509055534572481e-08,4,4,Internal
PSA,WM,0.5712030263744536,62,1.5293375602548036e-06,4,4,Internal
PSA,WTW,0.4111404480875764,62,0.0009964066363980855,4,4,Internal
PSA,WY,0.4277397610646638,62,0.0005849856043137923,4,1,External
PSA,XEL,0.5077508050001109,62,2.9555743369678287e-05,4,4,Internal
PSKY,WBD,0.47671313628793516,62,0.00010277620119009886,3,3,Internal
PSX,RF,0.5560203468215139,62,3.285064461301209e-06,1,1,Internal
PSX,RSG,-0.40121821514101424,62,0.0013525875211131983,1,4,External
PSX,SBUX,0.40839379758667504,62,0.0010853863175608583,1,1,Internal
PSX,SLB,0.49375409194680303,62,5.262553058108071e-05,1,2,External
PSX,SW,0.45881843826456237,62,0.00020004204672447704,1,1,Internal
PSX,SWK,0.5247789163977108,62,1.4145851653568871e-05,1,1,Internal
PSX,SYF,0.5850400068292195,62,7.363568065281233e-07,1,1,Internal
PSX,TEL,0.40942698346306483,62,0.0010511084709350998,1,1,Internal
PSX,TFC,0.4491462429037931,62,0.00028245372874538245,1,1,Internal
PSX,TRGP,0.48031646455046945,62,8.94739713407181e-05,1,2,External
PSX,TXT,0.4098555723560532,62,0.0010371778645928132,1,1,Internal
PSX,UPS,0.4209747155523919,62,0.0007291757208294556,1,1,Internal
PSX,USB,0.45282807971488437,62,0.00024799237393704105,1,1,Internal
PSX,VLO,0.8005046635502002,62,9.7622611247376e-15,1,1,Internal
PSX,XOM,0.5526837756108929,62,3.866686764817829e-06,1,2,External
PSX,ZBRA,0.4916361935225243,62,5.7301553699844396e-05,1,1,Internal
PWR,QCOM,-0.5814932464589003,62,8.909346547676132e-07,12,1,External
PWR,SYY,-0.43145114240964394,62,0.0005173693908199031,12,4,External
PWR,VTR,-0.48650280397069123,62,7.027037928105123e-05,12,4,External
PYPL,RL,0.4072145083091833,62,0.0011257397066941315,1,1,Internal
PYPL,TPR,0.4372499143279469,62,0.00042582279611096753,1,1,Internal
PYPL,TROW,0.4496371035829521,62,0.0002776197861225239,1,1,Internal
QCOM,SWKS,0.41717239907110554,62,0.0008236602105984877,1,1,Internal
QCOM,TER,0.4369587910459179,62,0.0004300418563079014,1,1,Internal
QCOM,TXN,0.4117323732145961,62,0.0009781148413424085,1,1,Internal
RCL,RF,0.5061190401407267,62,3.1653302624840846e-05,1,1,Internal
RCL,ROP,-0.40614441500752085,62,0.0011635204627995026,1,4,External
RCL,SBAC,-0.4021553033546431,62,0.001314626759602764,1,4,External
RCL,SYF,0.5384184225095224,62,7.613350036057723e-06,1,1,Internal
RCL,TFC,0.5717804380737077,62,1.484384750371603e-06,1,1,Internal
RCL,UAL,0.4763714031917047,62,0.00010412780415132664,1,1,Internal
RCL,USB,0.4438070199513916,62,0.00034022612373713995,1,1,Internal
RCL,WFC,0.45530306734485726,62,0.00022703426032021963,1,1,Internal
REG,SBAC,0.41204266316956045,62,0.0009686476971874282,5,4,External
REG,SPG,0.43156575148152904,62,0.0005153992097143079,5,1,External
REG,SRE,0.4251049254062306,62,0.0006377484114678255,5,4,External
REG,SYY,0.4494010497841704,62,0.0002799349129916659,5,4,External
REG,TSCO,0.43043042839202217,62,0.0005352198843403347,5,5,Internal
REG,UDR,0.6434097991757226,62,2.239331988838368e-08,5,4,External
REG,VICI,0.5545109859225656,62,3.537237317145247e-06,5,4,External
REG,WEC,0.4511042654190384,62,0.0002636179873228378,5,4,External
REG,WELL,0.4234173611123966,62,0.0006737696116571394,5,4,External
REG,WY,0.5089888641309936,62,2.805094839510446e-05,5,1,External
REGN,ULTA,-0.40685708857301245,62,0.0011382340734193246,5,5,Internal
REGN,WAT,0.42402168450664374,62,0.0006606638187541166,5,5,Internal
RF,RJF,0.6309595029780181,62,5.0146925785330036e-08,1,1,Internal
RF,RL,0.5402033567990951,62,7.006368792860141e-06,1,1,Internal
RF,ROL,-0.4708644085385614,62,0.00012828754699246213,1,4,External
RF,RSG,-0.5174594149667325,62,1.951147672832238e-05,1,4,External
RF,SBAC,-0.42069782124459487,62,0.0007357098041431123,1,4,External
RF,SPG,0.4744116416499851,62,0.00011219959661356307,1,1,Internal
RF,STT,0.5944272097591615,62,4.397895265946969e-07,1,1,Internal
RF,SW,0.4363553760011255,62,0.0004389080530293027,1,1,Internal
RF,SWK,0.6101690529273259,62,1.7843969334618612e-07,1,1,Internal
RF,SYF,0.8015241395397013,62,8.523889108330835e-15,1,1,Internal
RF,TEL,0.6182044357722986,62,1.104549000544912e-07,1,1,Internal
RF,TFC,0.8911890696131161,62,6.432774251447335e-22,1,1,Internal
RF,TGT,0.508692396805752,62,2.8404685314817435e-05,1,1,Internal
RF,TPR,0.5044307131483173,62,3.396790647789658e-05,1,1,Internal
RF,TRMB,0.4987903417961892,62,4.288443562811783e-05,1,1,Internal
RF,TROW,0.5354931192028719,62,8.715017029384361e-06,1,1,Internal
RF,UNP,0.4507560080663919,62,0.0002668819137666604,1,1,Internal
RF,UPS,0.5505613405875499,62,4.285253515450247e-06,1,1,Internal
RF,URI,0.5099430658677514,62,2.693992109864898e-05,1,1,Internal
RF,USB,0.8504898466595658,62,4.169314409494707e-18,1,1,Internal
RF,VLO,0.5080493788480814,62,2.9186156353659483e-05,1,1,Internal
RF,VRSK,-0.4641235060706341,62,0.0001648285587354404,1,4,External
RF,WFC,0.6745389676339126,62,2.5184885856516064e-09,1,1,Internal
RF,WM,-0.5063102240680744,62,3.140060977204836e-05,1,4,External
RF,WY,0.4156928482967693,62,0.000863321057254893,1,1,Internal
RF,WYNN,0.4321435523379095,62,0.0005055698974632611,1,1,Internal
RF,ZBRA,0.6150935659218505,62,1.33205174495598e-07,1,1,Internal
RJF,SYF,0.575096302947781,62,1.2492810494818654e-06,1,1,Internal
RJF,TEL,0.46191260550672375,62,0.00017874896944593716,1,1,Internal
RJF,TFC,0.47922645596479996,62,9.332043670959493e-05,1,1,Internal
RJF,TPR,0.4078970087521897,62,0.0011022240195165639,1,1,Internal
RJF,TROW,0.5100985775982437,62,2.676276109475134e-05,1,1,Internal
RJF,USB,0.6570151331238594,62,8.890194170747644e-09,1,1,Internal
RJF,VLO,0.43297011679333725,62,0.0004918045136059622,1,1,Internal
RJF,WFC,0.44686279276684976,62,0.0003059667639588239,1,1,Internal
RJF,WYNN,0.40587865003276363,62,0.001173078771753266,1,1,Internal
RJF,ZBRA,0.4068215818049614,62,0.001139482080910953,1,1,Internal
RL,ROL,-0.4063102347864544,62,0.0011575922853466808,1,4,External
RL,SO,-0.41042916394989953,62,0.0010187946053470953,1,4,External
RL,SPG,0.41321915752358257,62,0.00093349832513277,1,1,Internal
RL,STX,0.41729040231783493,62,0.000820569047080307,1,1,Internal
RL,SW,0.5475130735275573,62,4.960813258447227e-06,1,1,Internal
RL,SWK,0.5987807904703878,62,3.4434850525644543e-07,1,1,Internal
RL,SWKS,0.4177294502592495,62,0.0008091597838927333,1,1,Internal
RL,SYF,0.6546974784919352,62,1.0439719409318141e-08,1,1,Internal
RL,T,-0.4829283129221667,62,8.084310726046426e-05,1,4,External
RL,TEL,0.40064419534766715,62,0.001376324290265973,1,1,Internal
RL,TFC,0.427799218498535,62,0.0005838420371219009,1,1,Internal
RL,TGT,0.6040817821187588,62,2.543821858444865e-07,1,1,Internal
RL,TPR,0.7584023574870231,62,1.4517234695292996e-12,1,1,Internal
RL,TRMB,0.4760262662126868,62,0.00010550943619522374,1,1,Internal
RL,TROW,0.5353048816041007,62,8.790756644065002e-06,1,1,Internal
RL,TSN,-0.4140694047485533,62,0.0009088170451536107,1,4,External
RL,UAL,0.5392010893825436,62,7.341408381108577e-06,1,1,Internal
RL,UPS,0.5264287230397,62,1.314319871972814e-05,1,1,Internal
RL,USB,0.5028054847457095,62,3.6342991459059836e-05,1,1,Internal
RL,VZ,-0.4607428706931972,62,0.00018654183289944695,1,4,External
RL,WRB,-0.4706013416970216,62,0.0001295611728706452,1,4,External
RL,WYNN,0.5261789529915456,62,1.329062762574374e-05,1,1,Internal
RL,XEL,-0.44563360654792056,62,0.00031935029699232655,1,4,External
RL,YUM,-0.5405295888358159,62,6.9004251312730434e-06,1,4,External
RL,ZBRA,0.6293659575260142,62,5.545491434937221e-08,1,1,Internal
RMD,TEL,0.45476903047437356,62,0.00023141437698590494,1,1,Internal
RMD,TYL,-0.49035565906401285,62,6.0311708141557395e-05,1,5,External
RMD,UNP,-0.41996321681523546,62,0.0007533023070122213,1,1,Internal
RMD,URI,0.47264188896560494,62,0.00011997868711742648,1,1,Internal
RMD,WTW,-0.5712980035536772,62,1.5218568417496087e-06,1,4,External
ROK,TRMB,0.741591144975976,62,8.125343311227087e-12,1,1,Internal
ROL,ROP,0.6477698315750324,62,1.6738818924579145e-08,4,4,Internal
ROL,RSG,0.852265556078136,62,3.0089391551977563e-18,4,4,Internal
ROL,SBAC,0.7127854763125853,62,1.1651813788180713e-10,4,4,Internal
ROL,SO,0.7533862295344899,62,2.4619913160942654e-12,4,4,Internal
ROL,SPGI,0.4512714691643018,62,0.00026206391343324575,4,4,Internal
ROL,SRE,0.5440444141670905,62,5.84981699438464e-06,4,4,Internal
ROL,STZ,0.4651282663225069,62,0.00015883681450628713,4,5,External
ROL,SWK,-0.5546441942299843,62,3.514275030194678e-06,4,1,External
ROL,SYF,-0.5770247609404666,62,1.1290893764620272e-06,4,1,External
ROL,SYY,0.558654873887839,62,2.8847011079830846e-06,4,4,Internal
ROL,T,0.5958174616939442,62,4.0689927632166345e-07,4,4,Internal
ROL,TER,-0.4755616195153775,62,0.0001073960987848143,4,1,External
ROL,TFC,-0.5031440063109213,62,3.58359726969103e-05,4,1,External
ROL,TJX,0.5651048497485217,62,2.088587671197339e-06,4,5,External
ROL,TMUS,0.4796748487948004,62,9.17200797729885e-05,4,4,Internal
ROL,TRV,0.7118750363510383,62,1.2608132743904096e-10,4,4,Internal
ROL,TSN,0.43361792359534745,62,0.00048125504531511043,4,4,Internal
ROL,USB,-0.4328314938117691,62,0.000494089078132008,4,1,External
ROL,V,0.5134872847417548,62,2.316026315777726e-05,4,4,Internal
ROL,VICI,0.48391873126895063,62,7.77757851418969e-05,4,4,Internal
ROL,VRSK,0.7458162491376371,62,5.337614912328984e-12,4,4,Internal
ROL,VRSN,0.43852110240977327,62,0.00040783783084244506,4,4,Internal
ROL,VTR,0.6609369206675386,62,6.75234056258183e-09,4,4,Internal
ROL,VZ,0.7330492464394762,62,1.8545880521243662e-11,4,4,Internal
ROL,WEC,0.7212612016123844,62,5.508618907259592e-11,4,4,Internal
ROL,WELL,0.680412359459178,62,1.6186892336176697e-09,4,4,Internal
ROL,WM,0.8457209636858437,62,9.808620550805545e-18,4,4,Internal
ROL,WMT,0.5230552556242725,62,1.5268938913006517e-05,4,4,Internal
ROL,WRB,0.6941957402986613,62,5.506155514606578e-10,4,4,Internal
ROL,WTW,0.5643765084974622,62,2.166896123419294e-06,4,4,Internal
ROL,XEL,0.6543059537673944,62,1.0725491663842165e-08,4,4,Internal
ROL,YUM,0.5972028673507839,62,3.7643328342584665e-07,4,4,Internal
ROL,ZBRA,-0.6513902597204678,62,1.30986266926512e-08,4,1,External
ROP,RSG,0.5940173492929526,62,4.4995262865551947e-07,4,4,Internal
ROP,SBAC,0.6243049633168375,62,7.604792908220513e-08,4,4,Internal
ROP,SHW,0.40936996294596795,62,0.00105297448724214,4,5,External
ROP,SO,0.6049344152116815,62,2.421644610905699e-07,4,4,Internal
ROP,SYF,-0.4461137277998761,62,0.0003140604145999332,4,1,External
ROP,SYY,0.5176942560054734,62,1.93134159876937e-05,4,4,Internal
ROP,T,0.5075523989340246,62,2.9803729423145355e-05,4,4,Internal
ROP,TMUS,0.45258745114861115,62,0.0002501215133777982,4,4,Internal
ROP,TRV,0.5306145146511404,62,1.0887849012397093e-05,4,4,Internal
ROP,TSCO,0.42873392039212943,62,0.0005661289999301896,4,5,External
ROP,TYL,0.4363814247677083,62,0.0004385219025231996,4,5,External
ROP,V,0.5102734173340313,62,2.6564871271915148e-05,4,4,Internal
ROP,VICI,0.44909066970324596,62,0.00028300582083355284,4,4,Internal
ROP,VRSK,0.5680987383982185,62,1.793666967799819e-06,4,4,Internal
ROP,VTR,0.4991518201745736,62,4.2253756133727995e-05,4,4,Internal
ROP,VZ,0.6133725763576698,62,1.4761845660090974e-07,4,4,Internal
ROP,WEC,0.5950706257442306,62,4.2426897208768517e-07,4,4,Internal
ROP,WELL,0.5141193354060667,62,2.2540237618826753e-05,4,4,Internal
ROP,WM,0.6064005465129348,62,2.2243679517020298e-07,4,4,Internal
ROP,WRB,0.550065960272518,62,4.388852937911131e-06,4,4,Internal
ROP,XEL,0.4987023356349513,62,4.303929284011733e-05,4,4,Internal
ROP,YUM,0.46698076309356606,62,0.00014831020619593817,4,4,Internal
ROST,TJX,0.6841018101140787,62,1.2198357741209294e-09,5,5,Internal
RSG,SBAC,0.7085883650319879,62,1.6719946632274937e-10,4,4,Internal
RSG,SO,0.7704784234671422,62,3.8559612820948115e-13,4,4,Internal
RSG,SRE,0.564933776095408,62,2.106739313512107e-06,4,4,Internal
RSG,SWK,-0.6342476637024915,62,4.067171884077992e-08,4,1,External
RSG,SYF,-0.6585799945201836,62,7.969956441698683e-09,4,1,External
RSG,SYY,0.4355227122977192,62,0.00045141566234867367,4,4,Internal
RSG,T,0.600576847216151,62,3.109612966935559e-07,4,4,Internal
RSG,TAP,0.4125096962253412,62,0.0009545540061494258,4,4,Internal
RSG,TEL,-0.4975031625740229,62,4.52015110701876e-05,4,1,External
RSG,TER,-0.5600191908970075,62,2.695756282946266e-06,4,1,External
RSG,TFC,-0.5168995299238175,62,1.9991298240332223e-05,4,1,External
RSG,TPR,-0.4109331597903324,62,0.001002884867790377,4,1,External
RSG,TRV,0.6853248349033562,62,1.1096309178198402e-09,4,4,Internal
RSG,UDR,0.4309727691590682,62,0.0005256668854315106,4,4,Internal
RSG,UPS,-0.4340152829374721,62,0.0004748862447657544,4,1,External
RSG,USB,-0.48972561852161345,62,6.184566511894339e-05,4,1,External
RSG,V,0.46800736165321744,62,0.00014275603077719436,4,4,Internal
RSG,VICI,0.4837202595843119,62,7.838172766748442e-05,4,4,Internal
RSG,VRSK,0.7433590562444854,62,6.821996493057305e-12,4,4,Internal
RSG,VRSN,0.5103337680171811,62,2.6496879454911184e-05,4,4,Internal
RSG,VTR,0.6003204313667325,62,3.155341061772731e-07,4,4,Internal
RSG,VZ,0.6476168057632585,62,1.691200546701796e-08,4,4,Internal
RSG,WEC,0.7536219926204155,62,2.4022973347200112e-12,4,4,Internal
RSG,WELL,0.748371041533463,62,4.1234208222852e-12,4,4,Internal
RSG,WFC,-0.42298249183743225,62,0.0006833456753110289,4,1,External
RSG,WM,0.9335941625881032,62,5.576153207760714e-28,4,4,Internal
RSG,WMT,0.4503763613965367,62,0.0002704820303318596,4,4,Internal
RSG,WRB,0.638961998161965,62,2.999209386631055e-08,4,4,Internal
RSG,WTW,0.5971418432190961,62,3.777288289602191e-07,4,4,Internal
RSG,WYNN,-0.4826531999672016,62,8.17146802927034e-05,4,1,External
RSG,XEL,0.6693002188680737,62,3.7045626549358706e-09,4,4,Internal
RSG,YUM,0.5058198786430153,62,3.205249089158639e-05,4,4,Internal
RSG,ZBRA,-0.6758189708292185,62,2.2891487447287094e-09,4,1,External
RTX,TDG,0.42233207003293366,62,0.0006978984359828304,2,2,Internal
RVTY,SWK,0.4498950855046808,62,0.00027510959384732743,5,1,External
RVTY,TECH,0.8758011760728158,62,2.5445308590964383e-20,5,5,Internal
RVTY,TER,0.4374074695555044,62,0.0004235551839562216,5,1,External
RVTY,TGT,0.4371606081610165,62,0.0004271130318605664,5,1,External
RVTY,TMO,0.810785256596276,62,2.3953965873419987e-15,5,5,Internal
RVTY,VTRS,0.45429826378579535,62,0.0002353394706934515,5,5,Internal
RVTY,WAT,0.7638428650545256,62,8.067172846458061e-13,5,5,Internal
SBAC,SBUX,-0.4066158294576157,62,0.0011467382418550074,4,1,External
SBAC,SHW,0.5060754941515254,62,3.171112100871294e-05,4,5,External
SBAC,SO,0.7034258791874108,62,2.5847903191346836e-10,4,4,Internal
SBAC,SPGI,0.47159854698954373,62,0.00012479379114501966,4,4,Internal
SBAC,SWK,-0.42539640448320415,62,0.0006317065355629835,4,1,External
SBAC,SYF,-0.5864102350909177,62,6.836798137719882e-07,4,1,External
SBAC,SYY,0.48374221060372885,62,7.831449711399763e-05,4,4,Internal
SBAC,T,0.5790891303914334,62,1.0124837334523548e-06,4,4,Internal
SBAC,TAP,0.47593977229945517,62,0.00010585831387620038,4,4,Internal
SBAC,TER,-0.4360417161284366,62,0.0004435821271630994,4,1,External
SBAC,TFC,-0.4163965301367308,62,0.0008442479669919635,4,1,External
SBAC,TMUS,0.4526567331474364,62,0.0002495067841611648,4,4,Internal
SBAC,TRV,0.5799351614364527,62,9.680390158897766e-07,4,4,Internal
SBAC,TSCO,0.44317090883582644,62,0.00034778316819487686,4,5,External
SBAC,TSN,0.42187921993857663,62,0.000708195706128635,4,4,Internal
SBAC,TYL,0.432806273050738,62,0.0004945057616526424,4,5,External
SBAC,V,0.4672724750625965,62,0.0001467121463508882,4,4,Internal
SBAC,VICI,0.5674634729666769,62,1.8527806580451869e-06,4,4,Internal
SBAC,VRSK,0.6621211420619366,62,6.2092115031559e-09,4,4,Internal
SBAC,VTR,0.5755976675956184,62,1.2169300822771e-06,4,4,Internal
SBAC,VZ,0.7136573856934979,62,1.0800965711185696e-10,4,4,Internal
SBAC,WEC,0.6415806465064647,62,2.526672723487391e-08,4,4,Internal
SBAC,WELL,0.6674349099696675,62,4.242333471744585e-09,4,4,Internal
SBAC,WM,0.6833992562276309,62,1.2877586243713896e-09,4,4,Internal
SBAC,WRB,0.5584155902114109,62,2.9190887388103087e-06,4,4,Internal
SBAC,WTW,0.4356171886906069,62,0.00044998039695176995,4,4,Internal
SBAC,XEL,0.6903430886638507,62,7.487626696737996e-10,4,4,Internal
SBAC,YUM,0.5005655585671852,62,3.986858191869862e-05,4,4,Internal
SBAC,ZBRA,-0.41543496242320355,62,0.0008704078525840752,4,1,External
SBUX,SYF,0.4425237942612673,62,0.0003556275635924808,1,1,Internal
SBUX,VMC,-0.5582690150701537,62,2.940341919791759e-06,1,5,External
SBUX,ZBRA,0.40158084357527407,62,0.001337782418159489,1,1,Internal
SCHW,SWK,-0.45429180573007527,62,0.00023539373632654146,2,1,External
SHW,TRGP,-0.42739452280077905,62,0.0005916659331429394,5,2,External
SHW,VMC,0.4119872166302528,62,0.0009703333166214976,5,5,Internal
SHW,WY,0.440901626845791,62,0.0003760051391487747,5,1,External
SLB,TRGP,0.4252474607996048,62,0.0006347873792120403,2,2,Internal
SLB,VLO,0.4030252652186899,62,0.0012802453496064108,2,1,External
SLB,XOM,0.7854442120731948,62,6.640388076925473e-14,2,2,Internal
SNA,UNH,0.5305696659126944,62,1.0909977791537145e-05,16,16,Internal
SO,SPGI,0.4752142520547764,62,0.00010882675660491868,4,4,Internal
SO,SRE,0.6149071227713985,62,1.3470007950995635e-07,4,4,Internal
SO,STZ,0.42684849920798135,62,0.0006023727505931472,4,5,External
SO,SWK,-0.45829354481567003,62,0.00020387635242950555,4,1,External
SO,SYF,-0.48398233183407857,62,7.758252441461073e-05,4,1,External
SO,SYY,0.5737703385081295,62,1.3387654304822056e-06,4,4,Internal
SO,T,0.7328781175103308,62,1.8848995601674708e-11,4,4,Internal
SO,TAP,0.4770300754978191,62,0.00010153709535850335,4,4,Internal
SO,TER,-0.5369239777417021,62,8.158839320672266e-06,4,1,External
SO,TMUS,0.4768738093477625,62,0.00010214630691549143,4,4,Internal
SO,TRV,0.6439449075020541,62,2.161295689995639e-08,4,4,Internal
SO,TSN,0.44350790201342555,62,0.0003437608274100085,4,4,Internal
SO,UDR,0.4505834621064265,62,0.00026851267517820045,4,4,Internal
SO,VICI,0.6157748826603706,62,1.278741886809637e-07,4,4,Internal
SO,VRSK,0.6524179097567687,62,1.221058518836833e-08,4,4,Internal
SO,VTR,0.6228985108800148,62,8.294059663078184e-08,4,4,Internal
SO,VZ,0.7609918710191999,62,1.0997040825631547e-12,4,4,Internal
SO,WEC,0.8829075789345154,62,4.96388601671577e-21,4,4,Internal
SO,WELL,0.7663257178364488,62,6.137603623892362e-13,4,4,Internal
SO,WM,0.7907081806412102,62,3.458677639138393e-14,4,4,Internal
SO,WMT,0.4508851597735493,62,0.0002656672020914027,4,4,Internal
SO,WRB,0.6759377166744275,62,2.2689075611921907e-09,4,4,Internal
SO,WTW,0.5063160044939011,62,3.139299878601475e-05,4,4,Internal
SO,XEL,0.8008058493230693,62,9.379530226320732e-15,4,4,Internal
SO,YUM,0.6216544157683883,62,8.95245465125935e-08,4,4,Internal
SO,ZBRA,-0.4873866315004199,62,6.78605207842001e-05,4,1,External
SPG,SWK,0.41128480479832086,62,0.0009919174772559287,1,1,Internal
SPG,SYF,0.42860489927282885,62,0.0005685446545453602,1,1,Internal
SPG,TFC,0.44583526545845925,62,0.00031711864202089735,1,1,Internal
SPG,TGT,0.4340848173212078,62,0.0004737796664677208,1,1,Internal
SPG,UNP,0.4460840329428453,62,0.00031438525408589434,1,1,Internal
SPG,UPS,0.546205944280115,62,5.279884450683995e-06,1,1,Internal
SPG,USB,0.43937999061174443,62,0.00039608036200437953,1,1,Internal
SPG,WY,0.4726424465678102,62,0.00011997615999995098,1,1,Internal
SPG,ZBRA,0.4127594443645182,62,0.000947093504564608,1,1,Internal
SPGI,SRE,0.4182723090796744,62,0.0007952511858612803,4,4,Internal
SPGI,TER,-0.4848037407756165,62,7.512595678705321e-05,4,1,External
SPGI,TMUS,0.40730960120708504,62,0.0011224364007981597,4,4,Internal
SPGI,TRV,0.575492141690179,62,1.2236733090549054e-06,4,4,Internal
SPGI,VLTO,0.42874852356987153,62,0.0005658561728612815,4,5,External
SPGI,VRSK,0.48315645949642766,62,8.012682661223599e-05,4,4,Internal
SPGI,VTR,0.46782936516102563,62,0.00014370515472953652,4,4,Internal
SPGI,VZ,0.4910021380973796,62,5.877426435431832e-05,4,4,Internal
SPGI,WEC,0.4088682863836388,62,0.0010695211606174919,4,4,Internal
SPGI,WELL,0.5064155248774295,62,3.126222945139794e-05,4,4,Internal
SPGI,WRB,0.523586834539261,62,1.4914045383758407e-05,4,4,Internal
SRE,T,0.4412116634023889,62,0.0003720301810174634,4,4,Internal
SRE,TER,-0.4262006429438516,62,0.0006153040320879164,4,1,External
SRE,TRV,0.6390650449719931,62,2.9791344081279964e-08,4,4,Internal
SRE,VICI,0.5398432779479303,62,7.125062133373712e-06,4,4,Internal
SRE,VRSK,0.46712103785568976,62,0.0001475397695769672,4,4,Internal
SRE,VTR,0.4822689052960151,62,8.294663239009443e-05,4,4,Internal
SRE,WEC,0.7035504988925505,62,2.558030919994668e-10,4,4,Internal
SRE,WELL,0.6312156945585741,62,4.933967186957391e-08,4,4,Internal
SRE,WM,0.5713587776102755,62,1.517088063339957e-06,4,4,Internal
SRE,WRB,0.5459889185476581,62,5.334677368301915e-06,4,4,Internal
SRE,WTW,0.4793936181256353,62,9.27208401070262e-05,4,4,Internal
SRE,XEL,0.5601908218844279,62,2.6728236502331514e-06,4,4,Internal
STE,WAT,0.4197958803786866,62,0.0007573625563121856,5,5,Internal
STE,ZTS,0.4521959280797406,62,0.0002536215193341387,5,5,Internal
STT,SYF,0.4421101608901806,62,0.00036072575543268114,1,1,Internal
STT,TEL,0.46432176619047427,62,0.0001636301109132435,1,1,Internal
STT,TFC,0.593508812485241,62,4.628692842577075e-07,1,1,Internal
STT,USB,0.6137694095173718,62,1.4417028012764533e-07,1,1,Internal
STT,WFC,0.6720143763437257,62,3.036176886459293e-09,1,1,Internal
STX,SYF,0.4208284128865758,62,0.0007326215631842636,1,1,Internal
STX,TEL,0.5262396069657017,62,1.3254685518818127e-05,1,1,Internal
STX,TT,0.4192277878509504,62,0.0007712948428640833,1,5,External
STX,WDC,0.8063126705227417,62,4.4595849552923034e-15,1,1,Internal
STX,XYL,0.41816265488557375,62,0.0007980430940001148,1,1,Internal
STZ,WEC,0.49781338115294366,62,4.463273992826749e-05,5,4,External
STZ,WMT,0.4314837613419519,62,0.0005168079618996783,5,4,External
STZ,XEL,0.42318719625904266,62,0.000678822724486168,5,4,External
SW,SWK,0.6841131489929366,62,1.2187679327053722e-09,1,1,Internal
SW,SYF,0.49867024248471,62,4.309589295708003e-05,1,1,Internal
SW,T,-0.42045525727118066,62,0.000741477247829784,1,4,External
SW,TGT,0.473740985561153,62,0.00011509128605924407,1,1,Internal
SW,TPR,0.5355764791786384,62,8.681670566865436e-06,1,1,Internal
SW,TROW,0.5316526215692025,62,1.0387154119785409e-05,1,1,Internal
SW,UNP,0.4705543560573239,62,0.00012978986950176762,1,1,Internal
SW,UPS,0.5499564325326713,62,4.412071853863663e-06,1,1,Internal
SW,WYNN,0.5287893305393935,62,1.1822954761504274e-05,1,1,Internal
SW,ZBRA,0.569627944370459,62,1.6585269176791603e-06,1,1,Internal
SWK,SYF,0.602517847767646,62,2.783133571845585e-07,1,1,Internal
SWK,T,-0.5469094194946602,62,5.105862540202637e-06,1,4,External
SWK,TECH,0.40824803698503875,62,0.0010903024089665495,1,5,External
SWK,TEL,0.4997415361303586,62,4.1243233075596954e-05,1,1,Internal
SWK,TFC,0.5023442800378992,62,3.7044437301788646e-05,1,1,Internal
SWK,TGT,0.6177828636659298,62,1.1330761474716693e-07,1,1,Internal
SWK,TPR,0.5101476411489623,62,2.670709186812306e-05,1,1,Internal
SWK,TROW,0.5786804286448137,62,1.034632705617285e-06,1,1,Internal
SWK,TXN,0.4150488093566362,62,0.0008811177391875227,1,1,Internal
SWK,UNP,0.5238637193846059,62,1.473223984245765e-05,1,1,Internal
SWK,UPS,0.7289329141331568,62,2.7298084733633185e-11,1,1,Internal
SWK,URI,0.4948800757837392,62,5.0285417394756355e-05,1,1,Internal
SWK,USB,0.5310594594362896,62,1.0670558767059204e-05,1,1,Internal
SWK,VRSK,-0.547820072041424,62,4.888528992862729e-06,1,4,External
SWK,VRSN,-0.4301572964859305,62,0.0005400903488567287,1,4,External
SWK,VZ,-0.4356075128846058,62,0.0004501271988480205,1,4,External
SWK,WEC,-0.436645941276702,62,0.0004346181317300159,1,4,External
SWK,WELL,-0.4002120759971958,62,0.0013944393962851958,1,4,External
SWK,WM,-0.5925232157343465,62,4.889006783278988e-07,1,4,External
SWK,WRB,-0.43137841179995284,62,0.0005186232061563295,1,4,External
SWK,WY,0.4278834250503076,62,0.0005822259293099171,1,1,Internal
SWK,WYNN,0.5982820123427498,62,3.5420150992675045e-07,1,1,Internal
SWK,XEL,-0.4974284060635633,62,4.533957098333797e-05,1,4,External
SWK,YUM,-0.4336531680978353,62,0.00048068703310072495,1,4,External
SWK,ZBRA,0.7601920828669112,62,1.198637705813352e-12,1,1,Internal
SWKS,TER,0.4668014961892318,62,0.00014930017087360224,1,1,Internal
SWKS,TGT,0.46840052275167976,62,0.00014067993613845828,1,1,Internal
SWKS,TRV,-0.4656855831388587,62,0.00015560006879895548,1,4,External
SWKS,WRB,-0.501601781420949,62,3.820004994193899e-05,1,4,External
SYF,T,-0.44215181030784156,62,0.00036020941288483397,1,4,External
SYF,TEL,0.6388163300811616,62,3.02780567463644e-08,1,1,Internal
SYF,TER,0.5137077627213915,62,2.29422068197217e-05,1,1,Internal
SYF,TFC,0.7400140608286676,62,9.485503349277178e-12,1,1,Internal
SYF,TGT,0.5001855965584389,62,4.049709373521196e-05,1,1,Internal
SYF,TPR,0.6915702453679621,62,6.792761998169497e-10,1,1,Internal
SYF,TRMB,0.5057376053805515,62,3.216308664221185e-05,1,1,Internal
SYF,TROW,0.46419890726254315,62,0.00016437182708047829,1,1,Internal
SYF,TXN,0.45000930117036186,62,0.0002740048941038392,1,1,Internal
SYF,UAL,0.4162959042127424,62,0.0008469518680139261,1,1,Internal
SYF,UNP,0.4035335112481361,62,0.0012605353874921513,1,1,Internal
SYF,UPS,0.5201763733979955,62,1.7331047643804314e-05,1,1,Internal
SYF,URI,0.4902788122453577,62,6.0496909467683073e-05,1,1,Internal
SYF,USB,0.6671992073604528,62,4.31532685039769e-09,1,1,Internal
SYF,V,-0.41071328538947693,62,0.0010097979302843036,1,4,External
SYF,VLO,0.5239811336578435,62,1.4655767595395795e-05,1,1,Internal
SYF,VRSK,-0.633945814207831,62,4.14654570187133e-08,1,4,External
SYF,VRSN,-0.4821856352321314,62,8.321581883059425e-05,1,4,External
SYF,VZ,-0.49942550816079545,62,4.178195949071739e-05,1,4,External
SYF,WDC,0.4935243807150662,62,5.311511040355509e-05,1,1,Internal
SYF,WELL,-0.4810353356628917,62,8.701759709354842e-05,1,4,External
SYF,WFC,0.6061884619080821,62,2.2519382766647308e-07,1,1,Internal
SYF,WM,-0.6268264545196218,62,6.502269998752382e-08,1,4,External
SYF,WRB,-0.45619815943671294,62,0.00021986246070719313,1,4,External
SYF,WYNN,0.5167271119315904,62,2.0141249900759675e-05,1,1,Internal
SYF,XEL,-0.45971868173432734,62,0.00019361915545602418,1,4,External
SYF,YUM,-0.5648444386059936,62,2.116276941517108e-06,1,4,External
SYF,ZBRA,0.699340715649478,62,3.6249914290022947e-10,1,1,Internal
SYK,YUM,0.45919149762692935,62,0.0001973571182838638,5,4,External
SYY,T,0.41187729136672446,62,0.0009736829582673642,4,4,Internal
SYY,TJX,0.4114542195388139,62,0.00098667234091428,4,5,External
SYY,TMUS,0.41715076347842567,62,0.0008242281077110166,4,4,Internal
SYY,TRV,0.5552063123886974,62,3.418902128446173e-06,4,4,Internal
SYY,TSCO,0.5117782523512744,62,2.4916820797179935e-05,4,5,External
SYY,TSN,0.5281146810648781,62,1.2187106191817152e-05,4,4,Internal
SYY,TYL,0.40858570246067033,62,0.0010789443667508659,4,5,External
SYY,UDR,0.4388758731573362,62,0.00040294334973493205,4,4,Internal
SYY,VICI,0.5339220283448356,62,9.366230436076492e-06,4,4,Internal
SYY,VLTO,0.43505222414306494,62,0.00045862537628535785,4,5,External
SYY,VRSK,0.4597645052512037,62,0.00019329732763068405,4,4,Internal
SYY,VTR,0.503462019630834,62,3.536563669220433e-05,4,4,Internal
SYY,VZ,0.5687835367565078,62,1.7319233300406286e-06,4,4,Internal
SYY,WEC,0.4752218629194704,62,0.00010879522396376895,4,4,Internal
SYY,WELL,0.4006260258546351,62,0.0013770817045639413,4,4,Internal
SYY,WM,0.5057313833067006,62,3.2171465003757966e-05,4,4,Internal
SYY,WRB,0.48389442554471573,62,7.784975907031503e-05,4,4,Internal
SYY,WTW,0.5041027998933408,62,3.4435227398298296e-05,4,4,Internal
SYY,XEL,0.5058755994850125,62,3.19777881845547e-05,4,4,Internal
SYY,YUM,0.4597290610965202,62,0.00019354621616399242,4,4,Internal
T,TMUS,0.6809920032300927,62,1.5487391069937795e-09,4,4,Internal
T,TRV,0.5125036904573675,62,2.4156654126675874e-05,4,4,Internal
T,TTWO,0.406217287296124,62,0.0011609118677627383,4,12,External
T,UDR,0.40741154648497435,62,0.0011189047569311757,4,4,Internal
T,UPS,-0.4078402408759564,62,0.001104162959778566,4,1,External
T,V,0.4559080315145845,62,0.0002221640508621384,4,4,Internal
T,VICI,0.41899210018031785,62,0.0007771427183175157,4,4,Internal
T,VRSK,0.5738194760217231,62,1.3353449103173538e-06,4,4,Internal
T,VTR,0.5191612833575289,62,1.8117759828988136e-05,4,4,Internal
T,VZ,0.8453979535533387,62,1.0382922711859159e-17,4,4,Internal
T,WEC,0.7356078012372244,62,1.4532381530160768e-11,4,4,Internal
T,WELL,0.6427548012925024,62,2.3384780146285717e-08,4,4,Internal
T,WM,0.6029104266101064,62,2.7211470883535977e-07,4,4,Internal
T,WMB,0.4454102478299309,62,0.0003218387982266092,4,4,Internal
T,WRB,0.5925624978028718,62,4.878373860055255e-07,4,4,Internal
T,WYNN,-0.44096801039749883,62,0.0003751508011257227,4,1,External
T,XEL,0.704405265684023,62,2.381462080148767e-10,4,4,Internal
T,YUM,0.6195551146610939,62,1.0176405472598888e-07,4,4,Internal
T,ZBRA,-0.5122676897402678,62,2.4401561716832654e-05,4,1,External
TAP,VZ,0.44839560531617567,62,0.0002899946256533817,4,4,Internal
TAP,WEC,0.47535364137820113,62,0.00010825058094015251,4,4,Internal
TAP,WM,0.40698091816181486,62,0.0011338912815194232,4,4,Internal
TAP,XEL,0.5306963255069853,62,1.0847590250472096e-05,4,4,Internal
TDG,VRTX,0.4137876763768611,62,0.0009169291114164372,2,5,External
TECH,TMO,0.8077327881832642,62,3.6673656478268194e-15,5,5,Internal
TECH,VTRS,0.4908880797168694,62,5.904286193033397e-05,5,5,Internal
TECH,WAT,0.7646487712503466,62,7.384896215556133e-13,5,5,Internal
TECH,WST,0.4027943642856132,62,0.001289290968746861,5,5,Internal
TEL,TER,0.44444203392886394,62,0.0003328316521756667,1,1,Internal
TEL,TFC,0.5422144297395102,62,6.376627137496963e-06,1,1,Internal
TEL,TPR,0.45302297728066737,62,0.0002462800244613202,1,1,Internal
TEL,TRMB,0.455324764666595,62,0.00022685791396940711,1,1,Internal
TEL,TXN,0.47295213874110714,62,0.00011858012791305587,1,1,Internal
TEL,TXT,0.4321556735394939,62,0.0005053655319503874,1,1,Internal
TEL,TYL,-0.4102536501529014,62,0.0010243882760798651,1,5,External
TEL,URI,0.47298214497279123,62,0.0001184456615021087,1,1,Internal
TEL,USB,0.5442453748517576,62,5.794505904364267e-06,1,1,Internal
TEL,VLO,0.41546011904722757,62,0.0008697142343659763,1,1,Internal
TEL,VRSK,-0.45090020617117016,62,0.0002655260148925923,1,4,External
TEL,WDC,0.5559937413004432,62,3.2893602748281135e-06,1,1,Internal
TEL,WFC,0.5238992607909101,62,1.4709052607229761e-05,1,1,Internal
TEL,WM,-0.45329380968177846,62,0.00024391845240001635,1,4,External
TEL,XYL,0.46224943025420306,62,0.00017656096203875576,1,1,Internal
TEL,ZBRA,0.5765153189404421,62,1.1597412487527446e-06,1,1,Internal
TER,TPR,0.40168547281045885,62,0.0013335378574510196,1,1,Internal
TER,TRV,-0.5320027859673756,62,1.0223152915458337e-05,1,4,External
TER,TXN,0.5671005197457357,62,1.8873679636951126e-06,1,1,Internal
TER,VRSK,-0.4880084183550317,62,6.62110405602095e-05,1,4,External
TER,VRSN,-0.47861470973711306,62,9.554525693506735e-05,1,4,External
TER,WEC,-0.4459411020379161,62,0.00031595310164648686,1,4,External
TER,WELL,-0.4976765031129196,62,4.488287943473133e-05,1,4,External
TER,WM,-0.5375054035279206,62,7.942426872351963e-06,1,4,External
TER,WRB,-0.5302451470794365,62,1.1071348760892178e-05,1,4,External
TER,WTW,-0.5111506936393013,62,2.5592238082966555e-05,1,4,External
TER,XEL,-0.4606138607853705,62,0.00018742008418875616,1,4,External
TFC,TPR,0.4510903608174328,62,0.00026374760178869987,1,1,Internal
TFC,UNP,0.41147741377888425,62,0.0009859561897286337,1,1,Internal
TFC,UPS,0.4080167849929838,62,0.0010981430502360128,1,1,Internal
TFC,URI,0.40913965077718495,62,0.0010605419541213478,1,1,Internal
TFC,USB,0.7817536357710235,62,1.0378275851014842e-13,1,1,Internal
TFC,VLO,0.46143118183056475,62,0.0001819194179190904,1,1,Internal
TFC,VRSK,-0.4443735092054752,62,0.00033362248317445894,1,4,External
TFC,WFC,0.7526132719488139,62,2.6677893270349337e-12,1,1,Internal
TFC,WM,-0.53868988192489,62,7.517985102368337e-06,1,4,External
TFC,ZBRA,0.6187105788723084,62,1.0711930363962284e-07,1,1,Internal
TGT,TPR,0.4961898333670377,62,4.7684392965616874e-05,1,1,Internal
TGT,TROW,0.5129890895786865,62,2.3660078977536517e-05,1,1,Internal
TGT,UAL,0.4074142040214756,62,0.0011188128270930963,1,1,Internal
TGT,UPS,0.6956755681460602,62,4.886742722049439e-10,1,1,Internal
TGT,USB,0.49635235246786014,62,4.737046138798859e-05,1,1,Internal
TGT,VTRS,0.43119711098795843,62,0.0005217606995427109,1,5,External
TGT,WAT,0.43028830074687124,62,0.0005377492951274029,1,5,External
TGT,WRB,-0.40302537643667385,62,0.0012802410063906362,1,4,External
TGT,ZBRA,0.5928508595366871,62,4.80098197577543e-07,1,1,Internal
TJX,TRV,0.4299908244876484,62,0.0005430785558803174,5,4,External
TJX,UHS,0.4395984837431664,62,0.0003931390083955261,5,4,External
TMO,VTRS,0.43049884311181197,62,0.0005340061784528595,5,5,Internal
TMO,WAT,0.7737177970226541,62,2.665129794267382e-13,5,5,Internal
TMO,WST,0.5068075637214955,62,3.07519810124683e-05,5,5,Internal
TMUS,TRV,0.4328632337034719,62,0.0004935651423291032,4,4,Internal
TMUS,VRSK,0.47403892814784754,62,0.00011379828955791459,4,4,Internal
TMUS,VZ,0.6951994504567373,62,5.07842055380197e-10,4,4,Internal
TMUS,WEC,0.49228308892612954,62,5.5834165013362384e-05,4,4,Internal
TMUS,WELL,0.4487544170183872,62,0.0002863673841152543,4,4,Internal
TMUS,WRB,0.49198195555521224,62,5.651287483166987e-05,4,4,Internal
TMUS,WTW,0.40202350527041475,62,0.0013199072712241867,4,4,Internal
TMUS,XEL,0.523893307103304,62,1.4712934432061925e-05,4,4,Internal
TMUS,YUM,0.48406048895307874,62,7.734563685294614e-05,4,4,Internal
TPL,TRGP,0.5717706021980122,62,1.485140027397194e-06,2,2,Internal
TPL,ULTA,-0.4145421500446014,62,0.0008953503100619847,2,5,External
TPL,WMB,0.4378035920967783,62,0.00041790243103681,2,4,External
TPL,XOM,0.41834995652259144,62,0.0007932795455775927,2,2,Internal
TPR,TRMB,0.4635880228692602,62,0.0001681057744934163,1,1,Internal
TPR,TROW,0.4507043727161611,62,0.00026736897758160874,1,1,Internal
TPR,UPS,0.426039125946877,62,0.0006185668668253967,1,1,Internal
TPR,VZ,-0.41250968566979335,62,0.0009545543225831679,1,4,External
TPR,WYNN,0.5282788654956276,62,1.2097537969702919e-05,1,1,Internal
TPR,YUM,-0.520054595293398,62,1.7423725323930965e-05,1,4,External
TPR,ZBRA,0.5976134618502423,62,3.6782430482073534e-07,1,1,Internal
TRGP,VLO,0.490093434197153,62,6.094583237287976e-05,2,1,External
TRGP,VMC,-0.4091397121381582,62,0.001060539931447156,2,5,External
TRGP,WMB,0.4641877584756542,62,0.00016443928607783026,2,4,External
TRGP,XOM,0.5775325920782566,62,1.0992912081460735e-06,2,2,Internal
TRMB,TROW,0.43958606700957403,62,0.0003933056281447483,1,1,Internal
TRMB,USB,0.44602633549730136,62,0.0003150172970235415,1,1,Internal
TRMB,ZBRA,0.5245214260980299,62,1.4308601209025871e-05,1,1,Internal
TROW,UPS,0.5468632679007862,62,5.117113279750854e-06,1,1,Internal
TROW,URI,0.4520705499218412,62,0.000254751753732693,1,1,Internal
TROW,USB,0.4426091539434875,62,0.00035458367765888826,1,1,Internal
TROW,VRSN,-0.40951284838920526,62,0.0010483041339629563,1,4,External
TROW,WY,0.42196476889037,62,0.0007062399534843638,1,1,Internal
TROW,WYNN,0.47496195201899183,62,0.00010987682902669015,1,1,Internal
TROW,YUM,-0.4354866291430465,62,0.0004519649272941341,1,4,External
TROW,ZBRA,0.46537904020526727,62,0.00015737282616302533,1,1,Internal
TRV,TSN,0.42361307485931093,62,0.0006694996724395492,4,4,Internal
TRV,UDR,0.45875780739706523,62,0.0002004815545302315,4,4,Internal
TRV,UHS,0.4808449260524489,62,8.76621102062308e-05,4,4,Internal
TRV,VICI,0.48040051762037256,62,8.918350515763641e-05,4,4,Internal
TRV,VRSK,0.6545941120065586,62,1.0514458086862297e-08,4,4,Internal
TRV,VTR,0.5858326124730718,62,7.054394655425912e-07,4,4,Internal
TRV,VZ,0.5561757299621288,62,3.2600802741154342e-06,4,4,Internal
TRV,WEC,0.6839729881066579,62,1.2320301270044242e-09,4,4,Internal
TRV,WELL,0.6827790809200892,62,1.3506853831340865e-09,4,4,Internal
TRV,WM,0.6130508414241883,62,1.504709400995338e-07,4,4,Internal
TRV,WRB,0.849539400737365,62,4.956028627010113e-18,4,4,Internal
TRV,WTW,0.6846048071859195,62,1.1733097352852527e-09,4,4,Internal
TRV,XEL,0.6258103238151064,62,6.927079266074836e-08,4,4,Internal
TRV,YUM,0.4765155060785113,62,0.00010355587692092207,4,4,Internal
TSCO,TYL,0.46026749465224875,62,0.00018979677381894642,5,5,Internal
TSCO,VTR,0.40161962428619347,62,0.001336207762365563,5,4,External
TSCO,WST,0.44848555395599554,62,0.0002890814151957409,5,5,Internal
TSN,VZ,0.4877103807305595,62,6.699700933620116e-05,4,4,Internal
TSN,WEC,0.41485621868119266,62,0.0008865035571126229,4,4,Internal
TSN,WRB,0.4536593412820413,62,0.00024076393839010186,4,4,Internal
TSN,WTW,0.5065290625220508,62,3.1113657195335294e-05,4,4,Internal
TSN,YUM,0.46582534497450795,62,0.00015479790917743755,4,4,Internal
TSN,ZBH,0.6645776444044394,62,5.211615965110944e-09,4,5,External
TT,VMC,0.6064770797936463,62,2.214497082873884e-07,5,5,Internal
TTWO,UPS,-0.4373586349632112,62,0.0004242568580438631,12,1,External
TTWO,XYZ,0.48218746344736363,62,8.320990015126136e-05,12,12,Internal
TXN,WTW,-0.44985620471749177,62,0.00027548657736936485,1,4,External
TXT,UNP,0.466474563179354,62,0.00015112120835670767,1,1,Internal
TXT,VLO,0.4693309676770779,62,0.00013587656655770193,1,1,Internal
TXT,VTRS,0.4574587358692392,62,0.00021011328649352362,1,5,External
TXT,XYL,0.4934887689351583,62,5.3191384441101965e-05,1,1,Internal
TXT,ZBRA,0.40278871719235365,62,0.0012895129135201857,1,1,Internal
TYL,URI,-0.45406583762881403,62,0.00023729971302662663,5,1,External
TYL,V,0.45291074614004945,62,0.00024726475148421543,5,4,External
TYL,WTW,0.5758879986879011,62,1.1985567919766384e-06,5,4,External
UAL,YUM,-0.49140716678102364,62,5.7829537515137026e-05,1,4,External
UDR,VICI,0.484262667800422,62,7.673593663776854e-05,4,4,Internal
UDR,WEC,0.4101333621685172,62,0.0010282378598368415,4,4,Internal
UDR,WELL,0.4693491976484591,62,0.000135783976930964,4,4,Internal
UDR,WM,0.4737048865071199,62,0.00011524886018884327,4,4,Internal
UDR,WTW,0.461123921638819,62,0.00018396973401481453,4,4,Internal
UDR,WY,0.42315361620475545,62,0.0006795628132482939,4,1,External
UDR,XEL,0.4436541516798088,62,0.000342028422588061,4,4,Internal
UHS,WRB,0.5096732445417392,62,2.724988258882227e-05,4,4,Internal
UHS,YUM,0.4085691370412198,62,0.0010794990807724198,4,4,Internal
UNP,UPS,0.5658819212509996,62,2.0079631599226924e-06,1,1,Internal
UNP,USB,0.4264417531983107,62,0.0006104623374276596,1,1,Internal
UNP,WY,0.43569952401356676,62,0.00044873296037738794,1,1,Internal
UNP,ZBRA,0.49702694390453506,62,4.608767467372409e-05,1,1,Internal
UPS,USB,0.5010748072070315,62,3.904034636093704e-05,1,1,Internal
UPS,VRSK,-0.44136504990905745,62,0.0003700778045778851,1,4,External
UPS,WY,0.4016303784408659,62,0.0013357713947181543,1,1,Internal
UPS,WYNN,0.5037481990584269,62,3.4947269559122e-05,1,1,Internal
UPS,ZBRA,0.602111091855929,62,2.848757605663588e-07,1,1,Internal
URI,WTW,-0.4632105260777476,62,0.0001704518576877558,1,4,External
URI,ZBRA,0.4083870095001205,62,0.0010856148163555148,1,1,Internal
USB,VLO,0.4417016699448107,62,0.00036582580938718847,1,1,Internal
USB,WFC,0.6359818926425076,62,3.6382292274127266e-08,1,1,Internal
USB,WM,-0.45593829658834695,62,0.0002219229324359358,1,4,External
USB,ZBRA,0.6067586962441204,62,2.1785293285870202e-07,1,1,Internal
V,VRSK,0.5379071893110037,62,7.796013895398746e-06,4,4,Internal
V,VZ,0.5068807225652168,62,3.065762056583189e-05,4,4,Internal
V,WEC,0.47149827445636566,62,0.00012526577955534413,4,4,Internal
V,WM,0.4339869566149339,62,0.00047533770594536347,4,4,Internal
V,WRB,0.4532981990654538,62,0.00024388034934456803,4,4,Internal
V,WTW,0.4304552744492086,62,0.000534778815629694,4,4,Internal
V,XEL,0.453993004146077,62,0.0002379170417396637,4,4,Internal
V,ZBRA,-0.41066973436781073,62,0.0010111723035144257,4,1,External
VICI,VRSK,0.44214219525007104,62,0.00036032855435229257,4,4,Internal
VICI,VTR,0.5377847942009306,62,7.840347002954075e-06,4,4,Internal
VICI,VZ,0.47634081010060475,62,0.00010424959750553788,4,4,Internal
VICI,WEC,0.6011755338310765,62,3.005259651203463e-07,4,4,Internal
VICI,WELL,0.5450507070037637,62,5.577705857410516e-06,4,4,Internal
VICI,WM,0.5094842866528649,62,2.7468913609285242e-05,4,4,Internal
VICI,WRB,0.4157846843616894,62,0.0008608099811412432,4,4,Internal
VICI,WTW,0.408038118661411,62,0.0010974176075185561,4,4,Internal
VICI,XEL,0.5869914794420826,62,6.624206115529896e-07,4,4,Internal
VLO,WDC,0.427090767306993,62,0.0005976006950475179,1,1,Internal
VLO,XOM,0.5238860800767128,62,1.4717647756613511e-05,1,2,External
VLO,ZBRA,0.484077266314727,62,7.729487301568185e-05,1,1,Internal
VLTO,VMC,0.46846217603519397,62,0.0001403568986408157,5,5,Internal
VLTO,VTR,0.4486873180479424,62,0.0002870425267430037,5,4,External
VLTO,XYL,0.4686930359438967,62,0.00013915332429074428,5,1,External
VMC,WM,0.4202201732066274,62,0.0007471058399260818,5,4,External
VRSK,VRSN,0.4103411477405716,62,0.0010215962534977521,4,4,Internal
VRSK,VTR,0.54142521460631,62,6.617192979091113e-06,4,4,Internal
VRSK,VZ,0.6008955673572559,62,3.053642142105793e-07,4,4,Internal
VRSK,WEC,0.57555884200678,62,1.2194070239665102e-06,4,4,Internal
VRSK,WELL,0.6407157952443219,62,2.674348499700842e-08,4,4,Internal
VRSK,WM,0.7287531815808872,62,2.775832213025295e-11,4,4,Internal
VRSK,WRB,0.6351994822311173,62,3.826172037165084e-08,4,4,Internal
VRSK,WTW,0.5392192135367176,62,7.3352195717825784e-06,4,4,Internal
VRSK,WYNN,-0.45431696085414724,62,0.0002351824277695476,4,1,External
VRSK,XEL,0.649635763450036,62,1.4757521685926281e-08,4,4,Internal
VRSK,YUM,0.5650254303635524,62,2.0969961377800376e-06,4,4,Internal
VRSK,ZBRA,-0.5400888162973703,62,7.043923710800588e-06,4,1,External
VRSN,WM,0.43717802350010126,62,0.0004268611479767467,4,4,Internal
VRSN,YUM,0.409637262582828,62,0.0010442527464460468,4,4,Internal
VRSN,ZBRA,-0.4043594933124476,62,0.0012290850710319574,4,1,External
VTR,VZ,0.6207966537468513,62,9.434759798745357e-08,4,4,Internal
VTR,WEC,0.5679323510906353,62,1.8089769239750573e-06,4,4,Internal
VTR,WELL,0.7614517464760433,62,1.0464008855959845e-12,4,4,Internal
VTR,WM,0.5799092610195232,62,9.69372068493856e-07,4,4,Internal
VTR,WRB,0.532221404555789,62,1.0121986424916311e-05,4,4,Internal
VTR,WTW,0.48902887886016794,62,6.35838508846806e-05,4,4,Internal
VTR,XEL,0.575142121649205,62,1.246291445435965e-06,4,4,Internal
VTR,YUM,0.5910395910781238,62,5.306906497777344e-07,4,4,Internal
VTRS,WAT,0.5917169443946463,62,5.112116718926145e-07,5,5,Internal
VTRS,ZTS,0.5224636432777383,62,1.5673122995104543e-05,5,5,Internal
VZ,WEC,0.7452557324856892,62,5.646279184760213e-12,4,4,Internal
VZ,WELL,0.6695899833082969,62,3.627058237875271e-09,4,4,Internal
VZ,WM,0.6506970808166507,62,1.3731767017389223e-08,4,4,Internal
VZ,WRB,0.6054819831833328,62,2.3461154669780904e-07,4,4,Internal
VZ,WTW,0.4846065782431221,62,7.570898219351008e-05,4,4,Internal
VZ,XEL,0.7062386918580151,62,2.0410140186196268e-10,4,4,Internal
VZ,YUM,0.6397396774525075,62,2.850808905113135e-08,4,4,Internal
VZ,ZBRA,-0.5171742408802134,62,1.9754519942093213e-05,4,1,External
WAT,WST,0.4154633606627814,62,0.0008696248928869718,5,5,Internal
WAT,ZTS,0.5185468997753359,62,1.8609881038137348e-05,5,5,Internal
WDC,WFC,0.47870906844467725,62,9.519893805765389e-05,1,1,Internal
WEC,WELL,0.7403373385071192,62,9.190114579319e-12,4,4,Internal
WEC,WM,0.7402910295936905,62,9.231883540214668e-12,4,4,Internal
WEC,WMT,0.43168147602446755,62,0.000513416766914877,4,4,Internal
WEC,WRB,0.7407685553073673,62,8.809728162269298e-12,4,4,Internal
WEC,WTW,0.5613537173847807,62,2.5221800379989594e-06,4,4,Internal
WEC,XEL,0.782980550803068,62,8.955119243772717e-14,4,4,Internal
WEC,YUM,0.46644179995849416,62,0.00015130481979737517,4,4,Internal
WEC,ZBRA,-0.4350462199651503,62,0.0004587180561994838,4,1,External
WELL,WM,0.7435468532468315,62,6.695909104216414e-12,4,4,Internal
WELL,WMB,0.44118571325949746,62,0.00037236141281967366,4,4,Internal
WELL,WRB,0.6379643867738877,62,3.2002776895710224e-08,4,4,Internal
WELL,WTW,0.5574030400910593,62,3.0688863616646692e-06,4,4,Internal
WELL,WYNN,-0.42482365199504396,62,0.0006436283315793334,4,1,External
WELL,XEL,0.6949819432569841,62,5.168342846330454e-10,4,4,Internal
WELL,YUM,0.5787645628820611,62,1.0300363897202222e-06,4,4,Internal
WELL,ZBRA,-0.44997621452361686,62,0.0002743244924847894,4,1,External
WFC,WM,-0.42539828782488226,62,0.000631667666248365,1,4,External
WFC,ZBRA,0.43551031474682067,62,0.00045160431186845644,1,1,Internal
WM,WMT,0.5402682893991271,62,6.9851619597723266e-06,4,4,Internal
WM,WRB,0.5809549039486801,62,9.168996270700272e-07,4,4,Internal
WM,WTW,0.5968497748691391,62,3.8398767990386815e-07,4,4,Internal
WM,WYNN,-0.43446481966636735,62,0.00046777354571444737,4,1,External
WM,XEL,0.6666608613894947,62,4.486531923009697e-09,4,4,Internal
WM,YUM,0.5254636225290135,62,1.3721402477668373e-05,4,4,Internal
WM,ZBRA,-0.6489158593813967,62,1.549409913515757e-08,4,1,External
WMB,WRB,0.442263176430525,62,0.0003588320724814021,4,4,Internal
WMB,XEL,0.44955640938881086,62,0.0002784092310269722,4,4,Internal
WRB,WTW,0.6710899650150839,62,3.249811965270955e-09,4,4,Internal
WRB,XEL,0.6644327165542244,62,5.265985054333391e-09,4,4,Internal
WRB,YUM,0.5164681707727594,62,2.0368411194971307e-05,4,4,Internal
WRB,ZBRA,-0.4384935323821934,62,0.0004082204477533884,4,1,External
WST,ZTS,0.4264788753464312,62,0.0006097199692956379,5,5,Internal
WTW,XEL,0.5855944719825983,62,7.145982449870636e-07,4,4,Internal
WYNN,ZBRA,0.5105980138840922,62,2.6201070378550083e-05,1,1,Internal
XEL,YUM,0.5520343128254591,62,3.990529752403083e-06,4,4,Internal
XEL,ZBRA,-0.5247350663777228,62,1.4173445504836282e-05,4,1,External
XYL,ZBRA,0.4450389886997354,62,0.00032601424023328564,1,1,Internal
YUM,ZBRA,-0.4947743568017623,62,5.050097382334969e-05,4,1,External
