source,target,weight
A,BBY,-0.49845848661014097
A,CRM,0.4614768097520673
A,DHR,0.4872806331300833
A,HPQ,-0.4549230592631305
A,HRL,0.5960000468092647
A,MTD,0.5187953297406542
A,NOW,0.4330547489053894
A,TMO,0.4966921945931754
A,WAT,0.7394925416507577
ABBV,AON,0.5559710706761546
ABBV,ATO,0.4491572440021962
ABBV,BRK-B,0.40444176207095334
ABBV,CHD,0.45398737926324284
ABBV,CINF,0.5422941405518562
ABBV,GOOG,-0.41699058530861444
ABBV,GOOGL,-0.4245913488845557
ABBV,LULU,0.43307039083066245
ABBV,MMC,0.4877869477715044
ABBV,PG,0.4717817642016864
ABBV,RMD,-0.4004025851312954
ABBV,SJM,0.49050501674910374
ABBV,SO,0.42417743364298
ABBV,XOM,0.4237059539731362
ABT,ADP,0.4767430457847933
ABT,BDX,0.4033734542049733
ABT,GILD,0.48352899471978195
ABT,JBHT,0.4014594262271942
ABT,JNJ,0.40680514498513576
ABT,TRV,0.43362162141900457
ACGL,AFL,0.5723993464438961
ACGL,AIG,0.5886779430692408
ACGL,AIZ,0.4439459465277649
ACGL,AJG,0.6284831092910235
ACGL,ALL,0.6649485311034963
ACGL,AMP,0.5102399667302575
ACGL,AON,0.415785430214823
ACGL,BRK-B,0.45870074777488345
ACGL,BRO,0.526413899768967
ACGL,CB,0.5533593538487817
ACGL,CINF,0.6762050529155098
ACGL,EG,0.6557539001800183
ACGL,GWW,0.42342114610288606
ACGL,HIG,0.7028394354271226
ACGL,JPM,0.4352361143935192
ACGL,L,0.6200868781486102
ACGL,LDOS,0.4959402200085392
ACGL,MET,0.5555920611066498
ACGL,MMC,0.5650571744391945
ACGL,PFG,0.5252624898223388
ACGL,PGR,0.5565058127820881
ACGL,PRU,0.5550287367853882
ACGL,TRV,0.5086469033489174
ACGL,TT,0.4172411859882014
ACGL,WRB,0.5883639640764032
ACGL,WTW,0.5354030206199409
ACN,CMG,-0.46824002152669214
ACN,CTSH,0.6255415917185829
ACN,GILD,0.6458308896800358
ACN,JBL,-0.5073152604488086
ACN,MLM,-0.4266563995367167
ACN,VMC,-0.47974072269634643
ADBE,CRM,0.42631501734005084
ADBE,EBAY,-0.41971386640500563
ADBE,MO,-0.48095401772257546
ADBE,NOW,0.5323520586215145
ADBE,PH,-0.46853293036483196
ADI,CDW,0.41853137863886547
ADI,MCHP,0.7319920739659169
ADI,MRNA,0.4765708050668903
ADI,NXPI,0.5621537360103412
ADI,ON,0.6197338159499315
ADI,TER,0.4429335371482202
ADI,TGT,-0.426080498995056
ADI,TXN,0.644196097343328
ADM,AEE,0.44592137009817034
ADM,AEP,0.47874550720687586
ADM,AIG,0.4040840176557659
ADM,AJG,0.43727501941255403
ADM,ALL,0.44368073818637016
ADM,AMAT,-0.44407915553749416
ADM,ATO,0.42911054509246915
ADM,AWK,0.4540224188238992
ADM,BA,0.449742590022996
ADM,BF-B,0.4376093150899119
ADM,BG,0.6856892514659072
ADM,BRK-B,0.47995267935335106
ADM,CAG,0.4909557468267547
ADM,CB,0.46213187072455186
ADM,CDNS,-0.45200270706652035
ADM,CI,0.43017235966363565
ADM,CMS,0.455837898222795
ADM,COP,0.4307571459705517
ADM,CTRA,0.4148241895605763
ADM,CVX,0.5453971521155513
ADM,DTE,0.44724480849074505
ADM,ED,0.42664978146889126
ADM,EG,0.5320132880458951
ADM,ELV,0.5066246964493326
ADM,EOG,0.42267028715685895
ADM,ETR,0.5000598408133613
ADM,EVRG,0.46095889534938234
ADM,EXC,0.4083145009683664
ADM,FE,0.43122947755483537
ADM,GIS,0.4888734994423311
ADM,GPC,0.41674181162178814
ADM,HAL,0.4618816895144075
ADM,HIG,0.4434848180125114
ADM,IFF,0.4048112721057346
ADM,ITW,0.6142915688809603
ADM,K,0.4038729243539273
ADM,KHC,0.4020815982742182
ADM,KLAC,-0.4369405652543869
ADM,KMI,0.45185975806947243
ADM,KO,0.4496232621576954
ADM,KVUE,0.5755733455320111
ADM,L,0.50826249252174
ADM,LMT,0.5308169749886407
ADM,LNT,0.409639043032646
ADM,LYB,0.4249016493269403
ADM,MET,0.4385032388015265
ADM,MGM,0.4285363610441201
ADM,MMC,0.47780404910613644
ADM,MO,0.41772057179877004
ADM,MPC,0.42407540561999413
ADM,NI,0.4493723273066563
ADM,NVDA,-0.4710878505318003
ADM,OKE,0.40908581895984164
ADM,PFG,0.41300998807353817
ADM,PNW,0.4020039742191823
ADM,PRU,0.4639835193403776
ADM,PSX,0.4041059061781762
ADM,SJM,0.4167586063369414
ADM,SNPS,-0.45537941357689266
ADM,SO,0.49345630338487534
ADM,SRE,0.4629823587048519
ADM,STZ,0.5169333902895873
ADM,TAP,0.6438303855544993
ADM,TGT,0.4551665318913762
ADM,VRSN,0.4721174620095941
ADM,WDC,-0.5182408142498017
ADM,WM,0.41603278826052087
ADM,WMB,0.4741114912245689
ADM,WMT,0.4821484606700202
ADM,WTW,0.4593934265675582
ADM,XEL,0.4908983237591445
ADM,XOM,0.4265402784473726
ADP,AJG,0.5713667984564493
ADP,AME,0.42676082369588164
ADP,AON,0.41394025960404063
ADP,BR,0.4689562568286049
ADP,BRK-B,0.43248044938095237
ADP,BRO,0.5640742336779787
ADP,CINF,0.4354594844757801
ADP,CTAS,0.5066656001527651
ADP,GIS,0.5120217408022754
ADP,HON,0.44141627626254865
ADP,IEX,0.4045941205274733
ADP,JKHY,0.43240421311772514
ADP,JNJ,0.5385841945656993
ADP,L,0.43903117806808073
ADP,LIN,0.45258371296270355
ADP,MET,0.40986890033376855
ADP,MMC,0.5622569804583886
ADP,NVDA,-0.4133731979358712
ADP,OMC,0.48320509252740385
ADP,PAYX,0.8072810052603485
ADP,PEP,0.4040864285328446
ADP,PRU,0.4204278217678403
ADP,ROP,0.49640578970820853
ADP,VRSK,0.5745058182989128
ADSK,ORCL,0.4334053856621235
AEE,AEP,0.8212628717171186
AEE,AJG,0.4709790528322994
AEE,AMAT,-0.48995538257439203
AEE,AMT,0.6158996298191308
AEE,ARE,0.5805345337544315
AEE,ATO,0.7641088808345655
AEE,AVB,0.5983379180124907
AEE,AWK,0.6670483179261951
AEE,BAC,0.5467554800446377
AEE,BDX,0.4459083398805246
AEE,BEN,0.42012067349989485
AEE,BK,0.5433089632521868
AEE,BLK,0.4925799635340301
AEE,BRK-B,0.48647207974803586
AEE,BXP,0.52844227667673
AEE,CCI,0.5944605517091064
AEE,CDNS,-0.4177216692054689
AEE,CFG,0.4761211803811077
AEE,CMS,0.811755477171945
AEE,CNP,0.7973996810480771
AEE,CPB,0.4041560200797229
AEE,CPT,0.4025780774714423
AEE,CVX,0.4621038957696178
AEE,D,0.7353674916937141
AEE,DOC,0.6094377633119554
AEE,DTE,0.8532242831289588
AEE,DUK,0.7495599540683657
AEE,ED,0.7600718126555635
AEE,EIX,0.7533143120739748
AEE,ELV,0.4119199831530666
AEE,EQR,0.6319361435170273
AEE,ES,0.7156139656005455
AEE,ESS,0.46953209455112976
AEE,ETR,0.7692515237215971
AEE,EVRG,0.829985805011733
AEE,EXC,0.8340058797631072
AEE,EXR,0.4436626050951588
AEE,F,0.4314694377759015
AEE,FE,0.7962060381290994
AEE,FITB,0.4510526411960353
AEE,FRT,0.6510489670368381
AEE,GIS,0.4274911139666295
AEE,HBAN,0.43426806941185925
AEE,HON,0.45634242765124167
AEE,INVH,0.623245335788463
AEE,IRM,0.5041757451498833
AEE,ITW,0.4530344439752363
AEE,IVZ,0.4082953505521572
AEE,JNJ,0.4559616698069797
AEE,KEY,0.5444649701396548
AEE,KIM,0.613301841218001
AEE,KLAC,-0.4381644949254953
AEE,KMI,0.595086385091498
AEE,KO,0.5071818180779492
AEE,KVUE,0.48287783341612756
AEE,L,0.4264271210517349
AEE,LMT,0.4012868737017394
AEE,LNT,0.867660076327854
AEE,LRCX,-0.4608135811099891
AEE,MAA,0.5266132844409884
AEE,MCD,0.5025107076809952
AEE,MDLZ,0.44889976957465677
AEE,MET,0.40340749493181693
AEE,MGM,0.418132722492842
AEE,MKC,0.44187464426781375
AEE,MMC,0.4337522274215217
AEE,MO,0.5366162037527109
AEE,MSFT,-0.41390560761133577
AEE,MTB,0.4497728008056854
AEE,MU,-0.5002866826448008
AEE,NEE,0.5053234283858511
AEE,NI,0.7567829090138164
AEE,NOC,0.4077694502861042
AEE,NVDA,-0.5969829840001287
AEE,O,0.6768290761938414
AEE,OKE,0.496305246944689
AEE,PCG,0.6071244927787828
AEE,PEG,0.6563102014742145
AEE,PFG,0.46931170541203854
AEE,PG,0.4201973914345305
AEE,PM,0.49926993193327873
AEE,PNC,0.5393877501877935
AEE,PNW,0.7140284332919455
AEE,PPG,0.447409521903228
AEE,PPL,0.7957224375116027
AEE,PSA,0.6082413850208466
AEE,REG,0.6568625256024073
AEE,RF,0.5121290336545181
AEE,SBAC,0.5828456489491952
AEE,SHW,0.45742363727426716
AEE,SJM,0.4483526416383027
AEE,SNPS,-0.5037510597232645
AEE,SO,0.8007623678239721
AEE,SPG,0.49284221376350146
AEE,SRE,0.7682747175762205
AEE,UDR,0.5051281213010571
AEE,VICI,0.6931763011131852
AEE,VTR,0.5855941466486977
AEE,WBD,0.41284347161989926
AEE,WDC,-0.46966434107849636
AEE,WEC,0.8205912058703874
AEE,WELL,0.601037504951012
AEE,WFC,0.4888787504867474
AEE,WMB,0.5721484980304536
AEE,WY,0.5745341123963325
AEE,XEL,0.7304992297762432
AEE,XOM,0.45725972349093424
AEP,AJG,0.5725886587387704
AEP,AMAT,-0.5430600067993725
AEP,AMCR,0.516908949674605
AEP,AMT,0.6290798722512793
AEP,AON,0.46011440054730673
AEP,ARE,0.5702163298683632
AEP,ATO,0.7417815065908636
AEP,AVB,0.5135063354688482
AEP,AWK,0.7767517160807494
AEP,BAC,0.5508659797370224
AEP,BK,0.49747242392488494
AEP,BRK-B,0.5223326777773101
AEP,BRO,0.4531499322639686
AEP,BXP,0.42636611939127556
AEP,CCI,0.6099191972369945
AEP,CDNS,-0.4393158772192428
AEP,CFG,0.45646955143972623
AEP,CINF,0.42356995478306897
AEP,CMS,0.8281955706421802
AEP,CNP,0.7618652486331351
AEP,COO,0.40062746029224916
AEP,D,0.7592859653916605
AEP,DOC,0.49833384930277813
AEP,DTE,0.8610963824753957
AEP,DUK,0.8684152985618683
AEP,ED,0.7849129738996289
AEP,EIX,0.7659183903060783
AEP,EQR,0.49031819994384535
AEP,ES,0.7989561457550686
AEP,ETR,0.8000909535569221
AEP,EVRG,0.8529965656394204
AEP,EXC,0.7096807780925654
AEP,EXR,0.46478892705563946
AEP,FE,0.8070296318354959
AEP,FITB,0.4883856390174132
AEP,FRT,0.567306590246023
AEP,HBAN,0.4388989439174359
AEP,HON,0.5409166900955148
AEP,HPE,-0.43943931325068014
AEP,HSY,0.4532169461155728
AEP,INVH,0.5204981481111731
AEP,ITW,0.4441142415080774
AEP,JKHY,0.4074498975574891
AEP,JNJ,0.5688521286427595
AEP,KEY,0.4851055090005477
AEP,KIM,0.5091592979449621
AEP,KLAC,-0.5432659870585015
AEP,KMI,0.5270903885401106
AEP,KO,0.5962401125855804
AEP,KVUE,0.42561529744258236
AEP,L,0.48321006383965265
AEP,LNT,0.8115133630369802
AEP,LOW,0.4297069004338278
AEP,LRCX,-0.5263986103971765
AEP,MAA,0.4440600140018767
AEP,MCD,0.533125328841801
AEP,MDLZ,0.4528280948836074
AEP,MET,0.49502973918719323
AEP,MMC,0.5382345430151676
AEP,MO,0.4852426556363325
AEP,MU,-0.545982528109017
AEP,NEE,0.5471604784054481
AEP,NI,0.7133304987707916
AEP,NOC,0.48642263238953265
AEP,NTRS,0.40544300243973347
AEP,NVDA,-0.5955260778535285
AEP,O,0.6623015794677922
AEP,OMC,0.4214230553901813
AEP,PCG,0.6834307365650943
AEP,PEG,0.6113855650955137
AEP,PEP,0.40880440182585615
AEP,PFG,0.5077709519912372
AEP,PG,0.47965283044304846
AEP,PM,0.5015335387472115
AEP,PNC,0.5092621718999959
AEP,PNW,0.7475209869731414
AEP,PPL,0.8574764614927115
AEP,PRU,0.42564793840132725
AEP,PSA,0.5421573351922309
AEP,REG,0.5616892641245721
AEP,RF,0.4767409767846296
AEP,SBAC,0.570955333656751
AEP,SHW,0.4263203377160474
AEP,SJM,0.48927229680545903
AEP,SNPS,-0.4779956105580579
AEP,SO,0.8473044864471013
AEP,SPG,0.4391257256083917
AEP,SRE,0.8308093716510389
AEP,TFC,0.4465000060844667
AEP,UDR,0.4755492332719864
AEP,VICI,0.7330003020242412
AEP,VRSK,0.44857707866610463
AEP,VRSN,0.42664211756532616
AEP,VTR,0.4652025074699545
AEP,WDC,-0.4943989005261951
AEP,WEC,0.8209875672597771
AEP,WELL,0.5770013417064351
AEP,WFC,0.4314871987324849
AEP,WMB,0.42488839901714087
AEP,WTW,0.4294173633492434
AEP,WY,0.4881174488059902
AEP,XEL,0.7632793211857006
AES,CMS,0.44855104736994245
AES,D,0.5652950159045704
AES,EIX,0.4336926195176946
AES,EVRG,0.42913170397752964
AES,EXC,0.41561077010754854
AES,HCA,0.48247269591393854
AES,NEE,0.636837147906242
AES,PCG,0.4098053743197148
AES,SO,0.40591567851640764
AES,UHS,0.4268530068240435
AFL,AIG,0.628962874482551
AFL,AIZ,0.6466925065044958
AFL,AJG,0.4592618811611222
AFL,ALL,0.6313922675831269
AFL,AMP,0.5924951492089019
AFL,AXP,0.5795337880087635
AFL,BAC,0.493701644486658
AFL,BK,0.512052893413465
AFL,BRK-B,0.6129299771784472
AFL,BRO,0.5478622982964686
AFL,CB,0.5296457362442463
AFL,CFG,0.5086955376924888
AFL,CINF,0.5082106369408534
AFL,EG,0.547479684146205
AFL,FAST,0.5531864125288918
AFL,FITB,0.5137787009096985
AFL,GL,0.5940631574090011
AFL,GWW,0.5514061731600101
AFL,HIG,0.684886711705505
AFL,ITW,0.4406499786067902
AFL,KEY,0.4860707604252863
AFL,L,0.7405597900576587
AFL,LHX,0.42563011912231097
AFL,MET,0.6855054779119746
AFL,MMC,0.4855793712753682
AFL,MS,0.5162817071387693
AFL,MTB,0.44649309746390153
AFL,NVDA,-0.419074548529272
AFL,PFG,0.721832728346991
AFL,PGR,0.5137964807547145
AFL,PNC,0.45004901277373743
AFL,PRU,0.714993499467234
AFL,RJF,0.5986214166253383
AFL,STT,0.4765181634957198
AFL,T,0.49010406109275156
AFL,TFC,0.4372312063650758
AFL,TRV,0.47904323401052495
AFL,USB,0.4979411814161661
AFL,WFC,0.4947479461845176
AFL,WRB,0.5711811650904427
AFL,WTW,0.5376043250162552
AIG,AIZ,0.615417270623315
AIG,AJG,0.4354379732758306
AIG,ALL,0.5015484589010707
AIG,AMP,0.5211659664914823
AIG,AXP,0.49413942288806334
AIG,BK,0.46034749808498765
AIG,BRK-B,0.5838303493480305
AIG,BRO,0.4727090561379637
AIG,CB,0.6202886675619291
AIG,CINF,0.5509423313148778
AIG,EG,0.5942206798600588
AIG,HIG,0.704849716224185
AIG,JPM,0.4160000047839566
AIG,L,0.7187535457615405
AIG,MET,0.5542939304916757
AIG,PFG,0.6943881243725195
AIG,PGR,0.41723431995472693
AIG,PRU,0.663141822570082
AIG,RJF,0.5148294209774311
AIG,STT,0.40422744470161
AIG,TRV,0.6120808838224977
AIG,USB,0.407837206831275
AIG,WRB,0.6142830381443107
AIZ,AJG,0.4963974944740975
AIZ,ALL,0.6229454164554392
AIZ,ATO,0.42384111500131194
AIZ,AXP,0.5044530317982093
AIZ,BAC,0.477652196879544
AIZ,BK,0.5809547997308084
AIZ,BRK-B,0.45041860776446113
AIZ,BRO,0.43974388549077825
AIZ,CB,0.5233953850275967
AIZ,CFG,0.4208318078769023
AIZ,CINF,0.5679598026127529
AIZ,EG,0.5587100270151634
AIZ,FITB,0.46465468831875045
AIZ,HIG,0.6188034751404538
AIZ,ITW,0.4302982643086334
AIZ,KEY,0.4113797611444646
AIZ,L,0.7390348430646666
AIZ,MAA,0.44514657781947253
AIZ,MET,0.6025532634803952
AIZ,MMC,0.4000492426956901
AIZ,NVDA,-0.4224936546818327
AIZ,PFG,0.6517371185885429
AIZ,PGR,0.5486519750294861
AIZ,PNC,0.4071945196274559
AIZ,PRU,0.6233834189712552
AIZ,RJF,0.5385548364096536
AIZ,STT,0.5235874486715956
AIZ,TRV,0.47807917733171057
AIZ,UDR,0.40625652150018066
AIZ,WTW,0.4404725077592079
AJG,ALL,0.6120487307684623
AJG,AMCR,0.4089261690040555
AJG,AON,0.6616486468121361
AJG,ARE,0.41059015638285196
AJG,ATO,0.46949579417133114
AJG,AVY,0.4456203402368408
AJG,AWK,0.5022115587753103
AJG,BAC,0.49445314449353567
AJG,BK,0.44712800218845417
AJG,BLK,0.4544700569599015
AJG,BRK-B,0.5584511002597745
AJG,BRO,0.7672917815056439
AJG,CB,0.5576310107959606
AJG,CBRE,0.4042042308771694
AJG,CINF,0.6203397896139293
AJG,CMS,0.4429674881907098
AJG,CNP,0.5406979002842537
AJG,COO,0.42750242247703735
AJG,CTAS,0.4636450996421
AJG,DTE,0.4855980386598317
AJG,DUK,0.4768433846362226
AJG,ECL,0.4072974251745979
AJG,ED,0.4136773283431213
AJG,EG,0.6332612689676902
AJG,EIX,0.49764501213775963
AJG,ELV,0.40287547639376176
AJG,ES,0.49181016919434234
AJG,ETR,0.4920194338690298
AJG,EVRG,0.4571642047253108
AJG,FITB,0.41454797670410576
AJG,FRT,0.4325286368316058
AJG,GIS,0.439009409798007
AJG,GLW,0.4384509358188644
AJG,GPC,0.4287426262378085
AJG,HIG,0.5612079715162582
AJG,HLT,0.4218515576549729
AJG,HON,0.5465208818344255
AJG,IEX,0.48500528298907486
AJG,INVH,0.44757899764229836
AJG,ITW,0.4764954335793475
AJG,JNJ,0.48159082770405476
AJG,KEY,0.40263663307861564
AJG,KMI,0.43020559294490224
AJG,L,0.7025508331504207
AJG,LNT,0.5400331396365914
AJG,MAA,0.43210157050283915
AJG,MCD,0.44621251770814774
AJG,MCO,0.4076421207024763
AJG,MET,0.5429404059565516
AJG,MMC,0.7790619004050963
AJG,MU,-0.44009643805241216
AJG,NDAQ,0.41160633699734644
AJG,NI,0.4131709859752854
AJG,NVDA,-0.5371654346771697
AJG,O,0.41054786447100633
AJG,OTIS,0.40606800668638693
AJG,PAYX,0.48264619470354636
AJG,PEG,0.45966894121700314
AJG,PFE,0.4249770966905503
AJG,PFG,0.5068852409062216
AJG,PGR,0.40699765193962695
AJG,PNC,0.4012712061888218
AJG,PNW,0.4424690570385675
AJG,PPL,0.521992135218574
AJG,PRU,0.5240083173957092
AJG,PSA,0.4244670945930427
AJG,REG,0.4548767774494991
AJG,ROP,0.4318253736496517
AJG,SO,0.44365058077619
AJG,TRV,0.45375795889214876
AJG,UDR,0.44651043193566625
AJG,USB,0.4087291813615431
AJG,VICI,0.46973889756821385
AJG,VRSK,0.5156146245092245
AJG,WEC,0.4279203417687655
AJG,WFC,0.44370082405916916
AJG,WRB,0.49742920761911896
AJG,WTW,0.5674228335804762
AJG,XEL,0.4323696389973759
AKAM,EXC,0.41240231097958996
AKAM,GEN,-0.5282847615854168
AKAM,MTD,-0.6864939641543607
ALB,WBD,0.43216189003841143
ALGN,PODD,0.40433943067283223
ALL,AMP,0.4009935263484144
ALL,AON,0.40004911485428046
ALL,AXP,0.43794183620800387
ALL,BAC,0.48948997729187776
ALL,BK,0.4692145287111508
ALL,BKR,0.42198835208147817
ALL,BRK-B,0.5305393601062665
ALL,BRO,0.507686050383554
ALL,CB,0.6370072208908517
ALL,CINF,0.644059559901985
ALL,CVX,0.4623080105744853
ALL,EG,0.6857237980741974
ALL,GD,0.4540442631172701
ALL,GPC,0.575038760720362
ALL,HIG,0.7276473988311851
ALL,ITW,0.4094751208827791
ALL,JPM,0.4193456630289515
ALL,KMI,0.42336309946839934
ALL,L,0.7046169300920583
ALL,MET,0.5982715752764438
ALL,MMC,0.546187720217591
ALL,OKE,0.4134447339434593
ALL,PFG,0.5751578770662064
ALL,PGR,0.5642232471410155
ALL,PH,0.44860377362442455
ALL,PRU,0.5553557989914412
ALL,TRGP,0.45259151964569017
ALL,TRV,0.628364864777245
ALL,WFC,0.4925421939401024
ALL,WRB,0.5668279471814136
ALL,WTW,0.4477438165124718
ALLE,AOS,0.4904237386732732
ALLE,ARE,0.6223575478547383
ALLE,AVB,0.41358875766094805
ALLE,BAC,0.48769902365256695
ALLE,BK,0.5184422197998949
ALLE,BLK,0.4261158374665215
ALLE,BRK-B,0.4022758442344831
ALLE,BXP,0.5393177163332464
ALLE,C,0.4415702947326094
ALLE,CBRE,0.4719311157107103
ALLE,CCI,0.41882003978042676
ALLE,CFG,0.6307607538521413
ALLE,CMI,0.4038184620566687
ALLE,CNP,0.4473356205920675
ALLE,DHI,0.4979541016546612
ALLE,DOC,0.49868590934329954
ALLE,DOV,0.4584816182272508
ALLE,DOW,0.4135507098621341
ALLE,EFX,0.41197021373878373
ALLE,EIX,0.4563528391478556
ALLE,EMR,0.44613997244393927
ALLE,EQR,0.48514123203384285
ALLE,ESS,0.40524434392351777
ALLE,EVRG,0.4025979603376511
ALLE,F,0.4393801915896293
ALLE,FITB,0.6312918599348861
ALLE,FRT,0.44054926220496954
ALLE,FTV,0.46927833808467345
ALLE,GM,0.43670796274218365
ALLE,HBAN,0.5003732533359145
ALLE,IEX,0.571544386522919
ALLE,INVH,0.4043163243578371
ALLE,ITW,0.4063189283045875
ALLE,IVZ,0.45953342710303013
ALLE,KEY,0.6711800130848541
ALLE,KIM,0.5929287315141002
ALLE,L,0.41217048188245964
ALLE,LOW,0.5125068949621439
ALLE,MAA,0.4266918436689588
ALLE,MAS,0.5923772473779961
ALLE,MET,0.4040686025278123
ALLE,MGM,0.47342574962549583
ALLE,MHK,0.5884890206540488
ALLE,MTB,0.5889188001177516
ALLE,NTRS,0.5298756967505641
ALLE,NVDA,-0.5073104739818075
ALLE,NVR,0.4223861428626565
ALLE,OKE,0.4002190816556831
ALLE,OTIS,0.4673853621820972
ALLE,PEG,0.40979630454985705
ALLE,PFG,0.4254655613510885
ALLE,PH,0.44135229160253275
ALLE,PHM,0.4930171640441547
ALLE,PNC,0.5972676219250226
ALLE,PNR,0.5632647029306379
ALLE,PNW,0.42202629409917597
ALLE,POOL,0.5285401856096811
ALLE,PRU,0.44052826397212724
ALLE,REG,0.43135908409664286
ALLE,RF,0.6504176305264447
ALLE,RJF,0.5000117751773241
ALLE,ROK,0.5554503852341578
ALLE,RVTY,0.4205512208752988
ALLE,SBAC,0.524307272574547
ALLE,SPG,0.6600617576987529
ALLE,STT,0.4127734510628514
ALLE,SWK,0.491249697337239
ALLE,SYF,0.4917793072903001
ALLE,TEL,0.4363871126947159
ALLE,TFC,0.665770906203535
ALLE,USB,0.6554337195226025
ALLE,VICI,0.5020153399961989
ALLE,VTR,0.4681774458627415
ALLE,WFC,0.5302037525740225
ALLE,WY,0.6107902732546349
ALLE,XYL,0.4072689416071637
AMAT,AMT,-0.46607444032657064
AMAT,APH,0.5150177332390811
AMAT,ATO,-0.4029419958591797
AMAT,AVGO,0.4914746643064673
AMAT,AWK,-0.41154519350529406
AMAT,BF-B,-0.5385340082005834
AMAT,BG,-0.4313166216623743
AMAT,BRK-B,-0.4892035789528066
AMAT,CCI,-0.4915502479605027
AMAT,CDNS,0.5688237446766184
AMAT,CMS,-0.5731881035206905
AMAT,CNP,-0.41761499680407127
AMAT,D,-0.4897405882608735
AMAT,DTE,-0.5620496662324005
AMAT,DUK,-0.5623525997364869
AMAT,ED,-0.5080438227115314
AMAT,EIX,-0.49426806325246353
AMAT,ES,-0.4829200524628675
AMAT,ETN,0.43363337685103964
AMAT,ETR,-0.4647086501569457
AMAT,EVRG,-0.5163947000449237
AMAT,EXC,-0.5230321147836677
AMAT,FE,-0.4382089989151805
AMAT,FRT,-0.44274036354799595
AMAT,HOLX,-0.4825192881791018
AMAT,HPE,0.4713811908061688
AMAT,JBL,0.4548433785303992
AMAT,JNJ,-0.5582013511879635
AMAT,KLAC,0.891889076997523
AMAT,KO,-0.4779676681540366
AMAT,LNT,-0.5502809767528055
AMAT,LRCX,0.8733639387346676
AMAT,MCD,-0.5052400435151603
AMAT,MDLZ,-0.41206475531230646
AMAT,MDT,-0.5300153589889293
AMAT,MET,-0.42208289209184047
AMAT,MMC,-0.4194212843262105
AMAT,MO,-0.41157070081544206
AMAT,MPWR,0.587952601078173
AMAT,MU,0.5889621231875521
AMAT,NEE,-0.4478131924866334
AMAT,NI,-0.6005107890068049
AMAT,NVDA,0.41716797685113205
AMAT,PNW,-0.4527340136269653
AMAT,PPL,-0.5043708417640078
AMAT,PRU,-0.40149004901547625
AMAT,QCOM,0.493465104239075
AMAT,REG,-0.5383629112705612
AMAT,SNPS,0.629193599449875
AMAT,SO,-0.5541202620883358
AMAT,SRE,-0.5029929175182828
AMAT,TER,0.5027539965360662
AMAT,WDC,0.4967760786794629
AMAT,WEC,-0.5046543222853751
AMAT,WTW,-0.5790488034616804
AMAT,XEL,-0.4099867046710093
AMCR,AMD,-0.4389312670502705
AMCR,AMT,0.5289911920107997
AMCR,ARE,0.47101328328985764
AMCR,AWK,0.5967548428778554
AMCR,CCI,0.5190547696553299
AMCR,CDW,-0.5503694248657083
AMCR,DD,0.6699126993610242
AMCR,DOC,0.4346712887980822
AMCR,DTE,0.45052282306797353
AMCR,DUK,0.4621001916095136
AMCR,ES,0.4149070129362392
AMCR,EVRG,0.4416336323952355
AMCR,EXR,0.5271830937394932
AMCR,FE,0.42786233004899893
AMCR,FITB,0.47236173348255844
AMCR,GPN,-0.4610092040501146
AMCR,GRMN,0.743022553072855
AMCR,HON,0.4081458289591117
AMCR,JCI,-0.43507554221682676
AMCR,JNJ,0.6801473407075371
AMCR,KO,0.41487841010311893
AMCR,L,0.4068455411284354
AMCR,LNT,0.40589503510904884
AMCR,MTB,0.41911956716550247
AMCR,NCLH,-0.4465516642874831
AMCR,NVDA,-0.4375821339504098
AMCR,O,0.4571656450398433
AMCR,PFE,0.6523588769653241
AMCR,PNC,0.410109559765697
AMCR,PNW,0.4921552114662313
AMCR,PPG,0.557843416297025
AMCR,PPL,0.5859468142328138
AMCR,PRU,0.41171815329734224
AMCR,RF,0.47259637461695175
AMCR,SBAC,0.44788125090409675
AMCR,SBUX,-0.541437873640927
AMCR,SHW,0.4579536507370715
AMCR,SO,0.42619040882727505
AMCR,SWKS,-0.5016009585563115
AMCR,TECH,0.8182196759043168
AMCR,USB,0.4764599736519017
AMCR,VICI,0.4049895130402193
AMCR,VRSK,0.7262505030066712
AMCR,WBD,0.40631499425169554
AMCR,WY,0.4006310362227302
AMD,CDW,0.4242661223614721
AMD,GPN,0.4395095841296762
AMD,TECH,-0.40510737703130906
AME,BAX,0.4037263062114368
AME,CMI,0.4839313736889043
AME,DOV,0.4532410086980891
AME,EBAY,0.6042063817454671
AME,EMR,0.4143659742818641
AME,GWW,0.4718290119341961
AME,HII,0.6542190533772805
AME,HWM,-0.41473436714364786
AME,ICE,0.40750909667327184
AME,IEX,0.4661405991057675
AME,ITW,0.41602276595569193
AME,LIN,0.6605254317617908
AME,OMC,0.4195254339467452
AME,PH,0.6554833283881096
AME,PNR,0.45551789144682786
AME,PTC,0.4617025353106387
AME,SWK,0.5101733283042427
AMGN,CPT,0.4030582567549226
AMGN,EXPE,-0.5954999664485363
AMGN,FTNT,-0.5306570676073457
AMGN,ICE,0.4149443726053561
AMGN,IR,-0.41741408729109886
AMGN,MNST,0.4051931773578102
AMGN,MSI,0.6370962724898435
AMGN,TRMB,-0.4774612172135408
AMGN,TSN,0.5151399852956888
AMGN,ZBH,0.4274775675175337
AMP,BK,0.4377027140123206
AMP,BRK-B,0.46803024191028586
AMP,BRO,0.5007026856668593
AMP,CINF,0.4462252698815803
AMP,EG,0.48775591873447915
AMP,FDS,0.42826447111203175
AMP,FOX,0.40067259134882555
AMP,GWW,0.445914515835341
AMP,HIG,0.5448486644514767
AMP,ITW,0.41544704087220397
AMP,IVZ,0.6151934325490659
AMP,L,0.5418198815537597
AMP,LKQ,0.6379720943779011
AMP,MET,0.6206791362210472
AMP,MMC,0.41932049788387904
AMP,MSCI,0.5321267764503502
AMP,MTB,0.41244613116806333
AMP,NUE,0.49788715876198325
AMP,PEG,0.45665687684652745
AMP,PEP,0.4120679748808513
AMP,PFG,0.6738418955205665
AMP,PKG,0.6425781879368092
AMP,PNR,0.4310113282424636
AMP,PRU,0.608560700661098
AMP,RJF,0.489405866344312
AMP,USB,0.4683006674711294
AMP,WFC,0.44309075258907415
AMP,WRB,0.7260174578253731
AMP,WTW,0.40493017716330293
AMT,ARE,0.6935452012787363
AMT,ATO,0.5491595189243692
AMT,AVB,0.4064369414508717
AMT,AWK,0.6420137298036505
AMT,BAC,0.4130797954032863
AMT,BK,0.4489591480261677
AMT,BXP,0.47937241032308403
AMT,CBRE,0.44391590166619893
AMT,CCI,0.8452804368173465
AMT,CMS,0.5940124699304409
AMT,CNP,0.5961882740555907
AMT,COO,0.4600035253217802
AMT,D,0.5417114948840548
AMT,DHI,0.47282305939939534
AMT,DLR,0.43297898043784433
AMT,DOC,0.6327211559952094
AMT,DTE,0.6910387673395985
AMT,DUK,0.6321399337649158
AMT,ED,0.5149413882213619
AMT,EIX,0.6548298032807955
AMT,EQIX,0.4360920811271028
AMT,ES,0.5873322345860973
AMT,ETR,0.5259977013038518
AMT,EVRG,0.6609027938716192
AMT,EXC,0.5614392194459037
AMT,EXR,0.6357322458257597
AMT,FE,0.677754964370076
AMT,FRT,0.5581877672469656
AMT,HD,0.44780428296948416
AMT,HOLX,0.4913250875034212
AMT,HON,0.4876783328954184
AMT,INVH,0.40813770792461385
AMT,IRM,0.40715805500279656
AMT,JNJ,0.5484516006522894
AMT,KIM,0.66242469253528
AMT,KLAC,-0.4289849943684811
AMT,LEN,0.42751045965919343
AMT,LNT,0.6765169843599181
AMT,LOW,0.4241557102211341
AMT,MAA,0.40838883335440124
AMT,MAS,0.4029680121156122
AMT,MTCH,0.40427578881974996
AMT,MU,-0.5148387407541749
AMT,NEE,0.4778843146068659
AMT,NI,0.5336022974236005
AMT,NTRS,0.43715362798564406
AMT,NVDA,-0.43799582453760133
AMT,NVR,0.4601088906833436
AMT,O,0.653909228711514
AMT,PCG,0.6241681062423466
AMT,PHM,0.4280952224983873
AMT,PLD,0.5194931133336778
AMT,PNC,0.4280645343965739
AMT,PNW,0.6289323557507913
AMT,PPG,0.4345624056172395
AMT,PPL,0.6710465464815972
AMT,PSA,0.6697362197842083
AMT,REG,0.667988202098986
AMT,RF,0.4622764422174629
AMT,SBAC,0.7573844480432179
AMT,SHW,0.5046290625845361
AMT,SNPS,-0.45115270302456273
AMT,SO,0.6256659795141942
AMT,SPG,0.5348591090205864
AMT,SRE,0.6158568985018863
AMT,STT,0.4596959894829317
AMT,TECH,0.42777409556960416
AMT,VICI,0.6343220057262252
AMT,VTR,0.5384616915900694
AMT,WEC,0.5819515408380325
AMT,WELL,0.5019248795301557
AMT,WY,0.6432930603607148
AMT,XEL,0.5403770062258199
AMT,ZBH,0.40462770247297003
AMZN,BAC,-0.4164440499843488
AMZN,CVS,-0.45381801561959295
AMZN,GIS,-0.41172163465700684
AMZN,SWKS,-0.4138094618697508
ANET,AVGO,0.4793967763012854
AON,BRO,0.5282968473328601
AON,CINF,0.6035391051258573
AON,CNP,0.42974883499512845
AON,DXCM,0.43829652188851537
AON,ES,0.4099572725169049
AON,FICO,0.5105331211108043
AON,GOOG,-0.41099120637613595
AON,GOOGL,-0.4151977026711307
AON,HIG,0.4471292314337908
AON,INTC,0.4570047847517724
AON,L,0.44037820134297884
AON,MMC,0.609223514090163
AON,ORLY,0.4061419286072015
AON,PG,0.4319839534155595
AON,RMD,-0.4771770815114707
AON,ROP,0.4966178131680777
AON,VRSK,0.4211330830296789
AON,VRSN,0.5276194479585118
AON,WTW,0.5193387443083086
AON,XEL,0.407727044578292
AOS,BMY,0.40641891204014535
AOS,CAT,0.5722470465746405
AOS,CFG,0.4269016174158737
AOS,CMCSA,0.40601850634275266
AOS,GWW,0.4815197140470017
AOS,IBM,0.44446359242379685
AOS,IEX,0.42070829950705835
AOS,ITW,0.40916701964890745
AOS,KEY,0.42733685215403927
AOS,L,0.42206039430338593
AOS,MAS,0.49370971133867897
AOS,MET,0.4235786207871773
AOS,NVDA,-0.4255811026033609
AOS,ORLY,0.45409949353312834
AOS,PFG,0.4619617597489767
AOS,PNR,0.481372911805401
AOS,POOL,0.42995635500235596
AOS,RJF,0.6052060354475666
AOS,STT,0.4076829666888058
AOS,TXT,0.6462845692871583
AOS,WFC,0.46856980354244454
AOS,WTW,0.41731603832976755
AOS,XYL,0.5081119716928301
APA,BKR,0.6803839153528188
APA,CF,0.4702962612999331
APA,CI,0.5027193410865146
APA,CMI,0.460006305058525
APA,COP,0.769213271532824
APA,CTRA,0.6301225581505628
APA,CVX,0.6924333612231243
APA,DOW,0.4839924478187893
APA,DVN,0.7533200529477846
APA,EOG,0.6502387620905985
APA,FANG,0.647199423688579
APA,FCX,0.4483549960950539
APA,HAL,0.6593491591132546
APA,KMI,0.4404582384757016
APA,LYB,0.5272854768403046
APA,MOS,0.5613855901932522
APA,OKE,0.5945668583427429
APA,OXY,0.7074182843538833
APA,PEG,0.46344211084860737
APA,PH,0.5055626762683919
APA,SLB,0.6186776121830636
APA,TGT,0.43607484357312765
APA,TRGP,0.5591732668438346
APA,WMB,0.539746819699284
APA,XOM,0.6574871340988396
APD,MDT,0.4034041007432211
APH,CEG,0.4509059611610892
APH,ETN,0.6655057873463106
APH,HUBB,0.4055455911415808
APH,IR,0.4015833445734719
APH,KLAC,0.4782926507818376
APH,LRCX,0.5187221772870403
APH,MPWR,0.48265190575356703
APH,PWR,0.5501989810455112
APH,SNPS,0.4622931385148154
APH,TDG,0.47046118368601836
APH,TT,0.44231764269574336
APH,WAB,0.40866082693136047
APH,WDC,0.43723373561911033
APH,XYL,0.4107507686900769
APTV,BDX,0.4012916513669744
APTV,CHRW,0.49107980167679904
APTV,FOX,0.424453314639395
APTV,FOXA,0.41978803383925267
APTV,HWM,0.5077614916584537
APTV,KIM,0.4263100930358589
APTV,MRNA,0.42730469087490064
APTV,PSKY,0.40670815657364395
APTV,SYF,0.4611745899666133
APTV,SYY,0.4108381419700695
APTV,VTR,0.548933674056133
APTV,WY,0.4929539598785179
ARE,ATO,0.5355289740345508
ARE,AVB,0.5412011898072726
ARE,AWK,0.6523507288287732
ARE,BAC,0.441380201439715
ARE,BK,0.4920761300798179
ARE,BLK,0.47589809345189454
ARE,BR,0.4801881972888876
ARE,BXP,0.7088603480898821
ARE,CBRE,0.48799653007092764
ARE,CCI,0.6662903757372304
ARE,CFG,0.497372512095455
ARE,CMS,0.5347416767921339
ARE,CNP,0.6011353415375996
ARE,COO,0.4786640482203532
ARE,CPT,0.5216832761648886
ARE,D,0.5467332094419265
ARE,DHI,0.43465898383611723
ARE,DOC,0.6945653697747783
ARE,DTE,0.6110007712354335
ARE,DUK,0.5619111044591774
ARE,ED,0.5259447283807248
ARE,EIX,0.6382562138391372
ARE,EQIX,0.41565017064538906
ARE,EQR,0.5749883167310679
ARE,ES,0.5698493756370051
ARE,ESS,0.5505378636208397
ARE,ETR,0.506075365022743
ARE,EVRG,0.6346142812393516
ARE,EXC,0.5149527792623605
ARE,EXR,0.6895101722750465
ARE,FE,0.6214979014986082
ARE,FITB,0.5020203686081142
ARE,FRT,0.6189407214257394
ARE,HBAN,0.5576321540201232
ARE,HD,0.4616830322219032
ARE,HOLX,0.44292816816747854
ARE,HST,0.41985727051302907
ARE,IEX,0.41639544109959625
ARE,INVH,0.47676067688904955
ARE,IRM,0.4042935693383393
ARE,IVZ,0.4504687340944746
ARE,JNJ,0.4247812540368966
ARE,KEY,0.5908818354099183
ARE,KIM,0.7172648215203575
ARE,LNT,0.5773720385588902
ARE,LOW,0.49312403847821185
ARE,MAA,0.5689960037208001
ARE,MAS,0.4034502037620602
ARE,MCD,0.4212937828919973
ARE,MET,0.4329362559119716
ARE,MTB,0.4595355650354739
ARE,MTCH,0.4241125215425395
ARE,MU,-0.47844476758911075
ARE,NEE,0.4023077046270241
ARE,NI,0.5303004555151628
ARE,NTRS,0.5383602127239158
ARE,NVDA,-0.5506971270989344
ARE,NVR,0.4673136033693876
ARE,O,0.6944836808933395
ARE,OTIS,0.42422541800854674
ARE,PCG,0.47694448184043803
ARE,PEG,0.41645503586701016
ARE,PHM,0.4045899833315892
ARE,PLD,0.4732393108233744
ARE,PNC,0.5832948892853574
ARE,PNW,0.6576520948857278
ARE,POOL,0.4481463871105328
ARE,PPG,0.4735943603095402
ARE,PPL,0.6605895955846302
ARE,PSA,0.7300370323808602
ARE,REG,0.6573277227017107
ARE,RF,0.6439814851068326
ARE,RVTY,0.41808710051398346
ARE,SBAC,0.6600718249375189
ARE,SHW,0.44775301071994905
ARE,SJM,0.42770343564963104
ARE,SNPS,-0.5034303344750862
ARE,SO,0.5129743549921106
ARE,SPG,0.5699884054489551
ARE,SRE,0.5596895324092697
ARE,STT,0.49424142577817265
ARE,TFC,0.520685623229144
ARE,UDR,0.5650507583282935
ARE,USB,0.596542874304487
ARE,VICI,0.6879693102194392
ARE,VTR,0.5642304734700143
ARE,WEC,0.5245040881823629
ARE,WY,0.6217576968512359
ARE,XEL,0.4959489236478255
ARE,ZBH,0.45570082175325355
ATO,AVB,0.4932539302891588
ATO,AWK,0.6615061659556642
ATO,BA,0.40117861726047666
ATO,BAC,0.5327945330339859
ATO,BK,0.47755951443106803
ATO,BLK,0.4260759026594999
ATO,BRK-B,0.4805048138037112
ATO,BRO,0.4013821082623805
ATO,BXP,0.5107262084776477
ATO,CCI,0.483972530649586
ATO,CFG,0.5620461856286334
ATO,CMS,0.7146347238263016
ATO,CNP,0.7476512058753223
ATO,D,0.6133080884207307
ATO,DOC,0.5013895636672343
ATO,DTE,0.7682777594424248
ATO,DUK,0.6953781120414275
ATO,ED,0.6765860715949165
ATO,EIX,0.7201153230678806
ATO,ELV,0.4242631654977364
ATO,EQR,0.4991754956026396
ATO,ES,0.694276102108183
ATO,ESS,0.4334983897436938
ATO,ETR,0.758044739400986
ATO,EVRG,0.7399214060301652
ATO,EXC,0.667798987154955
ATO,FE,0.7140634942575036
ATO,FITB,0.5171688508767109
ATO,FRT,0.5691442139203676
ATO,GIS,0.44738797910385497
ATO,HBAN,0.40744671729521553
ATO,INVH,0.5242799067361608
ATO,IRM,0.4453423163204495
ATO,ITW,0.5355252839159503
ATO,JNJ,0.45588793999162674
ATO,KEY,0.5681780267907499
ATO,KIM,0.5416381080493093
ATO,KMI,0.5846813108973723
ATO,KO,0.547280648746559
ATO,KVUE,0.4124488212038169
ATO,L,0.5504595950066379
ATO,LMT,0.4128180474445664
ATO,LNT,0.7231003667760234
ATO,LOW,0.46661227129326593
ATO,LRCX,-0.4093221232605002
ATO,MAA,0.49892908568924077
ATO,MCD,0.4150543303005864
ATO,MDLZ,0.4487286270874815
ATO,MET,0.46255346381961104
ATO,MMC,0.4742608012058923
ATO,MO,0.4789720684321859
ATO,MTB,0.41693149636569077
ATO,MU,-0.44942799722333215
ATO,NFLX,-0.42675405785876297
ATO,NI,0.7381106080781262
ATO,NTRS,0.4111554999621261
ATO,NVDA,-0.6430288622326111
ATO,O,0.6336085349335048
ATO,OKE,0.4873690120844328
ATO,OMC,0.4039808662724899
ATO,PCG,0.6305558016644781
ATO,PEG,0.5548006861269884
ATO,PFG,0.48874722967509227
ATO,PG,0.45445918189061907
ATO,PM,0.4550608111016744
ATO,PNC,0.548811083505745
ATO,PNW,0.656755275708077
ATO,PPL,0.7182759093365075
ATO,PSA,0.5322550585609029
ATO,REG,0.46588832235889915
ATO,RF,0.45641002581051976
ATO,SBAC,0.5051430858389316
ATO,SJM,0.4834815357100302
ATO,SNPS,-0.49266058779079264
ATO,SO,0.7475240142613581
ATO,SPG,0.5087343221450362
ATO,SRE,0.6756823422925304
ATO,TFC,0.45365130913182744
ATO,UDR,0.4721596858769362
ATO,USB,0.42098094445794065
ATO,VICI,0.6030186746035235
ATO,VTR,0.5062178237772788
ATO,WEC,0.71738872737695
ATO,WELL,0.4925683231375997
ATO,WFC,0.4409554718975023
ATO,WMB,0.5892272544033981
ATO,WTW,0.42908786669042426
ATO,WY,0.41281009286546716
ATO,XEL,0.6548830005796354
ATO,XOM,0.40780868164978484
AVB,AWK,0.6158893164776171
AVB,BAC,0.5334362043480172
AVB,BEN,0.48260606435187015
AVB,BK,0.5298349286026801
AVB,BLK,0.5166469878914649
AVB,BXP,0.6557299051818368
AVB,CFG,0.502050202258835
AVB,CMS,0.5613444817887621
AVB,CNP,0.49790104500801585
AVB,CPT,0.7515772838698781
AVB,D,0.4795779985036055
AVB,DOC,0.5195108345150721
AVB,DTE,0.5378614608104442
AVB,DUK,0.5519239879606948
AVB,ED,0.6045526883838845
AVB,EIX,0.5122047758718975
AVB,EQR,0.9036334065558741
AVB,ES,0.5481993078274989
AVB,ESS,0.7956510581764098
AVB,ETR,0.5536846950857213
AVB,EVRG,0.5652365495685892
AVB,EXC,0.5079437708731832
AVB,FE,0.4911761513605671
AVB,FITB,0.42404300076666457
AVB,FRT,0.6313678231439352
AVB,HBAN,0.42352998074678483
AVB,INVH,0.6948426322609921
AVB,KEY,0.49830019310258633
AVB,KIM,0.577835414787887
AVB,KO,0.45495116253677576
AVB,LNT,0.5709258603564075
AVB,LUV,0.4440522457798455
AVB,MAA,0.7666711046368012
AVB,MCD,0.4180598848569314
AVB,MU,-0.4231397684689606
AVB,NDAQ,0.45616801092113524
AVB,NI,0.5708788532254109
AVB,NTRS,0.4583806882701438
AVB,NVDA,-0.47933932385670447
AVB,O,0.638392493233972
AVB,PCG,0.43173165938666525
AVB,PEG,0.4355378446305584
AVB,PEP,0.4189465780141957
AVB,PNC,0.5614959065251386
AVB,PNW,0.42955525593808525
AVB,PPL,0.4219431741338214
AVB,PSA,0.5414238851948997
AVB,REG,0.5772881641108243
AVB,RF,0.4404506535688953
AVB,RSG,0.47510950178105904
AVB,SBAC,0.4125351725681788
AVB,SO,0.5103697176546926
AVB,SPG,0.450107199027606
AVB,SRE,0.5219124784254566
AVB,SYF,0.42671119447094663
AVB,TFC,0.4239705149132171
AVB,UDR,0.8398669735615856
AVB,USB,0.404396083207834
AVB,VICI,0.4228200814385959
AVB,VTR,0.5570786959601042
AVB,WEC,0.5523841046606104
AVB,WELL,0.5326303793551133
AVB,WY,0.5154872004302243
AVB,XEL,0.4515244388439258
AVGO,BG,-0.4936991276352782
AVGO,BMY,-0.4661398097390723
AVGO,BRK-B,-0.44663609356956857
AVGO,DTE,-0.4193362380506185
AVGO,EIX,-0.44863105183236723
AVGO,EVRG,-0.460234642522743
AVGO,FE,-0.41238278150602037
AVGO,HPE,0.5269197291393056
AVGO,KLAC,0.5094461689528468
AVGO,L,-0.40205480042353375
AVGO,LNT,-0.42343177867055826
AVGO,LRCX,0.4709272102437232
AVGO,MDT,-0.4279062761929168
AVGO,MU,0.48224632665058825
AVGO,NI,-0.44519643382956275
AVGO,NVDA,0.4258275951001411
AVGO,NWS,-0.4179611898147614
AVGO,PFG,-0.4087737493197686
AVGO,PPL,-0.4024737945318109
AVGO,PRU,-0.41668899681501137
AVGO,SNPS,0.43089710288680594
AVGO,WBD,-0.420663811869827
AVGO,WTW,-0.4317384578958471
AVGO,XEL,-0.4478822529749765
AVY,AWK,0.4051717756614989
AVY,BEN,0.42470615242042803
AVY,BLK,0.42128597992926436
AVY,BRK-B,0.40388564850081293
AVY,BRO,0.4892441998856282
AVY,CARR,0.4049686032707619
AVY,CMS,0.41392687922610494
AVY,CNP,0.4207617942851795
AVY,DOV,0.5251023105410609
AVY,DUK,0.4007809641684959
AVY,EIX,0.40512085128375785
AVY,ELV,0.4514172551026865
AVY,ETR,0.4132301225557954
AVY,FITB,0.4226319600817755
AVY,KDP,0.6392680901564585
AVY,KO,0.4635846175621159
AVY,META,-0.4246578723827068
AVY,MO,0.43589358680339946
AVY,NOW,-0.4007355161133766
AVY,NVDA,-0.41925225549908673
AVY,PEG,0.44758460423140695
AVY,PNR,0.4089439639289986
AVY,USB,0.45738576213379883
AWK,BAC,0.5555391609411058
AWK,BEN,0.41558553259295195
AWK,BIIB,0.44570007803745826
AWK,BK,0.46778632585218166
AWK,BLK,0.5162086216499535
AWK,BRK-B,0.4201813625350742
AWK,BRO,0.4785005738870528
AWK,BXP,0.5259590592226812
AWK,CAG,0.41920409940085857
AWK,CBRE,0.4148062357622636
AWK,CCI,0.5825566786230997
AWK,CFG,0.46540353580116794
AWK,CL,0.44416362884887367
AWK,CMS,0.7565789236637147
AWK,CNP,0.6962120337770826
AWK,COO,0.5162254278495576
AWK,CPB,0.4953615851724601
AWK,CPT,0.5554952325040038
AWK,D,0.6239587481882349
AWK,DOC,0.5804590156441188
AWK,DTE,0.7794216795281952
AWK,DUK,0.7532664161206356
AWK,ED,0.7772293317638225
AWK,EIX,0.6818565833110743
AWK,EQR,0.5906857597229096
AWK,ES,0.7696469815060893
AWK,ESS,0.5503124092437837
AWK,ETR,0.7603272495622133
AWK,EVRG,0.798446144642209
AWK,EXC,0.5935232496764902
AWK,EXR,0.5907282721028769
AWK,FE,0.7724199092386076
AWK,FITB,0.5335190893622214
AWK,FRT,0.533625543230845
AWK,GIS,0.4702479692540677
AWK,HBAN,0.4832217145606607
AWK,HD,0.4316596598325937
AWK,HON,0.5274856302310713
AWK,HSY,0.4487133287351212
AWK,INVH,0.4987110469481271
AWK,ITW,0.5404192958938
AWK,IVZ,0.4171622229859988
AWK,JNJ,0.47682232273451014
AWK,KEY,0.5304375782509859
AWK,KIM,0.5732814030368919
AWK,KMB,0.49822189190113436
AWK,KMI,0.4606964627226259
AWK,KO,0.5860955527666475
AWK,L,0.44734313326291875
AWK,LHX,0.43535067319191867
AWK,LNT,0.7192393553972724
AWK,LOW,0.4954786749922445
AWK,LRCX,-0.4046411644171422
AWK,MAA,0.6022572412172165
AWK,MCD,0.5531852510973209
AWK,MCO,0.48073213356881117
AWK,MDLZ,0.43336694267844456
AWK,MET,0.45288595871452086
AWK,MMC,0.45417262121754204
AWK,MO,0.4162656161887807
AWK,MTB,0.48989944380902384
AWK,NEE,0.4841427455861775
AWK,NI,0.7038247758361051
AWK,NTRS,0.5071833424278812
AWK,NVDA,-0.5732099901222273
AWK,O,0.7504992059734219
AWK,OMC,0.41524681396634555
AWK,OTIS,0.40851749035627744
AWK,PCG,0.547408711323985
AWK,PEG,0.6188218215131361
AWK,PEP,0.48834342796303065
AWK,PFE,0.439705687655254
AWK,PFG,0.42412917654007426
AWK,PG,0.511357695597406
AWK,PM,0.413349328391236
AWK,PNC,0.5570953597054027
AWK,PNR,0.4228993275606647
AWK,PNW,0.7011006979152566
AWK,POOL,0.41230986647463286
AWK,PPG,0.5892355587116676
AWK,PPL,0.8206556844410088
AWK,PRU,0.42442352735017225
AWK,PSA,0.6813673511704202
AWK,REG,0.5103656557441864
AWK,RF,0.5134078248444751
AWK,SBAC,0.5426737700255851
AWK,SHW,0.5742750076607718
AWK,SJM,0.46461549856402373
AWK,SNPS,-0.44495177699576977
AWK,SO,0.69901747547721
AWK,SPG,0.4153591324264526
AWK,SPGI,0.4708874011475623
AWK,SRE,0.7477914035244634
AWK,STT,0.4358044068990136
AWK,T,0.43961005109586965
AWK,TFC,0.45768029829433826
AWK,UDR,0.6197798527690226
AWK,USB,0.4998055954223941
AWK,VICI,0.6269172719962147
AWK,VRSK,0.4301583300345108
AWK,VTR,0.5083046499801182
AWK,WDC,-0.41961860344209856
AWK,WEC,0.7253256901411319
AWK,WELL,0.5062005064428743
AWK,WFC,0.4252525940344613
AWK,WY,0.4718250184191601
AWK,XEL,0.6535784899998718
AXON,DIS,0.4813574292904765
AXON,FIS,-0.4238524936629854
AXON,HSIC,-0.4502014348691409
AXP,BAC,0.5351583039196849
AXP,BK,0.51526400635871
AXP,BLK,0.4586963547167451
AXP,BRK-B,0.5026302785567306
AXP,C,0.4481766425685244
AXP,CFG,0.5253163945001815
AXP,COF,0.40644208915042856
AXP,EG,0.47068234709908924
AXP,EIX,0.4488931526245636
AXP,FISV,0.4668684359818039
AXP,FITB,0.6167139154253429
AXP,FOX,0.47498977391418334
AXP,FOXA,0.4449922501363163
AXP,HIG,0.5039518064386573
AXP,JPM,0.4541243812337697
AXP,KEY,0.416506315152042
AXP,KMI,0.43283742960101246
AXP,L,0.5868887877287778
AXP,MET,0.5180325713832873
AXP,MTB,0.5100302667138201
AXP,NVDA,-0.4066514653109232
AXP,OKE,0.5583506564376757
AXP,PFG,0.5752417310387914
AXP,PGR,0.43884533315799
AXP,PM,0.41653698627759456
AXP,PNC,0.5089809921012253
AXP,PRU,0.5070610462857934
AXP,PSKY,0.41935885836454634
AXP,RJF,0.489811791280975
AXP,STT,0.45874878656354534
AXP,SYF,0.4272714088077709
AXP,TFC,0.40431697338800954
AXP,USB,0.4060411871014326
AXP,WFC,0.5454378294188729
AXP,WMB,0.423506226510879
AZO,NDSN,0.443589853516989
AZO,ORLY,0.5240457398183461
BA,EG,0.46905234574916704
BA,MDT,0.4413067816389067
BA,MGM,0.40337235219607975
BA,PWR,-0.4246096683967035
BA,SNPS,-0.4920569911213218
BA,WBD,0.4632208015972207
BA,WDC,-0.4196203499315388
BAC,BEN,0.4926901021907267
BAC,BK,0.7674331777948343
BAC,BLK,0.6012837773285931
BAC,BRK-B,0.6140457273873395
BAC,BRO,0.45888332697669665
BAC,BXP,0.5218577740609186
BAC,C,0.6550846219346255
BAC,CFG,0.6913459691667141
BAC,CMS,0.5397515167431689
BAC,CNP,0.5759530656196931
BAC,COF,0.5495177360044996
BAC,COO,0.4418648945208767
BAC,CPT,0.449758519021775
BAC,D,0.4835358895651118
BAC,DOC,0.46525057244845336
BAC,DTE,0.5910165277741906
BAC,DUK,0.567395476676629
BAC,ED,0.6297418444107422
BAC,EIX,0.5974009238745746
BAC,EQR,0.5731291256219752
BAC,ES,0.4889405355972482
BAC,ESS,0.5045099872735596
BAC,ETR,0.6790057784162052
BAC,EVRG,0.5460197563898734
BAC,EXC,0.4265320402582223
BAC,F,0.4158952141846274
BAC,FE,0.49647404845891285
BAC,FITB,0.7328818097723742
BAC,FRT,0.5392512320872458
BAC,GIS,0.409229724720306
BAC,GS,0.620316079427947
BAC,HBAN,0.5941198588690421
BAC,HOLX,0.40499033402728074
BAC,HON,0.41256241863601023
BAC,IEX,0.40693153963943146
BAC,INVH,0.5547401982088884
BAC,ITW,0.4802058552070025
BAC,JNJ,0.42514191522854083
BAC,JPM,0.557518635240965
BAC,KEY,0.6313986670039728
BAC,KIM,0.5836373676433814
BAC,KMI,0.5615744803006948
BAC,KO,0.4228391147313389
BAC,L,0.5774500491862832
BAC,LHX,0.4175966497534173
BAC,LNT,0.5471971628059459
BAC,MAA,0.5514288731745003
BAC,MCO,0.5024326637773863
BAC,MET,0.5648333314204839
BAC,MHK,0.4307834343599514
BAC,MMC,0.5025513454297424
BAC,MO,0.41222651321676423
BAC,MS,0.407239765128905
BAC,MTB,0.734909097672507
BAC,NFLX,-0.49820466065323454
BAC,NI,0.48023846797281633
BAC,NTRS,0.6703682262372256
BAC,NVDA,-0.49168742659022546
BAC,O,0.5273298965797224
BAC,OKE,0.5052068903184518
BAC,OTIS,0.4292736870880196
BAC,PCG,0.4415207568455582
BAC,PEG,0.5348897103415956
BAC,PFG,0.5191374186119969
BAC,PM,0.43004134733316035
BAC,PNC,0.7591964669962351
BAC,PNW,0.5200251620658806
BAC,PPL,0.5555439817606509
BAC,PRU,0.5958511022070001
BAC,REG,0.4981421892985298
BAC,RF,0.5592336880987678
BAC,RJF,0.4585490558405706
BAC,SJM,0.46247452434763703
BAC,SO,0.5430506683543556
BAC,SPG,0.4846063906157116
BAC,SRE,0.5874629279884749
BAC,STT,0.6031495057529749
BAC,SYF,0.48537932365686387
BAC,TFC,0.7133590352488057
BAC,UDR,0.6047613672565599
BAC,USB,0.5522222350119952
BAC,VICI,0.5049004493897433
BAC,WEC,0.5438097961494771
BAC,WELL,0.4276712367308846
BAC,WFC,0.7074965541687055
BAC,WMB,0.4294814919087918
BAC,WY,0.4024376158297355
BAC,XEL,0.4863108354661932
BALL,DXCM,-0.5007256927308922
BALL,FICO,-0.4241732846740149
BALL,GOOG,0.4194521169901688
BALL,GOOGL,0.4118072246527854
BAX,CHRW,-0.42091583097469454
BAX,CI,0.5188316082046438
BAX,DRI,0.4718465066711542
BAX,HII,0.6122915394557128
BAX,HST,0.45265623692445356
BAX,HWM,-0.6787363835695475
BAX,IQV,0.442797844800064
BAX,K,-0.5265326734893978
BAX,LIN,0.6577633665675019
BAX,MET,0.4351526954301854
BAX,MMM,0.4141896130896759
BAX,MOS,0.4283713295280616
BAX,MPWR,-0.4180409787641716
BAX,PAYC,0.46044991968550997
BAX,QCOM,-0.43540444289390223
BAX,SWK,0.6324888228052432
BBY,CRM,-0.6178424702674424
BBY,EXPD,0.42095630947538015
BBY,GLW,0.4527246438326872
BBY,HON,0.4335805751647261
BBY,HPQ,0.6549385160719299
BBY,HRL,-0.45682738985814414
BBY,INTU,-0.40356623196635893
BBY,J,0.419769552922712
BBY,MSFT,-0.4839416251024069
BBY,NOW,-0.6300203509668305
BBY,VTR,0.44662920932120326
BDX,BRK-B,0.4018017618814871
BDX,COO,0.4088781553563146
BDX,DOC,0.41012118715122
BDX,EXPE,0.4860984165706758
BDX,FRT,0.5007989177264515
BDX,HOLX,0.4544132626834482
BDX,INVH,0.48785920098678504
BDX,KIM,0.41742344783411006
BDX,MDT,0.4178160116214538
BDX,O,0.4436464935038032
BDX,PSKY,0.5234210954233027
BDX,PYPL,0.49102883573662465
BDX,REG,0.5420357137687681
BDX,VTR,0.4795771741975461
BDX,WELL,0.4135987373012531
BEN,BK,0.516279090173625
BEN,BLK,0.4979235971638215
BEN,BRK-B,0.4783351562745411
BEN,BXP,0.4070406951009231
BEN,CFG,0.5103053782339122
BEN,CPT,0.4468082142906905
BEN,DTE,0.4106869947927967
BEN,EQR,0.5064413317317279
BEN,ESS,0.434938397427284
BEN,F,0.438876406686617
BEN,FITB,0.45485722493622094
BEN,HBAN,0.42711945209318497
BEN,INVH,0.4523588930592961
BEN,IVZ,0.6313438081728031
BEN,KEY,0.44216797492966314
BEN,KMI,0.49489500620456506
BEN,LNT,0.4797728851585461
BEN,MCO,0.46663389093889207
BEN,MTB,0.46977782575121524
BEN,NI,0.47159457692376394
BEN,NTRS,0.45959912313534135
BEN,NVDA,-0.4660905287386067
BEN,PNC,0.537587880217357
BEN,RF,0.4124798061761549
BEN,ROP,0.43230612181686534
BEN,SPGI,0.4131379608705493
BEN,TROW,0.45454368588204735
BEN,UDR,0.40520292045872486
BEN,USB,0.41662920651922447
BEN,WBD,0.42546070333674746
BEN,WMB,0.40037236244787106
BEN,WY,0.4172037974183251
BF-B,BG,0.4238400452495037
BF-B,CMCSA,0.4014025783642268
BF-B,DLTR,0.46920500018120836
BF-B,ETN,-0.44091556423963035
BF-B,EVRG,0.41162874306864
BF-B,FE,0.42999908398665415
BF-B,HOLX,0.4387462003729009
BF-B,HPE,-0.5223377475979328
BF-B,KHC,0.5151818673475878
BF-B,KLAC,-0.5001005239522788
BF-B,LRCX,-0.4620164233256034
BF-B,MCD,0.42331697835745596
BF-B,MPWR,-0.42134878827559563
BF-B,SJM,0.48670862547316285
BF-B,SNPS,-0.47436914737070446
BF-B,TAP,0.440172703131681
BF-B,WDC,-0.445132779540118
BF-B,WEC,0.41817903865105016
BG,COP,0.4110245503123444
BG,KLAC,-0.4339438762211624
BG,TAP,0.4903213978650483
BG,TGT,0.4383309977441435
BG,XEL,0.41531489122366716
BIIB,CCI,0.4754285304218673
BIIB,CMS,0.4137453322723199
BIIB,CSGP,0.41831822661120105
BIIB,DOC,0.4348636680544812
BIIB,DTE,0.41484117363629125
BIIB,EXR,0.4499456139231905
BIIB,KIM,0.421949133334452
BIIB,MAA,0.4179921843589474
BIIB,NFLX,-0.49321795594863244
BIIB,O,0.4356435340060253
BIIB,ON,0.4767788582222219
BIIB,PNW,0.4051523028913282
BIIB,PPL,0.42735948320339356
BIIB,TPR,0.4709057231162368
BIIB,UDR,0.4151916094957213
BIIB,VICI,0.411505784906108
BIIB,WELL,0.40547358540205036
BK,BLK,0.4693516437844592
BK,BRK-B,0.6330290371776718
BK,BXP,0.5174161973792485
BK,C,0.5800655714806211
BK,CBRE,0.4324679092799527
BK,CCI,0.42064911519606507
BK,CFG,0.648949420571945
BK,CMS,0.4793129482059863
BK,CNP,0.4521424784664847
BK,COF,0.6333108882043368
BK,COO,0.43839068214655
BK,CPT,0.4195484794560304
BK,CVX,0.4084249180946086
BK,D,0.4628378709787188
BK,DOC,0.4581331955482643
BK,DTE,0.5334428179088375
BK,DUK,0.5013253967287142
BK,ED,0.5417282263412133
BK,EIX,0.5053406080707454
BK,EQR,0.5678673908438476
BK,ESS,0.48183931412805564
BK,ETR,0.4780028764400031
BK,EVRG,0.4589467720524548
BK,EXC,0.4075047167916357
BK,F,0.5206351590043806
BK,FE,0.4230179377860068
BK,FITB,0.6278159473477
BK,FRT,0.506892207321643
BK,GS,0.47489878275946157
BK,HBAN,0.5278852794451231
BK,HOLX,0.5088675309968704
BK,INVH,0.5593734252242678
BK,IRM,0.4978827052320205
BK,ITW,0.4783422453518042
BK,IVZ,0.42712745115439643
BK,JPM,0.5404871900059885
BK,KEY,0.6435141944978338
BK,KIM,0.5786304567979175
BK,KMI,0.4897420859813343
BK,L,0.6119856975719706
BK,LNT,0.46902918319057946
BK,LYB,0.4111869933171176
BK,MAA,0.5476239626279334
BK,MET,0.6358696595484075
BK,MHK,0.4974298875490046
BK,MMC,0.4141735637613757
BK,MTB,0.6185512267610507
BK,MU,-0.4058594446502337
BK,NEE,0.4224582769431158
BK,NFLX,-0.42910035596752033
BK,NI,0.41558575186390145
BK,NTRS,0.6543590509194522
BK,NVDA,-0.5317942965331302
BK,O,0.4717236863754024
BK,OKE,0.4674278631406791
BK,PCG,0.4658678093490648
BK,PEG,0.45770651059813316
BK,PFG,0.615219801599692
BK,PNC,0.6563576800387753
BK,PNW,0.43218847113889725
BK,PPL,0.43650395954133786
BK,PRU,0.6750382609080251
BK,PSKY,0.4054219987706955
BK,REG,0.5415575568549229
BK,RF,0.5192628925357294
BK,RJF,0.5322580106049436
BK,SJM,0.5159722589505802
BK,SO,0.4795432803090638
BK,SPG,0.49511023670637266
BK,SRE,0.4600115283232309
BK,STT,0.7382684213621314
BK,SYF,0.5553479457820972
BK,TFC,0.6008020693632203
BK,TPR,0.40263172088869464
BK,UDR,0.5471906264395532
BK,USB,0.5643826275872704
BK,VICI,0.46683982571035715
BK,VTR,0.5143705467723126
BK,WEC,0.45053051494069934
BK,WELL,0.4294829485858949
BK,WFC,0.5903904353119607
BK,WTW,0.4171960403160463
BK,WY,0.4949451614193021
BK,XEL,0.4314269388808753
BK,ZBH,0.4655171909032256
BKNG,TDG,0.4190217672238208
BKR,CINF,0.41370091942315684
BKR,CMI,0.4379953008253706
BKR,COP,0.6927051492830949
BKR,CTRA,0.6154087892437121
BKR,CVX,0.7333957060675156
BKR,DVN,0.7256104103585889
BKR,EOG,0.6877341800278679
BKR,F,0.40992401890630553
BKR,FANG,0.6847177359623736
BKR,FTV,0.40203524012891223
BKR,GM,0.43808053723144275
BKR,HAL,0.7884282517646337
BKR,HIG,0.4088796210769598
BKR,ITW,0.4024716234464157
BKR,KMI,0.5253139845204494
BKR,L,0.40782801969689875
BKR,LMT,0.46040502548472706
BKR,LYB,0.449508462314194
BKR,MET,0.45837318164801644
BKR,MGM,0.4138710048332331
BKR,MOS,0.44865472996935213
BKR,NEM,0.4271124643889984
BKR,OKE,0.7147370904022643
BKR,OXY,0.7034927634921638
BKR,PEG,0.5211573386811054
BKR,PFG,0.43639108833642964
BKR,PH,0.43477080597071277
BKR,PSX,0.49568478966280904
BKR,SLB,0.7025582309274149
BKR,SYF,0.4589647499865967
BKR,TAP,0.42527728462237097
BKR,TGT,0.6291531168417056
BKR,TRGP,0.7303586954894814
BKR,UNP,0.4366821131584989
BKR,URI,0.47207494674465594
BKR,VLO,0.4302887474845684
BKR,WM,0.4681170702944727
BKR,WMB,0.624709937326108
BKR,XOM,0.7472523849426942
BLDR,DIS,0.5465546221895099
BLDR,IFF,-0.40911718083627235
BLDR,J,0.6574935963520716
BLDR,KVUE,-0.4153908148998667
BLDR,NRG,0.4097629912619769
BLDR,PHM,0.44099177912371257
BLK,BRK-B,0.4807278502761496
BLK,BRO,0.5113152158707506
BLK,BXP,0.4667402978959919
BLK,C,0.4516181872058062
BLK,CFG,0.6126127240946293
BLK,CL,0.4379930810082934
BLK,CMS,0.4808451196604907
BLK,CNP,0.41160003394497746
BLK,CPT,0.5231242660598956
BLK,CTAS,0.40131911574552404
BLK,DOC,0.5022530376461039
BLK,DTE,0.40573386050798166
BLK,DUK,0.40700512928860455
BLK,ED,0.49731108603580104
BLK,EIX,0.48768372682368266
BLK,EQR,0.5429424792419306
BLK,ESS,0.5192346128638803
BLK,ETR,0.5205523646476605
BLK,EVRG,0.41093492801706294
BLK,FE,0.4154466174278656
BLK,FITB,0.5776936670862388
BLK,FRT,0.42343563871920586
BLK,GS,0.5946933213201594
BLK,HBAN,0.5256545617991666
BLK,HON,0.4719636460922424
BLK,INVH,0.5469051575469397
BLK,ITW,0.4342272725369965
BLK,IVZ,0.47416750900949933
BLK,KEY,0.5718073656385183
BLK,KIM,0.5133410391802108
BLK,KMI,0.44034928717812627
BLK,KO,0.4101677083739368
BLK,LNT,0.4959134392192228
BLK,LOW,0.4010709274313341
BLK,MAA,0.5836645185114012
BLK,MCD,0.4973149429662103
BLK,MCO,0.5845260128966082
BLK,MMC,0.41413382909037344
BLK,MO,0.5118425522581985
BLK,MTB,0.6204235607440041
BLK,NI,0.4416914663689487
BLK,NTRS,0.6099152409317189
BLK,NVDA,-0.4429654107173092
BLK,O,0.5198917303964091
BLK,OMC,0.40061259402305976
BLK,OTIS,0.4353326707358844
BLK,PEG,0.4766141188316495
BLK,PNC,0.5748591860724629
BLK,PPG,0.45610798949547254
BLK,PPL,0.47043580471345325
BLK,PRU,0.4399784628769143
BLK,PSA,0.4969688661020034
BLK,REG,0.45402456119402257
BLK,RF,0.48229479375743434
BLK,RJF,0.4088448729315859
BLK,SHW,0.4255578478639305
BLK,SO,0.4311422022809756
BLK,SPG,0.4404382775876603
BLK,SRE,0.4731390964123588
BLK,STT,0.4318709227680608
BLK,TFC,0.47448394363181134
BLK,TROW,0.41603086241940457
BLK,UDR,0.5386593941560849
BLK,USB,0.42256210550290696
BLK,VICI,0.460615177791014
BLK,WEC,0.48031534885692184
BLK,WFC,0.526160002658208
BMY,CARR,-0.5151814987052502
BMY,CAT,0.4490286202812809
BMY,CMCSA,0.5428393135765721
BMY,GILD,0.41103371002568
BMY,IBM,0.4723370631508822
BMY,JNJ,0.47374232632416324
BMY,LH,0.4302118807034827
BMY,LUV,0.4509931042506892
BMY,META,0.408081648157533
BMY,NEM,-0.4492955885596861
BMY,NFLX,-0.41390836489011157
BMY,NVDA,-0.44171770371330976
BMY,PM,0.46141975344402075
BMY,TER,-0.4548679976816188
BMY,TXT,0.6900445063667137
BMY,WTW,0.5194133404902539
BR,BRO,0.5770652994005157
BR,COO,0.40820439010680976
BR,CPT,0.4638517298981329
BR,EA,0.5747288621614216
BR,ETR,0.41095392184575025
BR,EXR,0.4518774616015025
BR,GIS,0.4221716715490678
BR,JNJ,0.4327107981395002
BR,L,0.40619252144006524
BR,LMT,0.41758107321874494
BR,MAA,0.465831285018487
BR,MMC,0.4892711013025648
BR,NI,0.4428326751487268
BR,PAYX,0.44799005281633164
BR,PG,0.4164194482229282
BR,PSA,0.5461904767695578
BR,REG,0.4322602703523573
BR,UDR,0.4701012678487649
BRK-B,BRO,0.6057568736047104
BRK-B,C,0.44030940993729456
BRK-B,CB,0.5468135819792962
BRK-B,CFG,0.5201716703676503
BRK-B,CINF,0.5268907878634733
BRK-B,CMS,0.49169625576558074
BRK-B,CNP,0.4847946241119356
BRK-B,COF,0.45440246720633165
BRK-B,CVX,0.44162812223378506
BRK-B,D,0.45525402982334945
BRK-B,DTE,0.4977221185167953
BRK-B,DUK,0.5121412078670587
BRK-B,ED,0.4874802693706938
BRK-B,EG,0.554420595638179
BRK-B,EIX,0.5901764738561437
BRK-B,ETR,0.6011861795748644
BRK-B,EVRG,0.4482723848783783
BRK-B,F,0.4487282218019553
BRK-B,FE,0.4295933549154768
BRK-B,FITB,0.5867423134878539
BRK-B,FOX,0.4320973428113276
BRK-B,FOXA,0.42425796605303284
BRK-B,GPC,0.4223501233711401
BRK-B,HBAN,0.519385596174576
BRK-B,HIG,0.5485413227840636
BRK-B,INVH,0.407378714773514
BRK-B,ITW,0.5092368204812618
BRK-B,IVZ,0.4447828802620267
BRK-B,JNJ,0.5571835420357949
BRK-B,JPM,0.506211463597549
BRK-B,KEY,0.4918668018580778
BRK-B,KIM,0.4944472787884244
BRK-B,KLAC,-0.4747246627581997
BRK-B,KMI,0.5035445367599274
BRK-B,KO,0.4668503259300116
BRK-B,L,0.7309296020736743
BRK-B,LMT,0.4443718234467094
BRK-B,LNT,0.4160118662280854
BRK-B,LRCX,-0.40851716436366603
BRK-B,MCD,0.4387266864261648
BRK-B,MDT,0.45282261482007746
BRK-B,MET,0.6601800112369163
BRK-B,MGM,0.4221696774036734
BRK-B,MMC,0.613587766946059
BRK-B,MO,0.47480868784112595
BRK-B,MTB,0.5211809903223715
BRK-B,NI,0.4320324796089548
BRK-B,NTRS,0.43013802504567417
BRK-B,NVDA,-0.6078467719473863
BRK-B,NVR,0.400417680684465
BRK-B,O,0.4329200262411907
BRK-B,OTIS,0.48893491643771775
BRK-B,PEG,0.44866104577801585
BRK-B,PFG,0.6952983148406786
BRK-B,PNC,0.6183803328735247
BRK-B,PPL,0.5359685379641748
BRK-B,PRU,0.7022616227199047
BRK-B,PSKY,0.43461823212327877
BRK-B,REG,0.5386935592053996
BRK-B,SJM,0.4298946412879962
BRK-B,SNPS,-0.40299295336576757
BRK-B,SO,0.5083643902640066
BRK-B,SRE,0.5006398485910661
BRK-B,STT,0.5370231370112984
BRK-B,STZ,0.43091824602858136
BRK-B,TFC,0.43441760568468674
BRK-B,UPS,0.4838776894711013
BRK-B,USB,0.4800755350886171
BRK-B,VICI,0.4842432696962943
BRK-B,VTR,0.41046080030854587
BRK-B,WEC,0.42946673970752847
BRK-B,WFC,0.5496564109687782
BRK-B,WRB,0.508990875910745
BRK-B,WTW,0.6012598503217578
BRK-B,WY,0.444748549952853
BRK-B,XEL,0.4410154791394979
BRK-B,XOM,0.40734824771748135
BRO,CB,0.5404080127374427
BRO,CHD,0.4155848177604492
BRO,CINF,0.5885243059677404
BRO,CL,0.42684052906844844
BRO,CMS,0.40870040691540904
BRO,CNP,0.4071548965250358
BRO,COO,0.41089716137038407
BRO,CTAS,0.5149143160859462
BRO,EA,0.4228430338570253
BRO,ECL,0.5182943840206246
BRO,ED,0.4088088659547861
BRO,EG,0.5813769269883149
BRO,EIX,0.4233698571940941
BRO,ETR,0.46734320960031606
BRO,FAST,0.49631553123645605
BRO,FITB,0.4479303579003751
BRO,FTV,0.4233917077829463
BRO,GD,0.4009710898809095
BRO,GIS,0.44398075933552617
BRO,GPC,0.42206039576976784
BRO,GWW,0.5363092271223797
BRO,HIG,0.628756058158812
BRO,HON,0.5792645649250406
BRO,IEX,0.5180628347182931
BRO,ITW,0.6032246610467172
BRO,JNJ,0.50516227059439
BRO,KVUE,0.42968854489576214
BRO,L,0.6760259353037537
BRO,LMT,0.48711050741842704
BRO,LNT,0.4046426433654511
BRO,LOW,0.4176008899159093
BRO,MCD,0.45803960711992026
BRO,MET,0.6097020771390059
BRO,MMC,0.7835169085742952
BRO,MO,0.4643521668393699
BRO,MTB,0.4293736390645431
BRO,NOC,0.43576000574989854
BRO,NVDA,-0.5439292707306685
BRO,OTIS,0.5040929457937994
BRO,PAYX,0.43570174228155933
BRO,PEP,0.4109433143546247
BRO,PFG,0.566561870425449
BRO,PG,0.4240295285242169
BRO,PGR,0.41503326915044275
BRO,PNC,0.4523226812612924
BRO,PNR,0.4539225706717924
BRO,PPL,0.47936864111629757
BRO,PRU,0.5523577969940111
BRO,PSA,0.42189127692662626
BRO,ROP,0.44819537965706524
BRO,STZ,0.43768617457918585
BRO,TRV,0.46393754313260577
BRO,UDR,0.4302709145571518
BRO,USB,0.4190028332860304
BRO,VRSK,0.5395631966377132
BRO,WFC,0.43582754222871734
BRO,WRB,0.5791800162620355
BRO,WTW,0.5681101380939704
BSX,CSGP,0.6044068113596257
BSX,EW,0.40832269931354265
BSX,FTV,-0.4558026519439821
BSX,HAS,0.4969532914429384
BSX,HLT,0.42366179269773013
BSX,TDY,-0.5028601277438937
BSX,TXN,0.5079589447026397
BSX,WAB,0.6800953483670154
BXP,CCI,0.5060694456260474
BXP,CFG,0.486220751747358
BXP,CMS,0.4714848253235717
BXP,CNP,0.4945652970595925
BXP,COO,0.43907905573134515
BXP,CPT,0.5807972129353792
BXP,CVS,0.43431527753349475
BXP,D,0.4643814300904297
BXP,DOC,0.5485459832099527
BXP,DTE,0.48865090027397085
BXP,DUK,0.47776825220925095
BXP,ED,0.4585408533189614
BXP,EIX,0.5314798438937931
BXP,EQIX,0.4497383629710929
BXP,EQR,0.6458419643890236
BXP,ES,0.4206436146211444
BXP,ESS,0.6887238225493457
BXP,ETR,0.5298150346053818
BXP,EVRG,0.559280591565651
BXP,EXC,0.5059331088869291
BXP,EXR,0.4473852744055595
BXP,FE,0.480528320608089
BXP,FITB,0.5159861143101686
BXP,FRT,0.7185260232840038
BXP,GPN,0.46868550846642
BXP,HBAN,0.44947705307568386
BXP,HD,0.4571889324672624
BXP,INVH,0.5644564575668897
BXP,KEY,0.5309166841863978
BXP,KIM,0.7267350577819728
BXP,KMI,0.44522356024265214
BXP,KO,0.43990494855657936
BXP,LNT,0.49832996312683336
BXP,LOW,0.4612870011026697
BXP,MAA,0.6319286601860573
BXP,MDLZ,0.48039462158924556
BXP,MSFT,-0.4365983955841757
BXP,MTB,0.4324692038028932
BXP,MTCH,0.45766764742066096
BXP,NFLX,-0.40347368879137396
BXP,NI,0.482620256301312
BXP,NTRS,0.4466841142012437
BXP,NVDA,-0.4221955650717529
BXP,O,0.6825893750609584
BXP,PNC,0.6182351362080508
BXP,PNW,0.49500703639412535
BXP,PPL,0.4672883789913971
BXP,PSA,0.6346868988045885
BXP,REG,0.6916923844566137
BXP,RF,0.4982603245084496
BXP,RVTY,0.40158257252964485
BXP,SBAC,0.4506634285047482
BXP,SJM,0.5309778117326506
BXP,SO,0.43638242017647333
BXP,SPG,0.43308956146780925
BXP,SRE,0.48734073342775
BXP,TFC,0.45389348948201197
BXP,UDR,0.7125661023611138
BXP,USB,0.5289118374688817
BXP,VICI,0.5848180572595854
BXP,VTR,0.6011385372673202
BXP,WEC,0.48466579774686724
BXP,WELL,0.4744197217083734
BXP,WY,0.5621504254508874
BXP,XEL,0.4590000897207132
C,CFG,0.6273564256459184
C,COF,0.5749112086013585
C,F,0.4484802713818647
C,FISV,0.40971738738020225
C,FITB,0.5644174344150704
C,GS,0.5457332779138796
C,HBAN,0.5664168888008202
C,JPM,0.5508413041580856
C,KEY,0.6196106475036839
C,KIM,0.4085622404294028
C,MHK,0.40888225207699225
C,MTB,0.5998367796857417
C,NTRS,0.6268916944295772
C,PNC,0.6533535624579071
C,PRU,0.44179486924099604
C,RF,0.5029376998692703
C,RJF,0.4810193856736833
C,SPG,0.4139011788446468
C,STT,0.5603718585906174
C,SYF,0.5404194174523461
C,TFC,0.6788827390636071
C,UAL,0.42501305898318853
C,WFC,0.6073846250378461
CAG,CL,0.4377636020237607
CAG,CPB,0.5584124257826643
CAG,GIS,0.7783426451407356
CAG,HSY,0.4735487922171892
CAG,K,0.5252187198278363
CAG,KHC,0.49823506459092576
CAG,KMB,0.4056960485241463
CAG,KO,0.41661622805778104
CAG,KVUE,0.42847793942912926
CAG,LHX,0.44467686030291814
CAG,LMT,0.43104624023027327
CAG,MDLZ,0.5349234538116105
CAG,OMC,0.40771481444982133
CAG,PAYX,0.46882064243372196
CAG,PEP,0.4636890917623901
CAG,PNC,0.43781437617285773
CAG,SJM,0.45258221140448307
CAG,TSN,0.5089973945024818
CAH,COR,0.5143751130445579
CAH,MCK,0.5964652006181976
CAH,VZ,0.49478625856782205
CARR,CMCSA,-0.44888387091931065
CARR,CMG,0.4501358275030485
CARR,CPRT,0.4382945394168046
CARR,DAL,0.4737357644693294
CARR,DOV,0.6870760804292189
CARR,HUBB,0.40266532884407363
CARR,IBM,-0.4557455049250794
CARR,META,-0.5568243916641827
CARR,NEM,0.5415046135272357
CARR,ROL,0.4690733680915026
CARR,TDY,0.4121202259738864
CARR,TER,0.5059454080181836
CARR,TXT,-0.4419685510303717
CARR,TYL,0.6548788744056725
CARR,UNP,0.45593333966595145
CARR,URI,0.5745765501057531
CARR,ZBRA,0.45830417815886
CAT,CMCSA,0.48977718569008
CAT,DOW,0.40025379981632486
CAT,EOG,0.4317694032202196
CAT,HAL,0.40150880720481974
CAT,IBM,0.5348792612285448
CAT,ITW,0.41356126722597836
CAT,KDP,-0.4460386206983444
CAT,RJF,0.5489966868005286
CAT,TXT,0.6584993102181101
CB,CINF,0.513937073726263
CB,EG,0.7347488469769512
CB,GD,0.4972810749438373
CB,HIG,0.6809972039058905
CB,L,0.6705887105488153
CB,LMT,0.43338407591245315
CB,MET,0.5452719151663001
CB,MMC,0.4994726644688277
CB,PFG,0.5384316525264171
CB,PRU,0.5721891136287897
CB,TRV,0.6162332478980278
CB,WMT,0.46017173910296566
CB,WRB,0.5977317353316908
CBOE,LYV,0.4695487904946774
CBOE,NOC,0.47751585010476283
CBRE,CCI,0.40796884613908635
CBRE,CFG,0.412967159518409
CBRE,CNP,0.41839994444039397
CBRE,COO,0.4228947956717465
CBRE,DHI,0.5164492355571044
CBRE,DOC,0.44291199255966035
CBRE,DOV,0.4624140027924301
CBRE,EIX,0.422564795993294
CBRE,EXR,0.40936222723789933
CBRE,FITB,0.4288065440342648
CBRE,FRT,0.41838175749398954
CBRE,GEN,0.4244432136983238
CBRE,HD,0.578236505297692
CBRE,IDXX,0.44474502900454405
CBRE,IEX,0.43016692184175376
CBRE,IRM,0.4662864044135896
CBRE,IVZ,0.47079726871703254
CBRE,KEY,0.5008504773441784
CBRE,KIM,0.45965768970578696
CBRE,LEN,0.451906175758153
CBRE,LNT,0.42223054506727
CBRE,LOW,0.5175225659705137
CBRE,MAS,0.5122562933374977
CBRE,MHK,0.4235446134149821
CBRE,NTRS,0.4452835711420307
CBRE,NVR,0.40875381478907274
CBRE,PCG,0.4027319754168008
CBRE,PHM,0.5031329215120178
CBRE,PNC,0.4620889712253594
CBRE,PSA,0.46938537617572396
CBRE,REG,0.4676422902602169
CBRE,RF,0.41860351968848974
CBRE,SHW,0.4050102084224951
CBRE,SRE,0.4204206523042529
CBRE,STT,0.4101789958475268
CBRE,TFC,0.5370553132631353
CBRE,USB,0.4394139776676523
CBRE,VICI,0.4893690278987398
CCI,CMS,0.6127013862771438
CCI,CNP,0.5929473628545219
CCI,COO,0.4480073314630533
CCI,CSCO,0.45448534543148233
CCI,D,0.5403847559477502
CCI,DGX,0.4060175848457507
CCI,DHI,0.44368969088042487
CCI,DLR,0.40537835992431653
CCI,DOC,0.5940737160820452
CCI,DTE,0.7038951172766367
CCI,DUK,0.6329935871430318
CCI,ED,0.4406827247251742
CCI,EIX,0.6412930411666751
CCI,ELV,0.4211839527914157
CCI,EQIX,0.431981784891985
CCI,ES,0.5148572350878291
CCI,ETR,0.517287522824109
CCI,EVRG,0.6489269572058408
CCI,EXC,0.5557140731887295
CCI,EXR,0.5460882510995312
CCI,FE,0.6599519599864013
CCI,FITB,0.4295934748268193
CCI,FRT,0.543272192047746
CCI,HD,0.41759492082615984
CCI,HOLX,0.435546628921713
CCI,HON,0.44756961470783574
CCI,JBL,-0.4260527569659215
CCI,JNJ,0.5516140834629923
CCI,KEY,0.4312480588217477
CCI,KIM,0.6856831657939052
CCI,KLAC,-0.4675314370200874
CCI,KMI,0.4088953713583333
CCI,KO,0.4449762328790684
CCI,LEN,0.443527913351892
CCI,LNT,0.6619613835200315
CCI,LOW,0.4469860478211482
CCI,LRCX,-0.4413438909193226
CCI,MDT,0.4035755789815259
CCI,MGM,0.4079839003262058
CCI,MU,-0.566834987000573
CCI,NI,0.48152235143487887
CCI,NVDA,-0.4518007814082185
CCI,NVR,0.41728374854725203
CCI,O,0.5908160515419639
CCI,OTIS,0.4015031633481592
CCI,PCG,0.48481552817346313
CCI,PFE,0.4937144654034566
CCI,PLD,0.484775695835987
CCI,PM,0.44345604468721755
CCI,PNC,0.4570825179188733
CCI,PNW,0.664487155313916
CCI,PPG,0.41279193013443477
CCI,PPL,0.671699511223317
CCI,PSA,0.5868717218859635
CCI,REG,0.6415761986907141
CCI,RF,0.4629517524255945
CCI,SBAC,0.7046329140302848
CCI,SJM,0.4104403749507382
CCI,SNPS,-0.4504759915850089
CCI,SO,0.5908540862403314
CCI,SPG,0.5290443144016788
CCI,SRE,0.6319745646263493
CCI,USB,0.4178965403875544
CCI,VICI,0.6396137635197373
CCI,VTR,0.5665560733891847
CCI,WBD,0.4099273823993743
CCI,WEC,0.6160104391935511
CCI,WELL,0.5435185790427558
CCI,WTW,0.4180869518511509
CCI,WY,0.5916960243561119
CCI,XEL,0.49703151277314495
CCL,NCLH,0.7460753369445329
CCL,RCL,0.7178115577810175
CDNS,CMS,-0.4417968551876579
CDNS,DTE,-0.4420914295993704
CDNS,DUK,-0.43651009493658816
CDNS,EIX,-0.4404665302355558
CDNS,ES,-0.41044649898768526
CDNS,EXC,-0.48845711801415936
CDNS,JPM,-0.44933575626469197
CDNS,KLAC,0.5456971630519206
CDNS,KMB,-0.41633364894074254
CDNS,KO,-0.4405102567397836
CDNS,LNT,-0.42299655987659
CDNS,LRCX,0.5207031968653192
CDNS,MDLZ,-0.45949307596987204
CDNS,MO,-0.42756209784922056
CDNS,MU,0.4185108414339144
CDNS,NEE,-0.4109617616391018
CDNS,NI,-0.5197314204175001
CDNS,PCG,-0.44283164518536655
CDNS,PM,-0.44807738595323204
CDNS,SNPS,0.6485680352741338
CDNS,SO,-0.5239934967463341
CDNS,XEL,-0.45270487066682086
CDW,CLX,0.5425023797071314
CDW,CVS,0.70932545031752
CDW,DD,-0.5992783958463922
CDW,EL,0.5029392247339259
CDW,GPN,0.6560132945195064
CDW,GRMN,-0.6955503850583727
CDW,JCI,0.6356952889800218
CDW,KHC,0.6322163338863136
CDW,NCLH,0.46515886723477295
CDW,RSG,0.47738813399561514
CDW,SBUX,0.7572542026235765
CDW,SWKS,0.6829368384215764
CDW,TECH,-0.6310472229274559
CDW,TEL,0.4114245341174116
CDW,VRSK,-0.44497079612189155
CDW,YUM,0.4323912159283235
CEG,ETN,0.5641655357335129
CEG,NRG,0.5814571002804697
CEG,PWR,0.42119021573236887
CEG,SJM,-0.40643427842873897
CEG,TPL,0.5036819758057053
CEG,TT,0.4193065989173403
CF,CI,0.427247883862359
CF,MOS,0.6148727556637027
CFG,CMS,0.44802387811610134
CFG,CNP,0.49108337489701803
CFG,COF,0.6038317269668224
CFG,CPT,0.40906192472121866
CFG,DD,0.4178198505738124
CFG,DOC,0.5560865461854253
CFG,DTE,0.4913615404773442
CFG,DUK,0.4295987769642423
CFG,ED,0.5100858830842011
CFG,EIX,0.46676903161435
CFG,EQR,0.6101788841536545
CFG,ESS,0.458635239233535
CFG,ETR,0.5230838820444585
CFG,EVRG,0.45301356713189195
CFG,F,0.47238453677940173
CFG,FE,0.4226930994506501
CFG,FITB,0.8404092045069026
CFG,FRT,0.4531210225752044
CFG,GM,0.46397211755927587
CFG,GS,0.5498013386456
CFG,HBAN,0.6793053263985546
CFG,HD,0.41051580273478083
CFG,INVH,0.550154557536324
CFG,ITW,0.43494111062015695
CFG,IVZ,0.4925668365328814
CFG,JNJ,0.4040511946646096
CFG,JPM,0.4297190168169062
CFG,KEY,0.8676397760529423
CFG,KIM,0.5597765091098378
CFG,KMI,0.4635875306263378
CFG,L,0.5328005240928018
CFG,LNT,0.4739238587200194
CFG,LOW,0.5015373903567463
CFG,MAA,0.5425271125083018
CFG,MCO,0.45767727574008277
CFG,MET,0.4995435666185147
CFG,MHK,0.5467245792260315
CFG,MO,0.4095984650479354
CFG,MS,0.45603859797074864
CFG,MTB,0.7545728484839849
CFG,NFLX,-0.5039424384496612
CFG,NI,0.41956000738364513
CFG,NTRS,0.7353697695385648
CFG,NVDA,-0.5759108233029732
CFG,O,0.5265140608223885
CFG,OKE,0.520291870467336
CFG,OMC,0.4855535087068834
CFG,PEG,0.4684268075998697
CFG,PFG,0.5692452531817516
CFG,PHM,0.42758579706782956
CFG,PNC,0.8126426952388714
CFG,PNR,0.4424839464402915
CFG,PNW,0.546578203813426
CFG,PPL,0.44826289087758303
CFG,PRU,0.5466695916258876
CFG,RF,0.7503454114725309
CFG,RJF,0.6331571201820181
CFG,ROK,0.48166149771295913
CFG,SCHW,0.41444451384535813
CFG,SNA,0.4213162519834812
CFG,SO,0.47011658851569293
CFG,SPG,0.5123134823284277
CFG,SRE,0.4956892674516918
CFG,STT,0.6205944022186228
CFG,SYF,0.698406299872137
CFG,TFC,0.7961616893597427
CFG,TROW,0.5221694320875686
CFG,UDR,0.46947286104454644
CFG,USB,0.6755172104674998
CFG,VICI,0.5064416293412533
CFG,WEC,0.48703555835546325
CFG,WFC,0.6675821091017158
CFG,WMB,0.4174807179745371
CFG,WY,0.4649964546092097
CHD,CL,0.43022110776305567
CHD,CLX,0.6386414237466519
CHD,CPB,0.47121116327669954
CHD,DGX,0.41134403937654657
CHD,ECL,0.4621711177308253
CHD,GIS,0.48512775219072896
CHD,KHC,0.539333587420327
CHD,KMB,0.5556188206957017
CHD,KR,0.41043707803152174
CHD,LMT,0.44424822584276946
CHD,MCD,0.4009367215858151
CHD,MDLZ,0.40931342992073966
CHD,OMC,0.4004520962381075
CHD,PG,0.6843835524079946
CHD,RSG,0.4802180502407313
CHD,SJM,0.48977941909313044
CHD,YUM,0.43552563802925387
CHRW,CTVA,0.6110040691383687
CHRW,EXPD,0.4265822320809287
CHRW,HII,-0.4766479744676373
CHRW,HWM,0.6301475707937392
CHRW,K,0.5856761118552896
CHRW,LIN,-0.4225657162558256
CHRW,MRNA,0.5083916900983791
CHRW,PAYC,-0.46952479716933265
CHRW,REGN,0.47327782072371616
CHRW,VTR,0.49366423370704365
CHRW,WDC,-0.4517486972380065
CHTR,CMCSA,0.6116769311584627
CHTR,FOX,0.43707635183354077
CHTR,FOXA,0.4734248585916169
CHTR,MCD,0.4029309610115324
CI,COP,0.5018184629502027
CI,CVX,0.4717963631282122
CI,ELV,0.518768923362114
CI,HII,0.4340268843109611
CI,LIN,0.4813523640118084
CI,MET,0.47911426533821705
CI,MOS,0.4780330298826788
CI,MPWR,-0.4799020194640898
CI,QCOM,-0.523720956620396
CI,SWK,0.40540210865621823
CI,XOM,0.4089812082832623
CINF,EG,0.582812229246255
CINF,GOOG,-0.5926085215359357
CINF,GOOGL,-0.5949811928639619
CINF,GPC,0.4049025860375983
CINF,GWW,0.457635329180286
CINF,HIG,0.7834215339605192
CINF,IEX,0.4656372836896657
CINF,JPM,0.4236929323845031
CINF,L,0.645423249345842
CINF,MET,0.719237902543644
CINF,MMC,0.5973075634971743
CINF,NOC,0.438502011635371
CINF,NVDA,-0.4326068260060644
CINF,OTIS,0.40376129108721864
CINF,PFG,0.6775823698563826
CINF,PRU,0.6195960674305198
CINF,RJF,0.4604578664331557
CINF,STZ,0.4192466232311668
CINF,TRV,0.4983107399447019
CINF,WRB,0.5336646589606237
CINF,WTW,0.6143710714206639
CINF,XOM,0.42284375108906785
CL,CPB,0.441406115573992
CL,CTAS,0.4344368153887535
CL,ECL,0.5313370014335015
CL,ED,0.40235198764722246
CL,ETR,0.4434592517573281
CL,GIS,0.6302995042713158
CL,K,0.4024671252388882
CL,KMB,0.4286260594194763
CL,KO,0.508204087008409
CL,LDOS,0.40224593124518876
CL,MDLZ,0.5390876917408155
CL,MO,0.4362406894452239
CL,NI,0.5239032899968433
CL,PEP,0.4524276706624483
CL,PG,0.6445177865835461
CL,SJM,0.44069842888472366
CL,TT,0.4341519121584325
CLX,COR,0.4056395281683579
CLX,CPB,0.4641545537081825
CLX,CVS,0.5960352571389742
CLX,EL,0.4307485191549558
CLX,GPN,0.41427623041129974
CLX,GRMN,-0.4342428368837379
CLX,KHC,0.6482895091875498
CLX,KMB,0.41390714693017333
CLX,KR,0.5064706499478537
CLX,LMT,0.4614155219225735
CLX,MDLZ,0.47454064806930335
CLX,MKC,0.40074269182299865
CLX,PEP,0.4123124178119511
CLX,PG,0.44732227650471823
CLX,RSG,0.6586082563749256
CLX,SBUX,0.6365147758196114
CLX,SJM,0.46235702362611675
CLX,SWKS,0.4328116423303878
CLX,TECH,-0.513444518813368
CLX,YUM,0.5120083707917702
CMCSA,GILD,0.5116424228603719
CMCSA,HOLX,0.4198866632847907
CMCSA,HON,0.4153948661081863
CMCSA,IBM,0.5363367599519322
CMCSA,LHX,0.4152714258663135
CMCSA,LUV,0.4061792934312658
CMCSA,PNC,0.4000357538321075
CMCSA,RJF,0.4400781300239064
CMCSA,T,0.49153643569360006
CMCSA,TER,-0.4084443790504383
CMCSA,TXT,0.5189250561169746
CMCSA,VTRS,0.43976745037669257
CMCSA,WDC,-0.4300734961301348
CME,NOC,0.44326815423947225
CMG,GILD,-0.5018745564401222
CMG,IBM,-0.5072214836431402
CMG,JBL,0.4249332526918679
CMG,META,-0.43018537326241946
CMG,TXT,-0.402209903885088
CMI,COP,0.40310908909740306
CMI,CVX,0.48721948324406733
CMI,DVN,0.41998266490910585
CMI,EMR,0.4733860511563456
CMI,HIG,0.41947538558094566
CMI,HLT,0.41469769665180845
CMI,HUBB,0.5261737033832796
CMI,IEX,0.4682831808714487
CMI,ITW,0.4556776625495864
CMI,MET,0.5197782862498391
CMI,OTIS,0.4782580209336152
CMI,OXY,0.4665369421439588
CMI,PCAR,0.6379999983591822
CMI,PEG,0.4167815003290917
CMI,PH,0.5223208657377277
CMI,PNR,0.4020880937734409
CMI,PRU,0.4284050796269899
CMI,SLB,0.4041731256193459
CMI,TAP,0.4664758236467005
CMI,TRGP,0.407008793937934
CMI,WM,0.41892205571422003
CMI,XOM,0.4018396073421272
CMS,CNP,0.7937835490844838
CMS,CPB,0.48300246345056297
CMS,CPT,0.4368820935985152
CMS,D,0.7636786143733832
CMS,DGX,0.4547594971358915
CMS,DOC,0.513312630135933
CMS,DTE,0.9166611882309142
CMS,DUK,0.810573762172085
CMS,ED,0.8700291167196863
CMS,EIX,0.821438231897803
CMS,EQR,0.4982662273312926
CMS,ES,0.7121313358710541
CMS,ETR,0.8171064637312393
CMS,EVRG,0.8615667971529107
CMS,EXC,0.7384550492440766
CMS,EXR,0.4464823195966147
CMS,FE,0.7966102779145107
CMS,FITB,0.5134447845081569
CMS,FRT,0.5290296242308234
CMS,GIS,0.40503000088922164
CMS,HBAN,0.4971340569680945
CMS,HD,0.40238667265077277
CMS,HON,0.4644036520429403
CMS,HPE,-0.4443223479400939
CMS,HSY,0.4561504041758944
CMS,ICE,0.40702389564640334
CMS,INVH,0.460126769262697
CMS,ITW,0.4768676997524337
CMS,KEY,0.482541466202395
CMS,KIM,0.5804536356339393
CMS,KLAC,-0.5238218855974435
CMS,KMI,0.46816173809358824
CMS,KO,0.5848115670101585
CMS,KVUE,0.46942793836143426
CMS,L,0.42379089698880756
CMS,LMT,0.4657588449129982
CMS,LNT,0.8339723827241795
CMS,LOW,0.542283018966511
CMS,LRCX,-0.560031858757307
CMS,MAA,0.4620680625432764
CMS,MCD,0.5769808819518432
CMS,MDLZ,0.4967413212373405
CMS,MET,0.47533810649194247
CMS,MMC,0.4566472243006253
CMS,MO,0.5320850963733528
CMS,MTB,0.45315063564178826
CMS,MU,-0.4653093154515648
CMS,NEE,0.6253363345352922
CMS,NI,0.76262306823182
CMS,NOC,0.4051226120844897
CMS,NTRS,0.4392352262287425
CMS,NVDA,-0.5990697435584992
CMS,NVR,0.46715875705349685
CMS,O,0.6308238476786382
CMS,OMC,0.4265050328259548
CMS,PCG,0.5685457974598397
CMS,PEG,0.723283008922047
CMS,PEP,0.4060369562008877
CMS,PFG,0.5387266342120919
CMS,PG,0.5000479777629714
CMS,PM,0.4705658514520024
CMS,PNC,0.538322895411101
CMS,PNW,0.7510824670326025
CMS,PPG,0.435656295308622
CMS,PPL,0.8170989428772848
CMS,PSA,0.5480488256635424
CMS,REG,0.5954331075778544
CMS,RF,0.4528456591930756
CMS,SBAC,0.5267147837354964
CMS,SHW,0.4781432096689248
CMS,SJM,0.49990968351569187
CMS,SNPS,-0.4751241214442706
CMS,SO,0.8427050536123909
CMS,SPG,0.5488204963748721
CMS,SRE,0.8437966130918719
CMS,TFC,0.41039711509055754
CMS,UDR,0.48909452000663417
CMS,UPS,0.4332423913506809
CMS,USB,0.40038718229507547
CMS,VICI,0.6269302116757516
CMS,VTR,0.5443811663960371
CMS,WDC,-0.4813632061026463
CMS,WEC,0.8634776864374332
CMS,WELL,0.637605812222561
CMS,WFC,0.42832653377160773
CMS,WMB,0.46882062101652655
CMS,WTW,0.4041116607762546
CMS,WY,0.51355472043615
CMS,XEL,0.7022013832968749
CMS,XOM,0.4487954495287
CNC,ELV,0.7365097373603554
CNC,HUM,0.5783307359749283
CNC,MOH,0.6231017892462148
CNC,UNH,0.589037734434547
CNC,WTW,0.45807170278511133
CNP,CPB,0.4057568009728574
CNP,D,0.6886630843777376
CNP,DOC,0.5203068499036659
CNP,DTE,0.8538005570521777
CNP,DUK,0.7353301237707004
CNP,ED,0.7482864700524507
CNP,EIX,0.7771565672749011
CNP,EQR,0.5242904403075672
CNP,ES,0.7674913752193103
CNP,ESS,0.41906244587816005
CNP,ETR,0.7260214488580808
CNP,EVRG,0.8042545336183288
CNP,EXC,0.6339443955131713
CNP,EXR,0.5183636327966463
CNP,FE,0.7366957133080804
CNP,FITB,0.5299396107912554
CNP,FRT,0.6060602895204068
CNP,GM,0.4610659248353887
CNP,HD,0.4281533432852514
CNP,HPE,-0.41157525588550015
CNP,INVH,0.47109225483364287
CNP,IRM,0.45767382483939734
CNP,ITW,0.4646648136295094
CNP,IVZ,0.409539220158875
CNP,JNJ,0.4052661043403062
CNP,KEY,0.48884119955869976
CNP,KIM,0.6151385369038405
CNP,KLAC,-0.41716368723230435
CNP,KMI,0.5173395957510467
CNP,KO,0.49385190705703774
CNP,L,0.44429086316718663
CNP,LNT,0.7791553453736723
CNP,LOW,0.5139587753851775
CNP,MAA,0.4332736742234815
CNP,MCD,0.4038616005665712
CNP,MET,0.4045739662097694
CNP,MGM,0.42015329133042717
CNP,MMC,0.49037927844475243
CNP,MO,0.46962703352041774
CNP,MTB,0.45353351510797624
CNP,MU,-0.40527852434739653
CNP,NI,0.6431419865597432
CNP,NTRS,0.4163054974330461
CNP,NVDA,-0.572022578648933
CNP,NVR,0.4124606336462366
CNP,O,0.6583215596832107
CNP,OKE,0.45999801403653345
CNP,PCG,0.5182503259511989
CNP,PEG,0.5906167260520124
CNP,PFG,0.43632601615103717
CNP,PNC,0.5535535293162563
CNP,PNR,0.4074864673525461
CNP,PNW,0.7106939762186676
CNP,POOL,0.41841689228572704
CNP,PPG,0.4637311206926044
CNP,PPL,0.778158843025294
CNP,PSA,0.5973691009281358
CNP,REG,0.570526630162928
CNP,RF,0.5011169676042777
CNP,SBAC,0.5723646435608499
CNP,SHW,0.45327943711242175
CNP,SJM,0.43722060600992807
CNP,SNPS,-0.4783561791857106
CNP,SO,0.7895143756346971
CNP,SPG,0.5704422646664353
CNP,SRE,0.7123530190523859
CNP,TFC,0.4403300821235657
CNP,UDR,0.503102607435836
CNP,USB,0.4215973635439853
CNP,VICI,0.7207688891425565
CNP,VRSN,0.40133854783904993
CNP,VTR,0.49044700513032347
CNP,WDC,-0.4156496170564866
CNP,WEC,0.7931385004525341
CNP,WELL,0.5594267007222481
CNP,WFC,0.4759378498392147
CNP,WMB,0.4930108772934332
CNP,WY,0.532449666832649
CNP,XEL,0.6693297728254419
COF,EQR,0.41527032983279133
COF,F,0.41877955696734215
COF,FITB,0.519765131392093
COF,GPC,0.49734879782636926
COF,GS,0.46640822453629727
COF,HBAN,0.45467850895449685
COF,INVH,0.4145586717665104
COF,KEY,0.5673306836332987
COF,KIM,0.44628982879091
COF,MET,0.42663865934673384
COF,MHK,0.46526996502346
COF,MTB,0.58189921310987
COF,NTRS,0.5860703042129309
COF,PFG,0.4404448322104444
COF,PNC,0.5993649657370933
COF,PRU,0.45753003194278047
COF,RF,0.4917758916779239
COF,RJF,0.5004377441786445
COF,STT,0.587165188502801
COF,SYF,0.7232385699638747
COF,TFC,0.4986480190156846
COF,USB,0.4352797618301059
COF,WFC,0.6873676105001176
COO,DUK,0.43825615980603044
COO,EIX,0.46738693470800197
COO,ES,0.45761140396142463
COO,ESS,0.405713323478805
COO,ETR,0.4759319061129639
COO,FE,0.5106378855263187
COO,INVH,0.43609065863265173
COO,IRM,0.41382056946603346
COO,JKHY,0.44972924831187067
COO,MAA,0.4559306083052671
COO,MET,0.4476449384205672
COO,OTIS,0.463570999960726
COO,PODD,0.4076915429191856
COO,PPL,0.4224958974091594
COO,PRU,0.43703244582499784
COO,PSA,0.4062101424898943
COO,REG,0.4188969944062635
COO,RVTY,0.4036489874698364
COO,STE,0.47730699438831287
COO,UDR,0.4572417173917247
COO,VICI,0.45430980082523564
COP,CTRA,0.6464256229015639
COP,CVX,0.7806480666759641
COP,DOW,0.42384377204153034
COP,DVN,0.8543354196463072
COP,EOG,0.8039577320519709
COP,FANG,0.7230356682394768
COP,FCX,0.5248276583540209
COP,HAL,0.6961483212839258
COP,KMI,0.4412197758650551
COP,LYB,0.5868552798130018
COP,MOS,0.42301939506632885
COP,MPC,0.6029768869793561
COP,OKE,0.567669110336975
COP,OXY,0.7696764083797272
COP,PH,0.41175149791402116
COP,PSX,0.5671861394991303
COP,SLB,0.6598771433899708
COP,TAP,0.43758248263746213
COP,TGT,0.4206711801139864
COP,TRGP,0.6485231509297968
COP,VLO,0.6554469161738912
COP,WMB,0.5622179743424963
COP,XOM,0.7316955531647019
COR,CVS,0.5872795868866019
COR,MA,0.5650803226382344
COR,MCK,0.6937655814900774
COR,MRK,0.40579185175975835
COR,RSG,0.43692103827781464
COR,SBUX,0.4261611949986103
COR,TECH,-0.43086821519837126
COR,V,0.4162187023161922
COST,ISRG,0.46586088333841374
COST,VTRS,-0.44520866614702403
CPAY,CTSH,0.47497393047751135
CPAY,EPAM,0.6528797694889013
CPAY,EQIX,-0.41489441942831495
CPAY,GILD,0.4544063001462188
CPAY,VTRS,0.5537041805580012
CPB,ED,0.46322189196024155
CPB,ETR,0.4131876093387971
CPB,GIS,0.519955082721132
CPB,HSY,0.41448981799265117
CPB,KHC,0.4166539949169759
CPB,KMB,0.5347658323569203
CPB,KO,0.4154348796026057
CPB,KVUE,0.4455832288612514
CPB,MDLZ,0.4588480861683471
CPB,PEP,0.5333217994992185
CPB,PG,0.5377726100041554
CPB,PPG,0.42430331159342055
CPB,PPL,0.4239007684313205
CPB,PSA,0.45134889025351765
CPB,SJM,0.5488883501264841
CPB,SRE,0.47336086457183263
CPB,ULTA,0.41196268424522453
CPB,WEC,0.4084352619213645
CPRT,CTAS,0.5017359736464606
CPRT,HUBB,0.41109911979900515
CPRT,OMC,0.433468558901471
CPRT,ROL,0.40829803124724384
CPT,DLR,0.42543918707602596
CPT,DOC,0.4105591663221693
CPT,DUK,0.4583406727147215
CPT,ED,0.48052257118551683
CPT,EQR,0.7319899712652472
CPT,ES,0.4183362284248357
CPT,ESS,0.6570351484307517
CPT,ETR,0.4648870336139019
CPT,EVRG,0.5293062324419482
CPT,EXR,0.4416723760444378
CPT,FE,0.4203267730012288
CPT,FITB,0.41959422097519034
CPT,HD,0.4483120195379411
CPT,HON,0.431684153557829
CPT,INVH,0.5816638512747451
CPT,IVZ,0.4066664546439076
CPT,KEY,0.4023496644648644
CPT,KIM,0.5077830051705798
CPT,LNT,0.47287625118224735
CPT,LOW,0.40965543266593846
CPT,MAA,0.7893149336655283
CPT,NI,0.42397571434974196
CPT,NTRS,0.44902325601455473
CPT,O,0.5316086295022706
CPT,PNC,0.4857929509850862
CPT,PNW,0.4210376909205631
CPT,PPL,0.40046957135677974
CPT,PSA,0.5465656427084903
CPT,SPGI,0.4098957785085886
CPT,UDR,0.8062069352187646
CPT,VTR,0.41556337802734555
CPT,WEC,0.4657933280146763
CPT,XEL,0.43270688282993286
CRL,IQV,0.5173182154127013
CRL,RJF,0.42396176122064766
CRL,TMO,0.41553029364394056
CRM,DG,0.4408195591286791
CRM,HPQ,-0.7446600882474967
CRM,HRL,0.5922948118843382
CRM,INTU,0.4706792315028019
CRM,NOW,0.7825612178962469
CSCO,ETN,-0.41102253044839787
CSCO,FFIV,0.41752539824053897
CSCO,JNJ,0.42315166126676257
CSCO,KO,0.40328245899363974
CSCO,LNT,0.41446114349769697
CSCO,MCD,0.41561980059080605
CSCO,MU,-0.404494954958936
CSGP,EQR,0.4167965755952499
CSGP,MSCI,0.4146173706288299
CSGP,NDAQ,0.4540469990010251
CSGP,NFLX,-0.414657126364645
CSGP,PEP,0.4566091928078467
CSGP,TXN,0.5445870607302726
CSGP,WAB,0.6074159913232262
CSX,DOV,0.4757385419787482
CSX,EMR,0.43544965703619076
CSX,FTV,0.5826874687297949
CSX,IEX,0.5344115353639562
CSX,MAS,0.4230793550587141
CSX,NSC,0.7050648127604613
CSX,ODFL,0.4247894103974404
CSX,OTIS,0.4645902541731285
CSX,TDY,0.44811466591735627
CSX,TEL,0.40170325516939775
CSX,UNP,0.6028811557180903
CSX,UPS,0.41295657301994054
CTAS,MMC,0.4504818055642471
CTAS,MSI,0.44930168664994896
CTAS,PAYX,0.4261151755202239
CTAS,ROP,0.4226933950983202
CTAS,VRSK,0.5073854677848199
CTRA,CVX,0.6910754252726748
CTRA,DVN,0.7036422918907873
CTRA,EOG,0.6424343647150154
CTRA,EQT,0.5965953187395234
CTRA,FANG,0.672225457873001
CTRA,HAL,0.6504996926453
CTRA,KMI,0.5348740018086837
CTRA,LYB,0.45278287940400996
CTRA,MPC,0.4367029359244216
CTRA,OKE,0.6015121876208033
CTRA,OXY,0.6163942044802415
CTRA,PSX,0.43183361923274316
CTRA,SLB,0.4950377643783216
CTRA,TAP,0.45576056288254957
CTRA,TGT,0.40906286741350334
CTRA,TRGP,0.565375097463805
CTRA,WM,0.42780141006351213
CTRA,WMB,0.6461641501690185
CTRA,XEL,0.40900269295865566
CTRA,XOM,0.6411626354589519
CTSH,GILD,0.5031516312943732
CTSH,JKHY,0.46388361572940445
CTSH,NSC,0.41286163975680645
CTSH,ROP,0.41165461566839867
CTSH,TSN,0.4944267855232139
CTVA,DE,0.4390994038195377
CTVA,HWM,0.4184475074059125
CTVA,K,0.43745683450121753
CTVA,MKC,0.45601759837238914
CTVA,NUE,0.42360514408714295
CTVA,REGN,0.42350942329076263
CTVA,WBD,0.44764911061928453
CVS,DD,-0.5125881103183337
CVS,EL,0.5209637022177731
CVS,ELV,0.4304472819753316
CVS,GPN,0.6534851484189124
CVS,GRMN,-0.6192088185060924
CVS,JCI,0.43882170051630326
CVS,KHC,0.5781293620657677
CVS,LHX,0.40330169745643607
CVS,MA,0.4084536935175934
CVS,MSFT,-0.4788118360326581
CVS,NCLH,0.5529747970079664
CVS,RSG,0.538202938779165
CVS,SBUX,0.7804468421211845
CVS,SWKS,0.6322121037705383
CVS,TECH,-0.6160690441789133
CVS,YUM,0.5019100375474617
CVX,D,0.4153560275022131
CVX,DOW,0.42265672822323425
CVX,DVN,0.8043514785853272
CVX,EIX,0.4362117399036097
CVX,EOG,0.7948481346117189
CVX,ETR,0.42933997678273345
CVX,EXC,0.4250930909724334
CVX,FANG,0.7205032490892218
CVX,FCX,0.4521686833018459
CVX,GIS,0.40163387851335686
CVX,HAL,0.7250927770333726
CVX,INVH,0.44067143180255575
CVX,ITW,0.4057571554062242
CVX,JPM,0.442618836186778
CVX,KMI,0.5326501030618666
CVX,L,0.4491511375788335
CVX,LMT,0.5069031532186931
CVX,LYB,0.5546304131046521
CVX,MPC,0.5464824393492579
CVX,NEM,0.40386927426350894
CVX,NI,0.42376568331839926
CVX,OKE,0.6185934549720463
CVX,OXY,0.7559293796185832
CVX,PEG,0.5297343346953048
CVX,PFG,0.4375199534866126
CVX,PSX,0.5411689041680892
CVX,SLB,0.6770055241692523
CVX,SRE,0.4167474842344617
CVX,SYY,0.44570397099468095
CVX,TAP,0.5638250242522076
CVX,TGT,0.5308404145804185
CVX,TRGP,0.615121498445325
CVX,UNP,0.44668189208854436
CVX,URI,0.44032245957518024
CVX,VLO,0.5204449434182142
CVX,WM,0.5013123655176468
CVX,WMB,0.6201359146450105
CVX,XOM,0.7524006769417234
D,DGX,0.45402766265568945
D,DOC,0.5709473006917974
D,DTE,0.7977478021071346
D,DUK,0.7559385523695208
D,ED,0.6983903591141655
D,EIX,0.8047344037862183
D,EQR,0.44701176598837844
D,ES,0.6916222499092834
D,ETR,0.6956479854683992
D,EVRG,0.76415781995424
D,EXC,0.6836284802518934
D,EXR,0.4089311400745131
D,FE,0.6891481622854798
D,FITB,0.4255810462048006
D,FRT,0.5547616890992744
D,HON,0.4170115712229199
D,KIM,0.4926156482638282
D,KLAC,-0.4525463612124764
D,KMI,0.5015489489402547
D,KO,0.5038879385212308
D,LNT,0.6877493671002992
D,LRCX,-0.49528309642072804
D,MCD,0.41506442316739134
D,MDLZ,0.5037873621704614
D,MO,0.4137940915026228
D,MOS,0.40840655885607996
D,MU,-0.4283936164559183
D,NEE,0.585831076283285
D,NI,0.6373773333963259
D,NVDA,-0.546246507210362
D,O,0.5346983346013917
D,OKE,0.42313311134564846
D,ORCL,-0.41276923063621984
D,PCG,0.6671748386148023
D,PEG,0.6455868480932735
D,PFG,0.4360323883064292
D,PM,0.43046844006388374
D,PNC,0.4229751443454119
D,PNW,0.6538170712875813
D,PPL,0.783969897822857
D,PSA,0.49956753951683214
D,REG,0.5405473950636491
D,SBAC,0.505025493561202
D,SNPS,-0.45520827983697437
D,SO,0.7682277556838737
D,SPG,0.47967189380735203
D,SRE,0.7513103429994359
D,UDR,0.4625148938079039
D,VICI,0.5522808433172851
D,VTR,0.4888778164748577
D,WEC,0.6941053195196006
D,WELL,0.5631532696369705
D,WMB,0.434944418412077
D,XEL,0.6664217903511346
D,XOM,0.4100588854583612
DAL,DOV,0.44032897563060386
DAL,KDP,0.40567249287533963
DAL,TDY,0.46884293762500956
DAL,UAL,0.6071558669650908
DAY,INTU,0.5042117637038998
DD,DOW,0.47518088959318366
DD,EL,-0.49156171624169376
DD,GPN,-0.5156492319189908
DD,GRMN,0.7485333354020722
DD,JCI,-0.4037605301260086
DD,SBUX,-0.559478679681584
DD,SWKS,-0.5402975830858229
DD,TECH,0.6790232123555843
DD,VRSK,0.5949302011814432
DE,ESS,0.4081594102224921
DE,ITW,0.43652653941906167
DE,LMT,0.4415752523336138
DE,LOW,0.45640283317042707
DE,MAS,0.415430210375408
DG,DLTR,0.45551824873260166
DG,HPQ,-0.5121069706119894
DG,HRL,0.4773547887374638
DGX,DHR,0.434392391203042
DGX,DUK,0.432493165044323
DGX,EIX,0.41143440179742036
DGX,GM,0.40113692694473396
DGX,HSY,0.4033531483942466
DGX,ITW,0.40844066901809684
DGX,KMB,0.5664555198813674
DGX,LH,0.5543084227461852
DGX,MDLZ,0.504350386576076
DGX,MDT,0.4085614938186105
DGX,MET,0.42342124414776827
DGX,NVDA,-0.45389828586003694
DGX,PM,0.4616212918260771
DGX,PPL,0.42901578039590943
DGX,REG,0.42797915998747027
DGX,RVTY,0.43136108551461577
DGX,SJM,0.4655627253469131
DGX,SO,0.41874569589736793
DGX,SRE,0.46041246413192305
DGX,TMO,0.5384876464989191
DGX,UPS,0.40932538060310697
DGX,WEC,0.40693309931746907
DGX,ZBH,0.44996047961529534
DHI,DOC,0.5172234591852041
DHI,EIX,0.4317134804992209
DHI,FRT,0.41126677564239533
DHI,HD,0.4434920719044006
DHI,KEY,0.4583169654081044
DHI,KIM,0.5181783990179877
DHI,KR,-0.4020554313394335
DHI,LEN,0.9025932057966053
DHI,LOW,0.4666056955930237
DHI,MAS,0.5864109421031222
DHI,MHK,0.4581202321719655
DHI,NEE,0.44629928356983467
DHI,NTRS,0.4056621235236463
DHI,NVR,0.793277255342246
DHI,PHM,0.8954180150930607
DHI,POOL,0.6244580929396163
DHI,REG,0.525036945827165
DHI,SBAC,0.4387136597134338
DHI,SHW,0.4280790802974096
DHI,SPG,0.4628987986277226
DHI,STT,0.4295433472775572
DHI,VICI,0.4839854523779188
DHI,VTR,0.4302702751780928
DHI,WY,0.44592638949190666
DHR,KMB,0.4380968621055932
DHR,LKQ,-0.4672963967718244
DHR,MSCI,-0.45180173359706055
DHR,NUE,-0.4395731613036317
DHR,PM,0.44544953655174835
DHR,TMO,0.6904887324412529
DHR,WAT,0.47487377700043104
DIS,J,0.5549236282804
DLR,EQIX,0.47374620559328656
DLR,HD,0.42156737877575345
DLR,PLD,0.4201445386620681
DLR,WY,0.42145787539519275
DLTR,GM,0.41245797023121217
DLTR,SYY,0.4188416927095647
DLTR,TGT,0.4297416048218873
DOC,DTE,0.5865605928962154
DOC,DUK,0.5326308527979935
DOC,ED,0.5463066892519423
DOC,EIX,0.605511995517875
DOC,EQR,0.5815255679636314
DOC,ES,0.5667961821472827
DOC,ESS,0.5548956362060582
DOC,ETR,0.5242554227318474
DOC,EVRG,0.5384975612633658
DOC,EXC,0.567511794091053
DOC,EXR,0.5743119764188094
DOC,FE,0.5751800378484206
DOC,FITB,0.502660829564495
DOC,FRT,0.6934632518294318
DOC,GS,0.42248351310824667
DOC,HBAN,0.57722105179424
DOC,HD,0.41254864877401826
DOC,INVH,0.6329257948622835
DOC,IRM,0.4598280774637319
DOC,IVZ,0.4039041804739288
DOC,KEY,0.643927515444525
DOC,KIM,0.6280895749466046
DOC,LEN,0.45571284567077586
DOC,LNT,0.5330271232181566
DOC,LOW,0.49015363749211555
DOC,MAA,0.5805363933882154
DOC,MAS,0.4493586912442887
DOC,MHK,0.5139502068693595
DOC,MTB,0.462571986477055
DOC,NI,0.5706705674976438
DOC,NTRS,0.5767998785496006
DOC,NVDA,-0.4745642057450913
DOC,NVR,0.48582215650380667
DOC,O,0.6476287753606976
DOC,PCG,0.5293107379715637
DOC,PEG,0.47518193296442546
DOC,PHM,0.5274756848639927
DOC,PLD,0.4031246840304032
DOC,PNC,0.640563036328889
DOC,PNR,0.41675275150801677
DOC,PNW,0.5709997605537326
DOC,POOL,0.5140005419269196
DOC,PPG,0.49737863545939215
DOC,PPL,0.5987149467307512
DOC,PSA,0.6190471342619247
DOC,REG,0.6048660899374887
DOC,RF,0.6181834022558426
DOC,SBAC,0.6273487178978276
DOC,SHW,0.4235088649586498
DOC,SO,0.5216019285990605
DOC,SPG,0.5503367544749621
DOC,SRE,0.6171594418129009
DOC,STT,0.46524611797289667
DOC,TFC,0.4766253750427727
DOC,TROW,0.41287551146134477
DOC,UDR,0.43905984541078946
DOC,USB,0.4646788876653516
DOC,VICI,0.6231838601383516
DOC,VTR,0.6039691270611556
DOC,WEC,0.5144736835094765
DOC,WELL,0.5782311894446918
DOC,WFC,0.4760295708563227
DOC,WY,0.4718316134505769
DOC,XEL,0.40253729841280095
DOV,EMR,0.5050637569192398
DOV,FAST,0.43716868819485644
DOV,FITB,0.4208529167631648
DOV,IEX,0.5177766751351831
DOV,IR,0.4492130968667083
DOV,LOW,0.5059245532581113
DOV,MAS,0.4712123786169332
DOV,META,-0.5365834423790281
DOV,NEM,0.5038375159536627
DOV,PEG,0.43011066219174576
DOV,PH,0.6182367060868336
DOV,PNR,0.5973017790577181
DOV,ROK,0.490399483300975
DOV,TDG,0.41534124216970936
DOV,TDY,0.4339095278784609
DOV,TEL,0.4269411654436485
DOV,TER,0.49209610049575814
DOV,TT,0.44063302531961124
DOV,TYL,0.612251140649319
DOV,UNP,0.5521227730935454
DOV,URI,0.5788830357694655
DOV,XYL,0.4395643280687775
DOV,ZBRA,0.46376606020602357
DOW,DVN,0.5085106187440032
DOW,EOG,0.4372558490727883
DOW,FCX,0.44975366626442936
DOW,HAL,0.4641303507800356
DOW,ITW,0.4111941583784141
DOW,LYB,0.7945732844252575
DOW,MHK,0.41301185831762677
DOW,NVDA,-0.4087113985241309
DOW,PEG,0.4996739186678943
DOW,PH,0.42973251205838525
DOW,PKG,0.4823391792471281
DOW,PNR,0.4335652106711878
DOW,RF,0.4009125576535803
DOW,SWK,0.4450604076779766
DOW,TSCO,0.4548720329075881
DRI,MCD,0.4065729875507895
DRI,SYY,0.40304930020662605
DTE,DUK,0.8344586813581559
DTE,ED,0.8213225921772311
DTE,EIX,0.8429612064894757
DTE,EQR,0.535473542014312
DTE,ES,0.7722891088282806
DTE,ETR,0.8134575785958011
DTE,EVRG,0.9030882586079283
DTE,EXC,0.7768480753523542
DTE,EXR,0.4807397765830214
DTE,FE,0.8329997440158131
DTE,FITB,0.5308120058061334
DTE,FRT,0.5747488364113972
DTE,HBAN,0.49855298017239263
DTE,HD,0.4052718380280622
DTE,HON,0.48871541900815674
DTE,HPE,-0.4457191600036769
DTE,HSY,0.41845864970885854
DTE,ICE,0.41164089305252255
DTE,INVH,0.4884136929384626
DTE,IRM,0.4331861519774521
DTE,ITW,0.47641505215427216
DTE,IVZ,0.4059593328360772
DTE,JNJ,0.4413378043895456
DTE,KEY,0.5217889385699052
DTE,KIM,0.6114963761489537
DTE,KLAC,-0.5431482099558392
DTE,KMI,0.5542142061060364
DTE,KO,0.5825007518665426
DTE,KVUE,0.403709179069374
DTE,L,0.4308527739817325
DTE,LNT,0.8475671122253319
DTE,LOW,0.4767264371172562
DTE,LRCX,-0.5433476461256604
DTE,MAA,0.45479081238987507
DTE,MCD,0.5154159102507819
DTE,MDLZ,0.4618280461866076
DTE,MET,0.45672419028071803
DTE,MMC,0.46437143226881816
DTE,MO,0.5074253902879948
DTE,MTB,0.4667140686219994
DTE,MU,-0.5127331115188447
DTE,NEE,0.5275001378769971
DTE,NI,0.7556319367011107
DTE,NTRS,0.45487494027712033
DTE,NVDA,-0.6206089571614738
DTE,NVR,0.45736803495214023
DTE,O,0.6804863527112898
DTE,OKE,0.43701648752911143
DTE,PCG,0.6750659903670739
DTE,PEG,0.7078084549426883
DTE,PFG,0.48567103467498624
DTE,PG,0.4511105251542659
DTE,PM,0.48903775603440564
DTE,PNC,0.5565673015238829
DTE,PNW,0.799304973510706
DTE,PPG,0.4369424093763183
DTE,PPL,0.8872544719950974
DTE,PSA,0.567908272984238
DTE,REG,0.5998077261049807
DTE,RF,0.5362941489253694
DTE,SBAC,0.6039222525366222
DTE,SHW,0.5027888164095442
DTE,SJM,0.487828425127088
DTE,SNPS,-0.5174890009455997
DTE,SO,0.8460788678416614
DTE,SPG,0.5379977644426573
DTE,SRE,0.8677126094497079
DTE,STT,0.40854192361437514
DTE,TFC,0.45613202569925865
DTE,UDR,0.4971316957737238
DTE,USB,0.45346761118715095
DTE,VICI,0.6697070790773673
DTE,VTR,0.5508811148810367
DTE,WDC,-0.47368973892168215
DTE,WEC,0.8576225825391398
DTE,WELL,0.631636068422814
DTE,WFC,0.4688843534229083
DTE,WMB,0.5224259907005605
DTE,WTW,0.4457343407995348
DTE,WY,0.5388743825513386
DTE,XEL,0.76889359930055
DTE,XOM,0.41000679633152676
DUK,ED,0.7754990817452507
DUK,EIX,0.8144534341181019
DUK,EQR,0.5078577375305243
DUK,ES,0.7682711559597614
DUK,ESS,0.45272929779330634
DUK,ETR,0.8045421754616603
DUK,EVRG,0.8056466099920613
DUK,EXC,0.7565437937675623
DUK,EXR,0.45956700299594344
DUK,FE,0.7928702589868585
DUK,FITB,0.5053519441476334
DUK,FRT,0.552300573425606
DUK,HBAN,0.4455510022437022
DUK,HON,0.49537500022514264
DUK,HPE,-0.43881796633828524
DUK,HSY,0.4514995644881832
DUK,ICE,0.5259414703094087
DUK,INVH,0.5890782060019485
DUK,JKHY,0.41130126209721307
DUK,JNJ,0.49143516089049055
DUK,KEY,0.44938707447305537
DUK,KIM,0.5197551398035364
DUK,KLAC,-0.5704310024126727
DUK,KMI,0.5730190465034052
DUK,KO,0.6190968642602314
DUK,LMT,0.4141941187090794
DUK,LNT,0.7885207158290245
DUK,LRCX,-0.5804820360481886
DUK,MAA,0.5296113627368042
DUK,MCD,0.4428128205599731
DUK,MDLZ,0.45565309160621625
DUK,MET,0.4634086077699139
DUK,MMC,0.4868321671972887
DUK,MPWR,-0.44178761826671187
DUK,MU,-0.5798395717543646
DUK,NEE,0.5461893028586667
DUK,NI,0.7296216295644313
DUK,NVDA,-0.6346768202829786
DUK,NVR,0.4201274213356754
DUK,O,0.6798060487617952
DUK,OMC,0.4392889050286319
DUK,PCG,0.6754664553899219
DUK,PEG,0.5992742225953475
DUK,PEP,0.40657573273788494
DUK,PFG,0.4315941730893675
DUK,PG,0.4169738064536041
DUK,PM,0.5019844309612038
DUK,PNC,0.49354199118773345
DUK,PNW,0.7812563821181457
DUK,PPL,0.8199309118989394
DUK,PRU,0.4066743882422221
DUK,PSA,0.5623145777100974
DUK,REG,0.5593750385288198
DUK,RF,0.4115212860605616
DUK,SBAC,0.5650671688348565
DUK,SJM,0.47457737185659266
DUK,SNPS,-0.4665053803731053
DUK,SO,0.8145931558710225
DUK,SPG,0.5288952768677988
DUK,SRE,0.8036114496125507
DUK,UDR,0.5817278548630551
DUK,VICI,0.7199955721898236
DUK,VRSN,0.4410922775676423
DUK,VTR,0.4660429998188216
DUK,WDC,-0.48709953170976716
DUK,WEC,0.8016731378623324
DUK,WELL,0.5592300238855915
DUK,WFC,0.42065234362448034
DUK,WTW,0.43752506994429546
DUK,WY,0.510703076772164
DUK,XEL,0.7404308368584454
DVA,EXPE,0.4520907091311133
DVA,HCA,0.45478706030958893
DVA,TRMB,0.41397763259092085
DVA,UHS,0.4470618304548516
DVN,EOG,0.8595952949279938
DVN,EQT,0.45318973167022397
DVN,FANG,0.7671477086331056
DVN,FCX,0.48615431718305885
DVN,HAL,0.7589372773504143
DVN,KMI,0.46225066937915243
DVN,LYB,0.6205826760890135
DVN,MOS,0.4119636140205289
DVN,MPC,0.5139002703271918
DVN,OKE,0.5845396369634855
DVN,OXY,0.7948726335701951
DVN,PEG,0.4352668397695959
DVN,PH,0.41407117105206714
DVN,PSX,0.5212645097149294
DVN,SLB,0.6592361296562044
DVN,TAP,0.4608168934484156
DVN,TGT,0.4321127319122782
DVN,TRGP,0.6560842891250283
DVN,URI,0.4538999160352468
DVN,VLO,0.5118426302575878
DVN,WM,0.46572343246277464
DVN,WMB,0.5857299834324146
DVN,XOM,0.7071779356743054
DXCM,FICO,0.5066465071278118
DXCM,LHX,-0.45717795694249946
DXCM,TROW,-0.4645589920674738
EA,NDAQ,0.4082953277531763
EA,PFE,0.40184226415212826
EA,VRSK,0.4057775547793387
EBAY,HII,0.5234709818417741
EBAY,LHX,0.459268969751858
EBAY,LIN,0.42979618046071266
EBAY,STZ,0.4051022110597691
EBAY,T,0.4003636701793603
ECL,GLW,0.4229249640823807
ECL,LDOS,0.49901724652848045
ECL,MCK,0.42632293087650497
ECL,MMC,0.5550754439903398
ECL,PG,0.41963036875075194
ECL,PNR,0.4234230342610896
ECL,SHW,0.40179012556819477
ECL,TDG,0.40320156682396446
ECL,TT,0.5525300695443313
ED,EIX,0.7474378899108305
ED,EQR,0.5934977616261272
ED,ES,0.716017638576566
ED,ESS,0.4832880909194992
ED,ETR,0.7981487113818128
ED,EVRG,0.8064132886779034
ED,EXC,0.6721974277128894
ED,EXR,0.4672178068056496
ED,FE,0.7536314225167101
ED,FITB,0.49562844253336463
ED,FRT,0.543781053706822
ED,GIS,0.4441523942601132
ED,GS,0.44136757044074204
ED,HBAN,0.44353466514719364
ED,HON,0.4068966976163888
ED,INVH,0.5441920259502078
ED,ITW,0.45695918789269524
ED,JKHY,0.437021219349525
ED,JNJ,0.4102397219518584
ED,KEY,0.4979128917157643
ED,KIM,0.547839638290719
ED,KLAC,-0.43945629633448324
ED,KMI,0.40088435929789445
ED,KO,0.5063385734390152
ED,KVUE,0.40587116175141097
ED,L,0.4163501927763437
ED,LMT,0.4186907177483173
ED,LNT,0.7489624982039584
ED,LOW,0.47405925785571895
ED,LRCX,-0.49195672172769966
ED,MAA,0.5464131443385273
ED,MCD,0.49465751854806844
ED,MCO,0.42636941388401817
ED,MDLZ,0.44492014260161045
ED,MET,0.4725015856000791
ED,MMC,0.5045396782195131
ED,MO,0.43802659201331806
ED,MTB,0.5532961251614841
ED,NEE,0.5953397541148014
ED,NI,0.7470073069013952
ED,NOC,0.4152676858288882
ED,NTRS,0.5537577140759014
ED,NVDA,-0.6035499536410338
ED,NVR,0.45035439907561575
ED,O,0.6109047045729963
ED,OMC,0.4896771189776961
ED,PCG,0.6008793459194061
ED,PEG,0.6668189284791249
ED,PEP,0.4123980182665454
ED,PFG,0.4977949774231775
ED,PG,0.4520205369065829
ED,PNC,0.5450738986140008
ED,PNR,0.40994910164442006
ED,PNW,0.6920936980410837
ED,PPG,0.5268436907022742
ED,PPL,0.757792947807801
ED,PSA,0.5574722438690466
ED,REG,0.5571954318603312
ED,RF,0.47362497498924416
ED,SBAC,0.4761530679592891
ED,SHW,0.4718386709868264
ED,SJM,0.4250435759547411
ED,SNPS,-0.4026537249560942
ED,SO,0.7764612117251144
ED,SPG,0.4746089524439754
ED,SPGI,0.42838159969511597
ED,SRE,0.775486614006173
ED,STT,0.4577256459444993
ED,TFC,0.43166874380078984
ED,UAL,0.4399696293516151
ED,UDR,0.5461514122371928
ED,UPS,0.4335073879915404
ED,VICI,0.6280851346960831
ED,VTR,0.5257721247791389
ED,WDC,-0.41860748289618754
ED,WEC,0.8053662831105033
ED,WELL,0.6062059084432452
ED,WFC,0.46684270110451426
ED,WY,0.4772913392288706
ED,XEL,0.6513504808739835
EFX,EXR,0.5489299475918684
EFX,FICO,0.42163109966050144
EFX,KEYS,0.5066227716345633
EFX,NDSN,0.4996707922527309
EFX,PSA,0.44243337647032516
EFX,SNA,0.5870222173803847
EG,HIG,0.6573804491549723
EG,ITW,0.4490478100913945
EG,JPM,0.4594198970872421
EG,L,0.6872770915816776
EG,LMT,0.45899254228746067
EG,MET,0.5300443756809308
EG,MMC,0.4954140046535791
EG,MO,0.44238203404202453
EG,NOC,0.4116887090537194
EG,NVDA,-0.41223701012595987
EG,PFG,0.5822214635792713
EG,PGR,0.5036066277491509
EG,PRU,0.5723294301150892
EG,STZ,0.4427272595526856
EG,TRV,0.5763026104219464
EG,WM,0.4232223522618538
EG,WMT,0.40283452563703404
EG,WRB,0.6735220326461138
EG,WTW,0.4253779439787593
EIX,EQR,0.5026796353419953
EIX,ES,0.7221252332961163
EIX,ESS,0.40233327572712463
EIX,ETR,0.8236642486626057
EIX,EVRG,0.7899035954757722
EIX,EXC,0.7224866790058854
EIX,EXR,0.4753523040302293
EIX,FE,0.8250553081632345
EIX,FITB,0.5465349550419834
EIX,FRT,0.5670790154337547
EIX,HBAN,0.48393672784481095
EIX,HPE,-0.43011592651764075
EIX,HSY,0.40102099989276535
EIX,ICE,0.40751691180360206
EIX,INVH,0.5115094699345111
EIX,IRM,0.40964448774796314
EIX,ITW,0.4149616129552964
EIX,IVZ,0.40984219549163864
EIX,KEY,0.4920352200410485
EIX,KIM,0.6236316739204066
EIX,KLAC,-0.48640705757137626
EIX,KMI,0.5734723266784091
EIX,KO,0.5312221783595635
EIX,L,0.479025226181723
EIX,LEN,0.40298259989459706
EIX,LMT,0.4866141129982446
EIX,LNT,0.7565068540317884
EIX,LOW,0.4032831642785189
EIX,LRCX,-0.49238856174818413
EIX,MAA,0.45043025396775505
EIX,MCD,0.42753107405511775
EIX,MDLZ,0.4797879203519285
EIX,MET,0.48272202049968854
EIX,MMC,0.5076670733557918
EIX,MO,0.5068272780759554
EIX,MTB,0.452542906445564
EIX,MU,-0.485661788703198
EIX,NEE,0.5800680542783083
EIX,NI,0.7339963160606156
EIX,NTRS,0.4543819877994719
EIX,NVDA,-0.5611010584547562
EIX,NVR,0.4820711292749475
EIX,O,0.6978461064423102
EIX,OKE,0.4542827196786865
EIX,OTIS,0.43304222477225357
EIX,PCG,0.736899542404349
EIX,PEG,0.6811311666750307
EIX,PFG,0.5216785634949
EIX,PHM,0.402407254950054
EIX,PNC,0.5584292785693291
EIX,PNW,0.7566036982005734
EIX,PPL,0.8212007183004804
EIX,PRU,0.40898711992712466
EIX,PSA,0.5947699625468871
EIX,REG,0.6052987071103199
EIX,RF,0.42240459669208696
EIX,SBAC,0.5978523306508898
EIX,SNPS,-0.49251970615411217
EIX,SO,0.8013949393108557
EIX,SPG,0.6381219957347614
EIX,SPGI,0.4238562110533107
EIX,SRE,0.8106821343078223
EIX,STT,0.42881917145875686
EIX,TFC,0.4521036683334675
EIX,UDR,0.5253173524150816
EIX,USB,0.4517973350444424
EIX,VICI,0.6923558584044103
EIX,VTR,0.5663550717310493
EIX,WEC,0.767333374421038
EIX,WELL,0.5803492260588139
EIX,WFC,0.4545688938005536
EIX,WMB,0.5548598876739856
EIX,WTW,0.4411109556937822
EIX,WY,0.4987776362458606
EIX,XEL,0.720061051014156
EIX,XOM,0.4850012484341989
EL,GPN,0.6411315014541266
EL,GRMN,-0.552835713024662
EL,K,0.4045891050329782
EL,KHC,0.6762194410884182
EL,MDLZ,0.4806988176614444
EL,SBUX,0.6704989285240754
EL,SWKS,0.4253960238478789
EL,VRSK,-0.4281013517013387
EL,YUM,0.4757157275404347
ELV,ETR,0.5048800408010643
ELV,EXC,0.4251043344691669
ELV,GPC,0.4801931639673182
ELV,HUM,0.4980237093028735
ELV,INVH,0.43432908256058694
ELV,ITW,0.41365448298425994
ELV,KMI,0.4117854716189618
ELV,KO,0.4453847948162529
ELV,KVUE,0.4146718628793225
ELV,MMC,0.5030730363390163
ELV,MO,0.42467594589075375
ELV,MOH,0.5003942268721294
ELV,NI,0.4421985682789215
ELV,O,0.40987600672894586
ELV,SRE,0.40172645757678516
ELV,UNH,0.7095402068657124
ELV,WTW,0.43876593316778534
EMR,ETN,0.502712648918927
EMR,FAST,0.424705709587085
EMR,GWW,0.5028275345812229
EMR,HUBB,0.495449075122925
EMR,IR,0.5038980678269261
EMR,JCI,0.4063955614377019
EMR,PH,0.5727318692317201
EMR,PNR,0.45432215194977893
EMR,URI,0.510134645138115
EMR,WFC,0.4596859159070198
EMR,XYL,0.4900093296200293
EOG,FANG,0.7256975415805977
EOG,FCX,0.44520995222329696
EOG,HAL,0.7399413873157638
EOG,KMI,0.45564568449839465
EOG,LYB,0.5637660740702702
EOG,MPC,0.5549845730227272
EOG,OKE,0.5922271577844365
EOG,OXY,0.7550678485214747
EOG,PSX,0.5702039561314276
EOG,SLB,0.6284781339191434
EOG,TAP,0.465850746979302
EOG,TGT,0.412755565420312
EOG,TRGP,0.6694702898956748
EOG,VLO,0.5967681710618497
EOG,WM,0.4181953270246746
EOG,WMB,0.6736623848923159
EOG,XOM,0.7491330550133947
EPAM,EQIX,-0.6238815607886361
EPAM,NRG,-0.4327668452861689
EPAM,STE,-0.4953515375317047
EPAM,VTRS,0.6228878356987096
EQIX,ESS,0.4248151952188428
EQIX,EVRG,0.41249288531902295
EQIX,EXC,0.4045134914196197
EQIX,EXR,0.4212787494946449
EQIX,HD,0.4719452483988135
EQIX,PSA,0.4909178584604984
EQIX,STE,0.5855047983276167
EQIX,UDR,0.4189876549835648
EQR,ES,0.4931423229150473
EQR,ESS,0.7752847581118097
EQR,ETR,0.5278978914802392
EQR,EVRG,0.572210698586447
EQR,EXC,0.5302447536614798
EQR,EXR,0.40257899371648137
EQR,F,0.4960242504068566
EQR,FE,0.5111246406687521
EQR,FITB,0.48584787437030713
EQR,FRT,0.5807388200762137
EQR,HBAN,0.4838295488229002
EQR,INVH,0.7708152517175378
EQR,IVZ,0.4159648946976423
EQR,KEY,0.5757076200376275
EQR,KIM,0.586373035700503
EQR,KMI,0.4190376301246395
EQR,LHX,0.4302549870967568
EQR,LNT,0.5553483679486898
EQR,MAA,0.7938797159922759
EQR,MHK,0.41723897008217714
EQR,MTB,0.44437044743724147
EQR,NI,0.5380660761372196
EQR,NTRS,0.5152143869442375
EQR,NVDA,-0.438905598049957
EQR,O,0.6203388921976827
EQR,OKE,0.41698166228266126
EQR,PCG,0.4297058947097673
EQR,PEG,0.4996645716916625
EQR,PNC,0.608548107857692
EQR,PNW,0.44102166444311663
EQR,PPL,0.44271766845066146
EQR,PSA,0.5497805593626371
EQR,REG,0.5004786059681366
EQR,RF,0.5533677204454649
EQR,RSG,0.42716321082116304
EQR,SBAC,0.41188493859322345
EQR,SO,0.5099326711056872
EQR,SPG,0.44706640243811874
EQR,SRE,0.48433732707355875
EQR,SYF,0.5989632118008849
EQR,TFC,0.48249174797393013
EQR,UDR,0.8405060325106899
EQR,USB,0.47001084725881237
EQR,VICI,0.44620771833568884
EQR,VTR,0.5447402565126195
EQR,WEC,0.5496743093681073
EQR,WELL,0.47688153826805485
EQR,WFC,0.4722484592362836
EQR,WMB,0.41071377161545886
EQR,WY,0.48651021884247003
EQR,XEL,0.42092737992071955
EQT,FANG,0.4269639349109673
EQT,GNRC,0.4643608725078189
EQT,OKE,0.4157374508425592
EQT,ON,0.4151852555826648
EQT,TXN,0.41195564898233683
EQT,WMB,0.4717741797652094
ES,ESS,0.4718061371667409
ES,ETR,0.7446784387974398
ES,EVRG,0.7928620712739294
ES,EXC,0.6326337532131772
ES,EXR,0.4865844278257671
ES,FE,0.7700363960371035
ES,FRT,0.5702064973486972
ES,GIS,0.406179025118898
ES,HON,0.5070975771172648
ES,HPE,-0.4490201512757922
ES,HSY,0.44297311076623685
ES,INVH,0.4605188830569018
ES,IRM,0.45914559492718676
ES,ITW,0.40233534308468916
ES,JNJ,0.432778987228528
ES,KIM,0.41605118429241084
ES,KLAC,-0.5113596761395915
ES,KMB,0.4529507051712318
ES,KMI,0.42995070498880666
ES,KO,0.5023193315724823
ES,LH,0.40920726759291187
ES,LNT,0.7295493812717248
ES,LRCX,-0.4777173738231393
ES,MAA,0.5261615731283882
ES,MCD,0.48768710482507605
ES,MDLZ,0.4885058995365093
ES,MMC,0.42557453096725245
ES,NEE,0.4149424251428661
ES,NI,0.7247984590715124
ES,NVDA,-0.5040877431715154
ES,O,0.6142741439174539
ES,PCG,0.578176931388227
ES,PEG,0.515803118449208
ES,PG,0.5098040537586814
ES,PM,0.45718875047141666
ES,PNC,0.4247550001805418
ES,PNW,0.6612731031353385
ES,PPL,0.7857569923702652
ES,PSA,0.5708161865538581
ES,REG,0.4847870226256642
ES,SBAC,0.5292629529706979
ES,SNPS,-0.5520316835781004
ES,SO,0.7662790371056087
ES,SPG,0.4751624830071114
ES,SRE,0.7186550202825562
ES,UDR,0.544637208105775
ES,VICI,0.6180879408496448
ES,VRSN,0.4618535482153073
ES,WEC,0.7928771980738714
ES,WELL,0.4411125517611476
ES,XEL,0.7529153236658517
ESS,EVRG,0.43970152729064726
ESS,EXC,0.42045961578827173
ESS,EXR,0.48079027797743573
ESS,FITB,0.4283358219132359
ESS,FRT,0.6841116002064264
ESS,INVH,0.6564372764651182
ESS,IRM,0.4278249041879679
ESS,KEY,0.4598504717815825
ESS,KIM,0.5458127026738742
ESS,L,0.4045217716933203
ESS,LNT,0.4227870473292533
ESS,LOW,0.4064409569909578
ESS,MAA,0.7466652232204097
ESS,MTB,0.4072344078583968
ESS,NI,0.45391718882085735
ESS,NTRS,0.4738904992249185
ESS,O,0.5607838907649677
ESS,PEP,0.41625481445076845
ESS,PNC,0.5682326363584461
ESS,POOL,0.40366682306249463
ESS,PSA,0.5952473031270178
ESS,REG,0.5498298452180697
ESS,RF,0.46357961140495035
ESS,UDR,0.7866236000073301
ESS,USB,0.4577372093476291
ESS,VICI,0.40207514422746027
ESS,VTR,0.42216725660703236
ESS,WELL,0.43327898258651093
ESS,WY,0.43463315046930834
ETN,HUBB,0.6047657584185407
ETN,IR,0.4749671495809818
ETN,JBL,0.401820106166258
ETN,JCI,0.4385639376586689
ETN,MCD,-0.4094817733761109
ETN,MLM,0.44720522773984833
ETN,MTCH,-0.4921643824915662
ETN,NRG,0.4333638382022076
ETN,PH,0.5135281385024512
ETN,PWR,0.6075490697957346
ETN,SJM,-0.41138995335425477
ETN,SNPS,0.46158907043067376
ETN,TDG,0.48765154640144615
ETN,TT,0.47997801455745254
ETN,VRSN,-0.40196703344721224
ETN,WAB,0.49687539997374897
ETN,WDC,0.4228981151850313
ETN,XYL,0.4916767768599787
ETR,EVRG,0.827883639071618
ETR,EXC,0.7156689124497129
ETR,FE,0.8353955902367797
ETR,FIS,0.4199130710296184
ETR,FITB,0.573981626902788
ETR,FRT,0.49603693393414205
ETR,GIS,0.5123176768940312
ETR,HBAN,0.5135085358562871
ETR,HON,0.43680650900630774
ETR,HSY,0.43792988944955097
ETR,INVH,0.5520352008828949
ETR,ITW,0.4986241441305245
ETR,IVZ,0.432186567651784
ETR,JKHY,0.4716034007124162
ETR,JNJ,0.4221531981166499
ETR,KEY,0.5505279714019781
ETR,KIM,0.5653826985350925
ETR,KLAC,-0.4618060159770359
ETR,KMI,0.610800590401633
ETR,KO,0.5988400328807205
ETR,KVUE,0.44339275273266937
ETR,L,0.46235399117367726
ETR,LHX,0.43227657606140363
ETR,LMT,0.5171466052563048
ETR,LNT,0.7729318210619589
ETR,LOW,0.4423376749581422
ETR,LRCX,-0.43531564714201226
ETR,MAA,0.5489726299800877
ETR,MCD,0.5296176319758238
ETR,MDLZ,0.4764446618511082
ETR,MET,0.4512468962618871
ETR,MKC,0.44710002622870004
ETR,MMC,0.5031908879580866
ETR,MO,0.5550282044775989
ETR,MTB,0.47926259307503344
ETR,MU,-0.44870451223847596
ETR,NEE,0.4804819988732477
ETR,NI,0.776844292100432
ETR,NOC,0.46596272211664935
ETR,NTRS,0.4101039608287499
ETR,NVDA,-0.6054566551707188
ETR,NVR,0.41167479156075093
ETR,O,0.6766601086327434
ETR,OKE,0.48498375180764813
ETR,OMC,0.44090675979909044
ETR,OTIS,0.482645546167532
ETR,PCG,0.6459206815784824
ETR,PEG,0.7008182596247902
ETR,PEP,0.43663908523262485
ETR,PFG,0.44916930367089714
ETR,PG,0.4514584907898329
ETR,PM,0.4275444917183799
ETR,PNC,0.6015105943847392
ETR,PNW,0.7401190388708714
ETR,PPL,0.8305792195564335
ETR,PSA,0.5056000730590726
ETR,REG,0.5236937524007679
ETR,RF,0.43713266470888956
ETR,SBAC,0.4607210030824017
ETR,SHW,0.4207466858263349
ETR,SJM,0.44509374565707044
ETR,SNPS,-0.4269854490017056
ETR,SO,0.7761833992252775
ETR,SPG,0.4990620293355517
ETR,SPGI,0.4562740416395972
ETR,SRE,0.8261892451795043
ETR,STT,0.4093610011956507
ETR,TFC,0.4923340286764783
ETR,UDR,0.5649429553412253
ETR,USB,0.43522827140549786
ETR,VICI,0.65311726361832
ETR,VTR,0.4903178449924275
ETR,WDC,-0.40151921022195025
ETR,WEC,0.7978772443534528
ETR,WELL,0.5337770482643215
ETR,WFC,0.504524714798543
ETR,WM,0.40445098779485095
ETR,WMB,0.5219953016201652
ETR,WY,0.447830154536376
ETR,XEL,0.7553446301034588
ETR,XOM,0.4482296902996529
EVRG,EXC,0.7519878983146938
EVRG,EXR,0.5361386212785457
EVRG,FE,0.8666309254569012
EVRG,FITB,0.4850351664206075
EVRG,FRT,0.5562546218738357
EVRG,GIS,0.44391661214549966
EVRG,HBAN,0.4495355911200335
EVRG,HD,0.40357520204901925
EVRG,HON,0.49555280282911723
EVRG,HPE,-0.4126581627286917
EVRG,HSY,0.501983454912616
EVRG,INVH,0.48334208752148317
EVRG,ITW,0.47889015451604433
EVRG,IVZ,0.41776347799911107
EVRG,JNJ,0.4208541202944047
EVRG,KEY,0.4927053374393254
EVRG,KIM,0.6033779526045692
EVRG,KLAC,-0.508722952983677
EVRG,KMI,0.5463711595097932
EVRG,KO,0.5688340285431163
EVRG,KVUE,0.4070591504509148
EVRG,L,0.4337155761881535
EVRG,LH,0.40498711919313835
EVRG,LMT,0.4201759726080908
EVRG,LNT,0.8466389435402597
EVRG,LOW,0.46708701513557294
EVRG,LRCX,-0.46341258605409985
EVRG,MAA,0.5487064064355629
EVRG,MCD,0.4434716488537619
EVRG,MDLZ,0.4896585815251203
EVRG,MET,0.4300331879765142
EVRG,MKC,0.4044424879390958
EVRG,MMC,0.42969636685102264
EVRG,MO,0.4978043593996452
EVRG,MTB,0.4171159799304138
EVRG,MU,-0.48443267929703654
EVRG,NEE,0.5522293539698728
EVRG,NI,0.7703067910766487
EVRG,NTRS,0.45840600416800764
EVRG,NVDA,-0.6080054461248593
EVRG,O,0.6672557689237165
EVRG,OKE,0.44234307846876997
EVRG,OMC,0.40671417236251833
EVRG,PCG,0.6151104226291584
EVRG,PEG,0.6448021219771815
EVRG,PEP,0.4237016663020674
EVRG,PFG,0.5008252193916347
EVRG,PG,0.4282056817492331
EVRG,PM,0.479648246482395
EVRG,PNC,0.5546244178496056
EVRG,PNW,0.7854566580357794
EVRG,PPG,0.45103300812007985
EVRG,PPL,0.8841647685555344
EVRG,PSA,0.6209223996201246
EVRG,REG,0.5667742177608017
EVRG,RF,0.48870193122427574
EVRG,SBAC,0.6088318252185444
EVRG,SHW,0.45722641695442323
EVRG,SJM,0.43467802765842983
EVRG,SNPS,-0.4928366697149296
EVRG,SO,0.8308347303490916
EVRG,SPG,0.4986816709628472
EVRG,SRE,0.8187385434479226
EVRG,TFC,0.447338270883595
EVRG,UDR,0.5707955107299296
EVRG,VICI,0.6613183059912925
EVRG,VTR,0.5454258971710437
EVRG,WDC,-0.4606534189751137
EVRG,WEC,0.8395826292417883
EVRG,WELL,0.5505564347212284
EVRG,WMB,0.48543240976735785
EVRG,WY,0.5521189377384438
EVRG,XEL,0.8266134610853806
EVRG,XOM,0.41049544154070466
EW,ISRG,0.4364141398190276
EW,PODD,0.4286327637652813
EXC,EXR,0.4698540972766001
EXC,FE,0.7185395149241799
EXC,FRT,0.5671827039424097
EXC,GIS,0.46040522497466074
EXC,HON,0.4274449768593696
EXC,HSY,0.4213914158352407
EXC,INVH,0.5800569692781955
EXC,IRM,0.4556164151608816
EXC,JNJ,0.43139306249514375
EXC,KIM,0.4786166840437281
EXC,KLAC,-0.4514027587353329
EXC,KMI,0.49534602090527213
EXC,KO,0.5617583434471468
EXC,KVUE,0.4245255431854258
EXC,LNT,0.7565455955821033
EXC,LRCX,-0.5144570000595339
EXC,MAA,0.5315581904736
EXC,MDLZ,0.5184437990920172
EXC,MO,0.5141586953790125
EXC,MU,-0.4402035367665247
EXC,NEE,0.5543730997945233
EXC,NI,0.7456618928109483
EXC,NVDA,-0.5261711176584817
EXC,O,0.5880028386149375
EXC,ORCL,-0.5262973208478311
EXC,PCG,0.6643846830429891
EXC,PEG,0.5885951633999912
EXC,PG,0.4400717533154965
EXC,PM,0.468889420701487
EXC,PNC,0.43690190409898993
EXC,PNW,0.6918014313674866
EXC,PPL,0.7466909616604871
EXC,PSA,0.6384327413175445
EXC,REG,0.5662505163219951
EXC,SBAC,0.4832319928477068
EXC,SJM,0.44967022412080543
EXC,SNPS,-0.47839382635881583
EXC,SO,0.7005956413971576
EXC,SRE,0.7020681589842851
EXC,UDR,0.49871234312107376
EXC,VICI,0.620274082944496
EXC,VTR,0.5108442942572542
EXC,WDC,-0.40316406159839113
EXC,WEC,0.6711377471174634
EXC,WELL,0.5915732961658406
EXC,WMB,0.48827251676765016
EXC,WY,0.4498629414208389
EXC,XEL,0.6639692670908894
EXC,XOM,0.43313876530114503
EXPD,FOX,0.46974931909976747
EXPD,FOXA,0.4266564760286557
EXPD,HON,0.4396150114076086
EXPD,IVZ,0.46440981935754144
EXPD,WBD,0.4259393616064426
EXPE,FRT,0.40276649371714507
EXPE,FTNT,0.6037359652186475
EXPE,IR,0.4193096965088347
EXPE,MSI,-0.4022447673495896
EXPE,TRMB,0.7286141176331271
EXR,FE,0.4804125746758694
EXR,FRT,0.4846444349153297
EXR,HD,0.4358387565207412
EXR,HON,0.4238047502697299
EXR,IRM,0.4002672477318498
EXR,IVZ,0.42485573268210747
EXR,JNJ,0.431382511913877
EXR,KIM,0.4511668265154564
EXR,LNT,0.46484830542431055
EXR,LOW,0.4782145057394104
EXR,MAA,0.5210610110221165
EXR,MCO,0.4272030313408942
EXR,MTCH,0.4098639830779403
EXR,NDSN,0.44140855052760425
EXR,NI,0.42308923469167026
EXR,O,0.5372581796425241
EXR,PCG,0.4014373727020927
EXR,PLD,0.4114005400552792
EXR,PNW,0.5210801119136339
EXR,PPG,0.5288906124190714
EXR,PPL,0.5771853506636455
EXR,PSA,0.8447872291187112
EXR,REG,0.48563004209391736
EXR,RF,0.4472996705313387
EXR,SBAC,0.5979104153709836
EXR,SHW,0.423537365281125
EXR,SO,0.4102514980758437
EXR,SRE,0.46170515171846593
EXR,TECH,0.4156907626767104
EXR,VICI,0.5644520480523312
EXR,WEC,0.40766789382128565
EXR,WY,0.44827259149382426
F,GM,0.5605233821286021
F,IVZ,0.4064829957619934
F,JPM,0.42683239215269414
F,KIM,0.42397093717310746
F,MGM,0.5253569098024817
F,MHK,0.41626082594868713
F,NTRS,0.43227056970708355
F,PFG,0.4107674928788974
F,PNC,0.49380810603214725
F,PSKY,0.40592810901223136
F,PSX,0.40713422211875955
F,SPG,0.40702095516160813
F,STT,0.40133122892261563
F,SYF,0.4580471771241568
F,TAP,0.41822823817847865
F,TFC,0.4354188961315881
F,UPS,0.4577797731554446
F,WBD,0.4930207515389146
F,WY,0.45120814186951813
F,WYNN,0.5293673169104055
FANG,FCX,0.40909302133411946
FANG,HAL,0.693731393792868
FANG,LYB,0.5271874474695286
FANG,MPC,0.4063774609772001
FANG,OKE,0.5969060067960231
FANG,OXY,0.7283060659095988
FANG,PH,0.5037808299080778
FANG,PSX,0.4295768826948975
FANG,SLB,0.657155178644418
FANG,SYF,0.40095708209958547
FANG,TGT,0.4524654184186721
FANG,TRGP,0.698182611872136
FANG,URI,0.4028971799923575
FANG,VLO,0.40167051419352245
FANG,WMB,0.5424772600817661
FANG,XOM,0.6395512262046162
FAST,GL,0.6339097488481574
FAST,GWW,0.6666589974776564
FAST,ITW,0.40553904117789114
FAST,MS,0.4128027141386757
FCX,HAL,0.4764136066655328
FCX,NEM,0.4961383369261066
FCX,OXY,0.4279051858918506
FCX,XOM,0.47399905444529716
FDS,IVZ,0.4813494059727261
FDS,LKQ,0.5483235733467926
FDS,MSCI,0.5952967665426606
FDS,NDAQ,0.41459820945198506
FDS,NVDA,-0.45530557947021494
FDS,PEP,0.5410730388583502
FDX,PAYX,-0.42772750176660007
FDX,UPS,0.5076833941325416
FE,FITB,0.4391348450108533
FE,FRT,0.4495231646356024
FE,GIS,0.41230335862933015
FE,HPE,-0.47504811974746936
FE,HSY,0.43666223021180695
FE,INVH,0.4922469444885906
FE,JNJ,0.42884493752888625
FE,KEY,0.44735288603975387
FE,KIM,0.5598082178693224
FE,KLAC,-0.42868353207289067
FE,KMI,0.5107572663507282
FE,KO,0.5049942264574538
FE,KVUE,0.4006166064641288
FE,LMT,0.4544095357099105
FE,LNT,0.8062955867516681
FE,LRCX,-0.40849235590136107
FE,MAA,0.44971911689997135
FE,MCD,0.5077553977132886
FE,MO,0.5033100338802661
FE,MU,-0.47567586937212086
FE,NEE,0.5795235352623397
FE,NI,0.7586563528285541
FE,NTRS,0.4255276841129704
FE,NVDA,-0.506036652532844
FE,O,0.6808608358048521
FE,PCG,0.6565729146807273
FE,PEG,0.5530988474276681
FE,PFG,0.41062700633387483
FE,PG,0.42062796418018633
FE,PM,0.43169125432563765
FE,PNC,0.48625487259913924
FE,PNW,0.7523054710173661
FE,PPL,0.8513178602905275
FE,PSA,0.5690559455691734
FE,REG,0.5325092337249567
FE,SBAC,0.6558774547104874
FE,SNPS,-0.4912403074881252
FE,SO,0.8415401902270805
FE,SPG,0.4574391058577655
FE,SRE,0.8426756539205458
FE,UDR,0.4702334697386368
FE,VICI,0.6605718555061832
FE,VTR,0.5256793086124681
FE,WDC,-0.45555913454640196
FE,WEC,0.7966108942313243
FE,WELL,0.4742405304098075
FE,WMB,0.4619519432735696
FE,WY,0.484094742457839
FE,XEL,0.7839475687516491
FFIV,HSIC,0.419870842964198
FFIV,IT,0.5258421469673892
FFIV,LDOS,-0.49819849783465003
FFIV,MPC,0.43329351288674656
FFIV,SBAC,0.5706854984874351
FFIV,TAP,0.5948176228379009
FICO,GOOG,-0.4561662572055583
FICO,GOOGL,-0.45538046110691044
FICO,INTC,0.40161398461822995
FICO,RMD,-0.5421535789828206
FICO,STX,0.41924328228734653
FIS,HSIC,0.4021392279153164
FIS,IFF,0.43079557185435424
FIS,K,0.5061536133134771
FIS,LMT,0.4014864434635896
FIS,NSC,0.40185509405372194
FIS,PNC,0.4136935029956131
FIS,SO,0.433288077927283
FIS,SRE,0.4257089913744207
FIS,WDC,-0.4125548559233338
FISV,MA,0.5564188372124987
FISV,MSCI,-0.42064304013390535
FITB,FOX,0.4775900253479911
FITB,FOXA,0.4865141054598335
FITB,FRT,0.46558422328970167
FITB,GS,0.48083920119281337
FITB,HBAN,0.7176099314044189
FITB,HD,0.4532845374773923
FITB,HON,0.45014046685892517
FITB,IEX,0.4460098987199787
FITB,INVH,0.42224955632645594
FITB,IRM,0.4033126544152438
FITB,ITW,0.4758377719619023
FITB,IVZ,0.4588349068405604
FITB,JNJ,0.4179267176020842
FITB,JPM,0.45341362198023655
FITB,KEY,0.7844648334749075
FITB,KIM,0.6282107056976578
FITB,KMI,0.45584514389077957
FITB,KO,0.4649690942192815
FITB,L,0.5664524693401345
FITB,LNT,0.49918872745699144
FITB,LOW,0.5486313296681209
FITB,MAA,0.4531924843995029
FITB,MAS,0.44202505636529205
FITB,MCO,0.4293909511045456
FITB,MET,0.5724373637098951
FITB,MHK,0.5010169841604338
FITB,MO,0.4369500410851524
FITB,MTB,0.7931916310986499
FITB,NFLX,-0.5736426959612873
FITB,NTRS,0.6129572298026471
FITB,NVDA,-0.6165608182880757
FITB,NVR,0.43912676069822126
FITB,O,0.5610828783030617
FITB,OKE,0.42540640920099665
FITB,OMC,0.48582335884765043
FITB,PEG,0.4911618118633509
FITB,PFG,0.5918399276252337
FITB,PHM,0.4630827121083567
FITB,PM,0.40177285407628804
FITB,PNC,0.8465246826323167
FITB,PNR,0.4607285724476359
FITB,PNW,0.5924148146879286
FITB,POOL,0.42843481850734083
FITB,PPL,0.531004763561855
FITB,PRU,0.6066374318902171
FITB,REG,0.41556505728609605
FITB,RF,0.6663919766237804
FITB,RJF,0.5530783774285971
FITB,ROK,0.4382006367164027
FITB,RVTY,0.4023586265051458
FITB,SCHW,0.43459574511104354
FITB,SJM,0.4003571439040814
FITB,SNA,0.4148937532756062
FITB,SO,0.4439383842735152
FITB,SPG,0.5127150013267288
FITB,SRE,0.5003221523611627
FITB,STT,0.5921574427794875
FITB,SWK,0.4405787258937057
FITB,SYF,0.5415339929881521
FITB,TFC,0.7945841138628783
FITB,TROW,0.4253918816235425
FITB,UDR,0.46959722860226366
FITB,USB,0.808068365492444
FITB,VICI,0.5903549826419742
FITB,WEC,0.4906367706851907
FITB,WFC,0.698459972170418
FITB,WY,0.46578929194810503
FOX,FOXA,0.9723097594003873
FOX,HBAN,0.410072137255137
FOX,JPM,0.40856275479193666
FOX,MET,0.4740655779197169
FOX,MGM,0.4392404110717146
FOX,MTB,0.459987357358952
FOX,PFG,0.5469256960006855
FOX,PRU,0.5069610268338319
FOX,PSKY,0.40625552246131597
FOX,RJF,0.4124720949211987
FOX,SYF,0.4643026365286243
FOX,WBD,0.48942687908641164
FOXA,MET,0.4633033369274312
FOXA,MGM,0.4694615447073489
FOXA,MTB,0.44519132572905373
FOXA,OTIS,0.40242319996984965
FOXA,PFG,0.5426616096659137
FOXA,PRU,0.495637326821835
FOXA,PSKY,0.41802081254127554
FOXA,SYF,0.45651502496368224
FOXA,WBD,0.47333480620551716
FRT,HBAN,0.46209812490496427
FRT,HOLX,0.4179068687466826
FRT,INVH,0.6002024415247761
FRT,IRM,0.48403661720142094
FRT,KEY,0.5494895136940268
FRT,KIM,0.7170977058431527
FRT,KMB,0.4261364181670694
FRT,KO,0.43443230665261545
FRT,LNT,0.5959125167206487
FRT,LOW,0.48589825629687106
FRT,LRCX,-0.43767831940804675
FRT,MAA,0.5577941792760279
FRT,MDLZ,0.4426179882483462
FRT,MHK,0.4183800556401524
FRT,MSFT,-0.4361345196117556
FRT,MTB,0.4041299728489467
FRT,NI,0.570953937528373
FRT,NTRS,0.4548084820577142
FRT,NVDA,-0.4537495685830008
FRT,NVR,0.42357655238299874
FRT,O,0.6355349029101303
FRT,PCG,0.4513187629968643
FRT,PEG,0.41649233627334736
FRT,PM,0.4089989337072634
FRT,PNC,0.5949096725791768
FRT,PNW,0.498275782351057
FRT,POOL,0.40137655271424916
FRT,PPL,0.5466485332401304
FRT,PSA,0.6254932525191662
FRT,REG,0.8286645204456193
FRT,RF,0.5380807964773303
FRT,SBAC,0.4754589059864686
FRT,SJM,0.42450047441925154
FRT,SO,0.5100728831860367
FRT,SPG,0.5168864346574571
FRT,SRE,0.5667541312845675
FRT,STT,0.40449265897061765
FRT,TFC,0.47384206641986143
FRT,TRMB,0.5088969977238484
FRT,UDR,0.5737272277485078
FRT,USB,0.42414755664838516
FRT,VICI,0.6933091602630311
FRT,VTR,0.5670991611676325
FRT,WEC,0.5261113221314384
FRT,WELL,0.6642099783955987
FRT,WFC,0.40958564713237877
FRT,WY,0.48580231367508697
FRT,XEL,0.4266107212049746
FTNT,IR,0.4967282202261624
FTNT,PANW,0.44172701643833384
FTNT,TRMB,0.5560513603102402
FTV,GD,0.4869798710648634
FTV,IEX,0.659142655608367
FTV,LOW,0.4220157431102056
FTV,MAS,0.6116483784574606
FTV,MHK,0.4047183913506157
FTV,NSC,0.44513399570089385
FTV,ODFL,0.5956766518085541
FTV,OTIS,0.7191029558787674
FTV,PNR,0.42711361533721764
FTV,SPG,0.40894585909892567
FTV,TDY,0.8224155289928772
FTV,TEL,0.4938707998558395
FTV,UNP,0.4294333825132522
FTV,WAB,-0.43956487948634543
FTV,WY,0.43627218559919645
GD,HIG,0.4739282930598298
GD,LMT,0.4103022466207051
GD,ODFL,0.4352852862190586
GD,OTIS,0.4384224230587732
GD,TDY,0.5656505022864398
GD,WRB,0.40505926368260897
GD,WYNN,0.42348215164345726
GE,LKQ,-0.4846215502369801
GE,MSCI,-0.476864730639341
GE,TDG,0.49858377210512667
GE,ULTA,-0.4008040673817482
GEN,MTD,0.7251660693487838
GILD,IBM,0.4026106770268633
GILD,JBL,-0.4613197681360167
GILD,JKHY,0.4315561840238393
GILD,JNJ,0.47109932603041477
GILD,MCD,0.4083942691674741
GILD,MDT,0.413801408327505
GILD,NVDA,-0.42873739775104835
GILD,VTRS,0.4052441798123845
GILD,WDC,-0.4711618787420388
GIS,HSY,0.5125198198663652
GIS,INVH,0.4361716189674596
GIS,ITW,0.4529524297079933
GIS,K,0.5704200507178638
GIS,KDP,0.4000935986686198
GIS,KHC,0.5716949711654473
GIS,KMB,0.4310838462638983
GIS,KMI,0.48259297507089843
GIS,KO,0.4614542401024829
GIS,KVUE,0.4626080389350041
GIS,L,0.4401458626925015
GIS,LHX,0.41317164730083356
GIS,LMT,0.4476682742950325
GIS,LNT,0.4515424581862176
GIS,MCO,0.4210593741302008
GIS,MDLZ,0.6179664280406206
GIS,MKC,0.452511778099301
GIS,MMC,0.415783309864076
GIS,MO,0.4343164116713013
GIS,MS,0.4372584610730144
GIS,NI,0.48066101145035744
GIS,NVDA,-0.4549774231318118
GIS,O,0.41273580778327895
GIS,OMC,0.4930779555898201
GIS,PAYX,0.6028605205702762
GIS,PEP,0.5451608280475652
GIS,PG,0.5215066812552145
GIS,PPL,0.468128116214975
GIS,PSA,0.4421197749059655
GIS,SJM,0.5747121990166227
GIS,SRE,0.4330690670012864
GIS,SYY,0.4731217497783386
GIS,TSN,0.4063435784941909
GIS,WEC,0.45480067074850833
GIS,WMB,0.44471741937927706
GL,GWW,0.498118661612795
GL,MS,0.6483038517634949
GLW,HPQ,0.5145883123200714
GLW,LDOS,0.4719523182560506
GLW,TEL,0.4943182561748186
GLW,TT,0.5511334873685844
GM,IEX,0.4545944057472448
GM,LOW,0.4065472555916978
GM,MHK,0.569153145849579
GM,NSC,0.41010905108933504
GM,PNR,0.445445971355312
GM,POOL,0.40869635882957545
GM,SO,0.4018518983737823
GM,SPG,0.4065056310781765
GM,TGT,0.4615960525843825
GM,TRGP,0.4052823773707418
GM,UNP,0.42339080443609367
GM,UPS,0.4569714438024152
GM,WST,0.4063709063439092
GNRC,HAL,0.4100844341465639
GNRC,JCI,0.4953737241639934
GNRC,NEM,0.4013122232091171
GNRC,OKE,0.4980312706396361
GOOG,GOOGL,0.9968396065485082
GOOG,GWW,-0.42525911016058043
GOOG,HIG,-0.47410122812963595
GOOG,RMD,0.4372965050899416
GOOG,URI,-0.41345036184854156
GOOGL,GWW,-0.43057842275080677
GOOGL,HIG,-0.4796426058355751
GOOGL,RMD,0.44988614704871877
GOOGL,URI,-0.41167306256936825
GPC,ITW,0.4062084653681738
GPC,KMI,0.5023109085455737
GPC,L,0.4238577762898821
GPC,MET,0.4123356745526881
GPC,MMC,0.5686051134936569
GPC,O,0.42965358732061343
GPC,WFC,0.47871069705135877
GPC,XEL,0.41087989595533997
GPN,GRMN,-0.5822770886237238
GPN,JCI,0.49910128839801654
GPN,KHC,0.5866930426871355
GPN,MDLZ,0.40964037014149135
GPN,NCLH,0.4522425044507825
GPN,OKE,0.5044729953591606
GPN,RSG,0.46199819654273955
GPN,SBUX,0.6442657999512883
GPN,SWKS,0.5740604187262272
GPN,TECH,-0.49782391340025284
GPN,VRSK,-0.4815916426088905
GPN,XYZ,0.5447434626340415
GRMN,JCI,-0.5025014793309397
GRMN,JNJ,0.4162327635701683
GRMN,KHC,-0.4908752374609648
GRMN,NCLH,-0.44889005137051596
GRMN,SBUX,-0.7870209974551627
GRMN,SWKS,-0.6924276968910804
GRMN,TECH,0.7519540956634814
GRMN,VRSK,0.6184446832552652
GRMN,YUM,-0.4435580351219575
GS,HBAN,0.5007080656946269
GS,JPM,0.4280343944992193
GS,KEY,0.4906925734147218
GS,MCO,0.42231095585159717
GS,MS,0.5639467066520366
GS,MTB,0.6233667025746961
GS,NTRS,0.5345769398061003
GS,PEG,0.43578335075456787
GS,PNC,0.514221506857859
GS,RF,0.4226381509314901
GS,RJF,0.44468919099942916
GS,STT,0.4180447670502201
GS,SYF,0.45324186820017515
GS,TFC,0.5054821560817089
GS,WEC,0.4164202192977322
GS,WFC,0.549263631689681
GWW,HIG,0.5316203225203282
GWW,HLT,0.4068658016909981
GWW,HUBB,0.40241149196491055
GWW,IR,0.4631285468814623
GWW,MET,0.4409415827067138
GWW,MMC,0.4584772380230687
GWW,MS,0.4188042037015705
GWW,NVDA,-0.41167645733186253
GWW,OMC,0.4011505806974792
GWW,PFG,0.4261482397539637
GWW,PH,0.4566653494673206
GWW,PNR,0.43063716664492535
GWW,RJF,0.46757406506280824
GWW,SNA,0.4162869675852057
GWW,TT,0.4352846596062537
GWW,WM,0.4857752578857705
GWW,XYL,0.4882180486973759
HAL,KMI,0.535870576434678
HAL,LYB,0.5452631797920517
HAL,OKE,0.6448881146856892
HAL,OXY,0.6378237723344908
HAL,PSX,0.4879705459207549
HAL,SLB,0.7273559545660975
HAL,TAP,0.5102023751311591
HAL,TGT,0.6318301509477756
HAL,TRGP,0.6225988444409428
HAL,VLO,0.4114877853333432
HAL,WMB,0.546476171131614
HAL,XOM,0.6303518003842147
HAS,TDY,-0.5254968586038671
HAS,TXN,0.42350343882292457
HAS,WAB,0.5666188301666037
HBAN,INVH,0.45255539692922775
HBAN,JPM,0.4553777102514589
HBAN,KEY,0.8020616118829508
HBAN,KIM,0.5747346112249028
HBAN,L,0.40096231045401115
HBAN,LNT,0.4685264992450174
HBAN,LRCX,-0.40641509208028453
HBAN,MAA,0.43336070960470613
HBAN,MET,0.44650310610892285
HBAN,MS,0.4092432217909665
HBAN,MTB,0.7201059074744877
HBAN,NTRS,0.5581559158883698
HBAN,NVDA,-0.46973969363002493
HBAN,O,0.5565265665680493
HBAN,OMC,0.41884041641293474
HBAN,PEG,0.46348030442534494
HBAN,PFG,0.4750739535046492
HBAN,PNC,0.8219224458647729
HBAN,PNW,0.49557150586930204
HBAN,PPL,0.5350785976584136
HBAN,PRU,0.4941739149347084
HBAN,REG,0.4395631208756787
HBAN,RF,0.8002823171663148
HBAN,RJF,0.5294423649230532
HBAN,ROK,0.42627891546795604
HBAN,SCHW,0.4167581133005152
HBAN,SPG,0.4788486782691272
HBAN,SRE,0.47612943208368314
HBAN,STT,0.5500878197125713
HBAN,SYF,0.5081868222567375
HBAN,TFC,0.6773341649058361
HBAN,TPL,-0.5533651279829165
HBAN,UDR,0.4476804646029161
HBAN,USB,0.6428020272469539
HBAN,VICI,0.5506934959064521
HBAN,VTR,0.40348516771261594
HBAN,WEC,0.500314915907061
HBAN,WFC,0.647725854911713
HBAN,WY,0.40615616315626707
HCA,HIG,0.41761168592820597
HCA,MCK,0.4125177210930895
HCA,SNA,0.4275708048588887
HCA,UHS,0.7809782163659461
HD,KEY,0.4154276269087704
HD,KIM,0.5090720338222399
HD,LNT,0.4259982390584372
HD,LOW,0.836856453240197
HD,MAS,0.6288518293671312
HD,MHK,0.46948286715003296
HD,NVR,0.42127324409375416
HD,PHM,0.46823282984917386
HD,PLD,0.40633935398591603
HD,PNC,0.42040908038580593
HD,PNR,0.4187168490935987
HD,PNW,0.43420080086659
HD,POOL,0.485374038903028
HD,PSA,0.47253342955530403
HD,REG,0.4364117342285197
HD,RF,0.41089315363039736
HD,SHW,0.4764438235792339
HD,TSCO,0.46736277549012034
HD,VTR,0.4049460572126355
HD,WY,0.4086944428544905
HIG,ITW,0.4539607023639436
HIG,L,0.7775669539319172
HIG,LMT,0.4998900478863074
HIG,MET,0.7443441649475607
HIG,MMC,0.5528317446885825
HIG,PFG,0.7493858025709618
HIG,PGR,0.5501960520657424
HIG,PRU,0.644771396656641
HIG,STZ,0.4173771150173889
HIG,TRGP,0.4564377145045306
HIG,TRV,0.7283412101455459
HIG,WM,0.4339686424705412
HIG,WRB,0.7177937782251094
HIG,WTW,0.5891687785870917
HIG,XOM,0.4348116391277572
HII,HST,0.4064653329768484
HII,HWM,-0.6411918226017752
HII,ICE,0.45669420186120246
HII,IQV,0.4926363406091671
HII,K,-0.4701581442348922
HII,LIN,0.7627399649568795
HII,MET,0.500396155235752
HII,MOS,0.4095296956884463
HII,MPWR,-0.4092117038191154
HII,NOC,0.4169595405507065
HII,PAYC,0.5020853808767137
HII,PTC,0.44756418899320266
HII,QCOM,-0.4999196840810968
HII,SWK,0.53029995487434
HLT,IR,0.4197491393126384
HLT,ITW,0.45884096142147807
HLT,MAR,0.7202060778932907
HLT,STZ,0.40356374697322217
HLT,SYF,0.4398166006251717
HLT,WAB,0.49763352980050735
HLT,WM,0.4151326569962172
HOLX,HST,0.41747571997612093
HOLX,KIM,0.46998028384357066
HOLX,KLAC,-0.46257188479530853
HOLX,MDT,0.4137752468855376
HOLX,MU,-0.49680694229448225
HOLX,REG,0.4574680611170046
HOLX,SBAC,0.4140053058613617
HOLX,VTRS,0.4093009027600981
HOLX,ZBH,0.5159626878185154
HON,ICE,0.4143836443677378
HON,ITW,0.47544331624467073
HON,JNJ,0.5745221754713997
HON,KMI,0.41169406662588454
HON,KO,0.5030709394949541
HON,L,0.44825337424731376
HON,LH,0.48361583969169475
HON,LNT,0.5426442101245961
HON,LOW,0.4069477882717149
HON,MCD,0.4372265121439802
HON,MDLZ,0.42605570477860977
HON,MET,0.425636666379386
HON,MMC,0.4784076411914722
HON,MO,0.4258460808319221
HON,NVDA,-0.4752398727343173
HON,O,0.4416067951294828
HON,PAYX,0.412285945636902
HON,PG,0.41650777722687604
HON,PNC,0.4194616737046403
HON,PNW,0.4843083524246523
HON,PPL,0.5216642696635214
HON,PSA,0.48800306928475595
HON,ROP,0.431714175984545
HON,SHW,0.44190790602649255
HON,SO,0.42810265779010775
HON,SRE,0.4148797913650936
HON,TMUS,0.49275640314765895
HON,UDR,0.42980444541683405
HON,VRSK,0.4659475362898016
HON,WEC,0.43557393480559364
HON,WTW,0.4045643998975609
HON,XEL,0.47898582366158166
HPE,KLAC,0.47177730150153224
HPE,LNT,-0.43937181939223036
HPE,LRCX,0.5079422175010515
HPE,MCD,-0.40868268682455233
HPE,MNST,-0.41806651534820527
HPE,NI,-0.5197443770905473
HPE,PPL,-0.4415207288988105
HPE,SO,-0.40124977521694954
HPE,VICI,-0.4049359069319448
HPE,WEC,-0.4159809195951709
HPQ,HRL,-0.5703299961905383
HPQ,NOW,-0.618089270819195
HRL,NOW,0.43394411603005656
HRL,WAT,0.4501034051693779
HSIC,IFF,0.4889858257379911
HSIC,OMC,0.529644734629024
HST,NDAQ,0.4125876628449836
HST,PAYC,0.4211753721257445
HST,RVTY,0.4552845425298087
HST,SWK,0.47260905195307534
HSY,K,0.4342749093802847
HSY,KHC,0.45120140543248544
HSY,KO,0.45972151906126296
HSY,MDLZ,0.6058788445232485
HSY,O,0.4020522239883986
HSY,PEP,0.4221667512972186
HSY,PPL,0.5425503210803944
HSY,SJM,0.5064080737162389
HSY,SRE,0.4957917156321572
HSY,VICI,0.4089659619735021
HSY,WEC,0.4825909932728859
HSY,XEL,0.43853581739740355
HUBB,MAS,0.41902834220761775
HUBB,MLM,0.48130522578121043
HUBB,PCAR,0.4818469069010711
HUBB,PH,0.4132275739261157
HUBB,PWR,0.5120458478302838
HUBB,TDG,0.42487708745216024
HUBB,URI,0.43567137416620916
HUBB,VMC,0.45517754390759346
HUBB,XYL,0.48854736030254
HUM,MGM,0.4245560607707324
HUM,MOH,0.45407346913073793
HUM,UNH,0.6317076793537222
HUM,VRTX,0.44222142639244094
HUM,WTW,0.40260169789278777
HWM,IQV,-0.4340376777108697
HWM,K,0.5456102317751104
HWM,LIN,-0.5967356137846377
HWM,MPWR,0.443312996058925
HWM,PAYC,-0.5845347365817423
HWM,QCOM,0.47702927000717327
HWM,VTR,0.44386436447625016
HWM,XYL,0.5521456297301811
HWM,ZTS,0.40142438157699717
IBM,LUV,0.4142835946396449
IBM,META,0.42903700273749146
IBM,NEM,-0.44639272066883784
IBM,RJF,0.5008246420143472
IBM,TER,-0.48996692309589723
IBM,TXT,0.5981572273485909
IBM,TYL,-0.46233749487327164
IBM,WTW,0.4100746730415612
ICE,LIN,0.4477110153310341
ICE,MET,0.43446063190451684
ICE,MMC,0.4128260568444255
ICE,MPWR,-0.4824354438853836
ICE,MSI,0.5296595791610071
ICE,NVDA,-0.4515011497897349
ICE,NVR,0.44162828445360003
ICE,ORLY,0.43361943788696605
ICE,PTC,0.42338622767804934
ICE,QCOM,-0.4744654581088091
ICE,ROP,0.41920069618072975
ICE,SHW,0.4290300585018874
ICE,SPGI,0.523833842438461
ICE,WTW,0.4230755724249306
IDXX,SBUX,0.41420903425618266
IEX,ITW,0.4630943104758574
IEX,L,0.42587761612815683
IEX,LOW,0.5158100093362463
IEX,MAS,0.5105856584135317
IEX,MET,0.4477367987064604
IEX,MMC,0.47390015090226484
IEX,MTB,0.4039428854118556
IEX,NDSN,0.45759348213453355
IEX,NSC,0.4911142529413658
IEX,NVDA,-0.4074226112273979
IEX,ODFL,0.5703460485803338
IEX,OTIS,0.6300699810785402
IEX,PAYX,0.4015890405501787
IEX,PEG,0.4070895255961127
IEX,PH,0.4798731720887189
IEX,PNR,0.5128620887416108
IEX,PPG,0.4160915882001018
IEX,ROK,0.4107684616161406
IEX,RVTY,0.4086046386882457
IEX,SWK,0.44458378989948294
IEX,TDY,0.5722584581120529
IEX,TEL,0.5450156326658872
IEX,TFC,0.5330540577693652
IEX,UNP,0.4004651630730896
IEX,USB,0.4026208216049231
IEX,VICI,0.4055779082587059
IEX,WFC,0.43912813640599724
IFF,K,0.4107623748063702
IFF,KVUE,0.48184704555174296
IFF,WEC,0.4121926214743251
INTC,MGM,0.4584934211834027
INTC,RMD,-0.4222777475288315
INTC,ULTA,0.43730383023593805
INTC,VRSN,0.44732821407473733
INTU,NOW,0.5769613884703054
INTU,NRG,-0.4127083763873867
INTU,ROST,-0.5551675918027923
INVH,IRM,0.40865647421239604
INVH,JPM,0.40637127089298525
INVH,KEY,0.5713540071556716
INVH,KIM,0.5081217271472506
INVH,KMI,0.49167501841833083
INVH,LNT,0.5506835634486487
INVH,LOW,0.41127317470721436
INVH,MAA,0.7596905500071934
INVH,MHK,0.40004464380584404
INVH,MMC,0.4494013397297595
INVH,MSFT,-0.4228952772680202
INVH,MTB,0.4262952944923339
INVH,MU,-0.4067874284969406
INVH,NI,0.5666932019856316
INVH,NTRS,0.4176390669760984
INVH,NVDA,-0.404340826267135
INVH,O,0.5699509302577869
INVH,PCG,0.4377769502459104
INVH,PEG,0.43455795094886834
INVH,PNC,0.5761318488693216
INVH,PNW,0.45356664971974814
INVH,PPL,0.443407953019516
INVH,PSA,0.557064325397079
INVH,REG,0.522031765130639
INVH,RF,0.5151868917461727
INVH,SJM,0.4162267546257994
INVH,SO,0.45624929665404423
INVH,SPG,0.415464988146489
INVH,SRE,0.5090042759764412
INVH,SYF,0.4269921297019661
INVH,T,0.40416160586321054
INVH,UDR,0.6957616834621566
INVH,UNP,0.4248550708372045
INVH,VICI,0.5775555551412606
INVH,VTR,0.5496178544731731
INVH,WEC,0.5183854737394099
INVH,WELL,0.5383475127576669
INVH,WFC,0.5146671617212775
INVH,WY,0.47613974888337235
INVH,XEL,0.41086057824390687
IP,PKG,0.5588366716482904
IQV,LIN,0.4114514825317126
IQV,PAYC,0.5673038629161652
IQV,PTC,0.4924221029127216
IQV,QCOM,-0.4079079249576699
IQV,RVTY,0.45773223979532673
IQV,SWK,0.4875217224469944
IQV,TMO,0.5036899764244891
IR,PH,0.5055573896331381
IR,PNR,0.5508560017072757
IR,TRMB,0.5952540968446454
IR,TT,0.5191385899939016
IR,VMC,0.4188864244491921
IR,WAB,0.45114140289974064
IR,XYL,0.5173838448150144
IRM,KEY,0.4901117727577272
IRM,LNT,0.4176948771457167
IRM,NVDA,-0.46296072437285135
IRM,PPL,0.4093284761290696
IRM,PSA,0.45544946328237484
IRM,REG,0.4108300830222646
IRM,USB,0.4191002368518614
IRM,VICI,0.5076121525861435
IT,TAP,0.4001949672773142
IT,TT,-0.48684742542968373
IT,VRSN,0.4121613738993491
IT,ZBRA,-0.41273835060224495
ITW,KEY,0.4849130953441427
ITW,KIM,0.4152652713351185
ITW,KMI,0.4724949262328338
ITW,KO,0.45246994591455986
ITW,KVUE,0.42697496710302124
ITW,L,0.5435500531063066
ITW,LHX,0.4662830793232162
ITW,LMT,0.5444276807960803
ITW,LNT,0.4911650111176586
ITW,LOW,0.514075140095819
ITW,LYB,0.5188322184562603
ITW,MET,0.5165794352074164
ITW,MGM,0.4516722815052936
ITW,MMC,0.5618599040879942
ITW,MO,0.4832045943642848
ITW,MTB,0.547823677152256
ITW,NDSN,0.4437926524065986
ITW,NI,0.47326120052831133
ITW,NVDA,-0.675984072626553
ITW,O,0.40377235921079063
ITW,OKE,0.4921536834633802
ITW,OMC,0.40622038948448097
ITW,OTIS,0.43067602082990364
ITW,PEG,0.41648058438536434
ITW,PFG,0.5341929623511151
ITW,PH,0.4568264238074518
ITW,PKG,0.48577103744678174
ITW,PNC,0.4792216871778149
ITW,PNR,0.520159800015182
ITW,PNW,0.49363216584245795
ITW,PPG,0.48706114313726345
ITW,PPL,0.4675494680694623
ITW,PRU,0.47526814987699656
ITW,PSA,0.44812700088580587
ITW,RF,0.4389162112905367
ITW,SJM,0.44744553692736594
ITW,SNA,0.5113257972517844
ITW,SO,0.4430383256852177
ITW,SRE,0.4835776632255764
ITW,STT,0.418115663179242
ITW,STZ,0.4830098301194938
ITW,SYF,0.4221621880707439
ITW,T,0.50828563620483
ITW,TAP,0.4194063001760781
ITW,UPS,0.44314799202397354
ITW,USB,0.46444069185490905
ITW,VZ,0.4421291329387669
ITW,WDC,-0.43494334483155367
ITW,WEC,0.43736363072205797
ITW,WFC,0.4398679054597993
ITW,WM,0.41222670815885054
ITW,WMB,0.4997501653840782
ITW,WTW,0.4385138073247407
ITW,XEL,0.5329502318949639
ITW,XOM,0.4059316358646678
IVZ,KEY,0.5048824898374215
IVZ,KIM,0.42269483780213796
IVZ,KMI,0.44286522340667434
IVZ,LKQ,0.6851733238975861
IVZ,MCO,0.4343706979806539
IVZ,MSCI,0.6381691398215988
IVZ,MTB,0.43013556133047043
IVZ,NTRS,0.43405074719452763
IVZ,NUE,0.5495644447298719
IVZ,NWSA,0.4325852792756085
IVZ,O,0.44104157441745256
IVZ,PEG,0.44479978271554244
IVZ,PFG,0.41523118564340966
IVZ,PKG,0.5514413716394692
IVZ,PNC,0.4759958747712002
IVZ,PNR,0.43385488792926913
IVZ,PNW,0.40796975529856555
IVZ,PPG,0.49712167481302
IVZ,PPL,0.4607713976012266
IVZ,PSA,0.4114655574978219
IVZ,RF,0.44828678720567117
IVZ,SHW,0.5435865564310671
IVZ,SPGI,0.5189139848491622
IVZ,STT,0.4398711434135504
IVZ,TEL,0.41879938615760137
IVZ,TFC,0.4066932141416234
IVZ,TPR,0.41464676750130486
IVZ,TROW,0.4295172408871168
IVZ,USB,0.5302739214214691
IVZ,WFC,0.41658240433896454
IVZ,WRB,0.43252210921187534
JBHT,MAR,0.4088752826472873
JBHT,ODFL,0.44279643014761055
JBHT,PLD,0.6250999402675927
JBHT,TRV,0.4968482090318888
JBHT,UAL,-0.43879611871467017
JBHT,USB,0.4764078460085272
JBL,KLAC,0.4372258145799036
JBL,LNT,-0.5444588718639191
JBL,MCHP,0.4018389888559451
JBL,MU,0.5514827274396308
JBL,NFLX,0.409182481626457
JBL,WDC,0.4313502885210902
JBL,WEC,-0.4310628251342856
JCI,SBUX,0.5212021129870935
JCI,SWKS,0.493465445452508
JCI,TECH,-0.4198525349811897
JCI,TT,0.4039940845355843
JKHY,LMT,0.454325560066017
JKHY,LNT,0.4067697537050304
JKHY,MET,0.457439413962689
JKHY,MMC,0.4398739512490805
JKHY,MU,-0.4425743266945862
JKHY,NOC,0.5004265552679955
JKHY,NVDA,-0.4660519066437306
JKHY,OTIS,0.4582693346885327
JKHY,TSN,0.4365681672161039
JKHY,WDC,-0.42547515842647465
JKHY,WEC,0.4207733540529107
JNJ,KLAC,-0.508438046578359
JNJ,KO,0.42463013749323525
JNJ,L,0.4585867588477211
JNJ,LNT,0.47300898126407026
JNJ,LRCX,-0.45696283867342624
JNJ,MCD,0.46386311657751783
JNJ,MDT,0.5741356347868792
JNJ,MET,0.49785792962934394
JNJ,MMC,0.43118686396688327
JNJ,MO,0.46217352619578567
JNJ,MU,-0.43566374241031103
JNJ,NVDA,-0.5391674880951539
JNJ,PAYX,0.40759656758135
JNJ,PCG,0.4107315265117569
JNJ,PFE,0.643738634331371
JNJ,PFG,0.426982638283738
JNJ,PM,0.40006315361185263
JNJ,PNC,0.42134230700612363
JNJ,PNW,0.4586300835232673
JNJ,PPL,0.561771283072125
JNJ,PRU,0.5280825880313583
JNJ,PSA,0.43928837462589476
JNJ,REG,0.4477146548138918
JNJ,SO,0.4822844664380942
JNJ,SRE,0.44732713448184036
JNJ,TECH,0.6040791821215532
JNJ,VICI,0.48289918708864477
JNJ,VRSK,0.5935922895339938
JNJ,VRSN,0.42569959096916843
JNJ,VRTX,0.4485806574827331
JNJ,WDC,-0.44393329462582376
JNJ,WTW,0.5348868255748311
JNJ,WY,0.41381266585540977
JPM,L,0.44466269994869706
JPM,MET,0.5197208254305051
JPM,MO,0.4028723109335914
JPM,MTB,0.47580673234780546
JPM,PFG,0.42179359417909995
JPM,PNC,0.5635419833869271
JPM,PRU,0.5807563301914055
JPM,SYF,0.408717736418933
JPM,TFC,0.43266691804476004
JPM,WFC,0.5205823133193458
K,KHC,0.5251204232471806
K,KR,0.40995717855980796
K,LIN,-0.41366731504594534
K,MDLZ,0.42480613347639423
K,PAYC,-0.49859612984984536
K,VTR,0.4264143643234759
KDP,KHC,0.4711196267824792
KDP,KO,0.5118414360786023
KDP,META,-0.5123096610284723
KDP,OMC,0.42650891455534834
KDP,PEP,0.46218745102183095
KDP,RSG,0.4585884902658382
KDP,TXT,-0.4380878937475892
KDP,TYL,0.41042874936501106
KEY,KIM,0.6097293639885734
KEY,KMI,0.41798531228329416
KEY,L,0.4622450732696007
KEY,LEN,0.41119977906910793
KEY,LNT,0.5284119535542406
KEY,LOW,0.5316357046885097
KEY,MAA,0.5488632103212393
KEY,MCO,0.49082456424773163
KEY,MET,0.4372946868322343
KEY,MHK,0.49005264535383397
KEY,MO,0.40683959371644113
KEY,MS,0.47701404948413006
KEY,MTB,0.7293819998077811
KEY,NFLX,-0.4705575675653023
KEY,NI,0.45235815900678306
KEY,NTRS,0.6278711323348377
KEY,NVDA,-0.6223860856748721
KEY,NVR,0.40731944107914475
KEY,O,0.6005359205423514
KEY,OKE,0.40077151851896936
KEY,OMC,0.44659545968246656
KEY,PEG,0.5062400276445455
KEY,PFG,0.533237793826363
KEY,PHM,0.46591595602301994
KEY,PNC,0.8045784874112135
KEY,PNR,0.46726197939849795
KEY,PNW,0.5698017739509911
KEY,PPL,0.5240844759590264
KEY,PRU,0.5058150258250669
KEY,PSA,0.47411010552074706
KEY,REG,0.47035816110762824
KEY,RF,0.8180611023924091
KEY,RJF,0.567820874324337
KEY,ROK,0.5352270925726191
KEY,SBAC,0.40575020795167316
KEY,SCHW,0.4856557081157136
KEY,SNA,0.40484257169810367
KEY,SPG,0.5051795739425168
KEY,SRE,0.5069958885425746
KEY,STT,0.6519964872026657
KEY,SYF,0.664161135454238
KEY,TFC,0.7681895045092301
KEY,TROW,0.4226593200294798
KEY,UDR,0.48706926536008527
KEY,USB,0.694210125244541
KEY,VICI,0.6115585656594554
KEY,VTR,0.49497753605421185
KEY,WEC,0.5172865613748543
KEY,WELL,0.41329716594220095
KEY,WFC,0.693627538928506
KEY,WY,0.5085415042882768
KEYS,NDSN,0.6887490043696014
KEYS,UNP,0.454808508872707
KHC,KO,0.4749762708689272
KHC,KR,0.4078011744630329
KHC,LMT,0.46242249406540986
KHC,MDLZ,0.5641833500394008
KHC,MKC,0.4622632330275655
KHC,PEP,0.5392344695531375
KHC,RSG,0.6079868317248555
KHC,SBUX,0.6819465857069322
KHC,SJM,0.46570779755236785
KHC,SWKS,0.46528898729674106
KHC,SYY,0.4285721098704326
KHC,TSN,0.4029184913430606
KHC,YUM,0.5989225059600746
KIM,L,0.41811914098012476
KIM,LEN,0.4996483081910141
KIM,LHX,0.43618410013537534
KIM,LNT,0.5882736379629334
KIM,LOW,0.5490977106752462
KIM,MAA,0.5060889715104513
KIM,MAS,0.4801420062193407
KIM,MHK,0.5522007493110661
KIM,MSFT,-0.4844952521887932
KIM,MTB,0.5815222669589218
KIM,MU,-0.43216059819537844
KIM,NI,0.43952606304922187
KIM,NTRS,0.5606912948387611
KIM,NVDA,-0.4357804798689817
KIM,NVR,0.4821284587611205
KIM,O,0.7049199784840879
KIM,OTIS,0.48518729533523447
KIM,PCG,0.40116779791677726
KIM,PFE,0.4055663679362206
KIM,PFG,0.43390095457687056
KIM,PHM,0.5117643380613888
KIM,PLD,0.4001719558946043
KIM,PNC,0.7022481260220921
KIM,PNR,0.40024316060527476
KIM,PNW,0.5734828524713197
KIM,POOL,0.46777087276977347
KIM,PPG,0.43688200069486643
KIM,PPL,0.5759025959729279
KIM,PSA,0.6285352368296091
KIM,REG,0.8037117431975724
KIM,RF,0.6514280876440037
KIM,SBAC,0.6177415835113003
KIM,SHW,0.45518005485066804
KIM,SJM,0.41758749625270347
KIM,SO,0.5193052703652832
KIM,SPG,0.5763618605275219
KIM,SRE,0.5752092635638566
KIM,STT,0.5983731729798746
KIM,TFC,0.5940290107735542
KIM,UDR,0.5647638040988543
KIM,USB,0.5921696714442618
KIM,VICI,0.664444155706254
KIM,VTR,0.73183787328068
KIM,WEC,0.5400855969466068
KIM,WELL,0.6233766978087356
KIM,WFC,0.5299980799875028
KIM,WY,0.6751961991407847
KIM,XEL,0.4239210773034175
KLAC,LNT,-0.521461203969425
KLAC,LRCX,0.829423050540023
KLAC,MCHP,0.47915290254851123
KLAC,MDT,-0.43763096568442494
KLAC,MET,-0.41831943830607315
KLAC,MMC,-0.4244381180145653
KLAC,MOH,-0.44142221925193853
KLAC,MPWR,0.6544895102011461
KLAC,MU,0.5706060852117923
KLAC,NEE,-0.4000378520684822
KLAC,NI,-0.532918026966937
KLAC,NVDA,0.435494177333284
KLAC,NXPI,0.4467083805083224
KLAC,PNW,-0.4037880206901639
KLAC,PPL,-0.4999769934600603
KLAC,QCOM,0.5305543722938926
KLAC,REG,-0.44607978546177446
KLAC,SNPS,0.5567612053697395
KLAC,SO,-0.5175940877462587
KLAC,SRE,-0.4959302617493061
KLAC,TER,0.6330315204620331
KLAC,TXN,0.41516303771266755
KLAC,VRSN,-0.4487727963591169
KLAC,WDC,0.4532426490759899
KLAC,WEC,-0.5016156363340138
KLAC,WTW,-0.6315315376744649
KLAC,XEL,-0.4297213311635357
KMB,KO,0.4329114389687644
KMB,MCD,0.41176166389743746
KMB,MDLZ,0.4595904288386708
KMB,MSCI,-0.42788909065133496
KMB,NUE,-0.40581900019201045
KMB,PG,0.6106971668909332
KMB,PM,0.5273713806982852
KMB,REG,0.4078621195781661
KMB,SJM,0.5062386741923788
KMB,SRE,0.40021056558689816
KMB,TMO,0.451106054668516
KMI,KO,0.48142271951348037
KMI,L,0.45374083984713837
KMI,LNT,0.5435427888514125
KMI,MGM,0.41300959424614847
KMI,MMC,0.40684941712492084
KMI,MO,0.43836554090484453
KMI,NFLX,-0.4410530343588105
KMI,NI,0.5268847861851925
KMI,NVDA,-0.5026211400540922
KMI,O,0.5685174473183143
KMI,OKE,0.6419958671058741
KMI,OXY,0.4504158740933828
KMI,PCG,0.43234186052103846
KMI,PEG,0.4943607511536321
KMI,PFG,0.41094875023165955
KMI,PNC,0.4479820149029406
KMI,PNW,0.5036147825759572
KMI,PPL,0.5155984123357722
KMI,SO,0.5657590922346146
KMI,SPG,0.4085547019840071
KMI,SRE,0.5584463125088611
KMI,SYY,0.4577991099167322
KMI,TAP,0.44497497852945955
KMI,TGT,0.46321384475271854
KMI,TRGP,0.4784245374480198
KMI,UDR,0.42765041750732086
KMI,VICI,0.4668768265523127
KMI,WEC,0.552053313523404
KMI,WFC,0.45554279250157714
KMI,WMB,0.7460895777021587
KMI,WY,0.433781928941131
KMI,XEL,0.6068194265434596
KMI,XOM,0.4854815426144497
KO,L,0.4073534025095233
KO,LNT,0.5110177561309431
KO,LRCX,-0.4098692653737077
KO,MAA,0.4056446525022996
KO,MCD,0.516577550559883
KO,MDLZ,0.655612179595593
KO,MDT,0.414056481687233
KO,MMC,0.40571393925073046
KO,MO,0.6197370290789038
KO,NFLX,-0.5133027241091106
KO,NI,0.5877994463356186
KO,NVDA,-0.5449829738929262
KO,O,0.612623739926249
KO,OMC,0.5287223803711504
KO,PEG,0.4613278396081659
KO,PEP,0.6126859353487243
KO,PG,0.5265941308560474
KO,PM,0.4892325143498639
KO,PNC,0.48278983268950193
KO,PNW,0.4882790081648696
KO,PPL,0.5674097192230299
KO,SJM,0.6351635954418251
KO,SNPS,-0.4415071508047336
KO,SO,0.5667758335472772
KO,SPG,0.40469400566101144
KO,SRE,0.5781813523136862
KO,T,0.4304550972548352
KO,TMUS,0.4941371303989787
KO,UDR,0.4496571535025208
KO,USB,0.4025954137646742
KO,VICI,0.4368155679898009
KO,WEC,0.5127637188122601
KO,WELL,0.5030211165031039
KO,XEL,0.5172717547889558
KO,ZBH,0.40670593751404716
KR,SJM,0.40211542191854444
KVUE,LNT,0.45538901288653355
KVUE,MDLZ,0.41746027604045777
KVUE,MMC,0.45438433316162424
KVUE,MO,0.47851548721132064
KVUE,MS,0.41333459013922313
KVUE,MSI,0.40017737060707353
KVUE,NVDA,-0.40929709201665165
KVUE,PEG,0.42808281557230776
KVUE,PEP,0.4023054749613737
KVUE,PG,0.4145045453417895
KVUE,PPL,0.4422007318814419
KVUE,SO,0.46565137364852427
KVUE,SRE,0.44138358191921573
KVUE,WEC,0.47390180970519735
KVUE,WTW,0.44630192171803523
L,LMT,0.46010014078441347
L,MDLZ,0.41615409519411956
L,MET,0.7442010811868018
L,MMC,0.6056661708562976
L,MTB,0.5071508264550891
L,NI,0.4386707917500531
L,NTRS,0.42291235979024233
L,NVDA,-0.5672925711934386
L,OKE,0.4288616752917394
L,PEG,0.4574865149057449
L,PFG,0.7842806344117046
L,PGR,0.5705704690030232
L,PNC,0.5523506776584898
L,PNR,0.4021426845197172
L,PPL,0.4394861433304697
L,PRU,0.7847628959387388
L,RJF,0.48856065661828346
L,SJM,0.40200670834483454
L,SO,0.4515431590955341
L,SPG,0.4024219392809429
L,STT,0.5493097348365084
L,STZ,0.5501630547671046
L,SYF,0.41466096108899175
L,SYY,0.43271087696882604
L,TFC,0.5165277072878155
L,TRGP,0.40650811777772
L,TRV,0.5871060256606145
L,UDR,0.4103624510457278
L,USB,0.5491722885383301
L,VRSK,0.44226297667826003
L,WFC,0.50666784401573
L,WM,0.448299696874218
L,WMB,0.4347025610258153
L,WRB,0.6258324575251343
L,WTW,0.5924293959353653
LDOS,LLY,0.4194431133292169
LDOS,MMM,0.45521748470972223
LDOS,PEG,0.4183441962524389
LDOS,TAP,-0.4389334585818871
LDOS,TT,0.6443318150960546
LDOS,ZBRA,0.460383901779811
LEN,MAS,0.48451101770769134
LEN,MHK,0.4614980417634861
LEN,MLM,0.4836369134747855
LEN,NEE,0.42345516117824283
LEN,NVR,0.7371673187997956
LEN,O,0.41158855514338677
LEN,PHM,0.8446697504422358
LEN,POOL,0.5319897376794104
LEN,REG,0.5180121104918481
LEN,SBAC,0.41056356713603587
LEN,SHW,0.40255492143600474
LEN,STT,0.42414701024293366
LEN,VICI,0.485846336508232
LEN,VTR,0.41100647944947283
LEN,WY,0.43412164016292715
LH,MDLZ,0.5243072910270219
LH,MET,0.4437298465861692
LH,NVDA,-0.4205594104374611
LH,PM,0.447037466870409
LH,PPL,0.42580257277728245
LH,PSA,0.4342394233747191
LH,SJM,0.4624901526592479
LH,TXT,0.4458301022759771
LH,WTW,0.41529469761965077
LHX,LMT,0.5706815090122436
LHX,MAA,0.4235547088053417
LHX,MTB,0.410200669330852
LHX,NFLX,-0.40963454468386007
LHX,NOC,0.4106092256428281
LHX,PPL,0.4010764270374832
LHX,T,0.5083037829558573
LHX,UDR,0.47564993775045067
LIN,MET,0.4854204868473812
LIN,MPWR,-0.516753952087536
LIN,QCOM,-0.5051036820500737
LIN,SWK,0.638943288757784
LKQ,MSCI,0.8764255367008079
LKQ,NUE,0.6298061508871281
LKQ,PEP,0.47407546846698395
LKQ,PKG,0.6682703920528834
LKQ,SHW,0.4068372506766534
LKQ,TPR,0.4189688973516508
LKQ,WRB,0.5017176032749899
LLY,NSC,-0.40517124346330774
LLY,TAP,-0.5172275132577578
LLY,TT,0.5078042879173764
LLY,WBD,-0.5145405838169557
LLY,WDC,0.4038031316236455
LMT,MA,0.4314506135165821
LMT,MDLZ,0.4404630094770759
LMT,MET,0.4329615675411118
LMT,MMC,0.47340031743739597
LMT,MO,0.4268120391000026
LMT,MPC,0.40175487482424393
LMT,MU,-0.41005638800655947
LMT,NOC,0.6051286176983165
LMT,NVDA,-0.42707524016732956
LMT,OKE,0.41454962322091554
LMT,OTIS,0.43385404282099316
LMT,PFG,0.43608863172812046
LMT,PG,0.4289841827760393
LMT,RSG,0.5193049957064624
LMT,RTX,0.5064171172752894
LMT,SO,0.4158581542642957
LMT,STZ,0.4878122830648794
LMT,T,0.46300928966929766
LMT,TAP,0.4177321019428969
LMT,UNP,0.4442748177268909
LMT,URI,0.4047220677234788
LMT,VZ,0.42343290598603317
LMT,WDC,-0.5404267899514854
LMT,WM,0.47468051236492453
LMT,WRB,0.4720949928780489
LMT,XEL,0.4065278807676025
LMT,XOM,0.4472815292135388
LNT,LOW,0.49780454697234716
LNT,LRCX,-0.510130772872419
LNT,MAA,0.5028189277546743
LNT,MCD,0.5355542319404636
LNT,MCO,0.41335802801580884
LNT,MDLZ,0.41214832187481293
LNT,MMC,0.48803663276522385
LNT,MO,0.5285993647939228
LNT,MTB,0.46639497471700364
LNT,MU,-0.6240889949690516
LNT,NEE,0.5621030534778831
LNT,NI,0.805581981381271
LNT,NVDA,-0.6169457778622592
LNT,NVR,0.41480794891963074
LNT,O,0.6741768729446465
LNT,OKE,0.4122329024446045
LNT,PCG,0.6042686838248571
LNT,PEG,0.5708952605853197
LNT,PFG,0.47676981988151146
LNT,PG,0.4251945035709079
LNT,PM,0.47719335609614577
LNT,PNC,0.5383829086494643
LNT,PNW,0.7839775992227077
LNT,PPG,0.4754677834023149
LNT,PPL,0.7865245331154443
LNT,PSA,0.611766529353971
LNT,REG,0.623202118483829
LNT,RF,0.4983638221772839
LNT,SBAC,0.5765060348369896
LNT,SHW,0.4788989257361034
LNT,SNPS,-0.517304434847314
LNT,SO,0.8193340728287042
LNT,SPG,0.43431625363688703
LNT,SRE,0.781483648722102
LNT,TFC,0.4242424001890776
LNT,UDR,0.5044263738253292
LNT,VICI,0.659114803644236
LNT,VTR,0.5548601188146927
LNT,WDC,-0.5069396286271937
LNT,WEC,0.8581338254748535
LNT,WELL,0.51762499155525
LNT,WFC,0.4138868069873671
LNT,WMB,0.5288151082991471
LNT,WY,0.5151937116371514
LNT,XEL,0.7760924360268916
LOW,MAA,0.4098246624933253
LOW,MAS,0.6662888497505005
LOW,MHK,0.5196421076986356
LOW,MTB,0.46101965247727916
LOW,NDSN,0.5216889018419588
LOW,NTRS,0.5061310499649462
LOW,NVDA,-0.41493143618041245
LOW,NVR,0.5717310682606181
LOW,O,0.4686921285906217
LOW,PHM,0.5285090992380025
LOW,PNC,0.5337994176354012
LOW,PNR,0.6112821128084447
LOW,PNW,0.4818310025221038
LOW,POOL,0.5767745213839662
LOW,PPG,0.4057879756079883
LOW,PPL,0.4190037211511969
LOW,PSA,0.4574701450980181
LOW,REG,0.4525206381572935
LOW,RF,0.5117140184220768
LOW,SBAC,0.40686649663990226
LOW,SHW,0.47501520557494503
LOW,SO,0.4060094854092463
LOW,SPG,0.4087229847985164
LOW,SRE,0.4797780295651109
LOW,TFC,0.4739574508872942
LOW,TSCO,0.4552960894700023
LOW,UHS,0.4144636735229096
LOW,UNP,0.40094896468516417
LOW,USB,0.4390147654408794
LOW,VICI,0.49246958280799097
LOW,VTR,0.4341032819958606
LOW,WEC,0.4188825717175843
LOW,WELL,0.438732448360385
LOW,WFC,0.453939278740173
LOW,WY,0.47683071616373807
LRCX,MCD,-0.44483933368331635
LRCX,MDT,-0.4079072160803267
LRCX,MOH,-0.45484753204162476
LRCX,MPWR,0.5173877273158131
LRCX,MU,0.5642481697567134
LRCX,NI,-0.6004450873633608
LRCX,NVDA,0.405867944204348
LRCX,PNW,-0.46344017710743474
LRCX,PPL,-0.5288825490427403
LRCX,QCOM,0.4333601318732727
LRCX,REG,-0.46518277810402137
LRCX,SJM,-0.4207374584826982
LRCX,SNPS,0.559116477441353
LRCX,SO,-0.5045992431870133
LRCX,SRE,-0.545152481190809
LRCX,TER,0.5024949940372696
LRCX,WDC,0.48444374498730514
LRCX,WEC,-0.5267358622639079
LRCX,WTW,-0.5268563126610352
LULU,MTCH,0.46230964904107197
LULU,PG,0.40646287652713436
LULU,PYPL,0.42236350732854233
LULU,SJM,0.4877424781213879
LULU,SYY,0.5651161772778293
LULU,TGT,0.4674544605010239
LUV,TXT,0.45086965558316733
LVS,MPC,0.40853649622022686
LVS,PSX,0.4046167098784497
LVS,SNA,0.5260163408155286
LVS,WYNN,0.5760112930196235
LW,SYY,0.46448969091494985
LYB,NVDA,-0.4746374172774161
LYB,OKE,0.4850219341619181
LYB,OXY,0.4508171420387047
LYB,PEG,0.46981528286118784
LYB,PH,0.4287351346146294
LYB,PKG,0.40545439415416445
LYB,SLB,0.4634411048450072
LYB,TAP,0.4016617834219515
LYB,TGT,0.4171594855533283
LYB,TSCO,0.43365220757715095
LYB,WMB,0.4805514899591916
LYB,XOM,0.416581049847909
MA,MCK,0.54810638854806
MA,RSG,0.4001782919059034
MA,V,0.7154686849075672
MAA,MHK,0.4318370549765994
MAA,MTB,0.4036468628055613
MAA,MTCH,0.47187990347024694
MAA,NDAQ,0.46616649221176004
MAA,NI,0.568134502795118
MAA,NTRS,0.4875491131752004
MAA,NVDA,-0.48155143747230134
MAA,O,0.5820924432371717
MAA,PCG,0.412236457619374
MAA,PEG,0.4643575822533378
MAA,PKG,0.43529157897258725
MAA,PNC,0.537103791129904
MAA,PNW,0.4807142534561539
MAA,PPG,0.4015625472274189
MAA,PPL,0.47737475123609674
MAA,PSA,0.6054002374644517
MAA,REG,0.47214693173389
MAA,RF,0.45607651389982473
MAA,RVTY,0.45435732358790737
MAA,SO,0.41938047550057134
MAA,SPG,0.40075049132404644
MAA,SRE,0.42499530280384856
MAA,TFC,0.4400374449453638
MAA,UDR,0.8296109156469149
MAA,USB,0.4324240784234484
MAA,VICI,0.4481032734576064
MAA,VTR,0.4655477574024202
MAA,WEC,0.4606175075335866
MAA,WY,0.42312075222910756
MAA,XEL,0.4325878843231374
MAR,STZ,0.4148438505920856
MAS,MHK,0.5441348216152889
MAS,MLM,0.5207143284413509
MAS,NTRS,0.45778760183620365
MAS,NVR,0.5761681662685658
MAS,ODFL,0.4704278023898694
MAS,OTIS,0.6111057661619708
MAS,PH,0.4427122960861383
MAS,PHM,0.592204776992401
MAS,PNR,0.586851018811002
MAS,POOL,0.5638612960488562
MAS,REG,0.4499342667638468
MAS,SHW,0.4507120641516114
MAS,SPG,0.47253360898935215
MAS,SWK,0.4251582800374459
MAS,TDY,0.5897698140850324
MAS,VMC,0.5672155391315558
MAS,WFC,0.4435143065972612
MAS,XYL,0.4519389346792727
MCD,MDLZ,0.44925528109695734
MCD,MO,0.46161448499518787
MCD,MU,-0.4047034078772793
MCD,NI,0.5222578247777054
MCD,NOC,0.44375017285057017
MCD,NVDA,-0.49459487933543056
MCD,O,0.49314038082036504
MCD,PEP,0.4380974036017491
MCD,PG,0.5205039944646146
MCD,PNW,0.4060810811984965
MCD,PPG,0.4223631212559385
MCD,PPL,0.5560384225723684
MCD,REG,0.5301614739152989
MCD,SNPS,-0.43626536259040544
MCD,SO,0.4911024165871962
MCD,SRE,0.5575453245630433
MCD,VICI,0.4014400699540626
MCD,WEC,0.5204909288993071
MCD,WTW,0.49295467523162073
MCD,XEL,0.4191973750438491
MCHP,MPWR,0.5446332788268485
MCHP,NXPI,0.7110775660543593
MCHP,ON,0.639353491842708
MCHP,TER,0.5629951694525503
MCHP,TXN,0.7709285619277146
MCK,MRK,0.4941259523258649
MCK,V,0.46373937766832807
MCO,MS,0.4406264032962122
MCO,MTB,0.41742374189548354
MCO,NTRS,0.4143638638709812
MCO,NVDA,-0.4101802956087055
MCO,PFE,0.43296826795621296
MCO,PNC,0.43007913826285876
MCO,PPL,0.43471562843071465
MCO,PRU,0.42442669921658815
MCO,PSA,0.5481473562521927
MCO,SPGI,0.6349619511707284
MCO,TFC,0.4877526386111639
MCO,WEC,0.4645861243119436
MDLZ,MO,0.49543989145653744
MDLZ,MOH,0.40699385786078474
MDLZ,NI,0.48551682046707406
MDLZ,NVDA,-0.45894353921758585
MDLZ,O,0.4157647877275872
MDLZ,ORCL,-0.40739135435703644
MDLZ,PAYX,0.40948919978460324
MDLZ,PEG,0.4040872206917251
MDLZ,PEP,0.5087948785404706
MDLZ,PG,0.5547725309894095
MDLZ,PM,0.4300735436980136
MDLZ,PPL,0.4928641068518531
MDLZ,PSA,0.406061519809075
MDLZ,REG,0.41380431615750873
MDLZ,RSG,0.41879497029590296
MDLZ,SJM,0.598698802126334
MDLZ,SRE,0.45130081107629183
MDLZ,VICI,0.4355628612136951
MDLZ,WEC,0.4636003079703926
MDLZ,WM,0.4201714210844389
MDLZ,XEL,0.4522118551471645
MDT,NVDA,-0.42104922289765073
MDT,PFE,0.42999959280506206
MDT,SNPS,-0.5567934203028916
MDT,WTW,0.4246286989723285
MDT,ZBH,0.5241153349232708
MET,MMC,0.5778632575870101
MET,MOS,0.4450938170616122
MET,MTB,0.48498611439069533
MET,NEE,0.4776950155045849
MET,NOC,0.4676534266155764
MET,NTRS,0.43767281941881564
MET,NVDA,-0.6158115145052688
MET,OKE,0.4363096527099563
MET,PEG,0.5185958287441855
MET,PFG,0.8328327582966073
MET,PKG,0.4279691497432513
MET,PNC,0.508897048237326
MET,PNW,0.4330135684919641
MET,PPL,0.5052989130565413
MET,PRU,0.8657542786301576
MET,RJF,0.5628894841412557
MET,SO,0.4712904935887832
MET,STT,0.5324969864385056
MET,STZ,0.4335512237734756
MET,SWK,0.46763329452223934
MET,T,0.4355781953111992
MET,TFC,0.4486213529314744
MET,TRV,0.44951000846383016
MET,UDR,0.45455467461932253
MET,USB,0.5750136253432129
MET,WEC,0.4022109435024933
MET,WFC,0.46014862845875837
MET,WRB,0.46928747606301097
MET,WTW,0.6736502934157443
MET,XOM,0.4128485446312078
META,MSFT,0.413979938851177
META,NOC,-0.4071144421900486
META,TER,-0.5651715988495349
META,TSCO,-0.46298223177132514
META,TXT,0.5546107810241839
META,TYL,-0.6559162836539087
META,UNP,-0.4717538861162648
META,URI,-0.47636244141678774
MGM,MTB,0.4148617229734308
MGM,NVDA,-0.4897037777776538
MGM,PNC,0.41206936164008184
MGM,PSKY,0.4037932222523921
MGM,SBAC,0.42697952066208766
MGM,SLB,0.40458202299331447
MGM,TPR,0.46043651766337845
MGM,UPS,0.40075722167132544
MGM,WBD,0.5339923901429044
MGM,WY,0.44493678922172886
MGM,WYNN,0.6594285625977745
MHK,MTB,0.40051304270398336
MHK,NTRS,0.5239260173598211
MHK,PHM,0.5588073143542447
MHK,PNC,0.4886340534159779
MHK,PNR,0.54481175875405
MHK,POOL,0.5505824137193202
MHK,PPG,0.40782628059310627
MHK,RF,0.4691615044987173
MHK,RJF,0.4366273594604656
MHK,SPG,0.48634052375818815
MHK,STT,0.40480550534328613
MHK,SWK,0.4135244208986633
MHK,SYF,0.47473695552006506
MHK,TEL,0.4022046665870543
MHK,TFC,0.479973339046269
MHK,TPR,0.5471453654666127
MHK,UPS,0.4162239371871134
MHK,USB,0.4080058752987258
MHK,VTR,0.43505985467591024
MHK,WFC,0.46852798877027985
MHK,WY,0.47188203268748286
MKC,NVDA,-0.4178609225762018
MKC,SJM,0.47614192466370153
MKC,SYY,0.40438696071039687
MLM,PHM,0.48983542401374264
MLM,URI,0.4032361547264511
MLM,VMC,0.8405228789662361
MMC,MO,0.4233644719722796
MMC,MU,-0.4103743496209522
MMC,NI,0.4386349621872421
MMC,NVDA,-0.5172429762139577
MMC,O,0.4122146952568932
MMC,ORLY,0.4595062248215286
MMC,OTIS,0.4308906633548167
MMC,PAYX,0.4194642765925031
MMC,PCG,0.40470507815261203
MMC,PEG,0.43497029523584724
MMC,PEP,0.4296499563568013
MMC,PFG,0.5151614110301121
MMC,PNR,0.4047808417205525
MMC,PNW,0.40290258028590686
MMC,PPL,0.4690909299827343
MMC,PRU,0.4954577038477453
MMC,PSA,0.41880432216383995
MMC,REG,0.4165040917421188
MMC,ROP,0.49281044160268184
MMC,RSG,0.46031079317199763
MMC,SO,0.43593450888703433
MMC,UDR,0.4072720605276392
MMC,VICI,0.41626526616982357
MMC,VRSK,0.4354042193554117
MMC,WEC,0.47614264668741346
MMC,WELL,0.46191396132303597
MMC,WFC,0.44728824400856565
MMC,WRB,0.4197035024781283
MMC,WTW,0.6556155014988346
MMC,XEL,0.4291750680909077
MNST,MU,-0.41343850102848356
MNST,PEP,0.4391233675728991
MO,MTB,0.4076420303262103
MO,NFLX,-0.4583096021988067
MO,NI,0.5019520067921602
MO,NOC,0.47300784543938534
MO,NVDA,-0.40402867314294305
MO,O,0.41584928026325635
MO,PEG,0.49025418486698874
MO,PFG,0.4065626400150496
MO,PG,0.47095033587655305
MO,PM,0.4058942374502394
MO,PNC,0.44355318718798814
MO,PNW,0.43536228920445674
MO,PPL,0.5332034997325432
MO,SO,0.551739355722843
MO,SPG,0.404248494726209
MO,SRE,0.566953020433186
MO,VICI,0.4010110227284564
MO,WEC,0.5025263332573534
MO,WMB,0.42902041831052534
MO,XEL,0.48790630848559824
MOH,NVDA,-0.4778276383306856
MOH,PEP,0.44030557666253056
MOH,SJM,0.44440642955255577
MOH,WTW,0.5818051524277053
MOS,OKE,0.4379847735867665
MOS,OXY,0.4165948681054676
MOS,PTC,0.44557478234217657
MOS,SWK,0.43309872905457614
MOS,XOM,0.4404832433584071
MOS,ZBH,0.4293389926750917
MPC,OXY,0.5131148512523445
MPC,PCAR,0.41042442426049697
MPC,PSX,0.7935337860818207
MPC,TAP,0.5808978986332346
MPC,TRGP,0.445498848846857
MPC,VLO,0.8126074046564035
MPC,WYNN,0.4205866984927394
MPC,XOM,0.4600100929247052
MPWR,NXPI,0.558317603975423
MPWR,QCOM,0.6836135448886232
MPWR,TER,0.5567147809517369
MPWR,TXN,0.47458202678355
MPWR,WTW,-0.5040871192506854
MRK,NKE,0.43368619732929464
MRK,V,0.4306203643265104
MRK,VRTX,0.42855816126101115
MRNA,PFE,0.4354291248104681
MS,MTB,0.4263275776164425
MS,PM,0.4097350946048959
MS,PNC,0.4194974106773577
MS,REGN,0.4001531435728088
MS,RF,0.43530593772657866
MS,RJF,0.42924454288270436
MS,UNH,0.41741100391089664
MS,WFC,0.40750804718677847
MSCI,NUE,0.5624687177935261
MSCI,PEP,0.5100368271593709
MSCI,PKG,0.5814323050374386
MSCI,SHW,0.4337827145907356
MSCI,WRB,0.4412923964314676
MSFT,NOW,0.5550947926721318
MSFT,REG,-0.4852814733900165
MSFT,RSG,-0.43514346496351375
MSFT,UDR,-0.40555814347653746
MSFT,UNP,-0.43901430938756647
MSFT,UPS,-0.4221804182394891
MSFT,VTR,-0.45085179301905853
MSFT,WELL,-0.5328625279579299
MSI,PAYX,0.4701244735389247
MSI,ROP,0.4881644888262598
MSI,SPGI,0.4420379608602182
MSI,TSN,0.45384832946141923
MSI,UNP,0.4222041667085533
MTB,NFLX,-0.41934828511267547
MTB,NTRS,0.6639076884401278
MTB,NVDA,-0.5008539149671096
MTB,O,0.506819470669307
MTB,OKE,0.4178052098089301
MTB,OMC,0.5237911560485904
MTB,PEG,0.4242131762161421
MTB,PFG,0.53605885656336
MTB,PNC,0.7841348543510102
MTB,PNW,0.5040209013516501
MTB,PPL,0.45953828493859317
MTB,PRU,0.49997088657138283
MTB,RF,0.7426654566068449
MTB,RJF,0.5023872461046053
MTB,ROK,0.5034772608295589
MTB,SJM,0.4049332634715315
MTB,SPG,0.40640760978988866
MTB,SRE,0.4447765391448803
MTB,STT,0.5631100070426193
MTB,SYF,0.5928677832666144
MTB,TFC,0.7084581771923115
MTB,TROW,0.46842495563506525
MTB,USB,0.6918489203252655
MTB,VICI,0.48021943142409745
MTB,WEC,0.44134585548211874
MTB,WFC,0.713830910854934
MTB,WY,0.4296692281477057
MTCH,O,0.40176778882468367
MTCH,SNPS,-0.4218680750171667
MTCH,WBD,0.424985772062629
MTD,TMO,0.5629664500185455
MTD,WAT,0.6052947951577837
MU,NI,-0.4570934609394306
MU,NOC,-0.41011409982938307
MU,NVDA,0.5009896988727326
MU,PCG,-0.43563796854307085
MU,PNW,-0.5620989751634209
MU,PPL,-0.4504396810642642
MU,QCOM,0.4637863079142634
MU,REG,-0.46710697649882194
MU,SNPS,0.5298574172203235
MU,SO,-0.4390921891888279
MU,SPG,-0.41913708703531644
MU,SRE,-0.43512842139202057
MU,VICI,-0.4255926853689982
MU,WDC,0.5490724692289238
MU,WEC,-0.473068281181437
MU,WELL,-0.40501312504347353
MU,WTW,-0.4912586391381759
MU,WY,-0.43611368509440795
NCLH,RCL,0.6051157373864499
NCLH,SBUX,0.5536846353416577
NCLH,SWKS,0.49699989353926943
NCLH,TECH,-0.5540054267714094
NCLH,VRSK,-0.4572934614240381
NCLH,XYZ,0.43638970480953854
NDAQ,NVDA,-0.42306293490112945
NDAQ,PEP,0.42906018533965445
NDAQ,ROP,0.44809325067473765
NDAQ,SPGI,0.4234479111594901
NDAQ,UDR,0.4497025528740095
NDSN,PNR,0.40447919416944467
NDSN,UNP,0.47034755170102827
NEE,NI,0.5457295333895115
NEE,PCG,0.5634846679804396
NEE,PEG,0.49753727805684983
NEE,PFG,0.5014915780849731
NEE,PHM,0.4257104114991598
NEE,PNW,0.5151003911878478
NEE,PPL,0.4993648168501542
NEE,SO,0.6052722980570294
NEE,SRE,0.4493540448510967
NEE,WEC,0.4381063440305301
NEE,XEL,0.49737169289643474
NEM,OKE,0.4156736779741319
NEM,OXY,0.4492031920037361
NEM,TXT,-0.4320247032605704
NEM,TYL,0.4749932870151796
NEM,UNP,0.49473713793412594
NEM,URI,0.4293259326837547
NEM,WMB,0.4234955112549885
NEM,XOM,0.4261536312953947
NFLX,NVDA,0.400470936202899
NFLX,PKG,-0.4319714229751227
NFLX,PM,-0.4312378358415921
NFLX,PNC,-0.4968728275453843
NFLX,SJM,-0.4634666327166631
NFLX,SRE,-0.41695248439058424
NFLX,TFC,-0.47688887515695255
NFLX,UDR,-0.4179751600931495
NFLX,USB,-0.5477544614900459
NI,NVDA,-0.5599327557976382
NI,NVR,0.42473760318853704
NI,O,0.6370438532160348
NI,PCG,0.6430412137627856
NI,PEG,0.5905603979660019
NI,PEP,0.45731657464121084
NI,PFG,0.4223586667558144
NI,PG,0.5009172117224565
NI,PM,0.4134003868310125
NI,PNC,0.45132049981696243
NI,PNW,0.7090431625647458
NI,PPL,0.7081701079087068
NI,PSA,0.5518672807348118
NI,REG,0.5145921734081171
NI,SBAC,0.4334250152603135
NI,SNPS,-0.5896323433659242
NI,SO,0.7571799024600131
NI,SPG,0.4197520835553619
NI,SRE,0.7217878027619216
NI,UDR,0.5228546586350173
NI,VICI,0.5263042092828223
NI,VTR,0.49240002408443084
NI,WEC,0.7074547757616021
NI,WELL,0.4541386961805543
NI,WM,0.4180565077023364
NI,WMB,0.5118699273325176
NI,WTW,0.41478998561447905
NI,XEL,0.7305380205996919
NI,XOM,0.44548154581281674
NOC,OMC,0.40693346427883575
NOC,PEP,0.41370590143065034
NOC,PG,0.44617301268671544
NOC,RSG,0.42120833450033873
NOC,TYL,0.4666904856376863
NOC,UDR,0.43142116585618084
NOC,WDC,-0.4003213273261725
NRG,PWR,0.5068084439412935
NSC,OTIS,0.40890197768503456
NSC,TAP,0.4017771561281589
NSC,TDY,0.4505627375946019
NSC,TEL,0.45431055465771114
NSC,UNP,0.6344951232477344
NSC,UPS,0.41217187797462274
NTRS,NVR,0.43430763029960606
NTRS,O,0.5052522436676485
NTRS,PFG,0.47428816259088
NTRS,PHM,0.48821122645838244
NTRS,PNC,0.6937304541815914
NTRS,PNR,0.43322846344260296
NTRS,PNW,0.4158608811826046
NTRS,PPL,0.41601027235720556
NTRS,PRU,0.46934261552819845
NTRS,RF,0.6139458621065916
NTRS,RJF,0.4979347615650648
NTRS,SBAC,0.45688474139652685
NTRS,SHW,0.4151889731404169
NTRS,SO,0.44835066055223033
NTRS,SPG,0.537652760882372
NTRS,SRE,0.4583481090813649
NTRS,STT,0.705615505564393
NTRS,SYF,0.5368289776563671
NTRS,TFC,0.6916199595413408
NTRS,TROW,0.47097027769316335
NTRS,UDR,0.44549072738543766
NTRS,USB,0.48189255823954286
NTRS,VICI,0.4161415000625678
NTRS,WEC,0.4143166587138745
NTRS,WFC,0.5318322368189182
NTRS,WY,0.4379023982348936
NUE,PKG,0.45104737295155783
NUE,SHW,0.4080410877361704
NVDA,NVR,-0.40421253738599244
NVDA,O,-0.47880621647548494
NVDA,OKE,-0.4335782789636458
NVDA,OMC,-0.4855459100016329
NVDA,ORLY,-0.41586126602527157
NVDA,PCG,-0.43743676576643636
NVDA,PEG,-0.5119171983857049
NVDA,PEP,-0.4359593175006118
NVDA,PFG,-0.608539915643585
NVDA,PKG,-0.4423707342359722
NVDA,PM,-0.45711625031788855
NVDA,PNC,-0.5589374570738749
NVDA,PNR,-0.4539491012105055
NVDA,PNW,-0.6083019430857136
NVDA,PPG,-0.4142018161344574
NVDA,PPL,-0.6063440090819014
NVDA,PRU,-0.5145284068021256
NVDA,PSA,-0.45699630107582406
NVDA,REG,-0.45655720143987655
NVDA,RF,-0.4966099810477048
NVDA,RJF,-0.4152217465965558
NVDA,SBAC,-0.45414294762604807
NVDA,SJM,-0.4522137719438881
NVDA,SNA,-0.45133541755320855
NVDA,SNPS,0.44397614868491303
NVDA,SO,-0.5273605242759999
NVDA,SPG,-0.4229958621496646
NVDA,SRE,-0.557737132922481
NVDA,STT,-0.42617179221383256
NVDA,TFC,-0.4804674303065201
NVDA,TSN,-0.4009134637591203
NVDA,TXT,-0.42393741077182845
NVDA,UDR,-0.44702332024769675
NVDA,USB,-0.567389983792329
NVDA,VICI,-0.5482069964621612
NVDA,VTR,-0.4255223789407412
NVDA,WEC,-0.5662916804629182
NVDA,WFC,-0.4448967943202004
NVDA,WMB,-0.4053311260627526
NVDA,WTW,-0.6135988101710134
NVDA,WY,-0.5544764766848805
NVDA,XEL,-0.5439384797939012
NVDA,ZBH,-0.41355456774291016
NVR,O,0.42519185006692833
NVR,PHM,0.742584094738969
NVR,PNR,0.45914306308694036
NVR,PNW,0.41550669071873314
NVR,POOL,0.6207746167418388
NVR,REG,0.5086422248888021
NVR,SBAC,0.43355286904882834
NVR,SHW,0.5121702873289748
NVR,SPG,0.46648648574240353
NVR,STT,0.4615972237460626
NVR,SWK,0.4327563019000601
NVR,USB,0.4382327857096115
NVR,VICI,0.48558506841898325
NVR,WTW,0.41141661626416864
NVR,WY,0.4228802040163038
NWS,NWSA,0.8818444494432698
NXPI,ON,0.7031774519132188
NXPI,QCOM,0.40480659357978827
NXPI,TAP,-0.40346805251140516
NXPI,TER,0.5751111939878376
NXPI,TXN,0.6994284793558323
NXPI,ZBRA,0.615924050716474
O,PCG,0.5474915666873226
O,PEG,0.45398330939669207
O,PEP,0.4523800999236917
O,PNC,0.6641116587267138
O,PNW,0.6900738239343176
O,PPL,0.6847580168664089
O,PSA,0.6555881512795739
O,REG,0.5951062605748281
O,RF,0.5889679356311037
O,SBAC,0.6480577487141931
O,SHW,0.5029795601944901
O,SJM,0.4856468207023364
O,SNPS,-0.46523061244555675
O,SO,0.6160746617948377
O,SPG,0.4840534772077978
O,SRE,0.6664265045775454
O,STT,0.4679167949560184
O,TFC,0.4992050112401962
O,UDR,0.6116374027666089
O,USB,0.5145215342172482
O,VICI,0.713282877067207
O,VTR,0.6370362055126334
O,WDC,-0.445391447360121
O,WEC,0.7062633727795887
O,WELL,0.5310867935483161
O,WFC,0.4388126584410849
O,WMB,0.4380756123578298
O,WY,0.6094388960075076
O,XEL,0.5925786693439492
ODFL,OTIS,0.5310680387979083
ODFL,PLD,0.40671959702288685
ODFL,TDY,0.6270425511483256
OKE,OXY,0.6146557765575013
OKE,PEG,0.4680072446260259
OKE,PFG,0.5030747999940102
OKE,PNC,0.40969803549780814
OKE,PNW,0.4144848229077461
OKE,PSX,0.4461282688038045
OKE,RSG,0.4235880800769442
OKE,SLB,0.4664320667333113
OKE,SO,0.45359421958198765
OKE,SYF,0.5148901353948738
OKE,TAP,0.47127118977417676
OKE,TGT,0.4571545114292319
OKE,TRGP,0.6643045107250592
OKE,WEC,0.474815743622969
OKE,WFC,0.44213185469500405
OKE,WM,0.4529103554754631
OKE,WMB,0.7681908221908178
OKE,XEL,0.5285003639973496
OKE,XOM,0.6112237251114945
OMC,PAYX,0.46936508169160474
OMC,PEG,0.45584128743735586
OMC,PEP,0.48479818119024853
OMC,PNC,0.4933689013177334
OMC,PPL,0.45601655484961595
OMC,RF,0.4529417276568954
OMC,SJM,0.4262138383710248
OMC,SNA,0.40862626890137876
OMC,SO,0.4025449408792737
OMC,SRE,0.4241819864522628
OMC,T,0.4167680529194018
OMC,TSCO,0.4085986107590436
OMC,TXN,0.4091695927807647
OMC,USB,0.40516767750456545
OMC,WM,0.4975156652453902
ON,PPG,0.41839106689877814
ON,TER,0.549553693197164
ON,TXN,0.6940572424682683
ON,ZBRA,0.4082661714376786
ORCL,TMUS,-0.4253307839695242
ORLY,TER,-0.44081307290172067
ORLY,WTW,0.4980166754312734
OTIS,PNW,0.4414417288000405
OTIS,PPG,0.4319814089809789
OTIS,REG,0.46593548726976575
OTIS,SPG,0.47109950296838676
OTIS,TDY,0.6805900287496436
OTIS,TEL,0.447874749179269
OTIS,WFC,0.43216721326921853
OXY,PEG,0.4037318632366772
OXY,PSX,0.49111352332751146
OXY,SLB,0.5644687423374278
OXY,TAP,0.4123378670076462
OXY,TRGP,0.6976578924689866
OXY,URI,0.4130132797857151
OXY,VLO,0.5366032839105547
OXY,WM,0.4456930823376572
OXY,WMB,0.5865425567973819
OXY,XOM,0.7614972177668609
PAYC,PTC,0.4988673095767242
PAYX,PEP,0.4022139572455491
PAYX,ROP,0.44801574446487225
PCG,PEG,0.5897860447128702
PCG,PNW,0.6494119880852969
PCG,PPL,0.6430038623099894
PCG,PSA,0.46406642189619485
PCG,REG,0.44174169975837313
PCG,SBAC,0.4644165999923045
PCG,SNPS,-0.4078802240782415
PCG,SO,0.7192413738833631
PCG,SRE,0.6661217239499911
PCG,VICI,0.44114844002200315
PCG,VTR,0.45191901462156747
PCG,WEC,0.5453194469010386
PCG,WELL,0.49331641000569587
PCG,WMB,0.48464474394210905
PCG,XEL,0.60513762345849
PEG,PFG,0.4940861181731696
PEG,PKG,0.45652850298903563
PEG,PNC,0.4638134202254262
PEG,PNR,0.4770035262320878
PEG,PNW,0.6086554836962322
PEG,PPG,0.4159229706823842
PEG,PPL,0.6872228540566234
PEG,PRU,0.4108794248721932
PEG,RF,0.4761630068338997
PEG,SHW,0.548121156372055
PEG,SO,0.6221574368528799
PEG,SPG,0.5303836285793844
PEG,SRE,0.6501804434280432
PEG,TFC,0.40922929331498903
PEG,UDR,0.4482655425520165
PEG,USB,0.465237948712513
PEG,WEC,0.6107610088562239
PEG,WELL,0.46053400408178147
PEG,WFC,0.5031559700287551
PEG,WM,0.4527719806157217
PEG,WMB,0.5599788669285722
PEG,XEL,0.45799762048413967
PEG,XOM,0.49680701223951035
PEP,PG,0.5049634071335705
PEP,PKG,0.4218572309355478
PEP,PPL,0.4758077415934401
PEP,RSG,0.507103548923206
PEP,SJM,0.4480185543917107
PEP,UDR,0.46803591117012533
PEP,WDC,-0.4804677986827486
PEP,WEC,0.4527471063570358
PEP,WMT,0.4252483756656623
PFE,PM,0.4884941489234897
PFE,PPG,0.4067888915532092
PFE,PPL,0.4769740378823795
PFE,PRU,0.4065532139965289
PFE,PSKY,0.42468837948915705
PFE,SWKS,-0.40829645076811316
PFE,TECH,0.5643116758386109
PFE,VRSK,0.4991599908460199
PFE,VRTX,0.4995054738412967
PFG,PGR,0.43572298209851534
PFG,PKG,0.4253347149423817
PFG,PNC,0.5433530109978202
PFG,PNW,0.4721006388672725
PFG,PPL,0.49635590481483083
PFG,PRU,0.8164443845529734
PFG,RJF,0.6119462503303393
PFG,SO,0.5234629845013279
PFG,SRE,0.42299246063072543
PFG,STT,0.5972603099904197
PFG,SYF,0.4651617952809607
PFG,TFC,0.5226677861954586
PFG,TRV,0.4153970488069125
PFG,USB,0.5469486492363516
PFG,WEC,0.47059181021355617
PFG,WFC,0.4895546090419384
PFG,WMB,0.40434752692606335
PFG,WRB,0.5704927091366575
PFG,WTW,0.601707562312851
PFG,XEL,0.45375028066798506
PFG,XOM,0.44727187434848154
PG,PPL,0.4730647300587256
PG,SJM,0.5796912563609308
PG,SNPS,-0.43478164146252696
PG,SO,0.43506281263621216
PG,SRE,0.4633862711949342
PG,ULTA,0.4263779251084781
PG,WDC,-0.4340667456311601
PGR,TER,-0.4150048747061183
PGR,TRV,0.4005351421597702
PGR,WRB,0.4314560073588662
PH,PNR,0.5115301189277781
PH,ROK,0.44789643283136027
PH,SWK,0.42457692641803857
PH,TT,0.41519852867743995
PH,URI,0.48606833164657975
PH,XYL,0.4032867443540746
PHM,PNR,0.4138746467925401
PHM,POOL,0.6092561459950295
PHM,REG,0.43386291074751293
PHM,RF,0.4417769869763767
PHM,SBAC,0.413123201799448
PHM,SCHW,0.4073898865862569
PHM,SPG,0.44225917760741706
PHM,STT,0.4440318679245709
PHM,TFC,0.404522680709339
PHM,UHS,0.44386469474134693
PHM,USB,0.4223914818796194
PHM,VICI,0.42480779089633675
PHM,VMC,0.4280990696035518
PHM,VTR,0.41097899124308296
PHM,WY,0.4401565281795322
PKG,PRU,0.4164370405200906
PKG,TPR,0.48935830911996775
PKG,USB,0.4592821876693795
PKG,WRB,0.4768718267868186
PLD,PNW,0.4033301688203634
PLD,PSA,0.4485981612912104
PLD,SBAC,0.45802631791773857
PLD,TRV,0.46400902191266646
PLD,USB,0.4002701554726687
PLD,VICI,0.4541073602204706
PLD,WY,0.4907334293341844
PM,PNW,0.42019524170142936
PM,PPL,0.44269339034591243
PM,SJM,0.4889483800807282
PM,SO,0.4815957652418798
PM,SRE,0.4800519354925946
PM,TMO,0.40737104851864675
PM,WEC,0.49669609112589286
PM,XEL,0.47587233823664576
PNC,PNW,0.5628654701512809
PNC,PPL,0.5660364340365502
PNC,PRU,0.5323488775121775
PNC,PSA,0.48349884909409896
PNC,REG,0.5373650862171576
PNC,RF,0.7760303161107932
PNC,RJF,0.558754514563033
PNC,SBAC,0.48476679471233064
PNC,SCHW,0.4228721549013446
PNC,SJM,0.5148174276643062
PNC,SO,0.46847682677518315
PNC,SPG,0.5425054846626581
PNC,SRE,0.5622197272404238
PNC,STT,0.5938316690055291
PNC,SYF,0.5742814632403996
PNC,TFC,0.8049069192983251
PNC,TROW,0.45664463997032095
PNC,UDR,0.5599056013963327
PNC,USB,0.7262735001634647
PNC,VICI,0.6211256586926422
PNC,VTR,0.5305147461255412
PNC,WEC,0.5370891176206781
PNC,WELL,0.46627494909403316
PNC,WFC,0.7242066014135113
PNC,WY,0.5730164326170525
PNC,XEL,0.41968377361555215
PNR,POOL,0.6505569954291582
PNR,PPG,0.4279907301454031
PNR,SHW,0.45735025644493255
PNR,SPG,0.4257943878284525
PNR,STT,0.40987966885446986
PNR,SWK,0.43161365980484406
PNR,TFC,0.4241616513978454
PNR,USB,0.4784379866203488
PNR,WFC,0.5001398683113087
PNR,XYL,0.5699965638591177
PNW,PPG,0.4469007913652721
PNW,PPL,0.770969907457
PNW,PSA,0.5899717724795593
PNW,REG,0.5069702091691135
PNW,RF,0.579542481695235
PNW,SBAC,0.6025163410673121
PNW,SHW,0.5681667408345978
PNW,SNPS,-0.4702186019302208
PNW,SO,0.6853412480940956
PNW,SPG,0.5489395103665573
PNW,SRE,0.7315931555192153
PNW,STT,0.4176442123777633
PNW,TFC,0.48892444992795064
PNW,UDR,0.4589431583439563
PNW,USB,0.5211409764271784
PNW,VICI,0.676499803912837
PNW,VTR,0.47484365987236304
PNW,WDC,-0.5030771204030708
PNW,WEC,0.762297015956005
PNW,WELL,0.4556671030006928
PNW,WFC,0.4341023127407967
PNW,WMB,0.46504273351305425
PNW,WY,0.5220544421316139
PNW,XEL,0.6964842517510436
POOL,REG,0.4232782187207453
POOL,SWK,0.49811505743734336
POOL,TMO,0.41757429700441057
POOL,USB,0.4650746547196658
POOL,VICI,0.44471715166764886
POOL,WY,0.48235228891649873
PPG,PPL,0.48211195861235207
PPG,PSA,0.4584274235249723
PPG,REG,0.4115502315314917
PPG,RF,0.5142638164220298
PPG,SBAC,0.45118658527396394
PPG,SHW,0.6345800376284573
PPG,TECH,0.429635405518721
PPG,VRSK,0.4220015768664751
PPG,WBD,0.43928500256604774
PPG,WEC,0.40205631338649067
PPL,PRU,0.4053892323520469
PPL,PSA,0.6590951180842963
PPL,REG,0.5708983536951828
PPL,RF,0.5117111555518534
PPL,SBAC,0.5642336470339155
PPL,SHW,0.47140378291071544
PPL,SJM,0.4796829101325344
PPL,SNPS,-0.43153416111998827
PPL,SO,0.7822526403725895
PPL,SPG,0.42865451543391747
PPL,SPGI,0.4001184657369077
PPL,SRE,0.8551421809665386
PPL,STT,0.4267334403984916
PPL,TFC,0.45185796066902095
PPL,UDR,0.4836311460117526
PPL,USB,0.4594152140282204
PPL,VICI,0.7248900520974748
PPL,VRSK,0.40477969845844075
PPL,VTR,0.4333524391847052
PPL,WDC,-0.4217216870753662
PPL,WEC,0.7967711612280896
PPL,WELL,0.510557670126886
PPL,WFC,0.4621071784170217
PPL,WMB,0.4083180215973765
PPL,WTW,0.4540922175374102
PPL,WY,0.469588873445517
PPL,XEL,0.730531273468554
PRU,RJF,0.5860697801006831
PRU,STT,0.6122248755918595
PRU,STZ,0.44856955268416177
PRU,SYF,0.4091792835092691
PRU,T,0.4455535869161092
PRU,TFC,0.5252965952672695
PRU,TRV,0.44980405332393575
PRU,UDR,0.4022303619019241
PRU,USB,0.5599867178183128
PRU,WFC,0.4718990428526569
PRU,WRB,0.4902281294139351
PRU,WTW,0.5934843610879286
PSA,REG,0.6635150156183108
PSA,RF,0.47447341912361124
PSA,SBAC,0.5543530834808139
PSA,SHW,0.4321540757106891
PSA,SJM,0.422117263329212
PSA,SO,0.4681507841794528
PSA,SRE,0.5792337309148673
PSA,UDR,0.5805781413211317
PSA,USB,0.4108682306416582
PSA,VICI,0.6682490535293502
PSA,VTR,0.5284891566715643
PSA,WDC,-0.4313632008196917
PSA,WEC,0.5548340256569798
PSA,WELL,0.46203595965665056
PSA,WY,0.504313134006427
PSA,XEL,0.44617953154960405
PSKY,ULTA,-0.46747663618595764
PSKY,WBD,0.5322074168934016
PSX,TAP,0.5024538968359226
PSX,TRGP,0.5196517658123743
PSX,VLO,0.7627569247044907
PSX,WMB,0.462542105647284
PSX,XOM,0.6187709225814764
PTC,QCOM,-0.47594246476809543
PTC,ROP,0.4252927752529068
PWR,TDG,0.4644390762058299
PWR,TT,0.5690836089346878
PWR,WDC,0.4494529379656952
PYPL,TRMB,0.4228842531220951
PYPL,XYZ,0.5248166085019635
QCOM,TER,0.43172312838664473
QCOM,WTW,-0.4439773169412875
REG,RF,0.47450115133480225
REG,SBAC,0.5393990927945317
REG,SJM,0.43532077924223855
REG,SNPS,-0.4533001984059439
REG,SO,0.5259520306968765
REG,SPG,0.4508598385436741
REG,SRE,0.609026750895196
REG,STT,0.44528642831488296
REG,TRMB,0.4210951731557013
REG,UDR,0.5059019992762731
REG,UPS,0.4139139464280134
REG,VICI,0.6710099069050212
REG,VTR,0.649205571850909
REG,WDC,-0.43723773791921644
REG,WEC,0.5244667169191313
REG,WELL,0.630205506164835
REG,WTW,0.41874365061635466
REG,WY,0.628225412872716
REG,XEL,0.4493012376524453
RF,RJF,0.4618645200116966
RF,ROK,0.5205831512378011
RF,SBAC,0.5095986971641094
RF,SHW,0.4768180415248292
RF,SPG,0.49654520865545887
RF,SRE,0.4780895666096376
RF,STT,0.5232704292246007
RF,SYF,0.6018732552997705
RF,TFC,0.6980399374884939
RF,UDR,0.42505351311492684
RF,USB,0.6716546264921316
RF,VICI,0.6092078569764876
RF,VTR,0.43501628663960906
RF,WEC,0.4817322136023114
RF,WELL,0.41834814130806575
RF,WFC,0.6221804625208902
RF,WY,0.5730894338029346
RJF,STT,0.4791266144555472
RJF,SYF,0.5365816990194004
RJF,TFC,0.6069067209916084
RJF,TXT,0.573319928252123
RJF,USB,0.513137827299691
RJF,WFC,0.5466818306675336
RL,TGT,0.4136271440664403
ROK,SYF,0.4554242788291439
ROK,TFC,0.484841533854232
ROK,USB,0.42800674582787407
ROK,WFC,0.4256643376187497
ROP,SPGI,0.40643039286920085
ROST,STZ,0.408562111298643
ROST,TJX,0.4254411875669133
RSG,SBUX,0.5625042885708738
RSG,STZ,0.4277496985996668
RSG,SWKS,0.4022491134853231
RSG,SYY,0.48765288426341313
RSG,TECH,-0.4004171853376268
RSG,UDR,0.5011050167827851
RSG,WM,0.558020951162354
RSG,WMT,0.42389727892826884
RSG,YUM,0.5114408976392795
RVTY,SWK,0.44886282641861397
RVTY,VICI,0.4390334240019016
SBAC,SHW,0.4425419169543385
SBAC,SO,0.5942091295200896
SBAC,SPG,0.585526333107917
SBAC,SRE,0.5658862735260511
SBAC,TAP,0.5435946878297789
SBAC,VICI,0.6691899735424904
SBAC,VTR,0.5837229740186328
SBAC,WBD,0.5532562750275765
SBAC,WEC,0.5499853551009062
SBAC,WELL,0.4624394941529408
SBAC,WY,0.6782510565181447
SBAC,XEL,0.5837922765181381
SBUX,SWKS,0.6412139209208397
SBUX,TECH,-0.6506135064795331
SBUX,VRSK,-0.522680352849295
SBUX,YUM,0.6006966648257471
SCHW,USB,0.47655453086329147
SCHW,WFC,0.42980598834269484
SHW,SPG,0.450550087811816
SHW,SPGI,0.4091638013384356
SHW,SRE,0.40073797271115447
SHW,WEC,0.4329357356350305
SJM,SNPS,-0.40975577410452935
SJM,SRE,0.49343890346643066
SJM,USB,0.42318603426280016
SJM,VICI,0.45902047108102606
SJM,WEC,0.43361075014720035
SJM,WELL,0.40454386050105967
SJM,WY,0.43092246080147195
SLB,SYY,0.43749884832687896
SLB,TAP,0.4360174604718774
SLB,TGT,0.5507218111776124
SLB,TRGP,0.626004214565051
SLB,WMB,0.4635218118357776
SLB,XOM,0.556716006140222
SNA,UHS,0.4615150923876128
SNPS,SO,-0.5220628049633013
SNPS,SRE,-0.40044529884268637
SNPS,VTR,-0.45044960728780764
SNPS,WDC,0.4649413283373754
SNPS,WEC,-0.43672130942922166
SNPS,XEL,-0.4745365962
SO,SPG,0.5347564906893673
SO,SRE,0.8218331203693324
SO,TAP,0.4157317552530034
SO,UAL,0.40109140392756837
SO,UDR,0.44093520859692586
SO,VICI,0.5661170542337006
SO,VTR,0.4870674073233829
SO,WDC,-0.46981111949860077
SO,WEC,0.805955049632757
SO,WELL,0.5475511747714626
SO,WFC,0.4255918189369599
SO,WMB,0.5367325871794862
SO,WY,0.4375193999043017
SO,XEL,0.7844991088453491
SPG,SRE,0.4421664993871218
SPG,STT,0.4482697426331677
SPG,TFC,0.5166350270117234
SPG,TPR,0.40917616407388124
SPG,UDR,0.42285859725829733
SPG,USB,0.4458033893359784
SPG,VICI,0.5546317375733775
SPG,VTR,0.44009255438496864
SPG,WEC,0.4938598166562901
SPG,WELL,0.49527351145881027
SPG,WFC,0.42665112365951235
SPG,WY,0.4966662478585474
SPG,XEL,0.41052066941499904
SPGI,WEC,0.43467281364414556
SRE,TFC,0.4633192843726721
SRE,UDR,0.45223587168175994
SRE,VICI,0.6445603303594515
SRE,VTR,0.4708473441210957
SRE,WDC,-0.5303800883694596
SRE,WEC,0.830678617886992
SRE,WELL,0.5689498267116258
SRE,WFC,0.47289780803061293
SRE,WMB,0.5020951107799094
SRE,WY,0.4787981799821763
SRE,XEL,0.7146494593585729
SRE,XOM,0.4434418059348222
STE,WAT,0.450344495791291
STT,SYF,0.4423647282856587
STT,TFC,0.5970351239232999
STT,UDR,0.4241980379940649
STT,USB,0.5489199258561052
STT,VICI,0.4702223769237279
STT,WFC,0.5105759249402042
STT,WY,0.4275930558397446
STZ,TAP,0.5142204501130844
STZ,TGT,0.42505745572413195
SWK,USB,0.46408311351885695
SWK,VICI,0.4036095845878215
SWKS,TECH,-0.6215184388676848
SWKS,VRSK,-0.544553191343877
SYF,TFC,0.536843526315295
SYF,UDR,0.4412805771673599
SYF,USB,0.5241363575378515
SYF,WFC,0.5658866449976645
SYF,WMB,0.42560267696420184
SYK,ZBH,0.46204836277367073
SYY,TAP,0.44796887338738023
SYY,TGT,0.5571937226529241
SYY,TRGP,0.42047512023694955
SYY,WMB,0.44526936928853406
T,VZ,0.7505085056912694
T,WM,0.44531523540399703
TAP,TGT,0.4528117307527881
TAP,TT,-0.4597862139654567
TAP,WBD,0.4870148896672375
TAP,WDC,-0.41541391857893145
TAP,WM,0.436872431325052
TAP,WMB,0.42138719698570576
TAP,WY,0.4235757411004532
TAP,WYNN,0.42588056349272846
TAP,XEL,0.41491956465132834
TAP,XOM,0.4102666027418243
TDG,TT,0.5218440202001079
TDG,VMC,0.4626319115471715
TDG,XYL,0.46138547556458276
TDY,TEL,0.49449866086018773
TDY,TYL,0.4052087818210326
TDY,UNP,0.48069795737377063
TDY,WAB,-0.5626705425071218
TECH,VRSK,0.6451335471008517
TECH,WAT,0.4772561218401468
TER,TXN,0.4981441991956753
TER,TXT,-0.5529563293468709
TER,TYL,0.5271057496612381
TER,WST,-0.42843827605448515
TER,WTW,-0.5624031091338763
TER,ZBRA,0.5068599100793157
TFC,TROW,0.4759924293334585
TFC,UDR,0.4113366798246409
TFC,USB,0.7051300851319962
TFC,VICI,0.54370718707017
TFC,WEC,0.43223199220891384
TFC,WFC,0.6340023622158985
TFC,WY,0.4316416023656809
TGT,TRGP,0.4126892310545714
TGT,WMB,0.48996591278193813
TGT,XOM,0.43263287662447725
TMO,WAT,0.619644158040802
TRGP,TRV,0.40900732061844164
TRGP,URI,0.4101611358406226
TRGP,VLO,0.42245672244512156
TRGP,WMB,0.6795853670320697
TRGP,XOM,0.6215161489248573
TRMB,XYZ,0.4041466128211084
TROW,USB,0.44971609190795103
TRV,USB,0.419369713241647
TRV,WRB,0.5869825518230463
TSCO,WM,0.4033787342555718
TT,VMC,0.4670214016005052
TT,VRSN,-0.433859898654715
TT,WBD,-0.4287030393398136
TT,WDC,0.42279837111067503
TT,XYL,0.47736745523605834
TXN,WAB,0.538086297950634
TXT,TYL,-0.5369220866263135
TXT,WST,0.43564095105022466
TXT,WTW,0.4815875757633722
TYL,UNP,0.6653328191957457
TYL,URI,0.5212540061384752
TYL,ZBRA,0.49494610522916205
UDR,USB,0.4624816119862583
UDR,VICI,0.4716733725274354
UDR,VTR,0.4136934943089291
UDR,WEC,0.5156781682611011
UDR,WELL,0.43933531312676993
UDR,WFC,0.41228954471817036
UDR,XEL,0.4869674069818723
UNP,UPS,0.44422553005319754
UNP,URI,0.5530569161014371
UPS,VTRS,0.45366509673662264
UPS,WELL,0.40349902419202627
URI,VMC,0.4620323466372868
URI,VZ,0.41488601967765104
URI,XYL,0.41200005570699455
USB,VICI,0.5147948705810313
USB,WFC,0.5172301765211188
USB,WY,0.493033320097426
VICI,VTR,0.5046646038395084
VICI,WEC,0.6767027415082051
VICI,WELL,0.5084755381169921
VICI,WFC,0.4323427411248774
VICI,WY,0.5810079177214045
VICI,XEL,0.5918368657325883
VLO,XOM,0.5698066111742763
VMC,XYL,0.4344911006567219
VRSK,WTW,0.4283476292116976
VRSN,WDC,-0.4351310033723614
VRSN,XEL,0.4919970459672601
VTR,WBD,0.41149191451103784
VTR,WEC,0.4855989813301896
VTR,WELL,0.7097089882225817
VTR,WFC,0.4010296370369902
VTR,WY,0.6219217058755558
VTR,XEL,0.40865657168779923
VTRS,XEL,0.4041683910374643
WBD,WY,0.493496604042972
WBD,WYNN,0.4917984168307352
WDC,WEC,-0.5192662686353967
WDC,WY,-0.4028813072008546
WDC,XEL,-0.42707262528276213
WEC,WELL,0.5311192657715075
WEC,WFC,0.4425069643387263
WEC,WMB,0.48810448304835397
WEC,WY,0.44123059605593146
WEC,XEL,0.734193449358689
WELL,WFC,0.46558871295999466
WELL,WY,0.4346461769551197
WM,WMB,0.43641882531289844
WM,WMT,0.4213205793628798
WMB,WY,0.4079702287604517
WMB,XEL,0.5875998327745624
WMB,XOM,0.6389222944917722
WRB,WTW,0.42749369039208124
WST,WTW,0.4540141665955881
WY,XEL,0.4131890487850926
XEL,XOM,0.458524683849875
